####
#
# OBJ File Generated by Meshlab
#
####
# Object cam_low_mount_link.obj
#
# Vertices: 1310
# Faces: 2640
#
####
v 0.017662 0.012304 0.013482
v 0.017667 0.012000 0.013533
v 0.017734 0.012365 0.014113
v 0.017734 0.012000 0.014148
v 0.017662 0.012426 0.014744
v 0.017667 0.012000 0.014764
v 0.017470 0.012000 0.015350
v 0.017470 0.012000 0.012946
v 0.017452 0.012247 0.012882
v 0.017153 0.012000 0.012415
v 0.017112 0.012195 0.012344
v 0.016729 0.012000 0.011966
v 0.016661 0.012151 0.011895
v 0.016219 0.012000 0.011619
v 0.016120 0.012119 0.011557
v 0.015646 0.012000 0.011389
v 0.015518 0.012099 0.011347
v 0.015038 0.012000 0.011289
v 0.014884 0.012092 0.011276
v 0.014423 0.012000 0.011323
v 0.014250 0.012099 0.011347
v 0.013829 0.012000 0.011488
v 0.013647 0.012119 0.011557
v 0.013284 0.012000 0.011778
v 0.013107 0.012151 0.011895
v 0.012815 0.012000 0.012179
v 0.012656 0.012195 0.012344
v 0.012442 0.012000 0.012672
v 0.012316 0.012247 0.012882
v 0.012183 0.012000 0.013234
v 0.012105 0.012304 0.013482
v 0.012050 0.012000 0.013839
v 0.012034 0.012365 0.014113
v 0.012050 0.012000 0.014458
v 0.012105 0.012426 0.014744
v 0.012183 0.012000 0.015062
v 0.012316 0.012484 0.015344
v 0.012442 0.012000 0.015624
v 0.012656 0.012535 0.015882
v 0.012815 0.012000 0.016117
v 0.013107 0.012579 0.016331
v 0.013284 0.012000 0.016518
v 0.013647 0.012611 0.016669
v 0.013829 0.012000 0.016808
v 0.014250 0.012631 0.016879
v 0.014423 0.012000 0.016974
v 0.014884 0.012638 0.016950
v 0.015038 0.012000 0.017007
v 0.015518 0.012631 0.016879
v 0.015646 0.012000 0.016907
v 0.016120 0.012611 0.016669
v 0.016219 0.012000 0.016678
v 0.016661 0.012579 0.016331
v 0.016729 0.012000 0.016330
v 0.017112 0.012535 0.015882
v 0.017153 0.012000 0.015881
v 0.017452 0.012484 0.015344
v 0.016584 0.012365 0.014113
v 0.016526 0.012407 0.014551
v 0.016356 0.012446 0.014959
v 0.016086 0.012480 0.015310
v 0.015734 0.012506 0.015579
v 0.015324 0.012522 0.015748
v 0.014884 0.012528 0.015805
v 0.014444 0.012522 0.015748
v 0.014034 0.012506 0.015579
v 0.013682 0.012480 0.015310
v 0.013412 0.012446 0.014959
v 0.013242 0.012407 0.014551
v 0.013184 0.012365 0.014113
v 0.013242 0.012323 0.013675
v 0.013412 0.012284 0.013267
v 0.013682 0.012250 0.012917
v 0.014034 0.012224 0.012648
v 0.014444 0.012208 0.012479
v 0.014884 0.012202 0.012421
v 0.015324 0.012208 0.012479
v 0.015734 0.012224 0.012648
v 0.016086 0.012250 0.012917
v 0.016356 0.012284 0.013267
v 0.016526 0.012323 0.013675
v 0.037662 0.012304 0.013482
v 0.037667 0.012000 0.013533
v 0.037734 0.012365 0.014113
v 0.037734 0.012000 0.014148
v 0.037662 0.012426 0.014744
v 0.037667 0.012000 0.014764
v 0.037470 0.012000 0.015350
v 0.037470 0.012000 0.012946
v 0.037452 0.012247 0.012882
v 0.037153 0.012000 0.012415
v 0.037112 0.012195 0.012344
v 0.036729 0.012000 0.011966
v 0.036661 0.012151 0.011895
v 0.036219 0.012000 0.011619
v 0.036120 0.012119 0.011557
v 0.035646 0.012000 0.011389
v 0.035518 0.012099 0.011347
v 0.035038 0.012000 0.011289
v 0.034884 0.012092 0.011276
v 0.034423 0.012000 0.011323
v 0.034250 0.012099 0.011347
v 0.033829 0.012000 0.011488
v 0.033647 0.012119 0.011557
v 0.033284 0.012000 0.011778
v 0.033107 0.012151 0.011895
v 0.032815 0.012000 0.012179
v 0.032656 0.012195 0.012344
v 0.032442 0.012000 0.012672
v 0.032316 0.012247 0.012882
v 0.032183 0.012000 0.013234
v 0.032105 0.012304 0.013482
v 0.032050 0.012000 0.013839
v 0.032034 0.012365 0.014113
v 0.032050 0.012000 0.014458
v 0.032105 0.012426 0.014744
v 0.032183 0.012000 0.015062
v 0.032316 0.012484 0.015344
v 0.032442 0.012000 0.015624
v 0.032656 0.012535 0.015882
v 0.032815 0.012000 0.016117
v 0.033107 0.012579 0.016331
v 0.033284 0.012000 0.016518
v 0.033647 0.012611 0.016669
v 0.033829 0.012000 0.016808
v 0.034250 0.012631 0.016879
v 0.034423 0.012000 0.016974
v 0.034884 0.012638 0.016950
v 0.035038 0.012000 0.017007
v 0.035518 0.012631 0.016879
v 0.035646 0.012000 0.016907
v 0.036120 0.012611 0.016669
v 0.036219 0.012000 0.016678
v 0.036661 0.012579 0.016331
v 0.036729 0.012000 0.016330
v 0.037112 0.012535 0.015882
v 0.037153 0.012000 0.015881
v 0.037452 0.012484 0.015344
v 0.036584 0.012365 0.014113
v 0.036526 0.012407 0.014551
v 0.036356 0.012446 0.014959
v 0.036086 0.012480 0.015310
v 0.035734 0.012506 0.015579
v 0.035324 0.012522 0.015748
v 0.034884 0.012528 0.015805
v 0.034444 0.012522 0.015748
v 0.034034 0.012506 0.015579
v 0.033682 0.012480 0.015310
v 0.033412 0.012446 0.014959
v 0.033242 0.012407 0.014551
v 0.033184 0.012365 0.014113
v 0.033242 0.012323 0.013675
v 0.033412 0.012284 0.013267
v 0.033682 0.012250 0.012917
v 0.034034 0.012224 0.012648
v 0.034444 0.012208 0.012479
v 0.034884 0.012202 0.012421
v 0.035324 0.012208 0.012479
v 0.035734 0.012224 0.012648
v 0.036086 0.012250 0.012917
v 0.036356 0.012284 0.013267
v 0.036526 0.012323 0.013675
v 0.016526 0.015393 0.014263
v 0.016584 0.015351 0.013826
v 0.016526 0.015309 0.013388
v 0.016356 0.015270 0.012979
v 0.016086 0.015236 0.012629
v 0.015734 0.015210 0.012360
v 0.015324 0.015194 0.012191
v 0.014884 0.015188 0.012133
v 0.014444 0.015194 0.012191
v 0.014034 0.015210 0.012360
v 0.013682 0.015236 0.012629
v 0.013412 0.015270 0.012979
v 0.013242 0.015309 0.013388
v 0.013184 0.015351 0.013826
v 0.013242 0.015393 0.014263
v 0.013412 0.015433 0.014672
v 0.013682 0.015466 0.015022
v 0.014034 0.015492 0.015291
v 0.014444 0.015509 0.015460
v 0.014884 0.015514 0.015518
v 0.015324 0.015509 0.015460
v 0.015734 0.015492 0.015291
v 0.016086 0.015466 0.015022
v 0.016356 0.015433 0.014672
v 0.036526 0.015393 0.014263
v 0.036584 0.015351 0.013826
v 0.036526 0.015309 0.013388
v 0.036356 0.015270 0.012979
v 0.036086 0.015236 0.012629
v 0.035734 0.015210 0.012360
v 0.035324 0.015194 0.012191
v 0.034884 0.015188 0.012133
v 0.034444 0.015194 0.012191
v 0.034034 0.015210 0.012360
v 0.033682 0.015236 0.012629
v 0.033412 0.015270 0.012979
v 0.033242 0.015309 0.013388
v 0.033184 0.015351 0.013826
v 0.033242 0.015393 0.014263
v 0.033412 0.015433 0.014672
v 0.033682 0.015466 0.015022
v 0.034034 0.015492 0.015291
v 0.034444 0.015509 0.015460
v 0.034884 0.015514 0.015518
v 0.035324 0.015509 0.015460
v 0.035734 0.015492 0.015291
v 0.036086 0.015466 0.015022
v 0.036356 0.015433 0.014672
v 0.046384 0.036526 -0.001022
v 0.046384 0.017016 0.000856
v 0.048384 0.036526 -0.001022
v 0.048384 0.017016 0.000856
v 0.046384 0.019460 0.026239
v 0.046384 0.038970 0.024360
v 0.048384 0.019460 0.026239
v 0.048384 0.038970 0.024360
v 0.046378 0.018365 0.025776
v 0.046384 0.018527 0.025944
v 0.048384 0.018545 0.025959
v 0.046384 0.018733 0.026087
v 0.048384 0.018822 0.026132
v 0.046384 0.018964 0.026187
v 0.048384 0.019134 0.026227
v 0.046384 0.019209 0.026238
v 0.048384 0.018322 0.025721
v 0.046367 0.018233 0.025574
v 0.048384 0.018169 0.025432
v 0.046357 0.018141 0.025347
v 0.048384 0.018096 0.025114
v 0.046353 0.018096 0.025114
v 0.046384 0.016770 0.000905
v 0.048384 0.016698 0.000930
v 0.046384 0.016539 0.001002
v 0.048384 0.016410 0.001083
v 0.046384 0.016331 0.001144
v 0.048384 0.016171 0.001305
v 0.046384 0.016157 0.001323
v 0.046378 0.016029 0.001519
v 0.048384 0.015998 0.001582
v 0.046367 0.015938 0.001743
v 0.048384 0.015903 0.001894
v 0.046357 0.015891 0.001983
v 0.048384 0.015891 0.002220
v 0.046353 0.015891 0.002220
v 0.048384 0.036219 -0.004208
v 0.048384 0.012000 -0.001876
v 0.048384 0.012000 0.030172
v 0.048384 0.039276 0.027546
v 0.046384 0.039276 0.027546
v 0.046384 0.018871 0.029510
v 0.027465 0.016275 0.026548
v 0.027570 0.016326 0.027077
v 0.028754 0.016264 0.026440
v 0.028835 0.016300 0.026811
v 0.027730 0.016375 0.027586
v 0.027988 0.016420 0.028054
v 0.028951 0.016335 0.027172
v 0.028340 0.016459 0.028465
v 0.029130 0.016367 0.027509
v 0.028764 0.016492 0.028802
v 0.029372 0.016396 0.027804
v 0.029238 0.016517 0.029058
v 0.029672 0.016419 0.028042
v 0.029748 0.016533 0.029226
v 0.030015 0.016435 0.028210
v 0.030280 0.016541 0.029310
v 0.030386 0.016444 0.028301
v 0.030822 0.016542 0.029322
v 0.030768 0.016445 0.028318
v 0.031147 0.016440 0.028265
v 0.031362 0.016537 0.029268
v 0.031510 0.016429 0.028145
v 0.031885 0.016524 0.029136
v 0.031842 0.016411 0.027957
v 0.032375 0.016503 0.028916
v 0.032132 0.016386 0.027707
v 0.032819 0.016473 0.028608
v 0.032374 0.016358 0.027409
v 0.033208 0.016437 0.028231
v 0.032559 0.016326 0.027075
v 0.033532 0.016395 0.027799
v 0.032686 0.016291 0.026719
v 0.033786 0.016350 0.027325
v 0.032761 0.016255 0.026346
v 0.033964 0.016301 0.026820
v 0.034065 0.016250 0.026294
v 0.032792 0.016219 0.025965
v 0.034095 0.016199 0.025756
v 0.032781 0.016182 0.025582
v 0.034057 0.016147 0.025219
v 0.033941 0.016096 0.024695
v 0.032721 0.016146 0.025207
v 0.033737 0.016049 0.024200
v 0.032602 0.016111 0.024847
v 0.033446 0.016005 0.023746
v 0.033080 0.015967 0.023349
v 0.032419 0.016079 0.024512
v 0.032651 0.015935 0.023020
v 0.032176 0.016050 0.024216
v 0.032172 0.015911 0.022774
v 0.031880 0.016027 0.023973
v 0.031542 0.016010 0.023795
v 0.031656 0.015897 0.022621
v 0.031176 0.015999 0.023685
v 0.031119 0.015891 0.022558
v 0.030796 0.015995 0.023638
v 0.030578 0.015893 0.022582
v 0.030413 0.015995 0.023647
v 0.030053 0.015904 0.022699
v 0.030039 0.016002 0.023718
v 0.029563 0.015925 0.022912
v 0.029683 0.016015 0.023853
v 0.029095 0.015951 0.023181
v 0.029354 0.016034 0.024048
v 0.029074 0.016059 0.024303
v 0.028836 0.016087 0.024600
v 0.027683 0.016073 0.024450
v 0.028651 0.015581 0.019338
v 0.029634 0.015693 0.020505
v 0.033624 0.015581 0.019338
v 0.033624 0.015693 0.020505
v 0.029095 0.016249 0.023152
v 0.029563 0.016223 0.022883
v 0.030053 0.016203 0.022671
v 0.030578 0.016192 0.022554
v 0.031119 0.016189 0.022529
v 0.031656 0.016195 0.022592
v 0.032172 0.016210 0.022745
v 0.032651 0.016234 0.022991
v 0.033080 0.016265 0.023320
v 0.033446 0.016304 0.023718
v 0.033737 0.016347 0.024171
v 0.033941 0.016395 0.024667
v 0.034057 0.016446 0.025190
v 0.034095 0.016497 0.025728
v 0.034065 0.016549 0.026265
v 0.033964 0.016600 0.026791
v 0.033786 0.016648 0.027296
v 0.033532 0.016694 0.027770
v 0.033208 0.016735 0.028202
v 0.032819 0.016772 0.028580
v 0.032375 0.016801 0.028887
v 0.031885 0.016823 0.029107
v 0.031362 0.016835 0.029239
v 0.030822 0.016841 0.029294
v 0.030280 0.016839 0.029281
v 0.029748 0.016831 0.029197
v 0.029238 0.016815 0.029029
v 0.028764 0.016791 0.028774
v 0.028340 0.016758 0.028436
v 0.027988 0.016718 0.028025
v 0.027730 0.016673 0.027557
v 0.027570 0.016624 0.027049
v 0.027465 0.016574 0.026520
v 0.029634 0.015992 0.020477
v 0.033624 0.015992 0.020477
v 0.033624 0.015879 0.019309
v 0.028651 0.015879 0.019309
v 0.027683 0.016371 0.024422
v 0.028836 0.016386 0.024571
v 0.028754 0.016563 0.026411
v 0.028835 0.016599 0.026782
v 0.028951 0.016634 0.027144
v 0.029130 0.016666 0.027480
v 0.029372 0.016694 0.027776
v 0.029672 0.016717 0.028013
v 0.030015 0.016734 0.028181
v 0.030386 0.016742 0.028272
v 0.030768 0.016744 0.028289
v 0.031147 0.016739 0.028237
v 0.031510 0.016727 0.028116
v 0.031842 0.016709 0.027928
v 0.032132 0.016685 0.027679
v 0.032374 0.016656 0.027380
v 0.032559 0.016624 0.027046
v 0.032686 0.016590 0.026690
v 0.032761 0.016554 0.026317
v 0.032792 0.016517 0.025936
v 0.032781 0.016481 0.025554
v 0.032721 0.016444 0.025178
v 0.032602 0.016410 0.024818
v 0.032419 0.016377 0.024483
v 0.032176 0.016349 0.024188
v 0.031880 0.016326 0.023945
v 0.031542 0.016308 0.023766
v 0.031176 0.016298 0.023656
v 0.030796 0.016293 0.023610
v 0.030413 0.016294 0.023618
v 0.030039 0.016301 0.023689
v 0.029683 0.016314 0.023825
v 0.029354 0.016333 0.024019
v 0.029074 0.016357 0.024274
v 0.015814 0.016275 0.026548
v 0.015920 0.016326 0.027077
v 0.017103 0.016264 0.026440
v 0.017184 0.016300 0.026811
v 0.016079 0.016375 0.027586
v 0.016337 0.016420 0.028054
v 0.017300 0.016335 0.027172
v 0.016690 0.016459 0.028465
v 0.017479 0.016367 0.027509
v 0.017113 0.016492 0.028802
v 0.017722 0.016396 0.027804
v 0.017588 0.016517 0.029058
v 0.018021 0.016419 0.028042
v 0.018098 0.016533 0.029226
v 0.018364 0.016435 0.028210
v 0.018629 0.016541 0.029310
v 0.018735 0.016444 0.028301
v 0.019171 0.016542 0.029322
v 0.019117 0.016445 0.028318
v 0.019497 0.016440 0.028265
v 0.019712 0.016537 0.029268
v 0.019859 0.016429 0.028145
v 0.020234 0.016524 0.029136
v 0.020191 0.016411 0.027957
v 0.020724 0.016503 0.028916
v 0.020481 0.016386 0.027707
v 0.021168 0.016473 0.028608
v 0.020723 0.016358 0.027409
v 0.021557 0.016437 0.028231
v 0.020909 0.016326 0.027075
v 0.021882 0.016395 0.027799
v 0.021036 0.016291 0.026719
v 0.022136 0.016350 0.027325
v 0.021111 0.016255 0.026346
v 0.022313 0.016301 0.026820
v 0.022414 0.016250 0.026294
v 0.021141 0.016219 0.025965
v 0.022444 0.016199 0.025756
v 0.021130 0.016182 0.025582
v 0.022406 0.016147 0.025219
v 0.022291 0.016096 0.024695
v 0.021070 0.016146 0.025207
v 0.022086 0.016049 0.024200
v 0.020952 0.016111 0.024847
v 0.021795 0.016005 0.023746
v 0.021429 0.015967 0.023349
v 0.020768 0.016079 0.024512
v 0.021001 0.015935 0.023020
v 0.020525 0.016050 0.024216
v 0.020522 0.015911 0.022774
v 0.020229 0.016027 0.023973
v 0.019891 0.016010 0.023795
v 0.020006 0.015897 0.022621
v 0.019525 0.015999 0.023685
v 0.019468 0.015891 0.022558
v 0.019145 0.015995 0.023638
v 0.018927 0.015893 0.022582
v 0.018762 0.015995 0.023647
v 0.018403 0.015904 0.022699
v 0.018389 0.016002 0.023718
v 0.017912 0.015925 0.022912
v 0.018033 0.016015 0.023853
v 0.017444 0.015951 0.023181
v 0.017703 0.016034 0.024048
v 0.017423 0.016059 0.024303
v 0.017185 0.016087 0.024600
v 0.016032 0.016073 0.024450
v 0.017001 0.015581 0.019338
v 0.017983 0.015693 0.020505
v 0.021973 0.015581 0.019338
v 0.021973 0.015693 0.020505
v 0.017444 0.016249 0.023152
v 0.017912 0.016223 0.022883
v 0.018403 0.016203 0.022671
v 0.018927 0.016192 0.022554
v 0.019468 0.016189 0.022529
v 0.020006 0.016195 0.022592
v 0.020522 0.016210 0.022745
v 0.021001 0.016234 0.022991
v 0.021429 0.016265 0.023320
v 0.021795 0.016304 0.023718
v 0.022086 0.016347 0.024171
v 0.022291 0.016395 0.024667
v 0.022406 0.016446 0.025190
v 0.022444 0.016497 0.025728
v 0.022414 0.016549 0.026265
v 0.022313 0.016600 0.026791
v 0.022136 0.016648 0.027296
v 0.021882 0.016694 0.027770
v 0.021557 0.016735 0.028202
v 0.021168 0.016772 0.028580
v 0.020724 0.016801 0.028887
v 0.020234 0.016823 0.029107
v 0.019712 0.016835 0.029239
v 0.019171 0.016841 0.029294
v 0.018629 0.016839 0.029281
v 0.018098 0.016831 0.029197
v 0.017588 0.016815 0.029029
v 0.017113 0.016791 0.028774
v 0.016690 0.016758 0.028436
v 0.016337 0.016718 0.028025
v 0.016079 0.016673 0.027557
v 0.015920 0.016624 0.027049
v 0.015814 0.016574 0.026520
v 0.017983 0.015992 0.020477
v 0.021973 0.015992 0.020477
v 0.021973 0.015879 0.019309
v 0.017001 0.015879 0.019309
v 0.016032 0.016371 0.024422
v 0.017185 0.016386 0.024571
v 0.017103 0.016563 0.026411
v 0.017184 0.016599 0.026782
v 0.017300 0.016634 0.027144
v 0.017479 0.016666 0.027480
v 0.017722 0.016694 0.027776
v 0.018021 0.016717 0.028013
v 0.018364 0.016734 0.028181
v 0.018735 0.016742 0.028272
v 0.019117 0.016744 0.028289
v 0.019497 0.016739 0.028237
v 0.019859 0.016727 0.028116
v 0.020191 0.016709 0.027928
v 0.020481 0.016685 0.027679
v 0.020723 0.016656 0.027380
v 0.020909 0.016624 0.027046
v 0.021036 0.016590 0.026690
v 0.021111 0.016554 0.026317
v 0.021141 0.016517 0.025936
v 0.021130 0.016481 0.025554
v 0.021070 0.016444 0.025178
v 0.020952 0.016410 0.024818
v 0.020768 0.016377 0.024483
v 0.020525 0.016349 0.024188
v 0.020229 0.016326 0.023945
v 0.019891 0.016308 0.023766
v 0.019525 0.016298 0.023656
v 0.019145 0.016293 0.023610
v 0.018762 0.016294 0.023618
v 0.018389 0.016301 0.023689
v 0.018033 0.016314 0.023825
v 0.017703 0.016333 0.024019
v 0.017423 0.016357 0.024274
v 0.024272 0.016526 0.029156
v 0.025671 0.016526 0.029156
v 0.024272 0.016392 0.027764
v 0.025671 0.016392 0.027764
v 0.025671 0.016825 0.029127
v 0.024272 0.016825 0.029127
v 0.025671 0.016691 0.027735
v 0.024272 0.016691 0.027735
v 0.064884 0.036667 0.041061
v 0.040834 0.036667 0.041061
v 0.064884 0.035000 0.044061
v 0.008934 0.036667 0.041061
v -0.015116 0.035000 0.044061
v -0.015116 0.036667 0.041061
v 0.040834 0.040000 0.035061
v 0.008934 0.040000 0.035061
v 0.064884 0.015000 0.044061
v 0.064884 0.012000 0.041061
v 0.064884 0.012000 0.064061
v 0.064884 0.015000 0.064061
v -0.004504 0.027681 0.044061
v 0.054272 0.027681 0.044061
v 0.054884 0.027750 0.044061
v -0.015116 0.015000 0.044061
v -0.007866 0.025000 0.044061
v -0.007797 0.025612 0.044061
v -0.007594 0.026193 0.044061
v -0.004504 0.022319 0.044061
v -0.005116 0.022250 0.044061
v -0.005728 0.022319 0.044061
v 0.057634 0.025000 0.044061
v 0.057565 0.024388 0.044061
v 0.057361 0.023807 0.044061
v 0.052203 0.024388 0.044061
v 0.052134 0.025000 0.044061
v -0.002366 0.025000 0.044061
v 0.052203 0.025612 0.044061
v -0.002435 0.025612 0.044061
v 0.052406 0.026193 0.044061
v -0.002639 0.026193 0.044061
v 0.052734 0.026715 0.044061
v -0.002966 0.026715 0.044061
v 0.053169 0.027150 0.044061
v -0.003402 0.027150 0.044061
v -0.003923 0.027478 0.044061
v 0.053691 0.027478 0.044061
v 0.055496 0.027681 0.044061
v 0.056077 0.027478 0.044061
v 0.056598 0.027150 0.044061
v 0.057034 0.026715 0.044061
v 0.057361 0.026193 0.044061
v 0.057565 0.025612 0.044061
v 0.057034 0.023285 0.044061
v 0.056598 0.022850 0.044061
v 0.056077 0.022522 0.044061
v 0.055496 0.022319 0.044061
v 0.054884 0.022250 0.044061
v 0.054272 0.022319 0.044061
v 0.053691 0.022522 0.044061
v -0.003923 0.022522 0.044061
v 0.053169 0.022850 0.044061
v -0.003402 0.022850 0.044061
v -0.002966 0.023285 0.044061
v 0.052734 0.023285 0.044061
v -0.002639 0.023807 0.044061
v 0.052406 0.023807 0.044061
v -0.002435 0.024388 0.044061
v -0.007266 0.026715 0.044061
v -0.006831 0.027150 0.044061
v -0.006309 0.027478 0.044061
v -0.005728 0.027681 0.044061
v -0.005116 0.027750 0.044061
v -0.006309 0.022522 0.044061
v -0.006831 0.022850 0.044061
v -0.007266 0.023285 0.044061
v -0.007594 0.023807 0.044061
v -0.007797 0.024388 0.044061
v -0.015116 0.012000 0.041061
v -0.015116 0.012000 0.064061
v -0.015116 0.015000 0.064061
v -0.004504 0.027681 0.041061
v -0.005116 0.027750 0.041061
v -0.005728 0.027681 0.041061
v 0.008934 0.012000 0.041061
v -0.002366 0.025000 0.041061
v -0.002435 0.025612 0.041061
v -0.002639 0.026193 0.041061
v -0.004504 0.022319 0.041061
v -0.003923 0.022522 0.041061
v -0.003402 0.022850 0.041061
v -0.007866 0.025000 0.041061
v -0.007797 0.024388 0.041061
v -0.007594 0.023807 0.041061
v -0.007266 0.023285 0.041061
v -0.006831 0.022850 0.041061
v -0.006309 0.022522 0.041061
v -0.005728 0.022319 0.041061
v -0.005116 0.022250 0.041061
v -0.002966 0.023285 0.041061
v -0.002639 0.023807 0.041061
v -0.002435 0.024388 0.041061
v -0.002966 0.026715 0.041061
v -0.003402 0.027150 0.041061
v -0.003923 0.027478 0.041061
v -0.006309 0.027478 0.041061
v -0.006831 0.027150 0.041061
v -0.007266 0.026715 0.041061
v -0.007594 0.026193 0.041061
v -0.007797 0.025612 0.041061
v 0.052203 0.025612 0.041061
v 0.052134 0.025000 0.041061
v 0.052203 0.024388 0.041061
v 0.052406 0.023807 0.041061
v 0.052734 0.023285 0.041061
v 0.053169 0.022850 0.041061
v 0.053691 0.022522 0.041061
v 0.054272 0.022319 0.041061
v 0.054884 0.022250 0.041061
v 0.055496 0.022319 0.041061
v 0.056077 0.022522 0.041061
v 0.056598 0.022850 0.041061
v 0.057034 0.023285 0.041061
v 0.057361 0.023807 0.041061
v 0.057565 0.024388 0.041061
v 0.057634 0.025000 0.041061
v 0.057565 0.025612 0.041061
v 0.057361 0.026193 0.041061
v 0.057034 0.026715 0.041061
v 0.056598 0.027150 0.041061
v 0.056077 0.027478 0.041061
v 0.055496 0.027681 0.041061
v 0.054884 0.027750 0.041061
v 0.054272 0.027681 0.041061
v 0.053691 0.027478 0.041061
v 0.053169 0.027150 0.041061
v 0.052734 0.026715 0.041061
v 0.052406 0.026193 0.041061
v -0.002435 0.012000 0.054673
v -0.002435 0.015000 0.054673
v -0.002366 0.012000 0.054061
v -0.002366 0.015000 0.054061
v -0.002435 0.012000 0.053449
v -0.002435 0.015000 0.053449
v -0.002639 0.012000 0.052868
v -0.002639 0.015000 0.052868
v -0.002966 0.012000 0.052346
v -0.002966 0.015000 0.052346
v -0.003402 0.012000 0.051911
v -0.003402 0.015000 0.051911
v -0.003923 0.012000 0.051583
v -0.003923 0.015000 0.051583
v -0.004504 0.012000 0.051380
v -0.004504 0.015000 0.051380
v -0.005116 0.012000 0.051311
v -0.005116 0.015000 0.051311
v -0.005728 0.012000 0.051380
v -0.005728 0.015000 0.051380
v -0.006309 0.012000 0.051583
v -0.006309 0.015000 0.051583
v -0.006831 0.012000 0.051911
v -0.006831 0.015000 0.051911
v -0.007266 0.012000 0.052346
v -0.007266 0.015000 0.052346
v -0.007594 0.012000 0.052868
v -0.007594 0.015000 0.052868
v -0.007797 0.012000 0.053449
v -0.007797 0.015000 0.053449
v -0.007866 0.012000 0.054061
v -0.007866 0.015000 0.054061
v -0.007797 0.012000 0.054673
v -0.007797 0.015000 0.054673
v -0.007594 0.012000 0.055254
v -0.007594 0.015000 0.055254
v -0.007266 0.012000 0.055775
v -0.007266 0.015000 0.055775
v -0.006831 0.012000 0.056211
v -0.006831 0.015000 0.056211
v -0.006309 0.012000 0.056538
v -0.006309 0.015000 0.056538
v -0.005728 0.012000 0.056742
v -0.005728 0.015000 0.056742
v -0.005116 0.012000 0.056811
v -0.005116 0.015000 0.056811
v -0.004504 0.012000 0.056742
v -0.004504 0.015000 0.056742
v -0.003923 0.012000 0.056538
v -0.003923 0.015000 0.056538
v -0.003402 0.012000 0.056211
v -0.003402 0.015000 0.056211
v -0.002966 0.012000 0.055775
v -0.002966 0.015000 0.055775
v -0.002639 0.012000 0.055254
v -0.002639 0.015000 0.055254
v 0.057565 0.012000 0.054673
v 0.057565 0.015000 0.054673
v 0.057634 0.012000 0.054061
v 0.057634 0.015000 0.054061
v 0.057565 0.012000 0.053449
v 0.057565 0.015000 0.053449
v 0.057361 0.012000 0.052868
v 0.057361 0.015000 0.052868
v 0.057034 0.012000 0.052346
v 0.057034 0.015000 0.052346
v 0.056598 0.012000 0.051911
v 0.056598 0.015000 0.051911
v 0.056077 0.012000 0.051583
v 0.056077 0.015000 0.051583
v 0.055496 0.012000 0.051380
v 0.055496 0.015000 0.051380
v 0.054884 0.012000 0.051311
v 0.054884 0.015000 0.051311
v 0.054272 0.012000 0.051380
v 0.054272 0.015000 0.051380
v 0.053691 0.012000 0.051583
v 0.053691 0.015000 0.051583
v 0.053169 0.012000 0.051911
v 0.053169 0.015000 0.051911
v 0.052734 0.012000 0.052346
v 0.052734 0.015000 0.052346
v 0.052406 0.012000 0.052868
v 0.052406 0.015000 0.052868
v 0.052203 0.012000 0.053449
v 0.052203 0.015000 0.053449
v 0.052134 0.012000 0.054061
v 0.052134 0.015000 0.054061
v 0.052203 0.012000 0.054673
v 0.052203 0.015000 0.054673
v 0.052406 0.012000 0.055254
v 0.052406 0.015000 0.055254
v 0.052734 0.012000 0.055775
v 0.052734 0.015000 0.055775
v 0.053169 0.012000 0.056211
v 0.053169 0.015000 0.056211
v 0.053691 0.012000 0.056538
v 0.053691 0.015000 0.056538
v 0.054272 0.012000 0.056742
v 0.054272 0.015000 0.056742
v 0.054884 0.012000 0.056811
v 0.054884 0.015000 0.056811
v 0.055496 0.012000 0.056742
v 0.055496 0.015000 0.056742
v 0.056077 0.012000 0.056538
v 0.056077 0.015000 0.056538
v 0.056598 0.012000 0.056211
v 0.056598 0.015000 0.056211
v 0.057034 0.012000 0.055775
v 0.057034 0.015000 0.055775
v 0.057361 0.012000 0.055254
v 0.057361 0.015000 0.055254
v 0.008934 0.012000 0.037757
v 0.040834 0.012000 0.041061
v 0.007948 0.012000 0.037692
v 0.006980 0.012000 0.037498
v 0.006044 0.012000 0.037180
v 0.005159 0.012000 0.036741
v 0.004338 0.012000 0.036190
v 0.003595 0.012000 0.035535
v 0.002944 0.012000 0.034789
v 0.002395 0.012000 0.033964
v 0.001958 0.012000 0.033075
v 0.001641 0.012000 0.032135
v 0.001448 0.012000 0.031162
v 0.001384 0.012000 0.030172
v 0.001384 0.012000 -0.001876
v 0.008934 0.012000 -0.009460
v 0.001448 0.012000 -0.002866
v 0.001641 0.012000 -0.003839
v 0.001958 0.012000 -0.004778
v 0.002395 0.012000 -0.005668
v 0.002944 0.012000 -0.006493
v 0.003595 0.012000 -0.007239
v 0.004338 0.012000 -0.007893
v 0.005159 0.012000 -0.008444
v 0.006044 0.012000 -0.008883
v 0.006980 0.012000 -0.009202
v 0.007948 0.012000 -0.009396
v 0.040834 0.012000 -0.009460
v 0.040834 0.012000 0.037757
v 0.041819 0.012000 -0.009396
v 0.042788 0.012000 -0.009202
v 0.043723 0.012000 -0.008883
v 0.044609 0.012000 -0.008444
v 0.045430 0.012000 -0.007893
v 0.046172 0.012000 -0.007239
v 0.046824 0.012000 -0.006493
v 0.047372 0.012000 -0.005668
v 0.047809 0.012000 -0.004778
v 0.048126 0.012000 -0.003839
v 0.048319 0.012000 -0.002866
v 0.048319 0.012000 0.031162
v 0.048126 0.012000 0.032135
v 0.047809 0.012000 0.033075
v 0.047372 0.012000 0.033964
v 0.046824 0.012000 0.034789
v 0.046172 0.012000 0.035535
v 0.045430 0.012000 0.036190
v 0.044609 0.012000 0.036741
v 0.043723 0.012000 0.037180
v 0.042788 0.012000 0.037498
v 0.041819 0.012000 0.037692
v 0.001384 0.039276 0.027546
v 0.001448 0.025371 0.029875
v 0.001641 0.025464 0.030839
v 0.001958 0.025553 0.031770
v 0.002395 0.025638 0.032651
v 0.002944 0.025717 0.033469
v 0.003595 0.025788 0.034208
v 0.004338 0.025850 0.034856
v 0.005159 0.025903 0.035402
v 0.006044 0.025945 0.035837
v 0.006980 0.025975 0.036153
v 0.007948 0.025994 0.036345
v 0.007948 0.039994 0.034997
v 0.006980 0.039975 0.034805
v 0.006044 0.039945 0.034489
v 0.005159 0.039903 0.034054
v 0.004338 0.039850 0.033508
v 0.003595 0.039788 0.032860
v 0.002944 0.039717 0.032121
v 0.002395 0.039638 0.031303
v 0.001958 0.039553 0.030422
v 0.001641 0.039464 0.029491
v 0.001448 0.039371 0.028527
v 0.008934 0.035495 -0.011723
v 0.040834 0.035495 -0.011723
v 0.041819 0.025994 0.036345
v 0.042788 0.025975 0.036153
v 0.043723 0.025945 0.035837
v 0.044609 0.025903 0.035402
v 0.045430 0.025850 0.034856
v 0.046172 0.025788 0.034208
v 0.046824 0.025717 0.033469
v 0.047372 0.025638 0.032651
v 0.047809 0.025553 0.031770
v 0.048126 0.025464 0.030839
v 0.048319 0.025371 0.029875
v 0.048319 0.039371 0.028527
v 0.048126 0.039464 0.029491
v 0.047809 0.039553 0.030422
v 0.047372 0.039638 0.031303
v 0.046824 0.039717 0.032121
v 0.046172 0.039788 0.032860
v 0.045430 0.039850 0.033508
v 0.044609 0.039903 0.034054
v 0.043723 0.039945 0.034489
v 0.042788 0.039975 0.034805
v 0.041819 0.039994 0.034997
v 0.048319 0.024015 -0.004022
v 0.048126 0.023922 -0.004987
v 0.047809 0.023833 -0.005918
v 0.047372 0.023748 -0.006799
v 0.046824 0.023669 -0.007617
v 0.046172 0.023598 -0.008356
v 0.045430 0.023535 -0.009004
v 0.044609 0.023483 -0.009550
v 0.043723 0.023441 -0.009985
v 0.042788 0.023410 -0.010301
v 0.041819 0.023392 -0.010493
v 0.041819 0.035501 -0.011659
v 0.042788 0.035520 -0.011467
v 0.043723 0.035550 -0.011151
v 0.044609 0.035592 -0.010716
v 0.045430 0.035645 -0.010170
v 0.046172 0.035707 -0.009522
v 0.046824 0.035778 -0.008783
v 0.047372 0.035857 -0.007965
v 0.047809 0.035942 -0.007084
v 0.048126 0.036032 -0.006153
v 0.048319 0.036124 -0.005189
v 0.007948 0.023392 -0.010493
v 0.006980 0.023410 -0.010301
v 0.006044 0.023441 -0.009985
v 0.005159 0.023483 -0.009550
v 0.004338 0.023535 -0.009004
v 0.003595 0.023598 -0.008356
v 0.002944 0.023669 -0.007617
v 0.002395 0.023748 -0.006799
v 0.001958 0.023833 -0.005918
v 0.001641 0.023922 -0.004987
v 0.001448 0.024015 -0.004022
v 0.001384 0.036219 -0.004208
v 0.001448 0.036124 -0.005189
v 0.001641 0.036032 -0.006153
v 0.001958 0.035942 -0.007084
v 0.002395 0.035857 -0.007965
v 0.002944 0.035778 -0.008783
v 0.003595 0.035707 -0.009522
v 0.004338 0.035645 -0.010170
v 0.005159 0.035592 -0.010716
v 0.006044 0.035550 -0.011151
v 0.006980 0.035520 -0.011467
v 0.007948 0.035501 -0.011659
v 0.046384 0.036219 -0.004208
v 0.046315 0.036136 -0.005072
v 0.046112 0.036055 -0.005915
v 0.045779 0.035977 -0.006716
v 0.045324 0.035906 -0.007455
v 0.044758 0.035843 -0.008114
v 0.044096 0.035789 -0.008677
v 0.043353 0.035745 -0.009130
v 0.042549 0.035713 -0.009462
v 0.041702 0.035693 -0.009664
v 0.040834 0.035687 -0.009732
v 0.008934 0.035687 -0.009732
v 0.008066 0.035693 -0.009664
v 0.007219 0.035713 -0.009462
v 0.006414 0.035745 -0.009130
v 0.005672 0.035789 -0.008677
v 0.005009 0.035843 -0.008114
v 0.004444 0.035906 -0.007455
v 0.003989 0.035977 -0.006716
v 0.003655 0.036055 -0.005915
v 0.003452 0.036136 -0.005072
v 0.003384 0.036219 -0.004208
v 0.003384 0.039276 0.027546
v 0.003452 0.039360 0.028410
v 0.003655 0.039441 0.029253
v 0.003989 0.039518 0.030054
v 0.004444 0.039589 0.030793
v 0.005009 0.039653 0.031452
v 0.005672 0.039707 0.032015
v 0.006414 0.039750 0.032468
v 0.007219 0.039782 0.032800
v 0.008066 0.039802 0.033002
v 0.008934 0.039808 0.033070
v 0.040834 0.039808 0.033070
v 0.041702 0.039802 0.033002
v 0.042549 0.039782 0.032800
v 0.043353 0.039750 0.032468
v 0.044096 0.039707 0.032015
v 0.044758 0.039653 0.031452
v 0.045324 0.039589 0.030793
v 0.045779 0.039518 0.030054
v 0.046112 0.039441 0.029253
v 0.046315 0.039360 0.028410
v 0.008934 0.014773 -0.007650
v 0.019567 0.014773 -0.007650
v 0.008934 0.015281 -0.007767
v 0.030200 0.014773 -0.007650
v 0.040834 0.015281 -0.007767
v 0.040834 0.014773 -0.007650
v 0.040834 0.014312 -0.007405
v 0.030200 0.014312 -0.007405
v 0.040834 0.013930 -0.007049
v 0.030200 0.013930 -0.007049
v 0.040834 0.013653 -0.006606
v 0.030200 0.013653 -0.006606
v 0.040834 0.013500 -0.006106
v 0.030200 0.013500 -0.006106
v 0.040834 0.013482 -0.005585
v 0.019567 0.013500 -0.006106
v 0.008934 0.013482 -0.005585
v 0.008934 0.013500 -0.006106
v 0.008934 0.013653 -0.006606
v 0.019567 0.013653 -0.006606
v 0.008934 0.013930 -0.007049
v 0.019567 0.013930 -0.007049
v 0.008934 0.014312 -0.007405
v 0.019567 0.014312 -0.007405
v 0.044316 0.013756 -0.002740
v 0.044384 0.013822 -0.002051
v 0.044851 0.013829 -0.002691
v 0.044901 0.013890 -0.002058
v 0.045384 0.014089 -0.002077
v 0.045328 0.014021 -0.002785
v 0.045798 0.014406 -0.002107
v 0.045737 0.014331 -0.002880
v 0.046116 0.014818 -0.002147
v 0.046051 0.014739 -0.002969
v 0.046316 0.015298 -0.002193
v 0.046248 0.015216 -0.003047
v 0.046384 0.015813 -0.002243
v 0.046315 0.015730 -0.003107
v 0.046047 0.015136 -0.003879
v 0.046112 0.015649 -0.003950
v 0.045718 0.015059 -0.004670
v 0.045779 0.015572 -0.004751
v 0.045269 0.014989 -0.005400
v 0.045324 0.015501 -0.005490
v 0.044710 0.014926 -0.006052
v 0.044758 0.015437 -0.006149
v 0.044056 0.014873 -0.006608
v 0.044096 0.015383 -0.006712
v 0.043322 0.014830 -0.007055
v 0.043353 0.015339 -0.007165
v 0.042528 0.014798 -0.007383
v 0.042549 0.015307 -0.007497
v 0.041691 0.014779 -0.007583
v 0.041702 0.015288 -0.007699
v 0.041660 0.014318 -0.007340
v 0.042466 0.014336 -0.007147
v 0.043232 0.014367 -0.006832
v 0.043938 0.014408 -0.006400
v 0.044569 0.014460 -0.005865
v 0.045107 0.014520 -0.005237
v 0.045540 0.014588 -0.004534
v 0.045857 0.014661 -0.003772
v 0.041610 0.013936 -0.006988
v 0.042368 0.013953 -0.006807
v 0.043087 0.013982 -0.006510
v 0.043752 0.014021 -0.006105
v 0.044344 0.014069 -0.005601
v 0.044850 0.014126 -0.005012
v 0.045257 0.014190 -0.004351
v 0.045555 0.014259 -0.003634
v 0.041546 0.013658 -0.006550
v 0.042240 0.013674 -0.006384
v 0.042899 0.013701 -0.006112
v 0.043508 0.013736 -0.005741
v 0.044051 0.013781 -0.005279
v 0.044515 0.013833 -0.004739
v 0.044888 0.013891 -0.004133
v 0.045161 0.013954 -0.003476
v 0.041470 0.013505 -0.006057
v 0.042091 0.013520 -0.005908
v 0.042680 0.013543 -0.005665
v 0.043225 0.013575 -0.005333
v 0.043710 0.013615 -0.004921
v 0.044125 0.013661 -0.004437
v 0.044458 0.013713 -0.003896
v 0.044702 0.013770 -0.003309
v 0.041526 0.013489 -0.005517
v 0.042192 0.013508 -0.005316
v 0.042806 0.013540 -0.004989
v 0.043344 0.013582 -0.004550
v 0.043785 0.013633 -0.004014
v 0.044114 0.013692 -0.003403
v 0.046316 0.016317 0.008391
v 0.046316 0.017336 0.018976
v 0.046116 0.016856 0.019022
v 0.046116 0.017875 0.029606
v 0.045798 0.017463 0.029646
v 0.045798 0.016444 0.019062
v 0.045384 0.017147 0.029676
v 0.045384 0.016128 0.019092
v 0.044901 0.016948 0.029696
v 0.044901 0.015929 0.019111
v 0.044384 0.016880 0.029702
v 0.044901 0.014909 0.008527
v 0.045384 0.015108 0.008508
v 0.045798 0.015425 0.008477
v 0.046116 0.015837 0.008437
v 0.046316 0.018355 0.029560
v 0.041526 0.017214 0.033168
v 0.040834 0.017220 0.033236
v 0.041470 0.017333 0.033695
v 0.040834 0.017338 0.033744
v 0.040834 0.017583 0.034205
v 0.041546 0.017577 0.034150
v 0.040834 0.017939 0.034587
v 0.041610 0.017933 0.034526
v 0.040834 0.018382 0.034864
v 0.041660 0.018375 0.034799
v 0.040834 0.018881 0.035017
v 0.041691 0.018874 0.034949
v 0.040834 0.019403 0.035035
v 0.041702 0.019396 0.034967
v 0.042528 0.018855 0.034750
v 0.042549 0.019377 0.034764
v 0.043322 0.018824 0.034422
v 0.043353 0.019345 0.034433
v 0.044056 0.018781 0.033975
v 0.044096 0.019301 0.033980
v 0.044710 0.018727 0.033418
v 0.044758 0.019247 0.033417
v 0.045269 0.018664 0.032767
v 0.045324 0.019183 0.032758
v 0.045718 0.018594 0.032037
v 0.045779 0.019112 0.032018
v 0.046047 0.018518 0.031246
v 0.046112 0.019035 0.031218
v 0.046248 0.018438 0.030414
v 0.046315 0.018954 0.030375
v 0.046051 0.017955 0.030429
v 0.045857 0.018032 0.031231
v 0.045540 0.018105 0.031993
v 0.045107 0.018173 0.032697
v 0.044569 0.018233 0.033324
v 0.043938 0.018285 0.033860
v 0.043232 0.018326 0.034291
v 0.042466 0.018357 0.034607
v 0.045737 0.017537 0.030419
v 0.045555 0.017610 0.031173
v 0.045257 0.017679 0.031889
v 0.044850 0.017743 0.032550
v 0.044344 0.017799 0.033140
v 0.043752 0.017848 0.033644
v 0.043087 0.017887 0.034049
v 0.042368 0.017916 0.034345
v 0.045328 0.017215 0.030385
v 0.045161 0.017281 0.031076
v 0.044888 0.017345 0.031733
v 0.044515 0.017403 0.032339
v 0.044051 0.017455 0.032879
v 0.043508 0.017499 0.033340
v 0.042899 0.017535 0.033712
v 0.042240 0.017561 0.033984
v 0.044851 0.017009 0.030329
v 0.044702 0.017068 0.030947
v 0.044458 0.017125 0.031534
v 0.044125 0.017177 0.032075
v 0.043710 0.017223 0.032559
v 0.043225 0.017263 0.032971
v 0.042680 0.017295 0.033303
v 0.042091 0.017319 0.033546
v 0.044316 0.016946 0.030391
v 0.044114 0.017010 0.031054
v 0.043785 0.017069 0.031665
v 0.043344 0.017121 0.032201
v 0.042806 0.017163 0.032640
v 0.042192 0.017194 0.032967
v 0.008934 0.017338 0.033744
v 0.019567 0.017338 0.033744
v 0.008934 0.017220 0.033236
v 0.030200 0.017338 0.033744
v 0.030200 0.017583 0.034205
v 0.030200 0.017939 0.034587
v 0.030200 0.018382 0.034864
v 0.030200 0.018881 0.035017
v 0.019567 0.018881 0.035017
v 0.008934 0.019403 0.035035
v 0.008934 0.018881 0.035017
v 0.008934 0.018382 0.034864
v 0.019567 0.018382 0.034864
v 0.008934 0.017939 0.034587
v 0.019567 0.017939 0.034587
v 0.008934 0.017583 0.034205
v 0.019567 0.017583 0.034205
v 0.005452 0.016946 0.030391
v 0.005384 0.016880 0.029702
v 0.004916 0.017009 0.030329
v 0.004866 0.016948 0.029696
v 0.004384 0.017147 0.029676
v 0.004440 0.017215 0.030385
v 0.003970 0.017463 0.029646
v 0.004031 0.017537 0.030419
v 0.003652 0.017875 0.029606
v 0.003717 0.017955 0.030429
v 0.003452 0.018355 0.029560
v 0.003519 0.018438 0.030414
v 0.003384 0.018871 0.029510
v 0.003452 0.018954 0.030375
v 0.003720 0.018518 0.031246
v 0.003655 0.019035 0.031218
v 0.004049 0.018594 0.032037
v 0.003989 0.019112 0.032018
v 0.004499 0.018664 0.032767
v 0.004444 0.019183 0.032758
v 0.005057 0.018727 0.033418
v 0.005009 0.019247 0.033417
v 0.005712 0.018781 0.033975
v 0.005672 0.019301 0.033980
v 0.006445 0.018824 0.034422
v 0.006414 0.019345 0.034433
v 0.007240 0.018855 0.034750
v 0.007219 0.019377 0.034764
v 0.008076 0.018874 0.034949
v 0.008066 0.019396 0.034967
v 0.008107 0.018375 0.034799
v 0.007302 0.018357 0.034607
v 0.006536 0.018326 0.034291
v 0.005829 0.018285 0.033860
v 0.005199 0.018233 0.033324
v 0.004660 0.018173 0.032697
v 0.004227 0.018105 0.031993
v 0.003910 0.018032 0.031231
v 0.008157 0.017933 0.034526
v 0.007400 0.017916 0.034345
v 0.006680 0.017887 0.034049
v 0.006016 0.017848 0.033644
v 0.005424 0.017799 0.033140
v 0.004918 0.017743 0.032550
v 0.004511 0.017679 0.031889
v 0.004212 0.017610 0.031173
v 0.008222 0.017577 0.034150
v 0.007528 0.017561 0.033984
v 0.006868 0.017535 0.033712
v 0.006259 0.017499 0.033340
v 0.005716 0.017455 0.032879
v 0.005253 0.017403 0.032339
v 0.004880 0.017345 0.031733
v 0.004606 0.017281 0.031076
v 0.008297 0.017333 0.033695
v 0.007677 0.017319 0.033546
v 0.007087 0.017295 0.033303
v 0.006543 0.017263 0.032971
v 0.006057 0.017223 0.032559
v 0.005643 0.017177 0.032075
v 0.005309 0.017125 0.031534
v 0.005065 0.017068 0.030947
v 0.008241 0.017214 0.033168
v 0.007575 0.017194 0.032967
v 0.006961 0.017163 0.032640
v 0.006424 0.017121 0.032201
v 0.005982 0.017069 0.031665
v 0.005654 0.017010 0.031054
v 0.004866 0.013890 -0.002058
v 0.004866 0.014909 0.008527
v 0.005384 0.013822 -0.002051
v 0.004866 0.015929 0.019111
v 0.004384 0.016128 0.019092
v 0.003970 0.016444 0.019062
v 0.003652 0.016856 0.019022
v 0.003452 0.017336 0.018976
v 0.003452 0.016317 0.008391
v 0.003384 0.015813 -0.002243
v 0.003452 0.015298 -0.002193
v 0.003652 0.014818 -0.002147
v 0.003652 0.015837 0.008437
v 0.003970 0.014406 -0.002107
v 0.003970 0.015425 0.008477
v 0.004384 0.014089 -0.002077
v 0.004384 0.015108 0.008508
v 0.008241 0.013489 -0.005517
v 0.008297 0.013505 -0.006057
v 0.008222 0.013658 -0.006550
v 0.008157 0.013936 -0.006988
v 0.008107 0.014318 -0.007340
v 0.008076 0.014779 -0.007583
v 0.008066 0.015288 -0.007699
v 0.007240 0.014798 -0.007383
v 0.007219 0.015307 -0.007497
v 0.006445 0.014830 -0.007055
v 0.006414 0.015339 -0.007165
v 0.005712 0.014873 -0.006608
v 0.005672 0.015383 -0.006712
v 0.005057 0.014926 -0.006052
v 0.005009 0.015437 -0.006149
v 0.004499 0.014989 -0.005400
v 0.004444 0.015501 -0.005490
v 0.004049 0.015059 -0.004670
v 0.003989 0.015572 -0.004751
v 0.003720 0.015136 -0.003879
v 0.003655 0.015649 -0.003950
v 0.003519 0.015216 -0.003047
v 0.003452 0.015730 -0.003107
v 0.003717 0.014739 -0.002969
v 0.003910 0.014661 -0.003772
v 0.004227 0.014588 -0.004534
v 0.004660 0.014520 -0.005237
v 0.005199 0.014460 -0.005865
v 0.005829 0.014408 -0.006400
v 0.006536 0.014367 -0.006832
v 0.007302 0.014336 -0.007147
v 0.004031 0.014331 -0.002880
v 0.004212 0.014259 -0.003634
v 0.004511 0.014190 -0.004351
v 0.004918 0.014126 -0.005012
v 0.005424 0.014069 -0.005601
v 0.006016 0.014021 -0.006105
v 0.006680 0.013982 -0.006510
v 0.007400 0.013953 -0.006807
v 0.004440 0.014021 -0.002785
v 0.004606 0.013954 -0.003476
v 0.004880 0.013891 -0.004133
v 0.005253 0.013833 -0.004739
v 0.005716 0.013781 -0.005279
v 0.006259 0.013736 -0.005741
v 0.006868 0.013701 -0.006112
v 0.007528 0.013674 -0.006384
v 0.004916 0.013829 -0.002691
v 0.005065 0.013770 -0.003309
v 0.005309 0.013713 -0.003896
v 0.005643 0.013661 -0.004437
v 0.006057 0.013615 -0.004921
v 0.006543 0.013575 -0.005333
v 0.007087 0.013543 -0.005665
v 0.007677 0.013520 -0.005908
v 0.005452 0.013756 -0.002740
v 0.005654 0.013692 -0.003403
v 0.005982 0.013633 -0.004014
v 0.006424 0.013582 -0.004550
v 0.006961 0.013540 -0.004989
v 0.007575 0.013508 -0.005316
vn -0.257551 -0.953252 0.158045
vn -0.022868 -0.999730 0.004075
vn -0.407730 -0.907555 0.100496
vn -0.027104 -0.999632 -0.001144
vn -0.462633 -0.886262 -0.022576
vn -0.019582 -0.999799 -0.004301
vn -0.031907 -0.999399 -0.013523
vn -0.018499 -0.999800 0.007660
vn -0.194380 -0.961972 0.191902
vn -0.014367 -0.999846 0.010070
vn -0.133163 -0.969489 0.205814
vn -0.010814 -0.999871 0.011835
vn -0.083295 -0.975540 0.203429
vn -0.000310 -1.000000 0.000541
vn -0.046528 -0.979815 0.194417
vn -0.002631 -0.999960 0.008512
vn -0.019014 -0.982265 0.186532
vn -0.000537 -0.999975 0.007061
vn 0.002276 -0.976743 0.214400
vn 0.000119 -1.000000 0.000799
vn 0.023339 -0.981568 0.189683
vn 0.003569 -0.999951 0.009194
vn 0.053522 -0.978467 0.199345
vn 0.006458 -0.999933 0.009598
vn 0.094283 -0.973451 0.208577
vn 0.010759 -0.999890 0.010193
vn 0.148002 -0.966629 0.209103
vn 0.017131 -0.999800 0.010278
vn 0.211217 -0.958575 0.191106
vn 0.026529 -0.999609 0.008867
vn 0.274607 -0.949515 0.151700
vn 0.041170 -0.999143 0.004317
vn 0.424964 -0.901202 0.085097
vn 0.002058 -0.999998 -0.000234
vn 0.366224 -0.930512 0.005151
vn 0.043304 -0.998951 -0.014900
vn 0.376507 -0.921714 -0.093195
vn 0.038739 -0.998968 -0.023704
vn 0.356043 -0.914059 -0.194239
vn 0.033719 -0.998903 -0.032495
vn 0.303860 -0.908026 -0.288372
vn 0.027554 -0.998754 -0.041615
vn 0.222738 -0.903666 -0.365753
vn 0.019645 -0.998487 -0.051363
vn 0.122168 -0.901106 -0.416033
vn 0.000773 -0.999986 -0.005272
vn 0.010967 -0.830457 -0.556974
vn -0.003495 -0.998890 -0.046984
vn -0.105037 -0.900038 -0.422964
vn -0.014906 -0.998674 -0.049277
vn -0.209085 -0.901586 -0.378717
vn -0.001393 -0.999996 -0.002472
vn -0.295661 -0.904876 -0.306241
vn -0.035727 -0.998572 -0.039731
vn -0.354340 -0.910242 -0.214246
vn -0.034318 -0.999111 -0.024485
vn -0.382347 -0.917115 -0.112745
vn -0.846711 -0.531872 0.013854
vn -0.872299 -0.428560 -0.235436
vn -0.770903 -0.450281 -0.450505
vn -0.618144 -0.467737 -0.631760
vn -0.421888 -0.480772 -0.768680
vn -0.197539 -0.487725 -0.850355
vn 0.037357 -0.609168 -0.792161
vn 0.274799 -0.486089 -0.829580
vn 0.491422 -0.476867 -0.728768
vn 0.674611 -0.462323 -0.575463
vn 0.811279 -0.443236 -0.381273
vn 0.892681 -0.421930 -0.158417
vn 0.846802 -0.524589 0.087936
vn 0.872334 -0.375986 0.312518
vn 0.770805 -0.356079 0.528269
vn 0.617359 -0.338442 0.710159
vn 0.422220 -0.325188 0.846158
vn 0.198224 -0.316981 0.927486
vn -0.037406 -0.447027 0.893738
vn -0.275410 -0.318731 0.906951
vn -0.491728 -0.329146 0.806143
vn -0.673897 -0.343993 0.653859
vn -0.811146 -0.362476 0.458970
vn -0.893053 -0.383394 0.235512
vn -0.257551 -0.953252 0.158045
vn -0.035270 -0.999358 0.006285
vn -0.407730 -0.907555 0.100496
vn -0.002017 -0.999998 -0.000085
vn -0.462633 -0.886262 -0.022576
vn -0.030176 -0.999523 -0.006628
vn -0.040153 -0.999049 -0.017018
vn -0.023298 -0.999682 0.009648
vn -0.194380 -0.961972 0.191902
vn -0.015171 -0.999828 0.010633
vn -0.133163 -0.969489 0.205814
vn -0.009506 -0.999901 0.010404
vn -0.083295 -0.975540 0.203429
vn -0.005644 -0.999936 0.009845
vn -0.046528 -0.979815 0.194417
vn -0.002968 -0.999950 0.009600
vn -0.019014 -0.982265 0.186532
vn -0.000060 -1.000000 0.000792
vn 0.002276 -0.976743 0.214400
vn 0.001105 -0.999972 0.007426
vn 0.023339 -0.981568 0.189683
vn 0.000070 -1.000000 0.000181
vn 0.053522 -0.978467 0.199345
vn 0.008181 -0.999893 0.012158
vn 0.094283 -0.973451 0.208577
vn 0.011132 -0.999882 0.010546
vn 0.148002 -0.966629 0.209103
vn 0.014879 -0.999849 0.008927
vn 0.211217 -0.958575 0.191106
vn 0.019145 -0.999796 0.006399
vn 0.274607 -0.949515 0.151700
vn 0.023596 -0.999719 0.002474
vn 0.424964 -0.901202 0.085097
vn 0.027785 -0.999609 -0.003160
vn 0.366224 -0.930512 0.005151
vn 0.031298 -0.999452 -0.010769
vn 0.376507 -0.921714 -0.093195
vn 0.033669 -0.999221 -0.020602
vn 0.356043 -0.914059 -0.194239
vn 0.034880 -0.998826 -0.033613
vn 0.303860 -0.908026 -0.288372
vn 0.034800 -0.998011 -0.052558
vn 0.222738 -0.903666 -0.365753
vn 0.000391 -0.999999 -0.001022
vn 0.122168 -0.901106 -0.416033
vn 0.007140 -0.998787 -0.048715
vn 0.010967 -0.830457 -0.556974
vn -0.000394 -0.999986 -0.005297
vn -0.105037 -0.900038 -0.422964
vn -0.016811 -0.998313 -0.055575
vn -0.209085 -0.901586 -0.378717
vn -0.025204 -0.998681 -0.044723
vn -0.295661 -0.904876 -0.306241
vn -0.031445 -0.998894 -0.034969
vn -0.354340 -0.910242 -0.214246
vn -0.036227 -0.999009 -0.025847
vn -0.382347 -0.917115 -0.112745
vn -0.846711 -0.531872 0.013854
vn -0.872299 -0.428560 -0.235436
vn -0.770903 -0.450281 -0.450505
vn -0.618144 -0.467737 -0.631760
vn -0.421888 -0.480772 -0.768680
vn -0.197539 -0.487725 -0.850355
vn 0.037357 -0.609168 -0.792161
vn 0.274799 -0.486089 -0.829580
vn 0.491422 -0.476867 -0.728768
vn 0.674611 -0.462323 -0.575463
vn 0.811279 -0.443236 -0.381273
vn 0.892681 -0.421930 -0.158417
vn 0.846802 -0.524589 0.087936
vn 0.872334 -0.375986 0.312518
vn 0.770805 -0.356079 0.528269
vn 0.617359 -0.338442 0.710159
vn 0.422220 -0.325188 0.846158
vn 0.198224 -0.316981 0.927486
vn -0.037406 -0.447027 0.893738
vn -0.275410 -0.318731 0.906951
vn -0.491728 -0.329146 0.806143
vn -0.673897 -0.343993 0.653859
vn -0.811146 -0.362476 0.458970
vn -0.893053 -0.383394 0.235512
vn -0.551499 0.809525 -0.201293
vn -0.640947 0.766250 -0.045257
vn -0.034889 0.995793 -0.084734
vn -0.164924 0.986245 0.011006
vn -0.153845 0.985383 0.073159
vn -0.005274 0.996303 -0.085742
vn -0.060313 0.982247 0.177632
vn 0.001708 0.998439 -0.055832
vn 0.080926 0.983421 0.162277
vn 0.138554 0.982553 0.124063
vn 0.196750 0.976632 0.086480
vn 0.262977 0.963763 0.044761
vn 0.352435 0.935771 -0.011087
vn 0.015363 0.995213 -0.096515
vn 0.344281 0.917694 -0.198261
vn 0.250387 0.935284 -0.250101
vn 0.021943 0.992597 -0.119458
vn 0.078181 0.966532 -0.244345
vn 0.178348 0.483616 -0.856918
vn -0.033132 0.569598 -0.821255
vn -0.220863 0.609016 -0.761787
vn -0.395781 0.613068 -0.683743
vn -0.570929 0.580692 -0.580376
vn -0.125502 0.979123 -0.159895
vn -0.352510 0.920655 -0.167723
vn -0.015363 0.995342 -0.095171
vn -0.344182 0.938702 0.019421
vn -0.249918 0.965939 0.067102
vn -0.180329 0.978205 0.102943
vn -0.118924 0.983636 0.135339
vn -0.058290 0.984004 0.168341
vn 0.001837 0.998439 -0.055832
vn 0.083719 0.981645 0.171361
vn 0.002320 0.995736 -0.092223
vn 0.178364 0.981533 0.069132
vn 0.179453 0.983766 -0.001117
vn 0.025028 0.995610 -0.090189
vn 0.704425 0.702898 -0.098585
vn 0.587863 0.765757 -0.260834
vn 0.482976 0.786660 -0.384579
vn 0.102312 0.973244 -0.205736
vn 0.356117 0.566186 -0.743380
vn 0.162345 0.585672 -0.794124
vn -0.033132 0.569598 -0.821255
vn -0.242941 0.513780 -0.822806
vn -0.472329 0.403289 -0.783749
vn -0.031644 0.991705 -0.124583
vn -0.263233 0.937459 -0.227768
vn -0.844901 0.136401 0.517240
vn -0.853372 0.050280 0.518873
vn 0.619773 0.200112 0.758838
vn 0.961842 0.027139 0.272258
vn -0.955855 -0.027800 -0.292522
vn -0.623516 -0.011370 -0.781728
vn 0.885739 -0.043707 -0.462122
vn 0.835645 0.119698 -0.536069
vn -0.483285 0.678681 -0.553017
vn -0.776235 0.414272 -0.475224
vn 0.904450 0.272827 -0.327925
vn -0.662888 0.376919 -0.646924
vn 0.919430 0.161014 -0.358781
vn -0.695215 0.214202 -0.686144
vn 0.877030 0.084623 -0.472924
vn -0.705616 0.055004 -0.706456
vn 0.941711 0.276060 -0.192281
vn -0.815918 0.528131 -0.235279
vn 0.936275 0.328242 -0.125082
vn -0.270107 0.931312 -0.244337
vn 0.954427 0.296991 -0.029426
vn -0.060765 0.993508 -0.096170
vn -0.705596 0.188992 0.682947
vn 0.838468 0.196724 0.508203
vn -0.695504 0.341014 0.632442
vn 0.872422 0.281193 0.399762
vn -0.662957 0.492802 0.563591
vn 0.831929 0.429756 0.351005
vn -0.776539 0.496734 0.387612
vn -0.484343 0.771356 0.412822
vn 0.877934 0.438025 0.193304
vn -0.815768 0.563515 0.130285
vn 0.848341 0.521508 0.091364
vn -0.270681 0.960560 0.063689
vn 0.946279 0.321906 -0.030545
vn -0.153002 0.983763 -0.093808
vn 0.998787 0.045862 -0.017908
vn 0.371394 -0.928469 -0.003535
vn 0.558518 -0.829485 0.003545
vn 0.998945 0.044869 0.009822
vn -0.993622 0.110912 -0.020340
vn -0.999638 0.001058 -0.026898
vn 0.360423 0.713243 0.601148
vn 0.239907 0.957788 -0.158390
vn -0.062616 0.970231 0.233946
vn -0.139736 0.988356 -0.060211
vn 0.292136 0.929275 -0.226064
vn 0.200213 0.949794 -0.240430
vn -0.194925 0.980648 -0.018267
vn 0.173832 0.943410 -0.282419
vn -0.185959 0.982351 0.020136
vn 0.141443 0.936500 -0.320877
vn -0.166674 0.984074 0.061792
vn 0.104351 0.929661 -0.353328
vn -0.134028 0.985719 0.101951
vn 0.062427 0.922922 -0.379893
vn -0.092596 0.986606 0.134290
vn 0.020789 0.917771 -0.396567
vn -0.043503 0.987279 0.152929
vn -0.014841 0.939313 -0.342741
vn 0.007452 0.948313 0.317248
vn 0.048646 0.987403 0.150564
vn -0.060417 0.919517 -0.388379
vn 0.091663 0.987034 0.131761
vn -0.105390 0.924635 -0.365983
vn 0.130824 0.985983 0.103545
vn -0.148260 0.930268 -0.335589
vn 0.161310 0.984347 0.070995
vn -0.183858 0.935788 -0.300826
vn 0.182148 0.982562 0.037338
vn -0.208087 0.941663 -0.264519
vn 0.197133 0.980377 0.000486
vn -0.225533 0.947288 -0.227552
vn 0.202682 0.978692 -0.032904
vn -0.236398 0.953136 -0.188806
vn 0.144062 0.986948 -0.071975
vn -0.321590 0.931701 -0.168856
vn -0.248613 0.961530 -0.116844
vn 0.198906 0.976401 -0.084123
vn -0.247160 0.965185 -0.085616
vn 0.141088 0.984370 -0.105408
vn -0.319491 0.946848 -0.037466
vn -0.230704 0.972927 -0.013729
vn 0.194415 0.971580 -0.135038
vn -0.214617 0.976342 0.026389
vn 0.132639 0.980139 -0.147427
vn -0.246570 0.962961 0.109130
vn -0.162072 0.982324 0.093661
vn 0.178526 0.962215 -0.205599
vn -0.130562 0.983615 0.124319
vn 0.157605 0.957772 -0.240487
vn -0.073102 0.991664 0.106105
vn 0.211238 0.899924 -0.381464
vn 0.090127 0.952208 -0.291850
vn -0.047880 0.982522 0.179882
vn 0.053177 0.948494 -0.312300
vn -0.002321 0.980704 0.195483
vn 0.016923 0.944822 -0.327147
vn 0.047614 0.977524 0.205377
vn -0.019984 0.940209 -0.340011
vn 0.109118 0.971845 0.208832
vn -0.064732 0.934463 -0.350126
vn 0.160587 0.964141 0.211291
vn -0.115254 0.930485 -0.347727
vn -0.122795 0.986357 -0.109646
vn -0.264332 0.843500 -0.467586
vn -0.365062 0.820538 -0.439826
vn -0.042026 0.876427 -0.479698
vn 0.375370 0.924892 -0.060601
vn 0.100505 0.994713 0.021093
vn -0.057377 0.959688 -0.275148
vn -0.032111 0.983269 0.179309
vn -0.144072 0.930821 -0.335880
vn -0.498019 0.867116 0.009338
vn 0.089432 0.991756 0.091769
vn 0.054946 0.993835 0.096295
vn 0.021074 0.994216 0.105307
vn -0.013079 0.992301 0.123160
vn -0.010247 0.998565 -0.052568
vn -0.067866 0.996016 0.057845
vn -0.093772 0.994642 0.043530
vn -0.125003 0.991586 0.033642
vn -0.168058 0.985403 0.027150
vn -0.241774 0.970036 0.023989
vn -0.009732 0.995604 -0.093159
vn -0.046695 0.994844 -0.090026
vn -0.044001 0.994420 -0.095877
vn -0.041576 0.993876 -0.102377
vn -0.008049 0.995142 -0.098121
vn -0.046118 0.992057 -0.117026
vn -0.041130 0.991562 -0.122936
vn -0.036399 0.990948 -0.129220
vn -0.031713 0.990176 -0.136184
vn -0.026121 0.989009 -0.145530
vn -0.019683 0.987269 -0.157836
vn -0.011963 0.984608 -0.174369
vn -0.001947 0.980285 -0.197581
vn 0.002886 0.992638 -0.121088
vn 0.117944 0.848025 -0.516665
vn 0.121690 0.929140 -0.349128
vn 0.126674 0.953993 -0.271755
vn 0.134733 0.964978 -0.225089
vn 0.072359 0.987256 -0.141740
vn 0.208322 0.962494 -0.173800
vn 0.213528 0.966456 -0.142719
vn 0.008415 0.996692 -0.080830
vn -0.112647 0.973230 -0.200332
vn -0.002454 0.993644 -0.112545
vn -0.021310 0.998472 -0.050990
vn 0.027519 0.997563 -0.064113
vn 0.021674 0.994631 -0.101188
vn -0.017390 0.966810 -0.254902
vn -0.005891 0.997839 -0.065449
vn -0.037191 0.995665 -0.085254
vn -0.189806 0.981794 -0.007404
vn -0.299405 0.946016 0.124141
vn -0.529875 0.674509 0.514073
vn -0.474436 0.416384 0.775586
vn -0.307025 0.182393 0.934060
vn -0.055856 0.907586 0.416135
vn 0.020447 0.983910 0.177494
vn 0.043604 0.996827 0.066598
vn 0.083546 0.993584 0.076232
vn 0.100226 0.994259 0.037461
vn 0.110071 0.993913 0.004608
vn 0.115088 0.993092 -0.022856
vn 0.117335 0.992042 -0.045657
vn 0.077064 0.994092 -0.076429
vn 0.112339 0.990255 -0.082308
vn 0.111268 0.989355 -0.093784
vn 0.108397 0.988256 -0.107706
vn 0.104015 0.986880 -0.123489
vn 0.097262 0.985252 -0.140777
vn 0.087997 0.983381 -0.158803
vn 0.077239 0.981431 -0.175577
vn 0.061635 0.978868 -0.194986
vn 0.044333 0.975938 -0.213492
vn 0.024799 0.972626 -0.231050
vn 0.003464 0.969030 -0.246919
vn -0.021864 0.964960 -0.261485
vn -0.058433 0.958758 -0.278151
vn -0.104429 0.950154 -0.293771
vn -0.171415 0.936412 -0.306187
vn -0.257366 0.912896 -0.316834
vn 0.360534 0.713511 0.600763
vn 0.240035 0.957776 -0.158268
vn -0.062628 0.970215 0.234012
vn -0.139803 0.988348 -0.060193
vn 0.292288 0.929259 -0.225932
vn 0.200115 0.949755 -0.240664
vn -0.194862 0.980660 -0.018294
vn 0.173904 0.943420 -0.282340
vn -0.185994 0.982340 0.020350
vn 0.141342 0.936514 -0.320881
vn -0.166529 0.984095 0.061854
vn 0.104356 0.929591 -0.353511
vn -0.134184 0.985718 0.101761
vn 0.062486 0.922954 -0.379804
vn -0.092678 0.986570 0.134498
vn 0.020804 0.917757 -0.396598
vn -0.043503 0.987279 0.152929
vn -0.014825 0.939300 -0.342777
vn 0.007443 0.948365 0.317095
vn 0.048609 0.987400 0.150596
vn -0.060457 0.919512 -0.388385
vn 0.091798 0.987034 0.131667
vn -0.105457 0.924631 -0.365973
vn 0.130824 0.985983 0.103545
vn -0.148260 0.930268 -0.335589
vn 0.161310 0.984347 0.070995
vn -0.183858 0.935788 -0.300826
vn 0.182047 0.982576 0.037460
vn -0.207902 0.941654 -0.264698
vn 0.196936 0.980416 0.000771
vn -0.225443 0.947284 -0.227660
vn 0.202682 0.978692 -0.032904
vn -0.236524 0.953157 -0.188541
vn 0.144174 0.986923 -0.072083
vn -0.321910 0.931616 -0.168719
vn -0.248719 0.961501 -0.116852
vn 0.198944 0.976364 -0.084466
vn -0.247160 0.965185 -0.085616
vn 0.141087 0.984370 -0.105408
vn -0.319571 0.946806 -0.037852
vn -0.230586 0.972957 -0.013621
vn 0.194374 0.971613 -0.134858
vn -0.214661 0.976327 0.026568
vn 0.132678 0.980150 -0.147318
vn -0.246701 0.962915 0.109242
vn -0.162113 0.982342 0.093400
vn 0.178487 0.962149 -0.205939
vn -0.130608 0.983619 0.124237
vn 0.157529 0.957802 -0.240418
vn -0.073076 0.991674 0.106033
vn 0.211151 0.899994 -0.381349
vn 0.090102 0.952227 -0.291796
vn -0.047838 0.982504 0.179992
vn 0.053134 0.948552 -0.312130
vn -0.002319 0.980709 0.195460
vn 0.016923 0.944822 -0.327147
vn 0.047649 0.977555 0.205221
vn -0.020015 0.940152 -0.340168
vn 0.109185 0.971752 0.209228
vn -0.064733 0.934632 -0.349675
vn 0.160424 0.964190 0.211190
vn -0.115130 0.930510 -0.347701
vn -0.122823 0.986353 -0.109649
vn -0.263971 0.843452 -0.467876
vn -0.365062 0.820538 -0.439826
vn -0.042026 0.876427 -0.479698
vn 0.375423 0.924876 -0.060523
vn 0.100539 0.994709 0.021132
vn -0.058100 0.979558 -0.192589
vn -0.032115 0.983273 0.179286
vn -0.132529 0.835197 -0.533744
vn -0.498019 0.867116 0.009338
vn 0.089337 0.991759 0.091829
vn 0.054940 0.993850 0.096149
vn 0.021093 0.994211 0.105358
vn -0.013066 0.992293 0.123220
vn -0.010245 0.998566 -0.052549
vn -0.067876 0.996014 0.057867
vn -0.093874 0.994634 0.043473
vn -0.125134 0.991568 0.033668
vn -0.168058 0.985403 0.027150
vn -0.017632 0.996036 -0.087192
vn -0.082819 0.993872 -0.073212
vn -0.020037 0.995400 -0.093692
vn -0.087721 0.991462 -0.096480
vn -0.214759 0.968607 -0.125214
vn -0.197798 0.968454 -0.151569
vn -0.187220 0.965504 -0.180972
vn -0.067828 0.987731 -0.140666
vn -0.122893 0.970453 -0.207650
vn -0.113470 0.964412 -0.238818
vn -0.104392 0.950996 -0.291047
vn -0.095624 0.915244 -0.391389
vn -0.003792 0.992689 -0.120637
vn -0.002370 0.975531 -0.219848
vn 0.009915 0.982108 -0.188055
vn 0.019420 0.985986 -0.165691
vn 0.026416 0.988286 -0.150310
vn 0.031496 0.989670 -0.139864
vn 0.036004 0.990652 -0.131574
vn 0.041393 0.991595 -0.122584
vn 0.047533 0.992342 -0.114012
vn 0.008314 0.995191 -0.097596
vn 0.006437 0.996441 -0.084052
vn -0.111235 0.953481 -0.280179
vn -0.004544 0.993777 -0.111292
vn -0.003943 0.996155 -0.087518
vn 0.058879 0.997887 -0.027459
vn 0.010104 0.995097 -0.098387
vn -0.017390 0.966810 -0.254902
vn -0.006183 0.997945 -0.063785
vn -0.037190 0.995665 -0.085254
vn -0.189635 0.981826 -0.007485
vn -0.299601 0.945848 0.124941
vn -0.530487 0.674004 0.514102
vn -0.474638 0.417195 0.775027
vn -0.307025 0.182393 0.934060
vn -0.055894 0.907419 0.416493
vn 0.020426 0.983873 0.177701
vn 0.043601 0.996837 0.066440
vn 0.083610 0.993581 0.076195
vn 0.100226 0.994259 0.037461
vn 0.110071 0.993913 0.004608
vn 0.115059 0.993101 -0.022637
vn 0.117293 0.992052 -0.045563
vn 0.077044 0.994094 -0.076434
vn 0.112308 0.990242 -0.082508
vn 0.111251 0.989348 -0.093881
vn 0.108397 0.988256 -0.107706
vn 0.029539 0.994148 -0.103913
vn 0.425710 0.859244 -0.283672
vn 0.449980 0.796873 -0.403126
vn 0.649569 0.249415 -0.718228
vn 0.525063 0.004640 -0.851051
vn 0.271207 0.561625 -0.781680
vn 0.044529 0.939751 -0.338946
vn 0.000872 0.991620 -0.129190
vn -0.021895 0.964975 -0.261426
vn -0.058531 0.958713 -0.278286
vn -0.104268 0.950145 -0.293858
vn -0.171087 0.936524 -0.306027
vn -0.257366 0.912896 -0.316834
vn 0.367123 0.815470 -0.447470
vn -0.208809 0.957881 -0.197139
vn 0.104380 0.987900 0.114710
vn -0.205430 0.972140 0.112880
vn -0.013766 0.992208 -0.123828
vn 0.002541 0.995151 -0.098325
vn -0.042991 0.997688 -0.052637
vn 0.078636 0.995303 -0.056464
vn 0.308100 0.165890 -0.936779
vn 0.433479 0.647477 -0.626793
vn 0.040205 0.273291 0.961091
vn -0.288572 0.948634 -0.129691
vn -0.059841 0.311323 0.948418
vn -0.308101 0.165891 -0.936778
vn 0.299263 0.836871 0.458354
vn -0.418021 0.838430 0.349705
vn 0.152197 0.698869 0.698869
vn 0.206938 -0.683001 -0.700490
vn 0.100749 -0.977095 0.187441
vn 0.046120 0.928300 0.368961
vn -0.000981 -0.005191 0.999986
vn 0.003196 -0.011936 0.999924
vn 0.019815 -0.527259 0.849473
vn -0.232631 0.687707 0.687707
vn 0.035455 0.001332 0.999370
vn 0.431173 -0.081457 0.898585
vn 0.358417 -0.156222 0.920398
vn -0.001366 0.005102 0.999986
vn -0.019815 0.527259 0.849473
vn 0.081457 0.431173 0.898585
vn -0.035455 -0.001332 0.999370
vn -0.430876 0.081640 0.898711
vn -0.358380 0.156419 0.920379
vn 0.053926 0.014439 0.998441
vn 0.082288 0.003093 0.996604
vn -0.041197 -0.001548 0.999150
vn 0.054868 -0.010366 0.998440
vn -0.054685 -0.014704 0.998395
vn 0.054543 -0.023774 0.998228
vn -0.054191 -0.028613 0.998121
vn 0.053963 -0.039806 0.997749
vn -0.053464 -0.046052 0.997507
vn 0.041565 -0.048296 0.997968
vn -0.075217 -0.101898 0.991947
vn -0.044524 -0.102091 0.993778
vn 0.060097 -0.113688 0.991697
vn -0.081457 -0.431173 0.898585
vn -0.156311 -0.358408 0.920386
vn -0.219783 -0.297744 0.929002
vn -0.280430 -0.241549 0.928985
vn -0.345818 -0.182592 0.920364
vn -0.423480 -0.113867 0.898721
vn -0.297955 0.219588 0.928980
vn -0.241334 0.280616 0.928985
vn -0.182927 0.345624 0.920370
vn -0.113472 0.423788 0.898626
vn -0.019815 0.527259 0.849473
vn 0.002294 0.012144 0.999924
vn 0.051352 0.117817 0.991707
vn -0.052107 0.098451 0.993777
vn 0.037853 0.051315 0.997965
vn -0.082594 0.096038 0.991945
vn -0.056806 0.041865 0.997507
vn 0.050789 0.043710 0.997752
vn -0.056159 0.024511 0.998121
vn 0.052632 0.027822 0.998226
vn -0.055641 0.010542 0.998395
vn 0.297942 -0.219780 0.928939
vn 0.241359 -0.280444 0.929030
vn 0.182811 -0.345829 0.920316
vn 0.113472 -0.423788 0.898626
vn 0.019815 -0.527259 0.849473
vn 0.156222 0.358417 0.920398
vn 0.219780 0.297942 0.928939
vn 0.280444 0.241359 0.929030
vn 0.345829 0.182811 0.920316
vn 0.423788 0.113472 0.898626
vn -0.206939 -0.683001 -0.700490
vn -0.134816 -0.854507 0.501640
vn -0.073539 0.952924 0.294155
vn -0.006226 -0.023251 -0.999710
vn -0.016929 -0.450470 -0.892631
vn 0.071179 -0.376766 -0.923570
vn -0.046458 -0.942162 -0.331922
vn -0.018714 0.000703 -0.999825
vn -0.309903 -0.058719 -0.948953
vn -0.263981 -0.115217 -0.957622
vn -0.003897 0.020626 -0.999780
vn -0.114519 0.262583 -0.958089
vn -0.159280 0.215781 -0.963363
vn 0.029067 -0.001092 -0.999577
vn 0.407240 0.076936 -0.910075
vn 0.324388 0.141390 -0.935298
vn 0.260394 0.192082 -0.946203
vn 0.204320 0.237407 -0.949680
vn 0.149907 0.283584 -0.947158
vn 0.089892 0.335724 -0.937661
vn 0.015106 0.401944 -0.915540
vn -0.201308 0.173397 -0.964058
vn -0.246004 0.129890 -0.960526
vn -0.298673 0.080308 -0.950970
vn -0.224479 -0.165438 -0.960333
vn -0.185996 -0.216271 -0.958453
vn -0.144565 -0.273141 -0.951049
vn 0.139332 -0.319666 -0.937230
vn 0.199759 -0.270800 -0.941681
vn 0.259714 -0.223518 -0.939462
vn 0.326848 -0.172777 -0.929150
vn 0.410421 -0.109893 -0.905250
vn 0.304774 -0.081605 -0.948922
vn 0.018714 -0.000703 -0.999825
vn 0.304095 0.057450 -0.950908
vn 0.254955 0.111127 -0.960546
vn 0.213884 0.157774 -0.964034
vn 0.174912 0.203236 -0.963380
vn 0.133940 0.253379 -0.958050
vn 0.005428 0.020272 -0.999780
vn 0.015106 0.401944 -0.915540
vn -0.064531 0.341581 -0.937634
vn -0.128181 0.293909 -0.947200
vn -0.186058 0.252057 -0.949658
vn -0.245086 0.211105 -0.946239
vn -0.312989 0.165258 -0.935269
vn -0.399904 0.107528 -0.910228
vn -0.029067 0.001092 -0.999577
vn -0.417246 -0.079057 -0.905349
vn -0.338708 -0.147833 -0.929205
vn -0.275933 -0.203358 -0.939418
vn -0.219348 -0.255052 -0.941719
vn -0.163157 -0.308269 -0.937203
vn -0.099152 -0.370308 -0.923602
vn -0.016929 -0.450470 -0.892631
vn 0.004469 -0.023657 -0.999710
vn 0.123463 -0.283258 -0.951064
vn 0.169386 -0.229626 -0.958426
vn 0.211281 -0.181836 -0.960362
vn 0.254739 -0.134659 -0.957588
vn -0.471625 -0.872633 -0.126812
vn -0.055641 0.998395 -0.010542
vn -0.369937 -0.928953 -0.013903
vn -0.041197 0.999150 0.001548
vn -0.303891 -0.950965 0.057579
vn -0.054685 0.998395 0.014704
vn -0.254938 -0.960534 0.111270
vn -0.054191 0.998121 0.028613
vn -0.213889 -0.964056 0.157633
vn -0.053464 0.997507 0.046052
vn -0.174900 -0.963354 0.203369
vn -0.075217 0.991947 0.101898
vn -0.134021 -0.958080 0.253220
vn -0.044524 0.993778 0.102091
vn -0.005428 -0.999780 0.020272
vn -0.000981 0.999986 0.005191
vn -0.015106 -0.915540 0.401944
vn 0.019815 0.849473 0.527259
vn 0.064531 -0.937634 0.341581
vn 0.113472 0.898626 0.423788
vn 0.128100 -0.947214 0.293898
vn 0.182811 0.920316 0.345829
vn 0.186058 -0.949612 0.252227
vn 0.241359 0.929030 0.280444
vn 0.245095 -0.946274 0.210936
vn 0.297942 0.928939 0.219780
vn 0.313000 -0.935230 0.165457
vn 0.358417 0.920398 0.156222
vn 0.400262 -0.910112 0.107173
vn 0.431173 0.898585 0.081457
vn 0.031067 -0.999517 0.001168
vn 0.035455 0.999370 -0.001332
vn 0.431173 -0.898585 -0.081457
vn 0.423788 0.898626 -0.113472
vn 0.358408 -0.920386 -0.156311
vn 0.345624 0.920370 -0.182927
vn 0.297744 -0.929002 -0.219783
vn 0.280616 0.928985 -0.241334
vn 0.241549 -0.928985 -0.280430
vn 0.219588 0.928980 -0.297955
vn 0.182592 -0.920364 -0.345818
vn 0.156419 0.920379 -0.358380
vn 0.113867 -0.898721 -0.423480
vn 0.081640 0.898711 -0.430876
vn 0.019815 -0.849473 -0.527259
vn -0.019815 0.849473 -0.527259
vn -0.127835 -0.726952 -0.674685
vn -0.001372 0.999986 -0.005102
vn -0.002052 -0.999987 -0.004698
vn -0.052106 0.993766 -0.098563
vn -0.075148 -0.991952 -0.101899
vn -0.082662 0.991939 -0.096037
vn -0.053464 -0.997509 -0.046018
vn -0.056727 0.997513 -0.041835
vn -0.005777 -0.999979 -0.003054
vn -0.056195 0.998118 -0.024541
vn -0.423480 -0.898721 -0.113867
vn -0.430876 0.898711 -0.081640
vn -0.031067 -0.999517 -0.001168
vn -0.035455 0.999370 0.001332
vn -0.406888 -0.910219 0.077095
vn -0.423480 0.898721 0.113867
vn -0.324357 -0.935281 0.141569
vn -0.345818 0.920364 0.182592
vn -0.260402 -0.946235 0.191913
vn -0.280430 0.928985 0.241549
vn -0.204303 -0.949645 0.237558
vn -0.219783 0.929002 0.297744
vn -0.150009 -0.947189 0.283427
vn -0.156311 0.920386 0.358408
vn -0.089892 -0.937661 0.335724
vn -0.081457 0.898585 0.431173
vn -0.015106 -0.915540 0.401944
vn 0.019815 0.849473 0.527259
vn 0.003897 -0.999780 0.020626
vn 0.003196 0.999924 0.011936
vn 0.114455 -0.958095 0.262591
vn 0.060097 0.991697 0.113688
vn 0.159281 -0.963330 0.215927
vn 0.041565 0.997968 0.048296
vn 0.201313 -0.964083 0.173256
vn 0.053963 0.997749 0.039806
vn 0.246012 -0.960503 0.130046
vn 0.054543 0.998228 0.023774
vn 0.298879 -0.950930 0.080027
vn 0.054868 0.998440 0.010366
vn 0.369937 -0.928953 0.013903
vn 0.082288 0.996604 -0.003093
vn 0.479366 -0.872930 -0.090562
vn 0.053926 0.998441 -0.014439
vn 0.003986 -0.999991 -0.001739
vn 0.052599 0.998228 -0.027839
vn 0.053962 -0.997748 -0.039833
vn 0.050859 0.997748 -0.043739
vn 0.041601 -0.997966 -0.048297
vn 0.037819 0.997966 -0.051316
vn 0.005665 -0.999926 -0.010729
vn 0.051352 0.991726 -0.117656
vn 0.178301 -0.726971 -0.663115
vn 0.002301 0.999924 -0.012143
vn 0.019815 -0.849473 -0.527259
vn -0.019815 0.849473 -0.527259
vn -0.081640 -0.898711 -0.430876
vn -0.113867 0.898721 -0.423480
vn -0.156507 -0.920367 -0.358370
vn -0.182708 0.920418 -0.345613
vn -0.219591 -0.929043 -0.297757
vn -0.241523 0.928940 -0.280602
vn -0.280602 -0.928940 -0.241523
vn -0.297757 0.929043 -0.219591
vn -0.345613 -0.920418 -0.182708
vn -0.358370 0.920367 -0.156507
vn -0.158605 -0.986973 0.027000
vn 0.071477 -0.856803 -0.510665
vn -0.130861 0.090396 0.987271
vn -0.237858 0.080931 0.967922
vn -0.362808 0.062048 0.929796
vn -0.482610 0.035649 0.875110
vn -0.593095 0.002281 0.805129
vn -0.692599 -0.037626 0.720341
vn -0.778521 -0.083172 0.622083
vn -0.848151 -0.133177 0.512741
vn -0.899747 -0.186971 0.394332
vn -0.931801 -0.242319 0.270238
vn -0.943586 -0.297826 0.144723
vn -0.832476 -0.554056 0.002368
vn -0.939346 -0.342967 -0.001292
vn -0.001409 -0.869856 -0.493304
vn -0.865481 -0.487958 -0.113311
vn -0.921356 -0.317459 -0.224327
vn -0.894131 -0.284550 -0.345775
vn -0.849334 -0.251697 -0.463984
vn -0.788066 -0.219840 -0.574998
vn -0.710783 -0.190015 -0.677260
vn -0.619137 -0.162955 -0.768190
vn -0.515594 -0.139717 -0.845365
vn -0.401637 -0.120822 -0.907794
vn -0.279563 -0.106942 -0.954153
vn -0.152062 -0.098528 -0.983448
vn 0.001196 -0.573275 -0.819362
vn 0.230372 -0.972314 0.039177
vn 0.152011 -0.098520 -0.983456
vn 0.279653 -0.106944 -0.954126
vn 0.401514 -0.120795 -0.907852
vn 0.515449 -0.139681 -0.845460
vn 0.619456 -0.163020 -0.767919
vn 0.710624 -0.189964 -0.677441
vn 0.788221 -0.219851 -0.574781
vn 0.849456 -0.251759 -0.463726
vn 0.894144 -0.284504 -0.345780
vn 0.921371 -0.317413 -0.224331
vn 0.865553 -0.487726 -0.113761
vn 0.943609 -0.297597 0.145048
vn 0.931811 -0.242275 0.270241
vn 0.899754 -0.186928 0.394335
vn 0.848429 -0.133336 0.512240
vn 0.778360 -0.083122 0.622292
vn 0.692768 -0.037634 0.720178
vn 0.593256 0.002211 0.805011
vn 0.482323 0.035717 0.875265
vn 0.362923 0.062053 0.929751
vn 0.237780 0.080937 0.967941
vn 0.130861 0.090405 0.987270
vn -0.997077 0.076191 -0.005764
vn -0.992611 0.011628 0.120780
vn -0.965810 0.024844 0.258057
vn -0.923727 0.036711 0.381288
vn -0.865727 0.047969 0.498213
vn -0.793206 0.058352 0.606152
vn -0.706801 0.067784 0.704158
vn -0.608555 0.076055 0.789859
vn -0.500125 0.083006 0.861966
vn -0.382676 0.088557 0.919629
vn -0.258725 0.092569 0.961505
vn -0.121234 0.095121 0.988056
vn -0.150850 0.228636 0.961754
vn -0.277285 0.225776 0.933883
vn -0.399257 0.221567 0.889664
vn -0.514185 0.215787 0.830090
vn -0.619935 0.208822 0.756355
vn -0.719047 0.159915 0.676313
vn -0.799124 0.190832 0.570074
vn -0.868533 0.180363 0.461649
vn -0.923499 0.169037 0.344348
vn -0.962396 0.157205 0.221540
vn -0.971280 0.212119 0.107801
vn -0.001486 -0.053341 -0.998575
vn 0.002869 0.066876 -0.997757
vn 0.130570 0.095009 0.986876
vn 0.279765 0.092005 0.955650
vn 0.402822 0.087733 0.911064
vn 0.518768 0.081948 0.850978
vn 0.626111 0.074735 0.776144
vn 0.722107 0.066286 0.688599
vn 0.806626 0.056637 0.588342
vn 0.876700 0.046102 0.478823
vn 0.932067 0.034721 0.360618
vn 0.971317 0.022787 0.236694
vn 0.994012 0.010471 0.108764
vn 0.979216 0.149219 0.137368
vn 0.951264 0.161187 0.262899
vn 0.906821 0.172867 0.384439
vn 0.847284 0.183816 0.498319
vn 0.772603 0.194189 0.604463
vn 0.688329 0.162867 0.706879
vn 0.585878 0.211314 0.782364
vn 0.476577 0.217901 0.851700
vn 0.359130 0.223096 0.906231
vn 0.235619 0.226858 0.944997
vn 0.127839 0.292988 0.947531
vn 0.991412 -0.012535 -0.130173
vn 0.960129 -0.026797 -0.278270
vn 0.915282 -0.038614 -0.400960
vn 0.855128 -0.049689 -0.516031
vn 0.779799 -0.060012 -0.623147
vn 0.691480 -0.069247 -0.719069
vn 0.591340 -0.077302 -0.802709
vn 0.480992 -0.084044 -0.872687
vn 0.362533 -0.089339 -0.927679
vn 0.237812 -0.093105 -0.966839
vn 0.108514 -0.095292 -0.989517
vn 0.150326 0.061721 -0.986708
vn 0.276491 0.064304 -0.958863
vn 0.397942 0.068445 -0.914854
vn 0.512392 0.074283 -0.855533
vn 0.618390 0.081491 -0.781635
vn 0.717844 0.042500 -0.694905
vn 0.796818 0.099364 -0.595994
vn 0.866005 0.109627 -0.487871
vn 0.920663 0.120828 -0.371187
vn 0.959490 0.132610 -0.248584
vn 0.964687 0.217308 -0.148851
vn -0.121303 -0.095148 -0.988045
vn -0.259571 -0.092570 -0.961277
vn -0.383399 -0.088537 -0.919329
vn -0.500744 -0.082976 -0.861609
vn -0.609025 -0.076030 -0.789499
vn -0.707339 -0.067760 -0.703619
vn -0.793713 -0.058312 -0.605491
vn -0.866086 -0.047914 -0.497593
vn -0.924030 -0.036649 -0.380558
vn -0.966018 -0.024779 -0.257284
vn -0.992670 -0.011584 -0.120300
vn -0.996732 0.080078 -0.010590
vn -0.976270 0.140839 -0.164506
vn -0.948368 0.128689 -0.289893
vn -0.904019 0.117059 -0.411154
vn -0.844374 0.106028 -0.525157
vn -0.770389 0.096039 -0.630299
vn -0.687190 0.039571 -0.725399
vn -0.583910 0.078981 -0.807968
vn -0.475358 0.072186 -0.876826
vn -0.357972 0.066887 -0.931334
vn -0.234880 0.063261 -0.969964
vn -0.127007 0.137105 -0.982380
vn -0.994813 0.101449 0.007470
vn -0.978125 0.118709 0.170819
vn -0.937851 0.133215 0.320453
vn -0.874285 0.146890 0.462655
vn -0.788981 0.159405 0.593379
vn -0.681668 0.206168 0.702014
vn -0.563371 0.179902 0.806380
vn -0.428547 0.187511 0.883848
vn -0.282359 0.192848 0.939725
vn -0.129697 0.195905 0.972008
vn -0.002071 0.194928 0.980815
vn 0.002074 0.192241 0.981346
vn 0.181051 0.195084 0.963931
vn 0.332072 0.191319 0.923648
vn 0.474981 0.185204 0.860286
vn 0.605491 0.176953 0.775931
vn 0.718454 0.202666 0.665395
vn 0.819915 0.155375 0.550997
vn 0.897724 0.142492 0.416879
vn 0.953851 0.128500 0.271396
vn 0.986339 0.113748 0.119148
vn 0.981421 0.191166 -0.016359
vn 0.998737 0.049763 -0.006875
vn 0.978197 0.083976 -0.189943
vn 0.937559 0.069574 -0.340796
vn 0.874188 0.055898 -0.482359
vn 0.789354 0.043350 -0.612406
vn 0.681541 0.068371 -0.728579
vn 0.563517 0.022753 -0.825791
vn 0.428060 0.015342 -0.903620
vn 0.282591 0.010046 -0.959188
vn 0.129660 0.006788 -0.991535
vn 0.002075 0.004187 -0.999989
vn -0.002076 0.001443 -0.999997
vn -0.181378 0.007603 -0.983384
vn -0.331964 0.011590 -0.943221
vn -0.474791 0.017631 -0.879922
vn -0.605644 0.025688 -0.795321
vn -0.718325 0.071912 -0.691981
vn -0.819871 0.047304 -0.570590
vn -0.897929 0.060395 -0.435978
vn -0.953953 0.074370 -0.290591
vn -0.986254 0.088815 -0.139341
vn 0.005524 0.390674 0.920513
vn 0.000000 0.374521 0.927219
vn 0.002102 0.101139 0.994870
vn 0.000000 0.318910 0.947785
vn -0.002076 0.097995 0.995185
vn -0.008310 0.345418 0.938412
vn -0.005090 0.544210 0.838933
vn 0.000000 0.580509 0.814254
vn -0.004049 0.742730 0.669579
vn 0.000000 0.771458 0.636281
vn -0.002735 0.890712 0.454559
vn 0.000000 0.909871 0.414891
vn -0.001396 0.978016 0.208523
vn 0.000000 0.981563 0.191137
vn -0.000004 0.995886 -0.090611
vn 0.000000 0.991175 0.132558
vn 0.000003 0.995669 -0.092964
vn 0.001156 0.986262 0.165182
vn 0.002200 0.927112 0.374777
vn 0.000000 0.909870 0.414893
vn 0.003543 0.798495 0.601991
vn 0.000000 0.771456 0.636282
vn 0.004712 0.615530 0.788099
vn 0.000000 0.580507 0.814255
vn -0.116221 0.990730 -0.070331
vn -0.007424 0.995370 -0.095825
vn -0.257143 0.964597 -0.058570
vn -0.259101 0.961514 -0.091414
vn -0.461850 0.883087 -0.082780
vn -0.498192 0.867024 -0.008635
vn -0.675948 0.733885 -0.067130
vn -0.701393 0.711694 0.039252
vn -0.843055 0.535781 -0.046870
vn -0.856862 0.508537 0.084724
vn -0.946594 0.321504 -0.024389
vn -0.954572 0.270589 0.124797
vn -0.999851 0.006536 0.015990
vn -0.991224 0.015874 0.131238
vn -0.919437 0.284909 0.271040
vn -0.958563 0.030535 0.283241
vn -0.861648 0.298754 0.410255
vn -0.902146 0.044584 0.429121
vn -0.782690 0.311102 0.539084
vn -0.823312 0.057618 0.564657
vn -0.684219 0.321916 0.654381
vn -0.724346 0.069273 0.685948
vn -0.569056 0.331298 0.752606
vn -0.607793 0.079316 0.790124
vn -0.439994 0.338764 0.831652
vn -0.476167 0.087498 0.874991
vn -0.300248 0.345058 0.889262
vn -0.332798 0.093590 0.938342
vn -0.152463 0.347817 0.925083
vn -0.180755 0.097464 0.978687
vn -0.138500 0.578149 0.804091
vn -0.270579 0.574795 0.772268
vn -0.396321 0.569879 0.719839
vn -0.511700 0.563285 0.648748
vn -0.615033 0.554617 0.560476
vn -0.703184 0.544523 0.457195
vn -0.774036 0.533116 0.341549
vn -0.825609 0.521122 0.216338
vn -0.114633 0.768422 0.629593
vn -0.222896 0.766032 0.602919
vn -0.325708 0.762172 0.559471
vn -0.419750 0.756227 0.501926
vn -0.504258 0.749501 0.428919
vn -0.576047 0.741336 0.344370
vn -0.633819 0.732113 0.249567
vn -0.676001 0.722041 0.147240
vn -0.082902 0.907280 0.412273
vn -0.160339 0.905855 0.392069
vn -0.232468 0.902655 0.362178
vn -0.299409 0.898687 0.320492
vn -0.359197 0.893825 0.268429
vn -0.410068 0.887816 0.208872
vn -0.451304 0.881085 0.141468
vn -0.480516 0.874340 0.068072
vn -0.045033 0.985970 0.160732
vn -0.085188 0.984839 0.151111
vn -0.122830 0.983196 0.135046
vn -0.157665 0.981166 0.111598
vn -0.207278 0.972584 0.105438
vn -0.211924 0.975662 0.056315
vn -0.233471 0.972158 0.020009
vn -0.248611 0.968426 -0.018521
vn -0.005886 0.997609 -0.068864
vn -0.013047 0.997827 -0.064580
vn -0.023509 0.997918 -0.060060
vn -0.044485 0.997725 -0.050650
vn -0.060515 0.996591 -0.056079
vn -0.088916 0.994284 -0.059107
vn -0.935284 0.352270 -0.033914
vn -0.943440 0.330018 -0.031774
vn -0.865769 0.498141 -0.047958
vn -0.886918 0.459279 -0.049380
vn -0.737214 0.672152 -0.068760
vn -0.706798 0.704160 -0.067792
vn -0.537268 0.839265 -0.083527
vn -0.499883 0.862104 -0.083026
vn -0.301223 0.949030 -0.092768
vn -0.284665 0.954210 -0.091919
vn -0.007593 0.995365 -0.095871
vn -0.227242 0.969353 -0.093357
vn -0.500363 0.861827 -0.083014
vn -0.707148 0.703810 -0.067771
vn -0.865767 0.498145 -0.047958
vn -0.959526 0.279169 -0.037064
vn -0.024865 0.977121 -0.211226
vn -0.000034 0.994260 -0.106991
vn -0.033653 0.936842 -0.348131
vn -0.001110 0.936448 -0.350805
vn -0.002141 0.838810 -0.544420
vn -0.074263 0.812181 -0.578660
vn -0.003507 0.669337 -0.742950
vn -0.107415 0.633898 -0.765921
vn -0.004695 0.454548 -0.890710
vn -0.132832 0.414202 -0.900440
vn -0.005583 0.208366 -0.978035
vn -0.149510 0.165319 -0.974842
vn -0.002102 -0.090551 -0.995890
vn -0.131958 -0.091792 -0.986996
vn -0.297164 0.168087 -0.939915
vn -0.285065 -0.088657 -0.954399
vn -0.437375 0.173730 -0.882338
vn -0.431606 -0.083238 -0.898214
vn -0.566621 0.181720 -0.803690
vn -0.567329 -0.075723 -0.820002
vn -0.682297 0.190793 -0.705740
vn -0.689220 -0.066219 -0.721520
vn -0.780708 0.202310 -0.591241
vn -0.794044 -0.055038 -0.605364
vn -0.860343 0.214568 -0.462353
vn -0.879439 -0.042386 -0.474121
vn -0.918343 0.228062 -0.323470
vn -0.943116 -0.028640 -0.331227
vn -0.954050 0.241837 -0.176929
vn -0.983480 -0.014147 -0.180466
vn -0.856076 0.482308 -0.185774
vn -0.823971 0.469514 -0.317220
vn -0.771508 0.457706 -0.441907
vn -0.699810 0.446850 -0.557307
vn -0.611194 0.436837 -0.660012
vn -0.507435 0.428124 -0.747810
vn -0.391372 0.421449 -0.818052
vn -0.264696 0.417295 -0.869368
vn -0.700208 0.690409 -0.181780
vn -0.673665 0.679986 -0.289472
vn -0.630250 0.670368 -0.391652
vn -0.571927 0.661194 -0.485512
vn -0.499145 0.653070 -0.569521
vn -0.413796 0.646477 -0.640968
vn -0.318151 0.641233 -0.698284
vn -0.215437 0.636715 -0.740392
vn -0.496499 0.852166 -0.165235
vn -0.477658 0.844637 -0.241726
vn -0.446862 0.837522 -0.314438
vn -0.405245 0.831109 -0.380834
vn -0.353161 0.825495 -0.440268
vn -0.292636 0.820451 -0.491146
vn -0.224991 0.816497 -0.531707
vn -0.151768 0.813609 -0.561254
vn -0.255552 0.957100 -0.136571
vn -0.245233 0.953123 -0.177247
vn -0.228442 0.949481 -0.215175
vn -0.205470 0.946383 -0.249284
vn -0.197825 0.933918 -0.297763
vn -0.148427 0.941272 -0.303277
vn -0.113047 0.939058 -0.324640
vn -0.074238 0.937622 -0.339637
vn -0.026845 0.994495 -0.101286
vn -0.031263 0.993551 -0.108992
vn -0.035916 0.992194 -0.119421
vn -0.045043 0.989058 -0.140480
vn -0.039592 0.987048 -0.155460
vn -0.036395 0.982317 -0.183651
vn 0.001346 0.920201 -0.391444
vn 0.000000 0.926950 -0.375185
vn 0.000027 0.993944 -0.109891
vn 0.000000 0.947420 -0.319994
vn 0.000000 0.814254 -0.580509
vn 0.000000 0.636281 -0.771458
vn 0.000000 0.415256 -0.909705
vn 0.000000 0.191210 -0.981549
vn 0.000000 0.132495 -0.991184
vn 0.002076 -0.093707 -0.995598
vn 0.008392 0.160479 -0.987004
vn 0.005109 0.374943 -0.927034
vn 0.000000 0.415258 -0.909704
vn 0.004029 0.601754 -0.798671
vn 0.000000 0.636282 -0.771456
vn 0.002686 0.787903 -0.615794
vn 0.000000 0.814255 -0.580507
vn 0.026835 0.994496 -0.101284
vn 0.006314 0.995374 -0.095863
vn 0.257326 0.958095 -0.125847
vn 0.259102 0.961294 -0.093702
vn 0.461907 0.882633 -0.087189
vn 0.497999 0.852973 -0.156314
vn 0.675235 0.733864 -0.074173
vn 0.701425 0.691201 -0.173908
vn 0.843062 0.534868 -0.056231
vn 0.856825 0.483252 -0.179771
vn 0.953633 0.299005 -0.034344
vn 0.954551 0.242391 -0.173435
vn 0.999984 0.005106 -0.002592
vn 0.991330 -0.009381 -0.131059
vn 0.919362 0.228241 -0.320436
vn 0.958427 -0.024135 -0.284315
vn 0.861584 0.214118 -0.460247
vn 0.901842 -0.038204 -0.430374
vn 0.782640 0.201834 -0.588845
vn 0.823616 -0.051125 -0.564839
vn 0.684325 0.191622 -0.703548
vn 0.724551 -0.062840 -0.686351
vn 0.569079 0.181738 -0.801948
vn 0.607617 -0.072922 -0.790876
vn 0.440055 0.174322 -0.880888
vn 0.475994 -0.081091 -0.875702
vn 0.299745 0.168040 -0.939104
vn 0.332556 -0.087176 -0.939046
vn 0.152723 0.165116 -0.974378
vn 0.181129 -0.091024 -0.979238
vn 0.138121 0.414068 -0.899706
vn 0.270654 0.417531 -0.867418
vn 0.395965 0.421936 -0.815586
vn 0.512091 0.428553 -0.744383
vn 0.615134 0.437116 -0.656156
vn 0.703010 0.447449 -0.552781
vn 0.773633 0.458982 -0.436838
vn 0.825470 0.470575 -0.311703
vn 0.114600 0.634556 -0.764334
vn 0.222677 0.636658 -0.738296
vn 0.325226 0.640836 -0.695383
vn 0.420117 0.646723 -0.636593
vn 0.504356 0.653908 -0.563941
vn 0.576111 0.662136 -0.479242
vn 0.633629 0.671026 -0.385018
vn 0.676107 0.680504 -0.282479
vn 0.082640 0.811916 -0.577895
vn 0.159804 0.814020 -0.558421
vn 0.232333 0.817223 -0.527416
vn 0.299516 0.821131 -0.485833
vn 0.359592 0.825767 -0.434513
vn 0.410513 0.831638 -0.373974
vn 0.450769 0.838141 -0.307126
vn 0.480361 0.845329 -0.233820
vn 0.044615 0.937123 -0.346135
vn 0.084705 0.937891 -0.336429
vn 0.122852 0.939417 -0.320005
vn 0.157425 0.941822 -0.296965
vn 0.207006 0.934901 -0.288285
vn 0.211922 0.947268 -0.240357
vn 0.233353 0.950347 -0.205883
vn 0.248455 0.954225 -0.166509
vn 0.024865 0.977121 -0.211226
vn 0.036378 0.982317 -0.183657
vn 0.039594 0.987059 -0.155392
vn 0.045043 0.989058 -0.140480
vn 0.035905 0.992193 -0.119435
vn 0.031236 0.993555 -0.108965
vn 0.301423 0.949236 -0.089972
vn 0.284063 0.954388 -0.091936
vn 0.009133 0.995356 -0.095825
vn 0.227133 0.969378 -0.093360
vn 0.500014 0.862027 -0.083035
vn 0.706972 0.703985 -0.067788
vn 0.865767 0.498145 -0.047958
vn 0.958783 0.282831 -0.027229
vn 0.973930 0.225805 -0.021741
vn 0.999996 0.002349 0.001850
vn 0.967091 0.253918 -0.016125
vn 0.886900 0.460294 -0.039205
vn 0.865769 0.498141 -0.047958
vn 0.737496 0.672616 -0.060728
vn 0.707308 0.703652 -0.067742
vn 0.538451 0.839037 -0.078028
vn 0.500541 0.861726 -0.082987
vn 0.005881 0.997607 -0.068883
vn 0.034212 0.986060 0.162836
vn 0.074754 0.907528 0.413285
vn 0.107222 0.768570 0.630717
vn 0.132740 0.578043 0.805137
vn 0.149632 0.347959 0.925492
vn 0.131590 0.098209 0.986427
vn 0.297155 0.344692 0.890441
vn 0.284958 0.095089 0.953812
vn 0.437438 0.339191 0.832825
vn 0.431776 0.089662 0.897513
vn 0.566441 0.331786 0.754363
vn 0.567517 0.082112 0.819257
vn 0.682150 0.321985 0.656504
vn 0.689045 0.072663 0.721066
vn 0.781082 0.310515 0.541748
vn 0.794252 0.061453 0.604473
vn 0.860300 0.298187 0.413483
vn 0.879279 0.048862 0.473794
vn 0.918456 0.285350 0.273888
vn 0.942925 0.035135 0.331147
vn 0.953966 0.271669 0.127065
vn 0.983537 0.020520 0.179540
vn 0.855896 0.509308 0.089712
vn 0.824038 0.521568 0.221198
vn 0.770975 0.534216 0.346715
vn 0.699698 0.545279 0.461621
vn 0.610523 0.555589 0.564431
vn 0.507325 0.563401 0.652074
vn 0.391114 0.570192 0.722434
vn 0.265287 0.575245 0.773767
vn 0.700294 0.712357 0.046217
vn 0.673304 0.723112 0.154177
vn 0.630117 0.732948 0.256398
vn 0.571449 0.742029 0.350484
vn 0.498866 0.749958 0.434391
vn 0.414135 0.756569 0.506058
vn 0.318661 0.762258 0.563398
vn 0.215846 0.766317 0.605119
vn 0.497447 0.867494 -0.000293
vn 0.478114 0.874963 0.076465
vn 0.447178 0.881946 0.149005
vn 0.405147 0.888451 0.215663
vn 0.353594 0.894103 0.274865
vn 0.292570 0.899145 0.325487
vn 0.224903 0.903057 0.365932
vn 0.151726 0.905983 0.395188
vn 0.255220 0.965686 -0.048097
vn 0.244997 0.969491 -0.008022
vn 0.228774 0.973017 0.030011
vn 0.205499 0.976496 0.065008
vn 0.197734 0.973573 0.114263
vn 0.148589 0.981802 0.118266
vn 0.113413 0.983678 0.139700
vn 0.074569 0.985176 0.154491
vn 0.116025 0.990750 -0.070374
vn 0.088914 0.994281 -0.059155
vn 0.060482 0.996594 -0.056065
vn 0.044485 0.997725 -0.050650
vn 0.023536 0.997917 -0.060062
vn 0.013045 0.997828 -0.064568
# 1310 vertices, 0 vertices normals

f 1//1 2//2 3//3
f 3//3 2//2 4//4
f 3//3 4//4 5//5
f 5//5 4//4 6//6
f 5//5 6//6 7//7
f 2//2 1//1 8//8
f 8//8 1//1 9//9
f 8//8 9//9 10//10
f 10//10 9//9 11//11
f 10//10 11//11 12//12
f 12//12 11//11 13//13
f 12//12 13//13 14//14
f 14//14 13//13 15//15
f 14//14 15//15 16//16
f 16//16 15//15 17//17
f 16//16 17//17 18//18
f 18//18 17//17 19//19
f 18//18 19//19 20//20
f 20//20 19//19 21//21
f 20//20 21//21 22//22
f 22//22 21//21 23//23
f 22//22 23//23 24//24
f 24//24 23//23 25//25
f 24//24 25//25 26//26
f 26//26 25//25 27//27
f 26//26 27//27 28//28
f 28//28 27//27 29//29
f 28//28 29//29 30//30
f 30//30 29//29 31//31
f 30//30 31//31 32//32
f 32//32 31//31 33//33
f 32//32 33//33 34//34
f 34//34 33//33 35//35
f 34//34 35//35 36//36
f 36//36 35//35 37//37
f 36//36 37//37 38//38
f 38//38 37//37 39//39
f 38//38 39//39 40//40
f 40//40 39//39 41//41
f 40//40 41//41 42//42
f 42//42 41//41 43//43
f 42//42 43//43 44//44
f 44//44 43//43 45//45
f 44//44 45//45 46//46
f 46//46 45//45 47//47
f 46//46 47//47 48//48
f 48//48 47//47 49//49
f 48//48 49//49 50//50
f 50//50 49//49 51//51
f 50//50 51//51 52//52
f 52//52 51//51 53//53
f 52//52 53//53 54//54
f 54//54 53//53 55//55
f 54//54 55//55 56//56
f 56//56 55//55 57//57
f 56//56 57//57 7//7
f 7//7 57//57 5//5
f 1//1 3//3 58//58
f 58//58 3//3 5//5
f 58//58 5//5 59//59
f 59//59 5//5 57//57
f 59//59 57//57 60//60
f 60//60 57//57 55//55
f 60//60 55//55 61//61
f 61//61 55//55 53//53
f 61//61 53//53 62//62
f 62//62 53//53 51//51
f 62//62 51//51 63//63
f 63//63 51//51 49//49
f 63//63 49//49 64//64
f 64//64 49//49 47//47
f 64//64 47//47 45//45
f 64//64 45//45 65//65
f 65//65 45//45 43//43
f 65//65 43//43 66//66
f 66//66 43//43 41//41
f 66//66 41//41 67//67
f 67//67 41//41 39//39
f 67//67 39//39 68//68
f 68//68 39//39 37//37
f 68//68 37//37 69//69
f 69//69 37//37 35//35
f 69//69 35//35 70//70
f 70//70 35//35 33//33
f 70//70 33//33 31//31
f 70//70 31//31 71//71
f 71//71 31//31 29//29
f 71//71 29//29 72//72
f 72//72 29//29 27//27
f 72//72 27//27 73//73
f 73//73 27//27 25//25
f 73//73 25//25 74//74
f 74//74 25//25 23//23
f 74//74 23//23 75//75
f 75//75 23//23 21//21
f 75//75 21//21 76//76
f 76//76 21//21 19//19
f 76//76 19//19 17//17
f 76//76 17//17 77//77
f 77//77 17//17 15//15
f 77//77 15//15 78//78
f 78//78 15//15 13//13
f 78//78 13//13 79//79
f 79//79 13//13 11//11
f 79//79 11//11 80//80
f 80//80 11//11 9//9
f 80//80 9//9 81//81
f 81//81 9//9 1//1
f 81//81 1//1 58//58
f 82//82 83//83 84//84
f 84//84 83//83 85//85
f 84//84 85//85 86//86
f 86//86 85//85 87//87
f 86//86 87//87 88//88
f 83//83 82//82 89//89
f 89//89 82//82 90//90
f 89//89 90//90 91//91
f 91//91 90//90 92//92
f 91//91 92//92 93//93
f 93//93 92//92 94//94
f 93//93 94//94 95//95
f 95//95 94//94 96//96
f 95//95 96//96 97//97
f 97//97 96//96 98//98
f 97//97 98//98 99//99
f 99//99 98//98 100//100
f 99//99 100//100 101//101
f 101//101 100//100 102//102
f 101//101 102//102 103//103
f 103//103 102//102 104//104
f 103//103 104//104 105//105
f 105//105 104//104 106//106
f 105//105 106//106 107//107
f 107//107 106//106 108//108
f 107//107 108//108 109//109
f 109//109 108//108 110//110
f 109//109 110//110 111//111
f 111//111 110//110 112//112
f 111//111 112//112 113//113
f 113//113 112//112 114//114
f 113//113 114//114 115//115
f 115//115 114//114 116//116
f 115//115 116//116 117//117
f 117//117 116//116 118//118
f 117//117 118//118 119//119
f 119//119 118//118 120//120
f 119//119 120//120 121//121
f 121//121 120//120 122//122
f 121//121 122//122 123//123
f 123//123 122//122 124//124
f 123//123 124//124 125//125
f 125//125 124//124 126//126
f 125//125 126//126 127//127
f 127//127 126//126 128//128
f 127//127 128//128 129//129
f 129//129 128//128 130//130
f 129//129 130//130 131//131
f 131//131 130//130 132//132
f 131//131 132//132 133//133
f 133//133 132//132 134//134
f 133//133 134//134 135//135
f 135//135 134//134 136//136
f 135//135 136//136 137//137
f 137//137 136//136 138//138
f 137//137 138//138 88//88
f 88//88 138//138 86//86
f 82//82 84//84 139//139
f 139//139 84//84 86//86
f 139//139 86//86 140//140
f 140//140 86//86 138//138
f 140//140 138//138 141//141
f 141//141 138//138 136//136
f 141//141 136//136 142//142
f 142//142 136//136 134//134
f 142//142 134//134 143//143
f 143//143 134//134 132//132
f 143//143 132//132 144//144
f 144//144 132//132 130//130
f 144//144 130//130 145//145
f 145//145 130//130 128//128
f 145//145 128//128 126//126
f 145//145 126//126 146//146
f 146//146 126//126 124//124
f 146//146 124//124 147//147
f 147//147 124//124 122//122
f 147//147 122//122 148//148
f 148//148 122//122 120//120
f 148//148 120//120 149//149
f 149//149 120//120 118//118
f 149//149 118//118 150//150
f 150//150 118//118 116//116
f 150//150 116//116 151//151
f 151//151 116//116 114//114
f 151//151 114//114 112//112
f 151//151 112//112 152//152
f 152//152 112//112 110//110
f 152//152 110//110 153//153
f 153//153 110//110 108//108
f 153//153 108//108 154//154
f 154//154 108//108 106//106
f 154//154 106//106 155//155
f 155//155 106//106 104//104
f 155//155 104//104 156//156
f 156//156 104//104 102//102
f 156//156 102//102 157//157
f 157//157 102//102 100//100
f 157//157 100//100 98//98
f 157//157 98//98 158//158
f 158//158 98//98 96//96
f 158//158 96//96 159//159
f 159//159 96//96 94//94
f 159//159 94//94 160//160
f 160//160 94//94 92//92
f 160//160 92//92 161//161
f 161//161 92//92 90//90
f 161//161 90//90 162//162
f 162//162 90//90 82//82
f 162//162 82//82 139//139
f 59//59 163//163 58//58
f 58//58 163//163 164//164
f 58//58 164//164 81//81
f 81//81 164//164 165//165
f 81//81 165//165 80//80
f 80//80 165//165 166//166
f 80//80 166//166 79//79
f 79//79 166//166 167//167
f 79//79 167//167 78//78
f 78//78 167//167 168//168
f 78//78 168//168 77//77
f 77//77 168//168 169//169
f 77//77 169//169 76//76
f 76//76 169//169 170//170
f 76//76 170//170 75//75
f 75//75 170//170 171//171
f 75//75 171//171 74//74
f 74//74 171//171 172//172
f 74//74 172//172 73//73
f 73//73 172//172 173//173
f 73//73 173//173 72//72
f 72//72 173//173 174//174
f 72//72 174//174 71//71
f 71//71 174//174 175//175
f 71//71 175//175 70//70
f 70//70 175//175 176//176
f 70//70 176//176 69//69
f 69//69 176//176 177//177
f 69//69 177//177 68//68
f 68//68 177//177 178//178
f 68//68 178//178 67//67
f 67//67 178//178 179//179
f 67//67 179//179 66//66
f 66//66 179//179 180//180
f 66//66 180//180 65//65
f 65//65 180//180 181//181
f 65//65 181//181 64//64
f 64//64 181//181 182//182
f 64//64 182//182 63//63
f 63//63 182//182 183//183
f 63//63 183//183 62//62
f 62//62 183//183 184//184
f 62//62 184//184 61//61
f 61//61 184//184 185//185
f 61//61 185//185 60//60
f 60//60 185//185 186//186
f 60//60 186//186 59//59
f 59//59 186//186 163//163
f 140//140 187//187 139//139
f 139//139 187//187 188//188
f 139//139 188//188 162//162
f 162//162 188//188 189//189
f 162//162 189//189 161//161
f 161//161 189//189 190//190
f 161//161 190//190 160//160
f 160//160 190//190 191//191
f 160//160 191//191 159//159
f 159//159 191//191 192//192
f 159//159 192//192 158//158
f 158//158 192//192 193//193
f 158//158 193//193 157//157
f 157//157 193//193 194//194
f 157//157 194//194 156//156
f 156//156 194//194 195//195
f 156//156 195//195 155//155
f 155//155 195//195 196//196
f 155//155 196//196 154//154
f 154//154 196//196 197//197
f 154//154 197//197 153//153
f 153//153 197//197 198//198
f 153//153 198//198 152//152
f 152//152 198//198 199//199
f 152//152 199//199 151//151
f 151//151 199//199 200//200
f 151//151 200//200 150//150
f 150//150 200//200 201//201
f 150//150 201//201 149//149
f 149//149 201//201 202//202
f 149//149 202//202 148//148
f 148//148 202//202 203//203
f 148//148 203//203 147//147
f 147//147 203//203 204//204
f 147//147 204//204 146//146
f 146//146 204//204 205//205
f 146//146 205//205 145//145
f 145//145 205//205 206//206
f 145//145 206//206 144//144
f 144//144 206//206 207//207
f 144//144 207//207 143//143
f 143//143 207//207 208//208
f 143//143 208//208 142//142
f 142//142 208//208 209//209
f 142//142 209//209 141//141
f 141//141 209//209 210//210
f 141//141 210//210 140//140
f 140//140 210//210 187//187
f 211//211 212//212 213//213
f 213//213 212//212 214//214
f 215//215 216//216 217//217
f 217//217 216//216 218//218
f 219//219 220//220 221//221
f 221//221 220//220 222//222
f 221//221 222//222 223//223
f 223//223 222//222 224//224
f 223//223 224//224 225//225
f 225//225 224//224 226//226
f 225//225 226//226 217//217
f 217//217 226//226 215//215
f 221//221 227//227 219//219
f 219//219 227//227 228//228
f 228//228 227//227 229//229
f 228//228 229//229 230//230
f 230//230 229//229 231//231
f 230//230 231//231 232//232
f 212//212 233//233 214//214
f 214//214 233//233 234//234
f 234//234 233//233 235//235
f 234//234 235//235 236//236
f 236//236 235//235 237//237
f 236//236 237//237 238//238
f 238//238 237//237 239//239
f 238//238 239//239 240//240
f 238//238 240//240 241//241
f 241//241 240//240 242//242
f 241//241 242//242 243//243
f 243//243 242//242 244//244
f 243//243 244//244 245//245
f 245//245 244//244 246//246
f 246//246 232//232 245//245
f 245//245 232//232 231//231
f 213//213 214//214 247//247
f 247//247 214//214 248//248
f 248//248 214//214 234//234
f 248//248 234//234 236//236
f 236//236 238//238 248//248
f 248//248 238//238 241//241
f 248//248 241//241 243//243
f 243//243 245//245 248//248
f 248//248 245//245 249//249
f 249//249 245//245 231//231
f 249//249 231//231 229//229
f 229//229 227//227 249//249
f 249//249 227//227 221//221
f 249//249 221//221 223//223
f 223//223 225//225 249//249
f 249//249 225//225 217//217
f 249//249 217//217 250//250
f 250//250 217//217 218//218
f 216//216 215//215 251//251
f 251//251 215//215 252//252
f 252//252 215//215 226//226
f 252//252 226//226 224//224
f 224//224 222//222 252//252
f 252//252 222//222 220//220
f 253//253 254//254 255//255
f 255//255 254//254 256//256
f 256//256 254//254 257//257
f 256//256 257//257 258//258
f 256//256 258//258 259//259
f 259//259 258//258 260//260
f 259//259 260//260 261//261
f 261//261 260//260 262//262
f 261//261 262//262 263//263
f 263//263 262//262 264//264
f 263//263 264//264 265//265
f 265//265 264//264 266//266
f 265//265 266//266 267//267
f 267//267 266//266 268//268
f 267//267 268//268 269//269
f 269//269 268//268 270//270
f 269//269 270//270 271//271
f 271//271 270//270 272//272
f 272//272 270//270 273//273
f 272//272 273//273 274//274
f 274//274 273//273 275//275
f 274//274 275//275 276//276
f 276//276 275//275 277//277
f 276//276 277//277 278//278
f 278//278 277//277 279//279
f 278//278 279//279 280//280
f 280//280 279//279 281//281
f 280//280 281//281 282//282
f 282//282 281//281 283//283
f 282//282 283//283 284//284
f 284//284 283//283 285//285
f 284//284 285//285 286//286
f 286//286 285//285 287//287
f 286//286 287//287 288//288
f 286//286 288//288 289//289
f 289//289 288//288 290//290
f 289//289 290//290 291//291
f 291//291 290//290 292//292
f 291//291 292//292 293//293
f 291//291 293//293 294//294
f 294//294 293//293 295//295
f 294//294 295//295 296//296
f 296//296 295//295 297//297
f 296//296 297//297 298//298
f 296//296 298//298 299//299
f 299//299 298//298 300//300
f 299//299 300//300 301//301
f 301//301 300//300 302//302
f 301//301 302//302 303//303
f 303//303 302//302 304//304
f 304//304 302//302 305//305
f 304//304 305//305 306//306
f 306//306 305//305 307//307
f 306//306 307//307 308//308
f 308//308 307//307 309//309
f 308//308 309//309 310//310
f 310//310 309//309 311//311
f 310//310 311//311 312//312
f 312//312 311//311 313//313
f 312//312 313//313 314//314
f 314//314 313//313 315//315
f 314//314 315//315 316//316
f 316//316 315//315 317//317
f 317//317 315//315 318//318
f 318//318 315//315 319//319
f 319//319 315//315 320//320
f 320//320 315//315 321//321
f 320//320 321//321 322//322
f 322//322 321//321 323//323
f 315//315 313//313 324//324
f 324//324 313//313 325//325
f 325//325 313//313 311//311
f 325//325 311//311 326//326
f 326//326 311//311 309//309
f 326//326 309//309 327//327
f 327//327 309//309 307//307
f 327//327 307//307 328//328
f 328//328 307//307 305//305
f 328//328 305//305 329//329
f 329//329 305//305 302//302
f 329//329 302//302 330//330
f 330//330 302//302 300//300
f 330//330 300//300 331//331
f 331//331 300//300 298//298
f 331//331 298//298 332//332
f 332//332 298//298 297//297
f 332//332 297//297 333//333
f 333//333 297//297 295//295
f 333//333 295//295 334//334
f 334//334 295//295 293//293
f 334//334 293//293 335//335
f 335//335 293//293 292//292
f 335//335 292//292 336//336
f 336//336 292//292 290//290
f 336//336 290//290 337//337
f 337//337 290//290 288//288
f 337//337 288//288 338//338
f 338//338 288//288 287//287
f 338//338 287//287 339//339
f 339//339 287//287 285//285
f 339//339 285//285 340//340
f 340//340 285//285 283//283
f 340//340 283//283 341//341
f 341//341 283//283 281//281
f 341//341 281//281 342//342
f 342//342 281//281 279//279
f 342//342 279//279 343//343
f 343//343 279//279 277//277
f 343//343 277//277 344//344
f 344//344 277//277 275//275
f 344//344 275//275 345//345
f 345//345 275//275 273//273
f 345//345 273//273 346//346
f 346//346 273//273 270//270
f 346//346 270//270 347//347
f 347//347 270//270 268//268
f 347//347 268//268 348//348
f 348//348 268//268 266//266
f 348//348 266//266 349//349
f 349//349 266//266 264//264
f 349//349 264//264 350//350
f 350//350 264//264 262//262
f 350//350 262//262 351//351
f 351//351 262//262 260//260
f 351//351 260//260 352//352
f 352//352 260//260 258//258
f 352//352 258//258 353//353
f 353//353 258//258 257//257
f 353//353 257//257 354//354
f 354//354 257//257 254//254
f 354//354 254//254 355//355
f 355//355 254//254 253//253
f 355//355 253//253 356//356
f 321//321 315//315 357//357
f 357//357 315//315 324//324
f 323//323 321//321 358//358
f 358//358 321//321 357//357
f 322//322 323//323 359//359
f 359//359 323//323 358//358
f 320//320 322//322 360//360
f 360//360 322//322 359//359
f 320//320 360//360 319//319
f 319//319 360//360 361//361
f 319//319 361//361 318//318
f 318//318 361//361 362//362
f 255//255 256//256 363//363
f 363//363 256//256 364//364
f 364//364 256//256 259//259
f 364//364 259//259 365//365
f 365//365 259//259 261//261
f 365//365 261//261 366//366
f 366//366 261//261 263//263
f 366//366 263//263 367//367
f 367//367 263//263 265//265
f 367//367 265//265 368//368
f 368//368 265//265 267//267
f 368//368 267//267 369//369
f 369//369 267//267 269//269
f 369//369 269//269 370//370
f 370//370 269//269 271//271
f 370//370 271//271 371//371
f 371//371 271//271 272//272
f 371//371 272//272 372//372
f 372//372 272//272 274//274
f 372//372 274//274 373//373
f 373//373 274//274 276//276
f 373//373 276//276 374//374
f 374//374 276//276 278//278
f 374//374 278//278 375//375
f 375//375 278//278 280//280
f 375//375 280//280 376//376
f 376//376 280//280 282//282
f 376//376 282//282 377//377
f 377//377 282//282 284//284
f 377//377 284//284 378//378
f 378//378 284//284 286//286
f 378//378 286//286 379//379
f 379//379 286//286 289//289
f 379//379 289//289 380//380
f 380//380 289//289 291//291
f 380//380 291//291 381//381
f 381//381 291//291 294//294
f 381//381 294//294 382//382
f 382//382 294//294 296//296
f 382//382 296//296 383//383
f 383//383 296//296 299//299
f 383//383 299//299 384//384
f 384//384 299//299 301//301
f 384//384 301//301 385//385
f 385//385 301//301 303//303
f 385//385 303//303 386//386
f 386//386 303//303 304//304
f 386//386 304//304 387//387
f 387//387 304//304 306//306
f 387//387 306//306 388//388
f 388//388 306//306 308//308
f 388//388 308//308 389//389
f 389//389 308//308 310//310
f 389//389 310//310 390//390
f 390//390 310//310 312//312
f 390//390 312//312 391//391
f 391//391 312//312 314//314
f 391//391 314//314 392//392
f 392//392 314//314 316//316
f 392//392 316//316 393//393
f 393//393 316//316 317//317
f 393//393 317//317 394//394
f 394//394 317//317 318//318
f 394//394 318//318 362//362
f 255//255 363//363 253//253
f 253//253 363//363 356//356
f 395//395 396//396 397//397
f 397//397 396//396 398//398
f 398//398 396//396 399//399
f 398//398 399//399 400//400
f 398//398 400//400 401//401
f 401//401 400//400 402//402
f 401//401 402//402 403//403
f 403//403 402//402 404//404
f 403//403 404//404 405//405
f 405//405 404//404 406//406
f 405//405 406//406 407//407
f 407//407 406//406 408//408
f 407//407 408//408 409//409
f 409//409 408//408 410//410
f 409//409 410//410 411//411
f 411//411 410//410 412//412
f 411//411 412//412 413//413
f 413//413 412//412 414//414
f 414//414 412//412 415//415
f 414//414 415//415 416//416
f 416//416 415//415 417//417
f 416//416 417//417 418//418
f 418//418 417//417 419//419
f 418//418 419//419 420//420
f 420//420 419//419 421//421
f 420//420 421//421 422//422
f 422//422 421//421 423//423
f 422//422 423//423 424//424
f 424//424 423//423 425//425
f 424//424 425//425 426//426
f 426//426 425//425 427//427
f 426//426 427//427 428//428
f 428//428 427//427 429//429
f 428//428 429//429 430//430
f 428//428 430//430 431//431
f 431//431 430//430 432//432
f 431//431 432//432 433//433
f 433//433 432//432 434//434
f 433//433 434//434 435//435
f 433//433 435//435 436//436
f 436//436 435//435 437//437
f 436//436 437//437 438//438
f 438//438 437//437 439//439
f 438//438 439//439 440//440
f 438//438 440//440 441//441
f 441//441 440//440 442//442
f 441//441 442//442 443//443
f 443//443 442//442 444//444
f 443//443 444//444 445//445
f 445//445 444//444 446//446
f 446//446 444//444 447//447
f 446//446 447//447 448//448
f 448//448 447//447 449//449
f 448//448 449//449 450//450
f 450//450 449//449 451//451
f 450//450 451//451 452//452
f 452//452 451//451 453//453
f 452//452 453//453 454//454
f 454//454 453//453 455//455
f 454//454 455//455 456//456
f 456//456 455//455 457//457
f 456//456 457//457 458//458
f 458//458 457//457 459//459
f 459//459 457//457 460//460
f 460//460 457//457 461//461
f 461//461 457//457 462//462
f 462//462 457//457 463//463
f 462//462 463//463 464//464
f 464//464 463//463 465//465
f 457//457 455//455 466//466
f 466//466 455//455 467//467
f 467//467 455//455 453//453
f 467//467 453//453 468//468
f 468//468 453//453 451//451
f 468//468 451//451 469//469
f 469//469 451//451 449//449
f 469//469 449//449 470//470
f 470//470 449//449 447//447
f 470//470 447//447 471//471
f 471//471 447//447 444//444
f 471//471 444//444 472//472
f 472//472 444//444 442//442
f 472//472 442//442 473//473
f 473//473 442//442 440//440
f 473//473 440//440 474//474
f 474//474 440//440 439//439
f 474//474 439//439 475//475
f 475//475 439//439 437//437
f 475//475 437//437 476//476
f 476//476 437//437 435//435
f 476//476 435//435 477//477
f 477//477 435//435 434//434
f 477//477 434//434 478//478
f 478//478 434//434 432//432
f 478//478 432//432 479//479
f 479//479 432//432 430//430
f 479//479 430//430 480//480
f 480//480 430//430 429//429
f 480//480 429//429 481//481
f 481//481 429//429 427//427
f 481//481 427//427 482//482
f 482//482 427//427 425//425
f 482//482 425//425 483//483
f 483//483 425//425 423//423
f 483//483 423//423 484//484
f 484//484 423//423 421//421
f 484//484 421//421 485//485
f 485//485 421//421 419//419
f 485//485 419//419 486//486
f 486//486 419//419 417//417
f 486//486 417//417 487//487
f 487//487 417//417 415//415
f 487//487 415//415 488//488
f 488//488 415//415 412//412
f 488//488 412//412 489//489
f 489//489 412//412 410//410
f 489//489 410//410 490//490
f 490//490 410//410 408//408
f 490//490 408//408 491//491
f 491//491 408//408 406//406
f 491//491 406//406 492//492
f 492//492 406//406 404//404
f 492//492 404//404 493//493
f 493//493 404//404 402//402
f 493//493 402//402 494//494
f 494//494 402//402 400//400
f 494//494 400//400 495//495
f 495//495 400//400 399//399
f 495//495 399//399 496//496
f 496//496 399//399 396//396
f 496//496 396//396 497//497
f 497//497 396//396 395//395
f 497//497 395//395 498//498
f 463//463 457//457 499//499
f 499//499 457//457 466//466
f 463//463 499//499 465//465
f 465//465 499//499 500//500
f 464//464 465//465 501//501
f 501//501 465//465 500//500
f 462//462 464//464 502//502
f 502//502 464//464 501//501
f 462//462 502//502 461//461
f 461//461 502//502 503//503
f 461//461 503//503 460//460
f 460//460 503//503 504//504
f 397//397 398//398 505//505
f 505//505 398//398 506//506
f 506//506 398//398 401//401
f 506//506 401//401 507//507
f 507//507 401//401 403//403
f 507//507 403//403 508//508
f 508//508 403//403 405//405
f 508//508 405//405 509//509
f 509//509 405//405 407//407
f 509//509 407//407 510//510
f 510//510 407//407 409//409
f 510//510 409//409 511//511
f 511//511 409//409 411//411
f 511//511 411//411 512//512
f 512//512 411//411 413//413
f 512//512 413//413 513//513
f 513//513 413//413 414//414
f 513//513 414//414 514//514
f 514//514 414//414 416//416
f 514//514 416//416 515//515
f 515//515 416//416 418//418
f 515//515 418//418 516//516
f 516//516 418//418 420//420
f 516//516 420//420 517//517
f 517//517 420//420 422//422
f 517//517 422//422 518//518
f 518//518 422//422 424//424
f 518//518 424//424 519//519
f 519//519 424//424 426//426
f 519//519 426//426 520//520
f 520//520 426//426 428//428
f 520//520 428//428 521//521
f 521//521 428//428 431//431
f 521//521 431//431 522//522
f 522//522 431//431 433//433
f 522//522 433//433 523//523
f 523//523 433//433 436//436
f 523//523 436//436 524//524
f 524//524 436//436 438//438
f 524//524 438//438 525//525
f 525//525 438//438 441//441
f 525//525 441//441 526//526
f 526//526 441//441 443//443
f 526//526 443//443 527//527
f 527//527 443//443 445//445
f 527//527 445//445 528//528
f 528//528 445//445 446//446
f 528//528 446//446 529//529
f 529//529 446//446 448//448
f 529//529 448//448 530//530
f 530//530 448//448 450//450
f 530//530 450//450 531//531
f 531//531 450//450 452//452
f 531//531 452//452 532//532
f 532//532 452//452 454//454
f 532//532 454//454 533//533
f 533//533 454//454 456//456
f 533//533 456//456 534//534
f 534//534 456//456 458//458
f 534//534 458//458 535//535
f 535//535 458//458 459//459
f 535//535 459//459 536//536
f 536//536 459//459 460//460
f 536//536 460//460 504//504
f 397//397 505//505 395//395
f 395//395 505//505 498//498
f 537//537 538//538 539//539
f 539//539 538//538 540//540
f 538//538 537//537 541//541
f 541//541 537//537 542//542
f 540//540 538//538 543//543
f 543//543 538//538 541//541
f 540//540 543//543 539//539
f 539//539 543//543 544//544
f 539//539 544//544 537//537
f 537//537 544//544 542//542
f 545//545 546//546 547//547
f 547//547 546//546 548//548
f 547//547 548//548 549//549
f 549//549 548//548 550//550
f 546//546 551//551 548//548
f 548//548 551//551 552//552
f 547//547 553//553 545//545
f 545//545 553//553 554//554
f 554//554 553//553 555//555
f 555//555 553//553 556//556
f 549//549 557//557 547//547
f 547//547 557//557 558//558
f 547//547 558//558 559//559
f 560//560 561//561 549//549
f 549//549 561//561 562//562
f 549//549 562//562 563//563
f 553//553 564//564 560//560
f 560//560 564//564 565//565
f 560//560 565//565 566//566
f 547//547 567//567 553//553
f 553//553 567//567 568//568
f 553//553 568//568 569//569
f 570//570 571//571 572//572
f 572//572 571//571 573//573
f 572//572 573//573 574//574
f 574//574 573//573 575//575
f 574//574 575//575 576//576
f 576//576 575//575 577//577
f 576//576 577//577 578//578
f 578//578 577//577 579//579
f 578//578 579//579 580//580
f 580//580 579//579 581//581
f 581//581 579//579 582//582
f 581//581 582//582 557//557
f 557//557 582//582 558//558
f 559//559 583//583 547//547
f 547//547 583//583 584//584
f 547//547 584//584 585//585
f 585//585 586//586 547//547
f 547//547 586//586 587//587
f 547//547 587//587 588//588
f 588//588 567//567 547//547
f 569//569 589//589 553//553
f 553//553 589//589 590//590
f 553//553 590//590 591//591
f 591//591 592//592 553//553
f 553//553 592//592 593//593
f 553//553 593//593 594//594
f 553//553 594//594 564//564
f 564//564 594//594 595//595
f 564//564 595//595 596//596
f 596//596 595//595 597//597
f 596//596 597//597 598//598
f 598//598 597//597 599//599
f 599//599 597//597 600//600
f 599//599 600//600 601//601
f 601//601 600//600 602//602
f 601//601 602//602 603//603
f 603//603 602//602 570//570
f 603//603 570//570 572//572
f 563//563 604//604 549//549
f 549//549 604//604 605//605
f 549//549 605//605 606//606
f 606//606 607//607 549//549
f 549//549 607//607 608//608
f 549//549 608//608 557//557
f 566//566 609//609 560//560
f 560//560 609//609 610//610
f 560//560 610//610 611//611
f 611//611 612//612 560//560
f 560//560 612//612 613//613
f 560//560 613//613 561//561
f 549//549 550//550 560//560
f 560//560 550//550 614//614
f 560//560 614//614 615//615
f 615//615 616//616 560//560
f 548//548 617//617 550//550
f 550//550 617//617 618//618
f 550//550 618//618 619//619
f 620//620 621//621 548//548
f 548//548 621//621 622//622
f 548//548 622//622 623//623
f 614//614 624//624 620//620
f 620//620 624//624 625//625
f 620//620 625//625 626//626
f 550//550 627//627 614//614
f 614//614 627//627 628//628
f 614//614 628//628 629//629
f 629//629 630//630 614//614
f 614//614 630//630 631//631
f 614//614 631//631 632//632
f 632//632 633//633 614//614
f 614//614 633//633 634//634
f 614//614 634//634 624//624
f 626//626 635//635 620//620
f 620//620 635//635 636//636
f 620//620 636//636 637//637
f 637//637 621//621 620//620
f 623//623 638//638 548//548
f 548//548 638//638 639//639
f 548//548 639//639 640//640
f 640//640 617//617 548//548
f 619//619 641//641 550//550
f 550//550 641//641 642//642
f 550//550 642//642 643//643
f 643//643 644//644 550//550
f 550//550 644//644 645//645
f 550//550 645//645 627//627
f 645//645 562//562 627//627
f 627//627 562//562 561//561
f 627//627 561//561 628//628
f 628//628 561//561 613//613
f 628//628 613//613 629//629
f 629//629 613//613 612//612
f 629//629 612//612 630//630
f 630//630 612//612 611//611
f 630//630 611//611 631//631
f 631//631 611//611 610//610
f 631//631 610//610 632//632
f 632//632 610//610 609//609
f 632//632 609//609 633//633
f 633//633 609//609 566//566
f 633//633 566//566 634//634
f 634//634 566//566 565//565
f 634//634 565//565 624//624
f 624//624 565//565 564//564
f 624//624 564//564 625//625
f 625//625 564//564 596//596
f 625//625 596//596 626//626
f 626//626 596//596 598//598
f 626//626 598//598 635//635
f 635//635 598//598 599//599
f 635//635 599//599 636//636
f 636//636 599//599 601//601
f 636//636 601//601 637//637
f 637//637 601//601 603//603
f 637//637 603//603 621//621
f 621//621 603//603 572//572
f 621//621 572//572 622//622
f 622//622 572//572 574//574
f 622//622 574//574 623//623
f 623//623 574//574 576//576
f 623//623 576//576 638//638
f 638//638 576//576 578//578
f 638//638 578//578 639//639
f 639//639 578//578 580//580
f 639//639 580//580 640//640
f 640//640 580//580 581//581
f 640//640 581//581 617//617
f 617//617 581//581 557//557
f 617//617 557//557 618//618
f 618//618 557//557 608//608
f 618//618 608//608 619//619
f 619//619 608//608 607//607
f 619//619 607//607 641//641
f 641//641 607//607 606//606
f 641//641 606//606 642//642
f 642//642 606//606 605//605
f 642//642 605//605 643//643
f 643//643 605//605 604//604
f 643//643 604//604 644//644
f 644//644 604//604 563//563
f 644//644 563//563 645//645
f 645//645 563//563 562//562
f 646//646 573//573 647//647
f 647//647 573//573 571//571
f 647//647 571//571 648//648
f 648//648 571//571 570//570
f 648//648 570//570 649//649
f 649//649 570//570 602//602
f 649//649 602//602 650//650
f 650//650 602//602 600//600
f 650//650 600//600 651//651
f 651//651 600//600 597//597
f 651//651 597//597 652//652
f 652//652 597//597 595//595
f 652//652 595//595 653//653
f 653//653 595//595 594//594
f 653//653 594//594 654//654
f 654//654 594//594 593//593
f 654//654 593//593 655//655
f 655//655 593//593 592//592
f 655//655 592//592 656//656
f 656//656 592//592 591//591
f 656//656 591//591 657//657
f 657//657 591//591 590//590
f 657//657 590//590 658//658
f 658//658 590//590 589//589
f 658//658 589//589 659//659
f 659//659 589//589 569//569
f 659//659 569//569 660//660
f 660//660 569//569 568//568
f 660//660 568//568 661//661
f 661//661 568//568 567//567
f 661//661 567//567 662//662
f 662//662 567//567 588//588
f 662//662 588//588 663//663
f 663//663 588//588 587//587
f 663//663 587//587 664//664
f 664//664 587//587 586//586
f 664//664 586//586 665//665
f 665//665 586//586 585//585
f 665//665 585//585 666//666
f 666//666 585//585 584//584
f 666//666 584//584 667//667
f 667//667 584//584 583//583
f 667//667 583//583 668//668
f 668//668 583//583 559//559
f 668//668 559//559 669//669
f 669//669 559//559 558//558
f 669//669 558//558 670//670
f 670//670 558//558 582//582
f 670//670 582//582 671//671
f 671//671 582//582 579//579
f 671//671 579//579 672//672
f 672//672 579//579 577//577
f 672//672 577//577 673//673
f 673//673 577//577 575//575
f 673//673 575//575 646//646
f 646//646 575//575 573//573
f 674//674 675//675 676//676
f 676//676 675//675 677//677
f 676//676 677//677 678//678
f 678//678 677//677 679//679
f 678//678 679//679 680//680
f 680//680 679//679 681//681
f 680//680 681//681 682//682
f 682//682 681//681 683//683
f 682//682 683//683 684//684
f 684//684 683//683 685//685
f 684//684 685//685 686//686
f 686//686 685//685 687//687
f 686//686 687//687 688//688
f 688//688 687//687 689//689
f 688//688 689//689 690//690
f 690//690 689//689 691//691
f 690//690 691//691 692//692
f 692//692 691//691 693//693
f 692//692 693//693 694//694
f 694//694 693//693 695//695
f 694//694 695//695 696//696
f 696//696 695//695 697//697
f 696//696 697//697 698//698
f 698//698 697//697 699//699
f 698//698 699//699 700//700
f 700//700 699//699 701//701
f 700//700 701//701 702//702
f 702//702 701//701 703//703
f 702//702 703//703 704//704
f 704//704 703//703 705//705
f 704//704 705//705 706//706
f 706//706 705//705 707//707
f 706//706 707//707 708//708
f 708//708 707//707 709//709
f 708//708 709//709 710//710
f 710//710 709//709 711//711
f 710//710 711//711 712//712
f 712//712 711//711 713//713
f 712//712 713//713 714//714
f 714//714 713//713 715//715
f 714//714 715//715 716//716
f 716//716 715//715 717//717
f 716//716 717//717 718//718
f 718//718 717//717 719//719
f 718//718 719//719 720//720
f 720//720 719//719 721//721
f 720//720 721//721 722//722
f 722//722 721//721 723//723
f 722//722 723//723 724//724
f 724//724 723//723 725//725
f 724//724 725//725 726//726
f 726//726 725//725 727//727
f 726//726 727//727 728//728
f 728//728 727//727 729//729
f 728//728 729//729 674//674
f 674//674 729//729 675//675
f 730//730 731//731 732//732
f 732//732 731//731 733//733
f 732//732 733//733 734//734
f 734//734 733//733 735//735
f 734//734 735//735 736//736
f 736//736 735//735 737//737
f 736//736 737//737 738//738
f 738//738 737//737 739//739
f 738//738 739//739 740//740
f 740//740 739//739 741//741
f 740//740 741//741 742//742
f 742//742 741//741 743//743
f 742//742 743//743 744//744
f 744//744 743//743 745//745
f 744//744 745//745 746//746
f 746//746 745//745 747//747
f 746//746 747//747 748//748
f 748//748 747//747 749//749
f 748//748 749//749 750//750
f 750//750 749//749 751//751
f 750//750 751//751 752//752
f 752//752 751//751 753//753
f 752//752 753//753 754//754
f 754//754 753//753 755//755
f 754//754 755//755 756//756
f 756//756 755//755 757//757
f 756//756 757//757 758//758
f 758//758 757//757 759//759
f 758//758 759//759 760//760
f 760//760 759//759 761//761
f 760//760 761//761 762//762
f 762//762 761//761 763//763
f 762//762 763//763 764//764
f 764//764 763//763 765//765
f 764//764 765//765 766//766
f 766//766 765//765 767//767
f 766//766 767//767 768//768
f 768//768 767//767 769//769
f 768//768 769//769 770//770
f 770//770 769//769 771//771
f 770//770 771//771 772//772
f 772//772 771//771 773//773
f 772//772 773//773 774//774
f 774//774 773//773 775//775
f 774//774 775//775 776//776
f 776//776 775//775 777//777
f 776//776 777//777 778//778
f 778//778 777//777 779//779
f 778//778 779//779 780//780
f 780//780 779//779 781//781
f 780//780 781//781 782//782
f 782//782 781//781 783//783
f 782//782 783//783 784//784
f 784//784 783//783 785//785
f 784//784 785//785 730//730
f 730//730 785//785 731//731
f 616//616 615//615 556//556
f 556//556 615//615 555//555
f 616//616 705//705 560//560
f 560//560 705//705 703//703
f 560//560 703//703 701//701
f 556//556 721//721 616//616
f 616//616 721//721 719//719
f 616//616 719//719 717//717
f 553//553 733//733 556//556
f 556//556 733//733 731//731
f 556//556 731//731 785//785
f 560//560 689//689 553//553
f 553//553 689//689 749//749
f 553//553 749//749 747//747
f 675//675 763//763 677//677
f 677//677 763//763 761//761
f 677//677 761//761 759//759
f 763//763 675//675 765//765
f 765//765 675//675 729//729
f 765//765 729//729 767//767
f 767//767 729//729 727//727
f 767//767 727//727 769//769
f 769//769 727//727 725//725
f 769//769 725//725 723//723
f 769//769 723//723 771//771
f 771//771 723//723 721//721
f 771//771 721//721 773//773
f 773//773 721//721 556//556
f 773//773 556//556 775//775
f 775//775 556//556 777//777
f 777//777 556//556 779//779
f 779//779 556//556 781//781
f 781//781 556//556 783//783
f 783//783 556//556 785//785
f 717//717 715//715 616//616
f 616//616 715//715 713//713
f 616//616 713//713 711//711
f 711//711 709//709 616//616
f 616//616 709//709 707//707
f 616//616 707//707 705//705
f 701//701 699//699 560//560
f 560//560 699//699 697//697
f 560//560 697//697 695//695
f 695//695 693//693 560//560
f 560//560 693//693 691//691
f 560//560 691//691 689//689
f 749//749 689//689 751//751
f 751//751 689//689 687//687
f 751//751 687//687 753//753
f 753//753 687//687 685//685
f 753//753 685//685 683//683
f 753//753 683//683 755//755
f 755//755 683//683 681//681
f 755//755 681//681 757//757
f 757//757 681//681 679//679
f 757//757 679//679 759//759
f 759//759 679//679 677//677
f 747//747 745//745 553//553
f 553//553 745//745 743//743
f 553//553 743//743 741//741
f 741//741 739//739 553//553
f 553//553 739//739 737//737
f 553//553 737//737 735//735
f 735//735 733//733 553//553
f 614//614 704//704 615//615
f 615//615 704//704 706//706
f 615//615 706//706 708//708
f 620//620 688//688 614//614
f 614//614 688//688 690//690
f 614//614 690//690 692//692
f 786//786 787//787 620//620
f 620//620 787//787 764//764
f 620//620 764//764 728//728
f 728//728 764//764 766//766
f 728//728 766//766 726//726
f 726//726 766//766 768//768
f 726//726 768//768 724//724
f 724//724 768//768 722//722
f 722//722 768//768 770//770
f 722//722 770//770 555//555
f 555//555 770//770 772//772
f 555//555 772//772 774//774
f 788//788 789//789 786//786
f 786//786 789//789 790//790
f 786//786 790//790 791//791
f 791//791 792//792 786//786
f 786//786 792//792 793//793
f 786//786 793//793 794//794
f 794//794 795//795 786//786
f 786//786 795//795 796//796
f 786//786 796//796 797//797
f 797//797 798//798 786//786
f 786//786 798//798 799//799
f 786//786 799//799 46//46
f 46//46 799//799 44//44
f 44//44 799//799 42//42
f 42//42 799//799 40//40
f 40//40 799//799 38//38
f 38//38 799//799 36//36
f 36//36 799//799 34//34
f 34//34 799//799 800//800
f 34//34 800//800 32//32
f 32//32 800//800 30//30
f 30//30 800//800 28//28
f 28//28 800//800 26//26
f 26//26 800//800 24//24
f 24//24 800//800 22//22
f 22//22 800//800 20//20
f 20//20 800//800 801//801
f 20//20 801//801 18//18
f 18//18 801//801 16//16
f 16//16 801//801 14//14
f 14//14 801//801 103//103
f 14//14 103//103 105//105
f 800//800 802//802 801//801
f 801//801 802//802 803//803
f 801//801 803//803 804//804
f 804//804 805//805 801//801
f 801//801 805//805 806//806
f 801//801 806//806 807//807
f 807//807 808//808 801//801
f 801//801 808//808 809//809
f 801//801 809//809 810//810
f 810//810 811//811 801//801
f 801//801 811//811 812//812
f 801//801 813//813 103//103
f 103//103 813//813 101//101
f 101//101 813//813 99//99
f 99//99 813//813 248//248
f 99//99 248//248 97//97
f 97//97 248//248 95//95
f 95//95 248//248 93//93
f 93//93 248//248 91//91
f 91//91 248//248 89//89
f 89//89 248//248 83//83
f 83//83 248//248 85//85
f 85//85 248//248 249//249
f 85//85 249//249 87//87
f 87//87 249//249 88//88
f 88//88 249//249 137//137
f 137//137 249//249 135//135
f 135//135 249//249 133//133
f 133//133 249//249 131//131
f 131//131 249//249 129//129
f 129//129 249//249 814//814
f 129//129 814//814 127//127
f 127//127 814//814 125//125
f 125//125 814//814 786//786
f 125//125 786//786 52//52
f 52//52 786//786 50//50
f 50//50 786//786 48//48
f 48//48 786//786 46//46
f 815//815 816//816 813//813
f 813//813 816//816 817//817
f 813//813 817//817 818//818
f 818//818 819//819 813//813
f 813//813 819//819 820//820
f 813//813 820//820 821//821
f 821//821 822//822 813//813
f 813//813 822//822 823//823
f 813//813 823//823 824//824
f 824//824 825//825 813//813
f 813//813 825//825 248//248
f 249//249 826//826 814//814
f 814//814 826//826 827//827
f 814//814 827//827 828//828
f 828//828 829//829 814//814
f 814//814 829//829 830//830
f 814//814 830//830 831//831
f 831//831 832//832 814//814
f 814//814 832//832 833//833
f 814//814 833//833 834//834
f 834//834 835//835 814//814
f 814//814 835//835 836//836
f 814//814 787//787 786//786
f 554//554 748//748 787//787
f 787//787 748//748 750//750
f 787//787 750//750 752//752
f 555//555 732//732 554//554
f 554//554 732//732 734//734
f 554//554 734//734 736//736
f 555//555 615//615 722//722
f 722//722 615//615 720//720
f 720//720 615//615 718//718
f 718//718 615//615 716//716
f 716//716 615//615 714//714
f 714//714 615//615 712//712
f 712//712 615//615 710//710
f 710//710 615//615 708//708
f 2//2 113//113 4//4
f 4//4 113//113 115//115
f 4//4 115//115 6//6
f 6//6 115//115 117//117
f 6//6 117//117 7//7
f 7//7 117//117 119//119
f 7//7 119//119 56//56
f 56//56 119//119 121//121
f 56//56 121//121 54//54
f 54//54 121//121 123//123
f 54//54 123//123 52//52
f 52//52 123//123 125//125
f 113//113 2//2 111//111
f 111//111 2//2 8//8
f 111//111 8//8 109//109
f 109//109 8//8 10//10
f 109//109 10//10 107//107
f 107//107 10//10 12//12
f 107//107 12//12 105//105
f 105//105 12//12 14//14
f 674//674 676//676 620//620
f 620//620 676//676 678//678
f 620//620 678//678 680//680
f 680//680 682//682 620//620
f 620//620 682//682 684//684
f 620//620 684//684 686//686
f 686//686 688//688 620//620
f 692//692 694//694 614//614
f 614//614 694//694 696//696
f 614//614 696//696 698//698
f 698//698 700//700 614//614
f 614//614 700//700 702//702
f 614//614 702//702 704//704
f 728//728 674//674 620//620
f 736//736 738//738 554//554
f 554//554 738//738 740//740
f 554//554 740//740 742//742
f 742//742 744//744 554//554
f 554//554 744//744 746//746
f 554//554 746//746 748//748
f 752//752 754//754 787//787
f 787//787 754//754 756//756
f 787//787 756//756 758//758
f 758//758 760//760 787//787
f 787//787 760//760 762//762
f 787//787 762//762 764//764
f 774//774 776//776 555//555
f 555//555 776//776 778//778
f 555//555 778//778 780//780
f 780//780 782//782 555//555
f 555//555 782//782 784//784
f 555//555 784//784 730//730
f 730//730 732//732 555//555
f 837//837 799//799 838//838
f 838//838 799//799 798//798
f 838//838 798//798 839//839
f 839//839 798//798 797//797
f 839//839 797//797 840//840
f 840//840 797//797 796//796
f 840//840 796//796 841//841
f 841//841 796//796 795//795
f 841//841 795//795 842//842
f 842//842 795//795 794//794
f 842//842 794//794 843//843
f 843//843 794//794 793//793
f 843//843 793//793 844//844
f 844//844 793//793 792//792
f 844//844 792//792 845//845
f 845//845 792//792 791//791
f 845//845 791//791 846//846
f 846//846 791//791 790//790
f 846//846 790//790 847//847
f 847//847 790//790 789//789
f 847//847 789//789 848//848
f 848//848 789//789 788//788
f 848//848 788//788 786//786
f 786//786 552//552 848//848
f 848//848 552//552 849//849
f 848//848 849//849 847//847
f 847//847 849//849 850//850
f 847//847 850//850 846//846
f 846//846 850//850 851//851
f 846//846 851//851 845//845
f 845//845 851//851 852//852
f 845//845 852//852 844//844
f 844//844 852//852 853//853
f 844//844 853//853 843//843
f 843//843 853//853 854//854
f 843//843 854//854 842//842
f 842//842 854//854 855//855
f 842//842 855//855 841//841
f 841//841 855//855 856//856
f 841//841 856//856 840//840
f 840//840 856//856 857//857
f 840//840 857//857 839//839
f 839//839 857//857 858//858
f 839//839 858//858 838//838
f 838//838 858//858 859//859
f 838//838 859//859 837//837
f 552//552 786//786 548//548
f 548//548 786//786 620//620
f 545//545 669//669 546//546
f 546//546 669//669 670//670
f 546//546 670//670 671//671
f 554//554 661//661 545//545
f 545//545 661//661 662//662
f 545//545 662//662 663//663
f 787//787 653//653 554//554
f 554//554 653//653 654//654
f 554//554 654//654 655//655
f 546//546 647//647 787//787
f 787//787 647//647 648//648
f 787//787 648//648 649//649
f 649//649 650//650 787//787
f 787//787 650//650 651//651
f 787//787 651//651 652//652
f 652//652 653//653 787//787
f 655//655 656//656 554//554
f 554//554 656//656 657//657
f 554//554 657//657 658//658
f 658//658 659//659 554//554
f 554//554 659//659 660//660
f 554//554 660//660 661//661
f 663//663 664//664 545//545
f 545//545 664//664 665//665
f 545//545 665//665 666//666
f 666//666 667//667 545//545
f 545//545 667//667 668//668
f 545//545 668//668 669//669
f 671//671 672//672 546//546
f 546//546 672//672 673//673
f 546//546 673//673 646//646
f 646//646 647//647 546//546
f 551//551 546//546 814//814
f 814//814 546//546 787//787
f 801//801 860//860 813//813
f 813//813 860//860 861//861
f 551//551 814//814 862//862
f 862//862 814//814 836//836
f 862//862 836//836 835//835
f 862//862 835//835 863//863
f 863//863 835//835 834//834
f 863//863 834//834 864//864
f 864//864 834//834 833//833
f 864//864 833//833 865//865
f 865//865 833//833 832//832
f 865//865 832//832 866//866
f 866//866 832//832 831//831
f 866//866 831//831 867//867
f 867//867 831//831 830//830
f 867//867 830//830 868//868
f 868//868 830//830 829//829
f 868//868 829//829 869//869
f 869//869 829//829 828//828
f 869//869 828//828 870//870
f 870//870 828//828 827//827
f 870//870 827//827 871//871
f 871//871 827//827 826//826
f 871//871 826//826 872//872
f 872//872 826//826 249//249
f 872//872 249//249 250//250
f 250//250 873//873 872//872
f 872//872 873//873 871//871
f 873//873 874//874 871//871
f 871//871 874//874 870//870
f 874//874 875//875 870//870
f 870//870 875//875 869//869
f 875//875 876//876 869//869
f 869//869 876//876 868//868
f 876//876 877//877 868//868
f 868//868 877//877 867//867
f 877//877 878//878 867//867
f 867//867 878//878 866//866
f 878//878 879//879 866//866
f 866//866 879//879 865//865
f 879//879 880//880 865//865
f 865//865 880//880 864//864
f 880//880 881//881 864//864
f 864//864 881//881 863//863
f 881//881 882//882 863//863
f 863//863 882//882 862//862
f 882//882 883//883 862//862
f 862//862 883//883 551//551
f 247//247 248//248 884//884
f 884//884 248//248 825//825
f 884//884 825//825 824//824
f 884//884 824//824 885//885
f 885//885 824//824 823//823
f 885//885 823//823 886//886
f 886//886 823//823 822//822
f 886//886 822//822 887//887
f 887//887 822//822 821//821
f 887//887 821//821 888//888
f 888//888 821//821 820//820
f 888//888 820//820 889//889
f 889//889 820//820 819//819
f 889//889 819//819 890//890
f 890//890 819//819 818//818
f 890//890 818//818 891//891
f 891//891 818//818 817//817
f 891//891 817//817 892//892
f 892//892 817//817 816//816
f 892//892 816//816 893//893
f 893//893 816//816 815//815
f 893//893 815//815 894//894
f 894//894 815//815 813//813
f 894//894 813//813 861//861
f 861//861 895//895 894//894
f 894//894 895//895 893//893
f 895//895 896//896 893//893
f 893//893 896//896 892//892
f 896//896 897//897 892//892
f 892//892 897//897 891//891
f 897//897 898//898 891//891
f 891//891 898//898 890//890
f 898//898 899//899 890//890
f 890//890 899//899 889//889
f 899//899 900//900 889//889
f 889//889 900//900 888//888
f 900//900 901//901 888//888
f 888//888 901//901 887//887
f 901//901 902//902 887//887
f 887//887 902//902 886//886
f 902//902 903//903 886//886
f 886//886 903//903 885//885
f 903//903 904//904 885//885
f 885//885 904//904 884//884
f 904//904 905//905 884//884
f 884//884 905//905 247//247
f 860//860 801//801 906//906
f 906//906 801//801 812//812
f 906//906 812//812 907//907
f 907//907 812//812 811//811
f 907//907 811//811 908//908
f 908//908 811//811 810//810
f 908//908 810//810 909//909
f 909//909 810//810 809//809
f 909//909 809//809 910//910
f 910//910 809//809 808//808
f 910//910 808//808 911//911
f 911//911 808//808 807//807
f 911//911 807//807 912//912
f 912//912 807//807 806//806
f 912//912 806//806 913//913
f 913//913 806//806 805//805
f 913//913 805//805 914//914
f 914//914 805//805 804//804
f 914//914 804//804 915//915
f 915//915 804//804 803//803
f 915//915 803//803 916//916
f 916//916 803//803 802//802
f 916//916 802//802 800//800
f 800//800 917//917 916//916
f 916//916 917//917 918//918
f 916//916 918//918 915//915
f 915//915 918//918 919//919
f 915//915 919//919 914//914
f 914//914 919//919 920//920
f 914//914 920//920 913//913
f 913//913 920//920 921//921
f 913//913 921//921 912//912
f 912//912 921//921 922//922
f 912//912 922//922 911//911
f 911//911 922//922 923//923
f 911//911 923//923 910//910
f 910//910 923//923 924//924
f 910//910 924//924 909//909
f 909//909 924//924 925//925
f 909//909 925//925 908//908
f 908//908 925//925 926//926
f 908//908 926//926 907//907
f 907//907 926//926 927//927
f 907//907 927//927 906//906
f 906//906 927//927 928//928
f 906//906 928//928 860//860
f 799//799 837//837 800//800
f 800//800 837//837 917//917
f 211//211 213//213 929//929
f 929//929 213//213 247//247
f 929//929 247//247 905//905
f 929//929 905//905 930//930
f 930//930 905//905 904//904
f 930//930 904//904 931//931
f 931//931 904//904 903//903
f 931//931 903//903 932//932
f 932//932 903//903 902//902
f 932//932 902//902 933//933
f 933//933 902//902 901//901
f 933//933 901//901 934//934
f 934//934 901//901 900//900
f 934//934 900//900 899//899
f 934//934 899//899 935//935
f 935//935 899//899 898//898
f 935//935 898//898 936//936
f 936//936 898//898 897//897
f 936//936 897//897 937//937
f 937//937 897//897 896//896
f 937//937 896//896 938//938
f 938//938 896//896 895//895
f 938//938 895//895 939//939
f 939//939 895//895 861//861
f 939//939 861//861 940//940
f 940//940 861//861 860//860
f 940//940 860//860 928//928
f 940//940 928//928 941//941
f 941//941 928//928 927//927
f 941//941 927//927 942//942
f 942//942 927//927 926//926
f 942//942 926//926 943//943
f 943//943 926//926 925//925
f 943//943 925//925 944//944
f 944//944 925//925 924//924
f 944//944 924//924 945//945
f 945//945 924//924 923//923
f 945//945 923//923 922//922
f 945//945 922//922 946//946
f 946//946 922//922 921//921
f 946//946 921//921 947//947
f 947//947 921//921 920//920
f 947//947 920//920 948//948
f 948//948 920//920 919//919
f 948//948 919//919 949//949
f 949//949 919//919 918//918
f 949//949 918//918 950//950
f 950//950 918//918 917//917
f 950//950 917//917 837//837
f 950//950 837//837 951//951
f 951//951 837//837 859//859
f 951//951 859//859 952//952
f 952//952 859//859 858//858
f 952//952 858//858 953//953
f 953//953 858//858 857//857
f 953//953 857//857 954//954
f 954//954 857//857 856//856
f 954//954 856//856 955//955
f 955//955 856//856 855//855
f 955//955 855//855 956//956
f 956//956 855//855 854//854
f 956//956 854//854 853//853
f 956//956 853//853 957//957
f 957//957 853//853 852//852
f 957//957 852//852 958//958
f 958//958 852//852 851//851
f 958//958 851//851 959//959
f 959//959 851//851 850//850
f 959//959 850//850 960//960
f 960//960 850//850 849//849
f 960//960 849//849 961//961
f 961//961 849//849 552//552
f 961//961 552//552 962//962
f 962//962 552//552 551//551
f 962//962 551//551 883//883
f 962//962 883//883 963//963
f 963//963 883//883 882//882
f 963//963 882//882 964//964
f 964//964 882//882 881//881
f 964//964 881//881 965//965
f 965//965 881//881 880//880
f 965//965 880//880 966//966
f 966//966 880//880 879//879
f 966//966 879//879 967//967
f 967//967 879//879 878//878
f 967//967 878//878 877//877
f 967//967 877//877 968//968
f 968//968 877//877 876//876
f 968//968 876//876 969//969
f 969//969 876//876 875//875
f 969//969 875//875 970//970
f 970//970 875//875 874//874
f 970//970 874//874 971//971
f 971//971 874//874 873//873
f 971//971 873//873 251//251
f 251//251 873//873 250//250
f 251//251 250//250 218//218
f 218//218 216//216 251//251
f 972//972 973//973 974//974
f 974//974 973//973 975//975
f 974//974 975//975 976//976
f 976//976 975//975 977//977
f 977//977 975//975 978//978
f 978//978 975//975 979//979
f 978//978 979//979 980//980
f 980//980 979//979 981//981
f 980//980 981//981 982//982
f 982//982 981//981 983//983
f 982//982 983//983 984//984
f 984//984 983//983 985//985
f 984//984 985//985 986//986
f 986//986 985//985 987//987
f 986//986 987//987 988//988
f 988//988 987//987 989//989
f 989//989 987//987 990//990
f 990//990 987//987 991//991
f 990//990 991//991 992//992
f 992//992 991//991 993//993
f 992//992 993//993 994//994
f 994//994 993//993 995//995
f 994//994 995//995 972//972
f 972//972 995//995 973//973
f 979//979 975//975 973//973
f 979//979 973//973 995//995
f 981//981 979//979 995//995
f 981//981 995//995 993//993
f 983//983 981//981 993//993
f 983//983 993//993 991//991
f 985//985 983//983 991//991
f 985//985 991//991 987//987
f 996//996 997//997 998//998
f 998//998 997//997 999//999
f 998//998 999//999 1000//1000
f 998//998 1000//1000 1001//1001
f 1001//1001 1000//1000 1002//1002
f 1001//1001 1002//1002 1003//1003
f 1003//1003 1002//1002 1004//1004
f 1003//1003 1004//1004 1005//1005
f 1005//1005 1004//1004 1006//1006
f 1005//1005 1006//1006 1007//1007
f 1007//1007 1006//1006 1008//1008
f 1007//1007 1008//1008 1009//1009
f 1007//1007 1009//1009 1010//1010
f 1010//1010 1009//1009 1011//1011
f 1010//1010 1011//1011 1012//1012
f 1012//1012 1011//1011 1013//1013
f 1012//1012 1013//1013 1014//1014
f 1014//1014 1013//1013 1015//1015
f 1014//1014 1015//1015 1016//1016
f 1016//1016 1015//1015 1017//1017
f 1016//1016 1017//1017 1018//1018
f 1018//1018 1017//1017 1019//1019
f 1018//1018 1019//1019 1020//1020
f 1020//1020 1019//1019 1021//1021
f 1020//1020 1021//1021 1022//1022
f 1022//1022 1021//1021 1023//1023
f 1022//1022 1023//1023 1024//1024
f 1024//1024 1023//1023 1025//1025
f 1024//1024 1025//1025 977//977
f 977//977 1025//1025 976//976
f 977//977 978//978 1024//1024
f 1024//1024 978//978 1026//1026
f 1024//1024 1026//1026 1022//1022
f 1022//1022 1026//1026 1027//1027
f 1022//1022 1027//1027 1020//1020
f 1020//1020 1027//1027 1028//1028
f 1020//1020 1028//1028 1018//1018
f 1018//1018 1028//1028 1029//1029
f 1018//1018 1029//1029 1016//1016
f 1016//1016 1029//1029 1030//1030
f 1016//1016 1030//1030 1014//1014
f 1014//1014 1030//1030 1031//1031
f 1014//1014 1031//1031 1012//1012
f 1012//1012 1031//1031 1032//1032
f 1012//1012 1032//1032 1010//1010
f 1010//1010 1032//1032 1033//1033
f 1010//1010 1033//1033 1007//1007
f 1007//1007 1033//1033 1005//1005
f 978//978 980//980 1026//1026
f 1026//1026 980//980 1034//1034
f 1026//1026 1034//1034 1027//1027
f 1027//1027 1034//1034 1035//1035
f 1027//1027 1035//1035 1028//1028
f 1028//1028 1035//1035 1036//1036
f 1028//1028 1036//1036 1029//1029
f 1029//1029 1036//1036 1037//1037
f 1029//1029 1037//1037 1030//1030
f 1030//1030 1037//1037 1038//1038
f 1030//1030 1038//1038 1031//1031
f 1031//1031 1038//1038 1039//1039
f 1031//1031 1039//1039 1032//1032
f 1032//1032 1039//1039 1040//1040
f 1032//1032 1040//1040 1033//1033
f 1033//1033 1040//1040 1041//1041
f 1033//1033 1041//1041 1005//1005
f 1005//1005 1041//1041 1003//1003
f 980//980 982//982 1034//1034
f 1034//1034 982//982 1042//1042
f 1034//1034 1042//1042 1035//1035
f 1035//1035 1042//1042 1043//1043
f 1035//1035 1043//1043 1036//1036
f 1036//1036 1043//1043 1044//1044
f 1036//1036 1044//1044 1037//1037
f 1037//1037 1044//1044 1045//1045
f 1037//1037 1045//1045 1038//1038
f 1038//1038 1045//1045 1046//1046
f 1038//1038 1046//1046 1039//1039
f 1039//1039 1046//1046 1047//1047
f 1039//1039 1047//1047 1040//1040
f 1040//1040 1047//1047 1048//1048
f 1040//1040 1048//1048 1041//1041
f 1041//1041 1048//1048 1049//1049
f 1041//1041 1049//1049 1003//1003
f 1003//1003 1049//1049 1001//1001
f 982//982 984//984 1042//1042
f 1042//1042 984//984 1050//1050
f 1042//1042 1050//1050 1043//1043
f 1043//1043 1050//1050 1051//1051
f 1043//1043 1051//1051 1044//1044
f 1044//1044 1051//1051 1052//1052
f 1044//1044 1052//1052 1045//1045
f 1045//1045 1052//1052 1053//1053
f 1045//1045 1053//1053 1046//1046
f 1046//1046 1053//1053 1054//1054
f 1046//1046 1054//1054 1047//1047
f 1047//1047 1054//1054 1055//1055
f 1047//1047 1055//1055 1048//1048
f 1048//1048 1055//1055 1056//1056
f 1048//1048 1056//1056 1049//1049
f 1049//1049 1056//1056 1057//1057
f 1049//1049 1057//1057 1001//1001
f 1001//1001 1057//1057 998//998
f 984//984 986//986 1050//1050
f 1050//1050 986//986 1058//1058
f 1050//1050 1058//1058 1051//1051
f 1051//1051 1058//1058 1059//1059
f 1051//1051 1059//1059 1052//1052
f 1052//1052 1059//1059 1060//1060
f 1052//1052 1060//1060 1053//1053
f 1053//1053 1060//1060 1061//1061
f 1053//1053 1061//1061 1054//1054
f 1054//1054 1061//1061 1055//1055
f 1061//1061 1062//1062 1055//1055
f 1055//1055 1062//1062 1056//1056
f 1062//1062 1063//1063 1056//1056
f 1056//1056 1063//1063 1057//1057
f 1063//1063 996//996 1057//1057
f 1057//1057 996//996 998//998
f 244//244 1006//1006 246//246
f 246//246 1006//1006 1064//1064
f 246//246 1064//1064 1065//1065
f 1065//1065 1064//1064 1066//1066
f 1065//1065 1066//1066 1067//1067
f 1067//1067 1066//1066 1068//1068
f 1068//1068 1066//1066 1069//1069
f 1068//1068 1069//1069 1070//1070
f 1070//1070 1069//1069 1071//1071
f 1070//1070 1071//1071 1072//1072
f 1072//1072 1071//1071 1073//1073
f 1072//1072 1073//1073 1074//1074
f 1074//1074 1073//1073 1075//1075
f 1074//1074 1075//1075 997//997
f 997//997 1075//1075 999//999
f 999//999 1075//1075 1000//1000
f 1000//1000 1075//1075 1076//1076
f 1000//1000 1076//1076 1002//1002
f 1002//1002 1076//1076 1077//1077
f 1002//1002 1077//1077 1004//1004
f 1004//1004 1077//1077 1078//1078
f 1004//1004 1078//1078 1006//1006
f 1006//1006 1078//1078 1064//1064
f 244//244 242//242 1006//1006
f 1006//1006 242//242 1008//1008
f 1008//1008 242//242 240//240
f 1008//1008 240//240 239//239
f 1067//1067 1079//1079 1065//1065
f 1065//1065 1079//1079 232//232
f 1065//1065 232//232 246//246
f 252//252 228//228 1079//1079
f 1079//1079 228//228 230//230
f 1079//1079 230//230 232//232
f 220//220 219//219 252//252
f 252//252 219//219 228//228
f 1066//1066 1064//1064 1078//1078
f 1069//1069 1066//1066 1078//1078
f 1069//1069 1078//1078 1077//1077
f 1071//1071 1069//1069 1077//1077
f 1071//1071 1077//1077 1076//1076
f 1073//1073 1071//1071 1076//1076
f 1073//1073 1076//1076 1075//1075
f 1080//1080 1081//1081 1082//1082
f 1082//1082 1081//1081 1083//1083
f 1082//1082 1083//1083 1084//1084
f 1082//1082 1084//1084 1085//1085
f 1085//1085 1084//1084 1086//1086
f 1085//1085 1086//1086 1087//1087
f 1087//1087 1086//1086 1088//1088
f 1087//1087 1088//1088 1089//1089
f 1089//1089 1088//1088 1090//1090
f 1089//1089 1090//1090 1091//1091
f 1091//1091 1090//1090 1092//1092
f 1091//1091 1092//1092 1093//1093
f 1091//1091 1093//1093 1094//1094
f 1094//1094 1093//1093 1095//1095
f 1094//1094 1095//1095 1096//1096
f 1096//1096 1095//1095 1097//1097
f 1096//1096 1097//1097 1098//1098
f 1098//1098 1097//1097 1099//1099
f 1098//1098 1099//1099 1100//1100
f 1100//1100 1099//1099 1101//1101
f 1100//1100 1101//1101 1102//1102
f 1102//1102 1101//1101 1103//1103
f 1102//1102 1103//1103 1104//1104
f 1104//1104 1103//1103 1105//1105
f 1104//1104 1105//1105 1106//1106
f 1106//1106 1105//1105 1107//1107
f 1106//1106 1107//1107 1108//1108
f 1108//1108 1107//1107 1109//1109
f 1108//1108 1109//1109 1079//1079
f 1079//1079 1109//1109 252//252
f 1079//1079 1067//1067 1108//1108
f 1108//1108 1067//1067 1110//1110
f 1108//1108 1110//1110 1106//1106
f 1106//1106 1110//1110 1111//1111
f 1106//1106 1111//1111 1104//1104
f 1104//1104 1111//1111 1112//1112
f 1104//1104 1112//1112 1102//1102
f 1102//1102 1112//1112 1113//1113
f 1102//1102 1113//1113 1100//1100
f 1100//1100 1113//1113 1114//1114
f 1100//1100 1114//1114 1098//1098
f 1098//1098 1114//1114 1115//1115
f 1098//1098 1115//1115 1096//1096
f 1096//1096 1115//1115 1116//1116
f 1096//1096 1116//1116 1094//1094
f 1094//1094 1116//1116 1117//1117
f 1094//1094 1117//1117 1091//1091
f 1091//1091 1117//1117 1089//1089
f 1067//1067 1068//1068 1110//1110
f 1110//1110 1068//1068 1118//1118
f 1110//1110 1118//1118 1111//1111
f 1111//1111 1118//1118 1119//1119
f 1111//1111 1119//1119 1112//1112
f 1112//1112 1119//1119 1120//1120
f 1112//1112 1120//1120 1113//1113
f 1113//1113 1120//1120 1121//1121
f 1113//1113 1121//1121 1114//1114
f 1114//1114 1121//1121 1122//1122
f 1114//1114 1122//1122 1115//1115
f 1115//1115 1122//1122 1123//1123
f 1115//1115 1123//1123 1116//1116
f 1116//1116 1123//1123 1124//1124
f 1116//1116 1124//1124 1117//1117
f 1117//1117 1124//1124 1125//1125
f 1117//1117 1125//1125 1089//1089
f 1089//1089 1125//1125 1087//1087
f 1068//1068 1070//1070 1118//1118
f 1118//1118 1070//1070 1126//1126
f 1118//1118 1126//1126 1119//1119
f 1119//1119 1126//1126 1127//1127
f 1119//1119 1127//1127 1120//1120
f 1120//1120 1127//1127 1128//1128
f 1120//1120 1128//1128 1121//1121
f 1121//1121 1128//1128 1129//1129
f 1121//1121 1129//1129 1122//1122
f 1122//1122 1129//1129 1130//1130
f 1122//1122 1130//1130 1123//1123
f 1123//1123 1130//1130 1131//1131
f 1123//1123 1131//1131 1124//1124
f 1124//1124 1131//1131 1132//1132
f 1124//1124 1132//1132 1125//1125
f 1125//1125 1132//1132 1133//1133
f 1125//1125 1133//1133 1087//1087
f 1087//1087 1133//1133 1085//1085
f 1070//1070 1072//1072 1126//1126
f 1126//1126 1072//1072 1134//1134
f 1126//1126 1134//1134 1127//1127
f 1127//1127 1134//1134 1135//1135
f 1127//1127 1135//1135 1128//1128
f 1128//1128 1135//1135 1136//1136
f 1128//1128 1136//1136 1129//1129
f 1129//1129 1136//1136 1137//1137
f 1129//1129 1137//1137 1130//1130
f 1130//1130 1137//1137 1138//1138
f 1130//1130 1138//1138 1131//1131
f 1131//1131 1138//1138 1139//1139
f 1131//1131 1139//1139 1132//1132
f 1132//1132 1139//1139 1140//1140
f 1132//1132 1140//1140 1133//1133
f 1133//1133 1140//1140 1141//1141
f 1133//1133 1141//1141 1085//1085
f 1085//1085 1141//1141 1082//1082
f 1072//1072 1074//1074 1134//1134
f 1134//1134 1074//1074 1142//1142
f 1134//1134 1142//1142 1135//1135
f 1135//1135 1142//1142 1143//1143
f 1135//1135 1143//1143 1136//1136
f 1136//1136 1143//1143 1144//1144
f 1136//1136 1144//1144 1137//1137
f 1137//1137 1144//1144 1145//1145
f 1137//1137 1145//1145 1138//1138
f 1138//1138 1145//1145 1139//1139
f 1145//1145 1146//1146 1139//1139
f 1139//1139 1146//1146 1140//1140
f 1146//1146 1147//1147 1140//1140
f 1140//1140 1147//1147 1141//1141
f 1147//1147 1080//1080 1141//1141
f 1141//1141 1080//1080 1082//1082
f 1148//1148 1149//1149 1150//1150
f 1150//1150 1149//1149 1151//1151
f 1150//1150 1151//1151 1081//1081
f 1081//1081 1151//1151 1083//1083
f 1083//1083 1151//1151 1084//1084
f 1084//1084 1151//1151 1152//1152
f 1084//1084 1152//1152 1086//1086
f 1086//1086 1152//1152 1153//1153
f 1086//1086 1153//1153 1088//1088
f 1088//1088 1153//1153 1154//1154
f 1088//1088 1154//1154 1090//1090
f 1090//1090 1154//1154 1155//1155
f 1090//1090 1155//1155 1092//1092
f 1092//1092 1155//1155 1156//1156
f 1092//1092 1156//1156 1157//1157
f 1157//1157 1156//1156 1158//1158
f 1158//1158 1156//1156 1159//1159
f 1159//1159 1156//1156 1160//1160
f 1159//1159 1160//1160 1161//1161
f 1161//1161 1160//1160 1162//1162
f 1161//1161 1162//1162 1163//1163
f 1163//1163 1162//1162 1164//1164
f 1163//1163 1164//1164 1148//1148
f 1148//1148 1164//1164 1149//1149
f 1152//1152 1151//1151 1149//1149
f 1152//1152 1149//1149 1164//1164
f 1153//1153 1152//1152 1164//1164
f 1153//1153 1164//1164 1162//1162
f 1154//1154 1153//1153 1162//1162
f 1154//1154 1162//1162 1160//1160
f 1155//1155 1154//1154 1160//1160
f 1155//1155 1160//1160 1156//1156
f 1165//1165 1166//1166 1167//1167
f 1167//1167 1166//1166 1168//1168
f 1167//1167 1168//1168 1169//1169
f 1167//1167 1169//1169 1170//1170
f 1170//1170 1169//1169 1171//1171
f 1170//1170 1171//1171 1172//1172
f 1172//1172 1171//1171 1173//1173
f 1172//1172 1173//1173 1174//1174
f 1174//1174 1173//1173 1175//1175
f 1174//1174 1175//1175 1176//1176
f 1176//1176 1175//1175 1177//1177
f 1176//1176 1177//1177 1178//1178
f 1176//1176 1178//1178 1179//1179
f 1179//1179 1178//1178 1180//1180
f 1179//1179 1180//1180 1181//1181
f 1181//1181 1180//1180 1182//1182
f 1181//1181 1182//1182 1183//1183
f 1183//1183 1182//1182 1184//1184
f 1183//1183 1184//1184 1185//1185
f 1185//1185 1184//1184 1186//1186
f 1185//1185 1186//1186 1187//1187
f 1187//1187 1186//1186 1188//1188
f 1187//1187 1188//1188 1189//1189
f 1189//1189 1188//1188 1190//1190
f 1189//1189 1190//1190 1191//1191
f 1191//1191 1190//1190 1192//1192
f 1191//1191 1192//1192 1193//1193
f 1193//1193 1192//1192 1194//1194
f 1193//1193 1194//1194 1158//1158
f 1158//1158 1194//1194 1157//1157
f 1158//1158 1159//1159 1193//1193
f 1193//1193 1159//1159 1195//1195
f 1193//1193 1195//1195 1191//1191
f 1191//1191 1195//1195 1196//1196
f 1191//1191 1196//1196 1189//1189
f 1189//1189 1196//1196 1197//1197
f 1189//1189 1197//1197 1187//1187
f 1187//1187 1197//1197 1198//1198
f 1187//1187 1198//1198 1185//1185
f 1185//1185 1198//1198 1199//1199
f 1185//1185 1199//1199 1183//1183
f 1183//1183 1199//1199 1200//1200
f 1183//1183 1200//1200 1181//1181
f 1181//1181 1200//1200 1201//1201
f 1181//1181 1201//1201 1179//1179
f 1179//1179 1201//1201 1202//1202
f 1179//1179 1202//1202 1176//1176
f 1176//1176 1202//1202 1174//1174
f 1159//1159 1161//1161 1195//1195
f 1195//1195 1161//1161 1203//1203
f 1195//1195 1203//1203 1196//1196
f 1196//1196 1203//1203 1204//1204
f 1196//1196 1204//1204 1197//1197
f 1197//1197 1204//1204 1205//1205
f 1197//1197 1205//1205 1198//1198
f 1198//1198 1205//1205 1206//1206
f 1198//1198 1206//1206 1199//1199
f 1199//1199 1206//1206 1207//1207
f 1199//1199 1207//1207 1200//1200
f 1200//1200 1207//1207 1208//1208
f 1200//1200 1208//1208 1201//1201
f 1201//1201 1208//1208 1209//1209
f 1201//1201 1209//1209 1202//1202
f 1202//1202 1209//1209 1210//1210
f 1202//1202 1210//1210 1174//1174
f 1174//1174 1210//1210 1172//1172
f 1161//1161 1163//1163 1203//1203
f 1203//1203 1163//1163 1211//1211
f 1203//1203 1211//1211 1204//1204
f 1204//1204 1211//1211 1212//1212
f 1204//1204 1212//1212 1205//1205
f 1205//1205 1212//1212 1213//1213
f 1205//1205 1213//1213 1206//1206
f 1206//1206 1213//1213 1214//1214
f 1206//1206 1214//1214 1207//1207
f 1207//1207 1214//1214 1215//1215
f 1207//1207 1215//1215 1208//1208
f 1208//1208 1215//1215 1216//1216
f 1208//1208 1216//1216 1209//1209
f 1209//1209 1216//1216 1217//1217
f 1209//1209 1217//1217 1210//1210
f 1210//1210 1217//1217 1218//1218
f 1210//1210 1218//1218 1172//1172
f 1172//1172 1218//1218 1170//1170
f 1163//1163 1148//1148 1211//1211
f 1211//1211 1148//1148 1219//1219
f 1211//1211 1219//1219 1212//1212
f 1212//1212 1219//1219 1220//1220
f 1212//1212 1220//1220 1213//1213
f 1213//1213 1220//1220 1221//1221
f 1213//1213 1221//1221 1214//1214
f 1214//1214 1221//1221 1222//1222
f 1214//1214 1222//1222 1215//1215
f 1215//1215 1222//1222 1223//1223
f 1215//1215 1223//1223 1216//1216
f 1216//1216 1223//1223 1224//1224
f 1216//1216 1224//1224 1217//1217
f 1217//1217 1224//1224 1225//1225
f 1217//1217 1225//1225 1218//1218
f 1218//1218 1225//1225 1226//1226
f 1218//1218 1226//1226 1170//1170
f 1170//1170 1226//1226 1167//1167
f 1148//1148 1150//1150 1219//1219
f 1219//1219 1150//1150 1227//1227
f 1219//1219 1227//1227 1220//1220
f 1220//1220 1227//1227 1228//1228
f 1220//1220 1228//1228 1221//1221
f 1221//1221 1228//1228 1229//1229
f 1221//1221 1229//1229 1222//1222
f 1222//1222 1229//1229 1230//1230
f 1222//1222 1230//1230 1223//1223
f 1223//1223 1230//1230 1224//1224
f 1230//1230 1231//1231 1224//1224
f 1224//1224 1231//1231 1225//1225
f 1231//1231 1232//1232 1225//1225
f 1225//1225 1232//1232 1226//1226
f 1232//1232 1165//1165 1226//1226
f 1226//1226 1165//1165 1167//1167
f 1233//1233 1234//1234 1235//1235
f 1235//1235 1234//1234 1236//1236
f 1235//1235 1236//1236 1166//1166
f 1166//1166 1236//1236 1168//1168
f 1168//1168 1236//1236 1169//1169
f 1169//1169 1236//1236 1237//1237
f 1169//1169 1237//1237 1171//1171
f 1171//1171 1237//1237 1238//1238
f 1171//1171 1238//1238 1173//1173
f 1173//1173 1238//1238 1239//1239
f 1173//1173 1239//1239 1175//1175
f 1175//1175 1239//1239 1240//1240
f 1175//1175 1240//1240 1177//1177
f 1177//1177 1240//1240 1241//1241
f 1177//1177 1241//1241 1242//1242
f 1242//1242 1241//1241 1243//1243
f 1243//1243 1241//1241 1244//1244
f 1244//1244 1241//1241 1245//1245
f 1244//1244 1245//1245 1246//1246
f 1246//1246 1245//1245 1247//1247
f 1246//1246 1247//1247 1248//1248
f 1248//1248 1247//1247 1249//1249
f 1248//1248 1249//1249 1233//1233
f 1233//1233 1249//1249 1234//1234
f 1237//1237 1236//1236 1234//1234
f 1237//1237 1234//1234 1249//1249
f 1238//1238 1237//1237 1249//1249
f 1238//1238 1249//1249 1247//1247
f 1239//1239 1238//1238 1247//1247
f 1239//1239 1247//1247 1245//1245
f 1240//1240 1239//1239 1245//1245
f 1240//1240 1245//1245 1241//1241
f 1250//1250 988//988 1251//1251
f 1251//1251 988//988 989//989
f 1251//1251 989//989 990//990
f 1251//1251 990//990 1252//1252
f 1252//1252 990//990 992//992
f 1252//1252 992//992 1253//1253
f 1253//1253 992//992 994//994
f 1253//1253 994//994 1254//1254
f 1254//1254 994//994 972//972
f 1254//1254 972//972 1255//1255
f 1255//1255 972//972 974//974
f 1255//1255 974//974 1256//1256
f 1255//1255 1256//1256 1257//1257
f 1257//1257 1256//1256 1258//1258
f 1257//1257 1258//1258 1259//1259
f 1259//1259 1258//1258 1260//1260
f 1259//1259 1260//1260 1261//1261
f 1261//1261 1260//1260 1262//1262
f 1261//1261 1262//1262 1263//1263
f 1263//1263 1262//1262 1264//1264
f 1263//1263 1264//1264 1265//1265
f 1265//1265 1264//1264 1266//1266
f 1265//1265 1266//1266 1267//1267
f 1267//1267 1266//1266 1268//1268
f 1267//1267 1268//1268 1269//1269
f 1269//1269 1268//1268 1270//1270
f 1269//1269 1270//1270 1271//1271
f 1271//1271 1270//1270 1272//1272
f 1271//1271 1272//1272 1243//1243
f 1243//1243 1272//1272 1242//1242
f 1243//1243 1244//1244 1271//1271
f 1271//1271 1244//1244 1273//1273
f 1271//1271 1273//1273 1269//1269
f 1269//1269 1273//1273 1274//1274
f 1269//1269 1274//1274 1267//1267
f 1267//1267 1274//1274 1275//1275
f 1267//1267 1275//1275 1265//1265
f 1265//1265 1275//1275 1276//1276
f 1265//1265 1276//1276 1263//1263
f 1263//1263 1276//1276 1277//1277
f 1263//1263 1277//1277 1261//1261
f 1261//1261 1277//1277 1278//1278
f 1261//1261 1278//1278 1259//1259
f 1259//1259 1278//1278 1279//1279
f 1259//1259 1279//1279 1257//1257
f 1257//1257 1279//1279 1280//1280
f 1257//1257 1280//1280 1255//1255
f 1255//1255 1280//1280 1254//1254
f 1244//1244 1246//1246 1273//1273
f 1273//1273 1246//1246 1281//1281
f 1273//1273 1281//1281 1274//1274
f 1274//1274 1281//1281 1282//1282
f 1274//1274 1282//1282 1275//1275
f 1275//1275 1282//1282 1283//1283
f 1275//1275 1283//1283 1276//1276
f 1276//1276 1283//1283 1284//1284
f 1276//1276 1284//1284 1277//1277
f 1277//1277 1284//1284 1285//1285
f 1277//1277 1285//1285 1278//1278
f 1278//1278 1285//1285 1286//1286
f 1278//1278 1286//1286 1279//1279
f 1279//1279 1286//1286 1287//1287
f 1279//1279 1287//1287 1280//1280
f 1280//1280 1287//1287 1288//1288
f 1280//1280 1288//1288 1254//1254
f 1254//1254 1288//1288 1253//1253
f 1246//1246 1248//1248 1281//1281
f 1281//1281 1248//1248 1289//1289
f 1281//1281 1289//1289 1282//1282
f 1282//1282 1289//1289 1290//1290
f 1282//1282 1290//1290 1283//1283
f 1283//1283 1290//1290 1291//1291
f 1283//1283 1291//1291 1284//1284
f 1284//1284 1291//1291 1292//1292
f 1284//1284 1292//1292 1285//1285
f 1285//1285 1292//1292 1293//1293
f 1285//1285 1293//1293 1286//1286
f 1286//1286 1293//1293 1294//1294
f 1286//1286 1294//1294 1287//1287
f 1287//1287 1294//1294 1295//1295
f 1287//1287 1295//1295 1288//1288
f 1288//1288 1295//1295 1296//1296
f 1288//1288 1296//1296 1253//1253
f 1253//1253 1296//1296 1252//1252
f 1248//1248 1233//1233 1289//1289
f 1289//1289 1233//1233 1297//1297
f 1289//1289 1297//1297 1290//1290
f 1290//1290 1297//1297 1298//1298
f 1290//1290 1298//1298 1291//1291
f 1291//1291 1298//1298 1299//1299
f 1291//1291 1299//1299 1292//1292
f 1292//1292 1299//1299 1300//1300
f 1292//1292 1300//1300 1293//1293
f 1293//1293 1300//1300 1301//1301
f 1293//1293 1301//1301 1294//1294
f 1294//1294 1301//1301 1302//1302
f 1294//1294 1302//1302 1295//1295
f 1295//1295 1302//1302 1303//1303
f 1295//1295 1303//1303 1296//1296
f 1296//1296 1303//1303 1304//1304
f 1296//1296 1304//1304 1252//1252
f 1252//1252 1304//1304 1251//1251
f 1233//1233 1235//1235 1297//1297
f 1297//1297 1235//1235 1305//1305
f 1297//1297 1305//1305 1298//1298
f 1298//1298 1305//1305 1306//1306
f 1298//1298 1306//1306 1299//1299
f 1299//1299 1306//1306 1307//1307
f 1299//1299 1307//1307 1300//1300
f 1300//1300 1307//1307 1308//1308
f 1300//1300 1308//1308 1301//1301
f 1301//1301 1308//1308 1302//1302
f 1308//1308 1309//1309 1302//1302
f 1302//1302 1309//1309 1303//1303
f 1309//1309 1310//1310 1303//1303
f 1303//1303 1310//1310 1304//1304
f 1310//1310 1250//1250 1304//1304
f 1304//1304 1250//1250 1251//1251
f 961//961 1157//1157 960//960
f 960//960 1157//1157 1194//1194
f 960//960 1194//1194 959//959
f 959//959 1194//1194 1192//1192
f 959//959 1192//1192 958//958
f 958//958 1192//1192 1190//1190
f 958//958 1190//1190 957//957
f 957//957 1190//1190 1188//1188
f 957//957 1188//1188 956//956
f 956//956 1188//1188 1186//1186
f 956//956 1186//1186 955//955
f 955//955 1186//1186 1184//1184
f 955//955 1184//1184 954//954
f 954//954 1184//1184 1182//1182
f 954//954 1182//1182 953//953
f 953//953 1182//1182 1180//1180
f 953//953 1180//1180 952//952
f 952//952 1180//1180 1178//1178
f 952//952 1178//1178 951//951
f 951//951 1178//1178 1177//1177
f 1177//1177 1242//1242 951//951
f 951//951 1242//1242 950//950
f 950//950 1242//1242 949//949
f 949//949 1242//1242 1272//1272
f 949//949 1272//1272 948//948
f 948//948 1272//1272 1270//1270
f 948//948 1270//1270 947//947
f 947//947 1270//1270 1268//1268
f 947//947 1268//1268 946//946
f 946//946 1268//1268 1266//1266
f 946//946 1266//1266 945//945
f 945//945 1266//1266 1264//1264
f 945//945 1264//1264 944//944
f 944//944 1264//1264 1262//1262
f 944//944 1262//1262 943//943
f 943//943 1262//1262 1260//1260
f 943//943 1260//1260 942//942
f 942//942 1260//1260 1258//1258
f 942//942 1258//1258 941//941
f 941//941 1258//1258 1256//1256
f 941//941 1256//1256 940//940
f 940//940 1256//1256 974//974
f 974//974 976//976 940//940
f 940//940 976//976 939//939
f 988//988 196//196 986//986
f 986//986 196//196 195//195
f 986//986 195//195 194//194
f 1250//1250 1235//1235 988//988
f 988//988 1235//1235 170//170
f 988//988 170//170 169//169
f 1250//1250 1310//1310 1235//1235
f 1235//1235 1310//1310 1309//1309
f 1235//1235 1309//1309 1308//1308
f 1308//1308 1307//1307 1235//1235
f 1235//1235 1307//1307 1306//1306
f 1235//1235 1306//1306 1305//1305
f 1166//1166 176//176 1235//1235
f 1235//1235 176//176 175//175
f 1235//1235 175//175 174//174
f 1165//1165 1150//1150 1166//1166
f 1166//1166 1150//1150 497//497
f 1166//1166 497//497 498//498
f 1165//1165 1232//1232 1150//1150
f 1150//1150 1232//1232 1231//1231
f 1150//1150 1231//1231 1230//1230
f 1230//1230 1229//1229 1150//1150
f 1150//1150 1229//1229 1228//1228
f 1150//1150 1228//1228 1227//1227
f 1081//1081 542//542 1150//1150
f 1150//1150 542//542 488//488
f 1150//1150 488//488 489//489
f 1080//1080 1147//1147 1081//1081
f 1081//1081 1147//1147 1146//1146
f 1081//1081 1146//1146 1145//1145
f 1145//1145 1144//1144 1081//1081
f 1081//1081 1144//1144 1143//1143
f 1081//1081 1143//1143 1142//1142
f 1142//1142 1074//1074 1081//1081
f 1081//1081 1074//1074 339//339
f 1081//1081 339//339 340//340
f 997//997 188//188 1074//1074
f 1074//1074 188//188 187//187
f 1074//1074 187//187 210//210
f 996//996 1063//1063 997//997
f 997//997 1063//1063 1062//1062
f 997//997 1062//1062 1061//1061
f 1061//1061 1060//1060 997//997
f 997//997 1060//1060 1059//1059
f 997//997 1059//1059 1058//1058
f 1058//1058 986//986 997//997
f 997//997 986//986 194//194
f 997//997 194//194 193//193
f 165//165 164//164 501//501
f 501//501 164//164 163//163
f 501//501 163//163 186//186
f 501//501 186//186 502//502
f 502//502 186//186 185//185
f 502//502 185//185 184//184
f 184//184 183//183 502//502
f 502//502 183//183 182//182
f 502//502 182//182 181//181
f 181//181 180//180 502//502
f 502//502 180//180 503//503
f 503//503 180//180 179//179
f 503//503 179//179 1166//1166
f 1166//1166 179//179 178//178
f 1166//1166 178//178 177//177
f 177//177 176//176 1166//1166
f 174//174 173//173 1235//1235
f 1235//1235 173//173 172//172
f 1235//1235 172//172 171//171
f 171//171 170//170 1235//1235
f 169//169 168//168 988//988
f 988//988 168//168 196//196
f 196//196 168//168 197//197
f 197//197 168//168 167//167
f 197//197 167//167 198//198
f 198//198 167//167 166//166
f 198//198 166//166 199//199
f 199//199 166//166 165//165
f 199//199 165//165 501//501
f 210//210 209//209 1074//1074
f 1074//1074 209//209 358//358
f 1074//1074 358//358 335//335
f 335//335 358//358 334//334
f 334//334 358//358 333//333
f 333//333 358//358 332//332
f 332//332 358//358 331//331
f 331//331 358//358 330//330
f 330//330 358//358 329//329
f 329//329 358//358 357//357
f 329//329 357//357 328//328
f 328//328 357//357 327//327
f 327//327 357//357 326//326
f 326//326 357//357 325//325
f 325//325 357//357 324//324
f 358//358 209//209 359//359
f 359//359 209//209 208//208
f 359//359 208//208 207//207
f 207//207 206//206 359//359
f 359//359 206//206 205//205
f 359//359 205//205 204//204
f 204//204 203//203 359//359
f 359//359 203//203 360//360
f 360//360 203//203 202//202
f 360//360 202//202 201//201
f 201//201 200//200 360//360
f 360//360 200//200 199//199
f 360//360 199//199 501//501
f 193//193 192//192 997//997
f 997//997 192//192 191//191
f 997//997 191//191 190//190
f 190//190 189//189 997//997
f 997//997 189//189 188//188
f 335//335 336//336 1074//1074
f 1074//1074 336//336 337//337
f 1074//1074 337//337 338//338
f 338//338 339//339 1074//1074
f 340//340 341//341 1081//1081
f 1081//1081 341//341 342//342
f 1081//1081 342//342 343//343
f 343//343 344//344 1081//1081
f 1081//1081 344//344 345//345
f 1081//1081 345//345 346//346
f 346//346 347//347 1081//1081
f 1081//1081 347//347 348//348
f 1081//1081 348//348 541//541
f 541//541 348//348 349//349
f 541//541 349//349 350//350
f 350//350 351//351 541//541
f 541//541 351//351 352//352
f 541//541 352//352 353//353
f 541//541 353//353 543//543
f 543//543 353//353 354//354
f 543//543 354//354 355//355
f 355//355 356//356 543//543
f 543//543 356//356 478//478
f 543//543 478//478 479//479
f 478//478 356//356 361//361
f 361//361 356//356 363//363
f 361//361 363//363 362//362
f 362//362 363//363 394//394
f 394//394 363//363 393//393
f 393//393 363//363 392//392
f 392//392 363//363 391//391
f 391//391 363//363 390//390
f 390//390 363//363 389//389
f 389//389 363//363 388//388
f 388//388 363//363 387//387
f 387//387 363//363 386//386
f 386//386 363//363 385//385
f 385//385 363//363 384//384
f 384//384 363//363 383//383
f 383//383 363//363 382//382
f 382//382 363//363 381//381
f 381//381 363//363 380//380
f 380//380 363//363 379//379
f 379//379 363//363 378//378
f 378//378 363//363 364//364
f 378//378 364//364 377//377
f 377//377 364//364 376//376
f 376//376 364//364 375//375
f 375//375 364//364 374//374
f 374//374 364//364 373//373
f 373//373 364//364 372//372
f 372//372 364//364 365//365
f 372//372 365//365 371//371
f 371//371 365//365 366//366
f 371//371 366//366 370//370
f 370//370 366//366 367//367
f 370//370 367//367 368//368
f 368//368 369//369 370//370
f 360//360 500//500 361//361
f 361//361 500//500 476//476
f 361//361 476//476 477//477
f 466//466 467//467 499//499
f 499//499 467//467 468//468
f 499//499 468//468 469//469
f 469//469 470//470 499//499
f 499//499 470//470 471//471
f 499//499 471//471 500//500
f 500//500 471//471 472//472
f 500//500 472//472 473//473
f 473//473 474//474 500//500
f 500//500 474//474 475//475
f 500//500 475//475 476//476
f 477//477 478//478 361//361
f 543//543 479//479 544//544
f 544//544 479//479 480//480
f 544//544 480//480 481//481
f 481//481 482//482 544//544
f 544//544 482//482 483//483
f 544//544 483//483 542//542
f 542//542 483//483 484//484
f 542//542 484//484 485//485
f 485//485 486//486 542//542
f 542//542 486//486 487//487
f 542//542 487//487 488//488
f 489//489 490//490 1150//1150
f 1150//1150 490//490 491//491
f 1150//1150 491//491 492//492
f 492//492 493//493 1150//1150
f 1150//1150 493//493 494//494
f 1150//1150 494//494 495//495
f 495//495 496//496 1150//1150
f 1150//1150 496//496 497//497
f 1166//1166 498//498 503//503
f 503//503 498//498 505//505
f 503//503 505//505 504//504
f 504//504 505//505 536//536
f 536//536 505//505 535//535
f 535//535 505//505 534//534
f 534//534 505//505 533//533
f 533//533 505//505 532//532
f 532//532 505//505 531//531
f 531//531 505//505 524//524
f 531//531 524//524 530//530
f 530//530 524//524 525//525
f 530//530 525//525 526//526
f 506//506 520//520 505//505
f 505//505 520//520 521//521
f 505//505 521//521 522//522
f 507//507 514//514 506//506
f 506//506 514//514 515//515
f 506//506 515//515 516//516
f 514//514 507//507 513//513
f 513//513 507//507 508//508
f 513//513 508//508 512//512
f 512//512 508//508 509//509
f 512//512 509//509 510//510
f 510//510 511//511 512//512
f 516//516 517//517 506//506
f 506//506 517//517 518//518
f 506//506 518//518 519//519
f 519//519 520//520 506//506
f 522//522 523//523 505//505
f 505//505 523//523 524//524
f 530//530 526//526 529//529
f 529//529 526//526 527//527
f 529//529 527//527 528//528
f 501//501 500//500 360//360
f 541//541 542//542 1081//1081
f 1092//1092 1157//1157 962//962
f 962//962 1157//1157 961//961
f 251//251 252//252 971//971
f 971//971 252//252 1109//1109
f 971//971 1109//1109 970//970
f 970//970 1109//1109 1107//1107
f 970//970 1107//1107 969//969
f 969//969 1107//1107 1105//1105
f 969//969 1105//1105 968//968
f 968//968 1105//1105 1103//1103
f 968//968 1103//1103 967//967
f 967//967 1103//1103 1101//1101
f 967//967 1101//1101 966//966
f 966//966 1101//1101 1099//1099
f 966//966 1099//1099 965//965
f 965//965 1099//1099 1097//1097
f 965//965 1097//1097 964//964
f 964//964 1097//1097 1095//1095
f 964//964 1095//1095 963//963
f 963//963 1095//1095 1093//1093
f 963//963 1093//1093 962//962
f 962//962 1093//1093 1092//1092
f 211//211 929//929 212//212
f 212//212 929//929 1008//1008
f 212//212 1008//1008 233//233
f 233//233 1008//1008 235//235
f 235//235 1008//1008 237//237
f 237//237 1008//1008 239//239
f 939//939 976//976 938//938
f 938//938 976//976 1025//1025
f 938//938 1025//1025 937//937
f 937//937 1025//1025 1023//1023
f 937//937 1023//1023 936//936
f 936//936 1023//1023 1021//1021
f 936//936 1021//1021 935//935
f 935//935 1021//1021 1019//1019
f 935//935 1019//1019 934//934
f 934//934 1019//1019 1017//1017
f 934//934 1017//1017 933//933
f 933//933 1017//1017 1015//1015
f 933//933 1015//1015 932//932
f 932//932 1015//1015 1013//1013
f 932//932 1013//1013 931//931
f 931//931 1013//1013 1011//1011
f 931//931 1011//1011 930//930
f 930//930 1011//1011 1009//1009
f 930//930 1009//1009 929//929
f 929//929 1009//1009 1008//1008
# 2640 faces, 0 coords texture

# End of File
