####
#
# OBJ File Generated by Meshlab
#
####
# Object cam_high_mount_link.obj
#
# Vertices: 1452
# Faces: 2924
#
####
v 0.050634 0.068119 0.005799
v 0.050000 0.068184 0.005768
v 0.050000 0.067908 0.005178
v 0.049366 0.068119 0.005799
v 0.049366 0.067838 0.005196
v 0.048763 0.067928 0.005888
v 0.048763 0.067630 0.005249
v 0.048223 0.067620 0.006031
v 0.048223 0.067295 0.005334
v 0.047772 0.067211 0.006222
v 0.047772 0.066850 0.005447
v 0.047432 0.066721 0.006450
v 0.047432 0.066317 0.005582
v 0.047221 0.066175 0.006705
v 0.047221 0.065722 0.005733
v 0.047150 0.065601 0.006973
v 0.047150 0.065097 0.005893
v 0.047221 0.065026 0.007241
v 0.047221 0.064471 0.006052
v 0.047432 0.064480 0.007496
v 0.047432 0.063877 0.006203
v 0.047772 0.063990 0.007724
v 0.047772 0.063344 0.006338
v 0.048223 0.063581 0.007915
v 0.048223 0.062899 0.006451
v 0.048763 0.063273 0.008058
v 0.048763 0.062564 0.006536
v 0.049366 0.063082 0.008147
v 0.049366 0.062356 0.006589
v 0.050000 0.063018 0.008177
v 0.050000 0.062285 0.006607
v 0.050634 0.062356 0.006589
v 0.050634 0.063082 0.008147
v 0.051237 0.062564 0.006536
v 0.051237 0.063273 0.008058
v 0.051777 0.062899 0.006451
v 0.051777 0.063581 0.007915
v 0.052228 0.063344 0.006338
v 0.052228 0.063990 0.007724
v 0.052568 0.063877 0.006203
v 0.052568 0.064480 0.007496
v 0.052779 0.064471 0.006052
v 0.052779 0.065026 0.007241
v 0.052850 0.065097 0.005893
v 0.052850 0.065601 0.006973
v 0.052779 0.065722 0.005733
v 0.052779 0.066175 0.006705
v 0.052568 0.066317 0.005582
v 0.052568 0.066721 0.006450
v 0.052228 0.066850 0.005447
v 0.052228 0.067211 0.006222
v 0.051777 0.067295 0.005334
v 0.051777 0.067620 0.006031
v 0.051237 0.067630 0.005249
v 0.051237 0.067928 0.005888
v 0.050634 0.067838 0.005196
v 0.050000 0.067141 0.006254
v 0.050440 0.067089 0.006279
v 0.050850 0.066935 0.006351
v 0.051202 0.066690 0.006465
v 0.051472 0.066371 0.006614
v 0.051642 0.065999 0.006787
v 0.051700 0.065601 0.006973
v 0.051642 0.065202 0.007159
v 0.051472 0.064830 0.007332
v 0.051202 0.064511 0.007481
v 0.050850 0.064266 0.007595
v 0.050440 0.064112 0.007667
v 0.050000 0.064060 0.007691
v 0.049560 0.064112 0.007667
v 0.049150 0.064266 0.007595
v 0.048798 0.064511 0.007481
v 0.048528 0.064830 0.007332
v 0.048358 0.065202 0.007159
v 0.048300 0.065601 0.006973
v 0.048358 0.065999 0.006787
v 0.048528 0.066371 0.006614
v 0.048798 0.066690 0.006465
v 0.049150 0.066935 0.006351
v 0.049560 0.067089 0.006279
v 0.030634 0.068119 0.005799
v 0.030000 0.068184 0.005768
v 0.030000 0.067908 0.005178
v 0.029366 0.068119 0.005799
v 0.029366 0.067838 0.005196
v 0.028763 0.067928 0.005888
v 0.028763 0.067630 0.005249
v 0.028223 0.067620 0.006031
v 0.028223 0.067295 0.005334
v 0.027772 0.067211 0.006222
v 0.027772 0.066850 0.005447
v 0.027432 0.066721 0.006450
v 0.027432 0.066317 0.005582
v 0.027221 0.066175 0.006705
v 0.027221 0.065722 0.005733
v 0.027150 0.065601 0.006973
v 0.027150 0.065097 0.005893
v 0.027221 0.065026 0.007241
v 0.027221 0.064471 0.006052
v 0.027432 0.064480 0.007496
v 0.027432 0.063877 0.006203
v 0.027772 0.063990 0.007724
v 0.027772 0.063344 0.006338
v 0.028223 0.063581 0.007915
v 0.028223 0.062899 0.006451
v 0.028763 0.063273 0.008058
v 0.028763 0.062564 0.006536
v 0.029366 0.063082 0.008147
v 0.029366 0.062356 0.006589
v 0.030000 0.063018 0.008177
v 0.030000 0.062285 0.006607
v 0.030634 0.062356 0.006589
v 0.030634 0.063082 0.008147
v 0.031237 0.062564 0.006536
v 0.031237 0.063273 0.008058
v 0.031777 0.062899 0.006451
v 0.031777 0.063581 0.007915
v 0.032228 0.063344 0.006338
v 0.032228 0.063990 0.007724
v 0.032568 0.063877 0.006203
v 0.032568 0.064480 0.007496
v 0.032779 0.064471 0.006052
v 0.032779 0.065026 0.007241
v 0.032850 0.065097 0.005893
v 0.032850 0.065601 0.006973
v 0.032779 0.065722 0.005733
v 0.032779 0.066175 0.006705
v 0.032568 0.066317 0.005582
v 0.032568 0.066721 0.006450
v 0.032228 0.066850 0.005447
v 0.032228 0.067211 0.006222
v 0.031777 0.067295 0.005334
v 0.031777 0.067620 0.006031
v 0.031237 0.067630 0.005249
v 0.031237 0.067928 0.005888
v 0.030634 0.067838 0.005196
v 0.030000 0.067141 0.006254
v 0.030440 0.067089 0.006279
v 0.030850 0.066935 0.006351
v 0.031202 0.066690 0.006465
v 0.031472 0.066371 0.006614
v 0.031642 0.065999 0.006787
v 0.031700 0.065601 0.006973
v 0.031642 0.065202 0.007159
v 0.031472 0.064830 0.007332
v 0.031202 0.064511 0.007481
v 0.030850 0.064266 0.007595
v 0.030440 0.064112 0.007667
v 0.030000 0.064060 0.007691
v 0.029560 0.064112 0.007667
v 0.029150 0.064266 0.007595
v 0.028798 0.064511 0.007481
v 0.028528 0.064830 0.007332
v 0.028358 0.065202 0.007159
v 0.028300 0.065601 0.006973
v 0.028358 0.065999 0.006787
v 0.028528 0.066371 0.006614
v 0.028798 0.066690 0.006465
v 0.029150 0.066935 0.006351
v 0.029560 0.067089 0.006279
v 0.039264 0.058450 0.019355
v 0.034359 0.058450 0.019355
v 0.039264 0.057381 0.019854
v 0.032654 0.057381 0.019854
v 0.032690 0.057813 0.019652
v 0.032829 0.058228 0.019459
v 0.033034 0.058619 0.019276
v 0.033288 0.058987 0.019105
v 0.033898 0.059654 0.018794
v 0.034679 0.058852 0.019167
v 0.034591 0.060252 0.018515
v 0.035054 0.059213 0.018999
v 0.035875 0.059870 0.018693
v 0.036048 0.061374 0.017992
v 0.037523 0.061174 0.018085
v 0.036752 0.061963 0.017717
v 0.037384 0.062613 0.017414
v 0.038284 0.061887 0.017752
v 0.037651 0.062974 0.017246
v 0.038621 0.062279 0.017570
v 0.037857 0.063366 0.017063
v 0.038904 0.062703 0.017372
v 0.037973 0.063788 0.016866
v 0.039111 0.063161 0.017158
v 0.039229 0.063646 0.016932
v 0.037988 0.064005 0.016765
v 0.039246 0.064144 0.016700
v 0.039158 0.064635 0.016471
v 0.037972 0.064223 0.016663
v 0.038960 0.065099 0.016254
v 0.037922 0.064436 0.016564
v 0.038660 0.065517 0.016060
v 0.037838 0.064640 0.016468
v 0.038270 0.065870 0.015895
v 0.037721 0.064830 0.016380
v 0.037575 0.065004 0.016299
v 0.037810 0.066145 0.015767
v 0.037403 0.065157 0.016227
v 0.037210 0.065288 0.016166
v 0.037304 0.066335 0.015678
v 0.037000 0.065395 0.016117
v 0.036777 0.065474 0.016080
v 0.036768 0.066443 0.015628
v 0.036306 0.065553 0.016043
v 0.036220 0.066480 0.015610
v 0.035825 0.065547 0.016045
v 0.035670 0.066463 0.015618
v 0.035357 0.065456 0.016088
v 0.035128 0.066384 0.015655
v 0.035136 0.065371 0.016128
v 0.034607 0.066230 0.015727
v 0.034929 0.065260 0.016180
v 0.034740 0.065124 0.016243
v 0.034123 0.065992 0.015838
v 0.034574 0.064964 0.016317
v 0.034434 0.064786 0.016401
v 0.033701 0.065671 0.015988
v 0.034323 0.064592 0.016491
v 0.033363 0.065277 0.016172
v 0.034196 0.064176 0.016685
v 0.033122 0.064829 0.016380
v 0.032978 0.064350 0.016604
v 0.032886 0.063860 0.016832
v 0.034148 0.063742 0.016887
v 0.039264 0.058577 0.019627
v 0.034359 0.058577 0.019627
v 0.032886 0.063986 0.017104
v 0.032978 0.064477 0.016876
v 0.033122 0.064956 0.016652
v 0.033363 0.065404 0.016443
v 0.033701 0.065798 0.016260
v 0.034123 0.066118 0.016110
v 0.034607 0.066357 0.015999
v 0.035128 0.066511 0.015927
v 0.035670 0.066590 0.015890
v 0.036220 0.066607 0.015882
v 0.036768 0.066570 0.015900
v 0.037304 0.066462 0.015950
v 0.037810 0.066272 0.016039
v 0.038270 0.065996 0.016167
v 0.038660 0.065644 0.016332
v 0.038960 0.065226 0.016526
v 0.039158 0.064762 0.016743
v 0.039246 0.064270 0.016972
v 0.039229 0.063772 0.017204
v 0.039111 0.063288 0.017430
v 0.038904 0.062829 0.017644
v 0.038621 0.062406 0.017842
v 0.038284 0.062014 0.018024
v 0.037523 0.061301 0.018357
v 0.035875 0.059997 0.018965
v 0.035054 0.059340 0.019271
v 0.034679 0.058979 0.019439
v 0.034148 0.063869 0.017159
v 0.032654 0.057507 0.020126
v 0.032690 0.057939 0.019924
v 0.032829 0.058354 0.019731
v 0.033034 0.058746 0.019548
v 0.033288 0.059113 0.019377
v 0.033898 0.059781 0.019065
v 0.034591 0.060379 0.018787
v 0.036048 0.061501 0.018264
v 0.036752 0.062090 0.017989
v 0.037384 0.062740 0.017686
v 0.037651 0.063100 0.017517
v 0.037857 0.063492 0.017335
v 0.037973 0.063915 0.017138
v 0.037988 0.064132 0.017036
v 0.037972 0.064350 0.016935
v 0.037922 0.064563 0.016835
v 0.037838 0.064767 0.016740
v 0.037721 0.064957 0.016652
v 0.037575 0.065130 0.016571
v 0.037403 0.065284 0.016499
v 0.037210 0.065415 0.016438
v 0.037000 0.065521 0.016389
v 0.036777 0.065601 0.016352
v 0.036306 0.065680 0.016315
v 0.035825 0.065674 0.016317
v 0.035357 0.065583 0.016360
v 0.035136 0.065498 0.016400
v 0.034929 0.065386 0.016451
v 0.034740 0.065250 0.016515
v 0.034574 0.065091 0.016589
v 0.034434 0.064912 0.016673
v 0.034323 0.064718 0.016763
v 0.034196 0.064303 0.016957
v 0.039264 0.057507 0.020126
v 0.040580 0.059755 0.018747
v 0.040686 0.059273 0.018971
v 0.041870 0.059854 0.018701
v 0.040846 0.058810 0.019187
v 0.042067 0.059186 0.019012
v 0.041104 0.058384 0.019386
v 0.041456 0.058010 0.019560
v 0.042246 0.058880 0.019155
v 0.041879 0.057702 0.019704
v 0.042488 0.058611 0.019280
v 0.042354 0.057470 0.019812
v 0.042788 0.058395 0.019381
v 0.042864 0.057317 0.019883
v 0.043131 0.058242 0.019452
v 0.043396 0.057240 0.019919
v 0.043501 0.058159 0.019491
v 0.043938 0.057229 0.019924
v 0.043884 0.058143 0.019498
v 0.044263 0.058191 0.019476
v 0.044478 0.057278 0.019901
v 0.044626 0.058301 0.019424
v 0.045001 0.057398 0.019845
v 0.044958 0.058472 0.019345
v 0.045491 0.057599 0.019752
v 0.045248 0.058699 0.019239
v 0.045935 0.057879 0.019621
v 0.045489 0.058971 0.019112
v 0.046324 0.058223 0.019461
v 0.045675 0.059275 0.018970
v 0.046648 0.058616 0.019277
v 0.045802 0.059600 0.018819
v 0.046902 0.059047 0.019076
v 0.045877 0.059939 0.018661
v 0.047080 0.059507 0.018862
v 0.047180 0.059987 0.018639
v 0.045908 0.060286 0.018499
v 0.047211 0.060476 0.018410
v 0.045897 0.060634 0.018337
v 0.047173 0.060965 0.018182
v 0.047057 0.061442 0.017960
v 0.045837 0.060976 0.018177
v 0.046853 0.061893 0.017750
v 0.045718 0.061304 0.018024
v 0.046561 0.062306 0.017557
v 0.046196 0.062668 0.017388
v 0.045534 0.061609 0.017882
v 0.045767 0.062967 0.017249
v 0.045291 0.061878 0.017757
v 0.045288 0.063191 0.017144
v 0.044996 0.062099 0.017653
v 0.044658 0.062262 0.017578
v 0.044772 0.063331 0.017079
v 0.044292 0.062362 0.017531
v 0.044235 0.063388 0.017052
v 0.043912 0.062404 0.017511
v 0.043694 0.063366 0.017063
v 0.043529 0.062397 0.017515
v 0.043169 0.063259 0.017112
v 0.043155 0.062332 0.017545
v 0.042679 0.063065 0.017203
v 0.042799 0.062208 0.017602
v 0.042211 0.062821 0.017317
v 0.042470 0.062031 0.017685
v 0.042189 0.061799 0.017793
v 0.041951 0.061529 0.017919
v 0.040799 0.061665 0.017856
v 0.041767 0.066320 0.015685
v 0.042749 0.065257 0.016181
v 0.046740 0.066320 0.015685
v 0.046740 0.065257 0.016181
v 0.042211 0.062948 0.017589
v 0.042679 0.063192 0.017475
v 0.043169 0.063386 0.017384
v 0.043694 0.063492 0.017335
v 0.044235 0.063515 0.017324
v 0.044772 0.063458 0.017351
v 0.045288 0.063318 0.017416
v 0.045767 0.063094 0.017520
v 0.046196 0.062795 0.017660
v 0.046561 0.062433 0.017829
v 0.046853 0.062020 0.018021
v 0.047057 0.061569 0.018232
v 0.047173 0.061092 0.018454
v 0.047211 0.060603 0.018682
v 0.047180 0.060113 0.018910
v 0.047080 0.059634 0.019134
v 0.046902 0.059174 0.019348
v 0.046648 0.058743 0.019549
v 0.046324 0.058350 0.019733
v 0.045935 0.058006 0.019893
v 0.045491 0.057726 0.020024
v 0.045001 0.057525 0.020117
v 0.044478 0.057405 0.020173
v 0.043938 0.057356 0.020196
v 0.043396 0.057367 0.020191
v 0.042864 0.057443 0.020155
v 0.042354 0.057596 0.020084
v 0.041879 0.057829 0.019976
v 0.041456 0.058137 0.019832
v 0.041104 0.058510 0.019658
v 0.040846 0.058937 0.019459
v 0.040686 0.059400 0.019243
v 0.040580 0.059881 0.019019
v 0.042749 0.065384 0.016453
v 0.046740 0.065384 0.016453
v 0.046740 0.066447 0.015957
v 0.041767 0.066447 0.015957
v 0.040799 0.061792 0.018128
v 0.041951 0.061656 0.018191
v 0.041870 0.059980 0.018972
v 0.042067 0.059313 0.019284
v 0.042246 0.059007 0.019426
v 0.042488 0.058738 0.019552
v 0.042788 0.058521 0.019653
v 0.043131 0.058368 0.019724
v 0.043501 0.058286 0.019763
v 0.043884 0.058270 0.019770
v 0.044263 0.058318 0.019748
v 0.044626 0.058428 0.019696
v 0.044958 0.058599 0.019617
v 0.045248 0.058826 0.019511
v 0.045489 0.059098 0.019384
v 0.045675 0.059402 0.019242
v 0.045802 0.059727 0.019091
v 0.045877 0.060066 0.018933
v 0.045908 0.060413 0.018771
v 0.045897 0.060761 0.018608
v 0.045837 0.061103 0.018449
v 0.045718 0.061431 0.018296
v 0.045534 0.061735 0.018154
v 0.045291 0.062005 0.018028
v 0.044996 0.062226 0.017925
v 0.044658 0.062389 0.017849
v 0.044292 0.062489 0.017803
v 0.043912 0.062531 0.017783
v 0.043529 0.062523 0.017787
v 0.043155 0.062459 0.017817
v 0.042799 0.062335 0.017874
v 0.042470 0.062158 0.017957
v 0.042189 0.061926 0.018065
v 0.028358 0.069592 0.014491
v 0.028300 0.069193 0.014677
v 0.028358 0.068794 0.014862
v 0.028528 0.068422 0.015036
v 0.028798 0.068103 0.015185
v 0.029150 0.067859 0.015299
v 0.029560 0.067705 0.015371
v 0.030000 0.067652 0.015395
v 0.030440 0.067705 0.015371
v 0.030850 0.067859 0.015299
v 0.031202 0.068103 0.015185
v 0.031472 0.068422 0.015036
v 0.031642 0.068794 0.014862
v 0.031700 0.069193 0.014677
v 0.031642 0.069592 0.014491
v 0.031472 0.069963 0.014317
v 0.031202 0.070282 0.014169
v 0.030850 0.070527 0.014054
v 0.030440 0.070681 0.013983
v 0.030000 0.070734 0.013958
v 0.029560 0.070681 0.013983
v 0.029150 0.070527 0.014054
v 0.028798 0.070282 0.014169
v 0.028528 0.069963 0.014317
v 0.048358 0.069592 0.014491
v 0.048300 0.069193 0.014677
v 0.048358 0.068794 0.014862
v 0.048528 0.068422 0.015036
v 0.048798 0.068103 0.015185
v 0.049150 0.067859 0.015299
v 0.049560 0.067705 0.015371
v 0.050000 0.067652 0.015395
v 0.050440 0.067705 0.015371
v 0.050850 0.067859 0.015299
v 0.051202 0.068103 0.015185
v 0.051472 0.068422 0.015036
v 0.051642 0.068794 0.014862
v 0.051700 0.069193 0.014677
v 0.051642 0.069592 0.014491
v 0.051472 0.069963 0.014317
v 0.051202 0.070282 0.014169
v 0.050850 0.070527 0.014054
v 0.050440 0.070681 0.013983
v 0.050000 0.070734 0.013958
v 0.049560 0.070681 0.013983
v 0.049150 0.070527 0.014054
v 0.048798 0.070282 0.014169
v 0.048528 0.069963 0.014317
v 0.061500 0.091390 0.029152
v 0.061500 0.083107 0.011388
v 0.063500 0.091390 0.029152
v 0.063500 0.083107 0.011388
v 0.061500 0.057730 0.023221
v 0.061500 0.066013 0.040985
v 0.063500 0.057730 0.023221
v 0.063500 0.066013 0.040985
v 0.061500 0.057541 0.022639
v 0.063500 0.057552 0.022691
v 0.061500 0.057502 0.022335
v 0.063500 0.057496 0.022134
v 0.061466 0.057507 0.021929
v 0.063500 0.057566 0.021578
v 0.061381 0.057572 0.021554
v 0.061261 0.057689 0.021200
v 0.063500 0.057757 0.021052
v 0.061118 0.057855 0.020873
v 0.063500 0.058061 0.020582
v 0.060971 0.058065 0.020577
v 0.060836 0.058316 0.020313
v 0.063500 0.058462 0.020191
v 0.060738 0.058607 0.020086
v 0.063500 0.058939 0.019899
v 0.060700 0.058939 0.019899
v 0.061500 0.057618 0.022936
v 0.060700 0.079784 0.010179
v 0.063500 0.079784 0.010179
v 0.061500 0.082960 0.011119
v 0.063500 0.082815 0.010910
v 0.061500 0.082782 0.010869
v 0.061500 0.082574 0.010643
v 0.063500 0.082424 0.010510
v 0.061466 0.082260 0.010386
v 0.063500 0.081954 0.010206
v 0.061381 0.081931 0.010195
v 0.061261 0.081585 0.010058
v 0.063500 0.081428 0.010015
v 0.061118 0.081228 0.009975
v 0.063500 0.080872 0.009945
v 0.060971 0.080865 0.009945
v 0.060836 0.080502 0.009968
v 0.063500 0.080315 0.010001
v 0.060738 0.080141 0.010045
v 0.063500 0.092247 0.028752
v 0.063500 0.079840 0.002145
v 0.063500 0.050353 0.009640
v 0.063500 0.065156 0.041385
v 0.061500 0.065156 0.041385
v 0.061500 0.056492 0.022806
v 0.065724 0.031183 0.016000
v 0.065720 0.031205 0.014507
v 0.065650 0.031982 0.016000
v 0.065650 0.031982 0.014310
v 0.065724 0.032781 0.016000
v 0.065720 0.032759 0.014112
v 0.065927 0.033511 0.013921
v 0.065927 0.030454 0.014698
v 0.065944 0.030411 0.016000
v 0.066266 0.029751 0.014877
v 0.066302 0.029692 0.016000
v 0.066724 0.029120 0.015037
v 0.066785 0.029052 0.016000
v 0.067288 0.028581 0.015174
v 0.067379 0.028511 0.016000
v 0.067939 0.028152 0.015284
v 0.068061 0.028088 0.016000
v 0.068656 0.027845 0.015361
v 0.068810 0.027798 0.016000
v 0.069416 0.027672 0.015406
v 0.069599 0.027651 0.016000
v 0.070195 0.027637 0.015414
v 0.070401 0.027651 0.016000
v 0.070968 0.027741 0.015388
v 0.071190 0.027798 0.016000
v 0.071710 0.027982 0.015327
v 0.071939 0.028088 0.016000
v 0.072396 0.028352 0.015233
v 0.072621 0.028511 0.016000
v 0.073006 0.028838 0.015109
v 0.073215 0.029052 0.016000
v 0.073519 0.029425 0.014960
v 0.073698 0.029692 0.016000
v 0.073919 0.030095 0.014790
v 0.074056 0.030411 0.016000
v 0.074193 0.030825 0.014604
v 0.074276 0.031183 0.016000
v 0.074332 0.031592 0.014409
v 0.074350 0.031982 0.016000
v 0.074332 0.032372 0.014211
v 0.074276 0.032781 0.016000
v 0.074193 0.033139 0.014016
v 0.074056 0.033554 0.016000
v 0.073919 0.033870 0.013830
v 0.073698 0.034272 0.016000
v 0.073519 0.034539 0.013660
v 0.073215 0.034913 0.016000
v 0.073006 0.035126 0.013511
v 0.072621 0.035454 0.016000
v 0.072396 0.035613 0.013387
v 0.071939 0.035876 0.016000
v 0.071710 0.035982 0.013293
v 0.071190 0.036166 0.016000
v 0.070968 0.036223 0.013232
v 0.070401 0.036314 0.016000
v 0.070195 0.036328 0.013205
v 0.069599 0.036314 0.016000
v 0.069416 0.036293 0.013214
v 0.068810 0.036166 0.016000
v 0.068656 0.036119 0.013258
v 0.068061 0.035876 0.016000
v 0.067939 0.035813 0.013336
v 0.067379 0.035454 0.016000
v 0.067288 0.035383 0.013445
v 0.066785 0.034913 0.016000
v 0.066724 0.034844 0.013582
v 0.066302 0.034272 0.016000
v 0.066266 0.034213 0.013743
v 0.065944 0.033554 0.016000
v 0.067250 0.031982 0.016000
v 0.067324 0.032616 0.016000
v 0.067543 0.033216 0.016000
v 0.067893 0.033750 0.016000
v 0.068358 0.034188 0.016000
v 0.068911 0.034507 0.016000
v 0.069522 0.034690 0.016000
v 0.070160 0.034728 0.016000
v 0.070789 0.034617 0.016000
v 0.071375 0.034364 0.016000
v 0.071887 0.033982 0.016000
v 0.072298 0.033493 0.016000
v 0.072584 0.032923 0.016000
v 0.072731 0.032301 0.016000
v 0.072731 0.031663 0.016000
v 0.072584 0.031042 0.016000
v 0.072298 0.030471 0.016000
v 0.071887 0.029982 0.016000
v 0.071375 0.029601 0.016000
v 0.070789 0.029348 0.016000
v 0.070160 0.029237 0.016000
v 0.069522 0.029274 0.016000
v 0.068911 0.029457 0.016000
v 0.068358 0.029776 0.016000
v 0.067893 0.030215 0.016000
v 0.067543 0.030748 0.016000
v 0.067324 0.031348 0.016000
v 0.005724 0.031183 0.016000
v 0.005720 0.031205 0.014507
v 0.005650 0.031982 0.016000
v 0.005650 0.031982 0.014310
v 0.005724 0.032781 0.016000
v 0.005720 0.032759 0.014112
v 0.005927 0.033511 0.013921
v 0.005927 0.030454 0.014698
v 0.005944 0.030411 0.016000
v 0.006266 0.029751 0.014877
v 0.006302 0.029692 0.016000
v 0.006724 0.029120 0.015037
v 0.006785 0.029052 0.016000
v 0.007288 0.028581 0.015174
v 0.007379 0.028511 0.016000
v 0.007939 0.028152 0.015284
v 0.008061 0.028088 0.016000
v 0.008656 0.027845 0.015361
v 0.008810 0.027798 0.016000
v 0.009416 0.027672 0.015406
v 0.009599 0.027651 0.016000
v 0.010195 0.027637 0.015414
v 0.010401 0.027651 0.016000
v 0.010968 0.027741 0.015388
v 0.011190 0.027798 0.016000
v 0.011710 0.027982 0.015327
v 0.011939 0.028088 0.016000
v 0.012396 0.028352 0.015233
v 0.012621 0.028511 0.016000
v 0.013006 0.028838 0.015109
v 0.013215 0.029052 0.016000
v 0.013519 0.029425 0.014960
v 0.013698 0.029692 0.016000
v 0.013919 0.030095 0.014790
v 0.014056 0.030411 0.016000
v 0.014193 0.030825 0.014604
v 0.014276 0.031183 0.016000
v 0.014332 0.031592 0.014409
v 0.014350 0.031982 0.016000
v 0.014332 0.032372 0.014211
v 0.014276 0.032781 0.016000
v 0.014193 0.033139 0.014016
v 0.014056 0.033554 0.016000
v 0.013919 0.033870 0.013830
v 0.013698 0.034272 0.016000
v 0.013519 0.034539 0.013660
v 0.013215 0.034913 0.016000
v 0.013006 0.035126 0.013511
v 0.012621 0.035454 0.016000
v 0.012396 0.035613 0.013387
v 0.011939 0.035876 0.016000
v 0.011710 0.035982 0.013293
v 0.011190 0.036166 0.016000
v 0.010968 0.036223 0.013232
v 0.010401 0.036314 0.016000
v 0.010195 0.036328 0.013205
v 0.009599 0.036314 0.016000
v 0.009416 0.036293 0.013214
v 0.008810 0.036166 0.016000
v 0.008656 0.036119 0.013258
v 0.008061 0.035876 0.016000
v 0.007939 0.035813 0.013336
v 0.007379 0.035454 0.016000
v 0.007288 0.035383 0.013445
v 0.006785 0.034913 0.016000
v 0.006724 0.034844 0.013582
v 0.006302 0.034272 0.016000
v 0.006266 0.034213 0.013743
v 0.005944 0.033554 0.016000
v 0.007250 0.031982 0.016000
v 0.007324 0.032616 0.016000
v 0.007543 0.033216 0.016000
v 0.007893 0.033750 0.016000
v 0.008358 0.034188 0.016000
v 0.008911 0.034507 0.016000
v 0.009522 0.034690 0.016000
v 0.010160 0.034728 0.016000
v 0.010789 0.034617 0.016000
v 0.011375 0.034364 0.016000
v 0.011887 0.033982 0.016000
v 0.012298 0.033493 0.016000
v 0.012584 0.032923 0.016000
v 0.012731 0.032301 0.016000
v 0.012731 0.031663 0.016000
v 0.012584 0.031042 0.016000
v 0.012298 0.030471 0.016000
v 0.011887 0.029982 0.016000
v 0.011375 0.029601 0.016000
v 0.010789 0.029348 0.016000
v 0.010160 0.029237 0.016000
v 0.009522 0.029274 0.016000
v 0.008911 0.029457 0.016000
v 0.008358 0.029776 0.016000
v 0.007893 0.030215 0.016000
v 0.007543 0.030748 0.016000
v 0.007324 0.031348 0.016000
v 0.007324 0.032616 0.019852
v 0.007250 0.031982 0.019852
v 0.007324 0.031348 0.019852
v 0.007543 0.030748 0.019852
v 0.007893 0.030215 0.019852
v 0.008358 0.029776 0.019852
v 0.008911 0.029457 0.019852
v 0.009522 0.029274 0.019852
v 0.010160 0.029237 0.019852
v 0.010789 0.029348 0.019852
v 0.011375 0.029601 0.019852
v 0.011887 0.029982 0.019852
v 0.012298 0.030471 0.019852
v 0.012584 0.031042 0.019852
v 0.012731 0.031663 0.019852
v 0.012731 0.032301 0.019852
v 0.012584 0.032923 0.019852
v 0.012298 0.033493 0.019852
v 0.011887 0.033982 0.019852
v 0.011375 0.034364 0.019852
v 0.010789 0.034617 0.019852
v 0.010160 0.034728 0.019852
v 0.009522 0.034690 0.019852
v 0.008911 0.034507 0.019852
v 0.008358 0.034188 0.019852
v 0.007893 0.033750 0.019852
v 0.007543 0.033216 0.019852
v 0.067324 0.032616 0.019852
v 0.067250 0.031982 0.019852
v 0.067324 0.031348 0.019852
v 0.067543 0.030748 0.019852
v 0.067893 0.030215 0.019852
v 0.068358 0.029776 0.019852
v 0.068911 0.029457 0.019852
v 0.069522 0.029274 0.019852
v 0.070160 0.029237 0.019852
v 0.070789 0.029348 0.019852
v 0.071375 0.029601 0.019852
v 0.071887 0.029982 0.019852
v 0.072298 0.030471 0.019852
v 0.072584 0.031042 0.019852
v 0.072731 0.031663 0.019852
v 0.072731 0.032301 0.019852
v 0.072584 0.032923 0.019852
v 0.072298 0.033493 0.019852
v 0.071887 0.033982 0.019852
v 0.071375 0.034364 0.019852
v 0.070789 0.034617 0.019852
v 0.070160 0.034728 0.019852
v 0.069522 0.034690 0.019852
v 0.068911 0.034507 0.019852
v 0.068358 0.034188 0.019852
v 0.067893 0.033750 0.019852
v 0.067543 0.033216 0.019852
v 0.016573 0.080942 0.001865
v 0.025054 0.088278 0.000000
v 0.016500 0.079840 0.002145
v 0.016791 0.082024 0.001590
v 0.017151 0.083069 0.001324
v 0.017646 0.084059 0.001072
v 0.018268 0.084977 0.000839
v 0.019005 0.085807 0.000628
v 0.019847 0.086535 0.000443
v 0.020777 0.087148 0.000287
v 0.021781 0.087636 0.000163
v 0.022840 0.087991 0.000073
v 0.023937 0.088206 0.000018
v 0.054946 0.088278 0.000000
v 0.056063 0.088206 0.000018
v 0.057160 0.087991 0.000073
v 0.058219 0.087636 0.000163
v 0.059223 0.087148 0.000287
v 0.060153 0.086535 0.000443
v 0.060995 0.085807 0.000628
v 0.061732 0.084977 0.000839
v 0.062354 0.084059 0.001072
v 0.062849 0.083069 0.001324
v 0.063209 0.082024 0.001590
v 0.063427 0.080942 0.001865
v 0.054946 0.041915 0.011785
v 0.063427 0.049252 0.009920
v 0.063209 0.048169 0.010195
v 0.062849 0.047124 0.010461
v 0.062354 0.046134 0.010713
v 0.061732 0.045216 0.010946
v 0.060995 0.044387 0.011157
v 0.060153 0.043659 0.011342
v 0.059223 0.043046 0.011498
v 0.058219 0.042557 0.011622
v 0.057160 0.042203 0.011712
v 0.056063 0.041987 0.011767
v 0.080000 0.041915 0.011785
v 0.080000 0.021982 0.016852
v -0.000000 0.021982 0.016852
v 0.000000 0.041915 0.011785
v 0.025054 0.041915 0.011785
v 0.023937 0.041987 0.011767
v 0.022840 0.042203 0.011712
v 0.021781 0.042557 0.011622
v 0.020777 0.043046 0.011498
v 0.019847 0.043659 0.011342
v 0.019005 0.044387 0.011157
v 0.018268 0.045216 0.010946
v 0.017646 0.046134 0.010713
v 0.017151 0.047124 0.010461
v 0.016791 0.048169 0.010195
v 0.016573 0.049252 0.009920
v 0.016500 0.050353 0.009640
v 0.016500 0.065156 0.041385
v 0.016500 0.092247 0.028752
v 0.016573 0.056400 0.025249
v 0.016791 0.055405 0.025713
v 0.017151 0.054445 0.026161
v 0.017646 0.053536 0.026585
v 0.018268 0.052692 0.026978
v 0.019005 0.051930 0.027334
v 0.019847 0.051261 0.027645
v 0.020777 0.050698 0.027908
v 0.021781 0.050249 0.028117
v 0.022840 0.049923 0.028269
v 0.023937 0.049726 0.028362
v 0.025054 0.044982 0.018362
v 0.025054 0.057404 0.045000
v 0.023937 0.057470 0.044969
v 0.022840 0.057668 0.044877
v 0.021781 0.057994 0.044725
v 0.020777 0.058442 0.044516
v 0.019847 0.059006 0.044253
v 0.019005 0.059674 0.043941
v 0.018268 0.060437 0.043586
v 0.017646 0.061280 0.043192
v 0.017151 0.062189 0.042768
v 0.016791 0.063150 0.042321
v 0.016573 0.064144 0.041857
v 0.000000 0.044982 0.018362
v 0.000000 0.041982 0.019852
v 0.000000 0.021982 0.019852
v 0.000000 0.041982 0.039852
v 0.000000 0.044982 0.039852
v 0.080000 0.021982 0.019852
v 0.080000 0.041982 0.019852
v 0.080000 0.044982 0.018362
v 0.080000 0.044982 0.039852
v 0.080000 0.041982 0.039852
v 0.007324 0.044982 0.030486
v 0.007324 0.041982 0.030486
v 0.007250 0.044982 0.029852
v 0.007250 0.041982 0.029852
v 0.007324 0.044982 0.029218
v 0.007324 0.041982 0.029218
v 0.007543 0.044982 0.028618
v 0.007543 0.041982 0.028618
v 0.007893 0.044982 0.028084
v 0.007893 0.041982 0.028084
v 0.008358 0.044982 0.027646
v 0.008358 0.041982 0.027646
v 0.008911 0.044982 0.027327
v 0.008911 0.041982 0.027327
v 0.009522 0.044982 0.027144
v 0.009522 0.041982 0.027144
v 0.010160 0.044982 0.027106
v 0.010160 0.041982 0.027106
v 0.010789 0.044982 0.027217
v 0.010789 0.041982 0.027217
v 0.011375 0.044982 0.027470
v 0.011375 0.041982 0.027470
v 0.011887 0.044982 0.027851
v 0.011887 0.041982 0.027851
v 0.012298 0.044982 0.028341
v 0.012298 0.041982 0.028341
v 0.012584 0.044982 0.028911
v 0.012584 0.041982 0.028911
v 0.012731 0.044982 0.029533
v 0.012731 0.041982 0.029533
v 0.012731 0.044982 0.030171
v 0.012731 0.041982 0.030171
v 0.012584 0.044982 0.030792
v 0.012584 0.041982 0.030792
v 0.012298 0.044982 0.031363
v 0.012298 0.041982 0.031363
v 0.011887 0.044982 0.031852
v 0.011887 0.041982 0.031852
v 0.011375 0.044982 0.032233
v 0.011375 0.041982 0.032233
v 0.010789 0.044982 0.032486
v 0.010789 0.041982 0.032486
v 0.010160 0.044982 0.032597
v 0.010160 0.041982 0.032597
v 0.009522 0.044982 0.032560
v 0.009522 0.041982 0.032560
v 0.008911 0.044982 0.032377
v 0.008911 0.041982 0.032377
v 0.008358 0.044982 0.032058
v 0.008358 0.041982 0.032058
v 0.007893 0.044982 0.031619
v 0.007893 0.041982 0.031619
v 0.007543 0.044982 0.031086
v 0.007543 0.041982 0.031086
v 0.067324 0.044982 0.030486
v 0.067324 0.041982 0.030486
v 0.067250 0.044982 0.029852
v 0.067250 0.041982 0.029852
v 0.067324 0.044982 0.029218
v 0.067324 0.041982 0.029218
v 0.067543 0.044982 0.028618
v 0.067543 0.041982 0.028618
v 0.067893 0.044982 0.028084
v 0.067893 0.041982 0.028084
v 0.068358 0.044982 0.027646
v 0.068358 0.041982 0.027646
v 0.068911 0.044982 0.027327
v 0.068911 0.041982 0.027327
v 0.069522 0.044982 0.027144
v 0.069522 0.041982 0.027144
v 0.070160 0.044982 0.027106
v 0.070160 0.041982 0.027106
v 0.070789 0.044982 0.027217
v 0.070789 0.041982 0.027217
v 0.071375 0.044982 0.027470
v 0.071375 0.041982 0.027470
v 0.071887 0.044982 0.027851
v 0.071887 0.041982 0.027851
v 0.072298 0.044982 0.028341
v 0.072298 0.041982 0.028341
v 0.072584 0.044982 0.028911
v 0.072584 0.041982 0.028911
v 0.072731 0.044982 0.029533
v 0.072731 0.041982 0.029533
v 0.072731 0.044982 0.030171
v 0.072731 0.041982 0.030171
v 0.072584 0.044982 0.030792
v 0.072584 0.041982 0.030792
v 0.072298 0.044982 0.031363
v 0.072298 0.041982 0.031363
v 0.071887 0.044982 0.031852
v 0.071887 0.041982 0.031852
v 0.071375 0.044982 0.032233
v 0.071375 0.041982 0.032233
v 0.070789 0.044982 0.032486
v 0.070789 0.041982 0.032486
v 0.070160 0.044982 0.032597
v 0.070160 0.041982 0.032597
v 0.069522 0.044982 0.032560
v 0.069522 0.041982 0.032560
v 0.068911 0.044982 0.032377
v 0.068911 0.041982 0.032377
v 0.068358 0.044982 0.032058
v 0.068358 0.041982 0.032058
v 0.067893 0.044982 0.031619
v 0.067893 0.041982 0.031619
v 0.067543 0.044982 0.031086
v 0.067543 0.041982 0.031086
v 0.025054 0.044982 0.039852
v 0.025054 0.041982 0.039852
v 0.054946 0.057404 0.045000
v 0.054946 0.041982 0.039852
v 0.054946 0.044982 0.039852
v 0.054946 0.044982 0.018362
v 0.018568 0.056274 0.022336
v 0.018568 0.065304 0.018126
v 0.018500 0.056492 0.022806
v 0.018568 0.074335 0.013915
v 0.018500 0.083584 0.010173
v 0.018568 0.083365 0.009704
v 0.018768 0.083161 0.009266
v 0.018768 0.074131 0.013477
v 0.019086 0.082986 0.008891
v 0.019086 0.073956 0.013102
v 0.019500 0.082852 0.008603
v 0.019500 0.073821 0.012814
v 0.019982 0.082767 0.008422
v 0.019982 0.073737 0.012633
v 0.020500 0.082739 0.008360
v 0.019982 0.064706 0.016844
v 0.020500 0.055647 0.020993
v 0.019982 0.055676 0.021055
v 0.019500 0.055760 0.021236
v 0.019500 0.064791 0.017025
v 0.019086 0.055895 0.021524
v 0.019086 0.064925 0.017313
v 0.018768 0.056070 0.021899
v 0.018768 0.065100 0.017688
v 0.024263 0.086803 0.006465
v 0.025054 0.086866 0.006435
v 0.024332 0.087317 0.006300
v 0.025054 0.087364 0.006278
v 0.025054 0.087885 0.006256
v 0.024264 0.087834 0.006280
v 0.025054 0.088395 0.006369
v 0.024205 0.088340 0.006394
v 0.025054 0.088858 0.006610
v 0.024159 0.088800 0.006637
v 0.025054 0.089243 0.006963
v 0.024131 0.089183 0.006990
v 0.025054 0.089524 0.007403
v 0.024121 0.089463 0.007431
v 0.023227 0.089005 0.007074
v 0.023208 0.089283 0.007515
v 0.022360 0.088712 0.007210
v 0.022331 0.088987 0.007653
v 0.021547 0.088310 0.007398
v 0.021511 0.088581 0.007843
v 0.020807 0.087807 0.007632
v 0.020762 0.088073 0.008079
v 0.020152 0.087214 0.007909
v 0.020101 0.087474 0.008359
v 0.019598 0.086543 0.008222
v 0.019540 0.086795 0.008675
v 0.019154 0.085807 0.008565
v 0.019092 0.086051 0.009022
v 0.018831 0.085021 0.008931
v 0.018765 0.085257 0.009392
v 0.018634 0.084202 0.009313
v 0.018567 0.084429 0.009779
v 0.018832 0.083972 0.008888
v 0.019023 0.084766 0.008518
v 0.019336 0.085528 0.008163
v 0.019766 0.086241 0.007830
v 0.020303 0.086892 0.007527
v 0.020938 0.087467 0.007259
v 0.021656 0.087954 0.007032
v 0.022443 0.088343 0.006850
v 0.023283 0.088627 0.006717
v 0.019147 0.083756 0.008532
v 0.019328 0.084510 0.008180
v 0.019625 0.085233 0.007843
v 0.020033 0.085910 0.007527
v 0.020544 0.086528 0.007239
v 0.021146 0.087074 0.006985
v 0.021827 0.087536 0.006769
v 0.022575 0.087906 0.006597
v 0.023373 0.088176 0.006471
v 0.019557 0.083568 0.008269
v 0.019725 0.084270 0.007942
v 0.020002 0.084943 0.007628
v 0.020382 0.085573 0.007334
v 0.020857 0.086148 0.007066
v 0.021417 0.086656 0.006829
v 0.022051 0.087086 0.006628
v 0.022747 0.087431 0.006468
v 0.023489 0.087682 0.006351
v 0.020034 0.083421 0.008117
v 0.020188 0.084062 0.007818
v 0.020441 0.084677 0.007531
v 0.020787 0.085252 0.007263
v 0.021221 0.085777 0.007018
v 0.021733 0.086241 0.006802
v 0.022312 0.086634 0.006619
v 0.022947 0.086948 0.006472
v 0.023625 0.087178 0.006365
v 0.020569 0.083455 0.008026
v 0.020775 0.084150 0.007702
v 0.021110 0.084802 0.007398
v 0.021565 0.085392 0.007123
v 0.022127 0.085900 0.006886
v 0.022777 0.086313 0.006693
v 0.023496 0.086617 0.006552
v 0.054946 0.087364 0.006278
v 0.044982 0.087364 0.006278
v 0.054946 0.086866 0.006435
v 0.035018 0.087364 0.006278
v 0.035018 0.087885 0.006256
v 0.035018 0.088395 0.006369
v 0.035018 0.088858 0.006610
v 0.035018 0.089243 0.006963
v 0.044982 0.089243 0.006963
v 0.054946 0.089524 0.007403
v 0.054946 0.089243 0.006963
v 0.054946 0.088858 0.006610
v 0.044982 0.088858 0.006610
v 0.054946 0.088395 0.006369
v 0.044982 0.088395 0.006369
v 0.054946 0.087885 0.006256
v 0.044982 0.087885 0.006256
v 0.059431 0.083455 0.008026
v 0.059500 0.082739 0.008360
v 0.059966 0.083421 0.008117
v 0.060018 0.082767 0.008422
v 0.060500 0.082852 0.008603
v 0.060443 0.083568 0.008269
v 0.060914 0.082986 0.008891
v 0.060853 0.083756 0.008532
v 0.061232 0.083161 0.009266
v 0.061168 0.083972 0.008888
v 0.061432 0.083365 0.009704
v 0.061366 0.084202 0.009313
v 0.061500 0.083584 0.010173
v 0.061433 0.084429 0.009779
v 0.061169 0.085021 0.008931
v 0.061235 0.085257 0.009392
v 0.060846 0.085807 0.008565
v 0.060908 0.086051 0.009022
v 0.060402 0.086543 0.008222
v 0.060460 0.086795 0.008675
v 0.059848 0.087214 0.007909
v 0.059899 0.087474 0.008359
v 0.059193 0.087807 0.007632
v 0.059238 0.088073 0.008079
v 0.058453 0.088310 0.007398
v 0.058489 0.088581 0.007843
v 0.057640 0.088712 0.007210
v 0.057669 0.088987 0.007653
v 0.056773 0.089005 0.007074
v 0.056792 0.089283 0.007515
v 0.055869 0.089183 0.006990
v 0.055879 0.089463 0.007431
v 0.055841 0.088800 0.006637
v 0.056717 0.088627 0.006717
v 0.057557 0.088343 0.006850
v 0.058344 0.087954 0.007032
v 0.059062 0.087467 0.007259
v 0.059697 0.086892 0.007527
v 0.060234 0.086241 0.007830
v 0.060664 0.085528 0.008163
v 0.060977 0.084766 0.008518
v 0.055795 0.088340 0.006394
v 0.056627 0.088176 0.006471
v 0.057425 0.087906 0.006597
v 0.058173 0.087536 0.006769
v 0.058854 0.087074 0.006985
v 0.059456 0.086528 0.007239
v 0.059967 0.085910 0.007527
v 0.060375 0.085233 0.007843
v 0.060672 0.084510 0.008180
v 0.055736 0.087834 0.006280
v 0.056511 0.087682 0.006351
v 0.057253 0.087431 0.006468
v 0.057949 0.087086 0.006628
v 0.058583 0.086656 0.006829
v 0.059143 0.086148 0.007066
v 0.059618 0.085573 0.007334
v 0.059998 0.084943 0.007628
v 0.060275 0.084270 0.007942
v 0.055668 0.087317 0.006300
v 0.056375 0.087178 0.006365
v 0.057053 0.086948 0.006472
v 0.057688 0.086634 0.006619
v 0.058267 0.086241 0.006802
v 0.058779 0.085777 0.007018
v 0.059213 0.085252 0.007263
v 0.059559 0.084677 0.007531
v 0.059812 0.084062 0.007818
v 0.055737 0.086803 0.006465
v 0.056504 0.086617 0.006552
v 0.057223 0.086313 0.006693
v 0.057873 0.085900 0.006886
v 0.058435 0.085392 0.007123
v 0.058890 0.084802 0.007398
v 0.059225 0.084150 0.007702
v 0.060500 0.073821 0.012814
v 0.060500 0.064791 0.017025
v 0.060018 0.064706 0.016844
v 0.060018 0.055676 0.021055
v 0.059500 0.055647 0.020993
v 0.060018 0.073737 0.012633
v 0.060500 0.055760 0.021236
v 0.060914 0.055895 0.021524
v 0.061232 0.056070 0.021899
v 0.061432 0.056274 0.022336
v 0.055737 0.051583 0.022888
v 0.054946 0.051520 0.022918
v 0.055668 0.051126 0.023176
v 0.054946 0.051080 0.023198
v 0.054946 0.050727 0.023583
v 0.055736 0.050778 0.023559
v 0.054946 0.050486 0.024046
v 0.055795 0.050541 0.024021
v 0.054946 0.050373 0.024556
v 0.055841 0.050431 0.024529
v 0.054946 0.050395 0.025078
v 0.055869 0.050455 0.025050
v 0.054946 0.050552 0.025575
v 0.055879 0.050613 0.025547
v 0.056773 0.050634 0.024966
v 0.056792 0.050793 0.025463
v 0.057640 0.050927 0.024830
v 0.057669 0.051089 0.025325
v 0.058453 0.051329 0.024642
v 0.058489 0.051495 0.025136
v 0.059193 0.051831 0.024408
v 0.059238 0.052003 0.024899
v 0.059848 0.052424 0.024131
v 0.059899 0.052603 0.024619
v 0.060402 0.053096 0.023818
v 0.060460 0.053281 0.024303
v 0.060846 0.053832 0.023475
v 0.060908 0.054025 0.023956
v 0.061169 0.054618 0.023109
v 0.061235 0.054819 0.023586
v 0.061366 0.055437 0.022727
v 0.061433 0.055647 0.023200
v 0.061168 0.055259 0.022277
v 0.060977 0.054465 0.022648
v 0.060664 0.053703 0.023003
v 0.060234 0.052990 0.023336
v 0.059697 0.052339 0.023639
v 0.059062 0.051764 0.023907
v 0.058344 0.051277 0.024134
v 0.057557 0.050888 0.024316
v 0.056717 0.050603 0.024448
v 0.060853 0.055125 0.021883
v 0.060672 0.054371 0.022235
v 0.060375 0.053648 0.022572
v 0.059967 0.052970 0.022888
v 0.059456 0.052353 0.023176
v 0.058854 0.051807 0.023430
v 0.058173 0.051344 0.023646
v 0.057425 0.050975 0.023818
v 0.056627 0.050705 0.023944
v 0.060443 0.055044 0.021570
v 0.060275 0.054342 0.021897
v 0.059998 0.053669 0.022211
v 0.059618 0.053039 0.022505
v 0.059143 0.052464 0.022773
v 0.058583 0.051956 0.023010
v 0.057949 0.051526 0.023210
v 0.057253 0.051182 0.023371
v 0.056511 0.050931 0.023488
v 0.059966 0.055022 0.021360
v 0.059812 0.054381 0.021659
v 0.059559 0.053767 0.021945
v 0.059213 0.053191 0.022214
v 0.058779 0.052666 0.022458
v 0.058267 0.052202 0.022675
v 0.057688 0.051809 0.022858
v 0.057053 0.051495 0.023004
v 0.056375 0.051266 0.023111
v 0.059431 0.054930 0.021327
v 0.059225 0.054236 0.021651
v 0.058890 0.053584 0.021955
v 0.058435 0.052994 0.022230
v 0.057873 0.052485 0.022467
v 0.057223 0.052073 0.022660
v 0.056504 0.051769 0.022802
v 0.025054 0.051080 0.023198
v 0.035018 0.051080 0.023198
v 0.025054 0.051520 0.022918
v 0.044982 0.051080 0.023198
v 0.044982 0.050727 0.023583
v 0.044982 0.050486 0.024046
v 0.044982 0.050373 0.024556
v 0.044982 0.050395 0.025078
v 0.035018 0.050395 0.025078
v 0.025054 0.050552 0.025575
v 0.025054 0.050395 0.025078
v 0.025054 0.050373 0.024556
v 0.035018 0.050373 0.024556
v 0.025054 0.050486 0.024046
v 0.035018 0.050486 0.024046
v 0.025054 0.050727 0.023583
v 0.035018 0.050727 0.023583
v 0.020569 0.054930 0.021327
v 0.020034 0.055022 0.021360
v 0.019557 0.055044 0.021570
v 0.019147 0.055125 0.021883
v 0.018832 0.055259 0.022277
v 0.018634 0.055437 0.022727
v 0.018567 0.055647 0.023200
v 0.018831 0.054618 0.023109
v 0.018765 0.054819 0.023586
v 0.019154 0.053832 0.023475
v 0.019092 0.054025 0.023956
v 0.019598 0.053096 0.023818
v 0.019540 0.053281 0.024303
v 0.020152 0.052424 0.024131
v 0.020101 0.052603 0.024619
v 0.020807 0.051831 0.024408
v 0.020762 0.052003 0.024899
v 0.021547 0.051329 0.024642
v 0.021511 0.051495 0.025136
v 0.022360 0.050927 0.024830
v 0.022331 0.051089 0.025325
v 0.023227 0.050634 0.024966
v 0.023208 0.050793 0.025463
v 0.024131 0.050455 0.025050
v 0.024121 0.050613 0.025547
v 0.024159 0.050431 0.024529
v 0.023283 0.050603 0.024448
v 0.022443 0.050888 0.024316
v 0.021656 0.051277 0.024134
v 0.020938 0.051764 0.023907
v 0.020303 0.052339 0.023639
v 0.019766 0.052990 0.023336
v 0.019336 0.053703 0.023003
v 0.019023 0.054465 0.022648
v 0.024205 0.050541 0.024021
v 0.023373 0.050705 0.023944
v 0.022575 0.050975 0.023818
v 0.021827 0.051344 0.023646
v 0.021146 0.051807 0.023430
v 0.020544 0.052353 0.023176
v 0.020033 0.052970 0.022888
v 0.019625 0.053648 0.022572
v 0.019328 0.054371 0.022235
v 0.024264 0.050778 0.023559
v 0.023489 0.050931 0.023488
v 0.022747 0.051182 0.023371
v 0.022051 0.051526 0.023210
v 0.021417 0.051956 0.023010
v 0.020857 0.052464 0.022773
v 0.020382 0.053039 0.022505
v 0.020002 0.053669 0.022211
v 0.019725 0.054342 0.021897
v 0.024332 0.051126 0.023176
v 0.023625 0.051266 0.023111
v 0.022947 0.051495 0.023004
v 0.022312 0.051809 0.022858
v 0.021733 0.052202 0.022675
v 0.021221 0.052666 0.022458
v 0.020787 0.053191 0.022214
v 0.020441 0.053767 0.021945
v 0.020188 0.054381 0.021659
v 0.024263 0.051583 0.022888
v 0.023496 0.051769 0.022802
v 0.022777 0.052073 0.022660
v 0.022127 0.052485 0.022467
v 0.021565 0.052994 0.022230
v 0.021110 0.053584 0.021955
v 0.020775 0.054236 0.021651
v 0.061433 0.064311 0.041779
v 0.061235 0.063483 0.042165
v 0.060908 0.062689 0.042536
v 0.060460 0.061945 0.042882
v 0.059899 0.061266 0.043199
v 0.059238 0.060667 0.043478
v 0.058489 0.060159 0.043715
v 0.057669 0.059753 0.043904
v 0.056792 0.059457 0.044043
v 0.055879 0.059277 0.044127
v 0.054946 0.059216 0.044155
v 0.025054 0.059216 0.044155
v 0.024121 0.059277 0.044127
v 0.023208 0.059457 0.044043
v 0.022331 0.059753 0.043904
v 0.021511 0.060159 0.043715
v 0.020762 0.060667 0.043478
v 0.020101 0.061266 0.043199
v 0.019540 0.061945 0.042882
v 0.019092 0.062689 0.042536
v 0.018765 0.063483 0.042165
v 0.018567 0.064311 0.041779
v 0.018500 0.065156 0.041385
v 0.018500 0.092247 0.028752
v 0.061500 0.092247 0.028752
v 0.054946 0.098187 0.025982
v 0.055879 0.098127 0.026010
v 0.056792 0.097947 0.026094
v 0.057669 0.097651 0.026232
v 0.058489 0.097244 0.026422
v 0.059238 0.096737 0.026659
v 0.059899 0.096137 0.026938
v 0.060460 0.095459 0.027255
v 0.060908 0.094715 0.027601
v 0.061235 0.093921 0.027972
v 0.061433 0.093093 0.028358
v 0.025054 0.098187 0.025982
v 0.018567 0.093093 0.028358
v 0.018765 0.093921 0.027972
v 0.019092 0.094715 0.027601
v 0.019540 0.095459 0.027255
v 0.020101 0.096137 0.026938
v 0.020762 0.096737 0.026659
v 0.021511 0.097244 0.026422
v 0.022331 0.097651 0.026232
v 0.023208 0.097947 0.026094
v 0.024121 0.098127 0.026010
v 0.025054 0.100000 0.025137
v 0.054946 0.100000 0.025137
v 0.023937 0.093730 0.011864
v 0.022840 0.093532 0.011957
v 0.021781 0.093206 0.012109
v 0.020777 0.092758 0.012318
v 0.019847 0.092194 0.012580
v 0.019005 0.091526 0.012892
v 0.018268 0.090763 0.013248
v 0.017646 0.089920 0.013641
v 0.017151 0.089011 0.014065
v 0.016791 0.088050 0.014513
v 0.016573 0.087056 0.014977
v 0.016573 0.093259 0.028280
v 0.016791 0.094254 0.027816
v 0.017151 0.095214 0.027369
v 0.017646 0.096124 0.026944
v 0.018268 0.096967 0.026551
v 0.019005 0.097729 0.026196
v 0.019847 0.098398 0.025884
v 0.020777 0.098961 0.025621
v 0.021781 0.099410 0.025412
v 0.022840 0.099736 0.025260
v 0.023937 0.099934 0.025168
v 0.056063 0.049726 0.028362
v 0.056063 0.057470 0.044969
v 0.057160 0.057668 0.044877
v 0.057160 0.049923 0.028269
v 0.058219 0.057994 0.044725
v 0.058219 0.050249 0.028117
v 0.059223 0.058442 0.044516
v 0.059223 0.050698 0.027908
v 0.060153 0.059006 0.044253
v 0.060153 0.051261 0.027645
v 0.060995 0.059674 0.043941
v 0.060995 0.051930 0.027334
v 0.061732 0.060437 0.043586
v 0.061732 0.052692 0.026978
v 0.062354 0.061280 0.043192
v 0.062354 0.053536 0.026585
v 0.062849 0.062189 0.042768
v 0.062849 0.054445 0.026161
v 0.063209 0.063150 0.042321
v 0.063209 0.055405 0.025713
v 0.063427 0.064144 0.041857
v 0.063427 0.056400 0.025249
v 0.063427 0.087056 0.014977
v 0.063209 0.088050 0.014513
v 0.062849 0.089011 0.014065
v 0.062354 0.089920 0.013641
v 0.061732 0.090763 0.013248
v 0.060995 0.091526 0.012892
v 0.060153 0.092194 0.012580
v 0.059223 0.092758 0.012318
v 0.058219 0.093206 0.012109
v 0.057160 0.093532 0.011957
v 0.056063 0.093730 0.011864
v 0.056063 0.099934 0.025168
v 0.057160 0.099736 0.025260
v 0.058219 0.099410 0.025412
v 0.059223 0.098961 0.025621
v 0.060153 0.098398 0.025884
v 0.060995 0.097729 0.026196
v 0.061732 0.096967 0.026551
v 0.062354 0.096124 0.026944
v 0.062849 0.095214 0.027369
v 0.063209 0.094254 0.027816
v 0.063427 0.093259 0.028280
vn -0.099754 -0.835813 -0.539876
vn 0.000000 -0.814296 -0.580450
vn -0.000000 -0.252872 -0.967500
vn 0.099754 -0.835813 -0.539876
vn 0.013562 -0.294896 -0.955433
vn 0.223554 -0.813378 -0.537066
vn 0.001655 -0.249343 -0.968414
vn 0.350030 -0.769389 -0.534341
vn 0.051938 -0.302360 -0.951778
vn 0.475094 -0.698437 -0.535230
vn 0.059065 -0.286536 -0.956247
vn 0.590309 -0.596011 -0.544340
vn 0.067547 -0.272882 -0.959673
vn 0.683954 -0.463296 -0.563528
vn 0.056998 -0.256684 -0.964813
vn 0.832161 -0.260320 -0.489635
vn 0.125851 -0.240360 -0.962491
vn 0.762431 -0.134479 -0.632942
vn 0.067565 -0.228279 -0.971248
vn 0.734698 0.040363 -0.677193
vn 0.093672 -0.197019 -0.975914
vn 0.661507 0.204287 -0.721578
vn 0.094404 -0.166401 -0.981529
vn 0.546264 0.346315 -0.762667
vn 0.092367 -0.123681 -0.988014
vn 0.396042 0.457519 -0.796132
vn 0.003292 -0.239161 -0.970974
vn 0.220636 0.530512 -0.818460
vn 0.024132 -0.122917 -0.992124
vn -0.000000 0.726220 -0.687462
vn -0.000009 -0.237815 -0.971310
vn -0.030656 -0.088744 -0.995583
vn -0.220636 0.530512 -0.818460
vn -0.058325 -0.116141 -0.991519
vn -0.396042 0.457519 -0.796132
vn -0.080388 -0.139898 -0.986897
vn -0.546264 0.346315 -0.762667
vn -0.099301 -0.162046 -0.981774
vn -0.661507 0.204287 -0.721578
vn -0.117655 -0.184210 -0.975820
vn -0.734698 0.040363 -0.677193
vn -0.138533 -0.208069 -0.968254
vn -0.762431 -0.134479 -0.632942
vn -0.006898 -0.246110 -0.969217
vn -0.832161 -0.260320 -0.489635
vn -0.117125 -0.265966 -0.956841
vn -0.683954 -0.463296 -0.563528
vn -0.085972 -0.280168 -0.956093
vn -0.590309 -0.596011 -0.544340
vn -0.062815 -0.288989 -0.955269
vn -0.475094 -0.698437 -0.535230
vn -0.045135 -0.295114 -0.954395
vn -0.350030 -0.769389 -0.534341
vn -0.030812 -0.300987 -0.953130
vn -0.223554 -0.813378 -0.537066
vn -0.017650 -0.309164 -0.950845
vn -0.043306 -0.975264 0.216761
vn -0.297027 -0.919217 0.258487
vn -0.531541 -0.820052 0.212084
vn -0.728579 -0.670086 0.141977
vn -0.876454 -0.478584 0.052785
vn -0.964609 -0.259034 -0.049298
vn -0.975502 -0.052375 -0.213667
vn -0.942243 0.204375 -0.265348
vn -0.833229 0.415932 -0.364322
vn -0.667135 0.595156 -0.448019
vn -0.456224 0.729007 -0.510303
vn -0.213460 0.809169 -0.547430
vn 0.042996 0.793011 -0.607688
vn 0.297093 0.788855 -0.537999
vn 0.530716 0.690012 -0.492162
vn 0.728773 0.539343 -0.421900
vn 0.876548 0.347961 -0.332547
vn 0.964623 0.128611 -0.230132
vn 0.975515 -0.130062 -0.177353
vn 0.942103 -0.335036 -0.013908
vn 0.833200 -0.546494 0.084389
vn 0.667650 -0.725315 0.167816
vn 0.456088 -0.859574 0.230468
vn 0.213990 -0.939369 0.267945
vn -0.099754 -0.835813 -0.539876
vn 0.000000 -0.814296 -0.580450
vn 0.000000 -0.252872 -0.967500
vn 0.099754 -0.835813 -0.539876
vn 0.017650 -0.309164 -0.950845
vn 0.223554 -0.813378 -0.537066
vn 0.030812 -0.300987 -0.953130
vn 0.350030 -0.769389 -0.534341
vn 0.045135 -0.295114 -0.954395
vn 0.475094 -0.698437 -0.535230
vn 0.062815 -0.288989 -0.955269
vn 0.590309 -0.596011 -0.544340
vn 0.085972 -0.280168 -0.956093
vn 0.683954 -0.463296 -0.563528
vn 0.117125 -0.265966 -0.956841
vn 0.832161 -0.260320 -0.489635
vn 0.006898 -0.246110 -0.969217
vn 0.762431 -0.134479 -0.632942
vn 0.138533 -0.208069 -0.968254
vn 0.734698 0.040363 -0.677193
vn 0.117655 -0.184210 -0.975820
vn 0.661507 0.204287 -0.721578
vn 0.099301 -0.162046 -0.981774
vn 0.546264 0.346315 -0.762667
vn 0.080388 -0.139898 -0.986897
vn 0.396042 0.457519 -0.796132
vn 0.058325 -0.116141 -0.991519
vn 0.220636 0.530512 -0.818460
vn 0.030656 -0.088744 -0.995583
vn -0.000000 0.726220 -0.687462
vn 0.000009 -0.237815 -0.971310
vn -0.024132 -0.122917 -0.992124
vn -0.220636 0.530512 -0.818460
vn -0.001247 -0.243637 -0.969866
vn -0.396042 0.457519 -0.796132
vn -0.087689 -0.130080 -0.987618
vn -0.546264 0.346315 -0.762667
vn -0.092013 -0.168264 -0.981438
vn -0.661507 0.204287 -0.721578
vn -0.092603 -0.197873 -0.975844
vn -0.734698 0.040363 -0.677193
vn -0.134301 -0.209314 -0.968582
vn -0.762431 -0.134479 -0.632942
vn -0.063021 -0.244213 -0.967672
vn -0.832161 -0.260320 -0.489635
vn -0.114166 -0.265560 -0.957311
vn -0.683954 -0.463296 -0.563528
vn -0.066724 -0.272710 -0.959780
vn -0.590309 -0.596011 -0.544340
vn -0.057521 -0.285295 -0.956712
vn -0.475094 -0.698437 -0.535230
vn -0.049172 -0.299458 -0.952842
vn -0.350030 -0.769389 -0.534341
vn -0.000626 -0.247497 -0.968889
vn -0.223554 -0.813378 -0.537066
vn -0.013562 -0.294896 -0.955433
vn -0.043306 -0.975264 0.216761
vn -0.297027 -0.919217 0.258487
vn -0.531541 -0.820052 0.212084
vn -0.728579 -0.670086 0.141977
vn -0.876454 -0.478584 0.052785
vn -0.964609 -0.259034 -0.049298
vn -0.975502 -0.052375 -0.213667
vn -0.942243 0.204375 -0.265348
vn -0.833229 0.415932 -0.364322
vn -0.667135 0.595156 -0.448019
vn -0.456224 0.729007 -0.510303
vn -0.213460 0.809169 -0.547430
vn 0.042996 0.793011 -0.607688
vn 0.297093 0.788855 -0.537999
vn 0.530716 0.690012 -0.492162
vn 0.728773 0.539343 -0.421900
vn 0.876548 0.347961 -0.332547
vn 0.964623 0.128611 -0.230132
vn 0.975515 -0.130062 -0.177353
vn 0.942103 -0.335036 -0.013908
vn 0.833200 -0.546494 0.084389
vn 0.667650 -0.725315 0.167816
vn 0.456088 -0.859574 0.230468
vn 0.213990 -0.939369 0.267945
vn -0.059205 0.186143 0.980737
vn -0.014584 0.280987 0.959601
vn -0.049935 0.658820 0.750641
vn 0.016204 0.615164 0.788233
vn 0.282228 0.366842 0.886439
vn 0.300190 0.303139 0.904430
vn 0.299925 0.255639 0.919072
vn 0.254020 0.234442 0.938355
vn 0.211247 0.233864 0.949043
vn -0.153137 0.533792 0.831634
vn 0.143528 0.267942 0.952684
vn -0.269241 0.653566 0.707362
vn -0.174733 0.588323 0.789522
vn 0.157047 0.245522 0.956585
vn -0.146587 0.552881 0.820266
vn 0.254593 0.160753 0.953594
vn 0.178905 0.275542 0.944494
vn -0.187003 0.556440 0.809570
vn 0.195667 0.303995 0.932363
vn -0.203801 0.531658 0.822073
vn 0.210509 0.336361 0.917904
vn -0.216302 0.503198 0.836663
vn 0.152338 0.388483 0.908776
vn -0.316353 0.479993 0.818247
vn -0.279342 0.428864 0.859095
vn 0.108338 0.418198 0.901872
vn -0.333543 0.368621 0.867679
vn -0.268015 0.331240 0.904681
vn 0.166483 0.434472 0.885165
vn -0.245848 0.281091 0.927657
vn 0.165270 0.455708 0.874652
vn -0.214880 0.235659 0.947782
vn 0.159787 0.479204 0.863036
vn -0.154483 0.224225 0.962215
vn 0.325773 0.572773 0.752198
vn 0.137745 0.520852 0.842460
vn -0.118013 0.190416 0.974584
vn 0.253987 0.647739 0.718279
vn 0.106773 0.556053 0.824260
vn -0.076050 0.161595 0.983923
vn 0.175139 0.704045 0.688221
vn 0.057889 0.596326 0.800652
vn -0.035698 0.144394 0.988876
vn 0.030374 0.647904 0.761116
vn -0.001432 0.137856 0.990451
vn -0.021345 0.650429 0.759267
vn 0.034634 0.142269 0.989222
vn -0.064479 0.639426 0.766144
vn 0.086408 0.110148 0.990152
vn -0.083163 0.573606 0.814899
vn 0.116519 0.180405 0.976666
vn -0.213672 0.684056 0.697432
vn -0.123462 0.541816 0.831380
vn 0.155307 0.215836 0.963999
vn -0.293412 0.619218 0.728340
vn -0.150845 0.504298 0.850253
vn 0.217924 0.226963 0.949209
vn -0.176893 0.477909 0.860414
vn 0.215601 0.296340 0.930429
vn -0.164985 0.448676 0.878333
vn 0.318325 0.299435 0.899449
vn 0.239394 0.365497 0.899501
vn 0.250083 0.760294 0.599509
vn -0.137723 0.824783 0.548420
vn -0.026465 0.320073 0.947023
vn -0.051673 -0.126052 0.990677
vn 0.002203 0.426069 0.904688
vn 0.086245 0.401774 0.911669
vn 0.116102 0.376481 0.919120
vn 0.072598 0.376435 0.923594
vn 0.061844 0.363153 0.929675
vn 0.047998 0.352747 0.934487
vn 0.032845 0.346060 0.937637
vn 0.018454 0.341274 0.939783
vn 0.007097 0.338159 0.941062
vn -0.003549 0.332484 0.943102
vn -0.026163 0.281725 0.959138
vn -0.008244 0.401099 0.915998
vn -0.107703 0.241785 0.964334
vn -0.112517 0.299789 0.947347
vn -0.119479 0.335996 0.934255
vn -0.129687 0.362941 0.922743
vn -0.144300 0.387477 0.910516
vn -0.037633 0.421174 0.906199
vn -0.236369 0.443891 0.864344
vn -0.197814 0.475153 0.857379
vn -0.175912 0.500186 0.847862
vn -0.164472 0.520969 0.837580
vn -0.059333 0.470987 0.880143
vn -0.062469 0.483545 0.873087
vn -0.076914 0.498984 0.863192
vn -0.079244 0.493555 0.866097
vn -0.092026 0.485741 0.869245
vn -0.005212 0.440130 0.897919
vn 0.002473 0.453749 0.891126
vn 0.038096 0.414542 0.909232
vn 0.004762 0.420844 0.907120
vn 0.132707 0.348745 0.927775
vn 0.109367 0.341005 0.933678
vn 0.081825 0.347666 0.934041
vn 0.062670 0.354904 0.932800
vn 0.081767 0.335806 0.938375
vn 0.100212 0.332984 0.937592
vn 0.095394 0.353679 0.930490
vn 0.073840 0.385108 0.919913
vn 0.036602 0.411563 0.910646
vn 0.158338 0.395641 0.904653
vn 0.204147 0.418341 0.885051
vn 0.224168 0.444775 0.867135
vn 0.248382 0.480474 0.841101
vn 0.272554 0.523433 0.807299
vn 0.299663 0.580676 0.756979
vn 0.323733 0.651423 0.686181
vn 0.342258 0.733299 0.587479
vn 0.346498 0.825073 0.446310
vn 0.320979 0.912109 0.255010
vn 0.210091 0.969505 -0.126180
vn 0.051643 0.943899 -0.326173
vn -0.011188 0.491287 0.870926
vn -0.040394 0.537636 0.842209
vn -0.066612 0.528335 0.846419
vn -0.077955 0.514734 0.853798
vn -0.087226 0.502347 0.860255
vn -0.095885 0.488291 0.867397
vn -0.103194 0.473862 0.874532
vn -0.124758 0.455483 0.881459
vn -0.080316 0.432290 0.898151
vn -0.001293 0.429251 0.903184
vn 0.360484 -0.327531 0.873370
vn 0.313620 0.477133 0.820967
vn -0.077282 0.248141 0.965636
vn 0.179865 0.490113 0.852900
vn -0.189437 0.359731 0.913623
vn 0.263733 0.576782 0.773154
vn 0.173575 0.581093 0.795111
vn -0.185272 0.308977 0.932849
vn 0.142431 0.614586 0.775885
vn -0.165591 0.269777 0.948578
vn 0.104311 0.643296 0.758478
vn -0.134559 0.232077 0.963345
vn 0.062472 0.666086 0.743254
vn -0.092816 0.202472 0.974880
vn 0.020573 0.680483 0.732475
vn -0.043813 0.184914 0.981778
vn -0.014706 0.636366 0.771247
vn 0.006455 0.016571 0.999842
vn 0.049986 0.187221 0.981045
vn -0.059503 0.673120 0.737136
vn 0.092217 0.204933 0.974422
vn -0.106394 0.653496 0.749415
vn 0.129475 0.230651 0.964384
vn -0.149370 0.626874 0.764668
vn 0.161814 0.261544 0.951531
vn -0.183500 0.596284 0.781520
vn 0.182990 0.293419 0.938307
vn -0.208225 0.564115 0.799009
vn 0.197042 0.326091 0.924575
vn -0.225389 0.530593 0.817111
vn 0.203220 0.357016 0.911724
vn -0.236024 0.495893 0.835693
vn 0.143884 0.396667 0.906616
vn -0.321168 0.468240 0.823166
vn -0.248448 0.432066 0.866945
vn 0.199343 0.406662 0.891565
vn -0.247330 0.403618 0.880864
vn 0.141246 0.427428 0.892947
vn -0.318775 0.350562 0.880618
vn -0.230746 0.337692 0.912535
vn 0.193726 0.451972 0.870742
vn -0.214851 0.300810 0.929168
vn 0.132436 0.466259 0.874679
vn -0.247213 0.218727 0.943951
vn -0.161924 0.239686 0.957252
vn 0.179286 0.514838 0.838331
vn -0.129070 0.211562 0.968805
vn 0.157235 0.546161 0.822791
vn -0.073997 0.230983 0.970140
vn 0.210665 0.659532 0.721552
vn 0.090477 0.592882 0.800191
vn -0.048493 0.158315 0.986197
vn 0.052081 0.611438 0.789577
vn -0.002368 0.143186 0.989693
vn 0.018232 0.624160 0.781084
vn 0.048804 0.133262 0.989879
vn -0.019667 0.634726 0.772487
vn 0.108682 0.128110 0.985787
vn -0.065840 0.642044 0.763835
vn 0.160134 0.122052 0.979520
vn -0.115703 0.638371 0.760983
vn -0.123108 0.432614 0.893134
vn -0.264395 0.722140 0.639226
vn -0.364239 0.689073 0.626505
vn -0.041676 0.745210 0.665526
vn 0.376317 0.365701 0.851263
vn 0.099069 0.220194 0.970412
vn -0.058200 0.508840 0.858892
vn -0.033136 0.291107 0.956116
vn -0.132741 0.782327 0.608560
vn -0.499022 0.280269 0.820016
vn 0.090499 0.244595 0.965393
vn 0.055713 0.241238 0.968865
vn 0.020666 0.232450 0.972389
vn -0.013733 0.214250 0.976682
vn -0.010259 0.382911 0.923728
vn -0.066784 0.277717 0.958339
vn -0.094038 0.291167 0.952039
vn -0.125911 0.299411 0.945780
vn -0.167293 0.303358 0.938076
vn -0.023032 0.412594 0.910624
vn -0.057647 0.407174 0.911530
vn -0.003905 0.422136 0.906524
vn -0.036858 0.422429 0.905646
vn -0.034586 0.427006 0.903587
vn -0.032811 0.431266 0.901628
vn -0.004985 0.424753 0.905296
vn -0.032761 0.442918 0.895963
vn -0.028710 0.446674 0.894236
vn -0.024612 0.450859 0.892256
vn -0.019929 0.455965 0.889774
vn -0.014680 0.462473 0.886512
vn -0.008033 0.471414 0.881876
vn -0.000991 0.481448 0.876474
vn 0.001998 0.438153 0.898898
vn 0.130796 0.803272 0.581074
vn 0.137156 0.664576 0.734525
vn 0.144875 0.593971 0.791334
vn 0.155870 0.549763 0.820649
vn 0.096809 0.476082 0.874056
vn 0.251074 0.495104 0.831766
vn 0.263928 0.463211 0.846036
vn 0.010224 0.405568 0.914008
vn -0.111362 0.582458 0.805196
vn -0.010856 0.456063 0.889881
vn -0.029365 0.306380 0.951456
vn 0.022843 0.408446 0.912497
vn 0.061687 0.435505 0.898070
vn -0.016788 0.562714 0.826481
vn -0.012182 0.396234 0.918069
vn -0.061078 0.400168 0.914404
vn -0.298283 0.200976 0.933079
vn -0.530210 -0.258751 0.807419
vn -0.474969 -0.593282 0.649939
vn -0.307257 -0.820728 0.481663
vn -0.055130 -0.088582 0.994542
vn 0.020329 0.161547 0.986656
vn 0.071601 0.165512 0.983605
vn 0.099093 0.226418 0.968976
vn 0.115218 0.275556 0.954355
vn 0.123721 0.315427 0.940850
vn 0.058822 0.388827 0.919431
vn 0.110258 0.377441 0.919446
vn 0.112069 0.393657 0.912401
vn 0.112212 0.407815 0.906143
vn 0.110748 0.420210 0.900643
vn 0.108354 0.431662 0.895504
vn 0.104203 0.445245 0.889325
vn 0.097072 0.461960 0.881572
vn 0.087744 0.477855 0.874045
vn 0.076520 0.493554 0.866342
vn 0.062100 0.510169 0.857829
vn 0.044948 0.526200 0.849172
vn 0.024869 0.542249 0.839850
vn 0.003768 0.556070 0.831127
vn -0.021876 0.568122 0.822654
vn -0.059319 0.582165 0.810904
vn -0.105321 0.594247 0.797357
vn -0.170206 0.601183 0.780774
vn -0.256191 0.603256 0.755280
vn 0.729846 0.134596 0.670231
vn 0.046366 0.423974 0.904487
vn 0.712948 0.484350 0.507060
vn 0.567727 0.640746 0.516846
vn 0.427525 0.750749 0.503586
vn 0.053939 0.513554 0.856360
vn 0.210076 0.959628 -0.187036
vn -0.039501 0.999217 0.002204
vn -0.253984 0.955887 0.147556
vn -0.488968 0.870795 0.051259
vn -0.670000 0.732919 0.118028
vn -0.804498 0.557393 0.205173
vn -0.884291 0.356632 0.301400
vn -0.907650 0.140171 0.395630
vn -0.877048 -0.084863 0.472847
vn -0.354275 0.178713 0.917906
vn -0.091928 0.327807 0.940262
vn -0.014943 0.396396 0.917958
vn -0.135217 -0.225579 0.964796
vn 0.004201 0.334602 0.942350
vn 0.193390 -0.232277 0.953230
vn 0.335327 -0.146266 0.930678
vn 0.467296 -0.060717 0.882014
vn 0.597750 0.030425 0.801105
vn 0.897362 -0.013500 0.441089
vn 0.515971 0.382263 0.766582
vn 0.939366 0.341518 0.030938
vn 0.825911 0.562460 -0.038860
vn 0.660040 0.742512 -0.114121
vn 0.452254 0.871414 -0.190012
vn 0.193059 0.980432 0.038496
vn -0.024647 0.862804 0.504937
vn -0.247780 0.950649 0.186740
vn -0.047571 0.488650 0.871182
vn -0.466824 0.715124 0.520262
vn -0.597311 0.594481 0.538342
vn -0.729885 0.426983 0.533810
vn -0.046337 0.420282 0.906210
vn -0.713146 0.077184 0.696753
vn -0.568154 -0.015800 0.822770
vn -0.428031 -0.096354 0.898613
vn -0.288007 -0.171077 0.942223
vn -0.138746 -0.245528 0.959409
vn 0.004108 0.334602 0.942351
vn 0.188521 -0.212653 0.958769
vn 0.006845 0.412852 0.910772
vn 0.096077 0.339498 0.935687
vn 0.848091 -0.276226 0.452151
vn -0.425885 -0.779493 0.459361
vn -0.435558 -0.815643 0.380810
vn 0.230033 -0.871836 0.432419
vn 0.757035 -0.591051 0.278491
vn -0.692808 0.653855 -0.304123
vn -0.229837 0.900851 -0.368296
vn 0.552888 0.755910 -0.350593
vn 0.427077 0.836970 -0.342179
vn -0.469184 0.867097 -0.167360
vn 0.809532 0.574849 -0.119193
vn -0.277213 0.959249 -0.054724
vn 0.935498 0.353302 0.004633
vn -0.464005 0.872124 0.155240
vn 0.939800 0.331675 0.082259
vn -0.627336 0.688561 0.363777
vn -0.270221 0.855219 0.442246
vn 0.967247 0.226803 0.113988
vn -0.375609 0.695579 0.612444
vn 0.951390 0.237347 0.196272
vn -0.298746 0.657497 0.691700
vn -0.134699 0.642817 0.754084
vn 0.964989 0.160834 0.207192
vn -0.242634 0.489644 0.837483
vn 0.976668 0.091501 0.194287
vn -0.032837 0.422930 0.905567
vn -0.263090 0.916165 -0.302367
vn -0.077980 0.420312 0.904023
vn 0.971448 0.099845 0.215219
vn -0.262774 -0.820455 0.507744
vn 0.697466 -0.562451 0.444062
vn -0.468809 -0.686070 0.556351
vn -0.277264 -0.658262 0.699868
vn 0.868725 -0.313337 0.383584
vn -0.463962 -0.441950 0.767737
vn 0.869297 -0.216962 0.444129
vn -0.627490 -0.163065 0.761358
vn -0.269971 -0.209843 0.939724
vn 0.921214 -0.089572 0.378606
vn -0.375837 0.021416 0.926438
vn 0.881138 -0.003591 0.472846
vn -0.299009 0.107001 0.948232
vn -0.134410 0.164931 0.977104
vn 0.906719 0.089061 0.412224
vn -0.242468 0.326756 0.913477
vn 0.997457 0.057019 0.042768
vn 0.473305 -0.212731 -0.854826
vn 0.727363 -0.173015 -0.664085
vn 0.997932 -0.008843 0.063675
vn -0.994238 0.065864 0.084579
vn -0.998922 0.043307 -0.016730
vn 0.672432 0.143044 -0.726205
vn 0.254150 -0.202465 -0.945736
vn 0.833089 0.022407 -0.552686
vn 0.233759 -0.246914 -0.940420
vn 0.842059 -0.159266 -0.515336
vn 0.144859 -0.268527 -0.952318
vn 0.203695 -0.306483 -0.929826
vn 0.004556 -0.244905 -0.969536
vn 0.586768 0.243062 -0.772415
vn 0.022270 -0.234408 -0.971883
vn 0.484391 0.313903 -0.816597
vn 0.018895 -0.231303 -0.972698
vn 0.375296 0.355641 -0.855963
vn 0.015979 -0.229298 -0.973225
vn 0.345647 0.474994 -0.809264
vn 0.013637 -0.223640 -0.974576
vn 0.178482 0.373409 -0.910335
vn 0.000594 -0.244723 -0.969593
vn 0.098313 0.367902 -0.924653
vn 0.033129 -0.039022 -0.998689
vn 0.028032 0.363559 -0.931149
vn -0.004554 -0.107246 -0.994222
vn -0.039175 0.365451 -0.930006
vn -0.024970 -0.133551 -0.990727
vn -0.145956 0.486824 -0.861219
vn -0.043773 -0.145663 -0.988365
vn -0.195972 0.380165 -0.903919
vn -0.065435 -0.150691 -0.986413
vn -0.293252 0.378655 -0.877852
vn -0.092671 -0.152426 -0.983961
vn -0.400196 0.357243 -0.843932
vn -0.128512 -0.154696 -0.979568
vn -0.509082 0.308860 -0.803393
vn -0.177609 -0.161090 -0.970827
vn -0.718251 0.272738 -0.640101
vn -0.244680 -0.175261 -0.953633
vn -0.691410 0.125837 -0.711419
vn -0.029383 -0.243821 -0.969375
vn -0.745977 -0.002058 -0.665968
vn -0.371401 -0.261010 -0.891030
vn -0.767493 -0.144018 -0.624670
vn -0.326219 -0.318092 -0.890168
vn -0.827684 -0.319384 -0.461447
vn -0.292006 -0.367476 -0.883003
vn -0.708257 -0.435135 -0.555904
vn -0.261143 -0.414228 -0.871906
vn -0.630178 -0.568072 -0.529312
vn -0.228403 -0.461334 -0.857323
vn -0.524167 -0.683384 -0.508169
vn -0.191116 -0.509970 -0.838692
vn -0.395048 -0.775239 -0.492890
vn -0.146745 -0.562325 -0.813791
vn -0.265059 -0.891724 -0.366841
vn -0.090597 -0.621132 -0.778452
vn -0.093339 -0.874008 -0.476863
vn -0.015008 -0.691444 -0.722274
vn 0.067650 -0.876969 -0.475762
vn 0.006258 -0.284500 -0.958656
vn 0.225542 -0.848129 -0.479384
vn 0.114999 -0.544267 -0.830992
vn 0.373155 -0.788706 -0.488568
vn 0.147296 -0.480880 -0.864325
vn 0.540268 -0.748860 -0.383822
vn 0.169649 -0.428957 -0.887251
vn 0.616915 -0.589698 -0.521222
vn 0.184825 -0.384399 -0.904476
vn 0.701278 -0.459291 -0.545216
vn 0.195573 -0.344101 -0.918338
vn 0.754079 -0.316941 -0.575251
vn 0.845929 -0.032912 -0.532280
vn 0.876876 -0.244798 -0.413718
vn 0.797340 -0.439302 -0.413839
vn 0.674187 -0.612027 -0.413394
vn 0.478357 -0.698419 -0.532341
vn 0.327748 -0.849274 -0.413901
vn 0.123790 -0.901896 -0.413835
vn -0.087961 -0.906380 -0.413205
vn -0.274365 -0.800861 -0.532303
vn -0.486241 -0.769762 -0.413566
vn -0.649842 -0.637418 -0.414009
vn -0.779641 -0.470465 -0.413307
vn -0.806389 -0.257831 -0.532222
vn -0.907589 -0.070293 -0.413934
vn -0.899380 0.140648 -0.413925
vn -0.783869 0.319683 -0.532308
vn -0.740764 0.529868 -0.412927
vn -0.598165 0.686144 -0.414011
vn -0.424256 0.805464 -0.413804
vn -0.211164 0.819760 -0.532357
vn -0.017685 0.910530 -0.413066
vn 0.192756 0.889643 -0.413981
vn 0.392717 0.821309 -0.413794
vn 0.531793 0.658855 -0.532078
vn 0.720006 0.557347 -0.413468
vn 0.828662 0.376795 -0.413937
vn 0.893377 0.175519 -0.413606
vn 0.672432 0.143044 -0.726205
vn 0.299355 -0.192915 -0.934436
vn 0.833089 0.022407 -0.552686
vn 0.032531 -0.247266 -0.968401
vn 0.842059 -0.159266 -0.515336
vn 0.238360 -0.279788 -0.930002
vn 0.304425 -0.331959 -0.892821
vn 0.219984 -0.169458 -0.960672
vn 0.586768 0.243062 -0.772415
vn 0.161602 -0.157320 -0.974236
vn 0.484391 0.313903 -0.816597
vn 0.117935 -0.151717 -0.981363
vn 0.375296 0.355641 -0.855963
vn 0.085568 -0.149429 -0.985063
vn 0.345647 0.474994 -0.809264
vn 0.059771 -0.145918 -0.987489
vn 0.178482 0.373409 -0.910335
vn 0.039270 -0.138847 -0.989535
vn 0.098313 0.367902 -0.924653
vn 0.020128 -0.121953 -0.992332
vn 0.028032 0.363559 -0.931149
vn -0.005346 -0.081414 -0.996666
vn -0.039175 0.365451 -0.930006
vn -0.060332 0.029358 -0.997747
vn -0.145956 0.486824 -0.861219
vn -0.001542 -0.242718 -0.970096
vn -0.195972 0.380165 -0.903919
vn -0.013403 -0.227923 -0.973587
vn -0.293252 0.378655 -0.877852
vn -0.015988 -0.230571 -0.972924
vn -0.400196 0.357243 -0.843932
vn -0.019087 -0.232750 -0.972349
vn -0.509082 0.308860 -0.803393
vn -0.002408 -0.245276 -0.969450
vn -0.718251 0.272738 -0.640101
vn -0.257217 -0.171155 -0.951076
vn -0.691410 0.125837 -0.711419
vn -0.233509 -0.220067 -0.947124
vn -0.745977 -0.002058 -0.665968
vn -0.220719 -0.259442 -0.940199
vn -0.767493 -0.144018 -0.624670
vn -0.211354 -0.296299 -0.931416
vn -0.827684 -0.319384 -0.461447
vn -0.201954 -0.333063 -0.921023
vn -0.708257 -0.435135 -0.555904
vn -0.190692 -0.371545 -0.908620
vn -0.630178 -0.568072 -0.529312
vn -0.175147 -0.413745 -0.893386
vn -0.524167 -0.683384 -0.508169
vn -0.153784 -0.461054 -0.873945
vn -0.395048 -0.775239 -0.492890
vn -0.124390 -0.516631 -0.847124
vn -0.265059 -0.891724 -0.366841
vn -0.081638 -0.586291 -0.805976
vn -0.093339 -0.874008 -0.476863
vn -0.001236 -0.285451 -0.958392
vn 0.067650 -0.876969 -0.475762
vn 0.070442 -0.651764 -0.755144
vn 0.225542 -0.848129 -0.479384
vn 0.131856 -0.585230 -0.800075
vn 0.373155 -0.788706 -0.488568
vn 0.178619 -0.527813 -0.830367
vn 0.540268 -0.748860 -0.383822
vn 0.216231 -0.476049 -0.852421
vn 0.616915 -0.589698 -0.521222
vn 0.247307 -0.427562 -0.869500
vn 0.701278 -0.459291 -0.545216
vn 0.275457 -0.380250 -0.882912
vn 0.754079 -0.316941 -0.575251
vn 0.845929 -0.032912 -0.532280
vn 0.876876 -0.244798 -0.413718
vn 0.797340 -0.439302 -0.413839
vn 0.674187 -0.612027 -0.413394
vn 0.478357 -0.698419 -0.532341
vn 0.327748 -0.849274 -0.413901
vn 0.123790 -0.901896 -0.413835
vn -0.087961 -0.906380 -0.413205
vn -0.274365 -0.800861 -0.532303
vn -0.486241 -0.769762 -0.413566
vn -0.649842 -0.637418 -0.414009
vn -0.779641 -0.470465 -0.413307
vn -0.806389 -0.257831 -0.532222
vn -0.907589 -0.070293 -0.413934
vn -0.899380 0.140648 -0.413925
vn -0.783869 0.319683 -0.532308
vn -0.740764 0.529868 -0.412927
vn -0.598165 0.686144 -0.414011
vn -0.424256 0.805464 -0.413804
vn -0.211164 0.819760 -0.532357
vn -0.017685 0.910530 -0.413066
vn 0.192756 0.889643 -0.413981
vn 0.392717 0.821309 -0.413794
vn 0.531793 0.658855 -0.532078
vn 0.720006 0.557347 -0.413468
vn 0.828662 0.376795 -0.413937
vn 0.893377 0.175519 -0.413606
vn 0.518496 -0.101867 0.848991
vn 0.047011 0.001829 0.998893
vn 0.509027 0.142106 0.848939
vn 0.416957 0.230002 0.879344
vn 0.336628 0.305375 0.890745
vn 0.258554 0.377148 0.889331
vn 0.175027 0.453537 0.873882
vn 0.073929 0.542818 0.836590
vn -0.063717 0.653013 0.754662
vn -0.005141 0.015008 0.999874
vn -0.071052 0.112704 0.991085
vn -0.070769 0.069467 0.995071
vn -0.070907 0.042735 0.996567
vn -0.070830 0.022659 0.997231
vn -0.070547 0.005467 0.997493
vn -0.069952 -0.010928 0.997491
vn -0.068838 -0.028090 0.997232
vn -0.067298 -0.048170 0.996569
vn -0.065248 -0.074725 0.995067
vn -0.062099 -0.117763 0.991098
vn -0.003959 -0.015368 0.999874
vn -0.012046 -0.655672 0.754950
vn 0.116165 -0.534821 0.836942
vn 0.209761 -0.438684 0.873817
vn 0.287021 -0.356194 0.889238
vn 0.359351 -0.277984 0.890838
vn 0.433686 -0.197085 0.879246
vn 0.070706 -0.013891 0.997400
vn 0.070299 0.002735 0.997522
vn 0.069456 0.019390 0.997397
vn 0.068122 0.037578 0.996969
vn 0.066397 0.060233 0.995974
vn 0.063819 0.093092 0.993610
vn 0.059657 0.154586 0.986177
vn 0.000959 0.007045 0.999975
vn -0.057752 0.591880 0.803954
vn -0.165943 0.484381 0.858975
vn -0.249723 0.396112 0.883591
vn -0.323171 0.317226 0.891587
vn -0.395703 0.238489 0.886872
vn -0.474462 0.151786 0.867091
vn -0.046803 0.003627 0.998898
vn -0.562978 -0.087947 0.821779
vn -0.461155 -0.188178 0.867136
vn -0.375755 -0.268951 0.886833
vn -0.297808 -0.341065 0.891619
vn -0.218370 -0.414117 0.883641
vn -0.127753 -0.495952 0.858901
vn -0.010933 -0.595085 0.803588
vn 0.001508 -0.006945 0.999975
vn 0.071500 -0.149532 0.986168
vn 0.070811 -0.087877 0.993611
vn 0.070869 -0.054822 0.995978
vn 0.070902 -0.032221 0.996963
vn -0.869800 -0.009467 -0.493313
vn -0.002139 0.406834 -0.913500
vn -0.953168 -0.073038 -0.293491
vn -0.919262 0.133635 -0.370269
vn -0.889306 0.253648 -0.380523
vn -0.843376 0.369935 -0.389698
vn -0.782056 0.480031 -0.397440
vn -0.706056 0.581726 -0.403832
vn -0.615483 0.673591 -0.409214
vn -0.513301 0.752125 -0.413316
vn -0.400165 0.816267 -0.416625
vn -0.279253 0.863919 -0.419121
vn -0.152092 0.894184 -0.421073
vn 0.001275 0.525834 -0.850586
vn 0.152092 0.894184 -0.421073
vn 0.279253 0.863919 -0.419121
vn 0.400165 0.816267 -0.416625
vn 0.513301 0.752125 -0.413316
vn 0.615483 0.673591 -0.409214
vn 0.706056 0.581726 -0.403832
vn 0.782056 0.480031 -0.397440
vn 0.843376 0.369935 -0.389698
vn 0.889306 0.253648 -0.380523
vn 0.919262 0.133635 -0.370269
vn 0.869800 -0.009467 -0.493313
vn 0.000201 -0.114445 -0.993430
vn 0.954847 -0.203862 -0.216120
vn 0.942908 -0.309922 -0.121953
vn 0.909921 -0.413758 -0.029109
vn 0.856797 -0.512209 0.059503
vn 0.785166 -0.602908 0.141481
vn 0.697003 -0.684016 0.215193
vn 0.595824 -0.753250 0.278582
vn 0.483994 -0.810066 0.330973
vn 0.363836 -0.854022 0.371846
vn 0.238026 -0.884707 0.400795
vn 0.119986 -0.901165 0.416539
vn 0.419125 0.190946 -0.887622
vn 0.279868 -0.510472 -0.813076
vn -0.177026 -0.585386 -0.791192
vn -0.331515 0.447926 -0.830338
vn -0.000335 -0.139812 -0.990178
vn -0.119986 -0.901165 0.416539
vn -0.238026 -0.884707 0.400795
vn -0.363836 -0.854022 0.371846
vn -0.483994 -0.810066 0.330973
vn -0.595824 -0.753250 0.278582
vn -0.697003 -0.684016 0.215193
vn -0.785166 -0.602908 0.141481
vn -0.856797 -0.512209 0.059503
vn -0.909921 -0.413758 -0.029109
vn -0.942908 -0.309922 -0.121953
vn -0.954847 -0.203862 -0.216120
vn -0.870445 -0.124107 -0.476363
vn -0.998119 0.024120 0.056359
vn -0.997762 0.031356 0.059052
vn -0.992584 -0.110171 0.051374
vn -0.965707 -0.235308 0.109728
vn -0.923485 -0.347691 0.162130
vn -0.865653 -0.453734 0.211590
vn -0.793215 -0.551884 0.257360
vn -0.706714 -0.641213 0.299002
vn -0.608487 -0.719214 0.335373
vn -0.499755 -0.785016 0.366053
vn -0.382769 -0.837280 0.390448
vn -0.258634 -0.875471 0.408239
vn -0.124454 -0.899258 0.419340
vn -0.312592 0.938388 -0.147359
vn -0.422828 -0.222932 0.878361
vn -0.151155 -0.847681 0.508517
vn -0.278518 -0.822133 0.496512
vn -0.400602 -0.781879 0.477684
vn -0.516071 -0.727432 0.452232
vn -0.622532 -0.659884 0.420722
vn -0.718630 -0.580075 0.383515
vn -0.802350 -0.489622 0.341327
vn -0.871999 -0.390531 0.295134
vn -0.927016 -0.283631 0.245348
vn -0.966247 -0.170863 0.192802
vn -0.979807 -0.052074 0.193046
vn -0.147966 0.980664 -0.128080
vn -0.211373 -0.691130 0.691130
vn -0.048599 -0.194394 0.979719
vn -0.148196 -0.916614 0.371290
vn -0.304585 0.934559 0.183925
vn 0.065828 -0.526623 0.847547
vn 0.319845 -0.667954 0.671965
vn 0.114552 0.973422 -0.198314
vn 0.286990 0.893031 0.346602
vn 0.156435 -0.968052 0.195966
vn 0.420198 0.899818 -0.117307
vn 0.428006 -0.899855 -0.084089
vn 0.034233 0.999413 -0.001332
vn 0.036629 -0.999328 0.001425
vn 0.415497 0.905924 0.081631
vn 0.420198 -0.899818 0.117307
vn 0.335994 0.929405 0.152689
vn 0.340466 -0.921355 0.187583
vn 0.272028 0.938999 0.210434
vn 0.273357 -0.929353 0.248153
vn 0.213637 0.940249 0.265125
vn 0.210117 -0.928298 0.306779
vn 0.154280 0.933859 0.322654
vn 0.143130 -0.917583 0.370885
vn 0.084959 0.916398 0.391147
vn 0.061744 -0.890967 0.449851
vn -0.000452 0.999697 0.024606
vn -0.054116 -0.828323 0.557631
vn -0.084104 0.941448 0.326500
vn -0.004005 -0.999924 0.011690
vn -0.136276 0.956290 0.258724
vn -0.055531 -0.994564 0.088084
vn -0.178702 0.962348 0.204823
vn -0.055304 -0.996997 0.054207
vn -0.218725 0.963178 0.156353
vn -0.055229 -0.997918 0.033307
vn -0.260995 0.959447 0.106501
vn -0.055254 -0.998316 0.017667
vn -0.020018 0.999795 0.003127
vn -0.054997 -0.998477 0.004260
vn -0.318400 0.947635 -0.024673
vn -0.054504 -0.998477 -0.008524
vn -0.276992 0.956777 -0.088613
vn -0.053700 -0.998317 -0.021900
vn -0.241506 0.959421 -0.145555
vn -0.052518 -0.997913 -0.037566
vn -0.207097 0.956967 -0.203287
vn -0.007698 -0.999931 -0.008830
vn -0.169455 0.948176 -0.268790
vn -0.148084 -0.948172 -0.281143
vn -0.121362 0.927241 -0.354252
vn -0.093428 -0.927211 -0.362698
vn -0.002875 0.999562 -0.029460
vn -0.000575 -0.999562 -0.029600
vn 0.061311 0.890837 -0.450168
vn 0.096154 -0.890959 -0.443787
vn 0.143130 0.917583 -0.370885
vn 0.171539 -0.917537 -0.358748
vn 0.210198 0.928335 -0.306612
vn 0.233600 -0.928262 -0.289414
vn 0.273523 0.929310 -0.248128
vn 0.291783 -0.929434 -0.225865
vn 0.340266 0.921406 -0.187698
vn 0.353920 -0.921327 -0.160928
vn 0.291073 0.953244 -0.081259
vn 0.055153 -0.998419 -0.010836
vn 0.020258 0.999794 -0.000788
vn 0.054804 -0.998495 0.002132
vn 0.290081 0.955304 0.056991
vn 0.054120 -0.998420 0.015109
vn 0.248706 0.961962 0.113022
vn 0.053181 -0.998155 0.029301
vn 0.212227 0.963331 0.164173
vn 0.051722 -0.997557 0.046953
vn 0.175566 0.960055 0.217878
vn 0.049825 -0.996105 0.072746
vn 0.134178 0.950396 0.280613
vn 0.046714 -0.991547 0.121048
vn 0.005194 0.999701 0.023914
vn 0.000753 -0.999985 0.005487
vn -0.008010 0.899927 0.435967
vn -0.048256 -0.866265 0.497249
vn -0.093602 0.926930 0.363372
vn -0.136480 -0.907010 0.398379
vn -0.161380 0.938128 0.306385
vn -0.203476 -0.924352 0.322756
vn -0.223246 0.940579 0.255877
vn -0.262750 -0.929858 0.257538
vn -0.287679 0.935388 0.205644
vn -0.321821 -0.926696 0.194080
vn -0.362738 0.920061 0.148018
vn -0.389189 -0.912714 0.124437
vn -0.033786 0.999415 0.005278
vn -0.036484 -0.999330 0.002826
vn -0.473580 0.879986 -0.036698
vn -0.469327 -0.879969 -0.073395
vn -0.388996 0.912796 -0.124444
vn -0.378252 -0.912759 -0.154262
vn -0.321998 0.926637 -0.194067
vn -0.305805 -0.926626 -0.218743
vn -0.262504 0.929890 -0.257675
vn -0.241653 -0.929928 -0.277195
vn -0.203463 0.924362 -0.322734
vn -0.177803 -0.924357 -0.337565
vn -0.136469 0.907026 -0.398347
vn -0.105057 -0.906989 -0.407841
vn -0.048477 0.866496 -0.496825
vn -0.000576 -0.999560 -0.029658
vn 0.003971 0.999567 -0.029156
vn 0.089070 -0.907232 -0.411091
vn 0.122936 0.939898 -0.318557
vn 0.147338 -0.939863 -0.308137
vn 0.170222 0.953610 -0.248299
vn 0.189178 -0.953561 -0.234379
vn 0.210356 0.958820 -0.190826
vn 0.005913 -0.999972 -0.004577
vn 0.248802 0.958781 -0.137244
vn 0.055254 -0.998156 -0.025124
vn -0.471572 0.845343 0.251028
vn -0.009849 -0.771681 0.635933
vn 0.261852 -0.302144 0.916593
vn 0.017849 -0.707484 0.706504
vn 0.487518 0.863417 0.129758
vn 0.383779 0.920607 -0.072085
vn 0.953678 0.132306 0.270175
vn 0.958836 0.119997 0.257359
vn 0.999983 0.004239 0.003909
vn 0.973943 0.095847 0.205543
vn 0.999995 -0.001050 0.002871
vn 0.967324 0.099344 0.233270
vn 0.887149 0.190245 0.420443
vn 0.865978 0.211345 0.453228
vn 0.737179 0.281734 0.614161
vn 0.706987 0.298883 0.640966
vn 0.537928 0.353614 0.765239
vn 0.500223 0.365945 0.784768
vn 0.301052 0.401643 0.864899
vn 0.284127 0.405205 0.868954
vn 0.008667 0.422598 0.906276
vn 0.227030 0.411579 0.882644
vn 0.005369 0.422624 0.906289
vn 0.258854 0.409376 0.874875
vn 0.462022 0.376976 0.802761
vn 0.500220 0.365945 0.784770
vn 0.675503 0.315012 0.666680
vn 0.706919 0.298920 0.641024
vn 0.843006 0.231766 0.485414
vn 0.865902 0.211394 0.453350
vn 0.022288 0.314964 0.948842
vn 0.000025 0.420115 0.907471
vn 0.030972 0.175266 0.984034
vn 0.001267 0.173013 0.984919
vn 0.002388 -0.044595 0.999002
vn 0.067778 -0.086635 0.993932
vn 0.003680 -0.300481 0.953781
vn 0.097526 -0.338333 0.935959
vn 0.004878 -0.537330 0.843358
vn 0.120811 -0.567414 0.814522
vn 0.005698 -0.737017 0.675850
vn 0.136239 -0.757777 0.638133
vn 0.002193 -0.904024 0.427476
vn 0.119775 -0.898410 0.422508
vn 0.271016 -0.731408 0.625773
vn 0.259804 -0.873804 0.411058
vn 0.399901 -0.687642 0.605994
vn 0.394478 -0.831430 0.391294
vn 0.521411 -0.628051 0.577652
vn 0.521817 -0.771763 0.363439
vn 0.631652 -0.553420 0.542902
vn 0.637248 -0.697073 0.328639
vn 0.729357 -0.465193 0.501631
vn 0.740803 -0.607413 0.286810
vn 0.811891 -0.365292 0.455406
vn 0.828646 -0.505948 0.239506
vn 0.878188 -0.255546 0.404329
vn 0.899978 -0.393711 0.187166
vn 0.926431 -0.138632 0.350010
vn 0.952901 -0.273482 0.131101
vn 0.956196 -0.016667 0.292253
vn 0.986405 -0.147550 0.072349
vn 0.857350 0.096714 0.505566
vn 0.830938 -0.012625 0.556222
vn 0.787704 -0.117806 0.604685
vn 0.728325 -0.216239 0.650218
vn 0.653472 -0.305749 0.692454
vn 0.565702 -0.384492 0.729484
vn 0.466702 -0.451446 0.760517
vn 0.357934 -0.504906 0.785464
vn 0.242165 -0.543784 0.803527
vn 0.701135 0.203663 0.683324
vn 0.679534 0.114324 0.724681
vn 0.643689 0.028548 0.764755
vn 0.594447 -0.051779 0.802466
vn 0.533260 -0.125039 0.836659
vn 0.462120 -0.189816 0.866265
vn 0.380861 -0.244633 0.891683
vn 0.291517 -0.287790 0.912247
vn 0.196882 -0.319421 0.926935
vn 0.497511 0.297001 0.815029
vn 0.481536 0.233762 0.844676
vn 0.456015 0.173069 0.872982
vn 0.421094 0.115900 0.899582
vn 0.378032 0.063892 0.923585
vn 0.327150 0.018379 0.944794
vn 0.268573 -0.020057 0.963050
vn 0.205670 -0.051112 0.977286
vn 0.138278 -0.073318 0.987676
vn 0.255560 0.371625 0.892516
vn 0.247452 0.338345 0.907904
vn 0.233541 0.306599 0.922743
vn 0.214528 0.276989 0.936619
vn 0.190833 0.250499 0.949122
vn 0.182372 0.205838 0.961442
vn 0.136593 0.209072 0.968314
vn 0.103472 0.192696 0.975788
vn 0.067722 0.181711 0.981017
vn 0.021588 0.418837 0.907805
vn 0.024842 0.414172 0.909860
vn 0.028379 0.407718 0.912667
vn 0.032246 0.398598 0.916559
vn 0.040744 0.378613 0.924658
vn 0.035727 0.364447 0.930539
vn 0.032611 0.339386 0.940082
vn -0.001527 0.129237 0.991613
vn 0.000000 0.146885 0.989154
vn -0.000037 0.418055 0.908422
vn 0.000000 0.205487 0.978660
vn 0.000000 -0.087922 0.996127
vn 0.000000 -0.341898 0.939737
vn 0.000000 -0.573722 0.819050
vn 0.000000 -0.748665 0.662949
vn 0.000000 -0.786394 0.617726
vn -0.002154 -0.905391 0.424573
vn -0.008531 -0.769219 0.638928
vn -0.005260 -0.609148 0.793039
vn 0.000000 -0.573722 0.819050
vn -0.004177 -0.382927 0.923769
vn 0.000000 -0.341898 0.939737
vn -0.002884 -0.131358 0.991331
vn 0.000000 -0.087922 0.996127
vn -0.021588 0.418837 0.907805
vn -0.007078 0.422604 0.906287
vn -0.256889 0.380407 0.888425
vn -0.258855 0.407092 0.875940
vn -0.442520 0.376133 0.814064
vn -0.498644 0.303458 0.811953
vn -0.693667 0.290326 0.659195
vn -0.701878 0.209722 0.680723
vn -0.858696 0.195082 0.473903
vn -0.858281 0.101056 0.503131
vn -0.959229 0.088781 0.268324
vn -0.956537 -0.014683 0.291241
vn -0.999372 -0.029084 0.020244
vn -0.992798 -0.107176 0.053531
vn -0.927326 -0.136188 0.348597
vn -0.965743 -0.233795 0.112604
vn -0.879240 -0.253730 0.403184
vn -0.918790 -0.356380 0.169760
vn -0.813411 -0.363300 0.454285
vn -0.853273 -0.471222 0.223325
vn -0.730875 -0.463574 0.500920
vn -0.770249 -0.576616 0.272453
vn -0.633667 -0.551522 0.542484
vn -0.671869 -0.669898 0.315957
vn -0.523403 -0.626674 0.577347
vn -0.559346 -0.749905 0.353235
vn -0.402504 -0.686806 0.605217
vn -0.436266 -0.814134 0.383221
vn -0.273311 -0.730819 0.625464
vn -0.303142 -0.862282 0.405678
vn -0.138707 -0.757457 0.637981
vn -0.164829 -0.892529 0.419790
vn -0.125650 -0.566944 0.814117
vn -0.246628 -0.542701 0.802901
vn -0.362471 -0.502554 0.784891
vn -0.470647 -0.449167 0.759434
vn -0.569522 -0.382026 0.727806
vn -0.656708 -0.302395 0.690863
vn -0.730634 -0.212602 0.648826
vn -0.789654 -0.113628 0.602939
vn -0.832394 -0.008634 0.554117
vn -0.103952 -0.337300 0.935640
vn -0.203081 -0.317184 0.926365
vn -0.297568 -0.285686 0.910954
vn -0.386149 -0.241645 0.890223
vn -0.467016 -0.185926 0.864481
vn -0.537835 -0.120722 0.834362
vn -0.598063 -0.046908 0.800075
vn -0.646304 0.034012 0.762321
vn -0.681052 0.120071 0.722324
vn -0.075302 -0.085778 0.993464
vn -0.145339 -0.071939 0.986763
vn -0.212251 -0.048805 0.975996
vn -0.275118 -0.016399 0.961271
vn -0.332276 0.023076 0.942900
vn -0.382471 0.069169 0.921375
vn -0.425112 0.121583 0.896938
vn -0.459162 0.178954 0.870141
vn -0.483756 0.240100 0.841625
vn -0.040573 0.176537 0.983457
vn -0.077150 0.184296 0.979838
vn -0.112081 0.196625 0.974051
vn -0.144907 0.214167 0.965989
vn -0.173827 0.235244 0.956266
vn -0.220057 0.239032 0.945748
vn -0.219822 0.284512 0.933130
vn -0.237630 0.314675 0.918973
vn -0.250087 0.346833 0.903971
vn -0.022288 0.314964 0.948842
vn -0.032611 0.339386 0.940082
vn -0.035727 0.364447 0.930539
vn -0.034187 0.384029 0.922688
vn -0.037636 0.392995 0.918770
vn -0.028379 0.407718 0.912667
vn -0.024842 0.414172 0.909860
vn -0.423487 0.382847 0.821028
vn -0.451305 0.377135 0.808760
vn -0.284277 0.405186 0.868913
vn -0.301270 0.404372 0.863551
vn -0.006829 0.422613 0.906284
vn -0.226837 0.411598 0.882685
vn -0.479959 0.375756 0.792746
vn -0.709038 0.313321 0.631739
vn -0.872886 0.228522 0.431102
vn -0.969056 0.134053 0.207269
vn -0.004145 0.441968 0.897021
vn -0.000003 0.429640 0.903000
vn -0.030379 0.640783 0.767121
vn -0.001189 0.642557 0.766237
vn -0.002335 0.793204 0.608952
vn -0.068250 0.817349 0.572086
vn -0.003728 0.923900 0.382616
vn -0.097769 0.934554 0.342125
vn -0.004897 0.991366 0.131033
vn -0.120625 0.988631 0.089766
vn -0.005739 0.991573 -0.129423
vn -0.136594 0.975806 -0.170717
vn -0.002194 0.908539 -0.417794
vn -0.120093 0.901105 -0.416639
vn -0.271433 0.949319 -0.158483
vn -0.259804 0.876557 -0.405153
vn -0.399840 0.906251 -0.137251
vn -0.394473 0.834180 -0.385403
vn -0.521074 0.846457 -0.109511
vn -0.521476 0.774681 -0.357676
vn -0.631479 0.771771 -0.074854
vn -0.637716 0.699455 -0.322616
vn -0.729628 0.682985 -0.034271
vn -0.740666 0.610283 -0.281013
vn -0.811994 0.583528 0.012689
vn -0.828643 0.508698 -0.233616
vn -0.878283 0.473829 0.064078
vn -0.899979 0.396447 -0.181293
vn -0.926466 0.357146 0.118774
vn -0.952886 0.276262 -0.125249
vn -0.956114 0.234818 0.175230
vn -0.986400 0.150290 -0.066537
vn -0.857478 0.325054 0.398839
vn -0.830972 0.434159 0.347840
vn -0.787505 0.539015 0.298829
vn -0.728253 0.637014 0.252707
vn -0.653270 0.726988 0.211485
vn -0.565679 0.805917 0.174655
vn -0.466601 0.872880 0.142702
vn -0.358041 0.926267 0.117626
vn -0.242220 0.965053 0.100015
vn -0.701075 0.392762 0.595174
vn -0.679744 0.481566 0.553211
vn -0.643994 0.567464 0.513085
vn -0.594624 0.647989 0.475954
vn -0.533350 0.721150 0.442131
vn -0.462357 0.785382 0.411583
vn -0.380548 0.840334 0.386034
vn -0.291414 0.883748 0.366153
vn -0.196388 0.915265 0.351742
vn -0.497732 0.433441 0.751260
vn -0.481982 0.496720 0.721777
vn -0.455854 0.557743 0.693628
vn -0.421001 0.614753 0.666961
vn -0.378410 0.666340 0.642493
vn -0.326844 0.711932 0.621551
vn -0.268611 0.750639 0.603646
vn -0.205639 0.781554 0.588970
vn -0.138375 0.803885 0.578464
vn -0.255620 0.444734 0.858412
vn -0.247146 0.478144 0.842792
vn -0.233411 0.509874 0.827978
vn -0.214900 0.539323 0.814217
vn -0.191193 0.566121 0.801843
vn -0.182912 0.604498 0.775323
vn -0.136515 0.607504 0.782498
vn -0.103238 0.623354 0.775095
vn -0.067935 0.634553 0.769888
vn -0.116698 0.439715 0.890524
vn -0.089229 0.450445 0.888334
vn -0.063110 0.453923 0.888803
vn -0.042756 0.452940 0.890515
vn -0.031676 0.456200 0.889313
vn -0.015174 0.447658 0.894076
vn -0.009385 0.445037 0.895463
vn 0.001461 0.675702 0.737173
vn 0.000000 0.662516 0.749048
vn 0.000008 0.432020 0.901864
vn 0.000000 0.616979 0.786980
vn 0.000000 0.819050 0.573722
vn 0.000000 0.939737 0.341898
vn 0.000000 0.996135 0.087837
vn 0.000000 0.989162 -0.146829
vn 0.000000 0.978639 -0.205584
vn 0.002169 0.907212 -0.420667
vn 0.008589 0.983921 -0.178397
vn 0.005284 0.999005 0.044273
vn 0.000000 0.996135 0.087837
vn 0.004227 0.953851 0.300249
vn 0.000000 0.939737 0.341898
vn 0.002895 0.843547 0.537048
vn 0.000000 0.819050 0.573722
vn 0.026121 0.426981 0.903883
vn 0.257109 0.436151 0.862361
vn 0.498488 0.426806 0.754550
vn 0.702092 0.386654 0.597967
vn 0.858221 0.320656 0.400795
vn 0.956509 0.232689 0.175918
vn 0.992791 0.109949 -0.047714
vn 0.927326 0.354554 0.119822
vn 0.965734 0.236573 -0.106733
vn 0.879264 0.471895 0.064881
vn 0.918789 0.359122 -0.163885
vn 0.813526 0.581360 0.014045
vn 0.853188 0.474092 -0.217501
vn 0.730975 0.681588 -0.033360
vn 0.770375 0.579209 -0.266531
vn 0.633659 0.770024 -0.074429
vn 0.671953 0.672571 -0.310044
vn 0.523167 0.845214 -0.109127
vn 0.559562 0.752500 -0.347325
vn 0.402540 0.905091 -0.137007
vn 0.435769 0.817094 -0.377442
vn 0.273475 0.948850 -0.157785
vn 0.303282 0.864981 -0.399784
vn 0.139120 0.975618 -0.169752
vn 0.164836 0.895261 -0.413928
vn 0.125634 0.988051 0.089284
vn 0.246638 0.963884 0.100482
vn 0.362453 0.924349 0.119193
vn 0.470464 0.870638 0.143711
vn 0.569446 0.803068 0.175537
vn 0.656643 0.723361 0.213468
vn 0.730542 0.633722 0.254370
vn 0.789665 0.534878 0.300557
vn 0.832415 0.429934 0.349632
vn 0.103900 0.933666 0.342743
vn 0.203019 0.913577 0.352363
vn 0.297265 0.881521 0.366816
vn 0.385892 0.837127 0.387692
vn 0.466936 0.781454 0.413884
vn 0.537990 0.716615 0.443881
vn 0.598178 0.643203 0.477989
vn 0.646347 0.562013 0.516118
vn 0.681424 0.476287 0.555708
vn 0.075131 0.816378 0.572610
vn 0.145569 0.801823 0.579559
vn 0.212135 0.778924 0.590149
vn 0.275102 0.747061 0.605159
vn 0.332548 0.707477 0.623609
vn 0.382756 0.661575 0.644838
vn 0.425353 0.608928 0.669538
vn 0.459339 0.551725 0.696137
vn 0.483861 0.490394 0.724840
vn 0.040183 0.639639 0.767624
vn 0.077287 0.632092 0.771029
vn 0.111935 0.619636 0.776867
vn 0.144759 0.602440 0.784927
vn 0.174278 0.581517 0.794648
vn 0.220158 0.570670 0.791117
vn 0.219950 0.531866 0.817766
vn 0.237346 0.501772 0.831800
vn 0.249984 0.469541 0.846782
vn 0.002070 0.433299 0.901248
vn 0.040491 0.519531 0.853492
vn 0.046946 0.496307 0.866877
vn 0.045707 0.472912 0.879923
vn 0.047917 0.458520 0.887391
vn 0.036151 0.440783 0.896885
vn 0.030984 0.432841 0.900938
vn -0.987590 0.150757 0.044018
vn -0.960846 0.276697 -0.014600
vn -0.914274 0.398738 -0.071489
vn -0.849310 0.512953 -0.124705
vn -0.766782 0.617979 -0.173631
vn -0.669177 0.710744 -0.216900
vn -0.557511 0.790338 -0.254061
vn -0.434565 0.854672 -0.284057
vn -0.302716 0.902456 -0.306491
vn -0.165112 0.932709 -0.320612
vn -0.002167 0.943145 -0.332375
vn 0.002167 0.944209 -0.329339
vn 0.118313 0.938804 -0.323496
vn 0.257399 0.914531 -0.312056
vn 0.391261 0.872572 -0.292460
vn 0.517679 0.813554 -0.264837
vn 0.633096 0.739074 -0.230127
vn 0.736115 0.650048 -0.188608
vn 0.823472 0.549383 -0.141673
vn 0.894652 0.437675 -0.089655
vn 0.947408 0.318221 -0.033973
vn 0.980905 0.192959 0.024337
vn 0.998722 0.023305 0.044840
vn 0.981378 0.079241 0.174979
vn -0.996270 0.000592 0.086288
vn -0.002138 -0.859201 0.511633
vn -0.117967 -0.851297 0.511250
vn -0.257290 -0.826915 0.500013
vn -0.391548 -0.784789 0.480413
vn -0.517926 -0.725688 0.452912
vn -0.633009 -0.651401 0.418301
vn -0.735948 -0.562501 0.376794
vn -0.823479 -0.461674 0.329758
vn -0.894655 -0.349981 0.277680
vn -0.947406 -0.230601 0.221914
vn -0.980915 -0.105317 0.163445
vn 0.002153 -0.860843 0.508867
vn 0.987591 -0.063140 0.143797
vn 0.960856 -0.189043 0.202528
vn 0.914276 -0.311037 0.259529
vn 0.849224 -0.425368 0.312858
vn 0.766899 -0.530148 0.361676
vn 0.669001 -0.623138 0.405137
vn 0.557540 -0.702624 0.442117
vn 0.434962 -0.766791 0.472059
vn 0.302610 -0.814892 0.494346
vn 0.164768 -0.845177 0.508455
vn -0.001812 0.921062 -0.389413
vn 0.003495 0.955850 -0.293835
vn -0.121833 0.899549 -0.419485
vn -0.260265 0.875069 -0.408064
vn -0.383762 0.836916 -0.390255
vn -0.500881 0.784429 -0.365773
vn -0.609522 0.718499 -0.335027
vn -0.707821 0.640211 -0.298527
vn -0.794020 0.550932 -0.256914
vn -0.866292 0.452734 -0.211115
vn -0.924047 0.346461 -0.161560
vn -0.966053 0.234138 -0.109186
vn -0.992690 0.109385 -0.051005
vn -0.980293 0.190547 0.052127
vn -0.952188 0.305508 -0.001683
vn -0.907736 0.416144 -0.053283
vn -0.847847 0.520339 -0.101989
vn -0.773646 0.616386 -0.146769
vn -0.685663 0.703400 -0.187334
vn -0.586507 0.778784 -0.222496
vn -0.476865 0.842081 -0.251993
vn -0.359638 0.891633 -0.275046
vn -0.235969 0.927007 -0.291507
vn -0.128061 0.962420 -0.239475
vn 0.133817 -0.898152 0.418827
vn 0.128866 -0.823363 0.552691
vn 0.236388 -0.832370 0.501280
vn 0.279730 -0.870125 0.405751
vn 0.360468 -0.796920 0.484749
vn 0.402815 -0.829523 0.386822
vn 0.478471 -0.747123 0.461381
vn 0.518874 -0.774760 0.361271
vn 0.588172 -0.683763 0.431882
vn 0.625665 -0.707002 0.329683
vn 0.687704 -0.608119 0.396552
vn 0.722394 -0.626696 0.292232
vn 0.775971 -0.520773 0.355900
vn 0.806488 -0.535850 0.249883
vn 0.850322 -0.424562 0.310966
vn 0.876629 -0.436083 0.203356
vn 0.910382 -0.319993 0.262316
vn 0.931890 -0.328755 0.153302
vn 0.954939 -0.209093 0.210647
vn 0.971349 -0.215391 0.100440
vn 0.983179 -0.093589 0.156843
vn 0.994071 -0.098545 0.045951
vn 0.991504 0.117891 -0.054973
vn 0.960040 0.253641 -0.118279
vn 0.915315 0.365004 -0.170208
vn 0.854768 0.470379 -0.219351
vn 0.780113 0.567021 -0.264406
vn 0.691521 0.654682 -0.305271
vn 0.591245 0.730934 -0.340830
vn 0.480890 0.794636 -0.370538
vn 0.362394 0.844699 -0.393895
vn 0.237894 0.880286 -0.410491
vn 0.108808 0.900922 -0.420120
vn 0.150993 0.942384 -0.298519
vn 0.277726 0.916859 -0.286773
vn 0.399421 0.876694 -0.268088
vn 0.514665 0.822308 -0.242753
vn 0.620586 0.755088 -0.211458
vn 0.716701 0.675270 -0.174211
vn 0.799765 0.585531 -0.132397
vn 0.869522 0.486331 -0.086100
vn 0.924358 0.379788 -0.036378
vn 0.963417 0.267523 0.016084
vn 0.973469 0.196101 0.117907
# 1452 vertices, 0 vertices normals

f 1//1 2//2 3//3
f 3//3 2//2 4//4
f 3//3 4//4 5//5
f 5//5 4//4 6//6
f 5//5 6//6 7//7
f 7//7 6//6 8//8
f 7//7 8//8 9//9
f 9//9 8//8 10//10
f 9//9 10//10 11//11
f 11//11 10//10 12//12
f 11//11 12//12 13//13
f 13//13 12//12 14//14
f 13//13 14//14 15//15
f 15//15 14//14 16//16
f 15//15 16//16 17//17
f 17//17 16//16 18//18
f 17//17 18//18 19//19
f 19//19 18//18 20//20
f 19//19 20//20 21//21
f 21//21 20//20 22//22
f 21//21 22//22 23//23
f 23//23 22//22 24//24
f 23//23 24//24 25//25
f 25//25 24//24 26//26
f 25//25 26//26 27//27
f 27//27 26//26 28//28
f 27//27 28//28 29//29
f 29//29 28//28 30//30
f 29//29 30//30 31//31
f 31//31 30//30 32//32
f 32//32 30//30 33//33
f 32//32 33//33 34//34
f 34//34 33//33 35//35
f 34//34 35//35 36//36
f 36//36 35//35 37//37
f 36//36 37//37 38//38
f 38//38 37//37 39//39
f 38//38 39//39 40//40
f 40//40 39//39 41//41
f 40//40 41//41 42//42
f 42//42 41//41 43//43
f 42//42 43//43 44//44
f 44//44 43//43 45//45
f 44//44 45//45 46//46
f 46//46 45//45 47//47
f 46//46 47//47 48//48
f 48//48 47//47 49//49
f 48//48 49//49 50//50
f 50//50 49//49 51//51
f 50//50 51//51 52//52
f 52//52 51//51 53//53
f 52//52 53//53 54//54
f 54//54 53//53 55//55
f 54//54 55//55 56//56
f 56//56 55//55 1//1
f 56//56 1//1 3//3
f 4//4 2//2 57//57
f 57//57 2//2 1//1
f 57//57 1//1 58//58
f 58//58 1//1 55//55
f 58//58 55//55 59//59
f 59//59 55//55 53//53
f 59//59 53//53 60//60
f 60//60 53//53 51//51
f 60//60 51//51 61//61
f 61//61 51//51 49//49
f 61//61 49//49 62//62
f 62//62 49//49 47//47
f 62//62 47//47 63//63
f 63//63 47//47 45//45
f 63//63 45//45 43//43
f 63//63 43//43 64//64
f 64//64 43//43 41//41
f 64//64 41//41 65//65
f 65//65 41//41 39//39
f 65//65 39//39 66//66
f 66//66 39//39 37//37
f 66//66 37//37 67//67
f 67//67 37//37 35//35
f 67//67 35//35 68//68
f 68//68 35//35 33//33
f 68//68 33//33 69//69
f 69//69 33//33 30//30
f 69//69 30//30 28//28
f 69//69 28//28 70//70
f 70//70 28//28 26//26
f 70//70 26//26 71//71
f 71//71 26//26 24//24
f 71//71 24//24 72//72
f 72//72 24//24 22//22
f 72//72 22//22 73//73
f 73//73 22//22 20//20
f 73//73 20//20 74//74
f 74//74 20//20 18//18
f 74//74 18//18 75//75
f 75//75 18//18 16//16
f 75//75 16//16 14//14
f 75//75 14//14 76//76
f 76//76 14//14 12//12
f 76//76 12//12 77//77
f 77//77 12//12 10//10
f 77//77 10//10 78//78
f 78//78 10//10 8//8
f 78//78 8//8 79//79
f 79//79 8//8 6//6
f 79//79 6//6 80//80
f 80//80 6//6 4//4
f 80//80 4//4 57//57
f 81//81 82//82 83//83
f 83//83 82//82 84//84
f 83//83 84//84 85//85
f 85//85 84//84 86//86
f 85//85 86//86 87//87
f 87//87 86//86 88//88
f 87//87 88//88 89//89
f 89//89 88//88 90//90
f 89//89 90//90 91//91
f 91//91 90//90 92//92
f 91//91 92//92 93//93
f 93//93 92//92 94//94
f 93//93 94//94 95//95
f 95//95 94//94 96//96
f 95//95 96//96 97//97
f 97//97 96//96 98//98
f 97//97 98//98 99//99
f 99//99 98//98 100//100
f 99//99 100//100 101//101
f 101//101 100//100 102//102
f 101//101 102//102 103//103
f 103//103 102//102 104//104
f 103//103 104//104 105//105
f 105//105 104//104 106//106
f 105//105 106//106 107//107
f 107//107 106//106 108//108
f 107//107 108//108 109//109
f 109//109 108//108 110//110
f 109//109 110//110 111//111
f 111//111 110//110 112//112
f 112//112 110//110 113//113
f 112//112 113//113 114//114
f 114//114 113//113 115//115
f 114//114 115//115 116//116
f 116//116 115//115 117//117
f 116//116 117//117 118//118
f 118//118 117//117 119//119
f 118//118 119//119 120//120
f 120//120 119//119 121//121
f 120//120 121//121 122//122
f 122//122 121//121 123//123
f 122//122 123//123 124//124
f 124//124 123//123 125//125
f 124//124 125//125 126//126
f 126//126 125//125 127//127
f 126//126 127//127 128//128
f 128//128 127//127 129//129
f 128//128 129//129 130//130
f 130//130 129//129 131//131
f 130//130 131//131 132//132
f 132//132 131//131 133//133
f 132//132 133//133 134//134
f 134//134 133//133 135//135
f 134//134 135//135 136//136
f 136//136 135//135 81//81
f 136//136 81//81 83//83
f 84//84 82//82 137//137
f 137//137 82//82 81//81
f 137//137 81//81 138//138
f 138//138 81//81 135//135
f 138//138 135//135 139//139
f 139//139 135//135 133//133
f 139//139 133//133 140//140
f 140//140 133//133 131//131
f 140//140 131//131 141//141
f 141//141 131//131 129//129
f 141//141 129//129 142//142
f 142//142 129//129 127//127
f 142//142 127//127 143//143
f 143//143 127//127 125//125
f 143//143 125//125 123//123
f 143//143 123//123 144//144
f 144//144 123//123 121//121
f 144//144 121//121 145//145
f 145//145 121//121 119//119
f 145//145 119//119 146//146
f 146//146 119//119 117//117
f 146//146 117//117 147//147
f 147//147 117//117 115//115
f 147//147 115//115 148//148
f 148//148 115//115 113//113
f 148//148 113//113 149//149
f 149//149 113//113 110//110
f 149//149 110//110 108//108
f 149//149 108//108 150//150
f 150//150 108//108 106//106
f 150//150 106//106 151//151
f 151//151 106//106 104//104
f 151//151 104//104 152//152
f 152//152 104//104 102//102
f 152//152 102//102 153//153
f 153//153 102//102 100//100
f 153//153 100//100 154//154
f 154//154 100//100 98//98
f 154//154 98//98 155//155
f 155//155 98//98 96//96
f 155//155 96//96 94//94
f 155//155 94//94 156//156
f 156//156 94//94 92//92
f 156//156 92//92 157//157
f 157//157 92//92 90//90
f 157//157 90//90 158//158
f 158//158 90//90 88//88
f 158//158 88//88 159//159
f 159//159 88//88 86//86
f 159//159 86//86 160//160
f 160//160 86//86 84//84
f 160//160 84//84 137//137
f 161//161 162//162 163//163
f 163//163 162//162 164//164
f 164//164 162//162 165//165
f 165//165 162//162 166//166
f 166//166 162//162 167//167
f 167//167 162//162 168//168
f 168//168 162//162 169//169
f 169//169 162//162 170//170
f 169//169 170//170 171//171
f 171//171 170//170 172//172
f 171//171 172//172 173//173
f 171//171 173//173 174//174
f 174//174 173//173 175//175
f 174//174 175//175 176//176
f 176//176 175//175 177//177
f 177//177 175//175 178//178
f 177//177 178//178 179//179
f 179//179 178//178 180//180
f 179//179 180//180 181//181
f 181//181 180//180 182//182
f 181//181 182//182 183//183
f 183//183 182//182 184//184
f 183//183 184//184 185//185
f 183//183 185//185 186//186
f 186//186 185//185 187//187
f 186//186 187//187 188//188
f 186//186 188//188 189//189
f 189//189 188//188 190//190
f 189//189 190//190 191//191
f 191//191 190//190 192//192
f 191//191 192//192 193//193
f 193//193 192//192 194//194
f 193//193 194//194 195//195
f 195//195 194//194 196//196
f 196//196 194//194 197//197
f 196//196 197//197 198//198
f 198//198 197//197 199//199
f 199//199 197//197 200//200
f 199//199 200//200 201//201
f 201//201 200//200 202//202
f 202//202 200//200 203//203
f 202//202 203//203 204//204
f 204//204 203//203 205//205
f 204//204 205//205 206//206
f 206//206 205//205 207//207
f 206//206 207//207 208//208
f 208//208 207//207 209//209
f 208//208 209//209 210//210
f 210//210 209//209 211//211
f 210//210 211//211 212//212
f 212//212 211//211 213//213
f 213//213 211//211 214//214
f 213//213 214//214 215//215
f 215//215 214//214 216//216
f 216//216 214//214 217//217
f 216//216 217//217 218//218
f 218//218 217//217 219//219
f 218//218 219//219 220//220
f 220//220 219//219 221//221
f 220//220 221//221 222//222
f 223//223 224//224 222//222
f 222//222 224//224 220//220
f 161//161 225//225 162//162
f 162//162 225//225 226//226
f 223//223 222//222 227//227
f 227//227 222//222 228//228
f 228//228 222//222 221//221
f 228//228 221//221 229//229
f 229//229 221//221 219//219
f 229//229 219//219 230//230
f 230//230 219//219 217//217
f 230//230 217//217 231//231
f 231//231 217//217 214//214
f 231//231 214//214 232//232
f 232//232 214//214 211//211
f 232//232 211//211 233//233
f 233//233 211//211 209//209
f 233//233 209//209 234//234
f 234//234 209//209 207//207
f 234//234 207//207 235//235
f 235//235 207//207 205//205
f 235//235 205//205 236//236
f 236//236 205//205 203//203
f 236//236 203//203 237//237
f 237//237 203//203 200//200
f 237//237 200//200 238//238
f 238//238 200//200 197//197
f 238//238 197//197 239//239
f 239//239 197//197 194//194
f 239//239 194//194 240//240
f 240//240 194//194 192//192
f 240//240 192//192 241//241
f 241//241 192//192 190//190
f 241//241 190//190 242//242
f 242//242 190//190 188//188
f 242//242 188//188 243//243
f 243//243 188//188 187//187
f 243//243 187//187 244//244
f 244//244 187//187 185//185
f 244//244 185//185 245//245
f 245//245 185//185 184//184
f 245//245 184//184 246//246
f 246//246 184//184 182//182
f 246//246 182//182 247//247
f 247//247 182//182 180//180
f 247//247 180//180 248//248
f 248//248 180//180 178//178
f 248//248 178//178 249//249
f 249//249 178//178 175//175
f 249//249 175//175 250//250
f 250//250 175//175 173//173
f 250//250 173//173 251//251
f 251//251 173//173 172//172
f 251//251 172//172 252//252
f 252//252 172//172 170//170
f 252//252 170//170 253//253
f 253//253 170//170 162//162
f 253//253 162//162 226//226
f 223//223 227//227 224//224
f 224//224 227//227 254//254
f 164//164 165//165 255//255
f 255//255 165//165 256//256
f 256//256 165//165 166//166
f 256//256 166//166 257//257
f 257//257 166//166 167//167
f 257//257 167//167 258//258
f 258//258 167//167 168//168
f 258//258 168//168 259//259
f 259//259 168//168 169//169
f 259//259 169//169 260//260
f 260//260 169//169 171//171
f 260//260 171//171 261//261
f 261//261 171//171 174//174
f 261//261 174//174 262//262
f 262//262 174//174 176//176
f 262//262 176//176 263//263
f 263//263 176//176 177//177
f 263//263 177//177 264//264
f 264//264 177//177 179//179
f 264//264 179//179 265//265
f 265//265 179//179 181//181
f 265//265 181//181 266//266
f 266//266 181//181 183//183
f 266//266 183//183 267//267
f 267//267 183//183 186//186
f 267//267 186//186 268//268
f 268//268 186//186 189//189
f 268//268 189//189 269//269
f 269//269 189//189 191//191
f 269//269 191//191 270//270
f 270//270 191//191 193//193
f 270//270 193//193 271//271
f 271//271 193//193 195//195
f 271//271 195//195 272//272
f 272//272 195//195 196//196
f 272//272 196//196 273//273
f 273//273 196//196 198//198
f 273//273 198//198 274//274
f 274//274 198//198 199//199
f 274//274 199//199 275//275
f 275//275 199//199 201//201
f 275//275 201//201 276//276
f 276//276 201//201 202//202
f 276//276 202//202 277//277
f 277//277 202//202 204//204
f 277//277 204//204 278//278
f 278//278 204//204 206//206
f 278//278 206//206 279//279
f 279//279 206//206 208//208
f 279//279 208//208 280//280
f 280//280 208//208 210//210
f 280//280 210//210 281//281
f 281//281 210//210 212//212
f 281//281 212//212 282//282
f 282//282 212//212 213//213
f 282//282 213//213 283//283
f 283//283 213//213 215//215
f 283//283 215//215 284//284
f 284//284 215//215 216//216
f 284//284 216//216 285//285
f 285//285 216//216 218//218
f 285//285 218//218 286//286
f 286//286 218//218 220//220
f 286//286 220//220 287//287
f 287//287 220//220 224//224
f 287//287 224//224 254//254
f 164//164 255//255 163//163
f 163//163 255//255 288//288
f 161//161 163//163 225//225
f 225//225 163//163 288//288
f 289//289 290//290 291//291
f 291//291 290//290 292//292
f 291//291 292//292 293//293
f 293//293 292//292 294//294
f 293//293 294//294 295//295
f 293//293 295//295 296//296
f 296//296 295//295 297//297
f 296//296 297//297 298//298
f 298//298 297//297 299//299
f 298//298 299//299 300//300
f 300//300 299//299 301//301
f 300//300 301//301 302//302
f 302//302 301//301 303//303
f 302//302 303//303 304//304
f 304//304 303//303 305//305
f 304//304 305//305 306//306
f 306//306 305//305 307//307
f 307//307 305//305 308//308
f 307//307 308//308 309//309
f 309//309 308//308 310//310
f 309//309 310//310 311//311
f 311//311 310//310 312//312
f 311//311 312//312 313//313
f 313//313 312//312 314//314
f 313//313 314//314 315//315
f 315//315 314//314 316//316
f 315//315 316//316 317//317
f 317//317 316//316 318//318
f 317//317 318//318 319//319
f 319//319 318//318 320//320
f 319//319 320//320 321//321
f 321//321 320//320 322//322
f 321//321 322//322 323//323
f 321//321 323//323 324//324
f 324//324 323//323 325//325
f 324//324 325//325 326//326
f 326//326 325//325 327//327
f 326//326 327//327 328//328
f 326//326 328//328 329//329
f 329//329 328//328 330//330
f 329//329 330//330 331//331
f 331//331 330//330 332//332
f 331//331 332//332 333//333
f 331//331 333//333 334//334
f 334//334 333//333 335//335
f 334//334 335//335 336//336
f 336//336 335//335 337//337
f 336//336 337//337 338//338
f 338//338 337//337 339//339
f 339//339 337//337 340//340
f 339//339 340//340 341//341
f 341//341 340//340 342//342
f 341//341 342//342 343//343
f 343//343 342//342 344//344
f 343//343 344//344 345//345
f 345//345 344//344 346//346
f 345//345 346//346 347//347
f 347//347 346//346 348//348
f 347//347 348//348 349//349
f 349//349 348//348 350//350
f 349//349 350//350 351//351
f 351//351 350//350 352//352
f 352//352 350//350 353//353
f 353//353 350//350 354//354
f 354//354 350//350 355//355
f 355//355 350//350 356//356
f 355//355 356//356 357//357
f 357//357 356//356 358//358
f 350//350 348//348 359//359
f 359//359 348//348 360//360
f 360//360 348//348 346//346
f 360//360 346//346 361//361
f 361//361 346//346 344//344
f 361//361 344//344 362//362
f 362//362 344//344 342//342
f 362//362 342//342 363//363
f 363//363 342//342 340//340
f 363//363 340//340 364//364
f 364//364 340//340 337//337
f 364//364 337//337 365//365
f 365//365 337//337 335//335
f 365//365 335//335 366//366
f 366//366 335//335 333//333
f 366//366 333//333 367//367
f 367//367 333//333 332//332
f 367//367 332//332 368//368
f 368//368 332//332 330//330
f 368//368 330//330 369//369
f 369//369 330//330 328//328
f 369//369 328//328 370//370
f 370//370 328//328 327//327
f 370//370 327//327 371//371
f 371//371 327//327 325//325
f 371//371 325//325 372//372
f 372//372 325//325 323//323
f 372//372 323//323 373//373
f 373//373 323//323 322//322
f 373//373 322//322 374//374
f 374//374 322//322 320//320
f 374//374 320//320 375//375
f 375//375 320//320 318//318
f 375//375 318//318 376//376
f 376//376 318//318 316//316
f 376//376 316//316 377//377
f 377//377 316//316 314//314
f 377//377 314//314 378//378
f 378//378 314//314 312//312
f 378//378 312//312 379//379
f 379//379 312//312 310//310
f 379//379 310//310 380//380
f 380//380 310//310 308//308
f 380//380 308//308 381//381
f 381//381 308//308 305//305
f 381//381 305//305 382//382
f 382//382 305//305 303//303
f 382//382 303//303 383//383
f 383//383 303//303 301//301
f 383//383 301//301 384//384
f 384//384 301//301 299//299
f 384//384 299//299 385//385
f 385//385 299//299 297//297
f 385//385 297//297 386//386
f 386//386 297//297 295//295
f 386//386 295//295 387//387
f 387//387 295//295 294//294
f 387//387 294//294 388//388
f 388//388 294//294 292//292
f 388//388 292//292 389//389
f 389//389 292//292 290//290
f 389//389 290//290 390//390
f 390//390 290//290 289//289
f 390//390 289//289 391//391
f 356//356 350//350 392//392
f 392//392 350//350 359//359
f 356//356 392//392 358//358
f 358//358 392//392 393//393
f 357//357 358//358 394//394
f 394//394 358//358 393//393
f 357//357 394//394 355//355
f 355//355 394//394 395//395
f 355//355 395//395 354//354
f 354//354 395//395 396//396
f 354//354 396//396 353//353
f 353//353 396//396 397//397
f 291//291 293//293 398//398
f 398//398 293//293 399//399
f 399//399 293//293 296//296
f 399//399 296//296 400//400
f 400//400 296//296 298//298
f 400//400 298//298 401//401
f 401//401 298//298 300//300
f 401//401 300//300 402//402
f 402//402 300//300 302//302
f 402//402 302//302 403//403
f 403//403 302//302 304//304
f 403//403 304//304 404//404
f 404//404 304//304 306//306
f 404//404 306//306 405//405
f 405//405 306//306 307//307
f 405//405 307//307 406//406
f 406//406 307//307 309//309
f 406//406 309//309 407//407
f 407//407 309//309 311//311
f 407//407 311//311 408//408
f 408//408 311//311 313//313
f 408//408 313//313 409//409
f 409//409 313//313 315//315
f 409//409 315//315 410//410
f 410//410 315//315 317//317
f 410//410 317//317 411//411
f 411//411 317//317 319//319
f 411//411 319//319 412//412
f 412//412 319//319 321//321
f 412//412 321//321 413//413
f 413//413 321//321 324//324
f 413//413 324//324 414//414
f 414//414 324//324 326//326
f 414//414 326//326 415//415
f 415//415 326//326 329//329
f 415//415 329//329 416//416
f 416//416 329//329 331//331
f 416//416 331//331 417//417
f 417//417 331//331 334//334
f 417//417 334//334 418//418
f 418//418 334//334 336//336
f 418//418 336//336 419//419
f 419//419 336//336 338//338
f 419//419 338//338 420//420
f 420//420 338//338 339//339
f 420//420 339//339 421//421
f 421//421 339//339 341//341
f 421//421 341//341 422//422
f 422//422 341//341 343//343
f 422//422 343//343 423//423
f 423//423 343//343 345//345
f 423//423 345//345 424//424
f 424//424 345//345 347//347
f 424//424 347//347 425//425
f 425//425 347//347 349//349
f 425//425 349//349 426//426
f 426//426 349//349 351//351
f 426//426 351//351 427//427
f 427//427 351//351 352//352
f 427//427 352//352 428//428
f 428//428 352//352 353//353
f 428//428 353//353 397//397
f 291//291 398//398 289//289
f 289//289 398//398 391//391
f 156//156 429//429 155//155
f 155//155 429//429 430//430
f 155//155 430//430 154//154
f 154//154 430//430 431//431
f 154//154 431//431 153//153
f 153//153 431//431 432//432
f 153//153 432//432 152//152
f 152//152 432//432 433//433
f 152//152 433//433 151//151
f 151//151 433//433 434//434
f 151//151 434//434 150//150
f 150//150 434//434 435//435
f 150//150 435//435 149//149
f 149//149 435//435 436//436
f 149//149 436//436 148//148
f 148//148 436//436 437//437
f 148//148 437//437 147//147
f 147//147 437//437 438//438
f 147//147 438//438 146//146
f 146//146 438//438 439//439
f 146//146 439//439 145//145
f 145//145 439//439 440//440
f 145//145 440//440 144//144
f 144//144 440//440 441//441
f 144//144 441//441 143//143
f 143//143 441//441 442//442
f 143//143 442//442 142//142
f 142//142 442//442 443//443
f 142//142 443//443 141//141
f 141//141 443//443 444//444
f 141//141 444//444 140//140
f 140//140 444//444 445//445
f 140//140 445//445 139//139
f 139//139 445//445 446//446
f 139//139 446//446 138//138
f 138//138 446//446 447//447
f 138//138 447//447 137//137
f 137//137 447//447 448//448
f 137//137 448//448 160//160
f 160//160 448//448 449//449
f 160//160 449//449 159//159
f 159//159 449//449 450//450
f 159//159 450//450 158//158
f 158//158 450//450 451//451
f 158//158 451//451 157//157
f 157//157 451//451 452//452
f 157//157 452//452 156//156
f 156//156 452//452 429//429
f 76//76 453//453 75//75
f 75//75 453//453 454//454
f 75//75 454//454 74//74
f 74//74 454//454 455//455
f 74//74 455//455 73//73
f 73//73 455//455 456//456
f 73//73 456//456 72//72
f 72//72 456//456 457//457
f 72//72 457//457 71//71
f 71//71 457//457 458//458
f 71//71 458//458 70//70
f 70//70 458//458 459//459
f 70//70 459//459 69//69
f 69//69 459//459 460//460
f 69//69 460//460 68//68
f 68//68 460//460 461//461
f 68//68 461//461 67//67
f 67//67 461//461 462//462
f 67//67 462//462 66//66
f 66//66 462//462 463//463
f 66//66 463//463 65//65
f 65//65 463//463 464//464
f 65//65 464//464 64//64
f 64//64 464//464 465//465
f 64//64 465//465 63//63
f 63//63 465//465 466//466
f 63//63 466//466 62//62
f 62//62 466//466 467//467
f 62//62 467//467 61//61
f 61//61 467//467 468//468
f 61//61 468//468 60//60
f 60//60 468//468 469//469
f 60//60 469//469 59//59
f 59//59 469//469 470//470
f 59//59 470//470 58//58
f 58//58 470//470 471//471
f 58//58 471//471 57//57
f 57//57 471//471 472//472
f 57//57 472//472 80//80
f 80//80 472//472 473//473
f 80//80 473//473 79//79
f 79//79 473//473 474//474
f 79//79 474//474 78//78
f 78//78 474//474 475//475
f 78//78 475//475 77//77
f 77//77 475//475 476//476
f 77//77 476//476 76//76
f 76//76 476//476 453//453
f 477//477 478//478 479//479
f 479//479 478//478 480//480
f 481//481 482//482 483//483
f 483//483 482//482 484//484
f 485//485 486//486 487//487
f 487//487 486//486 488//488
f 487//487 488//488 489//489
f 489//489 488//488 490//490
f 489//489 490//490 491//491
f 491//491 490//490 492//492
f 492//492 490//490 493//493
f 492//492 493//493 494//494
f 494//494 493//493 495//495
f 494//494 495//495 496//496
f 496//496 495//495 497//497
f 497//497 495//495 498//498
f 497//497 498//498 499//499
f 499//499 498//498 500//500
f 499//499 500//500 501//501
f 485//485 502//502 486//486
f 486//486 502//502 483//483
f 483//483 502//502 481//481
f 503//503 501//501 504//504
f 504//504 501//501 500//500
f 478//478 505//505 480//480
f 480//480 505//505 506//506
f 506//506 505//505 507//507
f 506//506 507//507 508//508
f 506//506 508//508 509//509
f 509//509 508//508 510//510
f 509//509 510//510 511//511
f 511//511 510//510 512//512
f 511//511 512//512 513//513
f 511//511 513//513 514//514
f 514//514 513//513 515//515
f 514//514 515//515 516//516
f 516//516 515//515 517//517
f 516//516 517//517 518//518
f 516//516 518//518 519//519
f 519//519 518//518 520//520
f 519//519 520//520 504//504
f 504//504 520//520 503//503
f 479//479 480//480 521//521
f 521//521 480//480 522//522
f 522//522 480//480 506//506
f 522//522 506//506 509//509
f 509//509 511//511 522//522
f 522//522 511//511 514//514
f 522//522 514//514 516//516
f 516//516 519//519 522//522
f 522//522 519//519 504//504
f 522//522 504//504 523//523
f 523//523 504//504 500//500
f 523//523 500//500 498//498
f 498//498 495//495 523//523
f 523//523 495//495 493//493
f 523//523 493//493 490//490
f 490//490 488//488 523//523
f 523//523 488//488 486//486
f 523//523 486//486 483//483
f 484//484 524//524 483//483
f 483//483 524//524 523//523
f 482//482 481//481 525//525
f 525//525 481//481 526//526
f 526//526 481//481 502//502
f 526//526 502//502 485//485
f 485//485 487//487 526//526
f 527//527 528//528 529//529
f 529//529 528//528 530//530
f 529//529 530//530 531//531
f 531//531 530//530 532//532
f 531//531 532//532 533//533
f 528//528 527//527 534//534
f 534//534 527//527 535//535
f 534//534 535//535 536//536
f 536//536 535//535 537//537
f 536//536 537//537 538//538
f 538//538 537//537 539//539
f 538//538 539//539 540//540
f 540//540 539//539 541//541
f 540//540 541//541 542//542
f 542//542 541//541 543//543
f 542//542 543//543 544//544
f 544//544 543//543 545//545
f 544//544 545//545 546//546
f 546//546 545//545 547//547
f 546//546 547//547 548//548
f 548//548 547//547 549//549
f 548//548 549//549 550//550
f 550//550 549//549 551//551
f 550//550 551//551 552//552
f 552//552 551//551 553//553
f 552//552 553//553 554//554
f 554//554 553//553 555//555
f 554//554 555//555 556//556
f 556//556 555//555 557//557
f 556//556 557//557 558//558
f 558//558 557//557 559//559
f 558//558 559//559 560//560
f 560//560 559//559 561//561
f 560//560 561//561 562//562
f 562//562 561//561 563//563
f 562//562 563//563 564//564
f 564//564 563//563 565//565
f 564//564 565//565 566//566
f 566//566 565//565 567//567
f 566//566 567//567 568//568
f 568//568 567//567 569//569
f 568//568 569//569 570//570
f 570//570 569//569 571//571
f 570//570 571//571 572//572
f 572//572 571//571 573//573
f 572//572 573//573 574//574
f 574//574 573//573 575//575
f 574//574 575//575 576//576
f 576//576 575//575 577//577
f 576//576 577//577 578//578
f 578//578 577//577 579//579
f 578//578 579//579 580//580
f 580//580 579//579 581//581
f 580//580 581//581 582//582
f 582//582 581//581 583//583
f 582//582 583//583 584//584
f 584//584 583//583 585//585
f 584//584 585//585 586//586
f 586//586 585//585 587//587
f 586//586 587//587 588//588
f 588//588 587//587 589//589
f 588//588 589//589 590//590
f 590//590 589//589 591//591
f 590//590 591//591 592//592
f 592//592 591//591 593//593
f 592//592 593//593 594//594
f 594//594 593//593 595//595
f 594//594 595//595 533//533
f 533//533 595//595 531//531
f 527//527 529//529 596//596
f 596//596 529//529 531//531
f 596//596 531//531 597//597
f 597//597 531//531 595//595
f 597//597 595//595 598//598
f 598//598 595//595 593//593
f 598//598 593//593 599//599
f 599//599 593//593 591//591
f 599//599 591//591 600//600
f 600//600 591//591 589//589
f 600//600 589//589 587//587
f 600//600 587//587 601//601
f 601//601 587//587 585//585
f 601//601 585//585 602//602
f 602//602 585//585 583//583
f 602//602 583//583 603//603
f 603//603 583//583 581//581
f 603//603 581//581 604//604
f 604//604 581//581 579//579
f 604//604 579//579 577//577
f 604//604 577//577 605//605
f 605//605 577//577 575//575
f 605//605 575//575 606//606
f 606//606 575//575 573//573
f 606//606 573//573 607//607
f 607//607 573//573 571//571
f 607//607 571//571 608//608
f 608//608 571//571 569//569
f 608//608 569//569 567//567
f 608//608 567//567 609//609
f 609//609 567//567 565//565
f 609//609 565//565 610//610
f 610//610 565//565 563//563
f 610//610 563//563 611//611
f 611//611 563//563 561//561
f 611//611 561//561 559//559
f 611//611 559//559 612//612
f 612//612 559//559 557//557
f 612//612 557//557 613//613
f 613//613 557//557 555//555
f 613//613 555//555 614//614
f 614//614 555//555 553//553
f 614//614 553//553 615//615
f 615//615 553//553 551//551
f 615//615 551//551 549//549
f 615//615 549//549 616//616
f 616//616 549//549 547//547
f 616//616 547//547 617//617
f 617//617 547//547 545//545
f 617//617 545//545 618//618
f 618//618 545//545 543//543
f 618//618 543//543 619//619
f 619//619 543//543 541//541
f 619//619 541//541 539//539
f 619//619 539//539 620//620
f 620//620 539//539 537//537
f 620//620 537//537 621//621
f 621//621 537//537 535//535
f 621//621 535//535 622//622
f 622//622 535//535 527//527
f 622//622 527//527 596//596
f 623//623 624//624 625//625
f 625//625 624//624 626//626
f 625//625 626//626 627//627
f 627//627 626//626 628//628
f 627//627 628//628 629//629
f 624//624 623//623 630//630
f 630//630 623//623 631//631
f 630//630 631//631 632//632
f 632//632 631//631 633//633
f 632//632 633//633 634//634
f 634//634 633//633 635//635
f 634//634 635//635 636//636
f 636//636 635//635 637//637
f 636//636 637//637 638//638
f 638//638 637//637 639//639
f 638//638 639//639 640//640
f 640//640 639//639 641//641
f 640//640 641//641 642//642
f 642//642 641//641 643//643
f 642//642 643//643 644//644
f 644//644 643//643 645//645
f 644//644 645//645 646//646
f 646//646 645//645 647//647
f 646//646 647//647 648//648
f 648//648 647//647 649//649
f 648//648 649//649 650//650
f 650//650 649//649 651//651
f 650//650 651//651 652//652
f 652//652 651//651 653//653
f 652//652 653//653 654//654
f 654//654 653//653 655//655
f 654//654 655//655 656//656
f 656//656 655//655 657//657
f 656//656 657//657 658//658
f 658//658 657//657 659//659
f 658//658 659//659 660//660
f 660//660 659//659 661//661
f 660//660 661//661 662//662
f 662//662 661//661 663//663
f 662//662 663//663 664//664
f 664//664 663//663 665//665
f 664//664 665//665 666//666
f 666//666 665//665 667//667
f 666//666 667//667 668//668
f 668//668 667//667 669//669
f 668//668 669//669 670//670
f 670//670 669//669 671//671
f 670//670 671//671 672//672
f 672//672 671//671 673//673
f 672//672 673//673 674//674
f 674//674 673//673 675//675
f 674//674 675//675 676//676
f 676//676 675//675 677//677
f 676//676 677//677 678//678
f 678//678 677//677 679//679
f 678//678 679//679 680//680
f 680//680 679//679 681//681
f 680//680 681//681 682//682
f 682//682 681//681 683//683
f 682//682 683//683 684//684
f 684//684 683//683 685//685
f 684//684 685//685 686//686
f 686//686 685//685 687//687
f 686//686 687//687 688//688
f 688//688 687//687 689//689
f 688//688 689//689 690//690
f 690//690 689//689 691//691
f 690//690 691//691 629//629
f 629//629 691//691 627//627
f 623//623 625//625 692//692
f 692//692 625//625 627//627
f 692//692 627//627 693//693
f 693//693 627//627 691//691
f 693//693 691//691 694//694
f 694//694 691//691 689//689
f 694//694 689//689 695//695
f 695//695 689//689 687//687
f 695//695 687//687 696//696
f 696//696 687//687 685//685
f 696//696 685//685 683//683
f 696//696 683//683 697//697
f 697//697 683//683 681//681
f 697//697 681//681 698//698
f 698//698 681//681 679//679
f 698//698 679//679 699//699
f 699//699 679//679 677//677
f 699//699 677//677 700//700
f 700//700 677//677 675//675
f 700//700 675//675 673//673
f 700//700 673//673 701//701
f 701//701 673//673 671//671
f 701//701 671//671 702//702
f 702//702 671//671 669//669
f 702//702 669//669 703//703
f 703//703 669//669 667//667
f 703//703 667//667 704//704
f 704//704 667//667 665//665
f 704//704 665//665 663//663
f 704//704 663//663 705//705
f 705//705 663//663 661//661
f 705//705 661//661 706//706
f 706//706 661//661 659//659
f 706//706 659//659 707//707
f 707//707 659//659 657//657
f 707//707 657//657 655//655
f 707//707 655//655 708//708
f 708//708 655//655 653//653
f 708//708 653//653 709//709
f 709//709 653//653 651//651
f 709//709 651//651 710//710
f 710//710 651//651 649//649
f 710//710 649//649 711//711
f 711//711 649//649 647//647
f 711//711 647//647 645//645
f 711//711 645//645 712//712
f 712//712 645//645 643//643
f 712//712 643//643 713//713
f 713//713 643//643 641//641
f 713//713 641//641 714//714
f 714//714 641//641 639//639
f 714//714 639//639 715//715
f 715//715 639//639 637//637
f 715//715 637//637 635//635
f 715//715 635//635 716//716
f 716//716 635//635 633//633
f 716//716 633//633 717//717
f 717//717 633//633 631//631
f 717//717 631//631 718//718
f 718//718 631//631 623//623
f 718//718 623//623 692//692
f 693//693 719//719 692//692
f 692//692 719//719 720//720
f 692//692 720//720 718//718
f 718//718 720//720 721//721
f 718//718 721//721 717//717
f 717//717 721//721 722//722
f 717//717 722//722 716//716
f 716//716 722//722 723//723
f 716//716 723//723 715//715
f 715//715 723//723 724//724
f 715//715 724//724 714//714
f 714//714 724//724 725//725
f 714//714 725//725 713//713
f 713//713 725//725 726//726
f 713//713 726//726 712//712
f 712//712 726//726 727//727
f 712//712 727//727 711//711
f 711//711 727//727 728//728
f 711//711 728//728 710//710
f 710//710 728//728 729//729
f 710//710 729//729 709//709
f 709//709 729//729 730//730
f 709//709 730//730 708//708
f 708//708 730//730 731//731
f 708//708 731//731 707//707
f 707//707 731//731 732//732
f 707//707 732//732 706//706
f 706//706 732//732 733//733
f 706//706 733//733 705//705
f 705//705 733//733 734//734
f 705//705 734//734 704//704
f 704//704 734//734 735//735
f 704//704 735//735 703//703
f 703//703 735//735 736//736
f 703//703 736//736 702//702
f 702//702 736//736 737//737
f 702//702 737//737 701//701
f 701//701 737//737 738//738
f 701//701 738//738 700//700
f 700//700 738//738 739//739
f 700//700 739//739 699//699
f 699//699 739//739 740//740
f 699//699 740//740 698//698
f 698//698 740//740 741//741
f 698//698 741//741 697//697
f 697//697 741//741 742//742
f 697//697 742//742 696//696
f 696//696 742//742 743//743
f 696//696 743//743 695//695
f 695//695 743//743 744//744
f 695//695 744//744 694//694
f 694//694 744//744 745//745
f 694//694 745//745 693//693
f 693//693 745//745 719//719
f 597//597 746//746 596//596
f 596//596 746//746 747//747
f 596//596 747//747 622//622
f 622//622 747//747 748//748
f 622//622 748//748 621//621
f 621//621 748//748 749//749
f 621//621 749//749 620//620
f 620//620 749//749 750//750
f 620//620 750//750 619//619
f 619//619 750//750 751//751
f 619//619 751//751 618//618
f 618//618 751//751 752//752
f 618//618 752//752 617//617
f 617//617 752//752 753//753
f 617//617 753//753 616//616
f 616//616 753//753 754//754
f 616//616 754//754 615//615
f 615//615 754//754 755//755
f 615//615 755//755 614//614
f 614//614 755//755 756//756
f 614//614 756//756 613//613
f 613//613 756//756 757//757
f 613//613 757//757 612//612
f 612//612 757//757 758//758
f 612//612 758//758 611//611
f 611//611 758//758 759//759
f 611//611 759//759 610//610
f 610//610 759//759 760//760
f 610//610 760//760 609//609
f 609//609 760//760 761//761
f 609//609 761//761 608//608
f 608//608 761//761 762//762
f 608//608 762//762 607//607
f 607//607 762//762 763//763
f 607//607 763//763 606//606
f 606//606 763//763 764//764
f 606//606 764//764 605//605
f 605//605 764//764 765//765
f 605//605 765//765 604//604
f 604//604 765//765 766//766
f 604//604 766//766 603//603
f 603//603 766//766 767//767
f 603//603 767//767 602//602
f 602//602 767//767 768//768
f 602//602 768//768 601//601
f 601//601 768//768 769//769
f 601//601 769//769 600//600
f 600//600 769//769 770//770
f 600//600 770//770 599//599
f 599//599 770//770 771//771
f 599//599 771//771 598//598
f 598//598 771//771 772//772
f 598//598 772//772 597//597
f 597//597 772//772 746//746
f 773//773 774//774 775//775
f 775//775 774//774 83//83
f 775//775 83//83 85//85
f 773//773 776//776 774//774
f 774//774 776//776 777//777
f 774//774 777//777 778//778
f 778//778 779//779 774//774
f 774//774 779//779 780//780
f 774//774 780//780 781//781
f 781//781 782//782 774//774
f 774//774 782//782 783//783
f 774//774 783//783 784//784
f 784//784 785//785 774//774
f 786//786 134//134 774//774
f 774//774 134//134 136//136
f 774//774 136//136 83//83
f 787//787 788//788 786//786
f 786//786 788//788 789//789
f 786//786 789//789 790//790
f 790//790 791//791 786//786
f 786//786 791//791 792//792
f 786//786 792//792 793//793
f 793//793 794//794 786//786
f 786//786 794//794 795//795
f 786//786 795//795 796//796
f 796//796 797//797 786//786
f 786//786 797//797 522//522
f 786//786 522//522 3//3
f 3//3 522//522 56//56
f 56//56 522//522 54//54
f 54//54 522//522 52//52
f 52//52 522//522 50//50
f 50//50 522//522 48//48
f 48//48 522//522 46//46
f 46//46 522//522 44//44
f 44//44 522//522 523//523
f 44//44 523//523 42//42
f 42//42 523//523 40//40
f 40//40 523//523 38//38
f 38//38 523//523 36//36
f 36//36 523//523 34//34
f 34//34 523//523 32//32
f 32//32 523//523 31//31
f 31//31 523//523 798//798
f 31//31 798//798 29//29
f 29//29 798//798 27//27
f 27//27 798//798 114//114
f 27//27 114//114 25//25
f 25//25 114//114 116//116
f 25//25 116//116 23//23
f 23//23 116//116 118//118
f 23//23 118//118 21//21
f 21//21 118//118 120//120
f 21//21 120//120 19//19
f 19//19 120//120 122//122
f 19//19 122//122 124//124
f 523//523 799//799 798//798
f 798//798 799//799 800//800
f 798//798 800//800 801//801
f 801//801 802//802 798//798
f 798//798 802//802 803//803
f 798//798 803//803 804//804
f 804//804 805//805 798//798
f 798//798 805//805 806//806
f 798//798 806//806 807//807
f 807//807 808//808 798//798
f 798//798 808//808 809//809
f 810//810 584//584 798//798
f 798//798 584//584 586//586
f 798//798 586//586 588//588
f 811//811 564//564 810//810
f 810//810 564//564 566//566
f 810//810 566//566 568//568
f 812//812 544//544 811//811
f 811//811 544//544 546//546
f 811//811 546//546 548//548
f 813//813 626//626 812//812
f 812//812 626//626 624//624
f 812//812 624//624 630//630
f 814//814 678//678 813//813
f 813//813 678//678 680//680
f 813//813 680//680 682//682
f 815//815 816//816 814//814
f 814//814 816//816 817//817
f 814//814 817//817 818//818
f 818//818 819//819 814//814
f 814//814 819//819 820//820
f 814//814 820//820 821//821
f 821//821 822//822 814//814
f 814//814 822//822 823//823
f 814//814 823//823 824//824
f 824//824 825//825 814//814
f 814//814 825//825 826//826
f 814//814 826//826 111//111
f 111//111 826//826 109//109
f 109//109 826//826 107//107
f 107//107 826//826 105//105
f 105//105 826//826 103//103
f 103//103 826//826 101//101
f 101//101 826//826 99//99
f 99//99 826//826 97//97
f 97//97 826//826 775//775
f 97//97 775//775 95//95
f 95//95 775//775 93//93
f 93//93 775//775 91//91
f 91//91 775//775 89//89
f 89//89 775//775 87//87
f 87//87 775//775 85//85
f 3//3 5//5 786//786
f 786//786 5//5 7//7
f 786//786 7//7 134//134
f 134//134 7//7 9//9
f 134//134 9//9 132//132
f 132//132 9//9 11//11
f 132//132 11//11 130//130
f 130//130 11//11 13//13
f 130//130 13//13 128//128
f 128//128 13//13 15//15
f 128//128 15//15 126//126
f 126//126 15//15 124//124
f 124//124 15//15 17//17
f 124//124 17//17 19//19
f 111//111 112//112 814//814
f 814//814 112//112 114//114
f 814//814 114//114 798//798
f 532//532 530//530 798//798
f 798//798 530//530 528//528
f 798//798 528//528 534//534
f 798//798 534//534 656//656
f 656//656 534//534 536//536
f 656//656 536//536 654//654
f 654//654 536//536 538//538
f 654//654 538//538 652//652
f 652//652 538//538 540//540
f 652//652 540//540 650//650
f 650//650 540//540 542//542
f 650//650 542//542 648//648
f 648//648 542//542 544//544
f 648//648 544//544 812//812
f 548//548 550//550 811//811
f 811//811 550//550 552//552
f 811//811 552//552 554//554
f 554//554 556//556 811//811
f 811//811 556//556 558//558
f 811//811 558//558 560//560
f 560//560 562//562 811//811
f 811//811 562//562 564//564
f 568//568 570//570 810//810
f 810//810 570//570 572//572
f 810//810 572//572 574//574
f 574//574 576//576 810//810
f 810//810 576//576 578//578
f 810//810 578//578 580//580
f 580//580 582//582 810//810
f 810//810 582//582 584//584
f 588//588 590//590 798//798
f 798//798 590//590 592//592
f 798//798 592//592 594//594
f 594//594 533//533 798//798
f 798//798 533//533 532//532
f 630//630 632//632 812//812
f 812//812 632//632 634//634
f 812//812 634//634 636//636
f 636//636 638//638 812//812
f 812//812 638//638 640//640
f 812//812 640//640 642//642
f 642//642 644//644 812//812
f 812//812 644//644 646//646
f 812//812 646//646 648//648
f 798//798 656//656 814//814
f 814//814 656//656 658//658
f 814//814 658//658 660//660
f 660//660 662//662 814//814
f 814//814 662//662 664//664
f 814//814 664//664 666//666
f 666//666 668//668 814//814
f 814//814 668//668 670//670
f 814//814 670//670 672//672
f 672//672 674//674 814//814
f 814//814 674//674 676//676
f 814//814 676//676 678//678
f 682//682 684//684 813//813
f 813//813 684//684 686//686
f 813//813 686//686 688//688
f 688//688 690//690 813//813
f 813//813 690//690 629//629
f 813//813 629//629 628//628
f 628//628 626//626 813//813
f 826//826 827//827 775//775
f 775//775 827//827 828//828
f 827//827 826//826 829//829
f 829//829 826//826 825//825
f 829//829 825//825 830//830
f 830//830 825//825 824//824
f 830//830 824//824 831//831
f 831//831 824//824 823//823
f 831//831 823//823 832//832
f 832//832 823//823 822//822
f 832//832 822//822 833//833
f 833//833 822//822 821//821
f 833//833 821//821 834//834
f 834//834 821//821 820//820
f 834//834 820//820 835//835
f 835//835 820//820 819//819
f 835//835 819//819 836//836
f 836//836 819//819 818//818
f 836//836 818//818 837//837
f 837//837 818//818 817//817
f 837//837 817//817 838//838
f 838//838 817//817 816//816
f 838//838 816//816 839//839
f 839//839 816//816 815//815
f 839//839 815//815 840//840
f 840//840 815//815 814//814
f 840//840 841//841 839//839
f 839//839 841//841 842//842
f 839//839 842//842 838//838
f 838//838 842//842 843//843
f 838//838 843//843 837//837
f 837//837 843//843 844//844
f 837//837 844//844 836//836
f 836//836 844//844 845//845
f 836//836 845//845 835//835
f 835//835 845//845 846//846
f 835//835 846//846 834//834
f 834//834 846//846 847//847
f 834//834 847//847 833//833
f 833//833 847//847 848//848
f 833//833 848//848 832//832
f 832//832 848//848 849//849
f 832//832 849//849 831//831
f 831//831 849//849 850//850
f 831//831 850//850 830//830
f 830//830 850//850 851//851
f 830//830 851//851 829//829
f 829//829 851//851 852//852
f 829//829 852//852 827//827
f 814//814 813//813 840//840
f 840//840 813//813 853//853
f 853//853 813//813 854//854
f 854//854 813//813 812//812
f 854//854 812//812 855//855
f 856//856 857//857 854//854
f 854//854 857//857 853//853
f 811//811 858//858 812//812
f 812//812 858//858 855//855
f 858//858 811//811 859//859
f 859//859 811//811 810//810
f 859//859 810//810 860//860
f 860//860 861//861 859//859
f 859//859 861//861 862//862
f 863//863 864//864 865//865
f 865//865 864//864 866//866
f 865//865 866//866 867//867
f 867//867 866//866 868//868
f 867//867 868//868 869//869
f 869//869 868//868 870//870
f 869//869 870//870 871//871
f 871//871 870//870 872//872
f 871//871 872//872 873//873
f 873//873 872//872 874//874
f 873//873 874//874 875//875
f 875//875 874//874 876//876
f 875//875 876//876 877//877
f 877//877 876//876 878//878
f 877//877 878//878 879//879
f 879//879 878//878 880//880
f 879//879 880//880 881//881
f 881//881 880//880 882//882
f 881//881 882//882 883//883
f 883//883 882//882 884//884
f 883//883 884//884 885//885
f 885//885 884//884 886//886
f 885//885 886//886 887//887
f 887//887 886//886 888//888
f 887//887 888//888 889//889
f 889//889 888//888 890//890
f 889//889 890//890 891//891
f 891//891 890//890 892//892
f 891//891 892//892 893//893
f 893//893 892//892 894//894
f 893//893 894//894 895//895
f 895//895 894//894 896//896
f 895//895 896//896 897//897
f 897//897 896//896 898//898
f 897//897 898//898 899//899
f 899//899 898//898 900//900
f 899//899 900//900 901//901
f 901//901 900//900 902//902
f 901//901 902//902 903//903
f 903//903 902//902 904//904
f 903//903 904//904 905//905
f 905//905 904//904 906//906
f 905//905 906//906 907//907
f 907//907 906//906 908//908
f 907//907 908//908 909//909
f 909//909 908//908 910//910
f 909//909 910//910 911//911
f 911//911 910//910 912//912
f 911//911 912//912 913//913
f 913//913 912//912 914//914
f 913//913 914//914 915//915
f 915//915 914//914 916//916
f 915//915 916//916 863//863
f 863//863 916//916 864//864
f 917//917 918//918 919//919
f 919//919 918//918 920//920
f 919//919 920//920 921//921
f 921//921 920//920 922//922
f 921//921 922//922 923//923
f 923//923 922//922 924//924
f 923//923 924//924 925//925
f 925//925 924//924 926//926
f 925//925 926//926 927//927
f 927//927 926//926 928//928
f 927//927 928//928 929//929
f 929//929 928//928 930//930
f 929//929 930//930 931//931
f 931//931 930//930 932//932
f 931//931 932//932 933//933
f 933//933 932//932 934//934
f 933//933 934//934 935//935
f 935//935 934//934 936//936
f 935//935 936//936 937//937
f 937//937 936//936 938//938
f 937//937 938//938 939//939
f 939//939 938//938 940//940
f 939//939 940//940 941//941
f 941//941 940//940 942//942
f 941//941 942//942 943//943
f 943//943 942//942 944//944
f 943//943 944//944 945//945
f 945//945 944//944 946//946
f 945//945 946//946 947//947
f 947//947 946//946 948//948
f 947//947 948//948 949//949
f 949//949 948//948 950//950
f 949//949 950//950 951//951
f 951//951 950//950 952//952
f 951//951 952//952 953//953
f 953//953 952//952 954//954
f 953//953 954//954 955//955
f 955//955 954//954 956//956
f 955//955 956//956 957//957
f 957//957 956//956 958//958
f 957//957 958//958 959//959
f 959//959 958//958 960//960
f 959//959 960//960 961//961
f 961//961 960//960 962//962
f 961//961 962//962 963//963
f 963//963 962//962 964//964
f 963//963 964//964 965//965
f 965//965 964//964 966//966
f 965//965 966//966 967//967
f 967//967 966//966 968//968
f 967//967 968//968 969//969
f 969//969 968//968 970//970
f 969//969 970//970 917//917
f 917//917 970//970 918//918
f 857//857 856//856 971//971
f 971//971 856//856 972//972
f 857//857 865//865 853//853
f 853//853 865//865 867//867
f 853//853 867//867 869//869
f 971//971 905//905 857//857
f 857//857 905//905 907//907
f 857//857 907//907 909//909
f 840//840 891//891 971//971
f 971//971 891//891 893//893
f 971//971 893//893 895//895
f 853//853 879//879 840//840
f 840//840 879//879 881//881
f 840//840 881//881 883//883
f 869//869 871//871 853//853
f 853//853 871//871 873//873
f 853//853 873//873 875//875
f 875//875 877//877 853//853
f 853//853 877//877 879//879
f 883//883 885//885 840//840
f 840//840 885//885 887//887
f 840//840 887//887 889//889
f 889//889 891//891 840//840
f 895//895 897//897 971//971
f 971//971 897//897 899//899
f 971//971 899//899 901//901
f 901//901 903//903 971//971
f 971//971 903//903 905//905
f 909//909 911//911 857//857
f 857//857 911//911 913//913
f 857//857 913//913 915//915
f 915//915 863//863 857//857
f 857//857 863//863 865//865
f 840//840 971//971 841//841
f 841//841 971//971 972//972
f 841//841 972//972 973//973
f 973//973 972//972 974//974
f 855//855 720//720 854//854
f 854//854 720//720 719//719
f 854//854 719//719 745//745
f 858//858 753//753 855//855
f 855//855 753//753 728//728
f 855//855 728//728 727//727
f 859//859 760//760 858//858
f 858//858 760//760 759//759
f 858//858 759//759 758//758
f 854//854 768//768 859//859
f 859//859 768//768 767//767
f 859//859 767//767 766//766
f 745//745 744//744 854//854
f 854//854 744//744 743//743
f 854//854 743//743 742//742
f 742//742 741//741 854//854
f 854//854 741//741 740//740
f 854//854 740//740 739//739
f 738//738 769//769 739//739
f 739//739 769//769 768//768
f 739//739 768//768 854//854
f 769//769 738//738 770//770
f 770//770 738//738 737//737
f 770//770 737//737 771//771
f 771//771 737//737 736//736
f 771//771 736//736 772//772
f 772//772 736//736 735//735
f 772//772 735//735 746//746
f 746//746 735//735 734//734
f 746//746 734//734 747//747
f 747//747 734//734 733//733
f 747//747 733//733 748//748
f 748//748 733//733 732//732
f 748//748 732//732 749//749
f 749//749 732//732 731//731
f 749//749 731//731 750//750
f 750//750 731//731 730//730
f 750//750 730//730 751//751
f 751//751 730//730 729//729
f 751//751 729//729 752//752
f 752//752 729//729 728//728
f 752//752 728//728 753//753
f 727//727 726//726 855//855
f 855//855 726//726 725//725
f 855//855 725//725 724//724
f 724//724 723//723 855//855
f 855//855 723//723 722//722
f 855//855 722//722 721//721
f 721//721 720//720 855//855
f 766//766 765//765 859//859
f 859//859 765//765 764//764
f 859//859 764//764 763//763
f 763//763 762//762 859//859
f 859//859 762//762 761//761
f 859//859 761//761 760//760
f 758//758 757//757 858//858
f 858//858 757//757 756//756
f 858//858 756//756 755//755
f 755//755 754//754 858//858
f 858//858 754//754 753//753
f 854//854 866//866 856//856
f 856//856 866//866 864//864
f 856//856 864//864 916//916
f 859//859 932//932 854//854
f 854//854 932//932 882//882
f 854//854 882//882 880//880
f 862//862 946//946 859//859
f 859//859 946//946 944//944
f 859//859 944//944 942//942
f 974//974 960//960 862//862
f 862//862 960//960 958//958
f 862//862 958//958 956//956
f 972//972 968//968 974//974
f 974//974 968//968 966//966
f 974//974 966//966 964//964
f 856//856 906//906 972//972
f 972//972 906//906 904//904
f 972//972 904//904 902//902
f 916//916 914//914 856//856
f 856//856 914//914 912//912
f 856//856 912//912 910//910
f 910//910 908//908 856//856
f 856//856 908//908 906//906
f 902//902 900//900 972//972
f 972//972 900//900 968//968
f 900//900 898//898 968//968
f 968//968 898//898 970//970
f 970//970 898//898 896//896
f 970//970 896//896 918//918
f 918//918 896//896 894//894
f 918//918 894//894 920//920
f 920//920 894//894 892//892
f 920//920 892//892 922//922
f 922//922 892//892 890//890
f 922//922 890//890 924//924
f 924//924 890//890 888//888
f 924//924 888//888 926//926
f 926//926 888//888 886//886
f 926//926 886//886 928//928
f 928//928 886//886 884//884
f 928//928 884//884 930//930
f 930//930 884//884 882//882
f 930//930 882//882 932//932
f 880//880 878//878 854//854
f 854//854 878//878 876//876
f 854//854 876//876 874//874
f 874//874 872//872 854//854
f 854//854 872//872 870//870
f 854//854 870//870 868//868
f 868//868 866//866 854//854
f 964//964 962//962 974//974
f 974//974 962//962 960//960
f 956//956 954//954 862//862
f 862//862 954//954 952//952
f 862//862 952//952 950//950
f 950//950 948//948 862//862
f 862//862 948//948 946//946
f 942//942 940//940 859//859
f 859//859 940//940 938//938
f 859//859 938//938 936//936
f 936//936 934//934 859//859
f 859//859 934//934 932//932
f 862//862 861//861 974//974
f 974//974 861//861 975//975
f 860//860 945//945 861//861
f 861//861 945//945 947//947
f 861//861 947//947 949//949
f 976//976 931//931 860//860
f 860//860 931//931 933//933
f 860//860 933//933 935//935
f 975//975 919//919 976//976
f 976//976 919//919 921//921
f 976//976 921//921 923//923
f 861//861 961//961 975//975
f 975//975 961//961 963//963
f 975//975 963//963 965//965
f 923//923 925//925 976//976
f 976//976 925//925 927//927
f 976//976 927//927 929//929
f 929//929 931//931 976//976
f 935//935 937//937 860//860
f 860//860 937//937 939//939
f 860//860 939//939 941//941
f 941//941 943//943 860//860
f 860//860 943//943 945//945
f 949//949 951//951 861//861
f 861//861 951//951 953//953
f 861//861 953//953 955//955
f 955//955 957//957 861//861
f 861//861 957//957 959//959
f 861//861 959//959 961//961
f 965//965 967//967 975//975
f 975//975 967//967 969//969
f 975//975 969//969 917//917
f 917//917 919//919 975//975
f 976//976 973//973 975//975
f 975//975 973//973 974//974
f 810//810 798//798 860//860
f 860//860 798//798 976//976
f 977//977 978//978 979//979
f 979//979 978//978 980//980
f 979//979 980//980 981//981
f 981//981 980//980 982//982
f 982//982 980//980 983//983
f 983//983 980//980 984//984
f 983//983 984//984 985//985
f 985//985 984//984 986//986
f 985//985 986//986 987//987
f 987//987 986//986 988//988
f 987//987 988//988 989//989
f 989//989 988//988 990//990
f 989//989 990//990 991//991
f 991//991 990//990 992//992
f 991//991 992//992 993//993
f 993//993 992//992 994//994
f 994//994 992//992 995//995
f 995//995 992//992 996//996
f 995//995 996//996 997//997
f 997//997 996//996 998//998
f 997//997 998//998 999//999
f 999//999 998//998 1000//1000
f 999//999 1000//1000 977//977
f 977//977 1000//1000 978//978
f 984//984 980//980 978//978
f 984//984 978//978 1000//1000
f 986//986 984//984 1000//1000
f 986//986 1000//1000 998//998
f 988//988 986//986 998//998
f 988//988 998//998 996//996
f 990//990 988//988 996//996
f 990//990 996//996 992//992
f 1001//1001 1002//1002 1003//1003
f 1003//1003 1002//1002 1004//1004
f 1003//1003 1004//1004 1005//1005
f 1003//1003 1005//1005 1006//1006
f 1006//1006 1005//1005 1007//1007
f 1006//1006 1007//1007 1008//1008
f 1008//1008 1007//1007 1009//1009
f 1008//1008 1009//1009 1010//1010
f 1010//1010 1009//1009 1011//1011
f 1010//1010 1011//1011 1012//1012
f 1012//1012 1011//1011 1013//1013
f 1012//1012 1013//1013 1014//1014
f 1012//1012 1014//1014 1015//1015
f 1015//1015 1014//1014 1016//1016
f 1015//1015 1016//1016 1017//1017
f 1017//1017 1016//1016 1018//1018
f 1017//1017 1018//1018 1019//1019
f 1019//1019 1018//1018 1020//1020
f 1019//1019 1020//1020 1021//1021
f 1021//1021 1020//1020 1022//1022
f 1021//1021 1022//1022 1023//1023
f 1023//1023 1022//1022 1024//1024
f 1023//1023 1024//1024 1025//1025
f 1025//1025 1024//1024 1026//1026
f 1025//1025 1026//1026 1027//1027
f 1027//1027 1026//1026 1028//1028
f 1027//1027 1028//1028 1029//1029
f 1029//1029 1028//1028 1030//1030
f 1029//1029 1030//1030 1031//1031
f 1031//1031 1030//1030 1032//1032
f 1031//1031 1032//1032 982//982
f 982//982 1032//1032 981//981
f 982//982 983//983 1031//1031
f 1031//1031 983//983 1033//1033
f 1031//1031 1033//1033 1029//1029
f 1029//1029 1033//1033 1034//1034
f 1029//1029 1034//1034 1027//1027
f 1027//1027 1034//1034 1035//1035
f 1027//1027 1035//1035 1025//1025
f 1025//1025 1035//1035 1036//1036
f 1025//1025 1036//1036 1023//1023
f 1023//1023 1036//1036 1037//1037
f 1023//1023 1037//1037 1021//1021
f 1021//1021 1037//1037 1038//1038
f 1021//1021 1038//1038 1019//1019
f 1019//1019 1038//1038 1039//1039
f 1019//1019 1039//1039 1017//1017
f 1017//1017 1039//1039 1040//1040
f 1017//1017 1040//1040 1015//1015
f 1015//1015 1040//1040 1041//1041
f 1015//1015 1041//1041 1012//1012
f 1012//1012 1041//1041 1010//1010
f 983//983 985//985 1033//1033
f 1033//1033 985//985 1042//1042
f 1033//1033 1042//1042 1034//1034
f 1034//1034 1042//1042 1043//1043
f 1034//1034 1043//1043 1035//1035
f 1035//1035 1043//1043 1044//1044
f 1035//1035 1044//1044 1036//1036
f 1036//1036 1044//1044 1045//1045
f 1036//1036 1045//1045 1037//1037
f 1037//1037 1045//1045 1046//1046
f 1037//1037 1046//1046 1038//1038
f 1038//1038 1046//1046 1047//1047
f 1038//1038 1047//1047 1039//1039
f 1039//1039 1047//1047 1048//1048
f 1039//1039 1048//1048 1040//1040
f 1040//1040 1048//1048 1049//1049
f 1040//1040 1049//1049 1041//1041
f 1041//1041 1049//1049 1050//1050
f 1041//1041 1050//1050 1010//1010
f 1010//1010 1050//1050 1008//1008
f 985//985 987//987 1042//1042
f 1042//1042 987//987 1051//1051
f 1042//1042 1051//1051 1043//1043
f 1043//1043 1051//1051 1052//1052
f 1043//1043 1052//1052 1044//1044
f 1044//1044 1052//1052 1053//1053
f 1044//1044 1053//1053 1045//1045
f 1045//1045 1053//1053 1054//1054
f 1045//1045 1054//1054 1046//1046
f 1046//1046 1054//1054 1055//1055
f 1046//1046 1055//1055 1047//1047
f 1047//1047 1055//1055 1056//1056
f 1047//1047 1056//1056 1048//1048
f 1048//1048 1056//1056 1057//1057
f 1048//1048 1057//1057 1049//1049
f 1049//1049 1057//1057 1058//1058
f 1049//1049 1058//1058 1050//1050
f 1050//1050 1058//1058 1059//1059
f 1050//1050 1059//1059 1008//1008
f 1008//1008 1059//1059 1006//1006
f 987//987 989//989 1051//1051
f 1051//1051 989//989 1060//1060
f 1051//1051 1060//1060 1052//1052
f 1052//1052 1060//1060 1061//1061
f 1052//1052 1061//1061 1053//1053
f 1053//1053 1061//1061 1062//1062
f 1053//1053 1062//1062 1054//1054
f 1054//1054 1062//1062 1063//1063
f 1054//1054 1063//1063 1055//1055
f 1055//1055 1063//1063 1064//1064
f 1055//1055 1064//1064 1056//1056
f 1056//1056 1064//1064 1065//1065
f 1056//1056 1065//1065 1057//1057
f 1057//1057 1065//1065 1066//1066
f 1057//1057 1066//1066 1058//1058
f 1058//1058 1066//1066 1067//1067
f 1058//1058 1067//1067 1059//1059
f 1059//1059 1067//1067 1068//1068
f 1059//1059 1068//1068 1006//1006
f 1006//1006 1068//1068 1003//1003
f 989//989 991//991 1060//1060
f 1060//1060 991//991 1069//1069
f 1060//1060 1069//1069 1061//1061
f 1061//1061 1069//1069 1070//1070
f 1061//1061 1070//1070 1062//1062
f 1062//1062 1070//1070 1071//1071
f 1062//1062 1071//1071 1063//1063
f 1063//1063 1071//1071 1072//1072
f 1063//1063 1072//1072 1064//1064
f 1064//1064 1072//1072 1073//1073
f 1064//1064 1073//1073 1065//1065
f 1065//1065 1073//1073 1066//1066
f 1073//1073 1074//1074 1066//1066
f 1066//1066 1074//1074 1067//1067
f 1074//1074 1075//1075 1067//1067
f 1067//1067 1075//1075 1068//1068
f 1075//1075 1001//1001 1068//1068
f 1068//1068 1001//1001 1003//1003
f 1076//1076 1077//1077 1078//1078
f 1078//1078 1077//1077 1079//1079
f 1078//1078 1079//1079 1002//1002
f 1002//1002 1079//1079 1004//1004
f 1004//1004 1079//1079 1005//1005
f 1005//1005 1079//1079 1080//1080
f 1005//1005 1080//1080 1007//1007
f 1007//1007 1080//1080 1081//1081
f 1007//1007 1081//1081 1009//1009
f 1009//1009 1081//1081 1082//1082
f 1009//1009 1082//1082 1011//1011
f 1011//1011 1082//1082 1083//1083
f 1011//1011 1083//1083 1013//1013
f 1013//1013 1083//1083 1084//1084
f 1013//1013 1084//1084 1085//1085
f 1085//1085 1084//1084 1086//1086
f 1086//1086 1084//1084 1087//1087
f 1087//1087 1084//1084 1088//1088
f 1087//1087 1088//1088 1089//1089
f 1089//1089 1088//1088 1090//1090
f 1089//1089 1090//1090 1091//1091
f 1091//1091 1090//1090 1092//1092
f 1091//1091 1092//1092 1076//1076
f 1076//1076 1092//1092 1077//1077
f 1080//1080 1079//1079 1077//1077
f 1080//1080 1077//1077 1092//1092
f 1081//1081 1080//1080 1092//1092
f 1081//1081 1092//1092 1090//1090
f 1082//1082 1081//1081 1090//1090
f 1082//1082 1090//1090 1088//1088
f 1083//1083 1082//1082 1088//1088
f 1083//1083 1088//1088 1084//1084
f 1093//1093 1094//1094 1095//1095
f 1095//1095 1094//1094 1096//1096
f 1095//1095 1096//1096 1097//1097
f 1095//1095 1097//1097 1098//1098
f 1098//1098 1097//1097 1099//1099
f 1098//1098 1099//1099 1100//1100
f 1100//1100 1099//1099 1101//1101
f 1100//1100 1101//1101 1102//1102
f 1102//1102 1101//1101 1103//1103
f 1102//1102 1103//1103 1104//1104
f 1104//1104 1103//1103 1105//1105
f 1104//1104 1105//1105 1106//1106
f 1104//1104 1106//1106 1107//1107
f 1107//1107 1106//1106 1108//1108
f 1107//1107 1108//1108 1109//1109
f 1109//1109 1108//1108 1110//1110
f 1109//1109 1110//1110 1111//1111
f 1111//1111 1110//1110 1112//1112
f 1111//1111 1112//1112 1113//1113
f 1113//1113 1112//1112 1114//1114
f 1113//1113 1114//1114 1115//1115
f 1115//1115 1114//1114 1116//1116
f 1115//1115 1116//1116 1117//1117
f 1117//1117 1116//1116 1118//1118
f 1117//1117 1118//1118 1119//1119
f 1119//1119 1118//1118 1120//1120
f 1119//1119 1120//1120 1121//1121
f 1121//1121 1120//1120 1122//1122
f 1121//1121 1122//1122 1123//1123
f 1123//1123 1122//1122 1124//1124
f 1123//1123 1124//1124 1086//1086
f 1086//1086 1124//1124 1085//1085
f 1086//1086 1087//1087 1123//1123
f 1123//1123 1087//1087 1125//1125
f 1123//1123 1125//1125 1121//1121
f 1121//1121 1125//1125 1126//1126
f 1121//1121 1126//1126 1119//1119
f 1119//1119 1126//1126 1127//1127
f 1119//1119 1127//1127 1117//1117
f 1117//1117 1127//1127 1128//1128
f 1117//1117 1128//1128 1115//1115
f 1115//1115 1128//1128 1129//1129
f 1115//1115 1129//1129 1113//1113
f 1113//1113 1129//1129 1130//1130
f 1113//1113 1130//1130 1111//1111
f 1111//1111 1130//1130 1131//1131
f 1111//1111 1131//1131 1109//1109
f 1109//1109 1131//1131 1132//1132
f 1109//1109 1132//1132 1107//1107
f 1107//1107 1132//1132 1133//1133
f 1107//1107 1133//1133 1104//1104
f 1104//1104 1133//1133 1102//1102
f 1087//1087 1089//1089 1125//1125
f 1125//1125 1089//1089 1134//1134
f 1125//1125 1134//1134 1126//1126
f 1126//1126 1134//1134 1135//1135
f 1126//1126 1135//1135 1127//1127
f 1127//1127 1135//1135 1136//1136
f 1127//1127 1136//1136 1128//1128
f 1128//1128 1136//1136 1137//1137
f 1128//1128 1137//1137 1129//1129
f 1129//1129 1137//1137 1138//1138
f 1129//1129 1138//1138 1130//1130
f 1130//1130 1138//1138 1139//1139
f 1130//1130 1139//1139 1131//1131
f 1131//1131 1139//1139 1140//1140
f 1131//1131 1140//1140 1132//1132
f 1132//1132 1140//1140 1141//1141
f 1132//1132 1141//1141 1133//1133
f 1133//1133 1141//1141 1142//1142
f 1133//1133 1142//1142 1102//1102
f 1102//1102 1142//1142 1100//1100
f 1089//1089 1091//1091 1134//1134
f 1134//1134 1091//1091 1143//1143
f 1134//1134 1143//1143 1135//1135
f 1135//1135 1143//1143 1144//1144
f 1135//1135 1144//1144 1136//1136
f 1136//1136 1144//1144 1145//1145
f 1136//1136 1145//1145 1137//1137
f 1137//1137 1145//1145 1146//1146
f 1137//1137 1146//1146 1138//1138
f 1138//1138 1146//1146 1147//1147
f 1138//1138 1147//1147 1139//1139
f 1139//1139 1147//1147 1148//1148
f 1139//1139 1148//1148 1140//1140
f 1140//1140 1148//1148 1149//1149
f 1140//1140 1149//1149 1141//1141
f 1141//1141 1149//1149 1150//1150
f 1141//1141 1150//1150 1142//1142
f 1142//1142 1150//1150 1151//1151
f 1142//1142 1151//1151 1100//1100
f 1100//1100 1151//1151 1098//1098
f 1091//1091 1076//1076 1143//1143
f 1143//1143 1076//1076 1152//1152
f 1143//1143 1152//1152 1144//1144
f 1144//1144 1152//1152 1153//1153
f 1144//1144 1153//1153 1145//1145
f 1145//1145 1153//1153 1154//1154
f 1145//1145 1154//1154 1146//1146
f 1146//1146 1154//1154 1155//1155
f 1146//1146 1155//1155 1147//1147
f 1147//1147 1155//1155 1156//1156
f 1147//1147 1156//1156 1148//1148
f 1148//1148 1156//1156 1157//1157
f 1148//1148 1157//1157 1149//1149
f 1149//1149 1157//1157 1158//1158
f 1149//1149 1158//1158 1150//1150
f 1150//1150 1158//1158 1159//1159
f 1150//1150 1159//1159 1151//1151
f 1151//1151 1159//1159 1160//1160
f 1151//1151 1160//1160 1098//1098
f 1098//1098 1160//1160 1095//1095
f 1076//1076 1078//1078 1152//1152
f 1152//1152 1078//1078 1161//1161
f 1152//1152 1161//1161 1153//1153
f 1153//1153 1161//1161 1162//1162
f 1153//1153 1162//1162 1154//1154
f 1154//1154 1162//1162 1163//1163
f 1154//1154 1163//1163 1155//1155
f 1155//1155 1163//1163 1164//1164
f 1155//1155 1164//1164 1156//1156
f 1156//1156 1164//1164 1165//1165
f 1156//1156 1165//1165 1157//1157
f 1157//1157 1165//1165 1158//1158
f 1165//1165 1166//1166 1158//1158
f 1158//1158 1166//1166 1159//1159
f 1166//1166 1167//1167 1159//1159
f 1159//1159 1167//1167 1160//1160
f 1167//1167 1093//1093 1160//1160
f 1160//1160 1093//1093 1095//1095
f 520//520 1097//1097 503//503
f 503//503 1097//1097 1168//1168
f 503//503 1168//1168 1169//1169
f 1169//1169 1168//1168 1170//1170
f 1169//1169 1170//1170 1171//1171
f 1171//1171 1170//1170 1172//1172
f 1172//1172 1170//1170 1173//1173
f 1172//1172 1173//1173 1094//1094
f 1094//1094 1173//1173 1096//1096
f 1096//1096 1173//1173 1097//1097
f 1097//1097 1173//1173 1168//1168
f 1097//1097 520//520 1099//1099
f 1099//1099 520//520 518//518
f 1099//1099 518//518 517//517
f 517//517 515//515 1099//1099
f 1099//1099 515//515 1101//1101
f 1101//1101 515//515 513//513
f 1101//1101 513//513 512//512
f 1101//1101 512//512 1103//1103
f 1103//1103 512//512 510//510
f 1103//1103 510//510 1105//1105
f 1105//1105 510//510 508//508
f 1171//1171 1174//1174 1169//1169
f 1169//1169 1174//1174 501//501
f 1169//1169 501//501 503//503
f 501//501 1174//1174 499//499
f 499//499 1174//1174 1175//1175
f 499//499 1175//1175 497//497
f 497//497 1175//1175 496//496
f 496//496 1175//1175 494//494
f 494//494 1175//1175 1176//1176
f 494//494 1176//1176 492//492
f 492//492 1176//1176 491//491
f 491//491 1176//1176 1177//1177
f 491//491 1177//1177 489//489
f 489//489 1177//1177 526//526
f 489//489 526//526 487//487
f 1170//1170 1168//1168 1173//1173
f 1178//1178 1179//1179 1180//1180
f 1180//1180 1179//1179 1181//1181
f 1180//1180 1181//1181 1182//1182
f 1180//1180 1182//1182 1183//1183
f 1183//1183 1182//1182 1184//1184
f 1183//1183 1184//1184 1185//1185
f 1185//1185 1184//1184 1186//1186
f 1185//1185 1186//1186 1187//1187
f 1187//1187 1186//1186 1188//1188
f 1187//1187 1188//1188 1189//1189
f 1189//1189 1188//1188 1190//1190
f 1189//1189 1190//1190 1191//1191
f 1189//1189 1191//1191 1192//1192
f 1192//1192 1191//1191 1193//1193
f 1192//1192 1193//1193 1194//1194
f 1194//1194 1193//1193 1195//1195
f 1194//1194 1195//1195 1196//1196
f 1196//1196 1195//1195 1197//1197
f 1196//1196 1197//1197 1198//1198
f 1198//1198 1197//1197 1199//1199
f 1198//1198 1199//1199 1200//1200
f 1200//1200 1199//1199 1201//1201
f 1200//1200 1201//1201 1202//1202
f 1202//1202 1201//1201 1203//1203
f 1202//1202 1203//1203 1204//1204
f 1204//1204 1203//1203 1205//1205
f 1204//1204 1205//1205 1206//1206
f 1206//1206 1205//1205 1207//1207
f 1206//1206 1207//1207 1208//1208
f 1208//1208 1207//1207 1209//1209
f 1208//1208 1209//1209 1177//1177
f 1177//1177 1209//1209 526//526
f 1177//1177 1176//1176 1208//1208
f 1208//1208 1176//1176 1210//1210
f 1208//1208 1210//1210 1206//1206
f 1206//1206 1210//1210 1211//1211
f 1206//1206 1211//1211 1204//1204
f 1204//1204 1211//1211 1212//1212
f 1204//1204 1212//1212 1202//1202
f 1202//1202 1212//1212 1213//1213
f 1202//1202 1213//1213 1200//1200
f 1200//1200 1213//1213 1214//1214
f 1200//1200 1214//1214 1198//1198
f 1198//1198 1214//1214 1215//1215
f 1198//1198 1215//1215 1196//1196
f 1196//1196 1215//1215 1216//1216
f 1196//1196 1216//1216 1194//1194
f 1194//1194 1216//1216 1217//1217
f 1194//1194 1217//1217 1192//1192
f 1192//1192 1217//1217 1218//1218
f 1192//1192 1218//1218 1189//1189
f 1189//1189 1218//1218 1187//1187
f 1176//1176 1175//1175 1210//1210
f 1210//1210 1175//1175 1219//1219
f 1210//1210 1219//1219 1211//1211
f 1211//1211 1219//1219 1220//1220
f 1211//1211 1220//1220 1212//1212
f 1212//1212 1220//1220 1221//1221
f 1212//1212 1221//1221 1213//1213
f 1213//1213 1221//1221 1222//1222
f 1213//1213 1222//1222 1214//1214
f 1214//1214 1222//1222 1223//1223
f 1214//1214 1223//1223 1215//1215
f 1215//1215 1223//1223 1224//1224
f 1215//1215 1224//1224 1216//1216
f 1216//1216 1224//1224 1225//1225
f 1216//1216 1225//1225 1217//1217
f 1217//1217 1225//1225 1226//1226
f 1217//1217 1226//1226 1218//1218
f 1218//1218 1226//1226 1227//1227
f 1218//1218 1227//1227 1187//1187
f 1187//1187 1227//1227 1185//1185
f 1175//1175 1174//1174 1219//1219
f 1219//1219 1174//1174 1228//1228
f 1219//1219 1228//1228 1220//1220
f 1220//1220 1228//1228 1229//1229
f 1220//1220 1229//1229 1221//1221
f 1221//1221 1229//1229 1230//1230
f 1221//1221 1230//1230 1222//1222
f 1222//1222 1230//1230 1231//1231
f 1222//1222 1231//1231 1223//1223
f 1223//1223 1231//1231 1232//1232
f 1223//1223 1232//1232 1224//1224
f 1224//1224 1232//1232 1233//1233
f 1224//1224 1233//1233 1225//1225
f 1225//1225 1233//1233 1234//1234
f 1225//1225 1234//1234 1226//1226
f 1226//1226 1234//1234 1235//1235
f 1226//1226 1235//1235 1227//1227
f 1227//1227 1235//1235 1236//1236
f 1227//1227 1236//1236 1185//1185
f 1185//1185 1236//1236 1183//1183
f 1174//1174 1171//1171 1228//1228
f 1228//1228 1171//1171 1237//1237
f 1228//1228 1237//1237 1229//1229
f 1229//1229 1237//1237 1238//1238
f 1229//1229 1238//1238 1230//1230
f 1230//1230 1238//1238 1239//1239
f 1230//1230 1239//1239 1231//1231
f 1231//1231 1239//1239 1240//1240
f 1231//1231 1240//1240 1232//1232
f 1232//1232 1240//1240 1241//1241
f 1232//1232 1241//1241 1233//1233
f 1233//1233 1241//1241 1242//1242
f 1233//1233 1242//1242 1234//1234
f 1234//1234 1242//1242 1243//1243
f 1234//1234 1243//1243 1235//1235
f 1235//1235 1243//1243 1244//1244
f 1235//1235 1244//1244 1236//1236
f 1236//1236 1244//1244 1245//1245
f 1236//1236 1245//1245 1183//1183
f 1183//1183 1245//1245 1180//1180
f 1171//1171 1172//1172 1237//1237
f 1237//1237 1172//1172 1246//1246
f 1237//1237 1246//1246 1238//1238
f 1238//1238 1246//1246 1247//1247
f 1238//1238 1247//1247 1239//1239
f 1239//1239 1247//1247 1248//1248
f 1239//1239 1248//1248 1240//1240
f 1240//1240 1248//1248 1249//1249
f 1240//1240 1249//1249 1241//1241
f 1241//1241 1249//1249 1250//1250
f 1241//1241 1250//1250 1242//1242
f 1242//1242 1250//1250 1243//1243
f 1250//1250 1251//1251 1243//1243
f 1243//1243 1251//1251 1244//1244
f 1251//1251 1252//1252 1244//1244
f 1244//1244 1252//1252 1245//1245
f 1252//1252 1178//1178 1245//1245
f 1245//1245 1178//1178 1180//1180
f 1253//1253 1254//1254 1255//1255
f 1255//1255 1254//1254 1256//1256
f 1255//1255 1256//1256 1179//1179
f 1179//1179 1256//1256 1181//1181
f 1181//1181 1256//1256 1182//1182
f 1182//1182 1256//1256 1257//1257
f 1182//1182 1257//1257 1184//1184
f 1184//1184 1257//1257 1258//1258
f 1184//1184 1258//1258 1186//1186
f 1186//1186 1258//1258 1259//1259
f 1186//1186 1259//1259 1188//1188
f 1188//1188 1259//1259 1260//1260
f 1188//1188 1260//1260 1190//1190
f 1190//1190 1260//1260 1261//1261
f 1190//1190 1261//1261 1262//1262
f 1262//1262 1261//1261 1263//1263
f 1263//1263 1261//1261 1264//1264
f 1264//1264 1261//1261 1265//1265
f 1264//1264 1265//1265 1266//1266
f 1266//1266 1265//1265 1267//1267
f 1266//1266 1267//1267 1268//1268
f 1268//1268 1267//1267 1269//1269
f 1268//1268 1269//1269 1253//1253
f 1253//1253 1269//1269 1254//1254
f 1257//1257 1256//1256 1254//1254
f 1257//1257 1254//1254 1269//1269
f 1258//1258 1257//1257 1269//1269
f 1258//1258 1269//1269 1267//1267
f 1259//1259 1258//1258 1267//1267
f 1259//1259 1267//1267 1265//1265
f 1260//1260 1259//1259 1265//1265
f 1260//1260 1265//1265 1261//1261
f 1270//1270 993//993 1271//1271
f 1271//1271 993//993 994//994
f 1271//1271 994//994 995//995
f 1271//1271 995//995 1272//1272
f 1272//1272 995//995 997//997
f 1272//1272 997//997 1273//1273
f 1273//1273 997//997 999//999
f 1273//1273 999//999 1274//1274
f 1274//1274 999//999 977//977
f 1274//1274 977//977 1275//1275
f 1275//1275 977//977 979//979
f 1275//1275 979//979 1276//1276
f 1275//1275 1276//1276 1277//1277
f 1277//1277 1276//1276 1278//1278
f 1277//1277 1278//1278 1279//1279
f 1279//1279 1278//1278 1280//1280
f 1279//1279 1280//1280 1281//1281
f 1281//1281 1280//1280 1282//1282
f 1281//1281 1282//1282 1283//1283
f 1283//1283 1282//1282 1284//1284
f 1283//1283 1284//1284 1285//1285
f 1285//1285 1284//1284 1286//1286
f 1285//1285 1286//1286 1287//1287
f 1287//1287 1286//1286 1288//1288
f 1287//1287 1288//1288 1289//1289
f 1289//1289 1288//1288 1290//1290
f 1289//1289 1290//1290 1291//1291
f 1291//1291 1290//1290 1292//1292
f 1291//1291 1292//1292 1293//1293
f 1293//1293 1292//1292 1294//1294
f 1293//1293 1294//1294 1263//1263
f 1263//1263 1294//1294 1262//1262
f 1263//1263 1264//1264 1293//1293
f 1293//1293 1264//1264 1295//1295
f 1293//1293 1295//1295 1291//1291
f 1291//1291 1295//1295 1296//1296
f 1291//1291 1296//1296 1289//1289
f 1289//1289 1296//1296 1297//1297
f 1289//1289 1297//1297 1287//1287
f 1287//1287 1297//1297 1298//1298
f 1287//1287 1298//1298 1285//1285
f 1285//1285 1298//1298 1299//1299
f 1285//1285 1299//1299 1283//1283
f 1283//1283 1299//1299 1300//1300
f 1283//1283 1300//1300 1281//1281
f 1281//1281 1300//1300 1301//1301
f 1281//1281 1301//1301 1279//1279
f 1279//1279 1301//1301 1302//1302
f 1279//1279 1302//1302 1277//1277
f 1277//1277 1302//1302 1303//1303
f 1277//1277 1303//1303 1275//1275
f 1275//1275 1303//1303 1274//1274
f 1264//1264 1266//1266 1295//1295
f 1295//1295 1266//1266 1304//1304
f 1295//1295 1304//1304 1296//1296
f 1296//1296 1304//1304 1305//1305
f 1296//1296 1305//1305 1297//1297
f 1297//1297 1305//1305 1306//1306
f 1297//1297 1306//1306 1298//1298
f 1298//1298 1306//1306 1307//1307
f 1298//1298 1307//1307 1299//1299
f 1299//1299 1307//1307 1308//1308
f 1299//1299 1308//1308 1300//1300
f 1300//1300 1308//1308 1309//1309
f 1300//1300 1309//1309 1301//1301
f 1301//1301 1309//1309 1310//1310
f 1301//1301 1310//1310 1302//1302
f 1302//1302 1310//1310 1311//1311
f 1302//1302 1311//1311 1303//1303
f 1303//1303 1311//1311 1312//1312
f 1303//1303 1312//1312 1274//1274
f 1274//1274 1312//1312 1273//1273
f 1266//1266 1268//1268 1304//1304
f 1304//1304 1268//1268 1313//1313
f 1304//1304 1313//1313 1305//1305
f 1305//1305 1313//1313 1314//1314
f 1305//1305 1314//1314 1306//1306
f 1306//1306 1314//1314 1315//1315
f 1306//1306 1315//1315 1307//1307
f 1307//1307 1315//1315 1316//1316
f 1307//1307 1316//1316 1308//1308
f 1308//1308 1316//1316 1317//1317
f 1308//1308 1317//1317 1309//1309
f 1309//1309 1317//1317 1318//1318
f 1309//1309 1318//1318 1310//1310
f 1310//1310 1318//1318 1319//1319
f 1310//1310 1319//1319 1311//1311
f 1311//1311 1319//1319 1320//1320
f 1311//1311 1320//1320 1312//1312
f 1312//1312 1320//1320 1321//1321
f 1312//1312 1321//1321 1273//1273
f 1273//1273 1321//1321 1272//1272
f 1268//1268 1253//1253 1313//1313
f 1313//1313 1253//1253 1322//1322
f 1313//1313 1322//1322 1314//1314
f 1314//1314 1322//1322 1323//1323
f 1314//1314 1323//1323 1315//1315
f 1315//1315 1323//1323 1324//1324
f 1315//1315 1324//1324 1316//1316
f 1316//1316 1324//1324 1325//1325
f 1316//1316 1325//1325 1317//1317
f 1317//1317 1325//1325 1326//1326
f 1317//1317 1326//1326 1318//1318
f 1318//1318 1326//1326 1327//1327
f 1318//1318 1327//1327 1319//1319
f 1319//1319 1327//1327 1328//1328
f 1319//1319 1328//1328 1320//1320
f 1320//1320 1328//1328 1329//1329
f 1320//1320 1329//1329 1321//1321
f 1321//1321 1329//1329 1330//1330
f 1321//1321 1330//1330 1272//1272
f 1272//1272 1330//1330 1271//1271
f 1253//1253 1255//1255 1322//1322
f 1322//1322 1255//1255 1331//1331
f 1322//1322 1331//1331 1323//1323
f 1323//1323 1331//1331 1332//1332
f 1323//1323 1332//1332 1324//1324
f 1324//1324 1332//1332 1333//1333
f 1324//1324 1333//1333 1325//1325
f 1325//1325 1333//1333 1334//1334
f 1325//1325 1334//1334 1326//1326
f 1326//1326 1334//1334 1335//1335
f 1326//1326 1335//1335 1327//1327
f 1327//1327 1335//1335 1328//1328
f 1335//1335 1336//1336 1328//1328
f 1328//1328 1336//1336 1329//1329
f 1336//1336 1337//1337 1329//1329
f 1329//1329 1337//1337 1330//1330
f 1337//1337 1270//1270 1330//1330
f 1330//1330 1270//1270 1271//1271
f 525//525 526//526 1338//1338
f 1338//1338 526//526 1209//1209
f 1338//1338 1209//1209 1339//1339
f 1339//1339 1209//1209 1207//1207
f 1339//1339 1207//1207 1340//1340
f 1340//1340 1207//1207 1205//1205
f 1340//1340 1205//1205 1341//1341
f 1341//1341 1205//1205 1203//1203
f 1341//1341 1203//1203 1342//1342
f 1342//1342 1203//1203 1201//1201
f 1342//1342 1201//1201 1343//1343
f 1343//1343 1201//1201 1199//1199
f 1343//1343 1199//1199 1344//1344
f 1344//1344 1199//1199 1197//1197
f 1344//1344 1197//1197 1345//1345
f 1345//1345 1197//1197 1195//1195
f 1345//1345 1195//1195 1346//1346
f 1346//1346 1195//1195 1193//1193
f 1346//1346 1193//1193 1347//1347
f 1347//1347 1193//1193 1191//1191
f 1347//1347 1191//1191 1348//1348
f 1348//1348 1191//1191 1190//1190
f 1190//1190 1262//1262 1348//1348
f 1348//1348 1262//1262 1349//1349
f 1349//1349 1262//1262 1350//1350
f 1350//1350 1262//1262 1294//1294
f 1350//1350 1294//1294 1351//1351
f 1351//1351 1294//1294 1292//1292
f 1351//1351 1292//1292 1352//1352
f 1352//1352 1292//1292 1290//1290
f 1352//1352 1290//1290 1353//1353
f 1353//1353 1290//1290 1288//1288
f 1353//1353 1288//1288 1354//1354
f 1354//1354 1288//1288 1286//1286
f 1354//1354 1286//1286 1355//1355
f 1355//1355 1286//1286 1284//1284
f 1355//1355 1284//1284 1356//1356
f 1356//1356 1284//1284 1282//1282
f 1356//1356 1282//1282 1357//1357
f 1357//1357 1282//1282 1280//1280
f 1357//1357 1280//1280 1358//1358
f 1358//1358 1280//1280 1278//1278
f 1358//1358 1278//1278 1359//1359
f 1359//1359 1278//1278 1276//1276
f 1359//1359 1276//1276 1360//1360
f 1360//1360 1276//1276 979//979
f 979//979 981//981 1360//1360
f 1360//1360 981//981 1361//1361
f 993//993 430//430 991//991
f 991//991 430//430 429//429
f 991//991 429//429 452//452
f 1270//1270 1331//1331 993//993
f 993//993 1331//1331 1255//1255
f 993//993 1255//1255 255//255
f 255//255 1255//1255 288//288
f 288//288 1255//1255 1179//1179
f 288//288 1179//1179 383//383
f 383//383 1179//1179 382//382
f 382//382 1179//1179 381//381
f 381//381 1179//1179 380//380
f 380//380 1179//1179 379//379
f 379//379 1179//1179 378//378
f 378//378 1179//1179 377//377
f 377//377 1179//1179 376//376
f 376//376 1179//1179 375//375
f 375//375 1179//1179 1172//1172
f 375//375 1172//1172 374//374
f 374//374 1172//1172 373//373
f 373//373 1172//1172 372//372
f 372//372 1172//1172 371//371
f 371//371 1172//1172 462//462
f 371//371 462//462 370//370
f 370//370 462//462 461//461
f 370//370 461//461 369//369
f 369//369 461//461 460//460
f 369//369 460//460 393//393
f 393//393 460//460 459//459
f 393//393 459//459 394//394
f 394//394 459//459 458//458
f 394//394 458//458 457//457
f 1270//1270 1337//1337 1331//1331
f 1331//1331 1337//1337 1336//1336
f 1331//1331 1336//1336 1335//1335
f 1335//1335 1334//1334 1331//1331
f 1331//1331 1334//1334 1333//1333
f 1331//1331 1333//1333 1332//1332
f 1179//1179 1178//1178 1172//1172
f 1172//1172 1178//1178 1252//1252
f 1172//1172 1252//1252 1251//1251
f 1251//1251 1250//1250 1172//1172
f 1172//1172 1250//1250 1249//1249
f 1172//1172 1249//1249 1248//1248
f 1248//1248 1247//1247 1172//1172
f 1172//1172 1247//1247 1246//1246
f 1094//1094 466//466 1172//1172
f 1172//1172 466//466 465//465
f 1172//1172 465//465 464//464
f 1093//1093 1078//1078 1094//1094
f 1094//1094 1078//1078 472//472
f 1094//1094 472//472 471//471
f 1093//1093 1167//1167 1078//1078
f 1078//1078 1167//1167 1166//1166
f 1078//1078 1166//1166 1165//1165
f 1165//1165 1164//1164 1078//1078
f 1078//1078 1164//1164 1163//1163
f 1078//1078 1163//1163 1162//1162
f 1162//1162 1161//1161 1078//1078
f 1002//1002 474//474 1078//1078
f 1078//1078 474//474 473//473
f 1078//1078 473//473 472//472
f 1001//1001 1075//1075 1002//1002
f 1002//1002 1075//1075 1074//1074
f 1002//1002 1074//1074 1073//1073
f 1073//1073 1072//1072 1002//1002
f 1002//1002 1072//1072 1071//1071
f 1002//1002 1071//1071 1070//1070
f 1070//1070 1069//1069 1002//1002
f 1002//1002 1069//1069 991//991
f 1002//1002 991//991 448//448
f 448//448 991//991 449//449
f 449//449 991//991 450//450
f 450//450 991//991 451//451
f 451//451 991//991 452//452
f 226//226 225//225 253//253
f 253//253 225//225 252//252
f 252//252 225//225 251//251
f 251//251 225//225 250//250
f 250//250 225//225 391//391
f 250//250 391//391 249//249
f 249//249 391//391 396//396
f 249//249 396//396 248//248
f 248//248 396//396 247//247
f 247//247 396//396 246//246
f 246//246 396//396 245//245
f 245//245 396//396 244//244
f 244//244 396//396 395//395
f 244//244 395//395 243//243
f 243//243 395//395 242//242
f 242//242 395//395 241//241
f 241//241 395//395 240//240
f 240//240 395//395 239//239
f 239//239 395//395 238//238
f 238//238 395//395 444//444
f 238//238 444//444 237//237
f 237//237 444//444 236//236
f 236//236 444//444 443//443
f 236//236 443//443 235//235
f 235//235 443//443 442//442
f 235//235 442//442 234//234
f 234//234 442//442 441//441
f 234//234 441//441 233//233
f 233//233 441//441 440//440
f 233//233 440//440 232//232
f 232//232 440//440 439//439
f 232//232 439//439 231//231
f 231//231 439//439 438//438
f 231//231 438//438 230//230
f 230//230 438//438 437//437
f 230//230 437//437 229//229
f 229//229 437//437 228//228
f 228//228 437//437 436//436
f 228//228 436//436 227//227
f 227//227 436//436 435//435
f 227//227 435//435 434//434
f 288//288 388//388 225//225
f 225//225 388//388 389//389
f 225//225 389//389 390//390
f 255//255 256//256 993//993
f 993//993 256//256 257//257
f 993//993 257//257 227//227
f 227//227 257//257 258//258
f 227//227 258//258 259//259
f 259//259 260//260 227//227
f 227//227 260//260 261//261
f 227//227 261//261 254//254
f 254//254 261//261 262//262
f 254//254 262//262 263//263
f 263//263 264//264 254//254
f 254//254 264//264 265//265
f 254//254 265//265 287//287
f 287//287 265//265 266//266
f 287//287 266//266 286//286
f 286//286 266//266 285//285
f 285//285 266//266 284//284
f 284//284 266//266 283//283
f 283//283 266//266 282//282
f 282//282 266//266 281//281
f 281//281 266//266 280//280
f 280//280 266//266 279//279
f 279//279 266//266 267//267
f 279//279 267//267 268//268
f 268//268 269//269 279//279
f 279//279 269//269 270//270
f 279//279 270//270 271//271
f 271//271 272//272 279//279
f 279//279 272//272 273//273
f 279//279 273//273 274//274
f 274//274 275//275 279//279
f 279//279 275//275 276//276
f 279//279 276//276 277//277
f 277//277 278//278 279//279
f 359//359 360//360 392//392
f 392//392 360//360 361//361
f 392//392 361//361 362//362
f 362//362 363//363 392//392
f 392//392 363//363 364//364
f 392//392 364//364 393//393
f 393//393 364//364 365//365
f 393//393 365//365 366//366
f 366//366 367//367 393//393
f 393//393 367//367 368//368
f 393//393 368//368 369//369
f 383//383 384//384 288//288
f 288//288 384//384 385//385
f 288//288 385//385 386//386
f 386//386 387//387 288//288
f 288//288 387//387 388//388
f 390//390 391//391 225//225
f 391//391 398//398 396//396
f 396//396 398//398 397//397
f 397//397 398//398 428//428
f 428//428 398//398 427//427
f 427//427 398//398 426//426
f 426//426 398//398 425//425
f 425//425 398//398 424//424
f 424//424 398//398 423//423
f 423//423 398//398 422//422
f 422//422 398//398 421//421
f 421//421 398//398 420//420
f 420//420 398//398 419//419
f 419//419 398//398 418//418
f 418//418 398//398 417//417
f 417//417 398//398 416//416
f 416//416 398//398 415//415
f 415//415 398//398 414//414
f 414//414 398//398 413//413
f 413//413 398//398 412//412
f 412//412 398//398 411//411
f 411//411 398//398 410//410
f 410//410 398//398 399//399
f 410//410 399//399 409//409
f 409//409 399//399 408//408
f 408//408 399//399 407//407
f 407//407 399//399 406//406
f 406//406 399//399 405//405
f 405//405 399//399 400//400
f 405//405 400//400 404//404
f 404//404 400//400 401//401
f 404//404 401//401 402//402
f 402//402 403//403 404//404
f 394//394 454//454 395//395
f 395//395 454//454 453//453
f 395//395 453//453 476//476
f 448//448 447//447 1002//1002
f 1002//1002 447//447 446//446
f 1002//1002 446//446 474//474
f 474//474 446//446 475//475
f 475//475 446//446 445//445
f 475//475 445//445 395//395
f 395//395 445//445 444//444
f 227//227 434//434 993//993
f 993//993 434//434 433//433
f 993//993 433//433 432//432
f 432//432 431//431 993//993
f 993//993 431//431 430//430
f 476//476 475//475 395//395
f 471//471 470//470 1094//1094
f 1094//1094 470//470 469//469
f 1094//1094 469//469 468//468
f 468//468 467//467 1094//1094
f 1094//1094 467//467 466//466
f 464//464 463//463 1172//1172
f 1172//1172 463//463 462//462
f 457//457 456//456 394//394
f 394//394 456//456 455//455
f 394//394 455//455 454//454
f 477//477 1362//1362 478//478
f 478//478 1362//1362 1105//1105
f 478//478 1105//1105 505//505
f 505//505 1105//1105 507//507
f 507//507 1105//1105 508//508
f 1363//1363 1085//1085 1364//1364
f 1364//1364 1085//1085 1124//1124
f 1364//1364 1124//1124 1365//1365
f 1365//1365 1124//1124 1122//1122
f 1365//1365 1122//1122 1366//1366
f 1366//1366 1122//1122 1120//1120
f 1366//1366 1120//1120 1367//1367
f 1367//1367 1120//1120 1118//1118
f 1367//1367 1118//1118 1368//1368
f 1368//1368 1118//1118 1116//1116
f 1368//1368 1116//1116 1369//1369
f 1369//1369 1116//1116 1114//1114
f 1369//1369 1114//1114 1370//1370
f 1370//1370 1114//1114 1112//1112
f 1370//1370 1112//1112 1371//1371
f 1371//1371 1112//1112 1110//1110
f 1371//1371 1110//1110 1372//1372
f 1372//1372 1110//1110 1108//1108
f 1372//1372 1108//1108 1373//1373
f 1373//1373 1108//1108 1106//1106
f 1373//1373 1106//1106 1362//1362
f 1362//1362 1106//1106 1105//1105
f 1013//1013 1085//1085 1374//1374
f 1374//1374 1085//1085 1363//1363
f 1361//1361 981//981 1375//1375
f 1375//1375 981//981 1032//1032
f 1375//1375 1032//1032 1376//1376
f 1376//1376 1032//1032 1030//1030
f 1376//1376 1030//1030 1377//1377
f 1377//1377 1030//1030 1028//1028
f 1377//1377 1028//1028 1378//1378
f 1378//1378 1028//1028 1026//1026
f 1378//1378 1026//1026 1379//1379
f 1379//1379 1026//1026 1024//1024
f 1379//1379 1024//1024 1380//1380
f 1380//1380 1024//1024 1022//1022
f 1380//1380 1022//1022 1381//1381
f 1381//1381 1022//1022 1020//1020
f 1381//1381 1020//1020 1382//1382
f 1382//1382 1020//1020 1018//1018
f 1382//1382 1018//1018 1383//1383
f 1383//1383 1018//1018 1016//1016
f 1383//1383 1016//1016 1384//1384
f 1384//1384 1016//1016 1014//1014
f 1384//1384 1014//1014 1374//1374
f 1374//1374 1014//1014 1013//1013
f 774//774 1385//1385 786//786
f 786//786 1385//1385 1386//1386
f 1385//1385 774//774 1387//1387
f 1387//1387 774//774 785//785
f 1387//1387 785//785 1388//1388
f 1388//1388 785//785 784//784
f 1388//1388 784//784 1389//1389
f 1389//1389 784//784 783//783
f 1389//1389 783//783 1390//1390
f 1390//1390 783//783 782//782
f 1390//1390 782//782 1391//1391
f 1391//1391 782//782 781//781
f 1391//1391 781//781 1392//1392
f 1392//1392 781//781 780//780
f 1392//1392 780//780 1393//1393
f 1393//1393 780//780 779//779
f 1393//1393 779//779 1394//1394
f 1394//1394 779//779 778//778
f 1394//1394 778//778 1395//1395
f 1395//1395 778//778 777//777
f 1395//1395 777//777 1396//1396
f 1396//1396 777//777 776//776
f 1396//1396 776//776 1397//1397
f 1397//1397 776//776 773//773
f 1397//1397 773//773 775//775
f 775//775 828//828 1397//1397
f 1397//1397 828//828 1398//1398
f 1397//1397 1398//1398 1396//1396
f 1396//1396 1398//1398 1399//1399
f 1396//1396 1399//1399 1395//1395
f 1395//1395 1399//1399 1400//1400
f 1395//1395 1400//1400 1394//1394
f 1394//1394 1400//1400 1401//1401
f 1394//1394 1401//1401 1393//1393
f 1393//1393 1401//1401 1402//1402
f 1393//1393 1402//1402 1392//1392
f 1392//1392 1402//1402 1403//1403
f 1392//1392 1403//1403 1391//1391
f 1391//1391 1403//1403 1404//1404
f 1391//1391 1404//1404 1390//1390
f 1390//1390 1404//1404 1405//1405
f 1390//1390 1405//1405 1389//1389
f 1389//1389 1405//1405 1406//1406
f 1389//1389 1406//1406 1388//1388
f 1388//1388 1406//1406 1407//1407
f 1388//1388 1407//1407 1387//1387
f 1387//1387 1407//1407 1408//1408
f 1387//1387 1408//1408 1385//1385
f 798//798 809//809 976//976
f 976//976 809//809 1409//1409
f 976//976 1409//1409 973//973
f 973//973 1409//1409 1410//1410
f 1410//1410 1409//1409 1411//1411
f 1411//1411 1409//1409 1412//1412
f 1411//1411 1412//1412 1413//1413
f 1413//1413 1412//1412 1414//1414
f 1413//1413 1414//1414 1415//1415
f 1415//1415 1414//1414 1416//1416
f 1415//1415 1416//1416 1417//1417
f 1417//1417 1416//1416 1418//1418
f 1417//1417 1418//1418 1419//1419
f 1419//1419 1418//1418 1420//1420
f 1419//1419 1420//1420 1421//1421
f 1421//1421 1420//1420 1422//1422
f 1421//1421 1422//1422 1423//1423
f 1423//1423 1422//1422 1424//1424
f 1423//1423 1424//1424 1425//1425
f 1425//1425 1424//1424 1426//1426
f 1425//1425 1426//1426 1427//1427
f 1427//1427 1426//1426 1428//1428
f 1427//1427 1428//1428 1429//1429
f 1429//1429 1428//1428 1430//1430
f 1429//1429 1430//1430 524//524
f 524//524 1430//1430 523//523
f 523//523 1430//1430 799//799
f 799//799 1430//1430 1428//1428
f 799//799 1428//1428 800//800
f 800//800 1428//1428 1426//1426
f 800//800 1426//1426 801//801
f 801//801 1426//1426 1424//1424
f 801//801 1424//1424 802//802
f 802//802 1424//1424 1422//1422
f 802//802 1422//1422 803//803
f 803//803 1422//1422 1420//1420
f 803//803 1420//1420 804//804
f 804//804 1420//1420 1418//1418
f 804//804 1418//1418 805//805
f 805//805 1418//1418 1416//1416
f 805//805 1416//1416 806//806
f 806//806 1416//1416 1414//1414
f 806//806 1414//1414 807//807
f 807//807 1414//1414 1412//1412
f 807//807 1412//1412 808//808
f 808//808 1412//1412 1409//1409
f 808//808 1409//1409 809//809
f 521//521 522//522 1431//1431
f 1431//1431 522//522 797//797
f 1431//1431 797//797 796//796
f 1431//1431 796//796 1432//1432
f 1432//1432 796//796 795//795
f 1432//1432 795//795 1433//1433
f 1433//1433 795//795 794//794
f 1433//1433 794//794 1434//1434
f 1434//1434 794//794 793//793
f 1434//1434 793//793 1435//1435
f 1435//1435 793//793 792//792
f 1435//1435 792//792 1436//1436
f 1436//1436 792//792 791//791
f 1436//1436 791//791 1437//1437
f 1437//1437 791//791 790//790
f 1437//1437 790//790 1438//1438
f 1438//1438 790//790 789//789
f 1438//1438 789//789 1439//1439
f 1439//1439 789//789 788//788
f 1439//1439 788//788 1440//1440
f 1440//1440 788//788 787//787
f 1440//1440 787//787 1441//1441
f 1441//1441 787//787 786//786
f 1441//1441 786//786 1386//1386
f 1386//1386 1442//1442 1441//1441
f 1441//1441 1442//1442 1440//1440
f 1442//1442 1443//1443 1440//1440
f 1440//1440 1443//1443 1439//1439
f 1443//1443 1444//1444 1439//1439
f 1439//1439 1444//1444 1438//1438
f 1444//1444 1445//1445 1438//1438
f 1438//1438 1445//1445 1437//1437
f 1445//1445 1446//1446 1437//1437
f 1437//1437 1446//1446 1436//1436
f 1446//1446 1447//1447 1436//1436
f 1436//1436 1447//1447 1435//1435
f 1447//1447 1448//1448 1435//1435
f 1435//1435 1448//1448 1434//1434
f 1448//1448 1449//1449 1434//1434
f 1434//1434 1449//1449 1433//1433
f 1449//1449 1450//1450 1433//1433
f 1433//1433 1450//1450 1432//1432
f 1450//1450 1451//1451 1432//1432
f 1432//1432 1451//1451 1431//1431
f 1451//1451 1452//1452 1431//1431
f 1431//1431 1452//1452 521//521
f 479//479 521//521 477//477
f 477//477 521//521 1362//1362
f 1362//1362 521//521 1452//1452
f 1362//1362 1452//1452 1373//1373
f 1373//1373 1452//1452 1451//1451
f 1373//1373 1451//1451 1372//1372
f 1372//1372 1451//1451 1450//1450
f 1372//1372 1450//1450 1371//1371
f 1371//1371 1450//1450 1449//1449
f 1371//1371 1449//1449 1370//1370
f 1370//1370 1449//1449 1448//1448
f 1370//1370 1448//1448 1369//1369
f 1369//1369 1448//1448 1447//1447
f 1369//1369 1447//1447 1368//1368
f 1368//1368 1447//1447 1446//1446
f 1368//1368 1446//1446 1367//1367
f 1367//1367 1446//1446 1445//1445
f 1367//1367 1445//1445 1366//1366
f 1366//1366 1445//1445 1444//1444
f 1366//1366 1444//1444 1365//1365
f 1365//1365 1444//1444 1443//1443
f 1365//1365 1443//1443 1364//1364
f 1364//1364 1443//1443 1442//1442
f 1364//1364 1442//1442 1363//1363
f 1363//1363 1442//1442 1386//1386
f 1363//1363 1386//1386 1374//1374
f 1374//1374 1386//1386 1385//1385
f 1374//1374 1385//1385 1408//1408
f 1374//1374 1408//1408 1384//1384
f 1384//1384 1408//1408 1407//1407
f 1384//1384 1407//1407 1383//1383
f 1383//1383 1407//1407 1406//1406
f 1383//1383 1406//1406 1382//1382
f 1382//1382 1406//1406 1405//1405
f 1382//1382 1405//1405 1381//1381
f 1381//1381 1405//1405 1404//1404
f 1381//1381 1404//1404 1380//1380
f 1380//1380 1404//1404 1403//1403
f 1380//1380 1403//1403 1379//1379
f 1379//1379 1403//1403 1402//1402
f 1379//1379 1402//1402 1378//1378
f 1378//1378 1402//1402 1401//1401
f 1378//1378 1401//1401 1377//1377
f 1377//1377 1401//1401 1400//1400
f 1377//1377 1400//1400 1376//1376
f 1376//1376 1400//1400 1399//1399
f 1376//1376 1399//1399 1375//1375
f 1375//1375 1399//1399 1398//1398
f 1375//1375 1398//1398 1361//1361
f 1361//1361 1398//1398 828//828
f 1361//1361 828//828 827//827
f 1361//1361 827//827 1360//1360
f 1360//1360 827//827 852//852
f 1360//1360 852//852 1359//1359
f 1359//1359 852//852 851//851
f 1359//1359 851//851 1358//1358
f 1358//1358 851//851 850//850
f 1358//1358 850//850 1357//1357
f 1357//1357 850//850 849//849
f 1357//1357 849//849 1356//1356
f 1356//1356 849//849 848//848
f 1356//1356 848//848 1355//1355
f 1355//1355 848//848 847//847
f 1355//1355 847//847 1354//1354
f 1354//1354 847//847 846//846
f 1354//1354 846//846 1353//1353
f 1353//1353 846//846 845//845
f 1353//1353 845//845 1352//1352
f 1352//1352 845//845 844//844
f 1352//1352 844//844 1351//1351
f 1351//1351 844//844 843//843
f 1351//1351 843//843 1350//1350
f 1350//1350 843//843 842//842
f 1350//1350 842//842 1349//1349
f 1349//1349 842//842 841//841
f 1349//1349 841//841 1348//1348
f 1348//1348 841//841 973//973
f 1348//1348 973//973 1410//1410
f 1348//1348 1410//1410 1347//1347
f 1347//1347 1410//1410 1411//1411
f 1347//1347 1411//1411 1346//1346
f 1346//1346 1411//1411 1413//1413
f 1346//1346 1413//1413 1345//1345
f 1345//1345 1413//1413 1415//1415
f 1345//1345 1415//1415 1344//1344
f 1344//1344 1415//1415 1417//1417
f 1344//1344 1417//1417 1343//1343
f 1343//1343 1417//1417 1419//1419
f 1343//1343 1419//1419 1342//1342
f 1342//1342 1419//1419 1421//1421
f 1342//1342 1421//1421 1341//1341
f 1341//1341 1421//1421 1423//1423
f 1341//1341 1423//1423 1340//1340
f 1340//1340 1423//1423 1425//1425
f 1340//1340 1425//1425 1339//1339
f 1339//1339 1425//1425 1427//1427
f 1339//1339 1427//1427 1338//1338
f 1338//1338 1427//1427 1429//1429
f 1338//1338 1429//1429 525//525
f 525//525 1429//1429 524//524
f 525//525 524//524 482//482
f 482//482 524//524 484//484
# 2924 faces, 0 coords texture

# End of File
