####
#
# OBJ File Generated by Meshlab
#
####
# Object camera_mount_d405.obj
#
# Vertices: 6712
# Faces: 13464
#
####
v 0.060815 -0.015433 0.074770
v 0.060687 -0.017107 0.074418
v 0.060994 -0.016954 0.073800
v 0.061163 -0.013000 0.074264
v 0.060864 -0.013000 0.074905
v 0.061137 -0.014838 0.074192
v 0.061019 -0.016712 0.073869
v 0.059576 -0.021811 0.071365
v 0.059939 -0.021420 0.070901
v 0.059656 -0.021618 0.071584
v 0.060291 -0.020460 0.071867
v 0.059947 -0.020799 0.072384
v 0.060226 -0.019791 0.073150
v 0.060712 -0.018791 0.073025
v 0.060390 -0.019044 0.073603
v 0.060628 -0.017598 0.074256
v 0.059364 -0.022479 0.069321
v 0.058957 -0.022946 0.069665
v 0.058737 -0.023162 0.067598
v 0.058206 -0.023720 0.067601
v 0.058558 -0.023281 0.067108
v 0.058122 -0.023772 0.067370
v 0.046800 0.021750 0.040649
v 0.046330 0.021250 0.040820
v 0.046203 0.021684 0.039009
v 0.045751 0.021187 0.039229
v 0.044591 0.019979 0.036042
v 0.044965 0.020393 0.035607
v 0.044951 0.020565 0.037031
v 0.045027 0.020513 0.035778
v 0.045155 0.020801 0.037591
v 0.045568 0.021273 0.037265
v 0.045596 0.021126 0.038805
v 0.044121 0.017623 0.033289
v 0.043802 0.017389 0.033876
v 0.043954 0.016478 0.032830
v 0.043647 0.016322 0.033448
v 0.044712 0.019819 0.034912
v 0.044392 0.019536 0.035494
v 0.044485 0.019159 0.034290
v 0.044144 0.018826 0.034813
v 0.043919 0.017966 0.034196
v 0.060565 0.013000 0.072620
v 0.059924 0.013000 0.072321
v 0.060542 0.014746 0.072558
v 0.059902 0.014694 0.072261
v 0.059489 0.018085 0.071127
v 0.060100 0.018366 0.071344
v 0.059689 0.017032 0.071677
v 0.060141 0.018184 0.071457
v 0.059770 0.016437 0.071899
v 0.060401 0.016601 0.072172
v 0.059881 0.015145 0.072205
v 0.059153 0.020833 0.068742
v 0.058603 0.020390 0.068692
v 0.058761 0.021321 0.067665
v 0.058238 0.020846 0.067690
v 0.059904 0.019105 0.070805
v 0.059337 0.018668 0.070710
v 0.059678 0.019768 0.070184
v 0.059094 0.019393 0.070043
v 0.058800 0.020049 0.069235
v 0.057572 -0.021750 0.064397
v 0.057102 -0.021250 0.064568
v 0.058169 -0.021684 0.066038
v 0.057681 -0.021187 0.066160
v 0.058841 -0.019979 0.069347
v 0.059407 -0.020393 0.069440
v 0.058481 -0.020565 0.068358
v 0.059345 -0.020513 0.069268
v 0.058278 -0.020801 0.067798
v 0.058804 -0.021273 0.067782
v 0.057836 -0.021126 0.066584
v 0.060251 -0.017623 0.071758
v 0.059630 -0.017389 0.071513
v 0.060418 -0.016478 0.072216
v 0.059785 -0.016322 0.071941
v 0.059660 -0.019819 0.070135
v 0.059040 -0.019536 0.069894
v 0.059886 -0.019159 0.070757
v 0.059288 -0.018826 0.070575
v 0.059513 -0.017966 0.071193
v 0.043807 -0.013000 0.032427
v 0.043508 -0.013000 0.033068
v 0.043830 -0.014746 0.032489
v 0.043530 -0.014694 0.033127
v 0.043943 -0.018085 0.034262
v 0.044271 -0.018366 0.033702
v 0.043743 -0.017032 0.033712
v 0.044230 -0.018184 0.033590
v 0.043662 -0.016437 0.033490
v 0.043970 -0.016601 0.032875
v 0.043551 -0.015145 0.033184
v 0.045219 -0.020833 0.036305
v 0.044829 -0.020390 0.036696
v 0.045611 -0.021321 0.037382
v 0.045194 -0.020846 0.037699
v 0.044468 -0.019105 0.034242
v 0.044095 -0.018668 0.034679
v 0.044694 -0.019768 0.034862
v 0.044338 -0.019393 0.035346
v 0.044632 -0.020049 0.036154
v 0.042617 0.015433 0.030618
v 0.042745 0.017107 0.030970
v 0.043378 0.016954 0.031247
v 0.043209 0.013000 0.030783
v 0.042568 0.013000 0.030484
v 0.043235 0.014838 0.030855
v 0.043353 0.016712 0.031178
v 0.043856 0.021811 0.034024
v 0.044433 0.021420 0.034146
v 0.043776 0.021618 0.033804
v 0.044081 0.020460 0.033180
v 0.043485 0.020799 0.033005
v 0.043206 0.019791 0.032238
v 0.043660 0.018791 0.032021
v 0.043042 0.019044 0.031786
v 0.042804 0.017598 0.031133
v 0.045008 0.022479 0.035725
v 0.044475 0.022946 0.035724
v 0.045635 0.023162 0.037449
v 0.045226 0.023720 0.037788
v 0.045814 0.023281 0.037939
v 0.045310 0.023772 0.038019
v 0.057934 0.023857 0.066854
v 0.058507 0.023482 0.068427
v 0.058924 0.023006 0.068113
v 0.057572 0.023500 0.064397
v 0.057102 0.024000 0.064568
v 0.058200 0.023423 0.066124
v 0.058841 0.023080 0.067885
v 0.060115 0.020233 0.072848
v 0.060452 0.019921 0.072309
v 0.060050 0.020466 0.072667
v 0.060123 0.020949 0.071407
v 0.059769 0.021317 0.071897
v 0.059425 0.022133 0.070949
v 0.059552 0.022182 0.069839
v 0.059169 0.022614 0.070248
v 0.058675 0.023310 0.068889
v 0.060814 0.018240 0.073304
v 0.060504 0.018424 0.073915
v 0.061047 0.016406 0.073946
v 0.060768 0.016227 0.074642
v 0.061088 0.015884 0.074059
v 0.060786 0.015981 0.074690
v 0.045498 -0.023857 0.038534
v 0.044926 -0.023482 0.036961
v 0.045447 -0.023006 0.036933
v 0.046800 -0.023500 0.040649
v 0.046330 -0.024000 0.040820
v 0.046171 -0.023423 0.038922
v 0.045530 -0.023080 0.037162
v 0.043317 -0.020233 0.032541
v 0.043920 -0.019921 0.032737
v 0.043382 -0.020466 0.032722
v 0.044248 -0.020949 0.033639
v 0.043663 -0.021317 0.033491
v 0.044008 -0.022133 0.034439
v 0.044819 -0.022182 0.035208
v 0.044263 -0.022614 0.035141
v 0.044757 -0.023310 0.036499
v 0.043558 -0.018240 0.031742
v 0.042928 -0.018424 0.031474
v 0.043324 -0.016406 0.031100
v 0.042664 -0.016227 0.030747
v 0.043284 -0.015884 0.030988
v 0.042646 -0.015981 0.030698
v 0.060014 -0.009414 0.072820
v 0.059236 -0.008586 0.073103
v 0.060613 -0.009414 0.074464
v 0.059834 -0.008586 0.074748
v 0.059236 0.008586 0.073103
v 0.060014 0.009414 0.072820
v 0.059834 0.008586 0.074748
v 0.060613 0.009414 0.074464
v 0.055795 0.021750 0.061228
v 0.054733 0.021750 0.060733
v 0.055795 0.023500 0.061228
v 0.054733 0.023500 0.060733
v 0.054733 -0.021750 0.060733
v 0.055795 -0.021750 0.061228
v 0.054733 -0.023500 0.060733
v 0.055795 -0.023500 0.061228
v 0.033534 -0.025079 0.044230
v 0.033025 -0.024978 0.044162
v 0.033371 -0.025456 0.043914
v 0.032302 -0.024834 0.044047
v 0.031588 -0.024686 0.043914
v 0.061020 -0.010063 0.074316
v 0.060421 -0.010063 0.072672
v 0.061163 -0.010828 0.074264
v 0.060565 -0.010828 0.072620
v 0.056424 -0.021750 0.061690
v 0.056424 -0.023500 0.061690
v 0.056829 -0.021750 0.062357
v 0.056829 -0.023500 0.062357
v 0.058685 -0.007172 0.073304
v 0.059284 -0.007172 0.074948
v 0.058828 -0.007937 0.073252
v 0.059427 -0.007937 0.074896
v 0.059284 0.007172 0.074948
v 0.058685 0.007172 0.073304
v 0.059427 0.007937 0.074896
v 0.058828 0.007937 0.073252
v 0.056424 0.023500 0.061690
v 0.056424 0.021750 0.061690
v 0.056829 0.023500 0.062357
v 0.056829 0.021750 0.062357
v 0.060421 0.010063 0.072672
v 0.061020 0.010063 0.074316
v 0.060565 0.010828 0.072620
v 0.061163 0.010828 0.074264
v 0.053699 0.021750 0.059604
v 0.053699 0.023500 0.059604
v 0.054104 0.021750 0.060272
v 0.054104 0.023500 0.060272
v 0.053699 -0.023500 0.059604
v 0.053699 -0.021750 0.059604
v 0.054104 -0.023500 0.060272
v 0.054104 -0.021750 0.060272
v 0.033191 0.024734 0.044417
v 0.033315 0.025100 0.044197
v 0.033168 0.025154 0.044217
v 0.032687 0.024041 0.045436
v 0.032943 0.024167 0.045090
v 0.032806 0.024223 0.045000
v 0.033020 0.024438 0.044693
v 0.032886 0.024530 0.044667
v 0.033468 0.025066 0.044222
v 0.033339 0.024687 0.044459
v 0.033163 0.024383 0.044757
v 0.032697 0.024787 0.044736
v 0.032307 0.024530 0.045180
v 0.032774 0.024651 0.044682
v 0.032353 0.024354 0.045182
v 0.032440 0.024200 0.045230
v 0.032556 0.024091 0.045319
v 0.033041 0.025223 0.044282
v 0.032946 0.025299 0.044383
v 0.033534 0.025079 0.044230
v 0.033504 0.025148 0.044184
v 0.032073 0.024500 0.045400
v 0.032099 0.024309 0.045429
v 0.032170 0.024146 0.045510
v 0.032277 0.024038 0.045632
v 0.032403 0.024000 0.045776
v 0.032973 0.025396 0.044340
v 0.033068 0.025314 0.044238
v 0.033197 0.025240 0.044174
v 0.033348 0.025183 0.044155
v 0.033147 0.025896 0.044035
v 0.033229 0.025777 0.043943
v 0.033352 0.025672 0.043889
v 0.033503 0.025594 0.043879
v 0.033665 0.025550 0.043914
v 0.033734 0.027601 0.042227
v 0.033707 0.027638 0.042260
v 0.033539 0.026710 0.043131
v 0.033209 0.026043 0.043914
v 0.033419 0.026625 0.043413
v 0.033646 0.027655 0.042481
v 0.033659 0.027765 0.042381
v 0.033813 0.027528 0.042163
v 0.033649 0.026603 0.043058
v 0.033903 0.027474 0.042121
v 0.033794 0.026522 0.043022
v 0.033964 0.027449 0.042103
v 0.034141 0.027411 0.042086
v 0.033959 0.026477 0.043027
v 0.033719 0.028131 0.041569
v 0.033829 0.027790 0.041853
v 0.033822 0.027983 0.041504
v 0.033983 0.027698 0.041799
v 0.033978 0.027883 0.041456
v 0.034166 0.027659 0.041780
v 0.034164 0.027844 0.041432
v 0.033714 0.028149 0.040749
v 0.033660 0.028218 0.040762
v 0.033683 0.028263 0.041176
v 0.033786 0.028104 0.041131
v 0.033942 0.027998 0.041089
v 0.033832 0.028059 0.040722
v 0.033871 0.028040 0.040713
v 0.034130 0.027959 0.041057
v 0.034055 0.028000 0.040672
v 0.033574 0.028500 0.040782
v 0.033684 0.028305 0.041642
v 0.033578 0.028440 0.040781
v 0.033611 0.028310 0.040773
v 0.033682 0.028022 0.042105
v 0.038238 -0.023376 0.035500
v 0.038418 -0.023767 0.037533
v 0.038108 -0.024198 0.037346
v 0.038166 -0.023448 0.034980
v 0.038211 -0.023287 0.034960
v 0.037939 -0.024695 0.037144
v 0.037986 -0.024430 0.036504
v 0.038123 -0.023652 0.035000
v 0.042568 -0.013000 0.030484
v 0.043209 -0.013000 0.030783
v 0.038238 0.023378 0.035500
v 0.038211 0.023289 0.034960
v 0.038166 0.023453 0.034978
v 0.038062 0.023995 0.035604
v 0.037939 0.024695 0.037157
v 0.038108 0.024198 0.037357
v 0.038122 0.023659 0.035000
v 0.038417 0.023767 0.037542
v 0.038470 -0.023870 0.038100
v 0.038117 -0.024387 0.038360
v 0.038502 -0.023935 0.038497
v 0.038504 -0.023939 0.038517
v 0.037891 -0.024929 0.038187
v 0.038115 -0.024418 0.038559
v 0.037872 -0.025004 0.038600
v 0.037881 -0.024968 0.038393
v 0.037976 -0.024684 0.038477
v 0.037411 -0.025781 0.041437
v 0.037602 -0.025338 0.041443
v 0.037108 -0.025414 0.042086
v 0.037546 -0.025851 0.040672
v 0.037799 -0.025251 0.040672
v 0.036993 -0.026418 0.041437
v 0.037111 -0.026514 0.040672
v 0.036457 -0.026961 0.041437
v 0.036555 -0.027078 0.040672
v 0.035825 -0.027387 0.041437
v 0.035898 -0.027521 0.040672
v 0.035122 -0.027681 0.041437
v 0.035166 -0.027826 0.040672
v 0.034374 -0.027830 0.041437
v 0.034389 -0.027981 0.040672
v 0.033612 -0.027828 0.041437
v 0.033597 -0.027980 0.040672
v 0.032877 -0.027680 0.041437
v 0.032833 -0.027826 0.040672
v 0.033004 -0.027266 0.042086
v 0.032646 -0.027134 0.042086
v 0.032474 -0.027532 0.041437
v 0.032414 -0.027672 0.040672
v 0.033656 -0.027397 0.042086
v 0.034332 -0.027398 0.042086
v 0.034995 -0.027266 0.042086
v 0.035620 -0.027006 0.042086
v 0.036180 -0.026627 0.042086
v 0.036656 -0.026146 0.042086
v 0.037026 -0.025580 0.042086
v 0.028586 -0.024497 0.042897
v 0.025545 -0.024067 0.042086
v 0.032944 -0.024573 0.044470
v 0.031352 -0.024157 0.044583
v 0.032838 -0.024262 0.044868
v 0.032715 -0.024067 0.045329
v 0.032584 -0.024000 0.045823
v 0.031809 -0.023997 0.045622
v 0.031052 -0.023985 0.045398
v 0.031481 -0.024382 0.044221
v 0.033464 -0.024635 0.044537
v 0.033433 -0.024501 0.044670
v 0.033369 -0.024291 0.044948
v 0.033257 -0.024075 0.045435
v 0.033136 -0.024000 0.045960
v 0.033910 -0.025583 0.043914
v 0.034311 -0.025080 0.044255
v 0.035182 -0.025057 0.043914
v 0.034977 -0.025063 0.044042
v 0.035140 -0.025103 0.043914
v 0.034577 -0.025477 0.043914
v 0.037183 -0.025127 0.042170
v 0.036925 -0.025392 0.042261
v 0.037001 -0.025110 0.042346
v 0.036742 -0.025369 0.042435
v 0.037118 -0.024510 0.042856
v 0.036933 -0.024816 0.042649
v 0.036820 -0.025091 0.042522
v 0.037296 -0.024843 0.042294
v 0.037484 -0.024525 0.042502
v 0.037301 -0.024518 0.042679
v 0.037912 -0.024133 0.042974
v 0.037724 -0.024132 0.043149
v 0.038398 -0.024000 0.043509
v 0.038203 -0.024000 0.043679
v 0.037536 -0.024131 0.043323
v 0.038008 -0.024000 0.043850
v 0.043219 -0.014341 0.030811
v 0.042573 -0.014010 0.030497
v 0.039780 -0.023891 0.040895
v 0.039357 -0.023983 0.042292
v 0.038787 -0.024065 0.042029
v 0.037865 -0.024779 0.041582
v 0.038272 -0.024339 0.041784
v 0.039140 -0.023966 0.040863
v 0.038559 -0.024240 0.040812
v 0.038097 -0.024684 0.040745
v 0.040046 -0.023482 0.038737
v 0.039948 -0.023652 0.039414
v 0.039281 -0.023686 0.039283
v 0.039425 -0.023223 0.037810
v 0.040174 -0.023198 0.037871
v 0.040128 -0.023310 0.038185
v 0.038647 -0.023961 0.039179
v 0.038729 -0.023511 0.037653
v 0.038154 -0.024435 0.039038
v 0.037860 -0.025049 0.038876
v 0.037804 -0.025238 0.040500
v 0.057572 -0.023500 0.064397
v 0.058031 -0.023469 0.065658
v 0.060565 -0.013000 0.072620
v 0.060541 -0.014700 0.072556
v 0.061153 0.014341 0.074235
v 0.060859 0.014010 0.074891
v 0.061163 0.013000 0.074264
v 0.060864 0.013000 0.074905
v 0.042204 0.025625 0.077303
v 0.042899 0.025625 0.076607
v 0.041254 0.025625 0.075657
v 0.043154 0.025625 0.075657
v 0.042899 0.025625 0.074707
v 0.039608 0.025625 0.076607
v 0.040304 0.025625 0.077303
v 0.041254 0.025625 0.077557
v 0.040304 0.025625 0.074012
v 0.039608 0.025625 0.074707
v 0.039354 0.025625 0.075657
v 0.042204 0.025625 0.074012
v 0.041254 0.025625 0.073757
v 0.057572 0.021750 0.064397
v 0.058153 0.021682 0.065995
v 0.046800 0.023500 0.040649
v 0.046341 0.023469 0.039389
v 0.046800 -0.021750 0.040649
v 0.046218 -0.021682 0.039051
v 0.043830 0.014700 0.032491
v 0.043807 0.013000 0.032427
v 0.045985 0.023986 0.039871
v 0.046330 0.024000 0.040820
v 0.039737 0.023927 0.041182
v 0.039777 0.023899 0.040894
v 0.039138 0.023974 0.040862
v 0.039282 0.023990 0.042413
v 0.039105 0.024002 0.041102
v 0.038397 0.024000 0.043505
v 0.038725 0.024075 0.042130
v 0.038558 0.024247 0.040811
v 0.038532 0.024274 0.041011
v 0.038096 0.024691 0.040745
v 0.038076 0.024715 0.040919
v 0.037798 0.025256 0.040672
v 0.037783 0.025279 0.040835
v 0.038222 0.024350 0.041870
v 0.037823 0.024790 0.041657
v 0.037566 0.025347 0.041512
v 0.037974 0.024100 0.043041
v 0.037595 0.024391 0.042623
v 0.037297 0.024845 0.042295
v 0.037108 0.025414 0.042086
v 0.037110 0.024840 0.042467
v 0.036742 0.025369 0.042435
v 0.036929 0.024825 0.042644
v 0.037224 0.024383 0.042973
v 0.037407 0.024389 0.042796
v 0.037596 0.024099 0.043389
v 0.037784 0.024101 0.043214
v 0.038008 0.024000 0.043850
v 0.038202 0.024000 0.043677
v 0.034336 0.025550 0.043914
v 0.037026 0.025580 0.042086
v 0.036656 0.026146 0.042086
v 0.036180 0.026627 0.042086
v 0.034408 0.027390 0.042086
v 0.034995 0.027266 0.042086
v 0.035620 0.027006 0.042086
v 0.035042 0.025195 0.043914
v 0.035182 0.025057 0.043914
v 0.032584 0.024000 0.045823
v 0.033136 0.024000 0.045960
v 0.033257 0.024075 0.045435
v 0.033464 0.024635 0.044537
v 0.033369 0.024291 0.044948
v 0.034575 0.025074 0.044200
v 0.034249 0.025081 0.044263
v 0.033862 0.025083 0.044274
v 0.032054 0.024500 0.045416
v 0.031963 0.024500 0.045494
v 0.031975 0.024366 0.045508
v 0.031849 0.024500 0.045584
v 0.031868 0.024327 0.045609
v 0.032024 0.024206 0.045568
v 0.032068 0.024129 0.045621
v 0.031939 0.024146 0.045700
v 0.032050 0.024031 0.045843
v 0.032168 0.024033 0.045743
v 0.032156 0.024000 0.045979
v 0.032281 0.024000 0.045880
v 0.037337 0.024492 0.072971
v 0.037337 0.030125 0.072971
v 0.037571 0.030125 0.072658
v 0.038535 0.024500 0.071762
v 0.038627 0.030125 0.071700
v 0.039469 0.030125 0.071256
v 0.039469 0.024500 0.071256
v 0.040078 0.024500 0.071056
v 0.039919 0.030125 0.071099
v 0.040865 0.024499 0.070923
v 0.041332 0.030125 0.070908
v 0.041332 0.024499 0.070907
v 0.044680 0.024292 0.072369
v 0.043576 0.024450 0.071514
v 0.044010 0.030125 0.071789
v 0.043412 0.024461 0.071426
v 0.043183 0.030125 0.071317
v 0.043183 0.024473 0.071317
v 0.042738 0.030125 0.071145
v 0.042264 0.024496 0.071017
v 0.041777 0.024498 0.070937
v 0.045717 0.030125 0.074033
v 0.045122 0.024144 0.072899
v 0.045034 0.030125 0.072781
v 0.044727 0.030125 0.072417
v 0.045997 0.022549 0.075921
v 0.045980 0.023049 0.075179
v 0.045997 0.030125 0.075908
v 0.045906 0.023336 0.074700
v 0.045999 0.030125 0.075431
v 0.045722 0.023682 0.074045
v 0.045583 0.023841 0.073700
v 0.045906 0.022021 0.076617
v 0.045852 0.030125 0.076849
v 0.045522 0.030125 0.077742
v 0.043162 0.030125 0.080007
v 0.042717 0.018938 0.080176
v 0.043066 0.018939 0.080048
v 0.043595 0.019066 0.079791
v 0.043679 0.019101 0.079742
v 0.044367 0.030125 0.079245
v 0.044460 0.019624 0.079162
v 0.045291 0.030125 0.078160
v 0.045361 0.020753 0.078043
v 0.045521 0.021038 0.077745
v 0.042656 0.018943 0.080195
v 0.041785 0.030125 0.080378
v 0.041661 0.019262 0.080390
v 0.039980 0.030125 0.080233
v 0.039980 0.020456 0.080233
v 0.040360 0.030125 0.080323
v 0.040305 0.020184 0.080312
v 0.041123 0.019577 0.080405
v 0.028176 0.021750 0.054345
v 0.028176 0.023500 0.054345
v 0.032622 0.021750 0.066561
v 0.032622 0.023500 0.066561
v 0.027875 0.023500 0.052541
v 0.027875 0.021750 0.052541
v 0.028243 0.023500 0.050750
v 0.028243 0.021750 0.050750
v 0.029230 0.023500 0.049211
v 0.029230 0.021750 0.049211
v 0.030705 0.023500 0.048130
v 0.030705 0.021750 0.048130
v 0.032470 0.023500 0.047651
v 0.032470 0.021750 0.047651
v 0.034289 0.023500 0.047839
v 0.034289 0.021750 0.047839
v 0.035918 0.023500 0.048668
v 0.035918 0.021750 0.048668
v 0.044560 0.021750 0.055299
v 0.044560 0.023500 0.055299
v 0.042202 0.021750 0.065933
v 0.042202 0.023500 0.065933
v 0.041487 0.023500 0.067616
v 0.041487 0.021750 0.067616
v 0.040214 0.023500 0.068929
v 0.040214 0.021750 0.068929
v 0.038554 0.023500 0.069696
v 0.038554 0.021750 0.069696
v 0.036730 0.023500 0.069816
v 0.036730 0.021750 0.069816
v 0.034984 0.023500 0.069272
v 0.034984 0.021750 0.069272
v 0.033551 0.023500 0.068136
v 0.033551 0.021750 0.068136
v 0.029891 0.025625 0.043474
v 0.030587 0.025625 0.042779
v 0.028941 0.025625 0.041829
v 0.030841 0.025625 0.041829
v 0.030587 0.025625 0.040879
v 0.027296 0.025625 0.042779
v 0.027991 0.025625 0.043474
v 0.028941 0.025625 0.043729
v 0.027991 0.025625 0.040183
v 0.027296 0.025625 0.040879
v 0.027041 0.025625 0.041829
v 0.029891 0.025625 0.040183
v 0.028941 0.025625 0.039929
v 0.023322 0.023858 0.040910
v 0.022479 0.023375 0.041524
v 0.023331 0.023898 0.040940
v 0.022478 0.023519 0.041656
v 0.023338 0.023994 0.040997
v 0.021462 0.022686 0.041612
v 0.021566 0.022680 0.041794
v 0.022002 0.022992 0.041599
v 0.023281 0.023766 0.040816
v 0.023190 0.023688 0.040672
v 0.022853 0.023536 0.041095
v 0.022766 0.023485 0.040947
v 0.022429 0.023279 0.041362
v 0.022336 0.023245 0.041194
v 0.021901 0.022976 0.041415
v 0.023333 0.024066 0.041027
v 0.022427 0.023688 0.041737
v 0.023318 0.024147 0.041050
v 0.021525 0.023091 0.042287
v 0.021609 0.022899 0.042177
v 0.021623 0.022761 0.042014
v 0.021572 0.022682 0.041809
v 0.032054 0.030125 0.045416
v 0.033685 0.030125 0.042079
v 0.033686 0.030125 0.041602
v 0.033405 0.030125 0.040204
v 0.033209 0.030125 0.043914
v 0.033539 0.030125 0.043020
v 0.032979 0.030125 0.044331
v 0.027667 0.030125 0.046405
v 0.027667 0.024494 0.046405
v 0.028047 0.030125 0.046494
v 0.028391 0.024499 0.046546
v 0.028520 0.030125 0.046560
v 0.029127 0.024500 0.046575
v 0.029472 0.030125 0.046549
v 0.030049 0.024500 0.046447
v 0.030403 0.030125 0.046348
v 0.030403 0.024500 0.046348
v 0.030849 0.030125 0.046179
v 0.031061 0.024500 0.046079
v 0.025024 0.024847 0.039142
v 0.025024 0.030125 0.039142
v 0.025258 0.030125 0.038829
v 0.025656 0.025148 0.038401
v 0.026314 0.030125 0.037871
v 0.026425 0.025516 0.037805
v 0.027156 0.030125 0.037427
v 0.027298 0.025933 0.037374
v 0.027607 0.030125 0.037270
v 0.028241 0.026382 0.037132
v 0.029020 0.030125 0.037079
v 0.029020 0.026754 0.037081
v 0.030870 0.030125 0.037488
v 0.030869 0.027637 0.037488
v 0.030425 0.030125 0.037316
v 0.030175 0.027306 0.037243
v 0.029214 0.026847 0.037088
v 0.033526 0.028500 0.040589
v 0.033402 0.028500 0.040204
v 0.032722 0.030125 0.038952
v 0.032857 0.028444 0.039152
v 0.032414 0.030125 0.038588
v 0.032405 0.028330 0.038583
v 0.031698 0.030125 0.037960
v 0.031904 0.028131 0.038116
v 0.031084 0.027740 0.037590
v 0.033365 0.028300 0.039999
v 0.032584 0.028047 0.038624
v 0.032530 0.028140 0.038650
v 0.032996 0.028255 0.039284
v 0.032394 0.027877 0.038298
v 0.032126 0.027755 0.038041
v 0.032053 0.027832 0.038091
v 0.033628 0.028029 0.039895
v 0.034013 0.028000 0.040478
v 0.033471 0.028135 0.039959
v 0.033108 0.028086 0.039229
v 0.032650 0.027970 0.038583
v 0.032548 0.027784 0.038168
v 0.032279 0.027666 0.037897
v 0.032889 0.027858 0.038394
v 0.032414 0.027672 0.037725
v 0.033442 0.027964 0.039026
v 0.033358 0.027952 0.038882
v 0.032969 0.027867 0.038319
v 0.032807 0.027873 0.038465
v 0.033266 0.027983 0.039138
v 0.031992 0.027921 0.038119
v 0.034460 0.027820 0.041437
v 0.034478 0.027971 0.040672
v 0.037411 0.025781 0.041437
v 0.035122 0.027681 0.041437
v 0.035166 0.027826 0.040672
v 0.035825 0.027387 0.041437
v 0.035898 0.027521 0.040672
v 0.036457 0.026961 0.041437
v 0.036555 0.027078 0.040672
v 0.036993 0.026418 0.041437
v 0.037111 0.026514 0.040672
v 0.037546 0.025851 0.040672
v 0.037802 0.025243 0.040500
v 0.039877 0.023772 0.039997
v 0.039271 0.023692 0.039302
v 0.039876 0.023772 0.039999
v 0.039871 0.023780 0.040042
v 0.039913 0.023720 0.039721
v 0.039975 0.023619 0.039269
v 0.040171 0.023195 0.037878
v 0.038152 0.024440 0.039049
v 0.037872 0.025003 0.038600
v 0.038468 0.023867 0.038100
v 0.038720 0.023515 0.037659
v 0.038503 0.023936 0.038516
v 0.038642 0.023968 0.039194
v 0.039410 0.023224 0.037816
v 0.038112 0.024420 0.038558
v 0.037976 0.024684 0.038475
v 0.037882 0.024965 0.038390
v 0.037892 0.024925 0.038181
v 0.038119 0.024380 0.038358
v 0.038347 0.022383 0.033197
v 0.038548 0.021243 0.032000
v 0.037939 0.024695 0.032000
v 0.038173 0.023369 0.034531
v 0.037939 -0.024695 0.032000
v 0.038546 -0.021253 0.032000
v 0.038447 -0.021813 0.032556
v 0.038272 -0.022808 0.033735
v 0.038473 -0.022601 0.034745
v 0.038324 -0.023396 0.036040
v 0.040376 -0.022621 0.036569
v 0.039784 -0.021911 0.035369
v 0.040529 -0.022133 0.035706
v 0.040582 -0.021959 0.035432
v 0.041536 -0.018426 0.031982
v 0.041364 -0.019119 0.032439
v 0.040491 -0.019047 0.032477
v 0.041072 -0.020233 0.033358
v 0.040238 -0.020108 0.033313
v 0.041008 -0.020467 0.033586
v 0.040001 -0.021063 0.034280
v 0.040915 -0.020804 0.033940
v 0.040626 -0.021812 0.035214
v 0.041748 -0.017541 0.031500
v 0.041653 -0.017942 0.031705
v 0.040754 -0.017891 0.031778
v 0.042110 -0.015976 0.030892
v 0.041897 -0.015929 0.030946
v 0.042197 -0.015586 0.030787
v 0.042200 -0.015575 0.030785
v 0.040971 -0.016955 0.031344
v 0.041727 -0.016121 0.031029
v 0.042056 -0.016214 0.030965
v 0.042109 -0.015981 0.030894
v 0.040607 -0.017367 0.031465
v 0.040164 -0.017898 0.031586
v 0.039720 -0.018484 0.031678
v 0.039313 -0.019128 0.031754
v 0.039667 -0.019130 0.032152
v 0.039020 -0.019718 0.031823
v 0.039436 -0.020242 0.033009
v 0.038648 -0.021667 0.033554
v 0.038565 -0.021152 0.031989
v 0.038844 -0.020607 0.032492
v 0.038585 -0.021052 0.031978
v 0.038721 -0.020527 0.031918
v 0.039224 -0.021246 0.034004
v 0.039032 -0.022136 0.035127
v 0.038864 -0.022897 0.036351
v 0.041252 -0.016430 0.031186
v 0.040861 -0.016921 0.031328
v 0.039509 -0.018307 0.031512
v 0.039426 -0.018238 0.031500
v 0.039838 -0.017766 0.031482
v 0.039659 -0.018433 0.031603
v 0.040252 -0.017678 0.031510
v 0.040197 -0.017626 0.031479
v 0.039588 -0.018373 0.031547
v 0.040277 -0.017318 0.031427
v 0.040789 -0.016840 0.031321
v 0.041433 0.013000 0.030897
v 0.041433 -0.013000 0.030897
v 0.040879 0.016926 0.031328
v 0.042203 0.015564 0.030790
v 0.040808 0.016846 0.031321
v 0.039666 0.018426 0.031603
v 0.039668 0.018428 0.031605
v 0.040265 0.017679 0.031510
v 0.040316 0.017725 0.031552
v 0.041004 0.016940 0.031338
v 0.041015 0.016928 0.031333
v 0.041235 0.016684 0.031250
v 0.040210 0.017626 0.031479
v 0.039955 0.018172 0.031636
v 0.039726 0.018477 0.031678
v 0.039595 0.018366 0.031547
v 0.039517 0.018300 0.031512
v 0.039434 0.018230 0.031500
v 0.039669 0.019113 0.032145
v 0.038328 0.023391 0.036044
v 0.038478 0.022598 0.034745
v 0.038863 0.022898 0.036347
v 0.041848 0.017126 0.031303
v 0.041852 0.017108 0.031296
v 0.041890 0.016949 0.031229
v 0.040381 0.022590 0.036503
v 0.039774 0.021915 0.035361
v 0.040261 0.022946 0.037257
v 0.039578 0.022636 0.036548
v 0.038851 0.020595 0.032504
v 0.038653 0.021661 0.033562
v 0.038979 0.019803 0.031835
v 0.038721 0.020515 0.031918
v 0.039316 0.019120 0.031754
v 0.039219 0.019297 0.031775
v 0.039438 0.020236 0.033014
v 0.039225 0.021248 0.034009
v 0.039032 0.022139 0.035121
v 0.040481 0.019027 0.032467
v 0.041347 0.019169 0.032483
v 0.040746 0.017872 0.031762
v 0.041745 0.017554 0.031500
v 0.041767 0.017459 0.031454
v 0.040629 0.021811 0.035199
v 0.040687 0.021618 0.034930
v 0.039994 0.021069 0.034284
v 0.040743 0.021430 0.034681
v 0.040230 0.020102 0.033316
v 0.041189 0.019791 0.032974
v 0.041216 0.019687 0.032887
v 0.035660 -0.024924 0.036500
v 0.034976 -0.025630 0.036500
v 0.034000 -0.024000 0.036500
v 0.034030 -0.025900 0.036500
v 0.033076 -0.025660 0.036500
v 0.034924 -0.022340 0.036500
v 0.035630 -0.023024 0.036500
v 0.035900 -0.023970 0.036500
v 0.032340 -0.023076 0.036500
v 0.033024 -0.022370 0.036500
v 0.033970 -0.022100 0.036500
v 0.032370 -0.024976 0.036500
v 0.032100 -0.024030 0.036500
v 0.035660 0.023076 0.036500
v 0.034976 0.022370 0.036500
v 0.034000 0.024000 0.036500
v 0.034030 0.022100 0.036500
v 0.033076 0.022340 0.036500
v 0.034924 0.025660 0.036500
v 0.035630 0.024976 0.036500
v 0.035900 0.024030 0.036500
v 0.032340 0.024924 0.036500
v 0.033024 0.025630 0.036500
v 0.033970 0.025900 0.036500
v 0.032370 0.023024 0.036500
v 0.032100 0.023970 0.036500
v 0.019660 -0.016924 0.036500
v 0.018976 -0.017630 0.036500
v 0.018000 -0.016000 0.036500
v 0.018030 -0.017900 0.036500
v 0.017076 -0.017660 0.036500
v 0.018924 -0.014340 0.036500
v 0.019630 -0.015024 0.036500
v 0.019900 -0.015970 0.036500
v 0.016340 -0.015076 0.036500
v 0.017024 -0.014370 0.036500
v 0.017970 -0.014100 0.036500
v 0.016370 -0.016976 0.036500
v 0.016100 -0.016030 0.036500
v 0.019660 0.015076 0.036500
v 0.018976 0.014370 0.036500
v 0.018000 0.016000 0.036500
v 0.018030 0.014100 0.036500
v 0.017076 0.014340 0.036500
v 0.018924 0.017660 0.036500
v 0.019630 0.016976 0.036500
v 0.019900 0.016030 0.036500
v 0.016340 0.016924 0.036500
v 0.017024 0.017630 0.036500
v 0.017970 0.017900 0.036500
v 0.016370 0.015024 0.036500
v 0.016100 0.015970 0.036500
v 0.046330 -0.021250 0.040820
v 0.045938 -0.021223 0.039744
v 0.045766 -0.021184 0.039270
v 0.045271 -0.020915 0.037911
v 0.056359 -0.021250 0.062528
v 0.056056 -0.021250 0.062027
v 0.055584 -0.021250 0.061681
v 0.054522 -0.021250 0.061186
v 0.053229 -0.021250 0.059775
v 0.053735 -0.021250 0.060609
v 0.059924 -0.013000 0.072321
v 0.059914 -0.014146 0.072296
v 0.059901 -0.014650 0.072259
v 0.059809 -0.016096 0.072006
v 0.059924 0.010828 0.072321
v 0.059816 0.010254 0.072360
v 0.059511 0.009768 0.072471
v 0.058732 0.008939 0.072754
v 0.058044 0.007172 0.073005
v 0.058223 0.008128 0.072940
v 0.058044 -0.007172 0.073005
v 0.058732 -0.008939 0.072754
v 0.058223 -0.008128 0.072940
v 0.059511 -0.009768 0.072471
v 0.059816 -0.010254 0.072360
v 0.059924 -0.010828 0.072321
v 0.057102 0.021250 0.064568
v 0.057494 0.021223 0.065645
v 0.057666 0.021184 0.066119
v 0.058161 0.020915 0.067478
v 0.056359 0.021250 0.062528
v 0.053229 0.021250 0.059775
v 0.054522 0.021250 0.061186
v 0.053735 0.021250 0.060609
v 0.055584 0.021250 0.061681
v 0.056056 0.021250 0.062027
v 0.045117 0.021250 0.055096
v 0.042690 0.021250 0.066041
v 0.036223 0.021250 0.048272
v 0.027706 0.021250 0.054516
v 0.027375 0.021250 0.052532
v 0.027780 0.021250 0.050562
v 0.028866 0.021250 0.048869
v 0.030488 0.021250 0.047680
v 0.032429 0.021250 0.047153
v 0.034430 0.021250 0.047360
v 0.032152 0.021250 0.066732
v 0.041903 0.021250 0.067892
v 0.040503 0.021250 0.069337
v 0.038678 0.021250 0.070181
v 0.036671 0.021250 0.070312
v 0.034751 0.021250 0.069714
v 0.033174 0.021250 0.068464
v 0.043508 0.013000 0.033068
v 0.043518 0.014146 0.033093
v 0.043531 0.014650 0.033130
v 0.043623 0.016096 0.033382
v 0.037660 -0.025613 0.032000
v 0.032414 -0.027672 0.032000
v 0.033334 -0.027944 0.032000
v 0.036938 -0.026714 0.032000
v 0.036555 -0.027078 0.032000
v 0.035898 -0.027521 0.032000
v 0.035166 -0.027826 0.032000
v 0.034651 -0.027947 0.032000
v 0.016449 -0.020681 0.041256
v 0.016281 -0.020704 0.040672
v 0.021003 -0.022513 0.041567
v 0.023277 -0.023335 0.041815
v 0.025313 -0.023482 0.044100
v 0.025197 -0.023465 0.044084
v 0.025332 -0.023397 0.043549
v 0.028404 -0.023934 0.043684
v 0.029692 -0.023933 0.044997
v 0.028275 -0.023818 0.044149
v 0.028509 -0.023854 0.044698
v 0.027632 -0.023775 0.044504
v 0.028510 -0.024166 0.043259
v 0.025463 -0.023528 0.042874
v 0.025513 -0.023711 0.042510
v 0.025440 -0.023481 0.043011
v 0.025358 -0.023402 0.043434
v 0.056359 -0.024000 0.062528
v 0.057102 -0.024000 0.064568
v 0.035917 -0.024073 0.044901
v 0.036236 -0.024000 0.045328
v 0.035840 -0.024000 0.045584
v 0.035622 -0.024285 0.044504
v 0.035810 -0.024132 0.044757
v 0.035491 -0.024133 0.044960
v 0.034382 -0.024502 0.044701
v 0.035198 -0.024494 0.044436
v 0.035452 -0.024491 0.044277
v 0.034476 -0.024135 0.045298
v 0.034587 -0.024000 0.046010
v 0.042108 -0.015462 0.030800
v 0.041738 -0.014849 0.030857
v 0.041513 -0.014132 0.030888
v 0.053229 -0.024000 0.059775
v 0.054522 -0.024000 0.061186
v 0.053735 -0.024000 0.060609
v 0.055584 -0.024000 0.061681
v 0.056056 -0.024000 0.062027
v 0.057448 -0.023986 0.065518
v 0.060864 0.010828 0.074905
v 0.060864 -0.010828 0.074905
v 0.060757 -0.010254 0.074944
v 0.060451 -0.009768 0.075055
v 0.059673 -0.008939 0.075339
v 0.058985 -0.007172 0.075589
v 0.059164 -0.008128 0.075524
v 0.058985 0.007172 0.075589
v 0.059673 0.008939 0.075339
v 0.059164 0.008128 0.075524
v 0.060451 0.009768 0.075055
v 0.060757 0.010254 0.074944
v 0.055692 0.024000 0.065081
v 0.056524 0.023857 0.067367
v 0.059455 0.013000 0.075418
v 0.059450 0.014010 0.075405
v 0.059359 0.016227 0.075155
v 0.059094 0.018424 0.074428
v 0.058640 0.020466 0.073180
v 0.058015 0.022133 0.071462
v 0.057265 0.023310 0.069402
v 0.039846 0.020287 0.080245
v 0.038322 0.021149 0.079970
v 0.038414 0.021343 0.079931
v 0.036606 0.021703 0.079942
v 0.036654 0.021913 0.079889
v 0.034801 0.021975 0.080238
v 0.034804 0.022192 0.080184
v 0.033896 0.022009 0.080518
v 0.033878 0.022228 0.080470
v 0.033944 0.021834 0.080650
v 0.034823 0.021800 0.080376
v 0.036574 0.021534 0.080081
v 0.038237 0.020991 0.080094
v 0.039596 0.020233 0.080316
v 0.039775 0.020211 0.080286
v 0.039711 0.020149 0.080344
v 0.031305 0.022228 0.081407
v 0.031310 0.022115 0.081419
v 0.031371 0.021834 0.081587
v 0.031343 0.021914 0.081511
v 0.031323 0.022009 0.081455
v 0.033878 0.030125 0.080470
v 0.035219 0.030125 0.080086
v 0.035779 0.030125 0.079983
v 0.036911 0.030125 0.079875
v 0.038613 0.030125 0.079954
v 0.033855 0.030375 0.080407
v 0.031282 0.030375 0.081344
v 0.033868 0.030298 0.080441
v 0.031305 0.030125 0.081407
v 0.033793 0.030558 0.080235
v 0.031220 0.030558 0.081172
v 0.033828 0.030479 0.080333
v 0.031242 0.030513 0.081233
v 0.031255 0.030479 0.081269
v 0.031261 0.030462 0.081284
v 0.031280 0.030389 0.081336
v 0.033707 0.030625 0.080000
v 0.031134 0.030625 0.080937
v 0.033767 0.030594 0.080163
v 0.031206 0.030579 0.081134
v 0.031215 0.030566 0.081158
v 0.035189 0.030479 0.079942
v 0.035213 0.030298 0.080056
v 0.039988 0.030298 0.080204
v 0.038617 0.030298 0.079923
v 0.036910 0.030298 0.079844
v 0.035115 0.030625 0.079597
v 0.035151 0.030594 0.079766
v 0.036898 0.030594 0.079548
v 0.036891 0.030625 0.079375
v 0.038656 0.030594 0.079630
v 0.038679 0.030625 0.079458
v 0.040068 0.030594 0.079919
v 0.040114 0.030625 0.079752
v 0.036905 0.030479 0.079728
v 0.038633 0.030479 0.079809
v 0.040019 0.030479 0.080092
v 0.037362 0.030298 0.072988
v 0.037594 0.030298 0.072678
v 0.038644 0.030298 0.071726
v 0.039928 0.030298 0.071128
v 0.041332 0.030298 0.070939
v 0.042729 0.030298 0.071175
v 0.045968 0.030298 0.075432
v 0.045688 0.030298 0.074043
v 0.045010 0.030298 0.072800
v 0.043992 0.030298 0.071814
v 0.045822 0.030298 0.076841
v 0.045265 0.030298 0.078144
v 0.044347 0.030298 0.079222
v 0.043149 0.030298 0.079979
v 0.041781 0.030298 0.080347
v 0.040366 0.030298 0.080292
v 0.040454 0.030625 0.079832
v 0.040422 0.030594 0.080001
v 0.041748 0.030594 0.080053
v 0.041729 0.030625 0.079881
v 0.043030 0.030594 0.079708
v 0.042961 0.030625 0.079550
v 0.044153 0.030594 0.078998
v 0.044039 0.030625 0.078868
v 0.045013 0.030594 0.077988
v 0.044866 0.030625 0.077896
v 0.045536 0.030594 0.076767
v 0.045368 0.030625 0.076724
v 0.045672 0.030594 0.075446
v 0.045499 0.030625 0.075455
v 0.045410 0.030594 0.074145
v 0.045248 0.030625 0.074204
v 0.044774 0.030594 0.072979
v 0.044636 0.030625 0.073084
v 0.043821 0.030594 0.072055
v 0.043720 0.030625 0.072196
v 0.042636 0.030594 0.071456
v 0.042582 0.030625 0.071620
v 0.041327 0.030594 0.071235
v 0.041324 0.030625 0.071408
v 0.040011 0.030594 0.071413
v 0.040060 0.030625 0.071579
v 0.038807 0.030594 0.071973
v 0.038903 0.030625 0.072117
v 0.037824 0.030594 0.072865
v 0.037958 0.030625 0.072974
v 0.037606 0.030594 0.073156
v 0.037749 0.030625 0.073254
v 0.037458 0.030479 0.073054
v 0.037684 0.030479 0.072751
v 0.038708 0.030479 0.071822
v 0.039960 0.030479 0.071239
v 0.041330 0.030479 0.071055
v 0.042692 0.030479 0.071284
v 0.043925 0.030479 0.071908
v 0.044918 0.030479 0.072870
v 0.045580 0.030479 0.074083
v 0.045852 0.030479 0.075438
v 0.045710 0.030479 0.076812
v 0.045167 0.030479 0.078083
v 0.044271 0.030479 0.079135
v 0.043103 0.030479 0.079873
v 0.041768 0.030479 0.080232
v 0.040388 0.030479 0.080179
v 0.032521 0.030298 0.076741
v 0.033799 0.030298 0.076171
v 0.032510 0.030125 0.076712
v 0.033785 0.030125 0.076144
v 0.034279 0.030125 0.075863
v 0.035235 0.030298 0.075243
v 0.035216 0.030125 0.075219
v 0.036492 0.030298 0.074084
v 0.036469 0.030125 0.074063
v 0.036838 0.030625 0.074401
v 0.036711 0.030594 0.074284
v 0.035416 0.030594 0.075477
v 0.035522 0.030625 0.075614
v 0.033938 0.030594 0.076433
v 0.034020 0.030625 0.076586
v 0.032622 0.030594 0.077019
v 0.032681 0.030625 0.077181
v 0.036577 0.030479 0.074162
v 0.035306 0.030479 0.075334
v 0.033854 0.030479 0.076273
v 0.032560 0.030479 0.076849
v 0.043154 0.030625 0.075657
v 0.042899 0.030625 0.076607
v 0.042204 0.030625 0.077303
v 0.041254 0.030625 0.077557
v 0.040304 0.030625 0.077303
v 0.039608 0.030625 0.076607
v 0.039354 0.030625 0.075657
v 0.039608 0.030625 0.074707
v 0.040304 0.030625 0.074012
v 0.041254 0.030625 0.073757
v 0.042204 0.030625 0.074012
v 0.042899 0.030625 0.074707
v 0.030092 0.030623 0.078072
v 0.030100 0.030624 0.078095
v 0.030104 0.030625 0.078106
v 0.030105 0.030625 0.078108
v 0.030107 0.030625 0.078114
v 0.030108 0.030625 0.078118
v 0.030075 0.030615 0.078026
v 0.030043 0.030587 0.077938
v 0.029987 0.030479 0.077786
v 0.029950 0.030316 0.077684
v 0.029937 0.030125 0.077648
v 0.032510 0.024352 0.076712
v 0.034425 0.024383 0.075769
v 0.036105 0.024447 0.074437
v 0.029932 0.024230 0.077633
v 0.029937 0.024352 0.077648
v 0.032505 0.024230 0.076697
v 0.029922 0.024145 0.077605
v 0.032495 0.024145 0.076669
v 0.029892 0.024015 0.077525
v 0.032465 0.024015 0.076588
v 0.029878 0.023975 0.077486
v 0.032451 0.023975 0.076550
v 0.029824 0.023881 0.077336
v 0.032397 0.023881 0.076399
v 0.029779 0.023854 0.077213
v 0.032315 0.023857 0.076176
v 0.029742 0.023857 0.077113
v 0.037306 0.024298 0.072946
v 0.036080 0.024247 0.074403
v 0.034405 0.024179 0.075729
v 0.037216 0.024134 0.072881
v 0.036001 0.024081 0.074316
v 0.037080 0.024027 0.072786
v 0.035882 0.023976 0.074190
v 0.036920 0.023992 0.072676
v 0.035741 0.023948 0.074046
v 0.034343 0.024010 0.075622
v 0.034248 0.023907 0.075466
v 0.034138 0.023887 0.075289
v 0.056359 0.024000 0.062528
v 0.056056 0.024000 0.062027
v 0.055584 0.024000 0.061681
v 0.054522 0.024000 0.061186
v 0.053229 0.024000 0.059775
v 0.053735 0.024000 0.060609
v 0.041511 0.014026 0.030889
v 0.041755 0.014823 0.030856
v 0.035371 0.024622 0.044168
v 0.035452 0.024491 0.044277
v 0.035622 0.024285 0.044504
v 0.035917 0.024073 0.044901
v 0.036236 0.024000 0.045328
v 0.033749 0.024000 0.046049
v 0.034704 0.024499 0.044633
v 0.033833 0.024504 0.044725
v 0.034876 0.024134 0.045211
v 0.033795 0.024135 0.045328
v 0.035081 0.024000 0.045900
v 0.031075 0.024327 0.046107
v 0.031127 0.024146 0.046210
v 0.029147 0.024000 0.047074
v 0.030166 0.024000 0.046934
v 0.030126 0.024031 0.046765
v 0.029140 0.024031 0.046902
v 0.030083 0.024146 0.046590
v 0.029133 0.024146 0.046721
v 0.030057 0.024327 0.046477
v 0.029129 0.024327 0.046606
v 0.031207 0.024031 0.046372
v 0.031285 0.024000 0.046527
v 0.043587 0.024253 0.071472
v 0.044688 0.024094 0.072317
v 0.044756 0.023929 0.072216
v 0.044746 0.019666 0.078927
v 0.046398 0.022158 0.075653
v 0.046246 0.022201 0.075691
v 0.046032 0.021360 0.076880
v 0.045515 0.020233 0.078162
v 0.045549 0.020469 0.077961
v 0.044806 0.019598 0.078922
v 0.043092 0.018761 0.080074
v 0.043592 0.018797 0.079866
v 0.043753 0.018915 0.079744
v 0.044224 0.019069 0.079474
v 0.044865 0.019536 0.078935
v 0.041524 0.019028 0.080483
v 0.042296 0.018767 0.080355
v 0.042378 0.018805 0.080308
v 0.042374 0.018751 0.080336
v 0.042965 0.018699 0.080150
v 0.041669 0.019030 0.080435
v 0.040999 0.019372 0.080463
v 0.040656 0.019497 0.080494
v 0.037602 0.023999 0.071883
v 0.038099 0.024037 0.071697
v 0.038087 0.024000 0.071470
v 0.038044 0.024000 0.071502
v 0.038040 0.024000 0.071506
v 0.038975 0.024000 0.070930
v 0.039390 0.024037 0.070952
v 0.039322 0.024000 0.070778
v 0.041048 0.023999 0.070411
v 0.041036 0.024000 0.070411
v 0.040839 0.024036 0.070611
v 0.040743 0.024000 0.070432
v 0.039847 0.024000 0.070601
v 0.042112 0.023997 0.070475
v 0.042327 0.024031 0.070706
v 0.043155 0.023981 0.070748
v 0.043715 0.023982 0.071214
v 0.043808 0.023952 0.071045
v 0.045832 0.023483 0.073040
v 0.045812 0.023496 0.073001
v 0.045700 0.023490 0.073200
v 0.045506 0.023651 0.072524
v 0.044872 0.023826 0.072083
v 0.044865 0.023830 0.071803
v 0.044068 0.023933 0.071195
v 0.046149 0.022932 0.074442
v 0.046317 0.022891 0.074387
v 0.046187 0.023138 0.073879
v 0.046044 0.023310 0.073485
v 0.046376 0.022695 0.074754
v 0.045679 0.020454 0.077908
v 0.045887 0.020775 0.077530
v 0.046235 0.021492 0.076616
v 0.045906 0.023252 0.074657
v 0.045484 0.023748 0.073405
v 0.045924 0.023171 0.074611
v 0.046031 0.022418 0.075821
v 0.045841 0.021552 0.076970
v 0.045394 0.020635 0.078015
v 0.044695 0.019739 0.078944
v 0.039491 0.024308 0.071206
v 0.039451 0.024145 0.071104
v 0.038270 0.024307 0.071912
v 0.038201 0.024144 0.071826
v 0.045204 0.023787 0.072739
v 0.045129 0.023950 0.072838
v 0.045562 0.023591 0.073307
v 0.040852 0.024144 0.070775
v 0.040861 0.024307 0.070884
v 0.042292 0.024138 0.070869
v 0.042270 0.024302 0.070978
v 0.043636 0.024087 0.071367
v 0.045463 0.020547 0.077979
v 0.045922 0.021447 0.076913
v 0.046117 0.022295 0.075745
v 0.046009 0.023030 0.074521
v 0.042385 0.018864 0.080287
v 0.041693 0.019091 0.080407
v 0.041039 0.019437 0.080430
v 0.045470 0.023840 0.073445
v 0.027706 0.024000 0.054516
v 0.032152 0.024000 0.066732
v 0.036223 0.024000 0.048272
v 0.034430 0.024000 0.047360
v 0.032429 0.024000 0.047153
v 0.030488 0.024000 0.047680
v 0.028866 0.024000 0.048869
v 0.027780 0.024000 0.050562
v 0.027375 0.024000 0.052532
v 0.045117 0.024000 0.055096
v 0.042690 0.024000 0.066041
v 0.033174 0.024000 0.068464
v 0.034751 0.024000 0.069714
v 0.036671 0.024000 0.070312
v 0.038678 0.024000 0.070181
v 0.040503 0.024000 0.069337
v 0.041903 0.024000 0.067892
v 0.027659 0.024301 0.046443
v 0.027645 0.024200 0.046498
v 0.028381 0.024207 0.046641
v 0.028389 0.024368 0.046564
v 0.027664 0.024361 0.046423
v 0.028372 0.024126 0.046713
v 0.027626 0.024119 0.046569
v 0.027585 0.024025 0.046723
v 0.028354 0.024032 0.046869
v 0.027537 0.023994 0.046896
v 0.028334 0.023999 0.047046
v 0.021566 0.024360 0.046641
v 0.021571 0.024237 0.046656
v 0.023426 0.024386 0.046163
v 0.023438 0.024181 0.046207
v 0.025565 0.024446 0.046058
v 0.025568 0.024247 0.046100
v 0.021581 0.024153 0.046684
v 0.021611 0.024022 0.046765
v 0.023461 0.024012 0.046329
v 0.021625 0.023983 0.046803
v 0.021679 0.023889 0.046954
v 0.023492 0.023909 0.046509
v 0.021761 0.023865 0.047177
v 0.023525 0.023890 0.046715
v 0.025566 0.024081 0.046218
v 0.025559 0.023975 0.046392
v 0.025549 0.023948 0.046593
v 0.018998 0.024237 0.047593
v 0.018993 0.024360 0.047578
v 0.019027 0.024061 0.047672
v 0.019038 0.024022 0.047701
v 0.019082 0.023922 0.047822
v 0.019188 0.023865 0.048114
v 0.019151 0.023862 0.048014
v 0.019106 0.023889 0.047890
v 0.026301 0.030125 0.046125
v 0.025735 0.030125 0.046066
v 0.024598 0.030125 0.046046
v 0.022907 0.030125 0.046257
v 0.021566 0.030125 0.046641
v 0.021395 0.030625 0.046172
v 0.018822 0.030625 0.047108
v 0.018887 0.030587 0.047288
v 0.018980 0.030316 0.047542
v 0.018993 0.030125 0.047578
v 0.021555 0.030298 0.046612
v 0.018943 0.030479 0.047440
v 0.018948 0.030461 0.047456
v 0.021516 0.030479 0.046504
v 0.018970 0.030374 0.047515
v 0.018974 0.030355 0.047525
v 0.018891 0.030583 0.047297
v 0.018899 0.030571 0.047320
v 0.018928 0.030515 0.047402
v 0.021454 0.030594 0.046334
v 0.022839 0.030594 0.045937
v 0.022803 0.030625 0.045768
v 0.024585 0.030594 0.045719
v 0.024579 0.030625 0.045546
v 0.026344 0.030594 0.045801
v 0.026366 0.030625 0.045629
v 0.027755 0.030594 0.046090
v 0.027802 0.030625 0.045923
v 0.027676 0.030298 0.046375
v 0.026305 0.030298 0.046094
v 0.024597 0.030298 0.046015
v 0.022900 0.030298 0.046227
v 0.022876 0.030479 0.046114
v 0.024592 0.030479 0.045899
v 0.026320 0.030479 0.045980
v 0.027707 0.030479 0.046263
v 0.028109 0.030594 0.046173
v 0.028141 0.030625 0.046003
v 0.029436 0.030594 0.046224
v 0.029416 0.030625 0.046052
v 0.030718 0.030594 0.045879
v 0.030648 0.030625 0.045721
v 0.031840 0.030594 0.045169
v 0.031726 0.030625 0.045039
v 0.032701 0.030594 0.044159
v 0.032554 0.030625 0.044068
v 0.033223 0.030594 0.042938
v 0.033055 0.030625 0.042895
v 0.033359 0.030594 0.041617
v 0.033186 0.030625 0.041626
v 0.033098 0.030594 0.040316
v 0.032935 0.030625 0.040375
v 0.032461 0.030594 0.039150
v 0.032324 0.030625 0.039255
v 0.031508 0.030594 0.038226
v 0.031408 0.030625 0.038367
v 0.030323 0.030594 0.037627
v 0.030269 0.030625 0.037791
v 0.029014 0.030594 0.037406
v 0.029011 0.030625 0.037579
v 0.027698 0.030594 0.037584
v 0.027747 0.030625 0.037750
v 0.026495 0.030594 0.038144
v 0.026590 0.030625 0.038288
v 0.025511 0.030594 0.039036
v 0.025646 0.030625 0.039145
v 0.025294 0.030594 0.039327
v 0.025436 0.030625 0.039425
v 0.025050 0.030298 0.039159
v 0.025282 0.030298 0.038849
v 0.026331 0.030298 0.037897
v 0.030416 0.030298 0.037346
v 0.029019 0.030298 0.037110
v 0.027615 0.030298 0.037300
v 0.031680 0.030298 0.037985
v 0.032697 0.030298 0.038971
v 0.033376 0.030298 0.040214
v 0.033655 0.030298 0.041603
v 0.030837 0.030298 0.046150
v 0.032034 0.030298 0.045393
v 0.032952 0.030298 0.044315
v 0.033509 0.030298 0.043012
v 0.029469 0.030298 0.046518
v 0.028053 0.030298 0.046463
v 0.025145 0.030479 0.039225
v 0.025371 0.030479 0.038922
v 0.026395 0.030479 0.037993
v 0.027648 0.030479 0.037410
v 0.029017 0.030479 0.037226
v 0.030380 0.030479 0.037455
v 0.031613 0.030479 0.038079
v 0.032605 0.030479 0.039041
v 0.033267 0.030479 0.040254
v 0.033540 0.030479 0.041609
v 0.033398 0.030479 0.042983
v 0.032854 0.030479 0.044254
v 0.031958 0.030479 0.045306
v 0.030790 0.030479 0.046044
v 0.029456 0.030479 0.046403
v 0.028075 0.030479 0.046350
v 0.021626 0.030594 0.042604
v 0.021707 0.030625 0.042757
v 0.023210 0.030625 0.041785
v 0.020309 0.030594 0.043190
v 0.020369 0.030625 0.043352
v 0.021541 0.030479 0.042444
v 0.020248 0.030479 0.043020
v 0.021487 0.030298 0.042342
v 0.020208 0.030298 0.042912
v 0.023761 0.030125 0.040643
v 0.022903 0.030125 0.041390
v 0.022922 0.030298 0.041414
v 0.021472 0.030125 0.042315
v 0.024157 0.030125 0.040234
v 0.024398 0.030594 0.040455
v 0.024265 0.030479 0.040333
v 0.024179 0.030298 0.040255
v 0.022993 0.030479 0.041505
v 0.023104 0.030594 0.041648
v 0.024526 0.030625 0.040572
v 0.020198 0.030125 0.042883
v 0.030841 0.030625 0.041829
v 0.030587 0.030625 0.042779
v 0.029891 0.030625 0.043474
v 0.028941 0.030625 0.043729
v 0.027991 0.030625 0.043474
v 0.027296 0.030625 0.042779
v 0.027041 0.030625 0.041829
v 0.027296 0.030625 0.040879
v 0.027991 0.030625 0.040183
v 0.028941 0.030625 0.039929
v 0.029891 0.030625 0.040183
v 0.030587 0.030625 0.040879
v 0.017779 0.030623 0.044243
v 0.017787 0.030624 0.044266
v 0.017791 0.030625 0.044277
v 0.017792 0.030625 0.044279
v 0.017794 0.030625 0.044285
v 0.017796 0.030625 0.044289
v 0.017762 0.030615 0.044197
v 0.017730 0.030587 0.044109
v 0.017675 0.030479 0.043957
v 0.017638 0.030316 0.043855
v 0.017625 0.030125 0.043819
v 0.020198 0.022489 0.042883
v 0.020894 0.022739 0.042598
v 0.024232 0.024522 0.040151
v 0.019724 0.021902 0.042685
v 0.019406 0.021852 0.042851
v 0.019436 0.021928 0.042971
v 0.020184 0.022015 0.042444
v 0.018602 0.021844 0.043260
v 0.018629 0.021923 0.043335
v 0.019453 0.022035 0.043067
v 0.018662 0.022125 0.043427
v 0.018667 0.022237 0.043440
v 0.019440 0.022305 0.043158
v 0.018650 0.022019 0.043392
v 0.020239 0.022266 0.042807
v 0.020232 0.022324 0.042837
v 0.020241 0.022179 0.042741
v 0.020234 0.022107 0.042659
v 0.020225 0.022072 0.042605
v 0.021259 0.022475 0.042024
v 0.020928 0.022309 0.042230
v 0.020959 0.022407 0.042401
v 0.021172 0.022462 0.041831
v 0.021221 0.022458 0.041926
v 0.020528 0.022132 0.042251
v 0.020582 0.022176 0.042424
v 0.020859 0.022279 0.042045
v 0.021300 0.022565 0.042212
v 0.020947 0.022559 0.042530
v 0.021286 0.022716 0.042361
v 0.018955 0.021715 0.041387
v 0.016449 0.020681 0.041257
v 0.016281 0.020704 0.040672
v 0.025029 0.024768 0.039122
v 0.024242 0.024442 0.040129
v 0.024227 0.024276 0.040051
v 0.025002 0.024604 0.039055
v 0.024926 0.024472 0.038963
v 0.024162 0.024145 0.039942
v 0.024810 0.024388 0.038859
v 0.024058 0.024063 0.039817
v 0.031291 0.027379 0.037490
v 0.025592 0.024752 0.038156
v 0.025458 0.024668 0.038086
v 0.026422 0.025113 0.037521
v 0.026249 0.025010 0.037446
v 0.027362 0.025523 0.037066
v 0.027153 0.025400 0.036969
v 0.028374 0.025964 0.036815
v 0.028120 0.025817 0.036678
v 0.029417 0.026418 0.036777
v 0.029144 0.026260 0.036578
v 0.030444 0.026866 0.036952
v 0.030191 0.026712 0.036685
v 0.031411 0.027287 0.037331
v 0.031186 0.027142 0.036994
v 0.032081 0.027528 0.037480
v 0.029294 0.026667 0.037052
v 0.030263 0.027117 0.037220
v 0.031175 0.027541 0.037582
v 0.025672 0.024995 0.038349
v 0.026459 0.025358 0.037749
v 0.027350 0.025769 0.037320
v 0.028308 0.026211 0.037085
v 0.025650 0.024859 0.038265
v 0.026458 0.025218 0.037651
v 0.027372 0.025626 0.037213
v 0.028355 0.026065 0.036974
v 0.029365 0.026516 0.036943
v 0.030358 0.026961 0.037118
v 0.037660 0.025613 0.032000
v 0.032414 0.027672 0.032000
v 0.033334 0.027944 0.032000
v 0.033597 0.027980 0.032000
v 0.036938 0.026714 0.032000
v 0.036555 0.027078 0.032000
v 0.035898 0.027521 0.032000
v 0.035166 0.027826 0.032000
v 0.034651 0.027947 0.032000
v 0.038055 0.021156 0.031500
v 0.037447 0.024608 0.031500
v 0.037617 0.024638 0.031531
v 0.038226 0.021186 0.031531
v 0.037795 0.024669 0.031646
v 0.038404 0.021217 0.031646
v 0.037909 0.024689 0.031827
v 0.038517 0.021238 0.031827
v 0.032612 0.027213 0.031500
v 0.032544 0.027372 0.031531
v 0.033389 0.027622 0.031531
v 0.033418 0.027451 0.031500
v 0.034598 0.027624 0.031531
v 0.034570 0.027453 0.031500
v 0.035742 0.027233 0.031531
v 0.035660 0.027081 0.031500
v 0.036698 0.026492 0.031531
v 0.036571 0.026375 0.031500
v 0.037361 0.025481 0.031531
v 0.037203 0.025411 0.031500
v 0.036916 0.026693 0.031827
v 0.037632 0.025601 0.031827
v 0.035883 0.027494 0.031827
v 0.034646 0.027916 0.031827
v 0.033340 0.027914 0.031827
v 0.032426 0.027644 0.031827
v 0.032472 0.027538 0.031646
v 0.033359 0.027800 0.031646
v 0.034627 0.027802 0.031646
v 0.035828 0.027392 0.031646
v 0.036831 0.026615 0.031646
v 0.037526 0.025554 0.031646
v 0.013323 0.018882 0.031500
v 0.013254 0.019040 0.031531
v 0.013247 0.019057 0.031538
v 0.013183 0.019206 0.031646
v 0.013140 0.019306 0.031809
v 0.013125 0.019341 0.031991
v 0.013125 0.019341 0.032000
v 0.013125 -0.019341 0.032000
v 0.013132 -0.019323 0.031864
v 0.032426 -0.027644 0.031827
v 0.013140 -0.019306 0.031809
v 0.013183 -0.019206 0.031646
v 0.032472 -0.027538 0.031646
v 0.013247 -0.019057 0.031538
v 0.032544 -0.027372 0.031531
v 0.013323 -0.018882 0.031500
v 0.032612 -0.027213 0.031500
v 0.037447 -0.024608 0.031500
v 0.037617 -0.024638 0.031531
v 0.037361 -0.025481 0.031531
v 0.037203 -0.025411 0.031500
v 0.036698 -0.026492 0.031531
v 0.036571 -0.026375 0.031500
v 0.035742 -0.027233 0.031531
v 0.035660 -0.027081 0.031500
v 0.034598 -0.027624 0.031531
v 0.034570 -0.027453 0.031500
v 0.033389 -0.027622 0.031531
v 0.033418 -0.027451 0.031500
v 0.034646 -0.027916 0.031827
v 0.033340 -0.027914 0.031827
v 0.035883 -0.027494 0.031827
v 0.036915 -0.026693 0.031827
v 0.037632 -0.025601 0.031827
v 0.037909 -0.024689 0.031827
v 0.037795 -0.024669 0.031646
v 0.037526 -0.025554 0.031646
v 0.036831 -0.026615 0.031646
v 0.035828 -0.027392 0.031646
v 0.034627 -0.027802 0.031646
v 0.033359 -0.027800 0.031646
v 0.038516 -0.021247 0.031827
v 0.038402 -0.021227 0.031646
v 0.038224 -0.021196 0.031531
v 0.038054 -0.021166 0.031500
v 0.038559 -0.020474 0.031619
v 0.038913 -0.019783 0.031699
v 0.038665 -0.020509 0.031753
v 0.039246 -0.019086 0.031649
v 0.038813 -0.019737 0.031592
v 0.038689 -0.019678 0.031524
v 0.038551 -0.019613 0.031500
v 0.038779 -0.017024 0.031500
v 0.040513 -0.016260 0.031318
v 0.040066 -0.015271 0.031336
v 0.039822 -0.014192 0.031344
v 0.039749 -0.013000 0.031348
v 0.038324 -0.015730 0.031500
v 0.038075 -0.014376 0.031500
v 0.038012 -0.013000 0.031500
v 0.038012 0.013000 0.031500
v 0.039749 0.013000 0.031348
v 0.040520 0.016260 0.031321
v 0.040072 0.015254 0.031338
v 0.039820 0.014170 0.031346
v 0.038085 0.014371 0.031500
v 0.038341 0.015719 0.031500
v 0.038798 0.017013 0.031500
v 0.038689 0.019667 0.031524
v 0.038551 0.019602 0.031500
v 0.039249 0.019077 0.031649
v 0.038559 0.020463 0.031619
v 0.038665 0.020497 0.031753
v 0.038814 0.019726 0.031592
v 0.038913 0.019773 0.031699
v 0.034030 -0.025900 0.031500
v 0.034976 -0.025630 0.031500
v 0.035660 -0.024924 0.031500
v 0.035900 -0.023970 0.031500
v 0.035630 -0.023024 0.031500
v 0.034924 -0.022340 0.031500
v 0.033970 -0.022100 0.031500
v 0.033024 -0.022370 0.031500
v 0.032340 -0.023076 0.031500
v 0.032100 -0.024030 0.031500
v 0.032370 -0.024976 0.031500
v 0.033076 -0.025660 0.031500
v 0.034030 0.022100 0.031500
v 0.034976 0.022370 0.031500
v 0.035660 0.023076 0.031500
v 0.035900 0.024030 0.031500
v 0.035630 0.024976 0.031500
v 0.034924 0.025660 0.031500
v 0.033970 0.025900 0.031500
v 0.033024 0.025630 0.031500
v 0.032340 0.024924 0.031500
v 0.032100 0.023970 0.031500
v 0.032370 0.023024 0.031500
v 0.033076 0.022340 0.031500
v 0.018030 -0.017900 0.031500
v 0.018976 -0.017630 0.031500
v 0.019660 -0.016924 0.031500
v 0.019900 -0.015970 0.031500
v 0.019630 -0.015024 0.031500
v 0.018924 -0.014340 0.031500
v 0.017970 -0.014100 0.031500
v 0.017024 -0.014370 0.031500
v 0.016340 -0.015076 0.031500
v 0.016100 -0.016030 0.031500
v 0.016370 -0.016976 0.031500
v 0.017076 -0.017660 0.031500
v 0.018030 0.014100 0.031500
v 0.018976 0.014370 0.031500
v 0.019660 0.015076 0.031500
v 0.019900 0.016030 0.031500
v 0.019630 0.016976 0.031500
v 0.018924 0.017660 0.031500
v 0.017970 0.017900 0.031500
v 0.017024 0.017630 0.031500
v 0.016340 0.016924 0.031500
v 0.016100 0.015970 0.031500
v 0.016370 0.015024 0.031500
v 0.017076 0.014340 0.031500
v 0.024247 -0.021250 0.048858
v 0.023856 -0.021223 0.047781
v 0.023188 -0.020915 0.045948
v 0.022549 -0.020049 0.044191
v 0.022012 -0.018668 0.042716
v 0.021660 -0.017032 0.041749
v 0.021468 -0.015145 0.041222
v 0.021426 -0.013000 0.041105
v 0.033140 -0.021250 0.073290
v 0.035962 -0.013000 0.081042
v 0.035952 -0.014146 0.081017
v 0.035847 -0.016096 0.080728
v 0.035551 -0.017966 0.079914
v 0.035078 -0.019536 0.078616
v 0.034519 -0.020565 0.077079
v 0.033874 -0.021126 0.075306
v 0.035962 0.013000 0.081042
v 0.034199 0.020915 0.076199
v 0.033532 0.021223 0.074366
v 0.033140 0.021250 0.073290
v 0.034838 0.020049 0.077956
v 0.035375 0.018668 0.079431
v 0.035727 0.017032 0.080399
v 0.035919 0.015145 0.080926
v 0.024247 0.021250 0.048858
v 0.021540 0.016096 0.041420
v 0.021435 0.014146 0.041131
v 0.021426 0.013000 0.041105
v 0.021836 0.017966 0.042234
v 0.022309 0.019536 0.043532
v 0.022868 0.020565 0.045069
v 0.023514 0.021126 0.046842
v 0.016684 -0.020684 0.041776
v 0.020975 -0.022325 0.042031
v 0.016687 -0.020685 0.041781
v 0.020905 -0.022251 0.042520
v 0.020796 -0.022297 0.043007
v 0.016929 -0.020827 0.042287
v 0.017171 -0.021087 0.042769
v 0.017399 -0.021444 0.043199
v 0.020036 -0.022280 0.043391
v 0.020656 -0.022459 0.043459
v 0.022840 -0.023015 0.043744
v 0.024288 -0.023311 0.043955
v 0.023244 -0.023071 0.042264
v 0.017696 -0.022133 0.044016
v 0.020019 -0.024000 0.050397
v 0.018446 -0.023310 0.046076
v 0.018629 -0.023496 0.046578
v 0.019187 -0.023857 0.048111
v 0.017976 -0.022656 0.044785
v 0.028911 -0.024000 0.074829
v 0.032673 -0.013000 0.085166
v 0.032624 -0.015433 0.085031
v 0.029257 -0.023986 0.075778
v 0.029650 -0.023900 0.076859
v 0.030015 -0.023720 0.077862
v 0.030387 -0.023407 0.078884
v 0.030766 -0.022946 0.079926
v 0.031072 -0.022454 0.080765
v 0.031465 -0.021618 0.081845
v 0.031669 -0.021065 0.082406
v 0.032035 -0.019791 0.083411
v 0.032142 -0.019323 0.083705
v 0.032437 -0.017598 0.084517
v 0.032673 0.013000 0.085166
v 0.031861 0.020460 0.082933
v 0.032314 0.018416 0.084179
v 0.032158 0.019252 0.083750
v 0.032669 0.014003 0.085152
v 0.032633 0.015301 0.085055
v 0.032578 0.016219 0.084904
v 0.032473 0.017294 0.084616
v 0.031129 0.030474 0.081295
v 0.030944 0.030514 0.081187
v 0.030916 0.030437 0.081261
v 0.031021 0.030571 0.081132
v 0.031127 0.030593 0.081113
v 0.031025 0.030307 0.081390
v 0.031132 0.030288 0.081410
v 0.030946 0.030361 0.081335
v 0.031238 0.030310 0.081390
v 0.030684 0.030269 0.081101
v 0.030665 0.030125 0.081108
v 0.030752 0.030125 0.081259
v 0.030787 0.030462 0.081063
v 0.030727 0.030375 0.081085
v 0.030745 0.030341 0.081165
v 0.030799 0.030204 0.081300
v 0.030923 0.030125 0.081390
v 0.031132 0.030125 0.081437
v 0.030807 0.030484 0.081056
v 0.030899 0.030558 0.081022
v 0.030100 0.030625 0.078118
v 0.029935 0.030584 0.078022
v 0.029909 0.030584 0.078118
v 0.029701 0.030375 0.078266
v 0.029771 0.030473 0.078241
v 0.029748 0.030472 0.078118
v 0.030093 0.030625 0.078123
v 0.030096 0.030625 0.078122
v 0.030100 0.030625 0.078121
v 0.030105 0.030625 0.078119
v 0.030083 0.030624 0.078127
v 0.030047 0.030621 0.078140
v 0.029987 0.030608 0.078162
v 0.029873 0.030558 0.078203
v 0.030078 0.030624 0.078129
v 0.029638 0.030125 0.078289
v 0.029671 0.030308 0.078277
v 0.029608 0.030125 0.078116
v 0.029643 0.030308 0.078118
v 0.029655 0.030125 0.077907
v 0.029705 0.030309 0.077887
v 0.029675 0.030125 0.077868
v 0.029874 0.030311 0.077717
v 0.029785 0.030125 0.077736
v 0.030005 0.030585 0.077952
v 0.029796 0.030473 0.077941
v 0.029926 0.030475 0.077811
v 0.029295 0.023977 0.075882
v 0.028911 0.024000 0.074829
v 0.020019 0.024000 0.050397
v 0.019635 0.023981 0.049344
v 0.018816 0.030474 0.047466
v 0.018819 0.030288 0.047581
v 0.018925 0.030310 0.047561
v 0.018708 0.030571 0.047304
v 0.018631 0.030514 0.047358
v 0.018633 0.030361 0.047506
v 0.018712 0.030307 0.047561
v 0.018604 0.030437 0.047432
v 0.018372 0.030269 0.047272
v 0.018352 0.030125 0.047279
v 0.018440 0.030125 0.047430
v 0.018474 0.030462 0.047234
v 0.018415 0.030375 0.047256
v 0.018433 0.030341 0.047336
v 0.018487 0.030204 0.047471
v 0.018814 0.030593 0.047284
v 0.018610 0.030125 0.047561
v 0.018819 0.030125 0.047608
v 0.018495 0.030484 0.047227
v 0.018587 0.030558 0.047194
v 0.017788 0.030625 0.044289
v 0.017622 0.030584 0.044193
v 0.017596 0.030584 0.044289
v 0.017389 0.030375 0.044437
v 0.017458 0.030473 0.044412
v 0.017436 0.030472 0.044289
v 0.017780 0.030625 0.044295
v 0.017784 0.030625 0.044293
v 0.017787 0.030625 0.044292
v 0.017792 0.030625 0.044290
v 0.017770 0.030624 0.044298
v 0.017734 0.030621 0.044311
v 0.017674 0.030608 0.044333
v 0.017561 0.030558 0.044374
v 0.017765 0.030624 0.044300
v 0.017326 0.030125 0.044460
v 0.017358 0.030308 0.044448
v 0.017296 0.030125 0.044287
v 0.017330 0.030308 0.044289
v 0.017342 0.030125 0.044078
v 0.017392 0.030309 0.044058
v 0.017363 0.030125 0.044039
v 0.017561 0.030311 0.043888
v 0.017473 0.030125 0.043907
v 0.017692 0.030585 0.044123
v 0.017483 0.030473 0.044112
v 0.017613 0.030475 0.043982
v 0.017625 0.022237 0.043819
v 0.017620 0.022125 0.043807
v 0.017607 0.022019 0.043771
v 0.017587 0.021923 0.043715
v 0.017559 0.021844 0.043640
v 0.017400 0.021453 0.043203
v 0.017478 0.021651 0.043417
v 0.018497 0.021811 0.043254
v 0.018823 0.021597 0.042626
v 0.018936 0.021577 0.041883
v 0.017172 0.021092 0.042772
v 0.017068 0.020964 0.042568
v 0.016890 0.020796 0.042208
v 0.016685 0.020684 0.041778
v 0.012827 0.018882 0.031935
v 0.012836 0.018882 0.032114
v 0.012855 0.019037 0.032083
v 0.013092 0.018882 0.031557
v 0.013241 0.019037 0.031532
v 0.012981 0.019241 0.032068
v 0.013180 0.019167 0.031615
v 0.013093 0.019240 0.031738
v 0.012998 0.019240 0.031874
v 0.012912 0.019167 0.031998
v 0.012877 0.019063 0.032134
v 0.012853 0.018882 0.032171
v 0.012921 0.019074 0.031774
v 0.012878 0.018882 0.031772
v 0.012874 0.019035 0.031842
v 0.012844 0.018882 0.031857
v 0.012842 0.018963 0.031888
v 0.012833 0.018882 0.031900
v 0.013061 0.018882 0.031574
v 0.013025 0.018882 0.031599
v 0.013054 0.018963 0.031587
v 0.012957 0.018882 0.031659
v 0.013020 0.019035 0.031632
v 0.012919 0.018882 0.031706
v 0.012973 0.019074 0.031699
v 0.012913 0.018882 0.031713
v 0.012908 0.018882 0.031721
v 0.012913 -0.018888 0.031713
v 0.013008 -0.019060 0.031655
v 0.012951 -0.019088 0.031737
v 0.013048 -0.018986 0.031595
v 0.013062 -0.018886 0.031573
v 0.012850 -0.018989 0.031879
v 0.012833 -0.018889 0.031901
v 0.012893 -0.019062 0.031819
v 0.012889 -0.018882 0.031751
v 0.012848 -0.018882 0.031842
v 0.012913 -0.018882 0.031713
v 0.012939 -0.018882 0.031679
v 0.013010 -0.018882 0.031610
v 0.013050 -0.019253 0.031805
v 0.012944 -0.019205 0.031955
v 0.013092 -0.018882 0.031557
v 0.013217 -0.018915 0.031512
v 0.013229 -0.019066 0.031545
v 0.013154 -0.019202 0.031655
v 0.013057 -0.018882 0.031577
v 0.012827 -0.018882 0.031935
v 0.012834 -0.018882 0.031895
v 0.012853 -0.018882 0.032171
v 0.012829 -0.018917 0.032067
v 0.012877 -0.019063 0.032134
v 0.012865 -0.019072 0.032065
v 0.012888 -0.019094 0.032125
v 0.012981 -0.019241 0.032068
v 0.028214 -0.010820 0.059756
v 0.029173 0.010820 0.062392
v 0.028969 0.011412 0.061830
v 0.028214 0.009180 0.059756
v 0.028418 0.008588 0.060318
v 0.028211 -0.009195 0.059747
v 0.029173 -0.009180 0.062392
v 0.028969 -0.008588 0.061830
v 0.029176 0.009195 0.062400
v 0.028418 -0.011412 0.060318
v 0.028974 0.008597 0.061845
v 0.029249 -0.009991 0.062601
v 0.029176 -0.010805 0.062400
v 0.028691 0.011625 0.061066
v 0.028413 0.011403 0.060303
v 0.028211 0.010805 0.059747
v 0.028138 0.009991 0.059547
v 0.029249 0.010009 0.062601
v 0.028138 -0.010009 0.059547
v 0.028697 0.008375 0.061082
v 0.028691 -0.008375 0.061066
v 0.028413 -0.008597 0.060303
v 0.028697 -0.011625 0.061082
v 0.028974 -0.011403 0.061845
v 0.016138 -0.020604 0.040739
v 0.016009 -0.020245 0.040843
v 0.016033 -0.020427 0.040805
v 0.016076 -0.020522 0.040775
v 0.016169 -0.020242 0.041281
v 0.016194 -0.020376 0.041296
v 0.016252 -0.020500 0.041296
v 0.016339 -0.020604 0.041283
v 0.017030 -0.021171 0.043591
v 0.017043 -0.021069 0.043682
v 0.016594 -0.020332 0.042451
v 0.017066 -0.021290 0.043465
v 0.017035 -0.021213 0.043550
v 0.016909 -0.020944 0.042954
v 0.016797 -0.020763 0.042358
v 0.017021 -0.021039 0.042853
v 0.016642 -0.020522 0.042501
v 0.016698 -0.020658 0.042432
v 0.016566 -0.020610 0.041827
v 0.016420 -0.020368 0.041905
v 0.017114 -0.021347 0.043394
v 0.017240 -0.021419 0.043281
v 0.017632 -0.022479 0.045018
v 0.018465 -0.023464 0.046648
v 0.019158 -0.023872 0.048552
v 0.019856 -0.023969 0.050456
v 0.017815 -0.022628 0.044861
v 0.017683 -0.022545 0.044959
v 0.018327 -0.023373 0.046729
v 0.018270 -0.023300 0.046773
v 0.019014 -0.023777 0.048615
v 0.018952 -0.023701 0.048646
v 0.019686 -0.023854 0.050518
v 0.019578 -0.023673 0.050557
v 0.018885 -0.023542 0.048688
v 0.018214 -0.023148 0.046844
v 0.017586 -0.022341 0.045119
v 0.017591 -0.022223 0.045189
v 0.018210 -0.023018 0.046889
v 0.018872 -0.023407 0.048708
v 0.019549 -0.023500 0.050568
v 0.028749 -0.023969 0.074888
v 0.028579 -0.023854 0.074950
v 0.028470 -0.023673 0.074989
v 0.028441 -0.023500 0.075000
v 0.029182 -0.023533 0.076983
v 0.032458 -0.015162 0.085091
v 0.032295 -0.017313 0.084642
v 0.031967 -0.019308 0.083743
v 0.031495 -0.021043 0.082446
v 0.030900 -0.022428 0.080810
v 0.030218 -0.023379 0.078936
v 0.029482 -0.023866 0.076916
v 0.032291 -0.013000 0.085149
v 0.032500 -0.013000 0.085196
v 0.032278 -0.015152 0.085056
v 0.032184 -0.015143 0.085006
v 0.032023 -0.017256 0.084565
v 0.032116 -0.017282 0.084612
v 0.031702 -0.019214 0.083682
v 0.031792 -0.019257 0.083721
v 0.031238 -0.020919 0.082407
v 0.031325 -0.020976 0.082436
v 0.030654 -0.022279 0.080802
v 0.030735 -0.022347 0.080817
v 0.029983 -0.023214 0.078959
v 0.030059 -0.023290 0.078960
v 0.029261 -0.023692 0.076975
v 0.029331 -0.023772 0.076959
v 0.032121 -0.013000 0.085019
v 0.032057 -0.015125 0.084882
v 0.031900 -0.017204 0.084448
v 0.031583 -0.019129 0.083580
v 0.031127 -0.020806 0.082327
v 0.030553 -0.022143 0.080748
v 0.029893 -0.023062 0.078935
v 0.029160 -0.023403 0.076975
v 0.029861 -0.022938 0.078901
v 0.030512 -0.022031 0.080690
v 0.031078 -0.020714 0.082245
v 0.031528 -0.019059 0.083481
v 0.031840 -0.017161 0.084338
v 0.031996 -0.015109 0.084766
v 0.032033 -0.013000 0.084867
v 0.032500 0.013000 0.085196
v 0.032291 0.013000 0.085149
v 0.032121 0.013000 0.085019
v 0.032033 0.013000 0.084867
v 0.032095 0.015261 0.084925
v 0.031516 0.020931 0.082545
v 0.031968 0.019234 0.083787
v 0.032282 0.017282 0.084650
v 0.032440 0.015296 0.085084
v 0.031183 0.021804 0.081630
v 0.031008 0.021719 0.081623
v 0.032251 0.015282 0.085039
v 0.032095 0.017246 0.084610
v 0.031784 0.019177 0.083756
v 0.031337 0.020856 0.082528
v 0.030872 0.021591 0.081565
v 0.031196 0.020742 0.082456
v 0.031635 0.019093 0.083662
v 0.031941 0.017193 0.084502
v 0.031994 0.015236 0.084760
v 0.031843 0.017130 0.084346
v 0.031543 0.018993 0.083522
v 0.031113 0.020609 0.082341
v 0.030795 0.021441 0.081468
v 0.031131 0.021992 0.081488
v 0.031154 0.021889 0.081549
v 0.030946 0.021945 0.081452
v 0.030795 0.021874 0.081352
v 0.030700 0.021786 0.081206
v 0.031117 0.022107 0.081449
v 0.031132 0.022228 0.081437
v 0.031112 0.022228 0.081436
v 0.030923 0.022228 0.081390
v 0.030753 0.022228 0.081260
v 0.030664 0.022228 0.081108
v 0.029785 0.024352 0.077736
v 0.029770 0.024352 0.077749
v 0.029655 0.024352 0.077907
v 0.029608 0.024352 0.078116
v 0.029638 0.024352 0.078289
v 0.029600 0.023815 0.077281
v 0.029561 0.023819 0.077173
v 0.029403 0.023712 0.077214
v 0.029635 0.024084 0.077852
v 0.029767 0.024238 0.077738
v 0.029754 0.024129 0.077704
v 0.029734 0.024030 0.077649
v 0.029579 0.023864 0.077697
v 0.029707 0.023946 0.077575
v 0.029497 0.023733 0.077471
v 0.029675 0.023880 0.077487
v 0.029639 0.023836 0.077387
v 0.029584 0.024017 0.078027
v 0.029514 0.023742 0.077834
v 0.029411 0.023577 0.077551
v 0.029294 0.023551 0.077230
v 0.029603 0.023911 0.078192
v 0.029496 0.023541 0.077899
v 0.029341 0.023362 0.077472
v 0.029249 0.023362 0.077218
v 0.028749 0.023969 0.074888
v 0.028579 0.023854 0.074950
v 0.028470 0.023673 0.074989
v 0.028441 0.023500 0.075000
v 0.019549 0.023500 0.050568
v 0.019578 0.023673 0.050557
v 0.019686 0.023854 0.050518
v 0.019856 0.023969 0.050456
v 0.019010 0.023827 0.048184
v 0.018863 0.023720 0.048254
v 0.018769 0.023559 0.048313
v 0.018742 0.023370 0.048351
v 0.018819 0.024360 0.047608
v 0.018800 0.024360 0.047608
v 0.018804 0.024246 0.047619
v 0.018816 0.024137 0.047653
v 0.018932 0.023844 0.047970
v 0.018971 0.023823 0.048076
v 0.018769 0.023741 0.047997
v 0.018896 0.023888 0.047870
v 0.018863 0.023954 0.047781
v 0.018836 0.024038 0.047708
v 0.018687 0.023872 0.047771
v 0.018630 0.024092 0.047616
v 0.018610 0.024360 0.047561
v 0.018652 0.023585 0.047991
v 0.018549 0.023750 0.047707
v 0.018479 0.024025 0.047514
v 0.018440 0.024360 0.047431
v 0.018590 0.023409 0.047933
v 0.018450 0.023661 0.047548
v 0.018365 0.024081 0.047317
v 0.018352 0.024360 0.047279
v 0.017296 0.022237 0.044287
v 0.017326 0.022237 0.044460
v 0.017472 0.022237 0.043907
v 0.017458 0.022237 0.043920
v 0.017342 0.022237 0.044078
v 0.017388 0.021813 0.043728
v 0.017439 0.022002 0.043869
v 0.017453 0.022116 0.043907
v 0.017320 0.021955 0.044016
v 0.017268 0.021884 0.044189
v 0.017291 0.021804 0.044366
v 0.017417 0.021899 0.043808
v 0.017258 0.021729 0.043846
v 0.017191 0.021601 0.043977
v 0.017195 0.021451 0.044101
v 0.017229 0.021424 0.043292
v 0.017102 0.021344 0.043415
v 0.017037 0.021223 0.043554
v 0.017045 0.021080 0.043687
v 0.016567 0.020610 0.041829
v 0.016340 0.020604 0.041283
v 0.016252 0.020499 0.041296
v 0.016643 0.020524 0.042505
v 0.016911 0.020949 0.042958
v 0.016699 0.020660 0.042436
v 0.017022 0.021045 0.042857
v 0.016798 0.020765 0.042361
v 0.016476 0.020502 0.041873
v 0.016420 0.020368 0.041908
v 0.016194 0.020376 0.041296
v 0.016226 0.020221 0.041437
v 0.016169 0.020242 0.041281
v 0.016636 0.020372 0.042564
v 0.016009 0.020245 0.040843
v 0.016033 0.020427 0.040805
v 0.016076 0.020522 0.040775
v 0.016138 0.020604 0.040739
v 0.023439 -0.010009 0.061257
v 0.023515 -0.010820 0.061466
v 0.023720 -0.011412 0.062028
v 0.023998 -0.011625 0.062792
v 0.024276 -0.011403 0.063555
v 0.024478 -0.010805 0.064110
v 0.024551 -0.009991 0.064311
v 0.024475 -0.009180 0.064102
v 0.024270 -0.008588 0.063540
v 0.023992 -0.008375 0.062776
v 0.023715 -0.008597 0.062013
v 0.023512 -0.009195 0.061457
v 0.023439 0.009991 0.061257
v 0.023515 0.009180 0.061466
v 0.023720 0.008588 0.062028
v 0.023998 0.008375 0.062792
v 0.024276 0.008597 0.063555
v 0.024478 0.009195 0.064110
v 0.024551 0.010009 0.064311
v 0.024475 0.010820 0.064102
v 0.024270 0.011412 0.063540
v 0.023992 0.011625 0.062776
v 0.023715 0.011403 0.062013
v 0.023512 0.010805 0.061457
v 0.033502 0.025547 0.040500
v 0.033680 0.025593 0.041500
v 0.033502 0.022453 0.040500
v 0.033680 0.022407 0.041500
v 0.034230 0.022391 0.041500
v 0.034230 0.025609 0.041500
v 0.035444 0.023255 0.041500
v 0.034942 0.022676 0.041500
v 0.035625 0.024000 0.041500
v 0.035444 0.024745 0.041500
v 0.034942 0.025324 0.041500
v 0.034230 0.025609 0.040500
v 0.034230 0.022391 0.040500
v 0.035444 0.024745 0.040500
v 0.034942 0.025324 0.040500
v 0.035444 0.023255 0.040500
v 0.035625 0.024000 0.040500
v 0.034942 0.022676 0.040500
v 0.035420 -0.024790 0.041500
v 0.034835 -0.025394 0.041500
v 0.034000 -0.024000 0.041500
v 0.034026 -0.025625 0.041500
v 0.033210 -0.025420 0.041500
v 0.034790 -0.022580 0.041500
v 0.035394 -0.023165 0.041500
v 0.035625 -0.023974 0.041500
v 0.032580 -0.023210 0.041500
v 0.033165 -0.022606 0.041500
v 0.033974 -0.022375 0.041500
v 0.032606 -0.024835 0.041500
v 0.032375 -0.024026 0.041500
v 0.032606 -0.024835 0.040500
v 0.033210 -0.025420 0.040500
v 0.034000 -0.024000 0.040500
v 0.034026 -0.025625 0.040500
v 0.034835 -0.025394 0.040500
v 0.033165 -0.022606 0.040500
v 0.032580 -0.023210 0.040500
v 0.032375 -0.024026 0.040500
v 0.035394 -0.023165 0.040500
v 0.034790 -0.022580 0.040500
v 0.033974 -0.022375 0.040500
v 0.035420 -0.024790 0.040500
v 0.035625 -0.023974 0.040500
v 0.044850 0.029521 0.070487
v 0.045032 0.029521 0.070374
v 0.045171 0.029988 0.070544
v 0.044828 0.029125 0.070438
v 0.044999 0.029125 0.070333
v 0.044596 0.029521 0.070552
v 0.044591 0.029125 0.070499
v 0.044443 0.029125 0.070498
v 0.044335 0.029521 0.070533
v 0.044347 0.029125 0.070481
v 0.044283 0.029988 0.070746
v 0.044029 0.029988 0.070647
v 0.044135 0.029521 0.070455
v 0.044197 0.030352 0.071101
v 0.043852 0.030352 0.070966
v 0.044087 0.030572 0.071554
v 0.043626 0.030572 0.071375
v 0.043994 0.030625 0.071939
v 0.043434 0.030625 0.071721
v 0.044690 0.030572 0.071599
v 0.044726 0.030625 0.071993
v 0.044972 0.030574 0.071560
v 0.044937 0.030625 0.071964
v 0.045086 0.030352 0.071021
v 0.045105 0.030366 0.071035
v 0.044648 0.030352 0.071134
v 0.044985 0.030552 0.071478
v 0.044616 0.029988 0.070771
v 0.044939 0.029988 0.070687
v 0.045265 0.030166 0.070659
v 0.044161 0.029125 0.070409
v 0.034943 0.029125 0.043562
v 0.034813 0.029125 0.043635
v 0.034783 0.029521 0.043591
v 0.033956 0.030625 0.042404
v 0.034137 0.030625 0.042290
v 0.034182 0.030572 0.042729
v 0.034393 0.030584 0.042551
v 0.033511 0.030572 0.043585
v 0.033142 0.030625 0.043443
v 0.033430 0.030625 0.042916
v 0.033749 0.030572 0.043150
v 0.034125 0.030352 0.043427
v 0.033947 0.030352 0.043752
v 0.034418 0.029988 0.043643
v 0.034287 0.029988 0.043883
v 0.034595 0.029521 0.043774
v 0.034492 0.029521 0.043962
v 0.034638 0.029125 0.043805
v 0.034542 0.029125 0.043981
v 0.035232 0.029521 0.043447
v 0.035232 0.029125 0.043500
v 0.035034 0.029125 0.043529
v 0.034799 0.030401 0.042857
v 0.035227 0.030166 0.043080
v 0.034857 0.030352 0.042917
v 0.035229 0.029988 0.043227
v 0.034958 0.029988 0.043267
v 0.035019 0.029521 0.043478
v 0.034460 0.030561 0.042610
v 0.034449 0.030352 0.043112
v 0.034657 0.029988 0.043411
v 0.043466 0.029125 0.070080
v 0.043446 0.029521 0.070129
v 0.043365 0.029988 0.070334
v 0.043231 0.030352 0.070673
v 0.043059 0.030572 0.071106
v 0.042913 0.030625 0.071474
v 0.034221 0.029125 0.044679
v 0.034174 0.029521 0.044654
v 0.033981 0.029988 0.044550
v 0.033660 0.030352 0.044376
v 0.033249 0.030572 0.044155
v 0.032901 0.030625 0.043967
v 0.035163 0.024375 0.072141
v 0.035035 0.024750 0.071789
v 0.035391 0.024750 0.071750
v 0.035341 0.024375 0.072122
v 0.035724 0.024750 0.071880
v 0.035507 0.024375 0.072187
v 0.035958 0.024750 0.072150
v 0.035625 0.024375 0.072322
v 0.036041 0.024750 0.072498
v 0.035666 0.024375 0.072496
v 0.035954 0.024750 0.072845
v 0.035623 0.024375 0.072669
v 0.039872 0.033250 0.076625
v 0.039564 0.033625 0.076840
v 0.040169 0.033250 0.076950
v 0.039928 0.033625 0.077237
v 0.040541 0.033250 0.077187
v 0.040382 0.033625 0.077527
v 0.040961 0.033250 0.077319
v 0.040896 0.033625 0.077689
v 0.041401 0.033250 0.077339
v 0.041434 0.033625 0.077712
v 0.041831 0.033250 0.077243
v 0.041959 0.033625 0.077596
v 0.042222 0.033250 0.077040
v 0.042437 0.033625 0.077347
v 0.042547 0.033250 0.076742
v 0.042834 0.033625 0.076983
v 0.042783 0.033250 0.076371
v 0.043123 0.033625 0.076529
v 0.042916 0.033250 0.075950
v 0.043285 0.033625 0.076016
v 0.042935 0.033250 0.075510
v 0.043309 0.033625 0.075478
v 0.042840 0.033250 0.075080
v 0.043192 0.033625 0.074952
v 0.042636 0.033250 0.074690
v 0.042943 0.033625 0.074474
v 0.042339 0.033250 0.074365
v 0.042580 0.033625 0.074077
v 0.041967 0.033250 0.074128
v 0.042126 0.033625 0.073788
v 0.041547 0.033250 0.073996
v 0.041612 0.033625 0.073626
v 0.041107 0.033250 0.073976
v 0.041074 0.033625 0.073603
v 0.040677 0.033250 0.074072
v 0.040549 0.033625 0.073719
v 0.040286 0.033250 0.074275
v 0.040071 0.033625 0.073968
v 0.039961 0.033250 0.074573
v 0.039674 0.033625 0.074332
v 0.039725 0.033250 0.074944
v 0.039385 0.033625 0.074786
v 0.039592 0.033250 0.075364
v 0.039223 0.033625 0.075299
v 0.039573 0.033250 0.075805
v 0.039199 0.033625 0.075837
v 0.039668 0.033250 0.076235
v 0.039316 0.033625 0.076363
v 0.043639 0.024750 0.068536
v 0.043641 0.035950 0.068533
v 0.043985 0.024750 0.068064
v 0.043985 0.035950 0.068064
v 0.043138 0.029554 0.068839
v 0.043138 0.035950 0.068839
v 0.043241 0.029373 0.068798
v 0.043370 0.029125 0.068732
v 0.043370 0.024750 0.068732
v 0.043604 0.024375 0.069731
v 0.043466 0.024750 0.070080
v 0.043191 0.024750 0.069891
v 0.043466 0.024375 0.069637
v 0.043025 0.024750 0.069601
v 0.043384 0.024375 0.069492
v 0.043001 0.024750 0.069268
v 0.043372 0.024375 0.069326
v 0.043124 0.024750 0.068958
v 0.043433 0.024375 0.069170
v 0.043556 0.024375 0.069057
v 0.035421 0.029677 0.071648
v 0.035436 0.029521 0.071703
v 0.035302 0.029517 0.071691
v 0.035788 0.030085 0.071514
v 0.035795 0.029988 0.071603
v 0.035685 0.029983 0.071552
v 0.035181 0.029343 0.071735
v 0.035724 0.029125 0.071880
v 0.035661 0.029125 0.071841
v 0.035687 0.029521 0.071794
v 0.035427 0.029125 0.071756
v 0.035854 0.029125 0.071997
v 0.035894 0.029521 0.071962
v 0.035958 0.029125 0.072150
v 0.036034 0.029521 0.072188
v 0.035985 0.029125 0.072208
v 0.036093 0.029521 0.072448
v 0.036040 0.029125 0.072451
v 0.036064 0.029521 0.072712
v 0.036013 0.029125 0.072698
v 0.036276 0.029988 0.072772
v 0.036195 0.029988 0.072973
v 0.036001 0.029521 0.072870
v 0.036626 0.030352 0.072871
v 0.036517 0.030352 0.073144
v 0.037075 0.030572 0.072999
v 0.036929 0.030572 0.073363
v 0.037456 0.030625 0.073106
v 0.037279 0.030625 0.073548
v 0.037143 0.030572 0.072388
v 0.037538 0.030625 0.072365
v 0.037006 0.030572 0.071788
v 0.037372 0.030625 0.071638
v 0.036681 0.030572 0.071266
v 0.037028 0.030625 0.071063
v 0.036332 0.030352 0.071575
v 0.036193 0.030388 0.071367
v 0.036596 0.030562 0.071220
v 0.036058 0.029988 0.071817
v 0.035178 0.029125 0.071752
v 0.035035 0.029125 0.071789
v 0.036677 0.030352 0.072414
v 0.036575 0.030352 0.071966
v 0.036313 0.029988 0.072435
v 0.036237 0.029988 0.072104
v 0.035954 0.029125 0.072845
v 0.043060 0.029521 0.068958
v 0.042824 0.029974 0.068954
v 0.042750 0.029988 0.069134
v 0.042672 0.030127 0.069009
v 0.042358 0.030352 0.069472
v 0.042301 0.030400 0.069144
v 0.042117 0.030493 0.069211
v 0.041497 0.030625 0.069527
v 0.041493 0.030625 0.069438
v 0.041716 0.030608 0.069357
v 0.041892 0.030572 0.069502
v 0.042017 0.030572 0.070062
v 0.041648 0.030625 0.070206
v 0.042307 0.030572 0.070556
v 0.042000 0.030625 0.070807
v 0.042734 0.030572 0.070939
v 0.042518 0.030625 0.071271
v 0.043334 0.029125 0.070012
v 0.042941 0.029521 0.069434
v 0.043044 0.029125 0.069657
v 0.042995 0.029521 0.069677
v 0.043162 0.029125 0.069857
v 0.043120 0.029521 0.069891
v 0.043305 0.029521 0.070057
v 0.043257 0.029125 0.068811
v 0.043106 0.029125 0.068987
v 0.043015 0.029125 0.069200
v 0.042963 0.029521 0.069187
v 0.043001 0.029125 0.069268
v 0.042994 0.029125 0.069431
v 0.042988 0.030352 0.070547
v 0.042668 0.030352 0.070261
v 0.042451 0.030352 0.069891
v 0.042722 0.029988 0.069449
v 0.042791 0.029988 0.069757
v 0.042950 0.029988 0.070030
v 0.043186 0.029988 0.070241
v 0.042840 0.030625 0.075080
v 0.042916 0.030625 0.075950
v 0.042547 0.030625 0.076742
v 0.041831 0.030625 0.077243
v 0.040961 0.030625 0.077319
v 0.040169 0.030625 0.076950
v 0.039668 0.030625 0.076235
v 0.039592 0.030625 0.075364
v 0.039961 0.030625 0.074573
v 0.040677 0.030625 0.074072
v 0.041547 0.030625 0.073996
v 0.042339 0.030625 0.074365
v 0.035914 0.035950 0.045890
v 0.035914 0.024750 0.045890
v 0.038633 0.035950 0.047158
v 0.038633 0.024750 0.047158
v 0.045253 0.035950 0.065345
v 0.045253 0.024750 0.065345
v 0.035014 0.029125 0.045774
v 0.035014 0.024750 0.045774
v 0.035346 0.024750 0.045751
v 0.035349 0.035950 0.045751
v 0.034767 0.035950 0.045840
v 0.034767 0.029554 0.045840
v 0.026548 0.024375 0.047737
v 0.026689 0.024750 0.047390
v 0.026979 0.024750 0.047599
v 0.026693 0.024375 0.047842
v 0.027139 0.024750 0.047919
v 0.026773 0.024375 0.048002
v 0.027133 0.024750 0.048277
v 0.026770 0.024375 0.048181
v 0.026961 0.024750 0.048591
v 0.026684 0.024375 0.048338
v 0.026664 0.024750 0.048790
v 0.026536 0.024375 0.048437
v 0.027559 0.033250 0.042796
v 0.027252 0.033625 0.043012
v 0.027857 0.033250 0.043121
v 0.027615 0.033625 0.043408
v 0.028228 0.033250 0.043358
v 0.028070 0.033625 0.043698
v 0.028648 0.033250 0.043490
v 0.028583 0.033625 0.043860
v 0.029088 0.033250 0.043510
v 0.029121 0.033625 0.043883
v 0.029518 0.033250 0.043414
v 0.029647 0.033625 0.043767
v 0.029909 0.033250 0.043211
v 0.030124 0.033625 0.043518
v 0.030234 0.033250 0.042913
v 0.030521 0.033625 0.043154
v 0.030471 0.033250 0.042542
v 0.030810 0.033625 0.042700
v 0.030603 0.033250 0.042122
v 0.030972 0.033625 0.042187
v 0.030622 0.033250 0.041681
v 0.030996 0.033625 0.041649
v 0.030527 0.033250 0.041251
v 0.030879 0.033625 0.041123
v 0.030324 0.033250 0.040861
v 0.030631 0.033625 0.040646
v 0.030026 0.033250 0.040536
v 0.030267 0.033625 0.040249
v 0.029654 0.033250 0.040299
v 0.029813 0.033625 0.039959
v 0.029234 0.033250 0.040167
v 0.029299 0.033625 0.039797
v 0.028794 0.033250 0.040147
v 0.028761 0.033625 0.039774
v 0.028364 0.033250 0.040243
v 0.028236 0.033625 0.039890
v 0.027973 0.033250 0.040446
v 0.027758 0.033625 0.040139
v 0.027649 0.033250 0.040744
v 0.027361 0.033625 0.040503
v 0.027412 0.033250 0.041115
v 0.027072 0.033625 0.040957
v 0.027279 0.033250 0.041535
v 0.026910 0.033625 0.041470
v 0.027260 0.033250 0.041976
v 0.026887 0.033625 0.042008
v 0.027355 0.033250 0.042406
v 0.027003 0.033625 0.042534
v 0.034877 0.029125 0.045786
v 0.034233 0.030187 0.046035
v 0.034145 0.030257 0.046067
v 0.034281 0.029988 0.045864
v 0.034113 0.029521 0.044800
v 0.033903 0.029988 0.044736
v 0.033554 0.030352 0.044629
v 0.033108 0.030572 0.044492
v 0.032730 0.030625 0.044376
v 0.033027 0.030572 0.045060
v 0.032631 0.030625 0.045065
v 0.033123 0.030572 0.045625
v 0.032747 0.030625 0.045751
v 0.033387 0.030572 0.046134
v 0.033068 0.030625 0.046368
v 0.033534 0.030568 0.046289
v 0.033122 0.030625 0.046439
v 0.033763 0.030352 0.045857
v 0.034013 0.030350 0.046115
v 0.033754 0.030490 0.046209
v 0.034057 0.029988 0.045641
v 0.034410 0.029521 0.045686
v 0.034631 0.029521 0.045799
v 0.034592 0.029810 0.045904
v 0.034648 0.029125 0.045748
v 0.034234 0.029521 0.045511
v 0.034441 0.029125 0.045643
v 0.034164 0.029125 0.044816
v 0.034131 0.029125 0.045045
v 0.034078 0.029521 0.045046
v 0.034170 0.029125 0.045274
v 0.034119 0.029521 0.045291
v 0.034191 0.029125 0.045330
v 0.034276 0.029125 0.045480
v 0.033493 0.030352 0.045054
v 0.033565 0.030352 0.045477
v 0.033858 0.029988 0.045049
v 0.033911 0.029988 0.045361
v 0.026929 0.029514 0.048693
v 0.027026 0.029521 0.048597
v 0.027083 0.029719 0.048637
v 0.026664 0.029125 0.048790
v 0.026797 0.029125 0.048726
v 0.026813 0.029347 0.048736
v 0.026985 0.029125 0.048563
v 0.027139 0.029125 0.047919
v 0.027122 0.029125 0.047858
v 0.027173 0.029521 0.047841
v 0.027009 0.029125 0.047636
v 0.027051 0.029521 0.047605
v 0.026829 0.029125 0.047465
v 0.026859 0.029521 0.047421
v 0.027157 0.029125 0.048104
v 0.027210 0.029521 0.048105
v 0.027133 0.029125 0.048277
v 0.027160 0.029521 0.048366
v 0.027110 0.029125 0.048348
v 0.027140 0.029789 0.048616
v 0.027365 0.029988 0.048443
v 0.027519 0.030175 0.048478
v 0.027430 0.029988 0.048111
v 0.027920 0.030441 0.048333
v 0.028261 0.030572 0.048131
v 0.028339 0.030590 0.048180
v 0.028657 0.030625 0.048064
v 0.028174 0.030572 0.047523
v 0.028552 0.030625 0.047403
v 0.027894 0.030572 0.046976
v 0.028211 0.030625 0.046739
v 0.027449 0.030572 0.046551
v 0.027672 0.030625 0.046224
v 0.026689 0.029125 0.047390
v 0.026709 0.029521 0.047340
v 0.026791 0.029988 0.047137
v 0.027795 0.030352 0.048120
v 0.027730 0.030352 0.047664
v 0.027520 0.030352 0.047255
v 0.027187 0.030352 0.046937
v 0.027103 0.030572 0.046366
v 0.027252 0.030625 0.045999
v 0.027382 0.029988 0.047775
v 0.027227 0.029988 0.047473
v 0.026982 0.029988 0.047239
v 0.026928 0.030352 0.046799
v 0.030527 0.030625 0.041251
v 0.030603 0.030625 0.042122
v 0.030234 0.030625 0.042913
v 0.029518 0.030625 0.043414
v 0.028648 0.030625 0.043490
v 0.027857 0.030625 0.043121
v 0.027355 0.030625 0.042406
v 0.027279 0.030625 0.041535
v 0.027649 0.030625 0.040744
v 0.028364 0.030625 0.040243
v 0.029234 0.030625 0.040167
v 0.030026 0.030625 0.040536
v 0.026658 0.024750 0.048792
v 0.026658 0.035950 0.048792
v 0.023601 0.035950 0.051111
v 0.023601 0.024750 0.051111
v 0.024321 0.035950 0.050339
v 0.024321 0.024750 0.050339
v 0.025398 0.035950 0.049427
v 0.025842 0.035950 0.049160
v 0.025868 0.036346 0.049207
v 0.026512 0.037450 0.050504
v 0.025911 0.037450 0.050906
v 0.026402 0.037416 0.050202
v 0.025665 0.037397 0.050596
v 0.026517 0.037141 0.049482
v 0.026393 0.037247 0.049716
v 0.026147 0.037177 0.049720
v 0.026357 0.037343 0.049955
v 0.026370 0.037397 0.050130
v 0.026599 0.037102 0.049393
v 0.025972 0.036813 0.049399
v 0.026682 0.037076 0.049327
v 0.026825 0.037057 0.049251
v 0.026751 0.036813 0.049048
v 0.026702 0.036558 0.048913
v 0.026676 0.036346 0.048842
v 0.024979 0.035950 0.049731
v 0.024360 0.036346 0.050375
v 0.025012 0.036346 0.049773
v 0.024468 0.036700 0.050476
v 0.025148 0.036813 0.049945
v 0.024521 0.036813 0.050525
v 0.025375 0.037177 0.050231
v 0.024788 0.037177 0.050773
v 0.024870 0.037249 0.050850
v 0.025129 0.037397 0.051092
v 0.025418 0.037450 0.051361
v 0.032245 0.035950 0.072108
v 0.032245 0.024750 0.072108
v 0.031196 0.035950 0.071979
v 0.031196 0.024750 0.071979
v 0.033655 0.035950 0.072114
v 0.033138 0.035950 0.072151
v 0.033137 0.036346 0.072097
v 0.034218 0.037254 0.071245
v 0.034041 0.037177 0.071409
v 0.034022 0.037359 0.071056
v 0.033948 0.037397 0.070951
v 0.033926 0.037416 0.070875
v 0.034642 0.037090 0.071369
v 0.034113 0.036813 0.071766
v 0.034431 0.037158 0.071341
v 0.034314 0.037208 0.071298
v 0.032428 0.037450 0.070619
v 0.033098 0.037450 0.070651
v 0.032379 0.037397 0.071012
v 0.033109 0.037397 0.071047
v 0.032336 0.037249 0.071364
v 0.033121 0.037177 0.071513
v 0.032322 0.037177 0.071475
v 0.033131 0.036813 0.071878
v 0.032278 0.036813 0.071837
v 0.032269 0.036700 0.071909
v 0.032251 0.036346 0.072055
v 0.035029 0.035950 0.071791
v 0.034167 0.035950 0.072033
v 0.035010 0.036346 0.071741
v 0.034157 0.036346 0.071981
v 0.034985 0.036558 0.071670
v 0.034935 0.036813 0.071535
v 0.034862 0.037057 0.071332
v 0.033817 0.037450 0.070574
v 0.035029 0.024750 0.071791
v 0.043311 0.037450 0.065959
v 0.043893 0.037450 0.064711
v 0.044413 0.037336 0.064953
v 0.043589 0.037336 0.066722
v 0.044854 0.037011 0.065159
v 0.043793 0.037071 0.067284
v 0.043881 0.036524 0.068015
v 0.043722 0.036836 0.067941
v 0.043768 0.036827 0.067857
v 0.043838 0.036902 0.067573
v 0.045149 0.036524 0.065296
v 0.043818 0.036848 0.067715
v 0.043921 0.036404 0.068034
v 0.039409 0.024750 0.048005
v 0.039409 0.035950 0.048005
v 0.039103 0.035950 0.047502
v 0.039105 0.024750 0.047504
v 0.045392 0.035950 0.064780
v 0.045392 0.024750 0.064776
v 0.045303 0.035950 0.064198
v 0.045303 0.024750 0.064198
v 0.035927 0.036830 0.046211
v 0.035792 0.036836 0.046153
v 0.035866 0.036524 0.045994
v 0.036046 0.036862 0.046293
v 0.038585 0.036524 0.047262
v 0.036230 0.037011 0.046522
v 0.038448 0.037011 0.047556
v 0.036269 0.037071 0.046611
v 0.036473 0.037336 0.047173
v 0.038242 0.037336 0.047997
v 0.037999 0.037450 0.048518
v 0.036751 0.037450 0.047936
v 0.035885 0.036404 0.045954
v 0.025398 0.024750 0.049427
v 0.022664 0.035950 0.055719
v 0.023022 0.035950 0.056703
v 0.022895 0.035039 0.056354
v 0.022781 0.024750 0.056043
v 0.022664 0.024750 0.055719
v 0.022781 0.032950 0.056043
v 0.022806 0.033931 0.056110
v 0.027158 0.035950 0.068068
v 0.027516 0.035950 0.069052
v 0.027285 0.035039 0.068417
v 0.027374 0.033931 0.068661
v 0.027398 0.032950 0.068728
v 0.027516 0.024750 0.069052
v 0.027398 0.024750 0.068728
v 0.033655 0.024750 0.072114
v 0.035598 0.029125 0.073655
v 0.035648 0.029521 0.073672
v 0.035855 0.029988 0.073746
v 0.036199 0.030352 0.073867
v 0.036639 0.030572 0.074023
v 0.037012 0.030625 0.074155
v 0.045365 0.030625 0.074161
v 0.045717 0.031000 0.074033
v 0.046004 0.031000 0.075604
v 0.045629 0.030625 0.075608
v 0.045753 0.031000 0.077181
v 0.045398 0.030625 0.077061
v 0.044993 0.031000 0.078587
v 0.044698 0.030625 0.078355
v 0.043811 0.031000 0.079660
v 0.043609 0.030625 0.079344
v 0.042340 0.031000 0.080282
v 0.042254 0.030625 0.079917
v 0.040746 0.031000 0.080380
v 0.040786 0.030625 0.080007
v 0.039209 0.031000 0.079945
v 0.039370 0.030625 0.079606
v 0.037904 0.031000 0.079025
v 0.038168 0.030625 0.078759
v 0.036977 0.031000 0.077724
v 0.037315 0.030625 0.077561
v 0.036824 0.033625 0.076724
v 0.036459 0.033625 0.076850
v 0.036977 0.033625 0.077724
v 0.038122 0.033625 0.076252
v 0.046004 0.033625 0.075604
v 0.045717 0.033625 0.074033
v 0.044934 0.033625 0.073773
v 0.045673 0.033625 0.073911
v 0.045545 0.033625 0.073516
v 0.042340 0.033625 0.080282
v 0.043811 0.033625 0.079660
v 0.044035 0.033625 0.074100
v 0.044993 0.033625 0.078587
v 0.045753 0.033625 0.077181
v 0.038132 0.033625 0.075015
v 0.038642 0.033625 0.073830
v 0.039580 0.033625 0.072945
v 0.040792 0.033625 0.072504
v 0.042080 0.033625 0.072579
v 0.040746 0.033625 0.080380
v 0.039209 0.033625 0.079945
v 0.037904 0.033625 0.079025
v 0.043232 0.033625 0.073158
v 0.044962 0.030625 0.072427
v 0.045321 0.030625 0.074039
v 0.035924 0.030625 0.075403
v 0.036415 0.030625 0.075059
v 0.035724 0.030625 0.075494
v 0.036531 0.030625 0.076325
v 0.036798 0.030625 0.074598
v 0.045673 0.031000 0.073911
v 0.045966 0.029125 0.069133
v 0.045595 0.029673 0.069885
v 0.045548 0.029125 0.069780
v 0.044161 0.024750 0.070409
v 0.044342 0.024375 0.070080
v 0.034947 0.024375 0.045405
v 0.034680 0.024750 0.045758
v 0.034781 0.024375 0.045397
v 0.034387 0.024750 0.045600
v 0.034634 0.024375 0.045318
v 0.034191 0.024750 0.045330
v 0.034536 0.024375 0.045183
v 0.034131 0.024750 0.045001
v 0.034506 0.024375 0.045018
v 0.034221 0.024750 0.044679
v 0.034551 0.024375 0.044857
v 0.035362 0.024375 0.045377
v 0.036073 0.024375 0.045551
v 0.038792 0.024375 0.046818
v 0.039382 0.024375 0.047251
v 0.039761 0.024375 0.047876
v 0.045655 0.024375 0.064070
v 0.045766 0.024375 0.064793
v 0.045592 0.024375 0.065503
v 0.044325 0.024375 0.068222
v 0.043892 0.024375 0.068812
v 0.034542 0.024750 0.043981
v 0.034892 0.024375 0.044116
v 0.033097 0.030625 0.040454
v 0.033052 0.030625 0.040332
v 0.033449 0.031000 0.040326
v 0.033405 0.031000 0.040204
v 0.036008 0.029125 0.043571
v 0.035977 0.029673 0.043460
v 0.036745 0.029125 0.043797
v 0.024700 0.030625 0.042903
v 0.024337 0.031000 0.042995
v 0.024210 0.031000 0.041403
v 0.024584 0.030625 0.041436
v 0.024619 0.031000 0.039859
v 0.024960 0.030625 0.040014
v 0.025516 0.031000 0.038537
v 0.025787 0.030625 0.038797
v 0.026801 0.031000 0.037588
v 0.026970 0.030625 0.037923
v 0.028327 0.031000 0.037118
v 0.028376 0.030625 0.037490
v 0.029923 0.031000 0.037181
v 0.029845 0.030625 0.037548
v 0.031408 0.031000 0.037769
v 0.031213 0.030625 0.038090
v 0.032614 0.031000 0.038816
v 0.032324 0.030625 0.039054
v 0.024337 0.033625 0.042995
v 0.024502 0.033625 0.043997
v 0.024862 0.033625 0.043859
v 0.026160 0.033625 0.043386
v 0.032972 0.033625 0.040907
v 0.031408 0.033625 0.037769
v 0.032073 0.033625 0.041234
v 0.029923 0.033625 0.037181
v 0.032614 0.033625 0.038816
v 0.033405 0.033625 0.040204
v 0.033449 0.033625 0.040326
v 0.033605 0.033625 0.040711
v 0.026801 0.033625 0.037588
v 0.025516 0.033625 0.038537
v 0.024619 0.033625 0.039859
v 0.024210 0.033625 0.041403
v 0.030615 0.033625 0.044541
v 0.031553 0.033625 0.043656
v 0.028327 0.033625 0.037118
v 0.026963 0.033625 0.044328
v 0.028115 0.033625 0.044907
v 0.029403 0.033625 0.044982
v 0.032063 0.033625 0.042471
v 0.025896 0.029125 0.046998
v 0.025923 0.029521 0.046952
v 0.026034 0.029988 0.046763
v 0.026220 0.030352 0.046449
v 0.026456 0.030572 0.046047
v 0.026657 0.030625 0.045706
v 0.026209 0.030625 0.045504
v 0.025619 0.030625 0.045397
v 0.033858 0.030625 0.041920
v 0.024894 0.030625 0.044353
v 0.025022 0.030625 0.045449
v 0.024810 0.030625 0.045508
v 0.035483 0.036917 0.046122
v 0.035307 0.036983 0.046163
v 0.034811 0.036558 0.045961
v 0.035261 0.037001 0.046180
v 0.034934 0.037057 0.046298
v 0.035390 0.036511 0.045863
v 0.035693 0.036857 0.046129
v 0.035546 0.036897 0.046117
v 0.031819 0.037057 0.047432
v 0.031322 0.036959 0.047510
v 0.030803 0.036955 0.047695
v 0.026850 0.037057 0.049241
v 0.030339 0.037057 0.047971
v 0.023088 0.035950 0.051777
v 0.022891 0.024750 0.052120
v 0.022891 0.035950 0.052120
v 0.022623 0.035950 0.052758
v 0.022482 0.024750 0.053283
v 0.022482 0.035950 0.053283
v 0.022406 0.035950 0.053822
v 0.022405 0.024750 0.054514
v 0.022451 0.035950 0.054907
v 0.022405 0.035950 0.054514
v 0.023640 0.036346 0.051148
v 0.023748 0.036700 0.051249
v 0.023800 0.036813 0.051297
v 0.024067 0.037177 0.051546
v 0.024149 0.037249 0.051623
v 0.024408 0.037397 0.051864
v 0.024698 0.037450 0.052134
v 0.027876 0.035950 0.069811
v 0.028093 0.024750 0.070142
v 0.028093 0.035950 0.070142
v 0.028539 0.035950 0.070671
v 0.028943 0.024750 0.071034
v 0.028943 0.035950 0.071034
v 0.029389 0.035950 0.071347
v 0.030004 0.024750 0.071662
v 0.030376 0.035950 0.071799
v 0.030004 0.035950 0.071662
v 0.031379 0.037450 0.070490
v 0.031331 0.037397 0.070883
v 0.031287 0.037249 0.071235
v 0.031274 0.037177 0.071346
v 0.031229 0.036813 0.071708
v 0.031220 0.036700 0.071780
v 0.031202 0.036346 0.071926
v 0.038376 0.037057 0.070054
v 0.034888 0.037057 0.071323
v 0.038910 0.036955 0.069967
v 0.039426 0.036959 0.069775
v 0.043094 0.036558 0.068718
v 0.039856 0.037057 0.069515
v 0.042972 0.037057 0.068381
v 0.043601 0.036511 0.068422
v 0.043345 0.036983 0.068245
v 0.043506 0.036917 0.068164
v 0.043565 0.036894 0.068119
v 0.043021 0.037055 0.068363
v 0.045270 0.036483 0.064445
v 0.045194 0.036527 0.064237
v 0.045377 0.036171 0.064738
v 0.045222 0.036358 0.065275
v 0.045143 0.036704 0.065058
v 0.045114 0.036700 0.064267
v 0.044885 0.037016 0.064350
v 0.045025 0.036935 0.064733
v 0.044598 0.037249 0.064454
v 0.044605 0.037234 0.065018
v 0.044423 0.037340 0.064518
v 0.045334 0.036358 0.064621
v 0.039300 0.036527 0.048044
v 0.039225 0.036483 0.047837
v 0.039118 0.036171 0.047543
v 0.038348 0.037234 0.047825
v 0.038655 0.036358 0.047231
v 0.038734 0.036704 0.047449
v 0.038852 0.036935 0.047773
v 0.038530 0.037340 0.048325
v 0.038704 0.037249 0.048261
v 0.038991 0.037016 0.048157
v 0.039220 0.036700 0.048073
v 0.039161 0.036358 0.047661
v 0.022429 0.024375 0.056171
v 0.022915 0.024750 0.056910
v 0.022540 0.024375 0.056894
v 0.022706 0.024750 0.057763
v 0.022366 0.024375 0.057605
v 0.022187 0.024750 0.058471
v 0.021934 0.024375 0.058195
v 0.021436 0.024750 0.058926
v 0.021308 0.024375 0.058574
v 0.022311 0.024375 0.055847
v 0.022031 0.024375 0.054542
v 0.022115 0.024375 0.053208
v 0.022558 0.024375 0.051948
v 0.023326 0.024375 0.050856
v 0.024047 0.024375 0.050083
v 0.025191 0.024375 0.049114
v 0.026529 0.024375 0.048440
v 0.025896 0.024750 0.046998
v 0.025706 0.024375 0.047321
v 0.015798 0.024750 0.060979
v 0.015670 0.024375 0.060626
v 0.021436 0.032950 0.058926
v 0.021967 0.032950 0.058648
v 0.022187 0.032950 0.058471
v 0.022512 0.032950 0.058099
v 0.022706 0.032950 0.057763
v 0.022839 0.032950 0.057398
v 0.022915 0.032950 0.056910
v 0.022909 0.032950 0.056628
v 0.025083 0.033616 0.067210
v 0.024498 0.033604 0.067339
v 0.024439 0.034343 0.067176
v 0.024515 0.032950 0.067384
v 0.025100 0.032950 0.067256
v 0.025382 0.032950 0.067250
v 0.025870 0.032950 0.067326
v 0.025852 0.033663 0.067277
v 0.026235 0.032950 0.067459
v 0.026552 0.033743 0.067598
v 0.026572 0.032950 0.067653
v 0.026943 0.032950 0.067978
v 0.027098 0.033845 0.068136
v 0.027120 0.032950 0.068198
v 0.027017 0.034856 0.067914
v 0.026901 0.035686 0.067595
v 0.026480 0.034639 0.067401
v 0.025695 0.035132 0.066845
v 0.026051 0.035243 0.066954
v 0.026377 0.035375 0.067118
v 0.024354 0.034950 0.066943
v 0.024937 0.034985 0.066807
v 0.025023 0.034368 0.067044
v 0.025788 0.034470 0.067099
v 0.026326 0.037409 0.062692
v 0.026499 0.037450 0.061872
v 0.026440 0.037415 0.062726
v 0.026830 0.036113 0.067278
v 0.027027 0.036278 0.067602
v 0.026161 0.036149 0.066345
v 0.026580 0.035925 0.067032
v 0.026268 0.035762 0.066819
v 0.026451 0.036282 0.066506
v 0.026376 0.036616 0.065874
v 0.026760 0.037024 0.065649
v 0.026809 0.036888 0.066146
v 0.026843 0.036793 0.066444
v 0.026901 0.036628 0.066886
v 0.026951 0.036487 0.067207
v 0.026162 0.037285 0.063496
v 0.026388 0.037312 0.063568
v 0.026018 0.037080 0.064270
v 0.026354 0.037141 0.064383
v 0.025908 0.036801 0.064994
v 0.026346 0.036908 0.065155
v 0.025842 0.036451 0.065653
v 0.026733 0.037096 0.065343
v 0.026667 0.037253 0.064507
v 0.026661 0.037266 0.064419
v 0.026553 0.037428 0.062761
v 0.025673 0.037074 0.064173
v 0.025444 0.036786 0.064871
v 0.025086 0.036946 0.064588
v 0.025330 0.037121 0.064096
v 0.025446 0.037188 0.063867
v 0.025932 0.037283 0.063430
v 0.025797 0.037338 0.063191
v 0.026097 0.037414 0.062624
v 0.024324 0.035246 0.066783
v 0.024707 0.035512 0.066504
v 0.024552 0.036282 0.065800
v 0.024631 0.036423 0.065597
v 0.024792 0.036016 0.066038
v 0.024335 0.035555 0.066565
v 0.024351 0.035670 0.066469
v 0.024462 0.036081 0.066054
v 0.024690 0.036514 0.065455
v 0.025139 0.035987 0.066058
v 0.025105 0.035508 0.066494
v 0.025511 0.035548 0.066543
v 0.025492 0.035999 0.066116
v 0.025259 0.036418 0.065510
v 0.024956 0.036830 0.064861
v 0.025837 0.036053 0.066213
v 0.025906 0.035634 0.066653
v 0.025774 0.037408 0.061456
v 0.025708 0.037414 0.061555
v 0.023365 0.036149 0.058664
v 0.023484 0.036282 0.058354
v 0.023833 0.036616 0.058887
v 0.023556 0.036444 0.058054
v 0.023454 0.036522 0.057560
v 0.023990 0.036888 0.058400
v 0.023249 0.036313 0.057198
v 0.023278 0.036113 0.057519
v 0.023129 0.035686 0.057231
v 0.021676 0.035245 0.059509
v 0.021597 0.034950 0.059367
v 0.022130 0.034985 0.059097
v 0.022460 0.035508 0.059229
v 0.023000 0.035999 0.059269
v 0.022767 0.035987 0.059541
v 0.023566 0.036451 0.059399
v 0.021856 0.035605 0.059696
v 0.021825 0.035555 0.059669
v 0.022149 0.035512 0.059477
v 0.022251 0.036081 0.059979
v 0.025840 0.037409 0.061357
v 0.025197 0.037285 0.060845
v 0.025064 0.037283 0.061044
v 0.024590 0.037080 0.060345
v 0.024387 0.037074 0.060641
v 0.024040 0.036801 0.059862
v 0.023764 0.036786 0.060254
v 0.023211 0.036418 0.059883
v 0.022468 0.036270 0.060107
v 0.023244 0.035925 0.057868
v 0.023142 0.035762 0.058232
v 0.023034 0.035375 0.057932
v 0.022972 0.035634 0.058592
v 0.022890 0.035243 0.058268
v 0.022687 0.035132 0.058580
v 0.023202 0.036053 0.058973
v 0.022740 0.035548 0.058930
v 0.024309 0.037041 0.058867
v 0.024272 0.036908 0.059456
v 0.024447 0.037096 0.059064
v 0.024774 0.037141 0.060043
v 0.024934 0.037253 0.059746
v 0.025324 0.037312 0.060645
v 0.025445 0.037363 0.060447
v 0.025595 0.037386 0.060652
v 0.024735 0.037266 0.061158
v 0.024406 0.037187 0.061020
v 0.023464 0.036860 0.060607
v 0.022676 0.036424 0.060221
v 0.025969 0.037428 0.061157
v 0.022859 0.033743 0.057453
v 0.022932 0.033845 0.056689
v 0.022530 0.033663 0.058148
v 0.021984 0.033616 0.058694
v 0.022044 0.034368 0.058860
v 0.021512 0.034343 0.059134
v 0.021453 0.033604 0.058971
v 0.022595 0.034470 0.058326
v 0.023013 0.034856 0.056912
v 0.022931 0.034639 0.057650
v 0.026943 0.024750 0.067978
v 0.026235 0.024750 0.067459
v 0.025382 0.024750 0.067250
v 0.024515 0.024750 0.067384
v 0.035598 0.024750 0.073655
v 0.035245 0.024375 0.073529
v 0.035157 0.024375 0.072143
v 0.033698 0.024375 0.072487
v 0.032199 0.024375 0.072480
v 0.031150 0.024375 0.072351
v 0.029859 0.024375 0.072008
v 0.028710 0.024375 0.071328
v 0.027788 0.024375 0.070361
v 0.027164 0.024375 0.069180
v 0.027046 0.024375 0.068857
v 0.024643 0.024375 0.067736
v 0.025366 0.024375 0.067625
v 0.026077 0.024375 0.067799
v 0.026667 0.024375 0.068231
v 0.018876 0.024750 0.069436
v 0.019005 0.024375 0.069788
v 0.035399 0.024750 0.073956
v 0.035145 0.024375 0.073680
v 0.035083 0.024750 0.074129
v 0.034987 0.024375 0.073767
v 0.035742 0.030572 0.075052
v 0.036463 0.030572 0.074388
v 0.036067 0.030352 0.074140
v 0.035758 0.029988 0.073947
v 0.035572 0.029521 0.073830
v 0.035527 0.029125 0.073802
v 0.035101 0.029581 0.074198
v 0.035083 0.029125 0.074129
v 0.035235 0.029125 0.074071
v 0.035387 0.030594 0.075284
v 0.035280 0.030437 0.074877
v 0.035528 0.030352 0.074637
v 0.035169 0.030076 0.074458
v 0.035361 0.029988 0.074313
v 0.035260 0.029521 0.074118
v 0.036147 0.030572 0.074768
v 0.035831 0.030352 0.074425
v 0.035584 0.029988 0.074157
v 0.035435 0.029521 0.073995
v 0.035399 0.029125 0.073956
v 0.035480 0.031000 0.075779
v 0.036240 0.031000 0.076561
v 0.035145 0.030961 0.075512
v 0.034773 0.030848 0.075257
v 0.034306 0.030633 0.074991
v 0.034611 0.030369 0.074914
v 0.034771 0.030428 0.074979
v 0.035034 0.030512 0.075098
v 0.035004 0.030926 0.075411
v 0.032165 0.029125 0.074363
v 0.032961 0.029568 0.074470
v 0.033111 0.029852 0.074534
v 0.032989 0.029584 0.074475
v 0.033590 0.030194 0.074682
v 0.033808 0.030012 0.074653
v 0.033926 0.030070 0.074685
v 0.034249 0.030219 0.074783
v 0.038067 0.033687 0.075627
v 0.038129 0.033853 0.075028
v 0.038332 0.034142 0.074385
v 0.038642 0.034480 0.073830
v 0.038668 0.034506 0.073794
v 0.039071 0.034847 0.073335
v 0.040479 0.035234 0.072566
v 0.040163 0.035267 0.072662
v 0.039860 0.035234 0.072791
v 0.039580 0.035144 0.072945
v 0.042080 0.034481 0.072579
v 0.042040 0.034504 0.072568
v 0.041432 0.034848 0.072475
v 0.040792 0.035144 0.072504
v 0.043679 0.033686 0.073588
v 0.043232 0.033858 0.073158
v 0.042672 0.034143 0.072803
v 0.044761 0.024375 0.070043
v 0.044999 0.024750 0.070333
v 0.044737 0.024750 0.070471
v 0.044631 0.024375 0.070112
v 0.044443 0.024750 0.070498
v 0.044483 0.024375 0.070125
v 0.045335 0.031000 0.072393
v 0.045312 0.031000 0.071958
v 0.045460 0.030427 0.070533
v 0.045678 0.029810 0.069792
v 0.045445 0.030472 0.070597
v 0.045377 0.030716 0.070970
v 0.045329 0.030907 0.071391
v 0.045315 0.030973 0.071652
v 0.045318 0.030956 0.071571
v 0.045211 0.024375 0.069599
v 0.041171 0.024375 0.047363
v 0.040764 0.024375 0.046582
v 0.040169 0.024375 0.045932
v 0.039426 0.024375 0.045459
v 0.036707 0.024375 0.044191
v 0.035866 0.024375 0.043926
v 0.035237 0.024375 0.043875
v 0.034971 0.024375 0.043991
v 0.035092 0.024375 0.043906
v 0.047065 0.024375 0.063556
v 0.047255 0.024375 0.064417
v 0.047217 0.024375 0.065297
v 0.046952 0.024375 0.066137
v 0.045684 0.024375 0.068856
v 0.034700 0.024750 0.043731
v 0.034943 0.024750 0.043562
v 0.035232 0.024750 0.043500
v 0.034428 0.031000 0.042054
v 0.034166 0.031000 0.041706
v 0.035457 0.030427 0.043051
v 0.035405 0.030472 0.043011
v 0.035111 0.030718 0.042767
v 0.034780 0.030918 0.042451
v 0.034713 0.030946 0.042380
v 0.036101 0.029810 0.043478
v 0.032129 0.033687 0.041859
v 0.032066 0.033853 0.042458
v 0.031864 0.034142 0.043101
v 0.031553 0.034480 0.043656
v 0.031527 0.034506 0.043692
v 0.031124 0.034847 0.044151
v 0.029716 0.035234 0.044920
v 0.030032 0.035267 0.044824
v 0.030335 0.035234 0.044695
v 0.030615 0.035144 0.044541
v 0.028116 0.034481 0.044907
v 0.028155 0.034504 0.044918
v 0.028764 0.034848 0.045011
v 0.029403 0.035144 0.044982
v 0.026516 0.033686 0.043898
v 0.026963 0.033858 0.044328
v 0.027523 0.034143 0.044683
v 0.025356 0.024375 0.047305
v 0.025196 0.024750 0.046966
v 0.025550 0.024750 0.046895
v 0.025533 0.024375 0.047270
v 0.024519 0.031000 0.044360
v 0.024440 0.031000 0.045447
v 0.024687 0.030594 0.045885
v 0.024355 0.030961 0.045867
v 0.025108 0.030572 0.045835
v 0.025211 0.030352 0.046291
v 0.024867 0.030437 0.046267
v 0.025291 0.029988 0.046647
v 0.025051 0.030076 0.046658
v 0.025339 0.029521 0.046861
v 0.025166 0.029581 0.046902
v 0.025351 0.029125 0.046913
v 0.025196 0.029125 0.046966
v 0.025747 0.029125 0.046931
v 0.025763 0.029521 0.046880
v 0.025831 0.029988 0.046672
v 0.025943 0.030352 0.046325
v 0.026087 0.030572 0.045881
v 0.025601 0.030572 0.045792
v 0.025579 0.030352 0.046258
v 0.025562 0.029988 0.046623
v 0.025552 0.029521 0.046842
v 0.025550 0.029125 0.046895
v 0.023955 0.030072 0.047280
v 0.023883 0.030012 0.047384
v 0.023696 0.030192 0.047504
v 0.024313 0.030926 0.046032
v 0.023438 0.029640 0.047966
v 0.023371 0.029584 0.048047
v 0.023301 0.029698 0.048094
v 0.023610 0.030084 0.047646
v 0.023353 0.029569 0.048068
v 0.023033 0.029304 0.048429
v 0.022811 0.029125 0.048663
v 0.024147 0.030752 0.046553
v 0.024523 0.030504 0.046284
v 0.024086 0.030680 0.046711
v 0.024229 0.030292 0.046848
v 0.024020 0.030125 0.047184
v 0.036269 0.037450 0.046611
v 0.036046 0.037450 0.046293
v 0.035694 0.037450 0.046129
v 0.035307 0.037450 0.046163
v 0.031819 0.037450 0.047432
v 0.030339 0.037450 0.047971
v 0.026850 0.037450 0.049241
v 0.026600 0.037450 0.049392
v 0.026427 0.037450 0.049628
v 0.026357 0.037450 0.049913
v 0.026402 0.037450 0.050202
v 0.024021 0.037397 0.052366
v 0.023318 0.036813 0.051922
v 0.023133 0.036346 0.051805
v 0.022673 0.036346 0.052775
v 0.022459 0.036346 0.053826
v 0.022504 0.036346 0.054898
v 0.023076 0.037011 0.055569
v 0.022920 0.036813 0.055626
v 0.022720 0.036813 0.054863
v 0.022713 0.036346 0.055701
v 0.023080 0.037177 0.054804
v 0.023263 0.037177 0.055501
v 0.023931 0.037450 0.054664
v 0.024073 0.037450 0.055206
v 0.023701 0.037397 0.055342
v 0.024356 0.037450 0.052578
v 0.024046 0.037450 0.053232
v 0.023670 0.037397 0.053107
v 0.023902 0.037450 0.053941
v 0.023507 0.037397 0.053910
v 0.023541 0.037397 0.054728
v 0.023042 0.037177 0.053873
v 0.023228 0.037177 0.052959
v 0.023627 0.037177 0.052117
v 0.022678 0.036813 0.053843
v 0.022882 0.036813 0.052844
v 0.027929 0.037011 0.068902
v 0.028554 0.037397 0.068674
v 0.028926 0.037450 0.068539
v 0.028115 0.037177 0.068834
v 0.027566 0.036346 0.069034
v 0.027603 0.036469 0.069020
v 0.027773 0.036813 0.068958
v 0.029416 0.036346 0.071301
v 0.029165 0.037450 0.069045
v 0.028825 0.037397 0.069247
v 0.028424 0.037177 0.069485
v 0.028110 0.036813 0.069671
v 0.027922 0.036346 0.069784
v 0.030392 0.036346 0.071749
v 0.030459 0.036813 0.071539
v 0.030570 0.037177 0.071192
v 0.030712 0.037397 0.070747
v 0.030832 0.037450 0.070370
v 0.030174 0.037450 0.070069
v 0.029967 0.037397 0.070406
v 0.029722 0.037177 0.070803
v 0.029531 0.036813 0.071114
v 0.029608 0.037450 0.069618
v 0.029326 0.037397 0.069896
v 0.028993 0.037177 0.070223
v 0.028733 0.036813 0.070479
v 0.028577 0.036346 0.070633
v 0.033926 0.037450 0.070875
v 0.034078 0.037450 0.071125
v 0.034888 0.037450 0.071323
v 0.034598 0.037450 0.071368
v 0.034314 0.037450 0.071298
v 0.038376 0.037450 0.070054
v 0.039856 0.037450 0.069515
v 0.043345 0.037450 0.068245
v 0.043768 0.037450 0.067857
v 0.043595 0.037450 0.068093
v 0.043838 0.037450 0.067573
v 0.043793 0.037450 0.067284
v 0.014686 0.024375 0.057923
v 0.022950 0.024375 0.049060
v 0.024363 0.024375 0.047863
v 0.014036 0.026625 0.061620
v 0.013556 0.026625 0.061396
v 0.013717 0.025764 0.061337
v 0.014170 0.025907 0.061571
v 0.014175 0.025034 0.061170
v 0.014552 0.025299 0.061432
v 0.014861 0.024546 0.060921
v 0.015124 0.024893 0.061224
v 0.014036 0.032950 0.061620
v 0.016557 0.036417 0.068544
v 0.016746 0.035873 0.069064
v 0.016900 0.035241 0.069488
v 0.017015 0.034541 0.069804
v 0.017087 0.033793 0.070002
v 0.017115 0.032950 0.070077
v 0.016097 0.037184 0.067281
v 0.016338 0.036859 0.067944
v 0.015575 0.037450 0.065848
v 0.015840 0.037383 0.066575
v 0.014594 0.036417 0.063153
v 0.014813 0.036859 0.063753
v 0.015054 0.037184 0.064416
v 0.015311 0.037383 0.065121
v 0.014405 0.035873 0.062633
v 0.014251 0.035241 0.062209
v 0.014136 0.034541 0.061893
v 0.014064 0.033793 0.061695
v 0.017115 0.026625 0.070077
v 0.018202 0.024893 0.069681
v 0.017631 0.025299 0.069889
v 0.017249 0.025907 0.070028
v 0.019988 0.024375 0.072491
v 0.032016 0.024375 0.073969
v 0.033868 0.024375 0.073977
v 0.018196 0.024546 0.070083
v 0.017510 0.025034 0.070332
v 0.017051 0.025764 0.070499
v 0.016890 0.026625 0.070558
v 0.031970 0.024750 0.074341
v 0.019943 0.024750 0.072863
v 0.019450 0.024430 0.072463
v 0.019143 0.024893 0.072765
v 0.019114 0.024524 0.072445
v 0.018466 0.025299 0.072682
v 0.018262 0.025034 0.072400
v 0.018341 0.024964 0.072404
v 0.018640 0.024750 0.072420
v 0.018013 0.025907 0.072626
v 0.017810 0.025610 0.072376
v 0.017994 0.025328 0.072386
v 0.017547 0.026625 0.072362
v 0.017567 0.026338 0.072364
v 0.017854 0.026625 0.072606
v 0.017625 0.026061 0.072367
v 0.017733 0.025764 0.072372
v 0.033910 0.024750 0.074350
v 0.034213 0.030076 0.074653
v 0.034175 0.029581 0.074387
v 0.034165 0.029125 0.074317
v 0.033084 0.029581 0.074473
v 0.033083 0.029125 0.074402
v 0.033508 0.035387 0.074654
v 0.033373 0.035507 0.074610
v 0.032667 0.036155 0.074434
v 0.032165 0.036625 0.074363
v 0.034064 0.034909 0.074875
v 0.035633 0.033847 0.075915
v 0.035181 0.034093 0.075538
v 0.035006 0.034204 0.075412
v 0.034637 0.034461 0.075174
v 0.036079 0.033680 0.076371
v 0.035089 0.035194 0.074503
v 0.035016 0.036001 0.074214
v 0.034004 0.036001 0.074405
v 0.032977 0.036625 0.074403
v 0.032977 0.036001 0.074468
v 0.036611 0.033691 0.076138
v 0.035215 0.034504 0.075003
v 0.035384 0.033989 0.075672
v 0.036432 0.033853 0.075646
v 0.034041 0.035194 0.074700
v 0.033996 0.036625 0.074340
v 0.035000 0.036625 0.074151
v 0.036335 0.033989 0.075379
v 0.036099 0.034504 0.074731
v 0.035923 0.035194 0.074247
v 0.035876 0.035477 0.074120
v 0.035821 0.036001 0.073967
v 0.035798 0.036625 0.073905
v 0.044541 0.033853 0.072694
v 0.044721 0.033691 0.073187
v 0.044208 0.034504 0.071779
v 0.044444 0.033989 0.072428
v 0.043986 0.035477 0.071168
v 0.044032 0.035194 0.071295
v 0.043930 0.036001 0.071015
v 0.043908 0.036625 0.070954
v 0.046024 0.024750 0.069015
v 0.045498 0.024750 0.069840
v 0.045436 0.034940 0.070641
v 0.045093 0.035194 0.070721
v 0.045347 0.034480 0.071203
v 0.045740 0.036006 0.069632
v 0.045387 0.036001 0.070062
v 0.045606 0.035582 0.070002
v 0.045966 0.036625 0.069133
v 0.045730 0.036625 0.069533
v 0.045916 0.036496 0.069234
v 0.044914 0.036001 0.070482
v 0.044875 0.036625 0.070430
v 0.045069 0.033989 0.072154
v 0.045312 0.034104 0.071792
v 0.045412 0.033679 0.072951
v 0.045332 0.033844 0.072360
v 0.044515 0.035194 0.071083
v 0.044752 0.034504 0.071541
v 0.044378 0.036001 0.070819
v 0.044348 0.036625 0.070761
v 0.045340 0.036625 0.070017
v 0.047292 0.024750 0.066296
v 0.047417 0.024750 0.063428
v 0.047629 0.024750 0.064384
v 0.047586 0.024750 0.065362
v 0.041523 0.024750 0.047235
v 0.039584 0.024750 0.045119
v 0.040410 0.024750 0.045645
v 0.041071 0.024750 0.046367
v 0.036865 0.024750 0.043851
v 0.035932 0.024750 0.043557
v 0.033871 0.033680 0.041238
v 0.034193 0.033849 0.041744
v 0.036745 0.036625 0.043797
v 0.036070 0.035781 0.043460
v 0.035408 0.034985 0.043013
v 0.035517 0.035111 0.043096
v 0.034568 0.034134 0.042220
v 0.035002 0.034543 0.042668
v 0.034380 0.035194 0.043236
v 0.034445 0.036001 0.043527
v 0.035072 0.036001 0.043440
v 0.035697 0.036625 0.043523
v 0.035704 0.036001 0.043458
v 0.036307 0.036625 0.043643
v 0.034116 0.033989 0.042060
v 0.033185 0.033691 0.041493
v 0.033364 0.033853 0.041986
v 0.035055 0.035194 0.043142
v 0.035075 0.036625 0.043505
v 0.034459 0.036625 0.043591
v 0.033461 0.033989 0.042252
v 0.033697 0.034504 0.042900
v 0.034267 0.034504 0.042733
v 0.033873 0.035194 0.043384
v 0.033920 0.035477 0.043511
v 0.033975 0.036001 0.043664
v 0.033998 0.036625 0.043726
v 0.025255 0.033853 0.044937
v 0.025075 0.033691 0.044445
v 0.025588 0.034504 0.045852
v 0.025352 0.033989 0.045204
v 0.025810 0.035477 0.046463
v 0.025764 0.035194 0.046336
v 0.025866 0.036001 0.046616
v 0.025888 0.036625 0.046678
v 0.022676 0.024750 0.048804
v 0.024156 0.024750 0.047551
v 0.023652 0.035387 0.047577
v 0.024031 0.035194 0.047198
v 0.023938 0.034906 0.047046
v 0.022811 0.036625 0.048663
v 0.023407 0.036625 0.048110
v 0.023152 0.036153 0.048283
v 0.023365 0.036001 0.048060
v 0.023580 0.035502 0.047692
v 0.024193 0.036001 0.047448
v 0.024960 0.035194 0.046676
v 0.024736 0.034504 0.046212
v 0.024184 0.034459 0.046449
v 0.024436 0.033989 0.045591
v 0.024365 0.034092 0.045823
v 0.024313 0.034203 0.046033
v 0.024471 0.033844 0.045236
v 0.024519 0.033679 0.044602
v 0.025090 0.036001 0.046944
v 0.025119 0.036625 0.047003
v 0.024229 0.036625 0.047503
v 0.024193 0.030076 0.047123
v 0.023444 0.029581 0.047987
v 0.023489 0.029125 0.048042
v 0.024335 0.029581 0.047352
v 0.024372 0.029125 0.047412
v 0.014412 0.024750 0.057668
v 0.013142 0.025492 0.059364
v 0.013035 0.025764 0.059464
v 0.013086 0.025907 0.059090
v 0.012899 0.026625 0.059591
v 0.012977 0.026625 0.059207
v 0.012940 0.026145 0.059553
v 0.012985 0.025936 0.059511
v 0.013230 0.025321 0.059282
v 0.013397 0.025299 0.058756
v 0.013423 0.025033 0.059102
v 0.013863 0.024893 0.058257
v 0.013620 0.024819 0.058918
v 0.013489 0.024954 0.059040
v 0.014531 0.024383 0.058068
v 0.014141 0.024482 0.058432
v 0.013962 0.024568 0.058599
v 0.038291 0.037450 0.070058
v 0.029519 0.037450 0.048918
v 0.030271 0.037450 0.048022
v 0.034706 0.037450 0.051014
v 0.035550 0.037450 0.068209
v 0.036170 0.037450 0.069201
v 0.037139 0.037450 0.069855
v 0.033575 0.037450 0.047907
v 0.032491 0.037450 0.047469
v 0.040896 0.037450 0.068022
v 0.034787 0.037450 0.049847
v 0.034387 0.037450 0.048748
v 0.029359 0.037450 0.051201
v 0.029197 0.037450 0.050043
v 0.040347 0.037450 0.069055
v 0.040978 0.037450 0.066856
v 0.040578 0.037450 0.065757
v 0.039766 0.037450 0.064916
v 0.038681 0.037450 0.064477
v 0.034157 0.037450 0.052047
v 0.037512 0.037450 0.064518
v 0.033235 0.037450 0.052767
v 0.032100 0.037450 0.053050
v 0.029979 0.037450 0.052192
v 0.030949 0.037450 0.052846
v 0.036461 0.037450 0.065031
v 0.035710 0.037450 0.065927
v 0.035387 0.037450 0.067051
v 0.012977 0.041425 0.059207
v 0.012899 0.041630 0.059591
v 0.013556 0.032950 0.061396
v 0.016890 0.032950 0.070558
v 0.016861 0.033863 0.070477
v 0.016783 0.034673 0.070262
v 0.016658 0.035432 0.069920
v 0.016491 0.036116 0.069460
v 0.016286 0.036706 0.068897
v 0.016049 0.037185 0.068246
v 0.015788 0.037537 0.067528
v 0.015510 0.037752 0.066764
v 0.015223 0.037825 0.065977
v 0.014936 0.037752 0.065189
v 0.014658 0.037537 0.064425
v 0.014397 0.037185 0.063707
v 0.014160 0.036706 0.063057
v 0.013955 0.036116 0.062493
v 0.013788 0.035432 0.062034
v 0.013663 0.034673 0.061691
v 0.013585 0.033863 0.061477
v 0.017854 0.041425 0.072606
v 0.017547 0.041630 0.072362
v 0.031970 0.041425 0.074341
v 0.035798 0.041425 0.073905
v 0.033910 0.041425 0.074350
v 0.043908 0.041425 0.070954
v 0.044776 0.041425 0.070502
v 0.045498 0.041425 0.069840
v 0.046024 0.041425 0.069015
v 0.047292 0.041425 0.066296
v 0.047417 0.041425 0.063428
v 0.047629 0.041425 0.064384
v 0.047586 0.041425 0.065362
v 0.041523 0.041425 0.047235
v 0.039584 0.041425 0.045119
v 0.040410 0.041425 0.045645
v 0.041071 0.041425 0.046367
v 0.036865 0.041425 0.043851
v 0.033998 0.041425 0.043726
v 0.034954 0.041425 0.043514
v 0.035932 0.041425 0.043557
v 0.025888 0.041425 0.046678
v 0.024156 0.041425 0.047551
v 0.022676 0.041425 0.048804
v 0.039426 0.042175 0.069775
v 0.039924 0.042175 0.069463
v 0.040347 0.042175 0.069055
v 0.040676 0.042175 0.068568
v 0.040896 0.042175 0.068022
v 0.040999 0.042175 0.067443
v 0.040978 0.042175 0.066856
v 0.040836 0.042175 0.066285
v 0.040578 0.042175 0.065757
v 0.040216 0.042175 0.065293
v 0.039766 0.042175 0.064916
v 0.039246 0.042175 0.064639
v 0.038681 0.042175 0.064477
v 0.038095 0.042175 0.064436
v 0.037512 0.042175 0.064518
v 0.036960 0.042175 0.064719
v 0.036461 0.042175 0.065031
v 0.036038 0.042175 0.065439
v 0.035710 0.042175 0.065927
v 0.035489 0.042175 0.066472
v 0.035387 0.042175 0.067051
v 0.035408 0.042175 0.067639
v 0.035550 0.042175 0.068209
v 0.035808 0.042175 0.068738
v 0.036170 0.042175 0.069201
v 0.036620 0.042175 0.069579
v 0.037139 0.042175 0.069855
v 0.037704 0.042175 0.070017
v 0.038291 0.042175 0.070058
v 0.038873 0.042175 0.069976
v 0.031322 0.042175 0.047510
v 0.030769 0.042175 0.047711
v 0.030271 0.042175 0.048022
v 0.029848 0.042175 0.048431
v 0.029519 0.042175 0.048918
v 0.029299 0.042175 0.049464
v 0.029197 0.042175 0.050043
v 0.029217 0.042175 0.050630
v 0.029359 0.042175 0.051201
v 0.029617 0.042175 0.051729
v 0.029979 0.042175 0.052192
v 0.030430 0.042175 0.052570
v 0.030949 0.042175 0.052846
v 0.031514 0.042175 0.053009
v 0.032100 0.042175 0.053050
v 0.032683 0.042175 0.052968
v 0.033235 0.042175 0.052767
v 0.033734 0.042175 0.052455
v 0.034157 0.042175 0.052047
v 0.034486 0.042175 0.051559
v 0.034706 0.042175 0.051014
v 0.034808 0.042175 0.050435
v 0.034787 0.042175 0.049847
v 0.034645 0.042175 0.049277
v 0.034387 0.042175 0.048748
v 0.034025 0.042175 0.048285
v 0.033575 0.042175 0.047907
v 0.033056 0.042175 0.047631
v 0.032491 0.042175 0.047469
v 0.031904 0.042175 0.047428
v 0.017194 0.042550 0.071392
v 0.013252 0.042550 0.060562
v 0.032107 0.042550 0.073225
v 0.033783 0.042550 0.073232
v 0.035413 0.042550 0.072848
v 0.043523 0.042550 0.069896
v 0.044131 0.042550 0.069580
v 0.044636 0.042550 0.069117
v 0.045004 0.042550 0.068539
v 0.046272 0.042550 0.065820
v 0.046478 0.042550 0.065167
v 0.046508 0.042550 0.064482
v 0.046360 0.042550 0.063813
v 0.040466 0.042550 0.047620
v 0.040150 0.042550 0.047012
v 0.039687 0.042550 0.046507
v 0.039109 0.042550 0.046139
v 0.036390 0.042550 0.044871
v 0.035736 0.042550 0.044665
v 0.035052 0.042550 0.044635
v 0.034383 0.042550 0.044783
v 0.026273 0.042550 0.047735
v 0.024777 0.042550 0.048489
v 0.023498 0.042550 0.049571
v 0.035490 0.042550 0.068936
v 0.035900 0.042550 0.069461
v 0.036410 0.042550 0.069890
v 0.036999 0.042550 0.070203
v 0.037639 0.042550 0.070386
v 0.038304 0.042550 0.070433
v 0.038964 0.042550 0.070340
v 0.039590 0.042550 0.070112
v 0.040155 0.042550 0.069759
v 0.040635 0.042550 0.069296
v 0.041007 0.042550 0.068744
v 0.041257 0.042550 0.068126
v 0.041373 0.042550 0.067470
v 0.041349 0.042550 0.066804
v 0.041188 0.042550 0.066157
v 0.040896 0.042550 0.065558
v 0.040486 0.042550 0.065033
v 0.039975 0.042550 0.064605
v 0.039387 0.042550 0.064292
v 0.038746 0.042550 0.064108
v 0.038082 0.042550 0.064062
v 0.037422 0.042550 0.064154
v 0.036796 0.042550 0.064382
v 0.036230 0.042550 0.064735
v 0.035751 0.042550 0.065198
v 0.035378 0.042550 0.065751
v 0.035129 0.042550 0.066369
v 0.035013 0.042550 0.067025
v 0.035036 0.042550 0.067691
v 0.035198 0.042550 0.068337
v 0.029299 0.042550 0.051928
v 0.029709 0.042550 0.052453
v 0.030220 0.042550 0.052881
v 0.030808 0.042550 0.053194
v 0.031449 0.042550 0.053378
v 0.032114 0.042550 0.053424
v 0.032773 0.042550 0.053332
v 0.033400 0.042550 0.053104
v 0.033965 0.042550 0.052751
v 0.034444 0.042550 0.052288
v 0.034817 0.042550 0.051735
v 0.035066 0.042550 0.051117
v 0.035182 0.042550 0.050461
v 0.035159 0.042550 0.049795
v 0.034998 0.042550 0.049149
v 0.034705 0.042550 0.048550
v 0.034295 0.042550 0.048025
v 0.033785 0.042550 0.047596
v 0.033196 0.042550 0.047283
v 0.032556 0.042550 0.047100
v 0.031891 0.042550 0.047053
v 0.031231 0.042550 0.047146
v 0.030605 0.042550 0.047374
v 0.030040 0.042550 0.047727
v 0.029561 0.042550 0.048190
v 0.029188 0.042550 0.048742
v 0.028938 0.042550 0.049360
v 0.028823 0.042550 0.050016
v 0.028846 0.042550 0.050682
v 0.029007 0.042550 0.051329
v 0.019846 0.018708 0.022573
v 0.019943 0.018855 0.022523
v 0.020647 0.018086 0.022546
v 0.020661 0.017386 0.023292
v 0.020310 0.017914 0.023021
v 0.020348 0.017910 0.022863
v 0.019735 0.018447 0.023016
v 0.020996 0.017189 0.023020
v 0.020423 0.017939 0.022722
v 0.020526 0.018000 0.022612
v 0.019822 0.018667 0.022600
v 0.019735 0.018489 0.022837
v 0.019747 0.018521 0.022769
v 0.019774 0.018580 0.022682
v 0.021153 0.017220 0.022960
v 0.020702 0.017303 0.023360
v 0.020766 0.017233 0.023226
v 0.020810 0.017211 0.023168
v 0.020869 0.017194 0.023108
v 0.008000 0.016683 0.024104
v 0.008000 0.017399 0.023998
v 0.008031 0.017399 0.023826
v 0.008000 0.016027 0.024409
v 0.008033 0.016633 0.023934
v 0.008031 0.015932 0.024264
v 0.008128 0.016588 0.023784
v 0.008146 0.015833 0.024113
v 0.008205 0.016568 0.023717
v 0.008327 0.015769 0.024016
v 0.008498 0.016540 0.023625
v 0.008364 0.016546 0.023643
v 0.008497 0.017399 0.023498
v 0.008324 0.017399 0.023530
v 0.008145 0.017399 0.023646
v 0.008500 0.015752 0.023991
v 0.015021 0.016351 0.024153
v 0.015017 0.016330 0.024122
v 0.015085 0.016703 0.023926
v 0.015122 0.016959 0.023620
v 0.015173 0.016996 0.023798
v 0.014826 0.017481 0.023212
v 0.015025 0.017919 0.023163
v 0.015111 0.017863 0.023166
v 0.015001 0.017401 0.023249
v 0.015196 0.017809 0.023190
v 0.015302 0.017743 0.023253
v 0.014524 0.016128 0.023740
v 0.014677 0.017023 0.023319
v 0.014707 0.016133 0.023779
v 0.014855 0.016974 0.023362
v 0.014753 0.016142 0.023799
v 0.015011 0.016951 0.023466
v 0.014973 0.016252 0.024000
v 0.014930 0.016214 0.023937
v 0.014864 0.016177 0.023870
v 0.015491 0.017645 0.023661
v 0.015438 0.017666 0.023433
v 0.015346 0.017717 0.023294
v 0.008000 -0.016683 0.024104
v 0.008000 -0.016027 0.024409
v 0.008031 -0.015932 0.024264
v 0.008000 -0.017399 0.023998
v 0.008033 -0.016633 0.023934
v 0.008031 -0.017399 0.023826
v 0.008128 -0.016588 0.023784
v 0.008145 -0.017399 0.023646
v 0.008205 -0.016568 0.023717
v 0.008324 -0.017399 0.023530
v 0.008498 -0.016540 0.023625
v 0.008364 -0.016546 0.023643
v 0.008500 -0.015752 0.023991
v 0.008327 -0.015769 0.024016
v 0.008146 -0.015833 0.024113
v 0.008497 -0.017399 0.023498
v 0.014557 -0.016126 0.023742
v 0.014707 -0.016133 0.023779
v 0.014855 -0.016974 0.023362
v 0.015085 -0.016703 0.023926
v 0.015173 -0.016996 0.023798
v 0.015122 -0.016959 0.023620
v 0.015491 -0.017645 0.023661
v 0.015011 -0.016951 0.023466
v 0.015346 -0.017717 0.023294
v 0.015220 -0.017794 0.023201
v 0.014780 -0.016148 0.023813
v 0.015001 -0.017401 0.023249
v 0.015479 -0.017646 0.023560
v 0.015450 -0.017660 0.023461
v 0.015385 -0.017694 0.023342
v 0.014524 -0.016128 0.023740
v 0.014677 -0.017023 0.023319
v 0.014826 -0.017481 0.023212
v 0.015025 -0.017919 0.023163
v 0.015021 -0.016351 0.024153
v 0.014973 -0.016252 0.024000
v 0.014949 -0.016229 0.023961
v 0.014864 -0.016177 0.023870
v 0.020661 -0.017386 0.023292
v 0.020702 -0.017303 0.023360
v 0.020765 -0.017233 0.023227
v 0.020310 -0.017914 0.023021
v 0.019735 -0.018447 0.023016
v 0.020348 -0.017910 0.022863
v 0.020869 -0.017194 0.023108
v 0.020423 -0.017939 0.022722
v 0.021003 -0.017190 0.023016
v 0.020526 -0.018000 0.022612
v 0.021153 -0.017220 0.022960
v 0.020647 -0.018086 0.022546
v 0.019735 -0.018489 0.022837
v 0.019774 -0.018580 0.022682
v 0.019846 -0.018708 0.022573
v 0.019943 -0.018855 0.022523
v 0.039000 0.021111 0.020173
v 0.038969 0.020986 0.020054
v 0.038958 0.021871 0.019413
v 0.038848 0.021296 0.019548
v 0.038681 0.021235 0.019460
v 0.038843 0.021806 0.019261
v 0.038672 0.021764 0.019164
v 0.038839 0.022362 0.019080
v 0.038663 0.022341 0.018978
v 0.039000 0.021949 0.019595
v 0.038965 0.022944 0.019203
v 0.039000 0.022944 0.019387
v 0.038854 0.020856 0.019929
v 0.038673 0.020772 0.019849
v 0.038500 0.020750 0.019828
v 0.038485 0.021216 0.019432
v 0.038472 0.021738 0.019143
v 0.038459 0.022335 0.018952
v 0.038835 0.022944 0.019015
v 0.038635 0.022944 0.018905
v 0.038449 0.022944 0.018889
v 0.039000 -0.022944 0.019387
v 0.038965 -0.022944 0.019203
v 0.038958 -0.021871 0.019413
v 0.038839 -0.022362 0.019080
v 0.038663 -0.022341 0.018978
v 0.038843 -0.021806 0.019261
v 0.038672 -0.021764 0.019164
v 0.038848 -0.021296 0.019548
v 0.038681 -0.021235 0.019460
v 0.039000 -0.021949 0.019595
v 0.038969 -0.020986 0.020054
v 0.039000 -0.021111 0.020173
v 0.038835 -0.022944 0.019015
v 0.038635 -0.022944 0.018905
v 0.038449 -0.022944 0.018889
v 0.038459 -0.022335 0.018952
v 0.038471 -0.021773 0.019127
v 0.038485 -0.021216 0.019432
v 0.038854 -0.020856 0.019929
v 0.038673 -0.020772 0.019849
v 0.038500 -0.020750 0.019828
v 0.038000 -0.018000 0.022592
v 0.038000 -0.018000 0.029000
v 0.038005 -0.018000 0.028996
v 0.038152 -0.018012 0.028893
v 0.038270 -0.018037 0.028811
v 0.038397 -0.018083 0.022558
v 0.038493 -0.018130 0.028664
v 0.038430 -0.018098 0.022551
v 0.038714 -0.018299 0.028542
v 0.038707 -0.018293 0.022471
v 0.038866 -0.018500 0.028500
v 0.038929 -0.018629 0.022330
v 0.038938 -0.018654 0.028500
v 0.039000 -0.019000 0.028500
v 0.039000 -0.019000 0.022173
v 0.038707 0.018293 0.022471
v 0.038862 0.018495 0.022387
v 0.038938 0.018654 0.028500
v 0.038929 0.018629 0.022330
v 0.039000 0.019000 0.028500
v 0.038985 0.018827 0.022247
v 0.039000 0.019000 0.022173
v 0.038866 0.018500 0.028500
v 0.038714 0.018299 0.028542
v 0.038430 0.018098 0.022551
v 0.038397 0.018083 0.022558
v 0.038658 0.018247 0.028569
v 0.038493 0.018130 0.028664
v 0.038000 0.018000 0.022592
v 0.038356 0.018065 0.028753
v 0.038152 0.018012 0.028893
v 0.038005 0.018000 0.028996
v 0.038000 0.018000 0.029000
v 0.047000 0.018250 0.028567
v 0.047000 0.018500 0.028500
v 0.047000 0.018327 0.028531
v 0.047000 0.018067 0.028750
v 0.047000 0.018146 0.028646
v 0.047000 0.018000 0.029000
v 0.047000 0.018031 0.028827
v 0.039000 0.024000 0.019387
v 0.038998 0.024000 0.019337
v 0.038950 0.024030 0.019170
v 0.038833 0.024132 0.019013
v 0.038644 0.024308 0.018908
v 0.038449 0.024500 0.018889
v 0.039000 0.024000 0.028500
v 0.039921 0.024500 0.018752
v 0.042197 0.024500 0.018599
v 0.042198 0.024327 0.018629
v 0.046000 0.024000 0.019000
v 0.042223 0.024000 0.019098
v 0.042214 0.024031 0.018925
v 0.046000 0.024031 0.018827
v 0.042204 0.024146 0.018745
v 0.046000 0.024146 0.018646
v 0.046000 0.024327 0.018531
v 0.046000 0.024500 0.018500
v 0.046711 0.024031 0.018872
v 0.046689 0.024000 0.019043
v 0.047418 0.024031 0.019007
v 0.047375 0.024000 0.019175
v 0.046733 0.024146 0.018693
v 0.047463 0.024146 0.018832
v 0.046748 0.024327 0.018578
v 0.047492 0.024327 0.018720
v 0.046752 0.024500 0.018547
v 0.047500 0.024500 0.018691
v 0.011848 0.023949 0.023432
v 0.011901 0.023782 0.023396
v 0.011022 0.023746 0.023471
v 0.011049 0.023571 0.023437
v 0.010178 0.023854 0.023614
v 0.010175 0.023673 0.023499
v 0.010174 0.023500 0.023468
v 0.011001 0.023901 0.023567
v 0.011803 0.024098 0.023528
v 0.010993 0.023967 0.023641
v 0.011786 0.024161 0.023603
v 0.010183 0.023969 0.023795
v 0.010987 0.024045 0.023800
v 0.010189 0.024000 0.023968
v 0.010990 0.024065 0.023936
v 0.011773 0.024218 0.023707
v 0.011769 0.024236 0.023761
v 0.011770 0.024257 0.023896
v 0.038854 -0.018770 0.021904
v 0.038962 -0.018875 0.022027
v 0.038969 -0.018887 0.022042
v 0.038990 -0.018937 0.022099
v 0.038673 -0.018695 0.021817
v 0.038500 -0.018675 0.021793
v 0.038410 -0.018393 0.022031
v 0.038376 -0.018351 0.022066
v 0.038492 -0.018304 0.022132
v 0.038055 -0.018186 0.022202
v 0.038000 -0.018183 0.022205
v 0.038000 -0.018106 0.022284
v 0.038688 -0.018299 0.022332
v 0.038599 -0.018286 0.022223
v 0.038337 -0.018116 0.022334
v 0.038278 -0.018163 0.022241
v 0.038242 -0.018245 0.022154
v 0.038000 -0.018048 0.022378
v 0.038000 -0.018012 0.022482
v 0.038388 -0.018094 0.022439
v 0.038724 -0.018317 0.022391
v 0.038915 -0.018611 0.022253
v 0.038878 -0.018571 0.022189
v 0.038771 -0.018513 0.022074
v 0.038629 -0.018491 0.021987
v 0.037891 -0.017997 0.022595
v 0.036233 -0.016991 0.023385
v 0.036073 -0.016641 0.023675
v 0.036148 -0.016757 0.023778
v 0.035507 -0.015916 0.023883
v 0.035500 -0.015726 0.024008
v 0.035673 -0.015743 0.024034
v 0.036269 -0.017328 0.022904
v 0.035825 -0.016583 0.023459
v 0.035966 -0.016595 0.023551
v 0.035548 -0.016207 0.023685
v 0.035665 -0.016607 0.023406
v 0.036375 -0.017304 0.022998
v 0.037305 -0.017874 0.022719
v 0.036296 -0.017048 0.023515
v 0.036586 -0.017414 0.023173
v 0.036461 -0.017311 0.023111
v 0.037124 -0.017814 0.022664
v 0.037073 -0.017837 0.022557
v 0.037519 -0.017993 0.022426
v 0.037016 -0.017886 0.022464
v 0.037545 -0.017960 0.022531
v 0.036955 -0.017957 0.022388
v 0.036301 -0.017527 0.022726
v 0.036154 -0.017382 0.022837
v 0.035802 -0.016897 0.023198
v 0.035854 -0.015806 0.024130
v 0.035873 -0.016205 0.023843
v 0.035969 -0.015905 0.024281
v 0.035982 -0.016273 0.023972
v 0.036000 -0.016000 0.024426
v 0.036033 -0.016365 0.024121
v 0.037209 -0.017836 0.022758
v 0.037076 -0.018008 0.022347
v 0.035916 0.015848 0.024194
v 0.035969 0.015905 0.024281
v 0.035969 0.014714 0.025021
v 0.035990 0.015947 0.024345
v 0.036000 0.016000 0.024426
v 0.036000 0.014801 0.025171
v 0.035854 0.015806 0.024130
v 0.035500 0.014548 0.024740
v 0.035673 0.014564 0.024766
v 0.035500 0.012478 0.025845
v 0.035673 0.011853 0.026172
v 0.035500 0.011841 0.026144
v 0.035673 0.009009 0.027282
v 0.035500 0.008999 0.027253
v 0.035500 0.008478 0.027419
v 0.035673 0.006063 0.028084
v 0.035500 0.006057 0.028054
v 0.035500 0.004287 0.028378
v 0.035673 0.003049 0.028569
v 0.035500 0.003046 0.028538
v 0.035673 0.000000 0.028731
v 0.035500 0.000000 0.028700
v 0.035673 -0.003049 0.028569
v 0.035500 -0.003046 0.028538
v 0.035500 -0.004287 0.028378
v 0.035673 -0.006063 0.028084
v 0.035500 -0.006057 0.028054
v 0.035500 -0.008478 0.027419
v 0.035673 -0.009009 0.027282
v 0.035500 -0.008999 0.027253
v 0.035673 -0.011853 0.026172
v 0.035500 -0.011841 0.026144
v 0.035500 -0.012478 0.025845
v 0.035673 -0.014564 0.024766
v 0.035500 -0.014548 0.024740
v 0.036000 -0.014801 0.025171
v 0.035969 -0.014714 0.025021
v 0.035969 -0.011975 0.026442
v 0.036000 -0.012047 0.026599
v 0.035969 -0.009102 0.027563
v 0.036000 -0.009156 0.027727
v 0.035969 -0.006126 0.028373
v 0.036000 -0.006162 0.028542
v 0.035969 -0.003080 0.028863
v 0.036000 -0.003099 0.029035
v 0.035969 0.000000 0.029027
v 0.036000 0.000000 0.029200
v 0.035969 0.003080 0.028863
v 0.036000 0.003099 0.029035
v 0.035969 0.006126 0.028373
v 0.036000 0.006162 0.028542
v 0.035969 0.009102 0.027563
v 0.036000 0.009156 0.027727
v 0.035969 0.011975 0.026442
v 0.036000 0.012047 0.026599
v 0.035854 0.014622 0.024866
v 0.035854 0.011901 0.026277
v 0.035854 0.009045 0.027392
v 0.035854 0.006088 0.028197
v 0.035854 0.003061 0.028684
v 0.035854 0.000000 0.028846
v 0.035854 -0.003061 0.028684
v 0.035854 -0.006088 0.028197
v 0.035854 -0.009045 0.027392
v 0.035854 -0.011901 0.026277
v 0.035854 -0.014622 0.024866
v 0.035673 0.015743 0.024034
v 0.035500 0.015726 0.024008
v 0.037123 0.017812 0.022666
v 0.037073 0.017836 0.022559
v 0.037334 0.017884 0.022710
v 0.037016 0.017885 0.022465
v 0.037490 0.018047 0.022332
v 0.037519 0.017992 0.022426
v 0.036269 0.017328 0.022905
v 0.037567 0.017951 0.022642
v 0.036586 0.017414 0.023173
v 0.036496 0.017325 0.023173
v 0.036676 0.017498 0.023091
v 0.036461 0.017310 0.023112
v 0.037164 0.017815 0.022779
v 0.036148 0.016756 0.023780
v 0.036109 0.016674 0.023746
v 0.036072 0.016640 0.023677
v 0.036024 0.016612 0.023612
v 0.035825 0.016581 0.023461
v 0.035548 0.016208 0.023685
v 0.037250 0.018068 0.022299
v 0.036955 0.017956 0.022389
v 0.036418 0.017627 0.022649
v 0.036154 0.017382 0.022838
v 0.035743 0.016781 0.023282
v 0.038000 0.018012 0.022482
v 0.038000 0.018048 0.022378
v 0.038000 0.018183 0.022205
v 0.036374 0.017303 0.022999
v 0.035966 0.016593 0.023554
v 0.038492 0.018304 0.022132
v 0.038629 0.018491 0.021987
v 0.038771 0.018513 0.022074
v 0.038797 0.018430 0.022263
v 0.038388 0.018094 0.022439
v 0.038337 0.018116 0.022334
v 0.038688 0.018299 0.022332
v 0.038599 0.018286 0.022223
v 0.038500 0.018656 0.021809
v 0.038407 0.018390 0.022034
v 0.038365 0.018339 0.022077
v 0.038278 0.018163 0.022241
v 0.038184 0.018218 0.022176
v 0.038969 0.018887 0.022042
v 0.038933 0.018720 0.022110
v 0.038962 0.018875 0.022027
v 0.038854 0.018770 0.021904
v 0.038878 0.018571 0.022189
v 0.038673 0.018695 0.021817
v 0.038500 0.018675 0.021793
v 0.023507 0.019773 0.021845
v 0.023803 0.018778 0.021969
v 0.027359 0.019768 0.021125
v 0.027776 0.018856 0.021636
v 0.024417 0.017970 0.022377
v 0.027000 0.020827 0.021000
v 0.011838 0.016677 0.023531
v 0.011764 0.017549 0.023403
v 0.011684 0.015873 0.023912
v 0.009060 0.015760 0.023985
v 0.013925 -0.016063 0.023784
v 0.011838 -0.016677 0.023531
v 0.011764 -0.017549 0.023403
v 0.011250 -0.015846 0.023929
v 0.010175 -0.023673 0.023499
v 0.010174 -0.023500 0.023468
v 0.011022 -0.023746 0.023471
v 0.011049 -0.023571 0.023437
v 0.011848 -0.023949 0.023432
v 0.011901 -0.023782 0.023396
v 0.010178 -0.023854 0.023614
v 0.011001 -0.023901 0.023567
v 0.011803 -0.024098 0.023528
v 0.011798 -0.024115 0.023546
v 0.011786 -0.024161 0.023603
v 0.010993 -0.023967 0.023641
v 0.011769 -0.024236 0.023761
v 0.010987 -0.024045 0.023800
v 0.011770 -0.024257 0.023896
v 0.010990 -0.024065 0.023936
v 0.010183 -0.023969 0.023795
v 0.010189 -0.024000 0.023968
v 0.023803 -0.018778 0.021969
v 0.027776 -0.018856 0.021636
v 0.027359 -0.019768 0.021125
v 0.027421 -0.018758 0.021721
v 0.024282 -0.017937 0.022404
v 0.023507 -0.019773 0.021845
v 0.027000 -0.020827 0.021000
v 0.038981 -0.024008 0.019250
v 0.038964 -0.024020 0.019201
v 0.038632 -0.024320 0.018904
v 0.038449 -0.024500 0.018889
v 0.038900 -0.024072 0.019086
v 0.038832 -0.024132 0.019012
v 0.038727 -0.024229 0.018941
v 0.039000 -0.024000 0.019387
v 0.038998 -0.024000 0.019337
v 0.047000 -0.018000 0.029000
v 0.047000 -0.018031 0.028827
v 0.047000 -0.018146 0.028646
v 0.047000 -0.018327 0.028531
v 0.047000 -0.018500 0.028500
v 0.046000 -0.024500 0.018500
v 0.042198 -0.024327 0.018629
v 0.046000 -0.024327 0.018531
v 0.042204 -0.024146 0.018745
v 0.046000 -0.024146 0.018646
v 0.042214 -0.024031 0.018925
v 0.046000 -0.024031 0.018827
v 0.042223 -0.024000 0.019098
v 0.046000 -0.024000 0.019000
v 0.042197 -0.024500 0.018599
v 0.039921 -0.024500 0.018752
v 0.039000 -0.024000 0.028500
v 0.046711 -0.024031 0.018872
v 0.046689 -0.024000 0.019043
v 0.047375 -0.024000 0.019175
v 0.046733 -0.024146 0.018693
v 0.046748 -0.024327 0.018578
v 0.047492 -0.024327 0.018720
v 0.047500 -0.024500 0.018691
v 0.046752 -0.024500 0.018547
v 0.047418 -0.024031 0.019007
v 0.047463 -0.024146 0.018832
v 0.032915 0.020374 0.020269
v 0.033784 0.020156 0.020431
v 0.030745 0.019586 0.020979
v 0.032074 0.020856 0.020072
v 0.030395 0.020528 0.020407
v 0.031131 0.021858 0.020021
v 0.031928 0.020972 0.020045
v 0.028497 0.021243 0.020616
v 0.036883 0.021945 0.019185
v 0.036817 0.021422 0.019396
v 0.036204 0.021025 0.019656
v 0.036997 0.020595 0.019988
v 0.035248 0.020375 0.020213
v 0.037235 0.022820 0.019025
v 0.035248 -0.020375 0.020213
v 0.036997 -0.020595 0.019988
v 0.036014 -0.020849 0.019787
v 0.036817 -0.021422 0.019396
v 0.036447 -0.021290 0.019485
v 0.036796 -0.021792 0.019241
v 0.037235 -0.022820 0.019025
v 0.036903 -0.021984 0.019172
v 0.031390 -0.021513 0.019994
v 0.031131 -0.021858 0.020021
v 0.029567 -0.021510 0.020362
v 0.032661 -0.020489 0.020208
v 0.032088 -0.020844 0.020074
v 0.030395 -0.020528 0.020407
v 0.031627 -0.021250 0.020003
v 0.030745 -0.019586 0.020979
v 0.033784 -0.020156 0.020431
v 0.008500 -0.012478 0.025845
v 0.008500 -0.013345 0.025409
v 0.008327 -0.013360 0.025436
v 0.008327 -0.010823 0.026614
v 0.008500 -0.010812 0.026586
v 0.008146 -0.013413 0.025538
v 0.008146 -0.010867 0.026721
v 0.008038 -0.010928 0.026871
v 0.008031 -0.013497 0.025698
v 0.008031 -0.010935 0.026889
v 0.008000 -0.013578 0.025851
v 0.008000 -0.011000 0.027049
v 0.008031 -0.023000 0.023826
v 0.008000 -0.023000 0.023998
v 0.008096 -0.023000 0.023704
v 0.008145 -0.023000 0.023646
v 0.008324 -0.023000 0.023530
v 0.008497 -0.023000 0.023498
v 0.008324 0.023000 0.023530
v 0.008497 0.023000 0.023498
v 0.008145 0.023000 0.023646
v 0.008031 0.023000 0.023826
v 0.008000 0.023000 0.023998
v 0.008327 0.013360 0.025436
v 0.008500 0.013345 0.025409
v 0.008500 0.012478 0.025845
v 0.008146 0.013413 0.025538
v 0.008031 0.013497 0.025698
v 0.008000 0.013578 0.025851
v 0.008146 0.010867 0.026721
v 0.008038 0.010928 0.026871
v 0.008031 0.010935 0.026889
v 0.008010 0.010963 0.026958
v 0.008000 0.011000 0.027049
v 0.008327 0.010823 0.026614
v 0.008500 0.010812 0.026586
v 0.038000 -0.018000 0.029396
v 0.047000 -0.018000 0.029396
v 0.036000 -0.016000 0.029396
v 0.036152 -0.016765 0.029396
v 0.036586 -0.017414 0.029396
v 0.037235 -0.017848 0.029396
v 0.036000 0.016000 0.029396
v 0.038000 0.018000 0.029396
v 0.037235 0.017848 0.029396
v 0.036586 0.017414 0.029396
v 0.036152 0.016765 0.029396
v 0.047000 0.018000 0.029396
v 0.048933 0.024250 0.020627
v 0.048854 0.024146 0.020627
v 0.048773 0.024146 0.020085
v 0.048750 0.024067 0.020627
v 0.048673 0.024031 0.020627
v 0.048600 0.024031 0.020138
v 0.047873 0.024031 0.019200
v 0.047783 0.024000 0.019348
v 0.048323 0.024031 0.019602
v 0.048186 0.024000 0.019708
v 0.048435 0.024000 0.020189
v 0.048500 0.024000 0.020627
v 0.049000 0.024500 0.020627
v 0.048969 0.024327 0.020627
v 0.048913 0.024500 0.020043
v 0.048883 0.024327 0.020052
v 0.048810 0.024500 0.019776
v 0.048581 0.024500 0.019402
v 0.048557 0.024327 0.019421
v 0.048276 0.024500 0.019087
v 0.048028 0.024327 0.018948
v 0.048044 0.024500 0.018921
v 0.047968 0.024146 0.019046
v 0.048465 0.024146 0.019492
v 0.046000 0.028500 0.018500
v 0.046752 0.028500 0.018547
v 0.047500 0.028500 0.018691
v 0.048500 0.024000 0.028500
v 0.048500 0.020000 0.028500
v 0.048227 0.019137 0.028500
v 0.047863 0.018773 0.028500
v 0.048447 0.019604 0.028500
v 0.047396 0.018553 0.028500
v 0.047489 0.018212 0.028646
v 0.047441 0.018386 0.028531
v 0.048673 0.020000 0.028531
v 0.048614 0.019559 0.028531
v 0.048369 0.019038 0.028531
v 0.047962 0.018631 0.028531
v 0.047528 0.018071 0.029000
v 0.047520 0.018101 0.028827
v 0.048132 0.018389 0.028827
v 0.048150 0.018364 0.029000
v 0.048414 0.018586 0.029000
v 0.048611 0.018868 0.028827
v 0.048636 0.018850 0.029000
v 0.048899 0.019480 0.028827
v 0.048929 0.019472 0.029000
v 0.048969 0.020000 0.028827
v 0.049000 0.020000 0.029000
v 0.048854 0.020000 0.028646
v 0.048788 0.019511 0.028646
v 0.048516 0.018934 0.028646
v 0.048066 0.018484 0.028646
v 0.037428 0.023709 0.019002
v 0.037387 0.024617 0.019007
v 0.037110 0.025482 0.019040
v 0.036618 0.026247 0.019102
v 0.042734 0.028500 0.018573
v 0.039921 0.028500 0.018752
v 0.038518 0.028500 0.018882
v 0.034326 0.028500 0.019434
v 0.035948 0.026860 0.019191
v 0.035144 0.027281 0.019307
v 0.034263 0.027484 0.019444
v 0.032937 0.028500 0.019671
v 0.033361 0.027456 0.019596
v 0.030174 0.028500 0.020225
v 0.031091 0.026092 0.020029
v 0.027000 0.028500 0.021000
v 0.031722 0.026738 0.019901
v 0.032495 0.027203 0.019752
v 0.030647 0.025303 0.020123
v 0.030420 0.024423 0.020171
v 0.030428 0.023514 0.020170
v 0.030672 0.022640 0.020117
v 0.046000 0.024000 0.026125
v 0.046813 0.024000 0.025907
v 0.046000 0.024000 0.022875
v 0.045187 0.024000 0.025907
v 0.044593 0.024000 0.025313
v 0.045187 0.024000 0.023093
v 0.044593 0.024000 0.023688
v 0.044375 0.024000 0.024500
v 0.047407 0.024000 0.025313
v 0.047625 0.024000 0.024500
v 0.047407 0.024000 0.023688
v 0.046813 0.024000 0.023093
v 0.026684 0.028500 0.021084
v 0.025271 0.028269 0.021441
v 0.025224 0.028443 0.021488
v 0.025203 0.028697 0.021749
v 0.025230 0.028743 0.021927
v 0.026010 0.028935 0.021753
v 0.026692 0.028674 0.021114
v 0.025200 0.028593 0.021595
v 0.026722 0.028855 0.021227
v 0.026768 0.028970 0.021403
v 0.026811 0.029000 0.021567
v 0.020185 0.026562 0.022482
v 0.018774 0.019393 0.022705
v 0.015036 0.024834 0.023162
v 0.017483 0.019470 0.022885
v 0.016739 0.019287 0.022978
v 0.015624 0.018616 0.023103
v 0.008515 0.023131 0.023498
v 0.008745 0.023250 0.023496
v 0.008593 0.023295 0.023498
v 0.008661 0.023371 0.023497
v 0.008993 0.023500 0.023493
v 0.008817 0.023467 0.023495
v 0.008651 0.023916 0.023860
v 0.008998 0.023969 0.023820
v 0.008996 0.023903 0.023697
v 0.008055 0.023257 0.023863
v 0.008076 0.023383 0.023997
v 0.008210 0.023579 0.023863
v 0.008293 0.023707 0.023996
v 0.008342 0.023727 0.023862
v 0.008617 0.023924 0.023995
v 0.009000 0.024000 0.023993
v 0.008994 0.023673 0.023524
v 0.008755 0.023633 0.023529
v 0.008542 0.023502 0.023531
v 0.008451 0.023400 0.023532
v 0.008345 0.023177 0.023532
v 0.008700 0.023780 0.023625
v 0.008438 0.023619 0.023627
v 0.008325 0.023492 0.023628
v 0.008194 0.023219 0.023628
v 0.008129 0.023236 0.023704
v 0.008272 0.023532 0.023703
v 0.008393 0.023669 0.023702
v 0.008677 0.023843 0.023700
v 0.008995 0.023854 0.023640
v 0.009000 0.010016 0.027124
v 0.009000 0.010000 0.027247
v 0.008614 0.010078 0.027232
v 0.008330 0.010294 0.027032
v 0.008412 0.010319 0.026893
v 0.008681 0.010149 0.026945
v 0.008942 0.010324 0.026779
v 0.009000 0.010320 0.026780
v 0.009000 0.010125 0.026916
v 0.008728 0.010399 0.026750
v 0.009000 0.010023 0.027099
v 0.008635 0.010094 0.027081
v 0.008091 0.010604 0.027040
v 0.008124 0.010585 0.026959
v 0.008228 0.010569 0.026815
v 0.008371 0.010585 0.026711
v 0.008563 0.010572 0.026682
v 0.008300 0.010295 0.027109
v 0.008293 0.010293 0.027190
v 0.008075 0.010621 0.027125
v 0.008640 0.010471 0.026722
v 0.008520 0.010380 0.026786
v 0.019846 -0.012802 0.025686
v 0.018697 -0.012357 0.025904
v 0.034538 -0.020191 0.020396
v 0.021466 -0.016205 0.023687
v 0.038250 -0.018430 0.022000
v 0.021491 -0.015978 0.023841
v 0.020247 -0.013089 0.025541
v 0.021332 -0.014672 0.024666
v 0.020726 -0.013569 0.025290
v 0.009000 -0.010320 0.026780
v 0.010042 -0.010096 0.026866
v 0.017425 -0.012332 0.025915
v 0.008750 -0.010566 0.026684
v 0.008563 -0.010575 0.026681
v 0.008640 -0.010471 0.026722
v 0.008728 -0.010400 0.026750
v 0.011315 -0.008789 0.027321
v 0.010904 -0.009455 0.027098
v 0.010787 -0.009581 0.027054
v 0.011406 -0.008529 0.027403
v 0.011500 -0.007863 0.027602
v 0.011500 -0.005801 0.028108
v 0.011500 -0.004287 0.028378
v 0.011500 -0.002915 0.028552
v 0.011500 0.000000 0.028700
v 0.011500 0.002915 0.028552
v 0.011500 0.004287 0.028378
v 0.011500 0.005801 0.028108
v 0.011500 0.007863 0.027602
v 0.011416 0.008489 0.027415
v 0.018223 0.012294 0.025934
v 0.011260 0.008906 0.027282
v 0.016944 0.012447 0.025860
v 0.010786 0.009581 0.027053
v 0.010587 0.009761 0.026990
v 0.008750 0.010566 0.026684
v 0.009589 0.010249 0.026808
v 0.009976 0.010122 0.026857
v 0.018697 0.012357 0.025904
v 0.019449 0.012594 0.025789
v 0.020457 0.013277 0.025444
v 0.020816 0.013684 0.025228
v 0.021145 0.014215 0.024932
v 0.021377 0.014821 0.024577
v 0.021488 0.016015 0.023816
v 0.038250 0.018430 0.022000
v 0.034538 0.020191 0.020396
v 0.014615 0.014852 0.024559
v 0.015964 0.012927 0.025624
v 0.015493 0.013324 0.025420
v 0.015110 0.013784 0.025173
v 0.016944 -0.012447 0.025860
v 0.016246 -0.012750 0.025713
v 0.008943 -0.010324 0.026779
v 0.015305 -0.013529 0.025311
v 0.014718 -0.014531 0.024750
v 0.014500 -0.015689 0.024032
v 0.008018 -0.010812 0.027087
v 0.008372 -0.010585 0.026712
v 0.008520 -0.010380 0.026786
v 0.008066 -0.010752 0.026917
v 0.008228 -0.010569 0.026816
v 0.008125 -0.010585 0.026959
v 0.008213 -0.010430 0.026998
v 0.008413 -0.010319 0.026893
v 0.008330 -0.010294 0.027032
v 0.008682 -0.010150 0.026945
v 0.008636 -0.010095 0.027081
v 0.009000 -0.010057 0.027016
v 0.009000 -0.010023 0.027099
v 0.009000 -0.010211 0.026839
v 0.008076 -0.010621 0.027125
v 0.008160 -0.010459 0.027157
v 0.008293 -0.010293 0.027190
v 0.008614 -0.010079 0.027232
v 0.009000 -0.010000 0.027247
v 0.009000 -0.010088 0.026964
v 0.008083 -0.023348 0.023863
v 0.008737 -0.023944 0.023860
v 0.008617 -0.023924 0.023995
v 0.008417 -0.023787 0.023862
v 0.008293 -0.023707 0.023996
v 0.008272 -0.023658 0.023862
v 0.008076 -0.023383 0.023997
v 0.008364 -0.023240 0.023532
v 0.008529 -0.023177 0.023498
v 0.008494 -0.023454 0.023531
v 0.008625 -0.023335 0.023497
v 0.008594 -0.023543 0.023531
v 0.008699 -0.023401 0.023497
v 0.008814 -0.023652 0.023528
v 0.008861 -0.023481 0.023495
v 0.008995 -0.023854 0.023640
v 0.008994 -0.023673 0.023524
v 0.008993 -0.023500 0.023493
v 0.008218 -0.023296 0.023628
v 0.008379 -0.023560 0.023627
v 0.008501 -0.023670 0.023627
v 0.008773 -0.023803 0.023625
v 0.008998 -0.023969 0.023820
v 0.008756 -0.023869 0.023700
v 0.008462 -0.023724 0.023702
v 0.008329 -0.023605 0.023703
v 0.008155 -0.023320 0.023704
v 0.009000 -0.024000 0.023993
v 0.008745 -0.023250 0.023496
v 0.014417 -0.024626 0.023219
v 0.015918 -0.018850 0.023072
v 0.017086 -0.019394 0.022936
v 0.017078 -0.025519 0.022937
v 0.017928 -0.019494 0.022825
v 0.021217 -0.026909 0.022301
v 0.019196 -0.019256 0.022641
v 0.022210 -0.027242 0.022112
v 0.025271 -0.028269 0.021441
v 0.026684 -0.028500 0.021084
v 0.027000 -0.028500 0.021000
v 0.026010 -0.028935 0.021753
v 0.025230 -0.028743 0.021927
v 0.025203 -0.028697 0.021749
v 0.026768 -0.028970 0.021403
v 0.025200 -0.028593 0.021595
v 0.026722 -0.028855 0.021227
v 0.025224 -0.028443 0.021488
v 0.026692 -0.028674 0.021114
v 0.026811 -0.029000 0.021567
v 0.046000 -0.028500 0.018500
v 0.042734 -0.028500 0.018573
v 0.035145 -0.027280 0.019307
v 0.035950 -0.026861 0.019191
v 0.034326 -0.028500 0.019434
v 0.036619 -0.026248 0.019101
v 0.037110 -0.025482 0.019040
v 0.037386 -0.024617 0.019007
v 0.037428 -0.023708 0.019002
v 0.038518 -0.028500 0.018882
v 0.039921 -0.028500 0.018752
v 0.030420 -0.024423 0.020171
v 0.030428 -0.023514 0.020170
v 0.030672 -0.022640 0.020117
v 0.030647 -0.025303 0.020123
v 0.031091 -0.026092 0.020029
v 0.030174 -0.028500 0.020225
v 0.031722 -0.026739 0.019901
v 0.032495 -0.027204 0.019752
v 0.032937 -0.028500 0.019671
v 0.033361 -0.027456 0.019596
v 0.034263 -0.027484 0.019444
v 0.047444 -0.018387 0.028531
v 0.047398 -0.018554 0.028500
v 0.047967 -0.018635 0.028531
v 0.047867 -0.018776 0.028500
v 0.048374 -0.019046 0.028531
v 0.048232 -0.019145 0.028500
v 0.048617 -0.019571 0.028531
v 0.048450 -0.019616 0.028500
v 0.048691 -0.020000 0.028538
v 0.048500 -0.020000 0.028500
v 0.048933 -0.019487 0.029000
v 0.049000 -0.020000 0.029000
v 0.048962 -0.020000 0.028809
v 0.048903 -0.019495 0.028827
v 0.048617 -0.018877 0.028827
v 0.048643 -0.018859 0.029000
v 0.048414 -0.018586 0.029000
v 0.048138 -0.018393 0.028827
v 0.048156 -0.018368 0.029000
v 0.047523 -0.018102 0.028827
v 0.047531 -0.018072 0.029000
v 0.047492 -0.018213 0.028646
v 0.048071 -0.018487 0.028646
v 0.048523 -0.018943 0.028646
v 0.048792 -0.019525 0.028646
v 0.048854 -0.020000 0.028646
v 0.048500 -0.024000 0.028500
v 0.047783 -0.024000 0.019348
v 0.046000 -0.024000 0.022875
v 0.044593 -0.024000 0.025313
v 0.044375 -0.024000 0.024500
v 0.047407 -0.024000 0.025313
v 0.047625 -0.024000 0.024500
v 0.048500 -0.024000 0.020627
v 0.047407 -0.024000 0.023688
v 0.046813 -0.024000 0.023093
v 0.048435 -0.024000 0.020189
v 0.048186 -0.024000 0.019708
v 0.044593 -0.024000 0.023688
v 0.045187 -0.024000 0.023093
v 0.046813 -0.024000 0.025907
v 0.046000 -0.024000 0.026125
v 0.045187 -0.024000 0.025907
v 0.046756 -0.028500 0.018548
v 0.047500 -0.028500 0.018691
v 0.048673 -0.024031 0.020627
v 0.048600 -0.024031 0.020138
v 0.048323 -0.024031 0.019602
v 0.047873 -0.024031 0.019200
v 0.048044 -0.024500 0.018921
v 0.048028 -0.024327 0.018948
v 0.048276 -0.024500 0.019087
v 0.048581 -0.024500 0.019402
v 0.048557 -0.024327 0.019421
v 0.048810 -0.024500 0.019776
v 0.048883 -0.024327 0.020052
v 0.048913 -0.024500 0.020043
v 0.048969 -0.024327 0.020627
v 0.049000 -0.024500 0.020627
v 0.048854 -0.024146 0.020627
v 0.048773 -0.024146 0.020085
v 0.048465 -0.024146 0.019492
v 0.047968 -0.024146 0.019046
v 0.017334 0.019249 0.022945
v 0.016836 0.018809 0.023293
v 0.016871 0.018779 0.023488
v 0.016300 0.018522 0.023362
v 0.016330 0.018492 0.023560
v 0.015832 0.018134 0.023418
v 0.015755 0.017990 0.023631
v 0.015872 0.018114 0.023617
v 0.017377 0.019088 0.023051
v 0.016777 0.018907 0.023129
v 0.016702 0.019060 0.023024
v 0.016120 0.018748 0.023092
v 0.016224 0.018610 0.023197
v 0.015611 0.018326 0.023147
v 0.015741 0.018208 0.023252
v 0.019270 0.019031 0.022666
v 0.017989 0.019307 0.022856
v 0.018643 0.019233 0.022762
v 0.018625 0.019076 0.022870
v 0.019213 0.018743 0.023113
v 0.018640 0.018929 0.023215
v 0.018625 0.018970 0.023028
v 0.018362 0.018976 0.023262
v 0.018022 0.019037 0.023124
v 0.018047 0.018999 0.023313
v 0.017418 0.018983 0.023213
v 0.017449 0.018948 0.023406
v 0.016937 0.018805 0.023479
v 0.019203 0.018786 0.022931
v 0.019704 0.018469 0.023022
v 0.015005 0.016176 0.024290
v 0.015000 0.016000 0.024426
v 0.015008 0.015659 0.024557
v 0.017838 0.012771 0.025965
v 0.018605 0.012827 0.025936
v 0.018645 0.012595 0.025860
v 0.021078 0.016560 0.023591
v 0.019907 0.013665 0.025873
v 0.020476 0.014307 0.025612
v 0.020397 0.014174 0.025562
v 0.020661 0.014614 0.025412
v 0.020746 0.014760 0.025183
v 0.020949 0.015390 0.024750
v 0.020915 0.015291 0.024948
v 0.021000 0.016000 0.024426
v 0.020925 0.016670 0.023896
v 0.020969 0.016622 0.023718
v 0.020480 0.013971 0.025301
v 0.020020 0.013360 0.025543
v 0.019966 0.013453 0.025596
v 0.019369 0.012956 0.025758
v 0.019331 0.013060 0.025812
v 0.019417 0.012845 0.025733
v 0.020088 0.013265 0.025516
v 0.020628 0.013816 0.025217
v 0.021014 0.014453 0.024851
v 0.020852 0.014573 0.024938
v 0.021240 0.015139 0.024433
v 0.021074 0.015225 0.024522
v 0.021309 0.015841 0.023977
v 0.020971 0.015333 0.024665
v 0.021039 0.015982 0.024202
v 0.021148 0.015896 0.024068
v 0.021229 0.016532 0.023499
v 0.014712 0.015433 0.024246
v 0.015037 0.014843 0.024769
v 0.015346 0.014214 0.025156
v 0.015191 0.014074 0.025071
v 0.014872 0.014737 0.024682
v 0.014877 0.015506 0.024335
v 0.015666 0.013482 0.025400
v 0.016343 0.013108 0.025679
v 0.016286 0.013004 0.025653
v 0.017057 0.012795 0.025842
v 0.017023 0.012677 0.025818
v 0.017827 0.012535 0.025889
v 0.015801 0.013657 0.025482
v 0.016389 0.013208 0.025732
v 0.017083 0.012904 0.025895
v 0.014983 0.015605 0.024475
v 0.015237 0.014831 0.025267
v 0.015752 0.014012 0.025797
v 0.015439 0.014412 0.025411
v 0.015870 0.013866 0.025752
v 0.015084 0.015292 0.024948
v 0.015151 0.015021 0.025007
v 0.015134 0.014963 0.024918
v 0.015793 0.013966 0.025825
v 0.016650 0.013322 0.026208
v 0.016434 0.013423 0.026016
v 0.016933 0.013197 0.026279
v 0.017107 0.013120 0.026189
v 0.017779 0.013008 0.026385
v 0.017842 0.012988 0.026263
v 0.018589 0.013044 0.026232
v 0.018362 0.013023 0.026377
v 0.018657 0.013075 0.026348
v 0.019295 0.013276 0.026100
v 0.019676 0.013511 0.026098
v 0.019706 0.013531 0.026086
v 0.020796 0.014638 0.025008
v 0.020760 0.014701 0.025091
v 0.020431 0.014046 0.025374
v 0.020403 0.014115 0.025463
v 0.019927 0.013538 0.025672
v 0.019907 0.013610 0.025766
v 0.019305 0.013152 0.025890
v 0.019293 0.013226 0.025988
v 0.018593 0.012923 0.026016
v 0.018588 0.012997 0.026116
v 0.017841 0.012868 0.026045
v 0.017843 0.012942 0.026146
v 0.017101 0.012998 0.025974
v 0.017109 0.013072 0.026074
v 0.016420 0.013297 0.025809
v 0.016436 0.013371 0.025906
v 0.015844 0.013738 0.025557
v 0.015868 0.013809 0.025648
v 0.015399 0.014286 0.025228
v 0.015430 0.014353 0.025314
v 0.016937 -0.018805 0.023480
v 0.017440 -0.018946 0.023407
v 0.017418 -0.018982 0.023213
v 0.017477 -0.018952 0.023401
v 0.018021 -0.019033 0.023123
v 0.018046 -0.018994 0.023312
v 0.018362 -0.018972 0.023261
v 0.018624 -0.018966 0.023028
v 0.018672 -0.018918 0.023208
v 0.019203 -0.018784 0.022931
v 0.019212 -0.018741 0.023113
v 0.019704 -0.018469 0.023022
v 0.018624 -0.019073 0.022869
v 0.017989 -0.019303 0.022855
v 0.017377 -0.019087 0.023051
v 0.018642 -0.019229 0.022761
v 0.019270 -0.019030 0.022666
v 0.016704 -0.019061 0.023024
v 0.016122 -0.018748 0.023092
v 0.016226 -0.018610 0.023197
v 0.017334 -0.019248 0.022944
v 0.016778 -0.018908 0.023129
v 0.016302 -0.018522 0.023362
v 0.015833 -0.018134 0.023418
v 0.015755 -0.017989 0.023631
v 0.015873 -0.018114 0.023617
v 0.015612 -0.018325 0.023147
v 0.015741 -0.018208 0.023252
v 0.016333 -0.018492 0.023560
v 0.016837 -0.018810 0.023293
v 0.020949 -0.015390 0.024750
v 0.021000 -0.016000 0.024426
v 0.020762 -0.014827 0.025270
v 0.021074 -0.015225 0.024522
v 0.020852 -0.014573 0.024938
v 0.021014 -0.014453 0.024851
v 0.020628 -0.013816 0.025217
v 0.021229 -0.016532 0.023499
v 0.014712 -0.015433 0.024246
v 0.015005 -0.016176 0.024290
v 0.015082 -0.015301 0.024941
v 0.015439 -0.014412 0.025411
v 0.015510 -0.014326 0.025599
v 0.015870 -0.013866 0.025752
v 0.015748 -0.014017 0.025794
v 0.016434 -0.013423 0.026016
v 0.015134 -0.014963 0.024918
v 0.014983 -0.015605 0.024475
v 0.014877 -0.015506 0.024335
v 0.015000 -0.016000 0.024426
v 0.015008 -0.015659 0.024557
v 0.015151 -0.015021 0.025007
v 0.017827 -0.012535 0.025889
v 0.017057 -0.012795 0.025842
v 0.017023 -0.012677 0.025818
v 0.016343 -0.013108 0.025679
v 0.016286 -0.013004 0.025653
v 0.015666 -0.013482 0.025400
v 0.018605 -0.012827 0.025936
v 0.017838 -0.012771 0.025965
v 0.017083 -0.012904 0.025895
v 0.016389 -0.013208 0.025732
v 0.015801 -0.013657 0.025482
v 0.015346 -0.014215 0.025156
v 0.015191 -0.014074 0.025071
v 0.014872 -0.014737 0.024682
v 0.020020 -0.013360 0.025543
v 0.020088 -0.013265 0.025516
v 0.019369 -0.012956 0.025758
v 0.019417 -0.012845 0.025733
v 0.018645 -0.012595 0.025860
v 0.019331 -0.013060 0.025812
v 0.019966 -0.013453 0.025596
v 0.020480 -0.013971 0.025301
v 0.020925 -0.016670 0.023896
v 0.020969 -0.016622 0.023718
v 0.021039 -0.015982 0.024202
v 0.021148 -0.015896 0.024068
v 0.021240 -0.015139 0.024433
v 0.021309 -0.015841 0.023977
v 0.021078 -0.016560 0.023591
v 0.020746 -0.014760 0.025183
v 0.020660 -0.014612 0.025414
v 0.020397 -0.014174 0.025562
v 0.020205 -0.013967 0.025824
v 0.019711 -0.013535 0.026084
v 0.019907 -0.013665 0.025873
v 0.019361 -0.013326 0.026206
v 0.019295 -0.013276 0.026100
v 0.018363 -0.013023 0.026377
v 0.018589 -0.013044 0.026232
v 0.018237 -0.013010 0.026384
v 0.017842 -0.012988 0.026263
v 0.017295 -0.013084 0.026342
v 0.017107 -0.013120 0.026189
v 0.016932 -0.013198 0.026279
v 0.016287 -0.013537 0.026084
v 0.015399 -0.014286 0.025228
v 0.015430 -0.014353 0.025314
v 0.015844 -0.013738 0.025557
v 0.015868 -0.013809 0.025648
v 0.016420 -0.013298 0.025809
v 0.016436 -0.013371 0.025906
v 0.017101 -0.012998 0.025974
v 0.017109 -0.013072 0.026074
v 0.017841 -0.012868 0.026045
v 0.017843 -0.012942 0.026146
v 0.018593 -0.012923 0.026016
v 0.018588 -0.012997 0.026116
v 0.019305 -0.013152 0.025890
v 0.019293 -0.013226 0.025988
v 0.019927 -0.013538 0.025672
v 0.019907 -0.013610 0.025766
v 0.020431 -0.014046 0.025374
v 0.020403 -0.014115 0.025463
v 0.020796 -0.014638 0.025008
v 0.020760 -0.014701 0.025091
v 0.020971 -0.015333 0.024665
v 0.015037 -0.014843 0.024769
v 0.031215 0.021925 0.020016
v 0.037256 0.023723 0.019055
v 0.037073 0.022880 0.019078
v 0.036939 0.022933 0.019188
v 0.031237 0.022834 0.020606
v 0.031186 0.022832 0.020394
v 0.031088 0.023282 0.020644
v 0.030980 0.023583 0.020443
v 0.031029 0.023584 0.020658
v 0.031000 0.024000 0.020666
v 0.030973 0.024363 0.020445
v 0.031022 0.024362 0.020660
v 0.031541 0.025800 0.020311
v 0.031593 0.025793 0.020519
v 0.031164 0.025119 0.020399
v 0.031215 0.025117 0.020611
v 0.031088 0.024718 0.020643
v 0.032741 0.026770 0.020047
v 0.032789 0.026745 0.020244
v 0.032079 0.026362 0.020189
v 0.032131 0.026347 0.020392
v 0.031754 0.025990 0.020480
v 0.034268 0.027027 0.019750
v 0.034294 0.026987 0.019937
v 0.033487 0.026996 0.019897
v 0.033526 0.026962 0.020088
v 0.032936 0.026805 0.020212
v 0.036743 0.025293 0.019358
v 0.036656 0.025394 0.019545
v 0.036315 0.025959 0.019418
v 0.036299 0.025926 0.019597
v 0.035732 0.026491 0.019505
v 0.035729 0.026452 0.019686
v 0.035033 0.026854 0.019618
v 0.035044 0.026812 0.019801
v 0.034362 0.026979 0.019924
v 0.036824 0.022988 0.019521
v 0.036989 0.023750 0.019498
v 0.037021 0.023746 0.019321
v 0.037000 0.024001 0.019497
v 0.036985 0.024538 0.019326
v 0.036953 0.024529 0.019503
v 0.036717 0.025270 0.019536
v 0.031057 0.022792 0.020221
v 0.030843 0.023569 0.020270
v 0.030837 0.024375 0.020271
v 0.031034 0.025156 0.020226
v 0.031424 0.025861 0.020141
v 0.031981 0.026443 0.020022
v 0.032668 0.026866 0.019883
v 0.033442 0.027102 0.019735
v 0.034253 0.027135 0.019591
v 0.035047 0.026957 0.019460
v 0.035774 0.026582 0.019349
v 0.036381 0.026031 0.019263
v 0.036826 0.025340 0.019203
v 0.037077 0.024558 0.019171
v 0.037114 0.023736 0.019166
v 0.036853 0.022970 0.019343
v 0.030874 0.022724 0.020124
v 0.030647 0.023545 0.020173
v 0.030639 0.024396 0.020174
v 0.030850 0.025222 0.020129
v 0.031264 0.025965 0.020041
v 0.031855 0.026576 0.019920
v 0.032581 0.027019 0.019779
v 0.033398 0.027264 0.019630
v 0.034251 0.027296 0.019484
v 0.035087 0.027107 0.019352
v 0.035850 0.026711 0.019240
v 0.036486 0.026131 0.019153
v 0.036953 0.025406 0.019093
v 0.037217 0.024585 0.019060
v 0.031301 0.021988 0.020033
v 0.031459 0.022094 0.020133
v 0.031575 0.022157 0.020303
v 0.031627 0.022164 0.020511
v 0.033790 0.020207 0.020387
v 0.033805 0.020372 0.020306
v 0.033797 0.020273 0.020345
v 0.033079 0.020441 0.020233
v 0.032609 0.021324 0.020447
v 0.032361 0.021488 0.020526
v 0.033204 0.021087 0.020561
v 0.032937 0.021194 0.020643
v 0.033296 0.021083 0.020717
v 0.033815 0.021006 0.020787
v 0.033824 0.020972 0.020609
v 0.032387 0.020782 0.020086
v 0.031752 0.021285 0.019990
v 0.031826 0.021374 0.019997
v 0.031896 0.021460 0.020031
v 0.031958 0.021538 0.020089
v 0.031755 0.022011 0.020489
v 0.032046 0.021657 0.020265
v 0.032604 0.021274 0.020331
v 0.033209 0.021029 0.020437
v 0.033827 0.020875 0.020452
v 0.032583 0.021201 0.020230
v 0.033202 0.020940 0.020332
v 0.032548 0.021109 0.020151
v 0.033184 0.020828 0.020255
v 0.032502 0.021004 0.020099
v 0.033156 0.020701 0.020211
v 0.032447 0.020893 0.020077
v 0.033120 0.020569 0.020204
v 0.033809 0.020424 0.020295
v 0.033820 0.020605 0.020298
v 0.033825 0.020727 0.020341
v 0.034362 0.021023 0.020768
v 0.034461 0.021037 0.020752
v 0.034440 0.021000 0.020576
v 0.035070 0.021197 0.020565
v 0.035026 0.021146 0.020400
v 0.034432 0.020901 0.020421
v 0.034438 0.020754 0.020311
v 0.034450 0.020632 0.020268
v 0.034477 0.020454 0.020264
v 0.034487 0.020403 0.020275
v 0.035010 0.021041 0.020254
v 0.035025 0.020895 0.020149
v 0.035053 0.020779 0.020107
v 0.035114 0.020612 0.020098
v 0.035135 0.020565 0.020106
v 0.035216 0.020419 0.020174
v 0.034524 0.020241 0.020353
v 0.036533 0.022318 0.019461
v 0.036655 0.022604 0.019581
v 0.036600 0.022504 0.019611
v 0.036739 0.022100 0.019199
v 0.036819 0.022041 0.019175
v 0.036360 0.021366 0.019465
v 0.035619 0.021174 0.019860
v 0.035668 0.021061 0.019815
v 0.035733 0.020948 0.019801
v 0.035810 0.020843 0.019817
v 0.036097 0.021779 0.019718
v 0.035583 0.021370 0.020027
v 0.036099 0.021838 0.019818
v 0.035598 0.021439 0.020138
v 0.035708 0.021532 0.020208
v 0.035634 0.021483 0.020256
v 0.035590 0.021279 0.019933
v 0.036024 0.021785 0.019994
v 0.036608 0.022217 0.019301
v 0.036154 0.021625 0.019555
v 0.036210 0.021538 0.019501
v 0.036279 0.021450 0.019471
v 0.036817 -0.022040 0.019176
v 0.036401 -0.022203 0.019733
v 0.035703 -0.021528 0.020212
v 0.036099 -0.021837 0.019819
v 0.035599 -0.021439 0.020137
v 0.035571 -0.021443 0.020296
v 0.035070 -0.021197 0.020565
v 0.035026 -0.021146 0.020400
v 0.035669 -0.021061 0.019815
v 0.035734 -0.020948 0.019800
v 0.036279 -0.021449 0.019472
v 0.036360 -0.021365 0.019466
v 0.035620 -0.021174 0.019860
v 0.036209 -0.021538 0.019502
v 0.036737 -0.022099 0.019199
v 0.037073 -0.022880 0.019078
v 0.035591 -0.021280 0.019933
v 0.036154 -0.021625 0.019555
v 0.036607 -0.022216 0.019301
v 0.036939 -0.022933 0.019188
v 0.036652 -0.022598 0.019583
v 0.036532 -0.022317 0.019461
v 0.036097 -0.021779 0.019718
v 0.035584 -0.021370 0.020027
v 0.035010 -0.021041 0.020254
v 0.036853 -0.022970 0.019343
v 0.036824 -0.022988 0.019521
v 0.035811 -0.020843 0.019817
v 0.035216 -0.020419 0.020174
v 0.035025 -0.020895 0.020149
v 0.035053 -0.020779 0.020107
v 0.035114 -0.020612 0.020098
v 0.035135 -0.020565 0.020106
v 0.034440 -0.021000 0.020576
v 0.034461 -0.021037 0.020752
v 0.034362 -0.021023 0.020768
v 0.033805 -0.020372 0.020306
v 0.034477 -0.020454 0.020264
v 0.033809 -0.020424 0.020295
v 0.034450 -0.020632 0.020268
v 0.033820 -0.020605 0.020298
v 0.034438 -0.020754 0.020311
v 0.033825 -0.020727 0.020341
v 0.034432 -0.020901 0.020421
v 0.033827 -0.020875 0.020452
v 0.033824 -0.020972 0.020609
v 0.033815 -0.021006 0.020787
v 0.033797 -0.020273 0.020345
v 0.034524 -0.020241 0.020353
v 0.034487 -0.020403 0.020275
v 0.033790 -0.020207 0.020387
v 0.032046 -0.021656 0.020264
v 0.031575 -0.022157 0.020303
v 0.031459 -0.022094 0.020133
v 0.032387 -0.020782 0.020086
v 0.032447 -0.020892 0.020077
v 0.031827 -0.021373 0.019996
v 0.031754 -0.022011 0.020489
v 0.031627 -0.022164 0.020511
v 0.032583 -0.021201 0.020230
v 0.032604 -0.021274 0.020331
v 0.032610 -0.021324 0.020447
v 0.032748 -0.021274 0.020602
v 0.032071 -0.021704 0.020487
v 0.031899 -0.021859 0.020481
v 0.031896 -0.021459 0.020030
v 0.032502 -0.021004 0.020099
v 0.031958 -0.021537 0.020088
v 0.032548 -0.021109 0.020151
v 0.031753 -0.021284 0.019989
v 0.031549 -0.021666 0.019996
v 0.033079 -0.020441 0.020234
v 0.032935 -0.021195 0.020643
v 0.033204 -0.021088 0.020562
v 0.033120 -0.020569 0.020204
v 0.033156 -0.020702 0.020212
v 0.033184 -0.020829 0.020255
v 0.033202 -0.020941 0.020333
v 0.033209 -0.021030 0.020438
v 0.031301 -0.021988 0.020033
v 0.030874 -0.022724 0.020124
v 0.035704 -0.026470 0.019690
v 0.035730 -0.026452 0.019686
v 0.035733 -0.026492 0.019505
v 0.036743 -0.025293 0.019358
v 0.036717 -0.025271 0.019536
v 0.036985 -0.024538 0.019326
v 0.036953 -0.024529 0.019503
v 0.037021 -0.023745 0.019321
v 0.036999 -0.024000 0.019497
v 0.036989 -0.023750 0.019498
v 0.036316 -0.025960 0.019418
v 0.036300 -0.025927 0.019597
v 0.036656 -0.025394 0.019545
v 0.035045 -0.026812 0.019801
v 0.035033 -0.026854 0.019618
v 0.034362 -0.026979 0.019925
v 0.034268 -0.027026 0.019750
v 0.034294 -0.026986 0.019937
v 0.033526 -0.026962 0.020088
v 0.033487 -0.026996 0.019897
v 0.032936 -0.026806 0.020212
v 0.032741 -0.026770 0.020047
v 0.032789 -0.026746 0.020244
v 0.032131 -0.026347 0.020392
v 0.032079 -0.026362 0.020189
v 0.031754 -0.025990 0.020480
v 0.031541 -0.025800 0.020311
v 0.031593 -0.025793 0.020519
v 0.031215 -0.025117 0.020612
v 0.031165 -0.025119 0.020399
v 0.031088 -0.024718 0.020643
v 0.030973 -0.024363 0.020445
v 0.031023 -0.024362 0.020660
v 0.030980 -0.023583 0.020443
v 0.031029 -0.023584 0.020658
v 0.031000 -0.024000 0.020666
v 0.031186 -0.022832 0.020394
v 0.031237 -0.022834 0.020606
v 0.031088 -0.023282 0.020643
v 0.031057 -0.022792 0.020221
v 0.030844 -0.023569 0.020270
v 0.030837 -0.024375 0.020271
v 0.031035 -0.025156 0.020226
v 0.031424 -0.025861 0.020141
v 0.031981 -0.026443 0.020022
v 0.032668 -0.026867 0.019883
v 0.033442 -0.027102 0.019735
v 0.034253 -0.027134 0.019591
v 0.035048 -0.026957 0.019460
v 0.035775 -0.026583 0.019349
v 0.036381 -0.026032 0.019263
v 0.036826 -0.025340 0.019203
v 0.037076 -0.024558 0.019171
v 0.037114 -0.023736 0.019166
v 0.037256 -0.023723 0.019055
v 0.037217 -0.024585 0.019060
v 0.036953 -0.025406 0.019093
v 0.036487 -0.026132 0.019152
v 0.035851 -0.026712 0.019240
v 0.035087 -0.027106 0.019352
v 0.034251 -0.027295 0.019484
v 0.033398 -0.027264 0.019630
v 0.032581 -0.027020 0.019779
v 0.031855 -0.026577 0.019920
v 0.031264 -0.025965 0.020041
v 0.030850 -0.025222 0.020129
v 0.030640 -0.024396 0.020174
v 0.030647 -0.023545 0.020173
v 0.008000 -0.011000 0.028500
v 0.008000 -0.023000 0.028500
v 0.008000 0.011000 0.028500
v 0.008000 0.023000 0.028500
v 0.047710 -0.018137 0.029566
v 0.047688 -0.018146 0.029614
v 0.048285 -0.018507 0.029961
v 0.048676 -0.019315 0.030815
v 0.048645 -0.019050 0.030532
v 0.048467 -0.018869 0.030369
v 0.048237 -0.018516 0.030004
v 0.048175 -0.018526 0.030026
v 0.047828 -0.018281 0.029781
v 0.047495 -0.018062 0.029451
v 0.047000 -0.018019 0.029492
v 0.047957 -0.018244 0.029610
v 0.047729 -0.018138 0.029517
v 0.047419 -0.018125 0.029625
v 0.047000 -0.018073 0.029573
v 0.048384 -0.018556 0.029883
v 0.048325 -0.018513 0.029912
v 0.048414 -0.018586 0.029909
v 0.048570 -0.018779 0.030157
v 0.048752 -0.019036 0.030304
v 0.048763 -0.019086 0.030438
v 0.047638 -0.018194 0.029694
v 0.048711 -0.019059 0.030491
v 0.048954 -0.019572 0.030772
v 0.048899 -0.019422 0.030746
v 0.048994 -0.019840 0.031007
v 0.048971 -0.019777 0.031072
v 0.048917 -0.019725 0.031128
v 0.048837 -0.019692 0.031167
v 0.048744 -0.019683 0.031183
v 0.048741 -0.019769 0.031269
v 0.048915 -0.019896 0.031299
v 0.048842 -0.019822 0.031292
v 0.048705 -0.019857 0.031357
v 0.048810 -0.019921 0.031393
v 0.048899 -0.019954 0.031361
v 0.048877 -0.019998 0.031406
v 0.038000 -0.018019 0.029492
v 0.038000 -0.018073 0.029573
v 0.035981 -0.016000 0.029492
v 0.035927 -0.016000 0.029573
v 0.036135 -0.016773 0.029492
v 0.036085 -0.016793 0.029573
v 0.036572 -0.017428 0.029492
v 0.036534 -0.017466 0.029573
v 0.037227 -0.017865 0.029492
v 0.037207 -0.017915 0.029573
v 0.035927 0.016000 0.029573
v 0.035981 0.016000 0.029492
v 0.038000 0.018019 0.029492
v 0.038000 0.018073 0.029573
v 0.037227 0.017865 0.029492
v 0.037207 0.017915 0.029573
v 0.036572 0.017428 0.029492
v 0.036534 0.017466 0.029573
v 0.036135 0.016773 0.029492
v 0.036085 0.016793 0.029573
v 0.048076 0.018443 0.029943
v 0.047654 0.018200 0.029700
v 0.047686 0.018148 0.029616
v 0.047193 0.018084 0.029584
v 0.047000 0.018073 0.029573
v 0.047000 0.018019 0.029492
v 0.048397 0.018769 0.030269
v 0.048187 0.018537 0.030037
v 0.048237 0.018516 0.030005
v 0.048284 0.018508 0.029962
v 0.048784 0.019102 0.030410
v 0.048798 0.019124 0.030380
v 0.048884 0.019329 0.030560
v 0.048342 0.018520 0.029887
v 0.048414 0.018586 0.029909
v 0.048648 0.018866 0.030154
v 0.047996 0.018266 0.029631
v 0.047031 0.018000 0.029397
v 0.047523 0.018070 0.029459
v 0.047728 0.018137 0.029519
v 0.047708 0.018139 0.029569
v 0.048325 0.018513 0.029913
v 0.048712 0.019057 0.030490
v 0.048764 0.019084 0.030438
v 0.048986 0.019807 0.031040
v 0.048994 0.019840 0.031007
v 0.048971 0.019777 0.031072
v 0.048947 0.019749 0.031102
v 0.048916 0.019725 0.031128
v 0.048646 0.019048 0.030531
v 0.048837 0.019692 0.031167
v 0.048636 0.019203 0.030703
v 0.048744 0.019683 0.031183
v 0.048810 0.019921 0.031394
v 0.048705 0.019858 0.031358
v 0.048842 0.019821 0.031292
v 0.048742 0.019769 0.031269
v 0.048877 0.019998 0.031406
v 0.048915 0.019896 0.031299
v 0.048044 0.028500 0.018921
v 0.048276 0.028500 0.019087
v 0.048581 0.028500 0.019402
v 0.048810 0.028500 0.019776
v 0.048913 0.028500 0.020043
v 0.049000 0.028500 0.020627
v 0.048858 0.024150 0.028650
v 0.048750 0.024067 0.028567
v 0.048598 0.024010 0.028510
v 0.049000 0.024500 0.029000
v 0.048933 0.024250 0.028750
v 0.049000 0.020000 0.031129
v 0.048998 0.019918 0.031070
v 0.048960 0.020014 0.031308
v 0.048998 0.020050 0.031191
v 0.049000 0.020061 0.031165
v 0.048922 0.020004 0.031365
v 0.048950 0.020011 0.031326
v 0.049000 0.028500 0.031250
v 0.048962 0.028691 0.031250
v 0.048969 0.028673 0.020627
v 0.048933 0.028750 0.031250
v 0.048933 0.028750 0.020627
v 0.048854 0.028854 0.031250
v 0.048854 0.028854 0.020627
v 0.048750 0.028933 0.031250
v 0.048750 0.028933 0.020627
v 0.048691 0.028962 0.031250
v 0.048673 0.028969 0.020627
v 0.048500 0.029000 0.031250
v 0.048500 0.029000 0.020627
v 0.048773 0.028854 0.020085
v 0.048883 0.028673 0.020052
v 0.048028 0.028673 0.018948
v 0.047492 0.028673 0.018720
v 0.048557 0.028673 0.019421
v 0.048435 0.029000 0.020189
v 0.048600 0.028969 0.020138
v 0.048323 0.028969 0.019602
v 0.048186 0.029000 0.019708
v 0.047873 0.028969 0.019200
v 0.047783 0.029000 0.019348
v 0.047418 0.028969 0.019007
v 0.047375 0.029000 0.019175
v 0.048465 0.028854 0.019492
v 0.047968 0.028854 0.019046
v 0.047463 0.028854 0.018832
v 0.046748 0.028673 0.018578
v 0.046733 0.028854 0.018693
v 0.046711 0.028969 0.018872
v 0.046000 0.028969 0.018827
v 0.046000 0.029000 0.019000
v 0.046689 0.029000 0.019043
v 0.046000 0.028673 0.018531
v 0.046000 0.028854 0.018646
v 0.027008 0.028673 0.021030
v 0.030180 0.028673 0.020255
v 0.034331 0.028673 0.019464
v 0.038521 0.028673 0.018913
v 0.042735 0.028673 0.018604
v 0.042756 0.029000 0.019072
v 0.042748 0.028969 0.018899
v 0.038551 0.028969 0.019207
v 0.038569 0.029000 0.019379
v 0.034378 0.028969 0.019756
v 0.034406 0.029000 0.019927
v 0.030244 0.028969 0.020545
v 0.030281 0.029000 0.020714
v 0.027085 0.028969 0.021316
v 0.027129 0.029000 0.021483
v 0.027038 0.028854 0.021141
v 0.030205 0.028854 0.020368
v 0.034350 0.028854 0.019578
v 0.038533 0.028854 0.019028
v 0.042740 0.028854 0.018719
v 0.046000 0.029000 0.022875
v 0.045187 0.029000 0.023093
v 0.044593 0.029000 0.023688
v 0.044375 0.029000 0.024500
v 0.044593 0.029000 0.025313
v 0.045187 0.029000 0.025907
v 0.046000 0.029000 0.026125
v 0.046813 0.029000 0.025907
v 0.047407 0.029000 0.025313
v 0.047625 0.029000 0.024500
v 0.047407 0.029000 0.023688
v 0.046813 0.029000 0.023093
v 0.026811 0.029000 0.031250
v 0.026010 0.028935 0.031250
v 0.025230 0.028743 0.031250
v 0.014926 0.025309 0.023660
v 0.020110 0.027037 0.022975
v 0.020094 0.026993 0.022792
v 0.014981 0.025012 0.023205
v 0.014940 0.025165 0.023313
v 0.014921 0.025268 0.023473
v 0.020134 0.026738 0.022527
v 0.020102 0.026889 0.022635
v 0.005000 0.023750 0.028567
v 0.008342 0.023753 0.028569
v 0.008286 0.023701 0.028542
v 0.008134 0.023500 0.028500
v 0.005000 0.023500 0.028500
v 0.005000 0.023673 0.028531
v 0.005000 0.023933 0.028750
v 0.008644 0.023935 0.028753
v 0.008507 0.023870 0.028664
v 0.005000 0.023854 0.028646
v 0.009000 0.024000 0.029000
v 0.008995 0.024000 0.028996
v 0.005000 0.024000 0.029000
v 0.008848 0.023988 0.028893
v 0.008657 0.023939 0.028761
v 0.005000 0.023969 0.028827
v 0.008062 0.023346 0.028500
v 0.010189 0.024000 0.031250
v 0.010990 0.024065 0.031250
v 0.011770 0.024257 0.031250
v 0.004199 0.023769 0.028646
v 0.004236 0.023593 0.028531
v 0.001250 0.020000 0.028567
v 0.001146 0.020000 0.028646
v 0.001231 0.020801 0.028646
v 0.004175 0.023882 0.028827
v 0.004168 0.023913 0.029000
v 0.003469 0.023696 0.029000
v 0.003106 0.023488 0.028827
v 0.003091 0.023515 0.029000
v 0.002193 0.022807 0.028827
v 0.002172 0.022828 0.029000
v 0.001512 0.021894 0.028827
v 0.001485 0.021909 0.029000
v 0.001118 0.020825 0.028827
v 0.001087 0.020832 0.029000
v 0.001304 0.021531 0.029000
v 0.001000 0.020000 0.029000
v 0.001031 0.020000 0.028827
v 0.001067 0.020000 0.028750
v 0.001576 0.020728 0.028500
v 0.001500 0.020000 0.028500
v 0.001327 0.020000 0.028531
v 0.001407 0.020764 0.028531
v 0.001772 0.021753 0.028531
v 0.001924 0.021670 0.028500
v 0.002403 0.022597 0.028531
v 0.002525 0.022475 0.028500
v 0.003247 0.023228 0.028531
v 0.003330 0.023076 0.028500
v 0.004272 0.023424 0.028500
v 0.003161 0.023387 0.028646
v 0.002275 0.022725 0.028646
v 0.001613 0.021839 0.028646
v 0.001000 0.012000 0.029000
v 0.001031 0.012000 0.028827
v 0.001067 0.012000 0.028750
v 0.001146 0.012000 0.028646
v 0.001250 0.012000 0.028567
v 0.001327 0.012000 0.028531
v 0.001500 0.012000 0.028500
v 0.001212 0.011511 0.028646
v 0.001386 0.011559 0.028531
v 0.003000 0.010250 0.028567
v 0.003000 0.010146 0.028646
v 0.002511 0.010212 0.028646
v 0.001101 0.011480 0.028827
v 0.001071 0.011472 0.029000
v 0.001268 0.011000 0.029000
v 0.001389 0.010868 0.028827
v 0.001364 0.010850 0.029000
v 0.001868 0.010389 0.028827
v 0.001850 0.010364 0.029000
v 0.002480 0.010101 0.028827
v 0.002472 0.010071 0.029000
v 0.002000 0.010268 0.029000
v 0.003000 0.010000 0.029000
v 0.003000 0.010031 0.028827
v 0.003000 0.010067 0.028750
v 0.002604 0.010553 0.028500
v 0.003000 0.010500 0.028500
v 0.003000 0.010327 0.028531
v 0.002559 0.010386 0.028531
v 0.002038 0.010631 0.028531
v 0.002137 0.010773 0.028500
v 0.001631 0.011038 0.028531
v 0.001773 0.011137 0.028500
v 0.001553 0.011604 0.028500
v 0.001934 0.010484 0.028646
v 0.001484 0.010934 0.028646
v 0.008134 0.010500 0.028500
v 0.008286 0.010299 0.028542
v 0.008342 0.010247 0.028569
v 0.008507 0.010130 0.028664
v 0.008644 0.010065 0.028753
v 0.008848 0.010012 0.028893
v 0.008995 0.010000 0.028996
v 0.009000 0.010000 0.029000
v 0.009913 0.010001 0.026928
v 0.009810 0.009852 0.027174
v 0.010665 0.009486 0.027117
v 0.011147 0.008738 0.027371
v 0.011003 0.008714 0.027477
v 0.010846 0.008763 0.027792
v 0.010671 0.009096 0.027655
v 0.010722 0.009074 0.027491
v 0.009856 0.009907 0.027037
v 0.010477 0.009389 0.027366
v 0.010558 0.009419 0.027225
v 0.011000 0.008000 0.028083
v 0.010962 0.008384 0.027941
v 0.011031 0.007953 0.027916
v 0.011007 0.008340 0.027764
v 0.011038 0.007948 0.027899
v 0.011146 0.007903 0.027743
v 0.010900 0.008719 0.027625
v 0.011327 0.007871 0.027632
v 0.010414 0.009414 0.027518
v 0.009770 0.009843 0.027322
v 0.008062 0.010654 0.028500
v 0.011146 0.005830 0.028251
v 0.011038 -0.007948 0.027899
v 0.011031 -0.007953 0.027916
v 0.011031 -0.005867 0.028428
v 0.011010 -0.007973 0.027989
v 0.011000 -0.008000 0.028083
v 0.011000 -0.005902 0.028597
v 0.011146 -0.007903 0.027743
v 0.011327 -0.005807 0.028138
v 0.011327 -0.002919 0.028582
v 0.011327 0.000000 0.028731
v 0.011327 0.002919 0.028582
v 0.011327 0.005807 0.028138
v 0.011000 0.005902 0.028597
v 0.011031 0.005867 0.028428
v 0.011031 0.002949 0.028877
v 0.011000 0.002966 0.029049
v 0.011031 0.000000 0.029027
v 0.011000 0.000000 0.029200
v 0.011031 -0.002949 0.028877
v 0.011000 -0.002966 0.029049
v 0.011146 -0.005830 0.028251
v 0.011146 -0.002930 0.028697
v 0.011146 0.000000 0.028846
v 0.011146 0.002930 0.028697
v 0.011327 -0.007871 0.027632
v 0.008286 -0.010299 0.028542
v 0.008507 -0.010130 0.028664
v 0.008134 -0.010500 0.028500
v 0.008062 -0.010654 0.028500
v 0.008730 -0.010037 0.028811
v 0.008848 -0.010012 0.028893
v 0.008995 -0.010000 0.028996
v 0.009000 -0.010000 0.029000
v 0.011149 -0.008738 0.027372
v 0.011005 -0.008713 0.027478
v 0.010559 -0.009419 0.027225
v 0.010477 -0.009389 0.027366
v 0.010902 -0.008719 0.027626
v 0.009857 -0.009910 0.027035
v 0.010666 -0.009486 0.027117
v 0.009914 -0.010003 0.026926
v 0.010848 -0.008763 0.027793
v 0.010869 -0.008733 0.027710
v 0.009771 -0.009845 0.027321
v 0.009811 -0.009854 0.027172
v 0.010414 -0.009414 0.027518
v 0.010449 -0.009389 0.027444
v 0.003000 -0.010031 0.028827
v 0.003000 -0.010146 0.028646
v 0.003000 -0.010327 0.028531
v 0.003000 -0.010500 0.028500
v 0.003000 -0.010000 0.029000
v 0.001309 -0.012000 0.028538
v 0.001146 -0.012000 0.028646
v 0.001212 -0.011511 0.028646
v 0.001500 -0.012000 0.028500
v 0.001327 -0.012000 0.028531
v 0.001386 -0.011559 0.028531
v 0.001553 -0.011604 0.028500
v 0.001631 -0.011038 0.028531
v 0.001773 -0.011137 0.028500
v 0.002038 -0.010631 0.028531
v 0.002137 -0.010773 0.028500
v 0.002559 -0.010386 0.028531
v 0.002604 -0.010553 0.028500
v 0.002472 -0.010071 0.029000
v 0.002480 -0.010101 0.028827
v 0.002000 -0.010268 0.029000
v 0.001868 -0.010389 0.028827
v 0.001850 -0.010364 0.029000
v 0.001389 -0.010868 0.028827
v 0.001364 -0.010850 0.029000
v 0.001101 -0.011480 0.028827
v 0.001071 -0.011472 0.029000
v 0.001268 -0.011000 0.029000
v 0.001000 -0.012000 0.029000
v 0.001031 -0.012000 0.028827
v 0.001038 -0.012000 0.028809
v 0.001484 -0.010934 0.028646
v 0.001934 -0.010484 0.028646
v 0.002511 -0.010212 0.028646
v 0.001500 -0.020000 0.028500
v 0.001327 -0.020000 0.028531
v 0.001038 -0.020000 0.028809
v 0.001146 -0.020000 0.028646
v 0.001309 -0.020000 0.028538
v 0.001000 -0.020000 0.029000
v 0.001031 -0.020000 0.028827
v 0.005000 -0.023750 0.028567
v 0.005000 -0.023854 0.028646
v 0.004199 -0.023769 0.028646
v 0.001231 -0.020801 0.028646
v 0.001407 -0.020764 0.028531
v 0.005000 -0.023500 0.028500
v 0.005000 -0.023673 0.028531
v 0.004236 -0.023593 0.028531
v 0.004272 -0.023424 0.028500
v 0.003247 -0.023228 0.028531
v 0.003330 -0.023076 0.028500
v 0.002403 -0.022597 0.028531
v 0.002525 -0.022475 0.028500
v 0.001772 -0.021753 0.028531
v 0.001924 -0.021670 0.028500
v 0.001576 -0.020728 0.028500
v 0.001087 -0.020832 0.029000
v 0.001118 -0.020825 0.028827
v 0.001304 -0.021531 0.029000
v 0.001512 -0.021894 0.028827
v 0.001485 -0.021909 0.029000
v 0.002193 -0.022807 0.028827
v 0.002172 -0.022828 0.029000
v 0.003106 -0.023488 0.028827
v 0.003091 -0.023515 0.029000
v 0.004175 -0.023882 0.028827
v 0.004168 -0.023913 0.029000
v 0.003469 -0.023696 0.029000
v 0.005000 -0.024000 0.029000
v 0.005000 -0.023969 0.028827
v 0.005000 -0.023933 0.028750
v 0.001613 -0.021839 0.028646
v 0.002275 -0.022725 0.028646
v 0.003161 -0.023387 0.028646
v 0.008286 -0.023701 0.028542
v 0.008134 -0.023500 0.028500
v 0.008062 -0.023346 0.028500
v 0.008342 -0.023753 0.028569
v 0.008507 -0.023870 0.028664
v 0.009000 -0.024000 0.029000
v 0.008995 -0.024000 0.028996
v 0.008848 -0.023988 0.028893
v 0.008644 -0.023935 0.028753
v 0.011770 -0.024257 0.031250
v 0.010990 -0.024065 0.031250
v 0.010189 -0.024000 0.031250
v 0.022149 -0.027716 0.022603
v 0.016981 -0.025994 0.023433
v 0.016972 -0.025952 0.023247
v 0.017024 -0.025697 0.022980
v 0.022161 -0.027417 0.022158
v 0.022128 -0.027672 0.022422
v 0.022132 -0.027567 0.022266
v 0.016987 -0.025848 0.023089
v 0.025230 -0.028743 0.031250
v 0.026010 -0.028935 0.031250
v 0.026811 -0.029000 0.031250
v 0.027008 -0.028674 0.021030
v 0.027038 -0.028855 0.021143
v 0.027085 -0.028970 0.021319
v 0.027129 -0.029000 0.021483
v 0.046000 -0.028673 0.018531
v 0.042735 -0.028673 0.018604
v 0.038521 -0.028673 0.018913
v 0.034331 -0.028673 0.019464
v 0.030180 -0.028673 0.020255
v 0.030281 -0.029000 0.020714
v 0.030244 -0.028969 0.020545
v 0.034378 -0.028969 0.019756
v 0.034406 -0.029000 0.019927
v 0.038551 -0.028969 0.019207
v 0.038569 -0.029000 0.019379
v 0.042748 -0.028969 0.018899
v 0.042756 -0.029000 0.019072
v 0.046000 -0.028969 0.018827
v 0.046000 -0.029000 0.019000
v 0.046000 -0.028854 0.018646
v 0.042740 -0.028854 0.018719
v 0.038533 -0.028854 0.019028
v 0.034350 -0.028854 0.019578
v 0.030205 -0.028854 0.020368
v 0.046752 -0.028673 0.018578
v 0.046738 -0.028854 0.018693
v 0.046715 -0.028969 0.018872
v 0.047418 -0.028969 0.019007
v 0.047375 -0.029000 0.019175
v 0.046693 -0.029000 0.019044
v 0.047492 -0.028673 0.018720
v 0.047463 -0.028854 0.018832
v 0.048933 -0.028750 0.020627
v 0.048854 -0.028854 0.020627
v 0.048773 -0.028854 0.020085
v 0.048750 -0.028933 0.020627
v 0.048673 -0.028969 0.020627
v 0.048600 -0.028969 0.020138
v 0.048810 -0.028500 0.019776
v 0.048913 -0.028500 0.020043
v 0.048883 -0.028673 0.020052
v 0.049000 -0.028500 0.020627
v 0.048969 -0.028673 0.020627
v 0.048581 -0.028500 0.019402
v 0.048557 -0.028673 0.019421
v 0.048276 -0.028500 0.019087
v 0.048028 -0.028673 0.018948
v 0.048044 -0.028500 0.018921
v 0.047783 -0.029000 0.019348
v 0.047873 -0.028969 0.019200
v 0.048323 -0.028969 0.019602
v 0.048186 -0.029000 0.019708
v 0.048435 -0.029000 0.020189
v 0.048500 -0.029000 0.020627
v 0.047968 -0.028854 0.019046
v 0.048465 -0.028854 0.019492
v 0.046000 -0.029000 0.022875
v 0.045187 -0.029000 0.023093
v 0.044593 -0.029000 0.023688
v 0.044375 -0.029000 0.024500
v 0.044593 -0.029000 0.025313
v 0.045187 -0.029000 0.025907
v 0.046000 -0.029000 0.026125
v 0.046813 -0.029000 0.025907
v 0.047407 -0.029000 0.025313
v 0.047625 -0.029000 0.024500
v 0.047407 -0.029000 0.023688
v 0.046813 -0.029000 0.023093
v 0.048998 -0.019918 0.031070
v 0.049000 -0.020000 0.031129
v 0.048598 -0.024010 0.028510
v 0.048691 -0.024038 0.028538
v 0.048854 -0.024146 0.028646
v 0.048962 -0.024309 0.028809
v 0.049000 -0.024500 0.029000
v 0.049000 -0.028500 0.031250
v 0.048933 -0.028750 0.031250
v 0.048750 -0.028933 0.031250
v 0.048500 -0.029000 0.031250
v 0.048974 -0.019910 0.031204
v 0.048968 -0.019966 0.031263
v 0.048889 -0.019999 0.031398
v 0.048922 -0.020003 0.031366
v 0.048960 -0.020014 0.031310
v 0.048968 -0.020018 0.031293
v 0.049000 -0.020061 0.031165
v 0.049000 -0.020030 0.031148
v 0.018362 0.018978 0.028500
v 0.019704 0.018469 0.028500
v 0.020656 0.017394 0.028500
v 0.021000 0.016000 0.028500
v 0.016936 0.018805 0.028500
v 0.015754 0.017989 0.028500
v 0.015087 0.016718 0.028500
v 0.015087 0.015282 0.028500
v 0.015754 0.014011 0.028500
v 0.016936 0.013195 0.028500
v 0.018362 0.013022 0.028500
v 0.019704 0.013531 0.028500
v 0.020656 0.014606 0.028500
v 0.015087 -0.016718 0.028500
v 0.015087 -0.015282 0.028500
v 0.015754 -0.017989 0.028500
v 0.016936 -0.018805 0.028500
v 0.018362 -0.018978 0.028500
v 0.019704 -0.018469 0.028500
v 0.020656 -0.017394 0.028500
v 0.021000 -0.016000 0.028500
v 0.020656 -0.014606 0.028500
v 0.019704 -0.013531 0.028500
v 0.018362 -0.013022 0.028500
v 0.016936 -0.013195 0.028500
v 0.015754 -0.014011 0.028500
v 0.031087 0.023282 0.028500
v 0.031087 0.024718 0.028500
v 0.031754 0.022011 0.028500
v 0.032936 0.021195 0.028500
v 0.035704 0.021531 0.028500
v 0.034362 0.021022 0.028500
v 0.036656 0.022606 0.028500
v 0.037000 0.024000 0.028500
v 0.036656 0.025394 0.028500
v 0.035704 0.026469 0.028500
v 0.034362 0.026978 0.028500
v 0.032936 0.026805 0.028500
v 0.031754 0.025989 0.028500
v 0.037000 -0.024000 0.028500
v 0.036656 -0.022606 0.028500
v 0.035704 -0.021531 0.028500
v 0.032936 -0.021195 0.028500
v 0.034362 -0.021022 0.028500
v 0.031754 -0.022011 0.028500
v 0.031087 -0.023282 0.028500
v 0.031087 -0.024718 0.028500
v 0.031754 -0.025989 0.028500
v 0.032936 -0.026805 0.028500
v 0.034362 -0.026978 0.028500
v 0.035704 -0.026469 0.028500
v 0.036656 -0.025394 0.028500
v 0.005000 -0.022125 0.028500
v 0.005813 -0.021963 0.028500
v 0.006503 -0.018497 0.028500
v 0.005813 -0.018037 0.028500
v 0.002875 -0.020000 0.028500
v 0.003037 -0.020813 0.028500
v 0.006503 -0.021503 0.028500
v 0.005000 -0.017875 0.028500
v 0.004187 -0.021963 0.028500
v 0.003497 -0.021503 0.028500
v 0.006963 -0.020813 0.028500
v 0.007125 -0.020000 0.028500
v 0.006963 -0.019187 0.028500
v 0.004187 -0.018037 0.028500
v 0.003497 -0.018497 0.028500
v 0.003037 -0.019187 0.028500
v 0.006503 0.018497 0.028500
v 0.006963 0.019187 0.028500
v 0.005000 0.017875 0.028500
v 0.005813 0.018037 0.028500
v 0.005813 0.021963 0.028500
v 0.006503 0.021503 0.028500
v 0.006963 0.020813 0.028500
v 0.004187 0.021963 0.028500
v 0.005000 0.022125 0.028500
v 0.007125 0.020000 0.028500
v 0.004187 0.018037 0.028500
v 0.003497 0.018497 0.028500
v 0.003037 0.019187 0.028500
v 0.002875 0.020000 0.028500
v 0.003037 0.020813 0.028500
v 0.003497 0.021503 0.028500
v 0.048535 -0.020008 0.031481
v 0.048743 -0.020000 0.031463
v 0.048689 -0.019956 0.031446
v 0.048535 -0.019927 0.031427
v 0.048588 -0.019925 0.031425
v 0.048645 -0.019909 0.031409
v 0.038000 -0.019927 0.031427
v 0.037184 -0.019841 0.031427
v 0.036497 -0.019628 0.031427
v 0.036126 -0.019451 0.031427
v 0.035223 -0.018777 0.031427
v 0.034549 -0.017874 0.031427
v 0.034372 -0.017503 0.031427
v 0.034159 -0.016816 0.031427
v 0.034073 -0.016000 0.031427
v 0.034073 0.016000 0.031427
v 0.034159 0.016816 0.031427
v 0.034372 0.017503 0.031427
v 0.034549 0.017874 0.031427
v 0.035223 0.018777 0.031427
v 0.036126 0.019451 0.031427
v 0.036497 0.019628 0.031427
v 0.037184 0.019841 0.031427
v 0.038000 0.019927 0.031427
v 0.048535 0.019927 0.031427
v 0.048692 0.019874 0.031374
v 0.048632 0.019915 0.031415
v 0.048535 0.020008 0.031481
v 0.048535 0.019965 0.031458
v 0.048741 0.020000 0.031463
v 0.048689 0.019956 0.031446
v 0.048967 0.020071 0.031320
v 0.048967 0.020317 0.031375
v 0.048927 0.020317 0.031427
v 0.048915 0.020113 0.031414
v 0.048899 0.020047 0.031410
v 0.048974 0.020141 0.031330
v 0.049000 0.020317 0.031250
v 0.049000 0.020184 0.031221
v 0.005000 0.024000 0.031250
v 0.004168 0.023913 0.031250
v 0.003469 0.023696 0.031250
v 0.003091 0.023515 0.031250
v 0.002172 0.022828 0.031250
v 0.001485 0.021909 0.031250
v 0.001304 0.021531 0.031250
v 0.001087 0.020832 0.031250
v 0.001000 0.020000 0.031250
v 0.001000 0.012000 0.031250
v 0.001071 0.011472 0.031250
v 0.001268 0.011000 0.031250
v 0.001364 0.010850 0.031250
v 0.001850 0.010364 0.031250
v 0.002000 0.010268 0.031250
v 0.002472 0.010071 0.031250
v 0.003000 0.010000 0.031250
v 0.009000 0.010000 0.031250
v 0.011000 0.008000 0.031250
v 0.010929 0.008528 0.031250
v 0.010636 0.009150 0.031250
v 0.009528 0.009929 0.031250
v 0.010150 0.009636 0.031250
v 0.010414 0.009414 0.031250
v 0.011000 -0.008000 0.031250
v 0.009000 -0.010000 0.031250
v 0.009528 -0.009929 0.031250
v 0.010150 -0.009636 0.031250
v 0.010414 -0.009414 0.031250
v 0.010636 -0.009150 0.031250
v 0.010929 -0.008528 0.031250
v 0.003000 -0.010000 0.031250
v 0.001000 -0.012000 0.031250
v 0.001071 -0.011472 0.031250
v 0.001268 -0.011000 0.031250
v 0.001364 -0.010850 0.031250
v 0.001850 -0.010364 0.031250
v 0.002000 -0.010268 0.031250
v 0.002472 -0.010071 0.031250
v 0.001000 -0.020000 0.031250
v 0.005000 -0.024000 0.031250
v 0.004168 -0.023913 0.031250
v 0.003469 -0.023696 0.031250
v 0.003091 -0.023515 0.031250
v 0.002172 -0.022828 0.031250
v 0.001485 -0.021909 0.031250
v 0.001304 -0.021531 0.031250
v 0.001087 -0.020832 0.031250
v 0.049000 -0.020317 0.031250
v 0.049000 -0.020184 0.031222
v 0.048915 -0.020113 0.031414
v 0.048927 -0.020317 0.031427
v 0.048958 -0.020317 0.031389
v 0.048985 -0.020317 0.031337
v 0.016375 0.016000 0.028500
v 0.016593 0.016812 0.028500
v 0.017188 0.017407 0.028500
v 0.018000 0.017625 0.028500
v 0.018812 0.017407 0.028500
v 0.019407 0.016812 0.028500
v 0.019625 0.016000 0.028500
v 0.019407 0.015188 0.028500
v 0.018812 0.014593 0.028500
v 0.018000 0.014375 0.028500
v 0.017188 0.014593 0.028500
v 0.016593 0.015188 0.028500
v 0.016375 -0.016000 0.028500
v 0.016593 -0.015188 0.028500
v 0.017188 -0.014593 0.028500
v 0.018000 -0.014375 0.028500
v 0.018812 -0.014593 0.028500
v 0.019407 -0.015188 0.028500
v 0.019625 -0.016000 0.028500
v 0.019407 -0.016812 0.028500
v 0.018812 -0.017407 0.028500
v 0.018000 -0.017625 0.028500
v 0.017188 -0.017407 0.028500
v 0.016593 -0.016812 0.028500
v 0.032375 0.024000 0.028500
v 0.032593 0.024813 0.028500
v 0.033188 0.025407 0.028500
v 0.034000 0.025625 0.028500
v 0.034812 0.025407 0.028500
v 0.035407 0.024813 0.028500
v 0.035625 0.024000 0.028500
v 0.035407 0.023187 0.028500
v 0.034812 0.022593 0.028500
v 0.034000 0.022375 0.028500
v 0.033188 0.022593 0.028500
v 0.032593 0.023187 0.028500
v 0.032375 -0.024000 0.028500
v 0.032593 -0.023187 0.028500
v 0.033188 -0.022593 0.028500
v 0.034000 -0.022375 0.028500
v 0.034812 -0.022593 0.028500
v 0.035407 -0.023187 0.028500
v 0.035625 -0.024000 0.028500
v 0.035407 -0.024813 0.028500
v 0.034812 -0.025407 0.028500
v 0.034000 -0.025625 0.028500
v 0.033188 -0.025407 0.028500
v 0.032593 -0.024813 0.028500
v 0.006952 -0.020000 0.028531
v 0.006803 -0.020747 0.028531
v 0.006380 -0.021380 0.028531
v 0.005747 -0.021803 0.028531
v 0.005000 -0.021952 0.028531
v 0.004253 -0.021803 0.028531
v 0.003620 -0.021380 0.028531
v 0.003197 -0.020747 0.028531
v 0.003048 -0.020000 0.028531
v 0.003197 -0.019253 0.028531
v 0.003620 -0.018620 0.028531
v 0.004253 -0.018197 0.028531
v 0.005000 -0.018048 0.028531
v 0.005747 -0.018197 0.028531
v 0.006380 -0.018620 0.028531
v 0.006803 -0.019253 0.028531
v 0.006407 -0.020813 0.029000
v 0.006530 -0.020634 0.028827
v 0.006149 -0.021149 0.029000
v 0.006171 -0.021171 0.028827
v 0.005813 -0.021407 0.029000
v 0.005634 -0.021530 0.028827
v 0.005622 -0.021501 0.029000
v 0.005000 -0.021656 0.028827
v 0.005000 -0.021625 0.029000
v 0.004366 -0.021530 0.028827
v 0.004378 -0.021501 0.029000
v 0.003593 -0.019188 0.029000
v 0.003499 -0.019378 0.029000
v 0.003470 -0.019366 0.028827
v 0.003375 -0.020000 0.029000
v 0.003344 -0.020000 0.028827
v 0.003499 -0.020622 0.029000
v 0.003470 -0.020634 0.028827
v 0.003593 -0.020813 0.029000
v 0.003829 -0.021171 0.028827
v 0.003851 -0.021149 0.029000
v 0.004187 -0.021407 0.029000
v 0.003851 -0.018851 0.029000
v 0.003829 -0.018829 0.028827
v 0.004187 -0.018593 0.029000
v 0.004366 -0.018470 0.028827
v 0.004378 -0.018499 0.029000
v 0.005000 -0.018344 0.028827
v 0.005000 -0.018375 0.029000
v 0.005634 -0.018470 0.028827
v 0.005622 -0.018499 0.029000
v 0.006501 -0.020622 0.029000
v 0.006625 -0.020000 0.029000
v 0.006656 -0.020000 0.028827
v 0.006501 -0.019378 0.029000
v 0.006530 -0.019366 0.028827
v 0.006407 -0.019188 0.029000
v 0.006171 -0.018829 0.028827
v 0.006149 -0.018851 0.029000
v 0.005813 -0.018593 0.029000
v 0.003229 -0.020000 0.028646
v 0.003363 -0.019322 0.028646
v 0.003747 -0.018747 0.028646
v 0.004322 -0.018363 0.028646
v 0.005000 -0.018229 0.028646
v 0.005678 -0.018363 0.028646
v 0.006253 -0.018747 0.028646
v 0.006637 -0.019322 0.028646
v 0.006771 -0.020000 0.028646
v 0.006637 -0.020678 0.028646
v 0.006253 -0.021253 0.028646
v 0.005678 -0.021637 0.028646
v 0.005000 -0.021771 0.028646
v 0.004322 -0.021637 0.028646
v 0.003747 -0.021253 0.028646
v 0.003363 -0.020678 0.028646
v 0.006952 0.020000 0.028531
v 0.006803 0.019253 0.028531
v 0.006380 0.018620 0.028531
v 0.005747 0.018197 0.028531
v 0.005000 0.018048 0.028531
v 0.004253 0.018197 0.028531
v 0.003620 0.018620 0.028531
v 0.003197 0.019253 0.028531
v 0.003048 0.020000 0.028531
v 0.003197 0.020747 0.028531
v 0.003620 0.021380 0.028531
v 0.004253 0.021803 0.028531
v 0.005000 0.021952 0.028531
v 0.005747 0.021803 0.028531
v 0.006380 0.021380 0.028531
v 0.006803 0.020747 0.028531
v 0.006407 0.019188 0.029000
v 0.006530 0.019366 0.028827
v 0.006149 0.018851 0.029000
v 0.006171 0.018829 0.028827
v 0.005813 0.018593 0.029000
v 0.005634 0.018470 0.028827
v 0.005622 0.018499 0.029000
v 0.005000 0.018344 0.028827
v 0.005000 0.018375 0.029000
v 0.004366 0.018470 0.028827
v 0.004378 0.018499 0.029000
v 0.003593 0.020813 0.029000
v 0.003499 0.020622 0.029000
v 0.003470 0.020634 0.028827
v 0.003375 0.020000 0.029000
v 0.003344 0.020000 0.028827
v 0.003499 0.019378 0.029000
v 0.003470 0.019366 0.028827
v 0.003593 0.019188 0.029000
v 0.003829 0.018829 0.028827
v 0.003851 0.018851 0.029000
v 0.004187 0.018593 0.029000
v 0.003851 0.021149 0.029000
v 0.003829 0.021171 0.028827
v 0.004187 0.021407 0.029000
v 0.004366 0.021530 0.028827
v 0.004378 0.021501 0.029000
v 0.005000 0.021656 0.028827
v 0.005000 0.021625 0.029000
v 0.005634 0.021530 0.028827
v 0.005622 0.021501 0.029000
v 0.006501 0.019378 0.029000
v 0.006625 0.020000 0.029000
v 0.006656 0.020000 0.028827
v 0.006501 0.020622 0.029000
v 0.006530 0.020634 0.028827
v 0.006407 0.020813 0.029000
v 0.006171 0.021171 0.028827
v 0.006149 0.021149 0.029000
v 0.005813 0.021407 0.029000
v 0.003229 0.020000 0.028646
v 0.003363 0.020678 0.028646
v 0.003747 0.021253 0.028646
v 0.004322 0.021637 0.028646
v 0.005000 0.021771 0.028646
v 0.005678 0.021637 0.028646
v 0.006253 0.021253 0.028646
v 0.006637 0.020678 0.028646
v 0.006771 0.020000 0.028646
v 0.006637 0.019322 0.028646
v 0.006253 0.018747 0.028646
v 0.005678 0.018363 0.028646
v 0.005000 0.018229 0.028646
v 0.004322 0.018363 0.028646
v 0.003747 0.018747 0.028646
v 0.003363 0.019322 0.028646
v 0.048680 -0.020055 0.031490
v 0.048535 -0.020055 0.031495
v 0.048616 -0.020113 0.031500
v 0.048535 -0.020104 0.031500
v 0.048806 -0.020077 0.031471
v 0.048693 -0.020159 0.031500
v 0.038000 -0.020008 0.031481
v 0.038000 -0.020104 0.031500
v 0.037167 -0.019920 0.031481
v 0.037147 -0.020014 0.031500
v 0.036088 -0.019522 0.031481
v 0.036042 -0.019606 0.031500
v 0.035166 -0.018834 0.031481
v 0.035098 -0.018902 0.031500
v 0.034478 -0.017912 0.031481
v 0.034394 -0.017958 0.031500
v 0.034080 -0.016833 0.031481
v 0.033986 -0.016853 0.031500
v 0.033992 -0.016000 0.031481
v 0.033896 -0.016000 0.031500
v 0.033992 0.016000 0.031481
v 0.033896 0.016000 0.031500
v 0.034080 0.016833 0.031481
v 0.033986 0.016853 0.031500
v 0.034478 0.017912 0.031481
v 0.034394 0.017958 0.031500
v 0.035166 0.018834 0.031481
v 0.035098 0.018902 0.031500
v 0.036088 0.019522 0.031481
v 0.036042 0.019606 0.031500
v 0.037167 0.019920 0.031481
v 0.037147 0.020014 0.031500
v 0.038000 0.020008 0.031481
v 0.038000 0.020104 0.031500
v 0.048535 0.020104 0.031500
v 0.048806 0.020077 0.031471
v 0.048693 0.020160 0.031500
v 0.048616 0.020113 0.031500
v 0.048679 0.020055 0.031490
v 0.048875 0.020317 0.031467
v 0.048846 0.020317 0.031481
v 0.048843 0.020179 0.031475
v 0.048750 0.020317 0.031500
v 0.048740 0.020236 0.031500
v 0.048750 0.028500 0.031500
v 0.048846 0.028500 0.031481
v 0.048875 0.028500 0.031467
v 0.048927 0.028500 0.031427
v 0.048967 0.028500 0.031375
v 0.048981 0.028500 0.031346
v 0.048944 0.028684 0.031346
v 0.048684 0.028944 0.031346
v 0.048840 0.028840 0.031346
v 0.048894 0.028663 0.031427
v 0.048802 0.028802 0.031427
v 0.048663 0.028894 0.031427
v 0.048819 0.028632 0.031481
v 0.048500 0.028981 0.031346
v 0.048500 0.028967 0.031375
v 0.048500 0.028927 0.031427
v 0.048500 0.028875 0.031467
v 0.048744 0.028744 0.031481
v 0.048632 0.028819 0.031481
v 0.048500 0.028846 0.031481
v 0.048731 0.028596 0.031500
v 0.048677 0.028677 0.031500
v 0.048596 0.028731 0.031500
v 0.048500 0.028750 0.031500
v 0.026811 0.028750 0.031500
v 0.026811 0.028837 0.031485
v 0.026811 0.028875 0.031467
v 0.026811 0.028927 0.031427
v 0.026811 0.028967 0.031375
v 0.026811 0.028985 0.031337
v 0.026037 0.028774 0.031485
v 0.026051 0.028689 0.031500
v 0.025309 0.028506 0.031500
v 0.025282 0.028588 0.031485
v 0.025279 0.028597 0.031481
v 0.026022 0.028863 0.031427
v 0.025253 0.028674 0.031427
v 0.025236 0.028725 0.031346
v 0.026013 0.028920 0.031337
v 0.025235 0.028729 0.031337
v 0.011849 0.024019 0.031500
v 0.011821 0.024102 0.031485
v 0.011819 0.024110 0.031481
v 0.011793 0.024187 0.031427
v 0.011775 0.024242 0.031337
v 0.011776 0.024239 0.031346
v 0.010189 0.023967 0.031375
v 0.010189 0.023927 0.031427
v 0.011001 0.023992 0.031427
v 0.011016 0.023903 0.031485
v 0.011030 0.023818 0.031500
v 0.010189 0.023837 0.031485
v 0.010189 0.023750 0.031500
v 0.010189 0.023875 0.031467
v 0.010189 0.023985 0.031337
v 0.010992 0.024049 0.031337
v 0.005000 0.023750 0.031500
v 0.005000 0.023837 0.031485
v 0.005000 0.023875 0.031467
v 0.005000 0.023927 0.031427
v 0.005000 0.023967 0.031375
v 0.005000 0.023985 0.031337
v 0.004184 0.023841 0.031427
v 0.004172 0.023897 0.031337
v 0.001033 0.020000 0.031375
v 0.001073 0.020000 0.031427
v 0.001159 0.020816 0.031427
v 0.001125 0.020000 0.031467
v 0.001163 0.020000 0.031485
v 0.001247 0.020798 0.031485
v 0.004202 0.023753 0.031485
v 0.004220 0.023668 0.031500
v 0.003169 0.023372 0.031485
v 0.003211 0.023296 0.031500
v 0.002287 0.022713 0.031485
v 0.002348 0.022652 0.031500
v 0.001628 0.021831 0.031485
v 0.001704 0.021789 0.031500
v 0.001332 0.020780 0.031500
v 0.001250 0.020000 0.031500
v 0.001015 0.020000 0.031337
v 0.001103 0.020828 0.031337
v 0.001498 0.021901 0.031337
v 0.002182 0.022817 0.031337
v 0.003099 0.023502 0.031337
v 0.001549 0.021874 0.031427
v 0.002223 0.022777 0.031427
v 0.003126 0.023451 0.031427
v 0.001015 0.012000 0.031337
v 0.001033 0.012000 0.031375
v 0.001073 0.012000 0.031427
v 0.001125 0.012000 0.031467
v 0.001163 0.012000 0.031485
v 0.001250 0.012000 0.031500
v 0.001142 0.011492 0.031427
v 0.003000 0.010033 0.031375
v 0.003000 0.010073 0.031427
v 0.002492 0.010142 0.031427
v 0.003000 0.010125 0.031467
v 0.003000 0.010163 0.031485
v 0.002515 0.010229 0.031485
v 0.001229 0.011515 0.031485
v 0.001312 0.011538 0.031500
v 0.001497 0.010944 0.031485
v 0.001568 0.010994 0.031500
v 0.001944 0.010497 0.031485
v 0.001994 0.010568 0.031500
v 0.002538 0.010312 0.031500
v 0.003000 0.010250 0.031500
v 0.003000 0.010015 0.031337
v 0.002476 0.010086 0.031337
v 0.001859 0.010376 0.031337
v 0.001376 0.010859 0.031337
v 0.001086 0.011476 0.031337
v 0.001424 0.010892 0.031427
v 0.001892 0.010424 0.031427
v 0.009000 0.010015 0.031337
v 0.009000 0.010033 0.031375
v 0.009000 0.010073 0.031427
v 0.009000 0.010125 0.031467
v 0.009000 0.010163 0.031485
v 0.009000 0.010250 0.031500
v 0.009547 0.010000 0.031427
v 0.009532 0.009944 0.031337
v 0.009571 0.010087 0.031485
v 0.009594 0.010170 0.031500
v 0.010244 0.009770 0.031485
v 0.010294 0.009841 0.031500
v 0.010770 0.009244 0.031485
v 0.010841 0.009294 0.031500
v 0.011087 0.008571 0.031485
v 0.011170 0.008594 0.031500
v 0.011250 0.008000 0.031500
v 0.011163 0.008000 0.031485
v 0.011154 0.008000 0.031481
v 0.011073 0.008000 0.031427
v 0.011015 0.008000 0.031337
v 0.010944 0.008532 0.031337
v 0.010649 0.009159 0.031337
v 0.010159 0.009649 0.031337
v 0.010192 0.009696 0.031427
v 0.010696 0.009192 0.031427
v 0.011000 0.008547 0.031427
v 0.011019 0.008000 0.031346
v 0.011015 -0.008000 0.031337
v 0.011154 -0.008000 0.031481
v 0.011073 -0.008000 0.031427
v 0.011019 -0.008000 0.031346
v 0.011250 -0.008000 0.031500
v 0.011163 -0.008000 0.031485
v 0.011087 -0.008571 0.031485
v 0.011170 -0.008594 0.031500
v 0.010770 -0.009244 0.031485
v 0.010841 -0.009294 0.031500
v 0.010244 -0.009770 0.031485
v 0.010294 -0.009841 0.031500
v 0.009571 -0.010087 0.031485
v 0.009594 -0.010170 0.031500
v 0.009000 -0.010250 0.031500
v 0.009000 -0.010163 0.031485
v 0.009000 -0.010125 0.031467
v 0.009000 -0.010073 0.031427
v 0.009000 -0.010015 0.031337
v 0.009000 -0.010033 0.031375
v 0.009547 -0.010000 0.031427
v 0.009532 -0.009944 0.031337
v 0.010159 -0.009649 0.031337
v 0.010649 -0.009159 0.031337
v 0.010944 -0.008532 0.031337
v 0.011000 -0.008547 0.031427
v 0.010696 -0.009192 0.031427
v 0.010192 -0.009696 0.031427
v 0.003000 -0.010015 0.031337
v 0.003000 -0.010033 0.031375
v 0.003000 -0.010073 0.031427
v 0.003000 -0.010125 0.031467
v 0.003000 -0.010163 0.031485
v 0.003000 -0.010250 0.031500
v 0.002492 -0.010142 0.031427
v 0.001033 -0.012000 0.031375
v 0.001073 -0.012000 0.031427
v 0.001142 -0.011492 0.031427
v 0.001125 -0.012000 0.031467
v 0.001163 -0.012000 0.031485
v 0.001229 -0.011515 0.031485
v 0.002515 -0.010229 0.031485
v 0.002538 -0.010312 0.031500
v 0.001944 -0.010497 0.031485
v 0.001994 -0.010568 0.031500
v 0.001497 -0.010944 0.031485
v 0.001568 -0.010994 0.031500
v 0.001312 -0.011538 0.031500
v 0.001250 -0.012000 0.031500
v 0.001015 -0.012000 0.031337
v 0.001086 -0.011476 0.031337
v 0.001376 -0.010859 0.031337
v 0.001859 -0.010376 0.031337
v 0.002476 -0.010086 0.031337
v 0.001892 -0.010424 0.031427
v 0.001424 -0.010892 0.031427
v 0.001250 -0.020000 0.031500
v 0.001163 -0.020000 0.031485
v 0.001125 -0.020000 0.031467
v 0.001073 -0.020000 0.031427
v 0.001033 -0.020000 0.031375
v 0.001015 -0.020000 0.031337
v 0.001159 -0.020816 0.031427
v 0.001103 -0.020828 0.031337
v 0.005000 -0.023967 0.031375
v 0.005000 -0.023927 0.031427
v 0.004184 -0.023841 0.031427
v 0.005000 -0.023875 0.031467
v 0.005000 -0.023837 0.031485
v 0.004202 -0.023753 0.031485
v 0.001247 -0.020798 0.031485
v 0.001332 -0.020780 0.031500
v 0.001628 -0.021831 0.031485
v 0.001704 -0.021789 0.031500
v 0.002287 -0.022713 0.031485
v 0.002348 -0.022652 0.031500
v 0.003169 -0.023372 0.031485
v 0.003211 -0.023296 0.031500
v 0.004220 -0.023668 0.031500
v 0.005000 -0.023750 0.031500
v 0.005000 -0.023985 0.031337
v 0.004172 -0.023897 0.031337
v 0.003099 -0.023502 0.031337
v 0.002182 -0.022817 0.031337
v 0.001498 -0.021901 0.031337
v 0.003126 -0.023451 0.031427
v 0.002223 -0.022777 0.031427
v 0.001549 -0.021874 0.031427
v 0.010189 -0.023985 0.031337
v 0.010189 -0.023967 0.031375
v 0.010189 -0.023927 0.031427
v 0.010189 -0.023875 0.031467
v 0.010189 -0.023837 0.031485
v 0.010189 -0.023750 0.031500
v 0.011016 -0.023903 0.031485
v 0.011030 -0.023818 0.031500
v 0.011821 -0.024102 0.031485
v 0.011849 -0.024019 0.031500
v 0.011775 -0.024242 0.031337
v 0.011780 -0.024225 0.031375
v 0.011001 -0.023992 0.031427
v 0.011793 -0.024187 0.031427
v 0.011809 -0.024138 0.031467
v 0.010992 -0.024049 0.031337
v 0.025309 -0.028506 0.031500
v 0.025282 -0.028588 0.031485
v 0.025270 -0.028625 0.031467
v 0.025253 -0.028674 0.031427
v 0.025241 -0.028712 0.031375
v 0.025235 -0.028729 0.031337
v 0.026037 -0.028774 0.031485
v 0.026051 -0.028689 0.031500
v 0.026811 -0.028750 0.031500
v 0.026811 -0.028837 0.031485
v 0.026811 -0.028875 0.031467
v 0.026022 -0.028863 0.031427
v 0.026811 -0.028927 0.031427
v 0.026811 -0.028967 0.031375
v 0.026013 -0.028920 0.031337
v 0.026811 -0.028985 0.031337
v 0.048500 -0.028750 0.031500
v 0.048500 -0.028875 0.031467
v 0.048500 -0.028967 0.031375
v 0.048904 -0.028733 0.031375
v 0.048733 -0.028904 0.031375
v 0.048687 -0.028825 0.031467
v 0.048625 -0.028717 0.031500
v 0.048825 -0.028687 0.031467
v 0.048717 -0.028625 0.031500
v 0.048967 -0.028500 0.031375
v 0.048927 -0.028500 0.031427
v 0.048875 -0.028500 0.031467
v 0.048750 -0.028500 0.031500
v 0.048750 -0.020317 0.031500
v 0.048837 -0.020317 0.031485
v 0.048843 -0.020179 0.031475
v 0.048740 -0.020236 0.031500
v 0.016375 0.016000 0.031500
v 0.016593 0.015188 0.031500
v 0.017188 0.014593 0.031500
v 0.018000 0.014375 0.031500
v 0.018812 0.014593 0.031500
v 0.019407 0.015188 0.031500
v 0.019625 0.016000 0.031500
v 0.019407 0.016812 0.031500
v 0.018812 0.017407 0.031500
v 0.018000 0.017625 0.031500
v 0.017188 0.017407 0.031500
v 0.016593 0.016812 0.031500
v 0.016375 -0.016000 0.031500
v 0.016593 -0.016812 0.031500
v 0.017188 -0.017407 0.031500
v 0.018000 -0.017625 0.031500
v 0.018812 -0.017407 0.031500
v 0.019407 -0.016812 0.031500
v 0.019625 -0.016000 0.031500
v 0.019407 -0.015188 0.031500
v 0.018812 -0.014593 0.031500
v 0.018000 -0.014375 0.031500
v 0.017188 -0.014593 0.031500
v 0.016593 -0.015188 0.031500
v 0.032375 0.024000 0.031500
v 0.032593 0.023187 0.031500
v 0.033188 0.022593 0.031500
v 0.034000 0.022375 0.031500
v 0.034812 0.022593 0.031500
v 0.035407 0.023187 0.031500
v 0.035625 0.024000 0.031500
v 0.035407 0.024813 0.031500
v 0.034812 0.025407 0.031500
v 0.034000 0.025625 0.031500
v 0.033188 0.025407 0.031500
v 0.032593 0.024813 0.031500
v 0.032375 -0.024000 0.031500
v 0.032593 -0.024813 0.031500
v 0.033188 -0.025407 0.031500
v 0.034000 -0.025625 0.031500
v 0.034812 -0.025407 0.031500
v 0.035407 -0.024813 0.031500
v 0.035625 -0.024000 0.031500
v 0.035407 -0.023187 0.031500
v 0.034812 -0.022593 0.031500
v 0.034000 -0.022375 0.031500
v 0.033188 -0.022593 0.031500
v 0.032593 -0.023187 0.031500
v 0.006407 -0.020813 0.031500
v 0.006625 -0.020000 0.031500
v 0.005813 -0.021407 0.031500
v 0.005000 -0.021625 0.031500
v 0.004187 -0.021407 0.031500
v 0.003593 -0.020813 0.031500
v 0.003375 -0.020000 0.031500
v 0.003593 -0.019188 0.031500
v 0.004187 -0.018593 0.031500
v 0.005000 -0.018375 0.031500
v 0.005813 -0.018593 0.031500
v 0.006407 -0.019188 0.031500
v 0.006407 0.019188 0.031500
v 0.006625 0.020000 0.031500
v 0.005813 0.018593 0.031500
v 0.005000 0.018375 0.031500
v 0.004187 0.018593 0.031500
v 0.003593 0.019188 0.031500
v 0.003375 0.020000 0.031500
v 0.003593 0.020813 0.031500
v 0.004187 0.021407 0.031500
v 0.005000 0.021625 0.031500
v 0.005813 0.021407 0.031500
v 0.006407 0.020813 0.031500
v 0.011500 0.018000 0.031500
v 0.011500 -0.018000 0.031500
v 0.026000 -0.027188 0.031500
v 0.011500 -0.022000 0.031500
v 0.011500 0.000000 0.031500
v 0.011500 0.022000 0.031500
v 0.026000 0.022000 0.031500
v 0.042188 0.022000 0.031500
v 0.026000 0.018000 0.031500
v 0.026000 0.000000 0.031500
v 0.026000 -0.018000 0.031500
v 0.026000 -0.022000 0.031500
v 0.042188 -0.022000 0.031500
v 0.042188 -0.027188 0.031500
vn 0.362105 -0.125718 0.923621
vn 0.338619 -0.244934 0.908485
vn 0.991523 -0.083687 -0.099389
vn 0.993180 -0.002903 -0.116551
vn 0.355480 -0.040673 0.933799
vn 0.998838 -0.028014 -0.039207
vn 0.975854 -0.025553 -0.216922
vn 0.210015 -0.827802 0.520228
vn 0.961534 -0.149129 -0.230680
vn 0.252834 -0.731804 0.632881
vn 0.974110 -0.175613 -0.142373
vn 0.265542 -0.661700 0.701171
vn 0.301915 -0.586514 0.751564
vn 0.982972 -0.113769 -0.144300
vn 0.311783 -0.462032 0.830251
vn 0.342708 -0.408507 0.845975
vn 0.951960 -0.201421 -0.230656
vn 0.162708 -0.902838 0.398007
vn 0.921405 -0.322607 -0.216649
vn 0.118640 -0.951595 0.283534
vn 0.937758 -0.138666 -0.318404
vn 0.063684 -0.990763 0.119720
vn 0.889649 -0.322513 -0.323279
vn 0.030923 -0.999498 -0.006879
vn 0.921965 -0.232611 -0.309632
vn 0.030301 -0.998270 0.050386
vn 0.198063 -0.846023 0.494991
vn 0.946557 -0.287666 -0.145869
vn 0.173242 -0.894567 0.411992
vn 0.951003 -0.143250 -0.273995
vn 0.116703 -0.957937 0.262179
vn 0.942653 -0.175062 -0.284180
vn 0.111670 -0.975557 0.189256
vn 0.979852 -0.110888 -0.166113
vn 0.326363 -0.427343 0.843128
vn 0.992421 -0.082998 -0.090624
vn 0.337134 -0.376369 0.862952
vn 0.964095 -0.139017 -0.226264
vn 0.256055 -0.749275 0.610755
vn 0.971316 -0.115330 -0.207953
vn 0.276113 -0.659659 0.699008
vn 0.298459 -0.570129 0.765424
vn 0.829761 -0.002614 -0.558112
vn -0.315826 -0.016702 -0.948670
vn 0.834089 -0.024003 -0.551107
vn -0.331678 -0.057572 -0.941634
vn -0.274786 -0.532940 -0.800292
vn 0.784135 -0.186824 -0.591802
vn -0.287026 -0.446305 -0.847601
vn 0.878731 -0.068046 -0.472442
vn -0.310278 -0.286393 -0.906480
vn 0.863815 -0.055508 -0.500742
vn -0.298774 -0.215705 -0.929626
vn 0.880792 -0.178858 -0.438423
vn -0.130349 -0.903812 -0.407594
vn 0.877226 -0.253925 -0.407427
vn -0.109954 -0.926245 -0.360527
vn 0.876388 -0.117493 -0.467054
vn -0.228709 -0.661674 -0.714058
vn 0.884934 -0.136840 -0.445159
vn -0.207934 -0.751313 -0.626333
vn -0.178659 -0.821581 -0.541373
vn 0.911157 0.240666 -0.334475
vn 0.020344 0.999482 -0.024937
vn 0.905384 0.232498 -0.355279
vn -0.009991 0.998280 -0.057765
vn -0.167698 0.845993 -0.506135
vn 0.818793 0.288318 -0.496439
vn -0.133710 0.894580 -0.426437
vn 0.904657 0.143460 -0.401266
vn -0.080550 0.957992 -0.275251
vn 0.904797 0.174809 -0.388310
vn -0.038956 0.975678 -0.215718
vn 0.857521 0.110592 -0.502421
vn -0.275835 0.434939 -0.857172
vn 0.818609 0.082950 -0.568330
vn -0.303987 0.402252 -0.863588
vn 0.883788 0.139028 -0.446756
vn -0.198783 0.749129 -0.631895
vn 0.877650 0.115559 -0.465163
vn -0.239233 0.659865 -0.712282
vn -0.264652 0.570494 -0.777493
vn 0.999868 0.000409 -0.016247
vn 0.352826 0.001210 0.935688
vn 0.993177 0.024397 -0.114035
vn 0.351992 0.057716 0.934222
vn 0.305173 0.532796 0.789302
vn 0.981074 0.186727 -0.051258
vn 0.326523 0.446303 0.833185
vn 0.976816 0.067759 -0.203075
vn 0.346422 0.286488 0.893262
vn 0.983598 0.055213 -0.171715
vn 0.371437 0.216168 0.902943
vn 0.956561 0.178632 -0.230393
vn 0.183424 0.899526 0.396494
vn 0.933938 0.253858 -0.251627
vn 0.147514 0.915415 0.374507
vn 0.971463 0.117434 -0.206082
vn 0.285997 0.661668 0.693110
vn 0.963993 0.136545 -0.228194
vn 0.244750 0.751346 0.612843
vn 0.212531 0.821380 0.529306
vn 0.113379 0.112389 -0.987175
vn -0.050250 0.234702 -0.970768
vn 0.823475 0.083637 -0.561155
vn 0.778223 0.000471 -0.627987
vn -0.060014 0.006074 -0.998179
vn 0.790525 0.027840 -0.611797
vn 0.887088 0.025365 -0.460903
vn -0.010744 0.819117 -0.573526
vn 0.884684 0.149347 -0.441621
vn -0.035048 0.718637 -0.694501
vn 0.837478 0.176030 -0.517344
vn -0.176426 0.667887 -0.723049
vn -0.016321 0.566055 -0.824206
vn 0.845724 0.113946 -0.521313
vn -0.155056 0.457892 -0.875381
vn 0.090434 0.368088 -0.925383
vn 0.877515 0.201455 -0.435183
vn -0.053884 0.887473 -0.457699
vn 0.844930 0.322802 -0.426488
vn -0.051398 0.945201 -0.322418
vn 0.922975 0.138893 -0.358923
vn 0.063301 0.985534 -0.157211
vn 0.339308 0.940613 0.010818
vn 0.203499 0.961560 0.184364
vn 0.936157 0.245361 -0.251811
vn 0.915491 0.230040 -0.330087
vn 0.222014 0.974213 -0.040240
vn 0.904227 0.304626 -0.299293
vn 0.940162 0.129817 -0.315030
vn 0.483587 0.531015 0.695821
vn 0.974205 0.112150 -0.195823
vn 0.581269 0.633621 0.510540
vn 0.965952 0.199600 -0.164608
vn 0.341732 0.733558 0.587462
vn 0.548140 0.742700 0.384629
vn 0.953287 0.200561 -0.225875
vn 0.275032 0.874496 0.399518
vn 0.485501 0.844493 0.226101
vn 0.983620 0.108639 -0.143836
vn 0.519954 0.388515 0.760726
vn 0.993604 0.111412 -0.018373
vn 0.561220 0.304006 0.769814
vn 0.977814 0.021890 -0.208327
vn 0.525004 0.116611 0.843073
vn 0.018073 -0.988789 -0.148223
vn -0.001420 -0.965850 -0.259099
vn 0.878943 -0.245536 -0.408866
vn 0.890246 -0.319461 -0.324666
vn 0.041381 -0.998942 -0.020075
vn 0.885020 -0.304674 -0.352013
vn 0.922677 -0.129998 -0.362998
vn -0.066407 -0.538096 -0.840263
vn 0.872182 -0.112133 -0.476155
vn -0.059287 -0.661821 -0.747314
vn 0.845707 -0.199491 -0.494958
vn -0.143047 -0.736716 -0.660898
vn -0.061290 -0.805063 -0.590014
vn 0.875369 -0.200728 -0.439815
vn -0.060070 -0.875953 -0.478643
vn -0.044569 -0.909268 -0.413819
vn 0.845987 -0.108714 -0.522003
vn -0.043856 -0.420441 -0.906259
vn 0.772934 -0.111800 -0.624559
vn -0.037581 -0.295949 -0.954464
vn 0.882921 -0.021736 -0.469018
vn 0.193701 -0.106557 -0.975257
vn 0.664213 0.618828 -0.419372
vn 0.636459 0.642782 -0.426323
vn 0.762304 0.647001 -0.016806
vn 0.789169 0.613954 0.016519
vn 0.593933 -0.614086 -0.519752
vn 0.594853 -0.646953 -0.477076
vn 0.761635 -0.642725 -0.082567
vn 0.778128 -0.619141 -0.105740
vn 0.509641 -0.166559 -0.844111
vn 0.479143 -0.182792 -0.858492
vn 0.457380 0.244628 -0.854962
vn 0.481519 0.285392 -0.828668
vn 0.481519 0.285392 -0.828668
vn 0.457380 0.244628 -0.854962
vn 0.479143 -0.182792 -0.858492
vn 0.509641 -0.166559 -0.844111
vn -0.107370 -0.572188 0.813064
vn -0.221706 -0.593275 0.773867
vn -0.248471 -0.649309 0.718791
vn -0.252914 -0.600137 0.758861
vn -0.274198 -0.663944 0.695696
vn 0.904383 0.411397 -0.113331
vn 0.794372 0.337204 -0.505239
vn 0.973609 0.051483 -0.222342
vn 0.769710 0.047344 -0.636635
vn 0.694387 0.202806 -0.690432
vn 0.748698 -0.202731 -0.631151
vn 0.913540 0.123903 -0.387419
vn 0.868098 -0.335025 -0.366284
vn 0.885394 0.007278 -0.464784
vn 0.999787 0.013529 -0.015607
vn 0.776929 0.343386 -0.527701
vn 0.911639 0.401608 -0.087317
vn 0.976893 -0.007282 -0.213604
vn 0.775728 -0.013525 -0.630923
vn 0.934481 -0.342880 -0.095803
vn 0.754377 -0.401690 -0.519192
vn 0.694387 0.202806 -0.690432
vn 0.748698 -0.202731 -0.631151
vn 0.913540 0.123903 -0.387419
vn 0.868098 -0.335025 -0.366284
vn 0.765293 -0.411691 -0.494811
vn 0.933245 -0.337300 -0.123623
vn 0.888860 -0.051506 -0.455274
vn 0.998868 -0.047076 -0.006761
vn 0.929798 -0.130967 -0.343983
vn 0.883198 0.331377 -0.331891
vn 0.738753 -0.229755 -0.633606
vn 0.695864 0.229902 -0.680381
vn 0.929798 -0.130967 -0.343983
vn 0.883198 0.331377 -0.331891
vn 0.738753 -0.229755 -0.633606
vn 0.695864 0.229902 -0.680381
vn 0.184509 0.547809 0.816003
vn 0.077719 0.486088 0.870447
vn 0.445792 0.361507 0.818891
vn -0.015587 0.978729 0.204565
vn -0.071451 0.903386 0.422833
vn 0.218989 0.784915 0.579614
vn 0.108971 0.732361 0.672140
vn 0.434014 0.501962 0.748108
vn -0.135265 0.544981 0.827466
vn -0.086478 0.618773 0.780796
vn -0.099190 0.825135 0.556159
vn 0.718884 0.124726 0.683849
vn 0.752691 0.016797 0.658160
vn 0.624189 0.258818 0.737158
vn 0.591898 0.398130 0.700820
vn 0.420922 0.663078 0.618993
vn 0.180544 0.907515 0.379237
vn 0.682645 0.167945 0.711190
vn 0.776390 0.014722 0.630081
vn -0.131688 0.568881 0.811808
vn -0.069398 0.564039 0.822827
vn 0.681658 0.006910 0.731639
vn 0.612101 0.344384 0.711851
vn 0.457166 0.683218 0.569397
vn 0.238961 0.906827 0.347221
vn 0.063275 0.983862 0.167369
vn 0.833003 0.040969 0.551750
vn 0.707943 0.172123 0.684975
vn 0.462791 0.347959 0.815322
vn 0.165245 0.487097 0.857572
vn 0.808431 0.002544 0.588585
vn 0.767943 0.207409 0.606007
vn 0.523370 0.425691 0.738154
vn 0.226595 0.582025 0.780962
vn 0.011612 0.649237 0.760497
vn 0.776043 0.425068 0.465914
vn 0.967713 0.138434 0.210637
vn 0.827478 0.254795 0.500360
vn 0.913201 0.006918 0.407450
vn 0.947954 0.023300 0.317553
vn 0.964328 0.036189 0.262225
vn 0.973285 -0.008187 0.229454
vn 0.696562 0.454949 0.554817
vn 0.565991 0.485240 0.666481
vn 0.517361 0.563288 0.644239
vn 0.277232 0.629844 0.725561
vn 0.239211 0.676172 0.696828
vn 0.130029 0.714009 0.687956
vn 0.095731 0.694119 0.713467
vn 0.899383 0.383962 0.209006
vn 0.681401 0.594068 0.427523
vn 0.727340 0.643373 0.238846
vn 0.429781 0.735108 0.524313
vn 0.416799 0.845507 0.333761
vn 0.165418 0.825278 0.539957
vn 0.152173 0.921536 0.357232
vn 0.627511 0.766793 -0.135122
vn 0.811748 0.549004 -0.199148
vn 0.892235 0.450830 -0.025844
vn 0.695173 0.714625 0.077750
vn 0.383081 0.916037 0.118849
vn 0.546935 0.828189 -0.122331
vn 0.247205 0.968142 -0.039874
vn 0.147701 0.972498 0.180088
vn 0.144148 0.989401 0.017505
vn 0.984557 0.018016 -0.174132
vn 0.998643 0.024332 -0.046034
vn 0.955534 0.215525 -0.201256
vn 0.868847 0.433642 -0.238872
vn 0.999025 0.011932 0.042515
vn 0.888470 -0.436710 -0.141089
vn 0.773377 -0.605036 -0.189258
vn 0.917160 -0.387559 -0.092820
vn 0.959523 -0.275153 -0.060057
vn 0.926405 -0.363264 -0.099057
vn 0.964377 -0.264462 -0.006126
vn 0.979816 -0.199375 -0.014504
vn 0.984404 -0.175918 -0.001372
vn -0.064057 -0.000251 -0.997946
vn 0.886988 -0.000204 -0.461792
vn 0.930407 0.341902 -0.132085
vn 0.931463 0.357835 -0.065806
vn 0.912206 0.393483 -0.114243
vn 0.979917 0.199015 -0.012450
vn 0.966967 0.254669 -0.010896
vn 0.905190 0.413235 -0.099340
vn 0.981377 0.191698 -0.012276
vn 0.800769 0.570263 -0.183220
vn 0.733279 -0.656148 -0.178245
vn 0.853563 -0.510156 -0.105694
vn 0.739193 -0.652157 -0.168181
vn 0.729223 -0.663406 -0.167712
vn 0.959548 -0.280874 -0.019409
vn 0.820674 -0.559871 -0.114181
vn 0.936004 -0.351987 -0.001136
vn 0.959984 -0.279974 -0.006679
vn 0.924290 -0.380163 -0.034114
vn 0.782279 -0.452687 0.427919
vn 0.844313 -0.426728 0.324097
vn 0.743319 -0.350157 0.569971
vn 0.871681 -0.489940 0.011448
vn 0.891136 -0.429840 0.145308
vn 0.722945 -0.578457 0.377805
vn 0.756753 -0.653478 0.017071
vn 0.595051 -0.709183 0.378119
vn 0.612743 -0.790121 0.015974
vn 0.443478 -0.812688 0.377975
vn 0.444715 -0.895530 0.015928
vn 0.274761 -0.884093 0.378002
vn 0.274495 -0.961413 0.018373
vn 0.094707 -0.921031 0.377798
vn 0.053100 -0.998529 0.011004
vn -0.087300 -0.921928 0.377396
vn -0.102794 -0.994459 0.022008
vn -0.223681 -0.914815 0.336273
vn -0.266507 -0.963762 0.011736
vn -0.183979 -0.722709 0.666216
vn -0.289747 -0.675002 0.678542
vn -0.357445 -0.835125 0.418090
vn -0.395932 -0.918147 0.015639
vn -0.064818 -0.747185 0.661448
vn 0.089615 -0.731755 0.675650
vn 0.227516 -0.714126 0.662012
vn 0.370517 -0.637391 0.675610
vn 0.518479 -0.520319 0.678562
vn 0.624533 -0.473920 0.620772
vn 0.680729 -0.420341 0.599935
vn -0.277451 -0.669112 0.689427
vn -0.301117 -0.711797 0.634566
vn -0.197016 -0.747140 0.634797
vn -0.127613 -0.947191 0.294185
vn -0.135530 -0.871236 0.471783
vn -0.064303 -0.970446 0.232594
vn -0.000171 -1.000000 0.000612
vn -0.011216 -0.999924 0.005139
vn -0.034539 -0.999393 -0.004647
vn -0.218059 -0.824790 0.521701
vn -0.092791 -0.613830 0.783966
vn -0.081162 -0.779543 0.621068
vn -0.045048 -0.869894 0.491176
vn -0.030230 -0.967563 0.250814
vn -0.000418 -0.999995 0.003093
vn -0.038387 -0.684017 0.728455
vn 0.115531 -0.594769 0.795552
vn 0.523897 -0.559897 0.641909
vn 0.324021 -0.635588 0.700742
vn 0.467877 -0.523186 0.712297
vn 0.227745 -0.650743 0.724338
vn 0.697873 -0.446281 0.560185
vn 0.536473 -0.388219 0.749321
vn 0.563232 -0.540620 0.624900
vn 0.573071 -0.436525 0.693568
vn 0.366486 -0.814215 0.450270
vn 0.510975 -0.610159 0.605484
vn 0.544090 -0.546281 0.636822
vn 0.605850 -0.639214 0.473658
vn 0.446949 -0.827740 0.339239
vn 0.457020 -0.755920 0.468740
vn 0.244975 -0.950747 0.189912
vn 0.238417 -0.934065 0.265856
vn 0.018178 -0.999828 0.003805
vn 0.030444 -0.998936 0.034653
vn 0.218454 -0.938686 0.266735
vn 0.028416 -0.998927 0.036569
vn 0.838593 -0.019875 -0.544396
vn -0.058621 -0.054572 -0.996788
vn -0.012979 -0.992797 -0.119100
vn -0.001754 -0.999034 -0.043915
vn 0.278770 -0.955422 0.097239
vn 0.722864 -0.622972 0.298955
vn 0.525888 -0.827308 0.197492
vn 0.306706 -0.949722 -0.062927
vn 0.552775 -0.832369 -0.040035
vn 0.792541 -0.609804 0.004286
vn -0.078943 -0.965726 -0.247268
vn -0.050082 -0.980129 -0.191934
vn 0.234991 -0.952019 -0.196058
vn 0.209371 -0.906133 -0.367541
vn -0.114242 -0.907411 -0.404417
vn -0.068787 -0.945524 -0.318202
vn 0.569223 -0.807258 -0.155947
vn 0.504597 -0.808488 -0.302869
vn 0.837039 -0.544606 -0.052635
vn 0.911954 -0.409486 -0.025712
vn 0.904632 -0.425617 -0.022148
vn 0.924556 -0.182021 -0.334761
vn 0.922404 -0.224581 -0.314219
vn 0.858256 0.003442 -0.513210
vn 0.865631 0.023647 -0.500123
vn 0.992347 0.020150 -0.121828
vn 0.568159 0.058467 0.820839
vn 0.986288 0.001736 -0.165025
vn 0.639736 0.003750 0.768586
vn -0.408078 0.244723 -0.879536
vn -0.793451 0.244619 -0.557313
vn 0.000000 1.000000 0.000000
vn -0.965752 0.244657 -0.086409
vn -0.879438 0.244584 0.408371
vn 0.879589 0.244754 -0.407945
vn 0.557531 0.244678 -0.793279
vn 0.086073 0.244664 -0.965780
vn 0.408238 0.244616 0.879491
vn 0.793050 0.244705 0.557846
vn 0.965780 0.244664 0.086073
vn -0.557628 0.244646 0.793221
vn -0.086409 0.244657 0.965752
vn 0.921555 -0.188771 -0.339267
vn 0.917097 -0.173808 -0.358781
vn 0.931308 0.132557 -0.339256
vn 0.908583 0.224845 -0.352025
vn 0.931388 0.134129 -0.338418
vn 0.933178 0.173757 -0.314622
vn 0.984575 -0.023651 -0.173359
vn 0.976654 -0.000432 -0.214818
vn 0.030950 0.994575 -0.099315
vn 0.063785 0.997678 -0.023885
vn -0.006871 0.997974 -0.063256
vn -0.010008 0.990755 -0.135294
vn 0.316500 0.939111 -0.133787
vn 0.003794 0.999717 -0.023474
vn 0.243659 0.969840 0.006373
vn 0.021237 0.999739 0.008367
vn 0.261264 0.959946 0.101211
vn 0.611036 0.786051 -0.093592
vn 0.527453 0.844698 0.090992
vn 0.802839 0.594047 -0.050577
vn 0.756620 0.632994 0.163845
vn 0.899712 0.436323 0.011879
vn 0.876215 0.435490 0.206385
vn 0.513071 0.823990 0.240414
vn 0.714481 0.604368 0.352499
vn 0.788766 0.426714 0.442451
vn 0.267257 0.941946 0.203251
vn 0.480119 0.789675 0.381968
vn 0.641591 0.561402 0.522674
vn 0.670711 0.426115 0.607101
vn 0.548428 0.566313 0.615236
vn 0.555748 0.467295 0.687590
vn 0.525057 0.590882 0.612514
vn 0.357538 0.828231 0.431508
vn 0.396108 0.805794 0.440221
vn 0.173025 0.963364 0.204922
vn 0.208968 0.950203 0.231186
vn 0.018902 0.999568 0.022495
vn 0.024134 0.999356 0.026546
vn 0.194793 0.660065 0.725513
vn 0.691112 0.418050 0.589575
vn 0.592421 0.505447 0.627345
vn 0.505185 0.533132 0.678645
vn 0.136589 0.738077 0.660746
vn 0.188672 0.715268 0.672901
vn 0.337474 0.652236 0.678749
vn 0.365557 0.592497 0.717855
vn 0.528558 0.493659 0.690599
vn -0.015217 0.998045 0.060619
vn -0.010171 0.999290 0.036277
vn -0.060886 0.964499 0.256973
vn -0.145095 0.672628 0.725617
vn -0.081743 0.855791 0.510824
vn 0.310256 0.590545 0.744982
vn 0.071345 0.598045 0.798281
vn -0.066718 0.602948 0.794986
vn 0.648123 0.009690 0.761474
vn 0.634118 0.006562 0.773208
vn 0.605221 0.344646 0.717583
vn 0.544108 0.010471 0.838950
vn 0.499508 0.377133 0.779912
vn 0.559922 0.532178 0.635039
vn 0.372541 0.809231 0.454267
vn 0.369124 0.741938 0.559711
vn 0.183498 0.942995 0.277647
vn 0.229728 0.930850 0.284154
vn 0.008464 0.999882 0.012832
vn 0.075590 0.992526 0.095798
vn -0.746115 0.007697 -0.665773
vn -0.776184 0.006507 -0.630473
vn -0.705502 0.001432 -0.708706
vn -0.611135 0.003375 -0.791519
vn -0.594141 0.006175 -0.804337
vn -0.418750 0.007593 -0.908070
vn -0.416058 0.006242 -0.909317
vn -0.255290 0.004240 -0.966855
vn -0.177979 0.011178 -0.983971
vn -0.126316 0.008502 -0.991954
vn 0.034198 0.011824 -0.999345
vn 0.017863 0.000693 -0.999840
vn 0.680539 0.002465 -0.732708
vn 0.597729 0.006953 -0.801668
vn 0.586476 0.006405 -0.809942
vn 0.480604 0.005174 -0.876922
vn 0.448504 0.013302 -0.893682
vn 0.342404 -0.003793 -0.939545
vn 0.247404 0.006219 -0.968893
vn 0.217579 0.006977 -0.976018
vn 0.117231 0.006946 -0.993080
vn 0.926748 0.007900 -0.375600
vn 0.853124 0.008113 -0.521645
vn 0.833303 0.007675 -0.552763
vn 0.695683 0.017843 -0.718128
vn 0.998750 0.004191 0.049818
vn 0.997248 0.000290 -0.074137
vn 0.998804 0.005043 0.048643
vn 0.988036 0.007175 -0.154059
vn 0.983925 0.005115 -0.178507
vn 0.969348 0.002262 -0.245682
vn 0.887259 0.008278 -0.461196
vn 0.966495 0.001861 0.256680
vn 0.968586 0.009923 0.248482
vn 0.926377 0.004868 0.376566
vn 0.401217 0.006300 0.915962
vn 0.337501 0.000118 0.941325
vn 0.400113 0.004810 0.916453
vn 0.445491 0.005733 0.895268
vn 0.557366 0.004193 0.830256
vn 0.638290 0.005257 0.769778
vn 0.727352 0.001083 0.686264
vn 0.785954 0.002968 0.618278
vn 0.815578 0.002712 0.578640
vn 0.932775 0.003920 0.360438
vn 0.234184 0.004127 0.972184
vn 0.088337 0.004741 0.996079
vn 0.136045 0.002292 0.990700
vn -0.198543 0.003792 0.980085
vn -0.198846 0.006812 0.980007
vn -0.104056 0.002623 0.994568
vn -0.087247 0.002763 0.996183
vn -0.053238 0.008641 0.998544
vn 0.903742 -0.307882 -0.297420
vn 0.935120 0.145522 -0.323069
vn 0.924019 -0.145506 -0.353577
vn 0.883489 0.307888 -0.353061
vn 0.974925 0.222103 -0.013830
vn 0.973715 -0.222179 0.050160
vn 0.914708 0.221971 0.337696
vn 0.890592 -0.222049 0.396913
vn 0.732114 0.221928 0.644016
vn 0.688258 -0.221922 0.690689
vn 0.451571 0.221969 0.864184
vn 0.393983 -0.221914 0.891926
vn 0.110758 0.221949 0.968747
vn 0.046971 -0.221968 0.973922
vn -0.245020 0.221893 0.943784
vn -0.306387 -0.221907 0.925680
vn -0.563649 0.196044 0.802413
vn -0.578721 -0.232091 0.781802
vn -0.958590 -0.251277 0.134036
vn -0.820480 0.251275 0.513492
vn -0.947565 -0.196031 -0.252372
vn -0.945868 0.232041 -0.226915
vn -0.829751 0.221918 -0.512120
vn -0.794320 -0.221877 -0.565532
vn -0.589842 0.222200 -0.776346
vn -0.537646 -0.222026 -0.813414
vn -0.271320 0.222212 -0.936487
vn -0.209500 -0.222295 -0.952205
vn 0.083161 0.221953 -0.971505
vn 0.146724 -0.222050 -0.963933
vn 0.427015 0.222002 -0.876569
vn 0.483653 -0.221949 -0.846651
vn 0.713742 0.222051 -0.664279
vn 0.755753 -0.222004 -0.616077
vn -0.408238 0.244616 -0.879491
vn -0.793050 0.244705 -0.557846
vn 0.000000 1.000000 0.000000
vn -0.965780 0.244664 -0.086073
vn -0.879589 0.244754 0.407945
vn 0.879438 0.244584 -0.408371
vn 0.557628 0.244646 -0.793221
vn 0.086409 0.244657 -0.965752
vn 0.408078 0.244723 0.879536
vn 0.793451 0.244619 0.557313
vn 0.965752 0.244657 0.086409
vn -0.557531 0.244678 0.793279
vn -0.086073 0.244664 0.965780
vn -0.652250 0.660839 -0.371297
vn -0.664600 0.631168 -0.399918
vn -0.694707 0.459366 -0.553502
vn -0.672290 0.377539 -0.636782
vn -0.717465 0.334716 -0.610908
vn -0.381883 0.843690 0.377297
vn -0.460164 0.844507 0.273965
vn -0.529944 0.843333 0.089156
vn -0.556468 0.803414 -0.211825
vn -0.397071 0.917787 0.001043
vn -0.569882 0.801624 -0.180649
vn -0.401379 0.908361 0.117369
vn -0.579495 0.809791 -0.091778
vn -0.393880 0.897762 0.197185
vn -0.383123 0.856900 0.344875
vn -0.677584 0.155603 -0.718796
vn -0.557959 0.003886 -0.829859
vn -0.659062 0.002536 -0.752084
vn -0.493255 0.007554 -0.869852
vn -0.635365 0.322770 -0.701521
vn -0.662519 0.647588 -0.376428
vn -0.603858 0.786267 -0.130915
vn 0.671160 0.008372 0.741265
vn 0.995910 0.026491 0.086379
vn 0.990018 0.024686 -0.138761
vn 0.944324 0.032350 -0.327424
vn 0.936150 0.013674 0.351335
vn 0.969624 0.017177 0.243994
vn 0.791853 0.001417 0.610710
vn -0.206770 0.005378 0.978375
vn -0.184106 0.005857 0.982889
vn -0.184698 0.003299 0.982790
vn -0.121732 0.002184 0.992561
vn -0.038835 0.013631 0.999153
vn 0.041851 0.003926 0.999116
vn 0.122248 0.011658 0.992431
vn 0.189465 0.005368 0.981873
vn 0.261443 0.012876 0.965133
vn 0.345535 -0.000622 0.938406
vn 0.462107 0.006116 0.886803
vn 0.497333 0.008250 0.867521
vn -0.780846 0.000292 -0.624724
vn -0.787102 0.005678 -0.616797
vn -0.722940 0.010702 -0.690828
vn -0.684607 0.006196 -0.728886
vn -0.601571 0.008248 -0.798777
vn -0.512441 0.004338 -0.858712
vn -0.430576 0.013455 -0.902454
vn -0.345981 0.005250 -0.938227
vn -0.206025 0.013057 -0.978460
vn -0.157382 0.010438 -0.987483
vn 0.022225 0.016246 -0.999621
vn -0.047114 0.004066 -0.998881
vn 0.478780 0.017124 -0.877768
vn 0.355818 0.002470 -0.934552
vn 0.244766 0.012248 -0.969505
vn 0.200397 0.015439 -0.979593
vn 0.128618 0.025566 -0.991365
vn 0.958463 0.000738 -0.285217
vn 0.894819 0.020898 -0.445941
vn 0.865887 0.020918 -0.499802
vn 0.836229 0.034660 -0.547283
vn 0.722374 0.031957 -0.690763
vn 0.707283 0.021521 -0.706603
vn 0.598049 0.027475 -0.800989
vn 0.561639 0.020527 -0.827128
vn 0.506766 0.039520 -0.861177
vn 0.851068 0.365030 -0.377408
vn 0.513596 0.630164 -0.582334
vn 0.636931 0.335076 -0.694293
vn 0.738382 0.426553 -0.522345
vn 0.213183 0.829071 -0.516907
vn 0.081128 0.810429 -0.580193
vn 0.337635 0.613744 -0.713667
vn 0.338622 0.927119 -0.160575
vn 0.018982 0.999812 -0.003991
vn 0.674651 0.674951 -0.298810
vn 0.480951 0.786436 -0.387563
vn 0.333693 0.832241 -0.442745
vn 0.103650 0.888660 -0.446700
vn -0.126589 0.924015 -0.360792
vn -0.095784 0.983136 -0.155784
vn -0.315626 0.948861 -0.006642
vn -0.054603 0.998428 -0.012688
vn -0.196513 0.980496 -0.003051
vn -0.247696 0.968824 -0.005175
vn 0.218247 0.908087 -0.357417
vn 0.188385 0.957073 -0.220280
vn 0.436463 0.366173 -0.821838
vn 0.175036 0.892907 0.414825
vn 0.174720 0.984471 0.017025
vn 0.821104 0.471468 0.321724
vn 0.275052 0.882598 0.381270
vn 0.330986 0.943502 0.015877
vn 0.435303 0.817219 0.377711
vn 0.502956 0.864164 0.015968
vn 0.587220 0.715590 0.378291
vn 0.652546 0.757524 0.018454
vn 0.717138 0.585504 0.378019
vn 0.804889 0.593324 0.010977
vn 0.893656 0.448610 0.011324
vn 0.904272 0.426289 -0.023857
vn -0.039060 0.992856 -0.112748
vn 0.233096 0.947384 -0.219386
vn -0.027934 0.983530 -0.178574
vn -0.031126 0.989117 -0.143798
vn -0.061770 0.976126 -0.208239
vn -0.076457 0.956054 -0.283046
vn -0.061753 0.941481 -0.331361
vn 0.810879 0.581039 -0.069775
vn 0.930708 0.365696 -0.006963
vn 0.771227 0.617745 -0.153624
vn 0.503183 0.825052 -0.257093
vn 0.735441 0.660780 -0.149987
vn 0.536499 0.830085 -0.152077
vn 0.283026 0.900873 -0.329126
vn 0.858257 0.511165 -0.045869
vn 0.882998 0.466058 -0.055713
vn 0.955129 0.296178 0.002699
vn 0.961126 0.275650 -0.015930
vn 0.887595 0.450968 -0.093821
vn 0.973498 0.224066 -0.045789
vn 0.974460 0.212544 -0.072472
vn 0.979373 0.201735 -0.011447
vn 0.972288 0.230611 -0.038401
vn 0.979252 -0.202539 -0.006535
vn 0.976747 -0.197702 -0.082936
vn 0.972669 -0.227476 -0.046584
vn 0.977223 -0.210684 -0.025445
vn 0.845923 -0.481582 -0.229112
vn 0.757254 -0.603527 -0.249644
vn -0.139364 -0.881747 -0.450666
vn 0.200933 -0.845765 -0.494274
vn -0.158243 -0.840568 -0.518078
vn -0.166247 -0.810535 -0.561601
vn -0.192704 -0.481732 -0.854868
vn -0.238431 -0.548878 -0.801177
vn 0.147824 -0.596195 -0.789113
vn -0.201188 -0.604354 -0.770895
vn 0.191123 -0.686146 -0.701908
vn -0.166143 -0.680655 -0.713516
vn 0.201083 -0.760265 -0.617707
vn -0.189393 -0.730487 -0.656139
vn -0.197321 -0.764833 -0.613265
vn -0.213333 -0.351460 -0.911573
vn -0.226477 -0.423469 -0.877144
vn 0.089278 -0.481287 -0.872005
vn -0.325079 -0.188869 -0.926635
vn -0.087292 -0.348988 -0.933053
vn -0.320412 -0.176429 -0.930703
vn -0.256723 -0.142662 -0.955898
vn -0.074440 -0.356970 -0.931145
vn -0.152985 -0.234340 -0.960042
vn -0.202538 -0.296049 -0.933452
vn -0.321275 -0.210314 -0.923337
vn 0.235347 -0.421948 -0.875541
vn 0.316894 -0.409020 -0.855734
vn 0.409778 -0.518494 -0.750497
vn 0.671883 -0.441789 -0.594471
vn 0.531282 -0.559121 -0.636492
vn 0.759350 -0.466252 -0.453869
vn 0.572321 -0.599386 -0.559629
vn 0.835589 -0.467914 -0.287832
vn 0.937748 -0.308630 -0.159298
vn 0.832616 -0.442806 -0.332676
vn 0.941585 -0.259416 -0.214757
vn 0.914932 -0.314418 -0.253062
vn 0.560505 -0.666611 -0.491389
vn 0.569810 -0.709783 -0.414155
vn 0.604670 -0.731443 -0.315223
vn -0.239094 -0.140413 -0.960790
vn -0.036700 -0.256174 -0.965934
vn 0.203361 -0.158675 -0.966161
vn 0.009620 -0.015395 -0.999835
vn -0.029816 -0.050224 -0.998293
vn 0.459263 -0.407708 -0.789209
vn 0.300558 -0.380507 -0.874574
vn 0.134778 -0.244244 -0.960302
vn 0.414347 -0.315124 -0.853823
vn -0.061632 -0.111562 -0.991844
vn -0.098685 -0.091075 -0.990942
vn -0.306093 0.000653 -0.952002
vn -0.281242 -0.000470 -0.959637
vn -0.016994 0.300464 -0.953642
vn -0.253737 0.179116 -0.950545
vn -0.106943 0.088215 -0.990344
vn 0.375402 0.357835 -0.855002
vn 0.531896 0.462298 -0.709484
vn 0.319084 0.411929 -0.853522
vn 0.272400 0.439034 -0.856182
vn 0.004710 0.405351 -0.914149
vn -0.106460 0.285101 -0.952567
vn -0.099789 0.291780 -0.951266
vn 0.161723 0.287961 -0.943888
vn 0.365681 0.519428 -0.772316
vn 0.616275 0.485891 -0.619770
vn 0.389304 0.295731 -0.872345
vn 0.153796 0.125212 -0.980137
vn -0.023165 0.048805 -0.998540
vn 0.454482 0.579234 -0.676708
vn 0.770216 0.594258 -0.231571
vn 0.818764 0.522265 -0.238464
vn 0.594415 0.738541 -0.318163
vn -0.231956 0.352016 -0.906797
vn -0.280793 0.331510 -0.900698
vn -0.231329 0.250925 -0.939959
vn -0.148939 0.854388 -0.497833
vn 0.172276 0.831415 -0.528271
vn -0.105593 0.924806 -0.365491
vn 0.260775 0.865882 -0.426901
vn 0.845848 0.437016 -0.305871
vn 0.848504 0.461657 -0.258676
vn 0.787054 0.442861 -0.429442
vn 0.908191 0.306084 -0.285483
vn 0.654555 0.474344 -0.588689
vn 0.712564 0.484294 -0.507654
vn 0.556907 0.607093 -0.566826
vn 0.565279 0.664970 -0.488134
vn 0.575584 0.708669 -0.408032
vn 0.140522 0.584153 -0.799386
vn -0.217665 0.504172 -0.835723
vn 0.047974 0.494587 -0.867803
vn -0.235015 0.446425 -0.863408
vn -0.234256 0.359398 -0.903303
vn -0.163502 0.837885 -0.520784
vn -0.155367 0.776420 -0.610764
vn 0.213771 0.747065 -0.629441
vn -0.196720 0.700497 -0.686006
vn 0.151650 0.683456 -0.714066
vn -0.213136 0.657470 -0.722708
vn -0.225686 0.567654 -0.791729
vn -0.885771 0.394429 -0.244612
vn -0.570092 0.784301 -0.244677
vn 0.000000 0.000000 -1.000000
vn -0.101644 0.964261 -0.244684
vn 0.394429 0.885771 -0.244612
vn -0.394429 -0.885771 -0.244612
vn -0.784301 -0.570092 -0.244677
vn -0.964261 -0.101644 -0.244684
vn 0.885771 -0.394429 -0.244612
vn 0.570092 -0.784301 -0.244677
vn 0.101644 -0.964261 -0.244684
vn 0.784301 0.570092 -0.244677
vn 0.964261 0.101644 -0.244684
vn -0.885771 0.394429 -0.244612
vn -0.570092 0.784301 -0.244677
vn 0.000000 0.000000 -1.000000
vn -0.101644 0.964261 -0.244684
vn 0.394429 0.885771 -0.244612
vn -0.394429 -0.885771 -0.244612
vn -0.784301 -0.570092 -0.244677
vn -0.964261 -0.101644 -0.244684
vn 0.885771 -0.394429 -0.244612
vn 0.570092 -0.784301 -0.244677
vn 0.101644 -0.964261 -0.244684
vn 0.784301 0.570092 -0.244677
vn 0.964261 0.101644 -0.244684
vn -0.885771 0.394429 -0.244612
vn -0.570092 0.784301 -0.244677
vn 0.000000 0.000000 -1.000000
vn -0.101644 0.964261 -0.244684
vn 0.394429 0.885771 -0.244612
vn -0.394429 -0.885771 -0.244612
vn -0.784301 -0.570092 -0.244677
vn -0.964261 -0.101644 -0.244684
vn 0.885771 -0.394429 -0.244612
vn 0.570092 -0.784301 -0.244677
vn 0.101644 -0.964261 -0.244684
vn 0.784301 0.570092 -0.244677
vn 0.964261 0.101644 -0.244684
vn -0.885771 0.394429 -0.244612
vn -0.570092 0.784301 -0.244677
vn 0.000000 0.000000 -1.000000
vn -0.101644 0.964261 -0.244684
vn 0.394429 0.885771 -0.244612
vn -0.394429 -0.885771 -0.244612
vn -0.784301 -0.570092 -0.244677
vn -0.964261 -0.101644 -0.244684
vn 0.885771 -0.394429 -0.244612
vn 0.570092 -0.784301 -0.244677
vn 0.101644 -0.964261 -0.244684
vn 0.784301 0.570092 -0.244677
vn 0.964261 0.101644 -0.244684
vn 0.037759 0.999210 -0.012423
vn 0.034342 0.999144 0.023053
vn 0.064016 0.987700 0.142655
vn 0.106101 0.979347 0.172108
vn 0.030374 0.999458 -0.012698
vn 0.451371 0.749589 -0.484129
vn 0.008016 0.999861 -0.014622
vn 0.016677 0.999381 -0.030981
vn 0.009136 0.999952 -0.003488
vn 0.019994 0.999589 -0.020528
vn -0.312299 0.008001 -0.949950
vn -0.320575 0.033399 -0.946634
vn -0.327969 0.155988 -0.931721
vn -0.299499 0.198305 -0.933260
vn -0.305230 -0.001727 -0.952277
vn -0.314191 -0.014733 -0.949246
vn -0.325432 -0.015010 -0.945446
vn -0.317146 -0.023495 -0.948086
vn -0.334293 -0.000171 -0.942469
vn -0.317656 -0.012767 -0.948120
vn -0.304663 0.000245 -0.952460
vn -0.318881 0.019401 -0.947596
vn -0.316489 0.009745 -0.948546
vn -0.317214 0.022215 -0.948094
vn 0.335320 0.204141 -0.919721
vn -0.326748 0.000586 -0.945111
vn 0.023171 -0.999606 -0.015841
vn 0.009741 -0.999189 -0.039075
vn -0.043489 -0.987708 -0.150140
vn -0.032234 -0.979466 -0.199015
vn 0.026032 -0.999604 -0.010716
vn 0.075946 -0.996718 -0.028039
vn 0.024272 -0.998935 -0.039235
vn 0.020426 -0.999652 -0.016683
vn 0.034141 -0.997539 -0.061237
vn 0.038199 -0.998827 -0.029772
vn -0.032638 -0.999263 0.020210
vn -0.088553 -0.995825 -0.022169
vn -0.023506 -0.999196 0.032473
vn 0.122723 -0.991677 -0.038939
vn 0.182020 -0.983195 0.014004
vn 0.139983 -0.987906 0.066682
vn 0.120315 -0.984579 0.126994
vn 0.029179 -0.997062 0.070827
vn 0.002801 -0.992498 0.122225
vn -0.023697 -0.997540 0.065968
vn 0.338134 -0.932335 -0.128125
vn -0.088283 -0.993888 -0.066275
vn -0.015059 -0.999597 -0.024071
vn -0.013689 -0.997403 -0.070706
vn 0.030690 -0.984582 -0.172208
vn 0.080294 -0.987904 -0.132657
vn 0.144344 -0.983197 -0.111750
vn 0.379294 -0.000972 0.925276
vn 0.364641 -0.033625 0.930541
vn 0.348516 -0.155748 0.924272
vn 0.373345 -0.198280 0.906255
vn 0.908865 -0.417052 -0.005573
vn -0.390856 -0.920436 -0.005484
vn -0.112853 -0.993589 -0.006688
vn 0.810199 -0.586117 -0.006709
vn 0.650680 -0.759317 -0.007280
vn 0.500863 -0.865494 -0.007459
vn 0.346205 -0.938140 -0.005900
vn 0.103522 -0.994620 -0.003848
vn -0.383585 -0.910150 0.156495
vn -0.397906 -0.917091 0.024805
vn -0.379115 -0.889226 0.256027
vn -0.321986 -0.773913 0.545329
vn -0.086765 -0.972761 -0.214959
vn -0.085048 -0.970262 -0.226623
vn -0.150233 -0.964225 -0.218403
vn -0.169716 -0.951068 0.258197
vn -0.039429 -0.997780 -0.053676
vn -0.142622 -0.988485 0.050570
vn -0.031130 -0.996694 -0.075048
vn -0.080960 -0.979065 -0.186757
vn -0.243575 -0.820259 0.517540
vn -0.255856 -0.892153 0.372291
vn -0.276561 -0.798652 0.534479
vn -0.251588 -0.931500 0.262700
vn -0.220138 -0.974170 0.050313
vn 0.012778 -0.999905 -0.005260
vn 0.027104 -0.999619 -0.005243
vn 0.114126 -0.983253 0.142086
vn 0.000525 -1.000000 0.000657
vn 0.003640 -0.999961 0.007989
vn 0.321051 -0.857546 0.401922
vn 0.286837 -0.887038 0.361784
vn 0.165400 -0.917598 0.361464
vn 0.079051 -0.775952 0.625819
vn 0.253406 -0.716185 0.650281
vn 0.472808 -0.670755 0.571438
vn 0.036378 -0.946596 0.320364
vn 0.000042 -1.000000 0.000636
vn -0.285405 -0.086965 -0.954453
vn -0.274132 -0.070688 -0.959091
vn -0.283101 -0.023400 -0.958805
vn 0.074137 -0.996872 -0.027371
vn 0.014156 -0.999638 -0.022882
vn 0.001495 -0.999998 -0.001221
vn 0.014512 -0.999556 -0.026030
vn 0.521974 -0.749692 -0.406823
vn 0.035020 -0.997876 0.054931
vn 0.509664 -0.007720 0.860339
vn 0.373070 0.001538 0.927802
vn 0.365584 0.013160 0.930685
vn 0.356209 0.012985 0.934316
vn 0.363241 0.019938 0.931482
vn 0.348495 0.000151 0.937311
vn 0.362632 0.010852 0.931869
vn 0.373167 -0.000223 0.927764
vn 0.349377 -0.006147 0.936962
vn 0.363626 -0.008283 0.931508
vn 0.492101 -0.145859 0.858232
vn 0.847736 -0.204079 0.489588
vn 0.008550 0.999749 0.020685
vn 0.054723 0.987786 0.145891
vn 0.342047 0.002863 0.939678
vn 0.341489 0.072881 0.937056
vn 0.333828 0.230779 0.913947
vn 0.309405 0.435521 0.845334
vn 0.251760 0.675371 0.693175
vn 0.189296 0.830088 0.524520
vn 0.124815 0.930285 0.344951
vn 0.027396 0.309680 0.950446
vn 0.069650 0.387010 0.919441
vn -0.109726 0.004977 0.993949
vn 0.155006 0.416918 0.895630
vn 0.077775 0.009550 0.996925
vn 0.227085 0.408556 0.884033
vn 0.202301 0.009421 0.979278
vn 0.300407 0.419657 0.856530
vn 0.315528 0.004767 0.948904
vn 0.238233 0.711670 0.660886
vn 0.223455 0.718821 0.658304
vn 0.223252 0.715815 0.661640
vn 0.239519 0.682147 0.690874
vn 0.253904 0.655199 0.711510
vn 0.196134 0.468106 0.861631
vn 0.283574 0.553312 0.783219
vn 0.332066 0.000856 0.943256
vn 0.324580 0.227882 0.917997
vn 0.229789 0.721996 0.652625
vn 0.255522 0.624296 0.738216
vn 0.289763 0.433939 0.853074
vn 0.328618 0.002306 0.944460
vn 0.263599 0.003656 0.964625
vn 0.141143 0.004504 0.989979
vn -0.003529 0.002237 0.999991
vn -0.115130 0.005366 0.993336
vn 0.265248 0.548264 0.793127
vn 0.323948 0.310610 0.893633
vn 0.310188 0.248859 0.917525
vn 0.332235 0.011535 0.943126
vn 0.166897 0.847743 0.503464
vn 0.196779 0.812603 0.548593
vn 0.223660 0.727896 0.648185
vn 0.202874 0.793822 0.573313
vn 0.228388 0.729645 0.644560
vn 0.267894 0.612592 0.743615
vn 0.259766 0.587947 0.766055
vn 0.001031 0.999995 0.003064
vn -0.009189 0.999829 0.016025
vn 0.074658 0.972157 0.222121
vn 0.096187 0.955414 0.279162
vn 0.145821 0.887651 0.436820
vn 0.136692 0.735192 0.663933
vn 0.171576 0.382315 0.907963
vn -0.194719 0.381075 0.903807
vn -0.131609 0.382416 0.914569
vn 0.017516 0.342037 0.939523
vn 0.004910 0.999675 0.025007
vn 0.079271 0.922483 0.377811
vn 0.025557 0.924500 0.380324
vn 0.000135 0.999920 0.012651
vn -0.034924 0.924706 0.379076
vn -0.002466 0.999850 0.017163
vn -0.075798 0.928259 0.364129
vn -0.002450 0.999929 0.011628
vn 0.031504 0.708456 0.705051
vn -0.078866 0.702248 0.707550
vn -0.151621 0.675342 0.721751
vn -0.725451 0.382547 -0.572170
vn -0.666048 0.380687 -0.641450
vn -0.534908 0.394651 -0.747077
vn -0.279408 0.440269 -0.853284
vn -0.030949 0.381338 -0.923918
vn 0.269039 0.386355 -0.882240
vn 0.920048 0.386527 -0.064093
vn 0.852335 0.379750 -0.359604
vn 0.696697 0.441120 -0.565709
vn 0.513388 0.427762 -0.743944
vn 0.877661 0.429091 0.213522
vn 0.777486 0.441037 0.448333
vn 0.640429 0.379922 0.667465
vn 0.413347 0.380477 0.827273
vn 0.149403 0.381683 0.912139
vn -0.056943 0.379046 0.923624
vn -0.001213 0.999884 0.015200
vn -0.041039 0.915891 0.399324
vn 0.023328 0.922996 0.384102
vn 0.002172 0.999912 0.013123
vn 0.136394 0.922865 0.360164
vn 0.008068 0.999838 0.016075
vn 0.236744 0.923078 0.303117
vn 0.009232 0.999911 0.009581
vn 0.315538 0.923351 0.218765
vn 0.015814 0.999837 0.008703
vn 0.366834 0.923096 0.115439
vn 0.013041 0.999911 0.002666
vn 0.384706 0.923038 0.001323
vn 0.017953 0.999837 -0.001795
vn 0.367765 0.923052 -0.112804
vn 0.012256 0.999911 -0.005194
vn 0.317416 0.923220 -0.216594
vn 0.010156 0.999911 -0.008594
vn 0.238838 0.923146 -0.301260
vn 0.009668 0.999838 -0.015180
vn 0.138725 0.923107 -0.358647
vn 0.003498 0.999911 -0.012845
vn 0.025988 0.923003 -0.383915
vn -0.000644 0.999837 -0.018050
vn -0.088837 0.923261 -0.373760
vn -0.004400 0.999911 -0.012568
vn -0.195812 0.923263 -0.330519
vn -0.010739 0.999837 -0.014486
vn -0.266978 0.921771 -0.281178
vn -0.006800 0.999956 -0.006533
vn -0.265260 0.941730 -0.206836
vn -0.006057 0.999970 -0.004754
vn -0.532271 0.736851 -0.416820
vn -0.516138 0.673294 -0.529412
vn -0.384656 0.705330 -0.595440
vn -0.189995 0.706361 -0.681877
vn 0.020773 0.705520 -0.708385
vn 0.230065 0.705192 -0.670653
vn 0.418766 0.705146 -0.572192
vn 0.569689 0.705271 -0.421956
vn 0.668728 0.705839 -0.233655
vn 0.707875 0.705908 -0.024629
vn 0.684423 0.704795 0.186626
vn 0.597655 0.705441 0.381002
vn 0.457230 0.705778 0.541127
vn 0.276146 0.705643 0.652542
vn 0.070320 0.705047 0.705665
vn -0.058153 0.732721 0.678040
vn -0.324801 0.426243 -0.844288
vn -0.433482 0.344635 -0.832658
vn -0.364000 0.010873 -0.931335
vn -0.437356 0.007508 -0.899257
vn -0.542853 0.004656 -0.839815
vn -0.553405 0.367113 -0.747643
vn -0.629614 0.007384 -0.776873
vn -0.656275 0.382264 -0.650521
vn -0.728098 0.008919 -0.685415
vn -0.014732 0.999795 -0.013901
vn -0.306960 0.910464 -0.277184
vn -0.241593 0.924732 -0.294114
vn -0.002880 0.999988 -0.003940
vn -0.191944 0.924835 -0.328388
vn -0.006661 0.999895 -0.012860
vn -0.137312 0.928744 -0.344354
vn -0.002538 0.999974 -0.006766
vn -0.511949 0.713759 -0.477971
vn -0.436186 0.707732 -0.555750
vn -0.346756 0.703175 -0.620730
vn -0.255078 0.717854 -0.647782
vn -0.798457 0.597798 0.071441
vn -0.727149 0.597772 -0.337525
vn -0.461472 0.597205 -0.656041
vn -0.078321 0.470713 -0.878803
vn 0.294613 0.713925 -0.635228
vn 0.318366 0.921183 -0.223753
vn 0.699581 0.711828 -0.062349
vn 0.850366 0.348157 0.394544
vn 0.460873 0.597548 0.656149
vn 0.071440 0.597818 0.798442
vn -0.337787 0.597279 0.727433
vn -0.721708 0.470882 0.507354
vn -0.050336 0.992476 -0.111616
vn -0.018901 0.998465 -0.052062
vn -0.024441 0.997432 -0.067325
vn 0.000000 1.000000 0.000000
vn 0.000000 1.000000 0.000000
vn 0.000000 1.000000 0.000000
vn -0.070664 0.978078 -0.195881
vn -0.170297 0.867069 -0.468177
vn -0.260546 0.650589 -0.713337
vn -0.329232 0.319536 -0.888540
vn -0.351761 0.003261 -0.936084
vn -0.376139 0.003645 -0.926556
vn -0.537466 0.015573 -0.843142
vn -0.708127 0.009593 -0.706020
vn -0.357047 0.213808 -0.909287
vn -0.351570 0.005103 -0.936148
vn -0.379275 0.214647 -0.900043
vn -0.321405 0.438378 -0.839359
vn -0.328105 0.494858 -0.804650
vn -0.289550 0.582322 -0.759646
vn -0.321426 0.608300 -0.725711
vn -0.215621 0.812298 -0.541922
vn -0.211127 0.847397 -0.487179
vn -0.159700 0.905339 -0.393519
vn -0.101636 0.969365 -0.223609
vn -0.045253 0.995077 -0.088170
vn 0.019335 0.997790 0.063577
vn 0.017303 0.996165 0.085765
vn -0.700190 0.376870 -0.606385
vn -0.642424 0.391599 -0.658742
vn -0.483468 0.450841 -0.750334
vn -0.538596 0.708060 -0.456691
vn -0.487100 0.725322 -0.486457
vn -0.288094 0.929672 -0.229592
vn -0.251541 0.939406 -0.232902
vn 0.003308 0.999754 0.021952
vn 0.011005 0.998603 0.051676
vn -0.363769 0.767645 -0.527630
vn -0.177542 0.951550 -0.251062
vn 0.016474 0.997599 0.067266
vn 0.284503 0.951268 -0.118940
vn 0.451371 0.749589 -0.484129
vn 0.058741 0.992507 -0.107145
vn 0.009326 0.999805 -0.017401
vn 0.074515 0.996814 -0.028448
vn 0.005604 0.999968 -0.005637
vn -0.281092 0.035756 -0.959014
vn -0.282297 0.070138 -0.956760
vn 0.478415 0.607768 0.633828
vn 0.369211 0.779506 0.506017
vn 0.267328 0.876624 0.400082
vn 0.176425 0.953995 0.242421
vn 0.001581 0.999996 0.002149
vn 0.000131 0.998309 0.058127
vn 0.178903 0.766089 0.617334
vn -0.003106 0.729078 0.684424
vn 0.095586 0.947996 0.303590
vn 0.005078 0.920863 0.389852
vn 0.026029 0.997219 0.069831
vn 0.399302 0.382743 0.833106
vn 0.326961 0.654232 0.681966
vn 0.000190 0.999994 0.003512
vn 0.007867 0.999496 0.030750
vn 0.078725 0.948400 0.307149
vn 0.028837 0.922099 0.385878
vn 0.161733 0.758733 0.631005
vn 0.039797 0.699773 0.713256
vn 0.241562 0.388846 0.889070
vn 0.054358 0.354868 0.933335
vn 0.189029 0.899309 0.394348
vn 0.012354 0.999592 0.025761
vn 0.474309 0.365127 -0.801070
vn 0.653731 0.383541 -0.652328
vn 0.532441 0.694904 -0.483336
vn 0.574505 0.217271 0.789137
vn 0.220201 0.775564 0.591618
vn 0.542806 0.706115 0.454712
vn 0.457208 0.649259 0.607803
vn 0.286632 0.590151 0.754694
vn 0.427948 0.554829 0.713460
vn 0.389149 0.473729 0.790028
vn 0.356349 0.256894 0.898344
vn 0.300932 0.480690 0.823637
vn 0.421901 0.317030 0.849407
vn 0.296736 0.507819 0.808744
vn 0.290662 0.555633 0.778965
vn 0.292287 0.501441 0.814325
vn 0.298890 0.479235 0.825226
vn 0.298196 0.305654 0.904243
vn 0.302493 0.462028 0.833683
vn 0.304536 0.455443 0.836558
vn 0.257005 0.366621 0.894168
vn 0.223997 0.447642 0.865703
vn 0.277263 0.546745 0.790060
vn -0.007631 0.999971 -0.000266
vn -0.223830 0.939060 -0.260897
vn -0.005801 0.999939 -0.009441
vn -0.011431 0.999823 -0.014924
vn -0.000625 1.000000 -0.000408
vn -0.030379 0.998111 -0.053401
vn -0.134816 0.938596 -0.317588
vn -0.004576 0.999916 -0.012130
vn 0.000170 1.000000 0.000052
vn 0.001309 0.999590 -0.028591
vn -0.038346 0.932536 -0.359034
vn -0.009880 0.998719 -0.049621
vn -0.006701 0.999599 -0.027519
vn 0.006970 0.999949 0.007271
vn 0.073629 0.936926 -0.341685
vn 0.016866 0.999428 0.029328
vn 0.183974 0.955525 -0.230490
vn 0.026095 0.998206 0.053890
vn 0.115688 0.944486 0.307510
vn 0.090671 0.968145 0.233398
vn 0.392185 0.911338 0.125117
vn 0.083252 0.974903 0.206478
vn 0.347755 0.927296 -0.138522
vn 0.058319 0.987638 0.145499
vn 0.028398 0.997222 0.068863
vn 0.444395 0.835451 0.323319
vn 0.164895 0.893857 0.416930
vn 0.160459 0.891345 0.423977
vn 0.123646 0.935074 0.332188
vn 0.179293 0.856318 0.484327
vn 0.282973 0.570153 0.771267
vn 0.247056 0.700637 0.669382
vn 0.234386 0.751074 0.617212
vn 0.972718 0.030275 -0.230008
vn 0.878416 0.449196 -0.163121
vn 0.919733 0.387705 0.061443
vn 0.932943 0.264508 0.244240
vn 0.874875 0.201703 0.440351
vn 0.778203 0.156345 0.608241
vn 0.651203 0.221794 0.725770
vn -0.340195 0.312860 -0.886784
vn -0.264505 0.711947 -0.650514
vn -0.575274 0.393923 -0.716857
vn -0.442646 0.713880 -0.542623
vn 0.668703 0.680307 -0.300032
vn 0.804803 0.381548 -0.454657
vn 0.729014 0.683142 -0.043076
vn -0.062453 0.713790 -0.697570
vn -0.059988 0.313540 -0.947678
vn 0.152197 0.720636 -0.676402
vn 0.216764 0.353284 -0.910057
vn 0.369435 0.730523 -0.574330
vn 0.645382 0.352592 0.677614
vn 0.720760 0.432643 0.541595
vn 0.771222 0.520883 0.365919
vn 0.778475 0.611349 0.142230
vn 0.268430 0.237829 0.933479
vn 0.210068 0.218302 0.953004
vn 0.082325 0.252693 0.964038
vn 0.913998 0.093341 -0.394835
vn 0.126498 0.990983 -0.044166
vn 0.031147 0.999432 -0.012835
vn -0.163948 0.960205 0.226114
vn -0.046330 0.978910 0.198969
vn 0.037363 0.963007 0.266873
vn 0.147395 0.952780 0.265490
vn 0.064369 0.996475 0.053798
vn 0.086077 0.995856 0.029339
vn 0.089272 0.996001 -0.003519
vn -0.034188 0.999403 0.004946
vn -0.048977 0.998724 -0.012302
vn 0.063828 0.996002 -0.062495
vn 0.037746 0.995856 -0.082736
vn 0.005048 0.996482 -0.083656
vn -0.100744 0.942852 -0.317617
vn -0.196113 0.949444 -0.245145
vn -0.055125 0.997968 -0.031948
vn -0.166789 0.432284 0.886178
vn -0.146574 0.578211 0.802613
vn -0.102128 0.542010 0.834143
vn -0.103767 0.284952 0.952909
vn -0.168101 0.193426 0.966607
vn -0.081878 0.812811 0.576744
vn -0.115383 0.809048 0.576305
vn -0.070986 0.951033 0.300827
vn -0.040200 0.933037 0.357528
vn -0.014457 0.999623 -0.023331
vn -0.005309 0.999960 -0.007203
vn 0.304530 0.004213 0.952493
vn 0.278083 0.215526 0.936065
vn 0.165349 0.008680 0.986197
vn 0.124417 0.390230 0.912273
vn -0.053657 0.015615 0.998437
vn -0.060201 0.440022 0.895967
vn 0.279599 0.461103 0.842145
vn 0.228721 0.598419 0.767842
vn 0.077547 0.738559 0.669714
vn 0.176376 0.821548 0.542172
vn 0.087168 0.949602 0.301096
vn 0.016607 0.952273 0.304797
vn -0.023174 0.998408 -0.051418
vn -0.032221 0.997662 -0.060271
vn -0.054035 0.754554 0.654010
vn -0.049735 0.946120 0.319975
vn -0.024426 0.998751 -0.043595
vn 0.318212 0.278511 0.906186
vn 0.331922 0.001407 0.943306
vn 0.283882 0.502141 0.816863
vn 0.213250 0.745900 0.630997
vn 0.170796 0.845712 0.505568
vn -0.041795 0.996406 -0.073672
vn 0.022889 0.994741 0.099828
vn 0.079141 0.958179 0.275010
vn -0.168074 0.009485 0.985729
vn -0.046334 0.004869 0.998914
vn 0.060356 0.007270 0.998150
vn 0.193649 0.008761 0.981032
vn 0.311615 0.003922 0.950200
vn 0.002164 0.999977 0.006440
vn -0.009088 0.999910 0.009903
vn 0.109831 0.947394 0.300635
vn 0.330641 0.237773 0.913313
vn 0.332083 0.011195 0.943184
vn 0.297569 0.351626 0.887587
vn 0.228396 0.729412 0.644821
vn 0.266330 0.604656 0.750639
vn 0.220125 0.735931 0.640274
vn 0.282564 0.549609 0.786185
vn 0.305812 0.444639 0.841887
vn 0.128045 0.898627 0.419613
vn 0.173547 0.853398 0.491522
vn 0.194749 0.811591 0.550812
vn 0.122087 0.924180 0.361921
vn 0.083202 0.924679 0.371546
vn 0.003456 0.999790 0.020189
vn 0.025598 0.924600 0.380078
vn 0.000136 0.999920 0.012661
vn -0.034926 0.924705 0.379078
vn -0.002466 0.999850 0.017160
vn -0.077562 0.924526 0.373144
vn -0.002955 0.999901 0.013764
vn -0.195980 0.337732 0.920613
vn -0.120872 0.370633 0.920881
vn 0.015700 0.368150 0.929634
vn 0.155436 0.382836 0.910646
vn 0.138940 0.712892 0.687373
vn 0.031654 0.708099 0.705403
vn -0.078857 0.702143 0.707655
vn -0.151810 0.674860 0.722162
vn -0.041071 0.923159 0.382219
vn -0.000839 0.999906 0.013701
vn 0.023412 0.923007 0.384071
vn 0.002172 0.999912 0.013124
vn 0.136417 0.922905 0.360051
vn 0.008067 0.999838 0.016068
vn 0.236752 0.923072 0.303127
vn 0.009230 0.999911 0.009590
vn 0.316213 0.923001 0.219268
vn 0.015817 0.999837 0.008701
vn 0.366667 0.923175 0.115339
vn 0.013046 0.999911 0.002663
vn 0.383771 0.923427 0.001416
vn 0.017949 0.999837 -0.001790
vn 0.367455 0.923177 -0.112785
vn 0.012257 0.999911 -0.005195
vn 0.317804 0.923006 -0.216935
vn 0.010155 0.999912 -0.008589
vn 0.238990 0.923069 -0.301375
vn 0.009665 0.999838 -0.015180
vn 0.138639 0.923199 -0.358444
vn 0.003497 0.999911 -0.012843
vn 0.025981 0.923015 -0.383886
vn -0.000644 0.999837 -0.018043
vn -0.088911 0.923198 -0.373899
vn -0.004399 0.999911 -0.012564
vn -0.195856 0.923200 -0.330669
vn -0.010743 0.999837 -0.014491
vn -0.266742 0.921923 -0.280902
vn -0.006799 0.999956 -0.006527
vn -0.302864 0.923460 -0.235573
vn -0.010484 0.999911 -0.008272
vn -0.729640 0.372073 -0.573748
vn -0.653404 0.397886 -0.644011
vn -0.534768 0.395065 -0.746959
vn 0.269003 0.386003 -0.882406
vn -0.031172 0.381359 -0.923901
vn -0.279303 0.440489 -0.853205
vn 0.513573 0.427267 -0.744101
vn 0.696455 0.441760 -0.565507
vn 0.851550 0.381818 -0.359273
vn 0.920059 0.386531 -0.063909
vn 0.388613 0.387002 0.836188
vn 0.640327 0.380478 0.667246
vn 0.777258 0.441496 0.448275
vn 0.878534 0.427209 0.213707
vn 0.114372 0.429484 0.895803
vn -0.065608 0.460529 0.885217
vn -0.532820 0.736301 -0.417091
vn -0.516569 0.672825 -0.529587
vn -0.384328 0.705596 -0.595337
vn -0.190280 0.705731 -0.682450
vn 0.020776 0.705399 -0.708506
vn 0.229986 0.705170 -0.670703
vn 0.418509 0.705808 -0.571563
vn 0.569229 0.705886 -0.421549
vn 0.669033 0.705470 -0.233896
vn 0.708678 0.705097 -0.024763
vn 0.684008 0.705182 0.186686
vn 0.597875 0.705121 0.381248
vn 0.457289 0.705715 0.541159
vn 0.276236 0.705634 0.652514
vn 0.070321 0.704926 0.705786
vn -0.058115 0.732047 0.678770
vn -0.191808 0.924912 -0.328249
vn -0.006658 0.999895 -0.012859
vn -0.002880 0.999988 -0.003939
vn -0.137306 0.928746 -0.344352
vn -0.002538 0.999974 -0.006765
vn -0.346890 0.703058 -0.620787
vn -0.255205 0.717557 -0.648060
vn -0.426861 0.414486 -0.803736
vn -0.333836 0.401471 -0.852862
vn -0.687379 0.003277 -0.726292
vn -0.594445 0.001191 -0.804135
vn -0.560827 0.340834 -0.754523
vn -0.482672 0.002855 -0.875796
vn -0.773409 0.005185 -0.633887
vn -0.283641 0.924718 -0.253859
vn -0.511937 0.713753 -0.477993
vn -0.663605 0.377690 -0.645739
vn -0.435517 0.708704 -0.555035
vn -0.241369 0.924883 -0.293825
vn -0.011472 0.999870 -0.011365
vn -0.362034 0.004485 -0.932154
vn -0.798538 0.597723 0.071168
vn -0.727124 0.597893 -0.337363
vn -0.461093 0.597035 -0.656462
vn -0.078632 0.470611 -0.878830
vn 0.294973 0.713772 -0.635233
vn 0.318205 0.921253 -0.223695
vn 0.699570 0.711818 -0.062593
vn 0.850246 0.348315 0.394663
vn 0.461287 0.597636 0.655779
vn 0.071156 0.597898 0.798407
vn -0.337391 0.597464 0.727464
vn -0.721851 0.470688 0.507330
vn -0.050354 0.992486 -0.111513
vn -0.018901 0.998465 -0.052062
vn -0.024441 0.997432 -0.067325
vn 0.000000 1.000000 0.000000
vn 0.000000 1.000000 0.000000
vn -0.020997 0.999750 0.007674
vn -0.070582 0.978123 -0.195685
vn -0.170495 0.866732 -0.468728
vn -0.260520 0.650602 -0.713334
vn -0.329263 0.318984 -0.888727
vn -0.353424 0.002812 -0.935459
vn -0.360427 0.003929 -0.932779
vn -0.409585 0.003031 -0.912267
vn -0.741018 0.002627 -0.671480
vn -0.314211 0.938317 -0.144336
vn -0.250687 0.881448 -0.400256
vn -0.335377 0.783645 -0.522898
vn -0.321599 0.939006 -0.121829
vn -0.239075 0.835243 -0.495190
vn -0.283450 0.648656 -0.706330
vn -0.373366 0.494083 -0.785162
vn -0.354816 0.265939 -0.896316
vn -0.342257 0.002583 -0.939603
vn -0.342382 0.003400 -0.939555
vn -0.317143 0.455957 -0.831579
vn -0.417455 0.391180 -0.820189
vn -0.414456 0.220306 -0.883001
vn -0.440454 0.619066 -0.650198
vn -0.417607 0.710433 -0.566471
vn -0.378842 0.868456 -0.319787
vn -0.562838 0.803501 -0.193907
vn -0.477726 0.865389 -0.151258
vn -0.520451 0.670562 -0.528656
vn -0.367379 0.874766 0.315937
vn -0.448442 0.887847 0.103095
vn -0.352098 0.935884 0.012171
vn -0.436728 0.869455 -0.230904
vn -0.359590 0.913266 0.191416
vn -0.609754 0.673283 -0.418197
vn -0.510313 0.394529 -0.764151
vn -0.577109 0.338289 -0.743307
vn -0.369044 0.886902 0.277869
vn -0.394561 0.900450 0.183059
vn -0.404045 0.914575 0.017309
vn -0.789656 0.274831 -0.548553
vn -0.768062 0.250243 -0.589457
vn -0.730524 0.507250 -0.457201
vn -0.753141 0.490414 -0.438490
vn -0.633702 0.729498 -0.257401
vn -0.599469 0.762276 -0.244074
vn -0.399481 0.916737 -0.002728
vn -0.398914 0.916985 -0.002517
vn 0.065693 0.705053 -0.706106
vn -0.580314 0.778899 -0.237807
vn -0.398199 0.917297 -0.001893
vn -0.531404 0.801338 -0.274712
vn -0.397996 0.917382 -0.003011
vn -0.484000 0.813888 -0.321452
vn -0.396710 0.917944 -0.000880
vn -0.425617 0.828966 -0.362856
vn -0.398070 0.917266 -0.012783
vn -0.359080 0.849209 -0.387178
vn -0.396139 0.918115 -0.011775
vn -0.285451 0.871618 -0.398497
vn -0.394022 0.919032 -0.011284
vn -0.228437 0.907710 -0.351965
vn -0.393645 0.919230 -0.007676
vn -0.389618 0.920887 -0.012855
vn -0.100050 0.354423 -0.929717
vn 0.080638 0.383689 -0.919935
vn 0.275778 0.350976 -0.894853
vn -0.717342 0.315464 -0.621211
vn -0.598398 0.319544 -0.734719
vn -0.451348 0.332808 -0.827964
vn -0.284579 0.349166 -0.892803
vn -0.686346 0.564269 -0.458835
vn -0.596389 0.597976 -0.535486
vn -0.496100 0.616466 -0.611437
vn -0.378957 0.640110 -0.668320
vn -0.250004 0.665680 -0.703114
vn -0.111376 0.693188 -0.712099
vn 0.895407 0.445203 -0.006372
vn -0.392175 0.919835 -0.010161
vn -0.275949 0.961142 -0.007635
vn -0.048683 0.998777 -0.008578
vn 0.774128 0.633017 -0.003811
vn 0.593307 0.804954 -0.005894
vn 0.446951 0.894527 -0.007478
vn 0.284036 0.958782 -0.007824
vn 0.090490 0.995887 -0.004592
vn 0.018610 0.004068 -0.999819
vn 0.012479 0.002499 -0.999919
vn 0.328788 0.070145 -0.941795
vn 0.428725 0.087834 -0.899155
vn 0.662127 0.136335 -0.736886
vn 0.738764 0.136051 -0.660089
vn 0.891742 0.180708 -0.414898
vn 0.922525 0.172398 -0.345292
vn -0.002553 0.006062 -0.999978
vn -0.150488 0.350901 -0.924241
vn -0.065831 0.378220 -0.923372
vn -0.002017 0.026398 -0.999649
vn 0.041185 0.382732 -0.922941
vn 0.004042 0.017984 -0.999830
vn 0.163281 0.348870 -0.922837
vn 0.013310 0.021636 -0.999677
vn 0.267422 0.276841 -0.922954
vn 0.014240 0.011717 -0.999830
vn 0.337999 0.186915 -0.922399
vn 0.015346 0.006656 -0.999860
vn 0.691538 0.608896 -0.388613
vn 0.827552 0.380859 -0.412437
vn 0.442110 0.784745 -0.434413
vn 0.159016 0.885174 -0.437243
vn -0.086568 0.892697 -0.442265
vn -0.358119 0.852325 -0.381173
vn -0.292603 0.686014 -0.666160
vn -0.093841 0.694971 -0.712888
vn 0.105531 0.701175 -0.705136
vn 0.326849 0.628416 -0.705878
vn 0.513480 0.488314 -0.705612
vn 0.638815 0.326065 -0.696848
vn -0.015469 0.003839 -0.999873
vn -0.077478 0.179313 -0.980737
vn -0.213007 0.493201 -0.843434
vn -0.257502 0.596432 -0.760238
vn -0.366020 0.846624 -0.386338
vn -0.392908 0.898905 -0.193886
vn -0.397631 0.917545 0.000475
vn -0.398150 -0.917320 -0.000490
vn -0.391596 -0.901439 -0.184552
vn -0.354378 -0.831746 -0.427335
vn -0.342462 -0.792117 -0.505244
vn -0.301419 -0.697714 -0.649878
vn -0.260149 -0.612507 -0.746430
vn -0.173975 -0.402928 -0.898544
vn -0.126024 -0.298010 -0.946207
vn -0.011313 -0.005512 -0.999921
vn -0.005570 -0.013062 -0.999899
vn 0.025914 -0.005207 -0.999651
vn 0.423631 -0.081207 -0.902188
vn 0.352702 -0.153270 -0.923098
vn 0.023270 -0.012891 -0.999646
vn 0.297111 -0.244786 -0.922933
vn 0.012808 -0.013276 -0.999830
vn 0.201535 -0.328116 -0.922889
vn 0.007777 -0.016649 -0.999831
vn 0.084193 -0.375806 -0.922866
vn 0.002663 -0.024975 -0.999685
vn -0.029638 -0.384759 -0.922541
vn -0.002882 -0.016487 -0.999860
vn 0.128412 -0.912117 -0.389297
vn -0.136806 -0.900959 -0.411773
vn 0.412039 -0.800564 -0.435110
vn 0.636850 -0.631906 -0.441721
vn 0.810165 -0.447086 -0.379141
vn 0.922138 -0.193344 -0.335081
vn 0.722873 -0.144016 -0.675806
vn 0.631587 -0.303307 -0.713514
vn 0.527589 -0.473619 -0.705220
vn 0.345319 -0.619277 -0.705161
vn 0.125641 -0.697850 -0.705138
vn -0.078720 -0.712986 -0.696745
vn 0.889007 -0.168599 -0.425724
vn 0.653542 -0.125106 -0.746479
vn 0.324398 -0.071082 -0.943246
vn 0.012660 -0.002798 -0.999916
vn 0.616111 -0.202569 -0.761165
vn 0.712612 -0.333283 -0.617339
vn 0.820938 -0.266057 -0.505247
vn 0.638402 -0.392027 -0.662388
vn 0.494158 -0.270898 -0.826089
vn 0.298203 -0.135147 -0.944886
vn 0.004480 -0.001857 -0.999988
vn -0.055420 -0.031192 -0.997976
vn -0.184251 -0.078205 -0.979763
vn -0.152827 -0.042183 -0.987352
vn -0.166782 -0.021111 -0.985768
vn -0.146318 -0.000426 -0.989238
vn -0.020618 -0.004763 -0.999776
vn -0.033736 -0.002935 -0.999426
vn -0.031347 -0.000072 -0.999509
vn -0.023689 0.000053 -0.999719
vn -0.201369 0.000258 -0.979515
vn -0.165957 0.061025 -0.984243
vn -0.166128 0.039341 -0.985319
vn -0.169296 0.016164 -0.985433
vn -0.029382 0.003814 -0.999561
vn -0.016517 0.004427 -0.999854
vn -0.056455 0.025174 -0.998088
vn 0.293798 0.134391 -0.946373
vn 0.003769 0.001934 -0.999991
vn 0.654203 0.408826 -0.636301
vn 0.652949 0.197116 -0.731302
vn 0.835015 0.265268 -0.482060
vn 0.568208 0.293815 -0.768643
vn 0.762907 0.347388 -0.545246
vn 0.066161 0.899157 -0.432596
vn -0.411076 0.849865 -0.329767
vn -0.754595 0.512844 -0.409363
vn -0.813810 0.059881 -0.578037
vn -0.736845 -0.356409 -0.574484
vn -0.022091 -0.032504 -0.999227
vn -0.000915 -0.012440 -0.999922
vn 0.228272 -0.471933 -0.851570
vn 0.273686 -0.186005 -0.943662
vn 0.147235 -0.010834 -0.989042
vn 0.212427 0.102750 -0.971760
vn 0.537228 0.790474 -0.294171
vn 0.004522 0.061451 -0.998100
vn -0.193460 0.399961 -0.895882
vn -0.645863 0.438946 -0.624650
vn -0.954630 0.070243 -0.289393
vn -0.849301 -0.410803 -0.331553
vn -0.506358 -0.745051 -0.434166
vn -0.066981 -0.910299 -0.408496
vn 0.426271 -0.881279 -0.204063
vn 0.169494 -0.115193 -0.978776
vn 0.023014 -0.001693 -0.999734
vn 0.293837 0.142128 -0.945230
vn 0.069304 0.101973 -0.992370
vn 0.018687 0.253971 -0.967031
vn -0.228272 0.471933 -0.851570
vn -0.273686 0.186005 -0.943662
vn -0.282366 0.020777 -0.959082
vn -0.027047 -0.013083 -0.999549
vn -0.107654 -0.158401 -0.981489
vn -0.012661 -0.172075 -0.985003
vn 0.045600 -0.094274 -0.994501
vn 0.083323 -0.056628 -0.994912
vn 0.933887 -0.068716 -0.350902
vn 0.812471 0.392989 -0.430639
vn 0.524695 0.772033 -0.358691
vn 0.013865 0.188428 -0.981989
vn -0.012963 0.026799 -0.999557
vn -0.018625 0.012658 -0.999746
vn -0.390393 0.028725 -0.920200
vn -0.404180 -0.195500 -0.893543
vn -0.140430 -0.206628 -0.968289
vn -0.014258 -0.193776 -0.980942
vn 0.404970 -0.837241 -0.367459
vn 0.746602 -0.507412 -0.430253
vn 0.117874 -0.008673 -0.992991
vn 0.436366 0.211068 -0.874663
vn 0.107654 0.158401 -0.981489
vn 0.225595 0.970852 -0.080949
vn 0.403508 0.913827 -0.045842
vn 0.446171 0.889547 0.098172
vn 0.531313 0.782362 0.324986
vn 0.684655 0.571755 0.452045
vn 0.739055 0.365805 0.565672
vn 0.821640 0.148052 0.550444
vn 0.859733 0.004841 0.510721
vn 0.302040 0.946270 -0.115520
vn 0.324005 0.000906 -0.946055
vn 0.245464 0.085338 -0.965642
vn 0.168939 0.231990 -0.957935
vn 0.121687 0.481819 -0.867780
vn 0.211881 0.678334 -0.703541
vn 0.221617 0.838934 -0.497068
vn 0.313414 0.903491 -0.292362
vn 0.236277 -0.004600 -0.971675
vn 0.193673 -0.911972 -0.361659
vn 0.313159 -0.924754 -0.216242
vn 0.812880 -0.498991 -0.300390
vn 0.223444 -0.755384 -0.616009
vn 0.201573 -0.582413 -0.787505
vn 0.168865 -0.373033 -0.912322
vn 0.238758 -0.151756 -0.959148
vn 0.812573 -0.510053 -0.282082
vn 0.714982 -0.256601 0.650351
vn 0.830708 -0.083184 0.550458
vn 0.831388 -0.000803 0.555692
vn 0.720162 -0.478228 0.502658
vn 0.638759 -0.667091 0.383375
vn 0.513043 -0.828488 0.224485
vn 0.453442 -0.891219 0.010878
vn -0.369441 -0.896579 0.244252
vn -0.348055 -0.912599 0.214526
vn -0.353402 -0.935460 -0.004662
vn -0.303677 -0.952065 0.036775
vn -0.240598 -0.923471 -0.298853
vn -0.320594 -0.926068 -0.199042
vn -0.263439 -0.857119 -0.442658
vn -0.221147 -0.791024 -0.570416
vn -0.210248 -0.825826 -0.523266
vn -0.162316 -0.890334 -0.425393
vn -0.160080 -0.904346 -0.395643
vn -0.125802 -0.938688 -0.320996
vn -0.304789 -0.887890 0.344607
vn -0.237837 -0.811545 -0.533694
vn -0.005002 -0.999966 -0.006534
vn -0.150962 -0.909523 -0.387270
vn -0.097579 -0.966214 -0.238555
vn -0.053654 -0.989489 -0.134283
vn -0.183760 -0.879723 -0.438543
vn -0.000996 -0.999999 0.001073
vn 0.341183 -0.004404 0.939987
vn 0.337503 -0.137451 0.931235
vn 0.012789 -0.998925 0.044559
vn 0.038864 -0.993495 0.107036
vn 0.072078 -0.975179 0.209359
vn 0.114254 -0.943151 0.312109
vn 0.143303 -0.902897 0.405266
vn 0.184421 -0.842455 0.506220
vn 0.209857 -0.781166 0.587996
vn 0.245627 -0.689047 0.681822
vn 0.265382 -0.624279 0.734743
vn 0.295670 -0.491043 0.819424
vn 0.316509 -0.363763 0.876070
vn 0.340894 0.000595 0.940101
vn 0.245362 0.669697 0.700931
vn 0.302642 0.443007 0.843892
vn 0.286348 0.544178 0.788591
vn 0.338069 0.051221 0.939726
vn 0.339781 0.118759 0.932977
vn 0.328841 0.228242 0.916389
vn 0.323156 0.331776 0.886281
vn -0.073927 0.686378 0.723478
vn -0.376727 0.771385 0.512876
vn -0.482729 0.627124 0.611300
vn -0.269447 0.865136 0.423011
vn -0.107513 0.946294 0.304909
vn -0.218005 0.314135 0.924009
vn 0.045692 0.313864 0.948368
vn -0.457257 0.418635 0.784640
vn 0.174443 0.384696 0.906410
vn -0.894821 0.289600 0.339745
vn -0.936371 0.006622 0.350949
vn -0.737814 0.001210 0.675003
vn -0.725138 0.620255 0.299096
vn -0.794014 0.533984 0.290520
vn -0.679139 0.452400 0.578017
vn -0.655485 0.257573 0.709927
vn -0.367262 0.003880 0.930109
vn 0.019102 0.002829 0.999814
vn -0.579275 0.785042 0.219429
vn -0.349872 0.926904 0.135785
vn -0.204902 0.973960 -0.097047
vn -0.370759 0.890542 -0.263577
vn -0.465797 0.880088 -0.092075
vn -0.821139 0.492444 0.288494
vn -0.692511 0.677365 0.248204
vn -0.754908 0.650110 -0.086436
vn -0.067240 0.997432 0.024663
vn 0.000000 1.000000 0.000000
vn 0.000000 1.000000 0.000000
vn 0.000000 1.000000 0.000000
vn -0.064501 0.997897 0.006371
vn -0.154350 0.986608 0.052724
vn -0.268384 0.958011 0.100926
vn -0.506575 0.843248 0.179764
vn -0.076333 0.996908 0.018671
vn -0.941105 0.002682 0.338103
vn -0.920831 0.216973 0.324026
vn -0.999711 0.005747 0.023324
vn -0.931820 0.347454 -0.104821
vn -0.937895 0.004626 -0.346888
vn -0.811423 0.404582 -0.421789
vn -0.783499 0.013051 -0.621256
vn -0.628402 0.385203 -0.675817
vn -0.641416 0.008650 -0.767145
vn -0.284283 0.901219 -0.327089
vn -0.620791 0.676881 -0.395539
vn -0.449430 0.698582 -0.556772
vn 0.010383 0.998195 0.059150
vn -0.006240 0.999974 0.003491
vn -0.002833 0.999996 0.000387
vn -0.025958 0.998683 -0.044261
vn -0.070805 0.686421 0.723750
vn 0.045615 0.313751 0.948409
vn 0.135960 0.378915 0.915390
vn -0.269612 0.864866 0.423458
vn -0.378546 0.769642 0.514153
vn -0.458659 0.419117 0.783564
vn -0.218005 0.314135 0.924009
vn -0.483635 0.626104 0.611630
vn -0.893283 0.294519 0.339564
vn -0.936384 0.008798 0.350867
vn -0.738688 0.001727 0.674045
vn -0.737031 0.611266 0.288338
vn -0.817652 0.491237 0.300218
vn -0.680098 0.451490 0.577601
vn -0.657201 0.257161 0.708488
vn -0.112692 0.945785 0.304618
vn -0.369001 0.005308 0.929414
vn 0.020126 0.003898 0.999790
vn -0.577075 0.786926 0.218476
vn -0.306728 0.944360 0.118752
vn -0.204827 0.973980 -0.097000
vn -0.370253 0.890862 -0.263207
vn -0.466653 0.879796 -0.090525
vn -0.807326 0.516215 0.285915
vn -0.665681 0.707615 0.236959
vn -0.755002 0.650191 -0.084991
vn -0.057401 0.997597 0.038796
vn 0.008840 0.999748 0.020627
vn 0.007838 0.999751 0.020902
vn 0.007041 0.999752 0.021122
vn -0.060681 0.997933 0.021151
vn -0.151521 0.986600 0.060520
vn -0.303733 0.946142 0.112082
vn -0.506938 0.842993 0.179937
vn -0.071096 0.996918 0.033176
vn -0.941670 0.002527 0.336528
vn -0.920391 0.218941 0.323954
vn -0.999675 0.004119 0.025150
vn -0.931681 0.348259 -0.103372
vn -0.937699 0.003385 -0.347433
vn -0.811410 0.404515 -0.421879
vn -0.783961 0.009605 -0.620735
vn -0.627926 0.383519 -0.677216
vn -0.641814 0.006409 -0.766834
vn -0.283882 0.901112 -0.327731
vn -0.621618 0.676621 -0.394683
vn -0.447757 0.698601 -0.558096
vn -0.363987 0.001625 -0.931402
vn -0.369529 0.198999 -0.907661
vn -0.339801 0.411199 -0.845843
vn -0.300990 0.602925 -0.738841
vn -0.274237 0.753172 -0.597934
vn -0.279119 0.787127 -0.550021
vn -0.251246 0.764973 -0.593035
vn -0.261285 0.818419 -0.511781
vn -0.308851 0.915524 -0.257733
vn -0.351223 0.936206 0.012669
vn -0.295131 0.839081 -0.456991
vn -0.355290 0.916832 -0.182177
vn -0.385657 0.912650 -0.135417
vn -0.383945 0.914387 0.128382
vn -0.982471 0.000591 -0.186415
vn -0.993959 0.000532 0.109752
vn -0.945938 0.321233 0.044833
vn -0.271809 0.000434 -0.962351
vn -0.309128 0.222577 -0.924608
vn -0.673079 0.728228 0.129028
vn -0.420866 0.447609 -0.788998
vn -0.537065 0.621525 -0.570322
vn -0.661772 0.697108 -0.275859
vn -0.801018 0.591342 -0.093195
vn -0.878132 0.404822 0.254956
vn -0.940298 0.000484 0.340352
vn -0.815673 0.419285 -0.398594
vn -0.904724 0.001107 -0.425997
vn -0.915210 0.331739 -0.228781
vn -0.943341 0.000164 -0.331825
vn -0.966372 0.232199 -0.110498
vn -0.977063 -0.000848 -0.212950
vn -0.518748 0.000897 -0.854927
vn -0.615771 0.000185 -0.787925
vn -0.451309 0.260104 -0.853620
vn -0.705097 0.000511 -0.709110
vn -0.581024 0.383418 -0.717915
vn -0.775153 0.002132 -0.631770
vn -0.693591 0.455456 -0.558115
vn -0.798236 0.001923 -0.602342
vn -0.860054 0.001001 -0.510202
vn -0.805349 -0.185455 -0.563046
vn -0.564563 -0.382240 -0.731547
vn -0.691021 -0.468907 -0.550105
vn -0.512200 -0.215206 -0.831467
vn -0.548976 -0.153678 -0.821589
vn -0.936378 -0.286008 -0.203458
vn -0.970294 -0.192342 -0.146747
vn -0.827550 -0.434330 -0.355693
vn -0.893038 0.000611 -0.449980
vn -0.934176 -0.000080 -0.356813
vn -0.907595 -0.000162 -0.419848
vn -0.743999 -0.000087 -0.668181
vn -0.656783 -0.000259 -0.754080
vn -0.616290 -0.669729 -0.414307
vn -0.777895 -0.616086 -0.123763
vn -0.274963 0.000127 -0.961455
vn -0.285120 -0.139071 -0.948349
vn -0.377725 -0.371331 -0.848196
vn -0.493393 -0.537796 -0.683622
vn -0.551432 0.000001 -0.834220
vn -0.996161 -0.000022 0.087539
vn -0.975441 0.000043 -0.220261
vn -0.940083 -0.000167 0.340945
vn -0.983875 -0.149188 0.098653
vn -0.919903 -0.260026 0.293538
vn -0.942755 -0.332921 -0.019410
vn -0.790427 -0.580809 0.194645
vn -0.680062 -0.721455 0.130457
vn 0.955914 0.024410 -0.292629
vn 0.920401 -0.024521 -0.390207
vn 0.930047 -0.036623 -0.365611
vn 0.948927 0.013339 -0.315214
vn 0.958927 0.199992 -0.201152
vn 0.943367 -0.007611 -0.331664
vn 0.929546 -0.013335 -0.368464
vn 0.863990 -0.200072 -0.462053
vn 0.935850 0.007607 -0.352317
vn 0.947461 0.036601 -0.317771
vn 0.772025 0.409871 -0.485782
vn 0.755021 0.030118 -0.655008
vn 0.923656 0.029909 -0.382054
vn 0.724695 -0.611157 -0.318284
vn 0.946448 -0.224919 -0.231618
vn 0.953138 -0.029914 -0.301053
vn 0.999415 -0.029951 0.016492
vn 0.872260 0.013761 -0.488849
vn 0.982416 -0.013637 -0.186207
vn 0.908912 0.283688 -0.305613
vn 0.892545 -0.283660 -0.350571
vn 0.903796 -0.409646 -0.123870
vn 0.759804 0.610988 -0.222240
vn 0.873937 0.225220 -0.430709
vn -0.657068 -0.743100 0.126745
vn -0.939924 -0.005103 0.341346
vn -0.912727 -0.288156 0.289648
vn -0.817985 -0.531502 0.220015
vn -0.939777 -0.003176 0.341775
vn -0.894478 -0.303536 0.328292
vn -0.791318 -0.550229 0.266579
vn -0.598349 -0.768405 0.227007
vn -0.958828 -0.148288 0.242197
vn -0.939862 -0.000990 0.341553
vn -0.939979 -0.002053 0.341225
vn -0.881144 -0.471011 -0.041635
vn -0.927023 -0.367929 0.072498
vn -0.801824 -0.592866 -0.074753
vn -0.617839 -0.784218 -0.057247
vn -0.597308 -0.759759 -0.256884
vn -0.913386 -0.380731 0.144117
vn -0.807811 -0.567047 0.160932
vn -0.537506 -0.834926 0.118262
vn -0.906977 -0.291789 0.303730
vn -0.749887 -0.627862 -0.208467
vn -0.583838 -0.730637 -0.353981
vn -0.876168 -0.481649 0.018533
vn -0.475497 -0.865831 -0.155689
vn -0.414270 -0.909914 0.020889
vn -0.353366 -0.927010 0.125636
vn -0.528840 -0.795154 -0.296748
vn -0.676623 -0.712315 -0.186517
vn -0.647225 -0.762253 -0.008424
vn -0.853328 -0.502120 0.140382
vn -0.625458 -0.771245 0.118251
vn -0.827444 -0.508545 0.238156
vn -0.706090 -0.660913 0.254226
vn -0.889412 -0.324031 0.322415
vn -0.912573 -0.279386 0.298587
vn -0.921634 -0.298924 0.247456
vn -0.942946 -0.275820 0.186485
vn -0.939985 -0.001271 0.341214
vn -0.939884 -0.001725 0.341488
vn -0.939751 -0.001671 0.341854
vn -0.939700 -0.002571 0.341991
vn -0.363904 -0.921244 0.137414
vn -0.621886 -0.748908 0.228898
vn -0.847193 -0.431835 0.309487
vn -0.939682 -0.004475 0.342021
vn -0.862821 -0.352466 0.362364
vn -0.036936 -0.139287 0.989563
vn -0.029492 -0.340830 0.939662
vn -0.101702 -0.518580 0.848959
vn -0.187644 -0.653903 0.732940
vn -0.255293 -0.767517 0.587999
vn -0.320496 -0.851645 0.414709
vn -0.347373 -0.902578 0.254333
vn -0.478597 -0.003066 0.878030
vn -0.038412 -0.003065 0.999257
vn -0.330000 -0.112762 0.937222
vn -0.635248 -0.064786 0.769586
vn -0.632686 -0.171162 0.755256
vn -0.311978 -0.248910 0.916904
vn -0.647834 -0.279259 0.708750
vn -0.339149 -0.411897 0.845765
vn -0.672527 -0.371974 0.639798
vn -0.378349 -0.552297 0.742846
vn -0.705945 -0.443881 0.551916
vn -0.424780 -0.666438 0.612718
vn -0.742801 -0.493754 0.452166
vn -0.478610 -0.746276 0.462607
vn -0.758519 -0.541795 0.362087
vn -0.504237 -0.810376 0.298388
vn -0.777827 -0.001420 0.628477
vn -0.807569 -0.034467 0.588765
vn -0.792809 -0.089518 0.602860
vn -0.802219 -0.153894 0.576855
vn -0.815544 -0.210871 0.538908
vn -0.833354 -0.257214 0.489247
vn -0.854933 -0.288734 0.430955
vn -0.939613 -0.002238 0.342231
vn -0.939538 -0.001571 0.342440
vn -0.939452 -0.001274 0.342677
vn -0.939386 -0.000917 0.342859
vn -0.939346 -0.000634 0.342971
vn -0.939298 -0.000375 0.343101
vn -0.939350 -0.000109 0.342961
vn -0.939402 0.000001 0.342819
vn -0.055330 0.005546 0.998453
vn -0.365802 0.002611 0.930689
vn -0.700593 0.001273 0.713560
vn -0.938805 0.000006 0.344449
vn -0.717610 0.056935 0.694114
vn -0.157960 0.616036 0.771718
vn -0.161579 0.458299 0.873987
vn -0.133263 0.282086 0.950089
vn -0.089908 0.119012 0.988814
vn -0.154151 0.674230 0.722255
vn -0.463430 0.533939 0.707207
vn -0.357645 0.099770 0.928513
vn -0.435483 0.239373 0.867788
vn -0.459755 0.374507 0.805214
vn -0.538885 0.438880 0.719019
vn -0.756498 0.302067 0.580057
vn -0.788511 0.239452 0.566492
vn -0.758288 0.212861 0.616189
vn -0.745423 0.139624 0.651805
vn -0.938856 0.000190 0.344311
vn -0.938851 0.000662 0.344322
vn -0.938901 0.001233 0.344185
vn -0.938901 0.001796 0.344182
vn -0.939159 0.001471 0.343478
vn -0.042438 0.428697 0.902451
vn -0.049133 0.611262 0.789902
vn -0.439139 0.306564 0.844497
vn -0.760114 0.169805 0.627210
vn -0.939517 0.000300 0.342502
vn -0.041773 0.207328 0.977379
vn 0.148591 0.001202 0.988898
vn -0.219401 0.000942 0.975634
vn -0.498246 0.004123 0.867026
vn -0.734265 0.005920 0.678838
vn -0.935804 0.000148 0.352520
vn -0.598054 0.001604 -0.801454
vn -0.812104 0.006843 -0.583473
vn -0.916714 0.010040 -0.399417
vn -0.995008 0.004013 -0.099718
vn -0.945624 0.000109 0.325263
vn -0.399957 0.915095 0.051337
vn -0.403521 0.891459 0.206085
vn -0.695639 0.658640 0.286845
vn -0.877329 0.302602 -0.372459
vn -0.643657 0.186379 -0.742273
vn -0.624743 0.375422 -0.684656
vn -0.620878 0.543529 -0.564878
vn -0.828147 0.535822 -0.164519
vn -0.574048 0.726223 -0.378246
vn -0.723091 0.688737 0.052737
vn -0.453393 0.827648 -0.330807
vn -0.448934 0.885989 -0.116113
vn -0.988672 0.150069 -0.002520
vn -0.955069 0.284065 0.084559
vn -0.905871 0.372536 0.201529
vn -0.881154 0.334462 0.334218
vn -0.942648 0.003469 0.333772
vn -0.939842 0.000524 0.341609
vn -0.940936 0.008387 0.338481
vn -0.939613 0.003279 0.342223
vn -0.410271 0.899065 0.152839
vn -0.703215 0.661810 0.259800
vn -0.886077 0.330608 0.324909
vn -0.939678 0.002705 0.342050
vn -0.939692 0.004483 0.341993
vn -0.848899 0.429944 0.307440
vn -0.622504 0.750057 0.223391
vn -0.315038 0.942702 0.109834
vn -0.412862 0.905710 0.096091
vn -0.631296 0.750500 0.195488
vn -0.856488 0.425350 0.292414
vn -0.939710 0.001591 0.341967
vn 0.153596 0.001457 0.988133
vn -0.219401 0.001204 0.975634
vn -0.063601 0.178500 0.981882
vn -0.028649 0.394665 0.918378
vn -0.235950 0.906474 0.350190
vn -0.283318 0.945975 0.157681
vn -0.583425 0.686035 0.434708
vn -0.229379 0.807167 0.543936
vn -0.147673 0.664163 0.732857
vn -0.053617 0.565619 0.822922
vn -0.518228 0.509433 0.686962
vn -0.439054 0.289703 0.850472
vn -0.498665 0.005009 0.866781
vn -0.837553 0.357495 0.413161
vn -0.786916 0.284189 0.547723
vn -0.746476 0.170744 0.643133
vn -0.734974 0.007109 0.678058
vn -0.938287 0.015253 0.345522
vn -0.937673 0.006139 0.347464
vn -0.935052 0.006582 0.354450
vn -0.936740 0.000127 0.350026
vn -0.995155 0.003323 -0.098264
vn -0.945231 0.000170 0.326401
vn -0.598270 0.001188 -0.801294
vn -0.810647 0.005858 -0.585506
vn -0.916306 0.008384 -0.400391
vn -0.600246 0.685265 -0.412451
vn -0.618633 0.391296 -0.681309
vn -0.638826 0.202159 -0.742316
vn -0.873861 0.318660 -0.367183
vn -0.988129 0.153626 0.000602
vn -0.945994 0.008067 0.324083
vn -0.619418 0.560257 -0.549940
vn -0.844070 0.500828 -0.191616
vn -0.963228 0.257817 0.075645
vn -0.939818 0.000262 0.341675
vn -0.568805 0.719032 -0.399318
vn -0.793705 0.574508 -0.199933
vn -0.927840 0.367954 0.061017
vn -0.940371 0.002669 0.340140
vn -0.603833 0.785122 0.137725
vn -0.612071 0.753238 0.240834
vn -0.791158 0.532036 0.301673
vn -0.929030 0.321291 0.183510
vn -0.794111 0.597992 -0.108599
vn -0.792101 0.608238 0.051211
vn -0.578955 0.767576 -0.275023
vn -0.603900 0.794622 -0.062300
vn -0.795191 0.570969 0.204121
vn -0.905019 0.295774 0.305710
vn -0.910433 0.242655 0.335006
vn -0.939731 0.002511 0.341905
vn -0.939214 0.004623 0.343300
vn -0.939896 0.001833 0.341456
vn -0.939813 0.002752 0.341678
vn -0.920159 0.254948 0.297167
vn -0.805340 0.554407 0.209906
vn -0.624405 0.772366 0.116488
vn -0.915229 0.006342 0.402884
vn -0.916291 0.043061 0.398191
vn -0.883682 0.204190 0.421203
vn -0.940247 0.036509 0.338530
vn -0.937594 0.336805 0.086487
vn -0.951192 0.016386 0.308163
vn -0.979526 -0.013831 0.200842
vn -0.972403 -0.233252 0.005169
vn -0.943269 -0.025194 0.331071
vn -0.891599 -0.283696 0.352941
vn -0.832734 -0.251507 0.493253
vn -0.932941 -0.008726 0.359924
vn -0.919762 0.005189 0.392443
vn -0.936887 0.005730 0.349584
vn -0.936630 0.018284 0.349843
vn -0.909983 0.283706 0.302393
vn -0.955006 0.251382 0.157388
vn -0.947986 0.011607 0.318102
vn -0.946331 -0.001896 0.323194
vn -0.952486 -0.029188 0.303182
vn -0.948333 -0.076549 0.307904
vn -0.937893 -0.036505 0.344999
vn -0.773812 -0.336892 0.536394
vn -0.910570 -0.034448 0.411917
vn 0.596960 -0.240516 0.765370
vn 0.908263 -0.079343 -0.410808
vn 0.977549 0.112213 0.178345
vn 0.607933 0.238033 -0.757468
vn -0.066896 0.238361 -0.968870
vn -0.033786 -0.324800 -0.945179
vn -0.637322 0.266141 -0.723180
vn -0.639011 0.759905 -0.119201
vn -0.989605 -0.080143 -0.119412
vn -0.417941 -0.260252 -0.870399
vn -0.242407 -0.406332 -0.880984
vn -0.073801 -0.312639 0.947001
vn -0.020586 0.197905 0.980005
vn -0.299937 -0.125252 0.945701
vn -0.639011 -0.759905 0.119201
vn -0.772959 0.481322 0.413356
vn -0.989605 0.080143 0.119412
vn -0.375805 0.629939 0.679667
vn -0.621064 0.276368 -0.733417
vn -0.399735 0.549739 -0.733484
vn 0.000000 0.000000 -1.000000
vn -0.071370 0.675932 -0.733500
vn 0.276368 0.621064 -0.733417
vn -0.276368 -0.621064 -0.733417
vn -0.549739 -0.399735 -0.733484
vn -0.675932 -0.071370 -0.733500
vn 0.621064 -0.276368 -0.733417
vn 0.399735 -0.549739 -0.733484
vn 0.071370 -0.675932 -0.733500
vn 0.549739 0.399735 -0.733484
vn 0.675932 0.071370 -0.733500
vn 0.611907 0.296093 0.733416
vn 0.381953 0.562234 0.733488
vn 0.000000 0.000000 1.000000
vn 0.049709 0.677873 0.733497
vn -0.296093 0.611907 0.733416
vn 0.296093 -0.611907 0.733416
vn 0.562234 -0.381953 0.733488
vn 0.677873 -0.049709 0.733497
vn -0.611907 -0.296093 0.733416
vn -0.381953 -0.562234 0.733488
vn -0.049709 -0.677873 0.733497
vn -0.562234 0.381953 0.733488
vn -0.677873 0.049709 0.733497
vn 0.353684 -0.354274 0.865677
vn 0.650151 -0.257576 0.714814
vn 0.556271 -0.486775 0.673508
vn 0.409572 -0.014041 0.912170
vn 0.674569 -0.011009 0.738130
vn 0.065632 -0.293671 0.953651
vn 0.128407 -0.007216 0.991695
vn -0.073478 -0.019055 0.997115
vn -0.194917 -0.282229 0.939337
vn -0.302872 -0.011009 0.952968
vn -0.174530 -0.534116 0.827200
vn -0.340660 -0.555972 0.758186
vn -0.394289 -0.267282 0.879259
vn -0.126543 -0.790382 0.599402
vn -0.238197 -0.809987 0.535895
vn -0.070062 -0.940505 0.332479
vn -0.124310 -0.951872 0.280155
vn -0.005792 -0.999605 0.027511
vn -0.009536 -0.999725 0.021409
vn 0.005416 -0.965637 0.259837
vn 0.000529 -0.999731 0.023173
vn 0.511897 -0.839576 0.181863
vn 0.198118 -0.979983 0.019564
vn 0.279212 -0.713863 0.642215
vn 0.616025 -0.623971 0.480805
vn 0.056502 -0.835865 0.546020
vn 0.490216 -0.765511 0.416751
vn 0.065584 -0.588347 0.805944
vn 0.296787 -0.617001 0.728853
vn 0.693553 -0.454194 0.559188
vn -0.420001 -0.006383 0.907501
vn -0.432338 -0.019071 -0.901510
vn -0.602016 -0.007144 -0.798452
vn -0.530935 -0.293467 -0.794975
vn -0.013318 -0.999806 -0.014501
vn 0.409315 -0.816973 -0.406221
vn -0.195229 -0.944584 -0.263907
vn 0.289167 -0.839622 -0.459802
vn -0.241848 -0.962528 -0.122678
vn -0.008801 -0.999951 -0.004430
vn -0.018164 -0.999751 -0.012964
vn -0.205438 -0.964447 -0.166242
vn -0.406662 -0.856110 -0.318908
vn -0.502194 -0.828797 -0.246773
vn -0.610401 -0.631151 -0.478601
vn -0.722484 -0.597037 -0.348661
vn -0.735762 -0.354631 -0.576967
vn -0.853025 -0.326632 -0.407015
vn -0.809114 -0.013934 -0.587486
vn -0.902758 -0.018709 -0.429742
vn 0.022894 -0.274204 -0.961399
vn 0.043078 -0.011098 -0.999010
vn -0.207752 -0.011064 -0.978119
vn 0.154204 -0.677977 -0.718726
vn 0.172122 -0.450154 -0.876205
vn -0.220069 -0.714701 -0.663907
vn 0.003413 -0.532998 -0.846110
vn -0.258704 -0.533939 -0.804973
vn -0.295883 -0.282705 -0.912431
vn 0.171985 -0.747676 -0.641406
vn -0.348504 -0.803576 -0.482504
vn -0.456797 -0.588178 -0.667370
vn -0.432362 -0.018941 0.901501
vn -0.407573 -0.331059 0.851049
vn -0.346300 -0.601998 0.719497
vn -0.242193 -0.832657 0.498022
vn -0.118821 -0.963310 0.240656
vn -0.004094 -0.999957 0.008333
vn -0.910013 -0.007326 -0.414516
vn -0.877386 -0.270583 -0.396205
vn -0.761533 -0.549972 -0.342926
vn -0.541108 -0.805161 -0.242730
vn -0.286435 -0.949460 -0.128379
vn -0.022293 -0.999702 -0.009997
vn -0.049661 -0.897925 -0.437338
vn -0.150080 -0.059029 -0.986910
vn 0.147460 -0.061310 -0.987166
vn 0.173521 -0.724142 -0.667464
vn 0.584827 -0.075915 -0.807598
vn 0.375368 -0.829427 -0.413703
vn 0.876235 -0.075793 -0.475886
vn 0.647284 -0.724002 -0.238421
vn 0.997885 -0.061341 -0.021528
vn 0.478386 -0.876004 0.061349
vn 0.925486 -0.125472 0.357396
vn 0.323507 -0.936995 0.131846
vn 0.816735 0.112206 -0.565998
vn 0.131726 0.986243 -0.099866
vn 0.639204 0.183930 -0.746718
vn 0.045450 0.997250 -0.058535
vn 0.424337 0.112394 -0.898502
vn 0.028620 0.997273 -0.068021
vn 0.180078 0.184206 -0.966251
vn 0.010022 0.997286 -0.072938
vn -0.081409 0.112416 -0.990321
vn -0.009234 0.997293 -0.072945
vn -0.327679 0.183869 -0.926725
vn -0.061844 0.986478 -0.151779
vn -0.565490 0.112394 -0.817061
vn -0.109340 0.983515 -0.144026
vn -0.747248 0.183838 -0.638612
vn -0.179255 0.973933 -0.139002
vn -0.898550 0.112199 -0.424287
vn -0.324824 0.935848 -0.136670
vn -0.966363 0.183761 -0.179928
vn -0.216778 0.975766 -0.029805
vn -0.990338 0.112316 0.081338
vn -0.356824 0.933092 0.044902
vn -0.926577 0.183896 0.328081
vn -0.288416 0.950215 0.117932
vn -0.816721 0.112245 0.566011
vn -0.244843 0.951658 0.185468
vn -0.639249 0.184089 0.746640
vn -0.110127 0.983741 0.141864
vn -0.424275 0.112438 0.898525
vn -0.068304 0.984322 0.162618
vn -0.180078 0.184206 0.966251
vn -0.041746 0.951811 0.303830
vn 0.081409 0.112416 0.990321
vn 0.022204 0.984247 0.175398
vn 0.327679 0.183869 0.926725
vn 0.119263 0.948738 0.292699
vn 0.565490 0.112394 0.817061
vn 0.107549 0.984055 0.141668
vn 0.747248 0.183838 0.638612
vn 0.139494 0.984297 0.108170
vn 0.898350 0.112199 0.424709
vn 0.288341 0.949800 0.121407
vn 0.966373 0.183710 0.179930
vn 0.175820 0.984126 0.024158
vn 0.990349 0.112279 -0.081249
vn 0.177725 0.983826 -0.022364
vn 0.926577 0.183896 -0.328081
vn 0.114762 0.992286 -0.046877
vn -0.720676 -0.049679 -0.691490
vn -0.711931 -0.006541 -0.702219
vn -0.881531 -0.050229 -0.469447
vn -0.898381 -0.004019 -0.439198
vn -0.366455 -0.012775 -0.930348
vn -0.354436 -0.024571 -0.934757
vn -0.500694 -0.008183 -0.865586
vn -0.569849 -0.001585 -0.821748
vn -0.619546 -0.116630 -0.776248
vn -0.231614 -0.865107 0.444910
vn -0.454063 -0.045030 0.889831
vn -0.747847 -0.061038 0.661059
vn -0.394380 -0.872727 0.287771
vn -0.958273 -0.075085 0.275819
vn -0.680959 -0.721614 0.124772
vn -0.988165 -0.075532 -0.133513
vn -0.624026 -0.762725 -0.169830
vn -0.833749 -0.061060 -0.548758
vn -0.443317 -0.809423 -0.385104
vn -0.076428 -0.992248 -0.097990
vn -0.294041 -0.037253 -0.955067
vn 0.176173 -0.186386 -0.966552
vn -0.330891 -0.008031 -0.943635
vn -0.280248 -0.077556 -0.956789
vn 0.424103 -0.458690 -0.780859
vn -0.330461 -0.012699 -0.943734
vn -0.316412 -0.012647 -0.948537
vn 0.628592 -0.009143 -0.777681
vn 0.374384 -0.007626 -0.927242
vn 0.475044 -0.290188 -0.830737
vn 0.182587 -0.018034 -0.983024
vn 0.752060 -0.011358 -0.658996
vn 0.744346 -0.311596 -0.590641
vn 0.849462 -0.019372 -0.527295
vn 0.888394 -0.324931 -0.324308
vn 0.969150 -0.011798 -0.246190
vn 0.949917 -0.309815 -0.040901
vn 0.998614 -0.016662 -0.049926
vn 0.945678 -0.267747 0.184404
vn 0.973262 -0.010256 0.229467
vn 0.826214 -0.533529 0.180880
vn 0.767740 -0.548249 0.331659
vn 0.885829 -0.263406 0.382001
vn 0.599175 -0.789769 0.131355
vn 0.546624 -0.803763 0.234879
vn 0.332343 -0.940336 0.072906
vn 0.290053 -0.948874 0.124530
vn 0.027118 -0.999615 0.005944
vn 0.022625 -0.999697 0.009717
vn 0.289494 -0.956908 -0.022823
vn 0.004985 -0.999987 -0.000533
vn 0.266268 -0.956843 -0.116421
vn 0.013264 -0.999894 -0.006072
vn 0.212667 -0.967413 -0.137424
vn -0.338090 -0.121930 -0.933182
vn 0.419439 -0.835914 -0.354003
vn -0.321607 -0.038352 -0.946096
vn -0.330300 -0.034353 -0.943251
vn 0.596114 -0.591700 -0.542714
vn -0.095510 -0.003797 -0.995421
vn -0.310057 -0.001279 -0.950717
vn 0.559769 -0.828092 -0.030358
vn 0.518910 -0.828126 -0.211991
vn 0.807565 -0.588443 -0.039664
vn 0.750196 -0.588445 -0.301560
vn 0.916574 -0.006256 0.399816
vn -0.837158 -0.257431 -0.482593
vn -0.399909 -0.043987 -0.915499
vn -0.830093 -0.538867 -0.143415
vn -0.390207 -0.063932 -0.918505
vn -0.590344 -0.806819 0.023150
vn -0.372171 -0.052926 -0.926654
vn -0.358922 -0.055345 -0.931725
vn -0.039580 -0.999203 0.005122
vn -0.322936 -0.329659 -0.887151
vn -0.361540 -0.077579 -0.929123
vn -0.328385 -0.940971 0.082074
vn -0.267980 -0.956914 0.111813
vn -0.014038 -0.999882 0.006275
vn -0.220885 -0.956962 0.188237
vn -0.019053 -0.999673 0.017066
vn -0.156846 -0.965275 0.208913
vn -0.011858 -0.999775 0.017602
vn -0.580696 -0.013648 0.814006
vn -0.955506 -0.292015 0.041661
vn -0.909818 -0.011075 0.414860
vn -0.889623 -0.308948 0.336336
vn -0.778549 -0.016719 0.627361
vn -0.744973 -0.309684 0.590856
vn -0.551958 -0.353997 0.755002
vn -0.686365 -0.003928 -0.727246
vn -0.845683 -0.013285 -0.533521
vn -0.932683 -0.011558 -0.360512
vn -0.916981 -0.315234 -0.244486
vn -0.995717 -0.019504 -0.090370
vn -0.995617 -0.007662 0.093212
vn -0.305512 -0.855748 0.417562
vn -0.434910 -0.827807 0.354385
vn -0.522224 -0.828148 0.203599
vn -0.830809 -0.551060 0.078039
vn -0.754922 -0.588592 0.289226
vn -0.630311 -0.588439 0.506407
vn -0.458565 -0.630512 0.626236
vn -0.412495 -0.898484 0.150248
vn -0.609936 -0.785114 -0.107579
vn -0.363623 -0.880181 -0.305058
vn -0.211898 -0.784921 -0.582236
vn 0.082496 -0.880115 -0.467538
vn 0.398562 -0.784506 -0.475078
vn 0.589735 -0.778530 -0.214717
vn 0.367769 -0.927652 0.064866
vn 0.189191 -0.969014 0.158801
vn 0.229448 -0.741537 0.630457
vn -0.095490 -0.835466 0.541183
vn -0.310681 -0.875407 0.370325
vn -0.373188 -0.005208 0.927741
vn -0.405935 -0.021347 0.913653
vn -0.450780 -0.007193 0.892606
vn -0.449832 -0.057875 0.891236
vn -0.918729 -0.013900 -0.394644
vn -0.919315 -0.019644 -0.393032
vn 0.113473 -0.002924 0.993537
vn 0.022731 -0.066915 0.997500
vn -0.150044 -0.026535 0.988323
vn -0.017342 -0.014920 0.999738
vn 0.333777 -0.017402 0.942491
vn 0.198851 -0.008856 0.979990
vn 0.231985 -0.873502 -0.427993
vn 0.468424 -0.044764 -0.882369
vn 0.774371 -0.061374 -0.629748
vn 0.430755 -0.856787 -0.283488
vn 0.975858 -0.075709 -0.204865
vn 0.556270 -0.829068 -0.056664
vn 0.968875 -0.075876 0.235634
vn 0.639831 -0.724299 0.256917
vn 0.751279 -0.061336 0.657129
vn 0.415309 -0.769808 0.484679
vn 0.520263 -0.084952 0.849770
vn 0.128662 -0.972224 0.195516
vn 0.816204 0.112292 -0.566746
vn 0.244779 0.951614 -0.185779
vn 0.639189 0.183965 -0.746722
vn 0.210486 0.939242 -0.271146
vn 0.424726 0.112497 -0.898305
vn 0.173878 0.893859 -0.413258
vn 0.180106 0.184061 -0.966273
vn 0.016354 0.992766 -0.118944
vn -0.081409 0.112416 -0.990321
vn -0.022193 0.984242 -0.175427
vn -0.327625 0.184073 -0.926703
vn -0.066542 0.984328 -0.163309
vn -0.565525 0.112381 -0.817039
vn -0.184916 0.952142 -0.243374
vn -0.746737 0.183796 -0.639220
vn -0.139502 0.984282 -0.108293
vn -0.898350 0.112199 -0.424709
vn -0.288505 0.949768 -0.121268
vn -0.966589 0.183550 -0.178925
vn -0.175820 0.984126 -0.024158
vn -0.990349 0.112279 0.081249
vn -0.177725 0.983826 0.022364
vn -0.926902 0.183916 0.327150
vn -0.288548 0.950209 0.117656
vn -0.816735 0.112206 0.565998
vn -0.286525 0.933067 0.217463
vn -0.638710 0.183749 0.747185
vn -0.134289 0.975733 0.172948
vn -0.424337 0.112394 0.898502
vn -0.136744 0.935775 0.325002
vn -0.180078 0.184206 0.966251
vn -0.030857 0.973967 0.224580
vn 0.081409 0.112416 0.990321
vn 0.022708 0.983517 0.179384
vn 0.327679 0.183869 0.926725
vn 0.061852 0.986474 0.151798
vn 0.565996 0.112474 0.816699
vn 0.099602 0.986354 0.131090
vn 0.747215 0.184063 0.638584
vn 0.058441 0.997260 0.045367
vn 0.897913 0.112345 0.425596
vn 0.067952 0.997278 0.028611
vn 0.966373 0.183710 0.179930
vn 0.072936 0.997287 0.009972
vn 0.990364 0.112099 -0.081323
vn 0.072958 0.997293 -0.009181
vn 0.926650 0.183716 -0.327976
vn 0.088385 0.995433 -0.036077
vn -0.060425 -0.008603 0.998136
vn 0.322577 -0.022486 0.946276
vn 0.189194 -0.172884 0.966601
vn -0.499857 -0.529014 0.685775
vn -0.939702 -0.252723 -0.230414
vn -0.821167 -0.533738 -0.202011
vn -0.595030 -0.790220 -0.146597
vn -0.330584 -0.940276 -0.081219
vn -0.026863 -0.999617 -0.006599
vn -0.290354 -0.956870 0.009717
vn -0.014046 -0.999901 0.000818
vn -0.273215 -0.956962 0.097862
vn -0.024272 -0.999661 0.009390
vn -0.219615 -0.964374 0.147486
vn -0.026553 -0.999529 0.015392
vn 0.334016 -0.043791 0.941550
vn 0.265245 -0.630822 0.729184
vn -0.434660 -0.841305 0.321367
vn 0.312711 -0.053205 0.948357
vn 0.304993 -0.085928 0.948470
vn -0.632081 -0.601600 0.488417
vn -0.540489 -0.316980 0.779356
vn -0.366606 -0.234983 0.900213
vn 0.288804 -0.041459 0.956490
vn -0.316001 -0.021161 0.948523
vn -0.782891 -0.291089 0.549863
vn -0.546279 -0.010919 0.837532
vn -0.967581 -0.007568 -0.252447
vn -0.999843 -0.016492 0.006468
vn -0.950895 -0.309513 -0.000566
vn -0.981433 -0.011470 0.191464
vn -0.907026 -0.325407 0.267235
vn -0.888777 -0.019523 0.457923
vn -0.793620 -0.007608 0.608366
vn -0.560780 -0.827943 0.006035
vn -0.532035 -0.827906 0.177513
vn -0.808280 -0.588787 0.003681
vn -0.768231 -0.588619 0.251693
vn 0.367237 -0.013907 0.930023
vn 0.813699 -0.204000 0.544314
vn 0.352245 -0.008224 0.935872
vn 0.373760 -0.001253 0.927525
vn 0.567798 -0.003841 0.823159
vn 0.361713 -0.009304 0.932243
vn 0.766074 -0.015624 0.642562
vn 0.989986 -0.009358 -0.140852
vn 0.901479 -0.007684 -0.432755
vn 0.922036 -0.286728 -0.260069
vn 0.805770 -0.016639 -0.591995
vn 0.769717 -0.308771 -0.558745
vn 0.601256 -0.011441 -0.798974
vn 0.564835 -0.335928 -0.753733
vn 0.999865 -0.011362 0.011903
vn 0.947198 -0.312577 0.071503
vn 0.981786 -0.019097 0.189030
vn 0.884145 -0.296173 0.361344
vn 0.881971 -0.011732 0.471158
vn 0.385339 -0.036506 0.922053
vn 0.840220 -0.480805 0.250712
vn 0.372396 -0.044945 0.926985
vn 0.799247 -0.600562 0.023012
vn 0.378970 -0.066622 0.923008
vn 0.341975 -0.939338 -0.026393
vn 0.345557 -0.012328 0.938317
vn 0.342527 -0.049920 0.938181
vn 0.276055 -0.956409 -0.095266
vn 0.013628 -0.999893 -0.005285
vn 0.228815 -0.956939 -0.178638
vn 0.003415 -0.999990 -0.002821
vn 0.162553 -0.965156 -0.205061
vn 0.012323 -0.999773 -0.017386
vn 0.447530 -0.020701 -0.894029
vn 0.419850 -0.340017 -0.841495
vn 0.358572 -0.602191 -0.713297
vn 0.602846 -0.795267 -0.064236
vn 0.534907 -0.827900 -0.168691
vn 0.450127 -0.828044 -0.334259
vn 0.315744 -0.855809 -0.409752
vn 0.122004 -0.963468 -0.238421
vn 0.004423 -0.999953 -0.008666
vn 0.772234 -0.588763 -0.238771
vn 0.651849 -0.588968 -0.477712
vn 0.473445 -0.631099 -0.614462
vn 0.249223 -0.833358 -0.493358
vn -0.569177 -0.795733 0.206995
vn -0.407442 -0.910412 -0.071702
vn -0.429466 -0.827922 -0.360699
vn -0.090000 -0.964751 -0.247295
vn 0.107526 -0.785730 -0.609153
vn 0.278288 -0.901400 -0.331714
vn 0.564908 -0.799049 -0.205912
vn 0.467779 -0.879969 0.082691
vn 0.475144 -0.784335 0.398820
vn 0.162567 -0.879891 0.446502
vn -0.107982 -0.783468 0.611979
vn -0.305622 -0.879630 0.364481
vn 0.434886 -0.038162 0.899676
vn 0.351992 -0.006945 0.935977
vn 0.759137 -0.004630 0.650915
vn 0.770912 -0.027103 0.636365
vn 0.716031 -0.004597 0.698053
vn 0.682611 -0.032425 0.730062
vn 0.551758 -0.010731 0.833935
vn 0.449635 -0.002098 0.893210
vn 0.474167 -0.322568 0.819216
vn 0.004804 -0.999983 0.003350
vn 0.012006 -0.999823 0.014453
vn 0.107250 -0.988932 0.102524
vn 0.203783 -0.940698 0.271218
vn 0.728735 -0.283924 0.623163
vn 0.749473 -0.482720 0.453070
vn 0.300383 -0.829655 0.470576
vn 0.702209 -0.671524 0.236554
vn 0.234031 -0.914618 0.329701
vn 0.412437 -0.607310 0.679021
vn 0.398252 -0.594026 0.698948
vn 0.403014 -0.466647 0.787286
vn 0.402253 -0.322165 0.856973
vn 0.298801 -0.588640 0.751146
vn 0.299152 -0.516065 0.802612
vn 0.338708 -0.204950 0.918299
vn 0.646580 -0.002077 0.762843
vn 0.682611 -0.262326 0.682076
vn 0.586539 -0.307827 0.749143
vn 0.628024 -0.435012 0.645252
vn 0.503420 -0.542631 0.672399
vn 0.513134 -0.689544 0.511099
vn 0.379040 -0.784163 0.491341
vn 0.470311 -0.749913 0.465229
vn 0.291589 -0.908730 0.298640
vn 0.154558 -0.976048 0.153106
vn 0.012217 -0.999853 0.012068
vn 0.088222 -0.004598 -0.996090
vn 0.068578 -0.027978 -0.997253
vn 0.148438 -0.004597 -0.988911
vn 0.199280 -0.033226 -0.979379
vn -0.113891 -0.010696 -0.993436
vn 0.004721 -0.002095 -0.999987
vn -0.045249 -0.329508 -0.943068
vn 0.358319 -0.506135 -0.784497
vn -0.076378 -0.782258 -0.618254
vn 0.352168 -0.701652 -0.619404
vn -0.040720 -0.909739 -0.413178
vn 0.050919 -0.984741 -0.166409
vn -0.160095 -0.549172 -0.820232
vn -0.147022 -0.545288 -0.825255
vn -0.027515 -0.526463 -0.849752
vn 0.156755 -0.502468 -0.850267
vn 0.000204 -0.999998 -0.001944
vn -0.000026 -0.999985 -0.005554
vn 0.026159 -0.963407 -0.266763
vn -0.010233 -0.949015 -0.315066
vn 0.030449 -0.898781 -0.437339
vn -0.029041 -0.837258 -0.546037
vn 0.061757 -0.724344 -0.686667
vn -0.030495 -0.616340 -0.786890
vn 0.069558 -0.662492 -0.745833
vn 0.073443 -0.415988 -0.906399
vn 0.086012 -0.216261 -0.972539
vn -0.334593 -0.005151 -0.942349
vn -0.229297 -0.002085 -0.973354
vn -0.330896 -0.204893 -0.921155
vn -0.177378 -0.297831 -0.937994
vn -0.286833 -0.515630 -0.807374
vn -0.250171 -0.593553 -0.764924
vn -0.193873 -0.208963 -0.958513
vn 0.000132 -1.000000 -0.000486
vn -0.244902 -0.017971 -0.969381
vn -0.032541 -0.999446 -0.006925
vn -0.013661 -0.999899 0.004009
vn -0.300063 -0.944511 -0.133647
vn -0.484097 -0.863925 -0.138863
vn -0.623267 -0.730406 -0.279364
vn -0.660143 -0.729526 -0.178894
vn -0.793322 -0.458287 -0.400765
vn -0.805470 -0.123829 -0.579555
vn -0.902430 -0.177135 -0.392738
vn -0.792728 -0.536644 -0.289129
vn -0.827716 -0.410280 -0.382826
vn -0.838599 -0.421200 -0.345459
vn -0.883184 -0.196380 -0.425936
vn -0.937281 -0.017110 0.348156
vn -0.937407 -0.009820 0.348096
vn -0.779880 -0.000982 0.625928
vn -0.690298 -0.034993 0.722679
vn -0.994082 -0.000975 -0.108627
vn -0.999133 -0.034772 0.022888
vn -0.941776 -0.009675 0.336100
vn -0.940003 -0.061650 0.335549
vn -0.442969 -0.116175 0.888978
vn -0.344423 -0.197772 0.917747
vn -0.355391 -0.461258 0.812981
vn -0.414743 -0.491377 0.765857
vn -0.384046 -0.428420 0.817903
vn -0.427426 -0.531238 0.731501
vn -0.292795 -0.738356 0.607537
vn -0.380433 -0.762833 0.522835
vn -0.246855 -0.892993 0.376334
vn -0.162436 -0.929539 0.331016
vn -0.039661 -0.999057 0.017670
vn -0.015089 -0.999792 0.013688
vn -0.389807 -0.194155 0.900197
vn 0.552857 -0.033642 0.832597
vn 0.956535 -0.010143 -0.291442
vn 0.956613 -0.069894 -0.282854
vn 0.959331 -0.018215 -0.281695
vn 0.977509 -0.031517 -0.208524
vn 0.967166 -0.021935 -0.253197
vn 0.958212 -0.000497 -0.286059
vn 0.961573 -0.009866 -0.274373
vn 0.922574 -0.081679 -0.377076
vn 0.919319 -0.006065 -0.393466
vn 0.916934 -0.020683 -0.398502
vn 0.909042 -0.012862 -0.416507
vn 0.918354 -0.000475 -0.395759
vn 0.902850 -0.033509 -0.428649
vn 0.882022 -0.055926 -0.467877
vn -0.114752 -0.033627 -0.992825
vn 0.913189 -0.019004 0.407094
vn 0.861626 -0.331026 0.384738
vn 0.728493 -0.602031 0.326889
vn 0.504159 -0.832952 0.228066
vn 0.243702 -0.963364 0.111983
vn 0.008910 -0.999952 0.004082
vn 0.211875 -0.976472 -0.040148
vn 0.978847 -0.070264 -0.192148
vn 0.992137 -0.121067 0.031737
vn 0.140585 -0.990045 0.006846
vn 0.925455 -0.121028 0.359006
vn 0.130345 -0.990047 0.053073
vn 0.754132 -0.121153 0.645451
vn 0.130779 -0.984628 0.115776
vn 0.497810 -0.121151 0.858783
vn 0.068583 -0.990041 0.122940
vn 0.184848 -0.121112 0.975276
vn 0.023878 -0.990061 0.138594
vn -0.148787 -0.121108 0.981425
vn -0.029039 -0.984653 0.172091
vn -0.465641 -0.121200 0.876635
vn -0.068083 -0.990044 0.123196
vn -0.729958 -0.121047 0.672688
vn -0.104979 -0.990064 0.093559
vn -0.809693 -0.213708 0.546559
vn -0.077496 -0.995629 0.052120
vn 0.013806 0.999167 0.038393
vn -0.804002 0.227541 0.549369
vn -0.669366 0.592204 0.448601
vn 0.020074 0.999488 0.024924
vn 0.964145 0.257039 -0.065993
vn 0.946594 0.264025 -0.185069
vn 0.004405 0.999938 0.010270
vn 0.928517 0.198353 -0.313865
vn 0.937498 0.251272 -0.240748
vn 0.158035 0.830478 0.534164
vn 0.382600 0.756722 0.530083
vn -0.000562 0.999976 0.006976
vn 0.535815 0.757647 0.372657
vn 0.870850 0.428409 0.241011
vn 0.266860 0.959623 0.088935
vn 0.404256 0.866306 0.293414
vn 0.456913 0.542901 0.704620
vn 0.132548 0.533175 0.835557
vn -0.135733 0.857282 0.496632
vn -0.039598 0.620943 0.782855
vn -0.296226 0.622167 0.724678
vn -0.518702 0.624324 0.584097
vn -0.085090 0.988801 0.122607
vn 0.099280 -0.994929 -0.016098
vn 0.205778 -0.977427 -0.047877
vn 0.007052 -0.999917 0.010749
vn 0.018001 -0.999675 0.018077
vn -0.381374 -0.810191 0.445134
vn -0.123764 -0.988294 0.089202
vn 0.018831 -0.999757 0.011471
vn 0.968812 -0.069060 -0.237980
vn 0.875502 -0.008477 0.483140
vn 0.738447 -0.284064 0.611558
vn 0.755602 -0.018207 0.654778
vn -0.386962 -0.120274 0.914218
vn -0.145367 -0.934715 0.324309
vn 0.005666 -0.965136 0.261686
vn -0.281611 -0.060986 0.957589
vn -0.182833 -0.872960 0.452231
vn -0.665215 -0.075124 0.742863
vn -0.511656 -0.721711 0.466199
vn -0.908624 -0.075441 0.410746
vn -0.619097 -0.763203 0.185040
vn -0.997925 -0.061101 -0.020315
vn -0.578767 -0.810083 -0.093782
vn -0.919428 -0.124386 -0.373070
vn -0.318624 -0.938023 -0.136351
vn -0.028423 -0.985216 0.168941
vn -0.103869 -0.966243 0.235766
vn -0.058396 -0.992443 0.107916
vn -0.134323 -0.984849 0.109682
vn -0.284478 -0.952932 0.104848
vn -0.106710 -0.993595 0.037170
vn -0.172585 -0.984841 -0.017414
vn -0.235866 -0.966212 -0.103930
vn -0.107933 -0.992441 -0.058405
vn -0.110863 -0.987548 -0.111616
vn -0.896325 -0.043087 -0.441300
vn -0.440410 -0.870862 -0.218263
vn 0.072067 -0.996729 -0.036578
vn 0.115774 -0.991329 -0.062147
vn 0.887258 -0.169462 -0.429017
vn 0.856423 -0.202391 -0.474950
vn 0.198209 -0.014134 -0.980058
vn 0.189380 -0.293391 -0.937047
vn 0.384154 -0.011182 -0.923201
vn -0.174460 -0.984493 0.018385
vn -0.991985 -0.066993 0.107136
vn -0.983853 -0.121154 -0.131740
vn -0.172476 -0.984670 -0.026029
vn -0.884660 -0.121028 -0.450254
vn -0.124407 -0.990037 -0.065957
vn -0.685249 -0.121172 -0.718158
vn -0.095294 -0.990076 -0.103288
vn -0.408591 -0.121199 -0.904635
vn -0.069020 -0.984729 -0.159830
vn -0.085532 -0.121172 -0.988940
vn -0.009799 -0.990043 -0.140422
vn 0.247039 -0.121133 -0.961404
vn 0.037218 -0.990091 -0.135403
vn 0.551682 -0.121265 -0.825192
vn 0.098918 -0.984799 -0.142778
vn 0.794054 -0.121182 -0.595646
vn 0.113995 -0.990042 -0.082592
vn -0.620582 0.781024 0.069857
vn -0.989634 0.081206 0.118447
vn -0.011038 0.999563 -0.027416
vn -0.000733 0.999351 -0.036024
vn -0.004822 0.999889 -0.014124
vn 0.346283 0.675965 -0.650507
vn -0.004402 0.999980 -0.004464
vn 0.112577 0.665980 -0.737426
vn 0.734277 0.067943 -0.675442
vn 0.819670 0.350279 -0.453261
vn 0.902408 0.242771 -0.355980
vn 0.876064 0.174930 -0.449346
vn -0.264329 0.849165 -0.457218
vn -0.593543 0.623698 -0.508633
vn -0.729959 0.621753 -0.283873
vn -0.783482 0.620883 -0.025685
vn -0.437296 0.594978 -0.674369
vn -0.404146 0.866322 -0.293516
vn -0.121198 0.756778 -0.642337
vn 0.083764 0.989149 -0.120697
vn 0.149154 0.824494 -0.545859
vn -0.137995 0.473912 -0.869692
vn -0.266691 0.959675 -0.088878
vn 0.440252 -0.006283 -0.897852
vn 0.420029 -0.263929 -0.868284
vn 0.364363 -0.548475 -0.752605
vn 0.258174 -0.804228 -0.535317
vn 0.136703 -0.949105 -0.283748
vn 0.010701 -0.999696 -0.022217
vn 0.007937 -0.999614 -0.026641
vn 0.000092 -0.999917 -0.012915
vn 0.148843 -0.985512 -0.081317
vn -0.106263 -0.994338 0.000892
vn -0.011425 -0.999027 -0.042593
vn -0.539227 -0.837359 -0.089803
vn 0.091041 -0.421813 0.902101
vn 0.115789 -0.182790 0.976310
vn 0.295092 -0.408111 0.863925
vn 0.257443 -0.347350 0.901705
vn 0.312020 -0.371520 0.874424
vn -0.048993 -0.355327 0.933457
vn -0.205614 -0.323737 0.923535
vn -0.100968 -0.240767 0.965317
vn 0.316349 -0.310005 0.896560
vn 0.255935 -0.100808 0.961424
vn 0.376349 -0.277027 0.884091
vn 0.325744 -0.269519 0.906229
vn 0.322131 -0.414714 0.851025
vn 0.817526 -0.002281 0.575888
vn 0.893709 -0.032131 0.447495
vn 0.903602 -0.007223 0.428313
vn 0.942840 -0.003653 0.333225
vn 0.979788 -0.031957 0.197467
vn 0.979767 -0.011488 0.199810
vn 0.998049 -0.000480 0.062429
vn 0.997282 -0.032095 -0.066317
vn 0.977565 -0.002215 -0.210623
vn 0.999077 -0.011274 -0.041453
vn 0.740984 -0.216570 0.635641
vn 0.694973 -0.414984 0.587198
vn 0.566477 -0.660773 0.492426
vn 0.521876 -0.724570 0.450160
vn 0.338770 -0.898382 0.279544
vn 0.216201 -0.957236 0.192238
vn 0.022037 -0.999573 0.019197
vn 0.884041 -0.002253 -0.467403
vn 0.804406 -0.032142 -0.593210
vn 0.791953 -0.007171 -0.610540
vn 0.725008 -0.003637 -0.688731
vn 0.620850 -0.031954 -0.783278
vn 0.622419 -0.011526 -0.782599
vn 0.509358 -0.000489 -0.860555
vn 0.393878 -0.032117 -0.918602
vn 0.256507 -0.002225 -0.966540
vn 0.416369 -0.011257 -0.909126
vn 0.003596 -0.999728 -0.023048
vn 0.034043 -0.976030 -0.214956
vn 0.072995 -0.908989 -0.410380
vn 0.103280 -0.749914 -0.653423
vn 0.116419 -0.689500 -0.714868
vn 0.161475 -0.436418 -0.885136
vn 0.157770 -0.262599 -0.951919
vn -0.315446 -0.320205 -0.893288
vn -0.322225 -0.373617 -0.869817
vn -0.280107 -0.276537 -0.919276
vn -0.422697 -0.101183 -0.900605
vn -0.323633 -0.410938 -0.852286
vn -0.323318 -0.412874 -0.851470
vn -0.330309 -0.261173 -0.907020
vn -0.634014 -0.305555 -0.710396
vn -0.447588 -0.403792 -0.797883
vn -0.551077 -0.184389 -0.813827
vn -0.737331 -0.321422 -0.594163
vn -0.381270 -0.347071 -0.856840
vn -0.916955 -0.365721 0.159506
vn -0.897791 -0.295879 0.326231
vn -0.977569 -0.181621 -0.106645
vn -0.943229 -0.229132 -0.240453
vn -0.875973 -0.452691 -0.166559
vn -0.766989 -0.579389 0.275745
vn -0.635782 -0.737086 0.229097
vn -0.752306 -0.658799 -0.004468
vn -0.494679 -0.851882 0.172018
vn -0.552882 -0.830659 -0.065787
vn -0.218394 -0.972821 0.076964
vn -0.940443 -0.337954 0.036804
vn -0.912902 -0.234456 0.334126
vn -0.773490 -0.394306 0.496223
vn -0.699117 -0.136513 0.701854
vn -0.382098 -0.830481 0.405342
vn -0.577742 -0.245669 0.778371
vn -0.572132 -0.473756 0.669493
vn -0.571869 -0.669109 0.474614
vn -0.278817 -0.954596 0.104918
vn -0.535973 -0.819794 0.201671
vn -0.691596 -0.676146 0.254009
vn -0.795148 -0.531133 0.292640
vn -0.727091 -0.287758 0.623325
vn 0.039397 -0.999188 -0.008450
vn 0.997427 -0.046035 0.054958
vn 0.299691 -0.953370 0.035643
vn 0.906362 -0.046222 0.419966
vn 0.549504 -0.776762 0.307711
vn 0.686807 -0.045963 0.725385
vn 0.286891 -0.885926 0.364457
vn 0.371605 -0.077102 0.925184
vn 0.023888 -0.997818 0.061553
vn 0.073942 -0.997115 -0.017142
vn 0.067359 -0.997727 -0.002071
vn 0.077018 -0.996845 0.019188
vn 0.040739 -0.998898 0.023285
vn 0.204355 -0.963812 0.171187
vn 0.180828 -0.962871 0.200450
vn 0.077566 -0.988812 0.127416
vn 0.070707 -0.987526 0.140685
vn 0.397767 -0.125044 -0.908925
vn 0.141128 -0.941274 -0.306735
vn 0.341636 -0.019374 0.939633
vn 0.026918 -0.981809 0.187952
vn 0.347440 -0.003253 0.937696
vn 0.516804 -0.006745 0.856077
vn 0.709693 -0.006298 0.704483
vn 0.810677 -0.005101 0.585471
vn 0.906249 -0.000846 0.422744
vn 0.972689 -0.003971 0.232080
vn 0.995893 0.000338 0.090536
vn 0.987903 -0.003197 -0.155039
vn -0.015798 -0.151058 -0.988399
vn -0.330586 -0.133405 -0.934300
vn -0.318974 -0.287914 -0.902974
vn -0.336651 -0.003264 -0.941624
vn -0.154307 -0.006721 -0.988000
vn 0.090536 -0.001440 -0.995892
vn 0.232971 -0.005525 -0.972468
vn 0.306614 -0.121594 -0.944035
vn 0.422205 -0.004604 -0.906489
vn 0.606587 -0.070913 -0.791848
vn 0.591210 -0.004380 -0.806506
vn 0.705136 -0.002245 -0.709069
vn 0.793327 -0.037027 -0.607669
vn 0.856175 -0.003189 -0.516676
vn 0.800095 -0.081421 -0.594322
vn 0.800832 -0.168349 -0.574741
vn 0.567217 -0.186947 -0.802069
vn 0.253188 -0.382601 -0.888545
vn 0.453461 -0.353482 -0.818183
vn 0.643071 -0.263925 -0.718890
vn -0.301682 -0.420067 -0.855881
vn -0.011510 -0.469819 -0.882688
vn -0.022965 -0.309492 -0.950625
vn 0.238385 -0.237471 -0.941690
vn 0.036212 -0.993433 -0.108538
vn 0.002626 -0.999996 -0.000956
vn 0.122067 -0.988518 -0.089065
vn 0.831773 -0.332698 -0.444372
vn 0.908512 -0.230340 -0.348638
vn 0.515055 -0.667828 -0.537331
vn 0.693114 -0.466453 -0.549559
vn 0.605221 -0.477849 -0.636685
vn 0.703181 -0.559535 -0.438699
vn 0.562572 -0.731471 -0.385310
vn 0.625958 -0.738914 -0.249365
vn 0.691621 -0.671024 -0.267184
vn 0.742909 -0.587241 -0.321299
vn 0.782559 -0.530242 -0.326259
vn 0.859976 -0.400686 -0.316056
vn 0.106410 -0.975856 -0.190739
vn 0.224703 -0.962235 -0.153665
vn 0.165450 -0.945130 -0.281701
vn 0.327515 -0.913432 -0.241611
vn 0.226513 -0.896325 -0.381173
vn 0.442281 -0.843438 -0.304959
vn 0.321473 -0.811740 -0.487579
vn 0.473316 -0.862896 -0.177152
vn 0.485360 -0.850618 -0.202178
vn 0.238687 -0.966854 -0.090677
vn 0.207767 -0.974485 -0.084920
vn 0.003473 -0.947068 -0.321015
vn 0.011893 -0.900389 -0.434924
vn -0.140635 -0.900219 -0.412100
vn -0.131929 -0.917999 -0.373995
vn -0.098977 -0.954581 -0.281031
vn -0.004372 -0.977225 -0.212161
vn -0.064990 -0.981207 -0.181681
vn -0.034174 -0.993995 -0.103952
vn -0.279870 -0.548632 -0.787830
vn -0.117393 -0.608398 -0.784902
vn -0.229457 -0.736663 -0.636142
vn -0.220973 -0.766088 -0.603556
vn -0.128982 -0.708477 -0.693847
vn -0.258188 -0.653608 -0.711432
vn -0.249275 -0.642728 -0.724405
vn -0.244039 -0.677902 -0.693465
vn -0.170546 -0.852501 -0.494122
vn 0.011403 -0.736035 -0.676847
vn 0.079361 -0.619482 -0.780989
vn 0.225362 -0.588703 -0.776299
vn 0.197545 -0.734825 -0.648852
vn 0.072932 -0.835240 -0.545027
vn -0.164930 -0.850653 -0.499186
vn 0.383684 -0.682050 -0.622571
vn 0.432191 -0.512655 -0.741887
vn 0.092014 -0.992942 0.074831
vn 0.051926 -0.990336 0.128599
vn 0.762364 -0.643503 0.068597
vn 0.797680 -0.597235 -0.083773
vn 0.653540 -0.756709 -0.016675
vn 0.833201 -0.512370 -0.207974
vn 0.827356 -0.489166 -0.276040
vn 0.778148 -0.573046 -0.257108
vn 0.923801 -0.220865 -0.312745
vn 0.927345 -0.322287 -0.190163
vn 0.977485 -0.198396 -0.071844
vn 0.292003 -0.548669 0.783388
vn 0.315664 -0.421351 0.850188
vn 0.568524 -0.438795 0.695873
vn 0.562890 -0.619709 0.546915
vn 0.585497 -0.713364 0.385105
vn 0.446125 -0.732603 0.514067
vn 0.528490 -0.820019 0.219698
vn 0.271719 -0.642388 0.716593
vn 0.257469 -0.656740 0.708803
vn 0.411760 -0.609222 0.677718
vn 0.272095 -0.670334 0.690374
vn 0.117690 -0.992997 0.010333
vn 0.215942 -0.975498 0.042099
vn 0.157614 -0.976648 0.145998
vn 0.326596 -0.941742 0.080355
vn 0.246552 -0.946540 0.208025
vn 0.436603 -0.891970 0.117337
vn 0.310935 -0.905435 0.288974
vn 0.358981 -0.838421 0.410101
vn 0.247004 -0.743054 0.621980
vn 0.883972 -0.466918 -0.024087
vn 0.873283 -0.477131 0.098607
vn 0.965335 -0.234020 0.115596
vn 0.808272 -0.512208 0.290411
vn 0.879477 -0.322995 0.349563
vn 0.739192 -0.416881 0.528966
vn 0.690499 -0.693707 0.204894
vn 0.671437 -0.588774 0.450019
vn 0.659669 -0.722317 -0.207592
vn 0.519906 -0.853159 -0.042635
vn 0.495187 -0.851786 -0.171028
vn 0.410423 -0.910061 -0.057804
vn 0.438179 -0.887309 -0.143812
vn 0.296155 -0.953248 -0.060083
vn 0.356088 -0.926212 -0.123828
vn 0.172116 -0.983120 -0.062063
vn 0.059673 -0.985512 0.158759
vn 0.118243 -0.942228 0.313409
vn 0.164695 -0.884091 0.437332
vn 0.201686 -0.816540 0.540912
vn 0.139555 -0.989291 -0.042746
vn 0.947898 -0.090360 0.305490
vn 0.998396 -0.045600 -0.033545
vn 0.792069 -0.129514 0.596534
vn 0.608479 -0.131110 0.782664
vn 0.598684 -0.260872 0.757313
vn 0.335327 -0.291336 0.895924
vn 0.349963 -0.135657 0.926889
vn 0.815303 -0.253399 0.520644
vn 0.993429 -0.095809 -0.062608
vn 0.964243 -0.167965 0.204994
vn 0.725386 -0.045991 -0.686804
vn 0.419820 -0.046230 -0.906429
vn 0.054958 -0.046035 -0.997427
vn -0.319731 -0.028783 -0.947071
vn 0.902041 -0.044796 0.429319
vn 0.200490 -0.974822 0.097600
vn -0.064343 -0.959846 -0.273048
vn -0.014700 -0.980894 -0.193986
vn 0.012357 -0.985755 -0.167733
vn 0.060151 -0.961185 -0.269268
vn 0.020009 -0.998899 -0.042429
vn 0.052079 -0.996844 -0.059915
vn 0.056352 -0.997727 -0.036947
vn 0.048882 -0.998540 -0.022997
vn 0.009202 -0.999946 -0.004819
vn -0.089873 -0.959802 -0.265900
vn 0.035643 -0.953370 -0.299691
vn 0.307711 -0.776762 -0.549504
vn 0.364264 -0.886003 -0.286898
vn -0.334328 -0.280330 -0.899800
vn -0.037983 -0.997757 -0.055129
vn 0.678129 -0.066994 0.731883
vn 0.161832 -0.960587 0.226014
vn 0.244259 -0.054760 0.968163
vn 0.062649 -0.953034 0.296312
vn 0.144998 -0.949918 0.276823
vn 0.218642 -0.964457 0.148388
vn 0.431307 -0.856149 0.284577
vn 0.647489 -0.631237 0.426965
vn 0.780613 -0.354514 0.514746
vn 0.834126 -0.013746 0.551403
vn 0.227511 -0.291729 0.929050
vn 0.224037 -0.014753 0.974469
vn 0.478368 -0.011720 0.878081
vn -0.131189 -0.842276 0.522839
vn 0.145820 -0.862665 0.484298
vn 0.282177 -0.799065 0.530915
vn 0.180995 -0.626384 0.758211
vn 0.397428 -0.541455 0.740863
vn 0.477705 -0.270909 0.835707
vn 0.200523 -0.956887 0.210137
vn 0.379418 -0.827907 0.413052
vn 0.543886 -0.588468 0.598242
vn 0.636801 -0.309336 0.706255
vn 0.673308 -0.016362 0.739181
vn -0.693445 -0.083011 0.715712
vn -0.799897 -0.106309 0.590647
vn -0.582684 -0.170515 0.794609
vn -0.458943 -0.030657 0.887937
vn -0.410085 -0.054375 0.910425
vn -0.020389 -0.660940 0.750162
vn 0.028490 -0.745938 0.665406
vn -0.156863 -0.723008 0.672795
vn -0.586135 -0.057140 0.808196
vn -0.123653 -0.008659 0.992288
vn -0.031474 -0.175650 0.983949
vn -0.208300 -0.001786 0.978063
vn -0.100709 -0.236648 0.966362
vn -0.339265 -0.025852 0.940335
vn 0.015722 -0.415042 0.909667
vn -0.039560 -0.455162 0.889530
vn -0.064244 -0.509845 0.857864
vn 0.150629 0.965043 0.214481
vn 0.230395 0.892232 0.388381
vn 0.403208 0.715288 0.570777
vn 0.443612 0.628250 0.639148
vn 0.448075 0.447495 0.773936
vn 0.426404 0.410512 0.806014
vn 0.275641 0.202499 0.939689
vn 0.324773 0.312423 0.892701
vn 0.364878 0.117656 0.923592
vn 0.427468 0.318041 0.846239
vn 0.006136 0.382543 0.923917
vn 0.086944 0.410712 0.907610
vn 0.208832 0.453200 0.866602
vn 0.211960 0.304375 0.928670
vn 0.003965 0.960457 0.278402
vn -0.124483 0.736824 0.664525
vn 0.072753 0.739666 0.669030
vn 0.151721 -0.968748 0.196235
vn 0.655587 -0.065680 0.752257
vn 0.276815 -0.071267 0.958277
vn 0.032849 -0.984483 0.172380
vn -0.094780 -0.072010 0.992890
vn -0.083561 -0.915165 0.394323
vn 0.980740 -0.125675 -0.149517
vn 0.986355 -0.162781 -0.024632
vn 0.939279 -0.010845 0.342983
vn 0.934232 -0.021129 0.356040
vn 0.967822 -0.031357 0.249674
vn 0.977418 -0.088255 0.192002
vn 0.992274 -0.035676 0.118822
vn 0.981712 -0.185091 0.044531
vn 0.991802 -0.100698 0.078664
vn 0.147403 -0.981176 0.124766
vn 0.184052 -0.980584 -0.067673
vn 0.177748 -0.977634 -0.112416
vn 0.142601 -0.977647 -0.154504
vn 0.108454 -0.972705 -0.205139
vn 0.079909 -0.980575 -0.179131
vn 0.052037 -0.977379 -0.204992
vn 0.016046 -0.951520 -0.307169
vn -0.125250 -0.981264 -0.146401
vn -0.098689 -0.946348 -0.307710
vn 0.192648 -0.978954 -0.067347
vn 0.210047 -0.977655 -0.008420
vn 0.205143 -0.977644 0.046146
vn 0.179089 -0.980583 0.079903
vn 0.205056 -0.972725 0.108435
vn -0.715626 -0.071502 -0.694814
vn -0.409346 -0.071968 -0.909536
vn 0.016441 -0.046964 -0.998761
vn 0.775133 -0.068464 -0.628077
vn 0.864375 -0.086121 -0.495417
vn 0.512676 -0.011648 -0.858503
vn 0.585273 -0.076445 -0.807224
vn 0.642325 -0.059331 -0.764133
vn 0.654579 -0.110058 -0.747939
vn 0.699074 -0.057839 -0.712706
vn 0.491937 -0.012145 -0.870546
vn -0.174756 0.960979 -0.214430
vn -0.256344 0.883610 -0.391819
vn -0.439703 0.691129 -0.573587
vn -0.473601 0.603319 -0.641644
vn -0.465621 0.427474 -0.774896
vn -0.437855 0.396871 -0.806707
vn -0.276908 0.212213 -0.937170
vn -0.324828 0.311927 -0.892854
vn -0.365482 0.111835 -0.924076
vn -0.434825 0.304681 -0.847406
vn -0.023961 0.419596 -0.907395
vn -0.103427 0.435960 -0.894003
vn -0.216247 0.466256 -0.857813
vn -0.216926 0.317375 -0.923156
vn -0.022627 0.964608 -0.262717
vn 0.077042 0.783047 -0.617173
vn -0.093041 0.757813 -0.645804
vn -0.091737 -0.973269 -0.210552
vn -0.437433 -0.081700 -0.895532
vn 0.042339 -0.066972 -0.996856
vn 0.014988 -0.996038 -0.087659
vn -0.992282 -0.121557 0.024485
vn -0.973143 -0.200586 -0.112948
vn -0.475205 -0.818164 -0.323708
vn -0.968452 -0.109105 -0.224046
vn -0.044030 -0.964242 -0.261339
vn -0.087929 -0.860390 -0.501994
vn -0.251883 -0.828006 -0.500960
vn -0.133150 -0.643285 -0.753960
vn -0.355646 -0.632436 -0.688143
vn -0.171538 -0.364919 -0.915100
vn -0.435098 -0.332159 -0.836875
vn -0.195985 -0.014587 -0.980498
vn -0.454068 -0.014621 -0.890847
vn 0.287926 -0.010808 -0.957592
vn 0.254616 -0.270137 -0.928545
vn 0.240502 -0.533433 -0.810930
vn 0.174643 -0.790563 -0.586949
vn 0.097081 -0.940504 -0.325619
vn 0.008388 -0.956933 -0.290186
vn 0.027146 -0.828200 -0.559775
vn 0.043037 -0.588620 -0.807263
vn 0.053535 -0.308709 -0.949649
vn 0.051083 -0.016396 -0.998560
vn -0.609670 -0.434369 -0.663043
vn -0.584346 -0.405217 -0.703093
vn -0.875697 -0.037358 -0.481414
vn -0.963563 -0.032591 -0.265488
vn -0.560437 -0.421378 -0.712987
vn -0.683914 -0.192278 -0.703769
vn -0.781113 -0.013148 -0.624251
vn -0.798784 -0.004773 -0.601599
vn -0.674562 -0.166802 -0.719127
vn -0.668164 -0.154107 -0.727879
vn -0.691171 -0.007752 -0.722650
vn -0.916661 -0.038350 -0.397821
vn -0.526079 -0.707536 -0.471840
vn -0.889762 -0.057613 -0.452773
vn -0.478092 -0.658000 -0.581777
vn -0.598830 -0.493213 -0.630987
vn -0.067038 -0.997282 0.030557
vn -0.189949 -0.956513 0.221365
vn -0.066237 -0.899822 0.431200
vn 0.193915 -0.806162 0.559016
vn 0.073869 -0.075843 0.994380
vn 0.409243 -0.010246 0.912368
vn 0.165024 -0.888304 0.428583
vn 0.660535 -0.146774 0.736309
vn 0.105527 -0.992936 0.054248
vn 0.065843 -0.997803 0.007368
vn 0.024265 -0.999693 -0.004935
vn 0.234018 -0.961910 0.141293
vn 0.677201 -0.615448 0.403264
vn 0.825113 -0.317937 0.467017
vn 0.905120 -0.324893 0.274230
vn 0.946935 -0.317013 0.053079
vn 0.944653 -0.302726 -0.126442
vn 0.669385 -0.708386 -0.223860
vn 0.817203 -0.502212 -0.282777
vn 0.838858 -0.531905 -0.115735
vn 0.887014 -0.358563 -0.290929
vn 0.607389 -0.791351 -0.069583
vn 0.468033 -0.868539 -0.163046
vn 0.015620 -0.999876 -0.002114
vn 0.012830 -0.999907 -0.004535
vn 0.328224 -0.937464 -0.115887
vn 0.011406 -0.999912 0.006773
vn 0.015461 -0.999863 0.005915
vn 0.289295 -0.951371 0.105841
vn 0.007442 -0.999972 0.000926
vn 0.306281 -0.951351 0.033506
vn 0.348574 -0.936089 -0.047269
vn 0.577217 -0.814766 0.054553
vn 0.547729 -0.814566 0.190987
vn 0.474936 -0.837158 0.271299
vn 0.816916 -0.572256 0.071911
vn 0.776154 -0.571993 0.265349
vn 0.691846 -0.669878 -0.269467
vn 0.341069 -0.931698 -0.124943
vn 0.010081 -0.999942 -0.003684
vn 0.486720 -0.854664 -0.180702
vn 0.914241 -0.156555 -0.373702
vn 0.846653 -0.403897 -0.346478
vn 0.795748 -0.522357 -0.306477
vn 0.477469 -0.317481 -0.819286
vn 0.024865 -0.999567 -0.015716
vn 0.215857 -0.966854 -0.136378
vn 0.457672 -0.841449 -0.287228
vn 0.682172 -0.590841 -0.430753
vn 0.787591 -0.310165 -0.532446
vn 0.303935 -0.314475 -0.899294
vn 0.294466 -0.541373 -0.787531
vn 0.206555 -0.783086 -0.586610
vn 0.120292 -0.939176 -0.321681
vn 0.024082 -0.997333 -0.068894
vn 0.048122 -0.996307 -0.071116
vn 0.168860 -0.951355 -0.257700
vn 0.310489 -0.814745 -0.489680
vn 0.434840 -0.571817 -0.695657
vn 0.086705 -0.993156 -0.078257
vn 0.225671 -0.951382 -0.209632
vn 0.418878 -0.814703 -0.400998
vn 0.588957 -0.571774 -0.571144
vn 0.655074 -0.324727 -0.682224
vn 0.003856 -0.999991 -0.001826
vn 0.036898 -0.998641 -0.036819
vn -0.157761 -0.882117 -0.443826
vn -0.000275 -0.986643 -0.162898
vn 0.386256 -0.202807 -0.899820
vn -0.228489 -0.009318 -0.973502
vn -0.528078 -0.085624 -0.844868
vn -0.151894 -0.907824 -0.390877
vn -0.295567 -0.945773 -0.134732
vn -0.294352 -0.906493 -0.302701
vn -0.235663 -0.971695 -0.016461
vn -0.123730 -0.991731 0.034063
vn -0.071175 -0.995271 -0.066100
vn -0.120446 -0.985588 -0.118785
vn -0.141022 -0.967979 -0.207677
vn 0.163992 -0.007320 0.986434
vn -0.818862 -0.020155 0.573636
vn -0.824145 -0.320030 0.467296
vn 0.051435 -0.146140 0.987926
vn -0.644813 -0.656347 0.391695
vn 0.018096 -0.351713 0.935933
vn -0.360935 -0.891350 0.274266
vn 0.080804 -0.597884 0.797499
vn 0.287502 -0.011389 0.957712
vn -0.263315 -0.737586 -0.621798
vn -0.318733 -0.629142 -0.708936
vn -0.347832 -0.501341 -0.792257
vn -0.364074 -0.358624 -0.859558
vn -0.379910 -0.192884 -0.904690
vn -0.380720 -0.016153 -0.924549
vn -0.154057 -0.923773 -0.350584
vn -0.232471 -0.865670 -0.443365
vn -0.013208 -0.999641 0.023326
vn -0.108549 -0.983500 -0.144726
vn 0.196118 -0.736485 0.647401
vn 0.137915 -0.855386 0.499294
vn 0.088031 -0.931412 0.353159
vn 0.018670 -0.980808 0.194079
vn 0.210847 -0.631612 0.746063
vn 0.242200 -0.504482 0.828757
vn 0.273245 -0.361416 0.891468
vn 0.291624 -0.195859 0.936266
vn -0.377254 -0.000390 -0.926110
vn -0.460613 -0.289347 -0.839115
vn -0.633155 -0.302620 -0.712416
vn -0.827127 -0.196578 -0.526515
vn -0.009244 -0.998155 0.060007
vn -0.029560 -0.965593 0.258372
vn 0.008290 -0.977461 0.210955
vn -0.411722 -0.911112 0.018955
vn -0.723822 -0.682421 0.101893
vn -0.913105 -0.382917 0.140051
vn -0.982970 -0.032527 0.180864
vn -0.115181 -0.026968 0.992978
vn -0.122078 -0.019846 0.992322
vn -0.184353 -0.967586 0.172599
vn -0.210275 -0.259209 0.942653
vn -0.367415 -0.896992 0.245786
vn -0.326300 -0.227238 0.917546
vn -0.686353 -0.636939 0.351039
vn -0.543117 -0.787236 0.292034
vn -0.486195 -0.828174 0.278823
vn -0.477628 -0.173172 0.861326
vn -0.777382 -0.508405 0.370408
vn -0.739827 -0.565362 0.364722
vn -0.914551 -0.000835 0.404469
vn -0.898189 -0.120470 0.422780
vn -0.263898 -0.001114 0.964550
vn -0.888281 -0.211756 0.407574
vn -0.848141 -0.339796 0.406442
vn 0.072641 -0.085080 0.993723
vn 0.142129 -0.599248 0.787846
vn 0.134396 -0.375608 0.916982
vn 0.151642 -0.018313 0.988266
vn 0.070646 -0.270812 0.960036
vn 0.010052 -0.014272 0.999848
vn -0.375315 0.008621 0.926857
vn -0.198652 0.064860 0.977922
vn -0.185531 0.012547 0.982558
vn -0.126351 0.003454 0.991980
vn -0.262443 0.204774 0.942969
vn -0.603116 0.186651 0.775508
vn -0.589176 0.085781 0.803438
vn -0.511063 0.088494 0.854976
vn -0.426326 0.113886 0.897372
vn -0.716541 0.109838 0.688843
vn 0.199569 0.455928 0.867353
vn 0.233264 0.229310 0.944989
vn 0.117293 0.248089 0.961610
vn 0.005804 0.015421 0.999864
vn 0.043924 0.196903 0.979439
vn 0.059434 0.983442 0.171200
vn 0.173839 0.673133 0.718799
vn 0.156016 0.831544 0.533098
vn 0.111282 0.940371 0.321433
vn 0.126595 0.395541 0.909682
vn 0.127003 0.017244 0.991752
vn 0.233741 0.014661 0.972188
vn 0.180549 0.842900 0.506874
vn 0.229348 0.724441 0.650065
vn 0.270217 0.578573 0.769569
vn 0.312828 0.380154 0.870414
vn 0.329153 0.222163 0.917770
vn 0.338128 0.020895 0.940868
vn 0.126068 0.930461 0.344020
vn 0.063060 0.984565 0.163262
vn 0.248492 0.693194 0.676561
vn 0.201280 0.826944 0.525024
vn 0.319972 0.353670 0.878940
vn 0.289580 0.555527 0.779445
vn 0.340313 0.168402 0.925110
vn 0.343665 0.006503 0.939070
vn 0.900637 -0.043751 0.432365
vn 0.803462 -0.083119 0.589525
vn 0.972786 0.043345 0.227614
vn 0.551200 0.430366 0.714817
vn 0.900682 0.278543 0.333445
vn 0.901995 0.043485 0.429551
vn 0.702552 0.199608 0.683065
vn 0.929893 0.069152 0.361271
vn 0.920873 -0.002490 0.389855
vn 0.826782 0.012090 0.562392
vn 0.894414 0.032999 0.446020
vn 0.573657 0.221998 0.788438
vn 0.603563 0.017395 0.797126
vn 0.231171 0.866480 0.442461
vn 0.998825 0.039066 0.028670
vn 0.954708 0.265084 -0.135139
vn 0.994935 0.084145 -0.054989
vn 0.394161 0.503802 0.768649
vn 0.312191 0.728631 0.609618
vn 0.471874 0.272337 0.838551
vn 0.470362 0.015018 0.882346
vn 0.704437 0.009091 0.709709
vn 0.914008 -0.015391 0.405404
vn 0.943286 -0.039820 -0.329584
vn 0.998760 -0.021267 -0.045013
vn 0.976459 -0.021245 0.214653
vn 0.938343 -0.011947 -0.345498
vn 0.467702 -0.030686 -0.883354
vn 0.674428 -0.021240 -0.738035
vn 0.842378 -0.021244 -0.538468
vn 0.413235 -0.016317 -0.910478
vn 0.205298 -0.105326 -0.973016
vn 0.773071 0.336959 -0.537420
vn 0.795761 0.059832 -0.602648
vn 0.450767 0.002407 -0.892638
vn 0.436618 0.044808 -0.898530
vn 0.634928 0.030375 -0.771974
vn 0.433503 0.109651 -0.894456
vn 0.685848 0.138626 -0.714420
vn 0.485079 0.246499 -0.839009
vn -0.166680 0.476553 -0.863201
vn -0.204463 0.229396 -0.951616
vn -0.053042 0.267049 -0.962222
vn 0.107128 0.026463 -0.993893
vn 0.077064 0.262140 -0.961948
vn 0.273678 0.014303 -0.961715
vn -0.119374 0.879870 -0.459976
vn -0.067531 0.980732 -0.183312
vn -0.118138 0.943217 -0.310461
vn -0.070470 0.467292 -0.881290
vn -0.018361 0.012546 -0.999753
vn -0.209850 0.011923 -0.977661
vn -0.180713 0.842715 -0.507123
vn -0.230327 0.722537 -0.651835
vn -0.148047 0.693471 -0.705110
vn -0.270838 0.578568 -0.769354
vn -0.314339 0.378265 -0.870693
vn -0.329975 0.224537 -0.916897
vn -0.339099 0.021348 -0.940509
vn -0.128664 0.931415 -0.340460
vn -0.059466 0.985229 -0.160584
vn -0.249739 0.693425 -0.675864
vn -0.198888 0.831874 -0.518102
vn -0.320120 0.356392 -0.877786
vn -0.290486 0.555523 -0.779110
vn -0.341545 0.171793 -0.924031
vn -0.344360 0.006712 -0.938814
vn -0.729566 -0.021292 -0.683578
vn -0.602090 -0.081447 -0.794263
vn -0.874540 0.034134 -0.483751
vn -0.473498 0.382000 -0.793647
vn -0.843581 0.145692 -0.516861
vn -0.744789 0.002188 -0.667297
vn -0.639639 0.012438 -0.768574
vn -0.770850 0.018293 -0.636754
vn -0.594678 0.169796 -0.785829
vn -0.799733 0.041473 -0.598922
vn -0.526357 0.227056 -0.819387
vn -0.376361 0.498335 -0.781034
vn -0.288184 0.728752 -0.621185
vn -0.888114 0.148484 -0.434977
vn -0.227911 0.834171 -0.502210
vn -0.968104 0.085280 -0.235590
vn -0.930433 0.127286 -0.343646
vn -0.978247 0.124372 -0.166028
vn -0.922186 0.374449 -0.096746
vn -0.439117 0.271389 -0.856460
vn -0.447394 0.017501 -0.894166
vn -0.545783 0.017304 -0.837748
vn -0.417385 -0.537211 -0.732935
vn -0.606664 -0.172203 -0.776083
vn -0.623240 -0.027995 -0.781530
vn -0.519319 -0.312415 -0.795427
vn -0.517188 -0.013885 -0.855759
vn -0.731447 -0.021182 -0.681570
vn -0.846400 -0.473056 0.244592
vn -0.825076 -0.494041 0.274178
vn -0.873782 -0.126966 -0.469452
vn -0.972516 -0.008231 0.232690
vn -0.786786 -0.001203 -0.617225
vn -0.970117 -0.146126 0.193701
vn -0.926696 -0.287580 0.241932
vn -0.828075 -0.550737 0.104787
vn -0.852644 -0.353579 -0.384681
vn -0.615869 -0.764680 0.189658
vn -0.765186 -0.216511 -0.606312
vn -0.615455 -0.787108 0.040930
vn -0.643897 -0.744482 0.176476
vn -0.219653 -0.975110 -0.030204
vn -0.354661 -0.933543 -0.052088
vn -0.337246 -0.938372 0.075646
vn 0.126570 -0.242210 -0.961933
vn 0.780521 -0.467688 0.414795
vn 0.679336 -0.187409 0.709493
vn -0.098983 -0.994685 -0.028349
vn 0.857222 -0.424484 -0.291519
vn 0.679312 -0.424088 -0.598903
vn 0.358838 -0.287288 -0.888088
vn -0.495383 -0.464219 0.734232
vn -0.252583 -0.298676 0.920323
vn -0.711226 -0.667488 -0.220493
vn -0.948241 -0.288132 0.133485
vn -0.730743 -0.507484 0.456590
vn 0.470641 -0.867718 -0.159880
vn 0.907082 -0.416115 0.063646
vn -0.775586 -0.244387 -0.582014
vn -0.957293 -0.274617 0.090419
vn -0.724410 -0.519956 0.452632
vn -0.119405 -0.976939 0.177008
vn -0.067259 -0.922100 0.381061
vn -0.289777 -0.925686 -0.243176
vn 0.065776 -0.962372 0.263655
vn -0.219097 -0.866162 -0.449177
vn -0.003019 -0.996211 -0.086920
vn 0.187871 -0.968087 -0.165868
vn 0.073666 -0.980529 -0.182035
vn 0.313739 -0.860481 0.401421
vn 0.253375 -0.957945 0.134696
vn 0.982467 -0.173335 0.068650
vn -0.739149 0.038551 -0.672438
vn -0.968999 0.229725 0.090927
vn -0.918070 -0.000719 0.396418
vn -0.971629 -0.001252 0.236507
vn -0.976826 -0.028239 0.212163
vn -0.968095 -0.040597 0.247272
vn -0.962312 -0.048935 0.267510
vn -0.957819 -0.056466 0.281770
vn -0.953750 -0.064409 0.293619
vn -0.946141 -0.040455 0.321219
vn -0.945365 -0.077873 0.316576
vn -0.940268 -0.088529 0.328724
vn -0.939439 -0.014358 0.342416
vn -0.929847 -0.087481 0.357395
vn -0.926351 -0.076653 0.368779
vn -0.922536 -0.068042 0.379865
vn -0.928304 -0.034857 0.370184
vn -0.913976 -0.053093 0.402280
vn -0.908202 -0.044595 0.416150
vn -0.899637 -0.034980 0.435236
vn -0.883147 -0.021376 0.468608
vn -0.132879 0.010554 0.991076
vn -0.700270 0.330153 0.632946
vn -0.118394 0.045165 0.991939
vn 0.321815 0.193424 0.926834
vn 0.107899 0.183255 0.977126
vn 0.350461 0.180144 0.919089
vn 0.570189 0.162828 0.805215
vn 0.749942 0.192658 0.632827
vn 0.899813 0.073229 0.430085
vn 0.925393 0.051318 0.375518
vn 0.939027 0.064199 -0.337797
vn 0.990375 0.057121 -0.126071
vn 0.989259 0.057104 0.134558
vn 0.933489 0.060079 -0.353538
vn 0.438744 0.068771 -0.895977
vn 0.611115 0.057092 -0.789480
vn 0.794772 0.057083 -0.604217
vn 0.407233 0.070647 -0.910588
vn -0.327548 0.188346 -0.925871
vn -0.088839 0.192354 -0.977296
vn 0.156696 0.162711 -0.974152
vn -0.358125 0.177177 -0.916709
vn -0.534818 0.183201 -0.824868
vn -0.724709 0.073439 -0.685130
vn -0.381510 0.046349 -0.923202
vn -0.635561 0.073179 -0.768574
vn -0.758270 0.110109 -0.642576
vn -0.880155 0.064563 -0.470275
vn -0.981157 0.065039 -0.181938
vn -0.989850 0.121449 -0.073800
vn -0.984816 0.109837 0.134438
vn -0.938497 0.064503 0.339208
vn -0.845076 0.109886 0.523232
vn -0.719443 0.064553 0.691545
vn -0.559087 0.109834 0.821802
vn -0.376345 0.064467 0.924234
vn -0.176765 0.109854 0.978103
vn 0.032773 0.064402 0.997386
vn 0.236369 0.109827 0.965437
vn 0.435732 0.064490 0.897763
vn 0.608422 0.110008 0.785952
vn 0.763366 0.064584 0.642730
vn 0.875700 0.110058 0.470145
vn 0.958493 0.064546 0.277715
vn 0.991264 0.109827 0.073029
vn 0.988482 0.064549 -0.136883
vn 0.900498 0.064866 -0.429996
vn 0.843962 0.121149 -0.522542
vn 0.717948 0.109841 -0.687376
vn 0.560118 0.064556 -0.825894
vn 0.376225 0.110005 -0.919975
vn 0.175351 0.064472 -0.982393
vn -0.031629 0.102641 -0.994215
vn -0.236197 0.118200 -0.964489
vn 0.298124 0.046458 0.953396
vn 0.441977 0.111314 0.890093
vn 0.608857 0.109838 0.785639
vn 0.762962 0.064431 0.643225
vn 0.875707 0.109855 0.470181
vn 0.958771 0.064558 0.276751
vn 0.991188 0.109973 0.073840
vn 0.988599 0.064487 -0.136064
vn 0.900443 0.064830 -0.430115
vn 0.843729 0.121223 -0.522902
vn 0.717527 0.110013 -0.687788
vn 0.559694 0.064556 -0.826181
vn 0.376944 0.110019 -0.919679
vn 0.176329 0.064580 -0.982210
vn -0.030686 0.109750 -0.993485
vn -0.239259 0.064450 -0.968814
vn -0.432197 0.109990 -0.895047
vn -0.612447 0.064547 -0.787872
vn -0.758657 0.109902 -0.642153
vn -0.880152 0.064512 -0.470288
vn -0.954366 0.109802 -0.277722
vn -0.995366 0.064490 -0.071333
vn -0.984803 0.110029 0.134376
vn -0.938489 0.064587 0.339216
vn -0.845048 0.109899 0.523275
vn -0.719448 0.064449 0.691549
vn -0.559527 0.109965 0.821485
vn -0.375906 0.064567 0.924406
vn -0.135986 0.073638 0.987970
vn 0.030625 0.110127 0.993446
vn -0.117656 0.991024 0.063471
vn -0.259656 0.964086 0.055827
vn -0.030346 0.959798 0.279048
vn 0.048749 0.950126 0.308032
vn 0.116067 0.933644 0.338877
vn 0.164861 0.884065 0.437322
vn 0.231921 0.926818 0.295333
vn 0.212812 0.963978 0.159552
vn 0.171993 0.981394 0.085344
vn 0.312724 0.940180 0.135150
vn 0.199278 0.979649 0.024006
vn 0.184934 0.982396 -0.026419
vn 0.135209 0.989632 -0.048448
vn 0.148670 0.987349 -0.055127
vn 0.199337 0.967365 -0.156428
vn 0.120370 0.979646 -0.160637
vn 0.083360 0.982257 -0.167995
vn 0.130735 0.944138 -0.302508
vn 0.041970 0.936408 -0.348395
vn -0.042550 0.953705 -0.297719
vn -0.119266 0.933647 -0.337755
vn -0.167355 0.886124 -0.432177
vn -0.170464 0.956978 -0.234809
vn -0.193560 0.963914 -0.182766
vn 0.006913 0.999965 -0.004635
vn 0.063790 0.995804 -0.065610
vn 0.030073 0.998404 -0.047797
vn 0.026762 0.996975 -0.072966
vn 0.022591 0.987225 -0.157721
vn -0.012464 0.982527 -0.185701
vn -0.015437 0.998401 -0.054383
vn -0.118083 0.967562 -0.223339
vn -0.124755 0.980841 -0.149625
vn -0.133455 0.985484 -0.104933
vn -0.145086 0.986855 -0.071190
vn -0.079159 0.996661 -0.020035
vn -0.089885 0.995947 -0.003343
vn -0.032331 0.999461 0.005612
vn -0.057400 0.998086 0.023005
vn -0.049993 0.998188 0.033497
vn -0.066754 0.995394 0.068812
vn -0.001724 0.999995 0.002741
vn -0.011951 0.999399 0.032535
vn -0.004559 0.999484 0.031811
vn 0.003106 0.998924 0.046269
vn 0.012039 0.999025 0.042470
vn 0.008533 0.999833 0.016159
vn 0.019715 0.999526 0.023645
vn 0.035289 0.998994 0.027687
vn 0.046303 0.998668 0.022747
vn 0.002519 0.999997 0.000635
vn 0.029996 0.999549 0.001131
vn 0.028434 0.999583 -0.004941
vn 0.027122 0.999573 -0.010885
vn 0.023973 0.999583 -0.016073
vn 0.002098 0.999995 -0.002163
vn 0.012414 0.999728 -0.019750
vn 0.000822 0.999997 -0.002233
vn 0.004554 0.999484 -0.031795
vn -0.003106 0.998924 -0.046269
vn -0.012038 0.999025 -0.042469
vn -0.008536 0.999833 -0.016163
vn -0.019724 0.999526 -0.023640
vn -0.025717 0.999465 -0.020194
vn -0.043543 0.998823 -0.021366
vn -0.006931 0.999974 -0.001747
vn -0.095853 0.995389 -0.003613
vn -0.087004 0.996094 0.015071
vn -0.042937 0.998929 0.017233
vn -0.055946 0.997728 0.037544
vn -0.028108 0.999187 0.028910
vn -0.039061 0.997306 0.062083
vn -0.039720 0.993325 0.108294
vn -0.024074 0.985480 0.168077
vn 0.013042 0.980854 0.194308
vn 0.069029 0.967520 0.243188
vn 0.026376 0.998404 0.049944
vn 0.119360 0.982508 0.142940
vn 0.125218 0.987232 0.098457
vn 0.133824 0.988822 0.065742
vn 0.069031 0.997463 0.017397
vn 0.053298 0.998577 0.002010
vn 0.093361 0.995501 -0.016155
vn 0.007025 0.999971 -0.002816
vn -0.251170 -0.253186 -0.934243
vn -0.174211 -0.027321 -0.984329
vn -0.087254 -0.379191 -0.921195
vn -0.840231 -0.542184 -0.006987
vn -0.749723 -0.661669 -0.010441
vn -0.700074 -0.659880 -0.272864
vn -0.675589 -0.737208 -0.010208
vn -0.365223 -0.604391 -0.708042
vn -0.522133 -0.592250 -0.613691
vn -0.298234 -0.486956 -0.820933
vn -0.424721 -0.472699 -0.772119
vn -0.596955 -0.762597 -0.249178
vn -0.523703 -0.742688 -0.417313
vn -0.393804 -0.501222 -0.770516
vn -0.008782 -0.580758 -0.814029
vn -0.935797 -0.352431 -0.008759
vn -0.832438 -0.510146 -0.216327
vn -0.672180 -0.603939 -0.428289
vn -0.533136 -0.617602 -0.578216
vn -0.999969 -0.001914 -0.007658
vn -0.999929 -0.000106 -0.011885
vn -0.905170 -0.005325 -0.425016
vn -0.999986 -0.002524 -0.004661
vn -0.929246 -0.093018 -0.357561
vn -0.939051 -0.166746 -0.300630
vn -0.759942 -0.173137 -0.626508
vn -0.746360 -0.326986 -0.579678
vn -0.531446 -0.272121 -0.802194
vn -0.374075 -0.454265 -0.808524
vn -0.018209 -0.335108 -0.942004
vn -0.283042 -0.243962 -0.927561
vn -0.034349 -0.022305 -0.999161
vn -0.399660 -0.026355 -0.916285
vn -0.670148 -0.011547 -0.742138
vn -0.042872 -0.487093 -0.872297
vn 0.988427 -0.151677 -0.002362
vn 0.975338 -0.183980 -0.121934
vn 0.972911 -0.231138 -0.004521
vn 0.840247 -0.399844 -0.366211
vn 0.898842 -0.437914 -0.017728
vn -0.054734 -0.150415 -0.987107
vn -0.072993 -0.002162 -0.997330
vn 0.077523 -0.154146 -0.985002
vn 0.211557 -0.278166 -0.936946
vn 0.203337 -0.230763 -0.951526
vn 0.425625 -0.364007 -0.828458
vn 0.004687 -0.479655 -0.877445
vn -0.006649 -0.363102 -0.931726
vn 0.199664 -0.481875 -0.853189
vn 0.332695 -0.418205 -0.845233
vn 0.522150 -0.463993 -0.715590
vn 0.613869 -0.433520 -0.659716
vn 0.934960 -0.243932 -0.257579
vn 0.804362 -0.362076 -0.471066
vn 0.657218 -0.432258 -0.617428
vn 0.861195 -0.507826 -0.021336
vn 0.783968 -0.526629 -0.328718
vn 0.598847 -0.461017 -0.654863
vn -0.999969 0.002607 -0.007454
vn -0.999991 0.002124 -0.003775
vn -0.928220 0.184275 -0.323187
vn -0.999973 0.000238 -0.007305
vn -0.928821 0.118846 -0.350953
vn -0.933775 0.006774 -0.357797
vn -0.759165 0.199825 -0.619466
vn -0.716816 0.013831 -0.697125
vn -0.532459 0.213172 -0.819173
vn -0.431487 0.020102 -0.901895
vn -0.019689 0.281604 -0.959329
vn -0.280886 0.305422 -0.909846
vn -0.010253 0.498848 -0.866629
vn -0.402068 0.439652 -0.803149
vn -0.675566 0.362132 -0.642240
vn -0.034829 0.010670 -0.999336
vn 0.154627 0.472572 -0.867621
vn 0.269854 0.511816 -0.815612
vn 0.269902 0.413998 -0.869344
vn 0.972304 0.233502 -0.010076
vn 0.899069 0.437575 -0.014281
vn 0.855882 0.417944 -0.304612
vn 0.861033 0.508227 -0.018075
vn 0.609428 0.426988 -0.668041
vn 0.425525 0.386329 -0.818339
vn 0.297231 0.293989 -0.908418
vn 0.505691 0.464849 -0.726768
vn 0.269799 0.282216 -0.920632
vn 0.820563 0.532310 -0.208139
vn 0.736598 0.499412 -0.456082
vn 0.645529 0.500172 -0.577166
vn -0.011784 0.470128 -0.882520
vn -0.029620 0.324236 -0.945513
vn -0.048196 0.155324 -0.986687
vn -0.073983 0.003724 -0.997253
vn 0.987708 0.156057 -0.008861
vn 0.950934 0.215815 -0.221692
vn 0.786846 0.382202 -0.484557
vn 0.667103 0.429256 -0.608862
vn -0.841444 0.540343 -0.000896
vn -0.935184 0.353948 -0.012290
vn -0.780112 0.560879 -0.277201
vn -0.750445 0.660845 -0.010782
vn -0.675589 0.737208 -0.010208
vn -0.683368 0.663380 -0.304852
vn -0.573966 0.618196 -0.537026
vn -0.528344 0.608380 -0.592221
vn -0.339906 0.598482 -0.725454
vn -0.314902 0.485467 -0.815572
vn -0.045873 0.517245 -0.854607
vn -0.120945 0.268551 -0.955642
vn -0.578199 0.737110 -0.349793
vn -0.458021 0.632433 -0.624696
vn -0.302674 0.333980 -0.892662
vn -0.180618 0.012190 -0.983478
vn 0.999987 -0.003188 -0.003936
vn 0.941369 -0.222009 -0.254041
vn 0.932008 -0.152217 -0.328925
vn 0.753001 -0.384696 -0.533853
vn 0.362482 -0.529919 -0.766676
vn 0.746531 -0.244288 -0.618882
vn 0.343556 -0.372463 -0.862114
vn 0.713805 -0.157689 -0.682361
vn 0.323567 -0.194731 -0.925951
vn 0.999978 -0.002248 -0.006182
vn 0.925888 -0.048140 -0.374718
vn 0.999993 -0.000448 -0.003821
vn 0.700253 -0.487983 -0.521075
vn 0.340076 -0.640500 -0.688556
vn 0.014329 -0.679881 -0.733182
vn -0.022067 -0.573890 -0.818635
vn -0.036545 -0.384600 -0.922360
vn -0.071165 -0.183865 -0.980372
vn 0.679980 -0.028559 -0.732675
vn 0.330739 -0.031832 -0.943185
vn -0.075661 -0.022288 -0.996884
vn 0.999991 0.000617 -0.004132
vn 0.928582 0.036698 -0.369307
vn 0.930549 0.133004 -0.341157
vn 0.732334 0.123543 -0.669645
vn 0.323043 0.191316 -0.926845
vn 0.744343 0.279314 -0.606578
vn 0.342145 0.367026 -0.865002
vn 0.730481 0.372734 -0.572247
vn 0.356080 0.527691 -0.771200
vn 0.992882 0.052190 -0.107060
vn 0.909111 0.271016 -0.316335
vn 0.999996 0.001897 -0.002123
vn 0.707812 0.022875 -0.706030
vn 0.366616 0.032726 -0.929797
vn -0.078659 0.020436 -0.996692
vn -0.067766 0.195792 -0.978301
vn -0.031860 0.396886 -0.917315
vn -0.022089 0.575727 -0.817343
vn 0.695156 0.487423 -0.528372
vn 0.417151 0.618429 -0.665981
vn 0.024377 0.681009 -0.731869
vn 0.155482 0.987833 -0.003232
vn 0.109418 0.993995 -0.001481
vn 0.039606 0.997666 -0.055626
vn 0.069984 0.992694 -0.098292
vn 0.124937 0.965466 -0.228616
vn 0.278578 0.960406 -0.003778
vn 0.230178 0.833185 -0.502813
vn 0.580124 0.814524 -0.002668
vn 0.434273 0.702801 -0.563451
vn 0.745576 0.666414 -0.003073
vn 0.707607 0.514058 -0.484805
vn 0.942765 0.333454 -0.001598
vn 0.597865 0.160228 -0.785420
vn 0.686139 0.009596 -0.727408
vn 0.999545 0.030138 -0.001467
vn 0.751145 -0.660131 -0.002907
vn 0.833670 -0.552263 -0.000307
vn 0.744841 -0.316568 -0.587364
vn 0.963818 -0.266554 -0.001813
vn 0.336572 -0.007724 -0.941626
vn 0.981414 -0.191855 -0.004170
vn 0.999990 -0.003901 -0.002349
vn 0.538927 -0.426028 -0.726676
vn 0.427348 -0.648961 -0.629462
vn 0.560439 -0.828193 -0.002118
vn 0.375817 -0.926693 -0.001151
vn 0.350522 -0.804508 -0.479479
vn 0.198637 -0.904599 -0.377151
vn 0.192171 -0.981359 -0.002227
vn 0.170478 -0.955999 -0.238755
vn 0.061530 -0.982919 -0.173447
vn 0.039606 -0.997666 -0.055626
vn 0.088488 -0.996076 -0.001843
vn 0.004355 -0.559855 -0.828579
vn 0.000030 -0.029849 -0.999554
vn 0.002028 -0.256424 -0.966562
vn 0.006150 -0.868604 -0.495469
vn 0.005030 -0.707098 -0.707098
vn 0.011188 -0.998096 -0.060659
vn 0.011962 -0.966642 -0.255853
vn 0.143758 -0.989613 -0.000031
vn 0.495647 -0.839907 -0.221110
vn 0.273438 -0.853359 -0.443857
vn 0.143466 -0.616686 -0.774026
vn 0.007615 -0.336642 -0.941602
vn -0.112234 0.003070 -0.993677
vn 0.631452 -0.685018 -0.363345
vn -0.081014 -0.014632 -0.996606
vn -0.047816 -0.008660 -0.998819
vn -0.043514 -0.408985 -0.911503
vn -0.000178 -0.999891 -0.014733
vn -0.000440 -0.999969 -0.007860
vn -0.019481 -0.927591 -0.373089
vn -0.007573 -0.901417 -0.432887
vn -0.035827 -0.712385 -0.700874
vn -0.009819 -0.671065 -0.741333
vn -0.006913 -0.330676 -0.943719
vn -0.015868 -0.005827 -0.999857
vn 0.040322 -0.923344 -0.381850
vn 0.001670 -0.999936 -0.011218
vn 0.092111 -0.923441 -0.372522
vn 0.003251 -0.999944 -0.010111
vn 0.085552 -0.706180 -0.702845
vn 0.190719 -0.696697 -0.691549
vn 0.125418 -0.418511 -0.899510
vn 0.273611 -0.348564 -0.896460
vn 0.106233 -0.009725 -0.994294
vn 0.246971 -0.004677 -0.969011
vn -0.160645 0.307395 -0.937924
vn -0.071144 0.007987 -0.997434
vn -0.092350 0.361035 -0.927968
vn -0.062615 0.003196 -0.998033
vn -0.048114 0.690430 -0.721797
vn -0.033423 0.360367 -0.932212
vn -0.027066 0.003944 -0.999626
vn -0.139312 0.570494 -0.809400
vn -0.252947 0.623141 -0.740076
vn -0.159069 0.827862 -0.537905
vn -0.280837 0.774760 -0.566460
vn -0.035994 0.929321 -0.367515
vn -0.155509 0.945756 -0.285241
vn -0.033208 0.999435 -0.005159
vn -0.135115 0.990826 -0.002633
vn -0.305097 0.890991 -0.336231
vn -0.298431 0.935389 -0.189704
vn -0.291630 0.956529 -0.002213
vn 0.700466 0.492806 -0.516227
vn 0.843427 0.373327 -0.386339
vn 0.973819 0.161061 -0.160427
vn 0.984071 0.132276 -0.118771
vn 0.326438 0.649797 -0.686441
vn 0.000110 0.681465 -0.731851
vn 0.066784 0.657739 -0.750279
vn 0.049317 0.670092 -0.740638
vn 0.214152 0.726395 -0.653061
vn 0.009779 0.658062 -0.752900
vn 0.005307 0.644606 -0.764497
vn 0.048427 0.802756 -0.594338
vn 0.604623 0.743948 -0.284556
vn 0.439713 0.767428 -0.466589
vn 0.292712 0.861281 -0.415349
vn 0.115628 0.781957 -0.612514
vn 0.050677 0.706170 -0.706226
vn 0.098607 0.913013 -0.395833
vn 0.142713 0.970435 -0.194653
vn 0.353127 0.908607 -0.223011
vn 0.715459 0.691634 -0.098801
vn 0.905178 0.408772 -0.116444
vn 0.792580 0.518904 -0.320243
vn 0.591600 0.635287 -0.496407
vn 0.312236 0.682146 -0.661200
vn 0.186504 0.982453 -0.001798
vn 0.761678 0.609795 -0.219083
vn 0.843144 0.480723 -0.240862
vn 0.930518 0.366161 -0.007885
vn 0.001388 0.558837 -0.829276
vn 0.002735 0.530898 -0.847432
vn 0.371999 0.514560 -0.772558
vn 0.238924 0.717615 -0.654175
vn 0.285576 0.624124 -0.727266
vn 0.600069 0.636905 -0.484014
vn -0.000111 0.600226 -0.799831
vn 0.013006 0.593088 -0.805033
vn 0.493735 0.760542 -0.421666
vn 0.228302 0.973570 -0.006337
vn 0.828784 0.559530 -0.006535
vn 0.650941 0.759116 -0.004175
vn 0.574055 0.790510 -0.213435
vn 0.425577 0.884743 -0.190038
vn 0.319931 0.839488 -0.439209
vn 0.113892 0.864906 -0.488841
vn 0.154486 0.751455 -0.641443
vn 0.143023 0.949080 -0.280700
vn 0.015339 0.633695 -0.773431
vn 0.014523 0.627882 -0.778173
vn 0.027711 0.612845 -0.789717
vn 0.001208 0.631770 -0.775155
vn 0.747588 0.362614 -0.556439
vn 0.683024 0.485644 -0.545553
vn 0.934970 0.203876 -0.290286
vn 0.884804 0.363428 -0.291620
vn 0.999612 0.026758 -0.007686
vn 0.979622 0.200665 -0.008607
vn 0.545568 0.838063 -0.002498
vn 0.007844 0.653321 -0.757040
vn 0.824288 -0.359041 -0.437766
vn 0.939723 -0.222980 -0.259232
vn 0.918077 -0.191003 -0.347350
vn 0.972539 -0.181884 -0.145208
vn 0.996912 -0.078468 -0.003014
vn 0.999959 -0.004493 -0.007809
vn 0.641219 -0.439371 -0.629120
vn 0.002644 -0.504779 -0.863244
vn 0.335771 -0.456864 -0.823731
vn 0.000346 -0.465566 -0.885013
vn 0.384336 -0.390093 -0.836727
vn 0.004924 -0.375055 -0.926989
vn 0.359470 -0.307595 -0.881003
vn 0.005986 -0.354497 -0.935038
vn 0.000861 -0.301784 -0.953376
vn 0.325271 -0.209902 -0.922030
vn 0.001070 -0.210660 -0.977559
vn 0.000678 -0.148563 -0.988903
vn 0.370498 -0.109353 -0.922374
vn 0.001207 -0.065126 -0.997876
vn 0.381964 -0.016357 -0.924032
vn 0.001205 0.016439 -0.999864
vn 0.342659 0.085367 -0.935573
vn 0.000846 0.087246 -0.996186
vn 0.000509 0.164311 -0.986409
vn 0.325191 0.194156 -0.925502
vn 0.000546 0.228086 -0.973641
vn 0.000644 0.269370 -0.963037
vn 0.391014 0.279103 -0.877046
vn 0.002343 0.362368 -0.932032
vn 0.354333 0.371602 -0.858114
vn 0.003496 0.375152 -0.926957
vn 0.000436 0.464264 -0.885697
vn 0.363535 0.442772 -0.819631
vn 0.002383 0.504549 -0.863380
vn 0.999911 0.006439 -0.011712
vn 0.914098 0.199102 -0.353246
vn 0.924435 0.163452 -0.344535
vn 0.999945 0.004146 -0.009603
vn 0.924257 0.126097 -0.360346
vn 0.999932 0.003452 -0.011110
vn 0.924162 0.087202 -0.371916
vn 0.999893 0.002837 -0.014363
vn 0.924204 0.047254 -0.378964
vn 0.999728 0.002068 -0.023251
vn 0.924470 0.006718 -0.381196
vn 0.999800 -0.000354 -0.020008
vn 0.924354 -0.033752 -0.380041
vn 0.999727 -0.002888 -0.023167
vn 0.924178 -0.073991 -0.374727
vn 0.999893 -0.003342 -0.014254
vn 0.924169 -0.113325 -0.364786
vn 0.999932 -0.003842 -0.010981
vn 0.924342 -0.151263 -0.350302
vn 0.999945 -0.004483 -0.009451
vn 0.665749 -0.354807 -0.656422
vn 0.707580 -0.289064 -0.644804
vn 0.707608 -0.218992 -0.671814
vn 0.707133 -0.146555 -0.691725
vn 0.706704 -0.072295 -0.703806
vn 0.707227 0.002721 -0.706981
vn 0.707358 0.077687 -0.702574
vn 0.707107 0.151903 -0.690597
vn 0.707157 0.224331 -0.670526
vn 0.707551 0.294037 -0.642584
vn 0.726398 0.332601 -0.601434
vn 0.338943 -0.523884 -0.781449
vn 0.003588 -0.536767 -0.843723
vn 0.441795 -0.857217 -0.264568
vn 0.314768 -0.862361 -0.396554
vn 0.319014 -0.947729 -0.006257
vn 0.119157 -0.743056 -0.658536
vn 0.059374 -0.775975 -0.627964
vn 0.133782 -0.924875 -0.355962
vn 0.248296 -0.717323 -0.650996
vn 0.182911 -0.983089 -0.008955
vn 0.745865 -0.666093 -0.002288
vn 0.768441 -0.625251 -0.136233
vn 0.570307 -0.821431 -0.000245
vn 0.586274 -0.776962 -0.229376
vn 0.507943 -0.861391 -0.000571
vn 0.944172 -0.329444 -0.002497
vn 0.893205 -0.429253 -0.133890
vn 0.792220 -0.531642 -0.299573
vn 0.767382 -0.515366 -0.381474
vn 0.295414 -0.612603 -0.733108
vn 0.000619 -0.584382 -0.811478
vn 0.005671 -0.644181 -0.764852
vn 0.011417 -0.635185 -0.772276
vn 0.015757 -0.629602 -0.776758
vn 0.002569 -0.634515 -0.772906
vn 0.002048 -0.611516 -0.791229
vn 0.119577 -0.972948 -0.197668
vn 0.078042 -0.860994 -0.502591
vn 0.021822 -0.699764 -0.714040
vn 0.494859 -0.747713 -0.442763
vn 0.539946 -0.617235 -0.572257
vn 0.279497 -0.739917 -0.611885
vn 0.332797 -0.661503 -0.672057
vn 0.589580 -0.634111 -0.500299
vn 0.719871 -0.639933 -0.268836
vn 0.348603 -0.909911 -0.224807
vn 0.292712 -0.861281 -0.415349
vn 0.575483 -0.786378 -0.224564
vn 0.465026 -0.766753 -0.442539
vn 0.105220 -0.657736 -0.745863
vn 0.092095 -0.664253 -0.741813
vn 0.045137 -0.668677 -0.742182
vn 0.104175 -0.774609 -0.623801
vn 0.034004 -0.738822 -0.673042
vn 0.979913 -0.141243 -0.140787
vn 0.846783 -0.427854 -0.316068
vn 0.843267 -0.368989 -0.390831
vn 0.684465 -0.504451 -0.526342
vn 0.851403 -0.472135 -0.228478
vn 0.436020 -0.618998 -0.653244
vn 0.002404 -0.681699 -0.731629
vn -0.202573 -0.020081 -0.979061
vn -0.120460 -0.301396 -0.945859
vn -0.122171 -0.360536 -0.924710
vn -0.011880 -0.614755 -0.788629
vn -0.016388 -0.580805 -0.813877
vn -0.234539 -0.010962 -0.972045
vn -0.026507 -0.281684 -0.959141
vn -0.049137 -0.018034 -0.998629
vn 0.000012 -0.496449 -0.868066
vn -0.003136 -0.487520 -0.873106
vn -0.010436 0.470274 -0.882459
vn -0.024881 0.288156 -0.957260
vn -0.048031 0.025325 -0.998525
vn -0.009132 0.447809 -0.894083
vn -0.044502 -0.404153 -0.913608
vn -0.028555 -0.006191 -0.999573
vn -0.099545 -0.349177 -0.931755
vn -0.043283 -0.008281 -0.999029
vn -0.146114 -0.222619 -0.963894
vn -0.069983 -0.003496 -0.997542
vn -0.047367 -0.704078 -0.708541
vn -0.118014 -0.581201 -0.805157
vn -0.223930 -0.502737 -0.834931
vn -0.258915 -0.602938 -0.754605
vn -0.305112 -0.800197 -0.516325
vn -0.183730 -0.835036 -0.518611
vn -0.315273 -0.907372 -0.277990
vn -0.162180 -0.925865 -0.341280
vn -0.313308 -0.949651 -0.000857
vn -0.185952 -0.982554 -0.003079
vn -0.037827 -0.917984 -0.394810
vn -0.035821 -0.999352 -0.003648
vn -0.109128 0.351875 -0.929664
vn -0.021830 0.607333 -0.794148
vn -0.125452 0.354247 -0.926699
vn -0.017471 0.589356 -0.807685
vn -0.009097 0.591334 -0.806375
vn -0.206262 0.018475 -0.978322
vn -0.229397 0.028512 -0.972915
vn 0.129660 0.972371 -0.194123
vn 0.463346 0.694440 -0.550512
vn -0.000871 0.203106 -0.979156
vn -0.112532 -0.003540 -0.993642
vn 0.106943 0.806106 -0.582028
vn 0.234998 0.462802 -0.854746
vn 0.028745 0.471466 -0.881416
vn 0.131794 0.991277 -0.000522
vn 0.304019 0.947663 -0.097501
vn 0.003956 0.998312 -0.057942
vn 0.013355 0.924513 -0.380917
vn 0.004995 0.747395 -0.664361
vn 0.001548 0.454470 -0.890761
vn 0.000120 0.029896 -0.999553
vn -0.001849 0.011229 -0.999935
vn -0.046157 0.350352 -0.935480
vn -0.010398 0.421550 -0.906745
vn -0.034562 0.678464 -0.733820
vn -0.006377 0.741080 -0.671387
vn -0.017931 0.912156 -0.409450
vn -0.001525 0.943235 -0.332122
vn -0.000448 0.999934 -0.011475
vn -0.000078 0.999980 -0.006301
vn -0.034939 0.005340 -0.999375
vn -0.075071 0.008453 -0.997142
vn 0.494591 0.614417 -0.614712
vn 0.056384 0.923355 -0.379783
vn 0.001186 0.999936 -0.011243
vn 0.002849 0.999928 -0.011660
vn 0.092891 0.706027 -0.702066
vn 0.103020 0.417633 -0.902757
vn 0.245869 0.358867 -0.900424
vn 0.311496 0.005080 -0.950234
vn 0.146060 0.009631 -0.989229
vn 0.119346 0.921956 -0.368447
vn 0.199441 0.712654 -0.672567
vn -0.056890 -0.563394 -0.824228
vn -0.005155 -0.677903 -0.735134
vn -0.015629 -0.627813 -0.778207
vn -0.080279 -0.512110 -0.855160
vn -0.134430 -0.332779 -0.933374
vn -0.190482 -0.126388 -0.973521
vn -0.167173 -0.213147 -0.962612
vn -0.198324 -0.127440 -0.971816
vn -0.089818 -0.270095 -0.958635
vn -0.050540 -0.507417 -0.860217
vn -0.025343 -0.573296 -0.818957
vn -0.012373 -0.663878 -0.747739
vn -0.009264 -0.680006 -0.733148
vn -0.126713 -0.074648 -0.989127
vn -0.008099 0.684617 -0.728858
vn -0.011973 0.664622 -0.747084
vn -0.008487 0.606950 -0.794694
vn -0.038288 0.528266 -0.848215
vn -0.117124 0.418317 -0.900718
vn -0.080148 0.329968 -0.940583
vn -0.134854 0.066371 -0.988640
vn -0.104870 0.161404 -0.981301
vn -0.183362 0.165686 -0.968982
vn -0.179150 0.006827 -0.983798
vn -0.208414 0.108298 -0.972026
vn -0.059407 0.555043 -0.829698
vn -0.099281 0.382368 -0.918661
vn -0.126954 0.373300 -0.918983
vn -0.135416 0.260634 -0.955894
vn -0.007797 0.634739 -0.772687
vn -0.007109 0.672634 -0.739942
vn -0.002210 0.432278 -0.901738
vn -0.002257 0.501487 -0.865162
vn -0.349532 0.447604 -0.823091
vn -0.357360 0.392028 -0.847707
vn -0.094222 0.403030 -0.910323
vn -0.725672 0.314523 -0.611944
vn -0.686960 0.315122 -0.654816
vn -0.843718 0.226518 -0.486651
vn -0.924841 0.176126 -0.337120
vn -0.982009 0.084269 -0.168988
vn -0.999962 0.004065 -0.007739
vn -0.999996 0.001853 -0.002328
vn -0.950556 -0.010239 -0.310386
vn -0.999843 -0.012505 -0.012538
vn -0.846207 -0.007691 -0.532799
vn -0.583094 -0.004487 -0.812392
vn -0.329751 -0.003381 -0.944062
vn -0.081821 -0.001101 -0.996646
vn -0.386565 0.001013 -0.922261
vn -0.033435 0.000439 -0.999441
vn -0.757054 0.003182 -0.653344
vn -0.947424 0.008572 -0.319866
vn -0.999749 0.021479 -0.006367
vn -0.378299 -0.421884 -0.823956
vn -0.006762 -0.499628 -0.866214
vn -0.002318 -0.433087 -0.901349
vn -0.675252 -0.350402 -0.649040
vn -0.898785 -0.203605 -0.388240
vn -0.999981 -0.002814 -0.005407
vn -0.701738 -0.305713 -0.643509
vn -0.843769 -0.235740 -0.482161
vn -0.973894 -0.105397 -0.201052
vn -0.983910 -0.091465 -0.153475
vn -0.999544 -0.029431 -0.006715
vn -0.295005 -0.401432 -0.867078
vn -0.095892 -0.402031 -0.910591
vn 0.010605 0.999664 0.023671
vn 0.010704 0.998125 0.060265
vn 0.999765 0.013713 0.016788
vn 0.924582 0.380981 -0.001306
vn 0.680034 0.733180 0.000699
vn 0.335136 0.942169 0.001304
vn 0.999698 -0.022891 0.008984
vn 0.013166 -0.997941 0.062769
vn 0.416393 -0.909184 -0.000441
vn 0.706025 -0.708171 0.004610
vn 0.894491 -0.447075 0.003190
vn -0.000002 -0.999770 0.021424
vn 0.829776 -0.557989 -0.010955
vn 0.707091 -0.707091 -0.006687
vn 0.695832 -0.674950 -0.245480
vn 0.502800 -0.864391 -0.004417
vn 0.216888 -0.976194 -0.002368
vn 0.365370 -0.919641 -0.144101
vn 0.193276 -0.921982 -0.335550
vn 0.007101 -0.999929 -0.009577
vn 0.291733 -0.921273 -0.257193
vn 0.006182 -0.999972 -0.004171
vn 0.008519 -0.999961 -0.002342
vn 0.024392 -0.999702 -0.000191
vn 0.999815 -0.006990 -0.017901
vn 0.966372 -0.257047 -0.007235
vn 0.968136 -0.009246 -0.250256
vn 0.870498 -0.375459 -0.318218
vn 0.875516 -0.009412 -0.483097
vn 0.771026 -0.012824 -0.636675
vn 0.729169 -0.417112 -0.542523
vn 0.645076 -0.015476 -0.763962
vn 0.520941 -0.427655 -0.738737
vn 0.428528 -0.007326 -0.903499
vn 0.378944 -0.707402 -0.596644
vn 0.554375 -0.702679 -0.445994
vn 0.004403 0.007432 -0.999963
vn 0.147365 0.007378 -0.989055
vn 0.312504 0.007264 -0.949889
vn 0.005073 -0.433442 -0.901167
vn 0.002858 -0.000066 -0.999996
vn 0.104538 -0.083681 -0.990994
vn 0.041099 -0.067028 -0.996904
vn 0.044427 -0.016628 -0.998874
vn 0.007524 -0.029551 -0.999535
vn 0.230003 -0.702056 -0.673955
vn 0.134728 -0.369098 -0.919573
vn 0.385589 -0.003363 -0.922665
vn 0.375279 -0.096291 -0.921897
vn 0.331106 -0.204021 -0.921273
vn 0.242447 -0.304192 -0.921242
vn 0.328423 -0.941598 -0.074378
vn 0.270081 -0.882564 -0.384886
vn 0.495292 -0.778179 -0.386165
vn 0.542007 -0.839841 -0.029938
vn 0.726386 -0.685598 -0.048161
vn 0.721795 -0.550306 -0.419734
vn 0.867394 -0.496254 -0.036870
vn 0.868121 -0.321102 -0.378496
vn 0.956631 -0.290594 -0.020308
vn 0.941480 -0.014942 -0.336737
vn 0.999972 -0.005317 -0.005215
vn 0.722749 -0.011093 -0.691022
vn 0.675810 -0.202774 -0.708635
vn 0.589236 -0.399121 -0.702498
vn 0.419201 -0.574871 -0.702705
vn -0.132249 0.002374 -0.991214
vn -0.148262 -0.003762 -0.988941
vn -0.152191 -0.012100 -0.988277
vn -0.066421 0.074425 -0.995012
vn -0.035467 0.006490 -0.999350
vn -0.071091 0.014550 -0.997364
vn -0.115313 0.006231 -0.993310
vn -0.128599 0.020980 -0.991475
vn -0.167364 -0.038557 -0.985141
vn -0.164215 -0.039319 -0.985641
vn -0.166362 -0.024573 -0.985758
vn -0.184055 0.051244 -0.981579
vn -0.184425 -0.013107 -0.982759
vn -0.213725 0.003999 -0.976886
vn -0.210961 0.006176 -0.977475
vn -0.234015 0.004061 -0.972225
vn -0.216920 -0.012432 -0.976110
vn -0.180307 -0.008292 -0.983575
vn -0.213173 0.001947 -0.977013
vn -0.230730 -0.000016 -0.973018
vn -0.214422 -0.001487 -0.976740
vn -0.212312 0.014274 -0.977098
vn 0.084903 -0.300802 -0.949900
vn -0.389398 -0.379432 -0.839286
vn -0.032903 -0.929193 0.368126
vn 0.209582 -0.931186 -0.298275
vn 0.689607 -0.649671 -0.319953
vn 0.352161 -0.548613 0.758291
vn 0.133325 -0.986639 0.093634
vn 0.810621 -0.581064 0.072513
vn -0.775273 -0.319694 -0.544745
vn -0.770461 -0.633754 -0.068893
vn -0.841465 -0.373337 0.390585
vn -0.495153 -0.509548 0.703694
vn -0.248231 0.008524 -0.968663
vn -0.219567 0.003399 -0.975591
vn -0.304969 0.385021 -0.871064
vn -0.331617 0.878729 -0.343315
vn -0.299230 0.954175 -0.003308
vn -0.136332 0.990625 -0.008663
vn -0.279023 0.427011 -0.860121
vn -0.342668 0.682273 -0.645819
vn -0.259861 0.725141 -0.637685
vn -0.207746 0.883572 -0.419693
vn -0.003316 0.999994 -0.000207
vn -0.171966 0.001417 -0.985102
vn -0.135739 -0.008209 -0.990711
vn -0.112750 0.001293 -0.993623
vn -0.131914 -0.018321 -0.991092
vn -0.110850 -0.012888 -0.993754
vn -0.098420 -0.009993 -0.995095
vn -0.114180 0.031371 -0.992965
vn -0.019854 0.009702 -0.999756
vn -0.119939 0.062753 -0.990796
vn -0.070752 0.066809 -0.995254
vn -0.022743 0.105621 -0.994146
vn -0.082351 0.149884 -0.985268
vn -0.321216 0.888857 -0.326731
vn -0.046021 0.949453 -0.310516
vn -0.041114 0.848438 -0.527696
vn -0.901568 0.298722 -0.312953
vn -0.924784 0.380443 -0.006103
vn -0.817989 0.486379 -0.307132
vn -0.759018 0.651063 -0.002895
vn -0.589223 0.753292 -0.292176
vn -0.438802 0.898570 -0.005098
vn -0.036716 0.999312 -0.005234
vn -0.035684 0.396788 -0.917217
vn -0.126584 0.311178 -0.941884
vn -0.225352 0.308967 -0.923989
vn -0.312754 0.208312 -0.926710
vn -0.387859 0.123966 -0.913344
vn -0.209401 0.541157 -0.814433
vn -0.382942 0.491989 -0.781858
vn -0.517729 0.313694 -0.795960
vn -0.661904 0.182527 -0.727026
vn -0.817340 0.290188 -0.497741
vn -0.716941 0.454579 -0.528538
vn -0.513250 0.691353 -0.508532
vn -0.309412 0.771362 -0.556116
vn -0.034580 0.585291 -0.810086
vn -0.188864 -0.971161 -0.145523
vn -0.192775 -0.981141 -0.014138
vn -0.412621 -0.910688 -0.019793
vn -0.602920 -0.699187 -0.384219
vn -0.368489 -0.653537 -0.661139
vn -0.292357 -0.767002 -0.571170
vn -0.039176 -0.469663 -0.881976
vn -0.017009 -0.414357 -0.909955
vn -0.109984 -0.715384 -0.690021
vn -0.087346 -0.554793 -0.827391
vn -0.144166 -0.876495 -0.459317
vn -0.304143 -0.894547 -0.327540
vn -0.902880 -0.397662 -0.163315
vn -0.800066 -0.436895 -0.411116
vn -0.612283 -0.495604 -0.616024
vn -0.318543 -0.468843 -0.823843
vn -0.141903 -0.421275 -0.895763
vn -0.663484 -0.734261 -0.143700
vn -0.726604 -0.686972 -0.010770
vn -0.941335 -0.337338 -0.009593
vn -0.031377 -0.392484 -0.919223
vn -0.192549 -0.596882 -0.778882
vn -0.005671 0.435659 -0.900094
vn -0.000217 0.373162 -0.927766
vn -0.006140 0.684910 -0.728602
vn -0.002267 0.587681 -0.809089
vn 0.004536 0.644696 -0.764425
vn -0.002928 0.534809 -0.844968
vn -0.006522 0.453420 -0.891273
vn -0.003215 0.494499 -0.869173
vn -0.007487 0.479964 -0.877256
vn -0.001283 0.394762 -0.918782
vn -0.010578 0.370858 -0.928629
vn -0.002592 0.383079 -0.923712
vn -0.040357 0.401756 -0.914857
vn -0.108317 0.400819 -0.909732
vn -0.100272 0.425745 -0.899270
vn -0.043730 0.438258 -0.897785
vn -0.001249 0.356752 -0.934198
vn -0.016384 0.347912 -0.937384
vn -0.016637 0.360281 -0.932695
vn -0.001256 0.290610 -0.956841
vn -0.001158 0.251982 -0.967731
vn -0.001306 0.201692 -0.979448
vn -0.000663 0.144883 -0.989449
vn -0.001341 0.065855 -0.997828
vn -0.001353 -0.018240 -0.999833
vn -0.001103 -0.086796 -0.996225
vn -0.000729 -0.162654 -0.986683
vn -0.001511 -0.228980 -0.973430
vn -0.002262 -0.249715 -0.968317
vn -0.001473 -0.351046 -0.936357
vn -0.000646 -0.361980 -0.932186
vn -0.016217 -0.350103 -0.936571
vn -0.002664 -0.382521 -0.923943
vn -0.029190 -0.343141 -0.938830
vn -0.016033 -0.361716 -0.932150
vn -0.040981 -0.402312 -0.914585
vn -0.014978 -0.420154 -0.907329
vn -0.003183 -0.390828 -0.920458
vn 0.002584 -0.369845 -0.929090
vn -0.004884 -0.438747 -0.898597
vn -0.005625 -0.451629 -0.892188
vn -0.007717 -0.474303 -0.880328
vn -0.009648 -0.493107 -0.869915
vn -0.002807 -0.497422 -0.867504
vn -0.002665 -0.550014 -0.835151
vn 0.004335 -0.645491 -0.763755
vn -0.005981 -0.684711 -0.728790
vn 0.008492 -0.501222 -0.865277
vn 0.010825 -0.435522 -0.900113
vn 0.013183 -0.456541 -0.889604
vn 0.016989 -0.483785 -0.875022
vn 0.009000 0.409410 -0.912306
vn 0.009972 0.439004 -0.898430
vn -0.049501 0.460107 -0.886483
vn 0.015199 0.464767 -0.885303
vn 0.010778 0.489850 -0.871740
vn 0.008780 0.517276 -0.855774
vn -0.978108 0.206879 -0.022501
vn -0.364437 0.445433 -0.817787
vn -0.235446 0.584309 -0.776626
vn -0.853551 0.333293 -0.400459
vn -0.605248 0.493594 -0.624532
vn -0.855441 0.428888 -0.290304
vn -0.729934 0.587936 -0.348609
vn -0.372939 0.664506 -0.647571
vn -0.563010 0.767711 -0.306006
vn -0.252319 0.754206 -0.606225
vn -0.362341 0.890578 -0.274916
vn -0.150383 0.893784 -0.422534
vn -0.182244 0.964795 -0.189624
vn -0.091491 0.601086 -0.793930
vn -0.955799 0.293799 -0.011393
vn -0.851345 0.524289 -0.018242
vn -0.662175 0.749147 -0.017407
vn -0.373973 0.927287 -0.016830
vn -0.210306 0.977568 -0.011537
vn -0.102761 0.743480 -0.660816
vn -0.890211 -0.316854 -0.327302
vn -0.304496 -0.900205 -0.311309
vn -0.393402 -0.919347 -0.005989
vn -0.491280 -0.815932 -0.304793
vn -0.726015 -0.687667 -0.004052
vn -0.756526 -0.585864 -0.290571
vn -0.941859 -0.335977 -0.004496
vn -0.316559 -0.114901 -0.941588
vn -0.157761 -0.070551 -0.984954
vn -0.316027 -0.215602 -0.923928
vn -0.075627 -0.060659 -0.995289
vn -0.216849 -0.304375 -0.927541
vn -0.072562 -0.111566 -0.991104
vn -0.135586 -0.382744 -0.913851
vn -0.042664 -0.106455 -0.993402
vn -0.027439 -0.744758 -0.666770
vn -0.023401 -0.377918 -0.925543
vn -0.019802 -0.005375 -0.999789
vn -0.547525 -0.200705 -0.812363
vn -0.500399 -0.376577 -0.779609
vn -0.322738 -0.511890 -0.796121
vn -0.191944 -0.658105 -0.728049
vn -0.039365 -0.944996 -0.324703
vn -0.296825 -0.813194 -0.500610
vn -0.460583 -0.710686 -0.531779
vn -0.695887 -0.506111 -0.509502
vn -0.774488 -0.302704 -0.555462
vn -0.050303 -0.998714 -0.006265
vn -0.010195 -0.000172 -0.999948
vn -0.094094 -0.002352 -0.995561
vn -0.101279 0.011783 -0.994788
vn -0.111080 0.004787 -0.993800
vn -0.134851 -0.003366 -0.990860
vn -0.146896 0.006384 -0.989131
vn -0.157522 -0.001696 -0.987514
vn -0.151345 0.010096 -0.988429
vn -0.199731 -0.004766 -0.979839
vn -0.229683 -0.003668 -0.973259
vn -0.247692 -0.004353 -0.968829
vn -0.235438 -0.002021 -0.971887
vn -0.136332 -0.990625 -0.008663
vn -0.292326 -0.956303 -0.005532
vn -0.336510 -0.841108 -0.423437
vn -0.218881 -0.875089 -0.431637
vn -0.330697 -0.654209 -0.680183
vn -0.262459 -0.676625 -0.687964
vn -0.293852 -0.339035 -0.893703
vn -0.270923 -0.336389 -0.901911
vn -0.003592 -0.999994 -0.000171
vn -0.015752 -0.005535 -0.999861
vn -0.048203 -0.004809 -0.998826
vn -0.161649 0.041636 -0.985970
vn -0.166135 0.045372 -0.985059
vn -0.130135 -0.015015 -0.991383
vn -0.064161 -0.069444 -0.995520
vn -0.151984 0.016596 -0.988244
vn -0.132783 0.004165 -0.991136
vn -0.147101 -0.000973 -0.989121
vn -0.115674 -0.010338 -0.993233
vn -0.073082 -0.020523 -0.997115
vn -0.214453 -0.001293 -0.976733
vn -0.230997 -0.000001 -0.972954
vn -0.217172 -0.013150 -0.976045
vn -0.212655 -0.003017 -0.977123
vn -0.220610 0.007161 -0.975336
vn -0.218001 -0.014126 -0.975846
vn -0.182114 0.013545 -0.983184
vn -0.185810 0.008631 -0.982548
vn -0.186406 -0.051955 -0.981098
vn -0.165404 0.026142 -0.985879
vn -0.162618 0.043163 -0.985745
vn 0.096990 0.374954 -0.921956
vn 0.016593 0.044015 -0.998893
vn 0.204805 0.330022 -0.921488
vn 0.083795 0.103781 -0.991064
vn 0.304782 0.240432 -0.921575
vn 0.066791 0.040417 -0.996948
vn 0.365517 0.134653 -0.921013
vn 0.031284 0.007150 -0.999485
vn 0.367246 0.008320 -0.930087
vn 0.002070 0.000037 -0.999998
vn 0.954567 0.297556 -0.016163
vn 0.999027 0.037420 -0.023362
vn 0.904066 0.012856 -0.427199
vn 0.876609 0.249100 -0.411711
vn 0.781226 0.490916 -0.385601
vn 0.850816 0.525116 -0.019128
vn 0.672711 0.738665 -0.042820
vn 0.552893 0.719801 -0.419757
vn 0.486891 0.871162 -0.063354
vn 0.322628 0.867729 -0.378097
vn 0.266796 0.961813 -0.061114
vn 0.203628 0.675134 -0.709034
vn 0.400602 0.587304 -0.703272
vn 0.577012 0.415824 -0.702957
vn 0.686071 0.228067 -0.690864
vn 0.670542 0.011110 -0.741788
vn 0.006705 0.705195 -0.708982
vn 0.005538 0.999938 -0.009658
vn 0.052220 0.809900 0.584239
vn 0.621832 0.649937 -0.436929
vn 0.200017 0.979629 -0.017885
vn -0.859577 0.319491 -0.398813
vn -0.770332 0.633908 0.068909
vn 0.020455 0.999791 -0.000321
vn -0.777375 0.312455 0.545949
vn -0.377194 0.445046 0.812193
vn 0.007879 0.999964 -0.003200
vn 0.009195 0.999924 -0.008152
vn 0.664584 0.680563 0.308482
vn 0.175742 0.952227 0.249758
vn -0.531869 0.379662 -0.756949
vn -0.035145 0.918778 -0.393206
vn 0.343380 0.578224 -0.740100
vn 0.105096 -0.007387 -0.994435
vn 0.246113 -0.007219 -0.969214
vn 0.382189 0.924082 -0.002017
vn 0.373491 0.921856 -0.103375
vn 0.321927 0.921232 -0.218390
vn 0.231744 0.920992 -0.313158
vn 0.484029 0.009175 -0.875004
vn 0.504526 0.399917 -0.765193
vn 0.686436 0.009380 -0.727130
vn 0.808900 0.012798 -0.587807
vn 0.707491 0.417417 -0.570279
vn 0.900972 0.015478 -0.433600
vn 0.845559 0.427630 -0.319629
vn 0.981844 0.007391 -0.189548
vn 0.946009 0.323932 -0.011647
vn 0.999984 0.003476 -0.004545
vn 0.745813 0.666126 -0.006301
vn 0.672665 0.707113 -0.217974
vn 0.570385 0.702630 -0.425408
vn 0.403538 0.697733 -0.591882
vn -0.053677 -0.339148 -0.939200
vn 0.305318 -0.869657 -0.387914
vn 0.457062 -0.889293 -0.015853
vn 0.476530 -0.784592 -0.396654
vn 0.553340 -0.832553 -0.025885
vn 0.634287 -0.672555 -0.381247
vn 0.775154 -0.631566 -0.016150
vn 0.600229 -0.799680 -0.015412
vn -0.023102 -0.687989 -0.725353
vn 0.182270 -0.668458 -0.721070
vn 0.041356 -0.400515 -0.915356
vn 0.109246 -0.341575 -0.933484
vn 0.319466 -0.607279 -0.727429
vn 0.237146 -0.326092 -0.915110
vn 0.454306 -0.548201 -0.702198
vn -0.289307 -0.333666 -0.897200
vn -0.135553 -0.379678 -0.915134
vn -0.213825 -0.370065 -0.904064
vn -0.258476 -0.674560 -0.691490
vn -0.398071 -0.917156 -0.019111
vn -0.269602 -0.962337 -0.034947
vn -0.260703 -0.914129 -0.310487
vn -0.283978 -0.958777 -0.010173
vn -0.062398 -0.945770 -0.318788
vn 0.029400 -0.999424 -0.016970
vn 0.119860 -0.914187 -0.387164
vn 0.169499 -0.984962 -0.033452
vn 0.168792 -0.985567 -0.012881
vn -0.436445 -0.868429 -0.235262
vn -0.494592 -0.869052 -0.011258
vn 0.998044 -0.062348 -0.004680
vn 0.997412 0.061888 -0.036605
vn 0.988169 -0.020319 -0.152020
vn 0.027441 0.417748 -0.908148
vn -0.191451 0.425526 -0.884463
vn -0.118147 0.070410 -0.990497
vn -0.660895 -0.539119 -0.522081
vn -0.686994 0.670966 -0.279007
vn -0.755308 0.655032 -0.021036
vn -0.828254 0.515970 -0.218566
vn -0.914582 0.404352 -0.006165
vn -0.926680 0.301234 -0.224773
vn -0.972203 0.122423 -0.199585
vn -0.973189 0.229610 -0.013516
vn -0.999832 -0.005944 -0.017361
vn -0.969913 -0.242969 -0.015299
vn -0.892361 -0.371597 -0.256140
vn -0.608697 0.003833 -0.793394
vn -0.444006 0.061235 -0.893929
vn -0.561359 0.269579 -0.782434
vn -0.350034 0.213427 -0.912099
vn -0.377094 0.376134 -0.846359
vn -0.193423 -0.133180 -0.972034
vn -0.237753 -0.219035 -0.946307
vn -0.348727 -0.228065 -0.909052
vn -0.398729 -0.313021 -0.861994
vn -0.678371 -0.160778 -0.716912
vn -0.413780 -0.417751 -0.808870
vn -0.698278 -0.287502 -0.655554
vn -0.431008 -0.495225 -0.754310
vn -0.903067 -0.094761 -0.418916
vn -0.899144 -0.269209 -0.345059
vn -0.707206 -0.399489 -0.583325
vn -0.368639 -0.588250 -0.719769
vn 0.376174 -0.476113 -0.794865
vn 0.733300 -0.146252 -0.663989
vn 0.629220 -0.017961 -0.777020
vn 0.397490 -0.260173 -0.879950
vn 0.399171 -0.369424 -0.839159
vn 0.688800 -0.344131 -0.638066
vn 0.364459 -0.119983 -0.923457
vn 0.369343 0.200717 -0.907358
vn 0.193143 -0.141009 -0.970985
vn 0.210941 0.246011 -0.946035
vn 0.100132 -0.097792 -0.990157
vn 0.034919 0.061451 -0.997499
vn 0.570905 0.154273 -0.806392
vn 0.455438 0.314690 -0.832794
vn 0.274574 0.478415 -0.834103
vn 0.901637 -0.147938 -0.406404
vn 0.894783 0.445387 -0.031511
vn 0.869936 0.492714 -0.021087
vn 0.892065 0.389360 -0.229388
vn 0.747165 0.602245 -0.281152
vn 0.996312 0.084451 -0.015168
vn 0.965713 0.207557 -0.155941
vn 0.902274 0.076972 -0.424237
vn 0.613729 0.789360 -0.015744
vn 0.571977 0.819120 -0.043409
vn 0.575583 0.771468 -0.271185
vn 0.437823 0.898872 -0.018458
vn 0.329887 0.911637 -0.245139
vn 0.120271 0.992411 -0.025583
vn 0.085419 0.956986 -0.277274
vn -0.166997 0.962337 -0.214522
vn -0.076002 0.997106 0.002065
vn -0.355935 0.933164 -0.050151
vn -0.443470 0.847138 -0.292730
vn -0.381213 0.924128 -0.025788
vn -0.711007 0.702926 -0.019087
vn -0.824384 0.061481 -0.562683
vn -0.906976 0.173874 -0.383617
vn -0.766114 0.249155 -0.592445
vn -0.822438 0.387011 -0.416915
vn -0.637852 0.439177 -0.632667
vn -0.678122 0.585136 -0.444708
vn -0.446998 0.597720 -0.665525
vn -0.471359 0.746888 -0.469019
vn -0.208817 0.697780 -0.685200
vn -0.218713 0.847549 -0.483554
vn 0.054048 0.722300 -0.689465
vn 0.057304 0.872448 -0.485336
vn 0.311225 0.667426 -0.676521
vn 0.328686 0.815580 -0.476230
vn 0.531707 0.541574 -0.651141
vn 0.563524 0.687491 -0.458035
vn 0.698658 0.364479 -0.615656
vn 0.746576 0.507987 -0.429619
vn 0.810895 0.161685 -0.562412
vn 0.863111 0.339581 -0.373796
vn 0.376264 0.926437 -0.011818
vn 0.160955 0.986866 -0.013769
vn 0.142077 0.929839 -0.339431
vn 0.075875 0.996892 -0.021204
vn -0.047799 0.945782 -0.321265
vn 0.017224 0.999752 -0.014103
vn -0.121113 0.992632 -0.003622
vn -0.226807 0.920651 -0.317744
vn -0.320389 0.947169 -0.014918
vn -0.406904 0.862171 -0.301811
vn -0.403151 0.914947 -0.018484
vn -0.490828 0.871238 -0.005764
vn -0.267881 0.698407 -0.663678
vn -0.135337 0.334627 -0.932582
vn -0.030997 0.705815 -0.707718
vn -0.183943 0.371857 -0.909883
vn -0.264685 0.267868 -0.926385
vn 0.052311 0.366256 -0.929043
vn 0.151517 0.358386 -0.921196
vn 0.326553 0.604141 -0.726895
vn -0.044498 0.374228 -0.926269
vn 0.189997 0.668448 -0.719082
vn 0.479637 0.782769 -0.396511
vn 0.638676 0.654194 -0.405122
vn 0.775066 0.631852 -0.005980
vn 0.654577 0.755792 -0.017524
vn 0.198547 0.279536 -0.939382
vn 0.421391 0.502580 -0.754880
vn 0.554912 0.831756 -0.015941
vn 0.308261 0.867933 -0.389445
vn -0.942077 0.011657 -0.335194
vn -0.997442 0.068836 -0.019261
vn -0.974909 -0.221008 -0.026611
vn -0.732867 0.244878 -0.634776
vn -0.655997 0.112619 -0.746314
vn -0.401249 0.325302 -0.856258
vn -0.400535 0.178772 -0.898672
vn -0.326583 0.603690 -0.727257
vn 0.466039 0.443347 -0.765671
vn 0.997147 0.073394 -0.017661
vn 0.958743 -0.283959 -0.013401
vn 0.891166 -0.366229 -0.267768
vn 0.889481 -0.456756 -0.014014
vn 0.745617 -0.622956 -0.236604
vn 0.711737 -0.702417 -0.006290
vn 0.557775 -0.800850 -0.218005
vn 0.884020 -0.006814 -0.467399
vn 0.896236 0.177553 -0.406492
vn 0.767545 0.290847 -0.571212
vn 0.999488 -0.026054 -0.018558
vn 0.986440 -0.019392 -0.162974
vn 0.950501 -0.188901 -0.246708
vn 0.039806 -0.120767 -0.991882
vn 0.253917 -0.267715 -0.929438
vn 0.133467 0.105128 -0.985462
vn 0.375504 -0.135285 -0.916894
vn 0.207445 0.177832 -0.961947
vn 0.356881 0.120370 -0.926362
vn -0.151349 -0.402484 -0.902829
vn 0.065402 -0.451330 -0.889957
vn 0.263360 -0.433932 -0.861594
vn 0.470313 -0.357597 -0.806802
vn 0.561503 -0.096635 -0.821812
vn 0.661184 0.063745 -0.747510
vn 0.387845 0.247038 -0.888002
vn 0.416118 0.359608 -0.835182
vn -0.448428 -0.127288 -0.884709
vn -0.238675 0.185737 -0.953172
vn -0.305294 -0.198996 -0.931233
vn -0.155670 0.142337 -0.977500
vn -0.096227 -0.016454 -0.995223
vn -0.392971 -0.419877 -0.818093
vn -0.542183 -0.228389 -0.808626
vn -0.625073 -0.057787 -0.778424
vn -0.970046 0.241402 -0.027123
vn -0.861035 0.415738 -0.292884
vn -0.919544 0.231307 -0.317703
vn -0.694108 0.410967 -0.591032
vn -0.409451 0.436604 -0.801079
vn -0.407970 0.521319 -0.749524
vn -0.636627 0.542681 -0.547908
vn -0.940714 -0.288793 -0.177921
vn -0.928854 -0.370214 -0.013105
vn -0.832286 -0.512620 -0.211001
vn -0.758789 -0.650700 -0.028787
vn -0.693389 -0.720265 -0.020722
vn -0.686670 -0.678797 -0.260228
vn -0.366543 -0.929727 -0.035413
vn -0.458983 -0.837678 -0.296025
vn -0.319305 -0.947239 -0.027981
vn -0.238900 -0.928288 -0.284970
vn 0.052565 -0.998273 -0.026247
vn 0.039875 -0.966849 -0.252215
vn 0.133899 -0.990599 -0.028007
vn 0.297889 -0.932053 -0.206249
vn 0.412320 -0.910969 -0.011297
vn 0.573790 -0.818775 -0.019301
vn 0.788187 -0.177035 -0.589424
vn 0.865925 -0.298453 -0.401373
vn 0.698954 -0.360780 -0.617496
vn 0.746190 -0.504413 -0.434474
vn 0.532815 -0.536911 -0.654091
vn 0.564452 -0.686224 -0.458792
vn 0.314443 -0.665431 -0.676998
vn 0.329825 -0.814564 -0.477181
vn 0.056939 -0.722327 -0.689204
vn 0.058750 -0.872143 -0.485711
vn -0.206046 -0.699089 -0.684705
vn -0.217783 -0.848262 -0.482723
vn -0.445097 -0.599766 -0.664958
vn -0.470370 -0.749052 -0.466555
vn -0.636981 -0.443422 -0.630580
vn -0.677838 -0.589073 -0.439920
vn -0.767262 -0.255092 -0.588419
vn -0.823149 -0.391392 -0.411385
vn -0.843368 -0.046295 -0.535338
vn -0.908730 -0.213365 -0.358727
vn -0.930922 0.038200 -0.363214
vn 0.701475 0.194731 -0.685574
vn 0.001816 0.087987 -0.996120
vn -0.480952 0.027894 -0.876303
vn -0.413857 0.053393 -0.908775
vn -0.693326 0.175624 -0.698895
vn 0.892109 0.451697 -0.010590
vn 0.809002 0.372627 -0.454604
vn 0.963461 0.267706 -0.008733
vn 0.909177 0.114780 -0.400279
vn 0.992504 0.121908 -0.008626
vn 0.999922 0.003290 -0.012019
vn 0.909781 -0.156291 -0.384540
vn 0.992502 -0.121922 -0.008673
vn 0.674517 -0.617264 -0.404984
vn 0.850390 -0.525970 -0.013894
vn 0.807479 -0.405010 -0.428888
vn 0.905374 -0.424066 -0.021573
vn 0.920952 -0.389616 -0.006910
vn 0.272915 -0.880835 -0.386843
vn 0.493194 -0.869844 -0.011497
vn 0.483440 -0.773796 -0.409298
vn 0.588631 -0.808187 -0.018664
vn 0.623444 -0.781834 -0.007354
vn -0.189541 -0.908651 -0.372059
vn 0.018918 -0.999777 -0.009393
vn 0.040949 -0.920851 -0.387759
vn 0.126088 -0.991984 -0.008372
vn 0.281954 -0.959425 -0.002532
vn -0.872366 -0.347867 -0.343463
vn -0.843516 -0.537077 -0.005470
vn -0.754859 -0.550379 -0.356752
vn -0.750465 -0.660865 -0.007714
vn -0.600225 -0.711534 -0.365307
vn -0.576176 -0.817307 -0.005571
vn -0.407377 -0.835075 -0.369722
vn -0.357619 -0.933837 -0.007581
vn -0.227746 -0.973716 -0.003006
vn -0.966258 0.257439 -0.008363
vn -0.985244 0.171012 -0.006986
vn -0.951866 0.098417 -0.290283
vn -0.998926 -0.046120 -0.004506
vn -0.928610 -0.128034 -0.348268
vn -0.973327 -0.229279 -0.008045
vn -0.945869 -0.324504 -0.005416
vn 0.502399 0.284475 -0.816498
vn 0.613995 0.114859 -0.780908
vn 0.618189 -0.090428 -0.780810
vn 0.567676 -0.286069 -0.771951
vn 0.466504 -0.456449 -0.757647
vn 0.328120 -0.586630 -0.740407
vn 0.167336 -0.670161 -0.723106
vn -0.004039 -0.707000 -0.707202
vn -0.175426 -0.697927 -0.694351
vn -0.337553 -0.647012 -0.683691
vn -0.480928 -0.558872 -0.675552
vn -0.599654 -0.436375 -0.670814
vn -0.685911 -0.288143 -0.668207
vn -0.735860 -0.121962 -0.666060
vn -0.784915 0.060025 -0.616689
vn -0.894927 0.265462 -0.358658
vn 0.194476 0.168575 -0.966313
vn 0.218403 0.079225 -0.972637
vn 0.225011 -0.034355 -0.973750
vn 0.200179 -0.142244 -0.969379
vn 0.151368 -0.238620 -0.959243
vn 0.082498 -0.312483 -0.946334
vn 0.001686 -0.359839 -0.933013
vn -0.084711 -0.380849 -0.920749
vn -0.170410 -0.378199 -0.909905
vn -0.251290 -0.352004 -0.901636
vn -0.323334 -0.306682 -0.895210
vn -0.383505 -0.243766 -0.890787
vn -0.427466 -0.165478 -0.888757
vn -0.453342 -0.077563 -0.887955
vn 0.213581 0.250796 -0.944185
vn 0.511185 0.450969 -0.731653
vn 0.743567 0.562551 -0.361448
vn 0.845710 0.533568 -0.008964
vn -0.006487 -0.602779 -0.797882
vn 0.019778 -0.315696 -0.948654
vn 0.005863 -0.454503 -0.890726
vn 0.044348 -0.347914 -0.936477
vn 0.482029 0.822484 -0.301940
vn 0.568542 0.822602 -0.009284
vn 0.318926 0.918188 -0.234982
vn 0.397310 0.917684 0.000928
vn 0.210345 0.977608 -0.006198
vn 0.058669 0.998024 -0.022476
vn 0.054391 0.929808 -0.364003
vn 0.027751 -0.269334 -0.962647
vn -0.042771 -0.112092 -0.992777
vn 0.144729 0.112272 -0.983081
vn 0.298029 0.306840 -0.903896
vn 0.464535 0.525016 -0.713138
vn 0.678244 0.734755 -0.010963
vn 0.596402 0.678599 -0.428729
vn 0.464309 0.723262 -0.511184
vn 0.300622 0.794189 -0.528101
vn 0.087086 0.696037 -0.712705
vn 0.414547 0.618997 -0.667078
vn 0.306106 0.603235 -0.736482
vn 0.352707 0.417905 -0.837229
vn 0.251569 0.425500 -0.869289
vn 0.258698 0.207973 -0.943304
vn 0.194124 0.160831 -0.967703
vn 0.147927 -0.015758 -0.988873
vn 0.122715 -0.098573 -0.987535
vn 0.042464 -0.096648 -0.994412
vn 0.045418 0.101157 -0.993833
vn 0.065835 0.438512 -0.896311
vn 0.066529 0.997739 -0.009549
vn -0.316526 0.948528 -0.010336
vn -0.221925 0.900263 -0.374535
vn -0.360584 0.932620 -0.014146
vn -0.428855 0.858673 -0.280650
vn -0.211100 0.714623 -0.666896
vn -0.192849 0.471552 -0.860493
vn -0.171287 0.125082 -0.977249
vn -0.122331 -0.050146 -0.991222
vn -0.073139 -0.399453 -0.913831
vn -0.480374 0.662367 -0.574900
vn -0.447063 0.412234 -0.793850
vn -0.378901 0.098817 -0.920146
vn -0.308688 -0.091275 -0.946774
vn -0.184851 -0.398693 -0.898262
vn -0.104980 -0.513081 -0.851896
vn -0.041989 -0.527434 -0.848558
vn -0.827466 0.383209 -0.410429
vn -0.907663 0.419657 -0.005955
vn -0.794640 0.606956 -0.012313
vn -0.480855 0.018963 -0.876595
vn -0.267397 -0.103348 -0.958028
vn -0.203065 -0.317994 -0.926091
vn -0.550500 0.220210 -0.805268
vn -0.464600 -0.002536 -0.885517
vn -0.350658 -0.201554 -0.914557
vn -0.184300 -0.438602 -0.879580
vn -0.753053 0.445716 -0.483992
vn -0.655872 0.616038 -0.436266
vn -0.740841 0.637487 -0.211578
vn -0.603284 0.748333 -0.275767
vn -0.613162 0.789955 -0.001706
vn -0.467289 0.884081 -0.006369
vn -0.624310 0.430921 -0.651571
vn -0.744512 0.667581 -0.006145
vn -0.684045 0.223379 -0.694395
vn -0.659806 0.264472 -0.703357
vn -0.519163 0.019210 -0.854459
vn -0.357941 -0.185535 -0.915126
vn -0.260839 0.145150 -0.954408
vn -0.750801 -0.660481 -0.007956
vn -0.677081 -0.735882 -0.006193
vn -0.752945 -0.616197 -0.231031
vn -0.601840 -0.769577 -0.213399
vn -0.465082 -0.885259 -0.003899
vn -0.349767 -0.936666 -0.017883
vn -0.443148 -0.817311 -0.368270
vn -0.471453 -0.018526 -0.881697
vn -0.344831 0.202799 -0.916496
vn -0.386484 0.139437 -0.911695
vn -0.226641 0.313449 -0.922162
vn -0.570271 -0.258581 -0.779697
vn -0.538426 -0.053814 -0.840953
vn -0.503112 -0.048451 -0.862862
vn -0.470608 -0.066113 -0.879862
vn -0.620922 -0.439177 -0.649292
vn -0.679720 -0.318448 -0.660736
vn -0.684844 -0.223747 -0.693488
vn -0.728036 -0.185260 -0.660032
vn -0.880668 -0.473723 -0.003065
vn -0.839956 -0.411804 -0.353399
vn -0.744462 -0.445044 -0.497707
vn -0.639531 -0.584048 -0.499887
vn -0.477902 -0.579821 -0.659861
vn -0.911822 -0.258417 -0.319063
vn -0.965811 -0.259131 -0.007783
vn -0.185230 0.431004 -0.883134
vn -0.094261 0.552267 -0.828321
vn -0.433492 -0.330473 -0.838375
vn -0.346506 -0.015584 -0.937918
vn -0.285627 0.171390 -0.942890
vn -0.148114 0.439553 -0.885921
vn -0.191912 -0.918076 -0.346852
vn -0.245543 -0.969043 -0.025769
vn -0.259393 -0.965763 -0.004209
vn 0.018835 0.328465 -0.944328
vn -0.160137 0.061618 -0.985170
vn 0.037907 0.014971 -0.999169
vn -0.164788 -0.125387 -0.978327
vn 0.054368 -0.194577 -0.979379
vn -0.212896 -0.466279 -0.858638
vn 0.064303 -0.521012 -0.851124
vn -0.212185 -0.713242 -0.668030
vn 0.086734 -0.778047 -0.622189
vn 0.087433 -0.941007 -0.326896
vn 0.120675 -0.992665 -0.007271
vn 0.012764 0.441572 -0.897135
vn -0.052171 0.498526 -0.865304
vn -0.090169 0.384677 -0.918636
vn -0.016660 0.594126 -0.804200
vn 0.584291 -0.660087 -0.472111
vn 0.709154 -0.557740 -0.431308
vn 0.460046 -0.425927 -0.779066
vn 0.036919 0.215140 -0.975885
vn 0.151528 0.031610 -0.987947
vn 0.140095 -0.036891 -0.989451
vn 0.746104 -0.665814 -0.004434
vn 0.846293 -0.532556 -0.013117
vn 0.426988 -0.583279 -0.690990
vn 0.483061 -0.756642 -0.440618
vn 0.461045 -0.842759 -0.277840
vn 0.543234 -0.839542 -0.008099
vn 0.568942 -0.822122 -0.020499
vn 0.696614 -0.717352 -0.011617
vn 0.288619 -0.281592 -0.915098
vn 0.261498 -0.191498 -0.946017
vn 0.440939 -0.479914 -0.758456
vn 0.337556 -0.379596 -0.861373
vn 0.018906 0.069169 -0.997426
vn 0.060592 -0.112805 -0.991768
vn 0.051448 0.343285 -0.937821
vn 0.243785 -0.969804 -0.007010
vn 0.289685 -0.889085 -0.354417
vn 0.130953 0.089063 -0.987380
vn 0.193549 -0.141746 -0.970797
vn 0.254078 -0.408570 -0.876650
vn 0.287961 -0.630311 -0.720962
vn 0.329744 -0.806583 -0.490605
vn 0.148865 -0.220837 -0.963883
vn 0.219418 -0.173660 -0.960051
vn -0.465706 0.884932 -0.003764
vn -0.722252 0.691571 -0.009027
vn -0.538697 0.763085 -0.357081
vn -0.840923 0.416759 -0.345195
vn -0.945999 0.324061 -0.008427
vn -0.913998 0.195710 -0.355393
vn -0.973780 0.227373 -0.007354
vn -0.929231 -0.056470 -0.365158
vn -0.998934 0.046157 -0.001003
vn -0.985264 -0.170772 -0.009543
vn -0.710391 0.606439 -0.357178
vn -0.754363 0.656312 -0.013791
vn -0.844013 0.536318 -0.002107
vn -0.356421 0.934291 -0.007974
vn -0.338232 0.869630 -0.359643
vn -0.226776 0.973920 -0.007205
vn -0.110736 0.925080 -0.363270
vn 0.019221 0.999799 -0.005691
vn 0.123647 0.992286 -0.008946
vn 0.115228 0.919416 -0.376028
vn 0.280019 0.959965 -0.007565
vn 0.351000 0.857331 -0.376540
vn 0.493994 0.869430 -0.007796
vn 0.576828 0.816804 -0.010023
vn 0.547295 0.735121 -0.400082
vn 0.716577 0.697459 -0.008221
vn 0.731940 0.556560 -0.393071
vn 0.850171 0.526412 -0.009964
vn 0.894080 0.447775 -0.010883
vn 0.840233 0.339048 -0.423148
vn 0.968990 0.246946 -0.008684
vn 0.918900 0.085450 -0.385124
vn 0.999077 0.041711 -0.010292
vn 0.890850 -0.182308 -0.416113
vn 0.992865 -0.118692 -0.011461
vn 0.999884 -0.007745 -0.013112
vn 0.825241 -0.411922 -0.386390
vn 0.900981 -0.433378 -0.020422
vn 0.918079 -0.396332 -0.007178
vn 0.611586 -0.322445 -0.722490
vn 0.616412 -0.104926 -0.780401
vn 0.617873 0.101075 -0.779754
vn 0.560190 0.293858 -0.774490
vn 0.455354 0.461343 -0.761456
vn 0.316092 0.588321 -0.744288
vn 0.154757 0.669392 -0.726611
vn -0.016192 0.703834 -0.710180
vn -0.186072 0.692761 -0.696750
vn -0.345479 0.641063 -0.685334
vn -0.486957 0.549913 -0.678579
vn -0.605575 0.427144 -0.671436
vn -0.690253 0.279366 -0.667462
vn -0.737797 0.112301 -0.665616
vn -0.701775 -0.051722 -0.710519
vn -0.427269 -0.031817 -0.903565
vn -0.456986 0.046829 -0.888240
vn -0.436266 0.136569 -0.889394
vn -0.398699 0.217730 -0.890861
vn -0.343127 0.285004 -0.895006
vn -0.274289 0.336303 -0.900925
vn -0.197643 0.368177 -0.908506
vn -0.114081 0.379035 -0.918324
vn -0.027806 0.367224 -0.929717
vn 0.055450 0.328895 -0.942737
vn 0.129741 0.265166 -0.955434
vn 0.185890 0.175470 -0.966776
vn 0.219354 0.070705 -0.973080
vn 0.223989 -0.041365 -0.973713
vn -0.266361 0.002803 -0.963869
vn -0.985708 -0.006605 -0.168332
vn -0.548936 -0.002914 -0.835859
vn -0.983571 0.003146 -0.180493
vn 0.379204 0.890168 0.252595
vn 0.164061 0.892003 0.421207
vn 0.356610 0.830762 0.427392
vn 0.054760 0.714162 0.697835
vn 0.368834 0.728201 0.577655
vn 0.000953 0.707419 0.706794
vn 0.271144 0.788947 0.551401
vn 0.000721 0.707498 0.706715
vn 0.004540 0.710806 0.703373
vn 0.168932 0.981549 0.089579
vn 0.010626 0.924728 0.380480
vn 0.558663 0.828573 0.036897
vn 0.406215 0.913237 -0.031434
vn 0.002263 0.712909 0.701253
vn 0.000052 0.716217 0.697878
vn 0.576237 0.816338 0.039278
vn 0.528265 0.836416 0.146099
vn 0.780103 0.625552 0.011107
vn 0.624983 0.730506 0.275242
vn 0.928310 0.371808 -0.000539
vn 0.756818 0.607701 0.240677
vn 0.001571 0.709163 0.705043
vn 0.495911 0.721187 0.483696
vn 0.964348 0.263082 -0.028634
vn 0.800782 0.523787 0.290510
vn 0.991790 0.127806 0.004191
vn 0.900289 0.361569 0.242377
vn 0.602225 0.619590 0.503422
vn 0.366382 0.696548 0.616915
vn 0.052316 0.709874 0.702383
vn 0.092701 0.695706 0.712320
vn 0.695392 0.484676 0.530583
vn 0.370510 0.633626 0.679147
vn 0.120645 0.671600 0.731026
vn 0.257593 0.590527 0.764803
vn 0.588071 0.492297 0.641729
vn 0.389457 0.402334 0.828523
vn 0.010914 0.922832 0.385049
vn 0.016153 0.710542 0.703469
vn 0.898560 0.004442 0.438828
vn 0.709512 0.002725 0.704688
vn 0.852103 0.357357 0.382382
vn 0.654120 0.260634 0.710068
vn 0.650243 0.655850 0.383466
vn 0.498039 0.499753 0.708664
vn 0.349758 0.855936 0.380845
vn 0.257526 0.655365 0.710054
vn 0.715990 -0.004930 0.698093
vn 0.946614 -0.004243 0.322340
vn 0.021517 -0.927132 0.374116
vn 0.008328 -0.711147 0.702994
vn 0.357357 -0.852103 0.382382
vn 0.260634 -0.654120 0.710068
vn 0.655850 -0.650243 0.383466
vn 0.499753 -0.498039 0.708664
vn 0.855936 -0.349758 0.380845
vn 0.655365 -0.257526 0.710054
vn 0.013400 -0.717943 0.695973
vn 0.059912 -0.775661 0.628300
vn 0.192968 -0.896326 0.399203
vn 0.003397 -0.715622 0.698479
vn 0.000012 -0.712062 0.702117
vn 0.003904 -0.924903 0.380184
vn 0.023992 -0.715060 0.698651
vn 0.007092 -0.710572 0.703589
vn 0.301634 -0.785044 0.541039
vn 0.360064 -0.830728 0.424552
vn 0.697506 -0.645340 0.311483
vn 0.898584 -0.438220 -0.022586
vn 0.958947 -0.282686 0.022582
vn 0.577370 -0.772209 0.265211
vn 0.670248 -0.742094 0.008045
vn 0.846724 -0.532013 0.004520
vn 0.493513 -0.869634 0.013463
vn 0.127363 -0.983814 0.126047
vn 0.165070 -0.985673 0.034644
vn 0.386525 -0.922200 -0.012065
vn 0.236334 -0.906641 0.349498
vn 0.504559 -0.811559 0.294606
vn 0.551690 -0.712785 0.433100
vn 0.776216 -0.576512 0.255193
vn 0.866870 -0.437119 0.239715
vn 0.986655 -0.162823 -0.000069
vn 0.911501 -0.348329 0.218707
vn 0.778798 -0.509986 0.365224
vn 0.563011 -0.642068 0.520353
vn 0.360781 -0.728885 0.581863
vn 0.343471 -0.700789 0.625237
vn 0.047474 -0.713737 0.698803
vn 0.050680 -0.710928 0.701436
vn 0.286424 -0.586220 0.757830
vn 0.104711 -0.684340 0.721605
vn 0.364376 -0.638139 0.678239
vn 0.095580 -0.695856 0.711793
vn 0.398873 -0.428265 0.810857
vn 0.636004 -0.500941 0.586990
vn 0.485944 0.005724 -0.873971
vn 0.686436 0.009380 -0.727130
vn 0.808900 0.012798 -0.587807
vn 0.900972 0.015478 -0.433600
vn 0.981844 0.007391 -0.189548
vn 0.999949 0.009127 -0.004404
vn 0.784252 -0.552954 -0.281409
vn 0.586271 -0.722657 -0.366132
vn 0.364093 -0.867859 -0.338019
vn 0.999950 -0.008844 -0.004694
vn 0.953600 -0.240911 -0.180582
vn 0.999475 -0.027912 0.016443
vn 0.997783 -0.058180 0.032305
vn 0.946670 -0.204586 0.248920
vn 0.964037 -0.147201 0.221280
vn 0.999881 -0.005658 0.014370
vn 0.796360 -0.333806 0.504365
vn 0.826815 -0.356246 0.435277
vn 0.999982 0.005515 0.002154
vn 0.974179 0.225768 0.001935
vn 0.956393 0.291920 -0.009763
vn 0.857199 0.514977 0.002946
vn 0.827724 0.561074 -0.008346
vn 0.737656 0.675173 0.002463
vn 0.675308 0.737528 -0.003473
vn 0.573554 0.819167 0.001532
vn 0.516010 0.856560 -0.006311
vn 0.300153 0.953890 0.001503
vn 0.231477 0.972840 -0.001268
vn 0.005383 0.999981 0.003054
vn 0.021252 0.999774 -0.000125
vn 0.648774 0.729200 -0.217624
vn 0.848965 0.427177 -0.311093
vn 0.491919 0.373213 -0.786593
vn 0.227041 0.381182 -0.896188
vn 0.707491 0.417417 -0.570279
vn 0.010374 0.999940 -0.003543
vn 0.367342 0.922000 -0.122377
vn 0.321927 0.921232 -0.218390
vn 0.009195 0.999924 -0.008152
vn 0.231744 0.920992 -0.313158
vn 0.005538 0.999938 -0.009658
vn 0.106154 0.934813 -0.338905
vn 0.002027 0.999972 -0.007271
vn 0.570385 0.702630 -0.425408
vn 0.403538 0.697733 -0.591882
vn 0.199441 0.712654 -0.672567
vn 0.097064 0.382277 -0.918936
vn 0.092891 0.706027 -0.702066
vn 0.060147 0.908248 -0.414086
vn 0.000240 0.942615 -0.333881
vn -0.000046 0.999981 -0.006183
vn 0.001873 0.999890 -0.014733
vn -0.012577 0.381305 -0.924364
vn -0.002976 0.738884 -0.673826
vn -0.222470 0.381573 -0.897168
vn -0.198978 0.381556 -0.902676
vn -0.149190 0.425394 -0.892627
vn -0.101553 0.391813 -0.914423
vn -0.051771 0.415809 -0.907977
vn -0.000595 0.999932 -0.011670
vn -0.018032 0.910616 -0.412859
vn -0.035294 0.924021 -0.380708
vn -0.000831 0.999972 -0.007408
vn -0.057119 0.924113 -0.377826
vn -0.001233 0.999973 -0.007212
vn -0.076785 0.924369 -0.373691
vn -0.001405 0.999979 -0.006303
vn -0.089890 0.926099 -0.366417
vn -0.001025 0.999991 -0.004170
vn -0.178790 0.663637 -0.726374
vn -0.147697 0.701353 -0.697344
vn -0.110840 0.707155 -0.698316
vn -0.070570 0.706353 -0.704334
vn -0.034503 0.712652 -0.700669
vn 0.052220 0.809900 0.584239
vn 0.298059 0.855413 0.423590
vn 0.346849 0.924000 0.160998
vn 0.126140 0.991948 -0.011279
vn 0.049954 0.998135 -0.035100
vn 0.201498 0.877943 -0.434298
vn -0.008733 0.995177 -0.097701
vn -0.465056 0.587931 -0.661861
vn -0.804928 0.461107 -0.373458
vn -0.681677 0.729107 0.060979
vn -0.777375 0.312455 0.545949
vn -0.377194 0.445046 0.812193
vn -0.003851 0.999990 0.002305
vn -0.186186 0.982512 0.002104
vn -0.312902 0.949784 0.001294
vn -0.317162 0.948321 -0.009766
vn -0.316629 0.948545 -0.002771
vn -0.348539 0.852096 -0.390452
vn -0.225853 0.368561 -0.901750
vn -0.304932 0.688690 -0.657817
vn -0.325372 0.852559 -0.408995
vn -0.266486 0.319282 -0.909420
vn -0.324283 0.607308 -0.725271
vn -0.011848 0.557176 -0.830310
vn -0.453412 0.829090 -0.327150
vn -0.544436 0.729373 -0.414252
vn -0.266338 0.190060 -0.944956
vn -0.000160 0.030985 -0.999520
vn -0.005820 0.250010 -0.968226
vn -0.021830 0.836347 -0.547765
vn -0.286734 0.932437 -0.219876
vn -0.275654 0.870277 -0.408206
vn -0.013622 0.707041 -0.707041
vn 0.000000 1.000000 0.000000
vn -0.050425 0.997915 -0.040284
vn -0.028853 0.999202 -0.027620
vn -0.114769 0.989152 -0.091687
vn -0.142224 0.984297 -0.104550
vn -0.016094 0.965788 -0.258831
vn -0.855483 0.302656 -0.420176
vn -0.024782 0.999690 0.002333
vn -0.186504 0.982450 0.002827
vn -0.313796 0.949487 0.002393
vn -0.185609 0.714643 -0.674415
vn -0.107818 0.373518 -0.921336
vn -0.509111 0.007818 -0.860665
vn -0.676298 0.004691 -0.736613
vn -0.660018 0.164343 -0.733054
vn -0.210253 0.904532 -0.370966
vn -0.225872 0.974114 -0.009145
vn -0.367216 0.929669 -0.029443
vn -0.405619 0.805242 -0.432503
vn -0.574328 0.818531 -0.012429
vn -0.622269 0.684795 -0.379258
vn -0.740247 0.672221 -0.012382
vn -0.803754 0.458083 -0.379657
vn -0.846550 0.532212 -0.010184
vn -0.875717 0.236340 -0.421026
vn -0.985225 0.169319 -0.025758
vn -0.944493 0.328041 -0.017963
vn -0.999695 0.009249 -0.022895
vn -0.956344 0.011865 -0.292004
vn -0.828536 0.010773 -0.559832
vn -0.025672 0.006517 -0.999649
vn -0.016988 0.000148 -0.999856
vn -0.225792 0.002031 -0.974173
vn -0.375688 0.092834 -0.922085
vn -0.346997 0.166861 -0.922903
vn -0.018252 0.011130 -0.999771
vn -0.285169 0.258432 -0.922980
vn -0.014286 0.015780 -0.999773
vn -0.200072 0.328595 -0.923037
vn -0.012405 0.025830 -0.999589
vn -0.003953 0.019092 -0.999810
vn -0.346122 0.619242 -0.704797
vn -0.507300 0.494547 -0.705740
vn -0.627437 0.330408 -0.705091
vn -0.999938 -0.008609 -0.007023
vn -0.973897 -0.004850 -0.226940
vn -0.861456 -0.010336 -0.507727
vn -0.737335 -0.003733 -0.675517
vn -0.560973 -0.005652 -0.827815
vn -0.295925 -0.001913 -0.955209
vn -0.024625 -0.000080 -0.999697
vn -0.702056 -0.230003 -0.673955
vn -0.369098 -0.134728 -0.919573
vn -0.010219 -0.522643 -0.852490
vn -0.004998 -0.681725 -0.731591
vn -0.203514 -0.652476 -0.729970
vn -0.898188 -0.265200 -0.350610
vn -0.954166 -0.299149 -0.008801
vn -0.894023 -0.447251 -0.026241
vn -0.758294 -0.495192 -0.423999
vn -0.724273 -0.689400 -0.012520
vn -0.552765 -0.747259 -0.368856
vn -0.654463 -0.756019 -0.010615
vn -0.290704 -0.860480 -0.418408
vn -0.222995 -0.974581 -0.021581
vn -0.409471 -0.912231 -0.012991
vn -0.005790 -0.999943 -0.009006
vn -0.011709 -0.957769 -0.287300
vn -0.013414 -0.833553 -0.552277
vn -0.002449 -0.007746 -0.999967
vn -0.000028 -0.002914 -0.999996
vn -0.001813 -0.234782 -0.972046
vn -0.114900 -0.369877 -0.921948
vn -0.204021 -0.331106 -0.921273
vn -0.003915 -0.004890 -0.999980
vn -0.304192 -0.242447 -0.921242
vn -0.003340 -0.002048 -0.999992
vn -0.004183 -0.001065 -0.999991
vn -0.399121 -0.589236 -0.702498
vn -0.574871 -0.419201 -0.702705
vn -0.302809 -0.320586 -0.897514
vn -0.173952 -0.425980 -0.887852
vn -0.220905 -0.760847 -0.610174
vn -0.107020 -0.811872 -0.573943
vn -0.100133 -0.951495 -0.290912
vn -0.035558 -0.982649 -0.182037
vn -0.023077 -0.996609 -0.078987
vn -0.037798 -0.999285 0.000000
vn -0.115555 -0.573777 -0.810819
vn -0.309852 -0.905206 -0.290852
vn -0.246903 -0.530854 -0.810699
vn -0.314970 -0.392615 -0.864087
vn -0.651102 -0.472578 -0.593916
vn -0.922369 -0.385912 -0.017510
vn -0.865207 -0.501314 -0.010024
vn -0.763171 -0.577102 -0.290728
vn -0.282421 -0.768455 -0.574208
vn -0.557545 -0.769924 -0.310420
vn -0.498994 -0.668328 -0.551673
vn -0.999802 -0.017698 -0.009047
vn -0.983975 -0.177871 -0.012428
vn -0.981423 -0.061525 -0.181722
vn -0.895533 -0.276024 -0.349044
vn -0.843238 -0.138356 -0.519429
vn -0.693346 -0.231916 -0.682265
vn -0.851570 -0.427819 -0.302986
vn -0.363981 -0.246006 -0.898331
vn -0.659933 -0.751321 -0.002283
vn -0.345838 -0.938294 0.000398
vn -0.259331 -0.069501 -0.963284
vn -0.730755 -0.133984 -0.669362
vn -0.842352 0.180862 -0.507673
vn -0.974178 0.077007 -0.212245
vn -0.915524 0.075101 -0.395191
vn -0.977376 0.117009 -0.176195
vn -0.998466 0.055235 -0.003840
vn -0.999908 0.002828 -0.013242
vn -0.694571 0.215812 -0.686291
vn -0.353717 0.182304 -0.917414
vn -0.368455 0.105138 -0.923681
vn -0.381208 0.015670 -0.924356
vn -0.341420 -0.082328 -0.936298
vn -0.365434 -0.167193 -0.915699
vn -0.999829 -0.003483 -0.018143
vn -0.924357 -0.072711 -0.374536
vn -0.924476 -0.045139 -0.378560
vn -0.999877 -0.001329 -0.015622
vn -0.924572 -0.006443 -0.380952
vn -0.999984 0.000095 -0.005629
vn -0.924552 0.032275 -0.379686
vn -0.999877 0.001857 -0.015569
vn -0.671326 0.132607 -0.729203
vn -0.707703 0.069162 -0.703116
vn -0.707582 -0.002639 -0.706626
vn -0.707926 -0.074303 -0.702367
vn -0.333298 0.251411 -0.908683
vn -0.139223 0.556958 -0.818789
vn -0.167909 0.881886 -0.440549
vn -0.237636 0.291583 -0.926557
vn -0.332335 0.109226 -0.936815
vn -0.094634 0.935281 -0.341018
vn -0.024761 0.987784 -0.153848
vn -0.023077 0.996609 -0.078987
vn -0.027927 0.999610 0.000841
vn -0.330630 0.380859 -0.863499
vn -0.592136 0.493160 -0.637314
vn -0.454042 0.657845 -0.600904
vn -0.598101 0.694422 -0.400067
vn -0.817096 0.400211 -0.414951
vn -0.272971 0.774001 -0.571322
vn -0.253839 0.521762 -0.814451
vn -0.115344 0.594439 -0.795826
vn -0.934690 0.355461 0.001358
vn -0.895165 0.412446 -0.169022
vn -0.370168 0.928963 -0.001808
vn -0.329775 0.894914 -0.300628
vn -0.706766 0.707425 0.005731
vn -0.664629 0.732742 -0.146144
vn -0.010074 0.915228 -0.402811
vn -0.008956 0.678095 -0.734920
vn -0.005297 0.328948 -0.944333
vn -0.000039 0.004042 -0.999992
vn -0.018896 0.999704 -0.015295
vn -0.536299 0.004181 -0.844018
vn -0.751479 0.003729 -0.659747
vn -0.658928 0.191527 -0.727414
vn -0.011277 0.000143 -0.999936
vn -0.186494 0.000735 -0.982456
vn -0.337039 0.102076 -0.935941
vn -0.004172 0.001561 -0.999990
vn -0.331106 0.204021 -0.921273
vn -0.003541 0.002835 -0.999990
vn -0.242447 0.304192 -0.921242
vn -0.070012 0.114181 -0.990990
vn -0.136231 0.365475 -0.920798
vn -0.000950 0.003732 -0.999993
vn -0.295217 0.955343 -0.012898
vn -0.265362 0.876905 -0.400775
vn -0.447251 0.894023 -0.026241
vn -0.495192 0.758294 -0.423999
vn -0.689400 0.724273 -0.012520
vn -0.747259 0.552765 -0.368856
vn -0.756019 0.654463 -0.010615
vn -0.858747 0.297331 -0.417311
vn -0.974581 0.222995 -0.021581
vn -0.912231 0.409471 -0.012991
vn -0.999700 0.007801 -0.023232
vn -0.978033 0.013470 -0.208017
vn -0.843951 0.013156 -0.536259
vn -0.589236 0.399121 -0.702498
vn -0.419201 0.574871 -0.702705
vn -0.226981 0.681144 -0.696077
vn -0.023917 -0.000109 -0.999714
vn -0.207167 -0.002716 -0.978302
vn -0.843963 -0.008448 -0.536335
vn -0.660929 -0.004686 -0.750434
vn -0.536437 -0.009645 -0.843885
vn -0.999929 -0.009850 -0.006633
vn -0.982424 -0.009681 -0.186411
vn -0.017296 -0.525297 -0.850743
vn -0.009429 -0.684016 -0.729406
vn -0.164343 -0.660018 -0.733054
vn -0.715217 -0.175260 -0.676572
vn -0.370298 -0.109330 -0.922457
vn -0.000791 -0.023463 -0.999724
vn -0.002653 -0.238286 -0.971191
vn -0.082335 -0.347953 -0.933889
vn -0.006114 -0.020603 -0.999769
vn -0.166861 -0.346997 -0.922903
vn -0.011130 -0.018252 -0.999771
vn -0.258432 -0.285169 -0.922980
vn -0.015780 -0.014286 -0.999773
vn -0.328595 -0.200072 -0.923037
vn -0.025830 -0.012405 -0.999589
vn -0.019092 -0.003953 -0.999810
vn -0.974775 -0.222783 -0.013505
vn -0.888246 -0.231644 -0.396686
vn -0.929669 -0.367216 -0.029443
vn -0.805242 -0.405619 -0.432503
vn -0.818531 -0.574328 -0.012429
vn -0.684795 -0.622269 -0.379258
vn -0.672221 -0.740247 -0.012382
vn -0.458083 -0.803754 -0.379657
vn -0.532212 -0.846550 -0.010184
vn -0.236340 -0.875717 -0.421026
vn -0.169319 -0.985225 -0.025758
vn -0.328041 -0.944493 -0.017963
vn -0.008916 -0.999927 -0.008115
vn -0.019623 -0.959691 -0.280372
vn -0.022296 -0.834911 -0.549933
vn -0.619242 -0.346122 -0.704797
vn -0.494547 -0.507300 -0.705740
vn -0.330408 -0.627437 -0.705091
vn -0.563554 -0.632747 -0.531072
vn -0.369271 -0.268168 -0.889789
vn -0.895652 -0.240035 -0.374420
vn -0.470708 -0.846762 -0.247848
vn -0.311872 -0.888837 -0.335715
vn 0.000000 -1.000000 0.000000
vn -0.050425 -0.997915 -0.040284
vn -0.130424 -0.988871 -0.071581
vn -0.195196 -0.960406 -0.198794
vn -0.308486 -0.951227 0.002019
vn -0.134449 -0.990916 0.002835
vn -0.013253 -0.999901 0.004640
vn -0.317117 -0.948367 -0.006145
vn -0.316697 -0.948513 -0.005131
vn -0.336036 -0.862243 -0.378968
vn -0.210699 -0.293775 -0.932364
vn -0.286116 -0.375109 -0.881721
vn -0.353374 -0.873203 -0.335625
vn -0.346751 -0.696509 -0.628202
vn -0.304232 -0.638184 -0.707223
vn -0.313799 -0.949488 0.001858
vn -0.186186 -0.982512 0.002104
vn -0.003759 -0.999992 0.001013
vn -0.220038 -0.383251 -0.897052
vn -0.158125 -0.750974 -0.641120
vn -0.079096 -0.943993 -0.320345
vn -0.001088 -0.999990 -0.004396
vn 0.004171 -0.380976 -0.924576
vn -0.041342 -0.381618 -0.923395
vn -0.086639 -0.426204 -0.900469
vn -0.138385 -0.391216 -0.909835
vn -0.184845 -0.415724 -0.890509
vn -0.001840 -0.999961 -0.008618
vn -0.089198 -0.911118 -0.402377
vn -0.064299 -0.924293 -0.376229
vn -0.000986 -0.999978 -0.006523
vn -0.042586 -0.924034 -0.379931
vn -0.000765 -0.999966 -0.008250
vn -0.022549 -0.924069 -0.381561
vn -0.000390 -0.999957 -0.009249
vn -0.004582 -0.927667 -0.373380
vn -0.000054 -0.999971 -0.007658
vn -0.006270 -0.672758 -0.739836
vn -0.037777 -0.699935 -0.713207
vn -0.073593 -0.706511 -0.703865
vn -0.113911 -0.706660 -0.698323
vn -0.147585 -0.714748 -0.683633
vn 0.135586 -0.380387 -0.914834
vn 0.085550 -0.705908 -0.703118
vn 0.045033 -0.908765 -0.414871
vn 0.090388 -0.931256 -0.352975
vn 0.002028 -0.999972 -0.007271
vn 0.001872 -0.999890 -0.014731
vn 0.289092 -0.378509 -0.879293
vn 0.191424 -0.696714 -0.691337
vn 0.843981 -0.536217 -0.012935
vn 0.707106 -0.707106 -0.001817
vn 0.695832 -0.674950 -0.245480
vn 0.536262 -0.844013 -0.008022
vn 0.257772 -0.966206 -0.000538
vn 0.365370 -0.919641 -0.144101
vn 0.875516 -0.009412 -0.483097
vn 0.967609 -0.005706 -0.252389
vn 0.888649 -0.350028 -0.296282
vn 0.999864 -0.007426 -0.014752
vn 0.965909 -0.258864 -0.003127
vn 0.771026 -0.012824 -0.636675
vn 0.729169 -0.417112 -0.542523
vn 0.645076 -0.015476 -0.763962
vn 0.520941 -0.427655 -0.738737
vn 0.428528 -0.007326 -0.903499
vn 0.008392 -0.999883 -0.012767
vn 0.210549 -0.909186 -0.359234
vn 0.291733 -0.921273 -0.257193
vn 0.006182 -0.999972 -0.004171
vn 0.008519 -0.999961 -0.002342
vn 0.025502 -0.999675 -0.000150
vn 0.378944 -0.707402 -0.596644
vn 0.554375 -0.702679 -0.445994
vn -0.035015 -0.919404 0.391752
vn 0.171130 -0.913747 0.368485
vn 0.260193 -0.948108 0.182733
vn 0.049311 -0.998774 0.004411
vn 0.344169 -0.925229 -0.159682
vn 0.052403 -0.995837 -0.074579
vn 0.073597 -0.562660 -0.823406
vn -0.340530 -0.587659 -0.733959
vn -0.725927 -0.461364 -0.510072
vn -0.681827 -0.728968 -0.060967
vn -0.841465 -0.373337 0.390585
vn -0.495153 -0.509548 0.703694
vn 0.998936 0.045043 0.009945
vn 0.999621 0.025342 0.010757
vn 0.270837 0.675228 -0.686086
vn 0.616102 0.601498 -0.508546
vn 0.779866 0.572731 -0.252561
vn 0.947882 0.298078 -0.112560
vn 0.999959 0.008676 -0.002585
vn 0.999940 -0.010575 0.002900
vn 0.859135 -0.511732 0.004309
vn 0.509989 -0.860170 0.004286
vn 0.007011 -0.999929 0.009635
vn 0.912015 0.283113 0.296776
vn 0.897961 0.252463 0.360457
vn 0.652474 0.297922 0.696793
vn 0.824914 0.206992 0.525995
vn 0.923134 0.112921 0.367522
vn 0.967047 0.097737 0.235091
vn 0.999789 0.009250 0.018323
vn 0.999535 0.015022 0.026524
vn -0.041560 -0.972867 -0.227601
vn -0.522517 -0.831437 -0.188912
vn -0.857248 -0.456736 -0.237735
vn -0.955639 -0.018066 -0.293985
vn 0.401343 -0.882764 -0.244235
vn 0.756291 -0.604654 -0.249834
vn 0.948960 -0.182906 -0.256944
vn 0.914475 0.286437 -0.285813
vn 0.629587 0.638974 -0.441965
vn 0.273092 0.790523 -0.548174
vn -0.165030 0.876862 -0.451528
vn -0.552655 0.698968 -0.453890
vn -0.829905 0.398405 -0.390552
vn 0.943756 0.226796 -0.240601
vn 0.925152 -0.223872 -0.306553
vn 0.742696 0.628285 -0.231646
vn 0.347490 0.901616 -0.257565
vn -0.091022 0.965386 -0.244427
vn -0.540555 0.816480 -0.202882
vn -0.880612 0.422186 -0.215132
vn -0.949850 -0.060401 -0.306817
vn -0.786395 -0.477826 -0.391490
vn -0.450049 -0.764243 -0.461941
vn -0.060019 -0.849923 -0.523478
vn 0.327947 -0.799843 -0.502694
vn 0.671679 -0.594049 -0.442666
vn 0.964943 0.225933 -0.133561
vn 0.960499 -0.212022 -0.180246
vn 0.747196 0.648084 -0.147261
vn 0.300776 0.943318 -0.140303
vn -0.518881 0.843023 -0.141684
vn -0.118397 0.967871 -0.221829
vn -0.862028 0.487457 -0.138900
vn -0.990679 0.029394 -0.133009
vn -0.885281 -0.445573 -0.133199
vn -0.567517 -0.812228 -0.134944
vn -0.114241 -0.983700 -0.138864
vn 0.401755 -0.906525 -0.129634
vn 0.790484 -0.593982 -0.149398
vn -0.990682 -0.029394 -0.132989
vn -0.874385 -0.459437 -0.156105
vn -0.542343 -0.831308 -0.121618
vn 0.320987 -0.932534 -0.165373
vn -0.104148 -0.975843 -0.192051
vn 0.753396 -0.646553 -0.119848
vn 0.968349 -0.187433 -0.164828
vn 0.959925 0.238775 -0.146730
vn 0.757524 0.634407 -0.153898
vn 0.365070 0.919076 -0.148398
vn -0.114151 0.983215 -0.142329
vn -0.540104 0.825593 -0.163349
vn -0.862375 0.492910 -0.115537
vn -0.000542 0.008633 -0.999963
vn -0.006895 0.014094 -0.999877
vn -0.004534 -0.005139 -0.999977
vn -0.001936 -0.005649 -0.999982
vn 0.019859 0.001247 -0.999802
vn 0.012124 0.005932 -0.999909
vn -0.014335 0.012646 -0.999817
vn 0.000075 -0.001196 -0.999999
vn 0.005838 0.017036 -0.999838
vn 0.012012 0.013616 -0.999835
vn -0.020943 0.007176 -0.999755
vn -0.005152 -0.000324 -0.999987
vn -0.009375 -0.004587 -0.999946
vn 0.002520 -0.005151 -0.999984
vn 0.002459 -0.002170 -0.999995
vn 0.031470 -0.010784 -0.999447
vn -0.009904 0.008738 -0.999913
vn -0.001250 0.000428 -0.999999
vn -0.000204 0.003243 -0.999995
vn -0.003243 0.006628 -0.999973
vn -0.002785 -0.008128 -0.999963
vn -0.010721 -0.012153 -0.999869
vn -0.019878 -0.009725 -0.999755
vn 0.005932 -0.012124 -0.999909
vn 0.001247 -0.019859 -0.999802
vn -0.040091 -0.002517 -0.999193
vn 0.001625 0.004742 -0.999987
vn 0.004217 0.004780 -0.999980
vn 0.003640 0.001781 -0.999992
vn 0.019859 0.001247 -0.999802
vn 0.017036 -0.005838 -0.999838
vn 0.013616 -0.012012 -0.999835
vn 0.001088 0.468422 0.883504
vn 0.194506 0.416121 0.888263
vn 0.140171 0.542681 0.828160
vn 0.000003 0.691284 0.722583
vn 0.004437 0.648505 0.761197
vn 0.095970 0.656841 0.747897
vn 0.002869 0.704420 0.709778
vn 0.135941 0.686289 0.714512
vn 0.243739 0.661209 0.709502
vn 0.390555 0.584927 0.710863
vn 0.493816 0.495865 0.714328
vn 0.582753 0.389715 0.713107
vn 0.661209 0.243739 0.709502
vn 0.686289 0.135941 0.714512
vn 0.697555 0.001779 0.716529
vn 0.704542 -0.000948 0.709661
vn 0.686289 -0.135941 0.714512
vn 0.661209 -0.243739 0.709502
vn 0.584927 -0.390555 0.710863
vn 0.495865 -0.493816 0.714328
vn 0.389715 -0.582753 0.713107
vn 0.243739 -0.661209 0.709502
vn 0.135941 -0.686289 0.714512
vn 0.005319 -0.702112 0.712047
vn -0.000003 -0.703875 0.710324
vn 0.075958 -0.654745 0.752024
vn 0.075758 -0.656339 0.750653
vn 0.000890 -0.290292 0.956938
vn 0.000650 -0.553460 0.832876
vn 0.163017 -0.398714 0.902470
vn 0.150128 -0.552754 0.819710
vn 0.900159 -0.150979 0.408557
vn 0.920448 -0.002449 0.390856
vn 0.736674 -0.001415 0.676247
vn 0.728698 -0.120770 0.674103
vn 0.619243 -0.225820 0.752027
vn 0.943803 -0.081602 0.320277
vn 0.999776 -0.000105 0.021155
vn 0.999928 -0.003781 0.011387
vn -0.008643 0.999937 0.007148
vn -0.163269 0.986558 0.006813
vn -0.328017 0.944497 0.018160
vn -0.531524 0.847027 0.005195
vn -0.672264 0.740284 0.006414
vn -0.818561 0.574384 0.006400
vn -0.929420 0.368390 0.021599
vn -0.974321 0.225050 0.007114
vn -0.999946 0.009850 0.003270
vn -0.999895 -0.008044 0.012019
vn -0.975406 -0.220008 0.013370
vn -0.912428 -0.409129 0.009381
vn -0.756606 -0.653850 0.005339
vn -0.689446 -0.724309 0.006358
vn -0.448529 -0.893595 0.017573
vn -0.298094 -0.954513 0.006632
vn -0.019801 -0.999786 0.005954
vn -0.020008 -0.999777 0.006775
vn -0.999974 -0.006037 0.004021
vn -0.942433 -0.334388 0.002157
vn -0.841583 -0.540122 0.002450
vn -0.300182 -0.953851 0.007670
vn -0.523342 -0.852105 0.005530
vn -0.707107 -0.707107 0.000395
vn -0.999898 0.011719 0.008218
vn -0.010875 0.999920 0.006418
vn -0.274497 0.961564 0.006800
vn -0.525167 0.850991 0.003737
vn -0.707107 0.707107 0.000395
vn -0.850998 0.525136 0.005782
vn -0.953914 0.299974 0.007937
vn -0.005667 0.999963 0.006418
vn -0.999960 0.008325 0.003270
vn -0.954513 0.298094 0.006632
vn -0.893595 0.448529 0.017573
vn -0.724309 0.689446 0.006358
vn -0.653850 0.756606 0.005339
vn -0.409129 0.912428 0.009381
vn -0.220008 0.975406 0.013370
vn -0.999885 -0.009528 0.011832
vn -0.025023 -0.999671 0.005663
vn -0.225050 -0.974321 0.007114
vn -0.368390 -0.929420 0.021599
vn -0.574387 -0.818559 0.006440
vn -0.740284 -0.672263 0.006412
vn -0.847027 -0.531524 0.005195
vn -0.944497 -0.328017 0.018160
vn -0.986558 -0.163269 0.006813
vn 0.999913 0.000088 0.013155
vn 0.999831 0.004945 0.017707
vn 0.666399 0.158881 0.728471
vn 0.621619 0.002354 0.783316
vn 0.824594 0.005198 0.565701
vn 0.957251 0.003005 0.289241
vn 0.765604 -0.068515 -0.639654
vn 0.707789 -0.497786 -0.501242
vn 0.364703 -0.784943 -0.500856
vn -0.077201 -0.862666 -0.499848
vn -0.498782 -0.709206 -0.498241
vn -0.787131 -0.365720 -0.496664
vn -0.865720 0.077474 -0.494497
vn -0.712210 0.500895 -0.491795
vn -0.367524 0.791015 -0.489102
vn 0.077917 0.870664 -0.485668
vn 0.504057 0.716705 -0.481934
vn 0.796541 0.370092 -0.478073
vn 0.765604 -0.068515 -0.639654
vn 0.707789 -0.497786 -0.501242
vn 0.364703 -0.784943 -0.500856
vn -0.077201 -0.862666 -0.499848
vn -0.498782 -0.709206 -0.498241
vn -0.787131 -0.365720 -0.496664
vn -0.865720 0.077474 -0.494497
vn -0.712210 0.500895 -0.491795
vn -0.367524 0.791015 -0.489102
vn 0.077917 0.870664 -0.485668
vn 0.504057 0.716705 -0.481934
vn 0.796541 0.370092 -0.478073
vn 0.765896 -0.068456 -0.639310
vn 0.707647 -0.497934 -0.501296
vn 0.364427 -0.785110 -0.500794
vn -0.077201 -0.862666 -0.499848
vn -0.498276 -0.709494 -0.498337
vn -0.787303 -0.365635 -0.496452
vn -0.865864 0.077392 -0.494256
vn -0.712068 0.501045 -0.491846
vn -0.367255 0.791204 -0.488999
vn 0.077917 0.870664 -0.485668
vn 0.503529 0.716974 -0.482085
vn 0.796709 0.370003 -0.477862
vn 0.765896 -0.068456 -0.639310
vn 0.707647 -0.497934 -0.501296
vn 0.364427 -0.785110 -0.500794
vn -0.077201 -0.862666 -0.499848
vn -0.498276 -0.709494 -0.498337
vn -0.787303 -0.365635 -0.496452
vn -0.865864 0.077392 -0.494256
vn -0.712068 0.501045 -0.491846
vn -0.367255 0.791204 -0.488999
vn 0.077917 0.870664 -0.485668
vn 0.503529 0.716974 -0.482085
vn 0.796709 0.370003 -0.477862
vn -0.376042 0.023913 -0.926294
vn -0.338636 0.166312 -0.926102
vn -0.249025 0.283105 -0.926195
vn -0.121786 0.356947 -0.926152
vn 0.023913 0.376042 -0.926294
vn 0.166312 0.338636 -0.926102
vn 0.283105 0.249025 -0.926195
vn 0.356947 0.121786 -0.926152
vn 0.376042 -0.023913 -0.926294
vn 0.338636 -0.166312 -0.926102
vn 0.249025 -0.283105 -0.926195
vn 0.121786 -0.356947 -0.926152
vn -0.023913 -0.376042 -0.926294
vn -0.166312 -0.338636 -0.926102
vn -0.283105 -0.249025 -0.926195
vn -0.356947 -0.121786 -0.926152
vn -0.831564 0.555428 -0.001070
vn -0.879354 0.332483 -0.340870
vn -0.710456 0.703545 -0.016665
vn -0.670726 0.640382 -0.374217
vn -0.555410 0.831491 -0.011919
vn -0.390384 0.836478 -0.384583
vn -0.257361 0.966147 -0.018052
vn -0.061995 0.921254 -0.383988
vn 0.006345 0.999835 -0.017017
vn 0.332483 0.879354 -0.340870
vn 0.258968 0.965784 -0.014003
vn 0.831564 -0.555428 -0.001278
vn 0.965704 -0.259265 -0.014041
vn 0.879228 -0.332435 -0.341242
vn 0.999835 -0.006345 -0.017017
vn 0.921254 0.061995 -0.383988
vn 0.966147 0.257361 -0.018052
vn 0.836478 0.390384 -0.384583
vn 0.831491 0.555410 -0.011919
vn 0.640382 0.670726 -0.374217
vn 0.703545 0.710456 -0.016665
vn 0.555428 0.831564 -0.001070
vn 0.711028 -0.702963 -0.016812
vn 0.670726 -0.640382 -0.374217
vn 0.555410 -0.831491 -0.011919
vn 0.390384 -0.836478 -0.384583
vn 0.257361 -0.966147 -0.018052
vn 0.061995 -0.921254 -0.383988
vn -0.006345 -0.999835 -0.017017
vn -0.332483 -0.879354 -0.340870
vn -0.258968 -0.965784 -0.014003
vn -0.965784 0.258968 -0.014003
vn -0.999835 0.006345 -0.017017
vn -0.921254 -0.061995 -0.383988
vn -0.966069 -0.257649 -0.018094
vn -0.836238 -0.390395 -0.385094
vn -0.831489 -0.555409 -0.012114
vn -0.640397 -0.670481 -0.374629
vn -0.704129 -0.709875 -0.016732
vn -0.555428 -0.831564 -0.001070
vn 0.702989 -0.006622 -0.711170
vn 0.646820 -0.274894 -0.711377
vn 0.492629 -0.502055 -0.710815
vn 0.262799 -0.652892 -0.710400
vn -0.006622 -0.702989 -0.711170
vn -0.274894 -0.646820 -0.711377
vn -0.502055 -0.492629 -0.710815
vn -0.652892 -0.262799 -0.710400
vn -0.702989 0.006622 -0.711170
vn -0.646820 0.274894 -0.711377
vn -0.492629 0.502055 -0.710815
vn -0.262799 0.652892 -0.710400
vn 0.006622 0.702989 -0.711170
vn 0.274894 0.646820 -0.711377
vn 0.502055 0.492629 -0.710815
vn 0.652892 0.262799 -0.710400
vn -0.376042 0.023913 -0.926294
vn -0.338636 0.166312 -0.926102
vn -0.249025 0.283105 -0.926195
vn -0.121786 0.356947 -0.926152
vn 0.023913 0.376042 -0.926294
vn 0.166312 0.338636 -0.926102
vn 0.283105 0.249025 -0.926195
vn 0.356947 0.121786 -0.926152
vn 0.376042 -0.023913 -0.926294
vn 0.338636 -0.166312 -0.926102
vn 0.249025 -0.283105 -0.926195
vn 0.121786 -0.356947 -0.926152
vn -0.023913 -0.376042 -0.926294
vn -0.166312 -0.338636 -0.926102
vn -0.283105 -0.249025 -0.926195
vn -0.356947 -0.121786 -0.926152
vn -0.831564 0.555428 -0.001278
vn -0.879228 0.332435 -0.341242
vn -0.711028 0.702963 -0.016812
vn -0.670726 0.640382 -0.374217
vn -0.555410 0.831491 -0.011919
vn -0.390384 0.836478 -0.384583
vn -0.257361 0.966147 -0.018052
vn -0.061995 0.921254 -0.383988
vn 0.006345 0.999835 -0.017017
vn 0.332483 0.879354 -0.340870
vn 0.258968 0.965784 -0.014003
vn 0.831564 -0.555428 -0.001070
vn 0.965784 -0.258968 -0.014003
vn 0.879354 -0.332483 -0.340870
vn 0.999835 -0.006345 -0.017017
vn 0.921254 0.061995 -0.383988
vn 0.966069 0.257649 -0.018094
vn 0.836238 0.390395 -0.385094
vn 0.831489 0.555409 -0.012114
vn 0.640397 0.670481 -0.374629
vn 0.704129 0.709875 -0.016732
vn 0.555428 0.831564 -0.001070
vn 0.710456 -0.703545 -0.016665
vn 0.670726 -0.640382 -0.374217
vn 0.555410 -0.831491 -0.011919
vn 0.390384 -0.836478 -0.384583
vn 0.257361 -0.966147 -0.018052
vn 0.061995 -0.921254 -0.383988
vn -0.006345 -0.999835 -0.017017
vn -0.332483 -0.879354 -0.340870
vn -0.258968 -0.965784 -0.014003
vn -0.965704 0.259265 -0.014041
vn -0.999835 0.006345 -0.017017
vn -0.921254 -0.061995 -0.383988
vn -0.966147 -0.257361 -0.018052
vn -0.836478 -0.390384 -0.384583
vn -0.831491 -0.555410 -0.011919
vn -0.640382 -0.670726 -0.374217
vn -0.703545 -0.710456 -0.016665
vn -0.555428 -0.831564 -0.001070
vn 0.702989 -0.006622 -0.711170
vn 0.646820 -0.274894 -0.711377
vn 0.492629 -0.502055 -0.710815
vn 0.262799 -0.652892 -0.710400
vn -0.006622 -0.702989 -0.711170
vn -0.274894 -0.646820 -0.711377
vn -0.502055 -0.492629 -0.710815
vn -0.652892 -0.262799 -0.710400
vn -0.702989 0.006622 -0.711170
vn -0.646820 0.274894 -0.711377
vn -0.492629 0.502055 -0.710815
vn -0.262799 0.652892 -0.710400
vn 0.006622 0.702989 -0.711170
vn 0.274894 0.646820 -0.711377
vn 0.502055 0.492629 -0.710815
vn 0.652892 0.262799 -0.710400
vn 0.099341 0.215305 0.971481
vn 0.000057 0.194043 0.980993
vn 0.017778 0.051546 0.998512
vn 0.000002 0.002384 0.999997
vn 0.324715 0.212681 0.921589
vn 0.122976 0.084878 0.988773
vn 0.002811 0.420982 0.907065
vn 0.000128 0.012437 0.999923
vn 0.099900 0.395745 0.912911
vn 0.000421 0.001427 0.999999
vn 0.203985 0.361793 0.909668
vn 0.002085 0.003441 0.999992
vn 0.275107 0.263155 0.924698
vn 0.000904 0.000822 0.999999
vn 0.337416 0.187391 0.922516
vn 0.003381 0.001632 0.999993
vn 0.382293 0.105852 0.917958
vn 0.003217 0.000676 0.999995
vn 0.321378 0.001340 0.946950
vn 0.001542 0.000004 0.999999
vn 0.441627 -0.001172 0.897198
vn 0.003059 -0.000008 0.999995
vn 0.395745 -0.099900 0.912911
vn 0.003495 -0.001031 0.999993
vn 0.361793 -0.203985 0.909668
vn 0.001046 -0.000634 0.999999
vn 0.263155 -0.275107 0.924698
vn 0.002172 -0.002390 0.999995
vn 0.187391 -0.337416 0.922516
vn 0.001749 -0.003623 0.999992
vn 0.105852 -0.382293 0.917958
vn 0.000276 -0.001312 0.999999
vn 0.002830 -0.381130 0.924517
vn 0.000071 -0.008990 0.999960
vn 0.000028 -0.093490 0.995620
vn 0.258767 -0.226701 0.938960
vn 0.143034 -0.119814 0.982439
vn 0.051718 -0.058073 0.996972
vn 0.136799 -0.251234 0.958211
vn 0.577260 -0.002012 0.816558
vn 0.290946 -0.000817 0.956739
vn 0.364520 -0.114047 0.924185
vn 0.004057 -0.000002 0.999992
vn 0.143437 -0.045088 0.988632
vn 0.002892 0.000016 0.999996
vn 0.229279 0.000475 0.973361
vn 0.526572 0.003378 0.850124
vn 0.676143 0.001874 0.736768
vn 0.816994 0.004465 0.576629
vn 0.966998 0.003466 0.254761
vn 0.851589 0.351515 0.388887
vn 0.370588 0.853731 0.365798
vn 0.677680 0.615144 0.402923
vn 0.676426 0.289057 0.677417
vn 0.492071 0.515933 0.701199
vn 0.258167 0.642123 0.721823
vn 0.364378 0.169273 0.915738
vn 0.001019 0.975273 0.220999
vn 0.001997 0.855325 0.518089
vn 0.000713 0.737008 0.675884
vn 0.001031 0.576980 0.816758
vn 0.267631 0.294517 0.917406
vn 0.144500 0.333756 0.931518
vn 0.000390 0.298159 0.954516
vn 0.003287 0.001683 0.999993
vn 0.002207 0.002596 0.999994
vn 0.001124 0.003474 0.999993
vn 0.000004 0.004868 0.999988
vn -0.000022 0.004196 0.999991
vn -0.000373 0.229563 0.973294
vn -0.002500 0.518913 0.854824
vn -0.001357 0.676481 0.736459
vn -0.003117 0.823827 0.566833
vn -0.003704 0.957439 0.288613
vn -0.053155 0.348520 0.935793
vn -0.000123 0.000645 1.000000
vn -0.001399 0.004227 0.999990
vn -0.066176 0.202572 0.977029
vn -0.166131 0.512349 0.842555
vn -0.119575 0.698026 0.706018
vn -0.206721 0.626571 0.751449
vn -0.262510 0.799133 0.540810
vn -0.143874 0.911006 0.386483
vn -0.306640 0.933355 0.186604
vn -0.000596 0.001841 0.999998
vn -0.057687 0.174535 0.982960
vn -0.168948 0.514180 0.840878
vn -0.234526 0.714138 0.659548
vn -0.302335 0.929248 0.212347
vn -0.262656 0.799060 0.540846
vn -0.006128 0.857940 0.513713
vn -0.007642 0.721846 0.692012
vn -0.108374 0.701865 0.704018
vn -0.054933 0.377327 0.924450
vn -0.001495 0.011098 0.999937
vn -0.003000 0.285676 0.958322
vn -0.000044 0.007193 0.999974
vn -0.003297 0.565657 0.824634
vn -0.013633 0.970164 0.242065
vn -0.160533 0.893023 0.420403
vn -0.000360 0.014656 0.999893
vn -0.002252 0.223721 0.974651
vn -0.011050 0.516295 0.856339
vn -0.007066 0.678738 0.734347
vn -0.015167 0.826131 0.563274
vn -0.017410 0.957909 0.286544
vn -0.163003 0.661057 0.732416
vn -0.234826 0.857760 0.457279
vn -0.857569 0.011886 0.514231
vn -0.735276 0.004741 0.677751
vn -0.714562 0.183221 0.675152
vn -0.565118 0.006725 0.824983
vn -0.290076 0.002603 0.957000
vn -0.372109 0.106373 0.922074
vn -0.080655 0.346019 0.934754
vn -0.010239 0.034604 0.999349
vn -0.166408 0.345689 0.923476
vn -0.041214 0.067763 0.996850
vn -0.257559 0.284022 0.923577
vn -0.001016 0.000921 0.999999
vn -0.327694 0.199178 0.923550
vn -0.009064 0.004359 0.999949
vn -0.006481 0.001348 0.999978
vn -0.010671 0.000052 0.999943
vn -0.975137 0.009673 0.221391
vn -0.872071 0.220354 0.436962
vn -0.791974 0.398874 0.462251
vn -0.685420 0.622530 0.377699
vn -0.465755 0.777367 0.422816
vn -0.619607 0.345381 0.704840
vn -0.495486 0.506859 0.705399
vn -0.330960 0.626807 0.705392
vn -0.956113 -0.010167 0.292822
vn -0.824295 -0.008843 0.566092
vn -0.677018 -0.003897 0.735956
vn -0.513087 -0.006486 0.858312
vn -0.222028 -0.001209 0.975039
vn -0.001660 -0.000024 0.999999
vn -0.651271 -0.200370 0.731914
vn -0.013135 -0.857676 0.514023
vn -0.005127 -0.735576 0.677423
vn -0.225075 -0.700265 0.677473
vn -0.007371 -0.565537 0.824690
vn -0.002757 -0.291751 0.956490
vn -0.131848 -0.367074 0.920800
vn -0.342180 -0.099677 0.934333
vn -0.001900 -0.000706 0.999998
vn -0.328564 -0.202817 0.922448
vn -0.001459 -0.001162 0.999998
vn -0.239999 -0.301922 0.922629
vn -0.001029 -0.001669 0.999998
vn -0.000537 -0.002087 0.999998
vn -0.000018 -0.003616 0.999993
vn -0.010611 -0.975218 0.220991
vn -0.280108 -0.872243 0.400914
vn -0.489057 -0.750563 0.444385
vn -0.741808 -0.549236 0.384786
vn -0.859030 -0.288620 0.422807
vn -0.586261 -0.399031 0.705034
vn -0.416185 -0.574415 0.704867
vn -0.013205 -0.956618 0.291046
vn -0.010755 -0.824777 0.565357
vn -0.005402 -0.677546 0.735461
vn -0.007955 -0.514193 0.857638
vn -0.001820 -0.222677 0.974891
vn -0.000045 -0.002070 0.999998
vn -0.194244 -0.647808 0.736624
vn -0.308139 -0.869446 0.386152
vn -0.094765 -0.339109 0.935962
vn -0.000982 -0.002660 0.999996
vn -0.200096 -0.322218 0.925277
vn -0.001840 -0.002327 0.999996
vn -0.296905 -0.235159 0.925498
vn -0.003332 -0.002070 0.999992
vn -0.381814 -0.123938 0.915892
vn -0.006300 -0.001638 0.999979
vn -0.039768 -0.000098 0.999209
vn -0.212172 -0.001447 0.977231
vn -0.541700 -0.002393 0.840569
vn -0.658190 -0.002962 0.752846
vn -0.983149 -0.004223 0.182755
vn -0.881818 -0.274021 0.383810
vn -0.798264 -0.506312 0.326226
vn -0.569352 -0.743883 0.349968
vn -0.399460 -0.581160 0.709002
vn -0.572965 -0.412028 0.708480
vn -0.717438 -0.228631 0.658036
vn -0.840565 -0.003613 0.541698
vn -0.977151 0.007145 0.212427
vn -0.541686 0.002391 0.840578
vn -0.752767 0.003388 0.658279
vn -0.840566 0.003518 0.541698
vn -0.023526 0.000214 0.999723
vn -0.182878 0.000476 0.983135
vn -0.333462 0.098226 0.937633
vn -0.006623 0.002445 0.999975
vn -0.322218 0.200096 0.925277
vn -0.003077 0.002433 0.999992
vn -0.235159 0.296905 0.925498
vn -0.001566 0.002521 0.999996
vn -0.123007 0.381859 0.915999
vn -0.000657 0.002525 0.999997
vn -0.000023 0.003605 0.999994
vn -0.003224 0.290215 0.956956
vn -0.003488 0.566549 0.824021
vn -0.008056 0.727559 0.685998
vn -0.014203 0.972136 0.233987
vn -0.006290 0.858684 0.512466
vn -0.226318 0.720724 0.655238
vn -0.278148 0.880802 0.383174
vn -0.506312 0.798264 0.326226
vn -0.743883 0.569352 0.349968
vn -0.865541 0.292911 0.406253
vn -0.624792 0.198191 0.755218
vn -0.581160 0.399460 0.709002
vn -0.412028 0.572965 0.708480
vn -0.013217 0.956608 0.291079
vn -0.011507 0.824664 0.565507
vn -0.005127 0.677423 0.735576
vn -0.008418 0.513840 0.857844
vn -0.001593 0.222411 0.974952
vn -0.000037 0.002035 0.999998
vn -0.200370 0.651271 0.731914
vn -0.858188 0.010130 0.513235
vn -0.735956 0.003897 0.677018
vn -0.700265 0.225075 0.677473
vn -0.566113 0.005660 0.824308
vn -0.293347 0.002116 0.956004
vn -0.367074 0.131848 0.920800
vn -0.099677 0.342180 0.934333
vn -0.000819 0.002205 0.999997
vn -0.202817 0.328564 0.922448
vn -0.001223 0.001535 0.999998
vn -0.301922 0.239999 0.922629
vn -0.001587 0.000978 0.999998
vn -0.001798 0.000463 0.999998
vn -0.003029 0.000011 0.999995
vn -0.975250 0.008122 0.220954
vn -0.872243 0.280108 0.400914
vn -0.750563 0.489057 0.444385
vn -0.549236 0.741808 0.384786
vn -0.288620 0.859030 0.422807
vn -0.399031 0.586261 0.705034
vn -0.574415 0.416185 0.704867
vn -0.007371 -0.000128 0.999973
vn -0.222761 -0.001505 0.974872
vn -0.514538 -0.007659 0.857433
vn -0.677751 -0.004741 0.735276
vn -0.825186 -0.010440 0.564764
vn -0.956859 -0.012006 0.290303
vn -0.661057 -0.163003 0.732416
vn -0.857760 -0.234826 0.457279
vn -0.017131 -0.856517 0.515835
vn -0.007066 -0.734347 0.678738
vn -0.183221 -0.714562 0.675152
vn -0.009779 -0.563796 0.825856
vn -0.003784 -0.286195 0.958164
vn -0.106373 -0.372109 0.922074
vn -0.346019 -0.080655 0.934754
vn -0.007040 -0.002083 0.999973
vn -0.345689 -0.166408 0.923476
vn -0.006222 -0.003785 0.999973
vn -0.284022 -0.257559 0.923577
vn -0.001326 -0.001463 0.999998
vn -0.199178 -0.327694 0.923550
vn -0.034336 -0.071401 0.996857
vn -0.006736 -0.032390 0.999453
vn -0.000055 -0.007449 0.999972
vn -0.014190 -0.975024 0.221647
vn -0.220354 -0.872071 0.436962
vn -0.398998 -0.791931 0.462219
vn -0.622530 -0.685420 0.377699
vn -0.777406 -0.465678 0.422829
vn -0.345520 -0.619753 0.704643
vn -0.506835 -0.495461 0.705434
vn -0.626807 -0.330960 0.705392
vn -0.012876 -0.957922 0.286739
vn -0.010323 -0.825977 0.563609
vn -0.005343 -0.678732 0.734367
vn -0.007399 -0.516270 0.856394
vn -0.001764 -0.223817 0.974629
vn -0.000179 -0.009152 0.999958
vn -0.064685 -0.378641 0.923280
vn -0.002088 -0.010999 0.999937
vn -0.090884 -0.276542 0.956695
vn -0.002625 -0.007936 0.999965
vn -0.302274 -0.924736 0.231289
vn -0.269499 -0.816082 0.511253
vn -0.115447 -0.721361 0.682869
vn -0.228549 -0.695496 0.681212
vn -0.178684 -0.540070 0.822433
vn -0.138459 -0.910622 0.389354
vn -0.003126 -0.009627 0.999949
vn -0.069303 -0.209970 0.975249
vn -0.158221 -0.485658 0.859711
vn -0.212704 -0.644564 0.734366
vn -0.256223 -0.783336 0.566334
vn -0.297491 -0.909139 0.291488
vn -0.059486 -0.352697 0.933845
vn -0.001887 -0.013988 0.999900
vn -0.000015 -0.005409 0.999985
vn -0.000346 -0.254303 0.967125
vn -0.001296 -0.633133 0.774042
vn -0.113512 -0.699124 0.705932
vn -0.001636 -0.707106 0.707106
vn -0.002141 -0.918739 0.394860
vn -0.147669 -0.909124 0.389472
vn -0.004293 -0.967376 0.253309
vn 0.000092 -0.025941 0.999663
vn 0.002032 -0.490321 0.871540
vn 0.002797 -0.819488 0.573089
vn 0.766172 -0.409562 0.495216
vn 0.455621 -0.743795 0.489059
vn 0.290791 -0.436190 0.851574
vn 0.133993 -0.180865 0.974338
vn 0.424710 -0.241770 0.872450
vn 0.152814 -0.066194 0.986036
vn 0.939468 -0.004345 0.342610
vn 0.662829 -0.004627 0.748756
vn 0.380065 -0.003183 0.924954
vn 0.004339 -0.000023 0.999991
vn 0.002206 0.000003 0.999998
vn 0.380830 0.000369 0.924645
vn 0.392969 0.099425 0.914161
vn 0.171239 0.062721 0.983231
vn 0.677034 0.060588 0.733453
vn 0.055862 0.039288 0.997665
vn 0.118028 0.254028 0.959968
vn -0.026726 0.298641 0.953991
vn -0.017980 0.025565 0.999511
vn -0.291512 0.135443 0.946930
vn -0.056548 -0.005061 0.998387
vn -0.476581 -0.335178 0.812727
vn -0.311677 -0.670816 0.672952
vn 0.055549 -0.620722 0.782060
vn 0.461669 -0.656436 0.596618
vn 0.607681 -0.282343 0.742298
vn 0.073182 0.006549 0.997297
vn 0.548182 0.385535 0.742199
vn 0.338119 0.727727 0.596731
vn -0.055549 0.620722 0.782060
vn -0.425577 0.605117 0.672843
vn -0.528292 0.245457 0.812809
vn -0.575917 -0.051539 0.815882
vn -0.043977 -0.030929 0.998554
vn -0.112972 -0.243146 0.963388
vn 0.002782 -0.031090 0.999513
vn 0.161182 -0.229181 0.959946
vn 0.319301 -0.148355 0.935969
vn 0.575919 0.051476 0.815885
vn 0.476422 0.335234 0.812798
vn 0.311556 0.671206 0.672618
vn -0.052022 0.581305 0.812021
vn -0.420905 0.599325 0.680918
vn -0.519590 0.241305 0.819633
vn -0.564778 -0.050480 0.823697
vn -0.076094 -0.053544 0.995662
vn -0.177200 -0.381754 0.907118
vn 0.008392 -0.093779 0.995558
vn 0.342675 -0.487935 0.802803
vn 0.114256 -0.053062 0.992033
vn 0.575919 0.051476 0.815885
vn 0.133742 0.094107 0.986538
vn 0.278095 0.599119 0.750813
vn -0.020301 0.226845 0.973719
vn -0.375722 0.534990 0.756716
vn -0.488962 0.227081 0.842229
vn -0.157572 -0.014084 0.987407
vn -0.468396 -0.329586 0.819743
vn -0.308344 -0.664286 0.680917
vn 0.052022 -0.581305 0.812021
vn 0.425289 -0.605568 0.672619
vn 0.528491 -0.245439 0.812685
vn -0.491872 0.296039 0.818794
vn -0.674429 0.000000 0.738340
vn -0.373526 0.620618 0.689429
vn 0.000000 0.555669 0.831404
vn 0.371826 0.617793 0.692876
vn 0.601690 0.362134 0.711919
vn 0.287569 0.000000 0.957760
vn 0.453280 -0.272812 0.848593
vn 0.226041 -0.375248 0.898941
vn 0.000000 -0.140676 0.990056
vn -0.373625 -0.620250 0.689706
vn -0.171936 -0.103481 0.979658
vn -0.491857 0.296030 0.818806
vn -0.246298 0.000000 0.969194
vn -0.059990 0.099589 0.993219
vn 0.000000 0.571732 0.820440
vn 0.226041 0.375248 0.898941
vn 0.181386 0.109169 0.977334
vn 0.812602 0.000000 0.582819
vn 0.489381 -0.294540 0.820824
vn 0.449798 -0.747344 0.489038
vn 0.000000 -0.555669 0.831404
vn -0.373526 -0.620618 0.689429
vn -0.491872 -0.296039 0.818794
vn 0.000000 0.000000 1.000000
vn 0.000000 0.000000 1.000000
vn 0.000000 0.000000 1.000000
vn 0.000000 0.000000 1.000000
vn 0.000000 0.000000 1.000000
vn 0.000000 0.000000 1.000000
vn 0.000000 0.000000 1.000000
vn 0.000000 0.000000 1.000000
vn 0.000000 0.000000 1.000000
vn 0.000000 0.000000 1.000000
vn 0.000000 0.000000 1.000000
vn 0.000000 0.000000 1.000000
vn 0.000000 0.000000 1.000000
vn 0.000000 0.000000 1.000000
# 6712 vertices, 0 vertices normals

f 1//1 2//2 3//3
f 4//4 5//5 6//6
f 6//6 5//5 1//1
f 6//6 1//1 7//7
f 7//7 1//1 3//3
f 8//8 9//9 10//10
f 10//10 9//9 11//11
f 10//10 11//11 12//12
f 12//12 11//11 13//13
f 13//13 11//11 14//14
f 13//13 14//14 15//15
f 15//15 14//14 16//16
f 16//16 14//14 3//3
f 16//16 3//3 2//2
f 9//9 8//8 17//17
f 17//17 8//8 18//18
f 17//17 18//18 19//19
f 19//19 18//18 20//20
f 19//19 20//20 21//21
f 21//21 20//20 22//22
f 23//23 24//24 25//25
f 25//25 24//24 26//26
f 27//27 28//28 29//29
f 29//29 28//28 30//30
f 29//29 30//30 31//31
f 31//31 30//30 32//32
f 31//31 32//32 33//33
f 33//33 32//32 25//25
f 33//33 25//25 26//26
f 34//34 35//35 36//36
f 36//36 35//35 37//37
f 28//28 27//27 38//38
f 38//38 27//27 39//39
f 38//38 39//39 40//40
f 40//40 39//39 41//41
f 40//40 41//41 34//34
f 34//34 41//41 42//42
f 34//34 42//42 35//35
f 43//43 44//44 45//45
f 45//45 44//44 46//46
f 47//47 48//48 49//49
f 49//49 48//48 50//50
f 49//49 50//50 51//51
f 51//51 50//50 52//52
f 51//51 52//52 53//53
f 53//53 52//52 45//45
f 53//53 45//45 46//46
f 54//54 55//55 56//56
f 56//56 55//55 57//57
f 48//48 47//47 58//58
f 58//58 47//47 59//59
f 58//58 59//59 60//60
f 60//60 59//59 61//61
f 60//60 61//61 54//54
f 54//54 61//61 62//62
f 54//54 62//62 55//55
f 63//63 64//64 65//65
f 65//65 64//64 66//66
f 67//67 68//68 69//69
f 69//69 68//68 70//70
f 69//69 70//70 71//71
f 71//71 70//70 72//72
f 71//71 72//72 73//73
f 73//73 72//72 65//65
f 73//73 65//65 66//66
f 74//74 75//75 76//76
f 76//76 75//75 77//77
f 68//68 67//67 78//78
f 78//78 67//67 79//79
f 78//78 79//79 80//80
f 80//80 79//79 81//81
f 80//80 81//81 74//74
f 74//74 81//81 82//82
f 74//74 82//82 75//75
f 83//83 84//84 85//85
f 85//85 84//84 86//86
f 87//87 88//88 89//89
f 89//89 88//88 90//90
f 89//89 90//90 91//91
f 91//91 90//90 92//92
f 91//91 92//92 93//93
f 93//93 92//92 85//85
f 93//93 85//85 86//86
f 94//94 95//95 96//96
f 96//96 95//95 97//97
f 88//88 87//87 98//98
f 98//98 87//87 99//99
f 98//98 99//99 100//100
f 100//100 99//99 101//101
f 100//100 101//101 94//94
f 94//94 101//101 102//102
f 94//94 102//102 95//95
f 103//103 104//104 105//105
f 106//106 107//107 108//108
f 108//108 107//107 103//103
f 108//108 103//103 109//109
f 109//109 103//103 105//105
f 110//110 111//111 112//112
f 112//112 111//111 113//113
f 112//112 113//113 114//114
f 114//114 113//113 115//115
f 115//115 113//113 116//116
f 115//115 116//116 117//117
f 117//117 116//116 118//118
f 118//118 116//116 105//105
f 118//118 105//105 104//104
f 111//111 110//110 119//119
f 119//119 110//110 120//120
f 119//119 120//120 121//121
f 121//121 120//120 122//122
f 121//121 122//122 123//123
f 123//123 122//122 124//124
f 125//125 126//126 127//127
f 128//128 129//129 130//130
f 130//130 129//129 125//125
f 130//130 125//125 131//131
f 131//131 125//125 127//127
f 132//132 133//133 134//134
f 134//134 133//133 135//135
f 134//134 135//135 136//136
f 136//136 135//135 137//137
f 137//137 135//135 138//138
f 137//137 138//138 139//139
f 139//139 138//138 140//140
f 140//140 138//138 127//127
f 140//140 127//127 126//126
f 133//133 132//132 141//141
f 141//141 132//132 142//142
f 141//141 142//142 143//143
f 143//143 142//142 144//144
f 143//143 144//144 145//145
f 145//145 144//144 146//146
f 147//147 148//148 149//149
f 150//150 151//151 152//152
f 152//152 151//151 147//147
f 152//152 147//147 153//153
f 153//153 147//147 149//149
f 154//154 155//155 156//156
f 156//156 155//155 157//157
f 156//156 157//157 158//158
f 158//158 157//157 159//159
f 159//159 157//157 160//160
f 159//159 160//160 161//161
f 161//161 160//160 162//162
f 162//162 160//160 149//149
f 162//162 149//149 148//148
f 155//155 154//154 163//163
f 163//163 154//154 164//164
f 163//163 164//164 165//165
f 165//165 164//164 166//166
f 165//165 166//166 167//167
f 167//167 166//166 168//168
f 169//169 170//170 171//171
f 171//171 170//170 172//172
f 173//173 174//174 175//175
f 175//175 174//174 176//176
f 177//177 178//178 179//179
f 179//179 178//178 180//180
f 181//181 182//182 183//183
f 183//183 182//182 184//184
f 185//185 186//186 187//187
f 187//187 186//186 188//188
f 187//187 188//188 189//189
f 169//169 171//171 190//190
f 169//169 190//190 191//191
f 191//191 190//190 192//192
f 191//191 192//192 193//193
f 184//184 182//182 194//194
f 184//184 194//194 195//195
f 195//195 194//194 196//196
f 195//195 196//196 197//197
f 198//198 199//199 200//200
f 200//200 199//199 201//201
f 200//200 201//201 170//170
f 170//170 201//201 172//172
f 202//202 203//203 204//204
f 204//204 203//203 205//205
f 204//204 205//205 175//175
f 175//175 205//205 173//173
f 177//177 179//179 206//206
f 177//177 206//206 207//207
f 207//207 206//206 208//208
f 207//207 208//208 209//209
f 176//176 174//174 210//210
f 176//176 210//210 211//211
f 211//211 210//210 212//212
f 211//211 212//212 213//213
f 214//214 215//215 216//216
f 216//216 215//215 217//217
f 216//216 217//217 178//178
f 178//178 217//217 180//180
f 218//218 219//219 220//220
f 220//220 219//219 221//221
f 220//220 221//221 183//183
f 183//183 221//221 181//181
f 222//222 223//223 224//224
f 225//225 226//226 227//227
f 227//227 226//226 228//228
f 227//227 228//228 229//229
f 230//230 223//223 231//231
f 231//231 223//223 222//222
f 231//231 222//222 232//232
f 233//233 234//234 235//235
f 235//235 234//234 236//236
f 235//235 236//236 229//229
f 229//229 236//236 237//237
f 229//229 237//237 227//227
f 227//227 237//237 238//238
f 227//227 238//238 225//225
f 226//226 232//232 228//228
f 228//228 232//232 222//222
f 228//228 222//222 229//229
f 229//229 222//222 224//224
f 229//229 224//224 235//235
f 235//235 224//224 239//239
f 235//235 239//239 233//233
f 233//233 239//239 240//240
f 230//230 241//241 242//242
f 234//234 243//243 244//244
f 234//234 244//244 236//236
f 236//236 244//244 245//245
f 236//236 245//245 237//237
f 237//237 245//245 246//246
f 237//237 246//246 238//238
f 238//238 246//246 247//247
f 238//238 247//247 225//225
f 248//248 240//240 239//239
f 248//248 239//239 249//249
f 249//249 239//239 224//224
f 249//249 224//224 250//250
f 250//250 224//224 223//223
f 250//250 223//223 251//251
f 251//251 223//223 230//230
f 251//251 230//230 242//242
f 252//252 248//248 249//249
f 252//252 249//249 253//253
f 253//253 249//249 250//250
f 253//253 250//250 254//254
f 254//254 250//250 251//251
f 254//254 251//251 255//255
f 255//255 251//251 242//242
f 255//255 242//242 256//256
f 257//257 258//258 259//259
f 260//260 252//252 253//253
f 261//261 259//259 262//262
f 262//262 259//259 258//258
f 262//262 258//258 263//263
f 257//257 259//259 264//264
f 264//264 259//259 265//265
f 264//264 265//265 266//266
f 266//266 265//265 267//267
f 266//266 267//267 268//268
f 269//269 268//268 270//270
f 270//270 268//268 267//267
f 270//270 267//267 256//256
f 256//256 267//267 255//255
f 255//255 267//267 265//265
f 255//255 265//265 254//254
f 254//254 265//265 259//259
f 254//254 259//259 253//253
f 253//253 259//259 261//261
f 253//253 261//261 260//260
f 271//271 272//272 273//273
f 273//273 272//272 274//274
f 273//273 274//274 275//275
f 268//268 269//269 274//274
f 274//274 269//269 276//276
f 274//274 276//276 275//275
f 275//275 276//276 277//277
f 271//271 258//258 257//257
f 278//278 279//279 280//280
f 280//280 281//281 278//278
f 278//278 281//281 282//282
f 278//278 282//282 283//283
f 283//283 282//282 284//284
f 277//277 285//285 282//282
f 282//282 285//285 286//286
f 282//282 286//286 284//284
f 271//271 257//257 272//272
f 272//272 257//257 264//264
f 272//272 264//264 274//274
f 274//274 264//264 266//266
f 274//274 266//266 268//268
f 287//287 288//288 289//289
f 289//289 288//288 280//280
f 289//289 280//280 290//290
f 290//290 280//280 279//279
f 277//277 282//282 275//275
f 275//275 282//282 281//281
f 275//275 281//281 273//273
f 273//273 281//281 280//280
f 273//273 280//280 271//271
f 271//271 280//280 288//288
f 271//271 288//288 258//258
f 258//258 288//288 291//291
f 258//258 291//291 263//263
f 292//292 293//293 294//294
f 295//295 296//296 292//292
f 294//294 297//297 298//298
f 292//292 294//294 295//295
f 295//295 294//294 298//298
f 295//295 298//298 299//299
f 107//107 106//106 300//300
f 300//300 106//106 301//301
f 302//302 303//303 304//304
f 305//305 306//306 307//307
f 305//305 307//307 308//308
f 308//308 307//307 304//304
f 304//304 307//307 309//309
f 304//304 309//309 302//302
f 293//293 310//310 311//311
f 311//311 310//310 312//312
f 311//311 312//312 313//313
f 293//293 311//311 294//294
f 294//294 311//311 314//314
f 294//294 314//314 297//297
f 311//311 313//313 315//315
f 316//316 317//317 318//318
f 318//318 317//317 314//314
f 318//318 314//314 311//311
f 311//311 315//315 318//318
f 318//318 315//315 316//316
f 319//319 320//320 321//321
f 322//322 323//323 320//320
f 320//320 319//319 322//322
f 322//322 319//319 324//324
f 322//322 324//324 325//325
f 325//325 324//324 326//326
f 325//325 326//326 327//327
f 327//327 326//326 328//328
f 327//327 328//328 329//329
f 329//329 328//328 330//330
f 329//329 330//330 331//331
f 331//331 330//330 332//332
f 331//331 332//332 333//333
f 333//333 332//332 334//334
f 333//333 334//334 335//335
f 335//335 334//334 336//336
f 335//335 336//336 337//337
f 338//338 339//339 340//340
f 341//341 337//337 340//340
f 340//340 337//337 336//336
f 340//340 336//336 338//338
f 338//338 336//336 334//334
f 338//338 334//334 342//342
f 342//342 334//334 332//332
f 342//342 332//332 343//343
f 343//343 332//332 330//330
f 343//343 330//330 344//344
f 344//344 330//330 328//328
f 344//344 328//328 345//345
f 345//345 328//328 326//326
f 345//345 326//326 346//346
f 346//346 326//326 324//324
f 346//346 324//324 347//347
f 347//347 324//324 319//319
f 347//347 319//319 348//348
f 348//348 319//319 321//321
f 187//187 189//189 339//339
f 339//339 189//189 349//349
f 339//339 349//349 350//350
f 188//188 186//186 351//351
f 188//188 351//351 189//189
f 352//352 353//353 354//354
f 354//354 355//355 352//352
f 352//352 355//355 356//356
f 352//352 356//356 357//357
f 353//353 352//352 351//351
f 351//351 352//352 358//358
f 351//351 358//358 189//189
f 186//186 185//185 359//359
f 186//186 359//359 351//351
f 351//351 359//359 360//360
f 351//351 360//360 353//353
f 360//360 361//361 353//353
f 353//353 361//361 362//362
f 353//353 362//362 354//354
f 354//354 362//362 363//363
f 354//354 363//363 355//355
f 187//187 364//364 185//185
f 185//185 364//364 365//365
f 366//366 367//367 368//368
f 368//368 367//367 365//365
f 368//368 365//365 369//369
f 369//369 365//365 364//364
f 321//321 370//370 371//371
f 371//371 370//370 372//372
f 371//371 372//372 373//373
f 374//374 375//375 372//372
f 372//372 375//375 376//376
f 372//372 376//376 373//373
f 377//377 378//378 379//379
f 379//379 378//378 380//380
f 379//379 380//380 381//381
f 381//381 380//380 382//382
f 381//381 382//382 383//383
f 370//370 377//377 372//372
f 372//372 377//377 379//379
f 372//372 379//379 374//374
f 374//374 379//379 381//381
f 374//374 381//381 384//384
f 384//384 381//381 383//383
f 384//384 383//383 385//385
f 373//373 366//366 368//368
f 346//346 347//347 371//371
f 371//371 347//347 348//348
f 371//371 348//348 321//321
f 187//187 339//339 338//338
f 187//187 338//338 364//364
f 338//338 342//342 364//364
f 364//364 342//342 343//343
f 364//364 343//343 369//369
f 371//371 373//373 346//346
f 346//346 373//373 368//368
f 346//346 368//368 345//345
f 345//345 368//368 369//369
f 345//345 369//369 344//344
f 344//344 369//369 343//343
f 167//167 168//168 386//386
f 386//386 168//168 387//387
f 386//386 387//387 301//301
f 301//301 387//387 300//300
f 388//388 389//389 390//390
f 321//321 320//320 370//370
f 370//370 320//320 391//391
f 370//370 391//391 377//377
f 377//377 391//391 392//392
f 377//377 392//392 378//378
f 378//378 392//392 390//390
f 378//378 390//390 380//380
f 380//380 390//390 389//389
f 380//380 389//389 382//382
f 388//388 390//390 393//393
f 393//393 390//390 392//392
f 393//393 392//392 394//394
f 394//394 392//392 391//391
f 394//394 391//391 395//395
f 395//395 391//391 320//320
f 395//395 320//320 323//323
f 396//396 397//397 398//398
f 398//398 397//397 388//388
f 399//399 400//400 401//401
f 315//315 313//313 402//402
f 313//313 312//312 403//403
f 403//403 312//312 310//310
f 403//403 310//310 293//293
f 402//402 404//404 315//315
f 315//315 404//404 405//405
f 315//315 405//405 316//316
f 395//395 323//323 406//406
f 313//313 403//403 402//402
f 402//402 403//403 399//399
f 402//402 399//399 398//398
f 398//398 399//399 401//401
f 398//398 401//401 396//396
f 388//388 393//393 398//398
f 398//398 393//393 394//394
f 398//398 394//394 402//402
f 402//402 394//394 395//395
f 402//402 395//395 404//404
f 404//404 395//395 406//406
f 404//404 406//406 405//405
f 197//197 196//196 407//407
f 407//407 196//196 63//63
f 407//407 63//63 408//408
f 408//408 63//63 65//65
f 408//408 65//65 21//21
f 21//21 65//65 72//72
f 21//21 72//72 19//19
f 19//19 72//72 17//17
f 17//17 72//72 70//70
f 17//17 70//70 9//9
f 193//193 192//192 409//409
f 409//409 192//192 4//4
f 409//409 4//4 410//410
f 4//4 6//6 410//410
f 410//410 6//6 7//7
f 410//410 7//7 76//76
f 76//76 7//7 3//3
f 76//76 3//3 74//74
f 74//74 3//3 14//14
f 74//74 14//14 80//80
f 80//80 14//14 11//11
f 80//80 11//11 78//78
f 78//78 11//11 9//9
f 78//78 9//9 68//68
f 68//68 9//9 70//70
f 199//199 198//198 202//202
f 202//202 198//198 203//203
f 145//145 146//146 411//411
f 411//411 146//146 412//412
f 411//411 412//412 413//413
f 413//413 412//412 414//414
f 415//415 416//416 417//417
f 417//417 416//416 418//418
f 417//417 418//418 419//419
f 420//420 421//421 417//417
f 417//417 421//421 422//422
f 417//417 422//422 415//415
f 423//423 424//424 417//417
f 417//417 424//424 425//425
f 417//417 425//425 420//420
f 419//419 426//426 417//417
f 417//417 426//426 427//427
f 417//417 427//427 423//423
f 213//213 212//212 413//413
f 413//413 212//212 43//43
f 413//413 43//43 411//411
f 411//411 43//43 45//45
f 411//411 45//45 145//145
f 145//145 45//45 52//52
f 145//145 52//52 143//143
f 143//143 52//52 141//141
f 141//141 52//52 50//50
f 141//141 50//50 133//133
f 209//209 208//208 428//428
f 428//428 208//208 128//128
f 428//428 128//128 429//429
f 128//128 130//130 429//429
f 429//429 130//130 131//131
f 429//429 131//131 56//56
f 56//56 131//131 127//127
f 56//56 127//127 54//54
f 54//54 127//127 138//138
f 54//54 138//138 60//60
f 60//60 138//138 135//135
f 60//60 135//135 58//58
f 58//58 135//135 133//133
f 58//58 133//133 48//48
f 48//48 133//133 50//50
f 215//215 214//214 430//430
f 430//430 214//214 23//23
f 430//430 23//23 431//431
f 431//431 23//23 25//25
f 431//431 25//25 123//123
f 123//123 25//25 32//32
f 123//123 32//32 121//121
f 92//92 90//90 163//163
f 163//163 90//90 155//155
f 219//219 218//218 432//432
f 432//432 218//218 150//150
f 432//432 150//150 433//433
f 121//121 32//32 119//119
f 119//119 32//32 30//30
f 119//119 30//30 111//111
f 150//150 152//152 433//433
f 433//433 152//152 153//153
f 433//433 153//153 96//96
f 96//96 153//153 149//149
f 96//96 149//149 94//94
f 94//94 149//149 160//160
f 94//94 160//160 100//100
f 100//100 160//160 157//157
f 100//100 157//157 98//98
f 98//98 157//157 155//155
f 98//98 155//155 88//88
f 88//88 155//155 90//90
f 434//434 109//109 36//36
f 36//36 109//109 105//105
f 36//36 105//105 34//34
f 34//34 105//105 116//116
f 34//34 116//116 40//40
f 40//40 116//116 113//113
f 40//40 113//113 38//38
f 38//38 113//113 111//111
f 38//38 111//111 28//28
f 28//28 111//111 30//30
f 163//163 165//165 92//92
f 92//92 165//165 167//167
f 92//92 167//167 85//85
f 85//85 167//167 386//386
f 85//85 386//386 83//83
f 83//83 386//386 301//301
f 83//83 301//301 435//435
f 435//435 301//301 106//106
f 435//435 106//106 434//434
f 434//434 106//106 108//108
f 434//434 108//108 109//109
f 123//123 124//124 431//431
f 431//431 124//124 436//436
f 431//431 436//436 430//430
f 430//430 436//436 437//437
f 438//438 439//439 440//440
f 441//441 438//438 442//442
f 443//443 441//441 444//444
f 438//438 440//440 442//442
f 442//442 440//440 445//445
f 442//442 445//445 446//446
f 446//446 445//445 447//447
f 446//446 447//447 448//448
f 448//448 447//447 449//449
f 448//448 449//449 450//450
f 441//441 442//442 444//444
f 444//444 442//442 446//446
f 444//444 446//446 451//451
f 451//451 446//446 448//448
f 451//451 448//448 452//452
f 452//452 448//448 450//450
f 452//452 450//450 453//453
f 443//443 444//444 454//454
f 454//454 444//444 451//451
f 454//454 451//451 455//455
f 455//455 451//451 452//452
f 455//455 452//452 456//456
f 456//456 452//452 453//453
f 456//456 453//453 457//457
f 458//458 457//457 459//459
f 459//459 460//460 458//458
f 458//458 460//460 461//461
f 458//458 461//461 462//462
f 462//462 461//461 463//463
f 462//462 463//463 464//464
f 464//464 463//463 465//465
f 464//464 465//465 466//466
f 457//457 458//458 456//456
f 456//456 458//458 462//462
f 456//456 462//462 455//455
f 455//455 462//462 464//464
f 455//455 464//464 454//454
f 454//454 464//464 466//466
f 454//454 466//466 443//443
f 270//270 256//256 467//467
f 457//457 468//468 459//459
f 459//459 468//468 469//469
f 459//459 469//469 470//470
f 471//471 269//269 270//270
f 471//471 270//270 472//472
f 472//472 270//270 467//467
f 472//472 467//467 473//473
f 473//473 467//467 474//474
f 473//473 474//474 470//470
f 470//470 474//474 475//475
f 470//470 475//475 459//459
f 476//476 477//477 225//225
f 225//225 477//477 478//478
f 225//225 478//478 226//226
f 226//226 478//478 232//232
f 479//479 241//241 230//230
f 478//478 480//480 232//232
f 232//232 480//480 479//479
f 232//232 479//479 231//231
f 231//231 479//479 230//230
f 475//475 474//474 481//481
f 481//481 474//474 467//467
f 481//481 467//467 482//482
f 482//482 467//467 256//256
f 482//482 256//256 483//483
f 483//483 256//256 242//242
f 483//483 242//242 241//241
f 247//247 476//476 225//225
f 484//484 485//485 486//486
f 485//485 487//487 488//488
f 244//244 243//243 484//484
f 484//484 486//486 244//244
f 244//244 486//486 489//489
f 244//244 489//489 245//245
f 490//490 491//491 492//492
f 490//490 492//492 493//493
f 493//493 492//492 494//494
f 493//493 494//494 495//495
f 485//485 488//488 486//486
f 486//486 488//488 491//491
f 486//486 491//491 489//489
f 489//489 491//491 490//490
f 489//489 490//490 245//245
f 245//245 490//490 493//493
f 245//245 493//493 246//246
f 246//246 493//493 495//495
f 246//246 495//495 247//247
f 496//496 497//497 498//498
f 496//496 498//498 499//499
f 498//498 500//500 499//499
f 499//499 500//500 501//501
f 499//499 501//501 502//502
f 502//502 501//501 503//503
f 503//503 501//501 504//504
f 503//503 504//504 505//505
f 505//505 504//504 506//506
f 505//505 506//506 507//507
f 508//508 509//509 510//510
f 510//510 509//509 511//511
f 510//510 511//511 512//512
f 512//512 511//511 513//513
f 512//512 513//513 514//514
f 514//514 513//513 515//515
f 514//514 515//515 506//506
f 506//506 515//515 516//516
f 506//506 516//516 507//507
f 517//517 518//518 519//519
f 519//519 518//518 508//508
f 519//519 508//508 520//520
f 520//520 508//508 510//510
f 521//521 522//522 523//523
f 523//523 522//522 524//524
f 523//523 524//524 525//525
f 525//525 524//524 526//526
f 525//525 526//526 517//517
f 517//517 526//526 527//527
f 517//517 527//527 518//518
f 521//521 523//523 528//528
f 528//528 523//523 529//529
f 528//528 529//529 530//530
f 531//531 532//532 533//533
f 533//533 534//534 531//531
f 531//531 534//534 535//535
f 531//531 535//535 536//536
f 536//536 535//535 537//537
f 536//536 537//537 538//538
f 538//538 537//537 539//539
f 538//538 539//539 530//530
f 530//530 539//539 540//540
f 530//530 540//540 528//528
f 532//532 531//531 541//541
f 541//541 531//531 542//542
f 541//541 542//542 543//543
f 544//544 545//545 546//546
f 546//546 545//545 547//547
f 546//546 547//547 542//542
f 542//542 547//547 548//548
f 542//542 548//548 543//543
f 549//549 550//550 551//551
f 551//551 550//550 552//552
f 550//550 549//549 553//553
f 553//553 549//549 554//554
f 553//553 554//554 555//555
f 555//555 554//554 556//556
f 555//555 556//556 557//557
f 557//557 556//556 558//558
f 557//557 558//558 559//559
f 559//559 558//558 560//560
f 559//559 560//560 561//561
f 561//561 560//560 562//562
f 561//561 562//562 563//563
f 563//563 562//562 564//564
f 563//563 564//564 565//565
f 565//565 564//564 566//566
f 567//567 568//568 566//566
f 566//566 568//568 565//565
f 569//569 570//570 567//567
f 567//567 570//570 568//568
f 570//570 569//569 571//571
f 571//571 569//569 572//572
f 571//571 572//572 573//573
f 573//573 572//572 574//574
f 573//573 574//574 575//575
f 575//575 574//574 576//576
f 575//575 576//576 577//577
f 577//577 576//576 578//578
f 577//577 578//578 579//579
f 579//579 578//578 580//580
f 579//579 580//580 581//581
f 581//581 580//580 582//582
f 581//581 582//582 552//552
f 552//552 582//582 551//551
f 583//583 584//584 585//585
f 585//585 584//584 586//586
f 585//585 586//586 587//587
f 588//588 589//589 585//585
f 585//585 589//589 590//590
f 585//585 590//590 583//583
f 591//591 592//592 585//585
f 585//585 592//592 593//593
f 585//585 593//593 588//588
f 587//587 594//594 585//585
f 585//585 594//594 595//595
f 585//585 595//595 591//591
f 596//596 597//597 598//598
f 598//598 597//597 599//599
f 598//598 599//599 600//600
f 601//601 602//602 603//603
f 604//604 605//605 606//606
f 606//606 605//605 607//607
f 606//606 607//607 608//608
f 608//608 607//607 609//609
f 608//608 609//609 603//603
f 603//603 609//609 610//610
f 603//603 610//610 601//601
f 600//600 599//599 611//611
f 611//611 599//599 612//612
f 611//611 612//612 613//613
f 614//614 612//612 615//615
f 615//615 612//612 599//599
f 615//615 599//599 616//616
f 616//616 599//599 597//597
f 602//602 617//617 603//603
f 603//603 617//617 616//616
f 603//603 616//616 608//608
f 608//608 616//616 597//597
f 608//608 597//597 606//606
f 606//606 597//597 596//596
f 606//606 596//596 604//604
f 485//485 484//484 618//618
f 619//619 291//291 288//288
f 619//619 288//288 620//620
f 620//620 288//288 287//287
f 620//620 287//287 621//621
f 260//260 261//261 622//622
f 622//622 261//261 262//262
f 622//622 262//262 263//263
f 291//291 619//619 263//263
f 263//263 619//619 623//623
f 263//263 623//623 622//622
f 248//248 252//252 618//618
f 248//248 618//618 240//240
f 233//233 240//240 234//234
f 234//234 240//240 618//618
f 234//234 618//618 243//243
f 243//243 618//618 484//484
f 260//260 622//622 252//252
f 252//252 622//622 624//624
f 252//252 624//624 618//618
f 625//625 626//626 627//627
f 627//627 626//626 628//628
f 627//627 628//628 629//629
f 629//629 628//628 630//630
f 629//629 630//630 631//631
f 631//631 630//630 632//632
f 631//631 632//632 633//633
f 633//633 632//632 634//634
f 633//633 634//634 635//635
f 635//635 634//634 636//636
f 635//635 636//636 618//618
f 618//618 636//636 487//487
f 618//618 487//487 485//485
f 637//637 638//638 639//639
f 637//637 639//639 640//640
f 640//640 639//639 641//641
f 640//640 641//641 642//642
f 642//642 641//641 643//643
f 642//642 643//643 644//644
f 644//644 643//643 645//645
f 644//644 645//645 646//646
f 646//646 645//645 647//647
f 646//646 647//647 648//648
f 649//649 650//650 651//651
f 651//651 650//650 652//652
f 651//651 652//652 647//647
f 647//647 652//652 653//653
f 647//647 653//653 648//648
f 287//287 654//654 621//621
f 621//621 654//654 655//655
f 621//621 655//655 656//656
f 656//656 655//655 657//657
f 656//656 657//657 658//658
f 658//658 657//657 659//659
f 658//658 659//659 660//660
f 660//660 659//659 661//661
f 660//660 661//661 649//649
f 649//649 661//661 662//662
f 649//649 662//662 650//650
f 289//289 290//290 663//663
f 664//664 665//665 666//666
f 667//667 668//668 669//669
f 283//283 284//284 670//670
f 670//670 284//284 286//286
f 670//670 286//286 671//671
f 666//666 663//663 672//672
f 663//663 290//290 672//672
f 672//672 290//290 279//279
f 672//672 279//279 278//278
f 673//673 674//674 664//664
f 668//668 675//675 676//676
f 676//676 675//675 677//677
f 676//676 677//677 678//678
f 679//679 680//680 677//677
f 677//677 680//680 681//681
f 677//677 681//681 678//678
f 668//668 667//667 675//675
f 675//675 667//667 682//682
f 675//675 682//682 677//677
f 677//677 682//682 683//683
f 677//677 683//683 679//679
f 654//654 287//287 289//289
f 664//664 666//666 673//673
f 673//673 666//666 672//672
f 673//673 672//672 670//670
f 670//670 672//672 278//278
f 670//670 278//278 283//283
f 654//654 289//289 655//655
f 655//655 289//289 663//663
f 655//655 663//663 657//657
f 657//657 663//663 666//666
f 657//657 666//666 659//659
f 659//659 666//666 665//665
f 659//659 665//665 661//661
f 671//671 679//679 670//670
f 670//670 679//679 683//683
f 670//670 683//683 673//673
f 673//673 683//683 682//682
f 673//673 682//682 674//674
f 674//674 682//682 667//667
f 674//674 667//667 664//664
f 664//664 667//667 669//669
f 664//664 669//669 665//665
f 665//665 669//669 684//684
f 665//665 684//684 661//661
f 285//285 277//277 685//685
f 685//685 277//277 276//276
f 686//686 286//286 285//285
f 687//687 453//453 450//450
f 285//285 685//685 686//686
f 686//686 685//685 688//688
f 686//686 688//688 689//689
f 689//689 688//688 690//690
f 689//689 690//690 691//691
f 691//691 690//690 692//692
f 691//691 692//692 693//693
f 693//693 692//692 694//694
f 693//693 694//694 695//695
f 695//695 694//694 687//687
f 695//695 687//687 696//696
f 696//696 687//687 450//450
f 696//696 450//450 449//449
f 468//468 457//457 453//453
f 453//453 687//687 468//468
f 468//468 687//687 694//694
f 468//468 694//694 469//469
f 469//469 694//694 692//692
f 469//469 692//692 470//470
f 470//470 692//692 690//690
f 470//470 690//690 473//473
f 473//473 690//690 688//688
f 473//473 688//688 472//472
f 472//472 688//688 685//685
f 472//472 685//685 471//471
f 471//471 685//685 276//276
f 471//471 276//276 269//269
f 697//697 449//449 447//447
f 698//698 699//699 700//700
f 700//700 699//699 701//701
f 698//698 702//702 699//699
f 699//699 702//702 703//703
f 699//699 703//703 704//704
f 705//705 706//706 697//697
f 309//309 707//707 708//708
f 708//708 707//707 709//709
f 697//697 447//447 705//705
f 705//705 447//447 445//445
f 705//705 445//445 710//710
f 710//710 445//445 440//440
f 710//710 440//440 699//699
f 699//699 440//440 439//439
f 699//699 439//439 701//701
f 704//704 711//711 699//699
f 699//699 711//711 708//708
f 699//699 708//708 710//710
f 710//710 708//708 709//709
f 710//710 709//709 705//705
f 705//705 709//709 712//712
f 705//705 712//712 706//706
f 706//706 712//712 713//713
f 714//714 706//706 713//713
f 715//715 714//714 716//716
f 716//716 714//714 713//713
f 716//716 713//713 709//709
f 709//709 713//713 712//712
f 707//707 309//309 307//307
f 716//716 709//709 707//707
f 707//707 307//307 716//716
f 716//716 307//307 306//306
f 716//716 306//306 715//715
f 717//717 718//718 719//719
f 719//719 306//306 305//305
f 305//305 308//308 719//719
f 719//719 308//308 720//720
f 719//719 720//720 717//717
f 297//297 721//721 298//298
f 298//298 721//721 299//299
f 722//722 723//723 721//721
f 721//721 723//723 724//724
f 721//721 724//724 299//299
f 296//296 725//725 292//292
f 292//292 725//725 726//726
f 292//292 726//726 293//293
f 299//299 724//724 295//295
f 295//295 724//724 296//296
f 727//727 728//728 729//729
f 729//729 728//728 730//730
f 731//731 732//732 733//733
f 733//733 732//732 734//734
f 733//733 734//734 735//735
f 735//735 734//734 736//736
f 735//735 736//736 737//737
f 737//737 736//736 738//738
f 737//737 738//738 728//728
f 728//728 738//738 739//739
f 728//728 739//739 730//730
f 740//740 741//741 742//742
f 742//742 741//741 731//731
f 743//743 744//744 745//745
f 745//745 744//744 746//746
f 747//747 748//748 749//749
f 749//749 748//748 744//744
f 749//749 744//744 750//750
f 750//750 744//744 743//743
f 749//749 740//740 747//747
f 747//747 740//740 742//742
f 747//747 742//742 751//751
f 751//751 742//742 752//752
f 731//731 733//733 742//742
f 742//742 733//733 753//753
f 742//742 753//753 752//752
f 754//754 755//755 756//756
f 756//756 755//755 757//757
f 758//758 759//759 760//760
f 760//760 759//759 761//761
f 760//760 761//761 762//762
f 296//296 724//724 725//725
f 725//725 724//724 723//723
f 725//725 723//723 758//758
f 758//758 723//723 722//722
f 758//758 722//722 759//759
f 762//762 756//756 760//760
f 760//760 756//756 757//757
f 760//760 757//757 758//758
f 758//758 757//757 763//763
f 758//758 763//763 725//725
f 725//725 763//763 764//764
f 725//725 764//764 726//726
f 726//726 764//764 765//765
f 726//726 765//765 293//293
f 403//403 728//728 399//399
f 399//399 728//728 727//727
f 399//399 727//727 400//400
f 754//754 753//753 755//755
f 755//755 753//753 733//733
f 755//755 733//733 757//757
f 757//757 733//733 735//735
f 757//757 735//735 763//763
f 763//763 735//735 737//737
f 763//763 737//737 764//764
f 764//764 737//737 728//728
f 764//764 728//728 765//765
f 765//765 728//728 403//403
f 765//765 403//403 293//293
f 766//766 746//746 767//767
f 768//768 769//769 770//770
f 752//752 753//753 771//771
f 772//772 773//773 751//751
f 751//751 773//773 767//767
f 751//751 767//767 747//747
f 746//746 744//744 767//767
f 767//767 744//744 748//748
f 767//767 748//748 747//747
f 773//773 774//774 768//768
f 751//751 752//752 772//772
f 772//772 752//752 771//771
f 772//772 771//771 773//773
f 773//773 771//771 774//774
f 768//768 770//770 773//773
f 773//773 770//770 775//775
f 773//773 775//775 767//767
f 767//767 775//775 776//776
f 767//767 776//776 766//766
f 107//107 300//300 777//777
f 777//777 300//300 778//778
f 779//779 780//780 781//781
f 782//782 783//783 784//784
f 784//784 785//785 786//786
f 779//779 787//787 788//788
f 787//787 779//779 786//786
f 786//786 779//779 789//789
f 786//786 789//789 784//784
f 785//785 784//784 790//790
f 790//790 784//784 783//783
f 790//790 783//783 791//791
f 782//782 784//784 792//792
f 792//792 784//784 789//789
f 792//792 789//789 793//793
f 779//779 781//781 789//789
f 789//789 781//781 794//794
f 789//789 794//794 793//793
f 788//788 780//780 779//779
f 790//790 791//791 795//795
f 302//302 796//796 797//797
f 309//309 708//708 798//798
f 799//799 800//800 786//786
f 786//786 800//800 787//787
f 787//787 800//800 801//801
f 787//787 801//801 788//788
f 788//788 801//801 780//780
f 802//802 803//803 804//804
f 804//804 803//803 805//805
f 804//804 805//805 704//704
f 704//704 805//805 711//711
f 308//308 304//304 720//720
f 720//720 304//304 303//303
f 806//806 717//717 807//807
f 807//807 717//717 720//720
f 807//807 720//720 797//797
f 797//797 720//720 303//303
f 797//797 303//303 302//302
f 808//808 809//809 806//806
f 806//806 809//809 718//718
f 806//806 718//718 717//717
f 791//791 810//810 795//795
f 795//795 810//810 811//811
f 795//795 811//811 812//812
f 811//811 808//808 812//812
f 812//812 808//808 806//806
f 812//812 806//806 813//813
f 813//813 806//806 807//807
f 813//813 807//807 814//814
f 814//814 807//807 797//797
f 814//814 797//797 798//798
f 798//798 797//797 796//796
f 798//798 796//796 309//309
f 309//309 796//796 302//302
f 815//815 816//816 817//817
f 817//817 816//816 818//818
f 817//817 818//818 786//786
f 786//786 818//818 819//819
f 786//786 819//819 799//799
f 802//802 820//820 803//803
f 803//803 820//820 821//821
f 803//803 821//821 822//822
f 822//822 821//821 823//823
f 822//822 823//823 824//824
f 824//824 823//823 825//825
f 824//824 825//825 815//815
f 815//815 825//825 826//826
f 815//815 826//826 816//816
f 708//708 711//711 798//798
f 798//798 711//711 805//805
f 798//798 805//805 814//814
f 814//814 805//805 803//803
f 814//814 803//803 813//813
f 813//813 803//803 822//822
f 813//813 822//822 812//812
f 812//812 822//822 824//824
f 812//812 824//824 795//795
f 795//795 824//824 815//815
f 795//795 815//815 790//790
f 790//790 815//815 817//817
f 790//790 817//817 785//785
f 785//785 817//817 786//786
f 827//827 828//828 829//829
f 829//829 828//828 830//830
f 829//829 830//830 831//831
f 832//832 833//833 829//829
f 829//829 833//833 834//834
f 829//829 834//834 827//827
f 835//835 836//836 829//829
f 829//829 836//836 837//837
f 829//829 837//837 832//832
f 831//831 838//838 829//829
f 829//829 838//838 839//839
f 829//829 839//839 835//835
f 840//840 841//841 842//842
f 842//842 841//841 843//843
f 842//842 843//843 844//844
f 845//845 846//846 842//842
f 842//842 846//846 847//847
f 842//842 847//847 840//840
f 848//848 849//849 842//842
f 842//842 849//849 850//850
f 842//842 850//850 845//845
f 844//844 851//851 842//842
f 842//842 851//851 852//852
f 842//842 852//852 848//848
f 853//853 854//854 855//855
f 855//855 854//854 856//856
f 855//855 856//856 857//857
f 858//858 859//859 855//855
f 855//855 859//859 860//860
f 855//855 860//860 853//853
f 861//861 862//862 855//855
f 855//855 862//862 863//863
f 855//855 863//863 858//858
f 857//857 864//864 855//855
f 855//855 864//864 865//865
f 855//855 865//865 861//861
f 866//866 867//867 868//868
f 868//868 867//867 869//869
f 868//868 869//869 870//870
f 871//871 872//872 868//868
f 868//868 872//872 873//873
f 868//868 873//873 866//866
f 874//874 875//875 868//868
f 868//868 875//875 876//876
f 868//868 876//876 871//871
f 870//870 877//877 868//868
f 868//868 877//877 878//878
f 868//868 878//878 874//874
f 879//879 432//432 880//880
f 880//880 432//432 433//433
f 880//880 433//433 881//881
f 881//881 433//433 882//882
f 882//882 433//433 96//96
f 882//882 96//96 97//97
f 64//64 63//63 883//883
f 883//883 63//63 196//196
f 883//883 196//196 194//194
f 883//883 194//194 884//884
f 884//884 194//194 182//182
f 884//884 182//182 885//885
f 885//885 182//182 886//886
f 886//886 182//182 181//181
f 219//219 887//887 221//221
f 221//221 887//887 888//888
f 221//221 888//888 181//181
f 181//181 888//888 886//886
f 887//887 219//219 879//879
f 879//879 219//219 432//432
f 889//889 409//409 890//890
f 890//890 409//409 410//410
f 890//890 410//410 891//891
f 891//891 410//410 892//892
f 892//892 410//410 76//76
f 892//892 76//76 77//77
f 44//44 43//43 893//893
f 893//893 43//43 212//212
f 893//893 212//212 210//210
f 893//893 210//210 894//894
f 894//894 210//210 174//174
f 894//894 174//174 895//895
f 895//895 174//174 896//896
f 896//896 174//174 173//173
f 203//203 897//897 205//205
f 205//205 897//897 898//898
f 205//205 898//898 173//173
f 173//173 898//898 896//896
f 897//897 203//203 899//899
f 899//899 203//203 198//198
f 170//170 900//900 200//200
f 200//200 900//900 901//901
f 200//200 901//901 198//198
f 198//198 901//901 899//899
f 900//900 170//170 902//902
f 902//902 170//170 169//169
f 902//902 169//169 191//191
f 902//902 191//191 903//903
f 903//903 191//191 193//193
f 903//903 193//193 904//904
f 904//904 193//193 889//889
f 889//889 193//193 409//409
f 905//905 428//428 906//906
f 906//906 428//428 429//429
f 906//906 429//429 907//907
f 907//907 429//429 908//908
f 908//908 429//429 56//56
f 908//908 56//56 57//57
f 909//909 209//209 905//905
f 905//905 209//209 428//428
f 24//24 23//23 910//910
f 910//910 23//23 214//214
f 178//178 911//911 216//216
f 216//216 911//911 912//912
f 216//216 912//912 214//214
f 214//214 912//912 910//910
f 911//911 178//178 913//913
f 913//913 178//178 177//177
f 913//913 177//177 207//207
f 913//913 207//207 914//914
f 914//914 207//207 209//209
f 914//914 209//209 909//909
f 915//915 916//916 567//567
f 567//567 916//916 569//569
f 567//567 566//566 915//915
f 915//915 566//566 917//917
f 549//549 918//918 554//554
f 554//554 918//918 919//919
f 554//554 919//919 556//556
f 556//556 919//919 920//920
f 556//556 920//920 558//558
f 558//558 920//920 921//921
f 558//558 921//921 560//560
f 560//560 921//921 922//922
f 560//560 922//922 562//562
f 562//562 922//922 923//923
f 562//562 923//923 564//564
f 564//564 923//923 924//924
f 564//564 924//924 566//566
f 566//566 924//924 917//917
f 551//551 925//925 549//549
f 549//549 925//925 918//918
f 569//569 916//916 572//572
f 572//572 916//916 926//926
f 572//572 926//926 574//574
f 574//574 926//926 927//927
f 574//574 927//927 576//576
f 576//576 927//927 928//928
f 576//576 928//928 578//578
f 578//578 928//928 929//929
f 578//578 929//929 580//580
f 580//580 929//929 930//930
f 580//580 930//930 582//582
f 582//582 930//930 931//931
f 582//582 931//931 551//551
f 551//551 931//931 925//925
f 932//932 435//435 933//933
f 933//933 435//435 434//434
f 933//933 434//434 934//934
f 934//934 434//434 935//935
f 935//935 434//434 36//36
f 935//935 36//36 37//37
f 84//84 83//83 932//932
f 932//932 83//83 435//435
f 721//721 297//297 936//936
f 936//936 297//297 314//314
f 936//936 314//314 317//317
f 316//316 405//405 322//322
f 322//322 405//405 406//406
f 322//322 406//406 323//323
f 341//341 937//937 337//337
f 337//337 937//937 938//938
f 317//317 316//316 936//936
f 936//936 316//316 322//322
f 936//936 322//322 939//939
f 939//939 322//322 325//325
f 939//939 325//325 940//940
f 940//940 325//325 327//327
f 940//940 327//327 941//941
f 941//941 327//327 329//329
f 941//941 329//329 942//942
f 942//942 329//329 331//331
f 942//942 331//331 943//943
f 943//943 331//331 333//333
f 943//943 333//333 938//938
f 938//938 333//333 335//335
f 938//938 335//335 337//337
f 944//944 945//945 946//946
f 946//946 945//945 341//341
f 946//946 341//341 340//340
f 339//339 350//350 340//340
f 340//340 350//350 947//947
f 340//340 947//947 946//946
f 948//948 949//949 950//950
f 352//352 357//357 951//951
f 951//951 357//357 952//952
f 951//951 952//952 953//953
f 953//953 952//952 954//954
f 953//953 954//954 955//955
f 352//352 951//951 358//358
f 358//358 951//951 956//956
f 358//358 956//956 189//189
f 956//956 957//957 958//958
f 189//189 956//956 349//349
f 349//349 956//956 958//958
f 349//349 958//958 350//350
f 957//957 956//956 959//959
f 959//959 956//956 951//951
f 959//959 951//951 960//960
f 960//960 951//951 953//953
f 960//960 953//953 950//950
f 950//950 953//953 955//955
f 950//950 955//955 948//948
f 961//961 197//197 962//962
f 962//962 197//197 407//407
f 963//963 964//964 965//965
f 966//966 967//967 968//968
f 969//969 365//365 970//970
f 970//970 365//365 367//367
f 185//185 365//365 359//359
f 359//359 365//365 969//969
f 359//359 969//969 360//360
f 360//360 969//969 361//361
f 966//966 968//968 971//971
f 362//362 361//361 972//972
f 972//972 361//361 969//969
f 972//972 969//969 968//968
f 968//968 969//969 970//970
f 968//968 970//970 971//971
f 971//971 970//970 367//367
f 971//971 367//367 366//366
f 363//363 362//362 973//973
f 973//973 362//362 972//972
f 973//973 972//972 965//965
f 965//965 972//972 968//968
f 965//965 968//968 963//963
f 963//963 968//968 967//967
f 971//971 375//375 374//374
f 385//385 964//964 963//963
f 385//385 963//963 384//384
f 384//384 963//963 967//967
f 384//384 967//967 374//374
f 374//374 967//967 966//966
f 374//374 966//966 971//971
f 375//375 971//971 376//376
f 376//376 971//971 366//366
f 376//376 366//366 373//373
f 749//749 750//750 166//166
f 166//166 750//750 743//743
f 166//166 743//743 168//168
f 743//743 745//745 168//168
f 168//168 745//745 746//746
f 168//168 746//746 387//387
f 387//387 746//746 974//974
f 387//387 974//974 975//975
f 749//749 166//166 740//740
f 740//740 166//166 164//164
f 740//740 164//164 741//741
f 156//156 734//734 154//154
f 154//154 734//734 732//732
f 154//154 732//732 164//164
f 164//164 732//732 731//731
f 164//164 731//731 741//741
f 729//729 730//730 159//159
f 159//159 730//730 739//739
f 159//159 739//739 158//158
f 158//158 739//739 738//738
f 158//158 738//738 156//156
f 156//156 738//738 736//736
f 156//156 736//736 734//734
f 401//401 400//400 162//162
f 162//162 400//400 727//727
f 729//729 159//159 727//727
f 727//727 159//159 161//161
f 727//727 161//161 162//162
f 397//397 396//396 147//147
f 401//401 162//162 396//396
f 396//396 162//162 148//148
f 396//396 148//148 147//147
f 151//151 385//385 383//383
f 383//383 382//382 151//151
f 151//151 382//382 389//389
f 151//151 389//389 147//147
f 147//147 389//389 388//388
f 147//147 388//388 397//397
f 975//975 976//976 387//387
f 387//387 976//976 778//778
f 387//387 778//778 300//300
f 151//151 150//150 977//977
f 977//977 150//150 218//218
f 183//183 978//978 220//220
f 220//220 978//978 979//979
f 220//220 979//979 218//218
f 218//218 979//979 977//977
f 978//978 183//183 980//980
f 980//980 183//183 184//184
f 980//980 184//184 195//195
f 980//980 195//195 981//981
f 981//981 195//195 197//197
f 981//981 197//197 961//961
f 21//21 22//22 408//408
f 408//408 22//22 982//982
f 408//408 982//982 407//407
f 407//407 982//982 962//962
f 983//983 213//213 414//414
f 414//414 213//213 413//413
f 5//5 4//4 984//984
f 984//984 4//4 192//192
f 984//984 192//192 190//190
f 984//984 190//190 985//985
f 985//985 190//190 171//171
f 985//985 171//171 986//986
f 986//986 171//171 987//987
f 987//987 171//171 172//172
f 199//199 988//988 201//201
f 201//201 988//988 989//989
f 201//201 989//989 172//172
f 172//172 989//989 987//987
f 988//988 199//199 990//990
f 990//990 199//199 202//202
f 175//175 991//991 204//204
f 204//204 991//991 992//992
f 204//204 992//992 202//202
f 202//202 992//992 990//990
f 991//991 175//175 993//993
f 993//993 175//175 176//176
f 993//993 176//176 211//211
f 993//993 211//211 994//994
f 994//994 211//211 213//213
f 994//994 213//213 983//983
f 129//129 995//995 996//996
f 997//997 414//414 412//412
f 997//997 412//412 998//998
f 998//998 412//412 146//146
f 998//998 146//146 999//999
f 146//146 144//144 999//999
f 999//999 144//144 142//142
f 999//999 142//142 1000//1000
f 1000//1000 142//142 132//132
f 1000//1000 132//132 1001//1001
f 132//132 134//134 1001//1001
f 1001//1001 134//134 136//136
f 1001//1001 136//136 1002//1002
f 136//136 137//137 1002//1002
f 1002//1002 137//137 139//139
f 1002//1002 139//139 1003//1003
f 139//139 140//140 1003//1003
f 1003//1003 140//140 126//126
f 1003//1003 126//126 996//996
f 996//996 126//126 125//125
f 996//996 125//125 129//129
f 1004//1004 545//545 1005//1005
f 1005//1005 545//545 1006//1006
f 1005//1005 1006//1006 1007//1007
f 1007//1007 1006//1006 1008//1008
f 1007//1007 1008//1008 1009//1009
f 1009//1009 1008//1008 1010//1010
f 1009//1009 1010//1010 1011//1011
f 1011//1011 1010//1010 1012//1012
f 1011//1011 1013//1013 1009//1009
f 1009//1009 1013//1013 1014//1014
f 1009//1009 1014//1014 1007//1007
f 1007//1007 1014//1014 1015//1015
f 1007//1007 1015//1015 1005//1005
f 1005//1005 1015//1015 1016//1016
f 1005//1005 1016//1016 1004//1004
f 1004//1004 1016//1016 1017//1017
f 1004//1004 1017//1017 1018//1018
f 1018//1018 1017//1017 1019//1019
f 1012//1012 1020//1020 1021//1021
f 1012//1012 1021//1021 1011//1011
f 1022//1022 1013//1013 1023//1023
f 1023//1023 1013//1013 1011//1011
f 1023//1023 1011//1011 1024//1024
f 1024//1024 1011//1011 1021//1021
f 1006//1006 545//545 544//544
f 1025//1025 1012//1012 1026//1026
f 1026//1026 1012//1012 1010//1010
f 1026//1026 1010//1010 1027//1027
f 1027//1027 1010//1010 1008//1008
f 1027//1027 1008//1008 1028//1028
f 1028//1028 1008//1008 1006//1006
f 1028//1028 1006//1006 1029//1029
f 1029//1029 1006//1006 544//544
f 1030//1030 1031//1031 1032//1032
f 1032//1032 1031//1031 1033//1033
f 1032//1032 1033//1033 1025//1025
f 1034//1034 1035//1035 1036//1036
f 1036//1036 1035//1035 1037//1037
f 1037//1037 1038//1038 1036//1036
f 1036//1036 1038//1038 1039//1039
f 1036//1036 1039//1039 1030//1030
f 1030//1030 1039//1039 1040//1040
f 1030//1030 1040//1040 1031//1031
f 1041//1041 1042//1042 1043//1043
f 1043//1043 1042//1042 1044//1044
f 1043//1043 1044//1044 1034//1034
f 1034//1034 1044//1044 1045//1045
f 1034//1034 1045//1045 1035//1035
f 1034//1034 1036//1036 1046//1046
f 1030//1030 1032//1032 1047//1047
f 544//544 1048//1048 1049//1049
f 544//544 1049//1049 1029//1029
f 1029//1029 1049//1049 1050//1050
f 1029//1029 1050//1050 1028//1028
f 1028//1028 1050//1050 1027//1027
f 1027//1027 1050//1050 1047//1047
f 1027//1027 1047//1047 1026//1026
f 1026//1026 1047//1047 1032//1032
f 1026//1026 1032//1032 1025//1025
f 1051//1051 1041//1041 1043//1043
f 1043//1043 1052//1052 1051//1051
f 1051//1051 1052//1052 1053//1053
f 1051//1051 1053//1053 1054//1054
f 1054//1054 1053//1053 1055//1055
f 1054//1054 1055//1055 1056//1056
f 1056//1056 1055//1055 1057//1057
f 1056//1056 1057//1057 1058//1058
f 1043//1043 1034//1034 1052//1052
f 1052//1052 1034//1034 1046//1046
f 1052//1052 1046//1046 1053//1053
f 1053//1053 1046//1046 1059//1059
f 1053//1053 1059//1059 1055//1055
f 1055//1055 1059//1059 1060//1060
f 1055//1055 1060//1060 1057//1057
f 1057//1057 1060//1060 1061//1061
f 1036//1036 1030//1030 1046//1046
f 1046//1046 1030//1030 1047//1047
f 1046//1046 1047//1047 1059//1059
f 1059//1059 1047//1047 1050//1050
f 1059//1059 1050//1050 1060//1060
f 1060//1060 1050//1050 1049//1049
f 1060//1060 1049//1049 1061//1061
f 1061//1061 1049//1049 1048//1048
f 497//497 1062//1062 1063//1063
f 497//497 1063//1063 498//498
f 498//498 1063//1063 1064//1064
f 498//498 1064//1064 500//500
f 500//500 1064//1064 501//501
f 501//501 1064//1064 1065//1065
f 501//501 1065//1065 504//504
f 504//504 1065//1065 1066//1066
f 504//504 1066//1066 506//506
f 506//506 1066//1066 1067//1067
f 506//506 1067//1067 514//514
f 523//523 525//525 1068//1068
f 1068//1068 525//525 517//517
f 1068//1068 517//517 1069//1069
f 1069//1069 517//517 519//519
f 1069//1069 519//519 1070//1070
f 1070//1070 519//519 520//520
f 1070//1070 520//520 1071//1071
f 1071//1071 520//520 510//510
f 1071//1071 510//510 1067//1067
f 1067//1067 510//510 512//512
f 1067//1067 512//512 514//514
f 523//523 1068//1068 529//529
f 529//529 1068//1068 1072//1072
f 529//529 1072//1072 530//530
f 530//530 1072//1072 1073//1073
f 530//530 1073//1073 538//538
f 538//538 1073//1073 1074//1074
f 538//538 1074//1074 536//536
f 536//536 1074//1074 1075//1075
f 536//536 1075//1075 531//531
f 531//531 1075//1075 1076//1076
f 531//531 1076//1076 542//542
f 542//542 1076//1076 1077//1077
f 542//542 1077//1077 546//546
f 546//546 1077//1077 1048//1048
f 546//546 1048//1048 544//544
f 1078//1078 1058//1058 1057//1057
f 1057//1057 1079//1079 1078//1078
f 1078//1078 1079//1079 1080//1080
f 1078//1078 1080//1080 1081//1081
f 1081//1081 1080//1080 1082//1082
f 1081//1081 1082//1082 1083//1083
f 1083//1083 1082//1082 1084//1084
f 1083//1083 1084//1084 1085//1085
f 1085//1085 1084//1084 1086//1086
f 1085//1085 1086//1086 1087//1087
f 1087//1087 1086//1086 1088//1088
f 1087//1087 1088//1088 1089//1089
f 1089//1089 1088//1088 1090//1090
f 1089//1089 1090//1090 1091//1091
f 1091//1091 1090//1090 1092//1092
f 1091//1091 1092//1092 1093//1093
f 1093//1093 1092//1092 1094//1094
f 1093//1093 1094//1094 1095//1095
f 1095//1095 1094//1094 1096//1096
f 1095//1095 1096//1096 1097//1097
f 1097//1097 1096//1096 1098//1098
f 1097//1097 1098//1098 1099//1099
f 1099//1099 1098//1098 1100//1100
f 1099//1099 1100//1100 1101//1101
f 1101//1101 1100//1100 1102//1102
f 1101//1101 1102//1102 1103//1103
f 1103//1103 1102//1102 1104//1104
f 1103//1103 1104//1104 1105//1105
f 1105//1105 1104//1104 1106//1106
f 1105//1105 1106//1106 1107//1107
f 1107//1107 1106//1106 1108//1108
f 1107//1107 1108//1108 1109//1109
f 1062//1062 1110//1110 1063//1063
f 1063//1063 1110//1110 1111//1111
f 1063//1063 1111//1111 1064//1064
f 1064//1064 1111//1111 1112//1112
f 1064//1064 1112//1112 1065//1065
f 1065//1065 1112//1112 1113//1113
f 1065//1065 1113//1113 1066//1066
f 1066//1066 1113//1113 1114//1114
f 1066//1066 1114//1114 1067//1067
f 1067//1067 1114//1114 1115//1115
f 1067//1067 1115//1115 1071//1071
f 1071//1071 1115//1115 1116//1116
f 1071//1071 1116//1116 1070//1070
f 1070//1070 1116//1116 1117//1117
f 1070//1070 1117//1117 1069//1069
f 1069//1069 1117//1117 1118//1118
f 1069//1069 1118//1118 1068//1068
f 1068//1068 1118//1118 1119//1119
f 1068//1068 1119//1119 1072//1072
f 1072//1072 1119//1119 1120//1120
f 1072//1072 1120//1120 1073//1073
f 1073//1073 1120//1120 1121//1121
f 1073//1073 1121//1121 1074//1074
f 1074//1074 1121//1121 1122//1122
f 1074//1074 1122//1122 1075//1075
f 1075//1075 1122//1122 1123//1123
f 1075//1075 1123//1123 1076//1076
f 1076//1076 1123//1123 1124//1124
f 1076//1076 1124//1124 1077//1077
f 1077//1077 1124//1124 1125//1125
f 1077//1077 1125//1125 1048//1048
f 1048//1048 1125//1125 1061//1061
f 1110//1110 1108//1108 1111//1111
f 1111//1111 1108//1108 1106//1106
f 1111//1111 1106//1106 1112//1112
f 1112//1112 1106//1106 1104//1104
f 1112//1112 1104//1104 1113//1113
f 1113//1113 1104//1104 1102//1102
f 1113//1113 1102//1102 1114//1114
f 1114//1114 1102//1102 1100//1100
f 1114//1114 1100//1100 1115//1115
f 1115//1115 1100//1100 1098//1098
f 1115//1115 1098//1098 1116//1116
f 1116//1116 1098//1098 1096//1096
f 1116//1116 1096//1096 1117//1117
f 1117//1117 1096//1096 1094//1094
f 1117//1117 1094//1094 1118//1118
f 1118//1118 1094//1094 1092//1092
f 1118//1118 1092//1092 1119//1119
f 1119//1119 1092//1092 1090//1090
f 1119//1119 1090//1090 1120//1120
f 1120//1120 1090//1090 1088//1088
f 1120//1120 1088//1088 1121//1121
f 1121//1121 1088//1088 1086//1086
f 1121//1121 1086//1086 1122//1122
f 1122//1122 1086//1086 1084//1084
f 1122//1122 1084//1084 1123//1123
f 1123//1123 1084//1084 1082//1082
f 1123//1123 1082//1082 1124//1124
f 1124//1124 1082//1082 1080//1080
f 1124//1124 1080//1080 1125//1125
f 1125//1125 1080//1080 1079//1079
f 1125//1125 1079//1079 1061//1061
f 1061//1061 1079//1079 1057//1057
f 1126//1126 1127//1127 1128//1128
f 1128//1128 1127//1127 1129//1129
f 1129//1129 1127//1127 1130//1130
f 1130//1130 1127//1127 1131//1131
f 1130//1130 1131//1131 1132//1132
f 1132//1132 1131//1131 1133//1133
f 1132//1132 1133//1133 1134//1134
f 1134//1134 1133//1133 1062//1062
f 1134//1134 1062//1062 497//497
f 1135//1135 1109//1109 1108//1108
f 1108//1108 1136//1136 1135//1135
f 1135//1135 1136//1136 1137//1137
f 1135//1135 1137//1137 1138//1138
f 1138//1138 1137//1137 1139//1139
f 1138//1138 1139//1139 1140//1140
f 1140//1140 1139//1139 1141//1141
f 1140//1140 1141//1141 1142//1142
f 1108//1108 1110//1110 1136//1136
f 1136//1136 1110//1110 1143//1143
f 1136//1136 1143//1143 1137//1137
f 1137//1137 1143//1143 1144//1144
f 1137//1137 1144//1144 1139//1139
f 1139//1139 1144//1144 1145//1145
f 1139//1139 1145//1145 1141//1141
f 1141//1141 1145//1145 1146//1146
f 1110//1110 1062//1062 1143//1143
f 1143//1143 1062//1062 1133//1133
f 1143//1143 1133//1133 1144//1144
f 1144//1144 1133//1133 1131//1131
f 1144//1144 1131//1131 1145//1145
f 1145//1145 1131//1131 1127//1127
f 1145//1145 1127//1127 1146//1146
f 1146//1146 1127//1127 1126//1126
f 1147//1147 418//418 1148//1148
f 1148//1148 418//418 416//416
f 1148//1148 416//416 1149//1149
f 1149//1149 416//416 415//415
f 1149//1149 415//415 1150//1150
f 1150//1150 415//415 422//422
f 1150//1150 422//422 1151//1151
f 1151//1151 422//422 421//421
f 1151//1151 421//421 1152//1152
f 1152//1152 421//421 420//420
f 1152//1152 420//420 1153//1153
f 1153//1153 420//420 425//425
f 1153//1153 425//425 1154//1154
f 1154//1154 425//425 424//424
f 1154//1154 424//424 1155//1155
f 1155//1155 424//424 423//423
f 1155//1155 423//423 1156//1156
f 1156//1156 423//423 427//427
f 1156//1156 427//427 1157//1157
f 1157//1157 427//427 426//426
f 1157//1157 426//426 1158//1158
f 1158//1158 426//426 419//419
f 1158//1158 419//419 1147//1147
f 1147//1147 419//419 418//418
f 1159//1159 1160//1160 1142//1142
f 1142//1142 1160//1160 1161//1161
f 1161//1161 1162//1162 1142//1142
f 1142//1142 1162//1162 1163//1163
f 1142//1142 1163//1163 1164//1164
f 1159//1159 1142//1142 1165//1165
f 1165//1165 1142//1142 1141//1141
f 1165//1165 1141//1141 1166//1166
f 1166//1166 1141//1141 1146//1146
f 1166//1166 1146//1146 1167//1167
f 1167//1167 1146//1146 1126//1126
f 1167//1167 1126//1126 1168//1168
f 1168//1168 1126//1126 1128//1128
f 1168//1168 1128//1128 1169//1169
f 1128//1128 1129//1129 1170//1170
f 1170//1170 1129//1129 1171//1171
f 1129//1129 1130//1130 1171//1171
f 1171//1171 1130//1130 1132//1132
f 1171//1171 1132//1132 1172//1172
f 1132//1132 1134//1134 1172//1172
f 1172//1172 1134//1134 497//497
f 1172//1172 497//497 496//496
f 1173//1173 1174//1174 1175//1175
f 1175//1175 1174//1174 1170//1170
f 1173//1173 1175//1175 1176//1176
f 1176//1176 1175//1175 1177//1177
f 1176//1176 1177//1177 1178//1178
f 1178//1178 1177//1177 1179//1179
f 1178//1178 1179//1179 1180//1180
f 1180//1180 1179//1179 1181//1181
f 1180//1180 1181//1181 1182//1182
f 1182//1182 1181//1181 1183//1183
f 1182//1182 1183//1183 1184//1184
f 1184//1184 1183//1183 1185//1185
f 1184//1184 1185//1185 1186//1186
f 1172//1172 496//496 1187//1187
f 1171//1171 1172//1172 1188//1188
f 1170//1170 1171//1171 1175//1175
f 1175//1175 1171//1171 1189//1189
f 1175//1175 1189//1189 1177//1177
f 1172//1172 1187//1187 1188//1188
f 1188//1188 1187//1187 1190//1190
f 1188//1188 1190//1190 1191//1191
f 1191//1191 1190//1190 1192//1192
f 1191//1191 1192//1192 1193//1193
f 1193//1193 1192//1192 1194//1194
f 1193//1193 1194//1194 1195//1195
f 1171//1171 1188//1188 1189//1189
f 1189//1189 1188//1188 1191//1191
f 1189//1189 1191//1191 1196//1196
f 1196//1196 1191//1191 1193//1193
f 1196//1196 1193//1193 1197//1197
f 1197//1197 1193//1193 1195//1195
f 1197//1197 1195//1195 1198//1198
f 1177//1177 1189//1189 1179//1179
f 1179//1179 1189//1189 1196//1196
f 1179//1179 1196//1196 1181//1181
f 1181//1181 1196//1196 1197//1197
f 1181//1181 1197//1197 1183//1183
f 1183//1183 1197//1197 1198//1198
f 1183//1183 1198//1198 1185//1185
f 129//129 128//128 1199//1199
f 1199//1199 128//128 208//208
f 1199//1199 208//208 206//206
f 1199//1199 206//206 1200//1200
f 1200//1200 206//206 179//179
f 1200//1200 179//179 1201//1201
f 1201//1201 179//179 1202//1202
f 1202//1202 179//179 180//180
f 215//215 1203//1203 217//217
f 217//217 1203//1203 1204//1204
f 217//217 1204//1204 180//180
f 180//180 1204//1204 1202//1202
f 1203//1203 215//215 437//437
f 437//437 215//215 430//430
f 437//437 436//436 441//441
f 441//441 443//443 437//437
f 437//437 443//443 466//466
f 437//437 466//466 465//465
f 701//701 439//439 436//436
f 436//436 439//439 438//438
f 436//436 438//438 441//441
f 120//120 804//804 122//122
f 122//122 804//804 704//704
f 704//704 703//703 122//122
f 122//122 703//703 702//702
f 122//122 702//702 124//124
f 124//124 702//702 698//698
f 124//124 698//698 436//436
f 436//436 698//698 700//700
f 436//436 700//700 701//701
f 115//115 825//825 114//114
f 114//114 825//825 823//823
f 114//114 823//823 112//112
f 112//112 823//823 821//821
f 112//112 821//821 110//110
f 110//110 821//821 820//820
f 110//110 820//820 120//120
f 120//120 820//820 802//802
f 120//120 802//802 804//804
f 104//104 800//800 118//118
f 118//118 800//800 799//799
f 799//799 819//819 118//118
f 118//118 819//819 818//818
f 118//118 818//818 117//117
f 117//117 818//818 816//816
f 117//117 816//816 115//115
f 115//115 816//816 826//826
f 115//115 826//826 825//825
f 777//777 1205//1205 107//107
f 107//107 1205//1205 1206//1206
f 107//107 1206//1206 103//103
f 103//103 1206//1206 780//780
f 103//103 780//780 104//104
f 104//104 780//780 801//801
f 104//104 801//801 800//800
f 459//459 475//475 1207//1207
f 1208//1208 1209//1209 461//461
f 461//461 1209//1209 1210//1210
f 461//461 1210//1210 463//463
f 463//463 1210//1210 1211//1211
f 463//463 1211//1211 465//465
f 1208//1208 461//461 1207//1207
f 1207//1207 461//461 460//460
f 1207//1207 460//460 459//459
f 478//478 477//477 1212//1212
f 1209//1209 1208//1208 1213//1213
f 1213//1213 1208//1208 1207//1207
f 241//241 479//479 483//483
f 483//483 479//479 1214//1214
f 483//483 1214//1214 482//482
f 482//482 1214//1214 1213//1213
f 482//482 1213//1213 481//481
f 481//481 1213//1213 1207//1207
f 481//481 1207//1207 475//475
f 1210//1210 1209//1209 1215//1215
f 1215//1215 1209//1209 1213//1213
f 1215//1215 1213//1213 1216//1216
f 1216//1216 1213//1213 1214//1214
f 1216//1216 1214//1214 480//480
f 480//480 1214//1214 479//479
f 1211//1211 1210//1210 1217//1217
f 1217//1217 1210//1210 1215//1215
f 1217//1217 1215//1215 1212//1212
f 1212//1212 1215//1215 1216//1216
f 1212//1212 1216//1216 478//478
f 478//478 1216//1216 480//480
f 495//495 476//476 247//247
f 476//476 495//495 494//494
f 488//488 1218//1218 1219//1219
f 1220//1220 1221//1221 1222//1222
f 1220//1220 1222//1222 1223//1223
f 1223//1223 1222//1222 1224//1224
f 1223//1223 1224//1224 1225//1225
f 1225//1225 1224//1224 1226//1226
f 1225//1225 1226//1226 1227//1227
f 630//630 1227//1227 632//632
f 632//632 1227//1227 1226//1226
f 632//632 1226//1226 634//634
f 634//634 1226//1226 636//636
f 488//488 1219//1219 491//491
f 491//491 1219//1219 1228//1228
f 491//491 1228//1228 492//492
f 492//492 1228//1228 1229//1229
f 492//492 1229//1229 494//494
f 1221//1221 1229//1229 1222//1222
f 1222//1222 1229//1229 1228//1228
f 1222//1222 1228//1228 1224//1224
f 1224//1224 1228//1228 1219//1219
f 1224//1224 1219//1219 1226//1226
f 1226//1226 1219//1219 1218//1218
f 1226//1226 1218//1218 636//636
f 636//636 1218//1218 488//488
f 636//636 488//488 487//487
f 1230//1230 1231//1231 1232//1232
f 537//537 535//535 1233//1233
f 1234//1234 1235//1235 1236//1236
f 1237//1237 1238//1238 1239//1239
f 1240//1240 1241//1241 1242//1242
f 1242//1242 1241//1241 1243//1243
f 1242//1242 1243//1243 1239//1239
f 1239//1239 1243//1243 1244//1244
f 1239//1239 1244//1244 1237//1237
f 1245//1245 1246//1246 1247//1247
f 1247//1247 1246//1246 1248//1248
f 1247//1247 1248//1248 1240//1240
f 1240//1240 1248//1248 1249//1249
f 1240//1240 1249//1249 1241//1241
f 1247//1247 1250//1250 1245//1245
f 1245//1245 1250//1250 1251//1251
f 1245//1245 1251//1251 1252//1252
f 1252//1252 1251//1251 1018//1018
f 1252//1252 1018//1018 1019//1019
f 1194//1194 1192//1192 1253//1253
f 1253//1253 1192//1192 1254//1254
f 1255//1255 1256//1256 1254//1254
f 1254//1254 1256//1256 1257//1257
f 1254//1254 1257//1257 1253//1253
f 1255//1255 1254//1254 1258//1258
f 1258//1258 1254//1254 1259//1259
f 1258//1258 1259//1259 1260//1260
f 1261//1261 1262//1262 1263//1263
f 1263//1263 1262//1262 1264//1264
f 1263//1263 1264//1264 1259//1259
f 1259//1259 1264//1264 1265//1265
f 1259//1259 1265//1265 1260//1260
f 1261//1261 1263//1263 1266//1266
f 1266//1266 1263//1263 1267//1267
f 1266//1266 1267//1267 1268//1268
f 1268//1268 1267//1267 1269//1269
f 1268//1268 1269//1269 1270//1270
f 1271//1271 1272//1272 1273//1273
f 1273//1273 1272//1272 1274//1274
f 1273//1273 1274//1274 1275//1275
f 1275//1275 1274//1274 1276//1276
f 1275//1275 1276//1276 1269//1269
f 1269//1269 1276//1276 1277//1277
f 1269//1269 1277//1277 1270//1270
f 1278//1278 1279//1279 1280//1280
f 1278//1278 1280//1280 1273//1273
f 1273//1273 1280//1280 1281//1281
f 1273//1273 1281//1281 1271//1271
f 1235//1235 1234//1234 1278//1278
f 1278//1278 1234//1234 1282//1282
f 1278//1278 1282//1282 1279//1279
f 1237//1237 1283//1283 1238//1238
f 1238//1238 1283//1283 1284//1284
f 1238//1238 1284//1284 1236//1236
f 1236//1236 1284//1284 1285//1285
f 1236//1236 1285//1285 1234//1234
f 521//521 1286//1286 522//522
f 522//522 1286//1286 524//524
f 1287//1287 1286//1286 1288//1288
f 1288//1288 1286//1286 521//521
f 1288//1288 521//521 1289//1289
f 1289//1289 521//521 528//528
f 1289//1289 528//528 1290//1290
f 1290//1290 528//528 540//540
f 1290//1290 540//540 1291//1291
f 1291//1291 540//540 539//539
f 1291//1291 539//539 1292//1292
f 1293//1293 1294//1294 1295//1295
f 1295//1295 1294//1294 1296//1296
f 1295//1295 1296//1296 1187//1187
f 1187//1187 1296//1296 1190//1190
f 1232//1232 1231//1231 1297//1297
f 1297//1297 1231//1231 1298//1298
f 1297//1297 1298//1298 1299//1299
f 1300//1300 1301//1301 1302//1302
f 1302//1302 1301//1301 1303//1303
f 1302//1302 1303//1303 1304//1304
f 503//503 1301//1301 1293//1293
f 1293//1293 1301//1301 1300//1300
f 1293//1293 1300//1300 1294//1294
f 1187//1187 496//496 1295//1295
f 1295//1295 496//496 499//499
f 1295//1295 499//499 1293//1293
f 1293//1293 499//499 502//502
f 1293//1293 502//502 503//503
f 515//515 513//513 1230//1230
f 503//503 505//505 1301//1301
f 1301//1301 505//505 507//507
f 1301//1301 507//507 1303//1303
f 1303//1303 507//507 516//516
f 539//539 537//537 1292//1292
f 1292//1292 537//537 1233//1233
f 1292//1292 1233//1233 1291//1291
f 1291//1291 1233//1233 1305//1305
f 1291//1291 1305//1305 1290//1290
f 1290//1290 1305//1305 1306//1306
f 1290//1290 1306//1306 1289//1289
f 1289//1289 1306//1306 1307//1307
f 1289//1289 1307//1307 1288//1288
f 1288//1288 1307//1307 1308//1308
f 1288//1288 1308//1308 1287//1287
f 1287//1287 1308//1308 1299//1299
f 1192//1192 1190//1190 1254//1254
f 1254//1254 1190//1190 1296//1296
f 1254//1254 1296//1296 1259//1259
f 1259//1259 1296//1296 1294//1294
f 1259//1259 1294//1294 1263//1263
f 1263//1263 1294//1294 1300//1300
f 1263//1263 1300//1300 1267//1267
f 1267//1267 1300//1300 1302//1302
f 1267//1267 1302//1302 1269//1269
f 1269//1269 1302//1302 1304//1304
f 1269//1269 1304//1304 1275//1275
f 533//533 532//532 1309//1309
f 1309//1309 532//532 541//541
f 1309//1309 541//541 1310//1310
f 1310//1310 541//541 543//543
f 1310//1310 543//543 1311//1311
f 1311//1311 543//543 548//548
f 1311//1311 548//548 1004//1004
f 1004//1004 548//548 547//547
f 1004//1004 547//547 545//545
f 1004//1004 1018//1018 1311//1311
f 1311//1311 1018//1018 1251//1251
f 1311//1311 1251//1251 1310//1310
f 1310//1310 1251//1251 1250//1250
f 1310//1310 1250//1250 1309//1309
f 1309//1309 1250//1250 1247//1247
f 1309//1309 1247//1247 533//533
f 533//533 1247//1247 1240//1240
f 533//533 1240//1240 534//534
f 534//534 1240//1240 1242//1242
f 513//513 511//511 1230//1230
f 1230//1230 511//511 509//509
f 1230//1230 509//509 1231//1231
f 1231//1231 509//509 508//508
f 1231//1231 508//508 1298//1298
f 1298//1298 508//508 518//518
f 1298//1298 518//518 1312//1312
f 1312//1312 518//518 527//527
f 1312//1312 527//527 526//526
f 1299//1299 1298//1298 1287//1287
f 1287//1287 1298//1298 1312//1312
f 1287//1287 1312//1312 1286//1286
f 1286//1286 1312//1312 526//526
f 1286//1286 526//526 524//524
f 516//516 515//515 1303//1303
f 1303//1303 515//515 1230//1230
f 1303//1303 1230//1230 1304//1304
f 1304//1304 1230//1230 1232//1232
f 1304//1304 1232//1232 1275//1275
f 1275//1275 1232//1232 1297//1297
f 1275//1275 1297//1297 1273//1273
f 1273//1273 1297//1297 1299//1299
f 1273//1273 1299//1299 1278//1278
f 1278//1278 1299//1299 1308//1308
f 1278//1278 1308//1308 1235//1235
f 1235//1235 1308//1308 1307//1307
f 1235//1235 1307//1307 1236//1236
f 1236//1236 1307//1307 1306//1306
f 1236//1236 1306//1306 1238//1238
f 1238//1238 1306//1306 1305//1305
f 1238//1238 1305//1305 1239//1239
f 1239//1239 1305//1305 1233//1233
f 1239//1239 1233//1233 1242//1242
f 1242//1242 1233//1233 535//535
f 1242//1242 535//535 534//534
f 550//550 1313//1313 552//552
f 552//552 1313//1313 1314//1314
f 565//565 1315//1315 563//563
f 563//563 1315//1315 1316//1316
f 563//563 1316//1316 561//561
f 561//561 1316//1316 1317//1317
f 561//561 1317//1317 559//559
f 559//559 1317//1317 1318//1318
f 559//559 1318//1318 557//557
f 557//557 1318//1318 1319//1319
f 557//557 1319//1319 555//555
f 555//555 1319//1319 1320//1320
f 555//555 1320//1320 553//553
f 553//553 1320//1320 1321//1321
f 553//553 1321//1321 550//550
f 550//550 1321//1321 1313//1313
f 1322//1322 1315//1315 568//568
f 568//568 1315//1315 565//565
f 568//568 570//570 1322//1322
f 1322//1322 570//570 1323//1323
f 552//552 1314//1314 581//581
f 581//581 1314//1314 1324//1324
f 581//581 1324//1324 579//579
f 579//579 1324//1324 1325//1325
f 579//579 1325//1325 577//577
f 577//577 1325//1325 1326//1326
f 577//577 1326//1326 575//575
f 575//575 1326//1326 1327//1327
f 575//575 1327//1327 573//573
f 573//573 1327//1327 1328//1328
f 573//573 1328//1328 571//571
f 571//571 1328//1328 1329//1329
f 571//571 1329//1329 570//570
f 570//570 1329//1329 1323//1323
f 1330//1330 1331//1331 1332//1332
f 1227//1227 630//630 1333//1333
f 1333//1333 630//630 628//628
f 1333//1333 628//628 1334//1334
f 1334//1334 628//628 626//626
f 1225//1225 1227//1227 1332//1332
f 1332//1332 1227//1227 1333//1333
f 1332//1332 1333//1333 1330//1330
f 1330//1330 1333//1333 1334//1334
f 1335//1335 1336//1336 1337//1337
f 1335//1335 1337//1337 1338//1338
f 1338//1338 1337//1337 1339//1339
f 1338//1338 1339//1339 1340//1340
f 1331//1331 1336//1336 1332//1332
f 1332//1332 1336//1336 1335//1335
f 1332//1332 1335//1335 1225//1225
f 1225//1225 1335//1335 1338//1338
f 1225//1225 1338//1338 1223//1223
f 1223//1223 1338//1338 1340//1340
f 1223//1223 1340//1340 1220//1220
f 1341//1341 1342//1342 1343//1343
f 1343//1343 1342//1342 1344//1344
f 1343//1343 1344//1344 1345//1345
f 626//626 1345//1345 1334//1334
f 1334//1334 1345//1345 1346//1346
f 1334//1334 1346//1346 1330//1330
f 1342//1342 1347//1347 1344//1344
f 1344//1344 1347//1347 1348//1348
f 1344//1344 1348//1348 1349//1349
f 1348//1348 1350//1350 1349//1349
f 1349//1349 1350//1350 1351//1351
f 1349//1349 1351//1351 1352//1352
f 1352//1352 1351//1351 1353//1353
f 1352//1352 1353//1353 1354//1354
f 1345//1345 1344//1344 1346//1346
f 1346//1346 1344//1344 1349//1349
f 1346//1346 1349//1349 1355//1355
f 1355//1355 1349//1349 1352//1352
f 1355//1355 1352//1352 1356//1356
f 1356//1356 1352//1352 1354//1354
f 1356//1356 1354//1354 1357//1357
f 1330//1330 1346//1346 1331//1331
f 1331//1331 1346//1346 1355//1355
f 1331//1331 1355//1355 1336//1336
f 1336//1336 1355//1355 1356//1356
f 1336//1336 1356//1356 1337//1337
f 1337//1337 1356//1356 1357//1357
f 1337//1337 1357//1357 1339//1339
f 1342//1342 1341//1341 1358//1358
f 1358//1358 1341//1341 1359//1359
f 1342//1342 1358//1358 1347//1347
f 1347//1347 1358//1358 1360//1360
f 1347//1347 1360//1360 1348//1348
f 1348//1348 1360//1360 1361//1361
f 1348//1348 1361//1361 1350//1350
f 1350//1350 1361//1361 1362//1362
f 1350//1350 1362//1362 1351//1351
f 1363//1363 1353//1353 1364//1364
f 1364//1364 1353//1353 1351//1351
f 1364//1364 1351//1351 1365//1365
f 1365//1365 1351//1351 1362//1362
f 625//625 1366//1366 626//626
f 626//626 1366//1366 1345//1345
f 1366//1366 1367//1367 1345//1345
f 1345//1345 1367//1367 1368//1368
f 1345//1345 1368//1368 1343//1343
f 1368//1368 1369//1369 1343//1343
f 1343//1343 1369//1369 1370//1370
f 1343//1343 1370//1370 1341//1341
f 1371//1371 1372//1372 1373//1373
f 1374//1374 1375//1375 1376//1376
f 1376//1376 1375//1375 1370//1370
f 1377//1377 1378//1378 1379//1379
f 1379//1379 1378//1378 1380//1380
f 1379//1379 1380//1380 1376//1376
f 1376//1376 1380//1380 1381//1381
f 1376//1376 1381//1381 1374//1374
f 1382//1382 1383//1383 1379//1379
f 1379//1379 1383//1383 1384//1384
f 1379//1379 1384//1384 1377//1377
f 1382//1382 1379//1379 1373//1373
f 1373//1373 1379//1379 1385//1385
f 1373//1373 1385//1385 1371//1371
f 1371//1371 1385//1385 1386//1386
f 1371//1371 1386//1386 1387//1387
f 1387//1387 1386//1386 1388//1388
f 1387//1387 1388//1388 1389//1389
f 1389//1389 1388//1388 1390//1390
f 1389//1389 1390//1390 1391//1391
f 1391//1391 1390//1390 1392//1392
f 1391//1391 1392//1392 1393//1393
f 625//625 1394//1394 1366//1366
f 1366//1366 1394//1394 1395//1395
f 1366//1366 1395//1395 1367//1367
f 1367//1367 1395//1395 1396//1396
f 1367//1367 1396//1396 1368//1368
f 1368//1368 1396//1396 1397//1397
f 1368//1368 1397//1397 1369//1369
f 1369//1369 1397//1397 1376//1376
f 1369//1369 1376//1376 1370//1370
f 1385//1385 1379//1379 1386//1386
f 1386//1386 1379//1379 1398//1398
f 1386//1386 1398//1398 1388//1388
f 1388//1388 1398//1398 1399//1399
f 1388//1388 1399//1399 1390//1390
f 1390//1390 1399//1399 1400//1400
f 1390//1390 1400//1400 1392//1392
f 1392//1392 1400//1400 1401//1401
f 1379//1379 1376//1376 1398//1398
f 1398//1398 1376//1376 1397//1397
f 1398//1398 1397//1397 1399//1399
f 1399//1399 1397//1397 1396//1396
f 1399//1399 1396//1396 1400//1400
f 1400//1400 1396//1396 1395//1395
f 1400//1400 1395//1395 1401//1401
f 1401//1401 1395//1395 1394//1394
f 1393//1393 1392//1392 1402//1402
f 1393//1393 1402//1402 1403//1403
f 1403//1403 1402//1402 1404//1404
f 1403//1403 1404//1404 1405//1405
f 1405//1405 1404//1404 1406//1406
f 1405//1405 1406//1406 1407//1407
f 1407//1407 1406//1406 1408//1408
f 1407//1407 1408//1408 1409//1409
f 1409//1409 1408//1408 1410//1410
f 1409//1409 1410//1410 1411//1411
f 1411//1411 1410//1410 1412//1412
f 1411//1411 1412//1412 1413//1413
f 1413//1413 1412//1412 1414//1414
f 1413//1413 1414//1414 1415//1415
f 1415//1415 1414//1414 1416//1416
f 1415//1415 1416//1416 1417//1417
f 1417//1417 1416//1416 1418//1418
f 1417//1417 1418//1418 1419//1419
f 1419//1419 1418//1418 1420//1420
f 1419//1419 1420//1420 1421//1421
f 1421//1421 1420//1420 1422//1422
f 1421//1421 1422//1422 1423//1423
f 1423//1423 1422//1422 1424//1424
f 1423//1423 1424//1424 1425//1425
f 1425//1425 1424//1424 1426//1426
f 1425//1425 1426//1426 1427//1427
f 1427//1427 1426//1426 1428//1428
f 1427//1427 1428//1428 1429//1429
f 1429//1429 1428//1428 1430//1430
f 1429//1429 1430//1430 1431//1431
f 1431//1431 1430//1430 1432//1432
f 1431//1431 1432//1432 1433//1433
f 638//638 1434//1434 639//639
f 639//639 1434//1434 1435//1435
f 639//639 1435//1435 1436//1436
f 649//649 651//651 1437//1437
f 1437//1437 651//651 647//647
f 1437//1437 647//647 1438//1438
f 1438//1438 647//647 645//645
f 1438//1438 645//645 1439//1439
f 1439//1439 645//645 643//643
f 1439//1439 643//643 1436//1436
f 1436//1436 643//643 641//641
f 1436//1436 641//641 639//639
f 649//649 1437//1437 660//660
f 660//660 1437//1437 1440//1440
f 660//660 1440//1440 658//658
f 658//658 1440//1440 1441//1441
f 658//658 1441//1441 656//656
f 656//656 1441//1441 1442//1442
f 656//656 1442//1442 621//621
f 621//621 1442//1442 1443//1443
f 621//621 1443//1443 620//620
f 633//633 635//635 1444//1444
f 1444//1444 635//635 618//618
f 1444//1444 618//618 1445//1445
f 1445//1445 618//618 624//624
f 1445//1445 624//624 1446//1446
f 1446//1446 624//624 622//622
f 1446//1446 622//622 1447//1447
f 1447//1447 622//622 623//623
f 1447//1447 623//623 1443//1443
f 1443//1443 623//623 619//619
f 1443//1443 619//619 620//620
f 633//633 1444//1444 631//631
f 631//631 1444//1444 1448//1448
f 631//631 1448//1448 629//629
f 629//629 1448//1448 1449//1449
f 629//629 1449//1449 627//627
f 627//627 1449//1449 1394//1394
f 627//627 1394//1394 625//625
f 1434//1434 1450//1450 1435//1435
f 1435//1435 1450//1450 1451//1451
f 1435//1435 1451//1451 1436//1436
f 1436//1436 1451//1451 1452//1452
f 1436//1436 1452//1452 1439//1439
f 1439//1439 1452//1452 1453//1453
f 1439//1439 1453//1453 1438//1438
f 1438//1438 1453//1453 1454//1454
f 1438//1438 1454//1454 1437//1437
f 1437//1437 1454//1454 1455//1455
f 1437//1437 1455//1455 1440//1440
f 1440//1440 1455//1455 1456//1456
f 1440//1440 1456//1456 1441//1441
f 1441//1441 1456//1456 1457//1457
f 1441//1441 1457//1457 1442//1442
f 1442//1442 1457//1457 1458//1458
f 1442//1442 1458//1458 1443//1443
f 1443//1443 1458//1458 1459//1459
f 1443//1443 1459//1459 1447//1447
f 1447//1447 1459//1459 1460//1460
f 1447//1447 1460//1460 1446//1446
f 1446//1446 1460//1460 1461//1461
f 1446//1446 1461//1461 1445//1445
f 1445//1445 1461//1461 1462//1462
f 1445//1445 1462//1462 1444//1444
f 1444//1444 1462//1462 1463//1463
f 1444//1444 1463//1463 1448//1448
f 1448//1448 1463//1463 1464//1464
f 1448//1448 1464//1464 1449//1449
f 1449//1449 1464//1464 1465//1465
f 1449//1449 1465//1465 1394//1394
f 1394//1394 1465//1465 1401//1401
f 1450//1450 1432//1432 1451//1451
f 1451//1451 1432//1432 1430//1430
f 1451//1451 1430//1430 1452//1452
f 1452//1452 1430//1430 1428//1428
f 1452//1452 1428//1428 1453//1453
f 1453//1453 1428//1428 1426//1426
f 1453//1453 1426//1426 1454//1454
f 1454//1454 1426//1426 1424//1424
f 1454//1454 1424//1424 1455//1455
f 1455//1455 1424//1424 1422//1422
f 1455//1455 1422//1422 1456//1456
f 1456//1456 1422//1422 1420//1420
f 1456//1456 1420//1420 1457//1457
f 1457//1457 1420//1420 1418//1418
f 1457//1457 1418//1418 1458//1458
f 1458//1458 1418//1418 1416//1416
f 1458//1458 1416//1416 1459//1459
f 1459//1459 1416//1416 1414//1414
f 1459//1459 1414//1414 1460//1460
f 1460//1460 1414//1414 1412//1412
f 1460//1460 1412//1412 1461//1461
f 1461//1461 1412//1412 1410//1410
f 1461//1461 1410//1410 1462//1462
f 1462//1462 1410//1410 1408//1408
f 1462//1462 1408//1408 1463//1463
f 1463//1463 1408//1408 1406//1406
f 1463//1463 1406//1406 1464//1464
f 1464//1464 1406//1406 1404//1404
f 1464//1464 1404//1404 1465//1465
f 1465//1465 1404//1404 1402//1402
f 1465//1465 1402//1402 1401//1401
f 1401//1401 1402//1402 1392//1392
f 1466//1466 1467//1467 1468//1468
f 1469//1469 1470//1470 1467//1467
f 1467//1467 1466//1466 1469//1469
f 1469//1469 1466//1466 1471//1471
f 1469//1469 1471//1471 1472//1472
f 1472//1472 1471//1471 1473//1473
f 1472//1472 1473//1473 1474//1474
f 1475//1475 1476//1476 1477//1477
f 1477//1477 1476//1476 1478//1478
f 1434//1434 638//638 1479//1479
f 1433//1433 1432//1432 1480//1480
f 1480//1480 1432//1432 1450//1450
f 1480//1480 1450//1450 1481//1481
f 1481//1481 1450//1450 1434//1434
f 1481//1481 1434//1434 1482//1482
f 1482//1482 1434//1434 1479//1479
f 1482//1482 1479//1479 1475//1475
f 1475//1475 1477//1477 1482//1482
f 1482//1482 1477//1477 1483//1483
f 1482//1482 1483//1483 1481//1481
f 1481//1481 1483//1483 1484//1484
f 1481//1481 1484//1484 1480//1480
f 1480//1480 1484//1484 1485//1485
f 1480//1480 1485//1485 1433//1433
f 1486//1486 1474//1474 1478//1478
f 1478//1478 1474//1474 1473//1473
f 1478//1478 1473//1473 1477//1477
f 1477//1477 1473//1473 1471//1471
f 1477//1477 1471//1471 1483//1483
f 1483//1483 1471//1471 1466//1466
f 1483//1483 1466//1466 1484//1484
f 1484//1484 1466//1466 1468//1468
f 1484//1484 1468//1468 1485//1485
f 1487//1487 586//586 1488//1488
f 1488//1488 586//586 584//584
f 1488//1488 584//584 1489//1489
f 1489//1489 584//584 583//583
f 1489//1489 583//583 1490//1490
f 1490//1490 583//583 590//590
f 1490//1490 590//590 1491//1491
f 1491//1491 590//590 589//589
f 1491//1491 589//589 1492//1492
f 1492//1492 589//589 588//588
f 1492//1492 588//588 1493//1493
f 1493//1493 588//588 593//593
f 1493//1493 593//593 1494//1494
f 1494//1494 593//593 592//592
f 1494//1494 592//592 1495//1495
f 1495//1495 592//592 591//591
f 1495//1495 591//591 1496//1496
f 1496//1496 591//591 595//595
f 1496//1496 595//595 1497//1497
f 1497//1497 595//595 594//594
f 1497//1497 594//594 1498//1498
f 1498//1498 594//594 587//587
f 1498//1498 587//587 1487//1487
f 1487//1487 587//587 586//586
f 1499//1499 1500//1500 1470//1470
f 1470//1470 1500//1500 1501//1501
f 1501//1501 1502//1502 1470//1470
f 1470//1470 1502//1502 1503//1503
f 1470//1470 1503//1503 1504//1504
f 1499//1499 1470//1470 1505//1505
f 1505//1505 1470//1470 1469//1469
f 1505//1505 1469//1469 1506//1506
f 1506//1506 1469//1469 1472//1472
f 1506//1506 1472//1472 1507//1507
f 1507//1507 1472//1472 1474//1474
f 1507//1507 1474//1474 1508//1508
f 1508//1508 1474//1474 1486//1486
f 1508//1508 1486//1486 1509//1509
f 1510//1510 1486//1486 1511//1511
f 1511//1511 1486//1486 1478//1478
f 638//638 637//637 1479//1479
f 1479//1479 637//637 1512//1512
f 1479//1479 1512//1512 1475//1475
f 1475//1475 1512//1512 613//613
f 1475//1475 613//613 1476//1476
f 1476//1476 613//613 612//612
f 1476//1476 612//612 1478//1478
f 1478//1478 612//612 614//614
f 1478//1478 614//614 1511//1511
f 1513//1513 1514//1514 1515//1515
f 1513//1513 1515//1515 1516//1516
f 1514//1514 1517//1517 1515//1515
f 1515//1515 1517//1517 1518//1518
f 1515//1515 1518//1518 1519//1519
f 1520//1520 1521//1521 1522//1522
f 1518//1518 1523//1523 1519//1519
f 1519//1519 1523//1523 1520//1520
f 1519//1519 1520//1520 1524//1524
f 1524//1524 1520//1520 1522//1522
f 1524//1524 1522//1522 1525//1525
f 1525//1525 1522//1522 1510//1510
f 1524//1524 1526//1526 1519//1519
f 1519//1519 1526//1526 1527//1527
f 1519//1519 1527//1527 1515//1515
f 1515//1515 1527//1527 1528//1528
f 1515//1515 1528//1528 1516//1516
f 1529//1529 1530//1530 1531//1531
f 602//602 601//601 1532//1532
f 617//617 602//602 1533//1533
f 1516//1516 1528//1528 1534//1534
f 1534//1534 1528//1528 1535//1535
f 1534//1534 1535//1535 1536//1536
f 1529//1529 1531//1531 1537//1537
f 1537//1537 1531//1531 1538//1538
f 1537//1537 1538//1538 1539//1539
f 1539//1539 1538//1538 1511//1511
f 1539//1539 1511//1511 614//614
f 614//614 615//615 1539//1539
f 1539//1539 615//615 616//616
f 1539//1539 616//616 1537//1537
f 1537//1537 616//616 617//617
f 1537//1537 617//617 1529//1529
f 1529//1529 617//617 1533//1533
f 1529//1529 1533//1533 1530//1530
f 1510//1510 1511//1511 1525//1525
f 1525//1525 1511//1511 1538//1538
f 1525//1525 1538//1538 1524//1524
f 1524//1524 1538//1538 1531//1531
f 1524//1524 1531//1531 1526//1526
f 1526//1526 1531//1531 1527//1527
f 602//602 1532//1532 1533//1533
f 1533//1533 1532//1532 1536//1536
f 1533//1533 1536//1536 1530//1530
f 1530//1530 1536//1536 1535//1535
f 1530//1530 1535//1535 1531//1531
f 1531//1531 1535//1535 1528//1528
f 1531//1531 1528//1528 1527//1527
f 601//601 610//610 1540//1540
f 1540//1540 610//610 609//609
f 1540//1540 609//609 1541//1541
f 1541//1541 609//609 1542//1542
f 1542//1542 609//609 607//607
f 1542//1542 607//607 605//605
f 1512//1512 637//637 1543//1543
f 611//611 613//613 1544//1544
f 1544//1544 613//613 1512//1512
f 611//611 1544//1544 600//600
f 600//600 1544//1544 1545//1545
f 600//600 1545//1545 598//598
f 1512//1512 1543//1543 1544//1544
f 1544//1544 1543//1543 1546//1546
f 1544//1544 1546//1546 1545//1545
f 1545//1545 1546//1546 1547//1547
f 1545//1545 1547//1547 1548//1548
f 1548//1548 1547//1547 1549//1549
f 1548//1548 1549//1549 1550//1550
f 598//598 1545//1545 596//596
f 596//596 1545//1545 1548//1548
f 596//596 1548//1548 604//604
f 604//604 1548//1548 1550//1550
f 604//604 1550//1550 605//605
f 669//669 668//668 1551//1551
f 1549//1549 1547//1547 1552//1552
f 1549//1549 1552//1552 1553//1553
f 1553//1553 1552//1552 1554//1554
f 1553//1553 1554//1554 1555//1555
f 1555//1555 1554//1554 1556//1556
f 1555//1555 1556//1556 1557//1557
f 1557//1557 1556//1556 1558//1558
f 1557//1557 1558//1558 1559//1559
f 1559//1559 1558//1558 1560//1560
f 1559//1559 1560//1560 1561//1561
f 1561//1561 1560//1560 1562//1562
f 1561//1561 1562//1562 1563//1563
f 1563//1563 1562//1562 1564//1564
f 1563//1563 1564//1564 1565//1565
f 1565//1565 1564//1564 1566//1566
f 1566//1566 1564//1564 676//676
f 1566//1566 676//676 678//678
f 1567//1567 653//653 1568//1568
f 1568//1568 653//653 652//652
f 1568//1568 652//652 1569//1569
f 1569//1569 652//652 650//650
f 1569//1569 650//650 662//662
f 1543//1543 637//637 1570//1570
f 1570//1570 637//637 640//640
f 1570//1570 640//640 1571//1571
f 1571//1571 640//640 642//642
f 1571//1571 642//642 1572//1572
f 1572//1572 642//642 644//644
f 1572//1572 644//644 1573//1573
f 1573//1573 644//644 646//646
f 1573//1573 646//646 1567//1567
f 1567//1567 646//646 648//648
f 1567//1567 648//648 653//653
f 669//669 1551//1551 684//684
f 1546//1546 1543//1543 1574//1574
f 1574//1574 1543//1543 1570//1570
f 1574//1574 1570//1570 1575//1575
f 1575//1575 1570//1570 1571//1571
f 1575//1575 1571//1571 1576//1576
f 1576//1576 1571//1571 1572//1572
f 1576//1576 1572//1572 1577//1577
f 1577//1577 1572//1572 1573//1573
f 1577//1577 1573//1573 1578//1578
f 1578//1578 1573//1573 1567//1567
f 1578//1578 1567//1567 1579//1579
f 1579//1579 1567//1567 1568//1568
f 1579//1579 1568//1568 1551//1551
f 1551//1551 1568//1568 1569//1569
f 1551//1551 1569//1569 684//684
f 684//684 1569//1569 662//662
f 684//684 662//662 661//661
f 1547//1547 1546//1546 1552//1552
f 1552//1552 1546//1546 1574//1574
f 1552//1552 1574//1574 1554//1554
f 1554//1554 1574//1574 1575//1575
f 1554//1554 1575//1575 1556//1556
f 1556//1556 1575//1575 1576//1576
f 1556//1556 1576//1576 1558//1558
f 1558//1558 1576//1576 1577//1577
f 1558//1558 1577//1577 1560//1560
f 1560//1560 1577//1577 1578//1578
f 1560//1560 1578//1578 1562//1562
f 1562//1562 1578//1578 1579//1579
f 1562//1562 1579//1579 1564//1564
f 1564//1564 1579//1579 1551//1551
f 1564//1564 1551//1551 676//676
f 676//676 1551//1551 668//668
f 696//696 449//449 697//697
f 706//706 714//714 1580//1580
f 714//714 715//715 1580//1580
f 1580//1580 715//715 306//306
f 1580//1580 306//306 719//719
f 671//671 286//286 686//686
f 1581//1581 678//678 1582//1582
f 1582//1582 678//678 681//681
f 1582//1582 681//681 1583//1583
f 1583//1583 681//681 680//680
f 697//697 706//706 696//696
f 696//696 706//706 1580//1580
f 696//696 1580//1580 695//695
f 695//695 1580//1580 1584//1584
f 695//695 1584//1584 693//693
f 693//693 1584//1584 1585//1585
f 693//693 1585//1585 691//691
f 691//691 1585//1585 1586//1586
f 691//691 1586//1586 689//689
f 689//689 1586//1586 1587//1587
f 689//689 1587//1587 686//686
f 686//686 1587//1587 1588//1588
f 686//686 1588//1588 671//671
f 671//671 1588//1588 1583//1583
f 671//671 1583//1583 679//679
f 679//679 1583//1583 680//680
f 1589//1589 1590//1590 1591//1591
f 1589//1589 1591//1591 1592//1592
f 1592//1592 1591//1591 1593//1593
f 1592//1592 1593//1593 1594//1594
f 1594//1594 1593//1593 1595//1595
f 1594//1594 1595//1595 1596//1596
f 1596//1596 1595//1595 719//719
f 1596//1596 719//719 718//718
f 1597//1597 1598//1598 1599//1599
f 1597//1597 1599//1599 1600//1600
f 1600//1600 1599//1599 1601//1601
f 1600//1600 1601//1601 1602//1602
f 1602//1602 1601//1601 1603//1603
f 1602//1602 1603//1603 1604//1604
f 1604//1604 1603//1603 1605//1605
f 1604//1604 1605//1605 1606//1606
f 1606//1606 1605//1605 1607//1607
f 1606//1606 1607//1607 1608//1608
f 1608//1608 1607//1607 1591//1591
f 1608//1608 1591//1591 1590//1590
f 1580//1580 719//719 1595//1595
f 1585//1585 1584//1584 1609//1609
f 1609//1609 1584//1584 1580//1580
f 1609//1609 1580//1580 1610//1610
f 1610//1610 1580//1580 1595//1595
f 1585//1585 1609//1609 1586//1586
f 1586//1586 1609//1609 1611//1611
f 1586//1586 1611//1611 1587//1587
f 1587//1587 1611//1611 1612//1612
f 1587//1587 1612//1612 1588//1588
f 1588//1588 1612//1612 1583//1583
f 1583//1583 1612//1612 1613//1613
f 1583//1583 1613//1613 1582//1582
f 1582//1582 1613//1613 1614//1614
f 1582//1582 1614//1614 1581//1581
f 1598//1598 1615//1615 1599//1599
f 1599//1599 1615//1615 1616//1616
f 1599//1599 1616//1616 1601//1601
f 1601//1601 1616//1616 1617//1617
f 1601//1601 1617//1617 1603//1603
f 1603//1603 1617//1617 1618//1618
f 1603//1603 1618//1618 1605//1605
f 1605//1605 1618//1618 1619//1619
f 1605//1605 1619//1619 1607//1607
f 1607//1607 1619//1619 1620//1620
f 1607//1607 1620//1620 1591//1591
f 1591//1591 1620//1620 1593//1593
f 1615//1615 1614//1614 1616//1616
f 1616//1616 1614//1614 1613//1613
f 1616//1616 1613//1613 1617//1617
f 1617//1617 1613//1613 1612//1612
f 1617//1617 1612//1612 1618//1618
f 1618//1618 1612//1612 1611//1611
f 1618//1618 1611//1611 1619//1619
f 1619//1619 1611//1611 1609//1609
f 1619//1619 1609//1609 1620//1620
f 1620//1620 1609//1609 1610//1610
f 1620//1620 1610//1610 1593//1593
f 1593//1593 1610//1610 1595//1595
f 1597//1597 1621//1621 1598//1598
f 1598//1598 1621//1621 1622//1622
f 1622//1622 1623//1623 1598//1598
f 1598//1598 1623//1623 1624//1624
f 1598//1598 1624//1624 1615//1615
f 1615//1615 1624//1624 1625//1625
f 1615//1615 1625//1625 1614//1614
f 1614//1614 1625//1625 1581//1581
f 1581//1581 1625//1625 1626//1626
f 1581//1581 1626//1626 1627//1627
f 1628//1628 1629//1629 937//937
f 937//937 1629//1629 1630//1630
f 1629//1629 1631//1631 1630//1630
f 1630//1630 1631//1631 1632//1632
f 1630//1630 1632//1632 1633//1633
f 1633//1633 1632//1632 1634//1634
f 1633//1633 1634//1634 1635//1635
f 1635//1635 1634//1634 1636//1636
f 1635//1635 1636//1636 1637//1637
f 1638//1638 1639//1639 1640//1640
f 1638//1638 1640//1640 1641//1641
f 1641//1641 1640//1640 1642//1642
f 1641//1641 1642//1642 1643//1643
f 1643//1643 1642//1642 1644//1644
f 1643//1643 1644//1644 1645//1645
f 1645//1645 1644//1644 1646//1646
f 1645//1645 1646//1646 1647//1647
f 1647//1647 1646//1646 1648//1648
f 1647//1647 1648//1648 1649//1649
f 1649//1649 1648//1648 1635//1635
f 1649//1649 1635//1635 1637//1637
f 938//938 937//937 1630//1630
f 942//942 943//943 1650//1650
f 1650//1650 943//943 938//938
f 1650//1650 938//938 1651//1651
f 1651//1651 938//938 1630//1630
f 942//942 1650//1650 941//941
f 941//941 1650//1650 1652//1652
f 941//941 1652//1652 940//940
f 940//940 1652//1652 1653//1653
f 940//940 1653//1653 939//939
f 939//939 1653//1653 1654//1654
f 939//939 1654//1654 936//936
f 936//936 1654//1654 1655//1655
f 936//936 1655//1655 721//721
f 1639//1639 1656//1656 1640//1640
f 1640//1640 1656//1656 1657//1657
f 1640//1640 1657//1657 1642//1642
f 1642//1642 1657//1657 1658//1658
f 1642//1642 1658//1658 1644//1644
f 1644//1644 1658//1658 1659//1659
f 1644//1644 1659//1659 1646//1646
f 1646//1646 1659//1659 1660//1660
f 1646//1646 1660//1660 1648//1648
f 1648//1648 1660//1660 1661//1661
f 1648//1648 1661//1661 1635//1635
f 1635//1635 1661//1661 1633//1633
f 1656//1656 1655//1655 1657//1657
f 1657//1657 1655//1655 1654//1654
f 1657//1657 1654//1654 1658//1658
f 1658//1658 1654//1654 1653//1653
f 1658//1658 1653//1653 1659//1659
f 1659//1659 1653//1653 1652//1652
f 1659//1659 1652//1652 1660//1660
f 1660//1660 1652//1652 1650//1650
f 1660//1660 1650//1650 1661//1661
f 1661//1661 1650//1650 1651//1651
f 1661//1661 1651//1651 1633//1633
f 1633//1633 1651//1651 1630//1630
f 722//722 721//721 1655//1655
f 722//722 1655//1655 1662//1662
f 1662//1662 1655//1655 1656//1656
f 1662//1662 1656//1656 1663//1663
f 1663//1663 1656//1656 1639//1639
f 1663//1663 1639//1639 1664//1664
f 1664//1664 1639//1639 1638//1638
f 1664//1664 1638//1638 1665//1665
f 1666//1666 1663//1663 1664//1664
f 759//759 722//722 1662//1662
f 754//754 756//756 1667//1667
f 1662//1662 1663//1663 1668//1668
f 1668//1668 1663//1663 1666//1666
f 1668//1668 1666//1666 1667//1667
f 771//771 753//753 754//754
f 771//771 1669//1669 774//774
f 774//774 1669//1669 1670//1670
f 774//774 1670//1670 768//768
f 768//768 1670//1670 1671//1671
f 768//768 1671//1671 769//769
f 769//769 1671//1671 1672//1672
f 1667//1667 756//756 1668//1668
f 1668//1668 756//756 762//762
f 1668//1668 762//762 1662//1662
f 1662//1662 762//762 761//761
f 1662//1662 761//761 759//759
f 1665//1665 1672//1672 1664//1664
f 1664//1664 1672//1672 1671//1671
f 1664//1664 1671//1671 1666//1666
f 1666//1666 1671//1671 1670//1670
f 1666//1666 1670//1670 1667//1667
f 1667//1667 1670//1670 1669//1669
f 1667//1667 1669//1669 754//754
f 754//754 1669//1669 771//771
f 776//776 775//775 1673//1673
f 1673//1673 775//775 770//770
f 1673//1673 770//770 769//769
f 975//975 974//974 1674//1674
f 1674//1674 974//974 746//746
f 1674//1674 746//746 766//766
f 1674//1674 1675//1675 975//975
f 975//975 1675//1675 1676//1676
f 975//975 1676//1676 976//976
f 976//976 1676//1676 1677//1677
f 976//976 1677//1677 778//778
f 766//766 776//776 1674//1674
f 1674//1674 776//776 1673//1673
f 1674//1674 1673//1673 1675//1675
f 1675//1675 1673//1673 1678//1678
f 1675//1675 1678//1678 1676//1676
f 1676//1676 1678//1678 1679//1679
f 1676//1676 1679//1679 1677//1677
f 1677//1677 1679//1679 1680//1680
f 1680//1680 1681//1681 1677//1677
f 1677//1677 1681//1681 1682//1682
f 1677//1677 1682//1682 778//778
f 778//778 1682//1682 777//777
f 781//781 780//780 1683//1683
f 1683//1683 780//780 1206//1206
f 1683//1683 1206//1206 1684//1684
f 1684//1684 1206//1206 1205//1205
f 1684//1684 1205//1205 1685//1685
f 1685//1685 1205//1205 777//777
f 1685//1685 777//777 1682//1682
f 1682//1682 1681//1681 1685//1685
f 1685//1685 1681//1681 1686//1686
f 1685//1685 1686//1686 1684//1684
f 1684//1684 1686//1686 1687//1687
f 1684//1684 1687//1687 1683//1683
f 1683//1683 1687//1687 1688//1688
f 1683//1683 1688//1688 781//781
f 781//781 1688//1688 794//794
f 1689//1689 1690//1690 1589//1589
f 791//791 783//783 1691//1691
f 1691//1691 783//783 782//782
f 1691//1691 782//782 792//792
f 1592//1592 1594//1594 1692//1692
f 1692//1692 1594//1594 1596//1596
f 1692//1692 1596//1596 1693//1693
f 1693//1693 1596//1596 718//718
f 1693//1693 718//718 809//809
f 1589//1589 1592//1592 1689//1689
f 1689//1689 1592//1592 1692//1692
f 1689//1689 1692//1692 1694//1694
f 1694//1694 1692//1692 1693//1693
f 1694//1694 1693//1693 1695//1695
f 1695//1695 1693//1693 809//809
f 808//808 811//811 1691//1691
f 1691//1691 811//811 810//810
f 1691//1691 810//810 791//791
f 809//809 808//808 1695//1695
f 1695//1695 808//808 1691//1691
f 1695//1695 1691//1691 1694//1694
f 1694//1694 1691//1691 792//792
f 1694//1694 792//792 1689//1689
f 1689//1689 792//792 793//793
f 1689//1689 793//793 1690//1690
f 1690//1690 793//793 794//794
f 1696//1696 830//830 1697//1697
f 1697//1697 830//830 828//828
f 1697//1697 828//828 1698//1698
f 1698//1698 828//828 827//827
f 1698//1698 827//827 1699//1699
f 1699//1699 827//827 834//834
f 1699//1699 834//834 1700//1700
f 1700//1700 834//834 833//833
f 1700//1700 833//833 1701//1701
f 1701//1701 833//833 832//832
f 1701//1701 832//832 1702//1702
f 1702//1702 832//832 837//837
f 1702//1702 837//837 1703//1703
f 1703//1703 837//837 836//836
f 1703//1703 836//836 1704//1704
f 1704//1704 836//836 835//835
f 1704//1704 835//835 1705//1705
f 1705//1705 835//835 839//839
f 1705//1705 839//839 1706//1706
f 1706//1706 839//839 838//838
f 1706//1706 838//838 1707//1707
f 1707//1707 838//838 831//831
f 1707//1707 831//831 1696//1696
f 1696//1696 831//831 830//830
f 1708//1708 843//843 1709//1709
f 1709//1709 843//843 841//841
f 1709//1709 841//841 1710//1710
f 1710//1710 841//841 840//840
f 1710//1710 840//840 1711//1711
f 1711//1711 840//840 847//847
f 1711//1711 847//847 1712//1712
f 1712//1712 847//847 846//846
f 1712//1712 846//846 1713//1713
f 1713//1713 846//846 845//845
f 1713//1713 845//845 1714//1714
f 1714//1714 845//845 850//850
f 1714//1714 850//850 1715//1715
f 1715//1715 850//850 849//849
f 1715//1715 849//849 1716//1716
f 1716//1716 849//849 848//848
f 1716//1716 848//848 1717//1717
f 1717//1717 848//848 852//852
f 1717//1717 852//852 1718//1718
f 1718//1718 852//852 851//851
f 1718//1718 851//851 1719//1719
f 1719//1719 851//851 844//844
f 1719//1719 844//844 1708//1708
f 1708//1708 844//844 843//843
f 1720//1720 856//856 1721//1721
f 1721//1721 856//856 854//854
f 1721//1721 854//854 1722//1722
f 1722//1722 854//854 853//853
f 1722//1722 853//853 1723//1723
f 1723//1723 853//853 860//860
f 1723//1723 860//860 1724//1724
f 1724//1724 860//860 859//859
f 1724//1724 859//859 1725//1725
f 1725//1725 859//859 858//858
f 1725//1725 858//858 1726//1726
f 1726//1726 858//858 863//863
f 1726//1726 863//863 1727//1727
f 1727//1727 863//863 862//862
f 1727//1727 862//862 1728//1728
f 1728//1728 862//862 861//861
f 1728//1728 861//861 1729//1729
f 1729//1729 861//861 865//865
f 1729//1729 865//865 1730//1730
f 1730//1730 865//865 864//864
f 1730//1730 864//864 1731//1731
f 1731//1731 864//864 857//857
f 1731//1731 857//857 1720//1720
f 1720//1720 857//857 856//856
f 1732//1732 869//869 1733//1733
f 1733//1733 869//869 867//867
f 1733//1733 867//867 1734//1734
f 1734//1734 867//867 866//866
f 1734//1734 866//866 1735//1735
f 1735//1735 866//866 873//873
f 1735//1735 873//873 1736//1736
f 1736//1736 873//873 872//872
f 1736//1736 872//872 1737//1737
f 1737//1737 872//872 871//871
f 1737//1737 871//871 1738//1738
f 1738//1738 871//871 876//876
f 1738//1738 876//876 1739//1739
f 1739//1739 876//876 875//875
f 1739//1739 875//875 1740//1740
f 1740//1740 875//875 874//874
f 1740//1740 874//874 1741//1741
f 1741//1741 874//874 878//878
f 1741//1741 878//878 1742//1742
f 1742//1742 878//878 877//877
f 1742//1742 877//877 1743//1743
f 1743//1743 877//877 870//870
f 1743//1743 870//870 1732//1732
f 1732//1732 870//870 869//869
f 1744//1744 879//879 880//880
f 1744//1744 880//880 1745//1745
f 1745//1745 880//880 881//881
f 1745//1745 881//881 1746//1746
f 95//95 1747//1747 97//97
f 97//97 1747//1747 1746//1746
f 97//97 1746//1746 882//882
f 882//882 1746//1746 881//881
f 95//95 102//102 1747//1747
f 1747//1747 102//102 101//101
f 1747//1747 101//101 1748//1748
f 101//101 99//99 1748//1748
f 1748//1748 99//99 87//87
f 1748//1748 87//87 1749//1749
f 87//87 89//89 1749//1749
f 1749//1749 89//89 91//91
f 1749//1749 91//91 1750//1750
f 84//84 1751//1751 86//86
f 86//86 1751//1751 1750//1750
f 86//86 1750//1750 93//93
f 93//93 1750//1750 91//91
f 879//879 1744//1744 887//887
f 887//887 1744//1744 1752//1752
f 887//887 1752//1752 888//888
f 888//888 1752//1752 886//886
f 1752//1752 64//64 883//883
f 886//886 1752//1752 885//885
f 885//885 1752//1752 883//883
f 885//885 883//883 884//884
f 1753//1753 889//889 890//890
f 1753//1753 890//890 1754//1754
f 1754//1754 890//890 891//891
f 1754//1754 891//891 1755//1755
f 75//75 1756//1756 77//77
f 77//77 1756//1756 1755//1755
f 77//77 1755//1755 892//892
f 892//892 1755//1755 891//891
f 75//75 82//82 1756//1756
f 1756//1756 82//82 81//81
f 1756//1756 81//81 1757//1757
f 81//81 79//79 1757//1757
f 1757//1757 79//79 67//67
f 1757//1757 67//67 1758//1758
f 67//67 69//69 1758//1758
f 1758//1758 69//69 71//71
f 1758//1758 71//71 1759//1759
f 64//64 1752//1752 66//66
f 66//66 1752//1752 1759//1759
f 66//66 1759//1759 73//73
f 73//73 1759//1759 71//71
f 904//904 889//889 1753//1753
f 1760//1760 44//44 893//893
f 893//893 894//894 1760//1760
f 1760//1760 894//894 895//895
f 1760//1760 895//895 896//896
f 896//896 898//898 1760//1760
f 1760//1760 898//898 897//897
f 1760//1760 897//897 1753//1753
f 1753//1753 897//897 899//899
f 1753//1753 899//899 901//901
f 903//903 904//904 902//902
f 902//902 904//904 1753//1753
f 902//902 1753//1753 900//900
f 900//900 1753//1753 901//901
f 908//908 1761//1761 907//907
f 907//907 1761//1761 1762//1762
f 907//907 1762//1762 906//906
f 906//906 1762//1762 1763//1763
f 906//906 1763//1763 905//905
f 908//908 57//57 1761//1761
f 1761//1761 57//57 55//55
f 1761//1761 55//55 1764//1764
f 55//55 62//62 1764//1764
f 1764//1764 62//62 61//61
f 1764//1764 61//61 1765//1765
f 61//61 59//59 1765//1765
f 1765//1765 59//59 47//47
f 1765//1765 47//47 1766//1766
f 47//47 49//49 1766//1766
f 1766//1766 49//49 51//51
f 1766//1766 51//51 1767//1767
f 44//44 1760//1760 46//46
f 46//46 1760//1760 1767//1767
f 46//46 1767//1767 53//53
f 53//53 1767//1767 51//51
f 927//927 926//926 912//912
f 912//912 926//926 916//916
f 912//912 916//916 910//910
f 910//910 916//916 915//915
f 910//910 915//915 24//24
f 24//24 915//915 917//917
f 24//24 917//917 924//924
f 924//924 923//923 24//24
f 24//24 923//923 922//922
f 24//24 922//922 1768//1768
f 1768//1768 922//922 921//921
f 1768//1768 921//921 920//920
f 931//931 930//930 1763//1763
f 920//920 919//919 1768//1768
f 1768//1768 919//919 918//918
f 1768//1768 918//918 1763//1763
f 1763//1763 918//918 925//925
f 1763//1763 925//925 931//931
f 912//912 911//911 927//927
f 927//927 911//911 913//913
f 927//927 913//913 914//914
f 930//930 929//929 1763//1763
f 1763//1763 929//929 928//928
f 1763//1763 928//928 905//905
f 905//905 928//928 927//927
f 905//905 927//927 909//909
f 909//909 927//927 914//914
f 935//935 1769//1769 934//934
f 934//934 1769//1769 1770//1770
f 934//934 1770//1770 933//933
f 933//933 1770//1770 1771//1771
f 933//933 1771//1771 932//932
f 935//935 37//37 1769//1769
f 1769//1769 37//37 35//35
f 1769//1769 35//35 1772//1772
f 35//35 42//42 1772//1772
f 1772//1772 42//42 41//41
f 1772//1772 41//41 1773//1773
f 41//41 39//39 1773//1773
f 1773//1773 39//39 27//27
f 1773//1773 27//27 1774//1774
f 27//27 29//29 1774//1774
f 1774//1774 29//29 31//31
f 1774//1774 31//31 1775//1775
f 24//24 1768//1768 26//26
f 26//26 1768//1768 1775//1775
f 26//26 1775//1775 33//33
f 33//33 1775//1775 31//31
f 1751//1751 84//84 1771//1771
f 1771//1771 84//84 932//932
f 945//945 1628//1628 341//341
f 341//341 1628//1628 937//937
f 944//944 946//946 1776//1776
f 1776//1776 946//946 1777//1777
f 1776//1776 1777//1777 1778//1778
f 1779//1779 1780//1780 1781//1781
f 1781//1781 1780//1780 1782//1782
f 1783//1783 1782//1782 1784//1784
f 1784//1784 1782//1782 1780//1780
f 1784//1784 1780//1780 1785//1785
f 1785//1785 1780//1780 1786//1786
f 950//950 949//949 1787//1787
f 350//350 958//958 947//947
f 947//947 958//958 1788//1788
f 1781//1781 1778//1778 1779//1779
f 1779//1779 1778//1778 1777//1777
f 1779//1779 1777//1777 1788//1788
f 1788//1788 1777//1777 946//946
f 1788//1788 946//946 947//947
f 1787//1787 1786//1786 950//950
f 950//950 1786//1786 1780//1780
f 950//950 1780//1780 960//960
f 960//960 1780//1780 1779//1779
f 960//960 1779//1779 959//959
f 959//959 1779//1779 1788//1788
f 959//959 1788//1788 957//957
f 957//957 1788//1788 958//958
f 1784//1784 1789//1789 1783//1783
f 356//356 355//355 1790//1790
f 356//356 1790//1790 357//357
f 1791//1791 1787//1787 1792//1792
f 1792//1792 1787//1787 949//949
f 1792//1792 949//949 1793//1793
f 1793//1793 949//949 948//948
f 948//948 955//955 1793//1793
f 1793//1793 955//955 954//954
f 1793//1793 954//954 1790//1790
f 1790//1790 954//954 952//952
f 1790//1790 952//952 357//357
f 1789//1789 1784//1784 1794//1794
f 1794//1794 1784//1784 1785//1785
f 1794//1794 1785//1785 1791//1791
f 1791//1791 1785//1785 1786//1786
f 1791//1791 1786//1786 1787//1787
f 961//961 962//962 1795//1795
f 1795//1795 1790//1790 355//355
f 981//981 961//961 980//980
f 980//980 961//961 1795//1795
f 980//980 1795//1795 978//978
f 978//978 1795//1795 979//979
f 385//385 151//151 964//964
f 964//964 151//151 977//977
f 964//964 977//977 965//965
f 965//965 977//977 979//979
f 965//965 979//979 973//973
f 973//973 979//979 1795//1795
f 973//973 1795//1795 363//363
f 363//363 1795//1795 355//355
f 5//5 1796//1796 1797//1797
f 1798//1798 1795//1795 982//982
f 982//982 1795//1795 962//962
f 1798//1798 982//982 1799//1799
f 1799//1799 982//982 22//22
f 1799//1799 22//22 1800//1800
f 1800//1800 22//22 20//20
f 1800//1800 20//20 1801//1801
f 1801//1801 20//20 18//18
f 1801//1801 18//18 1802//1802
f 1802//1802 18//18 1803//1803
f 1803//1803 18//18 8//8
f 1803//1803 8//8 1804//1804
f 1804//1804 8//8 10//10
f 1804//1804 10//10 1805//1805
f 1805//1805 10//10 12//12
f 1805//1805 12//12 1806//1806
f 1806//1806 12//12 13//13
f 1806//1806 13//13 1807//1807
f 1807//1807 13//13 15//15
f 1807//1807 15//15 1808//1808
f 15//15 16//16 1808//1808
f 1808//1808 16//16 2//2
f 1808//1808 2//2 1797//1797
f 1797//1797 2//2 1//1
f 1797//1797 1//1 5//5
f 1796//1796 5//5 984//984
f 983//983 414//414 997//997
f 984//984 985//985 1796//1796
f 1796//1796 985//985 986//986
f 1796//1796 986//986 987//987
f 990//990 1809//1809 988//988
f 988//988 1809//1809 1796//1796
f 988//988 1796//1796 989//989
f 989//989 1796//1796 987//987
f 994//994 983//983 993//993
f 993//993 983//983 997//997
f 993//993 997//997 991//991
f 991//991 997//997 1809//1809
f 991//991 1809//1809 992//992
f 992//992 1809//1809 990//990
f 1013//1013 1022//1022 1810//1810
f 1244//1244 1243//1243 1000//1000
f 1000//1000 1243//1243 1241//1241
f 1000//1000 1241//1241 1249//1249
f 1246//1246 1245//1245 1811//1811
f 1246//1246 1811//1811 1248//1248
f 1245//1245 1252//1252 1811//1811
f 1811//1811 1252//1252 1019//1019
f 1811//1811 1019//1019 1812//1812
f 1285//1285 1001//1001 1234//1234
f 1234//1234 1001//1001 1002//1002
f 1234//1234 1002//1002 1282//1282
f 1285//1285 1284//1284 1001//1001
f 1001//1001 1284//1284 1283//1283
f 1001//1001 1283//1283 1000//1000
f 1000//1000 1283//1283 1237//1237
f 1000//1000 1237//1237 1244//1244
f 1003//1003 1281//1281 1280//1280
f 1003//1003 1280//1280 1002//1002
f 1002//1002 1280//1280 1279//1279
f 1002//1002 1279//1279 1282//1282
f 996//996 1274//1274 1272//1272
f 996//996 1272//1272 1003//1003
f 1003//1003 1272//1272 1271//1271
f 1003//1003 1271//1271 1281//1281
f 1261//1261 1266//1266 995//995
f 995//995 1266//1266 1268//1268
f 1268//1268 1270//1270 995//995
f 995//995 1270//1270 1277//1277
f 995//995 1277//1277 996//996
f 996//996 1277//1277 1276//1276
f 996//996 1276//1276 1274//1274
f 1812//1812 1019//1019 1810//1810
f 1810//1810 1019//1019 1017//1017
f 1810//1810 1017//1017 1016//1016
f 1016//1016 1015//1015 1810//1810
f 1810//1810 1015//1015 1014//1014
f 1810//1810 1014//1014 1013//1013
f 1813//1813 1809//1809 998//998
f 998//998 1809//1809 997//997
f 1813//1813 998//998 1814//1814
f 1814//1814 998//998 999//999
f 1814//1814 999//999 1815//1815
f 1815//1815 999//999 1816//1816
f 1816//1816 999//999 1000//1000
f 1816//1816 1000//1000 1811//1811
f 1811//1811 1000//1000 1249//1249
f 1811//1811 1249//1249 1248//1248
f 1033//1033 1020//1020 1025//1025
f 1025//1025 1020//1020 1012//1012
f 1817//1817 1818//1818 1819//1819
f 1820//1820 1818//1818 1817//1817
f 1821//1821 1820//1820 1817//1817
f 1817//1817 1822//1822 1823//1823
f 1824//1824 1822//1822 1817//1817
f 1819//1819 1824//1824 1817//1817
f 1040//1040 1817//1817 1825//1825
f 1817//1817 1040//1040 1039//1039
f 1823//1823 1825//1825 1817//1817
f 1038//1038 1037//1037 1817//1817
f 1035//1035 1045//1045 1817//1817
f 1044//1044 1821//1821 1817//1817
f 1826//1826 1827//1827 1828//1828
f 1829//1829 1830//1830 1831//1831
f 1831//1831 1830//1830 1826//1826
f 1831//1831 1826//1826 1832//1832
f 1832//1832 1826//1826 1828//1828
f 1045//1045 1044//1044 1817//1817
f 1037//1037 1035//1035 1817//1817
f 1039//1039 1038//1038 1817//1817
f 1824//1824 1833//1833 1822//1822
f 1822//1822 1833//1833 1834//1834
f 1822//1822 1834//1834 1823//1823
f 1823//1823 1834//1834 1033//1033
f 1823//1823 1033//1033 1825//1825
f 1825//1825 1033//1033 1031//1031
f 1825//1825 1031//1031 1040//1040
f 1828//1828 1833//1833 1832//1832
f 1832//1832 1833//1833 1824//1824
f 1832//1832 1824//1824 1831//1831
f 1831//1831 1824//1824 1819//1819
f 1831//1831 1819//1819 1829//1829
f 1829//1829 1819//1819 1818//1818
f 1829//1829 1818//1818 1835//1835
f 1835//1835 1818//1818 1820//1820
f 1835//1835 1820//1820 1836//1836
f 1836//1836 1820//1820 1821//1821
f 1836//1836 1821//1821 1042//1042
f 1042//1042 1821//1821 1044//1044
f 1089//1089 1147//1147 1148//1148
f 1155//1155 1107//1107 1154//1154
f 1154//1154 1107//1107 1109//1109
f 1154//1154 1109//1109 1153//1153
f 1156//1156 1103//1103 1155//1155
f 1155//1155 1103//1103 1105//1105
f 1155//1155 1105//1105 1107//1107
f 1089//1089 1091//1091 1147//1147
f 1147//1147 1091//1091 1093//1093
f 1147//1147 1093//1093 1158//1158
f 1158//1158 1093//1093 1095//1095
f 1158//1158 1095//1095 1157//1157
f 1149//1149 1085//1085 1148//1148
f 1148//1148 1085//1085 1087//1087
f 1148//1148 1087//1087 1089//1089
f 1109//1109 1135//1135 1153//1153
f 1153//1153 1135//1135 1138//1138
f 1153//1153 1138//1138 1152//1152
f 1152//1152 1138//1138 1041//1041
f 1056//1056 1151//1151 1054//1054
f 1054//1054 1151//1151 1152//1152
f 1054//1054 1152//1152 1051//1051
f 1051//1051 1152//1152 1041//1041
f 1164//1164 1042//1042 1142//1142
f 1142//1142 1042//1042 1041//1041
f 1142//1142 1041//1041 1140//1140
f 1140//1140 1041//1041 1138//1138
f 1095//1095 1097//1097 1157//1157
f 1157//1157 1097//1097 1099//1099
f 1157//1157 1099//1099 1156//1156
f 1156//1156 1099//1099 1101//1101
f 1156//1156 1101//1101 1103//1103
f 1056//1056 1058//1058 1151//1151
f 1151//1151 1058//1058 1078//1078
f 1151//1151 1078//1078 1150//1150
f 1150//1150 1078//1078 1081//1081
f 1150//1150 1081//1081 1149//1149
f 1149//1149 1081//1081 1083//1083
f 1149//1149 1083//1083 1085//1085
f 1837//1837 1838//1838 1839//1839
f 1163//1163 1837//1837 1164//1164
f 1837//1837 1163//1163 1162//1162
f 1840//1840 1841//1841 1842//1842
f 1843//1843 1844//1844 1837//1837
f 1837//1837 1844//1844 1845//1845
f 1846//1846 1837//1837 1845//1845
f 1846//1846 1164//1164 1837//1837
f 1847//1847 1843//1843 1837//1837
f 1848//1848 1839//1839 1849//1849
f 1849//1849 1839//1839 1850//1850
f 1848//1848 1851//1851 1839//1839
f 1839//1839 1851//1851 1847//1847
f 1839//1839 1847//1847 1837//1837
f 1852//1852 1853//1853 1854//1854
f 1854//1854 1853//1853 1855//1855
f 1854//1854 1855//1855 1856//1856
f 1856//1856 1855//1855 1857//1857
f 1856//1856 1857//1857 1858//1858
f 1858//1858 1857//1857 1859//1859
f 1858//1858 1859//1859 1860//1860
f 1860//1860 1859//1859 1168//1168
f 1860//1860 1168//1168 1169//1169
f 1161//1161 1160//1160 1837//1837
f 1837//1837 1159//1159 1861//1861
f 1861//1861 1159//1159 1165//1165
f 1861//1861 1165//1165 1166//1166
f 1838//1838 1837//1837 1861//1861
f 1162//1162 1161//1161 1837//1837
f 1853//1853 1840//1840 1855//1855
f 1855//1855 1840//1840 1842//1842
f 1855//1855 1842//1842 1857//1857
f 1857//1857 1842//1842 1862//1862
f 1857//1857 1862//1862 1859//1859
f 1859//1859 1862//1862 1863//1863
f 1859//1859 1863//1863 1168//1168
f 1168//1168 1863//1863 1167//1167
f 1841//1841 1850//1850 1842//1842
f 1842//1842 1850//1850 1839//1839
f 1842//1842 1839//1839 1862//1862
f 1862//1862 1839//1839 1838//1838
f 1862//1862 1838//1838 1863//1863
f 1863//1863 1838//1838 1861//1861
f 1863//1863 1861//1861 1167//1167
f 1167//1167 1861//1861 1166//1166
f 1160//1160 1159//1159 1837//1837
f 1174//1174 1169//1169 1170//1170
f 1170//1170 1169//1169 1128//1128
f 1864//1864 1194//1194 1865//1865
f 1865//1865 1194//1194 1253//1253
f 1865//1865 1253//1253 1257//1257
f 1864//1864 1186//1186 1185//1185
f 1185//1185 1198//1198 1864//1864
f 1864//1864 1198//1198 1195//1195
f 1864//1864 1195//1195 1194//1194
f 1313//1313 1321//1321 1866//1866
f 1321//1321 1320//1320 1866//1866
f 1866//1866 1320//1320 1319//1319
f 1866//1866 1319//1319 1220//1220
f 1220//1220 1319//1319 1318//1318
f 1220//1220 1318//1318 1221//1221
f 1329//1329 1328//1328 1261//1261
f 995//995 129//129 1199//1199
f 1322//1322 1323//1323 1204//1204
f 1313//1313 1866//1866 1314//1314
f 1314//1314 1866//1866 1865//1865
f 1314//1314 1865//1865 1324//1324
f 1323//1323 1329//1329 1204//1204
f 1204//1204 1329//1329 1261//1261
f 1204//1204 1261//1261 1202//1202
f 1202//1202 1261//1261 995//995
f 1202//1202 995//995 1201//1201
f 1201//1201 995//995 1199//1199
f 1201//1201 1199//1199 1200//1200
f 477//477 1317//1317 1212//1212
f 1212//1212 1317//1317 1316//1316
f 1212//1212 1316//1316 1217//1217
f 1221//1221 1318//1318 1229//1229
f 1229//1229 1318//1318 1317//1317
f 1229//1229 1317//1317 494//494
f 494//494 1317//1317 477//477
f 494//494 477//477 476//476
f 465//465 1211//1211 437//437
f 437//437 1211//1211 1322//1322
f 437//437 1322//1322 1203//1203
f 1203//1203 1322//1322 1204//1204
f 1217//1217 1316//1316 1211//1211
f 1211//1211 1316//1316 1315//1315
f 1211//1211 1315//1315 1322//1322
f 1265//1265 1328//1328 1260//1260
f 1260//1260 1328//1328 1327//1327
f 1265//1265 1264//1264 1328//1328
f 1328//1328 1264//1264 1262//1262
f 1328//1328 1262//1262 1261//1261
f 1257//1257 1326//1326 1865//1865
f 1865//1865 1326//1326 1325//1325
f 1865//1865 1325//1325 1324//1324
f 1257//1257 1256//1256 1326//1326
f 1326//1326 1256//1256 1255//1255
f 1326//1326 1255//1255 1327//1327
f 1327//1327 1255//1255 1258//1258
f 1327//1327 1258//1258 1260//1260
f 1866//1866 1220//1220 1340//1340
f 1357//1357 1354//1354 1867//1867
f 1867//1867 1354//1354 1353//1353
f 1867//1867 1353//1353 1363//1363
f 1866//1866 1340//1340 1867//1867
f 1867//1867 1340//1340 1339//1339
f 1867//1867 1339//1339 1357//1357
f 1375//1375 1359//1359 1370//1370
f 1370//1370 1359//1359 1341//1341
f 1868//1868 1869//1869 1870//1870
f 1868//1868 1871//1871 1872//1872
f 1868//1868 1873//1873 1874//1874
f 1875//1875 1873//1873 1868//1868
f 1872//1872 1875//1875 1868//1868
f 1377//1377 1384//1384 1868//1868
f 1876//1876 1877//1877 1878//1878
f 1879//1879 1880//1880 1881//1881
f 1881//1881 1880//1880 1876//1876
f 1881//1881 1876//1876 1882//1882
f 1882//1882 1876//1876 1878//1878
f 1868//1868 1382//1382 1883//1883
f 1883//1883 1382//1382 1373//1373
f 1871//1871 1868//1868 1883//1883
f 1383//1383 1382//1382 1868//1868
f 1384//1384 1383//1383 1868//1868
f 1378//1378 1377//1377 1868//1868
f 1381//1381 1380//1380 1870//1870
f 1870//1870 1380//1380 1868//1868
f 1378//1378 1868//1868 1380//1380
f 1874//1874 1869//1869 1868//1868
f 1873//1873 1884//1884 1874//1874
f 1874//1874 1884//1884 1885//1885
f 1874//1874 1885//1885 1869//1869
f 1869//1869 1885//1885 1375//1375
f 1869//1869 1375//1375 1870//1870
f 1870//1870 1375//1375 1374//1374
f 1870//1870 1374//1374 1381//1381
f 1878//1878 1884//1884 1882//1882
f 1882//1882 1884//1884 1873//1873
f 1882//1882 1873//1873 1881//1881
f 1881//1881 1873//1873 1875//1875
f 1881//1881 1875//1875 1879//1879
f 1879//1879 1875//1875 1872//1872
f 1879//1879 1872//1872 1886//1886
f 1886//1886 1872//1872 1871//1871
f 1886//1886 1871//1871 1887//1887
f 1887//1887 1871//1871 1883//1883
f 1887//1887 1883//1883 1372//1372
f 1372//1372 1883//1883 1373//1373
f 1493//1493 1468//1468 1492//1492
f 1492//1492 1468//1468 1371//1371
f 1495//1495 1431//1431 1494//1494
f 1494//1494 1431//1431 1433//1433
f 1494//1494 1433//1433 1493//1493
f 1493//1493 1433//1433 1485//1485
f 1493//1493 1485//1485 1468//1468
f 1496//1496 1427//1427 1495//1495
f 1495//1495 1427//1427 1429//1429
f 1495//1495 1429//1429 1431//1431
f 1413//1413 1487//1487 1488//1488
f 1391//1391 1491//1491 1389//1389
f 1389//1389 1491//1491 1492//1492
f 1389//1389 1492//1492 1387//1387
f 1387//1387 1492//1492 1371//1371
f 1504//1504 1372//1372 1470//1470
f 1470//1470 1372//1372 1371//1371
f 1470//1470 1371//1371 1467//1467
f 1467//1467 1371//1371 1468//1468
f 1413//1413 1415//1415 1487//1487
f 1487//1487 1415//1415 1417//1417
f 1487//1487 1417//1417 1498//1498
f 1498//1498 1417//1417 1419//1419
f 1498//1498 1419//1419 1497//1497
f 1489//1489 1409//1409 1488//1488
f 1488//1488 1409//1409 1411//1411
f 1488//1488 1411//1411 1413//1413
f 1391//1391 1393//1393 1491//1491
f 1491//1491 1393//1393 1403//1403
f 1491//1491 1403//1403 1490//1490
f 1490//1490 1403//1403 1405//1405
f 1490//1490 1405//1405 1489//1489
f 1489//1489 1405//1405 1407//1407
f 1489//1489 1407//1407 1409//1409
f 1419//1419 1421//1421 1497//1497
f 1497//1497 1421//1421 1423//1423
f 1497//1497 1423//1423 1496//1496
f 1496//1496 1423//1423 1425//1425
f 1496//1496 1425//1425 1427//1427
f 1888//1888 1889//1889 1890//1890
f 1503//1503 1888//1888 1504//1504
f 1888//1888 1503//1503 1502//1502
f 1891//1891 1892//1892 1893//1893
f 1894//1894 1895//1895 1888//1888
f 1888//1888 1895//1895 1896//1896
f 1897//1897 1888//1888 1896//1896
f 1897//1897 1504//1504 1888//1888
f 1898//1898 1894//1894 1888//1888
f 1899//1899 1890//1890 1900//1900
f 1900//1900 1890//1890 1901//1901
f 1899//1899 1902//1902 1890//1890
f 1890//1890 1902//1902 1898//1898
f 1890//1890 1898//1898 1888//1888
f 1903//1903 1904//1904 1905//1905
f 1905//1905 1904//1904 1906//1906
f 1905//1905 1906//1906 1907//1907
f 1907//1907 1906//1906 1908//1908
f 1907//1907 1908//1908 1909//1909
f 1909//1909 1908//1908 1910//1910
f 1909//1909 1910//1910 1911//1911
f 1911//1911 1910//1910 1508//1508
f 1911//1911 1508//1508 1509//1509
f 1501//1501 1500//1500 1888//1888
f 1888//1888 1499//1499 1912//1912
f 1912//1912 1499//1499 1505//1505
f 1912//1912 1505//1505 1506//1506
f 1889//1889 1888//1888 1912//1912
f 1502//1502 1501//1501 1888//1888
f 1904//1904 1891//1891 1906//1906
f 1906//1906 1891//1891 1893//1893
f 1906//1906 1893//1893 1908//1908
f 1908//1908 1893//1893 1913//1913
f 1908//1908 1913//1913 1910//1910
f 1910//1910 1913//1913 1914//1914
f 1910//1910 1914//1914 1508//1508
f 1508//1508 1914//1914 1507//1507
f 1892//1892 1901//1901 1893//1893
f 1893//1893 1901//1901 1890//1890
f 1893//1893 1890//1890 1913//1913
f 1913//1913 1890//1890 1889//1889
f 1913//1913 1889//1889 1914//1914
f 1914//1914 1889//1889 1912//1912
f 1914//1914 1912//1912 1507//1507
f 1507//1507 1912//1912 1506//1506
f 1500//1500 1499//1499 1888//1888
f 1521//1521 1915//1915 1509//1509
f 1521//1521 1509//1509 1522//1522
f 1522//1522 1509//1509 1486//1486
f 1522//1522 1486//1486 1510//1510
f 1915//1915 1521//1521 1916//1916
f 1916//1916 1521//1521 1520//1520
f 1916//1916 1520//1520 1917//1917
f 1917//1917 1520//1520 1523//1523
f 1917//1917 1523//1523 1918//1918
f 1918//1918 1523//1523 1518//1518
f 1918//1918 1518//1518 1919//1919
f 1919//1919 1518//1518 1517//1517
f 1920//1920 1921//1921 1922//1922
f 1922//1922 1921//1921 1919//1919
f 1922//1922 1919//1919 1517//1517
f 1922//1922 1517//1517 1923//1923
f 1516//1516 1924//1924 1513//1513
f 1513//1513 1924//1924 1923//1923
f 1513//1513 1923//1923 1514//1514
f 1514//1514 1923//1923 1517//1517
f 1920//1920 1922//1922 1925//1925
f 1925//1925 1922//1922 1923//1923
f 1925//1925 1923//1923 1926//1926
f 1926//1926 1923//1923 1924//1924
f 1926//1926 1924//1924 1927//1927
f 1927//1927 1924//1924 1928//1928
f 1928//1928 1924//1924 1540//1540
f 1928//1928 1540//1540 1541//1541
f 1516//1516 1534//1534 1924//1924
f 1924//1924 1534//1534 1536//1536
f 1924//1924 1536//1536 1540//1540
f 1540//1540 1536//1536 1532//1532
f 1540//1540 1532//1532 601//601
f 1549//1549 1553//1553 1627//1627
f 1542//1542 605//605 1627//1627
f 1627//1627 605//605 1550//1550
f 1627//1627 1550//1550 1549//1549
f 1561//1561 1563//1563 1581//1581
f 1563//1563 1565//1565 1581//1581
f 1581//1581 1565//1565 1566//1566
f 1581//1581 1566//1566 678//678
f 1553//1553 1555//1555 1627//1627
f 1627//1627 1555//1555 1557//1557
f 1627//1627 1557//1557 1581//1581
f 1581//1581 1557//1557 1559//1559
f 1581//1581 1559//1559 1561//1561
f 1929//1929 1930//1930 1931//1931
f 1621//1621 1932//1932 1933//1933
f 1624//1624 1623//1623 1933//1933
f 1933//1933 1623//1623 1622//1622
f 1933//1933 1622//1622 1621//1621
f 1934//1934 1627//1627 1626//1626
f 1933//1933 1935//1935 1624//1624
f 1624//1624 1935//1935 1936//1936
f 1624//1624 1936//1936 1625//1625
f 1625//1625 1936//1936 1937//1937
f 1625//1625 1937//1937 1626//1626
f 1626//1626 1937//1937 1938//1938
f 1626//1626 1938//1938 1934//1934
f 1934//1934 1938//1938 1931//1931
f 1934//1934 1931//1931 1939//1939
f 1939//1939 1931//1931 1930//1930
f 1939//1939 1930//1930 1940//1940
f 1941//1941 1942//1942 1943//1943
f 1943//1943 1942//1942 1944//1944
f 1943//1943 1944//1944 1945//1945
f 1945//1945 1944//1944 1946//1946
f 1947//1947 1948//1948 1949//1949
f 1949//1949 1948//1948 1950//1950
f 1949//1949 1950//1950 1951//1951
f 1951//1951 1950//1950 1952//1952
f 1951//1951 1952//1952 1953//1953
f 1953//1953 1952//1952 1954//1954
f 1953//1953 1954//1954 1941//1941
f 1941//1941 1954//1954 1955//1955
f 1941//1941 1955//1955 1942//1942
f 1932//1932 1947//1947 1933//1933
f 1933//1933 1947//1947 1949//1949
f 1933//1933 1949//1949 1935//1935
f 1935//1935 1949//1949 1951//1951
f 1935//1935 1951//1951 1936//1936
f 1936//1936 1951//1951 1953//1953
f 1936//1936 1953//1953 1937//1937
f 1937//1937 1953//1953 1941//1941
f 1937//1937 1941//1941 1938//1938
f 1938//1938 1941//1941 1943//1943
f 1938//1938 1943//1943 1931//1931
f 1931//1931 1943//1943 1945//1945
f 1931//1931 1945//1945 1929//1929
f 1929//1929 1945//1945 1946//1946
f 1737//1737 1738//1738 1597//1597
f 1597//1597 1600//1600 1714//1714
f 1714//1714 1600//1600 1602//1602
f 1714//1714 1602//1602 1713//1713
f 1597//1597 1738//1738 1621//1621
f 1729//1729 1730//1730 1636//1636
f 1636//1636 1730//1730 1731//1731
f 1636//1636 1731//1731 1720//1720
f 1702//1702 1723//1723 1724//1724
f 1698//1698 1643//1643 1697//1697
f 1697//1697 1643//1643 1645//1645
f 1697//1697 1645//1645 1696//1696
f 769//769 1672//1672 1673//1673
f 1673//1673 1672//1672 1678//1678
f 1714//1714 1715//1715 1597//1597
f 1597//1597 1715//1715 1716//1716
f 1597//1597 1716//1716 1737//1737
f 1738//1738 1739//1739 1621//1621
f 1621//1621 1739//1739 1740//1740
f 1621//1621 1740//1740 1741//1741
f 1702//1702 1703//1703 1723//1723
f 1723//1723 1703//1703 1704//1704
f 1723//1723 1704//1704 1722//1722
f 1722//1722 1704//1704 1705//1705
f 1722//1722 1705//1705 1721//1721
f 1645//1645 1647//1647 1696//1696
f 1696//1696 1647//1647 1649//1649
f 1696//1696 1649//1649 1707//1707
f 1707//1707 1649//1649 1637//1637
f 1707//1707 1637//1637 1706//1706
f 1706//1706 1637//1637 1636//1636
f 1706//1706 1636//1636 1705//1705
f 1705//1705 1636//1636 1720//1720
f 1705//1705 1720//1720 1721//1721
f 1679//1679 1678//1678 1701//1701
f 1701//1701 1678//1678 1672//1672
f 1701//1701 1672//1672 1700//1700
f 1700//1700 1672//1672 1665//1665
f 1700//1700 1665//1665 1699//1699
f 1699//1699 1665//1665 1638//1638
f 1699//1699 1638//1638 1698//1698
f 1698//1698 1638//1638 1641//1641
f 1698//1698 1641//1641 1643//1643
f 1717//1717 1718//1718 1702//1702
f 1702//1702 1718//1718 1719//1719
f 1702//1702 1719//1719 1701//1701
f 1701//1701 1719//1719 1708//1708
f 1726//1726 1743//1743 1725//1725
f 1725//1725 1743//1743 1732//1732
f 1725//1725 1732//1732 1724//1724
f 1724//1724 1732//1732 1733//1733
f 1724//1724 1733//1733 1702//1702
f 1702//1702 1733//1733 1734//1734
f 1702//1702 1734//1734 1717//1717
f 1717//1717 1734//1734 1735//1735
f 1717//1717 1735//1735 1716//1716
f 1716//1716 1735//1735 1736//1736
f 1716//1716 1736//1736 1737//1737
f 1729//1729 1636//1636 1728//1728
f 1728//1728 1636//1636 1621//1621
f 1728//1728 1621//1621 1727//1727
f 1727//1727 1621//1621 1741//1741
f 1727//1727 1741//1741 1726//1726
f 1726//1726 1741//1741 1742//1742
f 1726//1726 1742//1742 1743//1743
f 1708//1708 1709//1709 1687//1687
f 1690//1690 794//794 1688//1688
f 1602//1602 1604//1604 1713//1713
f 1713//1713 1604//1604 1606//1606
f 1713//1713 1606//1606 1712//1712
f 1712//1712 1606//1606 1608//1608
f 1712//1712 1608//1608 1711//1711
f 1711//1711 1608//1608 1590//1590
f 1711//1711 1590//1590 1710//1710
f 1710//1710 1590//1590 1589//1589
f 1710//1710 1589//1589 1709//1709
f 1709//1709 1589//1589 1690//1690
f 1709//1709 1690//1690 1687//1687
f 1687//1687 1690//1690 1688//1688
f 1687//1687 1686//1686 1708//1708
f 1708//1708 1686//1686 1681//1681
f 1708//1708 1681//1681 1701//1701
f 1701//1701 1681//1681 1680//1680
f 1701//1701 1680//1680 1679//1679
f 1956//1956 1957//1957 1958//1958
f 1959//1959 1957//1957 1956//1956
f 1960//1960 1959//1959 1956//1956
f 1956//1956 1961//1961 1962//1962
f 1963//1963 1961//1961 1956//1956
f 1958//1958 1963//1963 1956//1956
f 1964//1964 1956//1956 1965//1965
f 1956//1956 1964//1964 1966//1966
f 1966//1966 1967//1967 1956//1956
f 1956//1956 1967//1967 1968//1968
f 1632//1632 1631//1631 1969//1969
f 1969//1969 1631//1631 1629//1629
f 1969//1969 1629//1629 1970//1970
f 1971//1971 1636//1636 1972//1972
f 1972//1972 1636//1636 1634//1634
f 1972//1972 1634//1634 1973//1973
f 1973//1973 1634//1634 1632//1632
f 1973//1973 1632//1632 1974//1974
f 1974//1974 1632//1632 1969//1969
f 1975//1975 1960//1960 1968//1968
f 1968//1968 1960//1960 1956//1956
f 1976//1976 1977//1977 1962//1962
f 1962//1962 1977//1977 1965//1965
f 1962//1962 1965//1965 1956//1956
f 1978//1978 1979//1979 1980//1980
f 1980//1980 1979//1979 1981//1981
f 1980//1980 1981//1981 1982//1982
f 1982//1982 1981//1981 1970//1970
f 1982//1982 1970//1970 1983//1983
f 1983//1983 1970//1970 1629//1629
f 1983//1983 1629//1629 1628//1628
f 1975//1975 1971//1971 1960//1960
f 1960//1960 1971//1971 1972//1972
f 1960//1960 1972//1972 1959//1959
f 1959//1959 1972//1972 1973//1973
f 1959//1959 1973//1973 1957//1957
f 1957//1957 1973//1973 1974//1974
f 1957//1957 1974//1974 1958//1958
f 1958//1958 1974//1974 1969//1969
f 1958//1958 1969//1969 1963//1963
f 1963//1963 1969//1969 1970//1970
f 1963//1963 1970//1970 1961//1961
f 1961//1961 1970//1970 1981//1981
f 1961//1961 1981//1981 1962//1962
f 1962//1962 1981//1981 1979//1979
f 1962//1962 1979//1979 1976//1976
f 1976//1976 1979//1979 1978//1978
f 1746//1746 1747//1747 1984//1984
f 1762//1762 1985//1985 1763//1763
f 1763//1763 1985//1985 1986//1986
f 1763//1763 1986//1986 1768//1768
f 1987//1987 1988//1988 1989//1989
f 1762//1762 1761//1761 1985//1985
f 1985//1985 1761//1761 1764//1764
f 1985//1985 1764//1764 1765//1765
f 1990//1990 1991//1991 1992//1992
f 1752//1752 1744//1744 1993//1993
f 1992//1992 1991//1991 1994//1994
f 1993//1993 1744//1744 1984//1984
f 1984//1984 1744//1744 1745//1745
f 1984//1984 1745//1745 1746//1746
f 1995//1995 1753//1753 1996//1996
f 1996//1996 1753//1753 1754//1754
f 1996//1996 1754//1754 1755//1755
f 1986//1986 1997//1997 1768//1768
f 1768//1768 1997//1997 1998//1998
f 1768//1768 1998//1998 1775//1775
f 1775//1775 1998//1998 1999//1999
f 1775//1775 1999//1999 1774//1774
f 2000//2000 1771//1771 1999//1999
f 1999//1999 1771//1771 1770//1770
f 1999//1999 1770//1770 1769//1769
f 1995//1995 1990//1990 1753//1753
f 1753//1753 1990//1990 1992//1992
f 1753//1753 1992//1992 1760//1760
f 1760//1760 1992//1992 2001//2001
f 1760//1760 2001//2001 1767//1767
f 1767//1767 2001//2001 1985//1985
f 1767//1767 1985//1985 1766//1766
f 1766//1766 1985//1985 1765//1765
f 2000//2000 1987//1987 1771//1771
f 1771//1771 1987//1987 1989//1989
f 1771//1771 1989//1989 1751//1751
f 1751//1751 1989//1989 2002//2002
f 1751//1751 2002//2002 1750//1750
f 1750//1750 2002//2002 1984//1984
f 1994//1994 1991//1991 2003//2003
f 2003//2003 1991//1991 2004//2004
f 2003//2003 2004//2004 1988//1988
f 1988//1988 2004//2004 2005//2005
f 1988//1988 2005//2005 1989//1989
f 1747//1747 1748//1748 1984//1984
f 1984//1984 1748//1748 1749//1749
f 1984//1984 1749//1749 1750//1750
f 1993//1993 2006//2006 1752//1752
f 1752//1752 2006//2006 2007//2007
f 1752//1752 2007//2007 1759//1759
f 1759//1759 2007//2007 1996//1996
f 1759//1759 1996//1996 1758//1758
f 1755//1755 1756//1756 1996//1996
f 1996//1996 1756//1756 1757//1757
f 1996//1996 1757//1757 1758//1758
f 1769//1769 1772//1772 1999//1999
f 1999//1999 1772//1772 1773//1773
f 1999//1999 1773//1773 1774//1774
f 1628//1628 945//945 2008//2008
f 1978//1978 1980//1980 2009//2009
f 2009//2009 1980//1980 2010//2010
f 2010//2010 1980//1980 2011//2011
f 2011//2011 1980//1980 1982//1982
f 2011//2011 1982//1982 2008//2008
f 2008//2008 1982//1982 1983//1983
f 2008//2008 1983//1983 1628//1628
f 2012//2012 2009//2009 2010//2010
f 2012//2012 2010//2010 2013//2013
f 2013//2013 2010//2010 2011//2011
f 2013//2013 2011//2011 2014//2014
f 2014//2014 2011//2011 2008//2008
f 2014//2014 2008//2008 2015//2015
f 2015//2015 2008//2008 945//945
f 2015//2015 945//945 944//944
f 2016//2016 2017//2017 2018//2018
f 2019//2019 2020//2020 2021//2021
f 2022//2022 2023//2023 2021//2021
f 2020//2020 2024//2024 2021//2021
f 2021//2021 2024//2024 2025//2025
f 2021//2021 2025//2025 2022//2022
f 2022//2022 2025//2025 2026//2026
f 2018//2018 2012//2012 2027//2027
f 2027//2027 2012//2012 2013//2013
f 2027//2027 2013//2013 2014//2014
f 1782//1782 2023//2023 1781//1781
f 1781//1781 2023//2023 2022//2022
f 1781//1781 2022//2022 1778//1778
f 1778//1778 2022//2022 2026//2026
f 1778//1778 2026//2026 1776//1776
f 1776//1776 2026//2026 944//944
f 2016//2016 2018//2018 2020//2020
f 2019//2019 2021//2021 2028//2028
f 2028//2028 2021//2021 2023//2023
f 2028//2028 2023//2023 2029//2029
f 2029//2029 2023//2023 1782//1782
f 2029//2029 1782//1782 1783//1783
f 2020//2020 2018//2018 2024//2024
f 2024//2024 2018//2018 2027//2027
f 2024//2024 2027//2027 2025//2025
f 2025//2025 2027//2027 2014//2014
f 2025//2025 2014//2014 2026//2026
f 2026//2026 2014//2014 2015//2015
f 2026//2026 2015//2015 944//944
f 2020//2020 2019//2019 2030//2030
f 1791//1791 1792//1792 2031//2031
f 2032//2032 1793//1793 2033//2033
f 2033//2033 1793//1793 1790//1790
f 1794//1794 2034//2034 1789//1789
f 1789//1789 2034//2034 2029//2029
f 1789//1789 2029//2029 1783//1783
f 2028//2028 2029//2029 2035//2035
f 2035//2035 2029//2029 2034//2034
f 2035//2035 2034//2034 2031//2031
f 2031//2031 2034//2034 1794//1794
f 2031//2031 1794//1794 1791//1791
f 2019//2019 2028//2028 2030//2030
f 2030//2030 2028//2028 2035//2035
f 2030//2030 2035//2035 2036//2036
f 2036//2036 2035//2035 2031//2031
f 2036//2036 2031//2031 2032//2032
f 2032//2032 2031//2031 1792//1792
f 2032//2032 1792//1792 1793//1793
f 2037//2037 2038//2038 2039//2039
f 2039//2039 2038//2038 2040//2040
f 2039//2039 2040//2040 2041//2041
f 2041//2041 2042//2042 2039//2039
f 2039//2039 2042//2042 2043//2043
f 2039//2039 2043//2043 2037//2037
f 2037//2037 2043//2043 2044//2044
f 2016//2016 2020//2020 2044//2044
f 2044//2044 2020//2020 2030//2030
f 2044//2044 2030//2030 2037//2037
f 2037//2037 2030//2030 2036//2036
f 2037//2037 2036//2036 2038//2038
f 2038//2038 2036//2036 2032//2032
f 2038//2038 2032//2032 2040//2040
f 2040//2040 2032//2032 2033//2033
f 2017//2017 2016//2016 2045//2045
f 2045//2045 2016//2016 2044//2044
f 2045//2045 2044//2044 2046//2046
f 2046//2046 2044//2044 2043//2043
f 2046//2046 2043//2043 2047//2047
f 2047//2047 2043//2043 2042//2042
f 2047//2047 2042//2042 2048//2048
f 2048//2048 2042//2042 2041//2041
f 2033//2033 1790//1790 1795//1795
f 1795//1795 2049//2049 2033//2033
f 2033//2033 2049//2049 2050//2050
f 2033//2033 2050//2050 2040//2040
f 2040//2040 2050//2050 2051//2051
f 2040//2040 2051//2051 2041//2041
f 2041//2041 2051//2051 2052//2052
f 2041//2041 2052//2052 2048//2048
f 2053//2053 2051//2051 2050//2050
f 1797//1797 2054//2054 1808//1808
f 1808//1808 2054//2054 2055//2055
f 1808//1808 2055//2055 1807//1807
f 1807//1807 2055//2055 2056//2056
f 1807//1807 2056//2056 1806//1806
f 1806//1806 2056//2056 1805//1805
f 1805//1805 2056//2056 2057//2057
f 1805//1805 2057//2057 1804//1804
f 1804//1804 2057//2057 2058//2058
f 1804//1804 2058//2058 1803//1803
f 1803//1803 2058//2058 1802//1802
f 1802//1802 2058//2058 2059//2059
f 1802//1802 2059//2059 1801//1801
f 1801//1801 2059//2059 1800//1800
f 1800//1800 2059//2059 2060//2060
f 1800//1800 2060//2060 1799//1799
f 2049//2049 1795//1795 1798//1798
f 2061//2061 2054//2054 2062//2062
f 2062//2062 2054//2054 1797//1797
f 2062//2062 1797//1797 1796//1796
f 2063//2063 2064//2064 2065//2065
f 2063//2063 2065//2065 2066//2066
f 2066//2066 2065//2065 2067//2067
f 2066//2066 2067//2067 2068//2068
f 2068//2068 2067//2067 2069//2069
f 2068//2068 2069//2069 2070//2070
f 2070//2070 2069//2069 2071//2071
f 2070//2070 2071//2071 2072//2072
f 2072//2072 2071//2071 2073//2073
f 2072//2072 2073//2073 2074//2074
f 2074//2074 2073//2073 2075//2075
f 2074//2074 2075//2075 2076//2076
f 2077//2077 2064//2064 2061//2061
f 2061//2061 2064//2064 2063//2063
f 2061//2061 2063//2063 2054//2054
f 2054//2054 2063//2063 2066//2066
f 2054//2054 2066//2066 2055//2055
f 2055//2055 2066//2066 2068//2068
f 2055//2055 2068//2068 2056//2056
f 2056//2056 2068//2068 2070//2070
f 2056//2056 2070//2070 2057//2057
f 2057//2057 2070//2070 2072//2072
f 2057//2057 2072//2072 2058//2058
f 2058//2058 2072//2072 2074//2074
f 2058//2058 2074//2074 2059//2059
f 2059//2059 2074//2074 2076//2076
f 2059//2059 2076//2076 2060//2060
f 2077//2077 2078//2078 2064//2064
f 2064//2064 2078//2078 2079//2079
f 2064//2064 2079//2079 2065//2065
f 2065//2065 2079//2079 2080//2080
f 2065//2065 2080//2080 2067//2067
f 2067//2067 2080//2080 2081//2081
f 2067//2067 2081//2081 2069//2069
f 2069//2069 2081//2081 2082//2082
f 2069//2069 2082//2082 2071//2071
f 2071//2071 2082//2082 2083//2083
f 2071//2071 2083//2083 2073//2073
f 2073//2073 2083//2083 2053//2053
f 2073//2073 2053//2053 2075//2075
f 2075//2075 2053//2053 2050//2050
f 2075//2075 2050//2050 2076//2076
f 2076//2076 2050//2050 2049//2049
f 2076//2076 2049//2049 2060//2060
f 2060//2060 2049//2049 1798//1798
f 2060//2060 1798//1798 1799//1799
f 2052//2052 2051//2051 2084//2084
f 2084//2084 2051//2051 2053//2053
f 2084//2084 2053//2053 2085//2085
f 2085//2085 2053//2053 2083//2083
f 2085//2085 2083//2083 2086//2086
f 2086//2086 2083//2083 2082//2082
f 2086//2086 2082//2082 2087//2087
f 2087//2087 2082//2082 2081//2081
f 2087//2087 2081//2081 2088//2088
f 2088//2088 2081//2081 2080//2080
f 2088//2088 2080//2080 2089//2089
f 2089//2089 2080//2080 2079//2079
f 2089//2089 2079//2079 2090//2090
f 2090//2090 2079//2079 2078//2078
f 2090//2090 2078//2078 2091//2091
f 2091//2091 2078//2078 2077//2077
f 2062//2062 1796//1796 1809//1809
f 1809//1809 2092//2092 2062//2062
f 2062//2062 2092//2092 2093//2093
f 2062//2062 2093//2093 2061//2061
f 2061//2061 2093//2093 2094//2094
f 2061//2061 2094//2094 2077//2077
f 2077//2077 2094//2094 2095//2095
f 2077//2077 2095//2095 2091//2091
f 2096//2096 2094//2094 2093//2093
f 1810//1810 2097//2097 2098//2098
f 2099//2099 1811//1811 2098//2098
f 2098//2098 1811//1811 1812//1812
f 2098//2098 1812//1812 1810//1810
f 1813//1813 1814//1814 2100//2100
f 2100//2100 1814//1814 1815//1815
f 2100//2100 1815//1815 2099//2099
f 2099//2099 1815//1815 1816//1816
f 2099//2099 1816//1816 1811//1811
f 1810//1810 1022//1022 2097//2097
f 2097//2097 1022//1022 2101//2101
f 2097//2097 2101//2101 2102//2102
f 1809//1809 1813//1813 2092//2092
f 2092//2092 1813//1813 2100//2100
f 2092//2092 2100//2100 2103//2103
f 2103//2103 2100//2100 2099//2099
f 2103//2103 2099//2099 2104//2104
f 2104//2104 2099//2099 2098//2098
f 2104//2104 2098//2098 2105//2105
f 2105//2105 2098//2098 2097//2097
f 2105//2105 2097//2097 2106//2106
f 2106//2106 2097//2097 2102//2102
f 2106//2106 2102//2102 2107//2107
f 2107//2107 2108//2108 2106//2106
f 2106//2106 2108//2108 2109//2109
f 2106//2106 2109//2109 2105//2105
f 2105//2105 2109//2109 2110//2110
f 2105//2105 2110//2110 2104//2104
f 2104//2104 2110//2110 2096//2096
f 2104//2104 2096//2096 2103//2103
f 2103//2103 2096//2096 2093//2093
f 2103//2103 2093//2093 2092//2092
f 2095//2095 2094//2094 2111//2111
f 2111//2111 2094//2094 2096//2096
f 2111//2111 2096//2096 2112//2112
f 2112//2112 2096//2096 2110//2110
f 2112//2112 2110//2110 2113//2113
f 2113//2113 2110//2110 2109//2109
f 2113//2113 2109//2109 2114//2114
f 2114//2114 2109//2109 2108//2108
f 2114//2114 2108//2108 2115//2115
f 2115//2115 2108//2108 2107//2107
f 1024//1024 2116//2116 1023//1023
f 1023//1023 2116//2116 2117//2117
f 1023//1023 2117//2117 1022//1022
f 2101//2101 2118//2118 2102//2102
f 2102//2102 2118//2118 2119//2119
f 2102//2102 2119//2119 2107//2107
f 2107//2107 2119//2119 2120//2120
f 2107//2107 2120//2120 2115//2115
f 1024//1024 1021//1021 2121//2121
f 2121//2121 1021//1021 1020//1020
f 2121//2121 1020//1020 2122//2122
f 1024//1024 2121//2121 2116//2116
f 2116//2116 2121//2121 2118//2118
f 2116//2116 2118//2118 2117//2117
f 2117//2117 2118//2118 2101//2101
f 2117//2117 2101//2101 1022//1022
f 2122//2122 2123//2123 2121//2121
f 2121//2121 2123//2123 2124//2124
f 2121//2121 2124//2124 2118//2118
f 2118//2118 2124//2124 2125//2125
f 2118//2118 2125//2125 2119//2119
f 2119//2119 2125//2125 2126//2126
f 2119//2119 2126//2126 2120//2120
f 1020//1020 1033//1033 1834//1834
f 1827//1827 2126//2126 1828//1828
f 1828//1828 2126//2126 2125//2125
f 1828//1828 2125//2125 2124//2124
f 1828//1828 2124//2124 1833//1833
f 1833//1833 2124//2124 2123//2123
f 1833//1833 2123//2123 1834//1834
f 1834//1834 2123//2123 2122//2122
f 1834//1834 2122//2122 1020//1020
f 1845//1845 1042//1042 1846//1846
f 1846//1846 1042//1042 1164//1164
f 1042//1042 1845//1845 1844//1844
f 1844//1844 1843//1843 1042//1042
f 1042//1042 1843//1843 1847//1847
f 1042//1042 1847//1847 1851//1851
f 1851//1851 1848//1848 1042//1042
f 1042//1042 1848//1848 1849//1849
f 1042//1042 1849//1849 1836//1836
f 1836//1836 1849//1849 1850//1850
f 1836//1836 1850//1850 1835//1835
f 1835//1835 1850//1850 1841//1841
f 1852//1852 1827//1827 1853//1853
f 1853//1853 1827//1827 1826//1826
f 1853//1853 1826//1826 1840//1840
f 1840//1840 1826//1826 1830//1830
f 1840//1840 1830//1830 1841//1841
f 1841//1841 1830//1830 1829//1829
f 1841//1841 1829//1829 1835//1835
f 1174//1174 2127//2127 1169//1169
f 1169//1169 2127//2127 1860//1860
f 1860//1860 2127//2127 1858//1858
f 1858//1858 2127//2127 2128//2128
f 1858//1858 2128//2128 1856//1856
f 2128//2128 2129//2129 1856//1856
f 1856//1856 2129//2129 2130//2130
f 1856//1856 2130//2130 1854//1854
f 1854//1854 2130//2130 2131//2131
f 1854//1854 2131//2131 1852//1852
f 2132//2132 2133//2133 2134//2134
f 2127//2127 1174//1174 1173//1173
f 2129//2129 2128//2128 2135//2135
f 2135//2135 2128//2128 2136//2136
f 2136//2136 2137//2137 2135//2135
f 2135//2135 2137//2137 2138//2138
f 2135//2135 2138//2138 2139//2139
f 2139//2139 2138//2138 2140//2140
f 2139//2139 2140//2140 2141//2141
f 2141//2141 2140//2140 2142//2142
f 2141//2141 2142//2142 2143//2143
f 2130//2130 2129//2129 2144//2144
f 2144//2144 2129//2129 2135//2135
f 2144//2144 2135//2135 2145//2145
f 2145//2145 2135//2135 2139//2139
f 2145//2145 2139//2139 2146//2146
f 2146//2146 2139//2139 2141//2141
f 2146//2146 2141//2141 2147//2147
f 1186//1186 2133//2133 1184//1184
f 1184//1184 2133//2133 2132//2132
f 1184//1184 2132//2132 1182//1182
f 2128//2128 2127//2127 2136//2136
f 2136//2136 2127//2127 1173//1173
f 2136//2136 1173//1173 2137//2137
f 2137//2137 1173//1173 1176//1176
f 2137//2137 1176//1176 2138//2138
f 2138//2138 1176//1176 1178//1178
f 2138//2138 1178//1178 2140//2140
f 2140//2140 1178//1178 1180//1180
f 2140//2140 1180//1180 2142//2142
f 2142//2142 1180//1180 1182//1182
f 2142//2142 1182//1182 2143//2143
f 2143//2143 1182//1182 2132//2132
f 2143//2143 2132//2132 2141//2141
f 2141//2141 2132//2132 2134//2134
f 2141//2141 2134//2134 2147//2147
f 2131//2131 2130//2130 2148//2148
f 2148//2148 2130//2130 2144//2144
f 2148//2148 2144//2144 2149//2149
f 2149//2149 2144//2144 2145//2145
f 2149//2149 2145//2145 2150//2150
f 2150//2150 2145//2145 2146//2146
f 2150//2150 2146//2146 2151//2151
f 2151//2151 2146//2146 2147//2147
f 1864//1864 1865//1865 2152//2152
f 2133//2133 1186//1186 1864//1864
f 1864//1864 2152//2152 2133//2133
f 2133//2133 2152//2152 2153//2153
f 2133//2133 2153//2153 2134//2134
f 2134//2134 2153//2153 2154//2154
f 2134//2134 2154//2154 2147//2147
f 2147//2147 2154//2154 2155//2155
f 2147//2147 2155//2155 2151//2151
f 2156//2156 2155//2155 2154//2154
f 2156//2156 2154//2154 2157//2157
f 2157//2157 2154//2154 2153//2153
f 2157//2157 2153//2153 2158//2158
f 2158//2158 2153//2153 2152//2152
f 2158//2158 2152//2152 2159//2159
f 2159//2159 2152//2152 1865//1865
f 2159//2159 1865//1865 1866//1866
f 1867//1867 1363//1363 2160//2160
f 2159//2159 1866//1866 1867//1867
f 1867//1867 2160//2160 2159//2159
f 2159//2159 2160//2160 2161//2161
f 2159//2159 2161//2161 2158//2158
f 2158//2158 2161//2161 2162//2162
f 2158//2158 2162//2162 2157//2157
f 2157//2157 2162//2162 2163//2163
f 2157//2157 2163//2163 2156//2156
f 2164//2164 2165//2165 2166//2166
f 1360//1360 1358//1358 2167//2167
f 1364//1364 1365//1365 2168//2168
f 2167//2167 1358//1358 2166//2166
f 2166//2166 1358//1358 1359//1359
f 2166//2166 1359//1359 2164//2164
f 1363//1363 2169//2169 2160//2160
f 2160//2160 2169//2169 2170//2170
f 2160//2160 2170//2170 2161//2161
f 2168//2168 1365//1365 2171//2171
f 2171//2171 1365//1365 1362//1362
f 2171//2171 1362//1362 2172//2172
f 2172//2172 1362//1362 1361//1361
f 2172//2172 1361//1361 2173//2173
f 1363//1363 1364//1364 2169//2169
f 2169//2169 1364//1364 2168//2168
f 2169//2169 2168//2168 2170//2170
f 2170//2170 2168//2168 2171//2171
f 2170//2170 2171//2171 2174//2174
f 2174//2174 2171//2171 2172//2172
f 2174//2174 2172//2172 2175//2175
f 2175//2175 2172//2172 2173//2173
f 2165//2165 2176//2176 2166//2166
f 2166//2166 2176//2176 2175//2175
f 2166//2166 2175//2175 2167//2167
f 2167//2167 2175//2175 2173//2173
f 2167//2167 2173//2173 1360//1360
f 1360//1360 2173//2173 1361//1361
f 2162//2162 2161//2161 2177//2177
f 2177//2177 2161//2161 2170//2170
f 2177//2177 2170//2170 2178//2178
f 2178//2178 2170//2170 2174//2174
f 2178//2178 2174//2174 2179//2179
f 2179//2179 2174//2174 2175//2175
f 2179//2179 2175//2175 2180//2180
f 2180//2180 2175//2175 2176//2176
f 2163//2163 2162//2162 2181//2181
f 2181//2181 2162//2162 2177//2177
f 2181//2181 2177//2177 2182//2182
f 2182//2182 2177//2177 2178//2178
f 2182//2182 2178//2178 2183//2183
f 2183//2183 2178//2178 2179//2179
f 2183//2183 2179//2179 2184//2184
f 2184//2184 2179//2179 2180//2180
f 1878//1878 1877//1877 2184//2184
f 1359//1359 1375//1375 1885//1885
f 2184//2184 2180//2180 1878//1878
f 1878//1878 2180//2180 2176//2176
f 1878//1878 2176//2176 1884//1884
f 1884//1884 2176//2176 2165//2165
f 1884//1884 2165//2165 1885//1885
f 1885//1885 2165//2165 2164//2164
f 1885//1885 2164//2164 1359//1359
f 1903//1903 1877//1877 1904//1904
f 1904//1904 1877//1877 1876//1876
f 1904//1904 1876//1876 1891//1891
f 1372//1372 1504//1504 1887//1887
f 1887//1887 1504//1504 1897//1897
f 1887//1887 1897//1897 1896//1896
f 1887//1887 1896//1896 1895//1895
f 1887//1887 1895//1895 1894//1894
f 1894//1894 1898//1898 1887//1887
f 1887//1887 1898//1898 1902//1902
f 1887//1887 1902//1902 1899//1899
f 1876//1876 1880//1880 1891//1891
f 1891//1891 1880//1880 1879//1879
f 1891//1891 1879//1879 1892//1892
f 1892//1892 1879//1879 1886//1886
f 1892//1892 1886//1886 1901//1901
f 1901//1901 1886//1886 1887//1887
f 1901//1901 1887//1887 1900//1900
f 1900//1900 1887//1887 1899//1899
f 1907//1907 2185//2185 1905//1905
f 1905//1905 2185//2185 2186//2186
f 1905//1905 2186//2186 1903//1903
f 1911//1911 1509//1509 2187//2187
f 2187//2187 1509//1509 1915//1915
f 1911//1911 2187//2187 1909//1909
f 1909//1909 2187//2187 2188//2188
f 1909//1909 2188//2188 1907//1907
f 1907//1907 2188//2188 2189//2189
f 1907//1907 2189//2189 2185//2185
f 1918//1918 1919//1919 2190//2190
f 1916//1916 1917//1917 2191//2191
f 2191//2191 2192//2192 1916//1916
f 1916//1916 2192//2192 2187//2187
f 1916//1916 2187//2187 1915//1915
f 2188//2188 2193//2193 2189//2189
f 2189//2189 2193//2193 2194//2194
f 2189//2189 2194//2194 2185//2185
f 2185//2185 2194//2194 2195//2195
f 2185//2185 2195//2195 2186//2186
f 1917//1917 1918//1918 2196//2196
f 1917//1917 2196//2196 2191//2191
f 2191//2191 2196//2196 2193//2193
f 2191//2191 2193//2193 2192//2192
f 2192//2192 2193//2193 2188//2188
f 2192//2192 2188//2188 2187//2187
f 1918//1918 2190//2190 2196//2196
f 2196//2196 2190//2190 2197//2197
f 2196//2196 2197//2197 2193//2193
f 2193//2193 2197//2197 2198//2198
f 2193//2193 2198//2198 2194//2194
f 2194//2194 2198//2198 2199//2199
f 2194//2194 2199//2199 2195//2195
f 1921//1921 1920//1920 2200//2200
f 1921//1921 2200//2200 1919//1919
f 1919//1919 2200//2200 2190//2190
f 2190//2190 2200//2200 2201//2201
f 2190//2190 2201//2201 2197//2197
f 2197//2197 2201//2201 2202//2202
f 2197//2197 2202//2202 2198//2198
f 2198//2198 2202//2202 2203//2203
f 2198//2198 2203//2203 2199//2199
f 2204//2204 2205//2205 2206//2206
f 2207//2207 2208//2208 2209//2209
f 2209//2209 2208//2208 2210//2210
f 2211//2211 2204//2204 2212//2212
f 2212//2212 2204//2204 2206//2206
f 2212//2212 2206//2206 2213//2213
f 2213//2213 2206//2206 2214//2214
f 2213//2213 2214//2214 2215//2215
f 2215//2215 2214//2214 2216//2216
f 2208//2208 2200//2200 2210//2210
f 2210//2210 2200//2200 1920//1920
f 2210//2210 1920//1920 1925//1925
f 2217//2217 2203//2203 2207//2207
f 2207//2207 2203//2203 2202//2202
f 2207//2207 2202//2202 2208//2208
f 2208//2208 2202//2202 2201//2201
f 2208//2208 2201//2201 2200//2200
f 1541//1541 2205//2205 1928//1928
f 1928//1928 2205//2205 2204//2204
f 1928//1928 2204//2204 1927//1927
f 1927//1927 2204//2204 2211//2211
f 1927//1927 2211//2211 1926//1926
f 1925//1925 1926//1926 2210//2210
f 2210//2210 1926//1926 2211//2211
f 2210//2210 2211//2211 2209//2209
f 2209//2209 2211//2211 2212//2212
f 2209//2209 2212//2212 2207//2207
f 2207//2207 2212//2212 2213//2213
f 2207//2207 2213//2213 2217//2217
f 2217//2217 2213//2213 2215//2215
f 2218//2218 2216//2216 2214//2214
f 2218//2218 2214//2214 2219//2219
f 2219//2219 2214//2214 2206//2206
f 2219//2219 2206//2206 2220//2220
f 2220//2220 2206//2206 2205//2205
f 2220//2220 2205//2205 2221//2221
f 2221//2221 2205//2205 1541//1541
f 2221//2221 1541//1541 1542//1542
f 2221//2221 1542//1542 1934//1934
f 1934//1934 1542//1542 1627//1627
f 2221//2221 1934//1934 2220//2220
f 2220//2220 1934//1934 1939//1939
f 2220//2220 1939//1939 2219//2219
f 2219//2219 1939//1939 1940//1940
f 2219//2219 1940//1940 2218//2218
f 1978//1978 1940//1940 1976//1976
f 1976//1976 1940//1940 1930//1930
f 1976//1976 1930//1930 1929//1929
f 1946//1946 1944//1944 1966//1966
f 1966//1966 1944//1944 1942//1942
f 1964//1964 1965//1965 1929//1929
f 1929//1929 1965//1965 1977//1977
f 1929//1929 1977//1977 1976//1976
f 1946//1946 1966//1966 1929//1929
f 1929//1929 1966//1966 1964//1964
f 1942//1942 1955//1955 1966//1966
f 1966//1966 1955//1955 1954//1954
f 1966//1966 1954//1954 1967//1967
f 1954//1954 1952//1952 1967//1967
f 1967//1967 1952//1952 1950//1950
f 1967//1967 1950//1950 1968//1968
f 1968//1968 1950//1950 1948//1948
f 1968//1968 1948//1948 1975//1975
f 1975//1975 1948//1948 1947//1947
f 1975//1975 1947//1947 1971//1971
f 1947//1947 1932//1932 1971//1971
f 1971//1971 1932//1932 1621//1621
f 1971//1971 1621//1621 1636//1636
f 2002//2002 2222//2222 1984//1984
f 1984//1984 2222//2222 2223//2223
f 1984//1984 2223//2223 1993//1993
f 1993//1993 2223//2223 2224//2224
f 1993//1993 2224//2224 2006//2006
f 2006//2006 2224//2224 2225//2225
f 2006//2006 2225//2225 2007//2007
f 2007//2007 2225//2225 2226//2226
f 2007//2007 2226//2226 1996//1996
f 1996//1996 2226//2226 2227//2227
f 1996//1996 2227//2227 1995//1995
f 1995//1995 2227//2227 2228//2228
f 1995//1995 2228//2228 1990//1990
f 1990//1990 2228//2228 2229//2229
f 1990//1990 2229//2229 1991//1991
f 1991//1991 2229//2229 2230//2230
f 1991//1991 2230//2230 2004//2004
f 2004//2004 2230//2230 2231//2231
f 2004//2004 2231//2231 2005//2005
f 2005//2005 2231//2231 2232//2232
f 2005//2005 2232//2232 1989//1989
f 1989//1989 2232//2232 2233//2233
f 1989//1989 2233//2233 2002//2002
f 2002//2002 2233//2233 2222//2222
f 2000//2000 2234//2234 1987//1987
f 1987//1987 2234//2234 2235//2235
f 1987//1987 2235//2235 1988//1988
f 1988//1988 2235//2235 2236//2236
f 1988//1988 2236//2236 2003//2003
f 2003//2003 2236//2236 2237//2237
f 2003//2003 2237//2237 1994//1994
f 1994//1994 2237//2237 2238//2238
f 1994//1994 2238//2238 1992//1992
f 1992//1992 2238//2238 2239//2239
f 1992//1992 2239//2239 2001//2001
f 2001//2001 2239//2239 2240//2240
f 2001//2001 2240//2240 1985//1985
f 1985//1985 2240//2240 2241//2241
f 1985//1985 2241//2241 1986//1986
f 1986//1986 2241//2241 2242//2242
f 1986//1986 2242//2242 1997//1997
f 1997//1997 2242//2242 2243//2243
f 1997//1997 2243//2243 1998//1998
f 1998//1998 2243//2243 2244//2244
f 1998//1998 2244//2244 1999//1999
f 1999//1999 2244//2244 2245//2245
f 1999//1999 2245//2245 2000//2000
f 2000//2000 2245//2245 2234//2234
f 2126//2126 1827//1827 1852//1852
f 2245//2245 2199//2199 2234//2234
f 2234//2234 2199//2199 2203//2203
f 2203//2203 2217//2217 2234//2234
f 2234//2234 2217//2217 2215//2215
f 2234//2234 2215//2215 2216//2216
f 2241//2241 2115//2115 2242//2242
f 2242//2242 2115//2115 2120//2120
f 2009//2009 2012//2012 2222//2222
f 2222//2222 2012//2012 2018//2018
f 2222//2222 2018//2018 2223//2223
f 2223//2223 2018//2018 2017//2017
f 2223//2223 2017//2017 2045//2045
f 2216//2216 2218//2218 2234//2234
f 2234//2234 2218//2218 1940//1940
f 2234//2234 1940//1940 2235//2235
f 2235//2235 1940//1940 1978//1978
f 2235//2235 1978//1978 2236//2236
f 1852//1852 2131//2131 2126//2126
f 2126//2126 2131//2131 2148//2148
f 2126//2126 2148//2148 2120//2120
f 2120//2120 2148//2148 2149//2149
f 2120//2120 2149//2149 2242//2242
f 2242//2242 2149//2149 2150//2150
f 2052//2052 2084//2084 2227//2227
f 2227//2227 2084//2084 2085//2085
f 2227//2227 2226//2226 2052//2052
f 2052//2052 2226//2226 2225//2225
f 2052//2052 2225//2225 2048//2048
f 2048//2048 2225//2225 2224//2224
f 2048//2048 2224//2224 2047//2047
f 2047//2047 2224//2224 2223//2223
f 2047//2047 2223//2223 2046//2046
f 2046//2046 2223//2223 2045//2045
f 2186//2186 2195//2195 2182//2182
f 2182//2182 2195//2195 2199//2199
f 2182//2182 2199//2199 2181//2181
f 2156//2156 2243//2243 2155//2155
f 2155//2155 2243//2243 2242//2242
f 2155//2155 2242//2242 2151//2151
f 2151//2151 2242//2242 2150//2150
f 2112//2112 2113//2113 2241//2241
f 2241//2241 2113//2113 2114//2114
f 2241//2241 2114//2114 2115//2115
f 2009//2009 2222//2222 1978//1978
f 1978//1978 2222//2222 2233//2233
f 1978//1978 2233//2233 2236//2236
f 2236//2236 2233//2233 2232//2232
f 2236//2236 2232//2232 2237//2237
f 2237//2237 2232//2232 2231//2231
f 2237//2237 2231//2231 2238//2238
f 2238//2238 2231//2231 2230//2230
f 2238//2238 2230//2230 2239//2239
f 2239//2239 2230//2230 2091//2091
f 2239//2239 2091//2091 2240//2240
f 2240//2240 2091//2091 2095//2095
f 2240//2240 2095//2095 2241//2241
f 2241//2241 2095//2095 2111//2111
f 2241//2241 2111//2111 2112//2112
f 2230//2230 2229//2229 2091//2091
f 2091//2091 2229//2229 2228//2228
f 2091//2091 2228//2228 2090//2090
f 2090//2090 2228//2228 2227//2227
f 2090//2090 2227//2227 2089//2089
f 2089//2089 2227//2227 2088//2088
f 2085//2085 2086//2086 2227//2227
f 2227//2227 2086//2086 2087//2087
f 2227//2227 2087//2087 2088//2088
f 2181//2181 2199//2199 2163//2163
f 2163//2163 2199//2199 2245//2245
f 2163//2163 2245//2245 2156//2156
f 2156//2156 2245//2245 2244//2244
f 2156//2156 2244//2244 2243//2243
f 1877//1877 1903//1903 2184//2184
f 2184//2184 1903//1903 2186//2186
f 2184//2184 2186//2186 2183//2183
f 2183//2183 2186//2186 2182//2182
f 2246//2246 2247//2247 2248//2248
f 2248//2248 2247//2247 2249//2249
f 2250//2250 2249//2249 2251//2251
f 2251//2251 2249//2249 2247//2247
f 2252//2252 2253//2253 2250//2250
f 2254//2254 2252//2252 2255//2255
f 2255//2255 2252//2252 2250//2250
f 2255//2255 2250//2250 2256//2256
f 2256//2256 2250//2250 2251//2251
f 2257//2257 2246//2246 2258//2258
f 2258//2258 2246//2246 2248//2248
f 2259//2259 2260//2260 2257//2257
f 2261//2261 2262//2262 2259//2259
f 2257//2257 2258//2258 2259//2259
f 2259//2259 2258//2258 2263//2263
f 2259//2259 2263//2263 2261//2261
f 2248//2248 2249//2249 2258//2258
f 2258//2258 2249//2249 2250//2250
f 2258//2258 2250//2250 2263//2263
f 2263//2263 2250//2250 2253//2253
f 2263//2263 2253//2253 2261//2261
f 2261//2261 2253//2253 2252//2252
f 2261//2261 2252//2252 2262//2262
f 2262//2262 2252//2252 2254//2254
f 2262//2262 2254//2254 2259//2259
f 2259//2259 2254//2254 2255//2255
f 2259//2259 2255//2255 2260//2260
f 2260//2260 2255//2255 2256//2256
f 2260//2260 2256//2256 2257//2257
f 2257//2257 2256//2256 2251//2251
f 2257//2257 2251//2251 2246//2246
f 2246//2246 2251//2251 2247//2247
f 2264//2264 2265//2265 2266//2266
f 2266//2266 2265//2265 2267//2267
f 2266//2266 2267//2267 2268//2268
f 2269//2269 2270//2270 2266//2266
f 2266//2266 2270//2270 2271//2271
f 2266//2266 2271//2271 2264//2264
f 2272//2272 2273//2273 2266//2266
f 2266//2266 2273//2273 2274//2274
f 2266//2266 2274//2274 2269//2269
f 2268//2268 2275//2275 2266//2266
f 2266//2266 2275//2275 2276//2276
f 2266//2266 2276//2276 2272//2272
f 2277//2277 2278//2278 2279//2279
f 2279//2279 2278//2278 2280//2280
f 2279//2279 2280//2280 2281//2281
f 2282//2282 2283//2283 2279//2279
f 2279//2279 2283//2283 2284//2284
f 2279//2279 2284//2284 2277//2277
f 2285//2285 2286//2286 2279//2279
f 2279//2279 2286//2286 2287//2287
f 2279//2279 2287//2287 2282//2282
f 2281//2281 2288//2288 2279//2279
f 2279//2279 2288//2288 2289//2289
f 2279//2279 2289//2289 2285//2285
f 2280//2280 2267//2267 2281//2281
f 2281//2281 2267//2267 2265//2265
f 2281//2281 2265//2265 2288//2288
f 2288//2288 2265//2265 2264//2264
f 2288//2288 2264//2264 2289//2289
f 2289//2289 2264//2264 2271//2271
f 2289//2289 2271//2271 2285//2285
f 2285//2285 2271//2271 2270//2270
f 2285//2285 2270//2270 2286//2286
f 2286//2286 2270//2270 2269//2269
f 2286//2286 2269//2269 2287//2287
f 2287//2287 2269//2269 2274//2274
f 2287//2287 2274//2274 2282//2282
f 2282//2282 2274//2274 2273//2273
f 2282//2282 2273//2273 2283//2283
f 2283//2283 2273//2273 2272//2272
f 2283//2283 2272//2272 2284//2284
f 2284//2284 2272//2272 2276//2276
f 2284//2284 2276//2276 2277//2277
f 2277//2277 2276//2276 2275//2275
f 2277//2277 2275//2275 2278//2278
f 2278//2278 2275//2275 2268//2268
f 2278//2278 2268//2268 2280//2280
f 2280//2280 2268//2268 2267//2267
f 2290//2290 2291//2291 2292//2292
f 2293//2293 2294//2294 2291//2291
f 2291//2291 2290//2290 2293//2293
f 2293//2293 2290//2290 2295//2295
f 2293//2293 2295//2295 2296//2296
f 2296//2296 2295//2295 2297//2297
f 2297//2297 2295//2295 2298//2298
f 2297//2297 2298//2298 2299//2299
f 2300//2300 2301//2301 2302//2302
f 2303//2303 2304//2304 2301//2301
f 2305//2305 2306//2306 2304//2304
f 2307//2307 2308//2308 2306//2306
f 2306//2306 2305//2305 2307//2307
f 2307//2307 2305//2305 2309//2309
f 2307//2307 2309//2309 2310//2310
f 2310//2310 2309//2309 2311//2311
f 2310//2310 2311//2311 2312//2312
f 2313//2313 2314//2314 2315//2315
f 2315//2315 2314//2314 2316//2316
f 2304//2304 2303//2303 2305//2305
f 2305//2305 2303//2303 2315//2315
f 2305//2305 2315//2315 2309//2309
f 2309//2309 2315//2315 2316//2316
f 2309//2309 2316//2316 2311//2311
f 2301//2301 2300//2300 2303//2303
f 2303//2303 2300//2300 2317//2317
f 2303//2303 2317//2317 2315//2315
f 2315//2315 2317//2317 2318//2318
f 2315//2315 2318//2318 2313//2313
f 2313//2313 2318//2318 2319//2319
f 2313//2313 2319//2319 2314//2314
f 2320//2320 2299//2299 2302//2302
f 2302//2302 2299//2299 2298//2298
f 2302//2302 2298//2298 2300//2300
f 2300//2300 2298//2298 2295//2295
f 2300//2300 2295//2295 2317//2317
f 2317//2317 2295//2295 2290//2290
f 2317//2317 2290//2290 2318//2318
f 2318//2318 2290//2290 2292//2292
f 2318//2318 2292//2292 2319//2319
f 2321//2321 2322//2322 2323//2323
f 2324//2324 2325//2325 2326//2326
f 2326//2326 2325//2325 2327//2327
f 2328//2328 2329//2329 2330//2330
f 2330//2330 2331//2331 2328//2328
f 2328//2328 2331//2331 2332//2332
f 2328//2328 2332//2332 2333//2333
f 2333//2333 2332//2332 2334//2334
f 2333//2333 2334//2334 2335//2335
f 2335//2335 2334//2334 2336//2336
f 2335//2335 2336//2336 2337//2337
f 2337//2337 2336//2336 2338//2338
f 2337//2337 2338//2338 2339//2339
f 2340//2340 2341//2341 2342//2342
f 2343//2343 2344//2344 2345//2345
f 2345//2345 2344//2344 2346//2346
f 2345//2345 2346//2346 2347//2347
f 2347//2347 2346//2346 2340//2340
f 2347//2347 2340//2340 2348//2348
f 2348//2348 2340//2340 2342//2342
f 2327//2327 2349//2349 2326//2326
f 2326//2326 2349//2349 2343//2343
f 2326//2326 2343//2343 2350//2350
f 2350//2350 2343//2343 2345//2345
f 2350//2350 2345//2345 2351//2351
f 2351//2351 2345//2345 2347//2347
f 2351//2351 2347//2347 2323//2323
f 2323//2323 2347//2347 2348//2348
f 2323//2323 2348//2348 2321//2321
f 2321//2321 2348//2348 2342//2342
f 2330//2330 2324//2324 2331//2331
f 2331//2331 2324//2324 2326//2326
f 2331//2331 2326//2326 2332//2332
f 2332//2332 2326//2326 2350//2350
f 2332//2332 2350//2350 2334//2334
f 2334//2334 2350//2350 2351//2351
f 2334//2334 2351//2351 2336//2336
f 2336//2336 2351//2351 2323//2323
f 2336//2336 2323//2323 2338//2338
f 2338//2338 2323//2323 2322//2322
f 2352//2352 2320//2320 2302//2302
f 2352//2352 2302//2302 2353//2353
f 2353//2353 2302//2302 2301//2301
f 2353//2353 2301//2301 2354//2354
f 2354//2354 2301//2301 2304//2304
f 2354//2354 2304//2304 2355//2355
f 2355//2355 2304//2304 2306//2306
f 2355//2355 2306//2306 2356//2356
f 2356//2356 2306//2306 2308//2308
f 2356//2356 2308//2308 2357//2357
f 2339//2339 2358//2358 2359//2359
f 2339//2339 2359//2359 2337//2337
f 2337//2337 2359//2359 2360//2360
f 2337//2337 2360//2360 2335//2335
f 2335//2335 2360//2360 2361//2361
f 2335//2335 2361//2361 2333//2333
f 2333//2333 2361//2361 2362//2362
f 2333//2333 2362//2362 2328//2328
f 2328//2328 2362//2362 2363//2363
f 2328//2328 2363//2363 2329//2329
f 2364//2364 2365//2365 2366//2366
f 2364//2364 2366//2366 2367//2367
f 2367//2367 2366//2366 2368//2368
f 2367//2367 2368//2368 2369//2369
f 2369//2369 2368//2368 2370//2370
f 2369//2369 2370//2370 2371//2371
f 2371//2371 2370//2370 2372//2372
f 2371//2371 2372//2372 2373//2373
f 2373//2373 2372//2372 2374//2374
f 2373//2373 2374//2374 2375//2375
f 2376//2376 2377//2377 2378//2378
f 2378//2378 2377//2377 2379//2379
f 2378//2378 2379//2379 2380//2380
f 2380//2380 2379//2379 2381//2381
f 2380//2380 2381//2381 2382//2382
f 2382//2382 2381//2381 2383//2383
f 2382//2382 2383//2383 2384//2384
f 2384//2384 2383//2383 2385//2385
f 2384//2384 2385//2385 2386//2386
f 2386//2386 2385//2385 2387//2387
f 2386//2386 2387//2387 2388//2388
f 2388//2388 2387//2387 2389//2389
f 2388//2388 2389//2389 2390//2390
f 2390//2390 2389//2389 2391//2391
f 2390//2390 2391//2391 2392//2392
f 2392//2392 2391//2391 2393//2393
f 2392//2392 2393//2393 2394//2394
f 2394//2394 2393//2393 2395//2395
f 2394//2394 2395//2395 2396//2396
f 2396//2396 2395//2395 2397//2397
f 2396//2396 2397//2397 2398//2398
f 2398//2398 2397//2397 2399//2399
f 2398//2398 2399//2399 2400//2400
f 2400//2400 2399//2399 2401//2401
f 2400//2400 2401//2401 2402//2402
f 2402//2402 2401//2401 2403//2403
f 2402//2402 2403//2403 2404//2404
f 2404//2404 2403//2403 2405//2405
f 2404//2404 2405//2405 2406//2406
f 2406//2406 2405//2405 2407//2407
f 2406//2406 2407//2407 2408//2408
f 2408//2408 2407//2407 2409//2409
f 2408//2408 2409//2409 2410//2410
f 2410//2410 2409//2409 2411//2411
f 2410//2410 2411//2411 2412//2412
f 2412//2412 2411//2411 2413//2413
f 2412//2412 2413//2413 2414//2414
f 2414//2414 2413//2413 2415//2415
f 2414//2414 2415//2415 2416//2416
f 2416//2416 2415//2415 2417//2417
f 2416//2416 2417//2417 2418//2418
f 2418//2418 2417//2417 2419//2419
f 2418//2418 2419//2419 2420//2420
f 2420//2420 2419//2419 2421//2421
f 2420//2420 2421//2421 2422//2422
f 2422//2422 2421//2421 2423//2423
f 2422//2422 2423//2423 2376//2376
f 2376//2376 2423//2423 2377//2377
f 2424//2424 2425//2425 2426//2426
f 2426//2426 2425//2425 2427//2427
f 2428//2428 2429//2429 2430//2430
f 2430//2430 2429//2429 2425//2425
f 2430//2430 2425//2425 2431//2431
f 2431//2431 2425//2425 2424//2424
f 2431//2431 2424//2424 2432//2432
f 2433//2433 2434//2434 2435//2435
f 2433//2433 2435//2435 2436//2436
f 2436//2436 2435//2435 2437//2437
f 2436//2436 2437//2437 2438//2438
f 2438//2438 2437//2437 2439//2439
f 2438//2438 2439//2439 2440//2440
f 2440//2440 2439//2439 2441//2441
f 2440//2440 2441//2441 2442//2442
f 2442//2442 2441//2441 2432//2432
f 2442//2442 2432//2432 2443//2443
f 2444//2444 2445//2445 2446//2446
f 2447//2447 2448//2448 2449//2449
f 2446//2446 2445//2445 2450//2450
f 2451//2451 2452//2452 2453//2453
f 2453//2453 2452//2452 2454//2454
f 2451//2451 2453//2453 2455//2455
f 2455//2455 2453//2453 2456//2456
f 2455//2455 2456//2456 2457//2457
f 2457//2457 2456//2456 2458//2458
f 2457//2457 2458//2458 2459//2459
f 2459//2459 2458//2458 2460//2460
f 2459//2459 2460//2460 2461//2461
f 2461//2461 2460//2460 2462//2462
f 2461//2461 2462//2462 2463//2463
f 2464//2464 2465//2465 2466//2466
f 2467//2467 2468//2468 2465//2465
f 2469//2469 2470//2470 2468//2468
f 2471//2471 2472//2472 2470//2470
f 2470//2470 2469//2469 2471//2471
f 2471//2471 2469//2469 2473//2473
f 2471//2471 2473//2473 2474//2474
f 2474//2474 2473//2473 2475//2475
f 2474//2474 2475//2475 2476//2476
f 2476//2476 2475//2475 2477//2477
f 2476//2476 2477//2477 2478//2478
f 2479//2479 2480//2480 2481//2481
f 2448//2448 2447//2447 2482//2482
f 2444//2444 2453//2453 2445//2445
f 2445//2445 2453//2453 2454//2454
f 2445//2445 2454//2454 2450//2450
f 2450//2450 2454//2454 2483//2483
f 2450//2450 2483//2483 2484//2484
f 2468//2468 2467//2467 2469//2469
f 2469//2469 2467//2467 2485//2485
f 2469//2469 2485//2485 2473//2473
f 2473//2473 2485//2485 2486//2486
f 2473//2473 2486//2486 2475//2475
f 2475//2475 2486//2486 2479//2479
f 2475//2475 2479//2479 2477//2477
f 2477//2477 2479//2479 2481//2481
f 2477//2477 2481//2481 2478//2478
f 2465//2465 2464//2464 2467//2467
f 2467//2467 2464//2464 2487//2487
f 2467//2467 2487//2487 2485//2485
f 2485//2485 2487//2487 2488//2488
f 2485//2485 2488//2488 2486//2486
f 2486//2486 2488//2488 2482//2482
f 2486//2486 2482//2482 2479//2479
f 2479//2479 2482//2482 2447//2447
f 2479//2479 2447//2447 2480//2480
f 2489//2489 2463//2463 2466//2466
f 2466//2466 2463//2463 2462//2462
f 2466//2466 2462//2462 2464//2464
f 2464//2464 2462//2462 2460//2460
f 2464//2464 2460//2460 2487//2487
f 2487//2487 2460//2460 2458//2458
f 2487//2487 2458//2458 2488//2488
f 2488//2488 2458//2458 2456//2456
f 2488//2488 2456//2456 2482//2482
f 2482//2482 2456//2456 2453//2453
f 2482//2482 2453//2453 2448//2448
f 2448//2448 2453//2453 2444//2444
f 2448//2448 2444//2444 2449//2449
f 2490//2490 2428//2428 2430//2430
f 2491//2491 2492//2492 2493//2493
f 2493//2493 2492//2492 2494//2494
f 2493//2493 2494//2494 2495//2495
f 2495//2495 2494//2494 2496//2496
f 2497//2497 2498//2498 2499//2499
f 2499//2499 2500//2500 2497//2497
f 2497//2497 2500//2500 2501//2501
f 2497//2497 2501//2501 2502//2502
f 2502//2502 2501//2501 2503//2503
f 2502//2502 2503//2503 2504//2504
f 2504//2504 2503//2503 2505//2505
f 2504//2504 2505//2505 2506//2506
f 2507//2507 2352//2352 2353//2353
f 2508//2508 2509//2509 2510//2510
f 2510//2510 2509//2509 2511//2511
f 2510//2510 2511//2511 2512//2512
f 2512//2512 2511//2511 2507//2507
f 2512//2512 2507//2507 2513//2513
f 2513//2513 2507//2507 2353//2353
f 2513//2513 2353//2353 2354//2354
f 2431//2431 2514//2514 2430//2430
f 2430//2430 2514//2514 2515//2515
f 2430//2430 2515//2515 2490//2490
f 2490//2490 2515//2515 2516//2516
f 2490//2490 2516//2516 2517//2517
f 2517//2517 2516//2516 2518//2518
f 2517//2517 2518//2518 2508//2508
f 2508//2508 2518//2518 2519//2519
f 2508//2508 2519//2519 2509//2509
f 2357//2357 2506//2506 2356//2356
f 2356//2356 2506//2506 2505//2505
f 2356//2356 2505//2505 2520//2520
f 2520//2520 2505//2505 2503//2503
f 2520//2520 2503//2503 2521//2521
f 2521//2521 2503//2503 2501//2501
f 2521//2521 2501//2501 2522//2522
f 2522//2522 2501//2501 2500//2500
f 2522//2522 2500//2500 2494//2494
f 2494//2494 2500//2500 2499//2499
f 2494//2494 2499//2499 2496//2496
f 2492//2492 2523//2523 2494//2494
f 2494//2494 2523//2523 2524//2524
f 2494//2494 2524//2524 2522//2522
f 2522//2522 2524//2524 2525//2525
f 2522//2522 2525//2525 2521//2521
f 2521//2521 2525//2525 2526//2526
f 2521//2521 2526//2526 2520//2520
f 2520//2520 2526//2526 2355//2355
f 2520//2520 2355//2355 2356//2356
f 2428//2428 2490//2490 2491//2491
f 2491//2491 2490//2490 2517//2517
f 2491//2491 2517//2517 2492//2492
f 2492//2492 2517//2517 2508//2508
f 2492//2492 2508//2508 2523//2523
f 2523//2523 2508//2508 2510//2510
f 2523//2523 2510//2510 2524//2524
f 2524//2524 2510//2510 2512//2512
f 2524//2524 2512//2512 2525//2525
f 2525//2525 2512//2512 2513//2513
f 2525//2525 2513//2513 2526//2526
f 2526//2526 2513//2513 2354//2354
f 2526//2526 2354//2354 2355//2355
f 2527//2527 2528//2528 2396//2396
f 2529//2529 2392//2392 2528//2528
f 2528//2528 2392//2392 2394//2394
f 2528//2528 2394//2394 2396//2396
f 2530//2530 2388//2388 2529//2529
f 2529//2529 2388//2388 2390//2390
f 2529//2529 2390//2390 2392//2392
f 2531//2531 2384//2384 2530//2530
f 2530//2530 2384//2384 2386//2386
f 2530//2530 2386//2386 2388//2388
f 2532//2532 2380//2380 2531//2531
f 2531//2531 2380//2380 2382//2382
f 2531//2531 2382//2382 2384//2384
f 2533//2533 2376//2376 2532//2532
f 2532//2532 2376//2376 2378//2378
f 2532//2532 2378//2378 2380//2380
f 2534//2534 2420//2420 2533//2533
f 2533//2533 2420//2420 2422//2422
f 2533//2533 2422//2422 2376//2376
f 2535//2535 2416//2416 2534//2534
f 2534//2534 2416//2416 2418//2418
f 2534//2534 2418//2418 2420//2420
f 2536//2536 2412//2412 2535//2535
f 2535//2535 2412//2412 2414//2414
f 2535//2535 2414//2414 2416//2416
f 2537//2537 2408//2408 2536//2536
f 2536//2536 2408//2408 2410//2410
f 2536//2536 2410//2410 2412//2412
f 2538//2538 2404//2404 2537//2537
f 2537//2537 2404//2404 2406//2406
f 2537//2537 2406//2406 2408//2408
f 2396//2396 2398//2398 2527//2527
f 2527//2527 2398//2398 2400//2400
f 2527//2527 2400//2400 2538//2538
f 2538//2538 2400//2400 2402//2402
f 2538//2538 2402//2402 2404//2404
f 2539//2539 2540//2540 2541//2541
f 2541//2541 2540//2540 2542//2542
f 2543//2543 2544//2544 2427//2427
f 2427//2427 2544//2544 2426//2426
f 2545//2545 2546//2546 2547//2547
f 2548//2548 2549//2549 2550//2550
f 2550//2550 2545//2545 2548//2548
f 2548//2548 2545//2545 2547//2547
f 2548//2548 2547//2547 2539//2539
f 2539//2539 2547//2547 2540//2540
f 2551//2551 2552//2552 2553//2553
f 2551//2551 2553//2553 2554//2554
f 2554//2554 2553//2553 2555//2555
f 2554//2554 2555//2555 2556//2556
f 2556//2556 2555//2555 2557//2557
f 2556//2556 2557//2557 2558//2558
f 2558//2558 2557//2557 2559//2559
f 2558//2558 2559//2559 2560//2560
f 2560//2560 2559//2559 2561//2561
f 2560//2560 2561//2561 2562//2562
f 2563//2563 2564//2564 2565//2565
f 2565//2565 2564//2564 2566//2566
f 2565//2565 2566//2566 2567//2567
f 2567//2567 2566//2566 2568//2568
f 2567//2567 2568//2568 2569//2569
f 2569//2569 2568//2568 2570//2570
f 2569//2569 2570//2570 2571//2571
f 2571//2571 2570//2570 2572//2572
f 2571//2571 2572//2572 2573//2573
f 2573//2573 2572//2572 2574//2574
f 2573//2573 2574//2574 2575//2575
f 2575//2575 2574//2574 2576//2576
f 2575//2575 2576//2576 2577//2577
f 2577//2577 2576//2576 2578//2578
f 2577//2577 2578//2578 2579//2579
f 2579//2579 2578//2578 2580//2580
f 2579//2579 2580//2580 2581//2581
f 2581//2581 2580//2580 2582//2582
f 2581//2581 2582//2582 2583//2583
f 2583//2583 2582//2582 2584//2584
f 2583//2583 2584//2584 2585//2585
f 2585//2585 2584//2584 2586//2586
f 2585//2585 2586//2586 2587//2587
f 2587//2587 2586//2586 2588//2588
f 2587//2587 2588//2588 2589//2589
f 2589//2589 2588//2588 2590//2590
f 2589//2589 2590//2590 2591//2591
f 2591//2591 2590//2590 2592//2592
f 2591//2591 2592//2592 2593//2593
f 2593//2593 2592//2592 2594//2594
f 2593//2593 2594//2594 2595//2595
f 2595//2595 2594//2594 2596//2596
f 2595//2595 2596//2596 2597//2597
f 2597//2597 2596//2596 2598//2598
f 2597//2597 2598//2598 2599//2599
f 2599//2599 2598//2598 2600//2600
f 2599//2599 2600//2600 2601//2601
f 2601//2601 2600//2600 2602//2602
f 2601//2601 2602//2602 2603//2603
f 2603//2603 2602//2602 2604//2604
f 2603//2603 2604//2604 2605//2605
f 2605//2605 2604//2604 2606//2606
f 2605//2605 2606//2606 2607//2607
f 2607//2607 2606//2606 2608//2608
f 2607//2607 2608//2608 2609//2609
f 2609//2609 2608//2608 2610//2610
f 2609//2609 2610//2610 2563//2563
f 2563//2563 2610//2610 2564//2564
f 2550//2550 2611//2611 2545//2545
f 2612//2612 2613//2613 2614//2614
f 2615//2615 2359//2359 2358//2358
f 2616//2616 2360//2360 2359//2359
f 2617//2617 2361//2361 2360//2360
f 2618//2618 2362//2362 2361//2361
f 2619//2619 2363//2363 2362//2362
f 2362//2362 2618//2618 2619//2619
f 2619//2619 2618//2618 2620//2620
f 2619//2619 2620//2620 2621//2621
f 2621//2621 2620//2620 2622//2622
f 2621//2621 2622//2622 2623//2623
f 2623//2623 2622//2622 2624//2624
f 2623//2623 2624//2624 2625//2625
f 2625//2625 2624//2624 2626//2626
f 2625//2625 2626//2626 2627//2627
f 2628//2628 2629//2629 2630//2630
f 2614//2614 2613//2613 2631//2631
f 2632//2632 2633//2633 2634//2634
f 2611//2611 2550//2550 2635//2635
f 2636//2636 2637//2637 2632//2632
f 2632//2632 2637//2637 2635//2635
f 2632//2632 2635//2635 2633//2633
f 2633//2633 2635//2635 2550//2550
f 2633//2633 2550//2550 2634//2634
f 2358//2358 2638//2638 2615//2615
f 2615//2615 2638//2638 2639//2639
f 2615//2615 2639//2639 2640//2640
f 2640//2640 2639//2639 2641//2641
f 2640//2640 2641//2641 2642//2642
f 2642//2642 2641//2641 2643//2643
f 2642//2642 2643//2643 2636//2636
f 2636//2636 2643//2643 2644//2644
f 2636//2636 2644//2644 2637//2637
f 2361//2361 2617//2617 2618//2618
f 2618//2618 2617//2617 2645//2645
f 2618//2618 2645//2645 2620//2620
f 2620//2620 2645//2645 2646//2646
f 2620//2620 2646//2646 2622//2622
f 2622//2622 2646//2646 2628//2628
f 2622//2622 2628//2628 2624//2624
f 2624//2624 2628//2628 2630//2630
f 2624//2624 2630//2630 2626//2626
f 2360//2360 2616//2616 2617//2617
f 2617//2617 2616//2616 2647//2647
f 2617//2617 2647//2647 2645//2645
f 2645//2645 2647//2647 2648//2648
f 2645//2645 2648//2648 2646//2646
f 2646//2646 2648//2648 2631//2631
f 2646//2646 2631//2631 2628//2628
f 2628//2628 2631//2631 2613//2613
f 2628//2628 2613//2613 2629//2629
f 2359//2359 2615//2615 2616//2616
f 2616//2616 2615//2615 2640//2640
f 2616//2616 2640//2640 2647//2647
f 2647//2647 2640//2640 2642//2642
f 2647//2647 2642//2642 2648//2648
f 2648//2648 2642//2642 2636//2636
f 2648//2648 2636//2636 2631//2631
f 2631//2631 2636//2636 2632//2632
f 2631//2631 2632//2632 2614//2614
f 2614//2614 2632//2632 2634//2634
f 2614//2614 2634//2634 2612//2612
f 2649//2649 2650//2650 2651//2651
f 2652//2652 2653//2653 2654//2654
f 2654//2654 2653//2653 2655//2655
f 2656//2656 2657//2657 2658//2658
f 2658//2658 2657//2657 2659//2659
f 2658//2658 2659//2659 2660//2660
f 2660//2660 2659//2659 2661//2661
f 2660//2660 2661//2661 2662//2662
f 2656//2656 2658//2658 2663//2663
f 2663//2663 2658//2658 2664//2664
f 2663//2663 2664//2664 2665//2665
f 2665//2665 2664//2664 2666//2666
f 2665//2665 2666//2666 2667//2667
f 2667//2667 2666//2666 2650//2650
f 2667//2667 2650//2650 2655//2655
f 2655//2655 2650//2650 2649//2649
f 2655//2655 2649//2649 2654//2654
f 2668//2668 2669//2669 2670//2670
f 2670//2670 2669//2669 2671//2671
f 2670//2670 2671//2671 2672//2672
f 2673//2673 2674//2674 2672//2672
f 2674//2674 2673//2673 2675//2675
f 2675//2675 2673//2673 2676//2676
f 2675//2675 2676//2676 2677//2677
f 2677//2677 2676//2676 2678//2678
f 2677//2677 2678//2678 2679//2679
f 2679//2679 2678//2678 2680//2680
f 2679//2679 2680//2680 2681//2681
f 2661//2661 2682//2682 2662//2662
f 2662//2662 2682//2682 2683//2683
f 2662//2662 2683//2683 2684//2684
f 2672//2672 2685//2685 2673//2673
f 2673//2673 2685//2685 2686//2686
f 2673//2673 2686//2686 2676//2676
f 2676//2676 2686//2686 2687//2687
f 2676//2676 2687//2687 2678//2678
f 2678//2678 2687//2687 2688//2688
f 2678//2678 2688//2688 2680//2680
f 2680//2680 2688//2688 2689//2689
f 2680//2680 2689//2689 2681//2681
f 2681//2681 2689//2689 2690//2690
f 2672//2672 2671//2671 2685//2685
f 2685//2685 2671//2671 2691//2691
f 2685//2685 2691//2691 2686//2686
f 2686//2686 2691//2691 2692//2692
f 2686//2686 2692//2692 2687//2687
f 2687//2687 2692//2692 2693//2693
f 2687//2687 2693//2693 2688//2688
f 2688//2688 2693//2693 2694//2694
f 2688//2688 2694//2694 2689//2689
f 2651//2651 2650//2650 2668//2668
f 2668//2668 2650//2650 2666//2666
f 2668//2668 2666//2666 2669//2669
f 2669//2669 2666//2666 2664//2664
f 2669//2669 2664//2664 2671//2671
f 2671//2671 2664//2664 2658//2658
f 2671//2671 2658//2658 2691//2691
f 2691//2691 2658//2658 2660//2660
f 2691//2691 2660//2660 2692//2692
f 2692//2692 2660//2660 2662//2662
f 2692//2692 2662//2662 2693//2693
f 2693//2693 2662//2662 2684//2684
f 2693//2693 2684//2684 2694//2694
f 2583//2583 2695//2695 2696//2696
f 2697//2697 2579//2579 2696//2696
f 2696//2696 2579//2579 2581//2581
f 2696//2696 2581//2581 2583//2583
f 2698//2698 2575//2575 2697//2697
f 2697//2697 2575//2575 2577//2577
f 2697//2697 2577//2577 2579//2579
f 2699//2699 2571//2571 2698//2698
f 2698//2698 2571//2571 2573//2573
f 2698//2698 2573//2573 2575//2575
f 2700//2700 2567//2567 2699//2699
f 2699//2699 2567//2567 2569//2569
f 2699//2699 2569//2569 2571//2571
f 2701//2701 2563//2563 2700//2700
f 2700//2700 2563//2563 2565//2565
f 2700//2700 2565//2565 2567//2567
f 2702//2702 2607//2607 2701//2701
f 2701//2701 2607//2607 2609//2609
f 2701//2701 2609//2609 2563//2563
f 2703//2703 2603//2603 2702//2702
f 2702//2702 2603//2603 2605//2605
f 2702//2702 2605//2605 2607//2607
f 2704//2704 2599//2599 2703//2703
f 2703//2703 2599//2599 2601//2601
f 2703//2703 2601//2601 2603//2603
f 2705//2705 2595//2595 2704//2704
f 2704//2704 2595//2595 2597//2597
f 2704//2704 2597//2597 2599//2599
f 2706//2706 2591//2591 2705//2705
f 2705//2705 2591//2591 2593//2593
f 2705//2705 2593//2593 2595//2595
f 2583//2583 2585//2585 2695//2695
f 2695//2695 2585//2585 2587//2587
f 2695//2695 2587//2587 2706//2706
f 2706//2706 2587//2587 2589//2589
f 2706//2706 2589//2589 2591//2591
f 2707//2707 2561//2561 2652//2652
f 2634//2634 2550//2550 2549//2549
f 2670//2670 2672//2672 2708//2708
f 2649//2649 2651//2651 2708//2708
f 2708//2708 2651//2651 2668//2668
f 2708//2708 2668//2668 2670//2670
f 2707//2707 2652//2652 2708//2708
f 2708//2708 2652//2652 2654//2654
f 2708//2708 2654//2654 2649//2649
f 2627//2627 2549//2549 2675//2675
f 2675//2675 2549//2549 2708//2708
f 2675//2675 2708//2708 2674//2674
f 2674//2674 2708//2708 2672//2672
f 2627//2627 2626//2626 2549//2549
f 2549//2549 2626//2626 2630//2630
f 2549//2549 2630//2630 2629//2629
f 2629//2629 2613//2613 2549//2549
f 2549//2549 2613//2613 2612//2612
f 2549//2549 2612//2612 2634//2634
f 2709//2709 2710//2710 2711//2711
f 2711//2711 2710//2710 2712//2712
f 2713//2713 2714//2714 2715//2715
f 2716//2716 2717//2717 2718//2718
f 2718//2718 2717//2717 2719//2719
f 2720//2720 2721//2721 2722//2722
f 2722//2722 2721//2721 2723//2723
f 2722//2722 2723//2723 2724//2724
f 2720//2720 2722//2722 2725//2725
f 2725//2725 2722//2722 2726//2726
f 2725//2725 2726//2726 2727//2727
f 2728//2728 2727//2727 2729//2729
f 2729//2729 2727//2727 2726//2726
f 2729//2729 2726//2726 2730//2730
f 2730//2730 2726//2726 2715//2715
f 2730//2730 2715//2715 2731//2731
f 2731//2731 2715//2715 2714//2714
f 2731//2731 2714//2714 2708//2708
f 2711//2711 2732//2732 2733//2733
f 2733//2733 2732//2732 2734//2734
f 2733//2733 2734//2734 2735//2735
f 2735//2735 2734//2734 2736//2736
f 2735//2735 2736//2736 2737//2737
f 2737//2737 2736//2736 2738//2738
f 2737//2737 2738//2738 2739//2739
f 2739//2739 2738//2738 2740//2740
f 2740//2740 2738//2738 2719//2719
f 2740//2740 2719//2719 2741//2741
f 2741//2741 2719//2719 2717//2717
f 2741//2741 2717//2717 2742//2742
f 2723//2723 2718//2718 2724//2724
f 2724//2724 2718//2718 2719//2719
f 2724//2724 2719//2719 2722//2722
f 2722//2722 2719//2719 2738//2738
f 2722//2722 2738//2738 2726//2726
f 2726//2726 2738//2738 2736//2736
f 2726//2726 2736//2736 2715//2715
f 2715//2715 2736//2736 2734//2734
f 2715//2715 2734//2734 2713//2713
f 2713//2713 2734//2734 2732//2732
f 2743//2743 2744//2744 2745//2745
f 2745//2745 2744//2744 2746//2746
f 2747//2747 2748//2748 2749//2749
f 2750//2750 2751//2751 2752//2752
f 2752//2752 2751//2751 2753//2753
f 2752//2752 2753//2753 2754//2754
f 2755//2755 2756//2756 2757//2757
f 2757//2757 2756//2756 2751//2751
f 2757//2757 2751//2751 2758//2758
f 2758//2758 2751//2751 2750//2750
f 2759//2759 2760//2760 2761//2761
f 2761//2761 2760//2760 2762//2762
f 2761//2761 2762//2762 2763//2763
f 2763//2763 2762//2762 2764//2764
f 2763//2763 2764//2764 2765//2765
f 2765//2765 2764//2764 2766//2766
f 2765//2765 2766//2766 2767//2767
f 2767//2767 2766//2766 2768//2768
f 2768//2768 2766//2766 2749//2749
f 2768//2768 2749//2749 2769//2769
f 2769//2769 2749//2749 2748//2748
f 2769//2769 2748//2748 2743//2743
f 2770//2770 2771//2771 2772//2772
f 2772//2772 2771//2771 2773//2773
f 2772//2772 2773//2773 2774//2774
f 2774//2774 2773//2773 2756//2756
f 2774//2774 2756//2756 2775//2775
f 2775//2775 2756//2756 2755//2755
f 2775//2775 2755//2755 2776//2776
f 2771//2771 2747//2747 2773//2773
f 2773//2773 2747//2747 2749//2749
f 2773//2773 2749//2749 2756//2756
f 2756//2756 2749//2749 2766//2766
f 2756//2756 2766//2766 2751//2751
f 2751//2751 2766//2766 2764//2764
f 2751//2751 2764//2764 2753//2753
f 2753//2753 2764//2764 2762//2762
f 2753//2753 2762//2762 2754//2754
f 2754//2754 2762//2762 2760//2760
f 2754//2754 2760//2760 2777//2777
f 2495//2495 2496//2496 2429//2429
f 2481//2481 2480//2480 2770//2770
f 2770//2770 2480//2480 2447//2447
f 2496//2496 2499//2499 2429//2429
f 2429//2429 2499//2499 2498//2498
f 2429//2429 2498//2498 2770//2770
f 2770//2770 2498//2498 2478//2478
f 2770//2770 2478//2478 2481//2481
f 2428//2428 2491//2491 2429//2429
f 2429//2429 2491//2491 2493//2493
f 2429//2429 2493//2493 2495//2495
f 2447//2447 2449//2449 2770//2770
f 2770//2770 2449//2449 2444//2444
f 2770//2770 2444//2444 2446//2446
f 2365//2365 2778//2778 2484//2484
f 2484//2484 2778//2778 2770//2770
f 2484//2484 2770//2770 2450//2450
f 2450//2450 2770//2770 2446//2446
f 2779//2779 2780//2780 2781//2781
f 2779//2779 2781//2781 2782//2782
f 2782//2782 2781//2781 2783//2783
f 2782//2782 2783//2783 2784//2784
f 2785//2785 2786//2786 2787//2787
f 2784//2784 2783//2783 2788//2788
f 2788//2788 2783//2783 2789//2789
f 2788//2788 2789//2789 2790//2790
f 2787//2787 2790//2790 2785//2785
f 2785//2785 2790//2790 2789//2789
f 2785//2785 2789//2789 2791//2791
f 2791//2791 2789//2789 2543//2543
f 2791//2791 2543//2543 2427//2427
f 2792//2792 2793//2793 2794//2794
f 2792//2792 2794//2794 2795//2795
f 2795//2795 2794//2794 2541//2541
f 2795//2795 2541//2541 2542//2542
f 2544//2544 2543//2543 2796//2796
f 2544//2544 2796//2796 2797//2797
f 2797//2797 2796//2796 2798//2798
f 2797//2797 2798//2798 2799//2799
f 2800//2800 2801//2801 2802//2802
f 2803//2803 2804//2804 2805//2805
f 2805//2805 2804//2804 2806//2806
f 2805//2805 2806//2806 2807//2807
f 2807//2807 2806//2806 2808//2808
f 2806//2806 2809//2809 2808//2808
f 2808//2808 2809//2809 2810//2810
f 2808//2808 2810//2810 2811//2811
f 2539//2539 2541//2541 2812//2812
f 2812//2812 2541//2541 2804//2804
f 2812//2812 2804//2804 2802//2802
f 2802//2802 2804//2804 2803//2803
f 2802//2802 2803//2803 2800//2800
f 2708//2708 2714//2714 2707//2707
f 2707//2707 2714//2714 2813//2813
f 2711//2711 2712//2712 2732//2732
f 2732//2732 2712//2712 2813//2813
f 2732//2732 2813//2813 2713//2713
f 2713//2713 2813//2813 2714//2714
f 2814//2814 2815//2815 2816//2816
f 2817//2817 2818//2818 2819//2819
f 2819//2819 2818//2818 2814//2814
f 2819//2819 2814//2814 2820//2820
f 2820//2820 2814//2814 2816//2816
f 2821//2821 2822//2822 2823//2823
f 2823//2823 2822//2822 2824//2824
f 2824//2824 2822//2822 2825//2825
f 2825//2825 2822//2822 2826//2826
f 2825//2825 2826//2826 2827//2827
f 2743//2743 2748//2748 2744//2744
f 2744//2744 2748//2748 2828//2828
f 2770//2770 2778//2778 2771//2771
f 2771//2771 2778//2778 2828//2828
f 2771//2771 2828//2828 2747//2747
f 2747//2747 2828//2828 2748//2748
f 2489//2489 2374//2374 2463//2463
f 2463//2463 2374//2374 2372//2372
f 2463//2463 2372//2372 2461//2461
f 2461//2461 2372//2372 2459//2459
f 2459//2459 2372//2372 2370//2370
f 2459//2459 2370//2370 2457//2457
f 2457//2457 2370//2370 2455//2455
f 2455//2455 2370//2370 2368//2368
f 2455//2455 2368//2368 2451//2451
f 2451//2451 2368//2368 2452//2452
f 2452//2452 2368//2368 2366//2366
f 2452//2452 2366//2366 2454//2454
f 2454//2454 2366//2366 2483//2483
f 2483//2483 2366//2366 2365//2365
f 2483//2483 2365//2365 2484//2484
f 2829//2829 2489//2489 2466//2466
f 2829//2829 2466//2466 2830//2830
f 2830//2830 2466//2466 2465//2465
f 2830//2830 2465//2465 2831//2831
f 2831//2831 2465//2465 2468//2468
f 2831//2831 2468//2468 2832//2832
f 2832//2832 2468//2468 2470//2470
f 2832//2832 2470//2470 2833//2833
f 2833//2833 2470//2470 2472//2472
f 2833//2833 2472//2472 2834//2834
f 2835//2835 2836//2836 2837//2837
f 2835//2835 2837//2837 2838//2838
f 2838//2838 2837//2837 2839//2839
f 2838//2838 2839//2839 2840//2840
f 2840//2840 2839//2839 2841//2841
f 2840//2840 2841//2841 2842//2842
f 2842//2842 2841//2841 2843//2843
f 2842//2842 2843//2843 2844//2844
f 2844//2844 2843//2843 2845//2845
f 2844//2844 2845//2845 2846//2846
f 2846//2846 2845//2845 2847//2847
f 2846//2846 2847//2847 2848//2848
f 2848//2848 2847//2847 2849//2849
f 2848//2848 2849//2849 2850//2850
f 2850//2850 2849//2849 2851//2851
f 2850//2850 2851//2851 2852//2852
f 2852//2852 2851//2851 2853//2853
f 2852//2852 2853//2853 2854//2854
f 2855//2855 2856//2856 2857//2857
f 2855//2855 2857//2857 2858//2858
f 2859//2859 2860//2860 2861//2861
f 2861//2861 2860//2860 2862//2862
f 2861//2861 2862//2862 2863//2863
f 2864//2864 2865//2865 2866//2866
f 2866//2866 2865//2865 2867//2867
f 2866//2866 2867//2867 2861//2861
f 2861//2861 2867//2867 2868//2868
f 2861//2861 2868//2868 2859//2859
f 2857//2857 2423//2423 2858//2858
f 2858//2858 2423//2423 2421//2421
f 2858//2858 2421//2421 2869//2869
f 2869//2869 2421//2421 2419//2419
f 2869//2869 2419//2419 2870//2870
f 2419//2419 2417//2417 2870//2870
f 2870//2870 2417//2417 2415//2415
f 2870//2870 2415//2415 2871//2871
f 2871//2871 2415//2415 2413//2413
f 2871//2871 2413//2413 2872//2872
f 2864//2864 2391//2391 2389//2389
f 2413//2413 2411//2411 2872//2872
f 2872//2872 2411//2411 2409//2409
f 2872//2872 2409//2409 2873//2873
f 2389//2389 2387//2387 2864//2864
f 2864//2864 2387//2387 2385//2385
f 2864//2864 2385//2385 2874//2874
f 2874//2874 2385//2385 2383//2383
f 2874//2874 2383//2383 2875//2875
f 2875//2875 2383//2383 2381//2381
f 2875//2875 2381//2381 2876//2876
f 2876//2876 2381//2381 2379//2379
f 2876//2876 2379//2379 2857//2857
f 2857//2857 2379//2379 2377//2377
f 2857//2857 2377//2377 2423//2423
f 2409//2409 2407//2407 2873//2873
f 2873//2873 2407//2407 2405//2405
f 2873//2873 2405//2405 2877//2877
f 2877//2877 2405//2405 2403//2403
f 2877//2877 2403//2403 2866//2866
f 2866//2866 2403//2403 2401//2401
f 2866//2866 2401//2401 2399//2399
f 2399//2399 2397//2397 2866//2866
f 2866//2866 2397//2397 2395//2395
f 2866//2866 2395//2395 2864//2864
f 2864//2864 2395//2395 2393//2393
f 2864//2864 2393//2393 2391//2391
f 2431//2431 2432//2432 2514//2514
f 2514//2514 2432//2432 2441//2441
f 2514//2514 2441//2441 2515//2515
f 2515//2515 2441//2441 2516//2516
f 2516//2516 2441//2441 2439//2439
f 2516//2516 2439//2439 2518//2518
f 2518//2518 2439//2439 2519//2519
f 2519//2519 2439//2439 2437//2437
f 2519//2519 2437//2437 2509//2509
f 2509//2509 2437//2437 2435//2435
f 2509//2509 2435//2435 2511//2511
f 2511//2511 2435//2435 2507//2507
f 2507//2507 2435//2435 2434//2434
f 2507//2507 2434//2434 2352//2352
f 2307//2307 2310//2310 2538//2538
f 2476//2476 2478//2478 2498//2498
f 2476//2476 2498//2498 2474//2474
f 2310//2310 2312//2312 2538//2538
f 2538//2538 2312//2312 2878//2878
f 2538//2538 2878//2878 2527//2527
f 2527//2527 2878//2878 2879//2879
f 2504//2504 2537//2537 2502//2502
f 2502//2502 2537//2537 2536//2536
f 2880//2880 2881//2881 2534//2534
f 2529//2529 2844//2844 2530//2530
f 2530//2530 2844//2844 2846//2846
f 2530//2530 2846//2846 2531//2531
f 2879//2879 2835//2835 2527//2527
f 2527//2527 2835//2835 2838//2838
f 2527//2527 2838//2838 2528//2528
f 2528//2528 2838//2838 2840//2840
f 2528//2528 2840//2840 2529//2529
f 2529//2529 2840//2840 2842//2842
f 2529//2529 2842//2842 2844//2844
f 2471//2471 2474//2474 2535//2535
f 2535//2535 2474//2474 2498//2498
f 2535//2535 2498//2498 2536//2536
f 2536//2536 2498//2498 2497//2497
f 2536//2536 2497//2497 2502//2502
f 2504//2504 2506//2506 2537//2537
f 2537//2537 2506//2506 2357//2357
f 2537//2537 2357//2357 2538//2538
f 2538//2538 2357//2357 2308//2308
f 2538//2538 2308//2308 2307//2307
f 2882//2882 2880//2880 2883//2883
f 2883//2883 2880//2880 2534//2534
f 2883//2883 2534//2534 2854//2854
f 2854//2854 2534//2534 2533//2533
f 2854//2854 2533//2533 2852//2852
f 2852//2852 2533//2533 2532//2532
f 2852//2852 2532//2532 2850//2850
f 2850//2850 2532//2532 2531//2531
f 2850//2850 2531//2531 2848//2848
f 2848//2848 2531//2531 2846//2846
f 2881//2881 2884//2884 2534//2534
f 2534//2534 2884//2884 2834//2834
f 2534//2534 2834//2834 2535//2535
f 2535//2535 2834//2834 2472//2472
f 2535//2535 2472//2472 2471//2471
f 2885//2885 2836//2836 2879//2879
f 2879//2879 2836//2836 2835//2835
f 2886//2886 2887//2887 2888//2888
f 2294//2294 2888//2888 2291//2291
f 2291//2291 2888//2888 2887//2887
f 2291//2291 2887//2887 2292//2292
f 2292//2292 2887//2887 2319//2319
f 2434//2434 2433//2433 2889//2889
f 2889//2889 2433//2433 2890//2890
f 2891//2891 2546//2546 2892//2892
f 2891//2891 2892//2892 2893//2893
f 2893//2893 2892//2892 2894//2894
f 2893//2893 2894//2894 2895//2895
f 2895//2895 2894//2894 2896//2896
f 2895//2895 2896//2896 2897//2897
f 2897//2897 2896//2896 2898//2898
f 2897//2897 2898//2898 2899//2899
f 2899//2899 2898//2898 2900//2900
f 2899//2899 2900//2900 2901//2901
f 2546//2546 2891//2891 2547//2547
f 2547//2547 2891//2891 2902//2902
f 2547//2547 2902//2902 2540//2540
f 2540//2540 2902//2902 2903//2903
f 2540//2540 2903//2903 2542//2542
f 2542//2542 2903//2903 2904//2904
f 2542//2542 2904//2904 2795//2795
f 2795//2795 2904//2904 2905//2905
f 2795//2795 2905//2905 2792//2792
f 2792//2792 2905//2905 2906//2906
f 2792//2792 2906//2906 2799//2799
f 2799//2799 2906//2906 2907//2907
f 2799//2799 2907//2907 2797//2797
f 2797//2797 2907//2907 2908//2908
f 2797//2797 2908//2908 2544//2544
f 2544//2544 2908//2908 2909//2909
f 2910//2910 2426//2426 2909//2909
f 2909//2909 2426//2426 2544//2544
f 2426//2426 2910//2910 2424//2424
f 2424//2424 2910//2910 2911//2911
f 2424//2424 2911//2911 2432//2432
f 2432//2432 2911//2911 2443//2443
f 2546//2546 2545//2545 2611//2611
f 2546//2546 2611//2611 2892//2892
f 2611//2611 2635//2635 2892//2892
f 2892//2892 2635//2635 2637//2637
f 2892//2892 2637//2637 2894//2894
f 2894//2894 2637//2637 2644//2644
f 2894//2894 2644//2644 2896//2896
f 2644//2644 2643//2643 2896//2896
f 2896//2896 2643//2643 2641//2641
f 2896//2896 2641//2641 2898//2898
f 2358//2358 2900//2900 2638//2638
f 2638//2638 2900//2900 2898//2898
f 2638//2638 2898//2898 2639//2639
f 2639//2639 2898//2898 2641//2641
f 2912//2912 2913//2913 2900//2900
f 2900//2900 2913//2913 2901//2901
f 2914//2914 2915//2915 2916//2916
f 2916//2916 2915//2915 2917//2917
f 2918//2918 2919//2919 2920//2920
f 2346//2346 2344//2344 2919//2919
f 2346//2346 2919//2919 2340//2340
f 2340//2340 2919//2919 2918//2918
f 2340//2340 2918//2918 2341//2341
f 2652//2652 2561//2561 2653//2653
f 2653//2653 2561//2561 2559//2559
f 2653//2653 2559//2559 2655//2655
f 2655//2655 2559//2559 2667//2667
f 2667//2667 2559//2559 2557//2557
f 2667//2667 2557//2557 2665//2665
f 2665//2665 2557//2557 2663//2663
f 2663//2663 2557//2557 2555//2555
f 2663//2663 2555//2555 2656//2656
f 2656//2656 2555//2555 2657//2657
f 2657//2657 2555//2555 2553//2553
f 2657//2657 2553//2553 2659//2659
f 2659//2659 2553//2553 2661//2661
f 2661//2661 2553//2553 2552//2552
f 2661//2661 2552//2552 2682//2682
f 2921//2921 2922//2922 2923//2923
f 2921//2921 2923//2923 2924//2924
f 2924//2924 2923//2923 2925//2925
f 2924//2924 2925//2925 2926//2926
f 2926//2926 2925//2925 2927//2927
f 2926//2926 2927//2927 2928//2928
f 2928//2928 2927//2927 2929//2929
f 2928//2928 2929//2929 2930//2930
f 2930//2930 2929//2929 2931//2931
f 2930//2930 2931//2931 2932//2932
f 2932//2932 2931//2931 2933//2933
f 2932//2932 2933//2933 2934//2934
f 2934//2934 2933//2933 2935//2935
f 2934//2934 2935//2935 2936//2936
f 2936//2936 2935//2935 2937//2937
f 2936//2936 2937//2937 2938//2938
f 2938//2938 2937//2937 2917//2917
f 2938//2938 2917//2917 2915//2915
f 2939//2939 2940//2940 2941//2941
f 2942//2942 2570//2570 2568//2568
f 2568//2568 2566//2566 2942//2942
f 2942//2942 2566//2566 2564//2564
f 2942//2942 2564//2564 2610//2610
f 2943//2943 2944//2944 2945//2945
f 2945//2945 2944//2944 2946//2946
f 2947//2947 2944//2944 2948//2948
f 2948//2948 2944//2944 2943//2943
f 2948//2948 2943//2943 2949//2949
f 2949//2949 2943//2943 2950//2950
f 2951//2951 2600//2600 2598//2598
f 2600//2600 2951//2951 2602//2602
f 2602//2602 2951//2951 2952//2952
f 2602//2602 2952//2952 2604//2604
f 2604//2604 2952//2952 2953//2953
f 2604//2604 2953//2953 2606//2606
f 2606//2606 2953//2953 2954//2954
f 2606//2606 2954//2954 2608//2608
f 2608//2608 2954//2954 2939//2939
f 2608//2608 2939//2939 2610//2610
f 2610//2610 2939//2939 2941//2941
f 2610//2610 2941//2941 2942//2942
f 2955//2955 2956//2956 2578//2578
f 2598//2598 2596//2596 2951//2951
f 2951//2951 2596//2596 2594//2594
f 2951//2951 2594//2594 2592//2592
f 2945//2945 2590//2590 2588//2588
f 2946//2946 2957//2957 2945//2945
f 2945//2945 2957//2957 2951//2951
f 2945//2945 2951//2951 2590//2590
f 2590//2590 2951//2951 2592//2592
f 2942//2942 2958//2958 2570//2570
f 2570//2570 2958//2958 2959//2959
f 2570//2570 2959//2959 2572//2572
f 2572//2572 2959//2959 2960//2960
f 2572//2572 2960//2960 2574//2574
f 2574//2574 2960//2960 2955//2955
f 2574//2574 2955//2955 2576//2576
f 2576//2576 2955//2955 2578//2578
f 2588//2588 2586//2586 2945//2945
f 2945//2945 2586//2586 2584//2584
f 2945//2945 2584//2584 2961//2961
f 2961//2961 2584//2584 2582//2582
f 2961//2961 2582//2582 2956//2956
f 2956//2956 2582//2582 2580//2580
f 2956//2956 2580//2580 2578//2578
f 2682//2682 2962//2962 2963//2963
f 2682//2682 2963//2963 2683//2683
f 2683//2683 2963//2963 2964//2964
f 2683//2683 2964//2964 2684//2684
f 2684//2684 2964//2964 2965//2965
f 2684//2684 2965//2965 2694//2694
f 2694//2694 2965//2965 2966//2966
f 2694//2694 2966//2966 2689//2689
f 2689//2689 2966//2966 2967//2967
f 2689//2689 2967//2967 2690//2690
f 2619//2619 2621//2621 2697//2697
f 2695//2695 2706//2706 2938//2938
f 2625//2625 2627//2627 2698//2698
f 2704//2704 2932//2932 2705//2705
f 2705//2705 2932//2932 2934//2934
f 2705//2705 2934//2934 2706//2706
f 2706//2706 2934//2934 2936//2936
f 2706//2706 2936//2936 2938//2938
f 2968//2968 2969//2969 2700//2700
f 2697//2697 2621//2621 2698//2698
f 2698//2698 2621//2621 2623//2623
f 2698//2698 2623//2623 2625//2625
f 2325//2325 2324//2324 2970//2970
f 2970//2970 2324//2324 2696//2696
f 2970//2970 2696//2696 2914//2914
f 2914//2914 2696//2696 2695//2695
f 2914//2914 2695//2695 2915//2915
f 2915//2915 2695//2695 2938//2938
f 2700//2700 2971//2971 2701//2701
f 2701//2701 2971//2971 2921//2921
f 2701//2701 2921//2921 2702//2702
f 2921//2921 2924//2924 2702//2702
f 2702//2702 2924//2924 2926//2926
f 2702//2702 2926//2926 2703//2703
f 2703//2703 2926//2926 2928//2928
f 2703//2703 2928//2928 2704//2704
f 2704//2704 2928//2928 2930//2930
f 2704//2704 2930//2930 2932//2932
f 2700//2700 2969//2969 2971//2971
f 2971//2971 2969//2969 2972//2972
f 2971//2971 2972//2972 2973//2973
f 2699//2699 2698//2698 2679//2679
f 2679//2679 2698//2698 2627//2627
f 2679//2679 2627//2627 2677//2677
f 2677//2677 2627//2627 2675//2675
f 2324//2324 2330//2330 2696//2696
f 2696//2696 2330//2330 2329//2329
f 2696//2696 2329//2329 2697//2697
f 2697//2697 2329//2329 2363//2363
f 2697//2697 2363//2363 2619//2619
f 2679//2679 2681//2681 2699//2699
f 2699//2699 2681//2681 2690//2690
f 2699//2699 2690//2690 2700//2700
f 2700//2700 2690//2690 2967//2967
f 2700//2700 2967//2967 2968//2968
f 2974//2974 2975//2975 2976//2976
f 2976//2976 2975//2975 2977//2977
f 2976//2976 2977//2977 2978//2978
f 2979//2979 2980//2980 2981//2981
f 2801//2801 2980//2980 2802//2802
f 2802//2802 2980//2980 2979//2979
f 2802//2802 2979//2979 2812//2812
f 2812//2812 2979//2979 2548//2548
f 2812//2812 2548//2548 2539//2539
f 2981//2981 2974//2974 2979//2979
f 2979//2979 2974//2974 2976//2976
f 2979//2979 2976//2976 2548//2548
f 2548//2548 2976//2976 2549//2549
f 2978//2978 2982//2982 2976//2976
f 2976//2976 2982//2982 2983//2983
f 2976//2976 2983//2983 2984//2984
f 2728//2728 2729//2729 2985//2985
f 2985//2985 2729//2729 2730//2730
f 2985//2985 2730//2730 2986//2986
f 2708//2708 2549//2549 2731//2731
f 2731//2731 2549//2549 2976//2976
f 2731//2731 2976//2976 2730//2730
f 2730//2730 2976//2976 2984//2984
f 2730//2730 2984//2984 2986//2986
f 2709//2709 2987//2987 2710//2710
f 2710//2710 2987//2987 2988//2988
f 2987//2987 2989//2989 2988//2988
f 2988//2988 2989//2989 2990//2990
f 2988//2988 2990//2990 2991//2991
f 2990//2990 2992//2992 2991//2991
f 2991//2991 2992//2992 2993//2993
f 2991//2991 2993//2993 2994//2994
f 2814//2814 2818//2818 2995//2995
f 2995//2995 2818//2818 2994//2994
f 2995//2995 2994//2994 2996//2996
f 2996//2996 2994//2994 2993//2993
f 2709//2709 2711//2711 2997//2997
f 2997//2997 2711//2711 2733//2733
f 2997//2997 2733//2733 2998//2998
f 2998//2998 2733//2733 2735//2735
f 2998//2998 2735//2735 2999//2999
f 2999//2999 2735//2735 2737//2737
f 2999//2999 2737//2737 3000//3000
f 3000//3000 2737//2737 2739//2739
f 3000//3000 2739//2739 3001//3001
f 3001//3001 2739//2739 2740//2740
f 3001//3001 2740//2740 3002//3002
f 3002//3002 2740//2740 2741//2741
f 3002//3002 2741//2741 3003//3003
f 3003//3003 2741//2741 2742//2742
f 2822//2822 3004//3004 2826//2826
f 2826//2826 3004//3004 3005//3005
f 3004//3004 3006//3006 3005//3005
f 3005//3005 3006//3006 3007//3007
f 3005//3005 3007//3007 3008//3008
f 3007//3007 3009//3009 3008//3008
f 3008//3008 3009//3009 3010//3010
f 3008//3008 3010//3010 3011//3011
f 2745//2745 2746//2746 3012//3012
f 3012//3012 2746//2746 3011//3011
f 3012//3012 3011//3011 3013//3013
f 3013//3013 3011//3011 3010//3010
f 3014//3014 2759//2759 3015//3015
f 3015//3015 2759//2759 2761//2761
f 3015//3015 2761//2761 3016//3016
f 3016//3016 2761//2761 2763//2763
f 3016//3016 2763//2763 3017//3017
f 3017//3017 2763//2763 2765//2765
f 3017//3017 2765//2765 3018//3018
f 3018//3018 2765//2765 2767//2767
f 3018//3018 2767//2767 3019//3019
f 3019//3019 2767//2767 2768//2768
f 3019//3019 2768//2768 3020//3020
f 3020//3020 2768//2768 2769//2769
f 3020//3020 2769//2769 2745//2745
f 2745//2745 2769//2769 2743//2743
f 3021//3021 2774//2774 3022//3022
f 3022//3022 2774//2774 2775//2775
f 3022//3022 2775//2775 2776//2776
f 3023//3023 3024//3024 3025//3025
f 3025//3025 3024//3024 3026//3026
f 3025//3025 3026//3026 3027//3027
f 3021//3021 3023//3023 2774//2774
f 2774//2774 3023//3023 3025//3025
f 2774//2774 3025//3025 2772//2772
f 2772//2772 3025//3025 2429//2429
f 2772//2772 2429//2429 2770//2770
f 2427//2427 2425//2425 3028//3028
f 3029//3029 3030//3030 3028//3028
f 3028//3028 3030//3030 3031//3031
f 3031//3031 2786//2786 2785//2785
f 3025//3025 3027//3027 3032//3032
f 3031//3031 2785//2785 3028//3028
f 3028//3028 2785//2785 2791//2791
f 3028//3028 2791//2791 2427//2427
f 2425//2425 2429//2429 3028//3028
f 3028//3028 2429//2429 3025//3025
f 3028//3028 3025//3025 3029//3029
f 3029//3029 3025//3025 3032//3032
f 2798//2798 3033//3033 3034//3034
f 3035//3035 3036//3036 3037//3037
f 3034//3034 3033//3033 3038//3038
f 2798//2798 2796//2796 3035//3035
f 3035//3035 2796//2796 2543//2543
f 3035//3035 2543//2543 3036//3036
f 3036//3036 2543//2543 2789//2789
f 3036//3036 2789//2789 3037//3037
f 3037//3037 2789//2789 2783//2783
f 3039//3039 3040//3040 3041//3041
f 3041//3041 3040//3040 3042//3042
f 3041//3041 3042//3042 3043//3043
f 2798//2798 3044//3044 3033//3033
f 3033//3033 3044//3044 3040//3040
f 3033//3033 3040//3040 3038//3038
f 3038//3038 3040//3040 3039//3039
f 2780//2780 3043//3043 2781//2781
f 2781//2781 3043//3043 3042//3042
f 2781//2781 3042//3042 2783//2783
f 2783//2783 3042//3042 3040//3040
f 2783//2783 3040//3040 3037//3037
f 3037//3037 3040//3040 3044//3044
f 3037//3037 3044//3044 3035//3035
f 3035//3035 3044//3044 2798//2798
f 2793//2793 2792//2792 2798//2798
f 2798//2798 2792//2792 2799//2799
f 2793//2793 3045//3045 3046//3046
f 2793//2793 3047//3047 2794//2794
f 2806//2806 3048//3048 2809//2809
f 2804//2804 3049//3049 3050//3050
f 2794//2794 3047//3047 2541//2541
f 2804//2804 3050//3050 2806//2806
f 2806//2806 3050//3050 3051//3051
f 2806//2806 3051//3051 3048//3048
f 2810//2810 2809//2809 3052//3052
f 3052//3052 2809//2809 3048//3048
f 3052//3052 3048//3048 3053//3053
f 3053//3053 3048//3048 3051//3051
f 3053//3053 3051//3051 3054//3054
f 3054//3054 3051//3051 3055//3055
f 3049//3049 3056//3056 3050//3050
f 3050//3050 3056//3056 3046//3046
f 3050//3050 3046//3046 3051//3051
f 3051//3051 3046//3046 3045//3045
f 3051//3051 3045//3045 3055//3055
f 3056//3056 2793//2793 3046//3046
f 2804//2804 2541//2541 3049//3049
f 3049//3049 2541//2541 3047//3047
f 3049//3049 3047//3047 3056//3056
f 3056//3056 3047//3047 2793//2793
f 3057//3057 2817//2817 3058//3058
f 3057//3057 3058//3058 3059//3059
f 3059//3059 3058//3058 3060//3060
f 3059//3059 3060//3060 3061//3061
f 3061//3061 3060//3060 3062//3062
f 3061//3061 3062//3062 3063//3063
f 3063//3063 3062//3062 3064//3064
f 3063//3063 3064//3064 3065//3065
f 2817//2817 3057//3057 2818//2818
f 2818//2818 3057//3057 3066//3066
f 2818//2818 3066//3066 2994//2994
f 2994//2994 3066//3066 3067//3067
f 2994//2994 3067//3067 2991//2991
f 2991//2991 3067//3067 3068//3068
f 2991//2991 3068//3068 2988//2988
f 2988//2988 3068//3068 3069//3069
f 2988//2988 3069//3069 2710//2710
f 2710//2710 3069//3069 3070//3070
f 2710//2710 3070//3070 2712//2712
f 2712//2712 3070//3070 3071//3071
f 2712//2712 3071//3071 2813//2813
f 2813//2813 3071//3071 3072//3072
f 2813//2813 3072//3072 2707//2707
f 2707//2707 3072//3072 3073//3073
f 2707//2707 3073//3073 2561//2561
f 2561//2561 3073//3073 2562//2562
f 2552//2552 2551//2551 3074//3074
f 3074//3074 2551//2551 3075//3075
f 3076//3076 3077//3077 3064//3064
f 3064//3064 3077//3077 3065//3065
f 3078//3078 3064//3064 3079//3079
f 3079//3079 3064//3064 3062//3062
f 3079//3079 3062//3062 3080//3080
f 3080//3080 3062//3062 3081//3081
f 3081//3081 3062//3062 3060//3060
f 3081//3081 3060//3060 3082//3082
f 3082//3082 3060//3060 3083//3083
f 3083//3083 3060//3060 3058//3058
f 3083//3083 3058//3058 3084//3084
f 3084//3084 3058//3058 3085//3085
f 3085//3085 3058//3058 2817//2817
f 3085//3085 2817//2817 2819//2819
f 3086//3086 3087//3087 3088//3088
f 3089//3089 3087//3087 3090//3090
f 3090//3090 3087//3087 3086//3086
f 3090//3090 3086//3086 3091//3091
f 3091//3091 3086//3086 3092//3092
f 3092//3092 3086//3086 3093//3093
f 3092//3092 3093//3093 3094//3094
f 3094//3094 3093//3093 3095//3095
f 3094//3094 3095//3095 3096//3096
f 3096//3096 3095//3095 3097//3097
f 3097//3097 3095//3095 3098//3098
f 3097//3097 3098//3098 3099//3099
f 3100//3100 2823//2823 2824//2824
f 2821//2821 2823//2823 3101//3101
f 3101//3101 2823//2823 3100//3100
f 3101//3101 3100//3100 3102//3102
f 3103//3103 3104//3104 3102//3102
f 3102//3102 3104//3104 3105//3105
f 3102//3102 3105//3105 3101//3101
f 3106//3106 3107//3107 3108//3108
f 3108//3108 3107//3107 3103//3103
f 3108//3108 3103//3103 3109//3109
f 3109//3109 3103//3103 3102//3102
f 2825//2825 3099//3099 2824//2824
f 2824//2824 3099//3099 3098//3098
f 2824//2824 3098//3098 3100//3100
f 3100//3100 3098//3098 3095//3095
f 3100//3100 3095//3095 3102//3102
f 3102//3102 3095//3095 3093//3093
f 3102//3102 3093//3093 3109//3109
f 3109//3109 3093//3093 3086//3086
f 3109//3109 3086//3086 3108//3108
f 3108//3108 3086//3086 3088//3088
f 3108//3108 3088//3088 3106//3106
f 3110//3110 3111//3111 3112//3112
f 3113//3113 3114//3114 2821//2821
f 3115//3115 3116//3116 3117//3117
f 3117//3117 3116//3116 3101//3101
f 3117//3117 3101//3101 3105//3105
f 2821//2821 3101//3101 3113//3113
f 3113//3113 3101//3101 3116//3116
f 3113//3113 3116//3116 3118//3118
f 3118//3118 3116//3116 3115//3115
f 3118//3118 3115//3115 3119//3119
f 3120//3120 3121//3121 3119//3119
f 3119//3119 3121//3121 3122//3122
f 3119//3119 3122//3122 3118//3118
f 3118//3118 3122//3122 3123//3123
f 3118//3118 3123//3123 3113//3113
f 3113//3113 3123//3123 3124//3124
f 3113//3113 3124//3124 3114//3114
f 3110//3110 3112//3112 3125//3125
f 3125//3125 3112//3112 3126//3126
f 3125//3125 3126//3126 3127//3127
f 3127//3127 3126//3126 3128//3128
f 3127//3127 3128//3128 3129//3129
f 3129//3129 3128//3128 3130//3130
f 3129//3129 3130//3130 3131//3131
f 3132//3132 3130//3130 3133//3133
f 3133//3133 3130//3130 3128//3128
f 3133//3133 3128//3128 3134//3134
f 3134//3134 3128//3128 3126//3126
f 3134//3134 3126//3126 3135//3135
f 3135//3135 3126//3126 3112//3112
f 3135//3135 3112//3112 3111//3111
f 3136//3136 3137//3137 3138//3138
f 3138//3138 3139//3139 3136//3136
f 3136//3136 3139//3139 3140//3140
f 3136//3136 3140//3140 3141//3141
f 3141//3141 3140//3140 3142//3142
f 3141//3141 3142//3142 3143//3143
f 3107//3107 3106//3106 3144//3144
f 3107//3107 3144//3144 3145//3145
f 3146//3146 3147//3147 3148//3148
f 3144//3144 3149//3149 3145//3145
f 3145//3145 3149//3149 3150//3150
f 3145//3145 3150//3150 3148//3148
f 3148//3148 3150//3150 3151//3151
f 3148//3148 3151//3151 3146//3146
f 3147//3147 3152//3152 3148//3148
f 3148//3148 3152//3152 3153//3153
f 3148//3148 3153//3153 3145//3145
f 3145//3145 3153//3153 3154//3154
f 3145//3145 3154//3154 3107//3107
f 3103//3103 3107//3107 3155//3155
f 3155//3155 3107//3107 3154//3154
f 3155//3155 3154//3154 3156//3156
f 3156//3156 3154//3154 3153//3153
f 3156//3156 3153//3153 3157//3157
f 3157//3157 3153//3153 3152//3152
f 3157//3157 3152//3152 3137//3137
f 3137//3137 3152//3152 3158//3158
f 3137//3137 3158//3158 3138//3138
f 3132//3132 3120//3120 3130//3130
f 3130//3130 3120//3120 3119//3119
f 3130//3130 3119//3119 3131//3131
f 3131//3131 3119//3119 3115//3115
f 3131//3131 3115//3115 3159//3159
f 3159//3159 3115//3115 3117//3117
f 3159//3159 3117//3117 3160//3160
f 3160//3160 3117//3117 3105//3105
f 3160//3160 3105//3105 3104//3104
f 3104//3104 3103//3103 3160//3160
f 3160//3160 3103//3103 3155//3155
f 3160//3160 3155//3155 3159//3159
f 3159//3159 3155//3155 3156//3156
f 3159//3159 3156//3156 3131//3131
f 3131//3131 3156//3156 3157//3157
f 3131//3131 3157//3157 3129//3129
f 3129//3129 3157//3157 3137//3137
f 3129//3129 3137//3137 3127//3127
f 3127//3127 3137//3137 3136//3136
f 3127//3127 3136//3136 3125//3125
f 3125//3125 3136//3136 3141//3141
f 3125//3125 3141//3141 3110//3110
f 3110//3110 3141//3141 3143//3143
f 3110//3110 3143//3143 3111//3111
f 3161//3161 3111//3111 3162//3162
f 3163//3163 3164//3164 3165//3165
f 3166//3166 3167//3167 3168//3168
f 3167//3167 3166//3166 3169//3169
f 3170//3170 3171//3171 2815//2815
f 3172//3172 3173//3173 3174//3174
f 3175//3175 3176//3176 3177//3177
f 3177//3177 3176//3176 3178//3178
f 3179//3179 3180//3180 3181//3181
f 3175//3175 3177//3177 3181//3181
f 3181//3181 3177//3177 3182//3182
f 3181//3181 3182//3182 3179//3179
f 3183//3183 3161//3161 3184//3184
f 3184//3184 3161//3161 3185//3185
f 3184//3184 3185//3185 3186//3186
f 3186//3186 3185//3185 3187//3187
f 3186//3186 3187//3187 3188//3188
f 3188//3188 3187//3187 3189//3189
f 3188//3188 3189//3189 3178//3178
f 3178//3178 3189//3189 3190//3190
f 3178//3178 3190//3190 3177//3177
f 3177//3177 3190//3190 3191//3191
f 3177//3177 3191//3191 3182//3182
f 3170//3170 3192//3192 3171//3171
f 3171//3171 3192//3192 3193//3193
f 3171//3171 3193//3193 3194//3194
f 3194//3194 3193//3193 3195//3195
f 3194//3194 3195//3195 3196//3196
f 3196//3196 3195//3195 3197//3197
f 3163//3163 3165//3165 3198//3198
f 3174//3174 3197//3197 3199//3199
f 3199//3199 3197//3197 3195//3195
f 3199//3199 3195//3195 3198//3198
f 3198//3198 3195//3195 3193//3193
f 3198//3198 3193//3193 3163//3163
f 3163//3163 3193//3193 3192//3192
f 3163//3163 3192//3192 3164//3164
f 3164//3164 3192//3192 3170//3170
f 2815//2815 3169//3169 3170//3170
f 3170//3170 3169//3169 3166//3166
f 3170//3170 3166//3166 3164//3164
f 3164//3164 3166//3166 3168//3168
f 3164//3164 3168//3168 3165//3165
f 3165//3165 3168//3168 3200//3200
f 3165//3165 3200//3200 3201//3201
f 3201//3201 3200//3200 3202//3202
f 3201//3201 3202//3202 3203//3203
f 3203//3203 3202//3202 3204//3204
f 3203//3203 3204//3204 3205//3205
f 3205//3205 3204//3204 3206//3206
f 3205//3205 3206//3206 3207//3207
f 3161//3161 3162//3162 3185//3185
f 3185//3185 3162//3162 3208//3208
f 3185//3185 3208//3208 3187//3187
f 3187//3187 3208//3208 3209//3209
f 3187//3187 3209//3209 3189//3189
f 3189//3189 3209//3209 3210//3210
f 3189//3189 3210//3210 3190//3190
f 3190//3190 3210//3210 3211//3211
f 3190//3190 3211//3211 3191//3191
f 3183//3183 3111//3111 3161//3161
f 3184//3184 3212//3212 3183//3183
f 3183//3183 3212//3212 3111//3111
f 3207//3207 3212//3212 3205//3205
f 3205//3205 3212//3212 3184//3184
f 3205//3205 3184//3184 3203//3203
f 3203//3203 3184//3184 3186//3186
f 3203//3203 3186//3186 3201//3201
f 3201//3201 3186//3186 3188//3188
f 3201//3201 3188//3188 3165//3165
f 3165//3165 3188//3188 3178//3178
f 3165//3165 3178//3178 3198//3198
f 3198//3198 3178//3178 3176//3176
f 3198//3198 3176//3176 3199//3199
f 3199//3199 3176//3176 3175//3175
f 3199//3199 3175//3175 3174//3174
f 3174//3174 3175//3175 3181//3181
f 3174//3174 3181//3181 3172//3172
f 3172//3172 3181//3181 3180//3180
f 3082//3082 3083//3083 3213//3213
f 2816//2816 3214//3214 2820//2820
f 2820//2820 3214//3214 3085//3085
f 2820//2820 3085//3085 2819//2819
f 3213//3213 3083//3083 3214//3214
f 3214//3214 3083//3083 3084//3084
f 3214//3214 3084//3084 3085//3085
f 3082//3082 3213//3213 3081//3081
f 3081//3081 3213//3213 3215//3215
f 3081//3081 3215//3215 3080//3080
f 3080//3080 3215//3215 3216//3216
f 3080//3080 3216//3216 3079//3079
f 3217//3217 3218//3218 3219//3219
f 3173//3173 3218//3218 3174//3174
f 3174//3174 3218//3218 3217//3217
f 3174//3174 3217//3217 3220//3220
f 2815//2815 3171//3171 3221//3221
f 3221//3221 3171//3171 3194//3194
f 3221//3221 3194//3194 3222//3222
f 3222//3222 3194//3194 3196//3196
f 3222//3222 3196//3196 3220//3220
f 3220//3220 3196//3196 3197//3197
f 3220//3220 3197//3197 3174//3174
f 3078//3078 3079//3079 3219//3219
f 3219//3219 3079//3079 3216//3216
f 3219//3219 3216//3216 3217//3217
f 3217//3217 3216//3216 3215//3215
f 3217//3217 3215//3215 3220//3220
f 3220//3220 3215//3215 3213//3213
f 3220//3220 3213//3213 3222//3222
f 3222//3222 3213//3213 3214//3214
f 3222//3222 3214//3214 3221//3221
f 3221//3221 3214//3214 2816//2816
f 3221//3221 2816//2816 2815//2815
f 2825//2825 2827//2827 3099//3099
f 3099//3099 2827//2827 3223//3223
f 3099//3099 3223//3223 3097//3097
f 3097//3097 3223//3223 3096//3096
f 3096//3096 3223//3223 3224//3224
f 3096//3096 3224//3224 3094//3094
f 3094//3094 3224//3224 3092//3092
f 3092//3092 3224//3224 3225//3225
f 3092//3092 3225//3225 3091//3091
f 3091//3091 3225//3225 3090//3090
f 3090//3090 3225//3225 3226//3226
f 3090//3090 3226//3226 3089//3089
f 3227//3227 3228//3228 2374//2374
f 2374//2374 3228//3228 2375//2375
f 2365//2365 2364//2364 2778//2778
f 2778//2778 2364//2364 3229//3229
f 2778//2778 3229//3229 2828//2828
f 2828//2828 3229//3229 3230//3230
f 2828//2828 3230//3230 2744//2744
f 2744//2744 3230//3230 3231//3231
f 2744//2744 3231//3231 2746//2746
f 2746//2746 3231//3231 3232//3232
f 2746//2746 3232//3232 3011//3011
f 3011//3011 3232//3232 3233//3233
f 3011//3011 3233//3233 3008//3008
f 3008//3008 3233//3233 3234//3234
f 3008//3008 3234//3234 3005//3005
f 3005//3005 3234//3234 3235//3235
f 3005//3005 3235//3235 2826//2826
f 2826//2826 3235//3235 3236//3236
f 2826//2826 3236//3236 2827//2827
f 2827//2827 3236//3236 3237//3237
f 3238//3238 3226//3226 3225//3225
f 3238//3238 3225//3225 3239//3239
f 3239//3239 3225//3225 3224//3224
f 3239//3239 3224//3224 3240//3240
f 3240//3240 3224//3224 3223//3223
f 3240//3240 3223//3223 3241//3241
f 3241//3241 3223//3223 2827//2827
f 3241//3241 2827//2827 3237//3237
f 3226//3226 3238//3238 3242//3242
f 3242//3242 3238//3238 3243//3243
f 3228//3228 3227//3227 3244//3244
f 3228//3228 3244//3244 3245//3245
f 3245//3245 3244//3244 3246//3246
f 3245//3245 3246//3246 3247//3247
f 2829//2829 3227//3227 2489//2489
f 2489//2489 3227//3227 2374//2374
f 3248//3248 2880//2880 2882//2882
f 2833//2833 2834//2834 2884//2884
f 2884//2884 3249//3249 2833//2833
f 2833//2833 3249//3249 3250//3250
f 2833//2833 3250//3250 2832//2832
f 2832//2832 3250//3250 3251//3251
f 2832//2832 3251//3251 2831//2831
f 2831//2831 3251//3251 3252//3252
f 2831//2831 3252//3252 2830//2830
f 2830//2830 3252//3252 3253//3253
f 2830//2830 3253//3253 2829//2829
f 3254//3254 3255//3255 3256//3256
f 2882//2882 3257//3257 3248//3248
f 3248//3248 3257//3257 3258//3258
f 3248//3248 3258//3258 3259//3259
f 3259//3259 3258//3258 3260//3260
f 3259//3259 3260//3260 3261//3261
f 3261//3261 3260//3260 3254//3254
f 3261//3261 3254//3254 3262//3262
f 3262//3262 3254//3254 3256//3256
f 2881//2881 2880//2880 3263//3263
f 3263//3263 2880//2880 3248//3248
f 3263//3263 3248//3248 3264//3264
f 3264//3264 3248//3248 3259//3259
f 3264//3264 3259//3259 3265//3265
f 3265//3265 3259//3259 3261//3261
f 3265//3265 3261//3261 3266//3266
f 3266//3266 3261//3261 3262//3262
f 3266//3266 3262//3262 3267//3267
f 3267//3267 3262//3262 3256//3256
f 2884//2884 2881//2881 3249//3249
f 3249//3249 2881//2881 3263//3263
f 3249//3249 3263//3263 3250//3250
f 3250//3250 3263//3263 3264//3264
f 3250//3250 3264//3264 3251//3251
f 3251//3251 3264//3264 3265//3265
f 3251//3251 3265//3265 3252//3252
f 3252//3252 3265//3265 3266//3266
f 3252//3252 3266//3266 3253//3253
f 3253//3253 3266//3266 3267//3267
f 2857//2857 2853//2853 2851//2851
f 2857//2857 2851//2851 2876//2876
f 2876//2876 2851//2851 2849//2849
f 2876//2876 2849//2849 2875//2875
f 2875//2875 2849//2849 2847//2847
f 2875//2875 2847//2847 2874//2874
f 2874//2874 2847//2847 2845//2845
f 2874//2874 2845//2845 2864//2864
f 2864//2864 2845//2845 2843//2843
f 2864//2864 2843//2843 2865//2865
f 2865//2865 2843//2843 2841//2841
f 2865//2865 2841//2841 2867//2867
f 2867//2867 2841//2841 2839//2839
f 2867//2867 2839//2839 2868//2868
f 2868//2868 2839//2839 2837//2837
f 2868//2868 2837//2837 2859//2859
f 2859//2859 2837//2837 2836//2836
f 2859//2859 2836//2836 2860//2860
f 3268//3268 2882//2882 3269//3269
f 3269//3269 2882//2882 2883//2883
f 3269//3269 2883//2883 2853//2853
f 2853//2853 2883//2883 2854//2854
f 3268//3268 3270//3270 2882//2882
f 2882//2882 3270//3270 3257//3257
f 3271//3271 3272//3272 3273//3273
f 3273//3273 3274//3274 3271//3271
f 3271//3271 3274//3274 3275//3275
f 3271//3271 3275//3275 3276//3276
f 3276//3276 3275//3275 3257//3257
f 3276//3276 3257//3257 3270//3270
f 3277//3277 3278//3278 3279//3279
f 3279//3279 3278//3278 3280//3280
f 3279//3279 3280//3280 3281//3281
f 3280//3280 3282//3282 3281//3281
f 3281//3281 3282//3282 3283//3283
f 3281//3281 3283//3283 3272//3272
f 3272//3272 3283//3283 3284//3284
f 3272//3272 3284//3284 3273//3273
f 2858//2858 2869//2869 3285//3285
f 3285//3285 2869//2869 3286//3286
f 3286//3286 2869//2869 3287//3287
f 3287//3287 2869//2869 2870//2870
f 3287//3287 2870//2870 3288//3288
f 3288//3288 2870//2870 3289//3289
f 3289//3289 2870//2870 2871//2871
f 3289//3289 2871//2871 3290//3290
f 3291//3291 3292//3292 2872//2872
f 2872//2872 3292//3292 3293//3293
f 2872//2872 3293//3293 2871//2871
f 2871//2871 3293//3293 3294//3294
f 2871//2871 3294//3294 3290//3290
f 2873//2873 3295//3295 2872//2872
f 2872//2872 3295//3295 3296//3296
f 3296//3296 3297//3297 2872//2872
f 2872//2872 3297//3297 3298//3298
f 2872//2872 3298//3298 3291//3291
f 2866//2866 3299//3299 2877//2877
f 2877//2877 3299//3299 3300//3300
f 2877//2877 3300//3300 2873//2873
f 2873//2873 3300//3300 3301//3301
f 2873//2873 3301//3301 3295//3295
f 2352//2352 2434//2434 2320//2320
f 2320//2320 2434//2434 2889//2889
f 3302//3302 3303//3303 3304//3304
f 3302//3302 3304//3304 3305//3305
f 3305//3305 3304//3304 3306//3306
f 3305//3305 3306//3306 3307//3307
f 3307//3307 3306//3306 2889//2889
f 3307//3307 2889//2889 2890//2890
f 2885//2885 2879//2879 3308//3308
f 3308//3308 2879//2879 2878//2878
f 3308//3308 2878//2878 3309//3309
f 3309//3309 2878//2878 2312//2312
f 2860//2860 2836//2836 2862//2862
f 2862//2862 2836//2836 2885//2885
f 3310//3310 2319//2319 3311//3311
f 3311//3311 2319//2319 2887//2887
f 3311//3311 2887//2887 2886//2886
f 2319//2319 3310//3310 3312//3312
f 2319//2319 3312//3312 2314//2314
f 2314//2314 3312//3312 3313//3313
f 2314//2314 3313//3313 2316//2316
f 2316//2316 3313//3313 3314//3314
f 2316//2316 3314//3314 2311//2311
f 3309//3309 2312//2312 3315//3315
f 3315//3315 2312//2312 2311//2311
f 3315//3315 2311//2311 3316//3316
f 3316//3316 2311//2311 3314//3314
f 3317//3317 2911//2911 2910//2910
f 2907//2907 2906//2906 3318//3318
f 3318//3318 2906//2906 3319//3319
f 3319//3319 2906//2906 2905//2905
f 3319//3319 2905//2905 3320//3320
f 3320//3320 2905//2905 2904//2904
f 3320//3320 2904//2904 3321//3321
f 3321//3321 2904//2904 3322//3322
f 3322//3322 2904//2904 2903//2903
f 3322//3322 2903//2903 3323//3323
f 3323//3323 2903//2903 2902//2902
f 3323//3323 2902//2902 3324//3324
f 2891//2891 3325//3325 2902//2902
f 2902//2902 3325//3325 3326//3326
f 2902//2902 3326//3326 3324//3324
f 3317//3317 3302//3302 2911//2911
f 2911//2911 3302//3302 3305//3305
f 2911//2911 3305//3305 2443//2443
f 2443//2443 3305//3305 3307//3307
f 2443//2443 3307//3307 2890//2890
f 3318//3318 3327//3327 2907//2907
f 2907//2907 3327//3327 3328//3328
f 2907//2907 3328//3328 2908//2908
f 2908//2908 3328//3328 3329//3329
f 2908//2908 3329//3329 2909//2909
f 2909//2909 3329//3329 3330//3330
f 2909//2909 3330//3330 2910//2910
f 2910//2910 3330//3330 3331//3331
f 2910//2910 3331//3331 3317//3317
f 2893//2893 2895//2895 2897//2897
f 2436//2436 2438//2438 2440//2440
f 2897//2897 2899//2899 2893//2893
f 2893//2893 2899//2899 2901//2901
f 2893//2893 2901//2901 2891//2891
f 2891//2891 2901//2901 2913//2913
f 2891//2891 2913//2913 3325//3325
f 2890//2890 2433//2433 2443//2443
f 2443//2443 2433//2433 2436//2436
f 2443//2443 2436//2436 2442//2442
f 2442//2442 2436//2436 2440//2440
f 2913//2913 2912//2912 3332//3332
f 2913//2913 3332//3332 3325//3325
f 3325//3325 3332//3332 3333//3333
f 3325//3325 3333//3333 3326//3326
f 3326//3326 3333//3333 3334//3334
f 3326//3326 3334//3334 3324//3324
f 2339//2339 2912//2912 2358//2358
f 2358//2358 2912//2912 2900//2900
f 2949//2949 2916//2916 2948//2948
f 2948//2948 2916//2916 2917//2917
f 3335//3335 2325//2325 3336//3336
f 3336//3336 2325//2325 2970//2970
f 3336//3336 2970//2970 2916//2916
f 2916//2916 2970//2970 2914//2914
f 3337//3337 2344//2344 3338//3338
f 3338//3338 2344//2344 2343//2343
f 3338//3338 2343//2343 3339//3339
f 3339//3339 2343//2343 3340//3340
f 3340//3340 2343//2343 2349//2349
f 3340//3340 2349//2349 3341//3341
f 2349//2349 2327//2327 3341//3341
f 3341//3341 2327//2327 2325//2325
f 3341//3341 2325//2325 3335//3335
f 2344//2344 3337//3337 2919//2919
f 2919//2919 3337//3337 3342//3342
f 2919//2919 3342//3342 2920//2920
f 2945//2945 2961//2961 3343//3343
f 3343//3343 2961//2961 3344//3344
f 3344//3344 2961//2961 3345//3345
f 3345//3345 2961//2961 2956//2956
f 3345//3345 2956//2956 3346//3346
f 3346//3346 2956//2956 3347//3347
f 3347//3347 2956//2956 2955//2955
f 3347//3347 2955//2955 3348//3348
f 3349//3349 3350//3350 2960//2960
f 2960//2960 3350//3350 3351//3351
f 2960//2960 3351//3351 2955//2955
f 2955//2955 3351//3351 3352//3352
f 2955//2955 3352//3352 3348//3348
f 2959//2959 3353//3353 2960//2960
f 2960//2960 3353//3353 3354//3354
f 3354//3354 3355//3355 2960//2960
f 2960//2960 3355//3355 3356//3356
f 2960//2960 3356//3356 3349//3349
f 2942//2942 3357//3357 2958//2958
f 2958//2958 3357//3357 3358//3358
f 2958//2958 3358//3358 2959//2959
f 2959//2959 3358//3358 3359//3359
f 2959//2959 3359//3359 3353//3353
f 2682//2682 2552//2552 2962//2962
f 2962//2962 2552//2552 3074//3074
f 3360//3360 3361//3361 3362//3362
f 3360//3360 3362//3362 3363//3363
f 3363//3363 3362//3362 3074//3074
f 3363//3363 3074//3074 3075//3075
f 2922//2922 2921//2921 3364//3364
f 3364//3364 2921//2921 2971//2971
f 3364//3364 2971//2971 3365//3365
f 3365//3365 2971//2971 2973//2973
f 2948//2948 2917//2917 2937//2937
f 2948//2948 2937//2937 2947//2947
f 2947//2947 2937//2937 2935//2935
f 2947//2947 2935//2935 2944//2944
f 2944//2944 2935//2935 2933//2933
f 2944//2944 2933//2933 2946//2946
f 2946//2946 2933//2933 2931//2931
f 2946//2946 2931//2931 2957//2957
f 2957//2957 2931//2931 2929//2929
f 2957//2957 2929//2929 2951//2951
f 2951//2951 2929//2929 2927//2927
f 2951//2951 2927//2927 2952//2952
f 2952//2952 2927//2927 2925//2925
f 2952//2952 2925//2925 2953//2953
f 2953//2953 2925//2925 2923//2923
f 2953//2953 2923//2923 2954//2954
f 2954//2954 2923//2923 2922//2922
f 2954//2954 2922//2922 2939//2939
f 2973//2973 3366//3366 3365//3365
f 3365//3365 3366//3366 3367//3367
f 3366//3366 2973//2973 2972//2972
f 2972//2972 3368//3368 3366//3366
f 3366//3366 3368//3368 3369//3369
f 3366//3366 3369//3369 3370//3370
f 3370//3370 3369//3369 3371//3371
f 3370//3370 3371//3371 3372//3372
f 3372//3372 3371//3371 3373//3373
f 3372//3372 3373//3373 3374//3374
f 3374//3374 3373//3373 3375//3375
f 3374//3374 3375//3375 3376//3376
f 2963//2963 2962//2962 3377//3377
f 3377//3377 3378//3378 2963//2963
f 2963//2963 3378//3378 3379//3379
f 2963//2963 3379//3379 2964//2964
f 2964//2964 3379//3379 3380//3380
f 2964//2964 3380//3380 2965//2965
f 2965//2965 3380//3380 3381//3381
f 2965//2965 3381//3381 2966//2966
f 2966//2966 3381//3381 2968//2968
f 2966//2966 2968//2968 2967//2967
f 2969//2969 2968//2968 3382//3382
f 3382//3382 2968//2968 3381//3381
f 3382//3382 3381//3381 3383//3383
f 3383//3383 3381//3381 3380//3380
f 3383//3383 3380//3380 3384//3384
f 3384//3384 3380//3380 3379//3379
f 3384//3384 3379//3379 3385//3385
f 3385//3385 3379//3379 3378//3378
f 3385//3385 3378//3378 3386//3386
f 3386//3386 3378//3378 3377//3377
f 2972//2972 2969//2969 3368//3368
f 3368//3368 2969//2969 3382//3382
f 3368//3368 3382//3382 3369//3369
f 3369//3369 3382//3382 3383//3383
f 3369//3369 3383//3383 3371//3371
f 3371//3371 3383//3383 3384//3384
f 3371//3371 3384//3384 3373//3373
f 3373//3373 3384//3384 3385//3385
f 3373//3373 3385//3385 3375//3375
f 3375//3375 3385//3385 3386//3386
f 3387//3387 3388//3388 3389//3389
f 3390//3390 3367//3367 3366//3366
f 3391//3391 3392//3392 3393//3393
f 3391//3391 3393//3393 3388//3388
f 3388//3388 3393//3393 3394//3394
f 3388//3388 3394//3394 3389//3389
f 3392//3392 3395//3395 3393//3393
f 3393//3393 3395//3395 3396//3396
f 3393//3393 3396//3396 3397//3397
f 3390//3390 3366//3366 3398//3398
f 3398//3398 3366//3366 3399//3399
f 3398//3398 3399//3399 3400//3400
f 3400//3400 3399//3399 3401//3401
f 3400//3400 3401//3401 3389//3389
f 3389//3389 3401//3401 3402//3402
f 3389//3389 3402//3402 3387//3387
f 2807//2807 3403//3403 2805//2805
f 2805//2805 3403//3403 3404//3404
f 2805//2805 3404//3404 2803//2803
f 2803//2803 3404//3404 2800//2800
f 2800//2800 3404//3404 3405//3405
f 2800//2800 3405//3405 2801//2801
f 3406//3406 2975//2975 3405//3405
f 3405//3405 2975//2975 2974//2974
f 2974//2974 2981//2981 3405//3405
f 3405//3405 2981//2981 2980//2980
f 3405//3405 2980//2980 2801//2801
f 2977//2977 2975//2975 3406//3406
f 3407//3407 2982//2982 3406//3406
f 3406//3406 2982//2982 2978//2978
f 3406//3406 2978//2978 2977//2977
f 2986//2986 3408//3408 2985//2985
f 2985//2985 3408//3408 3409//3409
f 2728//2728 2985//2985 3409//3409
f 2728//2728 3409//3409 2727//2727
f 2727//2727 3409//3409 3410//3410
f 2727//2727 3410//3410 2725//2725
f 2725//2725 3410//3410 2720//2720
f 2720//2720 3410//3410 3411//3411
f 2720//2720 3411//3411 2721//2721
f 2721//2721 3411//3411 3412//3412
f 2721//2721 3412//3412 2723//2723
f 2723//2723 3412//3412 3413//3413
f 2723//2723 3413//3413 2718//2718
f 3413//3413 2716//2716 2718//2718
f 3414//3414 3002//3002 3003//3003
f 3415//3415 2999//2999 3000//3000
f 3416//3416 2997//2997 2998//2998
f 2709//2709 2997//2997 2987//2987
f 2987//2987 2997//2997 3416//3416
f 2987//2987 3416//3416 2989//2989
f 2989//2989 3416//3416 2990//2990
f 2990//2990 3416//3416 3417//3417
f 2990//2990 3417//3417 2992//2992
f 2992//2992 3417//3417 3418//3418
f 2992//2992 3418//3418 2993//2993
f 2993//2993 3418//3418 2996//2996
f 2996//2996 3418//3418 3419//3419
f 2996//2996 3419//3419 2995//2995
f 3420//3420 3421//3421 3422//3422
f 3422//3422 3421//3421 3423//3423
f 3424//3424 3425//3425 3420//3420
f 3426//3426 3427//3427 3428//3428
f 3003//3003 3429//3429 3414//3414
f 3414//3414 3429//3429 3430//3430
f 3414//3414 3430//3430 3431//3431
f 3431//3431 3430//3430 3432//3432
f 3431//3431 3432//3432 3433//3433
f 3433//3433 3432//3432 3426//3426
f 3433//3433 3426//3426 3434//3434
f 3434//3434 3426//3426 3428//3428
f 3434//3434 3428//3428 3425//3425
f 3425//3425 3424//3424 3434//3434
f 3434//3434 3424//3424 3435//3435
f 3434//3434 3435//3435 3433//3433
f 3433//3433 3435//3435 3436//3436
f 3433//3433 3436//3436 3431//3431
f 3431//3431 3436//3436 3437//3437
f 3431//3431 3437//3437 3414//3414
f 3414//3414 3437//3437 3001//3001
f 3414//3414 3001//3001 3002//3002
f 3420//3420 3422//3422 3424//3424
f 3424//3424 3422//3422 3438//3438
f 3424//3424 3438//3438 3435//3435
f 3435//3435 3438//3438 3439//3439
f 3435//3435 3439//3439 3436//3436
f 3436//3436 3439//3439 3415//3415
f 3436//3436 3415//3415 3437//3437
f 3437//3437 3415//3415 3000//3000
f 3437//3437 3000//3000 3001//3001
f 2814//2814 2995//2995 3423//3423
f 3423//3423 2995//2995 3419//3419
f 3423//3423 3419//3419 3422//3422
f 3422//3422 3419//3419 3418//3418
f 3422//3422 3418//3418 3438//3438
f 3438//3438 3418//3418 3417//3417
f 3438//3438 3417//3417 3439//3439
f 3439//3439 3417//3417 3416//3416
f 3439//3439 3416//3416 3415//3415
f 3415//3415 3416//3416 2998//2998
f 3415//3415 2998//2998 2999//2999
f 3111//3111 3212//3212 3427//3427
f 3427//3427 3212//3212 3207//3207
f 3427//3427 3207//3207 3428//3428
f 2815//2815 2814//2814 3169//3169
f 3169//3169 2814//2814 3423//3423
f 3169//3169 3423//3423 3167//3167
f 3420//3420 3200//3200 3168//3168
f 3167//3167 3423//3423 3168//3168
f 3168//3168 3423//3423 3421//3421
f 3168//3168 3421//3421 3420//3420
f 3207//3207 3206//3206 3428//3428
f 3428//3428 3206//3206 3204//3204
f 3428//3428 3204//3204 3202//3202
f 3200//3200 3420//3420 3202//3202
f 3202//3202 3420//3420 3425//3425
f 3202//3202 3425//3425 3428//3428
f 3121//3121 3120//3120 3440//3440
f 3441//3441 3134//3134 3442//3442
f 3442//3442 3134//3134 3135//3135
f 3442//3442 3135//3135 3111//3111
f 3440//3440 3120//3120 3443//3443
f 3443//3443 3120//3120 3132//3132
f 3443//3443 3132//3132 3441//3441
f 3441//3441 3132//3132 3133//3133
f 3441//3441 3133//3133 3134//3134
f 2822//2822 2821//2821 3444//3444
f 3444//3444 2821//2821 3114//3114
f 3444//3444 3114//3114 3445//3445
f 3445//3445 3114//3114 3124//3124
f 3445//3445 3124//3124 3446//3446
f 3446//3446 3124//3124 3123//3123
f 3446//3446 3123//3123 3440//3440
f 3440//3440 3123//3123 3122//3122
f 3440//3440 3122//3122 3121//3121
f 3013//3013 3010//3010 3447//3447
f 3442//3442 3448//3448 3449//3449
f 3442//3442 3449//3449 3441//3441
f 3441//3441 3449//3449 3450//3450
f 3441//3441 3450//3450 3443//3443
f 3443//3443 3450//3450 3440//3440
f 3440//3440 3450//3450 3451//3451
f 3440//3440 3451//3451 3446//3446
f 3446//3446 3451//3451 3445//3445
f 3445//3445 3451//3451 3452//3452
f 3445//3445 3452//3452 3444//3444
f 2822//2822 3444//3444 3004//3004
f 3004//3004 3444//3444 3452//3452
f 3004//3004 3452//3452 3006//3006
f 3006//3006 3452//3452 3007//3007
f 2745//2745 3012//3012 3020//3020
f 3020//3020 3012//3012 3453//3453
f 3020//3020 3453//3453 3019//3019
f 3019//3019 3453//3453 3454//3454
f 3019//3019 3454//3454 3018//3018
f 3018//3018 3454//3454 3455//3455
f 3018//3018 3455//3455 3017//3017
f 3017//3017 3455//3455 3016//3016
f 3016//3016 3455//3455 3456//3456
f 3016//3016 3456//3456 3015//3015
f 3015//3015 3456//3456 3457//3457
f 3015//3015 3457//3457 3014//3014
f 3458//3458 3457//3457 3459//3459
f 3459//3459 3457//3457 3456//3456
f 3459//3459 3456//3456 3460//3460
f 3460//3460 3456//3456 3455//3455
f 3460//3460 3455//3455 3461//3461
f 3461//3461 3455//3455 3454//3454
f 3461//3461 3454//3454 3447//3447
f 3447//3447 3454//3454 3453//3453
f 3447//3447 3453//3453 3013//3013
f 3013//3013 3453//3453 3012//3012
f 3462//3462 3458//3458 3463//3463
f 3463//3463 3458//3458 3459//3459
f 3463//3463 3459//3459 3464//3464
f 3464//3464 3459//3459 3460//3460
f 3464//3464 3460//3460 3465//3465
f 3465//3465 3460//3460 3461//3461
f 3465//3465 3461//3461 3466//3466
f 3466//3466 3461//3461 3447//3447
f 3466//3466 3447//3447 3009//3009
f 3009//3009 3447//3447 3010//3010
f 3448//3448 3462//3462 3449//3449
f 3449//3449 3462//3462 3463//3463
f 3449//3449 3463//3463 3450//3450
f 3450//3450 3463//3463 3464//3464
f 3450//3450 3464//3464 3451//3451
f 3451//3451 3464//3464 3465//3465
f 3451//3451 3465//3465 3452//3452
f 3452//3452 3465//3465 3466//3466
f 3452//3452 3466//3466 3007//3007
f 3007//3007 3466//3466 3009//3009
f 3467//3467 2754//2754 2777//2777
f 2754//2754 3467//3467 3468//3468
f 3469//3469 3022//3022 2776//2776
f 3469//3469 2776//2776 3470//3470
f 3471//3471 2750//2750 3468//3468
f 3468//3468 2750//2750 2752//2752
f 3468//3468 2752//2752 2754//2754
f 2776//2776 2755//2755 3470//3470
f 3470//3470 2755//2755 2757//2757
f 3470//3470 2757//2757 3471//3471
f 3471//3471 2757//2757 2758//2758
f 3471//3471 2758//2758 2750//2750
f 3472//3472 3021//3021 3469//3469
f 3469//3469 3021//3021 3022//3022
f 3026//3026 3473//3473 3027//3027
f 3027//3027 3473//3473 3474//3474
f 3027//3027 3474//3474 3032//3032
f 3032//3032 3474//3474 3029//3029
f 3475//3475 2787//2787 2786//2786
f 3475//3475 2786//2786 3476//3476
f 2787//2787 3475//3475 2790//2790
f 2790//2790 3475//3475 3477//3477
f 2790//2790 3477//3477 2788//2788
f 2788//2788 3477//3477 3478//3478
f 2788//2788 3478//3478 2784//2784
f 3029//3029 3474//3474 3030//3030
f 3030//3030 3474//3474 3476//3476
f 3030//3030 3476//3476 3031//3031
f 3031//3031 3476//3476 2786//2786
f 2784//2784 3478//3478 2782//2782
f 2782//2782 3478//3478 2779//2779
f 2793//2793 2798//2798 3045//3045
f 3045//3045 2798//2798 3034//3034
f 3045//3045 3034//3034 3055//3055
f 3055//3055 3034//3034 3038//3038
f 3055//3055 3038//3038 3054//3054
f 3054//3054 3038//3038 3039//3039
f 3054//3054 3039//3039 3053//3053
f 3053//3053 3039//3039 3041//3041
f 3053//3053 3041//3041 3052//3052
f 3052//3052 3041//3041 3043//3043
f 3052//3052 3043//3043 2810//2810
f 2810//2810 3043//3043 2780//2780
f 2811//2811 3403//3403 2808//2808
f 2808//2808 3403//3403 2807//2807
f 3065//3065 3077//3077 3479//3479
f 3479//3479 3068//3068 3067//3067
f 2562//2562 3073//3073 2551//2551
f 3068//3068 3479//3479 3069//3069
f 3069//3069 3479//3479 3480//3480
f 3069//3069 3480//3480 3070//3070
f 3481//3481 3072//3072 3480//3480
f 3480//3480 3072//3072 3071//3071
f 3480//3480 3071//3071 3070//3070
f 3481//3481 3360//3360 3072//3072
f 3072//3072 3360//3360 3363//3363
f 3072//3072 3363//3363 3073//3073
f 3073//3073 3363//3363 3075//3075
f 3073//3073 3075//3075 2551//2551
f 3061//3061 3063//3063 3059//3059
f 3059//3059 3063//3063 3065//3065
f 3059//3059 3065//3065 3057//3057
f 3057//3057 3065//3065 3479//3479
f 3057//3057 3479//3479 3066//3066
f 3066//3066 3479//3479 3067//3067
f 2558//2558 2560//2560 2556//2556
f 2556//2556 2560//2560 2562//2562
f 2556//2556 2562//2562 2554//2554
f 2554//2554 2562//2562 2551//2551
f 3482//3482 3483//3483 3484//3484
f 3482//3482 3484//3484 3485//3485
f 3485//3485 3484//3484 3486//3486
f 3485//3485 3486//3486 3487//3487
f 3487//3487 3486//3486 3488//3488
f 3487//3487 3488//3488 3489//3489
f 3489//3489 3488//3488 3077//3077
f 3489//3489 3077//3077 3076//3076
f 3064//3064 3078//3078 3076//3076
f 3076//3076 3078//3078 3490//3490
f 3076//3076 3490//3490 3482//3482
f 3482//3482 3485//3485 3076//3076
f 3076//3076 3485//3485 3487//3487
f 3076//3076 3487//3487 3489//3489
f 3151//3151 3491//3491 3146//3146
f 3146//3146 3491//3491 3147//3147
f 3151//3151 3150//3150 3491//3491
f 3491//3491 3150//3150 3149//3149
f 3491//3491 3149//3149 3492//3492
f 3492//3492 3149//3149 3144//3144
f 3492//3492 3144//3144 3493//3493
f 3493//3493 3144//3144 3106//3106
f 3493//3493 3106//3106 3494//3494
f 3494//3494 3106//3106 3088//3088
f 3494//3494 3088//3088 3495//3495
f 3495//3495 3088//3088 3087//3087
f 3495//3495 3087//3087 3496//3496
f 3496//3496 3087//3087 3089//3089
f 3158//3158 3152//3152 3497//3497
f 3140//3140 3139//3139 3497//3497
f 3497//3497 3139//3139 3138//3138
f 3497//3497 3138//3138 3158//3158
f 3147//3147 3491//3491 3152//3152
f 3152//3152 3491//3491 3498//3498
f 3152//3152 3498//3498 3497//3497
f 3142//3142 3499//3499 3143//3143
f 3143//3143 3499//3499 3111//3111
f 3140//3140 3497//3497 3142//3142
f 3142//3142 3497//3497 3500//3500
f 3142//3142 3500//3500 3499//3499
f 3179//3179 3182//3182 3501//3501
f 3182//3182 3191//3191 3501//3501
f 3501//3501 3191//3191 3211//3211
f 3501//3501 3211//3211 3502//3502
f 3502//3502 3211//3211 3210//3210
f 3502//3502 3210//3210 3503//3503
f 3503//3503 3210//3210 3209//3209
f 3503//3503 3209//3209 3504//3504
f 3504//3504 3209//3209 3208//3208
f 3504//3504 3208//3208 3499//3499
f 3499//3499 3208//3208 3162//3162
f 3499//3499 3162//3162 3111//3111
f 3179//3179 3501//3501 3180//3180
f 3180//3180 3501//3501 3505//3505
f 3180//3180 3505//3505 3172//3172
f 3172//3172 3505//3505 3506//3506
f 3172//3172 3506//3506 3173//3173
f 3173//3173 3506//3506 3507//3507
f 3173//3173 3507//3507 3218//3218
f 3218//3218 3507//3507 3508//3508
f 3218//3218 3508//3508 3219//3219
f 3219//3219 3508//3508 3490//3490
f 3219//3219 3490//3490 3078//3078
f 3496//3496 3089//3089 3509//3509
f 3509//3509 3089//3089 3226//3226
f 3509//3509 3226//3226 3242//3242
f 3242//3242 3510//3510 3509//3509
f 3509//3509 3510//3510 3511//3511
f 3509//3509 3511//3511 3512//3512
f 3243//3243 3237//3237 3513//3513
f 3513//3513 3237//3237 3236//3236
f 3513//3513 3236//3236 3235//3235
f 3240//3240 3241//3241 3239//3239
f 3239//3239 3241//3241 3237//3237
f 3239//3239 3237//3237 3238//3238
f 3238//3238 3237//3237 3243//3243
f 3235//3235 3234//3234 3513//3513
f 3513//3513 3234//3234 3233//3233
f 3513//3513 3233//3233 3514//3514
f 3245//3245 3247//3247 3230//3230
f 3230//3230 3247//3247 3515//3515
f 3230//3230 3515//3515 3231//3231
f 3231//3231 3515//3515 3514//3514
f 3231//3231 3514//3514 3232//3232
f 3232//3232 3514//3514 3233//3233
f 2364//2364 2367//2367 2369//2369
f 3245//3245 3230//3230 3228//3228
f 3228//3228 3230//3230 3229//3229
f 3228//3228 3229//3229 2375//2375
f 2375//2375 3229//3229 2364//2364
f 2375//2375 2364//2364 2373//2373
f 2373//2373 2364//2364 2369//2369
f 2373//2373 2369//2369 2371//2371
f 3242//3242 3243//3243 3516//3516
f 3242//3242 3516//3516 3510//3510
f 3510//3510 3516//3516 3517//3517
f 3510//3510 3517//3517 3511//3511
f 3511//3511 3517//3517 3518//3518
f 3511//3511 3518//3518 3512//3512
f 3512//3512 3518//3518 3519//3519
f 3512//3512 3519//3519 3509//3509
f 3520//3520 3521//3521 3514//3514
f 3514//3514 3521//3521 3513//3513
f 3513//3513 3521//3521 3522//3522
f 3522//3522 3521//3521 3523//3523
f 3522//3522 3523//3523 3524//3524
f 3525//3525 3526//3526 3527//3527
f 3525//3525 3527//3527 3523//3523
f 3523//3523 3527//3527 3528//3528
f 3523//3523 3528//3528 3524//3524
f 3529//3529 3530//3530 3525//3525
f 3525//3525 3530//3530 3531//3531
f 3525//3525 3531//3531 3526//3526
f 3532//3532 3533//3533 3534//3534
f 3534//3534 3533//3533 3535//3535
f 3534//3534 3535//3535 3529//3529
f 3529//3529 3535//3535 3536//3536
f 3529//3529 3536//3536 3530//3530
f 3247//3247 3246//3246 3537//3537
f 3247//3247 3537//3537 3515//3515
f 3515//3515 3537//3537 3520//3520
f 3515//3515 3520//3520 3514//3514
f 3255//3255 3246//3246 3256//3256
f 3256//3256 3246//3246 3244//3244
f 3256//3256 3244//3244 3267//3267
f 3267//3267 3244//3244 3253//3253
f 3253//3253 3244//3244 3227//3227
f 3253//3253 3227//3227 2829//2829
f 3257//3257 3275//3275 3258//3258
f 3258//3258 3275//3275 3274//3274
f 3258//3258 3274//3274 3260//3260
f 3260//3260 3274//3274 3273//3273
f 3273//3273 3538//3538 3260//3260
f 3260//3260 3538//3538 3539//3539
f 3260//3260 3539//3539 3254//3254
f 3540//3540 3255//3255 3254//3254
f 3254//3254 3539//3539 3540//3540
f 3540//3540 3539//3539 3541//3541
f 3540//3540 3541//3541 3542//3542
f 3542//3542 3541//3541 3278//3278
f 3542//3542 3278//3278 3277//3277
f 3273//3273 3284//3284 3538//3538
f 3538//3538 3284//3284 3283//3283
f 3538//3538 3283//3283 3539//3539
f 3539//3539 3283//3283 3282//3282
f 3539//3539 3282//3282 3541//3541
f 3541//3541 3282//3282 3280//3280
f 3541//3541 3280//3280 3278//3278
f 3281//3281 3543//3543 3279//3279
f 3279//3279 3543//3543 3544//3544
f 3544//3544 3545//3545 3279//3279
f 3279//3279 3545//3545 3546//3546
f 3279//3279 3546//3546 3277//3277
f 3281//3281 3272//3272 3543//3543
f 3543//3543 3272//3272 3271//3271
f 3543//3543 3271//3271 3547//3547
f 3548//3548 3549//3549 3276//3276
f 3276//3276 3549//3549 3550//3550
f 3276//3276 3550//3550 3271//3271
f 3271//3271 3550//3550 3551//3551
f 3271//3271 3551//3551 3547//3547
f 3269//3269 2853//2853 2857//2857
f 3276//3276 3270//3270 3548//3548
f 3548//3548 3270//3270 3268//3268
f 3548//3548 3268//3268 3552//3552
f 3552//3552 3268//3268 3269//3269
f 3552//3552 3269//3269 2856//2856
f 2856//2856 3269//3269 2857//2857
f 3553//3553 3554//3554 3555//3555
f 3556//3556 3557//3557 3555//3555
f 3548//3548 3552//3552 3558//3558
f 3558//3558 3552//3552 2856//2856
f 3558//3558 2856//2856 2855//2855
f 3551//3551 3550//3550 3559//3559
f 3559//3559 3550//3550 3549//3549
f 3559//3559 3549//3549 3560//3560
f 3560//3560 3549//3549 3548//3548
f 3560//3560 3548//3548 3561//3561
f 3561//3561 3548//3548 3558//3558
f 3547//3547 3562//3562 3543//3543
f 3543//3543 3562//3562 3544//3544
f 3556//3556 3555//3555 3563//3563
f 3563//3563 3555//3555 3554//3554
f 3563//3563 3554//3554 3564//3564
f 3561//3561 3565//3565 3560//3560
f 3560//3560 3565//3565 3566//3566
f 3560//3560 3566//3566 3559//3559
f 3559//3559 3566//3566 3567//3567
f 3559//3559 3567//3567 3553//3553
f 3553//3553 3567//3567 3568//3568
f 3553//3553 3568//3568 3554//3554
f 3554//3554 3568//3568 3569//3569
f 3554//3554 3569//3569 3564//3564
f 3564//3564 3569//3569 3570//3570
f 3551//3551 3559//3559 3547//3547
f 3547//3547 3559//3559 3553//3553
f 3547//3547 3553//3553 3562//3562
f 3562//3562 3553//3553 3555//3555
f 3562//3562 3555//3555 3544//3544
f 3544//3544 3555//3555 3557//3557
f 3544//3544 3557//3557 3545//3545
f 3545//3545 3557//3557 3556//3556
f 3545//3545 3556//3556 3546//3546
f 3571//3571 3300//3300 3299//3299
f 3571//3571 3299//3299 3572//3572
f 3572//3572 3299//3299 2866//2866
f 3572//3572 2866//2866 2861//2861
f 3301//3301 3573//3573 3295//3295
f 3295//3295 3573//3573 3296//3296
f 3300//3300 3571//3571 3301//3301
f 3301//3301 3571//3571 3574//3574
f 3301//3301 3574//3574 3573//3573
f 3566//3566 3289//3289 3567//3567
f 3567//3567 3289//3289 3290//3290
f 3567//3567 3290//3290 3568//3568
f 3568//3568 3290//3290 3294//3294
f 3568//3568 3294//3294 3293//3293
f 3292//3292 3291//3291 3575//3575
f 3575//3575 3291//3291 3298//3298
f 3575//3575 3298//3298 3297//3297
f 3296//3296 3573//3573 3297//3297
f 3297//3297 3573//3573 3576//3576
f 3297//3297 3576//3576 3575//3575
f 2855//2855 2858//2858 3558//3558
f 3558//3558 2858//2858 3285//3285
f 3558//3558 3285//3285 3561//3561
f 3561//3561 3285//3285 3286//3286
f 3561//3561 3286//3286 3565//3565
f 3565//3565 3286//3286 3287//3287
f 3565//3565 3287//3287 3566//3566
f 3566//3566 3287//3287 3288//3288
f 3566//3566 3288//3288 3289//3289
f 3293//3293 3292//3292 3568//3568
f 3568//3568 3292//3292 3575//3575
f 3568//3568 3575//3575 3569//3569
f 3569//3569 3575//3575 3577//3577
f 3569//3569 3577//3577 3570//3570
f 3570//3570 3577//3577 3578//3578
f 3303//3303 2294//2294 2293//2293
f 3303//3303 2293//2293 3304//3304
f 3304//3304 2293//2293 2296//2296
f 3304//3304 2296//2296 3306//3306
f 2320//2320 2889//2889 2299//2299
f 2299//2299 2889//2889 3306//3306
f 2299//2299 3306//3306 2297//2297
f 2297//2297 3306//3306 2296//2296
f 3331//3331 3579//3579 3580//3580
f 3331//3331 3580//3580 3317//3317
f 3317//3317 3580//3580 3303//3303
f 3317//3317 3303//3303 3302//3302
f 3581//3581 3582//3582 3583//3583
f 3584//3584 3585//3585 3586//3586
f 3587//3587 3588//3588 3589//3589
f 3589//3589 3588//3588 3584//3584
f 3581//3581 3586//3586 3582//3582
f 3582//3582 3586//3586 3585//3585
f 3582//3582 3585//3585 3590//3590
f 3590//3590 3585//3585 3591//3591
f 3592//3592 3593//3593 3583//3583
f 3571//3571 3594//3594 3592//3592
f 3592//3592 3594//3594 3595//3595
f 3592//3592 3595//3595 3593//3593
f 3571//3571 3572//3572 3594//3594
f 3594//3594 3572//3572 2861//2861
f 3594//3594 2861//2861 2863//2863
f 3596//3596 3573//3573 3597//3597
f 3597//3597 3573//3573 3574//3574
f 3577//3577 3575//3575 3596//3596
f 3596//3596 3575//3575 3576//3576
f 3596//3596 3576//3576 3573//3573
f 3596//3596 3598//3598 3577//3577
f 3577//3577 3598//3598 3599//3599
f 3577//3577 3599//3599 3578//3578
f 3584//3584 3588//3588 3585//3585
f 3585//3585 3588//3588 3600//3600
f 3585//3585 3600//3600 3591//3591
f 3591//3591 3599//3599 3590//3590
f 3590//3590 3599//3599 3598//3598
f 3590//3590 3598//3598 3582//3582
f 3582//3582 3598//3598 3596//3596
f 3582//3582 3596//3596 3583//3583
f 3583//3583 3596//3596 3597//3597
f 3583//3583 3597//3597 3592//3592
f 3592//3592 3597//3597 3574//3574
f 3592//3592 3574//3574 3571//3571
f 3589//3589 3310//3310 3587//3587
f 3587//3587 3310//3310 3311//3311
f 3587//3587 3311//3311 2886//2886
f 3309//3309 3315//3315 3593//3593
f 3309//3309 3593//3593 3308//3308
f 3581//3581 3583//3583 3314//3314
f 3314//3314 3583//3583 3593//3593
f 3314//3314 3593//3593 3316//3316
f 3316//3316 3593//3593 3315//3315
f 3589//3589 3584//3584 3310//3310
f 3310//3310 3584//3584 3586//3586
f 3310//3310 3586//3586 3312//3312
f 3312//3312 3586//3586 3581//3581
f 3312//3312 3581//3581 3313//3313
f 3313//3313 3581//3581 3314//3314
f 3593//3593 3595//3595 3308//3308
f 3308//3308 3595//3595 3594//3594
f 3308//3308 3594//3594 2885//2885
f 2885//2885 3594//3594 2863//2863
f 2885//2885 2863//2863 2862//2862
f 3331//3331 3330//3330 3579//3579
f 3579//3579 3330//3330 3601//3601
f 3327//3327 3602//3602 3603//3603
f 3327//3327 3603//3603 3328//3328
f 3328//3328 3603//3603 3604//3604
f 3328//3328 3604//3604 3329//3329
f 3329//3329 3604//3604 3601//3601
f 3329//3329 3601//3601 3330//3330
f 3327//3327 3318//3318 3602//3602
f 3602//3602 3318//3318 3605//3605
f 3321//3321 3606//3606 3607//3607
f 3321//3321 3607//3607 3320//3320
f 3320//3320 3607//3607 3608//3608
f 3320//3320 3608//3608 3319//3319
f 3319//3319 3608//3608 3605//3605
f 3319//3319 3605//3605 3318//3318
f 3321//3321 3322//3322 3606//3606
f 3606//3606 3322//3322 3609//3609
f 3324//3324 3334//3334 3610//3610
f 3324//3324 3610//3610 3323//3323
f 3323//3323 3610//3610 3609//3609
f 3323//3323 3609//3609 3322//3322
f 2341//2341 3334//3334 2342//2342
f 2342//2342 3334//3334 3333//3333
f 2342//2342 3333//3333 2321//2321
f 2321//2321 3333//3333 2322//2322
f 2322//2322 3333//3333 3332//3332
f 2322//2322 3332//3332 2338//2338
f 2338//2338 3332//3332 2912//2912
f 2338//2338 2912//2912 2339//2339
f 3611//3611 3612//3612 3336//3336
f 2920//2920 3342//3342 3613//3613
f 3613//3613 3342//3342 3337//3337
f 3613//3613 3337//3337 3614//3614
f 3338//3338 3615//3615 3337//3337
f 3337//3337 3615//3615 3616//3616
f 3337//3337 3616//3616 3614//3614
f 3338//3338 3339//3339 3615//3615
f 3615//3615 3339//3339 3340//3340
f 3615//3615 3340//3340 3341//3341
f 3336//3336 3612//3612 3335//3335
f 3335//3335 3612//3612 3617//3617
f 3335//3335 3617//3617 3341//3341
f 3341//3341 3617//3617 3618//3618
f 3341//3341 3618//3618 3615//3615
f 3611//3611 3336//3336 2950//2950
f 2950//2950 3336//3336 2916//2916
f 2950//2950 2916//2916 2949//2949
f 3619//3619 3620//3620 3621//3621
f 3622//3622 3623//3623 3621//3621
f 3614//3614 3624//3624 3613//3613
f 3612//3612 3611//3611 3625//3625
f 2950//2950 2943//2943 3626//3626
f 3627//3627 3625//3625 3626//3626
f 3626//3626 3625//3625 3611//3611
f 3626//3626 3611//3611 2950//2950
f 3618//3618 3628//3628 3615//3615
f 3615//3615 3628//3628 3616//3616
f 3622//3622 3621//3621 3629//3629
f 3629//3629 3621//3621 3620//3620
f 3629//3629 3620//3620 3630//3630
f 3627//3627 3631//3631 3625//3625
f 3625//3625 3631//3631 3632//3632
f 3625//3625 3632//3632 3633//3633
f 3633//3633 3632//3632 3634//3634
f 3633//3633 3634//3634 3619//3619
f 3619//3619 3634//3634 3635//3635
f 3619//3619 3635//3635 3620//3620
f 3620//3620 3635//3635 3636//3636
f 3620//3620 3636//3636 3630//3630
f 3630//3630 3636//3636 3637//3637
f 3612//3612 3625//3625 3617//3617
f 3617//3617 3625//3625 3633//3633
f 3617//3617 3633//3633 3618//3618
f 3618//3618 3633//3633 3619//3619
f 3618//3618 3619//3619 3628//3628
f 3628//3628 3619//3619 3621//3621
f 3628//3628 3621//3621 3616//3616
f 3616//3616 3621//3621 3623//3623
f 3616//3616 3623//3623 3614//3614
f 3614//3614 3623//3623 3622//3622
f 3614//3614 3622//3622 3624//3624
f 3638//3638 3358//3358 3357//3357
f 3638//3638 3357//3357 3639//3639
f 3639//3639 3357//3357 2942//2942
f 3639//3639 2942//2942 2941//2941
f 3359//3359 3640//3640 3353//3353
f 3353//3353 3640//3640 3354//3354
f 3358//3358 3638//3638 3359//3359
f 3359//3359 3638//3638 3641//3641
f 3359//3359 3641//3641 3640//3640
f 3632//3632 3347//3347 3634//3634
f 3634//3634 3347//3347 3348//3348
f 3634//3634 3348//3348 3635//3635
f 3635//3635 3348//3348 3352//3352
f 3635//3635 3352//3352 3351//3351
f 3350//3350 3349//3349 3642//3642
f 3642//3642 3349//3349 3356//3356
f 3642//3642 3356//3356 3355//3355
f 3354//3354 3640//3640 3355//3355
f 3355//3355 3640//3640 3643//3643
f 3355//3355 3643//3643 3642//3642
f 2943//2943 2945//2945 3626//3626
f 3626//3626 2945//2945 3343//3343
f 3626//3626 3343//3343 3627//3627
f 3627//3627 3343//3343 3344//3344
f 3627//3627 3344//3344 3631//3631
f 3631//3631 3344//3344 3345//3345
f 3631//3631 3345//3345 3632//3632
f 3632//3632 3345//3345 3346//3346
f 3632//3632 3346//3346 3347//3347
f 3351//3351 3350//3350 3635//3635
f 3635//3635 3350//3350 3642//3642
f 3635//3635 3642//3642 3636//3636
f 3636//3636 3642//3642 3644//3644
f 3636//3636 3644//3644 3637//3637
f 3637//3637 3644//3644 3645//3645
f 3361//3361 3376//3376 3375//3375
f 3361//3361 3375//3375 3362//3362
f 2962//2962 3074//3074 3377//3377
f 3377//3377 3074//3074 3362//3362
f 3377//3377 3362//3362 3386//3386
f 3386//3386 3362//3362 3375//3375
f 3480//3480 3646//3646 3647//3647
f 3480//3480 3647//3647 3481//3481
f 3481//3481 3647//3647 3361//3361
f 3481//3481 3361//3361 3360//3360
f 3648//3648 3649//3649 3650//3650
f 3651//3651 3652//3652 3653//3653
f 3653//3653 3652//3652 3654//3654
f 3653//3653 3654//3654 3655//3655
f 3649//3649 3648//3648 3656//3656
f 3657//3657 3658//3658 3659//3659
f 3660//3660 3661//3661 3658//3658
f 3658//3658 3661//3661 3662//3662
f 3658//3658 3662//3662 3659//3659
f 3641//3641 3638//3638 3663//3663
f 3663//3663 3638//3638 3664//3664
f 3638//3638 3639//3639 3664//3664
f 3664//3664 3639//3639 2941//2941
f 3664//3664 2941//2941 2940//2940
f 3657//3657 3640//3640 3658//3658
f 3658//3658 3640//3640 3641//3641
f 3658//3658 3641//3641 3660//3660
f 3660//3660 3641//3641 3663//3663
f 3660//3660 3663//3663 3661//3661
f 3644//3644 3642//3642 3657//3657
f 3657//3657 3642//3642 3643//3643
f 3657//3657 3643//3643 3640//3640
f 3657//3657 3665//3665 3644//3644
f 3644//3644 3665//3665 3666//3666
f 3644//3644 3666//3666 3645//3645
f 3648//3648 3655//3655 3656//3656
f 3656//3656 3655//3655 3654//3654
f 3656//3656 3654//3654 3667//3667
f 3667//3667 3654//3654 3652//3652
f 3667//3667 3666//3666 3656//3656
f 3656//3656 3666//3666 3665//3665
f 3656//3656 3665//3665 3649//3649
f 3649//3649 3665//3665 3657//3657
f 3649//3649 3657//3657 3650//3650
f 3650//3650 3657//3657 3659//3659
f 3393//3393 3397//3397 3651//3651
f 3661//3661 3663//3663 3390//3390
f 3364//3364 3365//3365 3663//3663
f 3663//3663 3365//3365 3367//3367
f 3663//3663 3367//3367 3390//3390
f 2939//2939 2922//2922 2940//2940
f 2940//2940 2922//2922 3364//3364
f 2940//2940 3364//3364 3664//3664
f 3664//3664 3364//3364 3663//3663
f 3648//3648 3650//3650 3398//3398
f 3398//3398 3650//3650 3659//3659
f 3398//3398 3659//3659 3390//3390
f 3390//3390 3659//3659 3662//3662
f 3390//3390 3662//3662 3661//3661
f 3393//3393 3651//3651 3394//3394
f 3398//3398 3400//3400 3648//3648
f 3648//3648 3400//3400 3389//3389
f 3648//3648 3389//3389 3655//3655
f 3655//3655 3389//3389 3394//3394
f 3655//3655 3394//3394 3653//3653
f 3653//3653 3394//3394 3651//3651
f 3402//3402 3401//3401 3668//3668
f 3396//3396 3395//3395 3669//3669
f 3670//3670 3397//3397 3396//3396
f 3396//3396 3669//3669 3670//3670
f 3670//3670 3669//3669 3671//3671
f 3670//3670 3671//3671 3672//3672
f 3374//3374 3376//3376 3672//3672
f 3672//3672 3671//3671 3374//3374
f 3374//3374 3671//3671 3668//3668
f 3374//3374 3668//3668 3372//3372
f 3372//3372 3668//3668 3401//3401
f 3372//3372 3401//3401 3370//3370
f 3370//3370 3401//3401 3399//3399
f 3370//3370 3399//3399 3366//3366
f 3395//3395 3392//3392 3669//3669
f 3669//3669 3392//3392 3391//3391
f 3669//3669 3391//3391 3671//3671
f 3671//3671 3391//3391 3388//3388
f 3671//3671 3388//3388 3668//3668
f 3668//3668 3388//3388 3387//3387
f 3668//3668 3387//3387 3402//3402
f 3673//3673 3646//3646 3479//3479
f 3479//3479 3646//3646 3480//3480
f 3674//3674 3675//3675 3676//3676
f 3677//3677 3678//3678 3679//3679
f 3679//3679 3678//3678 3676//3676
f 3679//3679 3676//3676 3680//3680
f 3680//3680 3676//3676 3675//3675
f 3674//3674 3676//3676 3681//3681
f 3681//3681 3676//3676 3682//3682
f 3681//3681 3682//3682 3683//3683
f 3684//3684 3685//3685 3682//3682
f 3682//3682 3685//3685 3686//3686
f 3682//3682 3686//3686 3683//3683
f 3479//3479 3687//3687 3673//3673
f 3673//3673 3687//3687 3688//3688
f 3673//3673 3688//3688 3684//3684
f 3684//3684 3688//3688 3689//3689
f 3684//3684 3689//3689 3685//3685
f 3411//3411 3410//3410 3409//3409
f 3690//3690 3472//3472 3469//3469
f 3412//3412 3411//3411 3691//3691
f 3691//3691 3411//3411 3409//3409
f 3691//3691 3409//3409 3692//3692
f 3692//3692 3409//3409 3408//3408
f 2810//2810 2780//2780 3693//3693
f 2777//2777 3694//3694 3467//3467
f 3467//3467 3694//3694 3695//3695
f 3467//3467 3695//3695 3468//3468
f 3471//3471 3468//3468 3470//3470
f 3470//3470 3468//3468 3695//3695
f 3470//3470 3695//3695 3469//3469
f 3469//3469 3695//3695 3696//3696
f 3469//3469 3696//3696 3690//3690
f 3405//3405 3697//3697 3406//3406
f 3406//3406 3697//3697 3698//3698
f 3406//3406 3698//3698 3407//3407
f 2810//2810 3693//3693 2811//2811
f 2779//2779 3478//3478 3699//3699
f 3699//3699 3478//3478 3477//3477
f 3699//3699 3477//3477 3475//3475
f 3693//3693 3700//3700 2811//2811
f 2811//2811 3700//3700 3701//3701
f 2811//2811 3701//3701 3403//3403
f 3403//3403 3701//3701 3697//3697
f 3403//3403 3697//3697 3404//3404
f 3404//3404 3697//3697 3405//3405
f 3003//3003 3702//3702 3429//3429
f 3429//3429 3702//3702 3430//3430
f 3003//3003 2742//2742 3702//3702
f 3702//3702 2742//2742 2717//2717
f 3702//3702 2717//2717 3703//3703
f 3703//3703 2717//2717 2716//2716
f 3703//3703 2716//2716 3691//3691
f 3691//3691 2716//2716 3413//3413
f 3691//3691 3413//3413 3412//3412
f 3473//3473 3704//3704 3474//3474
f 3474//3474 3704//3704 3699//3699
f 3474//3474 3699//3699 3476//3476
f 3476//3476 3699//3699 3475//3475
f 3699//3699 3705//3705 2779//2779
f 2779//2779 3705//3705 3706//3706
f 2779//2779 3706//3706 2780//2780
f 2780//2780 3706//3706 3707//3707
f 2780//2780 3707//3707 3693//3693
f 3693//3693 3707//3707 3708//3708
f 3693//3693 3708//3708 3709//3709
f 3709//3709 3708//3708 3710//3710
f 3709//3709 3710//3710 3711//3711
f 3711//3711 3710//3710 3712//3712
f 3430//3430 3702//3702 3432//3432
f 3432//3432 3702//3702 3713//3713
f 3432//3432 3713//3713 3426//3426
f 3458//3458 3462//3462 3448//3448
f 3712//3712 3442//3442 3714//3714
f 3714//3714 3442//3442 3111//3111
f 3714//3714 3111//3111 3713//3713
f 3713//3713 3111//3111 3427//3427
f 3713//3713 3427//3427 3426//3426
f 3710//3710 3715//3715 3712//3712
f 3712//3712 3715//3715 3716//3716
f 3712//3712 3716//3716 2777//2777
f 2777//2777 3716//3716 3717//3717
f 2777//2777 3717//3717 3694//3694
f 2777//2777 2760//2760 3712//3712
f 3712//3712 2760//2760 2759//2759
f 3712//3712 2759//2759 3442//3442
f 3442//3442 2759//2759 3014//3014
f 3442//3442 3014//3014 3448//3448
f 3448//3448 3014//3014 3457//3457
f 3448//3448 3457//3457 3458//3458
f 3678//3678 3677//3677 3718//3718
f 3718//3718 3677//3677 3719//3719
f 3685//3685 3689//3689 3488//3488
f 3687//3687 3479//3479 3077//3077
f 3488//3488 3689//3689 3077//3077
f 3077//3077 3689//3689 3688//3688
f 3077//3077 3688//3688 3687//3687
f 3674//3674 3681//3681 3486//3486
f 3486//3486 3681//3681 3683//3683
f 3486//3486 3683//3683 3488//3488
f 3488//3488 3683//3683 3686//3686
f 3488//3488 3686//3686 3685//3685
f 3674//3674 3486//3486 3675//3675
f 3675//3675 3486//3486 3484//3484
f 3675//3675 3484//3484 3680//3680
f 3483//3483 3677//3677 3484//3484
f 3484//3484 3677//3677 3679//3679
f 3484//3484 3679//3679 3680//3680
f 3482//3482 3490//3490 3483//3483
f 3483//3483 3490//3490 3720//3720
f 3496//3496 3721//3721 3495//3495
f 3495//3495 3721//3721 3722//3722
f 3495//3495 3722//3722 3494//3494
f 3494//3494 3722//3722 3723//3723
f 3494//3494 3723//3723 3493//3493
f 3493//3493 3723//3723 3724//3724
f 3493//3493 3724//3724 3492//3492
f 3492//3492 3724//3724 3725//3725
f 3492//3492 3725//3725 3491//3491
f 3491//3491 3725//3725 3726//3726
f 3491//3491 3726//3726 3498//3498
f 3498//3498 3726//3726 3727//3727
f 3498//3498 3727//3727 3497//3497
f 3497//3497 3727//3727 3728//3728
f 3497//3497 3728//3728 3500//3500
f 3500//3500 3728//3728 3729//3729
f 3500//3500 3729//3729 3499//3499
f 3499//3499 3729//3729 3730//3730
f 3499//3499 3730//3730 3504//3504
f 3504//3504 3730//3730 3731//3731
f 3504//3504 3731//3731 3503//3503
f 3503//3503 3731//3731 3732//3732
f 3503//3503 3732//3732 3502//3502
f 3502//3502 3732//3732 3733//3733
f 3502//3502 3733//3733 3501//3501
f 3501//3501 3733//3733 3734//3734
f 3501//3501 3734//3734 3505//3505
f 3505//3505 3734//3734 3735//3735
f 3505//3505 3735//3735 3506//3506
f 3506//3506 3735//3735 3736//3736
f 3506//3506 3736//3736 3507//3507
f 3507//3507 3736//3736 3737//3737
f 3507//3507 3737//3737 3508//3508
f 3508//3508 3737//3737 3738//3738
f 3508//3508 3738//3738 3490//3490
f 3490//3490 3738//3738 3720//3720
f 3496//3496 3509//3509 3721//3721
f 3721//3721 3509//3509 3519//3519
f 3518//3518 3536//3536 3535//3535
f 3518//3518 3535//3535 3519//3519
f 3519//3519 3535//3535 3533//3533
f 3519//3519 3533//3533 3532//3532
f 3536//3536 3518//3518 3530//3530
f 3530//3530 3518//3518 3517//3517
f 3530//3530 3517//3517 3531//3531
f 3524//3524 3528//3528 3516//3516
f 3516//3516 3528//3528 3527//3527
f 3516//3516 3527//3527 3517//3517
f 3517//3517 3527//3527 3526//3526
f 3517//3517 3526//3526 3531//3531
f 3524//3524 3516//3516 3522//3522
f 3522//3522 3516//3516 3243//3243
f 3522//3522 3243//3243 3513//3513
f 3739//3739 3740//3740 3534//3534
f 3534//3534 3740//3740 3532//3532
f 3521//3521 3520//3520 3741//3741
f 3534//3534 3529//3529 3525//3525
f 3741//3741 3739//3739 3521//3521
f 3521//3521 3739//3739 3534//3534
f 3521//3521 3534//3534 3523//3523
f 3523//3523 3534//3534 3525//3525
f 3570//3570 3742//3742 3564//3564
f 3564//3564 3742//3742 3743//3743
f 3564//3564 3743//3743 3563//3563
f 3563//3563 3743//3743 3556//3556
f 3556//3556 3743//3743 3741//3741
f 3556//3556 3741//3741 3546//3546
f 3546//3546 3741//3741 3520//3520
f 3546//3546 3520//3520 3277//3277
f 3277//3277 3520//3520 3542//3542
f 3542//3542 3520//3520 3537//3537
f 3542//3542 3537//3537 3540//3540
f 3540//3540 3537//3537 3246//3246
f 3540//3540 3246//3246 3255//3255
f 3570//3570 3578//3578 3742//3742
f 3742//3742 3578//3578 3744//3744
f 3744//3744 3578//3578 3599//3599
f 3744//3744 3599//3599 3745//3745
f 3599//3599 3591//3591 3745//3745
f 3745//3745 3591//3591 3600//3600
f 3745//3745 3600//3600 3746//3746
f 3746//3746 3600//3600 3588//3588
f 3746//3746 3588//3588 3747//3747
f 3747//3747 3588//3588 3587//3587
f 3747//3747 3587//3587 3579//3579
f 3579//3579 3587//3587 2886//2886
f 3579//3579 2886//2886 3580//3580
f 3580//3580 2886//2886 2888//2888
f 3580//3580 2888//2888 3303//3303
f 3303//3303 2888//2888 2294//2294
f 3748//3748 3747//3747 3601//3601
f 3601//3601 3747//3747 3579//3579
f 3602//3602 3749//3749 3750//3750
f 3602//3602 3750//3750 3603//3603
f 3603//3603 3750//3750 3751//3751
f 3603//3603 3751//3751 3604//3604
f 3604//3604 3751//3751 3748//3748
f 3604//3604 3748//3748 3601//3601
f 3752//3752 3749//3749 3605//3605
f 3605//3605 3749//3749 3602//3602
f 3606//3606 3753//3753 3754//3754
f 3606//3606 3754//3754 3607//3607
f 3607//3607 3754//3754 3755//3755
f 3607//3607 3755//3755 3608//3608
f 3608//3608 3755//3755 3752//3752
f 3608//3608 3752//3752 3605//3605
f 3756//3756 3753//3753 3609//3609
f 3609//3609 3753//3753 3606//3606
f 3637//3637 3757//3757 3630//3630
f 3630//3630 3757//3757 3758//3758
f 3630//3630 3758//3758 3629//3629
f 3629//3629 3758//3758 3759//3759
f 2918//2918 2920//2920 3609//3609
f 3609//3609 2920//2920 3613//3613
f 3609//3609 3613//3613 3756//3756
f 3756//3756 3613//3613 3624//3624
f 3756//3756 3624//3624 3759//3759
f 3759//3759 3624//3624 3622//3622
f 3759//3759 3622//3622 3629//3629
f 3609//3609 3610//3610 2918//2918
f 2918//2918 3610//3610 3334//3334
f 2918//2918 3334//3334 2341//2341
f 3637//3637 3645//3645 3757//3757
f 3757//3757 3645//3645 3760//3760
f 3761//3761 3667//3667 3652//3652
f 3761//3761 3652//3652 3762//3762
f 3762//3762 3652//3652 3651//3651
f 3762//3762 3651//3651 3646//3646
f 3646//3646 3651//3651 3397//3397
f 3646//3646 3397//3397 3647//3647
f 3667//3667 3761//3761 3666//3666
f 3666//3666 3761//3761 3760//3760
f 3666//3666 3760//3760 3645//3645
f 3376//3376 3361//3361 3672//3672
f 3672//3672 3361//3361 3647//3647
f 3672//3672 3647//3647 3670//3670
f 3670//3670 3647//3647 3397//3397
f 3682//3682 3676//3676 3684//3684
f 3684//3684 3676//3676 3678//3678
f 3684//3684 3678//3678 3673//3673
f 3673//3673 3678//3678 3718//3718
f 3673//3673 3718//3718 3646//3646
f 3646//3646 3718//3718 3762//3762
f 3473//3473 3763//3763 3764//3764
f 3473//3473 3764//3764 3704//3704
f 3021//3021 3472//3472 3023//3023
f 3023//3023 3472//3472 3763//3763
f 3023//3023 3763//3763 3024//3024
f 3024//3024 3763//3763 3473//3473
f 3024//3024 3473//3473 3026//3026
f 3764//3764 3765//3765 3704//3704
f 3704//3704 3765//3765 3766//3766
f 3704//3704 3766//3766 3699//3699
f 3699//3699 3766//3766 3767//3767
f 3699//3699 3767//3767 3705//3705
f 3705//3705 3767//3767 3768//3768
f 3768//3768 3769//3769 3705//3705
f 3705//3705 3769//3769 3770//3770
f 3705//3705 3770//3770 3706//3706
f 3770//3770 3771//3771 3706//3706
f 3706//3706 3771//3771 3772//3772
f 3706//3706 3772//3772 3707//3707
f 3772//3772 3773//3773 3707//3707
f 3707//3707 3773//3773 3774//3774
f 3707//3707 3774//3774 3708//3708
f 3774//3774 3775//3775 3708//3708
f 3708//3708 3775//3775 3776//3776
f 3708//3708 3776//3776 3710//3710
f 3776//3776 3777//3777 3710//3710
f 3710//3710 3777//3777 3778//3778
f 3710//3710 3778//3778 3715//3715
f 3778//3778 3779//3779 3715//3715
f 3715//3715 3779//3779 3780//3780
f 3715//3715 3780//3780 3716//3716
f 3780//3780 3781//3781 3716//3716
f 3716//3716 3781//3781 3782//3782
f 3716//3716 3782//3782 3717//3717
f 3782//3782 3783//3783 3717//3717
f 3717//3717 3783//3783 3784//3784
f 3717//3717 3784//3784 3694//3694
f 3694//3694 3784//3784 3785//3785
f 3694//3694 3785//3785 3695//3695
f 3695//3695 3785//3785 3786//3786
f 3786//3786 3787//3787 3695//3695
f 3695//3695 3787//3787 3788//3788
f 3695//3695 3788//3788 3696//3696
f 3788//3788 3789//3789 3696//3696
f 3696//3696 3789//3789 3790//3790
f 3696//3696 3790//3790 3690//3690
f 3690//3690 3790//3790 3791//3791
f 3690//3690 3791//3791 3472//3472
f 3472//3472 3791//3791 3792//3792
f 3472//3472 3792//3792 3763//3763
f 3408//3408 3793//3793 3794//3794
f 3408//3408 3794//3794 3692//3692
f 2982//2982 3407//3407 2983//2983
f 2983//2983 3407//3407 3793//3793
f 2983//2983 3793//3793 2984//2984
f 2984//2984 3793//3793 3408//3408
f 2984//2984 3408//3408 2986//2986
f 3794//3794 3795//3795 3692//3692
f 3692//3692 3795//3795 3796//3796
f 3692//3692 3796//3796 3691//3691
f 3796//3796 3797//3797 3691//3691
f 3691//3691 3797//3797 3798//3798
f 3691//3691 3798//3798 3703//3703
f 3798//3798 3799//3799 3703//3703
f 3703//3703 3799//3799 3800//3800
f 3703//3703 3800//3800 3702//3702
f 3702//3702 3800//3800 3801//3801
f 3702//3702 3801//3801 3713//3713
f 3713//3713 3801//3801 3802//3802
f 3802//3802 3803//3803 3713//3713
f 3713//3713 3803//3803 3804//3804
f 3713//3713 3804//3804 3714//3714
f 3804//3804 3805//3805 3714//3714
f 3714//3714 3805//3805 3806//3806
f 3714//3714 3806//3806 3712//3712
f 3806//3806 3807//3807 3712//3712
f 3712//3712 3807//3807 3808//3808
f 3712//3712 3808//3808 3711//3711
f 3808//3808 3809//3809 3711//3711
f 3711//3711 3809//3809 3810//3810
f 3711//3711 3810//3810 3709//3709
f 3810//3810 3811//3811 3709//3709
f 3709//3709 3811//3811 3812//3812
f 3709//3709 3812//3812 3693//3693
f 3812//3812 3813//3813 3693//3693
f 3693//3693 3813//3813 3814//3814
f 3693//3693 3814//3814 3700//3700
f 3814//3814 3815//3815 3700//3700
f 3700//3700 3815//3815 3816//3816
f 3700//3700 3816//3816 3701//3701
f 3816//3816 3817//3817 3701//3701
f 3701//3701 3817//3817 3818//3818
f 3701//3701 3818//3818 3697//3697
f 3818//3818 3819//3819 3697//3697
f 3697//3697 3819//3819 3820//3820
f 3697//3697 3820//3820 3698//3698
f 3698//3698 3820//3820 3821//3821
f 3698//3698 3821//3821 3407//3407
f 3407//3407 3821//3821 3822//3822
f 3407//3407 3822//3822 3793//3793
f 3519//3519 3532//3532 3721//3721
f 3721//3721 3532//3532 3740//3740
f 3721//3721 3740//3740 3722//3722
f 3719//3719 3677//3677 3720//3720
f 3720//3720 3677//3677 3483//3483
f 3726//3726 3725//3725 3740//3740
f 3720//3720 3738//3738 3719//3719
f 3719//3719 3738//3738 3737//3737
f 3719//3719 3737//3737 3736//3736
f 3725//3725 3724//3724 3740//3740
f 3740//3740 3724//3724 3723//3723
f 3740//3740 3723//3723 3722//3722
f 3726//3726 3740//3740 3727//3727
f 3727//3727 3740//3740 3823//3823
f 3727//3727 3823//3823 3728//3728
f 3736//3736 3735//3735 3719//3719
f 3719//3719 3735//3735 3734//3734
f 3719//3719 3734//3734 3824//3824
f 3824//3824 3734//3734 3733//3733
f 3824//3824 3733//3733 3732//3732
f 3732//3732 3731//3731 3824//3824
f 3824//3824 3731//3731 3730//3730
f 3824//3824 3730//3730 3823//3823
f 3823//3823 3730//3730 3729//3729
f 3823//3823 3729//3729 3728//3728
f 3739//3739 3741//3741 3740//3740
f 3740//3740 3741//3741 3825//3825
f 3740//3740 3825//3825 3823//3823
f 3825//3825 3741//3741 3743//3743
f 3825//3825 3743//3743 3826//3826
f 3826//3826 3743//3743 3742//3742
f 3826//3826 3742//3742 3827//3827
f 3744//3744 3828//3828 3742//3742
f 3742//3742 3828//3828 3827//3827
f 3828//3828 3744//3744 3745//3745
f 3828//3828 3745//3745 3829//3829
f 3829//3829 3745//3745 3746//3746
f 3829//3829 3746//3746 3830//3830
f 3830//3830 3746//3746 3747//3747
f 3830//3830 3747//3747 3831//3831
f 3748//3748 3832//3832 3747//3747
f 3747//3747 3832//3832 3831//3831
f 3832//3832 3748//3748 3751//3751
f 3832//3832 3751//3751 3833//3833
f 3833//3833 3751//3751 3750//3750
f 3833//3833 3750//3750 3834//3834
f 3834//3834 3750//3750 3749//3749
f 3834//3834 3749//3749 3835//3835
f 3752//3752 3836//3836 3749//3749
f 3749//3749 3836//3836 3835//3835
f 3836//3836 3752//3752 3755//3755
f 3836//3836 3755//3755 3837//3837
f 3837//3837 3755//3755 3754//3754
f 3837//3837 3754//3754 3838//3838
f 3838//3838 3754//3754 3753//3753
f 3838//3838 3753//3753 3839//3839
f 3756//3756 3840//3840 3753//3753
f 3753//3753 3840//3840 3839//3839
f 3840//3840 3756//3756 3759//3759
f 3840//3840 3759//3759 3841//3841
f 3841//3841 3759//3759 3758//3758
f 3841//3841 3758//3758 3842//3842
f 3842//3842 3758//3758 3757//3757
f 3842//3842 3757//3757 3843//3843
f 3760//3760 3844//3844 3757//3757
f 3757//3757 3844//3844 3843//3843
f 3844//3844 3760//3760 3761//3761
f 3844//3844 3761//3761 3845//3845
f 3845//3845 3761//3761 3762//3762
f 3845//3845 3762//3762 3846//3846
f 3762//3762 3718//3718 3846//3846
f 3846//3846 3718//3718 3719//3719
f 3846//3846 3719//3719 3824//3824
f 3786//3786 3847//3847 3787//3787
f 3787//3787 3847//3847 3848//3848
f 3787//3787 3848//3848 3788//3788
f 3788//3788 3848//3848 3849//3849
f 3788//3788 3849//3849 3789//3789
f 3789//3789 3849//3849 3850//3850
f 3789//3789 3850//3850 3790//3790
f 3790//3790 3850//3850 3851//3851
f 3790//3790 3851//3851 3791//3791
f 3791//3791 3851//3851 3852//3852
f 3791//3791 3852//3852 3792//3792
f 3792//3792 3852//3852 3853//3853
f 3792//3792 3853//3853 3763//3763
f 3763//3763 3853//3853 3854//3854
f 3763//3763 3854//3854 3764//3764
f 3764//3764 3854//3854 3855//3855
f 3764//3764 3855//3855 3765//3765
f 3765//3765 3855//3855 3856//3856
f 3765//3765 3856//3856 3766//3766
f 3766//3766 3856//3856 3857//3857
f 3766//3766 3857//3857 3767//3767
f 3767//3767 3857//3857 3858//3858
f 3767//3767 3858//3858 3768//3768
f 3768//3768 3858//3858 3859//3859
f 3768//3768 3859//3859 3769//3769
f 3769//3769 3859//3859 3860//3860
f 3769//3769 3860//3860 3770//3770
f 3770//3770 3860//3860 3861//3861
f 3770//3770 3861//3861 3771//3771
f 3771//3771 3861//3861 3862//3862
f 3771//3771 3862//3862 3772//3772
f 3772//3772 3862//3862 3863//3863
f 3772//3772 3863//3863 3773//3773
f 3773//3773 3863//3863 3864//3864
f 3773//3773 3864//3864 3774//3774
f 3774//3774 3864//3864 3865//3865
f 3774//3774 3865//3865 3775//3775
f 3775//3775 3865//3865 3866//3866
f 3775//3775 3866//3866 3776//3776
f 3776//3776 3866//3866 3867//3867
f 3776//3776 3867//3867 3777//3777
f 3777//3777 3867//3867 3868//3868
f 3777//3777 3868//3868 3778//3778
f 3778//3778 3868//3868 3869//3869
f 3778//3778 3869//3869 3779//3779
f 3779//3779 3869//3869 3870//3870
f 3779//3779 3870//3870 3780//3780
f 3780//3780 3870//3870 3871//3871
f 3780//3780 3871//3871 3781//3781
f 3781//3781 3871//3871 3872//3872
f 3781//3781 3872//3872 3782//3782
f 3782//3782 3872//3872 3873//3873
f 3782//3782 3873//3873 3783//3783
f 3783//3783 3873//3873 3874//3874
f 3783//3783 3874//3874 3784//3784
f 3784//3784 3874//3874 3875//3875
f 3784//3784 3875//3875 3785//3785
f 3785//3785 3875//3875 3876//3876
f 3785//3785 3876//3876 3786//3786
f 3786//3786 3876//3876 3847//3847
f 3802//3802 3877//3877 3803//3803
f 3803//3803 3877//3877 3878//3878
f 3803//3803 3878//3878 3804//3804
f 3804//3804 3878//3878 3879//3879
f 3804//3804 3879//3879 3805//3805
f 3805//3805 3879//3879 3880//3880
f 3805//3805 3880//3880 3806//3806
f 3806//3806 3880//3880 3881//3881
f 3806//3806 3881//3881 3807//3807
f 3807//3807 3881//3881 3882//3882
f 3807//3807 3882//3882 3808//3808
f 3808//3808 3882//3882 3883//3883
f 3808//3808 3883//3883 3809//3809
f 3809//3809 3883//3883 3884//3884
f 3809//3809 3884//3884 3810//3810
f 3810//3810 3884//3884 3885//3885
f 3810//3810 3885//3885 3811//3811
f 3811//3811 3885//3885 3886//3886
f 3811//3811 3886//3886 3812//3812
f 3812//3812 3886//3886 3887//3887
f 3812//3812 3887//3887 3813//3813
f 3813//3813 3887//3887 3888//3888
f 3813//3813 3888//3888 3814//3814
f 3814//3814 3888//3888 3889//3889
f 3814//3814 3889//3889 3815//3815
f 3815//3815 3889//3889 3890//3890
f 3815//3815 3890//3890 3816//3816
f 3816//3816 3890//3890 3891//3891
f 3816//3816 3891//3891 3817//3817
f 3817//3817 3891//3891 3892//3892
f 3817//3817 3892//3892 3818//3818
f 3818//3818 3892//3892 3893//3893
f 3818//3818 3893//3893 3819//3819
f 3819//3819 3893//3893 3894//3894
f 3819//3819 3894//3894 3820//3820
f 3820//3820 3894//3894 3895//3895
f 3820//3820 3895//3895 3821//3821
f 3821//3821 3895//3895 3896//3896
f 3821//3821 3896//3896 3822//3822
f 3822//3822 3896//3896 3897//3897
f 3822//3822 3897//3897 3793//3793
f 3793//3793 3897//3897 3898//3898
f 3793//3793 3898//3898 3794//3794
f 3794//3794 3898//3898 3899//3899
f 3794//3794 3899//3899 3795//3795
f 3795//3795 3899//3899 3900//3900
f 3795//3795 3900//3900 3796//3796
f 3796//3796 3900//3900 3901//3901
f 3796//3796 3901//3901 3797//3797
f 3797//3797 3901//3901 3902//3902
f 3797//3797 3902//3902 3798//3798
f 3798//3798 3902//3902 3903//3903
f 3798//3798 3903//3903 3799//3799
f 3799//3799 3903//3903 3904//3904
f 3799//3799 3904//3904 3800//3800
f 3800//3800 3904//3904 3905//3905
f 3800//3800 3905//3905 3801//3801
f 3801//3801 3905//3905 3906//3906
f 3801//3801 3906//3906 3802//3802
f 3802//3802 3906//3906 3877//3877
f 3846//3846 3824//3824 3906//3906
f 3855//3855 3854//3854 3828//3828
f 3828//3828 3854//3854 3853//3853
f 3828//3828 3853//3853 3827//3827
f 3827//3827 3853//3853 3852//3852
f 3825//3825 3847//3847 3823//3823
f 3823//3823 3847//3847 3876//3876
f 3823//3823 3876//3876 3875//3875
f 3906//3906 3905//3905 3846//3846
f 3846//3846 3905//3905 3904//3904
f 3846//3846 3904//3904 3845//3845
f 3845//3845 3904//3904 3903//3903
f 3845//3845 3903//3903 3844//3844
f 3844//3844 3903//3903 3902//3902
f 3844//3844 3902//3902 3901//3901
f 3852//3852 3851//3851 3827//3827
f 3827//3827 3851//3851 3850//3850
f 3827//3827 3850//3850 3826//3826
f 3826//3826 3850//3850 3849//3849
f 3826//3826 3849//3849 3825//3825
f 3825//3825 3849//3849 3848//3848
f 3825//3825 3848//3848 3847//3847
f 3875//3875 3874//3874 3823//3823
f 3823//3823 3874//3874 3873//3873
f 3823//3823 3873//3873 3880//3880
f 3880//3880 3873//3873 3872//3872
f 3880//3880 3879//3879 3823//3823
f 3823//3823 3879//3879 3878//3878
f 3823//3823 3878//3878 3824//3824
f 3824//3824 3878//3878 3877//3877
f 3824//3824 3877//3877 3906//3906
f 3901//3901 3900//3900 3844//3844
f 3844//3844 3900//3900 3899//3899
f 3844//3844 3899//3899 3843//3843
f 3843//3843 3899//3899 3898//3898
f 3843//3843 3898//3898 3897//3897
f 3858//3858 3857//3857 3828//3828
f 3828//3828 3857//3857 3856//3856
f 3828//3828 3856//3856 3855//3855
f 3872//3872 3871//3871 3880//3880
f 3880//3880 3871//3871 3870//3870
f 3880//3880 3870//3870 3881//3881
f 3881//3881 3870//3870 3869//3869
f 3881//3881 3869//3869 3882//3882
f 3889//3889 3888//3888 3836//3836
f 3836//3836 3888//3888 3864//3864
f 3836//3836 3864//3864 3835//3835
f 3828//3828 3829//3829 3858//3858
f 3858//3858 3829//3829 3830//3830
f 3858//3858 3830//3830 3859//3859
f 3859//3859 3830//3830 3831//3831
f 3859//3859 3831//3831 3860//3860
f 3897//3897 3896//3896 3843//3843
f 3843//3843 3896//3896 3895//3895
f 3843//3843 3895//3895 3842//3842
f 3842//3842 3895//3895 3894//3894
f 3842//3842 3894//3894 3841//3841
f 3831//3831 3832//3832 3860//3860
f 3860//3860 3832//3832 3833//3833
f 3860//3860 3833//3833 3861//3861
f 3861//3861 3833//3833 3834//3834
f 3861//3861 3834//3834 3862//3862
f 3862//3862 3834//3834 3835//3835
f 3862//3862 3835//3835 3863//3863
f 3863//3863 3835//3835 3864//3864
f 3868//3868 3867//3867 3884//3884
f 3884//3884 3867//3867 3866//3866
f 3884//3884 3866//3866 3885//3885
f 3885//3885 3866//3866 3865//3865
f 3885//3885 3865//3865 3886//3886
f 3886//3886 3865//3865 3864//3864
f 3886//3886 3864//3864 3887//3887
f 3887//3887 3864//3864 3888//3888
f 3868//3868 3884//3884 3869//3869
f 3869//3869 3884//3884 3883//3883
f 3869//3869 3883//3883 3882//3882
f 3841//3841 3894//3894 3840//3840
f 3840//3840 3894//3894 3893//3893
f 3840//3840 3893//3893 3839//3839
f 3839//3839 3893//3893 3892//3892
f 3839//3839 3892//3892 3838//3838
f 3838//3838 3892//3892 3891//3891
f 3838//3838 3891//3891 3837//3837
f 3837//3837 3891//3891 3836//3836
f 3836//3836 3891//3891 3890//3890
f 3836//3836 3890//3890 3889//3889
f 3907//3907 3908//3908 3909//3909
f 3910//3910 3911//3911 3912//3912
f 3912//3912 3911//3911 3913//3913
f 3914//3914 3915//3915 3916//3916
f 3916//3916 3915//3915 3917//3917
f 3916//3916 3917//3917 3907//3907
f 3913//3913 3918//3918 3912//3912
f 3912//3912 3918//3918 3919//3919
f 3912//3912 3919//3919 3915//3915
f 3915//3915 3919//3919 3920//3920
f 3915//3915 3920//3920 3917//3917
f 3907//3907 3909//3909 3916//3916
f 3916//3916 3909//3909 3921//3921
f 3916//3916 3921//3921 3914//3914
f 3922//3922 3910//3910 3923//3923
f 3923//3923 3910//3910 3912//3912
f 3923//3923 3912//3912 3924//3924
f 3924//3924 3912//3912 3915//3915
f 3924//3924 3915//3915 3925//3925
f 3925//3925 3915//3915 3914//3914
f 3926//3926 3927//3927 3928//3928
f 3929//3929 3926//3926 3930//3930
f 3929//3929 3930//3930 3931//3931
f 3931//3931 3930//3930 3932//3932
f 3931//3931 3932//3932 3933//3933
f 3933//3933 3932//3932 3934//3934
f 3933//3933 3934//3934 3935//3935
f 3936//3936 3937//3937 3938//3938
f 3938//3938 3937//3937 3939//3939
f 3926//3926 3928//3928 3930//3930
f 3930//3930 3928//3928 3940//3940
f 3930//3930 3940//3940 3932//3932
f 3932//3932 3940//3940 3939//3939
f 3932//3932 3939//3939 3934//3934
f 3934//3934 3939//3939 3937//3937
f 3934//3934 3937//3937 3935//3935
f 3935//3935 3937//3937 3936//3936
f 3935//3935 3936//3936 3941//3941
f 3942//3942 3943//3943 3944//3944
f 3944//3944 3943//3943 3945//3945
f 3944//3944 3945//3945 3946//3946
f 3947//3947 3948//3948 3949//3949
f 3947//3947 3949//3949 3950//3950
f 3950//3950 3949//3949 3951//3951
f 3950//3950 3951//3951 3952//3952
f 3953//3953 3954//3954 3955//3955
f 3955//3955 3954//3954 3956//3956
f 3955//3955 3956//3956 3957//3957
f 3957//3957 3956//3956 3958//3958
f 3943//3943 3959//3959 3945//3945
f 3945//3945 3959//3959 3960//3960
f 3945//3945 3960//3960 3958//3958
f 3958//3958 3960//3960 3961//3961
f 3958//3958 3961//3961 3957//3957
f 3962//3962 3946//3946 3963//3963
f 3963//3963 3946//3946 3945//3945
f 3963//3963 3945//3945 3964//3964
f 3964//3964 3945//3945 3958//3958
f 3964//3964 3958//3958 3952//3952
f 3952//3952 3958//3958 3956//3956
f 3952//3952 3956//3956 3950//3950
f 3950//3950 3956//3956 3954//3954
f 3950//3950 3954//3954 3947//3947
f 3965//3965 3966//3966 3967//3967
f 3968//3968 3965//3965 3969//3969
f 3968//3968 3969//3969 3970//3970
f 3970//3970 3969//3969 3971//3971
f 3970//3970 3971//3971 3972//3972
f 3972//3972 3971//3971 3973//3973
f 3972//3972 3973//3973 3974//3974
f 3975//3975 3976//3976 3977//3977
f 3977//3977 3976//3976 3978//3978
f 3965//3965 3967//3967 3969//3969
f 3969//3969 3967//3967 3979//3979
f 3969//3969 3979//3979 3971//3971
f 3971//3971 3979//3979 3978//3978
f 3971//3971 3978//3978 3973//3973
f 3973//3973 3978//3978 3976//3976
f 3973//3973 3976//3976 3974//3974
f 3974//3974 3976//3976 3975//3975
f 3974//3974 3975//3975 3980//3980
f 3981//3981 3982//3982 3983//3983
f 3984//3984 3985//3985 3986//3986
f 3986//3986 3985//3985 3987//3987
f 3988//3988 3989//3989 3990//3990
f 3982//3982 3991//3991 3983//3983
f 3983//3983 3991//3991 3988//3988
f 3983//3983 3988//3988 3992//3992
f 3992//3992 3988//3988 3990//3990
f 3987//3987 3993//3993 3986//3986
f 3986//3986 3993//3993 3994//3994
f 3986//3986 3994//3994 3988//3988
f 3988//3988 3994//3994 3995//3995
f 3988//3988 3995//3995 3989//3989
f 3996//3996 3981//3981 3997//3997
f 3997//3997 3981//3981 3983//3983
f 3997//3997 3983//3983 3998//3998
f 3998//3998 3983//3983 3992//3992
f 3998//3998 3992//3992 3999//3999
f 3999//3999 3992//3992 3990//3990
f 4000//4000 3984//3984 4001//4001
f 4001//4001 3984//3984 3986//3986
f 4001//4001 3986//3986 4002//4002
f 4002//4002 3986//3986 3988//3988
f 4002//4002 3988//3988 4003//4003
f 4003//4003 3988//3988 3991//3991
f 4004//4004 4005//4005 4006//4006
f 4004//4004 4006//4006 4007//4007
f 4008//4008 4007//4007 4009//4009
f 4007//4007 4006//4006 4009//4009
f 4009//4009 4006//4006 4010//4010
f 4009//4009 4010//4010 4011//4011
f 4011//4011 4010//4010 4012//4012
f 4011//4011 4012//4012 4013//4013
f 4013//4013 4012//4012 4014//4014
f 4013//4013 4014//4014 4015//4015
f 4008//4008 4009//4009 4016//4016
f 4016//4016 4009//4009 4011//4011
f 4016//4016 4011//4011 4017//4017
f 4017//4017 4011//4011 4013//4013
f 4017//4017 4013//4013 4018//4018
f 4018//4018 4013//4013 4015//4015
f 4018//4018 4015//4015 4019//4019
f 4020//4020 4021//4021 4022//4022
f 4023//4023 4024//4024 4025//4025
f 4025//4025 4024//4024 4026//4026
f 4025//4025 4026//4026 4027//4027
f 4027//4027 4026//4026 4028//4028
f 4020//4020 4022//4022 4029//4029
f 4029//4029 4022//4022 4030//4030
f 4029//4029 4030//4030 4031//4031
f 4021//4021 4032//4032 4023//4023
f 4023//4023 4032//4032 4033//4033
f 4023//4023 4033//4033 4024//4024
f 4033//4033 4034//4034 4024//4024
f 4024//4024 4034//4034 4035//4035
f 4024//4024 4035//4035 4026//4026
f 4026//4026 4035//4035 4036//4036
f 4026//4026 4036//4036 4028//4028
f 4028//4028 4036//4036 4037//4037
f 4021//4021 4023//4023 4022//4022
f 4022//4022 4023//4023 4025//4025
f 4022//4022 4025//4025 4030//4030
f 4030//4030 4025//4025 4027//4027
f 4030//4030 4027//4027 4038//4038
f 4038//4038 4027//4027 4028//4028
f 4038//4038 4028//4028 4039//4039
f 4039//4039 4028//4028 4037//4037
f 4039//4039 4037//4037 4040//4040
f 4041//4041 4042//4042 4043//4043
f 4044//4044 4045//4045 4046//4046
f 4046//4046 4045//4045 4047//4047
f 4046//4046 4047//4047 4048//4048
f 4048//4048 4047//4047 4049//4049
f 4041//4041 4043//4043 4050//4050
f 4050//4050 4043//4043 4051//4051
f 4050//4050 4051//4051 4052//4052
f 4042//4042 4053//4053 4044//4044
f 4044//4044 4053//4053 4054//4054
f 4044//4044 4054//4054 4045//4045
f 4054//4054 4055//4055 4045//4045
f 4045//4045 4055//4055 4056//4056
f 4045//4045 4056//4056 4047//4047
f 4047//4047 4056//4056 4057//4057
f 4047//4047 4057//4057 4049//4049
f 4049//4049 4057//4057 4058//4058
f 4042//4042 4044//4044 4043//4043
f 4043//4043 4044//4044 4046//4046
f 4043//4043 4046//4046 4051//4051
f 4051//4051 4046//4046 4048//4048
f 4051//4051 4048//4048 4059//4059
f 4059//4059 4048//4048 4049//4049
f 4059//4059 4049//4049 4060//4060
f 4060//4060 4049//4049 4058//4058
f 4060//4060 4058//4058 4061//4061
f 4062//4062 4063//4063 4064//4064
f 4064//4064 4065//4065 4062//4062
f 4062//4062 4065//4065 4066//4066
f 4062//4062 4066//4066 4067//4067
f 4067//4067 4066//4066 4068//4068
f 4067//4067 4068//4068 4069//4069
f 4069//4069 4068//4068 4070//4070
f 4069//4069 4070//4070 4071//4071
f 4071//4071 4070//4070 4072//4072
f 4071//4071 4072//4072 4073//4073
f 4072//4072 4074//4074 4073//4073
f 4073//4073 4074//4074 4075//4075
f 4073//4073 4075//4075 4076//4076
f 4077//4077 4078//4078 4079//4079
f 4079//4079 4078//4078 4080//4080
f 4079//4079 4080//4080 4081//4081
f 4081//4081 4080//4080 4082//4082
f 4081//4081 4082//4082 4083//4083
f 4079//4079 4084//4084 4077//4077
f 4077//4077 4084//4084 4085//4085
f 4077//4077 4085//4085 4086//4086
f 4086//4086 4085//4085 4087//4087
f 4085//4085 4088//4088 4087//4087
f 4087//4087 4088//4088 4089//4089
f 4087//4087 4089//4089 4090//4090
f 4090//4090 4089//4089 4091//4091
f 4091//4091 4092//4092 4090//4090
f 4090//4090 4092//4092 4093//4093
f 4090//4090 4093//4093 4094//4094
f 4095//4095 4088//4088 4085//4085
f 4084//4084 4096//4096 4085//4085
f 4085//4085 4096//4096 4097//4097
f 4085//4085 4097//4097 4095//4095
f 4098//4098 4091//4091 4089//4089
f 4088//4088 4095//4095 4089//4089
f 4089//4089 4095//4095 4099//4099
f 4089//4089 4099//4099 4098//4098
f 4092//4092 4100//4100 4093//4093
f 4093//4093 4100//4100 4094//4094
f 4091//4091 4098//4098 4092//4092
f 4092//4092 4098//4098 4101//4101
f 4092//4092 4101//4101 4100//4100
f 4102//4102 4031//4031 4103//4103
f 4103//4103 4031//4031 4030//4030
f 4103//4103 4030//4030 4104//4104
f 4104//4104 4030//4030 4038//4038
f 4104//4104 4038//4038 4105//4105
f 4105//4105 4038//4038 4039//4039
f 4105//4105 4039//4039 4106//4106
f 4106//4106 4039//4039 4040//4040
f 4106//4106 4040//4040 4107//4107
f 4081//4081 4083//4083 4108//4108
f 4108//4108 4083//4083 4020//4020
f 4020//4020 4029//4029 4108//4108
f 4108//4108 4029//4029 4031//4031
f 4108//4108 4031//4031 4102//4102
f 4109//4109 4110//4110 4111//4111
f 4112//4112 4113//4113 4114//4114
f 4112//4112 4114//4114 4115//4115
f 4115//4115 4114//4114 4116//4116
f 4115//4115 4116//4116 4117//4117
f 4117//4117 4116//4116 4111//4111
f 4117//4117 4111//4111 4118//4118
f 4118//4118 4111//4111 4110//4110
f 4118//4118 4110//4110 4119//4119
f 4106//4106 4107//4107 4109//4109
f 4109//4109 4111//4111 4106//4106
f 4106//4106 4111//4111 4116//4116
f 4106//4106 4116//4116 4105//4105
f 4105//4105 4116//4116 4114//4114
f 4105//4105 4114//4114 4104//4104
f 4104//4104 4114//4114 4113//4113
f 4104//4104 4113//4113 4103//4103
f 4120//4120 4121//4121 4112//4112
f 4122//4122 4123//4123 4121//4121
f 4121//4121 4120//4120 4122//4122
f 4122//4122 4120//4120 4124//4124
f 4122//4122 4124//4124 4125//4125
f 4125//4125 4124//4124 4126//4126
f 4125//4125 4126//4126 4127//4127
f 4118//4118 4119//4119 4128//4128
f 4112//4112 4115//4115 4120//4120
f 4120//4120 4115//4115 4117//4117
f 4120//4120 4117//4117 4124//4124
f 4124//4124 4117//4117 4118//4118
f 4124//4124 4118//4118 4126//4126
f 4126//4126 4118//4118 4128//4128
f 4126//4126 4128//4128 4127//4127
f 4127//4127 4128//4128 4129//4129
f 4130//4130 4131//4131 4132//4132
f 4132//4132 4131//4131 4133//4133
f 4134//4134 4132//4132 4135//4135
f 4135//4135 4132//4132 4133//4133
f 4135//4135 4133//4133 4136//4136
f 4130//4130 4137//4137 4138//4138
f 4138//4138 4137//4137 4139//4139
f 4138//4138 4139//4139 4140//4140
f 4130//4130 4132//4132 4137//4137
f 4137//4137 4132//4132 4134//4134
f 4137//4137 4134//4134 4139//4139
f 4139//4139 4134//4134 4141//4141
f 4139//4139 4141//4141 4142//4142
f 4142//4142 4141//4141 4143//4143
f 4142//4142 4143//4143 4144//4144
f 4140//4140 4139//4139 4145//4145
f 4145//4145 4139//4139 4142//4142
f 4145//4145 4142//4142 4146//4146
f 4146//4146 4142//4142 4144//4144
f 4146//4146 4144//4144 4147//4147
f 4148//4148 4149//4149 4051//4051
f 4051//4051 4149//4149 4150//4150
f 4051//4051 4150//4150 4052//4052
f 4052//4052 4150//4150 4151//4151
f 4052//4052 4151//4151 4076//4076
f 4051//4051 4059//4059 4148//4148
f 4148//4148 4059//4059 4060//4060
f 4148//4148 4060//4060 4152//4152
f 4152//4152 4060//4060 4061//4061
f 4152//4152 4061//4061 4153//4153
f 4154//4154 4155//4155 4156//4156
f 4157//4157 4158//4158 4159//4159
f 4160//4160 4161//4161 4162//4162
f 4162//4162 4161//4161 4156//4156
f 4162//4162 4156//4156 4163//4163
f 4163//4163 4156//4156 4155//4155
f 4163//4163 4155//4155 4164//4164
f 4157//4157 4159//4159 4164//4164
f 4165//4165 4166//4166 4167//4167
f 4073//4073 4168//4168 4071//4071
f 4071//4071 4168//4168 4167//4167
f 4071//4071 4167//4167 4069//4069
f 4076//4076 4151//4151 4169//4169
f 4150//4150 4149//4149 4170//4170
f 4170//4170 4149//4149 4148//4148
f 4170//4170 4148//4148 4171//4171
f 4171//4171 4148//4148 4152//4152
f 4171//4171 4152//4152 4172//4172
f 4172//4172 4152//4152 4153//4153
f 4069//4069 4167//4167 4067//4067
f 4067//4067 4167//4167 4166//4166
f 4067//4067 4166//4166 4062//4062
f 4164//4164 4159//4159 4163//4163
f 4163//4163 4159//4159 4165//4165
f 4163//4163 4165//4165 4162//4162
f 4162//4162 4165//4165 4167//4167
f 4162//4162 4167//4167 4160//4160
f 4160//4160 4167//4167 4168//4168
f 4160//4160 4168//4168 4169//4169
f 4169//4169 4168//4168 4073//4073
f 4169//4169 4073//4073 4076//4076
f 4151//4151 4150//4150 4169//4169
f 4169//4169 4150//4150 4170//4170
f 4169//4169 4170//4170 4160//4160
f 4160//4160 4170//4170 4171//4171
f 4160//4160 4171//4171 4161//4161
f 4161//4161 4171//4171 4172//4172
f 4161//4161 4172//4172 4156//4156
f 4156//4156 4172//4172 4153//4153
f 4156//4156 4153//4153 4154//4154
f 4173//4173 4062//4062 4166//4166
f 4174//4174 4175//4175 4176//4176
f 4177//4177 4178//4178 4179//4179
f 4180//4180 4181//4181 4182//4182
f 4177//4177 4179//4179 4183//4183
f 4181//4181 4184//4184 4183//4183
f 4175//4175 4174//4174 4182//4182
f 4182//4182 4174//4174 4185//4185
f 4182//4182 4185//4185 4180//4180
f 4173//4173 4166//4166 4186//4186
f 4187//4187 4188//4188 4189//4189
f 4189//4189 4188//4188 4190//4190
f 4189//4189 4190//4190 4191//4191
f 4191//4191 4190//4190 4192//4192
f 4191//4191 4192//4192 4193//4193
f 4190//4190 4194//4194 4192//4192
f 4192//4192 4194//4194 4165//4165
f 4192//4192 4165//4165 4159//4159
f 4195//4195 4196//4196 4180//4180
f 4180//4180 4196//4196 4197//4197
f 4180//4180 4197//4197 4181//4181
f 4181//4181 4197//4197 4198//4198
f 4181//4181 4198//4198 4184//4184
f 4179//4179 4199//4199 4200//4200
f 4200//4200 4199//4199 4201//4201
f 4200//4200 4201//4201 4202//4202
f 4202//4202 4201//4201 4203//4203
f 4202//4202 4203//4203 4204//4204
f 4183//4183 4179//4179 4181//4181
f 4181//4181 4179//4179 4200//4200
f 4181//4181 4200//4200 4182//4182
f 4182//4182 4200//4200 4202//4202
f 4182//4182 4202//4202 4175//4175
f 4175//4175 4202//4202 4204//4204
f 4175//4175 4204//4204 4176//4176
f 4188//4188 4205//4205 4190//4190
f 4190//4190 4205//4205 4186//4186
f 4190//4190 4186//4186 4194//4194
f 4194//4194 4186//4186 4166//4166
f 4194//4194 4166//4166 4165//4165
f 4176//4176 4187//4187 4174//4174
f 4174//4174 4187//4187 4189//4189
f 4174//4174 4189//4189 4185//4185
f 4185//4185 4189//4189 4191//4191
f 4185//4185 4191//4191 4180//4180
f 4180//4180 4191//4191 4193//4193
f 4180//4180 4193//4193 4195//4195
f 4195//4195 4193//4193 4192//4192
f 4195//4195 4192//4192 4206//4206
f 4206//4206 4192//4192 4159//4159
f 4206//4206 4159//4159 4158//4158
f 4207//4207 4208//4208 4209//4209
f 4210//4210 4211//4211 4212//4212
f 4207//4207 4209//4209 4213//4213
f 4214//4214 4215//4215 4216//4216
f 4216//4216 4215//4215 4217//4217
f 4216//4216 4217//4217 4218//4218
f 4218//4218 4217//4217 4219//4219
f 4218//4218 4219//4219 4220//4220
f 4220//4220 4219//4219 4221//4221
f 4221//4221 4219//4219 4222//4222
f 4221//4221 4222//4222 4223//4223
f 4223//4223 4222//4222 4224//4224
f 4224//4224 4222//4222 4225//4225
f 4224//4224 4225//4225 4226//4226
f 4226//4226 4225//4225 4227//4227
f 4226//4226 4227//4227 4228//4228
f 4228//4228 4227//4227 4229//4229
f 4228//4228 4229//4229 4230//4230
f 4230//4230 4229//4229 4231//4231
f 4231//4231 4229//4229 4232//4232
f 4231//4231 4232//4232 4233//4233
f 4233//4233 4232//4232 4234//4234
f 4234//4234 4232//4232 4235//4235
f 4234//4234 4235//4235 4236//4236
f 4236//4236 4235//4235 4237//4237
f 4236//4236 4237//4237 4238//4238
f 4238//4238 4237//4237 4239//4239
f 4239//4239 4237//4237 4240//4240
f 4239//4239 4240//4240 4241//4241
f 4241//4241 4240//4240 4179//4179
f 4241//4241 4179//4179 4178//4178
f 4242//4242 4203//4203 4201//4201
f 4201//4201 4243//4243 4242//4242
f 4242//4242 4243//4243 4244//4244
f 4242//4242 4244//4244 4245//4245
f 4245//4245 4244//4244 4246//4246
f 4245//4245 4246//4246 4247//4247
f 4247//4247 4246//4246 4248//4248
f 4247//4247 4248//4248 4249//4249
f 4249//4249 4248//4248 4250//4250
f 4249//4249 4250//4250 4251//4251
f 4251//4251 4250//4250 4252//4252
f 4251//4251 4252//4252 4253//4253
f 4253//4253 4252//4252 4254//4254
f 4253//4253 4254//4254 4255//4255
f 4255//4255 4254//4254 4256//4256
f 4255//4255 4256//4256 4257//4257
f 4257//4257 4256//4256 4258//4258
f 4257//4257 4258//4258 4259//4259
f 4259//4259 4258//4258 4260//4260
f 4259//4259 4260//4260 4261//4261
f 4261//4261 4260//4260 4209//4209
f 4261//4261 4209//4209 4212//4212
f 4212//4212 4209//4209 4208//4208
f 4212//4212 4208//4208 4210//4210
f 4215//4215 4262//4262 4217//4217
f 4217//4217 4262//4262 4263//4263
f 4217//4217 4263//4263 4219//4219
f 4219//4219 4263//4263 4264//4264
f 4219//4219 4264//4264 4222//4222
f 4222//4222 4264//4264 4265//4265
f 4222//4222 4265//4265 4225//4225
f 4225//4225 4265//4265 4266//4266
f 4225//4225 4266//4266 4227//4227
f 4227//4227 4266//4266 4267//4267
f 4227//4227 4267//4267 4229//4229
f 4229//4229 4267//4267 4268//4268
f 4229//4229 4268//4268 4232//4232
f 4232//4232 4268//4268 4269//4269
f 4232//4232 4269//4269 4235//4235
f 4235//4235 4269//4269 4270//4270
f 4235//4235 4270//4270 4237//4237
f 4237//4237 4270//4270 4271//4271
f 4237//4237 4271//4271 4240//4240
f 4240//4240 4271//4271 4272//4272
f 4240//4240 4272//4272 4179//4179
f 4179//4179 4272//4272 4199//4199
f 4201//4201 4199//4199 4243//4243
f 4243//4243 4199//4199 4272//4272
f 4243//4243 4272//4272 4244//4244
f 4244//4244 4272//4272 4271//4271
f 4244//4244 4271//4271 4246//4246
f 4246//4246 4271//4271 4270//4270
f 4246//4246 4270//4270 4248//4248
f 4248//4248 4270//4270 4269//4269
f 4248//4248 4269//4269 4250//4250
f 4250//4250 4269//4269 4268//4268
f 4250//4250 4268//4268 4252//4252
f 4252//4252 4268//4268 4267//4267
f 4252//4252 4267//4267 4254//4254
f 4254//4254 4267//4267 4266//4266
f 4254//4254 4266//4266 4256//4256
f 4256//4256 4266//4266 4265//4265
f 4256//4256 4265//4265 4258//4258
f 4258//4258 4265//4265 4264//4264
f 4258//4258 4264//4264 4260//4260
f 4260//4260 4264//4264 4263//4263
f 4260//4260 4263//4263 4209//4209
f 4209//4209 4263//4263 4262//4262
f 4209//4209 4262//4262 4213//4213
f 4213//4213 4262//4262 4215//4215
f 4213//4213 4215//4215 4273//4273
f 4273//4273 4215//4215 4214//4214
f 4273//4273 4214//4214 4274//4274
f 4275//4275 4276//4276 4277//4277
f 4278//4278 4279//4279 4280//4280
f 4281//4281 4278//4278 4276//4276
f 4278//4278 4280//4280 4276//4276
f 4276//4276 4280//4280 4282//4282
f 4276//4276 4282//4282 4277//4277
f 4283//4283 4284//4284 4285//4285
f 4285//4285 4284//4284 4286//4286
f 4285//4285 4286//4286 4287//4287
f 4288//4288 4211//4211 4289//4289
f 4289//4289 4211//4211 4210//4210
f 4289//4289 4210//4210 4290//4290
f 4290//4290 4210//4210 4208//4208
f 4290//4290 4208//4208 4291//4291
f 4291//4291 4208//4208 4207//4207
f 4273//4273 4274//4274 4292//4292
f 4292//4292 4274//4274 4293//4293
f 4294//4294 4279//4279 4295//4295
f 4295//4295 4279//4279 4278//4278
f 4295//4295 4278//4278 4296//4296
f 4296//4296 4278//4278 4281//4281
f 4296//4296 4281//4281 4297//4297
f 4297//4297 4281//4281 4292//4292
f 4297//4297 4292//4292 4298//4298
f 4298//4298 4292//4292 4293//4293
f 4090//4090 4282//4282 4299//4299
f 4299//4299 4282//4282 4280//4280
f 4299//4299 4280//4280 4300//4300
f 4300//4300 4280//4280 4279//4279
f 4300//4300 4279//4279 4301//4301
f 4301//4301 4279//4279 4294//4294
f 4283//4283 4288//4288 4284//4284
f 4284//4284 4288//4288 4289//4289
f 4284//4284 4289//4289 4286//4286
f 4286//4286 4289//4289 4290//4290
f 4286//4286 4290//4290 4302//4302
f 4302//4302 4290//4290 4291//4291
f 4302//4302 4291//4291 4303//4303
f 4303//4303 4291//4291 4207//4207
f 4303//4303 4207//4207 4213//4213
f 4277//4277 4287//4287 4275//4275
f 4275//4275 4287//4287 4286//4286
f 4275//4275 4286//4286 4276//4276
f 4276//4276 4286//4286 4302//4302
f 4276//4276 4302//4302 4281//4281
f 4281//4281 4302//4302 4303//4303
f 4281//4281 4303//4303 4292//4292
f 4292//4292 4303//4303 4213//4213
f 4292//4292 4213//4213 4273//4273
f 4304//4304 4305//4305 4306//4306
f 4080//4080 4078//4078 4307//4307
f 4090//4090 4299//4299 4087//4087
f 4087//4087 4299//4299 4308//4308
f 4299//4299 4300//4300 4308//4308
f 4308//4308 4300//4300 4309//4309
f 4308//4308 4309//4309 4310//4310
f 4310//4310 4309//4309 4311//4311
f 4310//4310 4311//4311 4307//4307
f 4312//4312 4305//4305 4313//4313
f 4313//4313 4305//4305 4304//4304
f 4313//4313 4304//4304 4314//4314
f 4314//4314 4304//4304 4315//4315
f 4314//4314 4315//4315 4316//4316
f 4083//4083 4082//4082 4317//4317
f 4317//4317 4082//4082 4318//4318
f 4317//4317 4318//4318 4319//4319
f 4319//4319 4318//4318 4320//4320
f 4082//4082 4321//4321 4318//4318
f 4318//4318 4321//4321 4306//4306
f 4318//4318 4306//4306 4320//4320
f 4320//4320 4306//4306 4305//4305
f 4320//4320 4305//4305 4322//4322
f 4322//4322 4305//4305 4312//4312
f 4322//4322 4312//4312 4323//4323
f 4307//4307 4078//4078 4310//4310
f 4310//4310 4078//4078 4077//4077
f 4310//4310 4077//4077 4308//4308
f 4308//4308 4077//4077 4086//4086
f 4308//4308 4086//4086 4087//4087
f 4301//4301 4316//4316 4300//4300
f 4300//4300 4316//4316 4315//4315
f 4300//4300 4315//4315 4309//4309
f 4309//4309 4315//4315 4304//4304
f 4309//4309 4304//4304 4311//4311
f 4311//4311 4304//4304 4306//4306
f 4311//4311 4306//4306 4307//4307
f 4307//4307 4306//4306 4321//4321
f 4307//4307 4321//4321 4080//4080
f 4080//4080 4321//4321 4082//4082
f 4021//4021 4020//4020 4083//4083
f 4083//4083 4317//4317 4021//4021
f 4021//4021 4317//4317 4319//4319
f 4021//4021 4319//4319 4032//4032
f 4319//4319 4320//4320 4032//4032
f 4032//4032 4320//4320 4322//4322
f 4032//4032 4322//4322 4033//4033
f 4033//4033 4322//4322 4323//4323
f 4033//4033 4323//4323 4034//4034
f 4324//4324 4325//4325 3908//3908
f 3908//3908 4325//4325 3909//3909
f 4326//4326 4327//4327 4328//4328
f 3921//3921 3909//3909 4328//4328
f 4328//4328 3909//3909 4325//4325
f 4328//4328 4325//4325 4326//4326
f 4326//4326 4325//4325 4324//4324
f 4326//4326 4324//4324 4329//4329
f 3947//3947 3954//3954 4330//4330
f 3948//3948 3947//3947 4331//4331
f 4331//4331 3947//3947 4330//4330
f 4331//4331 4330//4330 3938//3938
f 3938//3938 4330//4330 3936//3936
f 3954//3954 3953//3953 4330//4330
f 4330//4330 3953//3953 4332//4332
f 4330//4330 4332//4332 3936//3936
f 3936//3936 4332//4332 4333//4333
f 3936//3936 4333//4333 3941//3941
f 4334//4334 3996//3996 3997//3997
f 4335//4335 3997//3997 4336//4336
f 4336//4336 3997//3997 3998//3998
f 4336//4336 3998//3998 3999//3999
f 3975//3975 3977//3977 4337//4337
f 4334//4334 3997//3997 4337//4337
f 4337//4337 3997//3997 4335//4335
f 4337//4337 4335//4335 3975//3975
f 3975//3975 4335//4335 4336//4336
f 3975//3975 4336//4336 3980//3980
f 4338//4338 4339//4339 4340//4340
f 4340//4340 4339//4339 4341//4341
f 4340//4340 4341//4341 4342//4342
f 4342//4342 4341//4341 4343//4343
f 4344//4344 4338//4338 4345//4345
f 4345//4345 4338//4338 4340//4340
f 4345//4345 4340//4340 4346//4346
f 4346//4346 4340//4340 4342//4342
f 4347//4347 4348//4348 4349//4349
f 4349//4349 4348//4348 4350//4350
f 4349//4349 4350//4350 4351//4351
f 4351//4351 4350//4350 4352//4352
f 4351//4351 4352//4352 4353//4353
f 4346//4346 4347//4347 4345//4345
f 4345//4345 4347//4347 4349//4349
f 4345//4345 4349//4349 4344//4344
f 4344//4344 4349//4349 4351//4351
f 4344//4344 4351//4351 4354//4354
f 4354//4354 4351//4351 4353//4353
f 4354//4354 4353//4353 4355//4355
f 4356//4356 4015//4015 4014//4014
f 4357//4357 4358//4358 4359//4359
f 4359//4359 4358//4358 4356//4356
f 4359//4359 4356//4356 4360//4360
f 4360//4360 4356//4356 4014//4014
f 4019//4019 4015//4015 4361//4361
f 4361//4361 4015//4015 4356//4356
f 4361//4361 4356//4356 4362//4362
f 4362//4362 4356//4356 4358//4358
f 4363//4363 4364//4364 4042//4042
f 4054//4054 4365//4365 4055//4055
f 4055//4055 4365//4365 4366//4366
f 4042//4042 4364//4364 4053//4053
f 4364//4364 4367//4367 4053//4053
f 4053//4053 4367//4367 4368//4368
f 4053//4053 4368//4368 4054//4054
f 4054//4054 4368//4368 4369//4369
f 4054//4054 4369//4369 4365//4365
f 4041//4041 4370//4370 4042//4042
f 4042//4042 4370//4370 4371//4371
f 4042//4042 4371//4371 4363//4363
f 4066//4066 4065//4065 4372//4372
f 4372//4372 4065//4065 4064//4064
f 4372//4372 4064//4064 4063//4063
f 4372//4372 4373//4373 4066//4066
f 4066//4066 4373//4373 4374//4374
f 4066//4066 4374//4374 4068//4068
f 4068//4068 4374//4374 4375//4375
f 4068//4068 4375//4375 4070//4070
f 4070//4070 4375//4375 4376//4376
f 4070//4070 4376//4376 4072//4072
f 4377//4377 4378//4378 4379//4379
f 4379//4379 4378//4378 4380//4380
f 4379//4379 4380//4380 4381//4381
f 4381//4381 4380//4380 4382//4382
f 4381//4381 4382//4382 4383//4383
f 4384//4384 4385//4385 4383//4383
f 4382//4382 4364//4364 4363//4363
f 4383//4383 4382//4382 4384//4384
f 4384//4384 4382//4382 4363//4363
f 4384//4384 4363//4363 4371//4371
f 4364//4364 4382//4382 4367//4367
f 4367//4367 4382//4382 4380//4380
f 4367//4367 4380//4380 4368//4368
f 4368//4368 4380//4380 4369//4369
f 4369//4369 4380//4380 4378//4378
f 4369//4369 4378//4378 4365//4365
f 4377//4377 4386//4386 4378//4378
f 4378//4378 4386//4386 4387//4387
f 4378//4378 4387//4387 4365//4365
f 4365//4365 4387//4387 4366//4366
f 4041//4041 4050//4050 4052//4052
f 4370//4370 4041//4041 4388//4388
f 4388//4388 4041//4041 4052//4052
f 4388//4388 4052//4052 4075//4075
f 4075//4075 4052//4052 4076//4076
f 4389//4389 4390//4390 4391//4391
f 4383//4383 4385//4385 4390//4390
f 4390//4390 4389//4389 4383//4383
f 4383//4383 4389//4389 4392//4392
f 4383//4383 4392//4392 4381//4381
f 4381//4381 4392//4392 4393//4393
f 4381//4381 4393//4393 4379//4379
f 4394//4394 4395//4395 4396//4396
f 4391//4391 4397//4397 4389//4389
f 4389//4389 4397//4397 4398//4398
f 4389//4389 4398//4398 4392//4392
f 4392//4392 4398//4398 4394//4394
f 4392//4392 4394//4394 4393//4393
f 4393//4393 4394//4394 4396//4396
f 4393//4393 4396//4396 4379//4379
f 4379//4379 4396//4396 4377//4377
f 4399//4399 4400//4400 4401//4401
f 4399//4399 4401//4401 4402//4402
f 4403//4403 4404//4404 4405//4405
f 4404//4404 4403//4403 4406//4406
f 4406//4406 4403//4403 4326//4326
f 4406//4406 4326//4326 4329//4329
f 4405//4405 4402//4402 4403//4403
f 4403//4403 4402//4402 4401//4401
f 4403//4403 4401//4401 4326//4326
f 4326//4326 4401//4401 4327//4327
f 4407//4407 4408//4408 4409//4409
f 4409//4409 4408//4408 4410//4410
f 4409//4409 4410//4410 4411//4411
f 4034//4034 4410//4410 4035//4035
f 4035//4035 4410//4410 4408//4408
f 4035//4035 4408//4408 4036//4036
f 4036//4036 4408//4408 4407//4407
f 4036//4036 4407//4407 4037//4037
f 4037//4037 4407//4407 4412//4412
f 4037//4037 4412//4412 4040//4040
f 4413//4413 4414//4414 4415//4415
f 4415//4415 4414//4414 4416//4416
f 4415//4415 4416//4416 4417//4417
f 4417//4417 4416//4416 4418//4418
f 4056//4056 4055//4055 4419//4419
f 4419//4419 4420//4420 4056//4056
f 4056//4056 4420//4420 4418//4418
f 4056//4056 4418//4418 4057//4057
f 4057//4057 4418//4418 4416//4416
f 4057//4057 4416//4416 4058//4058
f 4058//4058 4416//4416 4414//4414
f 4058//4058 4414//4414 4061//4061
f 4421//4421 4422//4422 4423//4423
f 4424//4424 4425//4425 4426//4426
f 4426//4426 4425//4425 4427//4427
f 4426//4426 4427//4427 4421//4421
f 4421//4421 4423//4423 4426//4426
f 4426//4426 4423//4423 4362//4362
f 4426//4426 4362//4362 4358//4358
f 4358//4358 4357//4357 4426//4426
f 4426//4426 4357//4357 4428//4428
f 4426//4426 4428//4428 4424//4424
f 4424//4424 4428//4428 4429//4429
f 4430//4430 4431//4431 4432//4432
f 4432//4432 4431//4431 3977//3977
f 4433//4433 4434//4434 4430//4430
f 4430//4430 4432//4432 4433//4433
f 4433//4433 4432//4432 4435//4435
f 4433//4433 4435//4435 4436//4436
f 4436//4436 4435//4435 4437//4437
f 4437//4437 4435//4435 4438//4438
f 4437//4437 4438//4438 4439//4439
f 3967//3967 3966//3966 4440//4440
f 3977//3977 3978//3978 4432//4432
f 4432//4432 3978//3978 3979//3979
f 4432//4432 3979//3979 4435//4435
f 4435//4435 3979//3979 3967//3967
f 4435//4435 3967//3967 4438//4438
f 4438//4438 3967//3967 4440//4440
f 4438//4438 4440//4440 4439//4439
f 4439//4439 4440//4440 4441//4441
f 4442//4442 4443//4443 3970//3970
f 3970//3970 4443//4443 3968//3968
f 4442//4442 3970//3970 4444//4444
f 4444//4444 3970//3970 3972//3972
f 4444//4444 3972//3972 4445//4445
f 4445//4445 3972//3972 3974//3974
f 4445//4445 3974//3974 4446//4446
f 4446//4446 3974//3974 3980//3980
f 4446//4446 3980//3980 4447//4447
f 4448//4448 4449//4449 3938//3938
f 3938//3938 3939//3939 4448//4448
f 4448//4448 3939//3939 3940//3940
f 4448//4448 3940//3940 4450//4450
f 4450//4450 3940//3940 3928//3928
f 4450//4450 3928//3928 4451//4451
f 4451//4451 3928//3928 3927//3927
f 4451//4451 3927//3927 4452//4452
f 4453//4453 4454//4454 4455//4455
f 3935//3935 3941//3941 4454//4454
f 4454//4454 4453//4453 3935//3935
f 3935//3935 4453//4453 4456//4456
f 3935//3935 4456//4456 3933//3933
f 4457//4457 4458//4458 3931//3931
f 3931//3931 4458//4458 3929//3929
f 4459//4459 4460//4460 4457//4457
f 4457//4457 4460//4460 4461//4461
f 4457//4457 4461//4461 4458//4458
f 4458//4458 4461//4461 4462//4462
f 4458//4458 4462//4462 4463//4463
f 3931//3931 3933//3933 4457//4457
f 4457//4457 3933//3933 4456//4456
f 4457//4457 4456//4456 4459//4459
f 4459//4459 4456//4456 4453//4453
f 4459//4459 4453//4453 4464//4464
f 4464//4464 4453//4453 4455//4455
f 4464//4464 4455//4455 4465//4465
f 4063//4063 4466//4466 4372//4372
f 4372//4372 4466//4466 4467//4467
f 4203//4203 4468//4468 4204//4204
f 4204//4204 4468//4468 4469//4469
f 4204//4204 4469//4469 4176//4176
f 4176//4176 4469//4469 4187//4187
f 4187//4187 4469//4469 4470//4470
f 4187//4187 4470//4470 4188//4188
f 4188//4188 4470//4470 4205//4205
f 4205//4205 4470//4470 4471//4471
f 4205//4205 4471//4471 4186//4186
f 4471//4471 4466//4466 4063//4063
f 4186//4186 4471//4471 4173//4173
f 4173//4173 4471//4471 4063//4063
f 4173//4173 4063//4063 4062//4062
f 4212//4212 4211//4211 4472//4472
f 4468//4468 4247//4247 4249//4249
f 4203//4203 4242//4242 4468//4468
f 4468//4468 4242//4242 4245//4245
f 4468//4468 4245//4245 4247//4247
f 4257//4257 4259//4259 4472//4472
f 4472//4472 4259//4259 4261//4261
f 4472//4472 4261//4261 4212//4212
f 4249//4249 4251//4251 4468//4468
f 4468//4468 4251//4251 4253//4253
f 4468//4468 4253//4253 4472//4472
f 4472//4472 4253//4253 4255//4255
f 4472//4472 4255//4255 4257//4257
f 4473//4473 4474//4474 4094//4094
f 4094//4094 4474//4474 4282//4282
f 4094//4094 4282//4282 4090//4090
f 4283//4283 4285//4285 4474//4474
f 4285//4285 4287//4287 4474//4474
f 4474//4474 4287//4287 4277//4277
f 4474//4474 4277//4277 4282//4282
f 4474//4474 4475//4475 4283//4283
f 4283//4283 4475//4475 4476//4476
f 4283//4283 4476//4476 4288//4288
f 4288//4288 4476//4476 4472//4472
f 4288//4288 4472//4472 4211//4211
f 4100//4100 4477//4477 4094//4094
f 4094//4094 4477//4477 4473//4473
f 4478//4478 4479//4479 4480//4480
f 4481//4481 4482//4482 4483//4483
f 4123//4123 4122//4122 4484//4484
f 4123//4123 4484//4484 4485//4485
f 4485//4485 4484//4484 4486//4486
f 4485//4485 4486//4486 4487//4487
f 4487//4487 4486//4486 4483//4483
f 4487//4487 4483//4483 4488//4488
f 4488//4488 4483//4483 4482//4482
f 4488//4488 4482//4482 4489//4489
f 4490//4490 4491//4491 4492//4492
f 4492//4492 4491//4491 4493//4493
f 4492//4492 4493//4493 4494//4494
f 4494//4494 4493//4493 4495//4495
f 4495//4495 4493//4493 4496//4496
f 4495//4495 4496//4496 4497//4497
f 4497//4497 4496//4496 4498//4498
f 4497//4497 4498//4498 4499//4499
f 4499//4499 4498//4498 4127//4127
f 4499//4499 4127//4127 4129//4129
f 4122//4122 4125//4125 4484//4484
f 4484//4484 4125//4125 4500//4500
f 4484//4484 4500//4500 4486//4486
f 4486//4486 4500//4500 4501//4501
f 4486//4486 4501//4501 4483//4483
f 4483//4483 4501//4501 4480//4480
f 4483//4483 4480//4480 4481//4481
f 4481//4481 4480//4480 4479//4479
f 4125//4125 4127//4127 4500//4500
f 4500//4500 4127//4127 4498//4498
f 4500//4500 4498//4498 4501//4501
f 4501//4501 4498//4498 4496//4496
f 4501//4501 4496//4496 4480//4480
f 4480//4480 4496//4496 4493//4493
f 4480//4480 4493//4493 4478//4478
f 4478//4478 4493//4493 4491//4491
f 4119//4119 4502//4502 4128//4128
f 4128//4128 4502//4502 4503//4503
f 4128//4128 4503//4503 4129//4129
f 4129//4129 4503//4503 4504//4504
f 4096//4096 4084//4084 4079//4079
f 4108//4108 4505//4505 4081//4081
f 4081//4081 4505//4505 4506//4506
f 4507//4507 4508//4508 4509//4509
f 4509//4509 4508//4508 4510//4510
f 4509//4509 4510//4510 4506//4506
f 4506//4506 4510//4510 4096//4096
f 4506//4506 4096//4096 4081//4081
f 4081//4081 4096//4096 4079//4079
f 4098//4098 4099//4099 4511//4511
f 4095//4095 4097//4097 4512//4512
f 4506//4506 4513//4513 4514//4514
f 4506//4506 4514//4514 4509//4509
f 4509//4509 4514//4514 4515//4515
f 4509//4509 4515//4515 4507//4507
f 4507//4507 4515//4515 4516//4516
f 4507//4507 4516//4516 4508//4508
f 4508//4508 4516//4516 4512//4512
f 4508//4508 4512//4512 4510//4510
f 4510//4510 4512//4512 4097//4097
f 4510//4510 4097//4097 4096//4096
f 4517//4517 4100//4100 4101//4101
f 4101//4101 4518//4518 4517//4517
f 4517//4517 4518//4518 4519//4519
f 4517//4517 4519//4519 4520//4520
f 4520//4520 4519//4519 4521//4521
f 4521//4521 4519//4519 4522//4522
f 4521//4521 4522//4522 4523//4523
f 4523//4523 4522//4522 4524//4524
f 4523//4523 4524//4524 4525//4525
f 4525//4525 4524//4524 4526//4526
f 4525//4525 4526//4526 4527//4527
f 4513//4513 4528//4528 4514//4514
f 4514//4514 4528//4528 4529//4529
f 4514//4514 4529//4529 4515//4515
f 4515//4515 4529//4529 4530//4530
f 4515//4515 4530//4530 4516//4516
f 4516//4516 4530//4530 4531//4531
f 4516//4516 4531//4531 4512//4512
f 4512//4512 4531//4531 4511//4511
f 4512//4512 4511//4511 4095//4095
f 4095//4095 4511//4511 4099//4099
f 4528//4528 4526//4526 4529//4529
f 4529//4529 4526//4526 4524//4524
f 4529//4529 4524//4524 4530//4530
f 4530//4530 4524//4524 4522//4522
f 4530//4530 4522//4522 4531//4531
f 4531//4531 4522//4522 4519//4519
f 4531//4531 4519//4519 4511//4511
f 4511//4511 4519//4519 4518//4518
f 4511//4511 4518//4518 4098//4098
f 4098//4098 4518//4518 4101//4101
f 4040//4040 4412//4412 4532//4532
f 4040//4040 4532//4532 4107//4107
f 4532//4532 4533//4533 4107//4107
f 4107//4107 4533//4533 4534//4534
f 4107//4107 4534//4534 4535//4535
f 4502//4502 4119//4119 4536//4536
f 4536//4536 4119//4119 4110//4110
f 4536//4536 4110//4110 4537//4537
f 4537//4537 4110//4110 4109//4109
f 4537//4537 4109//4109 4538//4538
f 4538//4538 4109//4109 4107//4107
f 4538//4538 4107//4107 4539//4539
f 4539//4539 4107//4107 4535//4535
f 4539//4539 4535//4535 4540//4540
f 4540//4540 4541//4541 4539//4539
f 4539//4539 4541//4541 4542//4542
f 4539//4539 4542//4542 4543//4543
f 4543//4543 4542//4542 4544//4544
f 4543//4543 4544//4544 4545//4545
f 4546//4546 4547//4547 4548//4548
f 4548//4548 4547//4547 4545//4545
f 4548//4548 4545//4545 4549//4549
f 4549//4549 4545//4545 4544//4544
f 4546//4546 4550//4550 4547//4547
f 4547//4547 4550//4550 4551//4551
f 4547//4547 4551//4551 4329//4329
f 4551//4551 4552//4552 4329//4329
f 4329//4329 4552//4552 4553//4553
f 4329//4329 4553//4553 4406//4406
f 4406//4406 4553//4553 4404//4404
f 4505//4505 4554//4554 4555//4555
f 4112//4112 4121//4121 4556//4556
f 4556//4556 4121//4121 4123//4123
f 4554//4554 4505//4505 4557//4557
f 4557//4557 4505//4505 4108//4108
f 4557//4557 4108//4108 4558//4558
f 4112//4112 4556//4556 4113//4113
f 4113//4113 4556//4556 4559//4559
f 4113//4113 4559//4559 4560//4560
f 4103//4103 4113//4113 4102//4102
f 4102//4102 4113//4113 4560//4560
f 4102//4102 4560//4560 4108//4108
f 4108//4108 4560//4560 4561//4561
f 4108//4108 4561//4561 4558//4558
f 4555//4555 4562//4562 4505//4505
f 4505//4505 4562//4562 4563//4563
f 4505//4505 4563//4563 4489//4489
f 4489//4489 4563//4563 4564//4564
f 4489//4489 4564//4564 4488//4488
f 4488//4488 4564//4564 4565//4565
f 4488//4488 4565//4565 4487//4487
f 4487//4487 4565//4565 4556//4556
f 4487//4487 4556//4556 4485//4485
f 4485//4485 4556//4556 4123//4123
f 4566//4566 4567//4567 4568//4568
f 4569//4569 4570//4570 4571//4571
f 4566//4566 4568//4568 4572//4572
f 4572//4572 4568//4568 4573//4573
f 4572//4572 4573//4573 4574//4574
f 4574//4574 4573//4573 4569//4569
f 4574//4574 4569//4569 4575//4575
f 4575//4575 4569//4569 4571//4571
f 4575//4575 4571//4571 4576//4576
f 4577//4577 4578//4578 4579//4579
f 4579//4579 4578//4578 4580//4580
f 4580//4580 4581//4581 4579//4579
f 4579//4579 4581//4581 4582//4582
f 4579//4579 4582//4582 3948//3948
f 4566//4566 4547//4547 4329//4329
f 4566//4566 4329//4329 4567//4567
f 4567//4567 4329//4329 4324//4324
f 4567//4567 4324//4324 4577//4577
f 4577//4577 4324//4324 3908//3908
f 4577//4577 3908//3908 4578//4578
f 4449//4449 4583//4583 4584//4584
f 4584//4584 4583//4583 4585//4585
f 4584//4584 4585//4585 4586//4586
f 3938//3938 4449//4449 4136//4136
f 4136//4136 4449//4449 4584//4584
f 4136//4136 4584//4584 4587//4587
f 4587//4587 4584//4584 4586//4586
f 4587//4587 4586//4586 4588//4588
f 3938//3938 4136//4136 4331//4331
f 4331//4331 4136//4136 4133//4133
f 4331//4331 4133//4133 3948//3948
f 3948//3948 4133//4133 4131//4131
f 3948//3948 4131//4131 4579//4579
f 4589//4589 4590//4590 4591//4591
f 4592//4592 4593//4593 4594//4594
f 4594//4594 4593//4593 4595//4595
f 4594//4594 4595//4595 4596//4596
f 4596//4596 4595//4595 4597//4597
f 4596//4596 4597//4597 4589//4589
f 4589//4589 4597//4597 4598//4598
f 4589//4589 4598//4598 4590//4590
f 4599//4599 4587//4587 4600//4600
f 4600//4600 4587//4587 4588//4588
f 4600//4600 4588//4588 4601//4601
f 4601//4601 4588//4588 4586//4586
f 4601//4601 4586//4586 4602//4602
f 4602//4602 4586//4586 4585//4585
f 4602//4602 4585//4585 4603//4603
f 4603//4603 4585//4585 4583//4583
f 4450//4450 4603//4603 4448//4448
f 4448//4448 4603//4603 4583//4583
f 4448//4448 4583//4583 4449//4449
f 4599//4599 4600//4600 4604//4604
f 4604//4604 4600//4600 4601//4601
f 4604//4604 4601//4601 4605//4605
f 4605//4605 4601//4601 4602//4602
f 4605//4605 4602//4602 4606//4606
f 4606//4606 4602//4602 4603//4603
f 4606//4606 4603//4603 4607//4607
f 4607//4607 4603//4603 4450//4450
f 4607//4607 4450//4450 4451//4451
f 4451//4451 4608//4608 4607//4607
f 4607//4607 4608//4608 4609//4609
f 4607//4607 4609//4609 4606//4606
f 4606//4606 4609//4609 4610//4610
f 4606//4606 4610//4610 4605//4605
f 4605//4605 4610//4610 4611//4611
f 4605//4605 4611//4611 4604//4604
f 4604//4604 4611//4611 4612//4612
f 4604//4604 4612//4612 4599//4599
f 4452//4452 4593//4593 4451//4451
f 4451//4451 4593//4593 4592//4592
f 4451//4451 4592//4592 4608//4608
f 4608//4608 4592//4592 4594//4594
f 4608//4608 4594//4594 4609//4609
f 4609//4609 4594//4594 4596//4596
f 4609//4609 4596//4596 4610//4610
f 4610//4610 4596//4596 4589//4589
f 4610//4610 4589//4589 4611//4611
f 4611//4611 4589//4589 4591//4591
f 4611//4611 4591//4591 4612//4612
f 4613//4613 4614//4614 4615//4615
f 4616//4616 4617//4617 4618//4618
f 4619//4619 4620//4620 4621//4621
f 4619//4619 4621//4621 4622//4622
f 4621//4621 4623//4623 4624//4624
f 4463//4463 4462//4462 4625//4625
f 4461//4461 4460//4460 4626//4626
f 4626//4626 4460//4460 4459//4459
f 4626//4626 4459//4459 4627//4627
f 4627//4627 4459//4459 4464//4464
f 4627//4627 4464//4464 4628//4628
f 4628//4628 4464//4464 4465//4465
f 4628//4628 4465//4465 4629//4629
f 4623//4623 4613//4613 4624//4624
f 4624//4624 4613//4613 4615//4615
f 4624//4624 4615//4615 4630//4630
f 4630//4630 4615//4615 4631//4631
f 4630//4630 4631//4631 4632//4632
f 4633//4633 4622//4622 4634//4634
f 4634//4634 4622//4622 4621//4621
f 4634//4634 4621//4621 4617//4617
f 4617//4617 4621//4621 4618//4618
f 4618//4618 4621//4621 4624//4624
f 4618//4618 4624//4624 4616//4616
f 4616//4616 4624//4624 4630//4630
f 4616//4616 4630//4630 4625//4625
f 4625//4625 4630//4630 4632//4632
f 4625//4625 4632//4632 4463//4463
f 4462//4462 4461//4461 4625//4625
f 4625//4625 4461//4461 4626//4626
f 4625//4625 4626//4626 4616//4616
f 4616//4616 4626//4626 4627//4627
f 4616//4616 4627//4627 4617//4617
f 4617//4617 4627//4627 4628//4628
f 4617//4617 4628//4628 4634//4634
f 4634//4634 4628//4628 4629//4629
f 4634//4634 4629//4629 4633//4633
f 4635//4635 4636//4636 4239//4239
f 4153//4153 4061//4061 4414//4414
f 4414//4414 4413//4413 4153//4153
f 4153//4153 4413//4413 4637//4637
f 4153//4153 4637//4637 4429//4429
f 4196//4196 4195//4195 4428//4428
f 4360//4360 4014//4014 4638//4638
f 4183//4183 4184//4184 4359//4359
f 4359//4359 4184//4184 4357//4357
f 4357//4357 4184//4184 4198//4198
f 4357//4357 4198//4198 4428//4428
f 4428//4428 4198//4198 4197//4197
f 4428//4428 4197//4197 4196//4196
f 4429//4429 4428//4428 4153//4153
f 4153//4153 4428//4428 4639//4639
f 4153//4153 4639//4639 4154//4154
f 4154//4154 4639//4639 4155//4155
f 4164//4164 4155//4155 4157//4157
f 4157//4157 4155//4155 4639//4639
f 4157//4157 4639//4639 4158//4158
f 4158//4158 4639//4639 4428//4428
f 4158//4158 4428//4428 4206//4206
f 4206//4206 4428//4428 4195//4195
f 4359//4359 4360//4360 4183//4183
f 4183//4183 4360//4360 4638//4638
f 4183//4183 4638//4638 4177//4177
f 4177//4177 4638//4638 4640//4640
f 4177//4177 4640//4640 4178//4178
f 4635//4635 4239//4239 4641//4641
f 4178//4178 4640//4640 4241//4241
f 4241//4241 4640//4640 4642//4642
f 4241//4241 4642//4642 4239//4239
f 4239//4239 4642//4642 4643//4643
f 4239//4239 4643//4643 4641//4641
f 4644//4644 4645//4645 4646//4646
f 4430//4430 4434//4434 4647//4647
f 4434//4434 4648//4648 4647//4647
f 4647//4647 4648//4648 4649//4649
f 4647//4647 4649//4649 4650//4650
f 4651//4651 4636//4636 4652//4652
f 4652//4652 4636//4636 4646//4646
f 4652//4652 4646//4646 4653//4653
f 4653//4653 4646//4646 4645//4645
f 4234//4234 4236//4236 4651//4651
f 4651//4651 4236//4236 4636//4636
f 4636//4636 4236//4236 4238//4238
f 4636//4636 4238//4238 4239//4239
f 4651//4651 4654//4654 4234//4234
f 4234//4234 4654//4654 4655//4655
f 4234//4234 4655//4655 4233//4233
f 4233//4233 4655//4655 4656//4656
f 4233//4233 4656//4656 4231//4231
f 4231//4231 4656//4656 4657//4657
f 4231//4231 4657//4657 4230//4230
f 4230//4230 4657//4657 4658//4658
f 4230//4230 4658//4658 4228//4228
f 4228//4228 4658//4658 4659//4659
f 4228//4228 4659//4659 4226//4226
f 4226//4226 4659//4659 4660//4660
f 4226//4226 4660//4660 4224//4224
f 4224//4224 4660//4660 4661//4661
f 4224//4224 4661//4661 4223//4223
f 4223//4223 4661//4661 4662//4662
f 4223//4223 4662//4662 4221//4221
f 4221//4221 4662//4662 4663//4663
f 4221//4221 4663//4663 4664//4664
f 4665//4665 4666//4666 4667//4667
f 4667//4667 4666//4666 4668//4668
f 4667//4667 4668//4668 4669//4669
f 4455//4455 4670//4670 4465//4465
f 4465//4465 4670//4670 4633//4633
f 4465//4465 4633//4633 4629//4629
f 4622//4622 4633//4633 4619//4619
f 4619//4619 4633//4633 4670//4670
f 4619//4619 4670//4670 4620//4620
f 4620//4620 4670//4670 4455//4455
f 4620//4620 4455//4455 4671//4671
f 4671//4671 4455//4455 4672//4672
f 4673//4673 4221//4221 4665//4665
f 4665//4665 4221//4221 4664//4664
f 4665//4665 4664//4664 4666//4666
f 4216//4216 4218//4218 4673//4673
f 4673//4673 4218//4218 4220//4220
f 4673//4673 4220//4220 4221//4221
f 4673//4673 4674//4674 4216//4216
f 4216//4216 4674//4674 4675//4675
f 4216//4216 4675//4675 4676//4676
f 4676//4676 4677//4677 4216//4216
f 4216//4216 4677//4677 4678//4678
f 4216//4216 4678//4678 4214//4214
f 4214//4214 4678//4678 4679//4679
f 4214//4214 4679//4679 4274//4274
f 4274//4274 4679//4679 4293//4293
f 4680//4680 4323//4323 4312//4312
f 4316//4316 4301//4301 4314//4314
f 4314//4314 4301//4301 4680//4680
f 4314//4314 4680//4680 4313//4313
f 4313//4313 4680//4680 4312//4312
f 4401//4401 4294//4294 4295//4295
f 4295//4295 4296//4296 4401//4401
f 4401//4401 4296//4296 4297//4297
f 4401//4401 4297//4297 4327//4327
f 4327//4327 4297//4297 4298//4298
f 4327//4327 4298//4298 4328//4328
f 4328//4328 4298//4298 4293//4293
f 4328//4328 4293//4293 3921//3921
f 3921//3921 4293//4293 4679//4679
f 4301//4301 4294//4294 4680//4680
f 4680//4680 4294//4294 4401//4401
f 4680//4680 4401//4401 4323//4323
f 4323//4323 4401//4401 4400//4400
f 4323//4323 4400//4400 4681//4681
f 4681//4681 4411//4411 4323//4323
f 4323//4323 4411//4411 4410//4410
f 4323//4323 4410//4410 4034//4034
f 4332//4332 3953//3953 4682//4682
f 4454//4454 3941//3941 4333//4333
f 4669//4669 4672//4672 4667//4667
f 4667//4667 4672//4672 4455//4455
f 4667//4667 4455//4455 4683//4683
f 4683//4683 4455//4455 4684//4684
f 4333//4333 4332//4332 4454//4454
f 4454//4454 4332//4332 4682//4682
f 4454//4454 4682//4682 4455//4455
f 4455//4455 4682//4682 4685//4685
f 4455//4455 4685//4685 4684//4684
f 4686//4686 4687//4687 4430//4430
f 4650//4650 4688//4688 4647//4647
f 4647//4647 4688//4688 4644//4644
f 4647//4647 4644//4644 4430//4430
f 4430//4430 4644//4644 4646//4646
f 4430//4430 4646//4646 4686//4686
f 4687//4687 4689//4689 4430//4430
f 4430//4430 4689//4689 4690//4690
f 4430//4430 4690//4690 4431//4431
f 4431//4431 4690//4690 4691//4691
f 4431//4431 4691//4691 3977//3977
f 3996//3996 4334//4334 4691//4691
f 4691//4691 4334//4334 4337//4337
f 4691//4691 4337//4337 3977//3977
f 4439//4439 4441//4441 4692//4692
f 4434//4434 4433//4433 4648//4648
f 4648//4648 4433//4433 4693//4693
f 4648//4648 4693//4693 4649//4649
f 4649//4649 4693//4693 4694//4694
f 4649//4649 4694//4694 4650//4650
f 4436//4436 4437//4437 4695//4695
f 4436//4436 4695//4695 4696//4696
f 4695//4695 4697//4697 4696//4696
f 4696//4696 4697//4697 4698//4698
f 4696//4696 4698//4698 4699//4699
f 4699//4699 4698//4698 4700//4700
f 4699//4699 4700//4700 4701//4701
f 4701//4701 4700//4700 4702//4702
f 4701//4701 4702//4702 4703//4703
f 4703//4703 4702//4702 4704//4704
f 4650//4650 4694//4694 4688//4688
f 4688//4688 4694//4694 4705//4705
f 4688//4688 4705//4705 4644//4644
f 4437//4437 4439//4439 4695//4695
f 4695//4695 4439//4439 4692//4692
f 4695//4695 4692//4692 4697//4697
f 4697//4697 4692//4692 4706//4706
f 4697//4697 4706//4706 4698//4698
f 4698//4698 4706//4706 4707//4707
f 4698//4698 4707//4707 4700//4700
f 4700//4700 4707//4707 4708//4708
f 4700//4700 4708//4708 4702//4702
f 4702//4702 4708//4708 4709//4709
f 4702//4702 4709//4709 4704//4704
f 4704//4704 4709//4709 4710//4710
f 4433//4433 4436//4436 4693//4693
f 4693//4693 4436//4436 4696//4696
f 4693//4693 4696//4696 4694//4694
f 4694//4694 4696//4696 4699//4699
f 4694//4694 4699//4699 4705//4705
f 4705//4705 4699//4699 4701//4701
f 4705//4705 4701//4701 4711//4711
f 4711//4711 4701//4701 4703//4703
f 4712//4712 4442//4442 4444//4444
f 4713//4713 4714//4714 4715//4715
f 4715//4715 4714//4714 4716//4716
f 4715//4715 4716//4716 4717//4717
f 4717//4717 4716//4716 4718//4718
f 4717//4717 4718//4718 4712//4712
f 4712//4712 4718//4718 4443//4443
f 4712//4712 4443//4443 4442//4442
f 4446//4446 4447//4447 4719//4719
f 4719//4719 4447//4447 4720//4720
f 4719//4719 4720//4720 4721//4721
f 4721//4721 4720//4720 4722//4722
f 4721//4721 4722//4722 4723//4723
f 4723//4723 4722//4722 4724//4724
f 4723//4723 4724//4724 4725//4725
f 4725//4725 4724//4724 4726//4726
f 4727//4727 4725//4725 4728//4728
f 4728//4728 4725//4725 4726//4726
f 4728//4728 4726//4726 4729//4729
f 4446//4446 4719//4719 4730//4730
f 4730//4730 4719//4719 4721//4721
f 4730//4730 4721//4721 4731//4731
f 4731//4731 4721//4721 4723//4723
f 4731//4731 4723//4723 4732//4732
f 4732//4732 4723//4723 4725//4725
f 4732//4732 4725//4725 4733//4733
f 4733//4733 4725//4725 4727//4727
f 4733//4733 4727//4727 4734//4734
f 4734//4734 4735//4735 4733//4733
f 4733//4733 4735//4735 4736//4736
f 4733//4733 4736//4736 4732//4732
f 4732//4732 4736//4736 4737//4737
f 4732//4732 4737//4737 4731//4731
f 4731//4731 4737//4737 4738//4738
f 4731//4731 4738//4738 4730//4730
f 4730//4730 4738//4738 4445//4445
f 4730//4730 4445//4445 4446//4446
f 4739//4739 4714//4714 4734//4734
f 4734//4734 4714//4714 4713//4713
f 4734//4734 4713//4713 4735//4735
f 4735//4735 4713//4713 4715//4715
f 4735//4735 4715//4715 4736//4736
f 4736//4736 4715//4715 4717//4717
f 4736//4736 4717//4717 4737//4737
f 4737//4737 4717//4717 4712//4712
f 4737//4737 4712//4712 4738//4738
f 4738//4738 4712//4712 4444//4444
f 4738//4738 4444//4444 4445//4445
f 4740//4740 4447//4447 3980//3980
f 4741//4741 4742//4742 4743//4743
f 4741//4741 4743//4743 4744//4744
f 4744//4744 4743//4743 4745//4745
f 4744//4744 4745//4745 4746//4746
f 4742//4742 4741//4741 3999//3999
f 3999//3999 4741//4741 4343//4343
f 3999//3999 4343//4343 4336//4336
f 4720//4720 4447//4447 4722//4722
f 4722//4722 4447//4447 4740//4740
f 4722//4722 4740//4740 4724//4724
f 4343//4343 4341//4341 4336//4336
f 4336//4336 4341//4341 4339//4339
f 4336//4336 4339//4339 3980//3980
f 3980//3980 4339//4339 4729//4729
f 3980//3980 4729//4729 4740//4740
f 4740//4740 4729//4729 4726//4726
f 4740//4740 4726//4726 4724//4724
f 4745//4745 4747//4747 4746//4746
f 4746//4746 4747//4747 4019//4019
f 4746//4746 4019//4019 4748//4748
f 4748//4748 4019//4019 4361//4361
f 4748//4748 4361//4361 4749//4749
f 4749//4749 4361//4361 4362//4362
f 4749//4749 4362//4362 4750//4750
f 4750//4750 4362//4362 4751//4751
f 4752//4752 4753//4753 4754//4754
f 4755//4755 4756//4756 4757//4757
f 4757//4757 4756//4756 4758//4758
f 4757//4757 4758//4758 4759//4759
f 4759//4759 4758//4758 4749//4749
f 4759//4759 4749//4749 4750//4750
f 4760//4760 4752//4752 4755//4755
f 4755//4755 4752//4752 4754//4754
f 4755//4755 4754//4754 4756//4756
f 4377//4377 4761//4761 4386//4386
f 4386//4386 4761//4761 4762//4762
f 4386//4386 4762//4762 4387//4387
f 4763//4763 4764//4764 4765//4765
f 4766//4766 4767//4767 4366//4366
f 4366//4366 4767//4767 4768//4768
f 4366//4366 4768//4768 4055//4055
f 4055//4055 4768//4768 4769//4769
f 4055//4055 4769//4769 4419//4419
f 4764//4764 4766//4766 4765//4765
f 4765//4765 4766//4766 4366//4366
f 4765//4765 4366//4366 4770//4770
f 4770//4770 4366//4366 4387//4387
f 4770//4770 4387//4387 4771//4771
f 4771//4771 4387//4387 4762//4762
f 4772//4772 4751//4751 4773//4773
f 4773//4773 4751//4751 4362//4362
f 4773//4773 4362//4362 4774//4774
f 4774//4774 4362//4362 4423//4423
f 4774//4774 4423//4423 4422//4422
f 4772//4772 4775//4775 4751//4751
f 4751//4751 4775//4775 4776//4776
f 4751//4751 4776//4776 4777//4777
f 4776//4776 4778//4778 4777//4777
f 4777//4777 4778//4778 4779//4779
f 4777//4777 4779//4779 4780//4780
f 4780//4780 4779//4779 4781//4781
f 4780//4780 4781//4781 4765//4765
f 4765//4765 4781//4781 4782//4782
f 4765//4765 4782//4782 4763//4763
f 4376//4376 4375//4375 4783//4783
f 4376//4376 4783//4783 4784//4784
f 4784//4784 4783//4783 4785//4785
f 4784//4784 4785//4785 4786//4786
f 4786//4786 4785//4785 4787//4787
f 4786//4786 4787//4787 4788//4788
f 4788//4788 4787//4787 4789//4789
f 4788//4788 4789//4789 4790//4790
f 4790//4790 4789//4789 4791//4791
f 4790//4790 4791//4791 4792//4792
f 4793//4793 4794//4794 4795//4795
f 4795//4795 4796//4796 4793//4793
f 4793//4793 4796//4796 4797//4797
f 4793//4793 4797//4797 4798//4798
f 4798//4798 4797//4797 4799//4799
f 4799//4799 4797//4797 4800//4800
f 4799//4799 4800//4800 4801//4801
f 4801//4801 4800//4800 4802//4802
f 4801//4801 4802//4802 4803//4803
f 4803//4803 4802//4802 4373//4373
f 4803//4803 4373//4373 4372//4372
f 4375//4375 4374//4374 4783//4783
f 4783//4783 4374//4374 4804//4804
f 4783//4783 4804//4804 4785//4785
f 4785//4785 4804//4804 4805//4805
f 4785//4785 4805//4805 4787//4787
f 4787//4787 4805//4805 4806//4806
f 4787//4787 4806//4806 4789//4789
f 4789//4789 4806//4806 4807//4807
f 4789//4789 4807//4807 4791//4791
f 4791//4791 4807//4807 4808//4808
f 4374//4374 4373//4373 4804//4804
f 4804//4804 4373//4373 4802//4802
f 4804//4804 4802//4802 4805//4805
f 4805//4805 4802//4802 4800//4800
f 4805//4805 4800//4800 4806//4806
f 4806//4806 4800//4800 4797//4797
f 4806//4806 4797//4797 4807//4807
f 4807//4807 4797//4797 4796//4796
f 4807//4807 4796//4796 4808//4808
f 4808//4808 4796//4796 4795//4795
f 4074//4074 4072//4072 4376//4376
f 4074//4074 4376//4376 4075//4075
f 4792//4792 4809//4809 4388//4388
f 4786//4786 4788//4788 4784//4784
f 4784//4784 4788//4788 4790//4790
f 4784//4784 4790//4790 4376//4376
f 4376//4376 4790//4790 4792//4792
f 4376//4376 4792//4792 4075//4075
f 4075//4075 4792//4792 4388//4388
f 4810//4810 4391//4391 4811//4811
f 4388//4388 4812//4812 4813//4813
f 4814//4814 4809//4809 4815//4815
f 4815//4815 4809//4809 4816//4816
f 4815//4815 4816//4816 4817//4817
f 4817//4817 4816//4816 4818//4818
f 4818//4818 4816//4816 4819//4819
f 4818//4818 4819//4819 4811//4811
f 4811//4811 4819//4819 4820//4820
f 4811//4811 4820//4820 4810//4810
f 4388//4388 4813//4813 4370//4370
f 4370//4370 4813//4813 4821//4821
f 4370//4370 4821//4821 4822//4822
f 4814//4814 4823//4823 4809//4809
f 4809//4809 4823//4823 4824//4824
f 4809//4809 4824//4824 4388//4388
f 4388//4388 4824//4824 4825//4825
f 4388//4388 4825//4825 4812//4812
f 4371//4371 4370//4370 4384//4384
f 4384//4384 4370//4370 4822//4822
f 4384//4384 4822//4822 4385//4385
f 4385//4385 4822//4822 4811//4811
f 4385//4385 4811//4811 4390//4390
f 4390//4390 4811//4811 4391//4391
f 4761//4761 4377//4377 4826//4826
f 4826//4826 4377//4377 4396//4396
f 4826//4826 4396//4396 4827//4827
f 4827//4827 4396//4396 4395//4395
f 4816//4816 4828//4828 4829//4829
f 4816//4816 4829//4829 4819//4819
f 4819//4819 4829//4829 4830//4830
f 4819//4819 4830//4830 4820//4820
f 4820//4820 4830//4830 4831//4831
f 4820//4820 4831//4831 4810//4810
f 4810//4810 4831//4831 4397//4397
f 4810//4810 4397//4397 4391//4391
f 4395//4395 4394//4394 4832//4832
f 4832//4832 4394//4394 4833//4833
f 4832//4832 4833//4833 4834//4834
f 4834//4834 4833//4833 4835//4835
f 4835//4835 4833//4833 4836//4836
f 4835//4835 4836//4836 4837//4837
f 4837//4837 4836//4836 4838//4838
f 4837//4837 4838//4838 4839//4839
f 4839//4839 4838//4838 4840//4840
f 4839//4839 4840//4840 4841//4841
f 4828//4828 4842//4842 4829//4829
f 4829//4829 4842//4842 4843//4843
f 4829//4829 4843//4843 4830//4830
f 4830//4830 4843//4843 4844//4844
f 4830//4830 4844//4844 4831//4831
f 4831//4831 4844//4844 4845//4845
f 4831//4831 4845//4845 4397//4397
f 4397//4397 4845//4845 4398//4398
f 4842//4842 4840//4840 4843//4843
f 4843//4843 4840//4840 4838//4838
f 4843//4843 4838//4838 4844//4844
f 4844//4844 4838//4838 4836//4836
f 4844//4844 4836//4836 4845//4845
f 4845//4845 4836//4836 4833//4833
f 4845//4845 4833//4833 4398//4398
f 4398//4398 4833//4833 4394//4394
f 4581//4581 4580//4580 4846//4846
f 4847//4847 4848//4848 4849//4849
f 4849//4849 4848//4848 4850//4850
f 4849//4849 4850//4850 4851//4851
f 3962//3962 3963//3963 4852//4852
f 4852//4852 3963//3963 4851//4851
f 4852//4852 4851//4851 4853//4853
f 4853//4853 4851//4851 4850//4850
f 4854//4854 4855//4855 4856//4856
f 4856//4856 4855//4855 4857//4857
f 4857//4857 4855//4855 4858//4858
f 4857//4857 4858//4858 4859//4859
f 4859//4859 4858//4858 4860//4860
f 4859//4859 4860//4860 3964//3964
f 3908//3908 3907//3907 4861//4861
f 4846//4846 4580//4580 4862//4862
f 4862//4862 4580//4580 4578//4578
f 4862//4862 4578//4578 4863//4863
f 4859//4859 4582//4582 4857//4857
f 4857//4857 4582//4582 4581//4581
f 4857//4857 4581//4581 4856//4856
f 4856//4856 4581//4581 4846//4846
f 4856//4856 4846//4846 4854//4854
f 4854//4854 4846//4846 4862//4862
f 4854//4854 4862//4862 4864//4864
f 4864//4864 4862//4862 4863//4863
f 4864//4864 4863//4863 4861//4861
f 4861//4861 4863//4863 4578//4578
f 4861//4861 4578//4578 3908//3908
f 4865//4865 4866//4866 4867//4867
f 4867//4867 4866//4866 4868//4868
f 4867//4867 4868//4868 4869//4869
f 4869//4869 4868//4868 4870//4870
f 4869//4869 4870//4870 4871//4871
f 4871//4871 4870//4870 4872//4872
f 4871//4871 4872//4872 4847//4847
f 4847//4847 4872//4872 4873//4873
f 4847//4847 4873//4873 4848//4848
f 3907//3907 3917//3917 4861//4861
f 4861//4861 3917//3917 3920//3920
f 4861//4861 3920//3920 4864//4864
f 4864//4864 3920//3920 3919//3919
f 4864//4864 3919//3919 4874//4874
f 4874//4874 3919//3919 3918//3918
f 4874//4874 3918//3918 4875//4875
f 4875//4875 3918//3918 3913//3913
f 3964//3964 3952//3952 4859//4859
f 4859//4859 3952//3952 3951//3951
f 4859//4859 3951//3951 4582//4582
f 4582//4582 3951//3951 3949//3949
f 4582//4582 3949//3949 3948//3948
f 4875//4875 4865//4865 4874//4874
f 4874//4874 4865//4865 4867//4867
f 4874//4874 4867//4867 4864//4864
f 4864//4864 4867//4867 4869//4869
f 4864//4864 4869//4869 4854//4854
f 4854//4854 4869//4869 4871//4871
f 4854//4854 4871//4871 4855//4855
f 4855//4855 4871//4871 4847//4847
f 4855//4855 4847//4847 4858//4858
f 4858//4858 4847//4847 4849//4849
f 4858//4858 4849//4849 4860//4860
f 4860//4860 4849//4849 4851//4851
f 4860//4860 4851//4851 3964//3964
f 3964//3964 4851//4851 3963//3963
f 4876//4876 4877//4877 4878//4878
f 4879//4879 4880//4880 4881//4881
f 3924//3924 3925//3925 4882//4882
f 4882//4882 3925//3925 3914//3914
f 4883//4883 4884//4884 4885//4885
f 4885//4885 4884//4884 4886//4886
f 4885//4885 4886//4886 4887//4887
f 4887//4887 4886//4886 4888//4888
f 4888//4888 4886//4886 4889//4889
f 4888//4888 4889//4889 4890//4890
f 3922//3922 3923//3923 4891//4891
f 4891//4891 3923//3923 4892//4892
f 4891//4891 4892//4892 4890//4890
f 4893//4893 4894//4894 4895//4895
f 4895//4895 4894//4894 4896//4896
f 4895//4895 4896//4896 4897//4897
f 4880//4880 4897//4897 4881//4881
f 4881//4881 4897//4897 4896//4896
f 4881//4881 4896//4896 4898//4898
f 4898//4898 4896//4896 4894//4894
f 4898//4898 4894//4894 4899//4899
f 4899//4899 4894//4894 4900//4900
f 4900//4900 4894//4894 4893//4893
f 4900//4900 4893//4893 4901//4901
f 4901//4901 4893//4893 4902//4902
f 4901//4901 4902//4902 4903//4903
f 4903//4903 4902//4902 4904//4904
f 4903//4903 4904//4904 4905//4905
f 4906//4906 4907//4907 4908//4908
f 4908//4908 4907//4907 4882//4882
f 4908//4908 4882//4882 4909//4909
f 4909//4909 4882//4882 3914//3914
f 4909//4909 3914//3914 3921//3921
f 4910//4910 3955//3955 3957//3957
f 4911//4911 4912//4912 4913//4913
f 4914//4914 4910//4910 4915//4915
f 4916//4916 4917//4917 4918//4918
f 4918//4918 4917//4917 4919//4919
f 4918//4918 4919//4919 4920//4920
f 4920//4920 4919//4919 4921//4921
f 4913//4913 4912//4912 4916//4916
f 4912//4912 4922//4922 4916//4916
f 4916//4916 4922//4922 4923//4923
f 4916//4916 4923//4923 4917//4917
f 4917//4917 4923//4923 4924//4924
f 4917//4917 4924//4924 4919//4919
f 4919//4919 4924//4924 4879//4879
f 4919//4919 4879//4879 4921//4921
f 4921//4921 4879//4879 4881//4881
f 4925//4925 3959//3959 4878//4878
f 4878//4878 3959//3959 3943//3943
f 4878//4878 3943//3943 4876//4876
f 4876//4876 3943//3943 3942//3942
f 4926//4926 4927//4927 4928//4928
f 4928//4928 4927//4927 4929//4929
f 4930//4930 4926//4926 4931//4931
f 4931//4931 4926//4926 4928//4928
f 4931//4931 4928//4928 4932//4932
f 4910//4910 3957//3957 4915//4915
f 4915//4915 3957//3957 3961//3961
f 4915//4915 3961//3961 3960//3960
f 4913//4913 4914//4914 4911//4911
f 4911//4911 4914//4914 4915//4915
f 4911//4911 4915//4915 4925//4925
f 4925//4925 4915//4915 3960//3960
f 4925//4925 3960//3960 3959//3959
f 4927//4927 4933//4933 4929//4929
f 4929//4929 4933//4933 4934//4934
f 4929//4929 4934//4934 4935//4935
f 4935//4935 4934//4934 4936//4936
f 4935//4935 4936//4936 4937//4937
f 4937//4937 4936//4936 4938//4938
f 4937//4937 4938//4938 4939//4939
f 4939//4939 4938//4938 4940//4940
f 4938//4938 4941//4941 4940//4940
f 4940//4940 4941//4941 4942//4942
f 4940//4940 4942//4942 4943//4943
f 4943//4943 4942//4942 4944//4944
f 4943//4943 4944//4944 4883//4883
f 4883//4883 4944//4944 4945//4945
f 4883//4883 4945//4945 4884//4884
f 4906//4906 4946//4946 4947//4947
f 4947//4947 4946//4946 4948//4948
f 4947//4947 4948//4948 4949//4949
f 4949//4949 4948//4948 4950//4950
f 4949//4949 4950//4950 4951//4951
f 4951//4951 4950//4950 4952//4952
f 4951//4951 4952//4952 4953//4953
f 4953//4953 4952//4952 4954//4954
f 4953//4953 4954//4954 4955//4955
f 4955//4955 4954//4954 4956//4956
f 4955//4955 4956//4956 4957//4957
f 4957//4957 4956//4956 4958//4958
f 4957//4957 4958//4958 4959//4959
f 4959//4959 4958//4958 4960//4960
f 4959//4959 4960//4960 4961//4961
f 4961//4961 4960//4960 4962//4962
f 4961//4961 4962//4962 4963//4963
f 4963//4963 4962//4962 4964//4964
f 4963//4963 4964//4964 4965//4965
f 4965//4965 4964//4964 4932//4932
f 4932//4932 4928//4928 4965//4965
f 4965//4965 4928//4928 4929//4929
f 4965//4965 4929//4929 4963//4963
f 4963//4963 4929//4929 4935//4935
f 4963//4963 4935//4935 4961//4961
f 4961//4961 4935//4935 4937//4937
f 4961//4961 4937//4937 4959//4959
f 4959//4959 4937//4937 4939//4939
f 4959//4959 4939//4939 4957//4957
f 4957//4957 4939//4939 4940//4940
f 4957//4957 4940//4940 4955//4955
f 4955//4955 4940//4940 4943//4943
f 4955//4955 4943//4943 4953//4953
f 4953//4953 4943//4943 4883//4883
f 4953//4953 4883//4883 4951//4951
f 4951//4951 4883//4883 4885//4885
f 4951//4951 4885//4885 4949//4949
f 4949//4949 4885//4885 4887//4887
f 4949//4949 4887//4887 4947//4947
f 4947//4947 4887//4887 4888//4888
f 4947//4947 4888//4888 4906//4906
f 4906//4906 4888//4888 4890//4890
f 4906//4906 4890//4890 4907//4907
f 4907//4907 4890//4890 4892//4892
f 4907//4907 4892//4892 4882//4882
f 4882//4882 4892//4892 3923//3923
f 4882//4882 3923//3923 3924//3924
f 4905//4905 4679//4679 4903//4903
f 4903//4903 4679//4679 4678//4678
f 4903//4903 4678//4678 4901//4901
f 4901//4901 4678//4678 4677//4677
f 4901//4901 4677//4677 4900//4900
f 4900//4900 4677//4677 4676//4676
f 4900//4900 4676//4676 4899//4899
f 4899//4899 4676//4676 4675//4675
f 4899//4899 4675//4675 4898//4898
f 4898//4898 4675//4675 4674//4674
f 4898//4898 4674//4674 4881//4881
f 4881//4881 4674//4674 4673//4673
f 4881//4881 4673//4673 4921//4921
f 4921//4921 4673//4673 4665//4665
f 4921//4921 4665//4665 4920//4920
f 4920//4920 4665//4665 4667//4667
f 4920//4920 4667//4667 4918//4918
f 4918//4918 4667//4667 4683//4683
f 4918//4918 4683//4683 4916//4916
f 4916//4916 4683//4683 4684//4684
f 4916//4916 4684//4684 4913//4913
f 4913//4913 4684//4684 4685//4685
f 4913//4913 4685//4685 4914//4914
f 4914//4914 4685//4685 4682//4682
f 4914//4914 4682//4682 4910//4910
f 4910//4910 4682//4682 3953//3953
f 4910//4910 3953//3953 3955//3955
f 4877//4877 4930//4930 4878//4878
f 4878//4878 4930//4930 4931//4931
f 4878//4878 4931//4931 4925//4925
f 4925//4925 4931//4931 4932//4932
f 4925//4925 4932//4932 4911//4911
f 4911//4911 4932//4932 4964//4964
f 4911//4911 4964//4964 4912//4912
f 4912//4912 4964//4964 4962//4962
f 4912//4912 4962//4962 4922//4922
f 4922//4922 4962//4962 4960//4960
f 4922//4922 4960//4960 4923//4923
f 4923//4923 4960//4960 4958//4958
f 4923//4923 4958//4958 4924//4924
f 4924//4924 4958//4958 4956//4956
f 4924//4924 4956//4956 4879//4879
f 4879//4879 4956//4956 4954//4954
f 4879//4879 4954//4954 4880//4880
f 4880//4880 4954//4954 4952//4952
f 4880//4880 4952//4952 4897//4897
f 4897//4897 4952//4952 4950//4950
f 4897//4897 4950//4950 4895//4895
f 4895//4895 4950//4950 4948//4948
f 4895//4895 4948//4948 4893//4893
f 4893//4893 4948//4948 4946//4946
f 4893//4893 4946//4946 4902//4902
f 4902//4902 4946//4946 4906//4906
f 4902//4902 4906//4906 4904//4904
f 4904//4904 4906//4906 4908//4908
f 4904//4904 4908//4908 4905//4905
f 4905//4905 4908//4908 4909//4909
f 4905//4905 4909//4909 4679//4679
f 4679//4679 4909//4909 3921//3921
f 4966//4966 4967//4967 4968//4968
f 4968//4968 4967//4967 4969//4969
f 4968//4968 4969//4969 4970//4970
f 4971//4971 4972//4972 4973//4973
f 4973//4973 4972//4972 4974//4974
f 4973//4973 4974//4974 4975//4975
f 4975//4975 4974//4974 4976//4976
f 4975//4975 4976//4976 4016//4016
f 4016//4016 4976//4976 4977//4977
f 4016//4016 4977//4977 4008//4008
f 4978//4978 4017//4017 4018//4018
f 4979//4979 4980//4980 4981//4981
f 4981//4981 4980//4980 4978//4978
f 4981//4981 4978//4978 4982//4982
f 4982//4982 4978//4978 4018//4018
f 4743//4743 4742//4742 4983//4983
f 4983//4983 4742//4742 4984//4984
f 4983//4983 4984//4984 4985//4985
f 4745//4745 4743//4743 4986//4986
f 4986//4986 4743//4743 4983//4983
f 4986//4986 4983//4983 4987//4987
f 4987//4987 4983//4983 4985//4985
f 4987//4987 4985//4985 4988//4988
f 3993//3993 3987//3987 4989//4989
f 4989//4989 3987//3987 4990//4990
f 4989//4989 4990//4990 4991//4991
f 3999//3999 3990//3990 4992//4992
f 4992//4992 3990//3990 3989//3989
f 4992//4992 3989//3989 4993//4993
f 4993//4993 3989//3989 3995//3995
f 4993//4993 3995//3995 4989//4989
f 4989//4989 3995//3995 3994//3994
f 4989//4989 3994//3994 3993//3993
f 4994//4994 4966//4966 4995//4995
f 4995//4995 4966//4966 4968//4968
f 4995//4995 4968//4968 4980//4980
f 4980//4980 4968//4968 4970//4970
f 4980//4980 4970//4970 4978//4978
f 4991//4991 4988//4988 4989//4989
f 4989//4989 4988//4988 4985//4985
f 4989//4989 4985//4985 4993//4993
f 4993//4993 4985//4985 4984//4984
f 4993//4993 4984//4984 4992//4992
f 4992//4992 4984//4984 4742//4742
f 4992//4992 4742//4742 3999//3999
f 4016//4016 4017//4017 4975//4975
f 4975//4975 4017//4017 4978//4978
f 4975//4975 4978//4978 4973//4973
f 4973//4973 4978//4978 4970//4970
f 4973//4973 4970//4970 4971//4971
f 4971//4971 4970//4970 4969//4969
f 4991//4991 4994//4994 4988//4988
f 4988//4988 4994//4994 4995//4995
f 4988//4988 4995//4995 4987//4987
f 4987//4987 4995//4995 4980//4980
f 4987//4987 4980//4980 4986//4986
f 4986//4986 4980//4980 4979//4979
f 4986//4986 4979//4979 4745//4745
f 4745//4745 4979//4979 4981//4981
f 4745//4745 4981//4981 4747//4747
f 4747//4747 4981//4981 4982//4982
f 4747//4747 4982//4982 4019//4019
f 4019//4019 4982//4982 4018//4018
f 3981//3981 3996//3996 4691//4691
f 4996//4996 4997//4997 4998//4998
f 4999//4999 5000//5000 5001//5001
f 5001//5001 5000//5000 5002//5002
f 5003//5003 4012//4012 4010//4010
f 3991//3991 3982//3982 5004//5004
f 5005//5005 4000//4000 4001//4001
f 5006//5006 5007//5007 5008//5008
f 5008//5008 5007//5007 5009//5009
f 5008//5008 5009//5009 5010//5010
f 5010//5010 5009//5009 5011//5011
f 5012//5012 5013//5013 5014//5014
f 5005//5005 4001//4001 5015//5015
f 5015//5015 4001//4001 5016//5016
f 5015//5015 5016//5016 5006//5006
f 5006//5006 5016//5016 5017//5017
f 5006//5006 5017//5017 5007//5007
f 5018//5018 5019//5019 5020//5020
f 5020//5020 5019//5019 5021//5021
f 5020//5020 5021//5021 5022//5022
f 5022//5022 5021//5021 5023//5023
f 5024//5024 5025//5025 5018//5018
f 5018//5018 5025//5025 5026//5026
f 5018//5018 5026//5026 5019//5019
f 5019//5019 5026//5026 5027//5027
f 5019//5019 5027//5027 5021//5021
f 5021//5021 5027//5027 5028//5028
f 5021//5021 5028//5028 5023//5023
f 5028//5028 5029//5029 5030//5030
f 5030//5030 5029//5029 5031//5031
f 4689//4689 5030//5030 4690//4690
f 4690//4690 5030//5030 5031//5031
f 4690//4690 5031//5031 4691//4691
f 4640//4640 4638//4638 5003//5003
f 5003//5003 4638//4638 4014//4014
f 5003//5003 4014//4014 4012//4012
f 5002//5002 5032//5032 5033//5033
f 5033//5033 5032//5032 5034//5034
f 5033//5033 5034//5034 5035//5035
f 5035//5035 5034//5034 5036//5036
f 5018//5018 5036//5036 5024//5024
f 5024//5024 5036//5036 5034//5034
f 5024//5024 5034//5034 5037//5037
f 5037//5037 5034//5034 5032//5032
f 5037//5037 5032//5032 5038//5038
f 5038//5038 5032//5032 5002//5002
f 5038//5038 5002//5002 5039//5039
f 5039//5039 5002//5002 5000//5000
f 4005//4005 5040//5040 5041//5041
f 5041//5041 5040//5040 5042//5042
f 5041//5041 5042//5042 5043//5043
f 5043//5043 5042//5042 4999//4999
f 5043//5043 4999//4999 5044//5044
f 5044//5044 4999//4999 5001//5001
f 5044//5044 5045//5045 5043//5043
f 5043//5043 5045//5045 5046//5046
f 5043//5043 5046//5046 5041//5041
f 5041//5041 5046//5046 4006//4006
f 5041//5041 4006//4006 4005//4005
f 4996//4996 4998//4998 5047//5047
f 5047//5047 4998//4998 5048//5048
f 5047//5047 5048//5048 5049//5049
f 5048//5048 5050//5050 5049//5049
f 5049//5049 5050//5050 5051//5051
f 5049//5049 5051//5051 5052//5052
f 5052//5052 5051//5051 5053//5053
f 5052//5052 5053//5053 5054//5054
f 5054//5054 5053//5053 5055//5055
f 5054//5054 5055//5055 5056//5056
f 5056//5056 5055//5055 5057//5057
f 5056//5056 5057//5057 5058//5058
f 5058//5058 5057//5057 5059//5059
f 5058//5058 5059//5059 5060//5060
f 5060//5060 5059//5059 5061//5061
f 5060//5060 5061//5061 5011//5011
f 5011//5011 5061//5061 5062//5062
f 5011//5011 5062//5062 5010//5010
f 5012//5012 5063//5063 5064//5064
f 5064//5064 5063//5063 5065//5065
f 5064//5064 5065//5065 5066//5066
f 5066//5066 5065//5065 5067//5067
f 5066//5066 5067//5067 5068//5068
f 5068//5068 5067//5067 5069//5069
f 5068//5068 5069//5069 5070//5070
f 5070//5070 5069//5069 5071//5071
f 5070//5070 5071//5071 5072//5072
f 5072//5072 5071//5071 5073//5073
f 5072//5072 5073//5073 5074//5074
f 5074//5074 5073//5073 5075//5075
f 5074//5074 5075//5075 5076//5076
f 5076//5076 5075//5075 5077//5077
f 5076//5076 5077//5077 5078//5078
f 5078//5078 5077//5077 5079//5079
f 5078//5078 5079//5079 5080//5080
f 5080//5080 5079//5079 5081//5081
f 5080//5080 5081//5081 5082//5082
f 5082//5082 5081//5081 5083//5083
f 5029//5029 5084//5084 5031//5031
f 5031//5031 5084//5084 5004//5004
f 5031//5031 5004//5004 4691//4691
f 4691//4691 5004//5004 3982//3982
f 4691//4691 3982//3982 3981//3981
f 4997//4997 4996//4996 5083//5083
f 5083//5083 4996//4996 5047//5047
f 5083//5083 5047//5047 5082//5082
f 5082//5082 5047//5047 5049//5049
f 5082//5082 5049//5049 5080//5080
f 5080//5080 5049//5049 5052//5052
f 5080//5080 5052//5052 5078//5078
f 5078//5078 5052//5052 5054//5054
f 5078//5078 5054//5054 5076//5076
f 5076//5076 5054//5054 5056//5056
f 5076//5076 5056//5056 5074//5074
f 5074//5074 5056//5056 5058//5058
f 5074//5074 5058//5058 5072//5072
f 5072//5072 5058//5058 5060//5060
f 5072//5072 5060//5060 5070//5070
f 5070//5070 5060//5060 5011//5011
f 5070//5070 5011//5011 5068//5068
f 5068//5068 5011//5011 5009//5009
f 5068//5068 5009//5009 5066//5066
f 5066//5066 5009//5009 5007//5007
f 5066//5066 5007//5007 5064//5064
f 5064//5064 5007//5007 5017//5017
f 5064//5064 5017//5017 5012//5012
f 5012//5012 5017//5017 5016//5016
f 5012//5012 5016//5016 5013//5013
f 5013//5013 5016//5016 4001//4001
f 5013//5013 4001//4001 5014//5014
f 5014//5014 4001//4001 4002//4002
f 5014//5014 4002//4002 4003//4003
f 5028//5028 5030//5030 5023//5023
f 5023//5023 5030//5030 4689//4689
f 5023//5023 4689//4689 5022//5022
f 5022//5022 4689//4689 4687//4687
f 5022//5022 4687//4687 5020//5020
f 5020//5020 4687//4687 4686//4686
f 5020//5020 4686//4686 5018//5018
f 5018//5018 4686//4686 4646//4646
f 5018//5018 4646//4646 5036//5036
f 5036//5036 4646//4646 4636//4636
f 5036//5036 4636//4636 5035//5035
f 5035//5035 4636//4636 4635//4635
f 5035//5035 4635//4635 5033//5033
f 5033//5033 4635//4635 4641//4641
f 5033//5033 4641//4641 5002//5002
f 5002//5002 4641//4641 4643//4643
f 5002//5002 4643//4643 5001//5001
f 5001//5001 4643//4643 4642//4642
f 5001//5001 4642//4642 5044//5044
f 5044//5044 4642//4642 4640//4640
f 5044//5044 4640//4640 5045//5045
f 5045//5045 4640//4640 5003//5003
f 5045//5045 5003//5003 5046//5046
f 5046//5046 5003//5003 4010//4010
f 5046//5046 4010//4010 4006//4006
f 5040//5040 4997//4997 5042//5042
f 5042//5042 4997//4997 5083//5083
f 5042//5042 5083//5083 4999//4999
f 4999//4999 5083//5083 5081//5081
f 4999//4999 5081//5081 5000//5000
f 5000//5000 5081//5081 5079//5079
f 5000//5000 5079//5079 5039//5039
f 5039//5039 5079//5079 5077//5077
f 5039//5039 5077//5077 5038//5038
f 5038//5038 5077//5077 5075//5075
f 5038//5038 5075//5075 5037//5037
f 5037//5037 5075//5075 5073//5073
f 5037//5037 5073//5073 5024//5024
f 5024//5024 5073//5073 5071//5071
f 5024//5024 5071//5071 5025//5025
f 5025//5025 5071//5071 5069//5069
f 5025//5025 5069//5069 5026//5026
f 5026//5026 5069//5069 5067//5067
f 5026//5026 5067//5067 5027//5027
f 5027//5027 5067//5067 5065//5065
f 5027//5027 5065//5065 5028//5028
f 5028//5028 5065//5065 5063//5063
f 5028//5028 5063//5063 5029//5029
f 5029//5029 5063//5063 5012//5012
f 5029//5029 5012//5012 5084//5084
f 5084//5084 5012//5012 5014//5014
f 5084//5084 5014//5014 5004//5004
f 5004//5004 5014//5014 4003//4003
f 5004//5004 4003//4003 3991//3991
f 5085//5085 4404//4404 4553//4553
f 5086//5086 5087//5087 5088//5088
f 5089//5089 5090//5090 5091//5091
f 5091//5091 5090//5090 5092//5092
f 5091//5091 5092//5092 5093//5093
f 5093//5093 5092//5092 5094//5094
f 5094//5094 5092//5092 5095//5095
f 5094//5094 5095//5095 5096//5096
f 5097//5097 5098//5098 5099//5099
f 5099//5099 5098//5098 5100//5100
f 5099//5099 5100//5100 5095//5095
f 5095//5095 5100//5100 5101//5101
f 5095//5095 5101//5101 5096//5096
f 5102//5102 5103//5103 5104//5104
f 5104//5104 5103//5103 5105//5105
f 5104//5104 5105//5105 5097//5097
f 5097//5097 5105//5105 5106//5106
f 5097//5097 5106//5106 5098//5098
f 5107//5107 5108//5108 5109//5109
f 5109//5109 5108//5108 5110//5110
f 5109//5109 5110//5110 5102//5102
f 5102//5102 5110//5110 5111//5111
f 5102//5102 5111//5111 5103//5103
f 5112//5112 5113//5113 5114//5114
f 5114//5114 5113//5113 5115//5115
f 5114//5114 5115//5115 5116//5116
f 5116//5116 5115//5115 5117//5117
f 5116//5116 5117//5117 5118//5118
f 5118//5118 5117//5117 5119//5119
f 5118//5118 5119//5119 5107//5107
f 5107//5107 5119//5119 5120//5120
f 5107//5107 5120//5120 5108//5108
f 5121//5121 5122//5122 5123//5123
f 5123//5123 5122//5122 5124//5124
f 5123//5123 5124//5124 5125//5125
f 5125//5125 5124//5124 5126//5126
f 5125//5125 5126//5126 5112//5112
f 5112//5112 5126//5126 5127//5127
f 5112//5112 5127//5127 5113//5113
f 5090//5090 5128//5128 5129//5129
f 5090//5090 5129//5129 5092//5092
f 5092//5092 5129//5129 5130//5130
f 5092//5092 5130//5130 5095//5095
f 5095//5095 5130//5130 5131//5131
f 5095//5095 5131//5131 5099//5099
f 5099//5099 5131//5131 5132//5132
f 5099//5099 5132//5132 5097//5097
f 5097//5097 5132//5132 5133//5133
f 5097//5097 5133//5133 5104//5104
f 5104//5104 5133//5133 5134//5134
f 5104//5104 5134//5134 5102//5102
f 5102//5102 5134//5134 5135//5135
f 5102//5102 5135//5135 5109//5109
f 5109//5109 5135//5135 5136//5136
f 5109//5109 5136//5136 5107//5107
f 5107//5107 5136//5136 5137//5137
f 5107//5107 5137//5137 5118//5118
f 5118//5118 5137//5137 5138//5138
f 5118//5118 5138//5138 5116//5116
f 5116//5116 5138//5138 5139//5139
f 5116//5116 5139//5139 5114//5114
f 5114//5114 5139//5139 5140//5140
f 5114//5114 5140//5140 5112//5112
f 5112//5112 5140//5140 5141//5141
f 5112//5112 5141//5141 5125//5125
f 5125//5125 5141//5141 5142//5142
f 5125//5125 5142//5142 5123//5123
f 5123//5123 5142//5142 5143//5143
f 5123//5123 5143//5143 5121//5121
f 5128//5128 5144//5144 5145//5145
f 5128//5128 5145//5145 5129//5129
f 5129//5129 5145//5145 5146//5146
f 5129//5129 5146//5146 5130//5130
f 5130//5130 5146//5146 5147//5147
f 5130//5130 5147//5147 5131//5131
f 5131//5131 5147//5147 5148//5148
f 5131//5131 5148//5148 5132//5132
f 5132//5132 5148//5148 5149//5149
f 5132//5132 5149//5149 5133//5133
f 5133//5133 5149//5149 5150//5150
f 5133//5133 5150//5150 5134//5134
f 5134//5134 5150//5150 5151//5151
f 5134//5134 5151//5151 5135//5135
f 5135//5135 5151//5151 5152//5152
f 5135//5135 5152//5152 5136//5136
f 5136//5136 5152//5152 5153//5153
f 5136//5136 5153//5153 5137//5137
f 5137//5137 5153//5153 5154//5154
f 5137//5137 5154//5154 5138//5138
f 5138//5138 5154//5154 5155//5155
f 5138//5138 5155//5155 5139//5139
f 5139//5139 5155//5155 5156//5156
f 5139//5139 5156//5156 5140//5140
f 5140//5140 5156//5156 5157//5157
f 5140//5140 5157//5157 5141//5141
f 5141//5141 5157//5157 5086//5086
f 5141//5141 5086//5086 5142//5142
f 5142//5142 5086//5086 5088//5088
f 5142//5142 5088//5088 5143//5143
f 5085//5085 4553//4553 5158//5158
f 4412//4412 5087//5087 4532//4532
f 4532//4532 5087//5087 5086//5086
f 4532//4532 5086//5086 4533//4533
f 4533//4533 5086//5086 5157//5157
f 4533//4533 5157//5157 4534//4534
f 4534//4534 5157//5157 5156//5156
f 4534//4534 5156//5156 4535//4535
f 4535//4535 5156//5156 5155//5155
f 4535//4535 5155//5155 4540//4540
f 4540//4540 5155//5155 5154//5154
f 4540//4540 5154//5154 4541//4541
f 4541//4541 5154//5154 5153//5153
f 4541//4541 5153//5153 4542//4542
f 4542//4542 5153//5153 5152//5152
f 4542//4542 5152//5152 4544//4544
f 4544//4544 5152//5152 5151//5151
f 4544//4544 5151//5151 4549//4549
f 4549//4549 5151//5151 5150//5150
f 4549//4549 5150//5150 4548//4548
f 4548//4548 5150//5150 5149//5149
f 4548//4548 5149//5149 4546//4546
f 4546//4546 5149//5149 5148//5148
f 4546//4546 5148//5148 4550//4550
f 4550//4550 5148//5148 5147//5147
f 4550//4550 5147//5147 4551//4551
f 4551//4551 5147//5147 5146//5146
f 4551//4551 5146//5146 4552//4552
f 4552//4552 5146//5146 5145//5145
f 4552//4552 5145//5145 4553//4553
f 4553//4553 5145//5145 5144//5144
f 4553//4553 5144//5144 5158//5158
f 5158//5158 5144//5144 5128//5128
f 5158//5158 5128//5128 5159//5159
f 5159//5159 5128//5128 5090//5090
f 5159//5159 5090//5090 5160//5160
f 5160//5160 5090//5090 5089//5089
f 5160//5160 5089//5089 5161//5161
f 5162//5162 4400//4400 4399//4399
f 5163//5163 5164//5164 5165//5165
f 5166//5166 5167//5167 5168//5168
f 5168//5168 5167//5167 5169//5169
f 5169//5169 5170//5170 5168//5168
f 5168//5168 5170//5170 5171//5171
f 5168//5168 5171//5171 5172//5172
f 4399//4399 4402//4402 5173//5173
f 4405//4405 4404//4404 5174//5174
f 5174//5174 4404//4404 5085//5085
f 5174//5174 5085//5085 5175//5175
f 5175//5175 5085//5085 5158//5158
f 5175//5175 5158//5158 5176//5176
f 5176//5176 5158//5158 5159//5159
f 5176//5176 5159//5159 5177//5177
f 5160//5160 5161//5161 5178//5178
f 5160//5160 5178//5178 5179//5179
f 5178//5178 5167//5167 5179//5179
f 5179//5179 5167//5167 5166//5166
f 5179//5179 5166//5166 5180//5180
f 5180//5180 5166//5166 5168//5168
f 5180//5180 5168//5168 5181//5181
f 5181//5181 5168//5168 5172//5172
f 5181//5181 5172//5172 5182//5182
f 5183//5183 5184//5184 5185//5185
f 5185//5185 5184//5184 5186//5186
f 5185//5185 5186//5186 5187//5187
f 5187//5187 5186//5186 5188//5188
f 5187//5187 5188//5188 5189//5189
f 5189//5189 5188//5188 5190//5190
f 5189//5189 5190//5190 5173//5173
f 5173//5173 5190//5190 5165//5165
f 5173//5173 5165//5165 4399//4399
f 4399//4399 5165//5165 5164//5164
f 4399//4399 5164//5164 5162//5162
f 4402//4402 4405//4405 5173//5173
f 5173//5173 4405//4405 5174//5174
f 5173//5173 5174//5174 5189//5189
f 5189//5189 5174//5174 5175//5175
f 5189//5189 5175//5175 5187//5187
f 5187//5187 5175//5175 5176//5176
f 5187//5187 5176//5176 5185//5185
f 5185//5185 5176//5176 5177//5177
f 5185//5185 5177//5177 5183//5183
f 5163//5163 5165//5165 5191//5191
f 5191//5191 5165//5165 5190//5190
f 5191//5191 5190//5190 5192//5192
f 5192//5192 5190//5190 5188//5188
f 5192//5192 5188//5188 5193//5193
f 5193//5193 5188//5188 5186//5186
f 5193//5193 5186//5186 5182//5182
f 5182//5182 5186//5186 5184//5184
f 5182//5182 5184//5184 5181//5181
f 5181//5181 5184//5184 5183//5183
f 5181//5181 5183//5183 5180//5180
f 5180//5180 5183//5183 5177//5177
f 5180//5180 5177//5177 5179//5179
f 5179//5179 5177//5177 5159//5159
f 5179//5179 5159//5159 5160//5160
f 5194//5194 5195//5195 5196//5196
f 5195//5195 5197//5197 5198//5198
f 5172//5172 5171//5171 5194//5194
f 5194//5194 5196//5196 5172//5172
f 5172//5172 5196//5196 5199//5199
f 5172//5172 5199//5199 5182//5182
f 5182//5182 5199//5199 5200//5200
f 5182//5182 5200//5200 5193//5193
f 5193//5193 5200//5200 5201//5201
f 5193//5193 5201//5201 5192//5192
f 5192//5192 5201//5201 5202//5202
f 5192//5192 5202//5202 5191//5191
f 5191//5191 5202//5202 5203//5203
f 5191//5191 5203//5203 5163//5163
f 5195//5195 5198//5198 5196//5196
f 5196//5196 5198//5198 5204//5204
f 5196//5196 5204//5204 5199//5199
f 5199//5199 5204//5204 5205//5205
f 5199//5199 5205//5205 5200//5200
f 5200//5200 5205//5205 5206//5206
f 5200//5200 5206//5206 5201//5201
f 5201//5201 5206//5206 5207//5207
f 5201//5201 5207//5207 5202//5202
f 5202//5202 5207//5207 5208//5208
f 5202//5202 5208//5208 5203//5203
f 5203//5203 5208//5208 5209//5209
f 5203//5203 5209//5209 5210//5210
f 5210//5210 5209//5209 4411//4411
f 5210//5210 4411//4411 4681//4681
f 5163//5163 5203//5203 5164//5164
f 5164//5164 5203//5203 5210//5210
f 5164//5164 5210//5210 5162//5162
f 5162//5162 5210//5210 4681//4681
f 5162//5162 4681//4681 4400//4400
f 5211//5211 5143//5143 5088//5088
f 5121//5121 5143//5143 5212//5212
f 5212//5212 5143//5143 5211//5211
f 5212//5212 5211//5211 5213//5213
f 5214//5214 5215//5215 5216//5216
f 5216//5216 5215//5215 4407//4407
f 5216//5216 4407//4407 4409//4409
f 5205//5205 5217//5217 5206//5206
f 5206//5206 5217//5217 5218//5218
f 5206//5206 5218//5218 5207//5207
f 5207//5207 5218//5218 5219//5219
f 5207//5207 5219//5219 5208//5208
f 5208//5208 5219//5219 5220//5220
f 5208//5208 5220//5220 5209//5209
f 5209//5209 5220//5220 4411//4411
f 5221//5221 5222//5222 5223//5223
f 5223//5223 5222//5222 5224//5224
f 5223//5223 5224//5224 5225//5225
f 5225//5225 5224//5224 5226//5226
f 5205//5205 5204//5204 5227//5227
f 5225//5225 5228//5228 5223//5223
f 5223//5223 5228//5228 5213//5213
f 5223//5223 5213//5213 5221//5221
f 5221//5221 5213//5213 5211//5211
f 5221//5221 5211//5211 5229//5229
f 5229//5229 5211//5211 5088//5088
f 5229//5229 5088//5088 5214//5214
f 5214//5214 5088//5088 5087//5087
f 5214//5214 5087//5087 5215//5215
f 5215//5215 5087//5087 4412//4412
f 5215//5215 4412//4412 4407//4407
f 5205//5205 5227//5227 5217//5217
f 5217//5217 5227//5227 5230//5230
f 5217//5217 5230//5230 5218//5218
f 5218//5218 5230//5230 5231//5231
f 5218//5218 5231//5231 5219//5219
f 5219//5219 5231//5231 5232//5232
f 5219//5219 5232//5232 5220//5220
f 5197//5197 5226//5226 5198//5198
f 5198//5198 5226//5226 5224//5224
f 5198//5198 5224//5224 5204//5204
f 5204//5204 5224//5224 5222//5222
f 5204//5204 5222//5222 5227//5227
f 5227//5227 5222//5222 5221//5221
f 5227//5227 5221//5221 5230//5230
f 5230//5230 5221//5221 5229//5229
f 5230//5230 5229//5229 5231//5231
f 5231//5231 5229//5229 5214//5214
f 5231//5231 5214//5214 5232//5232
f 5232//5232 5214//5214 5216//5216
f 5232//5232 5216//5216 5220//5220
f 5220//5220 5216//5216 4409//4409
f 5220//5220 4409//4409 4411//4411
f 5233//5233 4420//4420 4419//4419
f 5234//5234 5235//5235 5236//5236
f 5236//5236 5235//5235 5237//5237
f 5235//5235 5238//5238 5237//5237
f 5237//5237 5238//5238 5239//5239
f 5237//5237 5239//5239 5240//5240
f 5241//5241 5242//5242 5243//5243
f 5243//5243 5242//5242 5244//5244
f 5243//5243 5244//5244 5233//5233
f 5245//5245 5241//5241 5246//5246
f 5246//5246 5241//5241 5243//5243
f 5246//5246 5243//5243 5247//5247
f 5247//5247 5243//5243 5233//5233
f 5247//5247 5233//5233 5248//5248
f 5248//5248 5233//5233 4419//4419
f 5249//5249 5245//5245 5250//5250
f 5250//5250 5245//5245 5246//5246
f 5250//5250 5246//5246 5251//5251
f 5251//5251 5246//5246 5247//5247
f 5251//5251 5247//5247 5252//5252
f 5252//5252 5247//5247 5248//5248
f 5253//5253 5234//5234 5254//5254
f 5254//5254 5234//5234 5236//5236
f 5254//5254 5236//5236 5255//5255
f 5255//5255 5236//5236 5237//5237
f 5255//5255 5237//5237 5256//5256
f 5256//5256 5237//5237 5240//5240
f 5256//5256 5240//5240 5257//5257
f 5252//5252 5258//5258 5254//5254
f 5254//5254 5258//5258 5259//5259
f 5254//5254 5259//5259 5253//5253
f 4417//4417 5260//5260 4415//4415
f 4415//4415 5260//5260 5261//5261
f 4415//4415 5261//5261 4413//4413
f 5242//5242 5260//5260 5244//5244
f 5244//5244 5260//5260 4417//4417
f 5244//5244 4417//4417 5233//5233
f 5233//5233 4417//4417 4418//4418
f 5233//5233 4418//4418 4420//4420
f 5252//5252 5254//5254 5251//5251
f 5251//5251 5254//5254 5255//5255
f 5251//5251 5255//5255 5250//5250
f 5250//5250 5255//5255 5256//5256
f 5250//5250 5256//5256 5249//5249
f 5249//5249 5256//5256 5257//5257
f 5249//5249 5257//5257 5245//5245
f 5245//5245 5257//5257 5262//5262
f 5245//5245 5262//5262 5241//5241
f 5241//5241 5262//5262 5263//5263
f 5241//5241 5263//5263 5242//5242
f 5242//5242 5263//5263 5264//5264
f 5242//5242 5264//5264 5260//5260
f 5260//5260 5264//5264 5265//5265
f 5260//5260 5265//5265 5261//5261
f 5266//5266 5267//5267 5268//5268
f 5267//5267 5266//5266 5239//5239
f 5269//5269 5270//5270 5271//5271
f 5271//5271 5270//5270 5272//5272
f 5271//5271 5272//5272 5273//5273
f 5273//5273 5272//5272 5274//5274
f 5273//5273 5274//5274 5275//5275
f 5275//5275 5274//5274 5276//5276
f 5275//5275 5276//5276 5277//5277
f 5277//5277 5276//5276 5266//5266
f 5277//5277 5266//5266 5278//5278
f 5278//5278 5266//5266 5268//5268
f 5278//5278 5268//5268 5279//5279
f 5280//5280 5281//5281 5269//5269
f 5269//5269 5281//5281 5282//5282
f 5269//5269 5282//5282 5270//5270
f 5280//5280 5283//5283 5281//5281
f 5281//5281 5283//5283 4429//4429
f 5281//5281 4429//4429 4637//4637
f 5239//5239 5266//5266 5240//5240
f 5240//5240 5266//5266 5276//5276
f 5240//5240 5276//5276 5257//5257
f 5257//5257 5276//5276 5274//5274
f 5257//5257 5274//5274 5262//5262
f 5262//5262 5274//5274 5272//5272
f 5262//5262 5272//5272 5263//5263
f 5263//5263 5272//5272 5270//5270
f 5263//5263 5270//5270 5264//5264
f 5264//5264 5270//5270 5282//5282
f 5264//5264 5282//5282 5265//5265
f 5265//5265 5282//5282 5281//5281
f 5265//5265 5281//5281 5261//5261
f 5261//5261 5281//5281 4637//4637
f 5261//5261 4637//4637 4413//4413
f 5284//5284 5285//5285 5286//5286
f 5287//5287 5288//5288 5289//5289
f 5290//5290 5291//5291 5285//5285
f 5292//5292 5293//5293 5284//5284
f 5294//5294 5295//5295 5296//5296
f 5290//5290 5285//5285 5297//5297
f 5297//5297 5285//5285 5284//5284
f 5297//5297 5284//5284 5296//5296
f 5296//5296 5284//5284 5293//5293
f 5296//5296 5293//5293 5294//5294
f 5289//5289 5288//5288 5298//5298
f 5298//5298 5288//5288 5299//5299
f 5298//5298 5299//5299 5300//5300
f 5300//5300 5299//5299 5301//5301
f 5300//5300 5301//5301 5292//5292
f 4427//4427 5302//5302 4421//4421
f 4421//4421 5302//5302 5303//5303
f 5298//5298 5303//5303 5289//5289
f 5289//5289 5303//5303 5302//5302
f 5289//5289 5302//5302 5287//5287
f 5287//5287 5302//5302 4427//4427
f 5287//5287 4427//4427 4425//4425
f 5304//5304 4424//4424 5283//5283
f 5283//5283 4424//4424 4429//4429
f 5279//5279 5305//5305 5278//5278
f 5278//5278 5305//5305 5306//5306
f 5278//5278 5306//5306 5277//5277
f 5283//5283 5280//5280 5304//5304
f 5304//5304 5280//5280 5269//5269
f 5304//5304 5269//5269 5307//5307
f 5307//5307 5269//5269 5271//5271
f 5307//5307 5271//5271 5308//5308
f 5308//5308 5271//5271 5273//5273
f 5308//5308 5273//5273 5309//5309
f 5309//5309 5273//5273 5275//5275
f 5309//5309 5275//5275 5310//5310
f 5310//5310 5275//5275 5277//5277
f 5310//5310 5277//5277 5311//5311
f 5311//5311 5277//5277 5306//5306
f 5292//5292 5284//5284 5300//5300
f 5300//5300 5284//5284 5286//5286
f 5300//5300 5286//5286 5298//5298
f 5298//5298 5286//5286 5312//5312
f 5298//5298 5312//5312 5303//5303
f 5303//5303 5312//5312 4422//4422
f 5303//5303 4422//4422 4421//4421
f 4425//4425 4424//4424 5287//5287
f 5287//5287 4424//4424 5304//5304
f 5287//5287 5304//5304 5288//5288
f 5288//5288 5304//5304 5307//5307
f 5288//5288 5307//5307 5299//5299
f 5299//5299 5307//5307 5308//5308
f 5299//5299 5308//5308 5301//5301
f 5301//5301 5308//5308 5309//5309
f 5301//5301 5309//5309 5292//5292
f 5292//5292 5309//5309 5310//5310
f 5292//5292 5310//5310 5293//5293
f 5293//5293 5310//5310 5311//5311
f 5293//5293 5311//5311 5294//5294
f 5294//5294 5311//5311 5306//5306
f 5294//5294 5306//5306 5295//5295
f 5295//5295 5306//5306 5305//5305
f 5313//5313 5312//5312 5286//5286
f 5314//5314 5315//5315 5316//5316
f 5317//5317 5318//5318 5319//5319
f 5319//5319 5318//5318 5320//5320
f 5319//5319 5320//5320 5321//5321
f 5321//5321 5320//5320 5322//5322
f 5321//5321 5322//5322 5323//5323
f 5316//5316 5315//5315 5324//5324
f 5324//5324 5315//5315 5325//5325
f 5324//5324 5325//5325 5317//5317
f 5317//5317 5325//5325 5326//5326
f 5317//5317 5326//5326 5318//5318
f 5314//5314 5316//5316 5327//5327
f 5327//5327 5316//5316 5328//5328
f 5327//5327 5328//5328 5329//5329
f 5329//5329 5328//5328 5330//5330
f 5329//5329 5330//5330 5331//5331
f 5331//5331 5330//5330 5332//5332
f 5332//5332 5330//5330 5333//5333
f 5332//5332 5333//5333 5334//5334
f 5334//5334 5333//5333 5335//5335
f 5334//5334 5335//5335 5336//5336
f 5336//5336 5335//5335 5337//5337
f 5337//5337 5335//5335 5338//5338
f 5337//5337 5338//5338 5339//5339
f 5339//5339 5338//5338 5340//5340
f 5339//5339 5340//5340 5341//5341
f 5341//5341 5340//5340 5342//5342
f 5342//5342 5340//5340 5343//5343
f 5342//5342 5343//5343 5344//5344
f 5344//5344 5343//5343 5345//5345
f 5344//5344 5345//5345 5346//5346
f 5347//5347 5348//5348 5345//5345
f 5345//5345 5348//5348 5349//5349
f 5345//5345 5349//5349 5346//5346
f 5285//5285 5291//5291 5350//5350
f 5350//5350 5291//5291 5351//5351
f 5350//5350 5351//5351 5347//5347
f 5347//5347 5351//5351 5352//5352
f 5347//5347 5352//5352 5348//5348
f 5252//5252 5321//5321 5258//5258
f 5258//5258 5321//5321 5323//5323
f 5258//5258 5323//5323 5259//5259
f 5285//5285 5350//5350 5353//5353
f 5353//5353 5350//5350 5347//5347
f 5353//5353 5347//5347 5354//5354
f 5354//5354 5347//5347 5345//5345
f 5354//5354 5345//5345 5355//5355
f 5355//5355 5345//5345 5343//5343
f 5355//5355 5343//5343 5356//5356
f 5356//5356 5343//5343 5340//5340
f 5356//5356 5340//5340 5357//5357
f 5357//5357 5340//5340 5338//5338
f 5357//5357 5338//5338 5358//5358
f 5358//5358 5338//5338 5335//5335
f 5358//5358 5335//5335 5359//5359
f 5359//5359 5335//5335 5333//5333
f 5359//5359 5333//5333 5360//5360
f 5360//5360 5333//5333 5330//5330
f 5360//5360 5330//5330 5361//5361
f 5361//5361 5330//5330 5328//5328
f 5361//5361 5328//5328 5362//5362
f 5362//5362 5328//5328 5316//5316
f 5362//5362 5316//5316 5363//5363
f 5363//5363 5316//5316 5324//5324
f 5363//5363 5324//5324 5364//5364
f 5364//5364 5324//5324 5317//5317
f 5364//5364 5317//5317 5365//5365
f 5365//5365 5317//5317 5319//5319
f 5365//5365 5319//5319 5366//5366
f 5366//5366 5319//5319 5321//5321
f 5366//5366 5321//5321 5367//5367
f 5367//5367 5321//5321 5252//5252
f 5367//5367 5252//5252 5248//5248
f 5248//5248 5368//5368 5367//5367
f 5367//5367 5368//5368 5369//5369
f 5367//5367 5369//5369 5366//5366
f 5366//5366 5369//5369 5370//5370
f 5366//5366 5370//5370 5365//5365
f 5365//5365 5370//5370 5371//5371
f 5365//5365 5371//5371 5364//5364
f 5364//5364 5371//5371 5372//5372
f 5364//5364 5372//5372 5363//5363
f 5363//5363 5372//5372 5373//5373
f 5363//5363 5373//5373 5362//5362
f 5362//5362 5373//5373 5374//5374
f 5362//5362 5374//5374 5361//5361
f 5361//5361 5374//5374 5375//5375
f 5361//5361 5375//5375 5360//5360
f 5360//5360 5375//5375 5376//5376
f 5360//5360 5376//5376 5359//5359
f 5359//5359 5376//5376 5377//5377
f 5359//5359 5377//5377 5358//5358
f 5358//5358 5377//5377 5378//5378
f 5358//5358 5378//5378 5357//5357
f 5357//5357 5378//5378 5379//5379
f 5357//5357 5379//5379 5356//5356
f 5356//5356 5379//5379 5380//5380
f 5356//5356 5380//5380 5355//5355
f 5355//5355 5380//5380 5381//5381
f 5355//5355 5381//5381 5354//5354
f 5354//5354 5381//5381 5313//5313
f 5354//5354 5313//5313 5353//5353
f 5353//5353 5313//5313 5286//5286
f 5353//5353 5286//5286 5285//5285
f 4422//4422 5312//5312 4774//4774
f 4774//4774 5312//5312 5313//5313
f 4774//4774 5313//5313 4773//4773
f 4773//4773 5313//5313 5381//5381
f 4773//4773 5381//5381 4772//4772
f 4772//4772 5381//5381 5380//5380
f 4772//4772 5380//5380 4775//4775
f 4775//4775 5380//5380 5379//5379
f 4775//4775 5379//5379 4776//4776
f 4776//4776 5379//5379 5378//5378
f 4776//4776 5378//5378 4778//4778
f 4778//4778 5378//5378 5377//5377
f 4778//4778 5377//5377 4779//4779
f 4779//4779 5377//5377 5376//5376
f 4779//4779 5376//5376 4781//4781
f 4781//4781 5376//5376 5375//5375
f 4781//4781 5375//5375 4782//4782
f 4782//4782 5375//5375 5374//5374
f 4782//4782 5374//5374 4763//4763
f 4763//4763 5374//5374 5373//5373
f 4763//4763 5373//5373 4764//4764
f 4764//4764 5373//5373 5372//5372
f 4764//4764 5372//5372 4766//4766
f 4766//4766 5372//5372 5371//5371
f 4766//4766 5371//5371 4767//4767
f 4767//4767 5371//5371 5370//5370
f 4767//4767 5370//5370 4768//4768
f 4768//4768 5370//5370 5369//5369
f 4768//4768 5369//5369 4769//4769
f 4769//4769 5369//5369 5368//5368
f 4769//4769 5368//5368 4419//4419
f 4419//4419 5368//5368 5248//5248
f 5382//5382 4441//4441 5383//5383
f 5383//5383 4441//4441 4440//4440
f 5383//5383 4440//4440 3966//3966
f 3966//3966 3965//3965 5383//5383
f 5383//5383 3965//3965 3968//3968
f 5383//5383 3968//3968 4443//4443
f 4463//4463 5384//5384 4458//4458
f 4458//4458 5384//5384 5385//5385
f 5385//5385 4452//4452 3927//3927
f 3927//3927 3926//3926 5385//5385
f 5385//5385 3926//3926 3929//3929
f 5385//5385 3929//3929 4458//4458
f 5386//5386 5387//5387 5388//5388
f 5389//5389 5390//5390 5391//5391
f 5391//5391 5390//5390 5392//5392
f 5391//5391 5392//5392 5393//5393
f 5393//5393 5392//5392 5394//5394
f 5395//5395 4467//4467 5396//5396
f 5397//5397 5398//5398 5386//5386
f 5386//5386 5398//5398 5395//5395
f 5386//5386 5395//5395 5387//5387
f 5387//5387 5395//5395 5396//5396
f 5387//5387 5396//5396 5399//5399
f 5399//5399 5396//5396 5400//5400
f 5401//5401 5402//5402 5403//5403
f 5403//5403 5402//5402 5404//5404
f 5403//5403 5404//5404 5405//5405
f 5405//5405 5404//5404 5406//5406
f 5399//5399 5407//5407 5387//5387
f 5387//5387 5407//5407 5394//5394
f 5387//5387 5394//5394 5388//5388
f 5388//5388 5394//5394 5392//5392
f 5388//5388 5392//5392 5408//5408
f 5408//5408 5392//5392 5390//5390
f 5409//5409 5405//5405 5410//5410
f 5410//5410 5405//5405 5406//5406
f 5410//5410 5406//5406 5408//5408
f 5408//5408 5406//5406 5404//5404
f 5408//5408 5404//5404 5388//5388
f 5388//5388 5404//5404 5402//5402
f 5388//5388 5402//5402 5386//5386
f 5386//5386 5402//5402 5401//5401
f 5386//5386 5401//5401 5397//5397
f 5411//5411 5409//5409 5412//5412
f 5412//5412 5409//5409 5410//5410
f 5412//5412 5410//5410 5413//5413
f 5413//5413 5410//5410 5408//5408
f 5413//5413 5408//5408 5390//5390
f 5413//5413 5390//5390 5414//5414
f 5414//5414 5390//5390 5389//5389
f 5414//5414 5389//5389 5415//5415
f 5414//5414 5415//5415 5416//5416
f 5417//5417 5413//5413 5418//5418
f 5418//5418 5413//5413 5414//5414
f 5414//5414 5416//5416 5418//5418
f 5418//5418 5416//5416 5419//5419
f 5418//5418 5419//5419 5420//5420
f 5417//5417 5418//5418 5421//5421
f 5421//5421 5418//5418 5420//5420
f 5421//5421 5420//5420 5422//5422
f 5423//5423 5424//5424 5400//5400
f 5400//5400 5396//5396 5423//5423
f 5423//5423 5396//5396 4467//4467
f 5423//5423 4467//4467 4466//4466
f 5425//5425 5426//5426 5427//5427
f 5427//5427 5426//5426 5428//5428
f 5427//5427 5428//5428 5429//5429
f 5429//5429 5428//5428 5430//5430
f 5429//5429 5430//5430 5431//5431
f 5431//5431 5430//5430 5432//5432
f 5431//5431 5432//5432 5423//5423
f 5423//5423 5432//5432 5424//5424
f 4468//4468 5425//5425 4469//4469
f 4469//4469 5425//5425 5427//5427
f 4469//4469 5427//5427 4470//4470
f 4470//4470 5427//5427 5429//5429
f 4470//4470 5429//5429 4471//4471
f 4471//4471 5429//5429 5431//5431
f 4471//4471 5431//5431 4466//4466
f 4466//4466 5431//5431 5423//5423
f 5433//5433 5426//5426 5425//5425
f 5433//5433 5425//5425 5434//5434
f 5434//5434 5425//5425 4468//4468
f 5434//5434 4468//4468 4472//4472
f 5435//5435 5436//5436 5437//5437
f 5437//5437 5436//5436 5438//5438
f 5437//5437 5438//5438 5439//5439
f 5439//5439 5438//5438 5440//5440
f 5439//5439 5440//5440 5441//5441
f 5441//5441 5440//5440 5442//5442
f 5441//5441 5442//5442 5434//5434
f 5434//5434 5442//5442 5433//5433
f 4473//4473 5435//5435 4474//4474
f 4474//4474 5435//5435 5437//5437
f 4474//4474 5437//5437 4475//4475
f 4475//4475 5437//5437 5439//5439
f 4475//4475 5439//5439 4476//4476
f 4476//4476 5439//5439 5441//5441
f 4476//4476 5441//5441 4472//4472
f 4472//4472 5441//5441 5434//5434
f 5443//5443 5444//5444 5445//5445
f 5446//5446 5447//5447 5448//5448
f 5449//5449 5450//5450 5451//5451
f 5451//5451 5450//5450 5443//5443
f 5451//5451 5443//5443 5452//5452
f 5452//5452 5443//5443 5445//5445
f 5453//5453 5454//5454 5455//5455
f 5456//5456 5457//5457 5458//5458
f 5457//5457 5456//5456 5459//5459
f 4477//4477 5460//5460 5448//5448
f 5448//5448 5460//5460 5445//5445
f 5448//5448 5445//5445 5446//5446
f 5446//5446 5445//5445 5444//5444
f 5461//5461 5462//5462 5463//5463
f 5463//5463 5462//5462 5459//5459
f 5463//5463 5459//5459 5464//5464
f 5464//5464 5459//5459 5456//5456
f 5464//5464 5456//5456 5453//5453
f 5453//5453 5456//5456 5458//5458
f 5453//5453 5458//5458 5454//5454
f 5465//5465 5464//5464 5466//5466
f 5466//5466 5464//5464 5453//5453
f 5466//5466 5453//5453 5467//5467
f 5467//5467 5453//5453 5455//5455
f 5467//5467 5455//5455 5468//5468
f 5467//5467 5469//5469 5466//5466
f 5466//5466 5469//5469 5470//5470
f 5466//5466 5470//5470 5465//5465
f 5465//5465 5470//5470 5471//5471
f 5465//5465 5471//5471 5472//5472
f 5472//5472 5471//5471 5473//5473
f 5472//5472 5473//5473 5474//5474
f 5474//5474 5473//5473 5475//5475
f 5474//5474 5449//5449 5472//5472
f 5472//5472 5449//5449 5451//5451
f 5472//5472 5451//5451 5465//5465
f 5465//5465 5451//5451 5452//5452
f 5465//5465 5452//5452 5464//5464
f 5464//5464 5452//5452 5445//5445
f 5464//5464 5445//5445 5463//5463
f 5463//5463 5445//5445 5460//5460
f 5463//5463 5460//5460 5461//5461
f 5448//5448 5447//5447 5436//5436
f 5436//5436 5435//5435 5448//5448
f 5448//5448 5435//5435 4473//4473
f 5448//5448 4473//4473 4477//4477
f 5476//5476 5477//5477 5478//5478
f 5478//5478 5477//5477 5479//5479
f 5478//5478 5479//5479 5473//5473
f 5473//5473 5479//5479 5475//5475
f 5480//5480 5476//5476 5481//5481
f 5481//5481 5476//5476 5478//5478
f 5481//5481 5478//5478 5471//5471
f 5471//5471 5478//5478 5473//5473
f 4129//4129 4504//4504 4499//4499
f 4499//4499 4504//4504 5482//5482
f 4499//4499 5482//5482 4497//4497
f 4497//4497 5482//5482 5483//5483
f 4497//4497 5483//5483 4495//4495
f 4495//4495 5483//5483 5484//5484
f 4495//4495 5484//5484 4494//4494
f 4494//4494 5484//5484 5485//5485
f 4494//4494 5485//5485 4492//4492
f 4492//4492 5485//5485 5486//5486
f 4492//4492 5486//5486 4490//4490
f 4490//4490 5486//5486 5487//5487
f 5488//5488 5489//5489 4481//4481
f 4481//4481 5489//5489 5490//5490
f 4481//4481 5490//5490 4482//4482
f 4482//4482 5490//5490 4505//4505
f 4482//4482 4505//4505 4489//4489
f 4490//4490 5491//5491 4491//4491
f 4491//4491 5491//5491 5492//5492
f 4491//4491 5492//5492 4478//4478
f 4478//4478 5492//5492 5488//5488
f 4478//4478 5488//5488 4479//4479
f 4479//4479 5488//5488 4481//4481
f 5491//5491 4527//4527 4526//4526
f 5491//5491 4526//4526 5492//5492
f 5492//5492 4526//4526 4528//4528
f 5492//5492 4528//4528 5488//5488
f 5488//5488 4528//4528 4513//4513
f 5488//5488 4513//4513 5489//5489
f 4506//4506 4505//4505 4513//4513
f 4513//4513 4505//4505 5490//5490
f 4513//4513 5490//5490 5489//5489
f 5462//5462 5461//5461 4517//4517
f 4517//4517 5461//5461 4100//4100
f 4100//4100 5461//5461 5460//5460
f 4100//4100 5460//5460 4477//4477
f 5454//5454 5458//5458 4525//4525
f 5462//5462 4517//4517 5459//5459
f 5459//5459 4517//4517 4520//4520
f 5459//5459 4520//4520 5457//5457
f 5457//5457 4520//4520 4521//4521
f 5457//5457 4521//4521 5458//5458
f 5458//5458 4521//4521 4523//4523
f 5458//5458 4523//4523 4525//4525
f 5493//5493 5494//5494 4527//4527
f 4527//4527 5494//5494 5468//5468
f 4527//4527 5468//5468 4525//4525
f 4525//4525 5468//5468 5455//5455
f 4525//4525 5455//5455 5454//5454
f 5481//5481 5471//5471 5470//5470
f 5468//5468 5494//5494 5467//5467
f 5467//5467 5494//5494 5469//5469
f 5495//5495 5493//5493 5496//5496
f 5496//5496 5493//5493 5497//5497
f 5480//5480 5481//5481 5498//5498
f 5498//5498 5481//5481 5470//5470
f 5498//5498 5470//5470 5499//5499
f 5499//5499 5470//5470 5469//5469
f 5499//5499 5469//5469 5495//5495
f 5495//5495 5469//5469 5494//5494
f 5495//5495 5494//5494 5493//5493
f 5500//5500 5487//5487 5501//5501
f 5501//5501 5487//5487 5502//5502
f 5501//5501 5502//5502 5503//5503
f 5503//5503 5502//5502 5504//5504
f 5503//5503 5504//5504 5505//5505
f 5505//5505 5504//5504 5506//5506
f 5505//5505 5506//5506 5507//5507
f 5507//5507 5506//5506 5508//5508
f 5507//5507 5508//5508 5509//5509
f 5509//5509 5508//5508 5510//5510
f 5509//5509 5510//5510 5511//5511
f 5511//5511 5510//5510 5512//5512
f 5508//5508 5506//5506 5513//5513
f 5504//5504 5502//5502 5514//5514
f 5483//5483 5482//5482 5515//5515
f 5515//5515 5482//5482 4504//4504
f 5515//5515 4504//4504 5516//5516
f 5483//5483 5515//5515 5484//5484
f 5484//5484 5515//5515 5517//5517
f 5484//5484 5517//5517 5485//5485
f 5485//5485 5517//5517 5514//5514
f 5485//5485 5514//5514 5486//5486
f 5486//5486 5514//5514 5502//5502
f 5486//5486 5502//5502 5487//5487
f 5518//5518 5512//5512 5510//5510
f 5510//5510 5519//5519 5518//5518
f 5518//5518 5519//5519 5520//5520
f 5518//5518 5520//5520 5521//5521
f 5521//5521 5520//5520 5522//5522
f 5521//5521 5522//5522 5523//5523
f 5523//5523 5522//5522 5524//5524
f 5523//5523 5524//5524 5525//5525
f 5510//5510 5508//5508 5519//5519
f 5519//5519 5508//5508 5513//5513
f 5519//5519 5513//5513 5520//5520
f 5520//5520 5513//5513 5526//5526
f 5520//5520 5526//5526 5522//5522
f 5522//5522 5526//5526 5527//5527
f 5522//5522 5527//5527 5524//5524
f 5524//5524 5527//5527 5528//5528
f 5506//5506 5504//5504 5513//5513
f 5513//5513 5504//5504 5514//5514
f 5513//5513 5514//5514 5526//5526
f 5526//5526 5514//5514 5517//5517
f 5526//5526 5517//5517 5527//5527
f 5527//5527 5517//5517 5515//5515
f 5527//5527 5515//5515 5528//5528
f 5528//5528 5515//5515 5516//5516
f 5529//5529 4503//4503 4502//4502
f 5516//5516 4504//4504 4503//4503
f 4503//4503 5529//5529 5516//5516
f 5516//5516 5529//5529 5530//5530
f 5516//5516 5530//5530 5528//5528
f 5528//5528 5530//5530 5531//5531
f 5528//5528 5531//5531 5524//5524
f 5532//5532 5533//5533 5534//5534
f 4502//4502 5535//5535 5529//5529
f 5529//5529 5535//5535 5536//5536
f 5529//5529 5536//5536 5530//5530
f 5530//5530 5536//5536 5532//5532
f 5530//5530 5532//5532 5531//5531
f 5531//5531 5532//5532 5534//5534
f 5531//5531 5534//5534 5524//5524
f 5524//5524 5534//5534 5525//5525
f 5537//5537 5538//5538 4547//4547
f 4547//4547 5538//5538 4545//4545
f 4545//4545 5538//5538 4543//4543
f 4543//4543 5538//5538 5539//5539
f 4543//4543 5539//5539 4539//4539
f 4539//4539 5539//5539 5540//5540
f 4539//4539 5540//5540 4538//4538
f 4538//4538 5540//5540 4537//4537
f 4537//4537 5540//5540 5541//5541
f 4537//4537 5541//5541 4536//4536
f 4536//4536 5541//5541 5535//5535
f 4536//4536 5535//5535 4502//4502
f 5542//5542 5533//5533 5532//5532
f 5532//5532 5543//5543 5542//5542
f 5542//5542 5543//5543 5544//5544
f 5542//5542 5544//5544 5545//5545
f 5545//5545 5544//5544 5546//5546
f 5545//5545 5546//5546 5547//5547
f 5547//5547 5546//5546 5548//5548
f 5547//5547 5548//5548 5549//5549
f 5549//5549 5548//5548 5550//5550
f 5549//5549 5550//5550 5551//5551
f 5537//5537 5552//5552 5538//5538
f 5538//5538 5552//5552 5553//5553
f 5538//5538 5553//5553 5539//5539
f 5539//5539 5553//5553 5554//5554
f 5539//5539 5554//5554 5540//5540
f 5540//5540 5554//5554 5555//5555
f 5540//5540 5555//5555 5541//5541
f 5541//5541 5555//5555 5556//5556
f 5541//5541 5556//5556 5535//5535
f 5535//5535 5556//5556 5536//5536
f 5552//5552 5550//5550 5553//5553
f 5553//5553 5550//5550 5548//5548
f 5553//5553 5548//5548 5554//5554
f 5554//5554 5548//5548 5546//5546
f 5554//5554 5546//5546 5555//5555
f 5555//5555 5546//5546 5544//5544
f 5555//5555 5544//5544 5556//5556
f 5556//5556 5544//5544 5543//5543
f 5556//5556 5543//5543 5536//5536
f 5536//5536 5543//5543 5532//5532
f 5537//5537 4547//4547 4566//4566
f 4566//4566 4572//4572 5537//5537
f 5537//5537 4572//4572 4574//4574
f 5537//5537 4574//4574 5552//5552
f 5552//5552 4574//4574 4575//4575
f 5552//5552 4575//4575 5550//5550
f 5550//5550 4575//4575 4576//4576
f 5550//5550 4576//4576 5551//5551
f 4556//4556 5557//5557 4559//4559
f 4559//4559 5557//5557 5558//5558
f 4559//4559 5558//5558 4560//4560
f 4560//4560 5558//5558 5559//5559
f 4560//4560 5559//5559 4561//4561
f 4561//4561 5559//5559 5560//5560
f 4561//4561 5560//5560 4558//4558
f 4558//4558 5560//5560 5561//5561
f 4558//4558 5561//5561 4557//4557
f 4557//4557 5561//5561 5562//5562
f 4557//4557 5562//5562 4554//4554
f 4554//4554 5562//5562 5563//5563
f 4554//4554 5563//5563 4555//4555
f 4555//4555 5563//5563 5564//5564
f 4555//4555 5564//5564 4562//4562
f 4562//4562 5564//5564 5565//5565
f 4562//4562 5565//5565 4563//4563
f 4563//4563 5565//5565 5566//5566
f 4563//4563 5566//5566 4564//4564
f 4564//4564 5566//5566 5567//5567
f 4564//4564 5567//5567 4565//4565
f 4565//4565 5567//5567 5568//5568
f 4565//4565 5568//5568 4556//4556
f 4556//4556 5568//5568 5557//5557
f 5569//5569 4576//4576 4571//4571
f 5569//5569 4571//4571 5570//5570
f 5570//5570 4571//4571 4570//4570
f 5570//5570 4570//4570 5571//5571
f 5572//5572 5573//5573 5574//5574
f 4146//4146 4147//4147 5572//5572
f 4579//4579 4131//4131 4130//4130
f 4577//4577 4579//4579 5575//5575
f 4579//4579 4130//4130 5575//5575
f 5575//5575 4130//4130 4138//4138
f 5575//5575 4138//4138 5576//5576
f 5576//5576 4138//4138 5577//5577
f 5577//5577 4138//4138 4140//4140
f 5577//5577 4140//4140 4145//4145
f 4567//4567 4577//4577 5578//5578
f 5578//5578 4577//4577 5575//5575
f 5578//5578 5575//5575 5579//5579
f 5579//5579 5575//5575 5576//5576
f 5579//5579 5576//5576 5574//5574
f 5574//5574 5576//5576 5577//5577
f 5574//5574 5577//5577 5572//5572
f 5572//5572 5577//5577 4145//4145
f 5572//5572 4145//4145 4146//4146
f 4567//4567 5578//5578 4568//4568
f 4568//4568 5578//5578 5579//5579
f 4568//4568 5579//5579 4573//4573
f 4573//4573 5579//5579 5574//5574
f 4573//4573 5574//5574 4569//4569
f 4569//4569 5574//5574 5573//5573
f 4569//4569 5573//5573 4570//4570
f 5580//5580 5581//5581 5582//5582
f 5583//5583 5584//5584 5582//5582
f 5582//5582 5584//5584 5585//5585
f 5582//5582 5585//5585 5580//5580
f 5586//5586 5587//5587 5588//5588
f 5581//5581 5580//5580 5588//5588
f 5588//5588 5580//5580 5589//5589
f 5588//5588 5589//5589 5586//5586
f 5590//5590 5591//5591 5592//5592
f 5592//5592 5591//5591 5593//5593
f 5592//5592 5593//5593 5594//5594
f 5587//5587 5586//5586 5594//5594
f 5594//5594 5586//5586 5595//5595
f 5594//5594 5595//5595 5592//5592
f 5591//5591 5590//5590 4598//4598
f 4595//4595 4593//4593 5596//5596
f 5596//5596 4593//4593 4452//4452
f 5596//5596 4452//4452 5385//5385
f 5596//5596 5583//5583 4595//4595
f 4595//4595 5583//5583 5582//5582
f 4595//4595 5582//5582 4597//4597
f 4597//4597 5582//5582 5581//5581
f 4597//4597 5581//5581 5588//5588
f 5588//5588 5587//5587 4597//4597
f 4597//4597 5587//5587 5594//5594
f 4597//4597 5594//5594 4598//4598
f 4598//4598 5594//5594 5593//5593
f 4598//4598 5593//5593 5591//5591
f 4135//4135 4136//4136 4587//4587
f 4587//4587 4599//4599 4135//4135
f 4135//4135 4599//4599 4612//4612
f 4135//4135 4612//4612 4134//4134
f 4134//4134 4612//4612 4591//4591
f 4134//4134 4591//4591 4141//4141
f 4591//4591 4590//4590 4141//4141
f 4141//4141 4590//4590 4598//4598
f 4141//4141 4598//4598 4143//4143
f 4143//4143 5597//5597 4144//4144
f 4144//4144 5597//5597 5598//5598
f 4144//4144 5598//5598 4147//4147
f 4147//4147 5598//5598 5599//5599
f 5586//5586 5589//5589 5600//5600
f 5580//5580 5585//5585 5601//5601
f 5602//5602 5603//5603 5604//5604
f 5595//5595 5605//5605 5592//5592
f 5592//5592 5605//5605 5606//5606
f 5606//5606 5605//5605 5607//5607
f 5607//5607 5605//5605 5608//5608
f 5607//5607 5608//5608 5609//5609
f 5609//5609 5608//5608 5610//5610
f 5609//5609 5610//5610 5611//5611
f 5611//5611 5610//5610 5612//5612
f 5611//5611 5612//5612 5613//5613
f 5614//5614 5615//5615 5612//5612
f 5612//5612 5615//5615 5616//5616
f 5612//5612 5616//5616 5613//5613
f 5617//5617 5615//5615 5618//5618
f 5618//5618 5615//5615 5614//5614
f 5618//5618 5614//5614 5619//5619
f 5620//5620 5621//5621 5622//5622
f 5622//5622 5623//5623 5620//5620
f 5620//5620 5623//5623 5624//5624
f 5620//5620 5624//5624 5625//5625
f 5625//5625 5624//5624 5626//5626
f 5625//5625 5626//5626 5627//5627
f 5627//5627 5626//5626 5628//5628
f 5627//5627 5628//5628 5629//5629
f 5629//5629 5628//5628 5601//5601
f 5629//5629 5601//5601 5630//5630
f 5630//5630 5601//5601 5585//5585
f 5630//5630 5585//5585 5584//5584
f 5595//5595 5586//5586 5605//5605
f 5605//5605 5586//5586 5600//5600
f 5605//5605 5600//5600 5608//5608
f 5608//5608 5600//5600 5631//5631
f 5608//5608 5631//5631 5610//5610
f 5610//5610 5631//5631 5632//5632
f 5610//5610 5632//5632 5612//5612
f 5612//5612 5632//5632 5633//5633
f 5612//5612 5633//5633 5614//5614
f 5614//5614 5633//5633 5604//5604
f 5614//5614 5604//5604 5619//5619
f 5619//5619 5604//5604 5603//5603
f 5589//5589 5580//5580 5600//5600
f 5600//5600 5580//5580 5601//5601
f 5600//5600 5601//5601 5631//5631
f 5631//5631 5601//5601 5628//5628
f 5631//5631 5628//5628 5632//5632
f 5632//5632 5628//5628 5626//5626
f 5632//5632 5626//5626 5633//5633
f 5633//5633 5626//5626 5624//5624
f 5633//5633 5624//5624 5604//5604
f 5604//5604 5624//5624 5623//5623
f 5604//5604 5623//5623 5602//5602
f 5602//5602 5623//5623 5622//5622
f 5634//5634 5617//5617 5635//5635
f 5635//5635 5617//5617 5618//5618
f 5635//5635 5618//5618 5636//5636
f 5636//5636 5618//5618 5619//5619
f 5636//5636 5619//5619 5637//5637
f 5637//5637 5619//5619 5603//5603
f 5637//5637 5603//5603 5638//5638
f 5638//5638 5603//5603 5602//5602
f 5638//5638 5602//5602 5639//5639
f 5639//5639 5602//5602 5622//5622
f 5639//5639 5622//5622 5640//5640
f 5640//5640 5622//5622 5621//5621
f 5636//5636 5637//5637 5641//5641
f 5638//5638 5639//5639 5642//5642
f 5643//5643 5644//5644 5645//5645
f 5635//5635 5646//5646 5634//5634
f 5634//5634 5646//5646 5647//5647
f 5647//5647 5646//5646 5648//5648
f 5648//5648 5646//5646 5649//5649
f 5648//5648 5649//5649 5650//5650
f 5650//5650 5649//5649 5651//5651
f 5650//5650 5651//5651 5652//5652
f 5653//5653 5654//5654 5651//5651
f 5651//5651 5654//5654 5655//5655
f 5651//5651 5655//5655 5652//5652
f 5656//5656 5654//5654 5657//5657
f 5657//5657 5654//5654 5653//5653
f 5657//5657 5653//5653 5658//5658
f 5659//5659 5660//5660 5661//5661
f 5661//5661 5662//5662 5659//5659
f 5659//5659 5662//5662 5663//5663
f 5659//5659 5663//5663 5664//5664
f 5664//5664 5663//5663 5665//5665
f 5664//5664 5665//5665 5666//5666
f 5666//5666 5665//5665 5642//5642
f 5666//5666 5642//5642 5667//5667
f 5667//5667 5642//5642 5639//5639
f 5667//5667 5639//5639 5640//5640
f 5661//5661 5643//5643 5662//5662
f 5662//5662 5643//5643 5645//5645
f 5662//5662 5645//5645 5663//5663
f 5663//5663 5645//5645 5668//5668
f 5663//5663 5668//5668 5665//5665
f 5665//5665 5668//5668 5669//5669
f 5665//5665 5669//5669 5642//5642
f 5642//5642 5669//5669 5641//5641
f 5642//5642 5641//5641 5638//5638
f 5638//5638 5641//5641 5637//5637
f 5644//5644 5658//5658 5645//5645
f 5645//5645 5658//5658 5653//5653
f 5645//5645 5653//5653 5668//5668
f 5668//5668 5653//5653 5651//5651
f 5668//5668 5651//5651 5669//5669
f 5669//5669 5651//5651 5649//5649
f 5669//5669 5649//5649 5641//5641
f 5641//5641 5649//5649 5646//5646
f 5641//5641 5646//5646 5636//5636
f 5636//5636 5646//5646 5635//5635
f 5660//5660 5670//5670 5661//5661
f 5661//5661 5670//5670 5671//5671
f 5661//5661 5671//5671 5643//5643
f 5643//5643 5671//5671 5672//5672
f 5643//5643 5672//5672 5644//5644
f 5644//5644 5672//5672 5673//5673
f 5644//5644 5673//5673 5658//5658
f 5658//5658 5673//5673 5674//5674
f 5658//5658 5674//5674 5657//5657
f 5657//5657 5674//5674 5675//5675
f 5657//5657 5675//5675 5656//5656
f 5656//5656 5675//5675 5676//5676
f 5656//5656 5676//5676 5677//5677
f 4671//4671 4672//4672 5678//5678
f 4613//4613 4623//4623 5679//5679
f 5680//5680 5681//5681 5682//5682
f 5683//5683 5684//5684 5685//5685
f 4613//4613 5679//5679 4614//4614
f 4623//4623 4621//4621 5679//5679
f 5679//5679 4621//4621 5686//5686
f 5679//5679 5686//5686 5687//5687
f 5687//5687 5686//5686 5688//5688
f 5687//5687 5688//5688 5685//5685
f 5678//5678 4672//4672 5680//5680
f 4672//4672 4669//4669 5680//5680
f 5680//5680 4669//4669 4668//4668
f 5680//5680 4668//4668 5681//5681
f 5681//5681 4668//4668 4666//4666
f 5681//5681 4666//4666 4664//4664
f 5689//5689 5690//5690 5691//5691
f 5691//5691 5690//5690 5692//5692
f 5691//5691 5692//5692 5693//5693
f 5693//5693 5692//5692 5694//5694
f 5690//5690 5695//5695 5692//5692
f 5692//5692 5695//5695 5682//5682
f 5692//5692 5682//5682 5694//5694
f 5694//5694 5682//5682 5681//5681
f 5694//5694 5681//5681 5696//5696
f 5696//5696 5681//5681 4664//4664
f 5696//5696 4664//4664 4663//4663
f 5685//5685 5684//5684 5687//5687
f 5687//5687 5684//5684 5697//5697
f 5687//5687 5697//5697 5679//5679
f 5679//5679 5697//5697 5698//5698
f 5679//5679 5698//5698 4614//4614
f 4620//4620 4671//4671 4621//4621
f 4621//4621 4671//4671 5678//5678
f 4621//4621 5678//5678 5686//5686
f 5686//5686 5678//5678 5680//5680
f 5686//5686 5680//5680 5688//5688
f 5688//5688 5680//5680 5682//5682
f 5688//5688 5682//5682 5685//5685
f 5685//5685 5682//5682 5695//5695
f 5685//5685 5695//5695 5683//5683
f 5683//5683 5695//5695 5690//5690
f 4632//4632 4631//4631 5670//5670
f 4615//4615 5672//5672 4631//4631
f 4631//4631 5672//5672 5671//5671
f 4631//4631 5671//5671 5670//5670
f 4614//4614 5677//5677 5676//5676
f 5676//5676 5675//5675 4614//4614
f 4614//4614 5675//5675 5674//5674
f 4614//4614 5674//5674 4615//4615
f 4615//4615 5674//5674 5673//5673
f 4615//4615 5673//5673 5672//5672
f 5670//5670 5699//5699 4632//4632
f 4632//4632 5699//5699 5384//5384
f 4632//4632 5384//5384 4463//4463
f 5693//5693 5694//5694 5700//5700
f 5701//5701 5702//5702 5703//5703
f 5704//5704 5705//5705 5706//5706
f 5701//5701 5703//5703 5707//5707
f 4656//4656 5708//5708 4657//4657
f 4657//4657 5708//5708 5709//5709
f 4657//4657 5709//5709 4658//4658
f 4658//4658 5709//5709 5710//5710
f 4658//4658 5710//5710 4659//4659
f 4659//4659 5710//5710 5711//5711
f 4659//4659 5711//5711 4660//4660
f 4660//4660 5711//5711 4661//4661
f 4661//4661 5711//5711 5712//5712
f 4661//4661 5712//5712 4662//4662
f 4662//4662 5712//5712 5696//5696
f 4662//4662 5696//5696 4663//4663
f 5713//5713 5689//5689 5691//5691
f 5691//5691 5714//5714 5713//5713
f 5713//5713 5714//5714 5715//5715
f 5713//5713 5715//5715 5716//5716
f 5716//5716 5715//5715 5717//5717
f 5716//5716 5717//5717 5718//5718
f 5718//5718 5717//5717 5719//5719
f 5718//5718 5719//5719 5720//5720
f 5720//5720 5719//5719 5703//5703
f 5720//5720 5703//5703 5706//5706
f 5706//5706 5703//5703 5702//5702
f 5706//5706 5702//5702 5704//5704
f 5708//5708 5721//5721 5709//5709
f 5709//5709 5721//5721 5722//5722
f 5709//5709 5722//5722 5710//5710
f 5710//5710 5722//5722 5723//5723
f 5710//5710 5723//5723 5711//5711
f 5711//5711 5723//5723 5724//5724
f 5711//5711 5724//5724 5712//5712
f 5712//5712 5724//5724 5700//5700
f 5712//5712 5700//5700 5696//5696
f 5696//5696 5700//5700 5694//5694
f 5691//5691 5693//5693 5714//5714
f 5714//5714 5693//5693 5700//5700
f 5714//5714 5700//5700 5715//5715
f 5715//5715 5700//5700 5724//5724
f 5715//5715 5724//5724 5717//5717
f 5717//5717 5724//5724 5723//5723
f 5717//5717 5723//5723 5719//5719
f 5719//5719 5723//5723 5722//5722
f 5719//5719 5722//5722 5703//5703
f 5703//5703 5722//5722 5721//5721
f 5703//5703 5721//5721 5707//5707
f 5707//5707 5721//5721 5708//5708
f 5707//5707 5708//5708 5725//5725
f 5725//5725 5708//5708 4656//4656
f 5725//5725 4656//4656 4655//4655
f 4708//4708 5726//5726 5727//5727
f 5726//5726 4708//4708 5728//5728
f 5728//5728 4708//4708 4707//4707
f 5728//5728 4707//4707 5729//5729
f 5729//5729 4707//4707 4706//4706
f 5729//5729 4706//4706 5382//5382
f 5382//5382 4706//4706 4692//4692
f 5382//5382 4692//4692 4441//4441
f 5730//5730 4710//4710 5727//5727
f 5727//5727 4710//4710 4709//4709
f 5727//5727 4709//4709 4708//4708
f 5730//5730 5731//5731 4710//4710
f 4710//4710 5731//5731 5732//5732
f 4710//4710 5732//5732 5733//5733
f 4654//4654 4651//4651 5734//5734
f 5735//5735 5736//5736 5737//5737
f 5738//5738 5701//5701 5707//5707
f 5739//5739 5740//5740 5741//5741
f 5741//5741 5740//5740 4653//4653
f 5741//5741 4653//4653 4645//4645
f 5742//5742 5705//5705 5743//5743
f 5743//5743 5705//5705 5704//5704
f 5743//5743 5704//5704 5738//5738
f 5738//5738 5704//5704 5702//5702
f 5738//5738 5702//5702 5701//5701
f 5734//5734 4651//4651 5740//5740
f 5740//5740 4651//4651 4652//4652
f 5740//5740 4652//4652 4653//4653
f 5707//5707 5725//5725 5734//5734
f 5734//5734 5725//5725 4655//4655
f 5734//5734 4655//4655 4654//4654
f 4710//4710 5744//5744 4704//4704
f 4704//4704 5744//5744 5745//5745
f 4704//4704 5745//5745 4703//4703
f 4703//4703 5745//5745 5739//5739
f 4703//4703 5739//5739 4711//4711
f 4711//4711 5739//5739 5741//5741
f 4711//4711 5741//5741 4705//4705
f 4705//4705 5741//5741 4645//4645
f 4705//4705 4645//4645 4644//4644
f 5746//5746 5742//5742 5747//5747
f 5747//5747 5742//5742 5743//5743
f 5747//5747 5743//5743 5737//5737
f 5737//5737 5743//5743 5738//5738
f 5737//5737 5738//5738 5735//5735
f 5735//5735 5738//5738 5707//5707
f 5707//5707 5734//5734 5735//5735
f 5735//5735 5734//5734 5740//5740
f 5735//5735 5740//5740 5736//5736
f 5736//5736 5740//5740 5739//5739
f 5736//5736 5739//5739 5737//5737
f 5737//5737 5739//5739 5745//5745
f 5737//5737 5745//5745 5747//5747
f 5747//5747 5745//5745 5744//5744
f 5747//5747 5744//5744 5746//5746
f 5748//5748 5727//5727 5749//5749
f 5749//5749 5727//5727 5726//5726
f 5749//5749 5726//5726 5750//5750
f 5750//5750 5726//5726 5728//5728
f 5750//5750 5728//5728 5751//5751
f 5733//5733 5732//5732 5752//5752
f 5752//5752 5732//5732 5731//5731
f 5752//5752 5731//5731 5748//5748
f 5748//5748 5731//5731 5730//5730
f 5748//5748 5730//5730 5727//5727
f 5753//5753 5754//5754 5755//5755
f 5756//5756 5757//5757 5758//5758
f 5756//5756 5758//5758 5759//5759
f 5759//5759 5758//5758 5760//5760
f 5759//5759 5760//5760 5761//5761
f 5761//5761 5760//5760 5762//5762
f 5761//5761 5762//5762 5763//5763
f 5763//5763 5762//5762 5764//5764
f 5763//5763 5764//5764 5765//5765
f 5765//5765 5764//5764 5750//5750
f 5765//5765 5750//5750 5751//5751
f 5752//5752 5748//5748 5766//5766
f 5766//5766 5748//5748 5767//5767
f 5766//5766 5767//5767 5768//5768
f 5768//5768 5767//5767 5769//5769
f 5768//5768 5769//5769 5770//5770
f 5770//5770 5769//5769 5771//5771
f 5770//5770 5771//5771 5772//5772
f 5773//5773 5774//5774 5771//5771
f 5771//5771 5774//5774 5775//5775
f 5771//5771 5775//5775 5772//5772
f 5776//5776 5774//5774 5777//5777
f 5777//5777 5774//5774 5773//5773
f 5777//5777 5773//5773 5778//5778
f 5757//5757 5753//5753 5758//5758
f 5758//5758 5753//5753 5755//5755
f 5758//5758 5755//5755 5760//5760
f 5760//5760 5755//5755 5779//5779
f 5760//5760 5779//5779 5762//5762
f 5762//5762 5779//5779 5780//5780
f 5762//5762 5780//5780 5764//5764
f 5764//5764 5780//5780 5781//5781
f 5764//5764 5781//5781 5750//5750
f 5750//5750 5781//5781 5749//5749
f 5754//5754 5778//5778 5755//5755
f 5755//5755 5778//5778 5773//5773
f 5755//5755 5773//5773 5779//5779
f 5779//5779 5773//5773 5771//5771
f 5779//5779 5771//5771 5780//5780
f 5780//5780 5771//5771 5769//5769
f 5780//5780 5769//5769 5781//5781
f 5781//5781 5769//5769 5767//5767
f 5781//5781 5767//5767 5749//5749
f 5749//5749 5767//5767 5748//5748
f 5756//5756 5782//5782 5757//5757
f 5757//5757 5782//5782 5783//5783
f 5757//5757 5783//5783 5753//5753
f 5784//5784 5754//5754 5785//5785
f 5785//5785 5754//5754 5753//5753
f 5785//5785 5753//5753 5786//5786
f 5786//5786 5753//5753 5783//5783
f 5787//5787 5776//5776 5788//5788
f 5788//5788 5776//5776 5777//5777
f 5788//5788 5777//5777 5784//5784
f 5784//5784 5777//5777 5778//5778
f 5784//5784 5778//5778 5754//5754
f 5789//5789 5790//5790 5791//5791
f 5784//5784 5785//5785 5792//5792
f 5786//5786 5783//5783 5793//5793
f 5794//5794 5795//5795 5796//5796
f 5794//5794 5796//5796 5797//5797
f 5797//5797 5796//5796 5798//5798
f 5797//5797 5798//5798 5799//5799
f 5799//5799 5798//5798 5800//5800
f 5799//5799 5800//5800 5801//5801
f 5801//5801 5800//5800 5802//5802
f 5801//5801 5802//5802 5803//5803
f 5803//5803 5802//5802 5793//5793
f 5803//5803 5793//5793 5804//5804
f 5804//5804 5793//5793 5783//5783
f 5804//5804 5783//5783 5782//5782
f 5787//5787 5788//5788 5805//5805
f 5805//5805 5788//5788 5806//5806
f 5805//5805 5806//5806 5807//5807
f 5807//5807 5806//5806 5808//5808
f 5807//5807 5808//5808 5809//5809
f 5809//5809 5808//5808 5810//5810
f 5809//5809 5810//5810 5811//5811
f 5811//5811 5810//5810 5812//5812
f 5811//5811 5812//5812 5813//5813
f 5814//5814 5815//5815 5812//5812
f 5812//5812 5815//5815 5816//5816
f 5812//5812 5816//5816 5813//5813
f 5817//5817 5815//5815 5818//5818
f 5818//5818 5815//5815 5814//5814
f 5818//5818 5814//5814 5819//5819
f 5788//5788 5784//5784 5806//5806
f 5806//5806 5784//5784 5792//5792
f 5806//5806 5792//5792 5808//5808
f 5808//5808 5792//5792 5820//5820
f 5808//5808 5820//5820 5810//5810
f 5810//5810 5820//5820 5821//5821
f 5810//5810 5821//5821 5812//5812
f 5812//5812 5821//5821 5822//5822
f 5812//5812 5822//5822 5814//5814
f 5814//5814 5822//5822 5791//5791
f 5814//5814 5791//5791 5819//5819
f 5819//5819 5791//5791 5790//5790
f 5785//5785 5786//5786 5792//5792
f 5792//5792 5786//5786 5793//5793
f 5792//5792 5793//5793 5820//5820
f 5820//5820 5793//5793 5802//5802
f 5820//5820 5802//5802 5821//5821
f 5821//5821 5802//5802 5800//5800
f 5821//5821 5800//5800 5822//5822
f 5822//5822 5800//5800 5798//5798
f 5822//5822 5798//5798 5791//5791
f 5791//5791 5798//5798 5796//5796
f 5791//5791 5796//5796 5789//5789
f 5789//5789 5796//5796 5795//5795
f 4728//4728 4729//4729 4339//4339
f 4339//4339 4338//4338 4728//4728
f 4728//4728 4338//4338 4344//4344
f 4728//4728 4344//4344 4727//4727
f 4727//4727 4344//4344 4354//4354
f 4727//4727 4354//4354 4734//4734
f 4734//4734 4354//4354 4355//4355
f 4734//4734 4355//4355 4739//4739
f 4716//4716 5823//5823 5824//5824
f 4716//4716 5824//5824 4718//4718
f 5824//5824 5825//5825 4718//4718
f 4718//4718 5825//5825 5383//5383
f 4718//4718 5383//5383 4443//4443
f 5823//5823 4716//4716 5826//5826
f 5826//5826 4716//4716 4714//4714
f 5826//5826 4714//4714 5827//5827
f 5828//5828 5829//5829 4739//4739
f 4739//4739 5829//5829 5830//5830
f 4739//4739 5830//5830 4714//4714
f 4714//4714 5830//5830 5831//5831
f 4714//4714 5831//5831 5827//5827
f 5794//5794 5824//5824 5795//5795
f 5795//5795 5824//5824 5823//5823
f 5795//5795 5823//5823 5789//5789
f 5789//5789 5823//5823 5826//5826
f 5789//5789 5826//5826 5790//5790
f 5790//5790 5826//5826 5827//5827
f 5790//5790 5827//5827 5819//5819
f 5819//5819 5827//5827 5831//5831
f 5819//5819 5831//5831 5818//5818
f 5818//5818 5831//5831 5830//5830
f 5818//5818 5830//5830 5817//5817
f 5817//5817 5830//5830 5829//5829
f 5817//5817 5829//5829 5828//5828
f 4352//4352 5832//5832 4353//4353
f 4353//4353 5832//5832 5833//5833
f 4353//4353 5833//5833 4355//4355
f 4355//4355 5833//5833 5834//5834
f 5835//5835 5836//5836 5837//5837
f 4741//4741 4744//4744 5838//5838
f 4746//4746 4748//4748 5839//5839
f 4343//4343 4741//4741 4342//4342
f 4342//4342 4741//4741 5838//5838
f 4342//4342 5838//5838 4346//4346
f 4753//4753 5840//5840 4754//4754
f 4754//4754 5840//5840 5841//5841
f 4754//4754 5841//5841 4756//4756
f 4756//4756 5841//5841 5839//5839
f 4756//4756 5839//5839 4758//4758
f 4758//4758 5839//5839 4748//4748
f 4758//4758 4748//4748 4749//4749
f 4753//4753 5835//5835 5840//5840
f 5840//5840 5835//5835 5837//5837
f 5840//5840 5837//5837 5841//5841
f 5841//5841 5837//5837 5842//5842
f 5841//5841 5842//5842 5839//5839
f 5839//5839 5842//5842 5838//5838
f 5839//5839 5838//5838 4746//4746
f 4746//4746 5838//5838 4744//4744
f 4346//4346 5838//5838 4347//4347
f 4347//4347 5838//5838 5842//5842
f 4347//4347 5842//5842 4348//4348
f 4348//4348 5842//5842 5837//5837
f 4348//4348 5837//5837 4350//4350
f 4350//4350 5837//5837 5836//5836
f 4350//4350 5836//5836 4352//4352
f 5843//5843 4753//4753 5844//5844
f 5844//5844 4753//4753 4752//4752
f 5844//5844 4752//4752 5845//5845
f 5845//5845 4752//4752 4760//4760
f 4759//4759 4750//4750 4751//4751
f 4751//4751 5846//5846 4759//4759
f 4759//4759 5846//5846 5847//5847
f 4759//4759 5847//5847 4757//4757
f 4757//4757 5847//5847 5848//5848
f 4757//4757 5848//5848 4755//4755
f 4755//4755 5848//5848 5849//5849
f 4755//4755 5849//5849 4760//4760
f 5850//5850 5851//5851 4761//4761
f 4761//4761 5851//5851 4762//4762
f 4762//4762 5851//5851 4771//4771
f 4771//4771 5851//5851 5852//5852
f 4771//4771 5852//5852 4770//4770
f 4770//4770 5852//5852 5853//5853
f 4770//4770 5853//5853 4765//4765
f 4765//4765 5853//5853 4780//4780
f 4780//4780 5853//5853 5854//5854
f 4780//4780 5854//5854 4777//4777
f 4777//4777 5854//5854 5846//5846
f 4777//4777 5846//5846 4751//4751
f 5855//5855 5849//5849 5848//5848
f 5848//5848 5856//5856 5855//5855
f 5855//5855 5856//5856 5857//5857
f 5855//5855 5857//5857 5858//5858
f 5858//5858 5857//5857 5859//5859
f 5858//5858 5859//5859 5860//5860
f 5860//5860 5859//5859 5861//5861
f 5860//5860 5861//5861 5862//5862
f 5862//5862 5861//5861 5863//5863
f 5862//5862 5863//5863 5864//5864
f 5850//5850 5865//5865 5851//5851
f 5851//5851 5865//5865 5866//5866
f 5851//5851 5866//5866 5852//5852
f 5852//5852 5866//5866 5867//5867
f 5852//5852 5867//5867 5853//5853
f 5853//5853 5867//5867 5868//5868
f 5853//5853 5868//5868 5854//5854
f 5854//5854 5868//5868 5869//5869
f 5854//5854 5869//5869 5846//5846
f 5846//5846 5869//5869 5847//5847
f 5865//5865 5863//5863 5866//5866
f 5866//5866 5863//5863 5861//5861
f 5866//5866 5861//5861 5867//5867
f 5867//5867 5861//5861 5859//5859
f 5867//5867 5859//5859 5868//5868
f 5868//5868 5859//5859 5857//5857
f 5868//5868 5857//5857 5869//5869
f 5869//5869 5857//5857 5856//5856
f 5869//5869 5856//5856 5847//5847
f 5847//5847 5856//5856 5848//5848
f 5870//5870 4826//4826 4827//4827
f 5850//5850 4761//4761 4826//4826
f 4826//4826 5870//5870 5850//5850
f 5850//5850 5870//5870 5871//5871
f 5850//5850 5871//5871 5865//5865
f 5865//5865 5871//5871 5872//5872
f 5865//5865 5872//5872 5863//5863
f 5873//5873 5874//5874 5875//5875
f 4827//4827 5876//5876 5870//5870
f 5870//5870 5876//5876 5877//5877
f 5870//5870 5877//5877 5871//5871
f 5871//5871 5877//5877 5873//5873
f 5871//5871 5873//5873 5872//5872
f 5872//5872 5873//5873 5875//5875
f 5872//5872 5875//5875 5863//5863
f 5863//5863 5875//5875 5864//5864
f 5878//5878 5879//5879 5880//5880
f 5881//5881 5882//5882 5883//5883
f 5884//5884 5885//5885 5886//5886
f 5886//5886 5885//5885 5887//5887
f 5886//5886 5887//5887 5888//5888
f 5884//5884 5886//5886 5889//5889
f 5889//5889 5886//5886 5890//5890
f 5889//5889 5890//5890 5891//5891
f 5891//5891 5890//5890 5892//5892
f 5891//5891 5892//5892 5893//5893
f 5893//5893 5892//5892 5876//5876
f 5893//5893 5876//5876 4827//4827
f 5894//5894 5874//5874 5873//5873
f 5873//5873 5895//5895 5894//5894
f 5894//5894 5895//5895 5896//5896
f 5894//5894 5896//5896 5897//5897
f 5897//5897 5896//5896 5883//5883
f 5897//5897 5883//5883 5898//5898
f 5898//5898 5883//5883 5882//5882
f 5898//5898 5882//5882 5899//5899
f 5873//5873 5877//5877 5895//5895
f 5895//5895 5877//5877 5900//5900
f 5895//5895 5900//5900 5896//5896
f 5896//5896 5900//5900 5901//5901
f 5896//5896 5901//5901 5883//5883
f 5883//5883 5901//5901 5880//5880
f 5883//5883 5880//5880 5881//5881
f 5881//5881 5880//5880 5879//5879
f 5877//5877 5876//5876 5900//5900
f 5900//5900 5876//5876 5892//5892
f 5900//5900 5892//5892 5901//5901
f 5901//5901 5892//5892 5890//5890
f 5901//5901 5890//5890 5880//5880
f 5880//5880 5890//5890 5886//5886
f 5880//5880 5886//5886 5878//5878
f 5878//5878 5886//5886 5888//5888
f 5902//5902 4811//4811 5903//5903
f 5903//5903 4811//4811 4822//4822
f 5903//5903 4822//4822 5904//5904
f 5904//5904 4822//4822 4821//4821
f 5904//5904 4821//4821 5905//5905
f 5905//5905 4821//4821 4813//4813
f 5905//5905 4813//4813 5906//5906
f 5906//5906 4813//4813 4812//4812
f 5906//5906 4812//4812 5907//5907
f 5907//5907 4812//4812 4825//4825
f 5907//5907 4825//4825 5908//5908
f 5908//5908 4825//4825 4824//4824
f 5908//5908 4824//4824 5909//5909
f 5909//5909 4824//4824 4823//4823
f 5909//5909 4823//4823 5910//5910
f 5910//5910 4823//4823 4814//4814
f 5910//5910 4814//4814 5911//5911
f 5911//5911 4814//4814 4815//4815
f 5911//5911 4815//4815 5912//5912
f 5912//5912 4815//4815 4817//4817
f 5912//5912 4817//4817 5913//5913
f 5913//5913 4817//4817 4818//4818
f 5913//5913 4818//4818 5902//5902
f 5902//5902 4818//4818 4811//4811
f 5405//5405 5409//5409 4794//4794
f 5409//5409 5411//5411 4794//4794
f 4794//4794 5411//5411 5914//5914
f 4794//4794 5914//5914 5915//5915
f 4799//4799 5403//5403 4798//4798
f 4798//4798 5403//5403 5405//5405
f 4798//4798 5405//5405 4793//4793
f 4793//4793 5405//5405 4794//4794
f 4803//4803 4372//4372 4467//4467
f 4467//4467 5395//5395 4803//4803
f 4803//4803 5395//5395 5398//5398
f 4803//4803 5398//5398 4801//4801
f 4801//4801 5398//5398 5397//5397
f 4801//4801 5397//5397 4799//4799
f 4799//4799 5397//5397 5401//5401
f 4799//4799 5401//5401 5403//5403
f 4809//4809 4792//4792 5916//5916
f 5916//5916 4792//4792 4791//4791
f 5916//5916 4791//4791 5917//5917
f 5917//5917 4791//4791 4808//4808
f 5917//5917 4808//4808 5918//5918
f 5918//5918 4808//4808 4795//4795
f 5918//5918 4795//4795 5919//5919
f 5919//5919 4795//4795 4794//4794
f 5919//5919 4794//4794 5920//5920
f 5920//5920 4841//4841 4840//4840
f 5920//5920 4840//4840 5919//5919
f 5919//5919 4840//4840 4842//4842
f 5919//5919 4842//4842 5918//5918
f 5918//5918 4842//4842 4828//4828
f 5918//5918 4828//4828 5917//5917
f 4816//4816 4809//4809 4828//4828
f 4828//4828 4809//4809 5916//5916
f 4828//4828 5916//5916 5917//5917
f 4827//4827 4395//4395 5893//5893
f 5893//5893 4395//4395 4832//4832
f 5893//5893 4832//4832 5891//5891
f 5891//5891 4832//4832 4834//4834
f 5891//5891 4834//4834 5889//5889
f 5889//5889 4834//4834 4835//4835
f 5889//5889 4835//4835 5884//5884
f 5884//5884 4835//4835 4837//4837
f 5884//5884 4837//4837 5885//5885
f 5885//5885 4837//4837 4839//4839
f 5885//5885 4839//4839 5887//5887
f 5887//5887 4839//4839 4841//4841
f 5887//5887 5921//5921 5888//5888
f 5888//5888 5921//5921 5922//5922
f 5888//5888 5922//5922 5878//5878
f 5878//5878 5922//5922 5879//5879
f 5879//5879 5922//5922 5923//5923
f 5879//5879 5923//5923 5881//5881
f 5881//5881 5923//5923 5882//5882
f 5882//5882 5923//5923 5924//5924
f 5882//5882 5924//5924 5899//5899
f 5925//5925 5914//5914 5411//5411
f 5925//5925 5417//5417 5926//5926
f 5926//5926 5417//5417 5421//5421
f 5413//5413 5417//5417 5925//5925
f 5413//5413 5925//5925 5412//5412
f 5412//5412 5925//5925 5411//5411
f 5422//5422 5927//5927 5421//5421
f 5421//5421 5927//5927 5928//5928
f 5421//5421 5928//5928 5926//5926
f 5926//5926 5928//5928 5929//5929
f 5926//5926 5929//5929 5930//5930
f 5930//5930 5931//5931 5926//5926
f 5926//5926 5931//5931 5932//5932
f 5926//5926 5932//5932 5925//5925
f 5925//5925 5932//5932 5915//5915
f 5925//5925 5915//5915 5914//5914
f 4870//4870 4868//4868 5933//5933
f 4865//4865 4875//4875 5934//5934
f 3922//3922 4891//4891 5935//5935
f 5935//5935 4891//4891 5936//5936
f 4875//4875 3913//3913 5934//5934
f 5934//5934 3913//3913 3911//3911
f 5934//5934 3911//3911 5935//5935
f 5935//5935 3911//3911 3910//3910
f 5935//5935 3910//3910 3922//3922
f 5933//5933 4868//4868 5934//5934
f 5934//5934 4868//4868 4866//4866
f 5934//5934 4866//4866 4865//4865
f 4850//4850 5937//5937 4853//4853
f 4853//4853 5937//5937 5938//5938
f 4853//4853 5938//5938 4852//4852
f 4850//4850 4848//4848 5937//5937
f 5937//5937 4848//4848 4873//4873
f 5937//5937 4873//4873 5933//5933
f 5933//5933 4873//4873 4872//4872
f 5933//5933 4872//4872 4870//4870
f 5939//5939 3946//3946 5938//5938
f 5938//5938 3946//3946 3962//3962
f 5938//5938 3962//3962 4852//4852
f 5940//5940 4930//4930 5939//5939
f 5939//5939 4930//4930 4877//4877
f 5939//5939 4877//4877 4876//4876
f 4876//4876 3942//3942 5939//5939
f 5939//5939 3942//3942 3944//3944
f 5939//5939 3944//3944 3946//3946
f 4934//4934 4933//4933 5941//5941
f 5941//5941 4933//4933 4927//4927
f 5941//5941 4927//4927 5940//5940
f 5940//5940 4927//4927 4926//4926
f 5940//5940 4926//4926 4930//4930
f 4934//4934 5941//5941 4936//4936
f 4936//4936 5941//5941 5942//5942
f 4936//4936 5942//5942 4938//4938
f 4938//4938 5942//5942 5943//5943
f 4938//4938 5943//5943 4941//4941
f 5944//5944 4944//4944 5943//5943
f 5943//5943 4944//4944 4942//4942
f 5943//5943 4942//4942 4941//4941
f 5945//5945 4884//4884 5944//5944
f 5944//5944 4884//4884 4945//4945
f 5944//5944 4945//4945 4944//4944
f 4891//4891 4890//4890 5936//5936
f 5936//5936 4890//4890 4889//4889
f 5936//5936 4889//4889 5945//5945
f 5945//5945 4889//4889 4886//4886
f 5945//5945 4886//4886 4884//4884
f 4000//4000 5005//5005 5946//5946
f 5946//5946 5005//5005 5015//5015
f 5946//5946 5015//5015 5947//5947
f 4990//4990 3987//3987 5948//5948
f 5948//5948 3987//3987 3985//3985
f 5948//5948 3985//3985 5946//5946
f 5946//5946 3985//3985 3984//3984
f 5946//5946 3984//3984 4000//4000
f 5949//5949 4994//4994 5948//5948
f 5948//5948 4994//4994 4991//4991
f 5948//5948 4991//4991 4990//4990
f 4971//4971 4969//4969 5950//5950
f 5950//5950 4969//4969 4967//4967
f 5950//5950 4967//4967 5949//5949
f 5949//5949 4967//4967 4966//4966
f 5949//5949 4966//4966 4994//4994
f 4977//4977 4976//4976 5951//5951
f 5951//5951 4976//4976 4974//4974
f 5951//5951 4974//4974 5950//5950
f 5950//5950 4974//4974 4972//4972
f 5950//5950 4972//4972 4971//4971
f 5952//5952 4007//4007 5951//5951
f 5951//5951 4007//4007 4008//4008
f 5951//5951 4008//4008 4977//4977
f 5953//5953 4997//4997 5952//5952
f 5952//5952 4997//4997 5040//5040
f 5040//5040 4005//4005 5952//5952
f 5952//5952 4005//4005 4004//4004
f 5952//5952 4004//4004 4007//4007
f 5954//5954 5955//5955 5051//5051
f 5051//5051 5050//5050 5954//5954
f 5954//5954 5050//5050 5048//5048
f 5954//5954 5048//5048 5953//5953
f 5953//5953 5048//5048 4998//4998
f 5953//5953 4998//4998 4997//4997
f 5956//5956 5957//5957 5059//5059
f 5059//5059 5057//5057 5956//5956
f 5956//5956 5057//5057 5055//5055
f 5956//5956 5055//5055 5955//5955
f 5955//5955 5055//5055 5053//5053
f 5955//5955 5053//5053 5051//5051
f 5958//5958 5062//5062 5957//5957
f 5957//5957 5062//5062 5061//5061
f 5957//5957 5061//5061 5059//5059
f 5015//5015 5006//5006 5947//5947
f 5947//5947 5006//5006 5008//5008
f 5947//5947 5008//5008 5958//5958
f 5958//5958 5008//5008 5010//5010
f 5958//5958 5010//5010 5062//5062
f 5091//5091 5093//5093 5959//5959
f 5959//5959 5093//5093 5094//5094
f 5959//5959 5094//5094 5960//5960
f 5091//5091 5959//5959 5089//5089
f 5089//5089 5959//5959 5961//5961
f 5089//5089 5961//5961 5161//5161
f 5170//5170 5169//5169 5962//5962
f 5962//5962 5169//5169 5167//5167
f 5962//5962 5167//5167 5961//5961
f 5961//5961 5167//5167 5178//5178
f 5961//5961 5178//5178 5161//5161
f 5226//5226 5197//5197 5963//5963
f 5963//5963 5197//5197 5195//5195
f 5963//5963 5195//5195 5964//5964
f 5964//5964 5195//5195 5194//5194
f 5964//5964 5194//5194 5962//5962
f 5962//5962 5194//5194 5171//5171
f 5962//5962 5171//5171 5170//5170
f 5212//5212 5213//5213 5965//5965
f 5965//5965 5213//5213 5228//5228
f 5965//5965 5228//5228 5963//5963
f 5963//5963 5228//5228 5225//5225
f 5963//5963 5225//5225 5226//5226
f 5212//5212 5965//5965 5121//5121
f 5121//5121 5965//5965 5966//5966
f 5121//5121 5966//5966 5122//5122
f 5113//5113 5127//5127 5967//5967
f 5967//5967 5127//5127 5126//5126
f 5967//5967 5126//5126 5966//5966
f 5966//5966 5126//5126 5124//5124
f 5966//5966 5124//5124 5122//5122
f 5113//5113 5967//5967 5115//5115
f 5115//5115 5967//5967 5968//5968
f 5115//5115 5968//5968 5117//5117
f 5117//5117 5968//5968 5119//5119
f 5119//5119 5968//5968 5969//5969
f 5119//5119 5969//5969 5120//5120
f 5103//5103 5111//5111 5970//5970
f 5970//5970 5111//5111 5110//5110
f 5970//5970 5110//5110 5969//5969
f 5969//5969 5110//5110 5108//5108
f 5969//5969 5108//5108 5120//5120
f 5094//5094 5096//5096 5960//5960
f 5960//5960 5096//5096 5101//5101
f 5960//5960 5101//5101 5971//5971
f 5971//5971 5101//5101 5100//5100
f 5100//5100 5098//5098 5971//5971
f 5971//5971 5098//5098 5106//5106
f 5971//5971 5106//5106 5970//5970
f 5970//5970 5106//5106 5105//5105
f 5970//5970 5105//5105 5103//5103
f 5323//5323 5972//5972 5259//5259
f 5259//5259 5972//5972 5973//5973
f 5974//5974 5234//5234 5973//5973
f 5973//5973 5234//5234 5253//5253
f 5973//5973 5253//5253 5259//5259
f 5239//5239 5238//5238 5974//5974
f 5974//5974 5238//5238 5235//5235
f 5974//5974 5235//5235 5234//5234
f 5975//5975 5279//5279 5976//5976
f 5976//5976 5279//5279 5268//5268
f 5976//5976 5268//5268 5974//5974
f 5974//5974 5268//5268 5267//5267
f 5974//5974 5267//5267 5239//5239
f 5291//5291 5290//5290 5977//5977
f 5977//5977 5290//5290 5297//5297
f 5297//5297 5296//5296 5977//5977
f 5977//5977 5296//5296 5295//5295
f 5977//5977 5295//5295 5975//5975
f 5975//5975 5295//5295 5305//5305
f 5975//5975 5305//5305 5279//5279
f 5349//5349 5978//5978 5346//5346
f 5346//5346 5978//5978 5979//5979
f 5346//5346 5979//5979 5344//5344
f 5349//5349 5348//5348 5978//5978
f 5978//5978 5348//5348 5352//5352
f 5978//5978 5352//5352 5977//5977
f 5977//5977 5352//5352 5351//5351
f 5977//5977 5351//5351 5291//5291
f 5344//5344 5979//5979 5342//5342
f 5342//5342 5979//5979 5980//5980
f 5342//5342 5980//5980 5341//5341
f 5334//5334 5336//5336 5981//5981
f 5981//5981 5336//5336 5337//5337
f 5981//5981 5337//5337 5980//5980
f 5980//5980 5337//5337 5339//5339
f 5980//5980 5339//5339 5341//5341
f 5334//5334 5981//5981 5332//5332
f 5332//5332 5981//5981 5982//5982
f 5332//5332 5982//5982 5331//5331
f 5983//5983 5327//5327 5982//5982
f 5982//5982 5327//5327 5329//5329
f 5982//5982 5329//5329 5331//5331
f 5326//5326 5325//5325 5984//5984
f 5984//5984 5325//5325 5315//5315
f 5984//5984 5315//5315 5983//5983
f 5983//5983 5315//5315 5314//5314
f 5983//5983 5314//5314 5327//5327
f 5323//5323 5322//5322 5972//5972
f 5972//5972 5322//5322 5320//5320
f 5972//5972 5320//5320 5984//5984
f 5984//5984 5320//5320 5318//5318
f 5984//5984 5318//5318 5326//5326
f 5985//5985 5986//5986 5824//5824
f 5987//5987 5988//5988 5382//5382
f 5782//5782 5989//5989 5804//5804
f 5804//5804 5989//5989 5990//5990
f 5991//5991 5383//5383 5986//5986
f 5986//5986 5383//5383 5825//5825
f 5986//5986 5825//5825 5824//5824
f 5765//5765 5751//5751 5992//5992
f 5824//5824 5794//5794 5985//5985
f 5985//5985 5794//5794 5797//5797
f 5985//5985 5797//5797 5993//5993
f 5993//5993 5797//5797 5799//5799
f 5993//5993 5799//5799 5994//5994
f 5994//5994 5799//5799 5801//5801
f 5994//5994 5801//5801 5990//5990
f 5990//5990 5801//5801 5803//5803
f 5990//5990 5803//5803 5804//5804
f 5991//5991 5995//5995 5383//5383
f 5383//5383 5995//5995 5996//5996
f 5383//5383 5996//5996 5382//5382
f 5382//5382 5996//5996 5997//5997
f 5382//5382 5997//5997 5987//5987
f 5988//5988 5992//5992 5382//5382
f 5382//5382 5992//5992 5751//5751
f 5382//5382 5751//5751 5729//5729
f 5729//5729 5751//5751 5728//5728
f 5763//5763 5765//5765 5761//5761
f 5761//5761 5765//5765 5992//5992
f 5761//5761 5992//5992 5759//5759
f 5759//5759 5992//5992 5998//5998
f 5759//5759 5998//5998 5756//5756
f 5756//5756 5998//5998 5999//5999
f 5756//5756 5999//5999 5782//5782
f 5782//5782 5999//5999 6000//6000
f 5782//5782 6000//6000 5989//5989
f 5699//5699 5670//5670 5660//5660
f 5660//5660 6001//6001 6002//6002
f 5659//5659 6003//6003 5660//5660
f 5660//5660 6003//6003 6004//6004
f 5660//5660 6004//6004 6001//6001
f 6005//6005 5596//5596 6006//6006
f 6006//6006 5596//5596 5385//5385
f 6006//6006 5385//5385 6007//6007
f 6008//6008 5630//5630 6009//6009
f 6009//6009 5630//5630 5584//5584
f 6009//6009 5584//5584 6005//6005
f 6005//6005 5584//5584 5583//5583
f 6005//6005 5583//5583 5596//5596
f 5699//5699 5660//5660 5384//5384
f 5384//5384 5660//5660 6002//6002
f 5384//5384 6002//6002 5385//5385
f 5385//5385 6002//6002 6010//6010
f 5385//5385 6010//6010 6007//6007
f 5659//5659 5664//5664 6003//6003
f 6003//6003 5664//5664 5666//5666
f 6003//6003 5666//5666 6011//6011
f 6011//6011 5666//5666 5667//5667
f 6011//6011 5667//5667 6012//6012
f 6012//6012 5667//5667 5640//5640
f 6012//6012 5640//5640 6013//6013
f 6013//6013 5640//5640 5621//5621
f 6013//6013 5621//5621 6014//6014
f 6014//6014 5621//5621 5620//5620
f 6014//6014 5620//5620 6015//6015
f 6015//6015 5620//5620 5625//5625
f 6015//6015 5625//5625 6016//6016
f 6016//6016 5625//5625 5627//5627
f 6016//6016 5627//5627 6008//6008
f 6008//6008 5627//5627 5629//5629
f 6008//6008 5629//5629 5630//5630
f 6017//6017 6018//6018 6019//6019
f 6019//6019 6018//6018 5422//5422
f 6019//6019 5422//5422 5420//5420
f 6020//6020 6017//6017 6021//6021
f 6021//6021 6017//6017 6019//6019
f 6021//6021 6019//6019 6022//6022
f 6022//6022 6019//6019 5420//5420
f 6022//6022 5420//5420 5419//5419
f 5389//5389 5391//5391 6020//6020
f 5394//5394 5407//5407 6023//6023
f 5407//5407 5399//5399 6023//6023
f 6023//6023 5399//5399 5400//5400
f 6023//6023 5400//5400 5424//5424
f 6020//6020 5391//5391 6023//6023
f 6023//6023 5391//5391 5393//5393
f 6023//6023 5393//5393 5394//5394
f 6022//6022 5419//5419 6021//6021
f 6021//6021 5419//5419 5416//5416
f 6021//6021 5416//5416 6020//6020
f 6020//6020 5416//5416 5415//5415
f 6020//6020 5415//5415 5389//5389
f 6023//6023 5424//5424 6024//6024
f 6024//6024 5424//5424 5432//5432
f 6024//6024 5432//5432 6025//6025
f 6025//6025 5432//5432 6026//6026
f 6026//6026 5432//5432 5430//5430
f 6026//6026 5430//5430 6027//6027
f 6027//6027 5430//5430 6028//6028
f 6028//6028 5430//5430 5428//5428
f 6028//6028 5428//5428 6029//6029
f 6029//6029 5428//5428 6030//6030
f 6030//6030 5428//5428 5426//5426
f 6030//6030 5426//5426 6031//6031
f 6031//6031 5426//5426 6032//6032
f 6032//6032 5426//5426 5433//5433
f 6032//6032 5433//5433 6033//6033
f 6033//6033 5433//5433 5442//5442
f 6033//6033 5442//5442 6034//6034
f 6034//6034 5442//5442 6035//6035
f 6035//6035 5442//5442 5440//5440
f 6035//6035 5440//5440 6036//6036
f 6036//6036 5440//5440 6037//6037
f 6037//6037 5440//5440 5438//5438
f 6037//6037 5438//5438 6038//6038
f 6038//6038 5438//5438 6039//6039
f 6039//6039 5438//5438 5436//5436
f 6039//6039 5436//5436 6040//6040
f 6041//6041 6040//6040 5436//5436
f 5443//5443 5450//5450 6041//6041
f 6041//6041 5450//5450 5449//5449
f 5444//5444 5443//5443 5446//5446
f 5446//5446 5443//5443 6041//6041
f 5446//5446 6041//6041 5447//5447
f 5447//5447 6041//6041 5436//5436
f 5449//5449 5474//5474 6041//6041
f 6041//6041 5474//5474 5475//5475
f 6041//6041 5475//5475 5479//5479
f 5479//5479 5477//5477 6041//6041
f 6041//6041 5477//5477 6042//6042
f 6041//6041 6042//6042 6043//6043
f 6044//6044 6045//6045 6046//6046
f 6046//6046 6045//6045 6047//6047
f 6046//6046 6047//6047 5480//5480
f 5480//5480 6047//6047 5476//5476
f 6045//6045 6041//6041 6047//6047
f 6047//6047 6041//6041 6043//6043
f 6047//6047 6043//6043 5476//5476
f 5476//5476 6043//6043 6042//6042
f 5476//5476 6042//6042 5477//5477
f 5499//5499 5495//5495 6048//6048
f 6049//6049 6050//6050 6051//6051
f 5499//5499 6048//6048 5498//5498
f 5480//5480 5498//5498 6052//6052
f 6052//6052 5498//5498 6048//6048
f 6052//6052 6048//6048 6051//6051
f 6051//6051 6048//6048 6053//6053
f 6051//6051 6053//6053 6049//6049
f 6049//6049 6053//6053 6054//6054
f 5495//5495 5496//5496 6048//6048
f 6048//6048 5496//5496 5497//5497
f 6048//6048 5497//5497 6053//6053
f 6053//6053 5497//5497 6055//6055
f 6053//6053 6055//6055 6054//6054
f 5497//5497 5493//5493 4527//4527
f 5497//5497 4527//4527 6055//6055
f 4490//4490 5487//5487 5491//5491
f 5491//5491 5487//5487 5500//5500
f 5491//5491 5500//5500 4527//4527
f 4527//4527 5500//5500 6054//6054
f 4527//4527 6054//6054 6055//6055
f 5523//5523 5525//5525 5557//5557
f 5565//5565 5511//5511 5566//5566
f 5566//5566 5511//5511 5512//5512
f 5566//5566 5512//5512 5567//5567
f 5565//5565 5564//5564 5511//5511
f 5511//5511 5564//5564 5563//5563
f 5511//5511 5563//5563 5569//5569
f 5567//5567 5512//5512 5568//5568
f 5568//5568 5512//5512 5518//5518
f 5568//5568 5518//5518 5557//5557
f 5557//5557 5518//5518 5521//5521
f 5557//5557 5521//5521 5523//5523
f 5549//5549 5551//5551 5560//5560
f 5560//5560 5551//5551 4576//4576
f 5560//5560 4576//4576 5561//5561
f 5561//5561 4576//4576 5569//5569
f 5561//5561 5569//5569 5562//5562
f 5562//5562 5569//5569 5563//5563
f 5525//5525 5534//5534 5557//5557
f 5557//5557 5534//5534 5533//5533
f 5557//5557 5533//5533 5558//5558
f 5558//5558 5533//5533 5542//5542
f 5558//5558 5542//5542 5559//5559
f 5559//5559 5542//5542 5545//5545
f 5559//5559 5545//5545 5560//5560
f 5560//5560 5545//5545 5547//5547
f 5560//5560 5547//5547 5549//5549
f 5571//5571 4570//4570 5573//5573
f 5571//5571 5573//5573 5599//5599
f 5599//5599 5573//5573 5572//5572
f 5599//5599 5572//5572 4147//4147
f 5592//5592 6056//6056 5590//5590
f 5590//5590 6056//6056 5597//5597
f 5590//5590 5597//5597 4598//4598
f 4598//4598 5597//5597 4143//4143
f 6056//6056 5592//5592 6057//6057
f 6057//6057 5592//5592 5606//5606
f 6057//6057 5606//5606 6058//6058
f 6058//6058 5606//5606 5607//5607
f 6058//6058 5607//5607 6059//6059
f 6059//6059 5607//5607 5609//5609
f 6059//6059 5609//5609 6060//6060
f 6060//6060 5609//5609 5611//5611
f 6060//6060 5611//5611 6061//6061
f 6061//6061 5611//5611 5613//5613
f 6061//6061 5613//5613 6062//6062
f 6062//6062 5613//5613 5616//5616
f 6062//6062 5616//5616 6063//6063
f 6063//6063 5616//5616 5615//5615
f 6063//6063 5615//5615 6064//6064
f 6064//6064 5615//5615 5617//5617
f 6065//6065 6064//6064 5634//5634
f 5634//5634 6064//6064 5617//5617
f 6065//6065 5634//5634 6066//6066
f 6066//6066 5634//5634 5647//5647
f 6066//6066 5647//5647 6067//6067
f 6067//6067 5647//5647 5648//5648
f 6067//6067 5648//5648 6068//6068
f 6068//6068 5648//5648 5650//5650
f 6068//6068 5650//5650 6069//6069
f 6069//6069 5650//5650 5652//5652
f 6069//6069 5652//5652 6070//6070
f 6070//6070 5652//5652 5655//5655
f 6070//6070 5655//5655 6071//6071
f 6071//6071 5655//5655 5654//5654
f 6071//6071 5654//5654 6072//6072
f 6072//6072 5654//5654 5656//5656
f 5677//5677 6073//6073 5656//5656
f 5656//5656 6073//6073 6072//6072
f 5689//5689 6074//6074 5690//5690
f 5690//5690 6074//6074 6075//6075
f 5690//5690 6075//6075 5683//5683
f 5683//5683 6075//6075 5684//5684
f 5684//5684 6075//6075 6076//6076
f 5684//5684 6076//6076 5697//5697
f 6077//6077 5698//5698 6078//6078
f 6078//6078 5698//5698 5697//5697
f 6078//6078 5697//5697 6079//6079
f 6079//6079 5697//5697 6076//6076
f 6077//6077 6073//6073 5698//5698
f 5698//5698 6073//6073 5677//5677
f 5698//5698 5677//5677 4614//4614
f 5706//5706 5705//5705 6080//6080
f 6074//6074 5689//5689 5713//5713
f 5713//5713 5716//5716 6074//6074
f 6074//6074 5716//5716 5718//5718
f 6074//6074 5718//5718 6080//6080
f 6080//6080 5718//5718 5720//5720
f 6080//6080 5720//5720 5706//5706
f 5733//5733 6081//6081 6082//6082
f 5744//5744 4710//4710 5733//5733
f 5733//5733 6082//6082 5744//5744
f 5744//5744 6082//6082 6083//6083
f 5744//5744 6083//6083 5746//5746
f 6083//6083 6084//6084 5746//5746
f 5746//5746 6084//6084 6085//6085
f 5746//5746 6085//6085 5742//5742
f 6085//6085 6086//6086 5742//5742
f 5742//5742 6086//6086 6080//6080
f 5742//5742 6080//6080 5705//5705
f 5752//5752 6087//6087 5733//5733
f 5733//5733 6087//6087 6081//6081
f 5776//5776 6088//6088 5774//5774
f 5774//5774 6088//6088 6089//6089
f 5774//5774 6089//6089 5775//5775
f 5775//5775 6089//6089 6090//6090
f 5775//5775 6090//6090 5772//5772
f 5772//5772 6090//6090 6091//6091
f 5772//5772 6091//6091 5770//5770
f 5770//5770 6091//6091 6092//6092
f 5770//5770 6092//6092 5768//5768
f 5768//5768 6092//6092 6093//6093
f 5768//5768 6093//6093 5766//5766
f 5766//5766 6093//6093 6094//6094
f 5766//5766 6094//6094 5752//5752
f 5752//5752 6094//6094 6087//6087
f 6095//6095 6088//6088 5787//5787
f 5787//5787 6088//6088 5776//5776
f 5817//5817 6096//6096 5815//5815
f 5815//5815 6096//6096 6097//6097
f 5815//5815 6097//6097 5816//5816
f 5816//5816 6097//6097 6098//6098
f 5816//5816 6098//6098 5813//5813
f 5813//5813 6098//6098 6099//6099
f 5813//5813 6099//6099 5811//5811
f 5811//5811 6099//6099 6100//6100
f 5811//5811 6100//6100 5809//5809
f 5809//5809 6100//6100 6101//6101
f 5809//5809 6101//6101 5807//5807
f 5807//5807 6101//6101 6102//6102
f 5807//5807 6102//6102 5805//5805
f 5805//5805 6102//6102 6103//6103
f 5805//5805 6103//6103 5787//5787
f 5787//5787 6103//6103 6095//6095
f 4739//4739 4355//4355 5828//5828
f 5828//5828 4355//4355 5834//5834
f 5828//5828 5834//5834 5817//5817
f 5817//5817 5834//5834 6096//6096
f 5843//5843 5832//5832 4352//4352
f 4352//4352 5836//5836 5843//5843
f 5843//5843 5836//5836 5835//5835
f 5843//5843 5835//5835 4753//4753
f 5902//5902 5875//5875 5874//5874
f 5845//5845 4760//4760 5905//5905
f 5905//5905 4760//4760 5849//5849
f 5905//5905 5906//5906 5845//5845
f 5845//5845 5906//5906 5907//5907
f 5845//5845 5907//5907 5924//5924
f 5924//5924 5907//5907 5908//5908
f 5924//5924 5908//5908 5909//5909
f 5909//5909 5910//5910 5924//5924
f 5924//5924 5910//5910 5911//5911
f 5924//5924 5911//5911 5899//5899
f 5899//5899 5911//5911 5912//5912
f 5899//5899 5912//5912 5898//5898
f 5898//5898 5912//5912 5913//5913
f 5898//5898 5913//5913 5897//5897
f 5897//5897 5913//5913 5902//5902
f 5897//5897 5902//5902 5894//5894
f 5894//5894 5902//5902 5874//5874
f 5849//5849 5855//5855 5905//5905
f 5905//5905 5855//5855 5858//5858
f 5905//5905 5858//5858 5904//5904
f 5904//5904 5858//5858 5860//5860
f 5904//5904 5860//5860 5903//5903
f 5903//5903 5860//5860 5862//5862
f 5903//5903 5862//5862 5902//5902
f 5902//5902 5862//5862 5864//5864
f 5902//5902 5864//5864 5875//5875
f 5915//5915 5932//5932 4794//4794
f 4794//4794 5932//5932 5931//5931
f 5887//5887 4841//4841 5921//5921
f 5921//5921 4841//4841 5920//5920
f 5921//5921 5920//5920 6104//6104
f 6104//6104 5920//5920 4794//4794
f 6104//6104 4794//4794 6105//6105
f 6105//6105 4794//4794 5931//5931
f 6106//6106 6107//6107 6108//6108
f 6109//6109 6104//6104 5929//5929
f 5929//5929 6104//6104 6105//6105
f 5929//5929 6105//6105 5930//5930
f 5930//5930 6105//6105 5931//5931
f 6109//6109 5929//5929 6108//6108
f 6108//6108 5929//5929 5928//5928
f 6108//6108 5928//5928 6106//6106
f 6106//6106 5928//5928 5927//5927
f 6106//6106 5927//5927 5422//5422
f 5941//5941 5940//5940 6110//6110
f 6110//6110 5940//5940 5939//5939
f 6110//6110 5939//5939 6111//6111
f 6111//6111 5939//5939 5938//5938
f 6111//6111 5938//5938 6112//6112
f 6112//6112 5938//5938 5937//5937
f 6112//6112 5937//5937 6113//6113
f 6113//6113 5937//5937 5933//5933
f 6113//6113 5933//5933 6114//6114
f 6114//6114 5933//5933 5934//5934
f 6114//6114 5934//5934 6115//6115
f 6115//6115 5934//5934 5935//5935
f 6115//6115 5935//5935 6116//6116
f 6116//6116 5935//5935 5936//5936
f 6116//6116 5936//5936 6117//6117
f 6117//6117 5936//5936 5945//5945
f 6117//6117 5945//5945 6118//6118
f 6118//6118 5945//5945 5944//5944
f 6118//6118 5944//5944 6119//6119
f 6119//6119 5944//5944 5943//5943
f 6119//6119 5943//5943 6120//6120
f 6120//6120 5943//5943 5942//5942
f 6120//6120 5942//5942 6121//6121
f 6121//6121 5942//5942 5941//5941
f 6121//6121 5941//5941 6110//6110
f 5948//5948 5946//5946 6122//6122
f 6122//6122 5946//5946 5947//5947
f 6122//6122 5947//5947 6123//6123
f 6123//6123 5947//5947 5958//5958
f 6123//6123 5958//5958 6124//6124
f 6124//6124 5958//5958 5957//5957
f 6124//6124 5957//5957 6125//6125
f 6125//6125 5957//5957 5956//5956
f 6125//6125 5956//5956 6126//6126
f 6126//6126 5956//5956 5955//5955
f 6126//6126 5955//5955 6127//6127
f 6127//6127 5955//5955 5954//5954
f 6127//6127 5954//5954 6128//6128
f 6128//6128 5954//5954 5953//5953
f 6128//6128 5953//5953 6129//6129
f 6129//6129 5953//5953 5952//5952
f 6129//6129 5952//5952 6130//6130
f 6130//6130 5952//5952 5951//5951
f 6130//6130 5951//5951 6131//6131
f 6131//6131 5951//5951 5950//5950
f 6131//6131 5950//5950 6132//6132
f 6132//6132 5950//5950 5949//5949
f 6132//6132 5949//5949 6133//6133
f 6133//6133 5949//5949 5948//5948
f 6133//6133 5948//5948 6122//6122
f 5961//5961 5959//5959 6134//6134
f 6134//6134 5959//5959 5960//5960
f 6134//6134 5960//5960 6135//6135
f 6135//6135 5960//5960 5971//5971
f 6135//6135 5971//5971 6136//6136
f 6136//6136 5971//5971 5970//5970
f 6136//6136 5970//5970 6137//6137
f 6137//6137 5970//5970 5969//5969
f 6137//6137 5969//5969 6138//6138
f 6138//6138 5969//5969 5968//5968
f 6138//6138 5968//5968 6139//6139
f 6139//6139 5968//5968 5967//5967
f 6139//6139 5967//5967 6140//6140
f 6140//6140 5967//5967 5966//5966
f 6140//6140 5966//5966 6141//6141
f 6141//6141 5966//5966 5965//5965
f 6141//6141 5965//5965 6142//6142
f 6142//6142 5965//5965 5963//5963
f 6142//6142 5963//5963 6143//6143
f 6143//6143 5963//5963 5964//5964
f 6143//6143 5964//5964 6144//6144
f 6144//6144 5964//5964 5962//5962
f 6144//6144 5962//5962 6145//6145
f 6145//6145 5962//5962 5961//5961
f 6145//6145 5961//5961 6134//6134
f 5980//5980 5979//5979 6146//6146
f 6146//6146 5979//5979 5978//5978
f 6146//6146 5978//5978 6147//6147
f 6147//6147 5978//5978 5977//5977
f 6147//6147 5977//5977 6148//6148
f 6148//6148 5977//5977 5975//5975
f 6148//6148 5975//5975 6149//6149
f 6149//6149 5975//5975 5976//5976
f 6149//6149 5976//5976 6150//6150
f 6150//6150 5976//5976 5974//5974
f 6150//6150 5974//5974 6151//6151
f 6151//6151 5974//5974 5973//5973
f 6151//6151 5973//5973 6152//6152
f 6152//6152 5973//5973 5972//5972
f 6152//6152 5972//5972 6153//6153
f 6153//6153 5972//5972 5984//5984
f 6153//6153 5984//5984 6154//6154
f 6154//6154 5984//5984 5983//5983
f 6154//6154 5983//5983 6155//6155
f 6155//6155 5983//5983 5982//5982
f 6155//6155 5982//5982 6156//6156
f 6156//6156 5982//5982 5981//5981
f 6156//6156 5981//5981 6157//6157
f 6157//6157 5981//5981 5980//5980
f 6157//6157 5980//5980 6146//6146
f 6158//6158 5995//5995 6159//6159
f 6159//6159 5995//5995 5991//5991
f 6159//6159 5991//5991 6160//6160
f 6160//6160 5991//5991 5986//5986
f 6160//6160 5986//5986 6161//6161
f 6161//6161 5986//5986 5985//5985
f 6161//6161 5985//5985 6162//6162
f 6162//6162 5985//5985 5993//5993
f 6162//6162 5993//5993 6163//6163
f 6163//6163 5993//5993 5994//5994
f 6163//6163 5994//5994 6164//6164
f 6164//6164 5994//5994 5990//5990
f 6164//6164 5990//5990 6165//6165
f 6165//6165 5990//5990 5989//5989
f 6165//6165 5989//5989 6166//6166
f 6166//6166 5989//5989 6000//6000
f 6166//6166 6000//6000 6167//6167
f 6167//6167 6000//6000 5999//5999
f 6167//6167 5999//5999 6168//6168
f 6168//6168 5999//5999 5998//5998
f 6168//6168 5998//5998 6169//6169
f 6169//6169 5998//5998 5992//5992
f 6169//6169 5992//5992 6170//6170
f 6170//6170 5992//5992 5988//5988
f 6170//6170 5988//5988 6171//6171
f 6171//6171 5988//5988 5987//5987
f 6171//6171 5987//5987 6172//6172
f 6172//6172 5987//5987 5997//5997
f 6172//6172 5997//5997 6173//6173
f 6173//6173 5997//5997 5996//5996
f 6173//6173 5996//5996 6158//6158
f 6158//6158 5996//5996 5995//5995
f 6174//6174 6175//6175 6176//6176
f 6176//6176 6175//6175 6177//6177
f 6176//6176 6177//6177 6178//6178
f 6178//6178 6177//6177 6179//6179
f 6178//6178 6179//6179 6180//6180
f 6180//6180 6179//6179 6181//6181
f 6180//6180 6181//6181 6182//6182
f 6182//6182 6181//6181 6183//6183
f 6182//6182 6183//6183 6184//6184
f 6185//6185 6186//6186 6187//6187
f 6187//6187 6186//6186 6188//6188
f 6187//6187 6188//6188 6189//6189
f 6189//6189 6188//6188 6190//6190
f 6189//6189 6190//6190 6191//6191
f 6191//6191 6190//6190 6192//6192
f 6191//6191 6192//6192 6193//6193
f 6193//6193 6192//6192 6194//6194
f 6193//6193 6194//6194 6183//6183
f 6183//6183 6194//6194 6195//6195
f 6183//6183 6195//6195 6184//6184
f 6185//6185 6187//6187 6196//6196
f 6196//6196 6187//6187 6197//6197
f 6196//6196 6197//6197 6198//6198
f 6198//6198 6197//6197 6199//6199
f 6198//6198 6199//6199 6200//6200
f 6200//6200 6199//6199 6201//6201
f 6200//6200 6201//6201 6202//6202
f 6202//6202 6201//6201 6203//6203
f 6202//6202 6203//6203 6204//6204
f 6174//6174 6205//6205 6175//6175
f 6175//6175 6205//6205 6206//6206
f 6175//6175 6206//6206 6207//6207
f 6207//6207 6206//6206 6208//6208
f 6207//6207 6208//6208 6209//6209
f 6209//6209 6208//6208 6210//6210
f 6209//6209 6210//6210 6211//6211
f 6211//6211 6210//6210 6212//6212
f 6211//6211 6212//6212 6203//6203
f 6203//6203 6212//6212 6213//6213
f 6203//6203 6213//6213 6204//6204
f 6189//6189 6214//6214 6187//6187
f 6187//6187 6214//6214 6215//6215
f 6187//6187 6215//6215 6197//6197
f 6197//6197 6215//6215 6216//6216
f 6197//6197 6216//6216 6199//6199
f 6199//6199 6216//6216 6217//6217
f 6199//6199 6217//6217 6201//6201
f 6201//6201 6217//6217 6218//6218
f 6201//6201 6218//6218 6203//6203
f 6203//6203 6218//6218 6219//6219
f 6203//6203 6219//6219 6211//6211
f 6211//6211 6219//6219 6220//6220
f 6211//6211 6220//6220 6209//6209
f 6209//6209 6220//6220 6221//6221
f 6209//6209 6221//6221 6207//6207
f 6207//6207 6221//6221 6222//6222
f 6207//6207 6222//6222 6175//6175
f 6175//6175 6222//6222 6223//6223
f 6175//6175 6223//6223 6177//6177
f 6177//6177 6223//6223 6224//6224
f 6177//6177 6224//6224 6179//6179
f 6179//6179 6224//6224 6225//6225
f 6179//6179 6225//6225 6181//6181
f 6181//6181 6225//6225 6226//6226
f 6181//6181 6226//6226 6183//6183
f 6183//6183 6226//6226 6227//6227
f 6183//6183 6227//6227 6193//6193
f 6193//6193 6227//6227 6228//6228
f 6193//6193 6228//6228 6191//6191
f 6191//6191 6228//6228 6229//6229
f 6191//6191 6229//6229 6189//6189
f 6189//6189 6229//6229 6214//6214
f 6214//6214 6166//6166 6215//6215
f 6215//6215 6166//6166 6167//6167
f 6215//6215 6167//6167 6216//6216
f 6216//6216 6167//6167 6168//6168
f 6216//6216 6168//6168 6217//6217
f 6217//6217 6168//6168 6169//6169
f 6217//6217 6169//6169 6218//6218
f 6218//6218 6169//6169 6170//6170
f 6218//6218 6170//6170 6219//6219
f 6219//6219 6170//6170 6171//6171
f 6219//6219 6171//6171 6220//6220
f 6220//6220 6171//6171 6172//6172
f 6220//6220 6172//6172 6221//6221
f 6221//6221 6172//6172 6173//6173
f 6221//6221 6173//6173 6222//6222
f 6222//6222 6173//6173 6158//6158
f 6222//6222 6158//6158 6223//6223
f 6223//6223 6158//6158 6159//6159
f 6223//6223 6159//6159 6224//6224
f 6224//6224 6159//6159 6160//6160
f 6224//6224 6160//6160 6225//6225
f 6225//6225 6160//6160 6161//6161
f 6225//6225 6161//6161 6226//6226
f 6226//6226 6161//6161 6162//6162
f 6226//6226 6162//6162 6227//6227
f 6227//6227 6162//6162 6163//6163
f 6227//6227 6163//6163 6228//6228
f 6228//6228 6163//6163 6164//6164
f 6228//6228 6164//6164 6229//6229
f 6229//6229 6164//6164 6165//6165
f 6229//6229 6165//6165 6214//6214
f 6214//6214 6165//6165 6166//6166
f 6230//6230 6002//6002 6231//6231
f 6231//6231 6002//6002 6001//6001
f 6231//6231 6001//6001 6232//6232
f 6232//6232 6001//6001 6004//6004
f 6232//6232 6004//6004 6233//6233
f 6233//6233 6004//6004 6003//6003
f 6233//6233 6003//6003 6234//6234
f 6234//6234 6003//6003 6011//6011
f 6234//6234 6011//6011 6235//6235
f 6235//6235 6011//6011 6012//6012
f 6235//6235 6012//6012 6236//6236
f 6236//6236 6012//6012 6013//6013
f 6236//6236 6013//6013 6237//6237
f 6237//6237 6013//6013 6014//6014
f 6237//6237 6014//6014 6238//6238
f 6238//6238 6014//6014 6015//6015
f 6238//6238 6015//6015 6239//6239
f 6239//6239 6015//6015 6016//6016
f 6239//6239 6016//6016 6240//6240
f 6240//6240 6016//6016 6008//6008
f 6240//6240 6008//6008 6241//6241
f 6241//6241 6008//6008 6009//6009
f 6241//6241 6009//6009 6242//6242
f 6242//6242 6009//6009 6005//6005
f 6242//6242 6005//6005 6243//6243
f 6243//6243 6005//6005 6006//6006
f 6243//6243 6006//6006 6244//6244
f 6244//6244 6006//6006 6007//6007
f 6244//6244 6007//6007 6245//6245
f 6245//6245 6007//6007 6010//6010
f 6245//6245 6010//6010 6230//6230
f 6230//6230 6010//6010 6002//6002
f 6246//6246 6247//6247 6248//6248
f 6248//6248 6247//6247 6249//6249
f 6248//6248 6249//6249 6250//6250
f 6250//6250 6249//6249 6251//6251
f 6250//6250 6251//6251 6252//6252
f 6252//6252 6251//6251 6253//6253
f 6252//6252 6253//6253 6254//6254
f 6254//6254 6253//6253 6255//6255
f 6254//6254 6255//6255 6256//6256
f 6257//6257 6258//6258 6259//6259
f 6259//6259 6258//6258 6260//6260
f 6259//6259 6260//6260 6261//6261
f 6261//6261 6260//6260 6262//6262
f 6261//6261 6262//6262 6263//6263
f 6263//6263 6262//6262 6264//6264
f 6263//6263 6264//6264 6265//6265
f 6265//6265 6264//6264 6266//6266
f 6265//6265 6266//6266 6255//6255
f 6255//6255 6266//6266 6267//6267
f 6255//6255 6267//6267 6256//6256
f 6257//6257 6259//6259 6268//6268
f 6268//6268 6259//6259 6269//6269
f 6268//6268 6269//6269 6270//6270
f 6270//6270 6269//6269 6271//6271
f 6270//6270 6271//6271 6272//6272
f 6272//6272 6271//6271 6273//6273
f 6272//6272 6273//6273 6274//6274
f 6274//6274 6273//6273 6275//6275
f 6274//6274 6275//6275 6276//6276
f 6246//6246 6277//6277 6247//6247
f 6247//6247 6277//6277 6278//6278
f 6247//6247 6278//6278 6279//6279
f 6279//6279 6278//6278 6280//6280
f 6279//6279 6280//6280 6281//6281
f 6281//6281 6280//6280 6282//6282
f 6281//6281 6282//6282 6283//6283
f 6283//6283 6282//6282 6284//6284
f 6283//6283 6284//6284 6275//6275
f 6275//6275 6284//6284 6285//6285
f 6275//6275 6285//6285 6276//6276
f 6261//6261 6286//6286 6259//6259
f 6259//6259 6286//6286 6287//6287
f 6259//6259 6287//6287 6269//6269
f 6269//6269 6287//6287 6288//6288
f 6269//6269 6288//6288 6271//6271
f 6271//6271 6288//6288 6289//6289
f 6271//6271 6289//6289 6273//6273
f 6273//6273 6289//6289 6290//6290
f 6273//6273 6290//6290 6275//6275
f 6275//6275 6290//6290 6291//6291
f 6275//6275 6291//6291 6283//6283
f 6283//6283 6291//6291 6292//6292
f 6283//6283 6292//6292 6281//6281
f 6281//6281 6292//6292 6293//6293
f 6281//6281 6293//6293 6279//6279
f 6279//6279 6293//6293 6294//6294
f 6279//6279 6294//6294 6247//6247
f 6247//6247 6294//6294 6295//6295
f 6247//6247 6295//6295 6249//6249
f 6249//6249 6295//6295 6296//6296
f 6249//6249 6296//6296 6251//6251
f 6251//6251 6296//6296 6297//6297
f 6251//6251 6297//6297 6253//6253
f 6253//6253 6297//6297 6298//6298
f 6253//6253 6298//6298 6255//6255
f 6255//6255 6298//6298 6299//6299
f 6255//6255 6299//6299 6265//6265
f 6265//6265 6299//6299 6300//6300
f 6265//6265 6300//6300 6263//6263
f 6263//6263 6300//6300 6301//6301
f 6263//6263 6301//6301 6261//6261
f 6261//6261 6301//6301 6286//6286
f 6286//6286 6238//6238 6287//6287
f 6287//6287 6238//6238 6239//6239
f 6287//6287 6239//6239 6288//6288
f 6288//6288 6239//6239 6240//6240
f 6288//6288 6240//6240 6289//6289
f 6289//6289 6240//6240 6241//6241
f 6289//6289 6241//6241 6290//6290
f 6290//6290 6241//6241 6242//6242
f 6290//6290 6242//6242 6291//6291
f 6291//6291 6242//6242 6243//6243
f 6291//6291 6243//6243 6292//6292
f 6292//6292 6243//6243 6244//6244
f 6292//6292 6244//6244 6293//6293
f 6293//6293 6244//6244 6245//6245
f 6293//6293 6245//6245 6294//6294
f 6294//6294 6245//6245 6230//6230
f 6294//6294 6230//6230 6295//6295
f 6295//6295 6230//6230 6231//6231
f 6295//6295 6231//6231 6296//6296
f 6296//6296 6231//6231 6232//6232
f 6296//6296 6232//6232 6297//6297
f 6297//6297 6232//6232 6233//6233
f 6297//6297 6233//6233 6298//6298
f 6298//6298 6233//6233 6234//6234
f 6298//6298 6234//6234 6299//6299
f 6299//6299 6234//6234 6235//6235
f 6299//6299 6235//6235 6300//6300
f 6300//6300 6235//6235 6236//6236
f 6300//6300 6236//6236 6301//6301
f 6301//6301 6236//6236 6237//6237
f 6301//6301 6237//6237 6286//6286
f 6286//6286 6237//6237 6238//6238
f 6018//6018 6017//6017 6302//6302
f 6302//6302 6017//6017 6303//6303
f 6302//6302 6303//6303 6304//6304
f 6304//6304 6303//6303 6305//6305
f 5422//5422 6018//6018 6306//6306
f 6306//6306 6018//6018 6302//6302
f 6306//6306 6302//6302 6307//6307
f 6307//6307 6302//6302 6304//6304
f 6023//6023 6308//6308 6020//6020
f 6020//6020 6308//6308 6017//6017
f 6017//6017 6308//6308 6303//6303
f 6303//6303 6308//6308 6309//6309
f 6303//6303 6309//6309 6305//6305
f 6309//6309 6308//6308 6310//6310
f 6309//6309 6310//6310 6311//6311
f 6311//6311 6310//6310 6312//6312
f 6311//6311 6312//6312 6313//6313
f 6313//6313 6312//6312 6314//6314
f 6313//6313 6314//6314 6315//6315
f 6315//6315 6314//6314 6316//6316
f 6315//6315 6316//6316 6317//6317
f 6317//6317 6316//6316 6318//6318
f 6317//6317 6318//6318 6319//6319
f 6319//6319 6318//6318 6320//6320
f 6319//6319 6320//6320 6321//6321
f 6031//6031 6320//6320 6030//6030
f 6030//6030 6320//6320 6318//6318
f 6030//6030 6318//6318 6029//6029
f 6029//6029 6318//6318 6316//6316
f 6029//6029 6316//6316 6028//6028
f 6028//6028 6316//6316 6314//6314
f 6028//6028 6314//6314 6027//6027
f 6027//6027 6314//6314 6312//6312
f 6027//6027 6312//6312 6026//6026
f 6026//6026 6312//6312 6025//6025
f 6025//6025 6312//6312 6310//6310
f 6025//6025 6310//6310 6024//6024
f 6024//6024 6310//6310 6308//6308
f 6024//6024 6308//6308 6023//6023
f 6031//6031 6032//6032 6322//6322
f 6031//6031 6322//6322 6320//6320
f 6320//6320 6322//6322 6323//6323
f 6320//6320 6323//6323 6321//6321
f 6323//6323 6322//6322 6324//6324
f 6323//6323 6324//6324 6325//6325
f 6325//6325 6324//6324 6326//6326
f 6325//6325 6326//6326 6327//6327
f 6327//6327 6326//6326 6328//6328
f 6327//6327 6328//6328 6329//6329
f 6329//6329 6328//6328 6330//6330
f 6329//6329 6330//6330 6331//6331
f 6331//6331 6330//6330 6332//6332
f 6331//6331 6332//6332 6333//6333
f 6333//6333 6332//6332 6334//6334
f 6333//6333 6334//6334 6335//6335
f 6040//6040 6334//6334 6039//6039
f 6039//6039 6334//6334 6332//6332
f 6039//6039 6332//6332 6038//6038
f 6038//6038 6332//6332 6330//6330
f 6038//6038 6330//6330 6037//6037
f 6037//6037 6330//6330 6328//6328
f 6037//6037 6328//6328 6036//6036
f 6036//6036 6328//6328 6326//6326
f 6036//6036 6326//6326 6035//6035
f 6035//6035 6326//6326 6034//6034
f 6034//6034 6326//6326 6324//6324
f 6034//6034 6324//6324 6033//6033
f 6033//6033 6324//6324 6322//6322
f 6033//6033 6322//6322 6032//6032
f 6040//6040 6041//6041 6334//6334
f 6334//6334 6041//6041 6045//6045
f 6045//6045 6044//6044 6334//6334
f 6334//6334 6044//6044 6336//6336
f 6334//6334 6336//6336 6335//6335
f 6337//6337 6338//6338 6339//6339
f 6044//6044 6046//6046 6340//6340
f 6340//6340 6046//6046 5480//5480
f 6340//6340 5480//5480 6337//6337
f 6337//6337 6339//6339 6340//6340
f 6340//6340 6339//6339 6336//6336
f 6340//6340 6336//6336 6044//6044
f 6341//6341 6342//6342 6343//6343
f 6342//6342 6344//6344 6345//6345
f 6342//6342 6345//6345 6343//6343
f 6343//6343 6345//6345 6338//6338
f 6343//6343 6338//6338 6337//6337
f 6050//6050 6341//6341 6051//6051
f 6051//6051 6341//6341 6343//6343
f 6051//6051 6343//6343 6052//6052
f 6052//6052 6343//6343 6337//6337
f 6052//6052 6337//6337 5480//5480
f 6346//6346 6344//6344 6347//6347
f 6347//6347 6344//6344 6342//6342
f 6347//6347 6342//6342 6348//6348
f 6348//6348 6342//6342 6341//6341
f 6348//6348 6341//6341 6349//6349
f 6349//6349 6341//6341 6050//6050
f 6349//6349 6050//6050 6350//6350
f 6350//6350 6050//6050 6049//6049
f 6350//6350 6049//6049 6351//6351
f 6351//6351 6049//6049 6054//6054
f 6351//6351 6054//6054 5500//5500
f 6350//6350 6351//6351 6352//6352
f 6353//6353 5509//5509 5511//5511
f 6351//6351 5500//5500 5501//5501
f 6351//6351 5501//5501 6352//6352
f 6352//6352 5501//5501 5503//5503
f 6352//6352 5503//5503 6354//6354
f 6354//6354 5503//5503 5505//5505
f 6354//6354 5505//5505 6353//6353
f 6353//6353 5505//5505 5507//5507
f 6353//6353 5507//5507 5509//5509
f 6348//6348 6349//6349 6355//6355
f 6355//6355 6349//6349 6350//6350
f 6350//6350 6352//6352 6355//6355
f 6355//6355 6352//6352 6354//6354
f 6355//6355 6354//6354 6356//6356
f 6356//6356 6354//6354 6353//6353
f 6356//6356 6353//6353 6357//6357
f 6346//6346 6347//6347 6358//6358
f 6358//6358 6347//6347 6348//6348
f 5511//5511 6359//6359 6353//6353
f 6353//6353 6359//6359 6360//6360
f 6353//6353 6360//6360 6357//6357
f 6357//6357 6360//6360 6361//6361
f 6357//6357 6361//6361 6362//6362
f 6348//6348 6355//6355 6358//6358
f 6358//6358 6355//6355 6356//6356
f 6358//6358 6356//6356 6363//6363
f 6363//6363 6356//6356 6357//6357
f 6363//6363 6357//6357 6364//6364
f 6364//6364 6357//6357 6362//6362
f 6364//6364 6362//6362 6365//6365
f 6346//6346 6358//6358 6366//6366
f 6366//6366 6358//6358 6363//6363
f 6366//6366 6363//6363 6367//6367
f 6367//6367 6363//6363 6364//6364
f 6367//6367 6364//6364 6368//6368
f 6368//6368 6364//6364 6365//6365
f 6368//6368 6365//6365 6369//6369
f 6370//6370 6369//6369 6371//6371
f 6371//6371 6369//6369 6365//6365
f 6371//6371 6365//6365 6372//6372
f 6372//6372 6365//6365 6362//6362
f 6372//6372 6362//6362 6373//6373
f 6373//6373 6362//6362 6361//6361
f 6373//6373 6361//6361 6374//6374
f 6374//6374 6361//6361 6360//6360
f 6374//6374 6360//6360 6375//6375
f 6375//6375 6360//6360 6359//6359
f 6375//6375 6359//6359 5569//5569
f 5569//5569 6359//6359 5511//5511
f 6376//6376 6377//6377 6370//6370
f 6378//6378 6377//6377 6379//6379
f 6379//6379 6377//6377 6376//6376
f 6379//6379 6376//6376 6380//6380
f 6380//6380 6376//6376 6381//6381
f 6380//6380 6381//6381 6382//6382
f 6382//6382 6381//6381 6383//6383
f 6383//6383 6381//6381 6384//6384
f 6383//6383 6384//6384 6385//6385
f 6385//6385 6384//6384 5570//5570
f 6385//6385 5570//5570 5571//5571
f 5569//5569 5570//5570 6375//6375
f 6375//6375 5570//5570 6384//6384
f 6375//6375 6384//6384 6374//6374
f 6374//6374 6384//6384 6381//6381
f 6370//6370 6371//6371 6376//6376
f 6376//6376 6371//6371 6372//6372
f 6376//6376 6372//6372 6381//6381
f 6381//6381 6372//6372 6373//6373
f 6381//6381 6373//6373 6374//6374
f 6386//6386 6378//6378 6387//6387
f 6387//6387 6378//6378 6379//6379
f 6387//6387 6379//6379 6388//6388
f 6383//6383 6389//6389 6382//6382
f 6382//6382 6389//6389 6388//6388
f 6382//6382 6388//6388 6380//6380
f 6380//6380 6388//6388 6379//6379
f 5571//5571 5599//5599 6385//6385
f 6385//6385 5599//5599 6390//6390
f 6385//6385 6390//6390 6383//6383
f 6383//6383 6390//6390 6391//6391
f 6383//6383 6391//6391 6389//6389
f 6392//6392 6393//6393 6394//6394
f 6386//6386 6395//6395 6396//6396
f 6396//6396 6395//6395 6397//6397
f 6396//6396 6397//6397 6398//6398
f 6394//6394 6393//6393 6395//6395
f 6395//6395 6393//6393 6399//6399
f 6395//6395 6399//6399 6397//6397
f 5598//5598 5597//5597 6400//6400
f 6392//6392 6394//6394 6400//6400
f 6400//6400 6394//6394 6401//6401
f 6400//6400 6401//6401 5598//5598
f 5598//5598 6401//6401 6390//6390
f 5598//5598 6390//6390 5599//5599
f 6386//6386 6387//6387 6395//6395
f 6395//6395 6387//6387 6388//6388
f 6395//6395 6388//6388 6394//6394
f 6394//6394 6388//6388 6389//6389
f 6394//6394 6389//6389 6401//6401
f 6401//6401 6389//6389 6391//6391
f 6401//6401 6391//6391 6390//6390
f 6402//6402 6398//6398 6403//6403
f 6403//6403 6398//6398 6397//6397
f 6403//6403 6397//6397 6404//6404
f 6404//6404 6397//6397 6399//6399
f 6404//6404 6399//6399 6405//6405
f 6405//6405 6399//6399 6393//6393
f 6405//6405 6393//6393 6406//6406
f 6406//6406 6393//6393 6392//6392
f 6406//6406 6392//6392 6407//6407
f 6407//6407 6392//6392 6400//6400
f 6407//6407 6400//6400 6056//6056
f 6056//6056 6400//6400 5597//5597
f 6404//6404 6405//6405 6408//6408
f 6406//6406 6407//6407 6409//6409
f 6410//6410 6411//6411 6412//6412
f 6413//6413 6414//6414 6415//6415
f 6402//6402 6403//6403 6416//6416
f 6402//6402 6416//6416 6417//6417
f 6417//6417 6416//6416 6418//6418
f 6417//6417 6418//6418 6419//6419
f 6419//6419 6418//6418 6420//6420
f 6419//6419 6420//6420 6421//6421
f 6421//6421 6420//6420 6422//6422
f 6421//6421 6422//6422 6423//6423
f 6423//6423 6422//6422 6415//6415
f 6423//6423 6415//6415 6424//6424
f 6424//6424 6415//6415 6414//6414
f 6424//6424 6414//6414 6425//6425
f 6064//6064 6426//6426 6063//6063
f 6063//6063 6426//6426 6427//6427
f 6063//6063 6427//6427 6062//6062
f 6062//6062 6427//6427 6428//6428
f 6062//6062 6428//6428 6061//6061
f 6061//6061 6428//6428 6429//6429
f 6061//6061 6429//6429 6060//6060
f 6060//6060 6429//6429 6430//6430
f 6060//6060 6430//6430 6059//6059
f 6059//6059 6430//6430 6058//6058
f 6058//6058 6430//6430 6409//6409
f 6058//6058 6409//6409 6057//6057
f 6057//6057 6409//6409 6407//6407
f 6057//6057 6407//6407 6056//6056
f 6426//6426 6410//6410 6427//6427
f 6427//6427 6410//6410 6412//6412
f 6427//6427 6412//6412 6428//6428
f 6428//6428 6412//6412 6431//6431
f 6428//6428 6431//6431 6429//6429
f 6429//6429 6431//6431 6432//6432
f 6429//6429 6432//6432 6430//6430
f 6430//6430 6432//6432 6433//6433
f 6430//6430 6433//6433 6409//6409
f 6409//6409 6433//6433 6408//6408
f 6409//6409 6408//6408 6406//6406
f 6406//6406 6408//6408 6405//6405
f 6411//6411 6413//6413 6412//6412
f 6412//6412 6413//6413 6415//6415
f 6412//6412 6415//6415 6431//6431
f 6431//6431 6415//6415 6422//6422
f 6431//6431 6422//6422 6432//6432
f 6432//6432 6422//6422 6420//6420
f 6432//6432 6420//6420 6433//6433
f 6433//6433 6420//6420 6418//6418
f 6433//6433 6418//6418 6408//6408
f 6408//6408 6418//6418 6416//6416
f 6408//6408 6416//6416 6404//6404
f 6404//6404 6416//6416 6403//6403
f 6064//6064 6065//6065 6426//6426
f 6426//6426 6065//6065 6434//6434
f 6426//6426 6434//6434 6410//6410
f 6410//6410 6434//6434 6435//6435
f 6410//6410 6435//6435 6411//6411
f 6411//6411 6435//6435 6436//6436
f 6411//6411 6436//6436 6413//6413
f 6413//6413 6436//6436 6437//6437
f 6413//6413 6437//6437 6414//6414
f 6414//6414 6437//6437 6438//6438
f 6414//6414 6438//6438 6425//6425
f 6425//6425 6438//6438 6439//6439
f 6437//6437 6436//6436 6440//6440
f 6441//6441 6442//6442 6443//6443
f 6444//6444 6445//6445 6446//6446
f 6439//6439 6438//6438 6447//6447
f 6439//6439 6447//6447 6448//6448
f 6448//6448 6447//6447 6449//6449
f 6448//6448 6449//6449 6450//6450
f 6450//6450 6449//6449 6451//6451
f 6450//6450 6451//6451 6452//6452
f 6452//6452 6451//6451 6446//6446
f 6452//6452 6446//6446 6453//6453
f 6453//6453 6446//6446 6445//6445
f 6453//6453 6445//6445 6454//6454
f 6072//6072 6455//6455 6071//6071
f 6071//6071 6455//6455 6456//6456
f 6071//6071 6456//6456 6070//6070
f 6070//6070 6456//6456 6457//6457
f 6070//6070 6457//6457 6069//6069
f 6069//6069 6457//6457 6458//6458
f 6069//6069 6458//6458 6068//6068
f 6459//6459 6066//6066 6458//6458
f 6458//6458 6066//6066 6067//6067
f 6458//6458 6067//6067 6068//6068
f 6065//6065 6066//6066 6434//6434
f 6434//6434 6066//6066 6459//6459
f 6434//6434 6459//6459 6435//6435
f 6438//6438 6437//6437 6447//6447
f 6447//6447 6437//6437 6440//6440
f 6447//6447 6440//6440 6449//6449
f 6449//6449 6440//6440 6460//6460
f 6449//6449 6460//6460 6451//6451
f 6451//6451 6460//6460 6461//6461
f 6451//6451 6461//6461 6446//6446
f 6446//6446 6461//6461 6443//6443
f 6446//6446 6443//6443 6444//6444
f 6444//6444 6443//6443 6442//6442
f 6436//6436 6435//6435 6440//6440
f 6440//6440 6435//6435 6459//6459
f 6440//6440 6459//6459 6460//6460
f 6460//6460 6459//6459 6458//6458
f 6460//6460 6458//6458 6461//6461
f 6461//6461 6458//6458 6457//6457
f 6461//6461 6457//6457 6443//6443
f 6443//6443 6457//6457 6456//6456
f 6443//6443 6456//6456 6441//6441
f 6441//6441 6456//6456 6455//6455
f 6072//6072 6073//6073 6455//6455
f 6455//6455 6073//6073 6462//6462
f 6455//6455 6462//6462 6441//6441
f 6441//6441 6462//6462 6463//6463
f 6441//6441 6463//6463 6442//6442
f 6442//6442 6463//6463 6464//6464
f 6442//6442 6464//6464 6444//6444
f 6444//6444 6464//6464 6465//6465
f 6444//6444 6465//6465 6445//6445
f 6445//6445 6465//6465 6466//6466
f 6445//6445 6466//6466 6454//6454
f 6454//6454 6466//6466 6467//6467
f 6465//6465 6464//6464 6468//6468
f 6463//6463 6462//6462 6469//6469
f 6467//6467 6466//6466 6470//6470
f 6467//6467 6470//6470 6471//6471
f 6471//6471 6470//6470 6472//6472
f 6471//6471 6472//6472 6473//6473
f 6473//6473 6472//6472 6474//6474
f 6473//6473 6474//6474 6475//6475
f 6475//6475 6474//6474 6476//6476
f 6475//6475 6476//6476 6477//6477
f 6478//6478 6477//6477 6479//6479
f 6479//6479 6477//6477 6476//6476
f 6479//6479 6476//6476 6480//6480
f 6480//6480 6476//6476 6481//6481
f 6075//6075 6074//6074 6482//6482
f 6482//6482 6483//6483 6075//6075
f 6075//6075 6483//6483 6484//6484
f 6075//6075 6484//6484 6076//6076
f 6076//6076 6484//6484 6079//6079
f 6079//6079 6484//6484 6485//6485
f 6079//6079 6485//6485 6078//6078
f 6078//6078 6485//6485 6469//6469
f 6078//6078 6469//6469 6077//6077
f 6077//6077 6469//6469 6462//6462
f 6077//6077 6462//6462 6073//6073
f 6466//6466 6465//6465 6470//6470
f 6470//6470 6465//6465 6468//6468
f 6470//6470 6468//6468 6472//6472
f 6472//6472 6468//6468 6486//6486
f 6472//6472 6486//6486 6474//6474
f 6474//6474 6486//6486 6487//6487
f 6474//6474 6487//6487 6476//6476
f 6476//6476 6487//6487 6488//6488
f 6476//6476 6488//6488 6481//6481
f 6481//6481 6488//6488 6489//6489
f 6464//6464 6463//6463 6468//6468
f 6468//6468 6463//6463 6469//6469
f 6468//6468 6469//6469 6486//6486
f 6486//6486 6469//6469 6485//6485
f 6486//6486 6485//6485 6487//6487
f 6487//6487 6485//6485 6484//6484
f 6487//6487 6484//6484 6488//6488
f 6488//6488 6484//6484 6483//6483
f 6488//6488 6483//6483 6489//6489
f 6489//6489 6483//6483 6482//6482
f 6074//6074 6080//6080 6482//6482
f 6482//6482 6080//6080 6490//6490
f 6482//6482 6490//6490 6489//6489
f 6491//6491 6481//6481 6492//6492
f 6492//6492 6481//6481 6489//6489
f 6492//6492 6489//6489 6493//6493
f 6493//6493 6489//6489 6490//6490
f 6494//6494 6478//6478 6495//6495
f 6495//6495 6478//6478 6479//6479
f 6495//6495 6479//6479 6491//6491
f 6491//6491 6479//6479 6480//6480
f 6491//6491 6480//6480 6481//6481
f 6494//6494 6495//6495 6496//6496
f 6494//6494 6496//6496 6497//6497
f 6497//6497 6496//6496 6498//6498
f 6497//6497 6498//6498 6499//6499
f 6499//6499 6498//6498 6500//6500
f 6499//6499 6500//6500 6501//6501
f 6501//6501 6500//6500 6502//6502
f 6501//6501 6502//6502 6503//6503
f 6504//6504 6503//6503 6505//6505
f 6505//6505 6503//6503 6502//6502
f 6505//6505 6502//6502 6506//6506
f 6506//6506 6502//6502 6507//6507
f 6508//6508 6509//6509 6510//6510
f 6511//6511 6512//6512 6082//6082
f 6082//6082 6512//6512 6083//6083
f 6083//6083 6512//6512 6084//6084
f 6084//6084 6512//6512 6513//6513
f 6084//6084 6513//6513 6085//6085
f 6085//6085 6513//6513 6514//6514
f 6085//6085 6514//6514 6086//6086
f 6080//6080 6086//6086 6490//6490
f 6490//6490 6086//6086 6514//6514
f 6490//6490 6514//6514 6493//6493
f 6493//6493 6514//6514 6492//6492
f 6495//6495 6491//6491 6496//6496
f 6496//6496 6491//6491 6515//6515
f 6496//6496 6515//6515 6498//6498
f 6498//6498 6515//6515 6516//6516
f 6498//6498 6516//6516 6500//6500
f 6500//6500 6516//6516 6517//6517
f 6500//6500 6517//6517 6502//6502
f 6502//6502 6517//6517 6510//6510
f 6502//6502 6510//6510 6507//6507
f 6507//6507 6510//6510 6509//6509
f 6491//6491 6492//6492 6515//6515
f 6515//6515 6492//6492 6514//6514
f 6515//6515 6514//6514 6516//6516
f 6516//6516 6514//6514 6513//6513
f 6516//6516 6513//6513 6517//6517
f 6517//6517 6513//6513 6512//6512
f 6517//6517 6512//6512 6510//6510
f 6510//6510 6512//6512 6511//6511
f 6510//6510 6511//6511 6508//6508
f 6508//6508 6511//6511 6082//6082
f 6508//6508 6082//6082 6081//6081
f 6081//6081 6087//6087 6508//6508
f 6508//6508 6087//6087 6518//6518
f 6508//6508 6518//6518 6509//6509
f 6509//6509 6518//6518 6519//6519
f 6509//6509 6519//6519 6507//6507
f 6507//6507 6519//6519 6520//6520
f 6507//6507 6520//6520 6506//6506
f 6506//6506 6520//6520 6521//6521
f 6506//6506 6521//6521 6505//6505
f 6505//6505 6521//6521 6522//6522
f 6505//6505 6522//6522 6504//6504
f 6504//6504 6522//6522 6523//6523
f 6521//6521 6520//6520 6524//6524
f 6525//6525 6526//6526 6527//6527
f 6528//6528 6529//6529 6530//6530
f 6523//6523 6522//6522 6531//6531
f 6523//6523 6531//6531 6532//6532
f 6532//6532 6531//6531 6533//6533
f 6532//6532 6533//6533 6534//6534
f 6534//6534 6533//6533 6535//6535
f 6534//6534 6535//6535 6536//6536
f 6536//6536 6535//6535 6530//6530
f 6536//6536 6530//6530 6537//6537
f 6537//6537 6530//6530 6529//6529
f 6537//6537 6529//6529 6538//6538
f 6088//6088 6539//6539 6089//6089
f 6089//6089 6539//6539 6540//6540
f 6089//6089 6540//6540 6090//6090
f 6090//6090 6540//6540 6541//6541
f 6090//6090 6541//6541 6091//6091
f 6091//6091 6541//6541 6542//6542
f 6091//6091 6542//6542 6092//6092
f 6543//6543 6094//6094 6542//6542
f 6542//6542 6094//6094 6093//6093
f 6542//6542 6093//6093 6092//6092
f 6087//6087 6094//6094 6518//6518
f 6518//6518 6094//6094 6543//6543
f 6518//6518 6543//6543 6519//6519
f 6522//6522 6521//6521 6531//6531
f 6531//6531 6521//6521 6524//6524
f 6531//6531 6524//6524 6533//6533
f 6533//6533 6524//6524 6544//6544
f 6533//6533 6544//6544 6535//6535
f 6535//6535 6544//6544 6545//6545
f 6535//6535 6545//6545 6530//6530
f 6530//6530 6545//6545 6527//6527
f 6530//6530 6527//6527 6528//6528
f 6528//6528 6527//6527 6526//6526
f 6520//6520 6519//6519 6524//6524
f 6524//6524 6519//6519 6543//6543
f 6524//6524 6543//6543 6544//6544
f 6544//6544 6543//6543 6542//6542
f 6544//6544 6542//6542 6545//6545
f 6545//6545 6542//6542 6541//6541
f 6545//6545 6541//6541 6527//6527
f 6527//6527 6541//6541 6540//6540
f 6527//6527 6540//6540 6525//6525
f 6525//6525 6540//6540 6539//6539
f 6546//6546 6538//6538 6547//6547
f 6547//6547 6538//6538 6529//6529
f 6547//6547 6529//6529 6548//6548
f 6548//6548 6529//6529 6528//6528
f 6548//6548 6528//6528 6549//6549
f 6549//6549 6528//6528 6526//6526
f 6549//6549 6526//6526 6550//6550
f 6550//6550 6526//6526 6525//6525
f 6550//6550 6525//6525 6551//6551
f 6551//6551 6525//6525 6539//6539
f 6551//6551 6539//6539 6095//6095
f 6095//6095 6539//6539 6088//6088
f 6548//6548 6549//6549 6552//6552
f 6550//6550 6551//6551 6553//6553
f 6554//6554 6555//6555 6556//6556
f 6557//6557 6558//6558 6559//6559
f 6546//6546 6547//6547 6560//6560
f 6546//6546 6560//6560 6561//6561
f 6561//6561 6560//6560 6562//6562
f 6561//6561 6562//6562 6563//6563
f 6563//6563 6562//6562 6564//6564
f 6563//6563 6564//6564 6565//6565
f 6565//6565 6564//6564 6566//6566
f 6565//6565 6566//6566 6567//6567
f 6567//6567 6566//6566 6559//6559
f 6567//6567 6559//6559 6568//6568
f 6568//6568 6559//6559 6558//6558
f 6568//6568 6558//6558 6569//6569
f 6096//6096 6570//6570 6097//6097
f 6097//6097 6570//6570 6571//6571
f 6097//6097 6571//6571 6098//6098
f 6098//6098 6571//6571 6572//6572
f 6098//6098 6572//6572 6099//6099
f 6099//6099 6572//6572 6573//6573
f 6099//6099 6573//6573 6100//6100
f 6100//6100 6573//6573 6574//6574
f 6100//6100 6574//6574 6101//6101
f 6101//6101 6574//6574 6102//6102
f 6102//6102 6574//6574 6553//6553
f 6102//6102 6553//6553 6103//6103
f 6103//6103 6553//6553 6551//6551
f 6103//6103 6551//6551 6095//6095
f 6570//6570 6554//6554 6571//6571
f 6571//6571 6554//6554 6556//6556
f 6571//6571 6556//6556 6572//6572
f 6572//6572 6556//6556 6575//6575
f 6572//6572 6575//6575 6573//6573
f 6573//6573 6575//6575 6576//6576
f 6573//6573 6576//6576 6574//6574
f 6574//6574 6576//6576 6577//6577
f 6574//6574 6577//6577 6553//6553
f 6553//6553 6577//6577 6552//6552
f 6553//6553 6552//6552 6550//6550
f 6550//6550 6552//6552 6549//6549
f 6555//6555 6557//6557 6556//6556
f 6556//6556 6557//6557 6559//6559
f 6556//6556 6559//6559 6575//6575
f 6575//6575 6559//6559 6566//6566
f 6575//6575 6566//6566 6576//6576
f 6576//6576 6566//6566 6564//6564
f 6576//6576 6564//6564 6577//6577
f 6577//6577 6564//6564 6562//6562
f 6577//6577 6562//6562 6552//6552
f 6552//6552 6562//6562 6560//6560
f 6552//6552 6560//6560 6548//6548
f 6548//6548 6560//6560 6547//6547
f 6096//6096 5834//5834 6570//6570
f 6570//6570 5834//5834 6578//6578
f 6570//6570 6578//6578 6554//6554
f 6554//6554 6578//6578 6579//6579
f 6554//6554 6579//6579 6555//6555
f 6555//6555 6579//6579 6580//6580
f 6555//6555 6580//6580 6557//6557
f 6557//6557 6580//6580 6581//6581
f 6557//6557 6581//6581 6558//6558
f 6558//6558 6581//6581 6582//6582
f 6558//6558 6582//6582 6569//6569
f 6569//6569 6582//6582 6583//6583
f 6583//6583 6584//6584 6585//6585
f 6585//6585 6584//6584 6586//6586
f 6585//6585 6586//6586 6587//6587
f 6588//6588 6589//6589 6590//6590
f 6590//6590 6589//6589 6591//6591
f 6590//6590 6591//6591 6584//6584
f 6584//6584 6591//6591 6592//6592
f 6584//6584 6592//6592 6586//6586
f 6590//6590 6593//6593 6588//6588
f 6588//6588 6593//6593 5833//5833
f 6588//6588 5833//5833 5832//5832
f 5834//5834 5833//5833 6578//6578
f 6578//6578 5833//5833 6593//6593
f 6578//6578 6593//6593 6579//6579
f 6579//6579 6593//6593 6590//6590
f 6583//6583 6582//6582 6584//6584
f 6584//6584 6582//6582 6581//6581
f 6584//6584 6581//6581 6590//6590
f 6590//6590 6581//6581 6580//6580
f 6590//6590 6580//6580 6579//6579
f 6594//6594 6587//6587 6595//6595
f 6595//6595 6587//6587 6586//6586
f 6595//6595 6586//6586 6596//6596
f 6596//6596 6586//6586 6592//6592
f 6596//6596 6592//6592 6597//6597
f 6597//6597 6592//6592 6591//6591
f 6597//6597 6591//6591 6598//6598
f 6598//6598 6591//6591 6589//6589
f 6598//6598 6589//6589 6599//6599
f 6599//6599 6589//6589 6588//6588
f 6599//6599 6588//6588 5843//5843
f 5843//5843 6588//6588 5832//5832
f 6600//6600 6601//6601 6594//6594
f 6602//6602 6601//6601 6603//6603
f 6603//6603 6601//6601 6600//6600
f 6603//6603 6600//6600 6604//6604
f 6604//6604 6600//6600 6605//6605
f 6604//6604 6605//6605 6606//6606
f 6606//6606 6605//6605 6607//6607
f 6607//6607 6605//6605 6608//6608
f 6607//6607 6608//6608 6609//6609
f 6609//6609 6608//6608 5844//5844
f 6609//6609 5844//5844 5845//5845
f 5843//5843 5844//5844 6599//6599
f 6599//6599 5844//5844 6608//6608
f 6599//6599 6608//6608 6598//6598
f 6598//6598 6608//6608 6605//6605
f 6594//6594 6595//6595 6600//6600
f 6600//6600 6595//6595 6596//6596
f 6600//6600 6596//6596 6605//6605
f 6605//6605 6596//6596 6597//6597
f 6605//6605 6597//6597 6598//6598
f 6610//6610 6602//6602 6603//6603
f 6610//6610 6603//6603 6611//6611
f 6611//6611 6603//6603 6604//6604
f 6611//6611 6604//6604 6612//6612
f 6604//6604 6606//6606 6612//6612
f 6612//6612 6606//6606 6607//6607
f 6612//6612 6607//6607 5924//5924
f 5924//5924 6607//6607 6609//6609
f 5924//5924 6609//6609 5845//5845
f 6613//6613 5922//5922 5921//5921
f 5924//5924 5923//5923 6612//6612
f 6612//6612 5923//5923 6614//6614
f 6612//6612 6614//6614 6611//6611
f 6611//6611 6614//6614 6615//6615
f 6611//6611 6615//6615 6610//6610
f 6610//6610 6615//6615 6616//6616
f 5923//5923 5922//5922 6614//6614
f 6614//6614 5922//5922 6613//6613
f 6614//6614 6613//6613 6615//6615
f 6615//6615 6613//6613 6617//6617
f 6615//6615 6617//6617 6616//6616
f 6616//6616 6617//6617 6618//6618
f 5921//5921 6619//6619 6613//6613
f 6613//6613 6619//6619 6620//6620
f 6613//6613 6620//6620 6617//6617
f 6617//6617 6620//6620 6621//6621
f 6617//6617 6621//6621 6618//6618
f 6618//6618 6621//6621 6622//6622
f 6619//6619 5921//5921 6104//6104
f 6623//6623 6622//6622 6624//6624
f 6624//6624 6622//6622 6621//6621
f 6624//6624 6621//6621 6620//6620
f 6104//6104 6109//6109 6619//6619
f 6619//6619 6109//6109 6108//6108
f 6619//6619 6108//6108 6620//6620
f 6620//6620 6108//6108 6107//6107
f 6620//6620 6107//6107 6624//6624
f 6306//6306 6307//6307 6625//6625
f 6625//6625 6307//6307 6626//6626
f 6625//6625 6626//6626 6624//6624
f 6624//6624 6626//6626 6623//6623
f 5422//5422 6306//6306 6106//6106
f 6106//6106 6306//6306 6625//6625
f 6106//6106 6625//6625 6107//6107
f 6107//6107 6625//6625 6624//6624
f 6110//6110 6627//6627 6121//6121
f 6121//6121 6627//6627 6628//6628
f 6121//6121 6628//6628 6120//6120
f 6120//6120 6628//6628 6629//6629
f 6120//6120 6629//6629 6119//6119
f 6119//6119 6629//6629 6630//6630
f 6119//6119 6630//6630 6118//6118
f 6118//6118 6630//6630 6631//6631
f 6118//6118 6631//6631 6117//6117
f 6117//6117 6631//6631 6632//6632
f 6117//6117 6632//6632 6116//6116
f 6116//6116 6632//6632 6633//6633
f 6116//6116 6633//6633 6115//6115
f 6115//6115 6633//6633 6634//6634
f 6115//6115 6634//6634 6114//6114
f 6114//6114 6634//6634 6635//6635
f 6114//6114 6635//6635 6113//6113
f 6113//6113 6635//6635 6636//6636
f 6113//6113 6636//6636 6112//6112
f 6112//6112 6636//6636 6637//6637
f 6112//6112 6637//6637 6111//6111
f 6111//6111 6637//6637 6638//6638
f 6111//6111 6638//6638 6110//6110
f 6110//6110 6638//6638 6627//6627
f 6122//6122 6639//6639 6133//6133
f 6133//6133 6639//6639 6640//6640
f 6133//6133 6640//6640 6132//6132
f 6132//6132 6640//6640 6641//6641
f 6132//6132 6641//6641 6131//6131
f 6131//6131 6641//6641 6642//6642
f 6131//6131 6642//6642 6130//6130
f 6130//6130 6642//6642 6643//6643
f 6130//6130 6643//6643 6129//6129
f 6129//6129 6643//6643 6644//6644
f 6129//6129 6644//6644 6128//6128
f 6128//6128 6644//6644 6645//6645
f 6128//6128 6645//6645 6127//6127
f 6127//6127 6645//6645 6646//6646
f 6127//6127 6646//6646 6126//6126
f 6126//6126 6646//6646 6647//6647
f 6126//6126 6647//6647 6125//6125
f 6125//6125 6647//6647 6648//6648
f 6125//6125 6648//6648 6124//6124
f 6124//6124 6648//6648 6649//6649
f 6124//6124 6649//6649 6123//6123
f 6123//6123 6649//6649 6650//6650
f 6123//6123 6650//6650 6122//6122
f 6122//6122 6650//6650 6639//6639
f 6134//6134 6651//6651 6145//6145
f 6145//6145 6651//6651 6652//6652
f 6145//6145 6652//6652 6144//6144
f 6144//6144 6652//6652 6653//6653
f 6144//6144 6653//6653 6143//6143
f 6143//6143 6653//6653 6654//6654
f 6143//6143 6654//6654 6142//6142
f 6142//6142 6654//6654 6655//6655
f 6142//6142 6655//6655 6141//6141
f 6141//6141 6655//6655 6656//6656
f 6141//6141 6656//6656 6140//6140
f 6140//6140 6656//6656 6657//6657
f 6140//6140 6657//6657 6139//6139
f 6139//6139 6657//6657 6658//6658
f 6139//6139 6658//6658 6138//6138
f 6138//6138 6658//6658 6659//6659
f 6138//6138 6659//6659 6137//6137
f 6137//6137 6659//6659 6660//6660
f 6137//6137 6660//6660 6136//6136
f 6136//6136 6660//6660 6661//6661
f 6136//6136 6661//6661 6135//6135
f 6135//6135 6661//6661 6662//6662
f 6135//6135 6662//6662 6134//6134
f 6134//6134 6662//6662 6651//6651
f 6146//6146 6663//6663 6157//6157
f 6157//6157 6663//6663 6664//6664
f 6157//6157 6664//6664 6156//6156
f 6156//6156 6664//6664 6665//6665
f 6156//6156 6665//6665 6155//6155
f 6155//6155 6665//6665 6666//6666
f 6155//6155 6666//6666 6154//6154
f 6154//6154 6666//6666 6667//6667
f 6154//6154 6667//6667 6153//6153
f 6153//6153 6667//6667 6668//6668
f 6153//6153 6668//6668 6152//6152
f 6152//6152 6668//6668 6669//6669
f 6152//6152 6669//6669 6151//6151
f 6151//6151 6669//6669 6670//6670
f 6151//6151 6670//6670 6150//6150
f 6150//6150 6670//6670 6671//6671
f 6150//6150 6671//6671 6149//6149
f 6149//6149 6671//6671 6672//6672
f 6149//6149 6672//6672 6148//6148
f 6148//6148 6672//6672 6673//6673
f 6148//6148 6673//6673 6147//6147
f 6147//6147 6673//6673 6674//6674
f 6147//6147 6674//6674 6146//6146
f 6146//6146 6674//6674 6663//6663
f 6205//6205 6675//6675 6676//6676
f 6205//6205 6174//6174 6675//6675
f 6675//6675 6174//6174 6176//6176
f 6675//6675 6176//6176 6677//6677
f 6176//6176 6178//6178 6677//6677
f 6677//6677 6178//6178 6180//6180
f 6677//6677 6180//6180 6678//6678
f 6180//6180 6182//6182 6678//6678
f 6678//6678 6182//6182 6184//6184
f 6678//6678 6184//6184 6679//6679
f 6184//6184 6195//6195 6679//6679
f 6679//6679 6195//6195 6194//6194
f 6679//6679 6194//6194 6680//6680
f 6194//6194 6192//6192 6680//6680
f 6680//6680 6192//6192 6190//6190
f 6680//6680 6190//6190 6681//6681
f 6190//6190 6188//6188 6681//6681
f 6681//6681 6188//6188 6186//6186
f 6681//6681 6186//6186 6682//6682
f 6186//6186 6185//6185 6682//6682
f 6682//6682 6185//6185 6196//6196
f 6682//6682 6196//6196 6683//6683
f 6196//6196 6198//6198 6683//6683
f 6683//6683 6198//6198 6200//6200
f 6683//6683 6200//6200 6684//6684
f 6200//6200 6202//6202 6684//6684
f 6684//6684 6202//6202 6204//6204
f 6684//6684 6204//6204 6685//6685
f 6204//6204 6213//6213 6685//6685
f 6685//6685 6213//6213 6212//6212
f 6685//6685 6212//6212 6686//6686
f 6212//6212 6210//6210 6686//6686
f 6686//6686 6210//6210 6208//6208
f 6686//6686 6208//6208 6676//6676
f 6676//6676 6208//6208 6206//6206
f 6676//6676 6206//6206 6205//6205
f 6277//6277 6687//6687 6688//6688
f 6277//6277 6246//6246 6687//6687
f 6687//6687 6246//6246 6248//6248
f 6687//6687 6248//6248 6689//6689
f 6248//6248 6250//6250 6689//6689
f 6689//6689 6250//6250 6252//6252
f 6689//6689 6252//6252 6690//6690
f 6252//6252 6254//6254 6690//6690
f 6690//6690 6254//6254 6256//6256
f 6690//6690 6256//6256 6691//6691
f 6256//6256 6267//6267 6691//6691
f 6691//6691 6267//6267 6266//6266
f 6691//6691 6266//6266 6692//6692
f 6266//6266 6264//6264 6692//6692
f 6692//6692 6264//6264 6262//6262
f 6692//6692 6262//6262 6693//6693
f 6262//6262 6260//6260 6693//6693
f 6693//6693 6260//6260 6258//6258
f 6693//6693 6258//6258 6694//6694
f 6258//6258 6257//6257 6694//6694
f 6694//6694 6257//6257 6268//6268
f 6694//6694 6268//6268 6695//6695
f 6268//6268 6270//6270 6695//6695
f 6695//6695 6270//6270 6272//6272
f 6695//6695 6272//6272 6696//6696
f 6272//6272 6274//6274 6696//6696
f 6696//6696 6274//6274 6276//6276
f 6696//6696 6276//6276 6697//6697
f 6276//6276 6285//6285 6697//6697
f 6697//6697 6285//6285 6284//6284
f 6697//6697 6284//6284 6698//6698
f 6284//6284 6282//6282 6698//6698
f 6698//6698 6282//6282 6280//6280
f 6698//6698 6280//6280 6688//6688
f 6688//6688 6280//6280 6278//6278
f 6688//6688 6278//6278 6277//6277
f 6637//6637 6636//6636 6699//6699
f 6417//6417 6419//6419 6421//6421
f 6537//6537 6538//6538 6700//6700
f 6601//6601 6701//6701 6594//6594
f 6616//6616 6618//6618 6610//6610
f 6610//6610 6618//6618 6622//6622
f 6594//6594 6701//6701 6587//6587
f 6587//6587 6701//6701 6702//6702
f 6587//6587 6702//6702 6585//6585
f 6567//6567 6568//6568 6565//6565
f 6565//6565 6568//6568 6569//6569
f 6565//6565 6569//6569 6702//6702
f 6702//6702 6569//6569 6583//6583
f 6702//6702 6583//6583 6585//6585
f 6700//6700 6686//6686 6702//6702
f 6702//6702 6686//6686 6676//6676
f 6702//6702 6676//6676 6675//6675
f 6681//6681 6682//6682 6538//6538
f 6682//6682 6683//6683 6538//6538
f 6538//6538 6683//6683 6684//6684
f 6538//6538 6684//6684 6700//6700
f 6700//6700 6684//6684 6685//6685
f 6700//6700 6685//6685 6686//6686
f 6675//6675 6677//6677 6702//6702
f 6702//6702 6677//6677 6678//6678
f 6702//6702 6678//6678 6565//6565
f 6565//6565 6678//6678 6679//6679
f 6565//6565 6679//6679 6563//6563
f 6563//6563 6679//6679 6680//6680
f 6563//6563 6680//6680 6561//6561
f 6561//6561 6680//6680 6681//6681
f 6561//6561 6681//6681 6546//6546
f 6546//6546 6681//6681 6538//6538
f 6499//6499 6501//6501 6700//6700
f 6700//6700 6501//6501 6503//6503
f 6503//6503 6504//6504 6700//6700
f 6700//6700 6504//6504 6523//6523
f 6700//6700 6523//6523 6532//6532
f 6532//6532 6534//6534 6700//6700
f 6700//6700 6534//6534 6536//6536
f 6700//6700 6536//6536 6537//6537
f 6471//6471 6473//6473 6699//6699
f 6699//6699 6473//6473 6475//6475
f 6453//6453 6454//6454 6699//6699
f 6699//6699 6454//6454 6467//6467
f 6699//6699 6467//6467 6471//6471
f 6475//6475 6477//6477 6699//6699
f 6699//6699 6477//6477 6478//6478
f 6699//6699 6478//6478 6703//6703
f 6703//6703 6478//6478 6494//6494
f 6703//6703 6494//6494 6700//6700
f 6700//6700 6494//6494 6497//6497
f 6700//6700 6497//6497 6499//6499
f 6699//6699 6439//6439 6448//6448
f 6448//6448 6450//6450 6699//6699
f 6699//6699 6450//6450 6452//6452
f 6699//6699 6452//6452 6453//6453
f 6698//6698 6688//6688 6704//6704
f 6704//6704 6688//6688 6699//6699
f 6690//6690 6439//6439 6689//6689
f 6689//6689 6439//6439 6699//6699
f 6689//6689 6699//6699 6687//6687
f 6687//6687 6699//6699 6688//6688
f 6421//6421 6423//6423 6694//6694
f 6694//6694 6423//6423 6424//6424
f 6694//6694 6424//6424 6693//6693
f 6693//6693 6424//6424 6425//6425
f 6693//6693 6425//6425 6692//6692
f 6692//6692 6425//6425 6439//6439
f 6692//6692 6439//6439 6691//6691
f 6691//6691 6439//6439 6690//6690
f 6694//6694 6695//6695 6421//6421
f 6421//6421 6695//6695 6696//6696
f 6421//6421 6696//6696 6704//6704
f 6704//6704 6696//6696 6697//6697
f 6704//6704 6697//6697 6698//6698
f 6386//6386 6396//6396 6704//6704
f 6704//6704 6396//6396 6398//6398
f 6704//6704 6398//6398 6421//6421
f 6421//6421 6398//6398 6402//6402
f 6421//6421 6402//6402 6417//6417
f 6705//6705 6378//6378 6386//6386
f 6657//6657 6656//6656 6706//6706
f 6378//6378 6705//6705 6377//6377
f 6657//6657 6706//6706 6658//6658
f 6656//6656 6655//6655 6706//6706
f 6706//6706 6655//6655 6654//6654
f 6706//6706 6654//6654 6705//6705
f 6705//6705 6654//6654 6653//6653
f 6705//6705 6653//6653 6652//6652
f 6370//6370 6377//6377 6662//6662
f 6662//6662 6377//6377 6705//6705
f 6662//6662 6705//6705 6651//6651
f 6651//6651 6705//6705 6652//6652
f 6659//6659 6369//6369 6660//6660
f 6660//6660 6369//6369 6370//6370
f 6660//6660 6370//6370 6661//6661
f 6661//6661 6370//6370 6662//6662
f 6344//6344 6346//6346 6706//6706
f 6706//6706 6346//6346 6366//6366
f 6706//6706 6366//6366 6367//6367
f 6659//6659 6658//6658 6369//6369
f 6369//6369 6658//6658 6706//6706
f 6369//6369 6706//6706 6368//6368
f 6368//6368 6706//6706 6367//6367
f 6338//6338 6345//6345 6339//6339
f 6339//6339 6345//6345 6344//6344
f 6329//6329 6705//6705 6327//6327
f 6327//6327 6705//6705 6707//6707
f 6327//6327 6707//6707 6325//6325
f 6329//6329 6331//6331 6705//6705
f 6705//6705 6331//6331 6333//6333
f 6705//6705 6333//6333 6706//6706
f 6706//6706 6333//6333 6335//6335
f 6706//6706 6335//6335 6344//6344
f 6344//6344 6335//6335 6336//6336
f 6344//6344 6336//6336 6339//6339
f 6325//6325 6707//6707 6323//6323
f 6323//6323 6707//6707 6708//6708
f 6323//6323 6708//6708 6321//6321
f 6321//6321 6708//6708 6709//6709
f 6321//6321 6709//6709 6319//6319
f 6710//6710 6315//6315 6709//6709
f 6709//6709 6315//6315 6317//6317
f 6709//6709 6317//6317 6319//6319
f 6305//6305 6309//6309 6711//6711
f 6711//6711 6309//6309 6311//6311
f 6711//6711 6311//6311 6710//6710
f 6710//6710 6311//6311 6313//6313
f 6710//6710 6313//6313 6315//6315
f 6626//6626 6307//6307 6623//6623
f 6623//6623 6307//6307 6304//6304
f 6637//6637 6699//6699 6638//6638
f 6386//6386 6704//6704 6705//6705
f 6705//6705 6704//6704 6699//6699
f 6705//6705 6699//6699 6707//6707
f 6707//6707 6699//6699 6636//6636
f 6707//6707 6636//6636 6635//6635
f 6631//6631 6630//6630 6703//6703
f 6635//6635 6634//6634 6707//6707
f 6707//6707 6634//6634 6633//6633
f 6707//6707 6633//6633 6708//6708
f 6708//6708 6633//6633 6632//6632
f 6630//6630 6629//6629 6703//6703
f 6703//6703 6629//6629 6628//6628
f 6703//6703 6628//6628 6699//6699
f 6699//6699 6628//6628 6627//6627
f 6699//6699 6627//6627 6638//6638
f 6649//6649 6648//6648 6703//6703
f 6703//6703 6648//6648 6708//6708
f 6703//6703 6708//6708 6631//6631
f 6631//6631 6708//6708 6632//6632
f 6645//6645 6709//6709 6646//6646
f 6646//6646 6709//6709 6708//6708
f 6646//6646 6708//6708 6647//6647
f 6647//6647 6708//6708 6648//6648
f 6645//6645 6644//6644 6709//6709
f 6709//6709 6644//6644 6643//6643
f 6709//6709 6643//6643 6642//6642
f 6641//6641 6640//6640 6700//6700
f 6700//6700 6640//6640 6639//6639
f 6700//6700 6639//6639 6703//6703
f 6703//6703 6639//6639 6650//6650
f 6703//6703 6650//6650 6649//6649
f 6701//6701 6666//6666 6665//6665
f 6664//6664 6663//6663 6710//6710
f 6710//6710 6663//6663 6674//6674
f 6601//6601 6602//6602 6701//6701
f 6701//6701 6602//6602 6712//6712
f 6701//6701 6712//6712 6666//6666
f 6666//6666 6712//6712 6667//6667
f 6671//6671 6711//6711 6672//6672
f 6672//6672 6711//6711 6710//6710
f 6672//6672 6710//6710 6673//6673
f 6673//6673 6710//6710 6674//6674
f 6671//6671 6670//6670 6711//6711
f 6711//6711 6670//6670 6669//6669
f 6711//6711 6669//6669 6712//6712
f 6712//6712 6669//6669 6668//6668
f 6712//6712 6668//6668 6667//6667
f 6665//6665 6664//6664 6701//6701
f 6701//6701 6664//6664 6710//6710
f 6701//6701 6710//6710 6702//6702
f 6702//6702 6710//6710 6709//6709
f 6702//6702 6709//6709 6700//6700
f 6700//6700 6709//6709 6642//6642
f 6700//6700 6642//6642 6641//6641
f 6602//6602 6610//6610 6712//6712
f 6712//6712 6610//6610 6622//6622
f 6712//6712 6622//6622 6711//6711
f 6711//6711 6622//6622 6623//6623
f 6711//6711 6623//6623 6305//6305
f 6305//6305 6623//6623 6304//6304
# 13464 faces, 0 coords texture

# End of File
