####
#
# OBJ File Generated by Meshlab
#
####
# Object gripper_left.obj
#
# Vertices: 2850
# Faces: 5704
#
####
v 0.066138 -0.019797 0.004159
v 0.066540 -0.019917 0.004009
v 0.066137 -0.019882 0.004289
v 0.066576 -0.020000 0.004112
v 0.066116 -0.020009 0.004376
v 0.066586 -0.020115 0.004187
v 0.066085 -0.020130 0.004404
v 0.066783 -0.019966 0.003648
v 0.066487 -0.019878 0.003899
v 0.066123 -0.019770 0.004035
v 0.066965 -0.020325 0.003888
v 0.066686 -0.020263 0.004147
v 0.066570 -0.020237 0.004222
v 0.066964 -0.020207 0.003858
v 0.066930 -0.020095 0.003802
v 0.066865 -0.020011 0.003727
v 0.066976 -0.020023 0.003311
v 0.067208 -0.020266 0.003421
v 0.067221 -0.020382 0.003439
v 0.067168 -0.020370 0.003567
v 0.067075 -0.020071 0.003352
v 0.067157 -0.020156 0.003391
v 0.067312 -0.020402 0.002929
v 0.067278 -0.020247 0.002929
v 0.067237 -0.020178 0.002929
v 0.067183 -0.020119 0.002929
v 0.067043 -0.020043 0.002929
v 0.066525 -0.021099 0.004248
v 0.066514 -0.021229 0.004228
v 0.066085 -0.021099 0.004404
v 0.066081 -0.021229 0.004381
v 0.066076 -0.021287 0.004354
v 0.066473 -0.021364 0.004152
v 0.066065 -0.021364 0.004296
v 0.066051 -0.021424 0.004219
v 0.066408 -0.021451 0.004033
v 0.066040 -0.021451 0.004163
v 0.066347 -0.021474 0.003919
v 0.066017 -0.021474 0.004035
v 0.066937 -0.021474 0.002929
v 0.066882 -0.021474 0.003274
v 0.067066 -0.021451 0.002929
v 0.067006 -0.021451 0.003314
v 0.067124 -0.021424 0.002929
v 0.067135 -0.021364 0.003356
v 0.067202 -0.021364 0.002929
v 0.067261 -0.021287 0.002929
v 0.067217 -0.021229 0.003382
v 0.067288 -0.021229 0.002929
v 0.067312 -0.021099 0.002929
v 0.067239 -0.021099 0.003390
v 0.067169 -0.021099 0.003567
v 0.066965 -0.021099 0.003888
v 0.066677 -0.021474 0.003648
v 0.066776 -0.021451 0.003731
v 0.066880 -0.021364 0.003818
v 0.066947 -0.021229 0.003873
v 0.066686 -0.021099 0.004147
v 0.066733 -0.020150 -0.004540
v 0.066724 -0.020272 -0.004574
v 0.067040 -0.020342 -0.004245
v 0.067035 -0.020224 -0.004217
v 0.067227 -0.020271 -0.003820
v 0.067175 -0.020161 -0.003793
v 0.067242 -0.020387 -0.003835
v 0.067312 -0.020402 -0.003384
v 0.067278 -0.020247 -0.003384
v 0.067237 -0.020178 -0.003384
v 0.067091 -0.020076 -0.003759
v 0.067183 -0.020119 -0.003384
v 0.066839 -0.019982 -0.004030
v 0.066991 -0.020027 -0.003722
v 0.067043 -0.020043 -0.003384
v 0.066996 -0.020113 -0.004167
v 0.066926 -0.020028 -0.004100
v 0.066602 -0.019912 -0.004277
v 0.066667 -0.019953 -0.004377
v 0.066714 -0.020037 -0.004471
v 0.067200 -0.020377 -0.003950
v 0.066323 -0.020183 -0.004794
v 0.066347 -0.020065 -0.004764
v 0.066353 -0.019940 -0.004679
v 0.066334 -0.019854 -0.004557
v 0.066302 -0.019823 -0.004441
v 0.067201 -0.021099 -0.003950
v 0.067179 -0.021229 -0.003942
v 0.067312 -0.021099 -0.003384
v 0.067288 -0.021229 -0.003384
v 0.067261 -0.021287 -0.003384
v 0.067099 -0.021364 -0.003909
v 0.067202 -0.021364 -0.003384
v 0.067124 -0.021424 -0.003384
v 0.066974 -0.021451 -0.003858
v 0.067066 -0.021451 -0.003384
v 0.066853 -0.021474 -0.003809
v 0.066937 -0.021474 -0.003384
v 0.066195 -0.021474 -0.004441
v 0.066566 -0.021474 -0.004218
v 0.066239 -0.021451 -0.004563
v 0.066653 -0.021451 -0.004315
v 0.066259 -0.021424 -0.004618
v 0.066744 -0.021364 -0.004415
v 0.066286 -0.021364 -0.004691
v 0.066306 -0.021287 -0.004747
v 0.066802 -0.021229 -0.004479
v 0.066315 -0.021229 -0.004772
v 0.066818 -0.021099 -0.004496
v 0.066323 -0.021099 -0.004794
v 0.056607 -0.021474 -0.007918
v 0.056607 -0.021474 0.005779
v 0.036411 -0.010969 0.009542
v 0.036411 -0.010969 -0.015281
v 0.036146 -0.010992 -0.015634
v 0.035648 -0.011096 -0.015918
v 0.035883 -0.011043 -0.015811
v 0.035912 -0.011037 -0.015795
v 0.036377 -0.010966 -0.015366
v 0.036326 -0.010968 -0.015446
v 0.036242 -0.010977 -0.015545
v 0.056671 -0.021424 -0.008095
v 0.056697 -0.021364 -0.008168
v 0.056718 -0.021287 -0.008224
v 0.056735 -0.021099 -0.008271
v 0.054822 -0.021034 -0.008965
v 0.052918 -0.020839 -0.009655
v 0.054804 -0.021174 -0.008942
v 0.052893 -0.020971 -0.009638
v 0.054767 -0.021302 -0.008864
v 0.052846 -0.021108 -0.009558
v 0.054718 -0.021384 -0.008744
v 0.052787 -0.021192 -0.009428
v 0.054668 -0.021408 -0.008612
v 0.052739 -0.021211 -0.009303
v 0.052739 -0.021211 0.006486
v 0.054668 -0.021408 0.006134
v 0.019928 -0.016716 -0.021201
v 0.019906 -0.016703 -0.021299
v 0.019899 -0.016674 -0.021387
v 0.019916 -0.016594 -0.021503
v 0.019924 -0.016572 -0.021522
v 0.019982 -0.016461 -0.021574
v 0.020064 -0.016338 -0.021569
v 0.020117 -0.016354 0.012923
v 0.052858 -0.020839 0.006855
v 0.020057 -0.016440 0.012922
v 0.052837 -0.020970 0.006835
v 0.020004 -0.016521 0.012897
v 0.052802 -0.021105 0.006750
v 0.019962 -0.016593 0.012849
v 0.019933 -0.016652 0.012781
v 0.052766 -0.021190 0.006616
v 0.019919 -0.016698 0.012681
v 0.019928 -0.016716 0.012568
v 0.054762 -0.021034 0.006502
v 0.056675 -0.021099 0.006148
v 0.054748 -0.021173 0.006478
v 0.056666 -0.021287 0.006098
v 0.054724 -0.021300 0.006396
v 0.056655 -0.021364 0.006040
v 0.054695 -0.021383 0.006270
v 0.056641 -0.021424 0.005963
v 0.036358 -0.010972 0.009666
v 0.036337 -0.010975 0.009695
v 0.036061 -0.011029 0.009908
v 0.036132 -0.011013 0.009868
v 0.036171 -0.011005 0.009843
v 0.035671 -0.011121 0.010041
v 0.035807 -0.011087 0.010009
v 0.035907 -0.011064 0.009976
v 0.035938 -0.011056 0.009964
v 0.029377 -0.014086 0.011575
v 0.030028 -0.014011 0.011447
v 0.030009 -0.014042 0.011316
v 0.029069 -0.014465 0.011264
v 0.028108 -0.014363 0.011442
v 0.029075 -0.014329 0.011289
v 0.028141 -0.014223 0.011465
v 0.029090 -0.014204 0.011368
v 0.028180 -0.014104 0.011541
v 0.029114 -0.014120 0.011489
v 0.028218 -0.014024 0.011657
v 0.029138 -0.014091 0.011622
v 0.028250 -0.013996 0.011797
v 0.030031 -0.014379 0.011086
v 0.030011 -0.014247 0.011115
v 0.030003 -0.014125 0.011196
v 0.030957 -0.014105 0.010914
v 0.030913 -0.013983 0.010947
v 0.030882 -0.013869 0.011029
v 0.030872 -0.013790 0.011150
v 0.030884 -0.013758 0.011279
v 0.031812 -0.013657 0.010756
v 0.031726 -0.013508 0.010817
v 0.031696 -0.013445 0.010876
v 0.031676 -0.013395 0.010950
v 0.031674 -0.013343 0.011125
v 0.022925 -0.013291 0.012403
v 0.022958 -0.013151 0.012426
v 0.022997 -0.013031 0.012501
v 0.023035 -0.012952 0.012618
v 0.023067 -0.012924 0.012758
v 0.022330 -0.013272 0.012513
v 0.022317 -0.013140 0.012541
v 0.022314 -0.013017 0.012620
v 0.022651 -0.012880 0.012822
v 0.022324 -0.012933 0.012739
v 0.022344 -0.012901 0.012870
v 0.022154 -0.012937 0.012900
v 0.021765 -0.013454 0.012618
v 0.021710 -0.013339 0.012652
v 0.021294 -0.013817 0.012705
v 0.021207 -0.013731 0.012744
v 0.021669 -0.013232 0.012733
v 0.021134 -0.013650 0.012827
v 0.020973 -0.014318 0.012765
v 0.020828 -0.014251 0.012833
v 0.020771 -0.014223 0.012892
v 0.020728 -0.014199 0.012965
v 0.021651 -0.013156 0.012851
v 0.021092 -0.013592 0.012944
v 0.020712 -0.014189 0.013009
v 0.021657 -0.013123 0.012978
v 0.021223 -0.013427 0.013047
v 0.021085 -0.013564 0.013069
v 0.020696 -0.014173 0.013133
v 0.022242 -0.013051 -0.020882
v 0.022909 -0.013058 -0.020654
v 0.022946 -0.013000 -0.020724
v 0.022640 -0.012909 -0.021011
v 0.022308 -0.012929 -0.021112
v 0.022288 -0.012942 -0.021052
v 0.021099 -0.013674 -0.021274
v 0.020747 -0.014233 -0.021397
v 0.020792 -0.014261 -0.021339
v 0.022875 -0.013135 -0.020603
v 0.022232 -0.013170 -0.020808
v 0.022824 -0.013319 -0.020568
v 0.021154 -0.013750 -0.021194
v 0.021226 -0.013831 -0.021148
v 0.021381 -0.013682 -0.021092
v 0.021642 -0.013367 -0.021019
v 0.021616 -0.013264 -0.021096
v 0.021614 -0.013187 -0.021203
v 0.021635 -0.013147 -0.021318
v 0.021073 -0.013614 -0.021380
v 0.021220 -0.013437 -0.021447
v 0.021076 -0.013580 -0.021492
v 0.022995 -0.012957 -0.020833
v 0.023019 -0.012951 -0.020897
v 0.022830 -0.012921 -0.020953
v 0.020912 -0.014323 -0.021262
v 0.021686 -0.013477 -0.020981
v 0.022028 -0.013342 -0.020857
v 0.022240 -0.013299 -0.020780
v 0.020694 -0.014177 -0.021614
v 0.020704 -0.014199 -0.021503
v 0.020715 -0.014209 -0.021464
v 0.022018 -0.012992 -0.021200
v 0.022270 -0.012966 -0.020991
v 0.028079 -0.014406 -0.018663
v 0.028130 -0.014222 -0.018698
v 0.028164 -0.014146 -0.018749
v 0.028202 -0.014087 -0.018818
v 0.028223 -0.014064 -0.018863
v 0.028274 -0.014038 -0.018991
v 0.029043 -0.014246 -0.018423
v 0.031557 -0.013523 -0.017493
v 0.031549 -0.013472 -0.017562
v 0.030779 -0.013850 -0.017894
v 0.031577 -0.013585 -0.017436
v 0.030772 -0.013930 -0.017783
v 0.031646 -0.013726 -0.017369
v 0.030788 -0.014040 -0.017704
v 0.029985 -0.014054 -0.018330
v 0.030807 -0.013812 -0.018014
v 0.031568 -0.013413 -0.017722
v 0.029359 -0.014126 -0.018572
v 0.029085 -0.014162 -0.018535
v 0.029947 -0.014090 -0.018208
v 0.029130 -0.014130 -0.018660
v 0.029923 -0.014174 -0.018097
v 0.029918 -0.014293 -0.018021
v 0.029016 -0.014371 -0.018349
v 0.030822 -0.014159 -0.017668
v 0.029932 -0.014422 -0.017991
v 0.029006 -0.014505 -0.018326
v 0.035620 -0.011044 -0.015933
v 0.035595 -0.010991 -0.015959
v 0.035579 -0.010954 -0.015984
v 0.035560 -0.010893 -0.016041
v 0.035551 -0.010842 -0.016111
v 0.035570 -0.010783 -0.016270
v 0.035606 -0.011011 0.010076
v 0.035585 -0.010972 0.010102
v 0.035554 -0.010909 0.010161
v 0.035535 -0.010859 0.010235
v 0.035529 -0.010838 0.010281
v 0.035533 -0.010807 0.010409
v 0.036307 -0.010928 0.009607
v 0.036264 -0.010929 0.009678
v 0.036196 -0.010859 0.009669
v 0.035735 -0.010966 0.010031
v 0.035826 -0.010855 0.009999
v 0.035858 -0.010927 0.009972
v 0.035933 -0.010817 0.009922
v 0.035969 -0.010897 0.009901
v 0.036023 -0.010789 0.009838
v 0.036140 -0.010863 0.009745
v 0.036200 -0.010935 0.009753
v 0.036064 -0.010875 0.009824
v 0.036115 -0.010948 0.009827
v 0.036013 -0.010968 0.009897
v 0.036327 -0.010933 0.009542
v 0.036231 -0.010862 0.009601
v 0.036142 -0.010768 0.009672
v 0.035804 -0.010785 0.010042
v 0.035911 -0.010736 0.009960
v 0.036000 -0.010699 0.009870
v 0.036113 -0.010662 0.009688
v 0.036171 -0.010770 0.009601
v 0.036264 -0.010886 0.009542
v 0.036249 -0.010337 0.009842
v 0.036143 -0.010460 0.009754
v 0.036013 -0.010538 0.009976
v 0.035684 -0.010844 0.010110
v 0.035798 -0.010670 0.010164
v 0.035795 -0.010722 0.010099
v 0.035996 -0.010612 0.009918
v 0.036114 -0.010555 0.009717
v 0.035834 -0.010610 0.010299
v 0.036012 -0.010492 0.010171
v 0.036311 -0.010296 0.009542
v 0.036195 -0.010418 0.009542
v 0.036143 -0.010579 0.009542
v 0.036138 -0.010660 0.009609
v 0.036146 -0.010664 0.009542
v 0.036168 -0.010746 0.009542
v 0.036311 -0.010296 -0.015281
v 0.036195 -0.010418 -0.015281
v 0.036143 -0.010579 -0.015281
v 0.036146 -0.010664 -0.015281
v 0.036168 -0.010746 -0.015281
v 0.036264 -0.010886 -0.015281
v 0.036327 -0.010933 -0.015281
v 0.035874 -0.010977 -0.015797
v 0.035923 -0.010590 -0.015884
v 0.035811 -0.010659 -0.015991
v 0.035802 -0.010772 -0.015880
v 0.035907 -0.010725 -0.015779
v 0.035816 -0.010841 -0.015839
v 0.036225 -0.010857 -0.015351
v 0.036167 -0.010765 -0.015351
v 0.036137 -0.010655 -0.015359
v 0.036135 -0.010759 -0.015437
v 0.036299 -0.010924 -0.015356
v 0.036185 -0.010850 -0.015433
v 0.036250 -0.010920 -0.015440
v 0.036125 -0.010851 -0.015526
v 0.036181 -0.010923 -0.015530
v 0.036012 -0.010777 -0.015639
v 0.036046 -0.010861 -0.015624
v 0.035997 -0.010605 -0.015713
v 0.036018 -0.010532 -0.015764
v 0.036114 -0.010550 -0.015479
v 0.036145 -0.010457 -0.015512
v 0.036110 -0.010655 -0.015453
v 0.035995 -0.010689 -0.015669
v 0.035859 -0.010593 -0.016112
v 0.035979 -0.010514 -0.016008
v 0.036098 -0.010436 -0.015872
v 0.036252 -0.010335 -0.015592
v 0.036093 -0.010934 -0.015623
v 0.035841 -0.010910 -0.015811
v 0.037444 -0.009711 0.010514
v 0.037444 -0.009711 -0.016142
v 0.037365 -0.009696 0.010514
v 0.037365 -0.009696 -0.016142
v 0.037283 -0.009699 0.010514
v 0.037283 -0.009699 -0.016142
v 0.037132 -0.009757 -0.016142
v 0.037132 -0.009757 0.010514
v 0.069562 -0.019784 -0.003112
v 0.069494 -0.019473 -0.003112
v 0.069562 -0.019784 0.002790
v 0.069494 -0.019473 0.002790
v 0.069413 -0.019336 0.002790
v 0.069413 -0.019336 -0.003112
v 0.069304 -0.019218 0.002790
v 0.069304 -0.019218 -0.003112
v 0.069235 -0.019165 0.002790
v 0.069025 -0.019065 -0.003112
v 0.069025 -0.019065 0.002790
v 0.028283 -0.013974 0.012554
v 0.029171 -0.014069 0.012379
v 0.029409 -0.014065 0.012332
v 0.030060 -0.013989 0.012204
v 0.030916 -0.013736 0.012036
v 0.031707 -0.013322 0.011881
v 0.023078 -0.012898 0.013519
v 0.022871 -0.012866 0.013551
v 0.022662 -0.012854 0.013583
v 0.022355 -0.012875 0.013631
v 0.022165 -0.012911 0.013660
v 0.021755 -0.013054 0.013725
v 0.021668 -0.013097 0.013739
v 0.021363 -0.013293 0.013787
v 0.021234 -0.013401 0.013808
v 0.021096 -0.013538 0.013830
v 0.021023 -0.013623 0.013842
v 0.020707 -0.014147 0.013894
v 0.069198 -0.019155 0.003220
v 0.067215 -0.018574 0.005250
v 0.067213 -0.018743 0.005511
v 0.067631 -0.018701 0.005144
v 0.067668 -0.018865 0.005372
v 0.068019 -0.018813 0.004952
v 0.068091 -0.018979 0.005159
v 0.068368 -0.018914 0.004697
v 0.068471 -0.019082 0.004877
v 0.068668 -0.019001 0.004387
v 0.068797 -0.019170 0.004536
v 0.068911 -0.019071 0.004030
v 0.069061 -0.019241 0.004145
v 0.069373 -0.019325 0.003259
v 0.069255 -0.019293 0.003715
v 0.069089 -0.019123 0.003637
v 0.069517 -0.019774 0.003308
v 0.069483 -0.019543 0.003290
v 0.069361 -0.019740 0.003869
v 0.069356 -0.019512 0.003775
v 0.069165 -0.019696 0.004281
v 0.069148 -0.019462 0.004232
v 0.068868 -0.019630 0.004708
v 0.068866 -0.019393 0.004648
v 0.068502 -0.019549 0.005077
v 0.068517 -0.019308 0.005010
v 0.068019 -0.019442 0.005412
v 0.068110 -0.019209 0.005308
v 0.067609 -0.019350 0.005601
v 0.067658 -0.019099 0.005533
v 0.067108 -0.019239 0.005740
v 0.067170 -0.018998 0.005684
v 0.068891 -0.019025 0.003555
v 0.068828 -0.019007 0.003710
v 0.067185 -0.018520 0.005002
v 0.067440 -0.018596 0.004939
v 0.067912 -0.018736 0.004731
v 0.068268 -0.018841 0.004473
v 0.068505 -0.018911 0.004229
v 0.037348 -0.009734 0.010770
v 0.037426 -0.009771 0.010819
v 0.037173 -0.009806 0.010945
v 0.037263 -0.009839 0.011006
v 0.037306 -0.009865 0.011029
v 0.037201 -0.010094 0.011228
v 0.037299 -0.009962 0.011122
v 0.037345 -0.009896 0.011046
v 0.037017 -0.010326 0.011317
v 0.037070 -0.010260 0.011303
v 0.036977 -0.010265 0.011317
v 0.037162 -0.010046 0.011215
v 0.036930 -0.010198 0.011300
v 0.037119 -0.010001 0.011191
v 0.036889 -0.010144 0.011271
v 0.037075 -0.009963 0.011157
v 0.036846 -0.010092 0.011223
v 0.037030 -0.009932 0.011114
v 0.036780 -0.010027 0.011098
v 0.037260 -0.009726 0.010737
v 0.037176 -0.009741 0.010699
v 0.037101 -0.009777 0.010663
v 0.037089 -0.009804 0.010870
v 0.036950 -0.009902 0.011007
v 0.036979 -0.009857 0.010831
v 0.036743 -0.010012 0.010948
v 0.020714 -0.014129 -0.022405
v 0.021096 -0.013531 -0.022282
v 0.021241 -0.013388 -0.022237
v 0.021656 -0.013099 -0.022108
v 0.022038 -0.012944 -0.021991
v 0.022143 -0.012916 -0.021959
v 0.022914 -0.012881 -0.021725
v 0.023039 -0.012902 -0.021687
v 0.028336 -0.013998 -0.019766
v 0.031629 -0.013373 -0.018497
v 0.031215 -0.013614 -0.018656
v 0.030869 -0.013772 -0.018790
v 0.030531 -0.013893 -0.018920
v 0.029885 -0.014041 -0.019169
v 0.029108 -0.014088 -0.019468
v 0.037109 -0.009772 -0.016278
v 0.036986 -0.009853 -0.016484
v 0.036761 -0.010000 -0.016636
v 0.067542 -0.018626 -0.005227
v 0.068920 -0.019034 -0.003789
v 0.068617 -0.018944 -0.004403
v 0.068143 -0.018804 -0.004898
v 0.037273 -0.009723 -0.016365
v 0.037183 -0.009738 -0.016329
v 0.037202 -0.009796 -0.016584
v 0.037105 -0.009795 -0.016512
v 0.037145 -0.009851 -0.016684
v 0.036978 -0.009887 -0.016669
v 0.037076 -0.009915 -0.016773
v 0.036995 -0.009988 -0.016851
v 0.037095 -0.010314 -0.016989
v 0.037009 -0.010184 -0.016986
v 0.037184 -0.010199 -0.016943
v 0.037098 -0.010083 -0.016925
v 0.037265 -0.010089 -0.016873
v 0.037178 -0.009989 -0.016845
v 0.037330 -0.009994 -0.016790
v 0.037246 -0.009905 -0.016749
v 0.037389 -0.009897 -0.016675
v 0.037301 -0.009833 -0.016641
v 0.037447 -0.009781 -0.016459
v 0.037366 -0.009733 -0.016396
v 0.037004 -0.010178 -0.016984
v 0.036906 -0.010068 -0.016913
v 0.036820 -0.010005 -0.016789
v 0.069339 -0.019735 -0.004245
v 0.069018 -0.019663 -0.004834
v 0.069009 -0.019428 -0.004779
v 0.068386 -0.019523 -0.005494
v 0.067584 -0.019345 -0.005932
v 0.068405 -0.019281 -0.005425
v 0.067632 -0.019110 -0.005871
v 0.068367 -0.019053 -0.005287
v 0.067645 -0.018859 -0.005703
v 0.068272 -0.018887 -0.005099
v 0.067607 -0.018688 -0.005458
v 0.068791 -0.019037 -0.004545
v 0.068931 -0.019205 -0.004678
v 0.068573 -0.019565 -0.005337
v 0.069423 -0.019753 -0.004015
v 0.069393 -0.019522 -0.003984
v 0.069290 -0.019302 -0.003931
v 0.069122 -0.019132 -0.003862
v 0.069562 -0.022224 0.002790
v 0.069562 -0.022224 -0.003112
v 0.019973 -0.016293 -0.021620
v 0.019945 -0.016276 -0.021647
v 0.019900 -0.016249 -0.021704
v 0.019868 -0.016225 -0.021771
v 0.019846 -0.016193 -0.021922
v 0.019740 -0.016446 -0.021909
v 0.019645 -0.016671 -0.021798
v 0.019764 -0.016429 -0.021806
v 0.019682 -0.016621 -0.021714
v 0.019816 -0.016426 -0.021708
v 0.019746 -0.016585 -0.021634
v 0.019893 -0.016437 -0.021627
v 0.019831 -0.016568 -0.021567
v 0.019794 -0.016711 -0.021310
v 0.019793 -0.016682 -0.021411
v 0.019694 -0.016721 -0.021448
v 0.019766 -0.016729 -0.021201
v 0.019567 -0.016857 -0.021568
v 0.019531 -0.016942 -0.021201
v 0.019613 -0.016787 -0.021493
v 0.019625 -0.016810 -0.021201
v 0.019691 -0.016762 -0.021201
v 0.019766 -0.016729 0.012568
v 0.019691 -0.016762 0.012568
v 0.019625 -0.016810 0.012568
v 0.019531 -0.016942 0.012568
v 0.019545 -0.016911 0.012789
v 0.019583 -0.016820 0.012987
v 0.019603 -0.016817 0.012754
v 0.019635 -0.016742 0.012922
v 0.019694 -0.016744 0.012722
v 0.019718 -0.016682 0.012860
v 0.019805 -0.016703 0.012696
v 0.019823 -0.016651 0.012811
v 0.019950 -0.016404 0.012968
v 0.020008 -0.016305 0.012965
v 0.019765 -0.016387 0.013282
v 0.019840 -0.016209 0.013292
v 0.019791 -0.016376 0.013163
v 0.019872 -0.016235 0.013124
v 0.019855 -0.016381 0.013052
v 0.019915 -0.016259 0.013051
v 0.019972 -0.016287 0.012991
v 0.019695 -0.016554 0.013224
v 0.019730 -0.016517 0.013119
v 0.019801 -0.016497 0.013019
v 0.019898 -0.016499 0.012942
v 0.019633 -0.016701 0.013125
v 0.019677 -0.016641 0.013037
v 0.019754 -0.016599 0.012954
v 0.019854 -0.016583 0.012889
v 0.028277 -0.014342 0.012936
v 0.029238 -0.014444 0.012758
v 0.028300 -0.014201 0.012903
v 0.029235 -0.014304 0.012731
v 0.028309 -0.014082 0.012819
v 0.029220 -0.014175 0.012646
v 0.028303 -0.014002 0.012696
v 0.029197 -0.014092 0.012517
v 0.030200 -0.014357 0.012580
v 0.031126 -0.014084 0.012409
v 0.030169 -0.014217 0.012557
v 0.031068 -0.013950 0.012390
v 0.030129 -0.014090 0.012474
v 0.031004 -0.013828 0.012309
v 0.030090 -0.014009 0.012344
v 0.030949 -0.013753 0.012178
v 0.031744 -0.013336 0.012032
v 0.031811 -0.013401 0.012156
v 0.031894 -0.013507 0.012233
v 0.031982 -0.013635 0.012250
v 0.023073 -0.013265 0.013901
v 0.023096 -0.013125 0.013868
v 0.023105 -0.013005 0.013784
v 0.023098 -0.012926 0.013661
v 0.023098 -0.012924 0.013655
v 0.022384 -0.012895 0.013772
v 0.021397 -0.013302 0.013934
v 0.021130 -0.013544 0.013978
v 0.021214 -0.013597 0.014113
v 0.021000 -0.013872 0.014151
v 0.020909 -0.013829 0.014016
v 0.020743 -0.014150 0.014052
v 0.020740 -0.014149 0.014044
v 0.021681 -0.013096 0.013810
v 0.022420 -0.012976 0.013903
v 0.021763 -0.013180 0.014017
v 0.022230 -0.013300 0.014057
v 0.022453 -0.013105 0.013987
v 0.021912 -0.013428 0.014116
v 0.021841 -0.013298 0.014099
v 0.021505 -0.013725 0.014192
v 0.022478 -0.013246 0.014011
v 0.021121 -0.014292 0.014263
v 0.021329 -0.013689 0.014193
v 0.020971 -0.014230 0.014255
v 0.020837 -0.014179 0.014180
v 0.022368 -0.012878 0.013700
v 0.021471 -0.013365 0.014068
v 0.021701 -0.013109 0.013884
v 0.019657 -0.017377 0.014502
v 0.019799 -0.017436 0.014508
v 0.019650 -0.017374 0.014500
v 0.019515 -0.017324 0.014425
v 0.019421 -0.017294 0.014297
v 0.019385 -0.017291 0.014139
v 0.067108 -0.022224 0.005740
v 0.067783 -0.022224 0.005530
v 0.067988 -0.022224 0.005429
v 0.068550 -0.022224 0.005037
v 0.068868 -0.022224 0.004708
v 0.069133 -0.022224 0.004335
v 0.069417 -0.022224 0.003711
v 0.069479 -0.022224 0.003491
v 0.069461 -0.022599 -0.003112
v 0.069342 -0.022755 -0.003112
v 0.069282 -0.022755 -0.003686
v 0.069187 -0.022874 -0.003112
v 0.069071 -0.022928 -0.003112
v 0.069017 -0.022928 -0.003630
v 0.067457 -0.022874 -0.005580
v 0.067510 -0.022755 -0.005726
v 0.068029 -0.022755 -0.005474
v 0.069515 -0.022484 -0.003112
v 0.069452 -0.022484 -0.003721
v 0.069497 -0.022224 -0.003731
v 0.069340 -0.022224 -0.004245
v 0.069186 -0.022484 -0.004468
v 0.069227 -0.022224 -0.004489
v 0.068731 -0.022484 -0.005116
v 0.068765 -0.022224 -0.005148
v 0.068120 -0.022484 -0.005621
v 0.068144 -0.022224 -0.005660
v 0.068574 -0.022224 -0.005337
v 0.067584 -0.022224 -0.005932
v 0.067569 -0.022484 -0.005889
v 0.067550 -0.022599 -0.005838
v 0.067749 -0.022974 -0.005023
v 0.067329 -0.022974 -0.005227
v 0.067417 -0.022928 -0.005471
v 0.067886 -0.022928 -0.005244
v 0.068405 -0.022928 -0.004815
v 0.068214 -0.022974 -0.004639
v 0.068791 -0.022928 -0.004264
v 0.068561 -0.022974 -0.004145
v 0.068763 -0.022974 -0.003576
v 0.068812 -0.022974 -0.003112
v 0.069032 -0.022755 -0.004388
v 0.068604 -0.022755 -0.004999
v 0.068812 -0.022974 0.002790
v 0.069071 -0.022928 0.002790
v 0.069187 -0.022874 0.002790
v 0.069342 -0.022755 0.002790
v 0.069461 -0.022599 0.002790
v 0.069515 -0.022484 0.002790
v 0.067090 -0.022599 0.005641
v 0.067068 -0.022755 0.005524
v 0.067693 -0.022755 0.005329
v 0.067040 -0.022874 0.005371
v 0.067019 -0.022928 0.005257
v 0.067583 -0.022928 0.005082
v 0.069265 -0.022755 0.003440
v 0.069434 -0.022484 0.003480
v 0.068519 -0.022484 0.005002
v 0.067100 -0.022484 0.005694
v 0.067764 -0.022484 0.005488
v 0.069093 -0.022484 0.004311
v 0.068749 -0.022974 0.003316
v 0.069002 -0.022928 0.003376
v 0.068713 -0.022928 0.004083
v 0.068490 -0.022974 0.003949
v 0.068225 -0.022928 0.004669
v 0.068053 -0.022974 0.004475
v 0.067477 -0.022974 0.004845
v 0.066972 -0.022974 0.005002
v 0.068404 -0.022755 0.004872
v 0.068945 -0.022755 0.004222
v 0.056744 -0.022224 0.007661
v 0.056725 -0.022599 0.007562
v 0.056704 -0.022755 0.007445
v 0.056675 -0.022874 0.007292
v 0.056607 -0.022974 0.006923
v 0.021678 -0.013092 -0.022180
v 0.022037 -0.012968 -0.022151
v 0.022381 -0.012894 -0.022041
v 0.022439 -0.012974 -0.022171
v 0.022733 -0.012881 -0.021929
v 0.020874 -0.014150 -0.022706
v 0.021191 -0.013542 -0.022512
v 0.021250 -0.013574 -0.022576
v 0.021749 -0.013125 -0.022328
v 0.021794 -0.013167 -0.022391
v 0.022109 -0.013042 -0.022283
v 0.021709 -0.013100 -0.022255
v 0.021145 -0.013524 -0.022437
v 0.021113 -0.013522 -0.022358
v 0.020726 -0.014122 -0.022483
v 0.020761 -0.014123 -0.022574
v 0.020806 -0.014131 -0.022641
v 0.021502 -0.013783 -0.022643
v 0.021188 -0.014274 -0.022757
v 0.021383 -0.013672 -0.022649
v 0.021027 -0.014204 -0.022772
v 0.023100 -0.013270 -0.022064
v 0.022488 -0.013106 -0.022254
v 0.023116 -0.013129 -0.022028
v 0.022776 -0.012963 -0.022057
v 0.023110 -0.013010 -0.021943
v 0.023083 -0.012930 -0.021824
v 0.022516 -0.013250 -0.022276
v 0.022304 -0.013294 -0.022352
v 0.021887 -0.013291 -0.022469
v 0.021962 -0.013428 -0.022476
v 0.021657 -0.013633 -0.022587
v 0.028396 -0.014366 -0.020143
v 0.028412 -0.014225 -0.020107
v 0.028406 -0.014105 -0.020023
v 0.028379 -0.014026 -0.019903
v 0.030923 -0.013780 -0.018930
v 0.031688 -0.013377 -0.018650
v 0.030999 -0.013853 -0.019060
v 0.031774 -0.013440 -0.018774
v 0.031079 -0.013979 -0.019137
v 0.031872 -0.013550 -0.018845
v 0.031139 -0.014118 -0.019148
v 0.031963 -0.013686 -0.018850
v 0.030249 -0.014381 -0.019471
v 0.030214 -0.014238 -0.019452
v 0.030160 -0.014107 -0.019371
v 0.030098 -0.014028 -0.019243
v 0.029323 -0.014464 -0.019807
v 0.029314 -0.014322 -0.019780
v 0.029285 -0.014192 -0.019696
v 0.029240 -0.014110 -0.019569
v 0.056863 -0.022224 -0.009820
v 0.056828 -0.022599 -0.009726
v 0.056788 -0.022755 -0.009614
v 0.056735 -0.022874 -0.009468
v 0.056607 -0.022974 -0.009115
v 0.019862 -0.017429 -0.023238
v 0.019701 -0.017359 -0.023253
v 0.019548 -0.017305 -0.023187
v 0.019435 -0.017277 -0.023055
v 0.019388 -0.017283 -0.022886
v 0.019335 -0.017410 -0.022880
v 0.019237 -0.017642 0.013888
v 0.019256 -0.017597 0.013987
v 0.019306 -0.017478 0.014098
v 0.019231 -0.017658 0.013777
v 0.019231 -0.017658 -0.022525
v 0.019246 -0.017622 -0.022695
v 0.019288 -0.017522 -0.022824
v 0.019314 -0.017459 0.014108
v 0.052774 -0.021954 0.008396
v 0.054754 -0.022156 0.008029
v 0.019643 -0.017937 0.014331
v 0.019694 -0.017788 0.014434
v 0.019543 -0.017729 0.014442
v 0.019708 -0.017745 0.014454
v 0.019747 -0.017618 0.014494
v 0.019601 -0.017557 0.014496
v 0.019275 -0.017646 0.014179
v 0.019240 -0.017741 0.014086
v 0.019303 -0.017885 0.014163
v 0.019468 -0.017686 0.014420
v 0.019526 -0.017520 0.014470
v 0.019401 -0.017637 0.014378
v 0.019458 -0.017483 0.014423
v 0.019368 -0.017418 0.014287
v 0.019597 -0.018055 0.014193
v 0.019614 -0.018014 0.014250
v 0.019441 -0.018003 0.014202
v 0.019432 -0.017998 0.014201
v 0.019319 -0.017539 0.014250
v 0.019348 -0.017775 0.014289
v 0.019413 -0.017834 0.014324
v 0.019489 -0.017882 0.014342
v 0.019282 -0.017933 0.014074
v 0.019256 -0.017986 0.013879
v 0.019266 -0.017967 0.013978
v 0.019211 -0.017797 0.013936
v 0.019554 -0.018145 0.013995
v 0.019417 -0.018057 0.014104
v 0.019398 -0.018094 0.013999
v 0.019538 -0.018168 0.013888
v 0.019384 -0.018115 0.013889
v 0.019525 -0.018175 0.013777
v 0.019366 -0.018114 0.013777
v 0.019202 -0.017826 0.013777
v 0.019251 -0.017989 0.013777
v 0.054726 -0.022434 0.007980
v 0.052731 -0.022215 0.008356
v 0.054678 -0.022689 0.007817
v 0.052662 -0.022486 0.008187
v 0.054620 -0.022855 0.007565
v 0.052589 -0.022656 0.007918
v 0.054566 -0.022905 0.007292
v 0.052535 -0.022697 0.007659
v 0.054873 -0.022156 -0.010542
v 0.054838 -0.022435 -0.010497
v 0.054764 -0.022692 -0.010341
v 0.054665 -0.022857 -0.010100
v 0.054566 -0.022905 -0.009837
v 0.052893 -0.021954 -0.011260
v 0.052844 -0.022218 -0.011225
v 0.052749 -0.022492 -0.011065
v 0.052631 -0.022660 -0.010806
v 0.052535 -0.022697 -0.010555
v 0.019399 -0.017933 -0.022997
v 0.019328 -0.017867 -0.022969
v 0.019375 -0.017759 -0.023080
v 0.019559 -0.018160 -0.022692
v 0.019525 -0.018175 -0.022525
v 0.019374 -0.018119 -0.022525
v 0.019289 -0.017637 -0.022970
v 0.019202 -0.017826 -0.022525
v 0.019207 -0.017809 -0.022649
v 0.019264 -0.017984 -0.022681
v 0.019648 -0.018025 -0.022987
v 0.019597 -0.018114 -0.022839
v 0.019436 -0.018066 -0.022861
v 0.019399 -0.018112 -0.022696
v 0.019356 -0.018014 -0.022852
v 0.019325 -0.018057 -0.022691
v 0.019290 -0.017943 -0.022833
v 0.019245 -0.017861 -0.022804
v 0.019224 -0.017774 -0.022768
v 0.019450 -0.017818 -0.023115
v 0.019524 -0.017859 -0.023128
v 0.019482 -0.017982 -0.023008
v 0.019536 -0.017864 -0.023128
v 0.019700 -0.017912 -0.023101
v 0.019277 -0.017791 -0.022927
v 0.019250 -0.017713 -0.022875
v 0.019366 -0.018114 -0.022525
v 0.019251 -0.017989 -0.022525
v 0.019417 -0.017655 -0.023144
v 0.019393 -0.017369 -0.023053
v 0.019784 -0.017686 -0.023216
v 0.019743 -0.017804 -0.023169
v 0.019581 -0.017751 -0.023199
v 0.019825 -0.017559 -0.023239
v 0.019626 -0.017626 -0.023244
v 0.019541 -0.017586 -0.023226
v 0.019495 -0.017707 -0.023183
v 0.019462 -0.017542 -0.023184
v 0.019320 -0.017548 -0.023011
v 0.019356 -0.017461 -0.023042
v 0.019506 -0.017423 -0.023198
v 0.019585 -0.017458 -0.023242
v 0.019670 -0.017495 -0.023262
v 0.033000 -0.009050 0.002588
v 0.033027 -0.009050 0.002456
v 0.033001 -0.009060 0.001899
v 0.033070 -0.009050 0.002245
v 0.033138 -0.009050 0.001929
v 0.032932 -0.009072 0.001884
v 0.032734 -0.009224 0.001215
v 0.032865 -0.009090 0.001869
v 0.033305 -0.009050 0.001278
v 0.032979 -0.009111 0.001166
v 0.032828 -0.009186 0.001114
v 0.032693 -0.009287 0.001067
v 0.033378 -0.009050 0.001027
v 0.033451 -0.009050 0.000621
v 0.033070 -0.009125 0.000596
v 0.033488 -0.009050 0.000003
v 0.033092 -0.009132 0.000003
v 0.033447 -0.009050 -0.000645
v 0.033070 -0.009125 -0.000596
v 0.033305 -0.009050 -0.001278
v 0.032979 -0.009111 -0.001166
v 0.032758 -0.009367 0.000002
v 0.032757 -0.009364 0.000187
v 0.032746 -0.009344 0.000546
v 0.032746 -0.009344 -0.000546
v 0.032719 -0.009306 -0.000908
v 0.032693 -0.009287 -0.001067
v 0.033001 -0.009060 -0.001899
v 0.033138 -0.009050 -0.001929
v 0.033000 -0.009050 -0.002588
v 0.032938 -0.009058 -0.002256
v 0.032799 -0.009143 -0.001525
v 0.033000 -0.009075 -0.001548
v 0.033211 -0.009050 -0.001615
v 0.033266 -0.009050 -0.001406
v 0.032189 -0.009107 -0.002254
v 0.032526 -0.009149 -0.002000
v 0.032330 -0.009266 -0.001742
v 0.032191 -0.009407 -0.001527
v 0.032130 -0.009408 -0.001572
v 0.031832 -0.009382 -0.001763
v 0.031470 -0.009287 -0.001941
v 0.031729 -0.009800 -0.000963
v 0.031340 -0.009805 -0.001065
v 0.032114 -0.009716 -0.000833
v 0.032090 -0.009836 0.000000
v 0.032114 -0.009716 0.000835
v 0.032130 -0.009408 0.001572
v 0.031318 -0.009905 -0.000749
v 0.031298 -0.010000 -0.000000
v 0.031470 -0.009287 0.001941
v 0.031832 -0.009382 0.001763
v 0.031729 -0.009799 0.000965
v 0.031318 -0.009905 0.000749
v 0.031340 -0.009804 0.001066
v 0.032691 -0.009138 0.001864
v 0.032526 -0.009149 0.002000
v 0.032189 -0.009107 0.002254
v 0.034989 -0.009050 -0.007500
v 0.008000 -0.009050 -0.007500
v 0.008000 -0.009050 -0.002588
v 0.008000 -0.009050 0.002588
v 0.008000 -0.009050 0.004465
v 0.034989 -0.009050 0.004465
v 0.015000 -0.000778 -0.022800
v 0.012898 0.000158 -0.023584
v 0.015000 -0.000779 -0.022775
v 0.012795 0.000143 -0.023317
v 0.015000 -0.000836 -0.022501
v 0.015000 -0.000906 -0.022358
v 0.012630 -0.000006 -0.023047
v 0.015000 -0.001014 -0.022210
v 0.012467 -0.000252 -0.022898
v 0.014999 -0.001193 -0.022050
v 0.012337 -0.000528 -0.022879
v 0.015000 -0.001578 -0.021891
v 0.012458 -0.000268 -0.022893
v 0.015000 -0.001429 -0.021930
v 0.015000 -0.001282 -0.021995
v 0.009023 0.000948 -0.024081
v 0.008668 0.001343 -0.024243
v 0.008532 0.001484 -0.024319
v 0.007850 0.002123 -0.024780
v 0.008479 0.001537 -0.024350
v 0.007773 0.002188 -0.024840
v 0.007247 0.002600 -0.025296
v 0.006780 0.002881 -0.025803
v 0.006845 0.002761 -0.027725
v 0.006846 0.002648 -0.027868
v 0.006039 0.003134 -0.028182
v 0.004810 0.004143 -0.028800
v 0.004660 0.004557 -0.028854
v 0.004845 0.004623 -0.028752
v 0.004506 0.005622 -0.028910
v 0.004764 0.005622 -0.028751
v 0.005111 0.003580 -0.028691
v 0.005274 0.003708 -0.028595
v 0.005503 0.003076 -0.028548
v 0.005946 0.002955 -0.028347
v 0.005820 0.002771 -0.028433
v 0.006827 0.002514 -0.027979
v 0.006730 0.002196 -0.028103
v 0.004862 0.005622 -0.028638
v 0.004939 0.005622 -0.028502
v 0.005097 0.004738 -0.028372
v 0.005001 0.004687 -0.028584
v 0.005484 0.003988 -0.027986
v 0.005124 0.004770 -0.028149
v 0.005000 0.005622 -0.028205
v 0.005884 0.003496 -0.027804
v 0.006075 0.003268 -0.027962
v 0.005478 0.003931 -0.028213
v 0.006052 0.003341 -0.027728
v 0.006780 0.002881 -0.027398
v 0.006835 0.002808 -0.027641
v 0.005405 0.003833 -0.028428
v 0.009023 0.000454 -0.024081
v 0.008523 0.000528 -0.024214
v 0.008000 0.000606 -0.024261
v 0.007930 0.000057 -0.024156
v 0.007567 0.000670 -0.024229
v 0.007148 0.000732 -0.024137
v 0.007037 0.000225 -0.024004
v 0.008849 -0.000075 -0.024033
v 0.007389 -0.000778 -0.022749
v 0.007619 -0.000846 -0.022760
v 0.007665 -0.000753 -0.023304
v 0.007239 -0.000733 -0.022723
v 0.008390 -0.000028 -0.024125
v 0.007775 -0.000435 -0.023819
v 0.006994 -0.000246 -0.023677
v 0.007037 -0.000574 -0.023206
v 0.007148 -0.000706 -0.022699
v 0.008085 -0.000984 -0.022671
v 0.008288 -0.000935 -0.023190
v 0.008575 -0.000616 -0.023720
v 0.008835 -0.000109 -0.024023
v 0.006715 -0.001205 -0.015041
v 0.007756 -0.001424 -0.015214
v 0.007525 -0.001062 -0.015734
v 0.005000 0.001290 -0.013879
v 0.005000 0.000916 -0.013353
v 0.005184 0.000106 -0.013997
v 0.005167 0.000713 -0.014868
v 0.005000 0.001600 -0.014436
v 0.005000 0.002020 -0.015605
v 0.005152 0.001107 -0.015843
v 0.005000 0.002145 -0.016352
v 0.005140 0.001265 -0.016866
v 0.005000 0.002170 -0.016866
v 0.005708 -0.000140 -0.015284
v 0.005642 0.000219 -0.016051
v 0.005433 -0.000299 -0.014320
v 0.005785 -0.000667 -0.014612
v 0.006221 -0.000974 -0.014857
v 0.006554 -0.000762 -0.015588
v 0.006301 -0.000302 -0.016866
v 0.006081 -0.000136 -0.016866
v 0.005589 0.000385 -0.016866
v 0.005244 0.000985 -0.016866
v 0.006414 -0.000454 -0.016209
v 0.007318 -0.000819 -0.016294
v 0.008000 -0.001885 -0.014762
v 0.006852 -0.001740 -0.014585
v 0.006349 -0.001572 -0.014378
v 0.005879 -0.001330 -0.014081
v 0.005228 -0.000715 -0.013326
v 0.005000 0.000010 -0.012436
v 0.007148 -0.000706 -0.016866
v 0.005000 -0.006050 -0.007500
v 0.005228 -0.006775 -0.008390
v 0.005879 -0.007390 -0.009145
v 0.005939 -0.007427 -0.009190
v 0.006003 -0.007464 -0.009236
v 0.006730 -0.007766 -0.009607
v 0.006852 -0.007800 -0.009649
v 0.008000 -0.007945 -0.009826
v 0.006410 0.003078 -0.025803
v 0.005882 0.003497 -0.025803
v 0.005478 0.003997 -0.025803
v 0.005197 0.004552 -0.025803
v 0.005000 0.005622 -0.025803
v 0.015000 -0.000785 0.015948
v 0.015000 -0.000778 0.015838
v 0.014152 -0.000401 0.016592
v 0.014316 -0.000547 0.016821
v 0.014368 -0.000659 0.016923
v 0.015000 -0.000903 0.016294
v 0.014396 -0.000790 0.017009
v 0.015000 -0.001090 0.016476
v 0.015000 -0.001356 0.016555
v 0.014377 -0.001086 0.017123
v 0.015000 -0.001386 0.016556
v 0.015000 -0.016732 0.016556
v 0.014377 -0.016640 0.017123
v 0.015001 -0.016880 0.016537
v 0.014322 -0.016913 0.017104
v 0.015002 -0.017035 0.016476
v 0.015001 -0.017190 0.016369
v 0.014166 -0.017192 0.016987
v 0.015000 -0.017316 0.016236
v 0.013944 -0.017358 0.016787
v 0.015000 -0.017469 0.015969
v 0.013745 -0.017383 0.016592
v 0.015000 -0.017555 0.015533
v 0.002868 -0.015296 0.028582
v 0.002528 -0.015472 0.028771
v 0.002447 -0.015587 0.028706
v 0.003159 -0.015103 0.028341
v 0.002225 -0.015752 0.028506
v 0.002026 -0.015778 0.028311
v 0.012526 -0.000626 0.014723
v 0.012224 -0.000509 0.015019
v 0.012357 -0.000227 0.015026
v 0.015000 -0.001586 0.012911
v 0.013665 -0.001068 0.013769
v 0.015000 -0.001579 0.012913
v 0.013686 -0.000762 0.013884
v 0.015000 -0.001017 0.013287
v 0.015001 -0.001189 0.013111
v 0.015000 -0.001287 0.013039
v 0.013886 -0.000545 0.014018
v 0.014100 -0.000439 0.014236
v 0.015000 -0.000882 0.013506
v 0.014272 -0.000454 0.014468
v 0.015000 -0.000778 0.013952
v 0.013044 0.000093 0.015558
v 0.012834 0.000119 0.015341
v 0.012579 0.000009 0.015140
v 0.012459 -0.000098 0.015069
v 0.014462 -0.002412 0.012570
v 0.013450 -0.002100 0.013200
v 0.013780 -0.001632 0.013484
v 0.012180 -0.002197 0.012714
v 0.010769 -0.001779 0.013941
v 0.012087 -0.002058 0.013507
v 0.011238 -0.001767 0.014405
v 0.011697 -0.001479 0.014779
v 0.015000 -0.002152 0.012667
v 0.015000 -0.002621 0.012233
v 0.015000 -0.002920 0.011696
v 0.014135 -0.002670 0.012109
v 0.013077 -0.002354 0.012760
v 0.012504 -0.001808 0.013923
v 0.012861 -0.001336 0.014186
v 0.012060 -0.000971 0.014992
v 0.013865 -0.002696 0.011628
v 0.015000 -0.003032 0.011077
v 0.011260 0.000887 0.017363
v 0.011045 0.000911 0.017138
v 0.010766 0.000776 0.016919
v 0.010645 0.000655 0.016852
v 0.010535 0.000493 0.016814
v 0.010424 0.000202 0.016833
v 0.006780 0.002881 0.023965
v 0.006907 0.002785 0.024135
v 0.006944 0.002735 0.024194
v 0.006996 0.002621 0.024297
v 0.007023 0.002492 0.024382
v 0.007005 0.002196 0.024495
v 0.007337 -0.000934 0.010599
v 0.007540 -0.001326 0.010011
v 0.006527 -0.000930 0.009956
v 0.005156 0.000772 0.009592
v 0.005000 0.001858 0.009709
v 0.005150 0.001036 0.010197
v 0.005000 0.002109 0.010690
v 0.005144 0.001202 0.010831
v 0.005000 0.002170 0.011478
v 0.005164 0.000418 0.009030
v 0.005173 -0.000020 0.008524
v 0.005000 0.001224 0.008476
v 0.005000 0.000952 0.008113
v 0.005000 -0.000427 0.006894
v 0.005192 -0.001094 0.007725
v 0.005000 -0.000554 0.006816
v 0.005203 -0.001705 0.007449
v 0.005000 -0.001288 0.006447
v 0.005402 -0.001864 0.007832
v 0.005429 -0.000852 0.008487
v 0.005182 -0.000528 0.008086
v 0.005000 0.000119 0.007284
v 0.005140 0.001265 0.011478
v 0.005244 0.000985 0.011478
v 0.005632 0.000172 0.010470
v 0.007285 -0.000851 0.010792
v 0.005695 -0.000359 0.009564
v 0.006392 -0.000487 0.010677
v 0.006208 -0.001392 0.009156
v 0.006697 -0.001578 0.009387
v 0.006889 -0.002359 0.009020
v 0.007731 -0.001758 0.009609
v 0.008000 -0.002441 0.009217
v 0.006500 -0.002286 0.008846
v 0.006349 -0.002250 0.008760
v 0.005776 -0.001146 0.008851
v 0.005868 -0.002099 0.008396
v 0.005479 -0.001913 0.007949
v 0.007148 -0.000706 0.011478
v 0.006301 -0.000302 0.011478
v 0.006081 -0.000136 0.011478
v 0.005589 0.000385 0.011478
v 0.010121 0.000291 0.017136
v 0.009926 -0.000338 0.017127
v 0.009563 -0.000846 0.016914
v 0.009103 -0.001134 0.016540
v 0.009072 -0.001144 0.016512
v 0.008635 -0.001147 0.016075
v 0.006095 0.002771 0.025405
v 0.005806 0.003045 0.025694
v 0.004935 0.004557 0.026565
v 0.003159 0.006650 0.028341
v 0.005068 0.004182 0.026432
v 0.005385 0.003580 0.026115
v 0.004780 0.005622 0.026720
v 0.004780 0.007400 0.026720
v 0.004243 0.007400 0.027257
v 0.004007 0.007405 0.027493
v 0.003734 0.007372 0.027766
v 0.003474 0.007245 0.028026
v 0.004789 0.005368 0.026711
v 0.003161 0.006706 0.028339
v 0.003224 0.006946 0.028276
v 0.005000 -0.006050 0.004465
v 0.005156 -0.006417 0.005347
v 0.005402 -0.006626 0.005850
v 0.005618 -0.006751 0.006148
v 0.005629 -0.006756 0.006162
v 0.006390 -0.007023 0.006802
v 0.006500 -0.007048 0.006864
v 0.008000 -0.007203 0.007235
v 0.007572 -0.007191 0.007206
v 0.007064 -0.007145 0.007097
v 0.006554 -0.007060 0.006892
v 0.008000 -0.009287 0.001941
v 0.008000 -0.009111 0.002243
v 0.008000 -0.009065 -0.002414
v 0.008000 -0.009111 -0.002243
v 0.008000 -0.009287 -0.001941
v 0.005000 -0.007150 -0.003379
v 0.005154 -0.007191 -0.003602
v 0.005000 -0.006712 -0.003626
v 0.005130 -0.006923 -0.003994
v 0.005000 -0.006340 -0.003791
v 0.005000 -0.006050 -0.003886
v 0.007195 -0.009226 -0.002011
v 0.007303 -0.009042 -0.002321
v 0.006555 -0.008931 -0.002335
v 0.006661 -0.008847 -0.002514
v 0.005941 -0.008643 -0.002557
v 0.006099 -0.008551 -0.002753
v 0.005409 -0.008270 -0.002774
v 0.005619 -0.008171 -0.002984
v 0.005000 -0.007855 -0.002940
v 0.005230 -0.007723 -0.003168
v 0.005000 -0.007780 -0.002985
v 0.005000 -0.007303 -0.003284
v 0.007353 -0.008998 -0.002499
v 0.006527 -0.008663 -0.003095
v 0.005892 -0.008185 -0.003522
v 0.005787 -0.008143 -0.003246
v 0.005885 -0.008178 -0.003527
v 0.005423 -0.007695 -0.003466
v 0.005575 -0.007816 -0.003745
v 0.005188 -0.007094 -0.003975
v 0.007463 -0.009002 -0.002662
v 0.007396 -0.008989 -0.002681
v 0.006757 -0.008808 -0.002713
v 0.006234 -0.008518 -0.002981
v 0.005000 -0.008272 -0.002717
v 0.005195 -0.008426 -0.002639
v 0.005778 -0.008782 -0.002413
v 0.006583 -0.009093 -0.002149
v 0.005000 -0.007225 -0.003333
v 0.005000 -0.007760 0.002997
v 0.005000 -0.007255 0.003314
v 0.005231 -0.007723 0.003168
v 0.005000 -0.007249 0.003318
v 0.005000 -0.006812 0.003573
v 0.005154 -0.007191 0.003602
v 0.006661 -0.008847 0.002514
v 0.006954 -0.008862 0.002858
v 0.007303 -0.009042 0.002321
v 0.007182 -0.008936 0.002757
v 0.006835 -0.008814 0.002918
v 0.006757 -0.008808 0.002714
v 0.006093 -0.008366 0.003381
v 0.006234 -0.008518 0.002981
v 0.005787 -0.008143 0.003246
v 0.005423 -0.007695 0.003466
v 0.005415 -0.007572 0.003852
v 0.005234 -0.007211 0.003955
v 0.005055 -0.006624 0.003996
v 0.005000 -0.006648 0.003657
v 0.005000 -0.006050 0.003886
v 0.005000 -0.007862 0.002936
v 0.005409 -0.008270 0.002774
v 0.005000 -0.008235 0.002735
v 0.005000 -0.008272 0.002717
v 0.006099 -0.008551 0.002753
v 0.005619 -0.008171 0.002984
v 0.005778 -0.008782 0.002413
v 0.005941 -0.008643 0.002557
v 0.006321 -0.009010 0.002227
v 0.006555 -0.008931 0.002335
v 0.007195 -0.009226 0.002011
v 0.007250 -0.009120 0.002155
v 0.007675 -0.009278 0.001953
v 0.005000 0.007787 -0.010636
v 0.005000 0.008364 -0.011212
v 0.005000 0.012650 -0.022620
v 0.005000 0.008364 -0.012788
v 0.005000 0.007787 -0.013364
v 0.005000 -0.005425 0.000000
v 0.005000 -0.005636 -0.000788
v 0.005000 -0.006213 -0.001364
v 0.005000 0.005636 -0.011212
v 0.005000 0.006213 -0.010636
v 0.005000 0.007787 0.013364
v 0.005000 0.008364 0.012788
v 0.005000 0.012650 0.018765
v 0.005000 0.008575 0.012000
v 0.005000 0.008364 0.011212
v 0.005000 0.007787 0.010636
v 0.005000 -0.007788 0.001364
v 0.005000 -0.008364 0.000788
v 0.005000 -0.009181 0.002060
v 0.005000 -0.008575 0.000000
v 0.005000 0.008575 -0.012000
v 0.005000 0.007000 0.010425
v 0.005000 0.006213 0.010636
v 0.005000 -0.009905 0.000749
v 0.005000 -0.009905 -0.000749
v 0.005000 -0.008364 -0.000788
v 0.005000 -0.009181 -0.002060
v 0.005000 -0.007788 -0.001364
v 0.005000 -0.007000 -0.001575
v 0.005000 0.005425 -0.012000
v 0.005000 0.005636 0.011212
v 0.005000 0.006213 0.013364
v 0.005000 0.003468 0.016574
v 0.005000 0.005636 0.012788
v 0.005000 0.002838 0.016000
v 0.005000 0.012549 0.020213
v 0.005000 0.012343 0.021268
v 0.005000 0.007000 0.013575
v 0.005000 -0.007000 0.001575
v 0.005000 0.007000 -0.013575
v 0.005000 0.007400 -0.028205
v 0.005000 0.012578 -0.023541
v 0.005000 0.012376 -0.024401
v 0.005000 0.004211 -0.022632
v 0.005000 0.004910 -0.023483
v 0.005000 0.005636 -0.012788
v 0.005000 0.006213 -0.013364
v 0.005000 0.002521 0.015766
v 0.005000 0.002170 0.015546
v 0.005000 0.005425 0.012000
v 0.005000 0.007400 0.026189
v 0.005000 0.005622 0.026189
v 0.005000 0.005622 0.021843
v 0.005000 0.005301 0.019757
v 0.005000 0.005024 0.018981
v 0.005000 0.004368 0.017723
v 0.005000 0.003855 0.017012
v 0.005000 0.011765 0.022889
v 0.005000 0.011456 0.023479
v 0.005000 0.011112 0.024015
v 0.005000 0.008424 0.026046
v 0.005000 0.008840 0.025904
v 0.005000 0.003717 -0.022211
v 0.005000 0.005253 -0.024115
v 0.005000 0.005542 -0.025017
v 0.005000 0.005473 0.020431
v 0.005000 0.007000 -0.010425
v 0.005000 -0.005636 0.000788
v 0.005000 -0.006213 0.001364
v 0.005000 0.010949 -0.026735
v 0.005000 0.011539 -0.026056
v 0.005000 0.012015 -0.025283
v 0.005000 0.010200 0.025044
v 0.005000 0.009409 0.025624
v 0.005000 0.008676 -0.028038
v 0.005000 0.009498 -0.027739
v 0.005000 0.010286 -0.027285
v 0.005000 0.002170 -0.021437
v 0.005000 0.003493 -0.022053
v 0.008000 -0.008132 0.006625
v 0.008000 -0.008540 0.006138
v 0.007226 -0.008417 0.006138
v 0.005977 -0.007502 0.006138
v 0.006461 -0.007155 0.006792
v 0.006881 -0.007578 0.006792
v 0.007411 -0.007850 0.006792
v 0.008000 -0.007944 0.006792
v 0.008000 -0.008920 0.005340
v 0.007108 -0.008778 0.005340
v 0.007068 -0.008901 0.004465
v 0.006305 -0.008365 0.005340
v 0.006228 -0.008470 0.004465
v 0.005879 -0.008171 0.004465
v 0.005669 -0.007724 0.005340
v 0.005140 -0.006956 0.004465
v 0.005264 -0.006916 0.005340
v 0.005185 -0.007088 0.004465
v 0.005563 -0.007800 0.004465
v 0.006529 -0.008059 0.006138
v 0.007918 0.002255 0.020132
v 0.007614 0.002442 0.020580
v 0.007318 0.002612 0.021023
v 0.006780 0.002881 0.021843
v 0.008739 0.001683 0.018952
v 0.008515 0.001849 0.019270
v 0.010121 0.000337 0.017136
v 0.009791 0.000757 0.017526
v 0.009694 0.000858 0.017651
v 0.009230 0.001288 0.018270
v 0.009047 0.001441 0.018523
v 0.006643 0.002947 0.024136
v 0.006062 0.003332 0.021843
v 0.006052 0.003341 0.024875
v 0.005882 0.003497 0.021843
v 0.005694 0.003703 0.025322
v 0.005478 0.003997 0.021843
v 0.005114 0.004803 0.021843
v 0.005124 0.004770 0.026035
v 0.005197 0.004552 0.021843
v 0.005143 0.004708 0.026011
v 0.005484 0.003988 0.025584
v 0.008000 -0.008760 -0.008788
v 0.008000 -0.008534 -0.009182
v 0.007228 -0.008411 -0.009182
v 0.005982 -0.007499 -0.009182
v 0.006532 -0.008054 -0.009182
v 0.005266 -0.006916 -0.008379
v 0.005670 -0.007723 -0.008379
v 0.006305 -0.008364 -0.008379
v 0.007109 -0.008776 -0.008379
v 0.008000 -0.008918 -0.008379
v 0.007068 -0.008901 -0.007500
v 0.006228 -0.008470 -0.007500
v 0.005879 -0.008171 -0.007500
v 0.005140 -0.006956 -0.007500
v 0.005185 -0.007088 -0.007500
v 0.005563 -0.007800 -0.007500
v 0.005142 0.001259 0.015822
v 0.005304 0.000853 0.015952
v 0.005557 0.000428 0.016092
v 0.006156 -0.000196 0.016306
v 0.006236 -0.000257 0.016328
v 0.007148 -0.000706 0.016496
v 0.007302 0.000417 0.017941
v 0.007760 0.000393 0.018010
v 0.007707 -0.000072 0.017845
v 0.007072 -0.000607 0.016949
v 0.007056 -0.000536 0.017108
v 0.007516 -0.000730 0.017027
v 0.008364 -0.001067 0.016290
v 0.008163 -0.001007 0.016397
v 0.008422 -0.000970 0.016907
v 0.007844 -0.000912 0.016500
v 0.007155 0.000428 0.017904
v 0.007075 0.000004 0.017709
v 0.007058 -0.000133 0.017608
v 0.007590 -0.000473 0.017499
v 0.007045 -0.000364 0.017373
v 0.008727 -0.000683 0.017392
v 0.007972 -0.000851 0.017017
v 0.009009 -0.000194 0.017694
v 0.009203 0.000357 0.017763
v 0.009524 0.000348 0.017599
v 0.008589 0.000370 0.017958
v 0.008361 -0.000135 0.017844
v 0.008158 -0.000579 0.017509
v 0.008482 -0.001101 0.016209
v 0.008879 -0.001073 0.016721
v 0.009282 -0.000781 0.017137
v 0.009615 -0.000280 0.017380
v 0.009626 -0.000254 0.017385
v 0.009815 0.000337 0.017403
v 0.005082 0.001475 -0.021707
v 0.006260 -0.000274 -0.022483
v 0.006052 -0.000112 -0.022403
v 0.005712 0.000230 -0.022241
v 0.005302 0.000859 -0.021961
v 0.002134 -0.015792 -0.028935
v 0.002026 -0.015778 -0.028973
v 0.002230 -0.015756 -0.029187
v 0.002123 -0.015735 -0.029241
v 0.002368 -0.015035 -0.029684
v 0.002491 -0.015049 -0.029641
v 0.002316 -0.015315 -0.029643
v 0.002442 -0.015314 -0.029606
v 0.002228 -0.015572 -0.029487
v 0.002347 -0.015587 -0.029446
v 0.002236 -0.015750 -0.029202
v 0.000446 -0.014851 -0.030000
v 0.000446 0.006650 -0.030000
v 0.001421 -0.014932 -0.029921
v 0.000969 0.006650 -0.029977
v 0.002491 0.006650 -0.029641
v 0.001490 0.006650 -0.029908
v 0.003779 0.012115 -0.026738
v 0.003967 0.011621 -0.027258
v 0.003447 0.011191 -0.027839
v 0.004233 0.010652 -0.027990
v 0.002907 0.007742 -0.029459
v 0.003097 0.007180 -0.029421
v 0.002681 0.006964 -0.029572
v 0.001535 0.007390 -0.029863
v 0.004506 0.007400 -0.028910
v 0.003568 0.007308 -0.029250
v 0.004498 0.008858 -0.028721
v 0.003640 0.008161 -0.029163
v 0.003459 0.009032 -0.029026
v 0.002179 0.009492 -0.029201
v 0.002440 0.008922 -0.029352
v 0.001884 0.008822 -0.029506
v 0.002393 0.007940 -0.029590
v 0.001667 0.008118 -0.029728
v 0.002179 0.007523 -0.029703
v 0.002523 0.006781 -0.029629
v 0.002684 0.008335 -0.029437
v 0.003234 0.009884 -0.028758
v 0.001722 0.012886 -0.025833
v 0.002040 0.012518 -0.026556
v 0.001663 0.011843 -0.027543
v 0.001964 0.011340 -0.028037
v 0.001622 0.010544 -0.028716
v 0.001896 0.013091 -0.025267
v 0.002110 0.013270 -0.024567
v 0.002452 0.013010 -0.025458
v 0.002514 0.013400 -0.023250
v 0.002888 0.013299 -0.024283
v 0.003271 0.012973 -0.025339
v 0.003639 0.012410 -0.026354
v 0.003138 0.011961 -0.027139
v 0.003118 0.013132 -0.024917
v 0.002800 0.012573 -0.026331
v 0.002675 0.011407 -0.027847
v 0.002969 0.010686 -0.028361
v 0.002544 0.010117 -0.028817
v 0.002361 0.012023 -0.027237
v 0.002260 0.010761 -0.028466
v 0.001012 0.007683 -0.029896
v 0.000822 0.010532 -0.028771
v 0.000883 0.010801 -0.028572
v 0.001336 0.011008 -0.028392
v 0.001051 0.011423 -0.028023
v 0.001333 0.012191 -0.027104
v 0.000452 0.007183 -0.029979
v 0.000486 0.007967 -0.029870
v 0.001138 0.008693 -0.029655
v 0.000579 0.009037 -0.029564
v 0.001343 0.009654 -0.029259
v 0.004271 0.010472 -0.028095
v 0.004421 0.009569 -0.028509
v 0.004764 0.007400 -0.028751
v 0.004939 0.007400 -0.028502
v 0.000231 -0.015586 -0.029250
v 0.000385 -0.015599 -0.029250
v 0.000231 -0.015586 0.029250
v 0.001218 -0.015678 -0.029181
v 0.001044 -0.015660 0.029077
v 0.001753 -0.015741 0.028591
v 0.005635 0.001450 -0.023159
v 0.005574 0.002001 -0.023246
v 0.005241 0.002228 -0.022706
v 0.005379 0.001339 -0.022748
v 0.005266 0.001573 -0.022560
v 0.005102 0.001701 -0.022117
v 0.005712 0.001124 -0.023208
v 0.005822 0.001076 -0.023328
v 0.006260 0.000948 -0.023705
v 0.005043 0.003857 -0.022996
v 0.005049 0.003195 -0.022501
v 0.005168 0.003997 -0.023899
v 0.005147 0.004406 -0.024492
v 0.005129 0.004679 -0.025138
v 0.005216 0.002875 -0.022984
v 0.005511 0.002567 -0.023449
v 0.005191 0.003476 -0.023388
v 0.005451 0.003109 -0.023766
v 0.005394 0.003590 -0.024184
v 0.005620 0.003584 -0.024857
v 0.005712 0.003218 -0.024446
v 0.005816 0.002778 -0.024107
v 0.005054 0.002465 -0.022141
v 0.005541 0.003850 -0.025320
v 0.007247 0.001560 -0.024297
v 0.007475 0.001225 -0.024244
v 0.008151 0.001217 -0.024285
v 0.008392 0.000948 -0.024235
v 0.006043 0.001804 -0.023716
v 0.006617 0.001653 -0.024074
v 0.006269 0.002503 -0.024389
v 0.006800 0.002741 -0.025233
v 0.007318 0.002175 -0.024727
v 0.007882 0.001523 -0.024383
v 0.006197 0.003186 -0.025465
v 0.006781 0.002301 -0.024598
v 0.006366 0.002954 -0.025138
v 0.005966 0.003238 -0.025012
v 0.007066 0.000948 -0.024112
v 0.007684 0.000948 -0.024244
v 0.008120 0.000948 -0.024258
v 0.004968 0.008732 -0.028248
v 0.004698 0.008831 -0.028619
v 0.004863 0.008787 -0.028455
v 0.004625 0.013300 -0.022620
v 0.004783 0.013178 -0.022620
v 0.004797 0.013084 -0.023621
v 0.004967 0.009591 -0.027940
v 0.004965 0.010392 -0.027487
v 0.004963 0.011111 -0.026901
v 0.004961 0.011731 -0.026197
v 0.004958 0.012234 -0.025395
v 0.004956 0.012606 -0.024515
v 0.004953 0.012837 -0.023582
v 0.004900 0.013025 -0.022620
v 0.004558 0.013253 -0.023648
v 0.004528 0.013347 -0.022620
v 0.004250 0.013400 -0.022620
v 0.004811 0.012838 -0.024590
v 0.004824 0.012445 -0.025502
v 0.004835 0.011917 -0.026334
v 0.004845 0.011268 -0.027062
v 0.004853 0.010517 -0.027668
v 0.004859 0.009682 -0.028136
v 0.004587 0.013002 -0.024643
v 0.004614 0.012599 -0.025581
v 0.004638 0.012057 -0.026436
v 0.004658 0.011389 -0.027185
v 0.004676 0.010615 -0.027809
v 0.004689 0.009754 -0.028291
v 0.004292 0.013318 -0.023658
v 0.004333 0.013074 -0.024666
v 0.004372 0.012674 -0.025619
v 0.004407 0.012130 -0.026490
v 0.004438 0.011457 -0.027254
v 0.004464 0.010672 -0.027892
v 0.004484 0.009798 -0.028386
v 0.004250 0.013400 0.018765
v 0.004526 0.013347 0.018765
v 0.004625 0.013300 0.018765
v 0.004780 0.013180 0.018765
v 0.004900 0.013025 0.018765
v 0.004940 0.008504 0.026329
v 0.004943 0.007400 0.026476
v 0.004683 0.010859 0.025264
v 0.004699 0.010589 0.025502
v 0.004819 0.010652 0.025293
v 0.004955 0.012801 0.020249
v 0.004816 0.013036 0.020282
v 0.004963 0.012474 0.021671
v 0.004848 0.012685 0.021733
v 0.004970 0.011956 0.022980
v 0.004876 0.012138 0.023066
v 0.004975 0.011268 0.024125
v 0.004900 0.011418 0.024231
v 0.004918 0.010550 0.025185
v 0.004932 0.009567 0.025894
v 0.004740 0.009696 0.026114
v 0.004303 0.013370 0.019554
v 0.004599 0.013206 0.020306
v 0.004353 0.013284 0.020317
v 0.004389 0.013189 0.020853
v 0.004667 0.012849 0.021781
v 0.004462 0.012898 0.021950
v 0.004727 0.012288 0.023137
v 0.004554 0.012317 0.023324
v 0.004778 0.011547 0.024322
v 0.004596 0.011942 0.023962
v 0.004625 0.011643 0.024390
v 0.004770 0.008571 0.026566
v 0.004760 0.009056 0.026411
v 0.004943 0.005622 0.026476
v 0.005152 0.004550 0.020622
v 0.005197 0.004038 0.019391
v 0.005045 0.004549 0.019179
v 0.005054 0.003847 0.017965
v 0.005064 0.003024 0.017000
v 0.007379 0.002314 0.020108
v 0.006830 0.002473 0.020042
v 0.006616 0.002742 0.020488
v 0.006306 0.002738 0.019931
v 0.006414 0.002979 0.020947
v 0.005464 0.003545 0.019596
v 0.005355 0.004086 0.020718
v 0.005840 0.003102 0.019780
v 0.005642 0.003656 0.020806
v 0.006001 0.003282 0.020884
v 0.008419 0.001327 0.018633
v 0.007915 0.001813 0.019294
v 0.008415 0.001326 0.018633
v 0.007274 0.001887 0.019246
v 0.007625 0.001323 0.018637
v 0.006637 0.002086 0.019116
v 0.006979 0.001435 0.018529
v 0.006966 0.001438 0.018526
v 0.006056 0.002410 0.018904
v 0.006288 0.001692 0.018282
v 0.005581 0.002838 0.018624
v 0.005696 0.002083 0.017906
v 0.005244 0.003331 0.018302
v 0.005341 0.002466 0.017537
v 0.005070 0.003004 0.017020
v 0.006753 0.000519 0.017775
v 0.006659 0.000701 0.017800
v 0.007531 0.000644 0.018078
v 0.005366 0.001162 0.016649
v 0.005297 0.001250 0.016539
v 0.005346 0.001525 0.016793
v 0.005141 0.001514 0.016229
v 0.005079 0.001808 0.016129
v 0.005082 0.001662 0.016067
v 0.005559 0.000971 0.016900
v 0.005828 0.001260 0.017415
v 0.005706 0.000858 0.017059
v 0.005929 0.000726 0.017262
v 0.005911 0.000808 0.017275
v 0.006104 0.000646 0.017396
v 0.006247 0.000593 0.017494
v 0.006769 0.000471 0.017769
v 0.007670 0.000494 0.018029
v 0.008574 0.000497 0.017992
v 0.009354 0.000524 0.017725
v 0.006502 0.001050 0.017909
v 0.007299 0.000924 0.018205
v 0.009176 0.000685 0.017878
v 0.008869 0.000942 0.018164
v 0.008118 0.000892 0.018281
v 0.008405 0.000642 0.018089
v 0.005074 0.002442 0.016532
v 0.005322 0.002050 0.017101
v 0.005764 0.001680 0.017637
v 0.006383 0.001380 0.018073
v 0.002548 -0.015406 0.028807
v 0.002871 -0.015145 0.028611
v 0.002873 -0.015221 0.028601
v 0.002565 -0.015180 0.028861
v 0.002561 -0.015334 0.028834
v 0.002317 -0.015557 0.028852
v 0.002093 -0.015627 0.028916
v 0.002016 -0.015683 0.028846
v 0.006126 0.003242 0.025034
v 0.005512 0.003908 0.025736
v 0.005504 0.003807 0.025883
v 0.006148 0.002938 0.025315
v 0.005086 0.004673 0.026326
v 0.005120 0.004725 0.026182
v 0.006160 0.003103 0.025187
v 0.006118 0.000565 -0.023521
v 0.006066 0.000200 -0.023230
v 0.006118 -0.000091 -0.022865
v 0.003471 0.010850 0.026486
v 0.003091 0.011510 0.026106
v 0.002440 0.012309 0.025454
v 0.001736 0.012875 0.024751
v 0.001120 0.013187 0.024134
v 0.000261 0.013389 0.023276
v 0.000250 0.013400 0.022765
v 0.004092 0.008983 0.027107
v 0.003967 0.009526 0.026982
v 0.003964 0.008439 0.027409
v 0.003782 0.009497 0.027185
v 0.003450 0.010523 0.026813
v 0.002974 0.011455 0.026300
v 0.002374 0.012235 0.025670
v 0.001687 0.012825 0.024960
v 0.000956 0.013206 0.024213
v 0.000271 0.013377 0.023522
v 0.003319 0.009042 0.027832
v 0.000308 0.006650 0.029935
v 0.000977 0.006650 0.029734
v 0.000995 0.007840 0.029621
v 0.003238 0.007830 0.028211
v 0.002641 0.007657 0.028736
v 0.002551 0.007176 0.028854
v 0.002518 0.006650 0.028897
v 0.000307 0.007932 0.029812
v 0.001044 0.008929 0.029310
v 0.000304 0.009158 0.029452
v 0.001116 0.009887 0.028846
v 0.000300 0.010297 0.028865
v 0.002741 0.011095 0.026943
v 0.002964 0.009887 0.027720
v 0.002568 0.009060 0.028428
v 0.002007 0.009023 0.028809
v 0.001889 0.008313 0.029103
v 0.002932 0.008449 0.028350
v 0.003577 0.008180 0.027842
v 0.001844 0.006650 0.029336
v 0.001808 0.007516 0.029300
v 0.001205 0.010718 0.028261
v 0.001696 0.010207 0.028383
v 0.001308 0.011425 0.027575
v 0.001838 0.010849 0.027828
v 0.001426 0.012014 0.026795
v 0.002000 0.011401 0.027193
v 0.001558 0.012482 0.025926
v 0.002185 0.011861 0.026479
v 0.000693 0.011173 0.028077
v 0.000752 0.011916 0.027254
v 0.000818 0.012507 0.026329
v 0.000892 0.012939 0.025315
v 0.002153 0.009651 0.028439
v 0.002324 0.010202 0.028004
v 0.002520 0.010684 0.027506
v 0.000295 0.011300 0.028077
v 0.000290 0.012141 0.027107
v 0.000284 0.012778 0.026001
v 0.000277 0.013197 0.024789
v 0.001749 -0.015194 0.029388
v 0.002032 -0.015209 0.029226
v 0.002204 -0.015207 0.029118
v 0.002387 -0.015196 0.028993
v 0.001312 -0.015155 0.029600
v 0.000843 -0.015101 0.029781
v 0.000366 -0.015003 0.029921
v 0.000308 -0.014984 0.029935
v 0.006118 0.000057 0.016993
v 0.005506 0.000536 0.016307
v 0.006148 -0.000136 0.016666
v 0.005488 0.000665 0.016519
v 0.005123 0.001382 0.016029
v 0.006154 0.000309 0.017277
v 0.005506 0.000812 0.016719
v 0.005617 0.000397 -0.022508
v 0.005066 0.001607 -0.021877
v 0.005276 0.000943 -0.022151
v 0.005583 0.000615 -0.022776
v 0.005260 0.001085 -0.022326
v 0.005616 0.000864 -0.023015
v 0.001383 -0.015210 -0.029872
v 0.001328 -0.015464 -0.029708
v 0.001268 -0.015630 -0.029456
v 0.000425 -0.015105 -0.029956
v 0.000403 -0.015377 -0.029783
v 0.000389 -0.015552 -0.029511
v 0.000250 0.006650 -0.030000
v 0.000250 -0.014851 -0.030000
v 0.000250 0.011423 -0.028023
v 0.000250 0.010531 -0.028773
v 0.000250 0.007549 -0.029940
v 0.000250 0.008431 -0.029761
v 0.000250 0.009524 -0.029358
v 0.000250 0.013161 -0.025031
v 0.000250 0.012758 -0.026124
v 0.000250 0.012173 -0.027131
v 0.000250 0.013400 -0.023250
v 0.000250 0.013340 -0.024149
v 0.001440 -0.015670 0.029122
v 0.000238 -0.015352 0.029795
v 0.000234 -0.015525 0.029546
v 0.000710 -0.015569 0.029485
v 0.001117 -0.015641 0.029259
v 0.000144 -0.015564 -0.029250
v 0.000144 -0.015564 0.029250
v 0.000114 -0.015547 -0.029250
v 0.000114 -0.015547 0.029250
v 0.000066 -0.015506 -0.029250
v 0.000066 -0.015506 0.029250
v 0.000030 -0.015457 -0.029250
v 0.000030 -0.015457 0.029250
v -0.000000 -0.015337 0.029250
v -0.000000 -0.015337 -0.029250
v 0.000348 -0.014856 -0.030000
v 0.000232 -0.015531 -0.029531
v 0.000236 -0.015375 -0.029772
v 0.000242 -0.015141 -0.029935
v 0.000249 -0.014861 -0.030000
v -0.000000 -0.006213 0.001364
v -0.000000 -0.007000 0.001575
v -0.000000 0.005636 0.011212
v -0.000000 0.010388 -0.028568
v -0.000000 0.009418 -0.029131
v -0.000000 -0.006213 -0.001364
v -0.000000 0.008575 0.012000
v -0.000000 0.008364 0.012788
v -0.000000 0.013150 0.022765
v -0.000000 -0.015335 -0.029300
v -0.000000 -0.007788 -0.001364
v -0.000000 0.006650 0.029692
v -0.000000 0.013139 0.023265
v -0.000000 -0.007788 0.001364
v -0.000000 -0.015270 0.029500
v -0.000000 -0.015180 0.029613
v -0.000000 -0.015137 0.029647
v -0.000000 -0.014996 0.029692
v -0.000000 -0.014984 0.029692
v -0.000000 0.006213 -0.010636
v -0.000000 0.005636 -0.011212
v -0.000000 -0.005636 -0.000788
v -0.000000 0.007000 -0.013575
v -0.000000 0.007787 -0.013364
v -0.000000 0.013150 -0.023250
v -0.000000 0.007000 0.013575
v -0.000000 0.007787 0.013364
v -0.000000 -0.008364 0.000788
v -0.000000 -0.008575 -0.000000
v -0.000000 -0.008364 -0.000788
v -0.000000 -0.014852 -0.029750
v -0.000000 -0.015082 -0.029685
v -0.000000 -0.015256 -0.029523
v -0.000000 0.008364 0.011212
v -0.000000 0.008364 -0.011212
v -0.000000 0.007787 0.010636
v -0.000000 0.007787 -0.010636
v -0.000000 0.007000 0.010425
v -0.000000 0.007000 -0.010425
v -0.000000 -0.005636 0.000788
v -0.000000 -0.005425 -0.000000
v -0.000000 0.013128 0.023511
v -0.000000 0.007886 0.029573
v -0.000000 0.009067 0.029226
v -0.000000 -0.014845 -0.029750
v -0.000000 -0.007000 -0.001575
v -0.000000 0.006650 -0.029750
v -0.000000 0.006213 0.013364
v -0.000000 0.005636 0.012788
v -0.000000 0.005425 0.012000
v -0.000000 0.008365 -0.029520
v -0.000000 0.007515 -0.029692
v -0.000000 0.013092 -0.024115
v -0.000000 0.012920 -0.024965
v -0.000000 0.012531 -0.026018
v -0.000000 0.008575 -0.012000
v -0.000000 0.008364 -0.012788
v -0.000000 0.006213 0.010636
v -0.000000 0.011131 0.027899
v -0.000000 0.011940 0.026964
v -0.000000 0.012553 0.025898
v -0.000000 0.005425 -0.012000
v -0.000000 0.005636 -0.012788
v -0.000000 0.006213 -0.013364
v -0.000000 0.010165 0.028659
v -0.000000 0.012955 0.024731
v -0.000000 0.011968 -0.026988
v -0.000000 0.011246 -0.027846
v 0.002179 -0.015447 0.029061
v 0.002200 -0.015329 0.029102
v 0.002119 -0.015592 0.028958
v 0.002142 -0.015549 0.028997
v 0.000166 0.013374 0.023275
v 0.000159 0.013383 0.022765
v 0.000125 0.013367 0.022765
v 0.000077 0.013320 0.023273
v 0.000073 0.013327 0.022765
v 0.000018 0.013233 0.023269
v 0.000033 0.013275 0.022765
v 0.000019 0.013224 0.023515
v 0.000081 0.013312 0.023519
v 0.000174 0.013366 0.023521
v 0.000196 0.006650 0.029936
v 0.000095 0.006650 0.029888
v 0.000201 0.007932 0.029814
v 0.000025 0.006650 0.029801
v 0.000095 0.007923 0.029766
v 0.000022 0.007905 0.029675
v 0.000199 0.009158 0.029453
v 0.000196 0.010297 0.028864
v 0.000192 0.011299 0.028075
v 0.000188 0.012137 0.027104
v 0.000183 0.012772 0.025998
v 0.000178 0.013188 0.024787
v 0.000094 0.009139 0.029407
v 0.000092 0.010270 0.028822
v 0.000090 0.011263 0.028038
v 0.000088 0.012095 0.027074
v 0.000086 0.012724 0.025977
v 0.000083 0.013136 0.024774
v 0.000022 0.009105 0.029321
v 0.000022 0.010220 0.028745
v 0.000021 0.011200 0.027972
v 0.000021 0.012021 0.027022
v 0.000020 0.012643 0.025939
v 0.000020 0.013050 0.024753
v 0.000196 -0.014984 0.029936
v 0.000095 -0.014984 0.029888
v 0.000025 -0.014984 0.029801
v 0.000269 -0.015205 0.029893
v 0.000255 -0.015272 0.029857
v 0.000297 -0.015184 0.029899
v 0.000282 -0.015134 0.029918
v 0.000314 -0.015144 0.029911
v 0.000295 -0.015060 0.029932
v 0.001286 -0.015315 0.029582
v 0.000817 -0.015243 0.029768
v 0.001177 -0.015580 0.029397
v 0.000247 -0.015310 0.029831
v 0.001637 -0.015608 0.029199
v 0.001701 -0.015495 0.029300
v 0.001602 -0.015648 0.029139
v 0.001239 -0.015466 0.029512
v 0.000704 -0.015530 0.029563
v 0.000729 -0.015489 0.029619
v 0.000777 -0.015379 0.029712
v 0.000004 -0.014846 -0.029792
v 0.000033 0.006650 -0.029875
v 0.000033 -0.014848 -0.029875
v 0.000054 -0.014849 -0.029905
v 0.000125 0.006650 -0.029967
v 0.000125 -0.014850 -0.029967
v 0.000149 -0.014850 -0.029979
v 0.000033 0.013275 -0.023250
v 0.000033 0.013216 -0.024132
v 0.000125 0.013367 -0.023250
v 0.000125 0.013307 -0.024144
v 0.000125 0.013128 -0.025022
v 0.000125 0.012727 -0.026110
v 0.000125 0.012145 -0.027112
v 0.000125 0.011399 -0.027999
v 0.000125 0.010512 -0.028745
v 0.000125 0.009510 -0.029327
v 0.000125 0.008422 -0.029728
v 0.000125 0.007544 -0.029907
v 0.000033 0.013040 -0.024998
v 0.000033 0.012644 -0.026071
v 0.000033 0.012070 -0.027059
v 0.000033 0.011335 -0.027935
v 0.000033 0.010459 -0.028670
v 0.000033 0.009471 -0.029244
v 0.000033 0.008398 -0.029640
v 0.000033 0.007532 -0.029816
v 0.000016 -0.015376 0.029482
v 0.000067 -0.015452 0.029515
v 0.000146 -0.015505 0.029537
v 0.000017 -0.015242 0.029678
v 0.000069 -0.015299 0.029739
v 0.000150 -0.015337 0.029780
v 0.000016 -0.015075 -0.029788
v 0.000017 -0.014855 -0.029840
v 0.000070 -0.015110 -0.029865
v 0.000072 -0.014858 -0.029925
v 0.000152 -0.015133 -0.029917
v 0.000157 -0.014860 -0.029982
v 0.000148 -0.015360 -0.029757
v 0.000068 -0.015319 -0.029717
v 0.000016 -0.015259 -0.029659
v 0.000145 -0.015510 -0.029523
v 0.000066 -0.015457 -0.029501
v 0.000016 -0.015380 -0.029470
v 0.000162 -0.015263 0.029844
v 0.000018 -0.015187 0.029725
v 0.000075 -0.015233 0.029797
v 0.000089 -0.015052 0.029878
v 0.000079 -0.015177 0.029832
v 0.000084 -0.015117 0.029859
v 0.000019 -0.015091 0.029773
v 0.000191 -0.015059 0.029929
v 0.000181 -0.015132 0.029911
v 0.000171 -0.015200 0.029882
v 0.059776 -0.018772 0.001665
v 0.059806 -0.018781 0.001600
v 0.059810 -0.018783 0.001462
v 0.041053 -0.013226 0.004715
v 0.041089 -0.013237 0.004931
v 0.041384 -0.013325 0.005146
v 0.059727 -0.018758 0.001717
v 0.059773 -0.018772 0.001245
v 0.059479 -0.018684 0.001031
v 0.041258 -0.013287 0.004408
v 0.041136 -0.013251 0.004460
v 0.041087 -0.013237 0.004512
v 0.041139 -0.013252 0.005059
v 0.041189 -0.013267 0.005110
v 0.041252 -0.013285 0.005141
v 0.059611 -0.018724 0.001036
v 0.059674 -0.018742 0.001067
v 0.059723 -0.018757 0.001118
v 0.059604 -0.018722 0.001769
v 0.041057 -0.013228 0.004577
v 0.041036 -0.013222 -0.009530
v 0.059670 -0.018741 -0.003286
v 0.041429 -0.013338 -0.009901
v 0.041231 -0.013279 -0.009898
v 0.041174 -0.013262 -0.009856
v 0.041106 -0.013242 -0.009738
v 0.041193 -0.013268 -0.009193
v 0.059434 -0.018671 -0.002578
v 0.059757 -0.018767 -0.002741
v 0.059823 -0.018787 -0.003155
v 0.059783 -0.018775 -0.003215
v 0.041298 -0.013299 -0.009918
v 0.059565 -0.018710 -0.002561
v 0.059632 -0.018730 -0.002581
v 0.059689 -0.018747 -0.002623
v 0.041080 -0.013235 -0.009264
v 0.041040 -0.013223 -0.009323
v 0.041020 -0.013217 -0.009393
v 0.059826 -0.018788 -0.002949
v 0.059843 -0.018792 -0.003086
v 0.067125 -0.021375 0.002894
v 0.067125 -0.021375 -0.003419
v 0.067250 -0.021342 -0.003419
v 0.067250 -0.021342 0.002894
v 0.067342 -0.021250 -0.003419
v 0.067342 -0.021250 0.002894
v 0.067375 -0.021125 -0.003419
v 0.067375 -0.021125 0.002894
v 0.041123 -0.012694 0.005761
v 0.040968 -0.012578 0.005837
v 0.040914 -0.012549 0.005834
v 0.040880 -0.012537 0.005814
v 0.040856 -0.012534 0.005784
v 0.040854 -0.012535 0.005780
v 0.040828 -0.012607 0.005546
v 0.040833 -0.012545 0.005720
v 0.060345 -0.018388 0.002199
v 0.060551 -0.018449 0.001891
v 0.060643 -0.018406 0.002073
v 0.060643 -0.018393 0.002133
v 0.060625 -0.018386 0.002169
v 0.060594 -0.018381 0.002193
v 0.060590 -0.018381 0.002195
v 0.060528 -0.018379 0.002211
v 0.060336 -0.018385 0.000631
v 0.060041 -0.018298 0.000416
v 0.060234 -0.018285 0.000340
v 0.060295 -0.018290 0.000343
v 0.060330 -0.018298 0.000363
v 0.060352 -0.018309 0.000393
v 0.060354 -0.018311 0.000397
v 0.060365 -0.018331 0.000457
v 0.040819 -0.012604 0.003978
v 0.040614 -0.012543 0.004286
v 0.040577 -0.012493 0.004194
v 0.040561 -0.012450 0.004076
v 0.040572 -0.012446 0.004031
v 0.040595 -0.012453 0.003999
v 0.040637 -0.012476 0.003974
v 0.040782 -0.012576 0.003970
v 0.040696 -0.012568 -0.008866
v 0.040528 -0.012448 -0.008888
v 0.040483 -0.012421 -0.008920
v 0.040462 -0.012413 -0.008955
v 0.040456 -0.012416 -0.008993
v 0.040455 -0.012417 -0.008998
v 0.040540 -0.012521 -0.009203
v 0.040465 -0.012436 -0.009058
v 0.059898 -0.018255 -0.001903
v 0.060221 -0.018351 -0.002066
v 0.060219 -0.018280 -0.001870
v 0.060192 -0.018259 -0.001820
v 0.060159 -0.018248 -0.001798
v 0.060121 -0.018241 -0.001792
v 0.060116 -0.018240 -0.001792
v 0.060054 -0.018239 -0.001807
v 0.060624 -0.018471 -0.003275
v 0.060468 -0.018424 -0.003613
v 0.060675 -0.018415 -0.003590
v 0.060727 -0.018418 -0.003559
v 0.060748 -0.018422 -0.003524
v 0.060752 -0.018428 -0.003485
v 0.060752 -0.018429 -0.003481
v 0.060733 -0.018440 -0.003421
v 0.041267 -0.012737 -0.010576
v 0.040943 -0.012641 -0.010413
v 0.040984 -0.012583 -0.010609
v 0.041018 -0.012580 -0.010659
v 0.041052 -0.012588 -0.010681
v 0.041087 -0.012603 -0.010687
v 0.041091 -0.012605 -0.010687
v 0.041145 -0.012637 -0.010672
v 0.066205 -0.021375 0.004000
v 0.066656 -0.021375 0.003808
v 0.066228 -0.021342 0.004123
v 0.066729 -0.021342 0.003909
v 0.066244 -0.021250 0.004213
v 0.066782 -0.021250 0.003984
v 0.066251 -0.021125 0.004246
v 0.066802 -0.021125 0.004011
v 0.067018 -0.021375 0.003372
v 0.067131 -0.021342 0.003426
v 0.067214 -0.021250 0.003465
v 0.067244 -0.021125 0.003479
v 0.056795 -0.021375 0.005744
v 0.056795 -0.021375 -0.007953
v 0.066384 -0.021375 -0.004476
v 0.066755 -0.021375 -0.004253
v 0.067042 -0.021375 -0.003844
v 0.066838 -0.021342 -0.004346
v 0.067157 -0.021342 -0.003891
v 0.067242 -0.021250 -0.003925
v 0.067273 -0.021125 -0.003938
v 0.066900 -0.021250 -0.004414
v 0.066922 -0.021125 -0.004439
v 0.066426 -0.021342 -0.004594
v 0.066444 -0.021302 -0.004643
v 0.066457 -0.021250 -0.004680
v 0.066469 -0.021125 -0.004711
v 0.067375 -0.020428 0.002894
v 0.067375 -0.020428 -0.003419
v 0.067196 -0.020188 0.002894
v 0.067289 -0.020239 0.002894
v 0.067196 -0.020188 -0.003419
v 0.067289 -0.020239 -0.003419
v 0.067325 -0.020278 -0.003419
v 0.067325 -0.020278 0.002894
v 0.067352 -0.020324 -0.003419
v 0.067352 -0.020324 0.002894
v 0.067273 -0.020403 -0.003938
v 0.067126 -0.020368 -0.004208
v 0.067123 -0.020289 -0.004189
v 0.066842 -0.020216 -0.004487
v 0.066836 -0.020297 -0.004510
v 0.066469 -0.020208 -0.004711
v 0.066483 -0.020008 -0.004588
v 0.066797 -0.020084 -0.004377
v 0.066489 -0.020046 -0.004634
v 0.066829 -0.020140 -0.004440
v 0.066488 -0.020095 -0.004673
v 0.066485 -0.020124 -0.004688
v 0.067096 -0.020214 -0.004155
v 0.067049 -0.020158 -0.004111
v 0.067311 -0.020412 -0.003833
v 0.067301 -0.020335 -0.003822
v 0.067266 -0.020261 -0.003804
v 0.067209 -0.020205 -0.003781
v 0.067085 -0.020155 -0.003905
v 0.066753 -0.020057 -0.004313
v 0.066455 -0.019969 -0.004476
v 0.041275 -0.012510 0.006283
v 0.041210 -0.012550 0.006001
v 0.040991 -0.012468 0.006048
v 0.040645 -0.012383 0.005589
v 0.040687 -0.012378 0.005833
v 0.040807 -0.012408 0.005993
v 0.041125 -0.012466 0.006299
v 0.040809 -0.012372 0.006243
v 0.040569 -0.012301 0.006060
v 0.040390 -0.012248 0.005639
v 0.060432 -0.018244 0.002438
v 0.060496 -0.018204 0.002721
v 0.060670 -0.018297 0.002399
v 0.061114 -0.018387 0.001798
v 0.060826 -0.018361 0.001849
v 0.060877 -0.018359 0.002082
v 0.061129 -0.018391 0.001955
v 0.060825 -0.018338 0.002275
v 0.061075 -0.018375 0.002283
v 0.060899 -0.018323 0.002535
v 0.060612 -0.018297 0.000588
v 0.060899 -0.018323 0.000538
v 0.060014 -0.018061 -0.000106
v 0.060046 -0.018130 0.000176
v 0.060275 -0.018181 0.000129
v 0.060579 -0.018270 0.000344
v 0.060462 -0.018230 0.000184
v 0.060164 -0.018105 -0.000122
v 0.060479 -0.018199 -0.000066
v 0.060720 -0.018270 0.000117
v 0.040793 -0.012367 0.003456
v 0.040825 -0.012436 0.003739
v 0.040175 -0.012184 0.004379
v 0.040430 -0.012319 0.004328
v 0.040389 -0.012290 0.004095
v 0.040596 -0.012351 0.003778
v 0.040444 -0.012300 0.003902
v 0.040160 -0.012180 0.004222
v 0.040213 -0.012196 0.003894
v 0.040390 -0.012248 0.003642
v 0.040592 -0.012308 -0.008365
v 0.040666 -0.012389 -0.008636
v 0.040453 -0.012309 -0.008709
v 0.040366 -0.012300 -0.009283
v 0.040289 -0.012260 -0.009052
v 0.040319 -0.012263 -0.008851
v 0.040453 -0.012267 -0.008427
v 0.040205 -0.012193 -0.008637
v 0.040081 -0.012156 -0.008920
v 0.040122 -0.012169 -0.009378
v 0.059793 -0.017995 -0.001402
v 0.059867 -0.018077 -0.001673
v 0.060094 -0.018127 -0.001588
v 0.060764 -0.018283 -0.001892
v 0.060488 -0.018261 -0.001986
v 0.060423 -0.018224 -0.001759
v 0.060704 -0.018265 -0.001748
v 0.060288 -0.018178 -0.001618
v 0.060503 -0.018206 -0.001488
v 0.060232 -0.018125 -0.001359
v 0.060891 -0.018380 -0.003196
v 0.061167 -0.018402 -0.003101
v 0.060697 -0.018263 -0.004114
v 0.060590 -0.018291 -0.003843
v 0.060813 -0.018340 -0.003770
v 0.060977 -0.018388 -0.003427
v 0.060950 -0.018375 -0.003628
v 0.060835 -0.018304 -0.004052
v 0.061084 -0.018378 -0.003842
v 0.061208 -0.018415 -0.003559
v 0.041389 -0.012604 -0.010806
v 0.041496 -0.012576 -0.011077
v 0.040525 -0.012288 -0.010587
v 0.040769 -0.012420 -0.010493
v 0.040843 -0.012425 -0.010719
v 0.041172 -0.012522 -0.010891
v 0.040981 -0.012459 -0.010861
v 0.040585 -0.012306 -0.010731
v 0.040786 -0.012365 -0.010991
v 0.041057 -0.012446 -0.011120
v 0.067078 -0.020153 0.003395
v 0.067193 -0.020200 0.003303
v 0.066990 -0.020140 0.003665
v 0.066747 -0.020055 0.003792
v 0.066675 -0.020049 0.003936
v 0.067249 -0.020257 0.003329
v 0.067244 -0.020396 0.003479
v 0.067292 -0.020408 0.003361
v 0.067283 -0.020330 0.003350
v 0.067033 -0.020197 0.003715
v 0.066699 -0.020104 0.004006
v 0.066276 -0.019916 0.004000
v 0.066287 -0.019952 0.004119
v 0.066285 -0.019989 0.004169
v 0.066278 -0.020039 0.004209
v 0.067056 -0.020271 0.003753
v 0.066706 -0.020181 0.004056
v 0.066272 -0.020069 0.004225
v 0.067057 -0.020351 0.003773
v 0.066801 -0.020289 0.004011
v 0.066695 -0.020263 0.004079
v 0.066251 -0.020155 0.004246
v 0.056841 -0.021125 0.005990
v 0.056835 -0.021250 0.005957
v 0.056827 -0.021302 0.005918
v 0.056818 -0.021342 0.005867
v 0.054928 -0.021060 0.006344
v 0.053024 -0.020865 0.006697
v 0.054918 -0.021152 0.006328
v 0.053007 -0.020961 0.006680
v 0.054903 -0.021237 0.006274
v 0.052986 -0.021042 0.006628
v 0.054883 -0.021293 0.006190
v 0.052964 -0.021095 0.006547
v 0.054865 -0.021309 0.006099
v 0.052944 -0.021112 0.006452
v 0.054865 -0.021309 -0.008647
v 0.052944 -0.021112 -0.009338
v 0.054967 -0.021060 -0.008882
v 0.056880 -0.021125 -0.008188
v 0.054956 -0.021153 -0.008867
v 0.056874 -0.021221 -0.008171
v 0.054931 -0.021238 -0.008815
v 0.056856 -0.021302 -0.008120
v 0.054898 -0.021293 -0.008735
v 0.056828 -0.021356 -0.008043
v 0.053063 -0.020865 -0.009573
v 0.053045 -0.020962 -0.009558
v 0.053015 -0.021044 -0.009508
v 0.052980 -0.021097 -0.009430
v 0.035409 -0.010889 -0.015943
v 0.035499 -0.010830 -0.015824
v 0.035531 -0.010809 -0.015690
v 0.035284 -0.010971 -0.016020
v 0.035531 -0.010809 0.009698
v 0.035402 -0.010893 0.009931
v 0.035272 -0.010979 0.009987
v 0.035497 -0.010831 0.009826
v 0.035522 -0.010814 0.009763
v 0.023291 -0.012801 0.013479
v 0.023272 -0.012844 0.012211
v 0.028495 -0.013878 0.012515
v 0.028441 -0.013914 0.011254
v 0.030171 -0.013927 0.010933
v 0.031775 -0.013277 0.010636
v 0.031831 -0.013241 0.011935
v 0.031060 -0.013644 0.012069
v 0.030227 -0.013891 0.012214
v 0.029361 -0.013969 0.012365
v 0.022306 -0.012857 0.012391
v 0.021320 -0.013376 0.012573
v 0.019856 -0.016321 0.012845
v 0.020763 -0.014164 0.012677
v 0.019753 -0.016566 0.012603
v 0.019761 -0.016547 0.012701
v 0.019784 -0.016494 0.012781
v 0.019817 -0.016414 0.012832
v 0.019753 -0.016566 -0.021374
v 0.019858 -0.016316 -0.021614
v 0.019818 -0.016411 -0.021607
v 0.019784 -0.016492 -0.021559
v 0.019761 -0.016547 -0.021476
v 0.021303 -0.013404 -0.021090
v 0.022268 -0.012898 -0.020740
v 0.020757 -0.014177 -0.021288
v 0.023216 -0.012886 -0.020396
v 0.028444 -0.013968 -0.018500
v 0.030112 -0.013982 -0.017896
v 0.031655 -0.013356 -0.017336
v 0.020782 -0.014119 0.014008
v 0.021194 -0.013475 0.013924
v 0.022526 -0.012776 0.013643
v 0.022325 -0.012813 0.013686
v 0.021799 -0.013009 0.013797
v 0.021340 -0.013330 0.013894
v 0.022851 -0.012754 0.013574
v 0.023250 -0.012805 -0.021714
v 0.023051 -0.012773 -0.021797
v 0.022851 -0.012758 -0.021882
v 0.022338 -0.012805 -0.022096
v 0.021789 -0.013003 -0.022324
v 0.021390 -0.013272 -0.022488
v 0.021198 -0.013457 -0.022567
v 0.020795 -0.014088 -0.022729
v 0.028546 -0.013901 -0.019793
v 0.029382 -0.013988 -0.019511
v 0.031762 -0.013285 -0.018702
v 0.031020 -0.013675 -0.018955
v 0.030217 -0.013913 -0.019228
v 0.036245 -0.010340 0.011117
v 0.036634 -0.010084 -0.016575
v 0.036632 -0.010085 -0.016614
v 0.036571 -0.010125 -0.016803
v 0.036474 -0.010189 0.011006
v 0.036600 -0.010106 0.010839
v 0.036634 -0.010084 0.010683
v 0.036263 -0.010327 -0.017069
v 0.036511 -0.010165 -0.016891
v 0.028637 -0.013510 0.012870
v 0.023432 -0.012434 0.013834
v 0.023399 -0.012574 0.013812
v 0.028604 -0.013651 0.012847
v 0.023360 -0.012694 0.013736
v 0.028565 -0.013770 0.012771
v 0.023322 -0.012773 0.013619
v 0.028527 -0.013850 0.012655
v 0.022546 -0.012743 0.013774
v 0.021145 -0.013388 0.014167
v 0.021071 -0.013307 0.014251
v 0.020650 -0.014040 0.014309
v 0.020505 -0.013973 0.014377
v 0.021692 -0.012678 0.014157
v 0.021257 -0.012966 0.014238
v 0.020986 -0.013222 0.014288
v 0.020765 -0.014102 0.014134
v 0.021187 -0.013447 0.014050
v 0.020750 -0.014092 0.014177
v 0.020706 -0.014068 0.014251
v 0.021805 -0.012976 0.013925
v 0.021787 -0.012899 0.014043
v 0.021745 -0.012791 0.014125
v 0.022556 -0.012658 0.013894
v 0.022553 -0.012535 0.013973
v 0.022401 -0.012428 0.014026
v 0.036107 -0.010026 0.011485
v 0.031693 -0.012927 0.012303
v 0.036173 -0.010136 0.011449
v 0.031779 -0.013075 0.012243
v 0.036193 -0.010175 0.011424
v 0.036224 -0.010239 0.011364
v 0.031809 -0.013137 0.012185
v 0.036243 -0.010288 0.011291
v 0.031829 -0.013189 0.012109
v 0.036249 -0.010310 0.011243
v 0.031425 -0.013089 0.012353
v 0.030965 -0.013306 0.012438
v 0.031030 -0.013418 0.012403
v 0.031072 -0.013612 0.012200
v 0.031062 -0.013532 0.012320
v 0.030245 -0.013859 0.012346
v 0.030252 -0.013775 0.012467
v 0.030243 -0.013652 0.012548
v 0.030224 -0.013523 0.012576
v 0.029386 -0.013940 0.012498
v 0.029409 -0.013855 0.012620
v 0.029425 -0.013728 0.012699
v 0.029430 -0.013594 0.012723
v 0.019101 -0.017311 0.014637
v 0.019247 -0.017378 0.014569
v 0.019346 -0.017430 0.014437
v 0.019379 -0.017457 0.014268
v 0.036728 -0.009677 -0.016870
v 0.036752 -0.009782 -0.016854
v 0.036631 -0.009903 -0.017072
v 0.036802 -0.009801 -0.016575
v 0.036750 -0.009962 -0.016575
v 0.036716 -0.009980 -0.016793
v 0.036628 -0.009987 -0.017028
v 0.036282 -0.010291 -0.017185
v 0.036533 -0.009491 -0.016917
v 0.036581 -0.009577 -0.017000
v 0.036533 -0.009657 -0.017119
v 0.036580 -0.009730 -0.017118
v 0.036547 -0.009428 -0.016714
v 0.036626 -0.009470 -0.016724
v 0.036613 -0.009514 -0.016867
v 0.036678 -0.009585 -0.016873
v 0.036637 -0.009651 -0.017004
v 0.036700 -0.009538 -0.016729
v 0.036758 -0.009631 -0.016728
v 0.036787 -0.009741 -0.016721
v 0.036748 -0.009887 -0.016827
v 0.036606 -0.010060 -0.016976
v 0.036614 -0.009814 -0.017103
v 0.036355 -0.009789 -0.017307
v 0.036411 -0.009707 -0.017236
v 0.036480 -0.009598 -0.017108
v 0.036254 -0.010156 -0.017355
v 0.036214 -0.010066 -0.017406
v 0.036393 -0.009849 -0.017305
v 0.036426 -0.009916 -0.017290
v 0.036451 -0.009986 -0.017262
v 0.036274 -0.010219 -0.017297
v 0.036465 -0.010055 -0.017221
v 0.036282 -0.010268 -0.017229
v 0.036466 -0.010117 -0.017168
v 0.036455 -0.010169 -0.017109
v 0.036799 -0.009719 -0.016575
v 0.036777 -0.009634 -0.016575
v 0.036681 -0.009494 -0.016575
v 0.036534 -0.009411 -0.016575
v 0.036185 -0.010014 -0.017422
v 0.036404 -0.009996 0.011361
v 0.036372 -0.009924 0.011389
v 0.036274 -0.010030 0.011431
v 0.036333 -0.009855 0.011400
v 0.036291 -0.009794 0.011397
v 0.036202 -0.009908 0.011454
v 0.036418 -0.009750 0.011327
v 0.036352 -0.009713 0.011338
v 0.036435 -0.009598 0.011216
v 0.036750 -0.009962 0.010683
v 0.036712 -0.009980 0.010905
v 0.036431 -0.010182 0.011194
v 0.036777 -0.009634 0.010683
v 0.036785 -0.009737 0.010834
v 0.036799 -0.009719 0.010683
v 0.036743 -0.009885 0.010942
v 0.036802 -0.009801 0.010683
v 0.036610 -0.009992 0.011139
v 0.036434 -0.010130 0.011260
v 0.036425 -0.010067 0.011317
v 0.036326 -0.010153 0.011351
v 0.036593 -0.010066 0.011080
v 0.036498 -0.009902 0.011302
v 0.036520 -0.009984 0.011263
v 0.036608 -0.009905 0.011187
v 0.036618 -0.009448 0.010683
v 0.036534 -0.009411 0.010683
v 0.036538 -0.009414 0.010738
v 0.036492 -0.009655 0.011231
v 0.036496 -0.009505 0.011066
v 0.036551 -0.009573 0.011115
v 0.036521 -0.009463 0.010965
v 0.036594 -0.009509 0.010982
v 0.036617 -0.009466 0.010836
v 0.036463 -0.009822 0.011323
v 0.036544 -0.009728 0.011234
v 0.036584 -0.009814 0.011220
v 0.036611 -0.009646 0.011123
v 0.036658 -0.009736 0.011115
v 0.036663 -0.009579 0.010991
v 0.036716 -0.009672 0.010989
v 0.036693 -0.009533 0.010843
v 0.036745 -0.009778 0.010972
v 0.036753 -0.009626 0.010843
v 0.036681 -0.009494 0.010683
v 0.019213 -0.017851 -0.022886
v 0.019232 -0.017805 -0.023077
v 0.019370 -0.017477 -0.023246
v 0.019336 -0.017559 -0.023248
v 0.019270 -0.017716 -0.023184
v 0.019213 -0.017851 0.013908
v 0.019215 -0.017846 0.013975
v 0.019243 -0.017780 0.014134
v 0.019367 -0.017485 0.014271
v 0.019296 -0.017654 0.014239
v 0.032832 -0.009047 0.012092
v 0.033820 -0.009349 0.011909
v 0.033881 -0.009107 0.011854
v 0.030170 -0.007392 0.011871
v 0.026533 -0.005913 0.012554
v 0.030196 -0.007454 0.012135
v 0.026550 -0.006021 0.012907
v 0.030181 -0.007615 0.012379
v 0.026528 -0.006133 0.013059
v 0.030126 -0.007850 0.012546
v 0.026489 -0.006270 0.013175
v 0.030047 -0.008095 0.012609
v 0.026364 -0.006598 0.013291
v 0.033896 -0.008630 0.011172
v 0.033926 -0.008684 0.011419
v 0.033924 -0.008853 0.011680
v 0.033896 -0.008630 0.007240
v 0.030080 -0.007409 0.008461
v 0.032732 -0.008272 0.007699
v 0.030133 -0.007390 0.008582
v 0.029696 -0.007215 0.008897
v 0.026533 -0.005913 0.010110
v 0.026435 -0.005923 0.009857
v 0.026375 -0.005962 0.009741
v 0.026311 -0.006021 0.009637
v 0.019152 -0.017332 -0.023599
v 0.020577 -0.013943 -0.023082
v 0.019244 -0.017378 -0.023547
v 0.020696 -0.014005 -0.023005
v 0.019272 -0.017394 -0.023521
v 0.019317 -0.017422 -0.023462
v 0.020740 -0.014032 -0.022948
v 0.019349 -0.017445 -0.023396
v 0.020773 -0.014056 -0.022880
v 0.022520 -0.012765 -0.022089
v 0.023410 -0.012578 -0.022024
v 0.023360 -0.012697 -0.021956
v 0.022567 -0.012655 -0.022259
v 0.023304 -0.012777 -0.021847
v 0.021201 -0.013423 -0.022680
v 0.022577 -0.012534 -0.022333
v 0.022569 -0.012407 -0.022360
v 0.023445 -0.012437 -0.022042
v 0.021126 -0.013125 -0.022883
v 0.021808 -0.012885 -0.022547
v 0.021810 -0.012963 -0.022440
v 0.022539 -0.012740 -0.022150
v 0.021782 -0.012781 -0.022624
v 0.021174 -0.013363 -0.022786
v 0.021119 -0.013285 -0.022867
v 0.021738 -0.012674 -0.022661
v 0.023275 -0.012799 -0.021778
v 0.022190 -0.012490 -0.022497
v 0.028742 -0.013533 -0.020121
v 0.028706 -0.013673 -0.020104
v 0.028657 -0.013793 -0.020035
v 0.028600 -0.013873 -0.019926
v 0.029040 -0.013582 -0.020013
v 0.029530 -0.013614 -0.019835
v 0.029497 -0.013746 -0.019822
v 0.029428 -0.013956 -0.019636
v 0.029470 -0.013871 -0.019749
v 0.030254 -0.013877 -0.019350
v 0.030279 -0.013792 -0.019462
v 0.030283 -0.013671 -0.019538
v 0.030270 -0.013545 -0.019567
v 0.031048 -0.013637 -0.019075
v 0.031056 -0.013556 -0.019186
v 0.031039 -0.013445 -0.019265
v 0.031005 -0.013329 -0.019301
v 0.031781 -0.013226 -0.018861
v 0.031773 -0.013174 -0.018931
v 0.031753 -0.013114 -0.018987
v 0.031684 -0.012972 -0.019054
v 0.019101 -0.003365 0.014637
v 0.019090 -0.017339 0.014639
v 0.019200 -0.017389 0.014597
v 0.019234 -0.017405 0.014573
v 0.019293 -0.017435 0.014510
v 0.019351 -0.017468 0.014393
v 0.019334 -0.017457 0.014440
v 0.033939 -0.009349 -0.018237
v 0.033986 -0.009113 -0.018176
v 0.033999 -0.008863 -0.018008
v 0.033961 -0.008691 -0.017762
v 0.033896 -0.008630 -0.017532
v 0.033699 -0.008571 0.006846
v 0.032266 -0.008147 0.007542
v 0.035575 -0.009127 0.004872
v 0.035406 -0.009077 0.005293
v 0.034461 -0.008797 0.006338
v 0.034765 -0.008887 0.006084
v 0.029097 -0.007208 -0.011571
v 0.031756 -0.007996 -0.010775
v 0.033896 -0.008630 -0.013311
v 0.032609 -0.008248 -0.010431
v 0.033855 -0.008618 -0.009789
v 0.034561 -0.008827 -0.009294
v 0.035183 -0.009011 -0.008669
v 0.035443 -0.009088 -0.008256
v 0.035628 -0.009143 -0.007500
v 0.035628 -0.009143 0.004465
v 0.019054 -0.018031 -0.022886
v 0.019097 -0.017963 -0.023147
v 0.019119 -0.017984 -0.022886
v 0.019178 -0.017896 -0.023102
v 0.018978 -0.018064 -0.022886
v 0.018816 -0.018078 -0.022886
v 0.018962 -0.018054 -0.023041
v 0.018850 -0.018063 -0.023053
v 0.019234 -0.017765 -0.023267
v 0.019170 -0.017802 -0.023348
v 0.019085 -0.017818 -0.023415
v 0.018997 -0.018003 -0.023185
v 0.018991 -0.017815 -0.023461
v 0.018891 -0.018012 -0.023209
v 0.019165 -0.017612 -0.023521
v 0.019075 -0.017588 -0.023576
v 0.019294 -0.017620 -0.023341
v 0.019242 -0.017623 -0.023440
v 0.030166 -0.008095 -0.019605
v 0.027561 -0.007066 -0.020549
v 0.026483 -0.006598 -0.020940
v 0.026580 -0.006280 -0.020816
v 0.030170 -0.007392 -0.018900
v 0.030232 -0.007464 -0.019145
v 0.030255 -0.007627 -0.019374
v 0.030229 -0.007856 -0.019535
v 0.026533 -0.005913 -0.020235
v 0.026597 -0.006034 -0.020562
v 0.026599 -0.006147 -0.020705
v 0.030185 -0.007397 -0.015482
v 0.026533 -0.005913 -0.017591
v 0.018397 -0.002291 -0.021443
v 0.021412 -0.003633 -0.020135
v 0.024350 -0.004941 -0.018740
v 0.016308 -0.001361 -0.022291
v 0.030120 -0.007387 -0.015361
v 0.030048 -0.007400 -0.015245
v 0.026471 -0.005899 -0.017470
v 0.026398 -0.005910 -0.017348
v 0.026321 -0.005944 -0.017236
v 0.026240 -0.006000 -0.017138
v 0.024506 -0.005319 -0.017958
v 0.023996 -0.005119 -0.018191
v 0.021449 -0.004117 -0.019306
v 0.018193 -0.002835 -0.020647
v 0.017915 -0.002726 -0.020758
v 0.021297 -0.003869 -0.019522
v 0.021521 -0.003713 -0.019860
v 0.018301 -0.002291 -0.021221
v 0.018038 -0.002529 -0.020843
v 0.017974 -0.002625 -0.020791
v 0.018175 -0.002373 -0.021005
v 0.021414 -0.003763 -0.019675
v 0.024190 -0.004958 -0.018434
v 0.024278 -0.004931 -0.018587
v 0.024093 -0.005023 -0.018298
v 0.019119 -0.017984 0.013908
v 0.019054 -0.018031 0.013908
v 0.018978 -0.018064 0.013908
v 0.018936 -0.018075 0.013908
v 0.018816 -0.018078 0.013908
v 0.028974 -0.007230 -0.011086
v 0.028815 -0.007369 -0.010597
v 0.028640 -0.007612 -0.010172
v 0.028458 -0.007945 -0.009826
v 0.031619 -0.007992 -0.010404
v 0.032589 -0.008355 -0.009675
v 0.033549 -0.008608 -0.009284
v 0.034315 -0.008810 -0.008861
v 0.034871 -0.008956 -0.008416
v 0.035203 -0.009044 -0.007959
v 0.035314 -0.009074 -0.007500
v 0.031461 -0.008058 -0.010029
v 0.031290 -0.008195 -0.009680
v 0.032767 -0.008674 -0.008954
v 0.033384 -0.008660 -0.009038
v 0.031117 -0.008395 -0.009372
v 0.033986 -0.008880 -0.008495
v 0.034274 -0.008929 -0.008343
v 0.034544 -0.008975 -0.008168
v 0.034850 -0.009027 -0.007874
v 0.034980 -0.009049 -0.007594
v 0.035314 -0.009074 0.004465
v 0.035261 -0.009060 0.004784
v 0.035100 -0.009017 0.005104
v 0.034454 -0.008846 0.005731
v 0.033394 -0.008567 0.006319
v 0.031968 -0.008192 0.006846
v 0.031798 -0.008309 0.006516
v 0.033060 -0.008723 0.005826
v 0.031627 -0.008481 0.006223
v 0.034126 -0.008904 0.005390
v 0.034774 -0.009014 0.004931
v 0.034936 -0.009041 0.004698
v 0.024637 -0.006026 0.008505
v 0.024741 -0.005910 0.009090
v 0.028535 -0.007031 0.008414
v 0.028414 -0.007102 0.007968
v 0.024492 -0.006303 0.007960
v 0.028269 -0.007269 0.007543
v 0.024319 -0.006717 0.007521
v 0.028109 -0.007522 0.007170
v 0.024143 -0.007203 0.007235
v 0.027945 -0.007842 0.006871
v 0.017991 -0.003788 0.010803
v 0.017960 -0.003825 0.010690
v 0.018737 -0.004139 0.010049
v 0.017855 -0.003878 0.010213
v 0.018116 -0.003591 0.011160
v 0.024009 -0.005116 0.010290
v 0.018207 -0.003406 0.011358
v 0.018405 -0.002909 0.011632
v 0.020776 -0.003843 0.011096
v 0.022913 -0.004684 0.010575
v 0.018098 -0.005432 0.007972
v 0.018351 -0.004763 0.008422
v 0.018482 -0.004474 0.008787
v 0.018598 -0.004264 0.009225
v 0.015839 -0.003281 0.010750
v 0.015471 -0.001769 0.012663
v 0.016857 -0.002307 0.012072
v 0.016482 -0.002616 0.012017
v 0.016245 -0.003018 0.011682
v 0.016015 -0.003245 0.011221
v 0.020874 -0.003688 0.011205
v 0.018513 -0.002716 0.011727
v 0.018622 -0.002561 0.011895
v 0.024836 -0.005158 0.010690
v 0.022999 -0.004565 0.010689
v 0.023082 -0.004477 0.010840
v 0.023152 -0.004432 0.011013
v 0.023030 -0.004354 0.011238
v 0.018713 -0.002472 0.012115
v 0.018773 -0.002458 0.012342
v 0.019270 -0.002679 0.013900
v 0.018376 -0.002281 0.012442
v 0.018050 -0.002136 0.014209
v 0.017749 -0.002002 0.012630
v 0.017024 -0.001680 0.014605
v 0.016828 -0.001592 0.012977
v 0.016013 -0.001230 0.015136
v 0.015378 -0.000947 0.015554
v 0.016432 -0.001871 0.012354
v 0.016721 -0.001594 0.012742
v 0.016581 -0.001690 0.012514
v 0.019287 -0.002787 0.014254
v 0.019267 -0.002895 0.014400
v 0.019226 -0.003036 0.014521
v 0.017975 -0.002821 0.014922
v 0.015879 -0.001810 0.015913
v 0.015911 -0.016867 0.015893
v 0.016895 -0.002300 0.015350
v 0.016923 -0.017018 0.015337
v 0.017997 -0.017177 0.014915
v 0.015872 -0.001209 0.015487
v 0.015929 -0.001583 0.015833
v 0.015928 -0.001369 0.015684
v 0.016961 -0.002068 0.015271
v 0.016982 -0.001851 0.015112
v 0.016951 -0.001692 0.014896
v 0.018057 -0.002584 0.014848
v 0.018102 -0.002362 0.014682
v 0.018097 -0.002205 0.014450
v 0.019082 -0.017980 0.014144
v 0.019279 -0.017648 0.014361
v 0.019215 -0.017804 0.014260
v 0.019170 -0.017910 0.014100
v 0.018973 -0.018019 0.014178
v 0.019137 -0.017850 0.014340
v 0.019211 -0.017658 0.014468
v 0.019036 -0.017869 0.014404
v 0.019116 -0.017647 0.014549
v 0.018859 -0.018023 0.014199
v 0.018928 -0.017862 0.014442
v 0.019010 -0.017618 0.014596
v 0.018413 -0.018022 0.013994
v 0.017772 -0.017935 0.014168
v 0.016829 -0.017805 0.014512
v 0.017945 -0.017459 0.014873
v 0.017859 -0.017716 0.014714
v 0.017757 -0.017879 0.014465
v 0.015563 -0.017576 0.015498
v 0.015728 -0.017416 0.015722
v 0.015852 -0.017154 0.015862
v 0.016867 -0.017302 0.015300
v 0.016761 -0.017561 0.015150
v 0.016627 -0.017723 0.014911
vn -0.326761 -0.873118 -0.361790
vn -0.440258 -0.833313 -0.334310
vn -0.321834 -0.652923 -0.685649
vn -0.524239 -0.582441 -0.621237
vn -0.261280 -0.299099 -0.917754
vn -0.540204 -0.301859 -0.785532
vn -0.192759 -0.020038 -0.981042
vn -0.331292 -0.942201 -0.050031
vn -0.303570 -0.951932 -0.040869
vn -0.284219 -0.958759 -0.001170
vn -0.787310 -0.032632 -0.615693
vn -0.661370 -0.022146 -0.749733
vn -0.425636 -0.025856 -0.904525
vn -0.753604 -0.351310 -0.555574
vn -0.678984 -0.612506 -0.404743
vn -0.519056 -0.830257 -0.203113
vn -0.380599 -0.923501 -0.047863
vn -0.881629 -0.371433 -0.291148
vn -0.970023 -0.042478 -0.239272
vn -0.870982 -0.055221 -0.488202
vn -0.538951 -0.837094 -0.093837
vn -0.746832 -0.631270 -0.209140
vn -0.999171 -0.039139 -0.011203
vn -0.933152 -0.359260 -0.012662
vn -0.787571 -0.616138 -0.010243
vn -0.539330 -0.842086 -0.003873
vn -0.313081 -0.949726 -0.000361
vn -0.374999 0.009378 -0.926978
vn -0.439280 0.370324 -0.818470
vn -0.182926 0.001938 -0.983125
vn -0.178815 0.260866 -0.948670
vn -0.157989 0.564488 -0.810181
vn -0.378850 0.675344 -0.632758
vn -0.126254 0.737310 -0.663652
vn -0.105864 0.841164 -0.530317
vn -0.230740 0.904460 -0.358762
vn -0.047401 0.966362 -0.252778
vn -0.071575 0.989946 -0.122001
vn -0.000482 0.999997 -0.002522
vn -0.020982 0.999780 -0.000089
vn -0.044244 0.998938 -0.012824
vn -0.294815 0.955551 -0.002450
vn -0.331782 0.935451 -0.121866
vn -0.564231 0.825587 -0.007019
vn -0.645100 0.729143 -0.228465
vn -0.736150 0.676801 -0.004794
vn -0.861161 0.508169 -0.012863
vn -0.845102 0.405675 -0.348182
vn -0.973284 0.229371 -0.010326
vn -0.999521 0.029007 -0.010771
vn -0.979778 0.022141 -0.198859
vn -0.871858 0.030198 -0.488826
vn -0.751529 0.041157 -0.658415
vn -0.062793 0.997001 -0.045233
vn -0.310581 0.920670 -0.236443
vn -0.555372 0.702950 -0.444324
vn -0.670710 0.415543 -0.614387
vn -0.618247 0.053209 -0.784181
vn -0.643713 -0.355539 0.677662
vn -0.572647 -0.014963 0.819665
vn -0.800161 -0.022845 0.599350
vn -0.810414 -0.353297 0.467343
vn -0.923184 -0.283253 0.259807
vn -0.798926 -0.562477 0.212922
vn -0.980976 0.000324 0.194130
vn -0.999066 -0.036458 0.023214
vn -0.959550 -0.281446 0.007250
vn -0.818779 -0.574073 0.006485
vn -0.581555 -0.805339 0.114991
vn -0.611114 -0.791539 0.002376
vn -0.342155 -0.938777 0.040337
vn -0.413472 -0.910112 0.027165
vn -0.311425 -0.950271 0.000085
vn -0.700574 -0.603120 0.381370
vn -0.518309 -0.827467 0.215995
vn -0.313112 -0.948957 0.037971
vn -0.443322 -0.859541 0.254275
vn -0.564467 -0.668707 0.483951
vn -0.855864 0.010694 0.517090
vn -0.343848 -0.009416 0.938978
vn -0.416137 -0.397076 0.818022
vn -0.419705 -0.690284 0.589368
vn -0.367024 -0.884819 0.287033
vn -0.284823 -0.958577 0.002366
vn -0.936751 0.026719 0.348976
vn -0.868298 0.325943 0.373924
vn -0.999503 0.030011 0.009644
vn -0.953957 0.299710 0.011791
vn -0.827000 0.561954 0.016691
vn -0.671471 0.675456 0.304772
vn -0.677235 0.735731 0.007264
vn -0.510063 0.860059 0.011597
vn -0.380205 0.905072 0.190497
vn -0.225156 0.974318 0.002975
vn -0.118819 0.991512 0.052779
vn -0.026402 0.999651 0.000329
vn -0.000379 0.999999 0.001020
vn -0.040843 0.997926 0.049754
vn -0.088142 0.966775 0.239954
vn -0.245605 0.935267 0.254861
vn -0.198751 0.825109 0.528860
vn -0.469184 0.728287 0.499465
vn -0.254757 0.678491 0.689020
vn -0.303123 0.537412 0.786959
vn -0.645384 0.417182 0.639874
vn -0.337055 0.255475 0.906160
vn -0.722428 0.045476 0.689949
vn -0.354602 0.022584 0.934744
vn 0.003825 0.999979 0.005257
vn 0.006484 0.999975 -0.002920
vn -0.284791 -0.958589 -0.000718
vn -0.284531 -0.958667 0.000820
vn -0.424053 -0.542566 0.725121
vn -0.341651 -0.002559 0.939824
vn -0.379706 -0.168540 0.909625
vn -0.421927 -0.484263 0.766464
vn -0.336097 -0.926809 0.167524
vn -0.394074 -0.819555 0.415975
vn -0.406608 -0.772421 0.487889
vn -0.130302 0.916960 0.377102
vn -0.232386 0.720387 0.653483
vn -0.307419 0.421098 0.853329
vn -0.340894 0.005468 0.940086
vn -0.340637 0.006045 0.940176
vn -0.340065 0.006894 0.940377
vn -0.293027 0.384568 0.875353
vn -0.256361 0.428776 0.866274
vn -0.201682 0.694492 0.690656
vn -0.134194 0.748975 0.648867
vn -0.072010 0.927304 0.367316
vn -0.003012 0.934706 0.355408
vn 0.068633 0.997641 0.001319
vn 0.133084 0.991102 0.002162
vn 0.134383 0.990929 -0.000855
vn 0.066948 0.997750 -0.003486
vn 0.134947 0.990853 0.000201
vn 0.062474 0.978612 0.195998
vn -0.059123 0.869491 0.490398
vn -0.103268 0.802706 0.587366
vn -0.219287 0.544545 0.809558
vn -0.291076 0.291082 0.911343
vn -0.340473 0.005982 0.940235
vn -0.182175 0.003217 -0.983261
vn -0.181569 0.005053 -0.983365
vn -0.149748 0.216272 -0.964781
vn -0.119324 0.377218 -0.918405
vn -0.089360 0.509565 -0.855779
vn -0.038806 0.696159 -0.716838
vn -0.044704 0.675529 -0.735977
vn 0.015893 0.844360 -0.535541
vn 0.049981 0.916479 -0.396948
vn 0.085794 0.965074 -0.247531
vn 0.133574 0.991039 -0.000491
vn -0.181782 0.004623 -0.983328
vn -0.182137 0.007456 -0.983245
vn -0.141153 0.389185 -0.910281
vn -0.163567 0.402244 -0.900803
vn -0.072279 0.729445 -0.680211
vn -0.125571 0.695695 -0.707276
vn -0.004698 0.926738 -0.375679
vn -0.071360 0.906893 -0.415275
vn -0.309968 -0.934034 -0.177482
vn -0.330202 -0.795519 -0.508051
vn -0.297371 -0.489059 -0.819995
vn -0.313087 -0.587517 -0.746190
vn -0.329769 -0.761526 -0.557970
vn -0.183464 -0.003101 -0.983022
vn -0.226867 -0.158049 -0.961016
vn -0.287746 -0.434400 -0.853521
vn -0.287089 -0.418254 -0.861768
vn -0.087138 0.994885 -0.051105
vn -0.194501 0.980111 -0.039402
vn -0.230357 0.908663 -0.348234
vn -0.182223 0.000724 -0.983257
vn -0.179484 0.014994 -0.983647
vn -0.171374 0.373318 -0.911737
vn -0.082879 0.435099 -0.896560
vn -0.129100 0.697112 -0.705243
vn 0.017185 0.739636 -0.672788
vn -0.052552 0.913162 -0.404196
vn 0.113854 0.929872 -0.349822
vn 0.079386 0.994923 -0.061859
vn 0.176143 0.982047 -0.067505
vn -0.182984 0.003253 -0.983111
vn -0.241259 0.358924 -0.901647
vn -0.260556 0.672831 -0.692393
vn -0.183433 0.002941 -0.983028
vn -0.302458 0.331395 -0.893698
vn -0.377555 0.615266 -0.692027
vn -0.411522 0.831493 -0.373187
vn -0.377030 0.925684 -0.030954
vn -0.184075 0.003165 -0.982907
vn -0.375447 0.336013 -0.863791
vn -0.488908 0.580239 -0.651377
vn -0.543044 0.751151 -0.375333
vn -0.543178 0.837186 -0.063855
vn -0.181008 0.007221 -0.983455
vn -0.115244 0.315471 -0.941911
vn -0.019986 0.647713 -0.761622
vn 0.076006 0.880656 -0.467619
vn 0.185686 0.980269 -0.067780
vn -0.184595 0.037821 -0.982087
vn -0.206143 0.375947 -0.903421
vn -0.212602 0.685292 -0.696546
vn 0.019099 0.994405 -0.103897
vn -0.240066 0.870350 -0.429953
vn -0.121094 0.991513 -0.047319
vn -0.323536 0.943926 -0.065784
vn -0.205995 0.056188 -0.976939
vn -0.322580 0.330421 -0.886997
vn -0.258902 0.083836 -0.962259
vn -0.422072 0.247873 -0.872017
vn -0.427634 0.604312 -0.672262
vn -0.619167 0.466036 -0.632015
vn -0.212821 0.014878 -0.976978
vn -0.491686 0.161924 -0.855585
vn -0.695722 0.260722 -0.669324
vn -0.790021 0.333712 -0.514299
vn -0.514513 0.754340 -0.407734
vn -0.716154 0.583975 -0.382225
vn -0.891379 0.394314 -0.223517
vn -0.477921 0.875321 -0.073516
vn -0.634808 0.769201 -0.073135
vn -0.816248 0.575168 -0.054038
vn -0.909672 0.415091 -0.014038
vn -0.306974 0.678410 0.667478
vn -0.136271 0.668419 0.731195
vn -0.030558 0.854796 0.518064
vn -0.010757 0.995515 0.093988
vn -0.096536 0.994723 0.034735
vn -0.196922 0.909546 0.365990
vn -0.691293 0.403064 0.599711
vn -0.786402 0.264501 0.558222
vn -0.619147 0.159870 0.768829
vn -0.253100 0.383776 0.888063
vn -0.365486 0.341789 0.865795
vn -0.336392 0.024967 0.941391
vn -0.536833 0.234296 0.810503
vn -0.426961 0.073363 0.901289
vn -0.353266 0.017708 0.935355
vn -0.459850 0.291481 0.838795
vn -0.521715 0.575613 0.629669
vn -0.531854 0.767088 0.358757
vn -0.478571 0.871819 0.104413
vn -0.737669 0.590364 0.327590
vn -0.608260 0.791185 0.063609
vn -0.801352 0.597393 0.030927
vn 0.081858 0.954438 0.286963
vn 0.175408 0.981840 0.072271
vn 0.089476 0.993624 0.068602
vn -0.434170 0.050630 0.899407
vn -0.348332 0.018856 0.937182
vn -0.343804 0.009721 0.938991
vn -0.341460 0.007907 0.939863
vn -0.895138 0.445162 0.023641
vn -0.905388 0.370268 0.207785
vn -0.831668 0.338154 0.440432
vn -0.324107 0.942292 0.083912
vn -0.332564 0.835625 0.437187
vn -0.338540 0.013936 0.940849
vn -0.251799 0.369221 0.894580
vn -0.113902 0.711699 0.693189
vn -0.046149 0.822109 0.567457
vn 0.054868 0.935959 0.347807
vn 0.160135 0.983596 0.083037
vn -0.235452 0.691149 0.683282
vn -0.565818 0.537907 0.624904
vn -0.590172 0.741359 0.319505
vn -0.448789 0.825375 0.342556
vn -0.484447 0.292771 0.824376
vn -0.471701 0.627762 0.619204
vn -0.342154 0.002259 0.939641
vn -0.433814 0.332147 0.837546
vn -0.230123 0.971707 0.053187
vn -0.407792 0.912594 0.029619
vn -0.548196 0.836056 0.022166
vn -0.108516 0.992706 0.052531
vn -0.133646 0.924231 0.357681
vn -0.325203 0.855437 0.403077
vn -0.001442 0.997180 0.075035
vn -0.359149 0.663047 0.656795
vn -0.372220 0.356738 0.856849
vn -0.311721 0.369911 0.875212
vn -0.341710 0.001826 0.939804
vn -0.341217 0.003893 0.939976
vn -0.340871 0.000960 0.940110
vn -0.436573 0.170259 0.883411
vn -0.480598 0.246118 0.841695
vn -0.548266 0.427265 0.718922
vn -0.586672 0.561762 0.583301
vn -0.603292 0.725149 0.331961
vn -0.565253 0.822252 0.066261
vn -0.308784 0.203036 -0.929209
vn -0.434120 0.435737 -0.788463
vn -0.484890 0.537811 -0.689667
vn -0.533830 0.657079 -0.532234
vn -0.565352 0.788696 -0.241529
vn -0.551085 0.834338 -0.013613
vn -0.538562 -0.808184 -0.238305
vn -0.539965 -0.720803 -0.434605
vn -0.685025 -0.584452 -0.434921
vn -0.445168 0.122131 -0.887079
vn -0.590472 0.175639 -0.787714
vn -0.471191 -0.092083 -0.877211
vn -0.643925 0.054179 -0.763168
vn -0.545610 -0.183173 -0.817776
vn -0.748165 -0.151001 -0.646102
vn -0.667541 -0.458994 -0.586271
vn -0.509384 -0.603358 -0.613586
vn -0.581020 -0.332088 -0.743057
vn -0.465699 -0.498142 -0.731423
vn -0.437285 -0.381257 -0.814509
vn -0.526427 -0.850220 -0.000208
vn -0.734253 -0.630157 -0.252537
vn -0.792709 -0.329144 -0.513105
vn -0.615750 0.334754 -0.713296
vn -0.698076 0.266839 -0.664445
vn -0.817764 0.134651 -0.559582
vn -0.873904 -0.034835 -0.484849
vn -0.882132 -0.397801 -0.252184
vn -0.761925 -0.647664 -0.000576
vn -0.571575 0.820357 -0.017777
vn -0.782277 0.601493 -0.162016
vn -0.695197 0.678267 -0.238022
vn -0.538531 0.435888 -0.721101
vn -0.616171 0.717164 -0.325592
vn -0.700957 0.482007 -0.525669
vn -0.796909 0.377856 -0.471340
vn -0.918121 0.238889 -0.316204
vn -0.563072 0.825650 -0.035394
vn -0.558579 0.829360 -0.012315
vn -0.596585 0.802550 -0.000137
vn -0.895899 0.444256 -0.000897
vn -0.980795 0.195034 -0.001442
vn -0.975227 -0.121101 -0.185111
vn -0.993876 -0.110499 -0.000196
vn -0.883071 -0.469240 -0.000233
vn -0.563502 0.826115 0.000080
vn -0.819024 0.573759 0.000615
vn -0.980714 0.195446 0.001241
vn -0.982645 -0.185495 0.000310
vn -0.882970 -0.469428 0.000697
vn -0.761839 -0.647767 0.000220
vn -0.458276 -0.888810 0.000227
vn -0.498701 -0.171156 0.849708
vn -0.725557 0.610363 0.317844
vn -0.649588 0.701824 0.292368
vn -0.676453 0.487410 0.552126
vn -0.771218 0.320255 0.550145
vn -0.669134 0.178551 0.721373
vn -0.746354 -0.632062 0.208455
vn -0.897084 -0.377420 0.229769
vn -0.956003 -0.191016 0.222645
vn -0.852817 -0.227112 0.470237
vn -0.557280 -0.804449 0.205671
vn -0.738099 -0.563461 0.371109
vn -0.576030 -0.720881 0.385383
vn -0.676123 -0.518385 0.523579
vn -0.576436 -0.614611 0.538494
vn -0.784296 -0.013320 0.620244
vn -0.691287 -0.264906 0.672270
vn -0.852184 0.329072 0.406809
vn -0.748287 0.630589 0.205970
vn -0.908269 0.295050 0.296637
vn -0.806756 0.575299 0.134818
vn -0.927157 0.035083 0.373026
vn -0.856660 0.073163 0.510667
vn -0.559427 0.828572 0.022594
vn -0.566860 0.823343 0.027870
vn -0.559055 0.829055 0.011223
vn -0.579334 0.814879 0.018558
vn -0.556123 -0.425240 0.714071
vn -0.593483 -0.039937 0.803855
vn 0.284106 0.958792 0.001671
vn 0.284334 0.958722 -0.002453
vn 0.111344 0.993781 0.001367
vn 0.037353 0.999301 -0.001265
vn -0.253267 0.967396 0.000379
vn -0.253007 0.967464 -0.000622
vn -0.504888 0.863185 -0.000011
vn -0.534674 0.845058 0.000043
vn 0.999351 0.024186 -0.026693
vn 0.950643 0.309991 -0.013517
vn 0.999689 0.023198 0.009164
vn 0.950887 0.309433 0.008087
vn 0.824385 0.565998 0.005910
vn 0.790192 0.612654 -0.015859
vn 0.708112 0.706086 0.004489
vn 0.584346 0.811453 -0.009160
vn 0.480833 0.876812 -0.000349
vn 0.330233 0.943899 -0.000855
vn 0.302890 0.953025 0.000477
vn 0.187654 0.982219 -0.005589
vn 0.063772 0.997936 -0.007549
vn -0.102224 0.994632 -0.016023
vn -0.228521 0.973416 0.015465
vn -0.376713 0.925665 0.035090
vn -0.534641 0.844830 0.020522
vn 0.199347 0.979905 -0.006889
vn 0.102035 0.994302 0.030863
vn -0.033575 0.999429 -0.003677
vn -0.117594 0.992769 -0.024110
vn -0.264644 0.964224 0.015371
vn -0.353640 0.935090 -0.023356
vn -0.521982 0.852863 -0.012620
vn -0.574413 0.818531 -0.007533
vn -0.670222 0.740506 0.049532
vn -0.723429 0.689528 0.034662
vn -0.844576 0.535428 0.002664
vn -0.911583 0.409772 0.033233
vn 0.548637 0.833833 0.060993
vn 0.328793 0.844954 0.421838
vn 0.322567 0.661114 0.677406
vn 0.373340 0.863204 0.339848
vn 0.418883 0.638970 0.645178
vn 0.425473 0.849812 0.311115
vn 0.518160 0.628114 0.580502
vn 0.473446 0.835861 0.277821
vn 0.602701 0.617189 0.505796
vn 0.499516 0.839520 0.213751
vn 0.673192 0.608921 0.419557
vn 0.552950 0.810979 0.191205
vn 0.729874 0.601860 0.324113
vn 0.803057 0.583195 0.122407
vn 0.770051 0.598316 0.221448
vn 0.571954 0.809884 0.130219
vn 0.981396 0.019774 0.190974
vn 0.940027 0.301744 0.159057
vn 0.930882 0.010973 0.365154
vn 0.901054 0.316065 0.296992
vn 0.851289 0.015008 0.524483
vn 0.842856 0.316390 0.435307
vn 0.757743 0.015265 0.652374
vn 0.762738 0.320071 0.561947
vn 0.618454 0.012452 0.785722
vn 0.659841 0.319006 0.680327
vn 0.501168 0.017769 0.865168
vn 0.544856 0.334727 0.768824
vn 0.327265 0.012365 0.944852
vn 0.411271 0.341845 0.844984
vn 0.186581 0.012888 0.982355
vn 0.283758 0.411267 0.866222
vn 0.296950 0.954886 0.003617
vn 0.294021 0.955775 0.006796
vn 0.285660 0.958281 0.009813
vn 0.286955 0.957920 0.006738
vn 0.286751 0.957985 0.006264
vn 0.287621 0.957723 0.006326
vn 0.290362 0.956901 0.005475
vn 0.127060 0.939882 0.316982
vn 0.321700 0.896867 0.303544
vn -0.143027 0.901137 0.409262
vn 0.048230 0.826447 0.560945
vn 0.189673 0.739243 0.646176
vn 0.252518 0.272316 0.928482
vn 0.301506 0.517071 0.801082
vn 0.324307 0.687579 0.649661
vn 0.182247 0.000424 0.983253
vn 0.231130 0.183380 0.955485
vn 0.067521 0.178859 0.981555
vn 0.158301 0.436008 0.885911
vn -0.035228 0.334866 0.941607
vn 0.046835 0.601500 0.797498
vn -0.162214 0.493713 0.854362
vn -0.074964 0.722498 0.687296
vn -0.318260 0.679166 0.661396
vn -0.257102 0.800872 0.540835
vn -0.423842 0.778791 0.462431
vn -0.164586 0.974095 0.155081
vn -0.306060 0.942119 0.136894
vn -0.543854 0.839175 0.002932
vn -0.379827 0.905683 0.188332
vn -0.405681 0.866923 0.289599
vn -0.540183 0.841382 0.016703
vn -0.541212 0.839144 0.054105
vn -0.913690 0.406380 -0.005055
vn -0.827449 0.561530 0.003552
vn -0.628694 0.777646 -0.003208
vn -0.523206 0.851594 0.032293
vn -0.354820 0.934824 0.014354
vn -0.110847 0.993165 0.036556
vn -0.024940 0.999481 0.020384
vn 0.187112 0.981688 0.035733
vn 0.179822 0.983124 0.033639
vn -0.523750 0.849892 -0.058052
vn -0.449569 0.891823 -0.050389
vn -0.372743 0.927817 -0.014790
vn -0.278850 0.960104 0.021060
vn -0.134069 0.990871 0.014116
vn 0.046255 0.998640 0.024054
vn -0.541760 0.840521 -0.004431
vn -0.489779 0.868441 -0.076987
vn -0.543346 0.839235 -0.021453
vn 0.284940 0.958541 -0.002834
vn 0.391380 0.919081 -0.045952
vn 0.341483 0.938511 -0.050849
vn 0.310505 0.949605 -0.042865
vn -0.086514 0.978697 -0.186192
vn -0.302915 0.945918 -0.116110
vn -0.075055 0.939345 -0.334662
vn -0.376016 0.907357 -0.187927
vn -0.112669 0.878167 -0.464896
vn -0.351141 0.877429 -0.326831
vn -0.079640 0.800469 -0.594060
vn -0.124810 0.731236 -0.670609
vn 0.340943 0.001505 -0.940083
vn 0.225649 0.188527 -0.955793
vn 0.379725 0.170101 -0.909327
vn 0.152744 0.484289 -0.861472
vn 0.416740 0.421443 -0.805428
vn 0.158945 0.622189 -0.766562
vn 0.422166 0.504260 -0.753325
vn 0.176271 0.726281 -0.664413
vn 0.418222 0.689339 -0.591525
vn 0.188794 0.848806 -0.493848
vn 0.378142 0.861084 -0.339916
vn 0.162996 0.945369 -0.282328
vn 0.053766 0.419654 -0.906090
vn -0.205470 0.694679 -0.689350
vn -0.424008 0.837622 -0.344392
vn 0.899695 0.030228 -0.435472
vn 0.816653 0.018317 -0.576838
vn 0.816651 0.345166 -0.462538
vn 0.543372 0.015810 -0.839343
vn 0.350600 0.016624 -0.936378
vn 0.641981 0.318943 -0.697235
vn 0.410739 0.331611 -0.849310
vn 0.574349 0.616006 -0.539129
vn 0.424185 0.638472 -0.642200
vn 0.455333 0.840719 -0.293024
vn 0.379179 0.861554 -0.337561
vn 0.520836 0.827630 -0.209187
vn 0.700219 0.603296 -0.381743
vn 0.720054 0.020307 -0.693621
vn 0.975826 0.025719 -0.217031
vn 0.905120 0.350661 -0.240406
vn 0.786343 0.580371 -0.211738
vn 0.564708 0.818191 -0.108018
vn 0.999473 -0.030338 0.011568
vn 0.999928 -0.010399 -0.005965
vn -0.508599 0.090405 0.856244
vn -0.687706 0.199878 0.697932
vn -0.763130 0.238069 0.600796
vn -0.882241 0.322867 0.342649
vn -0.922763 0.384732 0.022111
vn -0.919765 0.391832 0.022345
vn -0.920158 0.391486 0.006887
vn -0.857648 0.434202 0.275515
vn -0.824338 0.523597 0.215207
vn -0.727564 0.443004 0.523830
vn -0.649529 0.636196 0.416374
vn -0.523629 0.396659 0.753972
vn -0.385372 0.713813 0.584773
vn -0.181026 0.967196 0.178218
vn -0.291163 0.863429 0.411964
vn -0.534357 0.809901 0.241915
vn -0.190729 0.981643 0.000431
vn -0.917682 0.397266 0.006323
vn -0.895340 0.445382 0.000130
vn -0.784302 0.606548 0.130270
vn -0.747167 0.664636 0.001089
vn -0.528745 0.848780 0.000669
vn -0.190942 0.981601 -0.000761
vn -0.467306 0.884096 -0.000394
vn -0.747595 0.664154 -0.000203
vn -0.914303 0.405030 -0.000006
vn -0.911377 0.411512 -0.007080
vn -0.918731 0.394838 -0.006104
vn -0.767596 0.634058 -0.093631
vn -0.779675 0.603687 -0.166341
vn -0.543070 0.821814 -0.172329
vn -0.564224 0.757632 -0.328094
vn -0.239174 0.939554 -0.245019
vn -0.286372 0.842431 -0.456400
vn -0.449963 0.337282 -0.826906
vn -0.385087 0.097762 -0.917688
vn -0.919671 0.392055 -0.022302
vn -0.921717 0.383768 -0.056211
vn -0.848445 0.427209 -0.312464
vn -0.870848 0.342183 -0.352895
vn -0.676461 0.402456 -0.616790
vn -0.738458 0.267403 -0.619012
vn -0.624924 0.206487 -0.752884
vn -0.919193 0.393634 -0.011680
vn -0.826181 0.491646 -0.275152
vn -0.645408 0.541449 -0.538777
vn -0.395879 0.534342 -0.746833
vn -0.917384 0.397817 -0.012157
vn -0.805263 0.547059 -0.228643
vn -0.605130 0.657346 -0.449126
vn -0.343391 0.700598 -0.625496
vn 0.183372 0.005845 0.983026
vn 0.182264 0.000570 0.983250
vn 0.230839 0.313408 0.921134
vn 0.176788 0.384776 0.905921
vn 0.257089 0.645801 0.718920
vn 0.137029 0.711943 0.688738
vn 0.243933 0.882290 0.402569
vn 0.053560 0.947067 0.316535
vn 0.181417 0.002533 0.983403
vn 0.181263 0.002339 0.983432
vn 0.102233 0.386419 0.916640
vn 0.027730 0.371483 0.928025
vn -0.001654 0.711774 0.702406
vn -0.140084 0.683683 0.716208
vn -0.115648 0.905081 0.409212
vn -0.282447 0.876720 0.389340
vn -0.462378 0.820651 0.335766
vn -0.289590 0.653422 0.699412
vn -0.047762 0.346649 0.936778
vn 0.181051 0.001975 0.983472
vn 0.184294 0.011176 0.982808
vn 0.241752 0.435015 0.867362
vn 0.258446 0.735929 0.625791
vn 0.233727 0.830732 0.505228
vn 0.218451 0.961186 0.168525
vn -0.064271 0.901092 0.428839
vn -0.520482 0.750746 0.406792
vn -0.636240 0.642205 0.427517
vn -0.441639 0.546934 0.711210
vn -0.492577 0.408506 0.768434
vn -0.760198 0.541259 0.359357
vn -0.787027 0.374797 0.490016
vn -0.888665 0.417025 0.190694
vn -0.351801 0.903304 0.245515
vn 0.064359 0.720599 0.690358
vn -0.139230 0.648149 0.748678
vn 0.181197 0.004654 0.983436
vn 0.098946 0.378422 0.920329
vn 0.146255 0.079462 0.986050
vn -0.008039 0.337109 0.941431
vn 0.085385 0.101681 0.991146
vn 0.181680 0.006959 0.983333
vn 0.115788 0.030961 0.992791
vn -0.123737 0.282909 0.951132
vn -0.212622 0.178503 0.960692
vn -0.520112 0.285926 0.804817
vn -0.176231 0.948292 0.263980
vn -0.313173 0.603625 0.733185
vn -0.294018 0.830534 0.473040
vn -0.019868 0.073060 0.997130
vn 0.181146 -0.003884 0.983449
vn -0.281920 0.189291 0.940580
vn -0.622303 0.313708 0.717165
vn -0.824324 0.374840 0.424246
vn -0.920045 0.389676 0.040853
vn 0.193000 -0.014895 0.981086
vn 0.359266 -0.011989 0.933158
vn 0.551136 -0.016284 0.834257
vn 0.651052 -0.024023 0.758653
vn 0.787218 -0.018165 0.616407
vn 0.877904 -0.029945 0.477899
vn 0.939576 -0.025737 0.341373
vn 0.991054 -0.021116 0.131783
vn 0.859527 -0.510931 -0.012765
vn 0.737108 -0.675760 -0.004502
vn 0.715460 -0.674279 -0.182937
vn 0.562583 -0.826708 -0.007401
vn 0.292330 -0.956315 -0.002278
vn 0.377354 -0.919831 -0.107308
vn 0.189091 -0.843240 -0.503181
vn 0.233045 -0.735980 -0.635629
vn 0.379080 -0.730047 -0.568621
vn 0.973431 -0.228906 -0.005784
vn 0.914555 -0.347481 -0.206993
vn 0.984427 -0.006023 -0.175689
vn 0.940931 -0.032745 -0.337012
vn 0.819045 -0.415788 -0.395329
vn 0.854602 -0.019363 -0.518923
vn 0.695747 -0.363600 -0.619460
vn 0.776575 -0.012228 -0.629906
vn 0.515882 -0.417655 -0.747950
vn 0.502703 -0.018088 -0.864270
vn 0.637227 -0.020947 -0.770391
vn 0.341743 -0.002342 -0.939791
vn 0.332754 -0.256489 -0.907462
vn 0.287482 -0.563242 -0.774669
vn 0.041777 -0.997145 -0.062900
vn 0.008971 -0.999661 -0.024427
vn 0.087245 -0.966610 -0.240941
vn 0.215166 -0.922184 -0.321373
vn 0.272484 -0.921583 -0.276471
vn 0.112165 -0.989230 -0.094033
vn 0.336408 -0.921460 -0.194273
vn 0.089887 -0.995106 -0.041050
vn 0.042425 -0.999065 -0.008343
vn 0.006087 -0.999981 -0.000024
vn 0.627324 -0.703101 -0.334834
vn 0.516209 -0.702647 -0.489710
vn 0.003656 -0.999993 0.000036
vn 0.224562 -0.974457 0.002330
vn 0.510196 -0.859999 0.010079
vn 0.678641 -0.734447 0.005739
vn 0.827509 -0.561283 0.013799
vn 0.956362 -0.291804 0.014908
vn 0.166049 -0.538158 0.826326
vn 0.137662 -0.675507 0.724389
vn 0.330916 -0.674511 0.659947
vn 0.107701 -0.826747 0.552168
vn 0.046817 -0.966625 0.251882
vn 0.186390 -0.919655 0.345678
vn 0.658687 -0.730192 0.181524
vn 0.868889 -0.422862 0.257332
vn 0.608574 -0.398673 0.686074
vn 0.178553 -0.259368 0.949130
vn 0.408225 -0.339832 0.847270
vn 0.779937 -0.401070 0.480460
vn 0.006020 -0.999980 0.001669
vn 0.372919 -0.922118 0.103104
vn 0.343054 -0.921517 0.181991
vn 0.003429 -0.999991 0.002326
vn 0.272645 -0.921363 0.277046
vn 0.002451 -0.999992 0.003099
vn 0.001517 -0.999993 0.003555
vn 0.000537 -0.999996 0.002811
vn 0.479418 -0.702771 0.525614
vn 0.615410 -0.702452 0.357535
vn 0.182136 -0.007167 0.983247
vn 0.163145 -0.421488 0.892038
vn 0.121842 -0.720361 0.682814
vn 0.066298 -0.917054 0.393214
vn -0.003936 -0.999953 0.008827
vn -0.455827 0.863742 -0.214875
vn -0.152498 0.915728 -0.371735
vn -0.004551 0.944488 -0.328514
vn 0.103048 0.768148 -0.631926
vn 0.097135 0.972536 -0.211513
vn -0.407812 0.333133 -0.850125
vn -0.482727 0.639125 -0.598744
vn -0.258030 0.499195 -0.827179
vn -0.265042 0.773570 -0.575623
vn -0.094160 0.572698 -0.814340
vn 0.052359 0.668602 -0.741775
vn -0.408664 0.821421 -0.397820
vn -0.605219 0.687450 -0.401401
vn -0.693774 0.669428 -0.265601
vn -0.876191 0.426288 -0.224871
vn -0.792737 0.442481 -0.419259
vn -0.658183 0.397298 -0.639492
vn 0.204725 0.108211 -0.972820
vn 0.204665 0.066944 -0.976540
vn 0.032887 0.306784 -0.951211
vn -0.153503 0.227526 -0.961597
vn 0.341964 0.006290 -0.939692
vn 0.266769 0.385321 -0.883381
vn 0.375946 0.324355 -0.868020
vn 0.254549 0.691354 -0.676192
vn 0.370302 0.653628 -0.660035
vn 0.307528 0.883082 -0.354391
vn 0.340015 0.007510 -0.940390
vn 0.334149 0.018751 -0.942334
vn 0.141159 0.378120 -0.914931
vn 0.331065 0.018064 -0.943435
vn 0.334214 0.010365 -0.942440
vn 0.342855 0.011321 -0.939320
vn 0.379756 0.436661 -0.815544
vn 0.350163 0.741716 -0.572051
vn 0.267419 0.933607 -0.238464
vn -0.218956 0.918322 -0.329762
vn -0.355045 0.815496 -0.457066
vn -0.034884 0.705479 -0.707871
vn -0.112675 0.617260 -0.778649
vn 0.163235 0.388827 -0.906735
vn 0.111201 0.354391 -0.928462
vn 0.339664 0.002462 -0.940544
vn 0.339133 0.002893 -0.940734
vn 0.340307 0.004156 -0.940305
vn 0.236983 0.402149 -0.884373
vn 0.100319 0.731390 -0.674541
vn -0.012349 0.917775 -0.396909
vn 0.340906 0.000592 -0.940097
vn 0.310149 0.397691 -0.863510
vn 0.234396 0.729078 -0.643043
vn 0.124092 0.942355 -0.310753
vn 0.340857 -0.011809 -0.940041
vn 0.309244 -0.400559 -0.862508
vn 0.240943 -0.692920 -0.679565
vn 0.138334 -0.907467 -0.396697
vn -0.004403 -0.999979 -0.004666
vn 0.339970 -0.001803 -0.940435
vn -0.014763 0.154949 -0.987812
vn -0.461907 0.317297 -0.828230
vn -0.800215 0.401259 -0.445699
vn -0.919151 0.391808 -0.040593
vn -0.925697 0.375910 -0.042157
vn -0.931495 0.363636 0.009306
vn -0.963192 0.235827 0.129019
vn -0.925665 0.378089 0.013905
vn -0.946418 0.322945 0.000027
vn -0.930905 0.365261 -0.000032
vn -0.930063 0.367244 -0.010663
vn -0.931487 0.362134 -0.034517
vn -0.923377 0.383211 0.022897
vn 0.181240 -0.007737 0.983408
vn 0.181719 -0.009771 0.983302
vn 0.017380 -0.755154 0.655317
vn 0.079108 -0.548055 0.832693
vn -0.226312 -0.396386 0.889753
vn 0.119257 -0.363137 0.924072
vn 0.152052 -0.195363 0.968872
vn -0.174032 -0.146526 0.973778
vn -0.939357 0.069317 0.335862
vn -0.969504 -0.000672 0.245075
vn -0.798982 -0.332373 0.501154
vn -0.509748 -0.203292 0.835960
vn -0.458824 0.048582 0.887198
vn -0.746577 0.010636 0.665214
vn -0.713721 0.175865 0.677992
vn -0.869096 0.263095 0.418871
vn -0.036430 -0.885390 0.463419
vn 0.014384 -0.762296 0.647068
vn -0.226640 -0.835496 0.500580
vn -0.523330 -0.607669 0.597381
vn -0.891041 0.128869 0.435246
vn -0.800584 -0.146629 0.581004
vn -0.570757 -0.430550 0.699187
vn -0.275156 -0.588622 0.760141
vn -0.814034 -0.456265 0.359403
vn -0.871768 -0.476152 0.115322
vn -0.816209 -0.526133 0.238722
vn -0.988398 -0.066118 0.136743
vn -0.063087 -0.931727 0.357639
vn -0.468686 -0.767128 0.438004
vn -0.514577 -0.803820 0.298470
vn -0.104452 -0.980888 0.164158
vn -0.538516 -0.828595 0.153074
vn -0.137965 -0.990437 0.000239
vn -0.561896 -0.827208 0.000340
vn -0.990401 -0.138227 0.000255
vn -0.828719 -0.559665 0.000107
vn 0.146067 -0.379591 0.913551
vn 0.118437 -0.383751 0.915810
vn 0.083651 -0.691829 0.717200
vn 0.041881 -0.687692 0.724793
vn 0.010504 -0.924052 0.382123
vn -0.045090 -0.907274 0.418117
vn -0.056803 -0.998381 0.002995
vn -0.134239 -0.990948 0.001042
vn 0.340493 -0.007047 -0.940221
vn 0.289182 -0.391621 -0.873503
vn 0.182600 -0.732750 -0.655542
vn 0.065598 -0.930628 -0.360038
vn -0.077726 -0.996967 -0.003960
vn 0.340121 -0.006542 -0.940359
vn 0.271099 -0.374880 -0.886550
vn 0.158103 -0.700384 -0.696035
vn 0.016003 -0.922007 -0.386843
vn -0.132396 -0.991190 -0.003810
vn -0.550881 -0.551395 -0.626493
vn -0.771572 -0.332399 -0.542390
vn -0.745481 -0.225605 -0.627185
vn -0.066305 -0.979653 -0.189429
vn -0.136286 -0.990669 -0.000357
vn -0.358509 -0.933525 -0.001331
vn -0.887577 0.020009 -0.460224
vn -0.999849 0.017363 -0.000250
vn -0.996029 -0.022967 -0.086011
vn -0.885619 -0.446237 -0.128648
vn 0.086042 -0.829182 -0.552318
vn 0.022138 -0.911762 -0.410121
vn -0.305345 -0.824936 -0.475651
vn -0.380279 -0.889240 -0.254242
vn -0.633654 -0.651185 -0.417660
vn -0.694773 -0.687536 -0.211152
vn -0.803815 -0.469773 -0.364959
vn -0.935578 -0.247477 -0.251889
vn -0.984976 0.075052 -0.155527
vn -0.524756 -0.376983 -0.763227
vn -0.386461 -0.482994 -0.785725
vn -0.206886 -0.719943 -0.662480
vn -0.051949 -0.593987 -0.802796
vn 0.168931 -0.669047 -0.723767
vn -0.871504 -0.200962 -0.447319
vn -0.968651 0.119455 -0.217821
vn -0.623079 -0.782159 -0.000142
vn -0.904134 -0.427248 -0.000251
vn -0.716437 -0.064363 -0.694677
vn -0.825762 0.332128 -0.455859
vn 0.275437 -0.348361 -0.895979
vn 0.223594 -0.529956 -0.818017
vn -0.104060 -0.377275 -0.920236
vn 0.313170 -0.178406 -0.932789
vn -0.050324 -0.195885 -0.979335
vn -0.378598 -0.084360 -0.921709
vn -0.436248 -0.241869 -0.866711
vn -0.672505 0.062334 -0.737462
vn -0.884622 0.172789 -0.433114
vn -0.827844 0.229929 -0.511671
vn -0.628462 0.196470 -0.752619
vn -0.308314 0.109854 -0.944920
vn 0.020077 -0.029181 -0.999373
vn -0.000653 0.999903 -0.013886
vn -0.003981 0.999992 -0.000813
vn -0.129592 0.990664 -0.042326
vn -0.003955 0.999992 -0.000833
vn -0.003829 0.999992 -0.000931
vn -0.325188 0.943265 -0.067113
vn -0.384131 0.914114 -0.129762
vn -0.214162 0.974214 -0.071005
vn -0.022482 0.999716 -0.007913
vn -0.235825 0.969675 -0.064159
vn -0.462707 0.880299 -0.104763
vn -0.401585 0.899608 -0.171567
vn -0.040760 0.999115 -0.010410
vn -0.032108 0.999478 -0.003449
vn -0.364345 0.929375 -0.059281
vn -0.007033 0.999975 -0.000189
vn -0.398760 0.917019 0.008118
vn -0.036650 0.999317 0.004620
vn -0.356374 0.932543 0.057981
vn -0.030545 0.999501 0.007989
vn -0.350390 0.932967 0.082465
vn -0.560490 0.825860 0.061687
vn -0.557460 0.827368 -0.068562
vn -0.521736 0.832030 -0.188459
vn -0.545613 0.835111 0.069968
vn -0.516240 0.832470 0.201223
vn -0.405167 0.898669 0.168028
vn -0.167973 0.985216 0.033684
vn -0.003122 0.999995 0.000677
vn -0.000280 0.999939 0.011052
vn -0.227045 0.970560 0.080393
vn -0.329537 0.932904 0.145244
vn -0.276592 0.957047 0.086942
vn -0.008721 0.999958 0.002835
vn -0.020480 0.999745 0.009469
vn -0.001643 0.940644 0.339391
vn -0.063439 0.977858 0.199424
vn -0.194914 0.930054 0.311462
vn -0.437616 0.856982 0.272167
vn -0.257862 0.878801 0.401516
vn -0.126279 0.860205 0.494066
vn -0.002223 0.863171 0.504907
vn -0.209088 0.935673 0.284250
vn 0.000268 0.887747 0.460331
vn -0.414650 0.894859 0.165204
vn -0.381140 0.924417 -0.013611
vn -0.455393 0.860362 -0.228898
vn -0.363815 0.884738 -0.291337
vn 0.000096 0.940992 0.338429
vn -0.008999 0.999959 0.001037
vn -0.001718 0.862963 -0.505265
vn -0.137021 0.892324 -0.430096
vn -0.184837 0.944160 -0.272760
vn 0.001463 0.977515 -0.210859
vn 0.000223 0.887765 -0.460296
vn -0.294526 0.940774 -0.167923
vn -0.211582 0.957463 -0.196209
vn -0.002622 0.939837 -0.341613
vn 0.001008 0.999999 0.000094
vn 0.006456 0.999493 0.031192
vn 0.000957 0.999977 0.006650
vn 0.004014 0.998941 -0.045834
vn 0.004985 0.998716 -0.050413
vn 0.006153 0.999929 -0.010252
vn 0.406761 0.913535 -0.000063
vn 0.391403 0.918964 0.048053
vn 0.342332 0.922037 0.180712
vn 0.240183 0.879075 0.411752
vn 0.309234 0.916536 0.253646
vn 0.169096 0.833914 0.525352
vn 0.038965 0.684889 0.727605
vn 0.067053 0.736642 0.672951
vn -0.068152 0.544199 0.836184
vn -0.010097 0.653430 0.756920
vn -0.295908 0.131636 0.946103
vn -0.270791 0.214659 0.938400
vn -0.250872 0.217320 0.943311
vn -0.211612 0.325585 0.921529
vn -0.135135 0.466649 0.874058
vn -0.305003 0.045059 0.951285
vn -0.247748 0.180144 0.951929
vn -0.155005 0.312720 0.937112
vn -0.018219 0.569245 0.821966
vn -0.064214 0.538443 0.840212
vn 0.170136 0.810988 0.559779
vn 0.294806 0.904799 0.307293
vn 0.399344 0.915951 0.039475
vn 0.485330 0.803284 -0.345239
vn 0.500008 0.626979 -0.597401
vn 0.627424 0.493051 -0.602694
vn 0.342676 0.001449 -0.939453
vn 0.341752 0.000200 -0.939790
vn 0.574395 0.091175 -0.813485
vn 0.376159 0.002258 -0.926552
vn 0.624986 0.025464 -0.780221
vn 0.345271 0.002239 -0.938500
vn 0.561969 0.191737 -0.804629
vn 0.341077 0.000149 -0.940035
vn 0.514742 0.265811 -0.815099
vn 0.344290 0.005226 -0.938849
vn 0.446549 0.318114 -0.836300
vn 0.344773 0.009730 -0.938636
vn 0.830455 0.032150 -0.556157
vn 0.965037 0.039485 -0.259123
vn 0.920005 0.252302 -0.299891
vn 0.803688 0.186136 -0.565189
vn 0.867854 0.496640 -0.013338
vn 0.970438 0.240702 -0.017674
vn 0.998658 0.046604 -0.022571
vn 0.763016 0.646377 -0.001748
vn 0.690479 0.664345 -0.286155
vn 0.833215 0.434532 -0.341957
vn 0.590490 0.806983 -0.010027
vn 0.417164 0.908660 -0.017653
vn 0.471629 0.851477 -0.229244
vn 0.732242 0.345652 -0.586810
vn -0.304971 0.096328 0.947477
vn -0.156188 0.108641 0.981734
vn -0.008555 0.103228 0.994621
vn 0.116168 0.330815 0.936518
vn 0.163292 0.147829 0.975440
vn 0.366491 0.098526 0.925190
vn 0.376316 0.342884 0.860707
vn -0.271558 0.206813 0.939939
vn 0.286428 0.957968 0.016008
vn 0.282158 0.959240 0.015656
vn 0.263844 0.888571 0.375271
vn 0.291005 0.955624 0.045811
vn -0.035338 0.445451 0.894609
vn 0.171962 0.673234 0.719156
vn 0.450444 0.628147 0.634454
vn 0.471312 0.808365 0.352720
vn 0.432069 0.901721 0.014647
vn 0.275887 0.960878 0.024480
vn 0.113658 0.897213 0.426721
vn -0.032756 0.719461 0.693760
vn -0.130884 0.555852 0.820913
vn 0.362552 0.732530 0.576156
vn 0.078062 0.758032 0.647529
vn 0.158836 0.872254 0.462540
vn 0.999382 0.030101 0.018137
vn 0.999399 0.025935 0.023005
vn 0.971913 0.184265 0.146397
vn 0.937709 0.311393 0.154067
vn 0.999488 0.029902 0.011424
vn 0.999630 0.026147 0.007437
vn 0.955870 0.288227 0.056909
vn 0.999055 0.043247 0.004398
vn 0.984704 0.174231 0.000984
vn 0.999603 0.028185 0.000139
vn 0.770936 0.560739 0.302043
vn 0.777799 0.611844 0.143793
vn 0.858997 0.408050 0.309225
vn 0.743626 0.526291 0.412358
vn 0.603662 0.599540 0.525493
vn 0.548615 0.740807 0.387591
vn 0.464803 0.885342 0.011320
vn 0.679644 0.733519 0.005820
vn 0.789685 0.613450 0.008761
vn 0.890827 0.454331 0.003405
vn 0.497868 0.842219 0.206871
vn 0.225481 0.940790 0.253124
vn 0.022054 0.636828 0.770690
vn 0.294006 0.613810 0.732664
vn 0.552181 0.532760 0.641298
vn 0.787693 0.393748 0.473816
vn 0.943384 0.215689 0.252000
vn 0.999737 0.015090 0.017297
vn 0.285225 0.958409 0.009911
vn 0.995688 0.065917 0.065274
vn 0.896760 0.279745 0.342875
vn 0.822743 0.362131 0.438126
vn 0.691203 0.466360 0.552039
vn 0.588258 0.512908 0.625202
vn 0.504668 0.551670 0.664057
vn 0.204687 0.624588 0.753653
vn 0.010589 0.642807 0.765955
vn 0.553469 0.832345 0.029546
vn 0.700118 0.714021 -0.002893
vn 0.814713 0.579834 0.005977
vn 0.949918 0.312425 0.006830
vn 0.996478 0.083837 -0.001778
vn 0.540221 0.813177 0.216575
vn 0.408914 0.912568 0.002953
vn 0.429455 0.902659 0.027835
vn 0.582305 0.778007 0.235852
vn 0.680886 0.604278 0.413813
vn 0.619648 0.670457 0.408073
vn 0.736113 0.300987 0.606255
vn 0.669458 0.383999 0.635902
vn 0.664451 0.185119 0.724042
vn 0.706509 0.001649 0.707702
vn 0.641620 0.000035 0.767023
vn 0.613371 -0.000532 0.789795
vn 0.703607 -0.005210 0.710570
vn 0.596629 -0.197363 0.777870
vn 0.595397 -0.454814 0.662304
vn 0.538244 -0.401560 0.740974
vn 0.463376 -0.572738 0.676205
vn 0.380508 -0.783317 0.491556
vn 0.299429 -0.809387 0.505209
vn 0.113547 -0.961996 0.248336
vn 0.106815 -0.947535 0.301278
vn -0.134717 -0.990884 0.001022
vn -0.134561 -0.990904 0.001517
vn 0.642129 -0.338680 0.687726
vn 0.562009 -0.619456 0.548106
vn 0.476845 -0.670520 0.568350
vn 0.706697 -0.000995 0.707515
vn 0.204707 -0.921157 0.331007
vn -0.133190 -0.991089 0.001713
vn -0.559631 0.321222 -0.763956
vn -0.622195 0.281755 -0.730402
vn -0.560604 0.354787 -0.748231
vn -0.394299 0.355648 -0.847374
vn -0.482305 0.339849 -0.807394
vn -0.344022 0.385370 -0.856235
vn -0.355115 0.522585 -0.775112
vn -0.045144 0.782215 -0.621371
vn -0.130552 0.670676 -0.730171
vn -0.233705 0.511818 -0.826695
vn -0.134835 0.786274 -0.602987
vn 0.102577 0.919869 -0.378575
vn 0.234014 0.921703 -0.309355
vn 0.383937 0.922707 -0.034692
vn 0.389189 0.920474 -0.035485
vn 0.376412 0.925740 -0.036327
vn 0.092035 0.938265 -0.333450
vn -0.130154 0.841433 -0.524452
vn -0.367376 0.632591 -0.681808
vn -0.104610 0.793025 -0.600140
vn -0.177109 0.777521 -0.603401
vn -0.349411 0.528365 -0.773784
vn 0.264990 0.963827 -0.028597
vn 0.254920 0.966405 -0.032830
vn 0.025524 0.951879 -0.305409
vn -0.025043 0.949677 -0.312228
vn -0.284805 0.793216 -0.538233
vn -0.227357 0.555333 -0.799947
vn -0.018076 0.809334 -0.587071
vn 0.143997 0.942734 -0.300862
vn 0.115278 0.950116 -0.289813
vn 0.018741 0.925046 -0.379393
vn -0.222603 0.788058 -0.573945
vn -0.470804 0.488469 -0.734671
vn -0.555886 0.444924 -0.702164
vn 0.269510 0.962605 -0.027476
vn 0.272021 0.961846 -0.029282
vn 0.387493 0.921588 -0.022901
vn 0.086658 0.939662 -0.330947
vn -0.149459 0.840729 -0.520420
vn -0.407082 0.613608 -0.676587
vn -0.572136 0.365452 -0.734238
vn -0.643205 0.237426 -0.727954
vn 0.415228 0.909664 0.009838
vn 0.529559 0.834896 0.150053
vn 0.655144 0.670243 0.348655
vn 0.707039 0.542490 0.453653
vn 0.742332 0.299170 0.599533
vn 0.708614 0.006563 0.705566
vn 0.205866 0.863802 -0.459854
vn 0.171513 0.775613 -0.607460
vn 0.515082 0.714073 -0.474120
vn 0.925839 0.341354 -0.162168
vn 0.998506 0.050364 -0.021184
vn 0.951820 0.299395 -0.066336
vn 0.999074 0.042324 -0.007786
vn 0.983137 0.181492 -0.022404
vn 0.999466 0.032686 -0.000591
vn 0.936422 0.273390 -0.219936
vn 0.969695 0.182780 -0.162118
vn 0.998270 0.050175 -0.030648
vn 0.999170 0.029566 -0.028018
vn 0.991683 0.075518 -0.104224
vn 0.966662 0.134640 -0.217800
vn 0.999998 0.000877 -0.001633
vn 0.955219 0.117228 -0.271689
vn 0.999895 0.005474 -0.013389
vn 0.871911 0.195620 -0.448892
vn 0.859750 0.289374 -0.420824
vn 0.974501 0.144798 -0.171409
vn 0.997471 0.047076 -0.053255
vn 0.983026 0.183465 -0.001179
vn 0.900045 0.435585 -0.013623
vn 0.791296 0.586917 -0.171404
vn 0.273166 0.941893 -0.195492
vn 0.780275 0.509008 -0.363430
vn 0.549950 0.802252 -0.232266
vn 0.592304 0.507952 -0.625428
vn 0.350573 0.599972 -0.719118
vn 0.263468 0.391815 -0.881513
vn 0.105304 0.595393 -0.796504
vn 0.029907 0.417113 -0.908362
vn 0.437910 0.352940 -0.826842
vn 0.606983 0.328201 -0.723779
vn 0.768832 0.399422 -0.499359
vn 0.701208 0.288556 -0.651953
vn 0.795231 0.244982 -0.554609
vn 0.306039 0.951823 -0.019307
vn 0.472777 0.880688 -0.029498
vn 0.702768 0.711208 -0.017362
vn 0.814494 0.580044 -0.012170
vn -0.646429 0.196576 -0.737216
vn -0.580709 0.397535 -0.710453
vn -0.377832 0.709110 -0.595320
vn -0.178507 0.878158 -0.443817
vn 0.131405 0.978510 -0.158902
vn 0.266270 0.963687 -0.020186
vn 0.707565 0.001297 0.706647
vn 0.707800 0.001219 0.706412
vn 0.727422 0.009716 0.686121
vn 0.694312 0.000148 0.719674
vn 0.708453 0.001193 0.705757
vn 0.710610 0.005562 0.703564
vn 0.719662 0.000112 0.694324
vn 0.734363 0.060072 0.676094
vn 0.719614 0.064456 0.691376
vn 0.708989 0.040147 0.704075
vn 0.704301 0.026086 0.709422
vn 0.703628 0.008251 0.710520
vn 0.736772 0.008567 0.676087
vn 0.693102 0.005856 0.720816
vn 0.662128 0.044517 0.748068
vn 0.994044 0.057030 -0.092870
vn 0.973741 0.095723 -0.206557
vn 0.888519 0.182450 -0.421006
vn 0.830872 0.282689 -0.479310
vn 0.713383 0.276664 -0.643850
vn 0.650652 0.300866 -0.697231
vn 0.517475 0.328905 -0.789963
vn 0.002273 0.403830 -0.914831
vn 0.175769 0.383790 -0.906538
vn 0.350499 0.366064 -0.862060
vn 0.408459 0.352001 -0.842174
vn 0.000950 0.883326 -0.468758
vn 0.002137 0.938183 -0.346134
vn 0.003567 0.984496 0.175371
vn 0.001646 0.904264 0.426970
vn 0.001316 0.883014 0.469345
vn 0.999461 0.016277 0.028498
vn 0.842758 0.439404 0.310939
vn 0.997175 0.047603 0.058102
vn 0.980109 0.196519 0.027682
vn 0.998849 0.017532 0.044640
vn 0.999975 0.007131 0.000309
vn 0.016745 0.859006 0.511692
vn 0.093958 0.896428 0.433115
vn 0.101148 0.797462 0.594830
vn 0.209345 0.884076 0.417833
vn 0.156634 0.726040 0.669576
vn 0.313853 0.819297 0.479841
vn 0.221970 0.640137 0.735496
vn 0.420550 0.721219 0.550437
vn 0.879016 0.286566 0.381066
vn 0.543646 0.610543 0.575922
vn 0.991321 0.069530 0.111572
vn 0.958633 0.186044 0.215430
vn 0.157563 0.969716 0.186615
vn 0.465800 0.884582 0.023323
vn 0.526702 0.850036 0.004776
vn 0.576643 0.761282 0.296535
vn 0.710048 0.704047 0.012201
vn 0.717856 0.607577 0.339903
vn 0.819960 0.572185 0.016455
vn 0.888665 0.458442 0.010298
vn 0.100085 0.994975 0.002603
vn 0.252808 0.967487 0.007553
vn 0.306560 0.925417 0.222765
vn 0.443946 0.845854 0.295709
vn 0.990632 0.073449 0.115123
vn 0.083808 0.599213 0.796191
vn 0.044198 0.650906 0.757871
vn 0.014829 0.696696 0.717213
vn 0.996450 0.044408 0.071520
vn 0.991247 0.069788 -0.112066
vn 0.976024 0.135621 -0.170247
vn 0.542243 0.583036 -0.605014
vn 0.996539 0.041953 -0.071758
vn 0.989638 0.102823 -0.100216
vn 0.820139 0.460414 -0.339694
vn 0.241989 0.903216 -0.354460
vn 0.305641 0.949161 -0.075344
vn 0.134650 0.960901 -0.241949
vn 0.161880 0.986469 -0.025940
vn 0.472631 0.881126 -0.015366
vn 0.399158 0.890544 -0.218185
vn 0.645036 0.763170 -0.038745
vn 0.429992 0.863659 -0.263059
vn 0.552746 0.765039 -0.330436
vn 0.686679 0.645592 -0.334192
vn 0.816554 0.574659 -0.054836
vn 0.927559 0.359695 -0.101256
vn 0.980480 0.178632 -0.082161
vn 0.999927 0.004595 -0.011186
vn 1.000000 0.000292 -0.000216
vn 0.983288 0.104268 -0.149242
vn 0.225558 0.627148 -0.745526
vn 0.963442 0.126228 -0.236316
vn 0.928623 0.220111 -0.298680
vn 0.331548 0.824692 -0.458214
vn 0.439095 0.724631 -0.531136
vn 0.062194 0.620325 -0.781875
vn 0.178255 0.732952 -0.656511
vn 0.019661 0.695411 -0.718343
vn 0.116492 0.804106 -0.582960
vn 0.012556 0.848746 -0.528651
vn 0.071412 0.852190 -0.518336
vn 0.024708 0.859306 -0.510865
vn 0.974039 -0.095278 -0.205353
vn 0.999314 -0.030290 -0.021312
vn 0.999946 0.010413 -0.000018
vn 0.753445 -0.596383 0.276853
vn 0.811228 -0.336032 0.478531
vn 0.990976 -0.133509 -0.011916
vn 0.156242 -0.895892 0.415891
vn 0.432648 -0.518109 0.737820
vn 0.995346 0.087410 -0.040577
vn 0.894042 0.257447 -0.366621
vn 0.916272 -0.168584 -0.363351
vn 0.664833 -0.610922 -0.429850
vn 0.999257 0.038538 0.000046
vn 0.997922 -0.064176 -0.005728
vn 0.939397 -0.310958 0.144353
vn 0.995691 -0.053290 0.075888
vn 0.243212 0.557615 -0.793671
vn 0.295105 0.866791 -0.401978
vn 0.691553 0.577336 -0.434094
vn 0.474479 0.876781 0.078258
vn 0.992038 -0.125437 -0.011196
vn 0.944443 -0.029257 0.327371
vn 0.997841 0.027641 0.059575
vn 0.056098 0.969178 -0.239889
vn 0.046486 0.986026 0.159976
vn 0.348060 0.767077 0.538931
vn 0.682319 0.585441 0.437835
vn 0.313765 0.399469 0.861380
vn 0.365321 -0.082827 0.927189
vn 0.804404 0.591731 0.052815
vn 0.832189 0.453488 0.319078
vn 0.745034 0.383326 -0.545881
vn 0.999908 0.009620 -0.009572
vn 0.757847 0.591777 -0.274714
vn 0.999887 0.009759 -0.011438
vn 0.999852 0.017148 0.001024
vn 0.999982 0.005882 0.001502
vn 0.995261 0.008656 -0.096854
vn 0.405759 0.081289 -0.910358
vn 0.997267 -0.006576 0.073584
vn 0.999997 0.000095 -0.002635
vn 0.999789 0.020492 -0.001344
vn 0.999850 0.016652 -0.004811
vn 0.999988 0.003590 0.003367
vn 0.999648 0.020781 0.016478
vn 0.632666 0.633358 0.445636
vn 0.959502 0.118561 0.255536
vn 0.999644 0.015297 -0.021868
vn 0.998871 0.047470 -0.001550
vn 0.850998 0.523090 0.046689
vn 0.999986 0.000419 0.005308
vn 0.997726 0.065507 0.015841
vn 0.999743 0.022650 -0.000543
vn 0.999937 0.010749 -0.003328
vn 0.999872 0.014455 -0.006826
vn 0.999965 0.007229 -0.004292
vn 0.999779 0.016762 -0.012674
vn 0.999980 0.005975 0.002279
vn 0.999982 0.005257 0.003007
vn 0.999997 0.001963 0.001575
vn 0.999989 0.000910 0.004597
vn 0.999945 0.004210 0.009600
vn 0.999960 0.005742 0.006814
vn 0.999584 0.027106 0.009812
vn 0.999943 0.010273 0.002808
vn 0.997384 0.069476 -0.019973
vn 0.810652 0.052120 -0.583203
vn 0.969067 -0.201842 -0.142018
vn 0.370731 -0.390884 -0.842477
vn 0.999482 0.023233 -0.022264
vn 0.999686 0.020689 -0.014160
vn 0.999793 0.018400 -0.008663
vn 0.999962 0.005914 0.006471
vn 0.999943 0.006129 0.008692
vn 0.994200 0.027548 -0.103962
vn 0.997999 0.028629 -0.056379
vn 0.999030 0.026235 -0.035374
vn 0.999711 0.023809 0.003373
vn 0.999987 0.002264 0.004525
vn 0.003398 0.725804 -0.687893
vn 0.004057 0.852470 -0.522760
vn 0.241659 0.794526 -0.557072
vn 0.673598 0.511953 -0.533077
vn 0.510966 0.489357 -0.706713
vn 0.359838 0.566026 -0.741708
vn 0.183181 0.600726 -0.778186
vn 0.001976 0.530664 -0.847580
vn 0.005054 0.938645 -0.344849
vn 0.291611 0.912508 -0.286867
vn 0.328207 0.942298 -0.065993
vn 0.566730 0.774131 -0.282024
vn 0.516109 0.855249 -0.046706
vn 0.706393 0.701050 -0.097655
vn 0.796819 0.529439 -0.291161
vn 0.975994 0.198793 -0.088982
vn 0.887107 0.360863 -0.287783
vn 0.887308 0.446193 -0.116605
vn 0.818296 0.573007 -0.045339
vn 0.483291 0.681681 -0.549310
vn 0.130823 0.944815 -0.300351
vn 0.214803 0.937030 -0.275380
vn 0.354821 0.924088 -0.141999
vn 0.422912 0.906159 -0.004665
vn -0.154953 0.833250 -0.530739
vn -0.059159 0.859444 -0.507795
vn -0.649057 0.174494 -0.740457
vn -0.558486 0.256438 -0.788881
vn -0.452268 0.531774 -0.716010
vn -0.400156 0.607961 -0.685754
vn -0.296231 0.684031 -0.666595
vn 0.540976 0.840969 0.010739
vn 0.542699 0.839688 -0.020050
vn 0.638284 0.769774 0.006390
vn 0.729671 0.683664 -0.013529
vn 0.763912 0.645313 0.003232
vn 0.852022 0.523430 -0.008935
vn 0.986006 0.166704 -0.001389
vn 0.981971 0.189030 0.001226
vn 0.908510 0.417434 -0.018939
vn 0.902129 0.431465 -0.000480
vn 0.879169 0.476475 0.005780
vn 0.004914 0.889486 0.456937
vn 0.006915 0.763675 0.645563
vn 0.290542 0.801336 0.522921
vn 0.649675 0.620057 0.439832
vn 0.544756 0.678169 0.493283
vn 0.913254 0.330313 0.238453
vn 0.772546 0.565734 0.288302
vn 0.548546 0.776750 0.309446
vn 0.323102 0.906971 0.270202
vn 0.007417 0.973341 0.229244
vn 0.367010 0.929993 0.020400
vn 0.517189 0.855443 0.027079
vn 0.722045 0.690773 0.038519
vn 0.986300 0.163949 0.018232
vn 0.899940 0.433553 0.046260
vn 0.855231 0.517900 0.018952
vn 0.969124 0.246563 -0.002159
vn 0.886548 0.462493 -0.011542
vn 0.760464 0.649360 -0.005094
vn 0.692572 0.721245 -0.012209
vn 0.448128 0.893877 -0.012895
vn 0.375882 0.926541 -0.015310
vn 0.207193 0.339458 -0.917518
vn 0.015250 0.303014 -0.952864
vn 0.106275 0.432736 -0.895235
vn 0.439790 0.879206 -0.183251
vn 0.473189 0.777187 -0.414817
vn 0.269350 0.908259 -0.320183
vn 0.257361 0.965576 -0.037801
vn 0.278664 0.960207 -0.018700
vn 0.086364 0.926339 -0.366656
vn 0.278776 0.959944 -0.028130
vn 0.312870 0.213665 -0.925451
vn 0.398678 0.418740 -0.815912
vn 0.413349 0.598909 -0.685894
vn 0.186592 0.720282 -0.668114
vn 0.409414 0.726854 -0.551419
vn -0.110630 0.717567 -0.687647
vn 0.158324 0.892166 -0.423052
vn -0.289387 0.394899 -0.871957
vn -0.343576 0.206394 -0.916164
vn -0.459484 0.222401 -0.859891
vn -0.131256 0.267955 -0.954449
vn -0.034798 0.496114 -0.867560
vn 0.072830 0.736807 -0.672170
vn 0.267727 0.963267 -0.020964
vn 0.059691 0.944010 -0.324473
vn -0.176094 0.779950 -0.600557
vn -0.336438 0.590182 -0.733822
vn -0.500034 0.228954 -0.835192
vn -0.584027 0.194824 -0.788008
vn 0.968816 0.247779 0.001138
vn 0.501146 0.865257 0.013565
vn 0.701776 0.712388 0.003744
vn 0.818182 0.574906 0.007780
vn 0.892580 0.450886 0.001821
vn -0.134623 -0.990892 -0.003083
vn -0.135020 -0.990843 -0.000065
vn 0.023341 -0.912183 -0.409118
vn -0.028608 -0.942134 -0.334012
vn 0.252565 -0.004120 -0.967571
vn 0.340359 -0.004198 -0.940286
vn 0.178645 -0.428744 -0.885587
vn 0.255511 -0.427692 -0.867060
vn 0.083678 -0.744191 -0.662705
vn 0.152131 -0.710028 -0.687543
vn 0.073823 -0.850131 -0.521370
vn 0.067239 -0.001916 -0.997735
vn 0.054041 0.000908 -0.998538
vn 0.167507 -0.001834 -0.985869
vn 0.087878 0.003559 -0.996125
vn 0.300784 0.000442 -0.953692
vn 0.215571 0.001436 -0.976487
vn 0.199765 0.752031 -0.628126
vn 0.233883 0.687512 -0.687478
vn 0.206040 0.663118 -0.719599
vn 0.256509 0.569138 -0.781208
vn 0.309823 0.121021 -0.943061
vn 0.338177 0.021883 -0.940828
vn 0.327783 0.018174 -0.944578
vn 0.192863 0.072316 -0.978557
vn 0.380877 0.054850 -0.922997
vn 0.347729 0.046918 -0.936421
vn 0.372901 0.167833 -0.912566
vn 0.332539 0.133637 -0.933573
vn 0.284592 0.303676 -0.909279
vn 0.171773 0.427151 -0.887714
vn 0.258497 0.288110 -0.922048
vn 0.172633 0.295714 -0.939548
vn 0.239318 0.189664 -0.952237
vn 0.174260 0.197235 -0.964744
vn 0.255813 0.080986 -0.963328
vn 0.297348 0.011196 -0.954704
vn 0.277648 0.252196 -0.926989
vn 0.267635 0.398763 -0.877131
vn 0.010501 0.904428 -0.426498
vn 0.066083 0.841674 -0.535927
vn 0.048434 0.772133 -0.633613
vn 0.088045 0.713104 -0.695507
vn 0.102264 0.559070 -0.822790
vn 0.008805 0.956158 -0.292718
vn 0.041203 0.984041 -0.173105
vn 0.063682 0.939279 -0.337193
vn 0.000920 0.999987 -0.005113
vn 0.016189 0.983955 -0.177682
vn 0.128681 0.895181 -0.426722
vn 0.120624 0.859727 -0.496305
vn 0.155325 0.775299 -0.612198
vn 0.085577 0.948204 -0.305916
vn 0.121602 0.854187 -0.505548
vn 0.159003 0.690486 -0.705654
vn 0.209231 0.577342 -0.789239
vn 0.179428 0.515878 -0.837661
vn 0.105301 0.790260 -0.603656
vn 0.151010 0.588853 -0.794008
vn 0.085918 0.140476 -0.986349
vn 0.028870 0.505131 -0.862560
vn -0.015417 0.645215 -0.763845
vn 0.070314 0.677973 -0.731716
vn 0.022988 0.702839 -0.710977
vn 0.028438 0.820655 -0.570716
vn 0.034341 0.092412 -0.995128
vn 0.034958 0.219218 -0.975050
vn 0.087992 0.287359 -0.953773
vn 0.025826 0.389126 -0.920823
vn 0.077111 0.434944 -0.897150
vn 0.284821 0.419980 -0.861681
vn 0.267893 0.380912 -0.884952
vn 0.643218 0.042071 -0.764527
vn 0.892023 0.033015 -0.450782
vn -0.143906 -0.989591 -0.001256
vn -0.092697 -0.995693 -0.001757
vn -0.107729 -0.994180 0.000607
vn -0.107194 -0.994238 -0.000728
vn -0.059281 -0.993960 0.092355
vn -0.105650 -0.994403 0.000856
vn 0.791615 0.143865 0.593843
vn 0.825108 0.227465 0.517162
vn 0.921770 0.142991 0.360407
vn 0.890317 0.137700 0.434020
vn 0.895296 0.118692 0.429368
vn 0.967235 0.092777 0.236324
vn 0.813750 0.113681 0.569988
vn 0.690297 0.151473 0.707492
vn 0.573094 0.166567 0.802383
vn 0.983848 0.118653 0.134030
vn 0.983830 0.093765 0.152599
vn 0.967037 0.198138 0.159939
vn 0.954604 0.265294 0.135460
vn 0.956115 0.284349 0.070642
vn 0.926737 0.207436 0.313256
vn 0.829768 0.321633 0.456111
vn 0.923941 0.269153 0.271827
vn 0.844252 0.384485 0.373375
vn 0.878197 0.383589 0.285709
vn 0.839176 0.492574 0.230552
vn 0.758709 0.532188 0.375682
vn 0.740176 0.427693 0.518863
vn 0.978308 0.083440 0.189607
vn 0.834603 0.541577 0.100653
vn 0.249190 0.478439 0.842021
vn 0.199904 0.170560 0.964856
vn 0.003320 0.202004 0.979379
vn -0.162869 0.066150 0.984428
vn 0.685542 0.314635 0.656533
vn 0.451274 0.345247 0.822895
vn 0.603480 0.555597 0.571948
vn 0.381297 0.826559 0.414020
vn 0.212885 0.637946 0.740071
vn 0.062994 0.504737 0.860972
vn 0.674161 0.719714 0.165886
vn 0.410886 0.628624 0.660306
vn 0.529558 0.721578 0.445975
vn 0.687379 0.629519 0.362237
vn 0.345128 0.147337 0.926919
vn 0.128494 0.050298 0.990434
vn 0.007768 0.037624 0.999262
vn 0.953999 0.067746 -0.292055
vn 0.643045 0.165373 -0.747760
vn 0.800165 0.141543 -0.582839
vn 0.522473 0.852652 -0.002437
vn 0.679281 0.733877 -0.001529
vn 0.740106 0.664180 -0.105395
vn 0.950392 0.136098 -0.279699
vn 0.948439 0.185306 -0.257148
vn 0.944447 0.233969 -0.230822
vn 0.941157 0.276104 -0.194909
vn 0.936790 0.314538 -0.153265
vn 0.932295 0.346080 -0.105144
vn 0.927856 0.369495 -0.050567
vn 0.924682 0.380740 -0.000332
vn 0.419304 0.897592 -0.136060
vn 0.229201 0.973378 -0.001142
vn 0.009081 0.999959 -0.000713
vn 0.743229 0.638556 -0.199642
vn 0.760738 0.581036 -0.289267
vn 0.776593 0.511519 -0.367766
vn 0.789497 0.432781 -0.435195
vn 0.800629 0.345623 -0.489425
vn 0.809293 0.251861 -0.530671
vn 0.455187 0.848462 -0.270031
vn 0.489372 0.778851 -0.392310
vn 0.519797 0.691133 -0.502142
vn 0.547041 0.587635 -0.596181
vn 0.569777 0.470916 -0.673492
vn 0.587915 0.343979 -0.732144
vn 0.075961 0.988122 -0.133587
vn 0.142642 0.946693 -0.288836
vn 0.196258 0.875682 -0.441206
vn 0.265993 0.775056 -0.573181
vn 0.306239 0.651631 -0.693971
vn 0.384882 0.515732 -0.765432
vn 0.417330 0.380669 -0.825183
vn 0.023678 0.999719 0.000654
vn 0.298237 0.954489 0.002161
vn 0.574650 0.818396 0.002459
vn 0.739089 0.673605 0.001927
vn 0.924832 0.380375 0.000988
vn 0.920386 0.117937 0.372801
vn 0.927859 0.024898 0.372099
vn 0.563769 0.621617 0.543836
vn 0.660234 0.459082 0.594419
vn 0.742028 0.501382 0.444984
vn 0.928208 0.369478 0.043759
vn 0.761482 0.642081 0.088757
vn 0.946289 0.312136 0.084316
vn 0.786073 0.595319 0.166386
vn 0.946913 0.294205 0.129612
vn 0.824684 0.514613 0.234671
vn 0.962201 0.220617 0.159678
vn 0.840106 0.446208 0.308416
vn 0.928633 0.244627 0.278922
vn 0.895111 0.236638 0.377861
vn 0.664811 0.415662 0.620687
vn 0.089350 0.993573 0.069493
vn 0.506746 0.853575 0.120904
vn 0.102214 0.989653 0.100698
vn 0.176408 0.969978 0.167398
vn 0.580229 0.781536 0.229208
vn 0.290952 0.915056 0.279321
vn 0.636385 0.699529 0.325076
vn 0.380494 0.849965 0.364394
vn 0.692597 0.598495 0.402632
vn 0.466230 0.761437 0.450381
vn 0.506200 0.704776 0.497044
vn 0.728627 0.129124 0.672629
vn 0.714423 0.283466 0.639724
vn 0.903505 0.026108 0.427782
vn 0.967582 0.248609 -0.044491
vn 0.942919 0.304459 -0.134942
vn 0.979027 0.181035 -0.093443
vn 0.979896 0.166161 -0.110427
vn 0.994670 0.079438 -0.065740
vn 0.170398 0.897061 -0.407733
vn 0.327593 0.858122 -0.395359
vn 0.358069 0.887693 -0.289461
vn 0.561553 0.770090 -0.302686
vn 0.490796 0.847607 -0.201696
vn 0.839888 0.500342 -0.210346
vn 0.862131 0.492840 -0.117640
vn 0.713167 0.646612 -0.270712
vn 0.786092 0.604296 -0.129941
vn 0.694921 0.707536 -0.128370
vn -0.188738 0.733880 -0.652533
vn 0.089023 0.846716 -0.524545
vn -0.002001 0.738410 -0.674349
vn 0.243190 0.814020 -0.527474
vn 0.159859 0.737455 -0.656205
vn 0.459870 0.746648 -0.480663
vn 0.190082 0.685966 -0.702367
vn 0.477517 0.664577 -0.574730
vn 0.646066 0.641435 -0.413714
vn 0.618013 0.595407 -0.513371
vn 0.802039 0.500844 -0.325404
vn 0.770911 0.475665 -0.423602
vn 0.915836 0.336875 -0.218540
vn 0.905946 0.316075 -0.281705
vn 0.941424 0.242348 -0.234498
vn 0.338794 0.298777 -0.892161
vn 0.496801 0.354934 -0.791966
vn 0.224438 0.447049 -0.865895
vn 0.877179 0.258855 -0.404414
vn 0.925061 0.245168 -0.290094
vn 0.893651 0.217965 -0.392274
vn 0.937185 0.209630 -0.278816
vn 0.975320 0.111060 -0.190832
vn 0.988699 0.122429 -0.086520
vn 0.820417 0.232068 -0.522552
vn 0.726240 0.350328 -0.591478
vn 0.758228 0.350594 -0.549704
vn 0.706640 0.341632 -0.619635
vn 0.615325 0.290622 -0.732744
vn 0.618526 0.206216 -0.758222
vn 0.510910 0.387411 -0.767388
vn 0.437185 0.377936 -0.816109
vn 0.094933 0.329667 -0.939312
vn -0.196314 0.311950 -0.929596
vn -0.435261 0.234824 -0.869141
vn 0.497424 0.496002 -0.711724
vn 0.242272 0.597242 -0.764595
vn -0.324410 0.422393 -0.846370
vn -0.295686 0.604556 -0.739650
vn -0.006370 0.644619 -0.764477
vn -0.061155 0.468101 -0.881557
vn 0.975758 0.135189 -0.172108
vn 0.890663 0.287327 -0.352368
vn 0.741030 0.434817 -0.511672
vn 0.534880 0.567403 -0.626065
vn 0.544059 -0.507336 0.668289
vn 0.656892 0.000245 0.753984
vn 0.654105 -0.152332 0.740906
vn 0.619248 -0.002776 0.785190
vn 0.591718 -0.229897 0.772668
vn 0.384804 -0.793350 0.471722
vn 0.229704 -0.894326 0.383948
vn 0.117616 -0.961717 0.247520
vn 0.727650 0.655476 0.202179
vn 0.866730 0.472944 0.158439
vn 0.845071 0.260638 0.466822
vn 0.774059 0.205527 0.598826
vn 0.854019 0.095670 0.511370
vn 0.952512 0.243485 0.182853
vn 0.786208 0.447100 0.426590
vn 0.610996 0.334966 0.717274
vn 0.659781 0.563149 0.497547
vn 0.607849 0.752982 0.252066
vn 0.598306 0.525981 0.604462
vn 0.510707 0.693220 0.508551
vn 0.416310 0.806681 0.419467
vn 0.313488 0.896552 0.312923
vn 0.185882 0.965310 0.183371
vn 0.106085 0.988758 0.105377
vn -0.000806 0.999999 0.001409
vn 0.693979 0.176724 0.697969
vn 0.650109 0.410897 0.639158
vn 0.706617 0.180521 0.684182
vn 0.646477 0.356278 0.674636
vn 0.599139 0.507875 0.618947
vn 0.491913 0.671197 0.554541
vn 0.415282 0.774662 0.476907
vn 0.299482 0.877076 0.375563
vn 0.205961 0.949017 0.238633
vn 0.085206 0.989162 0.119573
vn 0.638854 0.280319 0.716441
vn 0.250593 0.008373 0.968056
vn 0.348203 0.003085 0.937414
vn 0.355848 0.133545 0.924953
vn 0.663877 0.086894 0.742776
vn 0.601859 0.118706 0.789731
vn 0.586980 0.079124 0.805726
vn 0.606682 0.001710 0.794943
vn 0.243004 0.199748 0.949237
vn 0.357471 0.286631 0.888852
vn 0.234168 0.371984 0.898217
vn 0.347241 0.420231 0.838349
vn 0.221437 0.529941 0.818613
vn 0.521168 0.621493 0.584919
vn 0.583869 0.435001 0.685471
vn 0.558908 0.315763 0.766757
vn 0.430540 0.331632 0.839437
vn 0.484695 0.233617 0.842908
vn 0.600385 0.200347 0.774209
vn 0.682062 0.140341 0.717702
vn 0.481822 0.003014 0.876264
vn 0.464012 0.132893 0.875804
vn 0.307520 0.595721 0.741989
vn 0.400988 0.525755 0.750194
vn 0.321282 0.693033 0.645355
vn 0.410219 0.599398 0.687344
vn 0.320111 0.781817 0.535063
vn 0.415465 0.682567 0.601241
vn 0.321041 0.853751 0.409929
vn 0.426237 0.753756 0.500174
vn 0.265073 0.641929 0.719488
vn 0.264836 0.736780 0.622107
vn 0.256246 0.832251 0.491626
vn 0.247063 0.905313 0.345496
vn 0.461477 0.423361 0.779618
vn 0.495957 0.485034 0.720256
vn 0.497931 0.584746 0.640419
vn 0.149670 0.691007 0.707184
vn 0.132462 0.811674 0.568893
vn 0.118060 0.904432 0.409957
vn 0.106614 0.965520 0.237496
vn 0.460863 -0.003575 0.887464
vn 0.510301 -0.000890 0.859995
vn 0.548708 -0.000013 0.836014
vn 0.558269 -0.000608 0.829660
vn 0.407376 -0.000212 0.913261
vn 0.321299 -0.001478 0.946977
vn 0.282646 -0.000657 0.959224
vn 0.056701 -0.000115 0.998391
vn 0.643301 0.613559 -0.457939
vn 0.783390 0.592975 -0.186231
vn 0.623789 0.740549 -0.249949
vn 0.880252 0.392055 -0.267300
vn 0.956985 0.256986 -0.134677
vn 0.626169 0.467512 -0.623975
vn 0.785751 0.411541 -0.461768
vn 0.810115 0.541072 0.225732
vn 0.979816 0.158687 0.121569
vn 0.909588 0.397130 0.122221
vn 0.849816 0.396818 0.346912
vn 0.925597 0.223440 0.305523
vn 0.805710 0.239889 0.541558
vn 0.112063 -0.381720 -0.917459
vn 0.043763 -0.708180 -0.704674
vn -0.030549 -0.921956 -0.386088
vn 0.037389 -0.318845 -0.947069
vn -0.005716 -0.655494 -0.755178
vn -0.051325 -0.892847 -0.447426
vn -0.127666 0.003306 -0.991812
vn -0.042566 0.000002 -0.999094
vn -0.031727 0.731247 -0.681375
vn -0.051733 0.603295 -0.795838
vn -0.118209 0.143013 -0.982636
vn -0.096542 0.290327 -0.952045
vn -0.031064 0.449816 -0.892581
vn -0.022915 0.960004 -0.279046
vn -0.019211 0.898237 -0.439092
vn -0.039273 0.819878 -0.571190
vn -0.026017 0.999661 -0.001224
vn -0.009694 0.993167 -0.116302
vn 0.047004 -0.973966 0.221770
vn -0.039256 -0.800021 0.598686
vn -0.080357 -0.921100 0.380942
vn -0.035979 -0.934971 0.352895
vn -0.024924 -0.973106 0.229005
vn -0.286567 -0.958060 -0.000509
vn -0.355520 -0.934668 0.001339
vn -0.570540 -0.821269 -0.001105
vn -0.617681 -0.786428 0.001002
vn -0.704857 -0.709349 -0.000630
vn -0.756869 -0.653567 0.000429
vn -0.931490 -0.363767 -0.000129
vn -0.931330 -0.364175 0.000544
vn -0.999972 -0.007506 0.000004
vn -0.999992 -0.004038 -0.000000
vn 0.008379 -0.165073 -0.986246
vn -0.140224 -0.924360 -0.354817
vn -0.112117 -0.729961 -0.674231
vn -0.094511 -0.413991 -0.905361
vn -0.082119 -0.203200 -0.975688
vn -0.886822 -0.265565 -0.378182
vn -0.999732 -0.002061 -0.023072
vn -0.969906 0.220845 0.102520
vn -0.999999 0.000858 -0.001300
vn -0.999999 0.000622 -0.001429
vn -0.999395 -0.014634 0.031540
vn -0.994675 -0.102654 0.009162
vn -0.771607 -0.576963 -0.267837
vn -0.999994 0.003340 0.000001
vn -1.000000 -0.000629 -0.000110
vn -0.982088 0.108319 0.154174
vn -0.999997 0.000012 0.002439
vn -0.999981 0.006220 -0.000019
vn -0.965502 0.109553 -0.236230
vn -0.999999 -0.001219 0.000652
vn -1.000000 -0.000659 0.000666
vn -1.000000 -0.000386 0.000896
vn -0.999999 -0.000192 0.001190
vn -1.000000 0.000000 0.000648
vn -0.962957 0.113491 -0.244608
vn -0.893427 0.367383 -0.258494
vn -0.991948 -0.103578 0.072878
vn -0.789159 0.054672 0.611751
vn -0.830906 -0.234181 0.504733
vn -0.999954 0.009565 -0.000012
vn -0.999691 -0.002212 -0.024748
vn -0.820852 -0.328222 -0.467410
vn -0.937405 0.284945 -0.200196
vn -0.999598 0.028227 -0.002519
vn -0.937347 0.316064 0.146576
vn -1.000000 -0.000127 -0.000439
vn -0.992836 -0.061884 -0.102213
vn -0.997739 -0.056304 -0.036686
vn -0.830303 -0.455794 0.320701
vn -0.996661 -0.074057 -0.034379
vn -0.962311 -0.114458 0.246693
vn -0.967570 -0.145165 -0.206725
vn -0.999255 0.003435 0.038442
vn -0.999174 -0.003618 -0.040483
vn -0.999301 -0.033904 -0.015739
vn -0.839592 -0.541067 0.048293
vn -0.999999 0.001449 0.000168
vn -0.999979 0.001433 0.006319
vn -0.999965 0.003382 0.007704
vn -1.000000 0.000000 -0.000136
vn -0.999836 0.001612 0.018048
vn -0.999999 0.000004 -0.001249
vn -0.956668 0.122551 -0.264135
vn -0.999687 0.020456 -0.014393
vn -0.855213 0.516225 -0.046076
vn -0.999999 0.000392 -0.001471
vn -0.999999 0.000183 -0.001646
vn -0.999998 0.002203 -0.000346
vn -0.999998 0.001963 -0.000631
vn -0.999998 0.001608 -0.000815
vn -0.998642 -0.051900 0.004632
vn -0.779767 -0.512027 0.360266
vn -0.886822 0.265565 0.378182
vn -0.999913 0.009392 0.009218
vn -0.993290 0.096249 0.064113
vn -0.998797 0.045275 0.018830
vn -0.826637 0.560508 -0.050028
vn -0.949291 0.285170 0.132381
vn -0.560451 0.475942 0.677772
vn -0.999936 0.006416 0.009344
vn -0.999683 0.024638 0.005153
vn -0.999999 0.001340 -0.001001
vn -0.999999 0.001094 -0.001160
vn 0.473408 -0.382797 0.793317
vn 0.470776 -0.303455 0.828423
vn 0.304277 -0.804121 0.510691
vn 0.410566 -0.650981 0.638482
vn -0.342535 0.939035 0.029710
vn -0.255255 0.966874 0.000079
vn -0.390113 0.920767 0.000156
vn -0.695503 0.718099 0.024684
vn -0.708270 0.705941 0.000177
vn -0.913608 0.406467 0.010253
vn -0.893963 0.448141 -0.000024
vn -0.933042 0.357104 0.043707
vn -0.709845 0.698918 0.087376
vn -0.365462 0.923503 0.116531
vn -0.140115 0.005225 0.990122
vn -0.557901 0.004528 0.829895
vn -0.218104 0.185394 0.958154
vn -0.863891 0.002702 0.503671
vn -0.618418 0.154002 0.770612
vn -0.900200 0.089354 0.426212
vn -0.227407 0.362375 0.903864
vn -0.238889 0.524775 0.817033
vn -0.254515 0.667735 0.699537
vn -0.271980 0.784329 0.557544
vn -0.287601 0.871725 0.396714
vn -0.308914 0.924642 0.222732
vn -0.626090 0.294569 0.721970
vn -0.633085 0.422195 0.648810
vn -0.641617 0.533052 0.551528
vn -0.649536 0.622137 0.437091
vn -0.658531 0.686766 0.307717
vn -0.668525 0.723985 0.170061
vn -0.901435 0.167899 0.399030
vn -0.903560 0.237628 0.356528
vn -0.905446 0.298093 0.302172
vn -0.907666 0.346048 0.237473
vn -0.910312 0.379459 0.165355
vn -0.913695 0.396623 0.088606
vn -0.289138 -0.000215 0.957288
vn -0.677159 -0.000191 0.735837
vn -0.930392 -0.000218 0.366566
vn -0.073345 -0.388530 0.918512
vn 0.081918 -0.580277 0.810289
vn 0.159207 -0.442926 0.882309
vn -0.023981 -0.251331 0.967604
vn 0.209425 -0.295196 0.932202
vn 0.080602 -0.120515 0.989434
vn 0.386961 -0.337921 0.857946
vn 0.262272 -0.305164 0.915471
vn 0.150871 -0.831107 0.535256
vn -0.022895 -0.755119 0.655188
vn 0.239946 -0.797991 0.552844
vn 0.326926 -0.631572 0.703019
vn 0.194576 -0.906627 0.374390
vn 0.294089 -0.546840 0.783886
vn 0.010395 -0.881169 0.472688
vn 0.117130 -0.718710 0.685373
vn 0.174701 -0.534522 0.826901
vn -0.966875 0.000152 -0.255250
vn -0.884449 0.001316 -0.466634
vn -0.914460 -0.000140 -0.404677
vn -0.707105 0.000181 -0.707109
vn -0.539221 0.002410 -0.842161
vn -0.614495 -0.000104 -0.788921
vn -0.255243 0.000150 -0.966877
vn -0.865239 0.501359 -0.001088
vn -0.865467 0.495733 -0.072219
vn -0.571925 0.820305 -0.001221
vn -0.499977 0.857870 -0.118668
vn -0.490238 0.834991 -0.249915
vn -0.499977 0.781933 -0.372295
vn -0.500366 0.705973 -0.501234
vn -0.497963 0.610437 -0.615954
vn -0.499259 0.494905 -0.711203
vn -0.500854 0.364762 -0.784917
vn -0.509138 0.240137 -0.826506
vn -0.497941 0.112678 -0.859859
vn -0.858905 0.489466 -0.150686
vn -0.865222 0.450613 -0.219860
vn -0.864594 0.407061 -0.294580
vn -0.865030 0.349762 -0.359709
vn -0.865352 0.282303 -0.414090
vn -0.864935 0.207264 -0.457088
vn -0.870474 0.133443 -0.473780
vn -0.865551 0.061332 -0.497052
vn -0.929749 -0.334271 0.154367
vn -0.703365 -0.649735 0.288309
vn -0.397443 -0.830033 0.391259
vn -0.928019 -0.278989 0.246874
vn -0.737633 -0.516005 0.435473
vn -0.447774 -0.695940 0.561396
vn -0.927829 -0.164154 -0.334944
vn -0.894443 -0.104191 -0.434874
vn -0.717750 -0.292349 -0.631955
vn -0.658770 -0.172838 -0.732222
vn -0.405742 -0.372562 -0.834608
vn -0.329778 -0.210719 -0.920241
vn -0.420516 -0.655349 -0.627443
vn -0.724991 -0.503588 -0.469881
vn -0.929350 -0.277878 -0.243090
vn -0.431828 -0.840274 -0.327818
vn -0.745148 -0.617924 -0.250847
vn -0.930100 -0.347836 -0.118001
vn -0.416638 -0.506556 0.754860
vn -0.918948 -0.198104 0.341012
vn -0.731175 -0.386104 0.562412
vn -0.660692 -0.118146 0.741301
vn -0.703089 -0.301512 0.644015
vn -0.633106 -0.224833 0.740693
vn -0.918390 -0.106375 0.381109
vn -0.255439 -0.135892 0.957227
vn -0.294844 -0.265167 0.918016
vn -0.332522 -0.389716 0.858808
vn -0.192649 0.926561 -0.323064
vn -0.355154 0.929987 -0.094814
vn -0.070428 0.996970 0.033024
vn 0.632276 0.773901 -0.036114
vn 0.839222 0.528689 -0.127254
vn 0.233020 0.940350 -0.247878
vn -0.027865 0.864724 -0.501474
vn -0.411862 0.902178 0.128234
vn 0.316840 0.915268 0.248792
vn 0.330198 0.800906 0.499519
vn 0.512927 0.673784 0.531904
vn 0.629298 0.723000 0.285052
vn 0.715119 0.644517 -0.270560
vn 0.545632 0.707644 -0.448915
vn 0.312982 0.731087 -0.606262
vn 0.136151 0.783837 0.605857
vn -0.038316 0.912694 0.406844
vn -0.293714 0.910321 0.291629
vn 0.159223 0.851459 -0.499665
vn 0.792314 0.597741 0.122246
vn 0.313899 0.949400 0.010378
vn 0.141869 0.921989 0.360289
vn 0.055155 0.841912 0.536789
vn 0.460652 0.733239 0.500159
vn 0.687894 0.620375 0.376745
vn 0.704762 0.676002 0.215247
vn 0.395160 0.816515 -0.420895
vn 0.418239 0.689019 -0.591887
vn 0.273916 0.961731 -0.006532
vn -0.245258 0.942417 0.227374
vn -0.135540 0.863242 0.486253
vn 0.223204 0.789858 0.571231
vn 0.245414 0.782930 -0.571657
vn 0.013798 0.865598 -0.500549
vn -0.240164 0.894706 -0.376592
vn 0.585719 0.650614 -0.483358
vn 0.682713 0.699068 -0.212621
vn 0.813017 0.582159 0.009759
vn 0.211348 0.977113 -0.024127
vn -0.314217 0.949304 -0.009404
vn 0.056434 -0.998406 0.000935
vn 0.002557 -0.999997 -0.000032
vn 0.419816 -0.907592 -0.005633
vn 0.574978 -0.818104 0.010292
vn 0.818500 -0.574386 -0.011771
vn 0.907712 -0.419249 0.017010
vn 0.997478 -0.067792 -0.021023
vn 0.999687 -0.022597 0.010690
vn 0.093863 0.733826 -0.672822
vn 0.285443 0.764759 -0.577639
vn 0.453995 0.735200 -0.503358
vn 0.572650 0.715485 -0.400193
vn 0.613478 0.670881 -0.416609
vn 0.666578 0.656851 -0.352448
vn 0.817392 0.561412 -0.129177
vn 0.734442 0.621424 -0.272812
vn 0.108208 0.766381 -0.633207
vn -0.418235 0.903411 0.094482
vn -0.321849 0.945020 -0.057880
vn -0.243874 0.942347 -0.229145
vn -0.143005 0.927451 -0.345520
vn -0.166204 0.902391 -0.397575
vn -0.098711 0.882421 -0.459988
vn -0.032866 0.848531 -0.528123
vn -0.379848 0.915890 0.129846
vn 0.321029 0.667084 0.672264
vn 0.176932 0.797190 0.577220
vn 0.013515 0.866360 0.499237
vn -0.090680 0.912018 0.400001
vn -0.143877 0.895414 0.421347
vn -0.199212 0.913585 0.354510
vn -0.280185 0.921256 0.269785
vn 0.325961 0.701745 0.633485
vn 0.843896 0.524605 -0.112378
vn 0.804647 0.593099 0.027875
vn 0.764632 0.625103 0.156790
vn 0.707069 0.662471 0.247356
vn 0.616801 0.687880 0.382593
vn 0.493322 0.710016 0.502503
vn 0.465374 0.679431 0.567275
vn 0.423455 0.636064 -0.645065
vn 0.550530 0.686248 -0.475373
vn 0.664624 0.672720 -0.325150
vn 0.717063 0.672462 -0.183343
vn 0.759068 0.627897 -0.171933
vn 0.777145 0.623652 -0.084288
vn 0.802053 0.565611 0.191820
vn 0.798934 0.600837 0.026450
vn 0.418839 0.674488 -0.607980
vn -0.381604 0.892903 -0.238962
vn -0.224897 0.916019 -0.332161
vn -0.077282 0.892229 -0.444922
vn 0.061187 0.866555 -0.495317
vn 0.079098 0.828998 -0.553630
vn 0.151162 0.809554 -0.567250
vn 0.249839 0.764678 -0.594010
vn -0.363750 0.911568 -0.191652
vn -0.008622 0.764289 0.644817
vn -0.085047 0.873945 0.478526
vn -0.189354 0.926020 0.326545
vn -0.237662 0.955286 0.175915
vn -0.297001 0.940258 0.166452
vn -0.311625 0.946401 0.084937
vn -0.340918 0.939876 -0.020207
vn 0.016297 0.794049 0.607635
vn 0.806670 0.540559 0.238913
vn 0.687214 0.646002 0.332292
vn 0.547958 0.707472 0.446347
vn 0.418223 0.760815 0.496236
vn 0.393746 0.736046 0.550636
vn 0.300116 0.763968 0.571211
vn 0.208509 0.777230 0.593664
vn 0.000845 -0.999990 0.004305
vn 0.043072 -0.996808 0.067216
vn 0.086083 -0.893773 0.440181
vn 0.288463 -0.865169 0.410210
vn 0.167058 -0.525925 0.833963
vn 0.517323 -0.502014 0.693079
vn 0.202165 -0.053885 0.977868
vn 0.663141 -0.052590 0.746645
vn 0.137498 -0.986785 0.085727
vn 0.445408 -0.858665 0.253587
vn 0.769051 -0.490236 0.410157
vn 0.921856 -0.047065 0.384665
vn -0.006387 -0.999976 0.002609
vn -0.005226 -0.999985 -0.001391
vn 0.001411 -0.999992 -0.003754
vn 0.001970 -0.999996 -0.001771
vn 0.163056 -0.984922 -0.057806
vn 0.367932 -0.853486 -0.369037
vn 0.466649 -0.864635 -0.186133
vn 0.795637 -0.501136 -0.340330
vn 0.902165 -0.064902 -0.426480
vn 0.634132 -0.461462 -0.620427
vn 0.687781 -0.055159 -0.723820
vn 0.151516 -0.898969 -0.410972
vn 0.267054 -0.646995 -0.714198
vn 0.332812 -0.315399 -0.888684
vn 0.341962 -0.002768 -0.939710
vn 0.998678 0.044784 0.025246
vn 0.999862 0.015804 -0.005199
vn 0.286546 0.958066 0.000036
vn 0.568236 0.822862 0.002442
vn 0.290133 0.956986 -0.000034
vn 0.575710 0.817640 -0.004760
vn 0.786201 0.617925 -0.007538
vn 0.819570 0.572926 0.007773
vn 0.949499 0.313708 -0.006199
vn 0.947046 0.320793 0.013998
vn 0.898263 0.041881 -0.437458
vn 0.804313 -0.005312 -0.594183
vn 0.806322 0.324068 -0.494797
vn 0.623138 0.331549 -0.708361
vn 0.578045 0.011927 -0.815918
vn 0.347025 0.016195 -0.937716
vn 0.390783 0.829199 -0.399648
vn 0.442028 0.860661 -0.252732
vn 0.423432 0.646699 -0.634418
vn 0.577051 0.637155 -0.510927
vn 0.411308 0.358134 -0.838192
vn 0.393287 0.232966 -0.889411
vn 0.697674 0.608581 -0.377995
vn 0.523344 0.824208 -0.216312
vn 0.981775 0.007898 -0.189884
vn 0.901698 0.360776 -0.238289
vn 0.782358 0.586552 -0.209457
vn 0.545832 0.831775 -0.101082
vn 0.286170 0.958178 -0.001618
vn 0.284874 0.958562 -0.002232
vn 0.286059 0.958192 -0.006136
vn 0.277331 0.960005 -0.038443
vn 0.181231 0.881401 -0.436219
vn 0.315481 0.898237 -0.306010
vn 0.567092 0.821136 -0.064355
vn 0.543801 0.818594 -0.184891
vn 0.403383 0.882994 -0.240007
vn 0.286198 0.958084 -0.012850
vn 0.287992 0.957608 -0.006884
vn 0.291043 0.956697 -0.004987
vn 0.292665 0.956213 -0.002042
vn 0.214749 0.924500 -0.314933
vn 0.282457 0.959239 -0.008811
vn 0.089698 0.953135 -0.288943
vn 0.267530 0.963546 0.002467
vn -0.158298 0.985313 0.064036
vn -0.023739 0.998544 -0.048436
vn 0.281696 0.959504 -0.000445
vn 0.041495 0.989601 -0.137726
vn 0.277313 0.960773 -0.003485
vn 0.277274 0.960744 -0.009500
vn -0.027305 0.997546 0.064465
vn 0.282458 0.959280 0.000394
vn 0.293413 0.954176 0.058800
vn 0.328083 0.837878 0.436260
vn 0.222682 0.925125 0.307501
vn -0.010209 0.982853 0.184106
vn 0.141716 0.960425 0.239791
vn 0.280887 0.959467 0.022941
vn 0.278160 0.960471 0.011080
vn 0.282531 0.959258 0.001035
vn 0.284746 0.958593 0.004277
vn 0.324034 0.891708 0.316005
vn 0.301327 0.953517 -0.002754
vn 0.669150 0.740034 -0.067740
vn 0.586663 0.807969 0.054887
vn 0.428536 0.872865 0.233374
vn 0.501251 0.854512 0.136226
vn 0.293246 0.956037 0.000608
vn 0.284403 0.958705 0.000213
vn 0.285960 0.958228 0.005031
vn 0.286963 0.957899 -0.009027
vn 0.394725 0.818686 -0.417068
vn 0.453964 0.857243 -0.243006
vn 0.558629 0.823965 0.094947
vn 0.595245 0.803307 -0.019511
vn 0.500202 0.854087 -0.142592
vn 0.287982 0.957628 -0.003891
vn 0.284586 0.958651 -0.000167
vn 0.284285 0.958740 -0.000047
vn 0.292157 0.956368 0.002086
vn 0.285448 0.958384 -0.004388
vn 0.369200 0.878816 -0.302280
vn 0.247536 0.906561 -0.341866
vn 0.169974 0.984450 -0.044356
vn -0.135650 0.978460 -0.155611
vn 0.036625 0.980356 -0.193805
vn 0.246143 0.968704 -0.032041
vn 0.134989 0.962712 -0.234443
vn 0.272997 0.961835 -0.018609
vn 0.281992 0.958850 -0.032965
vn -0.021469 0.995195 -0.095527
vn 0.279737 0.960076 -0.001345
vn 0.271294 0.961778 0.037191
vn 0.114778 0.901576 0.417117
vn 0.087746 0.965736 0.244244
vn -0.060919 0.997940 0.020106
vn 0.045914 0.988767 0.142241
vn 0.275589 0.961204 0.011748
vn 0.276746 0.960925 0.005855
vn 0.274161 0.961684 -0.000015
vn 0.168770 0.938003 0.302765
vn 0.281185 0.959615 0.008555
vn 0.298198 0.954487 0.005727
vn 0.646940 0.746613 0.155039
vn 0.503497 0.842168 0.192987
vn 0.288533 0.895018 0.340134
vn 0.410285 0.880541 0.237306
vn 0.289022 0.957308 0.005239
vn 0.287475 0.957775 0.004969
vn 0.285480 0.958334 0.009880
vn 0.361793 0.931701 0.032245
vn 0.575364 0.811262 0.103974
vn 0.508601 0.837693 0.198984
vn 0.285201 0.958465 0.002224
vn 0.426503 0.855824 0.292678
vn 0.759710 0.615233 0.210544
vn 0.814726 -0.017695 0.579576
vn 0.975615 -0.012301 0.219144
vn 0.897751 0.317697 0.305142
vn 0.677186 0.615750 0.402829
vn 0.523488 0.614176 0.590548
vn 0.286022 0.958150 0.011867
vn 0.323527 0.892616 0.313952
vn 0.323121 0.664068 0.674245
vn 0.315142 0.596649 0.738035
vn 0.734585 0.352229 0.579931
vn 0.540518 0.365325 0.757878
vn 0.249183 0.241206 0.937938
vn 0.773556 -0.010893 0.633635
vn 0.523310 0.008220 0.852103
vn 0.392081 0.004660 0.919919
vn 0.186078 0.011308 0.982470
vn 0.182177 -0.002663 0.983262
vn 0.170372 -0.331991 0.927769
vn 0.127911 -0.695458 0.707090
vn 0.065208 -0.918371 0.390312
vn 0.181941 -0.004116 0.983301
vn 0.181561 -0.005432 0.983365
vn 0.145186 -0.378549 0.914123
vn 0.104908 -0.444121 0.889804
vn 0.084715 -0.693549 0.715411
vn 0.019706 -0.754386 0.656136
vn 0.010251 -0.924229 0.381701
vn -0.068515 -0.945120 0.319460
vn -0.079750 -0.996814 0.001170
vn -0.133643 -0.991029 0.001229
vn -0.056895 -0.998379 -0.001299
vn -0.134259 -0.990946 -0.000809
vn 0.340887 -0.002725 -0.940100
vn 0.340894 -0.004807 -0.940089
vn 0.288616 -0.387785 -0.875399
vn 0.304009 -0.438296 -0.845858
vn 0.192684 -0.715663 -0.671341
vn 0.225681 -0.737637 -0.636364
vn 0.066996 -0.929532 -0.362605
vn 0.107271 -0.944904 -0.309272
vn 0.340582 -0.002773 -0.940211
vn 0.282660 -0.327598 -0.901545
vn 0.172194 -0.668257 -0.723728
vn 0.032880 -0.903551 -0.427217
vn 0.500537 0.425660 -0.753841
vn 0.445800 0.768980 -0.458183
vn 0.404683 0.914411 -0.009208
vn 0.368085 -0.036643 -0.929070
vn 0.455599 0.890174 0.004323
vn 0.324990 0.329705 0.886384
vn 0.196433 -0.016201 0.980383
vn 0.394060 0.654681 0.645066
vn 0.355008 0.901047 0.249166
vn -0.182611 -0.980595 0.071326
vn 0.076546 -0.468115 0.880346
vn -0.186323 -0.981349 0.047315
vn 0.173099 -0.070902 0.982349
vn 0.220985 -0.163547 0.961467
vn 0.250761 -0.118052 0.960824
vn 0.511840 -0.858740 0.024207
vn 0.368127 -0.929499 -0.022650
vn 0.096734 -0.995289 0.006522
vn -0.012557 -0.999919 -0.002267
vn 0.282184 -0.942425 0.179465
vn 0.619834 -0.651238 0.437829
vn 0.228958 -0.025119 0.973112
vn 0.692622 -0.298127 0.656807
vn -0.108542 -0.994092 0.000784
vn 0.000676 -0.900671 0.434500
vn 0.167395 -0.678979 0.714819
vn 0.159369 -0.335062 0.928620
vn -0.054297 -0.998525 -0.000569
vn 0.357835 -0.017438 -0.933622
vn 0.289173 -0.459117 -0.839994
vn 0.234490 -0.766958 -0.597319
vn 0.014775 -0.951976 -0.305816
vn 0.664330 -0.727732 -0.170502
vn 0.347892 -0.850483 -0.394525
vn 0.851062 -0.331988 -0.406790
vn 0.283386 -0.283442 -0.916162
vn 0.322101 -0.108353 -0.940484
vn 0.364423 -0.168545 -0.915854
vn 0.377396 -0.073962 -0.923093
vn 0.914215 -0.405085 0.010832
vn 0.819145 -0.572610 0.033455
vn 0.123904 -0.990470 0.060142
vn 0.309829 -0.950474 0.024581
vn 0.468371 -0.881783 0.055562
vn 0.613505 -0.789114 0.030186
vn 0.003472 -0.997925 0.064299
vn -0.177837 -0.981756 -0.067295
vn 0.006224 -0.996089 -0.088139
vn 0.068778 -0.995305 -0.068100
vn 0.256091 -0.964298 -0.067429
vn 0.478018 -0.875554 -0.070030
vn 0.616684 -0.786633 -0.030161
vn 0.815877 -0.577412 -0.030674
vn 0.912051 -0.408419 -0.036849
vn -0.157550 -0.983600 -0.087800
vn 0.007439 -0.999320 -0.036101
vn 0.548132 -0.836098 -0.022174
vn 0.380698 -0.924687 -0.004667
vn 0.210417 -0.975920 -0.057482
vn 0.550643 -0.834690 0.009227
vn 0.560960 -0.827843 -0.000007
vn 0.569761 -0.821767 -0.008388
vn 0.575257 -0.817824 -0.015602
vn 0.559375 -0.828754 0.016327
vn 0.573145 -0.819259 0.017892
vn 0.587247 -0.809408 0.000112
vn 0.552426 -0.833464 -0.012783
vn 0.564168 -0.825300 -0.024386
vn 0.180357 -0.009389 0.983556
vn 0.181729 -0.002814 0.983345
vn 0.117020 -0.316367 0.941392
vn 0.081915 -0.435788 0.896314
vn 0.021765 -0.648796 0.760651
vn -0.017856 -0.739651 0.672754
vn -0.077892 -0.887713 0.453761
vn -0.114636 -0.929851 0.349623
vn 0.232544 -0.915179 0.329198
vn 0.621346 -0.456622 0.636731
vn 0.392093 -0.220892 0.893012
vn 0.484805 -0.156975 0.860420
vn 0.193195 -0.005271 0.981146
vn 0.184489 -0.004699 0.982823
vn 0.183745 -0.001755 0.982972
vn 0.183973 -0.001708 0.982930
vn 0.893726 -0.386415 0.227898
vn 0.732908 -0.603623 0.313823
vn 0.797591 -0.340155 0.498139
vn 0.716908 -0.264746 0.644944
vn 0.519751 -0.775343 0.358750
vn 0.430029 -0.596647 0.677560
vn 0.329095 -0.357334 0.874076
vn 0.217275 -0.679704 0.700567
vn 0.208236 -0.376963 0.902517
vn 0.182347 -0.000957 0.983234
vn 0.189588 -0.007046 0.981838
vn 0.194050 -0.018858 0.980810
vn 0.305393 -0.200201 0.930943
vn 0.380792 -0.343897 0.858331
vn 0.435969 -0.432500 0.789224
vn 0.482029 -0.536614 0.692599
vn 0.490700 -0.582517 0.647987
vn 0.534709 -0.657333 0.531036
vn 0.544323 -0.749370 0.377038
vn 0.563910 -0.789457 0.242411
vn 0.184032 -0.002999 0.982916
vn 0.183976 -0.004064 0.982922
vn 0.304618 -0.325489 0.895134
vn 0.412888 -0.830875 0.373055
vn 0.375735 -0.615390 0.692906
vn 0.242545 -0.890815 0.384215
vn 0.261378 -0.671658 0.693222
vn 0.242321 -0.361894 0.900174
vn 0.183892 -0.006322 0.982926
vn 0.068275 -0.914694 0.398338
vn 0.130040 -0.697090 0.705092
vn 0.171974 -0.373589 0.911513
vn 0.182306 -0.006523 0.983220
vn 0.223128 -0.001138 0.974788
vn 0.531628 -0.158806 0.831957
vn 0.829004 -0.312433 0.463829
vn 0.922315 -0.384721 0.036396
vn 0.871259 0.201734 -0.447450
vn 0.911132 -0.049783 -0.409098
vn 0.839527 -0.140140 -0.524933
vn 0.980204 -0.197986 -0.000910
vn 0.818965 -0.573844 -0.000496
vn 0.823901 -0.553183 -0.123192
vn 0.833900 -0.362966 -0.415773
vn 0.591383 -0.776568 -0.217275
vn 0.396050 0.815386 -0.422244
vn 0.569409 0.603765 -0.557889
vn 0.570320 0.416234 -0.708156
vn 0.703221 0.229532 -0.672901
vn 0.343049 0.919956 -0.189734
vn 0.567071 0.804565 -0.176370
vn 0.567899 0.730523 -0.379246
vn 0.743992 0.560600 -0.363598
vn 0.728027 0.446025 -0.520613
vn 0.776368 0.607698 -0.167197
vn 0.904188 0.374370 -0.205646
vn 0.979097 0.053509 -0.196230
vn 0.925697 -0.277887 -0.256639
vn 0.753634 -0.616648 -0.227556
vn 0.786796 0.020200 -0.616882
vn 0.393391 0.212448 -0.894488
vn 0.421256 0.498784 -0.757468
vn 0.415134 0.719459 -0.556814
vn 0.531158 -0.375883 -0.759331
vn 0.447770 -0.190016 -0.873725
vn 0.543229 0.077581 -0.835992
vn 0.587138 0.075760 -0.805934
vn 0.668960 -0.156044 -0.726734
vn 0.586250 -0.561396 -0.584076
vn 0.711268 -0.344782 -0.612555
vn 0.601815 -0.648758 -0.465759
vn 0.719260 -0.500192 -0.482154
vn 0.679483 -0.685815 -0.260693
vn 0.983041 0.183384 -0.000648
vn 0.885517 0.464607 -0.000674
vn 0.713038 0.701125 -0.000388
vn 0.303521 0.952825 -0.000569
vn 0.345376 0.008225 -0.938428
vn 0.566316 -0.219251 0.794491
vn 0.498504 0.006440 0.866863
vn 0.419204 -0.146631 0.895973
vn 0.387295 0.151573 0.909411
vn 0.269751 0.331577 0.904042
vn 0.231967 0.164686 0.958681
vn 0.430836 0.381877 0.817649
vn 0.298086 0.520127 0.800383
vn 0.319609 0.663977 0.676007
vn 0.895958 -0.444138 0.000789
vn 0.792764 -0.585721 0.168691
vn 0.629552 -0.733771 0.255430
vn 0.885723 0.464213 0.000474
vn 0.980885 0.070957 0.181192
vn 0.993846 0.110762 0.001161
vn 0.935192 -0.236847 0.263285
vn 0.980268 -0.197667 0.001498
vn 0.799343 -0.401030 0.447465
vn 0.671507 -0.534909 0.512788
vn 0.631986 -0.371251 0.680270
vn 0.550867 -0.440921 0.708614
vn 0.713430 -0.656438 0.245168
vn 0.650582 -0.054700 0.757463
vn 0.707509 -0.309752 0.635204
vn 0.827637 -0.126004 0.546936
vn 0.491992 0.870600 0.000366
vn 0.289090 0.957302 0.000083
vn 0.313397 0.931014 0.187072
vn 0.454971 0.556888 0.694893
vn 0.328061 0.779169 0.534108
vn 0.506643 0.633304 0.585012
vn 0.319130 0.916517 0.241149
vn 0.506355 0.767768 0.392602
vn 0.534275 0.810480 0.240152
vn 0.557991 0.157094 0.814842
vn 0.600690 0.347180 0.720164
vn 0.713561 0.124059 0.689521
vn 0.668525 0.442851 0.597459
vn 0.812804 0.171169 0.556822
vn 0.711914 0.553432 0.432309
vn 0.843635 0.354165 0.403542
vn 0.739896 0.632461 0.229231
vn 0.905556 0.026663 0.423388
vn 0.888576 0.409268 0.207203
vn 0.760350 0.649513 0.000850
vn 0.905389 -0.424584 -0.000027
vn 0.917883 -0.396815 -0.005337
vn 0.922458 -0.385903 -0.012279
vn 0.922173 -0.386566 -0.012818
vn 0.919479 -0.393069 -0.007484
vn 0.917047 -0.398779 0.000003
vn 0.914933 -0.403605 0.000511
vn 0.917664 -0.397295 0.007063
vn 0.920634 -0.389918 0.019914
vn 0.919578 -0.392712 0.012395
vn 0.187921 0.017149 0.982034
vn 0.185375 0.011548 0.982600
vn 0.283604 0.385351 0.878108
vn 0.347891 0.937494 0.008770
vn 0.404986 0.913116 0.046954
vn 0.382332 0.847672 0.367796
vn 0.422622 0.818478 0.389210
vn 0.359141 0.623815 0.694171
vn 0.394606 0.621764 0.676532
vn 0.293245 0.342530 0.892570
vn 0.305851 0.321208 0.896259
vn 0.184940 0.007408 0.982722
vn 0.186812 0.010953 0.982335
vn 0.297484 0.954698 0.007416
vn 0.341695 0.871336 0.352162
vn 0.339954 0.685215 0.644136
vn 0.287426 0.957780 -0.006652
vn 0.212336 0.919356 -0.331206
vn 0.315209 0.949004 -0.005918
vn 0.279496 0.936259 -0.212842
vn 0.352820 0.935625 -0.011105
vn 0.380484 0.924714 -0.011642
vn 0.301504 0.916405 -0.263243
vn 0.182143 0.845414 -0.502095
vn 0.142160 0.824351 -0.547937
vn 0.340826 -0.002106 -0.940124
vn 0.342666 -0.000856 -0.939457
vn 0.509190 -0.088764 -0.856064
vn 0.615071 -0.154872 -0.773112
vn 0.691093 -0.200593 -0.694373
vn 0.763765 -0.236309 -0.600684
vn 0.788727 -0.261300 -0.556446
vn 0.893220 -0.330150 -0.305220
vn 0.876527 -0.356928 -0.322960
vn 0.052767 -0.984214 -0.168934
vn 0.235249 -0.434622 -0.869345
vn 0.101328 -0.736111 -0.669233
vn 0.296818 -0.676478 -0.674000
vn 0.031984 -0.869335 -0.493188
vn 0.740615 -0.609329 -0.283211
vn 0.370329 -0.306606 -0.876840
vn 0.340920 -0.000142 -0.940092
vn 0.339786 -0.007253 -0.940475
vn 0.341910 -0.000883 -0.939732
vn 0.522429 -0.566067 -0.637681
vn 0.506737 -0.809389 -0.296827
vn 0.316205 -0.851005 -0.419291
vn 0.460183 -0.298991 -0.835964
vn 0.692360 -0.396150 -0.603078
vn 0.527580 -0.241399 -0.814485
vn 0.341744 -0.001472 -0.939792
vn -0.105071 -0.967849 -0.228533
vn 0.340965 -0.001422 -0.940075
vn 0.340297 -0.003067 -0.940313
vn 0.266611 -0.320999 -0.908779
vn 0.146148 -0.646905 -0.748435
vn -0.008851 -0.890854 -0.454203
vn 0.340256 -0.008941 -0.940290
vn 0.340994 -0.004271 -0.940056
vn 0.307383 -0.365095 -0.878761
vn 0.130705 -0.910148 -0.393125
vn 0.236501 -0.688774 -0.685316
vn 0.297536 -0.880083 -0.370036
vn 0.357761 -0.662183 -0.658423
vn 0.371376 -0.358961 -0.856287
vn 0.341282 -0.006290 -0.939940
vn 0.450153 -0.824641 -0.342535
vn 0.468622 -0.629212 -0.620069
vn 0.434772 -0.333284 -0.836597
vn 0.342940 -0.005901 -0.939339
vn 0.590601 -0.720827 -0.362765
vn 0.565533 -0.534440 -0.628129
vn 0.483447 -0.290764 -0.825673
vn 0.345331 -0.007884 -0.938448
vn 0.196535 0.012508 0.980417
vn 0.222228 -0.186110 0.957067
vn 0.327231 -0.229455 0.916663
vn 0.588795 -0.312746 0.745326
vn 0.692006 -0.321886 0.646156
vn 0.902729 -0.359932 0.235646
vn 0.781712 -0.394783 0.482777
vn 0.344470 0.012745 -0.938711
vn 0.409482 0.312579 -0.857099
vn 0.434105 0.607540 -0.665167
vn 0.400778 0.832871 -0.381709
vn 0.307541 0.951410 -0.015419
vn 0.230486 0.968763 -0.091515
vn 0.239968 0.956473 -0.166057
vn 0.273040 0.961995 -0.003704
vn 0.280970 0.959714 -0.002119
vn 0.254881 0.965970 -0.044020
vn 0.227019 0.972323 -0.055232
vn 0.280020 0.959843 0.017047
vn 0.279571 0.959976 0.016891
vn 0.284359 0.958688 0.007541
vn 0.269258 0.962579 0.030676
vn 0.271397 0.962226 0.021550
vn 0.270709 0.962544 0.015035
vn 0.270030 0.962791 0.010843
vn 0.282252 0.959340 0.000614
vn 0.272257 0.962224 0.000100
vn 0.266379 0.963868 -0.000155
vn 0.524642 -0.851322 -0.000687
vn 0.544213 -0.800086 -0.252378
vn 0.749199 -0.662345 -0.000673
vn 0.776763 -0.615580 -0.133044
vn 0.247408 -0.968911 -0.000700
vn -0.131442 -0.991324 -0.000524
vn 0.255555 -0.955738 -0.145799
vn -0.056127 -0.975492 -0.212754
vn 0.816761 -0.525001 -0.239322
vn 0.644846 -0.627302 -0.436653
vn 0.420821 -0.679575 -0.600905
vn 0.282512 -0.854600 -0.435714
vn 0.156195 -0.702161 -0.694674
vn 0.015592 -0.920286 -0.390937
vn 0.513678 -0.392954 -0.762707
vn 0.291037 -0.292998 -0.910741
vn 0.861515 -0.416174 -0.290846
vn 0.723947 -0.435706 -0.534847
vn 0.343443 0.008522 -0.939135
vn 0.343646 0.008040 -0.939065
vn 0.348388 0.019181 -0.937154
vn 0.444824 0.327761 -0.833489
vn 0.340988 0.939944 -0.015237
vn 0.427822 0.840230 -0.333138
vn 0.457504 0.644531 -0.612593
vn 0.426652 0.340224 -0.837983
vn 0.410767 0.910962 -0.037667
vn 0.482280 0.793408 -0.371361
vn 0.491231 0.595652 -0.635524
vn 0.353164 0.935558 0.002582
vn 0.384137 0.923248 0.007140
vn 0.398745 0.916804 0.021741
vn 0.401305 0.915841 0.013790
vn 0.402917 0.915193 0.008949
vn 0.394564 0.918175 0.035706
vn 0.271788 0.949143 0.158930
vn 0.183055 0.945407 0.269625
vn 0.305517 0.935981 0.174925
vn 0.219443 0.928235 0.300375
vn 0.098146 0.861869 0.497542
vn 0.064053 0.850722 0.521699
vn -0.026588 0.734686 0.677886
vn -0.060033 0.671149 0.738888
vn -0.129337 0.555005 0.821731
vn -0.172378 0.462256 0.869831
vn -0.251508 0.278469 0.926930
vn -0.032039 0.678740 0.733679
vn 0.305087 0.922913 0.234848
vn 0.261207 0.903717 0.339214
vn -0.025821 0.653800 0.756226
vn -0.184727 0.395763 0.899582
vn 0.095038 0.784562 0.612724
vn 0.147713 0.848285 0.508521
vn 0.204181 0.899299 0.386746
vn 0.299688 0.926013 0.229537
vn 0.066178 0.802761 0.592618
vn 0.749503 -0.662001 0.000151
vn 0.462586 -0.886574 0.000871
vn 0.203806 -0.979011 0.000832
vn 0.086099 -0.996286 0.001221
vn -0.134697 -0.990887 0.000078
vn 0.234885 0.953242 0.190155
vn 0.169209 0.901262 0.398867
vn 0.093632 0.803461 0.587948
vn 0.004740 0.656862 0.753996
vn 0.237984 0.959357 0.151651
vn 0.188233 0.957326 0.219305
vn 0.165512 0.965101 0.202943
vn 0.157012 0.975157 0.156255
vn 0.149952 0.981990 0.114938
vn 0.137766 0.988050 0.069125
vn 0.121948 0.992535 0.001605
vn 0.150916 0.914152 0.376233
vn 0.070879 0.856933 0.510531
vn 0.001280 0.876864 0.480737
vn 0.056924 0.908549 0.413882
vn 0.002476 0.802763 0.596293
vn 0.002909 0.928321 0.371767
vn 0.004014 0.961458 0.274923
vn 0.001520 0.988342 0.152243
vn 0.075907 0.995307 0.060010
vn 0.001181 0.993864 0.110607
vn 0.166484 0.986044 -0.000501
vn 0.143540 0.988818 -0.040441
vn 0.126310 0.985465 -0.113599
vn 0.147082 0.974956 -0.166815
vn 0.139967 0.956390 -0.256374
vn 0.173752 0.931721 -0.318915
vn 0.067314 0.849247 -0.523688
vn 0.008113 0.897755 -0.440421
vn 0.001132 0.817539 -0.575872
vn 0.002188 0.973215 -0.229884
vn 0.002866 0.988118 -0.153670
vn 0.079292 0.996187 -0.036381
vn 0.215758 0.905016 -0.366598
vn 0.243685 0.945800 -0.214662
vn 0.237418 0.946709 -0.217659
vn 0.207227 0.926341 -0.314561
vn 0.153472 0.792825 -0.589810
vn 0.127692 0.821872 -0.555177
vn 0.073561 0.610896 -0.788286
vn 0.067097 0.727929 -0.682362
vn 0.004373 0.455356 -0.890299
vn 0.003540 0.639211 -0.769023
vn 0.183827 0.890216 -0.416801
vn 0.241754 0.951321 -0.191162
vn 0.259437 0.951132 -0.167455
vn 0.274011 0.960758 -0.043149
vn 0.112475 0.790024 -0.602670
vn 0.076365 0.697082 -0.712913
vn 0.008254 0.596971 -0.802220
vn -0.059002 0.461419 -0.885218
vn 0.003858 0.513861 -0.857865
vn 0.028811 0.581808 -0.812816
vn 0.009292 0.411803 -0.911225
vn 0.089523 0.625804 -0.774826
vn 0.178714 0.827350 -0.532498
vn 0.237953 0.927465 -0.288422
vn 0.267247 0.961775 -0.059729
vn -0.258476 0.382947 -0.886872
vn -0.145654 0.412494 -0.899241
vn -0.130330 0.510594 -0.849887
vn 0.005293 0.754777 -0.655960
vn 0.148657 0.909446 -0.388341
vn 0.104979 0.667743 -0.736952
vn 0.021681 0.574365 -0.818312
vn 0.186145 0.790125 -0.583996
vn 0.394548 0.917837 -0.043671
vn 0.148397 0.762964 -0.629178
vn 0.255021 0.857600 -0.446638
vn 0.318242 0.896341 -0.308699
vn 0.404318 0.914554 -0.010827
vn 0.313914 0.900693 -0.300351
vn 0.402594 0.915171 -0.019498
vn 0.411225 0.911095 0.028283
vn 0.404443 0.914513 -0.009581
vn 0.415556 0.908881 0.035334
vn 0.398190 0.916862 -0.028435
vn 0.414643 0.909699 0.022782
vn 0.390358 0.919967 -0.035806
vn 0.414361 0.909971 0.016047
vn 0.414721 0.909868 0.012152
vn -0.077508 0.569224 -0.818521
vn 0.266705 0.906632 -0.326936
vn 0.095909 0.790100 -0.605429
vn 0.436440 0.827011 0.354362
vn 0.402878 0.606830 0.685162
vn 0.327967 0.344337 0.879698
vn 0.308874 0.002410 0.951100
vn 0.555036 0.001798 0.831824
vn 0.518586 -0.004057 0.855016
vn 0.446979 0.002914 0.894540
vn 0.405716 -0.003828 0.913991
vn 0.305418 -0.003818 0.952211
vn 0.537486 0.789559 0.296151
vn 0.601844 0.267357 0.752532
vn 0.609372 0.555313 0.565945
vn 0.515718 0.316739 0.796060
vn 0.541827 0.597749 0.590864
vn 0.502403 0.804956 0.315653
vn 0.415647 0.326105 0.849054
vn 0.476161 0.624967 0.618617
vn 0.470858 0.814732 0.338384
vn 0.542091 -0.808369 0.229516
vn 0.827049 -0.468567 0.310540
vn 0.786114 -0.576445 0.223017
vn 0.755105 -0.646856 0.106743
vn 0.240295 -0.919137 0.312162
vn 0.583022 -0.689097 0.430385
vn 0.632415 -0.484839 0.604138
vn 0.321136 -0.735323 0.596802
vn 0.378442 -0.477461 0.792977
vn -0.035677 -0.946045 0.322066
vn 0.071069 -0.755337 0.651471
vn 0.171371 -0.443495 0.879741
vn -0.135399 -0.990790 0.001254
vn -0.134496 -0.990911 0.002390
vn -0.135059 -0.990836 0.001517
vn 0.248830 -0.328665 0.911078
vn 0.144583 -0.669504 0.728602
vn 0.016338 -0.902647 0.430072
vn 0.049341 -0.951584 0.303402
vn 0.266019 -0.762724 0.589479
vn 0.441385 -0.431574 0.786717
vn 0.345193 -0.395648 0.851061
vn 0.210960 -0.725454 0.655143
vn 0.047440 -0.930277 0.363778
# 2850 vertices, 0 vertices normals

f 1//1 2//2 3//3
f 3//3 2//2 4//4
f 3//3 4//4 5//5
f 5//5 4//4 6//6
f 5//5 6//6 7//7
f 8//8 2//2 9//9
f 9//9 2//2 1//1
f 9//9 1//1 10//10
f 11//11 12//12 6//6
f 6//6 12//12 13//13
f 6//6 13//13 7//7
f 11//11 6//6 14//14
f 14//14 6//6 4//4
f 14//14 4//4 15//15
f 15//15 4//4 2//2
f 15//15 2//2 16//16
f 16//16 2//2 8//8
f 16//16 8//8 17//17
f 18//18 19//19 20//20
f 17//17 21//21 16//16
f 16//16 21//21 22//22
f 16//16 22//22 15//15
f 15//15 22//22 18//18
f 15//15 18//18 14//14
f 14//14 18//18 20//20
f 14//14 20//20 11//11
f 23//23 19//19 24//24
f 24//24 19//19 18//18
f 24//24 18//18 25//25
f 25//25 18//18 22//22
f 25//25 22//22 26//26
f 26//26 22//22 21//21
f 26//26 21//21 27//27
f 27//27 21//21 17//17
f 28//28 29//29 30//30
f 30//30 29//29 31//31
f 31//31 29//29 32//32
f 32//32 29//29 33//33
f 32//32 33//33 34//34
f 34//34 33//33 35//35
f 35//35 33//33 36//36
f 35//35 36//36 37//37
f 37//37 36//36 38//38
f 37//37 38//38 39//39
f 40//40 41//41 42//42
f 42//42 41//41 43//43
f 42//42 43//43 44//44
f 44//44 43//43 45//45
f 44//44 45//45 46//46
f 46//46 45//45 47//47
f 47//47 45//45 48//48
f 47//47 48//48 49//49
f 50//50 49//49 51//51
f 51//51 49//49 48//48
f 51//51 48//48 52//52
f 52//52 48//48 53//53
f 54//54 38//38 55//55
f 55//55 38//38 36//36
f 55//55 36//36 56//56
f 56//56 36//36 33//33
f 56//56 33//33 57//57
f 57//57 33//33 29//29
f 57//57 29//29 58//58
f 58//58 29//29 28//28
f 41//41 54//54 43//43
f 43//43 54//54 55//55
f 43//43 55//55 45//45
f 45//45 55//55 56//56
f 45//45 56//56 48//48
f 48//48 56//56 57//57
f 48//48 57//57 53//53
f 53//53 57//57 58//58
f 52//52 19//19 51//51
f 51//51 19//19 23//23
f 51//51 23//23 50//50
f 30//30 7//7 28//28
f 28//28 7//7 13//13
f 28//28 13//13 58//58
f 58//58 13//13 12//12
f 58//58 12//12 53//53
f 53//53 12//12 11//11
f 53//53 11//11 52//52
f 52//52 11//11 20//20
f 52//52 20//20 19//19
f 59//59 60//60 61//61
f 62//62 63//63 64//64
f 65//65 66//66 63//63
f 63//63 66//66 67//67
f 63//63 67//67 64//64
f 64//64 67//67 68//68
f 64//64 68//68 69//69
f 69//69 68//68 70//70
f 71//71 69//69 72//72
f 72//72 69//69 70//70
f 72//72 70//70 73//73
f 62//62 64//64 74//74
f 74//74 64//64 69//69
f 74//74 69//69 75//75
f 75//75 69//69 71//71
f 75//75 71//71 76//76
f 76//76 77//77 75//75
f 75//75 77//77 78//78
f 75//75 78//78 74//74
f 74//74 78//78 59//59
f 74//74 59//59 62//62
f 62//62 59//59 61//61
f 62//62 61//61 63//63
f 63//63 61//61 79//79
f 63//63 79//79 65//65
f 80//80 60//60 81//81
f 81//81 60//60 59//59
f 81//81 59//59 82//82
f 82//82 59//59 78//78
f 82//82 78//78 83//83
f 83//83 78//78 77//77
f 83//83 77//77 84//84
f 84//84 77//77 76//76
f 85//85 86//86 87//87
f 87//87 86//86 88//88
f 88//88 86//86 89//89
f 89//89 86//86 90//90
f 89//89 90//90 91//91
f 91//91 90//90 92//92
f 92//92 90//90 93//93
f 92//92 93//93 94//94
f 94//94 93//93 95//95
f 94//94 95//95 96//96
f 97//97 98//98 99//99
f 99//99 98//98 100//100
f 99//99 100//100 101//101
f 101//101 100//100 102//102
f 101//101 102//102 103//103
f 103//103 102//102 104//104
f 104//104 102//102 105//105
f 104//104 105//105 106//106
f 106//106 105//105 107//107
f 106//106 107//107 108//108
f 98//98 95//95 100//100
f 100//100 95//95 93//93
f 100//100 93//93 102//102
f 102//102 93//93 90//90
f 102//102 90//90 105//105
f 105//105 90//90 86//86
f 105//105 86//86 107//107
f 107//107 86//86 85//85
f 107//107 60//60 108//108
f 108//108 60//60 80//80
f 85//85 87//87 66//66
f 66//66 65//65 85//85
f 85//85 65//65 79//79
f 85//85 79//79 107//107
f 107//107 79//79 61//61
f 107//107 61//61 60//60
f 66//66 87//87 23//23
f 23//23 87//87 50//50
f 50//50 87//87 49//49
f 49//49 87//87 88//88
f 49//49 88//88 47//47
f 47//47 88//88 89//89
f 47//47 89//89 46//46
f 46//46 89//89 91//91
f 46//46 91//91 44//44
f 44//44 91//91 92//92
f 44//44 92//92 42//42
f 42//42 92//92 94//94
f 42//42 94//94 40//40
f 40//40 94//94 96//96
f 66//66 23//23 67//67
f 67//67 23//23 24//24
f 67//67 24//24 68//68
f 68//68 24//24 25//25
f 68//68 25//25 70//70
f 70//70 25//25 26//26
f 70//70 26//26 73//73
f 73//73 26//26 27//27
f 109//109 110//110 97//97
f 97//97 110//110 39//39
f 39//39 38//38 54//54
f 95//95 98//98 96//96
f 96//96 98//98 97//97
f 96//96 97//97 40//40
f 40//40 97//97 39//39
f 40//40 39//39 41//41
f 41//41 39//39 54//54
f 111//111 112//112 10//10
f 10//10 112//112 84//84
f 72//72 73//73 71//71
f 71//71 73//73 76//76
f 27//27 17//17 8//8
f 8//8 9//9 27//27
f 27//27 9//9 10//10
f 27//27 10//10 73//73
f 73//73 10//10 84//84
f 73//73 84//84 76//76
f 81//81 82//82 113//113
f 114//114 80//80 115//115
f 115//115 80//80 81//81
f 115//115 81//81 116//116
f 116//116 81//81 113//113
f 83//83 84//84 112//112
f 112//112 117//117 83//83
f 83//83 117//117 118//118
f 83//83 118//118 82//82
f 82//82 118//118 119//119
f 82//82 119//119 113//113
f 109//109 97//97 99//99
f 109//109 99//99 120//120
f 120//120 99//99 101//101
f 120//120 101//101 121//121
f 121//121 101//101 103//103
f 121//121 103//103 122//122
f 108//108 123//123 106//106
f 106//106 123//123 122//122
f 106//106 122//122 104//104
f 104//104 122//122 103//103
f 124//124 125//125 126//126
f 126//126 125//125 127//127
f 126//126 127//127 128//128
f 128//128 127//127 129//129
f 128//128 129//129 130//130
f 130//130 129//129 131//131
f 130//130 131//131 132//132
f 132//132 131//131 133//133
f 123//123 124//124 122//122
f 122//122 124//124 126//126
f 122//122 126//126 121//121
f 121//121 126//126 128//128
f 121//121 128//128 120//120
f 120//120 128//128 130//130
f 120//120 130//130 109//109
f 109//109 130//130 132//132
f 132//132 133//133 134//134
f 134//134 135//135 132//132
f 132//132 135//135 110//110
f 132//132 110//110 109//109
f 136//136 133//133 137//137
f 137//137 133//133 131//131
f 137//137 131//131 138//138
f 138//138 131//131 129//129
f 138//138 129//129 139//139
f 139//139 129//129 140//140
f 140//140 129//129 127//127
f 140//140 127//127 141//141
f 141//141 127//127 125//125
f 141//141 125//125 142//142
f 143//143 144//144 145//145
f 145//145 144//144 146//146
f 145//145 146//146 147//147
f 147//147 146//146 148//148
f 147//147 148//148 149//149
f 149//149 148//148 150//150
f 150//150 148//148 151//151
f 150//150 151//151 152//152
f 152//152 151//151 134//134
f 152//152 134//134 153//153
f 154//154 155//155 156//156
f 156//156 155//155 157//157
f 156//156 157//157 158//158
f 158//158 157//157 159//159
f 158//158 159//159 160//160
f 160//160 159//159 161//161
f 160//160 161//161 135//135
f 135//135 161//161 110//110
f 144//144 154//154 146//146
f 146//146 154//154 156//156
f 146//146 156//156 148//148
f 148//148 156//156 158//158
f 148//148 158//158 151//151
f 151//151 158//158 160//160
f 151//151 160//160 134//134
f 134//134 160//160 135//135
f 39//39 110//110 37//37
f 37//37 110//110 161//161
f 37//37 161//161 35//35
f 35//35 161//161 34//34
f 34//34 161//161 159//159
f 34//34 159//159 32//32
f 32//32 159//159 157//157
f 32//32 157//157 31//31
f 31//31 157//157 155//155
f 31//31 155//155 30//30
f 111//111 10//10 162//162
f 162//162 10//10 1//1
f 162//162 1//1 163//163
f 163//163 1//1 3//3
f 164//164 165//165 3//3
f 3//3 165//165 166//166
f 3//3 166//166 163//163
f 5//5 7//7 167//167
f 167//167 168//168 5//5
f 5//5 168//168 169//169
f 5//5 169//169 3//3
f 3//3 169//169 170//170
f 3//3 170//170 164//164
f 171//171 172//172 173//173
f 174//174 175//175 176//176
f 176//176 175//175 177//177
f 176//176 177//177 178//178
f 178//178 177//177 179//179
f 178//178 179//179 180//180
f 180//180 179//179 181//181
f 180//180 181//181 182//182
f 182//182 181//181 183//183
f 184//184 174//174 185//185
f 185//185 174//174 176//176
f 185//185 176//176 186//186
f 186//186 176//176 178//178
f 186//186 178//178 173//173
f 173//173 178//178 180//180
f 173//173 180//180 171//171
f 171//171 180//180 182//182
f 187//187 184//184 188//188
f 188//188 184//184 185//185
f 188//188 185//185 189//189
f 189//189 185//185 186//186
f 189//189 186//186 190//190
f 190//190 186//186 173//173
f 190//190 173//173 191//191
f 191//191 173//173 172//172
f 192//192 187//187 193//193
f 193//193 187//187 188//188
f 193//193 188//188 194//194
f 194//194 188//188 189//189
f 194//194 189//189 195//195
f 195//195 189//189 190//190
f 195//195 190//190 196//196
f 196//196 190//190 191//191
f 175//175 197//197 198//198
f 175//175 198//198 177//177
f 177//177 198//198 199//199
f 177//177 199//199 179//179
f 179//179 199//199 200//200
f 179//179 200//200 181//181
f 181//181 200//200 201//201
f 181//181 201//201 183//183
f 198//198 197//197 202//202
f 199//199 198//198 203//203
f 200//200 199//199 204//204
f 201//201 200//200 205//205
f 205//205 200//200 206//206
f 205//205 206//206 207//207
f 207//207 206//206 208//208
f 198//198 202//202 203//203
f 203//203 202//202 209//209
f 203//203 209//209 210//210
f 210//210 209//209 211//211
f 210//210 211//211 212//212
f 199//199 203//203 204//204
f 204//204 203//203 210//210
f 204//204 210//210 213//213
f 213//213 210//210 212//212
f 213//213 212//212 214//214
f 211//211 215//215 212//212
f 212//212 215//215 216//216
f 212//212 216//216 214//214
f 214//214 216//216 217//217
f 214//214 217//217 218//218
f 200//200 204//204 206//206
f 206//206 204//204 213//213
f 206//206 213//213 219//219
f 219//219 213//213 214//214
f 219//219 214//214 220//220
f 220//220 214//214 218//218
f 220//220 218//218 221//221
f 208//208 206//206 222//222
f 222//222 206//206 219//219
f 222//222 219//219 223//223
f 223//223 219//219 220//220
f 223//223 220//220 224//224
f 224//224 220//220 221//221
f 224//224 221//221 225//225
f 226//226 227//227 228//228
f 229//229 230//230 231//231
f 232//232 233//233 234//234
f 227//227 226//226 235//235
f 235//235 226//226 236//236
f 235//235 236//236 237//237
f 238//238 239//239 240//240
f 240//240 241//241 238//238
f 238//238 241//241 242//242
f 238//238 242//242 232//232
f 243//243 244//244 245//245
f 245//245 244//244 246//246
f 245//245 246//246 247//247
f 248//248 249//249 250//250
f 232//232 234//234 238//238
f 238//238 234//234 251//251
f 238//238 251//251 239//239
f 252//252 253//253 236//236
f 236//236 253//253 254//254
f 236//236 254//254 237//237
f 247//247 255//255 245//245
f 245//245 255//255 256//256
f 245//245 256//256 257//257
f 230//230 258//258 231//231
f 231//231 258//258 244//244
f 231//231 244//244 259//259
f 259//259 244//244 243//243
f 259//259 243//243 242//242
f 242//242 243//243 245//245
f 242//242 245//245 232//232
f 232//232 245//245 257//257
f 232//232 257//257 233//233
f 250//250 229//229 248//248
f 248//248 229//229 231//231
f 248//248 231//231 228//228
f 228//228 231//231 259//259
f 228//228 259//259 226//226
f 226//226 259//259 242//242
f 226//226 242//242 236//236
f 236//236 242//242 241//241
f 236//236 241//241 252//252
f 252//252 241//241 240//240
f 260//260 261//261 237//237
f 237//237 261//261 235//235
f 235//235 261//261 227//227
f 227//227 261//261 262//262
f 227//227 262//262 228//228
f 262//262 263//263 228//228
f 228//228 263//263 264//264
f 228//228 264//264 248//248
f 248//248 264//264 265//265
f 248//248 265//265 249//249
f 263//263 262//262 266//266
f 267//267 268//268 269//269
f 270//270 267//267 271//271
f 272//272 270//270 273//273
f 274//274 269//269 275//275
f 275//275 269//269 268//268
f 275//275 268//268 276//276
f 277//277 278//278 274//274
f 274//274 278//278 279//279
f 274//274 279//279 269//269
f 277//277 280//280 278//278
f 278//278 280//280 265//265
f 278//278 265//265 264//264
f 267//267 269//269 271//271
f 271//271 269//269 279//279
f 271//271 279//279 281//281
f 281//281 279//279 278//278
f 281//281 278//278 266//266
f 266//266 278//278 264//264
f 266//266 264//264 263//263
f 270//270 271//271 273//273
f 273//273 271//271 281//281
f 273//273 281//281 282//282
f 282//282 281//281 266//266
f 282//282 266//266 283//283
f 283//283 266//266 262//262
f 283//283 262//262 261//261
f 272//272 273//273 284//284
f 284//284 273//273 282//282
f 284//284 282//282 285//285
f 285//285 282//282 283//283
f 285//285 283//283 286//286
f 286//286 283//283 261//261
f 286//286 261//261 260//260
f 272//272 114//114 287//287
f 272//272 287//287 270//270
f 287//287 288//288 270//270
f 270//270 288//288 289//289
f 270//270 289//289 267//267
f 267//267 289//289 290//290
f 267//267 290//290 268//268
f 290//290 291//291 268//268
f 268//268 291//291 292//292
f 268//268 292//292 276//276
f 167//167 192//192 293//293
f 293//293 192//192 193//193
f 293//293 193//193 294//294
f 294//294 193//193 295//295
f 295//295 193//193 194//194
f 295//295 194//194 296//296
f 296//296 194//194 195//195
f 296//296 195//195 297//297
f 297//297 195//195 196//196
f 297//297 196//196 298//298
f 299//299 300//300 301//301
f 168//168 167//167 293//293
f 302//302 303//303 304//304
f 304//304 303//303 305//305
f 304//304 305//305 306//306
f 306//306 305//305 307//307
f 168//168 302//302 169//169
f 169//169 302//302 304//304
f 169//169 304//304 170//170
f 170//170 304//304 306//306
f 301//301 300//300 308//308
f 308//308 300//300 309//309
f 308//308 309//309 310//310
f 310//310 309//309 311//311
f 310//310 311//311 312//312
f 313//313 299//299 314//314
f 314//314 299//299 301//301
f 314//314 301//301 315//315
f 315//315 301//301 308//308
f 315//315 308//308 307//307
f 307//307 308//308 310//310
f 307//307 310//310 306//306
f 306//306 310//310 312//312
f 306//306 312//312 170//170
f 302//302 316//316 303//303
f 303//303 316//316 317//317
f 303//303 317//317 305//305
f 305//305 317//317 318//318
f 305//305 318//318 307//307
f 307//307 318//318 319//319
f 307//307 319//319 315//315
f 315//315 319//319 320//320
f 315//315 320//320 314//314
f 314//314 320//320 321//321
f 314//314 321//321 313//313
f 322//322 323//323 324//324
f 325//325 326//326 327//327
f 327//327 326//326 324//324
f 327//327 324//324 328//328
f 328//328 324//324 323//323
f 328//328 323//323 329//329
f 293//293 294//294 325//325
f 325//325 294//294 295//295
f 325//325 295//295 326//326
f 326//326 295//295 296//296
f 326//326 296//296 297//297
f 297//297 298//298 326//326
f 326//326 298//298 330//330
f 326//326 330//330 324//324
f 324//324 330//330 331//331
f 324//324 331//331 322//322
f 313//313 111//111 299//299
f 299//299 111//111 162//162
f 299//299 162//162 300//300
f 300//300 162//162 163//163
f 300//300 163//163 309//309
f 309//309 163//163 166//166
f 309//309 166//166 311//311
f 311//311 166//166 165//165
f 311//311 165//165 312//312
f 312//312 165//165 164//164
f 312//312 164//164 170//170
f 322//322 332//332 323//323
f 323//323 332//332 333//333
f 323//323 333//333 329//329
f 329//329 333//333 334//334
f 329//329 334//334 335//335
f 335//335 334//334 336//336
f 335//335 336//336 337//337
f 168//168 293//293 302//302
f 302//302 293//293 325//325
f 302//302 325//325 316//316
f 316//316 325//325 327//327
f 316//316 327//327 317//317
f 317//317 327//327 328//328
f 317//317 328//328 318//318
f 318//318 328//328 329//329
f 318//318 329//329 319//319
f 319//319 329//329 335//335
f 319//319 335//335 320//320
f 320//320 335//335 337//337
f 320//320 337//337 321//321
f 332//332 338//338 339//339
f 332//332 339//339 333//333
f 333//333 339//339 340//340
f 333//333 340//340 334//334
f 334//334 340//340 336//336
f 336//336 340//340 341//341
f 336//336 341//341 337//337
f 337//337 341//341 342//342
f 337//337 342//342 343//343
f 112//112 111//111 344//344
f 344//344 111//111 313//313
f 344//344 313//313 343//343
f 343//343 313//313 321//321
f 343//343 321//321 337//337
f 115//115 116//116 345//345
f 346//346 347//347 348//348
f 349//349 348//348 350//350
f 344//344 343//343 351//351
f 342//342 341//341 352//352
f 352//352 341//341 353//353
f 352//352 353//353 354//354
f 112//112 344//344 355//355
f 344//344 351//351 355//355
f 355//355 351//351 356//356
f 355//355 356//356 357//357
f 357//357 356//356 358//358
f 357//357 358//358 359//359
f 354//354 360//360 361//361
f 112//112 355//355 117//117
f 117//117 355//355 357//357
f 117//117 357//357 118//118
f 118//118 357//357 359//359
f 118//118 359//359 119//119
f 348//348 349//349 346//346
f 346//346 349//349 362//362
f 346//346 362//362 363//363
f 363//363 362//362 364//364
f 363//363 364//364 365//365
f 341//341 340//340 353//353
f 353//353 340//340 366//366
f 353//353 366//366 354//354
f 354//354 366//366 367//367
f 354//354 367//367 360//360
f 368//368 347//347 369//369
f 369//369 347//347 346//346
f 369//369 346//346 370//370
f 370//370 346//346 363//363
f 370//370 363//363 371//371
f 371//371 363//363 365//365
f 371//371 365//365 338//338
f 115//115 345//345 114//114
f 113//113 119//119 372//372
f 372//372 119//119 359//359
f 372//372 359//359 361//361
f 361//361 359//359 358//358
f 361//361 358//358 354//354
f 354//354 358//358 356//356
f 354//354 356//356 352//352
f 352//352 356//356 351//351
f 352//352 351//351 342//342
f 342//342 351//351 343//343
f 368//368 292//292 347//347
f 347//347 292//292 291//291
f 347//347 291//291 348//348
f 348//348 291//291 290//290
f 348//348 290//290 350//350
f 350//350 290//290 289//289
f 350//350 289//289 373//373
f 373//373 289//289 288//288
f 373//373 288//288 345//345
f 345//345 288//288 287//287
f 345//345 287//287 114//114
f 116//116 113//113 345//345
f 345//345 113//113 372//372
f 345//345 372//372 373//373
f 373//373 372//372 361//361
f 373//373 361//361 350//350
f 350//350 361//361 360//360
f 350//350 360//360 349//349
f 349//349 360//360 367//367
f 349//349 367//367 362//362
f 362//362 367//367 366//366
f 362//362 366//366 364//364
f 364//364 366//366 340//340
f 364//364 340//340 365//365
f 365//365 340//340 339//339
f 365//365 339//339 338//338
f 374//374 375//375 376//376
f 376//376 375//375 377//377
f 376//376 377//377 378//378
f 377//377 379//379 378//378
f 378//378 379//379 380//380
f 378//378 380//380 381//381
f 382//382 383//383 384//384
f 384//384 383//383 385//385
f 385//385 383//383 386//386
f 386//386 383//383 387//387
f 386//386 387//387 388//388
f 388//388 387//387 389//389
f 388//388 389//389 390//390
f 390//390 389//389 391//391
f 390//390 391//391 392//392
f 108//108 80//80 123//123
f 123//123 80//80 114//114
f 123//123 114//114 124//124
f 124//124 114//114 125//125
f 125//125 114//114 272//272
f 125//125 272//272 284//284
f 260//260 142//142 286//286
f 286//286 142//142 125//125
f 286//286 125//125 285//285
f 285//285 125//125 284//284
f 260//260 237//237 142//142
f 142//142 237//237 254//254
f 142//142 254//254 253//253
f 253//253 252//252 142//142
f 142//142 252//252 240//240
f 142//142 240//240 251//251
f 251//251 240//240 239//239
f 153//153 134//134 136//136
f 136//136 134//134 133//133
f 143//143 174//174 144//144
f 144//144 174//174 184//184
f 144//144 184//184 187//187
f 7//7 30//30 167//167
f 167//167 30//30 155//155
f 215//215 211//211 209//209
f 155//155 154//154 167//167
f 167//167 154//154 144//144
f 167//167 144//144 192//192
f 192//192 144//144 187//187
f 209//209 202//202 215//215
f 215//215 202//202 197//197
f 215//215 197//197 143//143
f 143//143 197//197 175//175
f 143//143 175//175 174//174
f 183//183 393//393 182//182
f 182//182 393//393 394//394
f 182//182 394//394 171//171
f 171//171 394//394 395//395
f 171//171 395//395 172//172
f 172//172 395//395 396//396
f 172//172 396//396 191//191
f 396//396 397//397 191//191
f 191//191 397//397 398//398
f 191//191 398//398 196//196
f 183//183 201//201 393//393
f 393//393 201//201 399//399
f 399//399 201//201 400//400
f 400//400 201//201 205//205
f 400//400 205//205 401//401
f 401//401 205//205 207//207
f 401//401 207//207 402//402
f 402//402 207//207 403//403
f 403//403 207//207 208//208
f 403//403 208//208 404//404
f 404//404 208//208 222//222
f 404//404 222//222 405//405
f 405//405 222//222 406//406
f 406//406 222//222 223//223
f 406//406 223//223 407//407
f 407//407 223//223 408//408
f 408//408 223//223 224//224
f 408//408 224//224 409//409
f 409//409 224//224 225//225
f 409//409 225//225 410//410
f 388//388 390//390 411//411
f 412//412 413//413 414//414
f 414//414 413//413 415//415
f 414//414 415//415 416//416
f 416//416 415//415 417//417
f 416//416 417//417 418//418
f 418//418 417//417 419//419
f 418//418 419//419 420//420
f 420//420 419//419 421//421
f 420//420 421//421 422//422
f 422//422 421//421 423//423
f 386//386 388//388 424//424
f 424//424 388//388 411//411
f 424//424 411//411 425//425
f 425//425 411//411 426//426
f 384//384 385//385 427//427
f 427//427 385//385 428//428
f 427//427 428//428 429//429
f 429//429 428//428 430//430
f 429//429 430//430 431//431
f 431//431 430//430 432//432
f 431//431 432//432 433//433
f 433//433 432//432 434//434
f 433//433 434//434 435//435
f 435//435 434//434 436//436
f 435//435 436//436 437//437
f 437//437 436//436 438//438
f 437//437 438//438 439//439
f 439//439 438//438 440//440
f 439//439 440//440 441//441
f 441//441 440//440 442//442
f 390//390 392//392 411//411
f 411//411 392//392 443//443
f 411//411 443//443 426//426
f 426//426 443//443 444//444
f 445//445 412//412 446//446
f 446//446 412//412 414//414
f 446//446 414//414 447//447
f 447//447 414//414 416//416
f 447//447 416//416 448//448
f 448//448 416//416 418//418
f 448//448 418//418 449//449
f 449//449 418//418 420//420
f 449//449 420//420 444//444
f 444//444 420//420 422//422
f 444//444 422//422 426//426
f 426//426 422//422 423//423
f 426//426 423//423 425//425
f 385//385 386//386 428//428
f 428//428 386//386 424//424
f 428//428 424//424 430//430
f 430//430 424//424 425//425
f 430//430 425//425 432//432
f 432//432 425//425 423//423
f 432//432 423//423 434//434
f 434//434 423//423 421//421
f 434//434 421//421 436//436
f 436//436 421//421 419//419
f 436//436 419//419 438//438
f 438//438 419//419 417//417
f 438//438 417//417 440//440
f 440//440 417//417 415//415
f 440//440 415//415 442//442
f 442//442 415//415 413//413
f 450//450 451//451 374//374
f 452//452 453//453 450//450
f 450//450 453//453 454//454
f 450//450 454//454 451//451
f 455//455 456//456 454//454
f 454//454 456//456 457//457
f 454//454 457//457 451//451
f 458//458 459//459 460//460
f 460//460 459//459 461//461
f 460//460 461//461 462//462
f 462//462 461//461 463//463
f 462//462 463//463 464//464
f 464//464 463//463 465//465
f 464//464 465//465 466//466
f 466//466 465//465 467//467
f 466//466 467//467 468//468
f 376//376 378//378 469//469
f 469//469 378//378 381//381
f 469//469 381//381 470//470
f 470//470 381//381 471//471
f 452//452 472//472 473//473
f 473//473 472//472 474//474
f 473//473 474//474 475//475
f 374//374 376//376 450//450
f 450//450 376//376 469//469
f 450//450 469//469 452//452
f 452//452 469//469 470//470
f 452//452 470//470 472//472
f 472//472 470//470 471//471
f 472//472 471//471 474//474
f 459//459 455//455 461//461
f 461//461 455//455 454//454
f 461//461 454//454 463//463
f 463//463 454//454 453//453
f 463//463 453//453 465//465
f 465//465 453//453 452//452
f 465//465 452//452 467//467
f 467//467 452//452 473//473
f 467//467 473//473 468//468
f 468//468 473//473 475//475
f 476//476 255//255 477//477
f 477//477 255//255 247//247
f 477//477 247//247 478//478
f 478//478 247//247 246//246
f 478//478 246//246 479//479
f 479//479 246//246 244//244
f 479//479 244//244 480//480
f 480//480 244//244 258//258
f 480//480 258//258 481//481
f 481//481 258//258 230//230
f 481//481 230//230 482//482
f 482//482 230//230 229//229
f 482//482 229//229 483//483
f 483//483 229//229 250//250
f 483//483 250//250 249//249
f 249//249 265//265 483//483
f 483//483 265//265 484//484
f 276//276 485//485 275//275
f 275//275 485//485 486//486
f 486//486 487//487 275//275
f 275//275 487//487 488//488
f 275//275 488//488 274//274
f 274//274 488//488 489//489
f 484//484 265//265 490//490
f 490//490 265//265 280//280
f 490//490 280//280 489//489
f 489//489 280//280 277//277
f 489//489 277//277 274//274
f 491//491 492//492 493//493
f 381//381 322//322 471//471
f 471//471 322//322 331//331
f 471//471 331//331 474//474
f 474//474 331//331 475//475
f 380//380 491//491 370//370
f 370//370 491//491 493//493
f 370//370 493//493 369//369
f 369//369 493//493 368//368
f 370//370 371//371 380//380
f 380//380 371//371 338//338
f 380//380 338//338 381//381
f 381//381 338//338 332//332
f 381//381 332//332 322//322
f 196//196 398//398 298//298
f 298//298 398//398 475//475
f 298//298 475//475 330//330
f 330//330 475//475 331//331
f 485//485 276//276 493//493
f 493//493 276//276 292//292
f 493//493 292//292 368//368
f 494//494 375//375 374//374
f 495//495 496//496 391//391
f 391//391 496//496 497//497
f 391//391 497//497 494//494
f 374//374 445//445 494//494
f 494//494 445//445 446//446
f 494//494 446//446 447//447
f 447//447 448//448 494//494
f 494//494 448//448 449//449
f 494//494 449//449 444//444
f 444//444 443//443 494//494
f 494//494 443//443 392//392
f 494//494 392//392 391//391
f 379//379 498//498 499//499
f 499//499 498//498 500//500
f 499//499 500//500 501//501
f 501//501 500//500 502//502
f 501//501 502//502 503//503
f 503//503 502//502 504//504
f 503//503 504//504 505//505
f 506//506 507//507 508//508
f 508//508 507//507 509//509
f 508//508 509//509 510//510
f 510//510 509//509 511//511
f 510//510 511//511 512//512
f 512//512 511//511 513//513
f 512//512 513//513 514//514
f 514//514 513//513 515//515
f 514//514 515//515 516//516
f 516//516 515//515 517//517
f 516//516 517//517 375//375
f 375//375 517//517 377//377
f 518//518 519//519 505//505
f 505//505 519//519 520//520
f 505//505 520//520 503//503
f 503//503 520//520 493//493
f 503//503 493//493 501//501
f 493//493 492//492 501//501
f 501//501 492//492 491//491
f 501//501 491//491 499//499
f 499//499 491//491 380//380
f 499//499 380//380 379//379
f 507//507 518//518 509//509
f 509//509 518//518 505//505
f 509//509 505//505 511//511
f 511//511 505//505 504//504
f 511//511 504//504 513//513
f 513//513 504//504 502//502
f 513//513 502//502 515//515
f 515//515 502//502 500//500
f 515//515 500//500 517//517
f 517//517 500//500 498//498
f 517//517 498//498 377//377
f 377//377 498//498 379//379
f 521//521 522//522 523//523
f 524//524 525//525 526//526
f 526//526 525//525 527//527
f 526//526 527//527 528//528
f 528//528 527//527 529//529
f 528//528 529//529 530//530
f 530//530 529//529 531//531
f 530//530 531//531 497//497
f 497//497 531//531 494//494
f 497//497 496//496 530//530
f 530//530 496//496 532//532
f 530//530 532//532 528//528
f 528//528 532//532 533//533
f 528//528 533//533 526//526
f 526//526 533//533 523//523
f 523//523 522//522 526//526
f 526//526 522//522 534//534
f 526//526 534//534 524//524
f 535//535 521//521 536//536
f 536//536 521//521 523//523
f 536//536 523//523 537//537
f 537//537 523//523 533//533
f 537//537 533//533 538//538
f 538//538 533//533 532//532
f 538//538 532//532 495//495
f 495//495 532//532 496//496
f 382//382 535//535 383//383
f 383//383 535//535 536//536
f 383//383 536//536 387//387
f 387//387 536//536 537//537
f 387//387 537//537 389//389
f 389//389 537//537 538//538
f 389//389 538//538 391//391
f 391//391 538//538 495//495
f 539//539 540//540 384//384
f 384//384 540//540 382//382
f 142//142 251//251 541//541
f 541//541 251//251 234//234
f 541//541 234//234 542//542
f 542//542 234//234 543//543
f 543//543 234//234 233//233
f 543//543 233//233 544//544
f 255//255 545//545 256//256
f 256//256 545//545 544//544
f 256//256 544//544 257//257
f 257//257 544//544 233//233
f 546//546 547//547 548//548
f 548//548 547//547 549//549
f 548//548 549//549 550//550
f 550//550 549//549 551//551
f 550//550 551//551 552//552
f 552//552 551//551 553//553
f 142//142 552//552 141//141
f 141//141 552//552 553//553
f 141//141 553//553 140//140
f 545//545 546//546 544//544
f 544//544 546//546 548//548
f 544//544 548//548 543//543
f 543//543 548//548 550//550
f 543//543 550//550 542//542
f 542//542 550//550 552//552
f 542//542 552//552 541//541
f 541//541 552//552 142//142
f 139//139 140//140 553//553
f 554//554 555//555 556//556
f 554//554 556//556 557//557
f 557//557 136//136 554//554
f 554//554 136//136 137//137
f 554//554 137//137 555//555
f 139//139 553//553 138//138
f 558//558 559//559 560//560
f 560//560 559//559 561//561
f 560//560 561//561 556//556
f 556//556 561//561 562//562
f 556//556 562//562 557//557
f 137//137 138//138 555//555
f 555//555 138//138 553//553
f 555//555 553//553 556//556
f 556//556 553//553 551//551
f 556//556 551//551 560//560
f 560//560 551//551 549//549
f 560//560 549//549 558//558
f 558//558 549//549 547//547
f 136//136 557//557 153//153
f 153//153 557//557 563//563
f 563//563 557//557 564//564
f 564//564 557//557 562//562
f 564//564 562//562 565//565
f 562//562 561//561 565//565
f 565//565 561//561 559//559
f 565//565 559//559 566//566
f 567//567 568//568 569//569
f 569//569 568//568 570//570
f 569//569 570//570 571//571
f 571//571 570//570 572//572
f 571//571 572//572 573//573
f 573//573 572//572 574//574
f 573//573 574//574 152//152
f 152//152 574//574 150//150
f 566//566 567//567 565//565
f 565//565 567//567 569//569
f 565//565 569//569 564//564
f 564//564 569//569 571//571
f 564//564 571//571 563//563
f 563//563 571//571 573//573
f 563//563 573//573 153//153
f 153//153 573//573 152//152
f 575//575 576//576 145//145
f 145//145 576//576 143//143
f 577//577 578//578 579//579
f 579//579 578//578 580//580
f 579//579 580//580 581//581
f 581//581 580//580 582//582
f 581//581 582//582 575//575
f 575//575 582//582 583//583
f 575//575 583//583 576//576
f 584//584 577//577 585//585
f 585//585 577//577 579//579
f 585//585 579//579 586//586
f 586//586 579//579 581//581
f 586//586 581//581 587//587
f 587//587 581//581 575//575
f 587//587 575//575 147//147
f 147//147 575//575 145//145
f 588//588 584//584 589//589
f 589//589 584//584 585//585
f 589//589 585//585 590//590
f 590//590 585//585 586//586
f 590//590 586//586 591//591
f 591//591 586//586 587//587
f 591//591 587//587 149//149
f 149//149 587//587 147//147
f 568//568 588//588 570//570
f 570//570 588//588 589//589
f 570//570 589//589 572//572
f 572//572 589//589 590//590
f 572//572 590//590 574//574
f 574//574 590//590 591//591
f 574//574 591//591 150//150
f 150//150 591//591 149//149
f 215//215 143//143 576//576
f 215//215 576//576 216//216
f 216//216 576//576 583//583
f 216//216 583//583 217//217
f 217//217 583//583 582//582
f 217//217 582//582 218//218
f 218//218 582//582 580//580
f 218//218 580//580 221//221
f 221//221 580//580 578//578
f 221//221 578//578 225//225
f 592//592 593//593 594//594
f 594//594 593//593 595//595
f 594//594 595//595 596//596
f 596//596 595//595 597//597
f 596//596 597//597 598//598
f 598//598 597//597 599//599
f 598//598 599//599 393//393
f 396//396 395//395 599//599
f 599//599 395//395 394//394
f 599//599 394//394 393//393
f 600//600 601//601 602//602
f 602//602 601//601 603//603
f 602//602 603//603 604//604
f 604//604 603//603 605//605
f 604//604 605//605 606//606
f 606//606 605//605 607//607
f 608//608 607//607 609//609
f 609//609 607//607 605//605
f 609//609 605//605 610//610
f 610//610 605//605 603//603
f 610//610 603//603 611//611
f 611//611 603//603 601//601
f 593//593 600//600 595//595
f 595//595 600//600 602//602
f 595//595 602//602 597//597
f 597//597 602//602 604//604
f 597//597 604//604 599//599
f 599//599 604//604 606//606
f 599//599 606//606 396//396
f 396//396 606//606 607//607
f 396//396 607//607 397//397
f 397//397 607//607 608//608
f 397//397 608//608 398//398
f 612//612 592//592 594//594
f 612//612 594//594 613//613
f 613//613 594//594 596//596
f 613//613 596//596 614//614
f 614//614 596//596 598//598
f 614//614 598//598 615//615
f 615//615 598//598 616//616
f 616//616 598//598 393//393
f 616//616 393//393 399//399
f 615//615 616//616 617//617
f 618//618 619//619 620//620
f 621//621 622//622 623//623
f 623//623 622//622 624//624
f 624//624 622//622 409//409
f 624//624 409//409 410//410
f 403//403 404//404 625//625
f 614//614 615//615 626//626
f 626//626 615//615 617//617
f 626//626 617//617 627//627
f 628//628 629//629 630//630
f 630//630 629//629 631//631
f 630//630 631//631 632//632
f 628//628 633//633 629//629
f 629//629 633//633 612//612
f 629//629 612//612 613//613
f 634//634 635//635 636//636
f 636//636 635//635 621//621
f 636//636 621//621 637//637
f 637//637 621//621 623//623
f 402//402 638//638 401//401
f 401//401 638//638 617//617
f 401//401 617//617 400//400
f 400//400 617//617 616//616
f 400//400 616//616 399//399
f 620//620 639//639 618//618
f 618//618 639//639 640//640
f 618//618 640//640 625//625
f 408//408 619//619 407//407
f 407//407 619//619 618//618
f 407//407 618//618 406//406
f 406//406 618//618 625//625
f 406//406 625//625 405//405
f 405//405 625//625 404//404
f 634//634 632//632 635//635
f 635//635 632//632 631//631
f 635//635 631//631 627//627
f 627//627 631//631 629//629
f 627//627 629//629 626//626
f 626//626 629//629 613//613
f 626//626 613//613 614//614
f 402//402 403//403 638//638
f 638//638 403//403 625//625
f 638//638 625//625 617//617
f 617//617 625//625 640//640
f 617//617 640//640 627//627
f 627//627 640//640 639//639
f 627//627 639//639 635//635
f 635//635 639//639 620//620
f 635//635 620//620 621//621
f 621//621 620//620 619//619
f 621//621 619//619 622//622
f 622//622 619//619 408//408
f 622//622 408//408 409//409
f 641//641 642//642 634//634
f 641//641 634//634 643//643
f 634//634 636//636 643//643
f 643//643 636//636 637//637
f 643//643 637//637 644//644
f 644//644 637//637 623//623
f 644//644 623//623 645//645
f 645//645 623//623 646//646
f 646//646 623//623 624//624
f 646//646 624//624 410//410
f 441//441 647//647 439//439
f 439//439 647//647 648//648
f 439//439 648//648 437//437
f 437//437 648//648 649//649
f 437//437 649//649 435//435
f 435//435 649//649 650//650
f 435//435 650//650 433//433
f 433//433 650//650 651//651
f 433//433 651//651 431//431
f 431//431 651//651 652//652
f 431//431 652//652 429//429
f 429//429 652//652 653//653
f 429//429 653//653 427//427
f 427//427 653//653 654//654
f 427//427 654//654 384//384
f 384//384 654//654 539//539
f 457//457 456//456 442//442
f 442//442 456//456 455//455
f 442//442 455//455 441//441
f 441//441 455//455 459//459
f 441//441 459//459 458//458
f 442//442 413//413 457//457
f 457//457 413//413 412//412
f 457//457 412//412 451//451
f 451//451 412//412 445//445
f 451//451 445//445 374//374
f 611//611 458//458 460//460
f 611//611 460//460 610//610
f 460//460 462//462 610//610
f 610//610 462//462 464//464
f 610//610 464//464 609//609
f 464//464 466//466 609//609
f 609//609 466//466 468//468
f 609//609 468//468 608//608
f 608//608 468//468 475//475
f 608//608 475//475 398//398
f 655//655 656//656 657//657
f 658//658 659//659 660//660
f 661//661 662//662 663//663
f 664//664 665//665 540//540
f 540//540 665//665 666//666
f 666//666 665//665 667//667
f 667//667 665//665 668//668
f 667//667 668//668 669//669
f 669//669 668//668 670//670
f 669//669 670//670 671//671
f 672//672 673//673 670//670
f 670//670 673//673 674//674
f 670//670 674//674 671//671
f 675//675 673//673 676//676
f 676//676 673//673 672//672
f 676//676 672//672 677//677
f 678//678 679//679 680//680
f 680//680 681//681 678//678
f 678//678 681//681 682//682
f 678//678 682//682 683//683
f 683//683 682//682 684//684
f 683//683 684//684 685//685
f 685//685 684//684 660//660
f 685//685 660//660 686//686
f 686//686 660//660 659//659
f 686//686 659//659 687//687
f 664//664 655//655 665//665
f 665//665 655//655 657//657
f 665//665 657//657 668//668
f 668//668 657//657 688//688
f 668//668 688//688 670//670
f 670//670 688//688 689//689
f 670//670 689//689 672//672
f 672//672 689//689 663//663
f 672//672 663//663 677//677
f 677//677 663//663 662//662
f 656//656 658//658 657//657
f 657//657 658//658 660//660
f 657//657 660//660 688//688
f 688//688 660//660 684//684
f 688//688 684//684 689//689
f 689//689 684//684 682//682
f 689//689 682//682 663//663
f 663//663 682//682 681//681
f 663//663 681//681 661//661
f 661//661 681//681 680//680
f 690//690 687//687 691//691
f 691//691 687//687 659//659
f 691//691 659//659 692//692
f 692//692 659//659 658//658
f 692//692 658//658 693//693
f 693//693 658//658 656//656
f 693//693 656//656 694//694
f 694//694 656//656 655//655
f 694//694 655//655 695//695
f 695//695 655//655 664//664
f 695//695 664//664 539//539
f 539//539 664//664 540//540
f 696//696 697//697 698//698
f 699//699 700//700 701//701
f 692//692 693//693 702//702
f 694//694 695//695 703//703
f 651//651 650//650 704//704
f 705//705 706//706 647//647
f 647//647 706//706 648//648
f 704//704 650//650 706//706
f 706//706 650//650 649//649
f 706//706 649//649 648//648
f 651//651 704//704 652//652
f 652//652 704//704 707//707
f 652//652 707//707 653//653
f 653//653 707//707 703//703
f 653//653 703//703 654//654
f 654//654 703//703 695//695
f 654//654 695//695 539//539
f 708//708 690//690 691//691
f 691//691 709//709 708//708
f 708//708 709//709 710//710
f 708//708 710//710 711//711
f 711//711 710//710 712//712
f 711//711 712//712 713//713
f 713//713 712//712 701//701
f 713//713 701//701 714//714
f 714//714 701//701 700//700
f 714//714 700//700 715//715
f 705//705 696//696 706//706
f 706//706 696//696 698//698
f 706//706 698//698 704//704
f 704//704 698//698 716//716
f 704//704 716//716 707//707
f 707//707 716//716 717//717
f 707//707 717//717 703//703
f 703//703 717//717 702//702
f 703//703 702//702 694//694
f 694//694 702//702 693//693
f 697//697 699//699 698//698
f 698//698 699//699 701//701
f 698//698 701//701 716//716
f 716//716 701//701 712//712
f 716//716 712//712 717//717
f 717//717 712//712 710//710
f 717//717 710//710 702//702
f 702//702 710//710 709//709
f 702//702 709//709 692//692
f 692//692 709//709 691//691
f 647//647 718//718 705//705
f 705//705 718//718 719//719
f 705//705 719//719 696//696
f 696//696 719//719 697//697
f 697//697 719//719 720//720
f 697//697 720//720 699//699
f 699//699 720//720 721//721
f 699//699 721//721 700//700
f 700//700 721//721 722//722
f 700//700 722//722 715//715
f 723//723 479//479 480//480
f 724//724 725//725 726//726
f 481//481 482//482 727//727
f 728//728 729//729 730//730
f 730//730 729//729 731//731
f 730//730 731//731 732//732
f 732//732 731//731 733//733
f 726//726 733//733 724//724
f 724//724 733//733 731//731
f 724//724 731//731 734//734
f 734//734 731//731 729//729
f 735//735 736//736 723//723
f 737//737 736//736 738//738
f 738//738 736//736 735//735
f 738//738 735//735 739//739
f 740//740 741//741 742//742
f 742//742 741//741 743//743
f 744//744 745//745 746//746
f 746//746 745//745 747//747
f 746//746 747//747 748//748
f 748//748 747//747 727//727
f 748//748 727//727 749//749
f 749//749 727//727 482//482
f 749//749 482//482 483//483
f 744//744 750//750 745//745
f 745//745 750//750 751//751
f 745//745 751//751 752//752
f 752//752 751//751 753//753
f 752//752 753//753 742//742
f 742//742 753//753 754//754
f 742//742 754//754 740//740
f 479//479 723//723 478//478
f 478//478 723//723 736//736
f 478//478 736//736 477//477
f 477//477 736//736 737//737
f 477//477 737//737 476//476
f 728//728 739//739 729//729
f 729//729 739//739 735//735
f 729//729 735//735 734//734
f 734//734 735//735 723//723
f 734//734 723//723 724//724
f 724//724 723//723 480//480
f 724//724 480//480 725//725
f 725//725 480//480 481//481
f 481//481 727//727 725//725
f 725//725 727//727 747//747
f 725//725 747//747 726//726
f 726//726 747//747 745//745
f 726//726 745//745 733//733
f 733//733 745//745 752//752
f 733//733 752//752 732//732
f 732//732 752//752 742//742
f 732//732 742//742 730//730
f 730//730 742//742 743//743
f 730//730 743//743 728//728
f 755//755 744//744 746//746
f 755//755 746//746 756//756
f 756//756 746//746 748//748
f 756//756 748//748 757//757
f 757//757 748//748 749//749
f 757//757 749//749 758//758
f 758//758 749//749 483//483
f 758//758 483//483 484//484
f 488//488 487//487 759//759
f 486//486 485//485 760//760
f 488//488 759//759 489//489
f 487//487 486//486 759//759
f 759//759 486//486 760//760
f 759//759 760//760 761//761
f 761//761 760//760 762//762
f 761//761 762//762 763//763
f 763//763 762//762 764//764
f 763//763 764//764 765//765
f 765//765 764//764 766//766
f 765//765 767//767 763//763
f 763//763 767//767 768//768
f 763//763 768//768 761//761
f 761//761 768//768 769//769
f 761//761 769//769 759//759
f 759//759 769//769 770//770
f 759//759 770//770 489//489
f 767//767 771//771 768//768
f 768//768 771//771 772//772
f 768//768 772//772 769//769
f 769//769 772//772 773//773
f 769//769 773//773 770//770
f 770//770 773//773 774//774
f 770//770 774//774 489//489
f 489//489 774//774 490//490
f 484//484 490//490 758//758
f 758//758 490//490 774//774
f 758//758 774//774 757//757
f 757//757 774//774 773//773
f 757//757 773//773 756//756
f 756//756 773//773 772//772
f 756//756 772//772 755//755
f 755//755 772//772 771//771
f 507//507 506//506 766//766
f 507//507 766//766 518//518
f 766//766 764//764 518//518
f 518//518 764//764 762//762
f 518//518 762//762 519//519
f 519//519 762//762 760//760
f 519//519 760//760 520//520
f 520//520 760//760 485//485
f 520//520 485//485 493//493
f 516//516 375//375 494//494
f 494//494 531//531 516//516
f 516//516 531//531 529//529
f 516//516 529//529 514//514
f 514//514 529//529 512//512
f 512//512 529//529 510//510
f 510//510 529//529 527//527
f 510//510 527//527 508//508
f 508//508 527//527 525//525
f 508//508 525//525 506//506
f 675//675 525//525 673//673
f 673//673 525//525 524//524
f 673//673 524//524 674//674
f 674//674 524//524 534//534
f 674//674 534//534 671//671
f 671//671 534//534 522//522
f 671//671 522//522 669//669
f 669//669 522//522 521//521
f 669//669 521//521 667//667
f 667//667 521//521 535//535
f 667//667 535//535 666//666
f 666//666 535//535 382//382
f 666//666 382//382 540//540
f 775//775 675//675 676//676
f 775//775 676//676 776//776
f 776//776 676//676 677//677
f 776//776 677//677 777//777
f 777//777 677//677 662//662
f 777//777 662//662 778//778
f 679//679 779//779 680//680
f 680//680 779//779 778//778
f 680//680 778//778 661//661
f 661//661 778//778 662//662
f 741//741 780//780 781//781
f 741//741 781//781 743//743
f 743//743 781//781 782//782
f 743//743 782//782 728//728
f 728//728 782//782 739//739
f 739//739 782//782 783//783
f 739//739 783//783 738//738
f 738//738 783//783 737//737
f 737//737 783//783 784//784
f 737//737 784//784 476//476
f 784//784 785//785 547//547
f 786//786 787//787 788//788
f 568//568 567//567 789//789
f 789//789 567//567 566//566
f 789//789 566//566 790//790
f 566//566 559//559 790//790
f 790//790 559//559 558//558
f 790//790 558//558 791//791
f 791//791 558//558 547//547
f 791//791 547//547 792//792
f 792//792 547//547 785//785
f 255//255 476//476 545//545
f 545//545 476//476 784//784
f 545//545 784//784 546//546
f 546//546 784//784 547//547
f 789//789 786//786 568//568
f 568//568 786//786 788//788
f 568//568 788//788 588//588
f 588//588 788//788 793//793
f 588//588 793//793 584//584
f 584//584 793//793 646//646
f 584//584 646//646 577//577
f 410//410 225//225 646//646
f 646//646 225//225 578//578
f 646//646 578//578 577//577
f 601//601 600//600 794//794
f 794//794 600//600 593//593
f 794//794 593//593 642//642
f 642//642 593//593 592//592
f 642//642 592//592 612//612
f 647//647 441//441 718//718
f 718//718 441//441 458//458
f 718//718 458//458 795//795
f 795//795 458//458 794//794
f 794//794 458//458 611//611
f 794//794 611//611 601//601
f 612//612 633//633 642//642
f 642//642 633//633 628//628
f 642//642 628//628 634//634
f 634//634 628//628 630//630
f 634//634 630//630 632//632
f 796//796 797//797 798//798
f 799//799 800//800 801//801
f 802//802 803//803 804//804
f 797//797 799//799 798//798
f 798//798 799//799 801//801
f 798//798 801//801 805//805
f 805//805 801//801 806//806
f 805//805 806//806 807//807
f 807//807 806//806 808//808
f 807//807 808//808 809//809
f 810//810 811//811 812//812
f 812//812 811//811 813//813
f 814//814 802//802 815//815
f 815//815 802//802 804//804
f 815//815 804//804 816//816
f 816//816 804//804 813//813
f 816//816 813//813 817//817
f 817//817 813//813 811//811
f 814//814 793//793 788//788
f 814//814 788//788 802//802
f 802//802 788//788 787//787
f 802//802 787//787 803//803
f 646//646 809//809 645//645
f 645//645 809//809 808//808
f 645//645 808//808 644//644
f 644//644 808//808 806//806
f 644//644 806//806 643//643
f 643//643 806//806 801//801
f 643//643 801//801 641//641
f 641//641 801//801 800//800
f 641//641 800//800 642//642
f 646//646 793//793 809//809
f 809//809 793//793 814//814
f 809//809 814//814 807//807
f 807//807 814//814 815//815
f 807//807 815//815 805//805
f 805//805 815//815 816//816
f 805//805 816//816 798//798
f 798//798 816//816 817//817
f 798//798 817//817 796//796
f 796//796 817//817 811//811
f 813//813 804//804 818//818
f 818//818 804//804 803//803
f 819//819 820//820 821//821
f 822//822 810//810 812//812
f 812//812 823//823 822//822
f 822//822 823//823 824//824
f 822//822 824//824 825//825
f 825//825 824//824 826//826
f 825//825 826//826 827//827
f 827//827 826//826 828//828
f 787//787 786//786 803//803
f 803//803 786//786 821//821
f 803//803 821//821 818//818
f 818//818 821//821 820//820
f 786//786 789//789 821//821
f 821//821 789//789 829//829
f 821//821 829//829 819//819
f 819//819 829//829 830//830
f 812//812 813//813 823//823
f 823//823 813//813 818//818
f 823//823 818//818 824//824
f 824//824 818//818 820//820
f 824//824 820//820 826//826
f 826//826 820//820 819//819
f 826//826 819//819 828//828
f 828//828 819//819 830//830
f 715//715 722//722 779//779
f 683//683 685//685 678//678
f 678//678 685//685 686//686
f 678//678 686//686 679//679
f 679//679 686//686 687//687
f 679//679 687//687 779//779
f 687//687 690//690 779//779
f 779//779 690//690 708//708
f 779//779 708//708 711//711
f 711//711 713//713 779//779
f 779//779 713//713 714//714
f 779//779 714//714 715//715
f 795//795 794//794 831//831
f 831//831 794//794 832//832
f 831//831 832//832 833//833
f 833//833 832//832 834//834
f 833//833 834//834 835//835
f 835//835 834//834 836//836
f 835//835 836//836 837//837
f 837//837 836//836 838//838
f 718//718 795//795 719//719
f 719//719 795//795 831//831
f 719//719 831//831 720//720
f 720//720 831//831 833//833
f 720//720 833//833 721//721
f 721//721 833//833 835//835
f 721//721 835//835 722//722
f 722//722 835//835 837//837
f 839//839 775//775 840//840
f 840//840 775//775 776//776
f 840//840 776//776 841//841
f 841//841 776//776 777//777
f 841//841 777//777 842//842
f 842//842 777//777 778//778
f 842//842 778//778 843//843
f 843//843 778//778 779//779
f 844//844 839//839 845//845
f 845//845 839//839 840//840
f 845//845 840//840 846//846
f 846//846 840//840 841//841
f 846//846 841//841 847//847
f 847//847 841//841 842//842
f 847//847 842//842 848//848
f 848//848 842//842 843//843
f 767//767 765//765 844//844
f 767//767 844//844 771//771
f 771//771 844//844 780//780
f 771//771 780//780 755//755
f 525//525 675//675 506//506
f 506//506 675//675 775//775
f 775//775 839//839 506//506
f 506//506 839//839 844//844
f 506//506 844//844 766//766
f 766//766 844//844 765//765
f 741//741 740//740 754//754
f 751//751 750//750 780//780
f 780//780 750//750 744//744
f 780//780 744//744 755//755
f 741//741 754//754 780//780
f 780//780 754//754 753//753
f 780//780 753//753 751//751
f 849//849 850//850 851//851
f 852//852 853//853 854//854
f 851//851 850//850 855//855
f 856//856 857//857 858//858
f 859//859 860//860 861//861
f 861//861 860//860 862//862
f 861//861 862//862 863//863
f 863//863 862//862 864//864
f 863//863 864//864 865//865
f 865//865 864//864 858//858
f 865//865 858//858 866//866
f 866//866 858//858 857//857
f 866//866 857//857 867//867
f 851//851 868//868 849//849
f 849//849 868//868 869//869
f 849//849 869//869 870//870
f 870//870 869//869 871//871
f 870//870 871//871 872//872
f 850//850 873//873 855//855
f 855//855 873//873 874//874
f 855//855 874//874 792//792
f 792//792 874//874 791//791
f 860//860 852//852 862//862
f 862//862 852//852 854//854
f 862//862 854//854 864//864
f 864//864 854//854 875//875
f 864//864 875//875 858//858
f 858//858 875//875 876//876
f 858//858 876//876 856//856
f 856//856 790//790 857//857
f 857//857 790//790 791//791
f 857//857 791//791 867//867
f 867//867 791//791 874//874
f 867//867 874//874 866//866
f 866//866 874//874 873//873
f 866//866 873//873 865//865
f 865//865 873//873 850//850
f 865//865 850//850 863//863
f 863//863 850//850 849//849
f 863//863 849//849 861//861
f 861//861 849//849 870//870
f 861//861 870//870 859//859
f 859//859 870//870 872//872
f 877//877 851//851 855//855
f 878//878 783//783 782//782
f 879//879 880//880 881//881
f 882//882 879//879 883//883
f 883//883 879//879 881//881
f 883//883 881//881 884//884
f 884//884 881//881 885//885
f 884//884 885//885 886//886
f 886//886 885//885 877//877
f 886//886 877//877 887//887
f 887//887 877//877 855//855
f 887//887 855//855 792//792
f 888//888 878//878 889//889
f 889//889 878//878 782//782
f 889//889 782//782 890//890
f 890//890 782//782 781//781
f 890//890 781//781 891//891
f 891//891 781//781 780//780
f 888//888 785//785 878//878
f 878//878 785//785 784//784
f 878//878 784//784 783//783
f 851//851 877//877 868//868
f 868//868 877//877 885//885
f 868//868 885//885 869//869
f 869//869 885//885 881//881
f 869//869 881//881 871//871
f 871//871 881//881 880//880
f 871//871 880//880 872//872
f 792//792 785//785 887//887
f 887//887 785//785 888//888
f 887//887 888//888 886//886
f 886//886 888//888 889//889
f 886//886 889//889 884//884
f 884//884 889//889 890//890
f 884//884 890//890 883//883
f 883//883 890//890 891//891
f 883//883 891//891 882//882
f 882//882 891//891 780//780
f 789//789 790//790 856//856
f 789//789 856//856 829//829
f 829//829 856//856 876//876
f 829//829 876//876 830//830
f 830//830 876//876 875//875
f 830//830 875//875 828//828
f 828//828 875//875 827//827
f 827//827 875//875 854//854
f 827//827 854//854 853//853
f 642//642 800//800 794//794
f 794//794 800//800 832//832
f 827//827 838//838 825//825
f 825//825 838//838 836//836
f 825//825 836//836 822//822
f 822//822 836//836 810//810
f 800//800 799//799 832//832
f 832//832 799//799 797//797
f 832//832 797//797 834//834
f 834//834 797//797 796//796
f 834//834 796//796 836//836
f 836//836 796//796 811//811
f 836//836 811//811 810//810
f 838//838 848//848 843//843
f 838//838 843//843 837//837
f 837//837 843//843 779//779
f 837//837 779//779 722//722
f 853//853 852//852 848//848
f 848//848 852//852 847//847
f 780//780 844//844 882//882
f 882//882 844//844 845//845
f 846//846 880//880 845//845
f 845//845 880//880 879//879
f 845//845 879//879 882//882
f 852//852 860//860 847//847
f 847//847 860//860 859//859
f 847//847 859//859 846//846
f 846//846 859//859 872//872
f 846//846 872//872 880//880
f 827//827 853//853 838//838
f 838//838 853//853 848//848
f 892//892 893//893 894//894
f 894//894 893//893 895//895
f 894//894 895//895 896//896
f 897//897 892//892 894//894
f 898//898 899//899 897//897
f 897//897 899//899 892//892
f 896//896 900//900 894//894
f 894//894 900//900 901//901
f 894//894 901//901 897//897
f 897//897 901//901 902//902
f 897//897 902//902 898//898
f 898//898 902//902 903//903
f 904//904 905//905 906//906
f 906//906 905//905 907//907
f 906//906 907//907 908//908
f 908//908 907//907 909//909
f 908//908 909//909 910//910
f 910//910 909//909 911//911
f 910//910 911//911 912//912
f 908//908 913//913 914//914
f 908//908 914//914 906//906
f 906//906 914//914 915//915
f 906//906 915//915 903//903
f 900//900 904//904 901//901
f 901//901 904//904 906//906
f 901//901 906//906 902//902
f 902//902 906//906 903//903
f 913//913 908//908 916//916
f 916//916 908//908 910//910
f 916//916 910//910 917//917
f 917//917 910//910 912//912
f 917//917 912//912 918//918
f 919//919 920//920 921//921
f 921//921 922//922 919//919
f 919//919 922//922 923//923
f 919//919 923//923 924//924
f 924//924 923//923 918//918
f 924//924 918//918 912//912
f 920//920 919//919 925//925
f 925//925 919//919 924//924
f 925//925 924//924 926//926
f 926//926 924//924 912//912
f 926//926 912//912 911//911
f 927//927 928//928 921//921
f 928//928 929//929 922//922
f 922//922 929//929 923//923
f 918//918 923//923 930//930
f 930//930 923//923 929//929
f 930//930 929//929 931//931
f 931//931 929//929 932//932
f 928//928 927//927 929//929
f 929//929 927//927 933//933
f 929//929 933//933 932//932
f 922//922 921//921 928//928
f 931//931 932//932 934//934
f 932//932 933//933 935//935
f 936//936 916//916 917//917
f 916//916 936//936 913//913
f 913//913 936//936 937//937
f 913//913 937//937 914//914
f 914//914 937//937 938//938
f 914//914 938//938 915//915
f 915//915 938//938 939//939
f 915//915 939//939 903//903
f 932//932 935//935 934//934
f 934//934 935//935 940//940
f 934//934 940//940 941//941
f 942//942 943//943 944//944
f 931//931 936//936 930//930
f 930//930 936//936 917//917
f 930//930 917//917 918//918
f 941//941 945//945 944//944
f 944//944 945//945 946//946
f 944//944 946//946 942//942
f 931//931 934//934 936//936
f 936//936 934//934 941//941
f 936//936 941//941 937//937
f 937//937 941//941 944//944
f 937//937 944//944 938//938
f 938//938 944//944 943//943
f 938//938 943//943 939//939
f 947//947 948//948 899//899
f 899//899 948//948 892//892
f 949//949 892//892 948//948
f 899//899 898//898 947//947
f 947//947 898//898 903//903
f 947//947 903//903 948//948
f 948//948 903//903 939//939
f 948//948 939//939 949//949
f 949//949 939//939 943//943
f 949//949 943//943 942//942
f 950//950 951//951 952//952
f 953//953 954//954 892//892
f 892//892 954//954 955//955
f 892//892 955//955 893//893
f 955//955 950//950 907//907
f 907//907 950//950 909//909
f 952//952 921//921 950//950
f 950//950 921//921 920//920
f 950//950 920//920 925//925
f 925//925 926//926 950//950
f 950//950 926//926 911//911
f 950//950 911//911 909//909
f 907//907 905//905 955//955
f 955//955 905//905 904//904
f 955//955 904//904 900//900
f 900//900 896//896 955//955
f 955//955 896//896 895//895
f 955//955 895//895 893//893
f 956//956 957//957 958//958
f 958//958 957//957 959//959
f 958//958 959//959 960//960
f 960//960 959//959 961//961
f 961//961 959//959 962//962
f 961//961 962//962 963//963
f 963//963 962//962 964//964
f 963//963 964//964 965//965
f 966//966 967//967 968//968
f 968//968 967//967 969//969
f 968//968 969//969 964//964
f 964//964 969//969 970//970
f 964//964 970//970 965//965
f 971//971 966//966 972//972
f 972//972 966//966 968//968
f 972//972 968//968 973//973
f 974//974 975//975 962//962
f 973//973 968//968 975//975
f 975//975 968//968 964//964
f 975//975 964//964 962//962
f 974//974 962//962 976//976
f 976//976 962//962 959//959
f 976//976 959//959 977//977
f 977//977 959//959 957//957
f 977//977 957//957 978//978
f 979//979 980//980 981//981
f 982//982 983//983 984//984
f 984//984 983//983 985//985
f 984//984 985//985 986//986
f 982//982 984//984 987//987
f 987//987 984//984 988//988
f 987//987 988//988 989//989
f 989//989 988//988 990//990
f 989//989 990//990 991//991
f 991//991 990//990 992//992
f 991//991 992//992 993//993
f 994//994 995//995 996//996
f 986//986 994//994 997//997
f 998//998 996//996 999//999
f 999//999 996//996 995//995
f 999//999 995//995 1000//1000
f 1001//1001 1002//1002 998//998
f 998//998 1002//1002 1003//1003
f 998//998 1003//1003 996//996
f 1001//1001 1004//1004 1002//1002
f 1002//1002 1004//1004 1005//1005
f 1002//1002 1005//1005 1006//1006
f 994//994 996//996 997//997
f 997//997 996//996 1003//1003
f 997//997 1003//1003 1007//1007
f 1007//1007 1003//1003 1002//1002
f 1007//1007 1002//1002 981//981
f 981//981 1002//1002 1006//1006
f 981//981 1006//1006 979//979
f 986//986 997//997 984//984
f 984//984 997//997 1007//1007
f 984//984 1007//1007 988//988
f 988//988 1007//1007 981//981
f 988//988 981//981 990//990
f 990//990 981//981 980//980
f 990//990 980//980 992//992
f 971//971 1008//1008 966//966
f 1009//1009 1010//1010 1011//1011
f 1012//1012 1013//1013 1014//1014
f 1015//1015 1008//1008 1009//1009
f 1016//1016 1017//1017 1018//1018
f 1016//1016 1018//1018 1019//1019
f 1015//1015 1009//1009 1020//1020
f 1020//1020 1009//1009 1011//1011
f 1020//1020 1011//1011 1021//1021
f 1010//1010 1012//1012 1011//1011
f 1011//1011 1012//1012 1014//1014
f 1011//1011 1014//1014 1021//1021
f 1021//1021 1014//1014 1022//1022
f 1021//1021 1022//1022 1018//1018
f 1018//1018 1022//1022 1023//1023
f 1018//1018 1023//1023 1019//1019
f 1019//1019 1023//1023 1024//1024
f 1017//1017 1025//1025 1018//1018
f 1018//1018 1025//1025 1026//1026
f 1018//1018 1026//1026 1021//1021
f 1021//1021 1026//1026 1027//1027
f 1021//1021 1027//1027 1020//1020
f 1020//1020 1027//1027 1028//1028
f 1020//1020 1028//1028 1015//1015
f 1029//1029 1030//1030 1031//1031
f 1032//1032 1033//1033 1034//1034
f 1035//1035 1036//1036 1032//1032
f 1037//1037 1038//1038 1039//1039
f 1039//1039 1038//1038 1040//1040
f 1039//1039 1040//1040 1041//1041
f 1042//1042 1043//1043 1035//1035
f 1035//1035 1043//1043 1038//1038
f 1035//1035 1038//1038 1036//1036
f 1036//1036 1038//1038 1037//1037
f 1032//1032 1034//1034 1035//1035
f 1035//1035 1034//1034 1044//1044
f 1035//1035 1044//1044 1042//1042
f 1045//1045 1046//1046 1047//1047
f 1048//1048 1049//1049 1043//1043
f 1043//1043 1049//1049 1050//1050
f 1043//1043 1050//1050 1038//1038
f 1038//1038 1050//1050 1051//1051
f 1038//1038 1051//1051 1040//1040
f 1046//1046 1029//1029 1047//1047
f 1047//1047 1029//1029 1031//1031
f 1047//1047 1031//1031 1052//1052
f 1052//1052 1031//1031 1053//1053
f 1054//1054 1030//1030 1055//1055
f 1055//1055 1030//1030 1029//1029
f 1055//1055 1029//1029 1056//1056
f 1056//1056 1029//1029 1046//1046
f 1056//1056 1046//1046 1057//1057
f 1057//1057 1046//1046 1045//1045
f 1057//1057 1045//1045 1058//1058
f 1033//1033 1059//1059 1034//1034
f 1034//1034 1059//1059 1058//1058
f 1034//1034 1058//1058 1044//1044
f 1044//1044 1058//1058 1045//1045
f 1044//1044 1045//1045 1042//1042
f 1042//1042 1045//1045 1047//1047
f 1042//1042 1047//1047 1043//1043
f 1043//1043 1047//1047 1052//1052
f 1043//1043 1052//1052 1048//1048
f 1048//1048 1052//1052 1053//1053
f 1048//1048 1053//1053 1060//1060
f 1059//1059 1061//1061 1058//1058
f 1058//1058 1061//1061 1062//1062
f 1058//1058 1062//1062 1057//1057
f 1057//1057 1062//1062 1063//1063
f 1063//1063 1064//1064 1057//1057
f 1057//1057 1064//1064 1065//1065
f 1057//1057 1065//1065 1056//1056
f 1056//1056 1065//1065 1066//1066
f 1056//1056 1066//1066 1055//1055
f 1055//1055 1066//1066 1067//1067
f 1055//1055 1067//1067 1054//1054
f 1054//1054 1067//1067 1068//1068
f 978//978 1005//1005 1069//1069
f 1069//1069 1005//1005 1004//1004
f 1069//1069 1004//1004 1070//1070
f 1070//1070 1004//1004 1001//1001
f 1070//1070 1001//1001 1071//1071
f 1071//1071 1001//1001 998//998
f 1071//1071 998//998 1072//1072
f 1072//1072 998//998 999//999
f 1072//1072 999//999 1073//1073
f 1073//1073 999//999 1000//1000
f 1074//1074 1075//1075 1076//1076
f 1076//1076 1077//1077 1074//1074
f 1074//1074 1077//1077 1078//1078
f 1074//1074 1078//1078 1079//1079
f 1079//1079 1078//1078 1080//1080
f 1079//1079 1080//1080 1081//1081
f 1081//1081 1080//1080 1082//1082
f 1082//1082 1080//1080 1083//1083
f 1082//1082 1083//1083 1084//1084
f 1085//1085 1086//1086 1087//1087
f 1087//1087 1086//1086 1088//1088
f 1087//1087 1088//1088 1089//1089
f 1089//1089 1088//1088 1090//1090
f 1090//1090 1088//1088 1091//1091
f 1090//1090 1091//1091 1092//1092
f 1092//1092 1091//1091 1093//1093
f 1092//1092 1093//1093 1094//1094
f 1094//1094 1093//1093 1095//1095
f 1094//1094 1095//1095 1096//1096
f 1097//1097 1098//1098 1099//1099
f 1086//1086 1100//1100 1097//1097
f 1086//1086 1097//1097 1088//1088
f 1088//1088 1097//1097 1099//1099
f 1088//1088 1099//1099 1091//1091
f 1091//1091 1099//1099 1101//1101
f 1091//1091 1101//1101 1093//1093
f 1093//1093 1101//1101 1102//1102
f 1093//1093 1102//1102 1095//1095
f 1103//1103 1104//1104 1105//1105
f 1106//1106 1107//1107 1108//1108
f 1108//1108 1107//1107 1109//1109
f 1110//1110 1111//1111 1109//1109
f 1109//1109 1111//1111 1112//1112
f 1109//1109 1112//1112 1108//1108
f 1109//1109 1113//1113 1110//1110
f 1110//1110 1113//1113 1114//1114
f 1110//1110 1114//1114 1115//1115
f 1115//1115 1114//1114 1116//1116
f 1115//1115 1116//1116 1117//1117
f 1118//1118 1116//1116 1119//1119
f 1119//1119 1116//1116 1114//1114
f 1119//1119 1114//1114 1120//1120
f 1120//1120 1114//1114 1113//1113
f 1120//1120 1113//1113 1121//1121
f 1121//1121 1113//1113 1109//1109
f 1121//1121 1109//1109 1105//1105
f 1105//1105 1109//1109 1107//1107
f 1105//1105 1107//1107 1103//1103
f 1122//1122 1123//1123 1124//1124
f 1125//1125 1126//1126 1127//1127
f 1127//1127 1126//1126 1128//1128
f 1127//1127 1128//1128 1129//1129
f 1107//1107 1106//1106 1124//1124
f 1124//1124 1106//1106 1130//1130
f 1124//1124 1130//1130 1122//1122
f 1122//1122 1130//1130 1131//1131
f 1122//1122 1131//1131 1132//1132
f 1132//1132 1133//1133 1122//1122
f 1122//1122 1133//1133 1134//1134
f 1122//1122 1134//1134 1123//1123
f 1123//1123 1134//1134 1135//1135
f 1123//1123 1135//1135 1124//1124
f 1124//1124 1135//1135 1136//1136
f 1124//1124 1136//1136 1107//1107
f 1107//1107 1136//1136 1103//1103
f 1104//1104 1103//1103 1137//1137
f 1137//1137 1103//1103 1136//1136
f 1137//1137 1136//1136 1129//1129
f 1129//1129 1136//1136 1135//1135
f 1129//1129 1135//1135 1127//1127
f 1127//1127 1135//1135 1134//1134
f 1127//1127 1134//1134 1125//1125
f 1125//1125 1134//1134 1133//1133
f 1125//1125 1133//1133 1138//1138
f 1138//1138 1133//1133 1132//1132
f 1138//1138 1132//1132 1139//1139
f 1140//1140 1118//1118 1141//1141
f 1141//1141 1118//1118 1119//1119
f 1141//1141 1119//1119 1142//1142
f 1142//1142 1119//1119 1120//1120
f 1142//1142 1120//1120 1143//1143
f 1143//1143 1120//1120 1121//1121
f 1143//1143 1121//1121 1144//1144
f 1144//1144 1121//1121 1105//1105
f 1144//1144 1105//1105 1145//1145
f 1145//1145 1105//1105 1104//1104
f 1076//1076 1146//1146 1147//1147
f 1076//1076 1147//1147 1077//1077
f 1077//1077 1147//1147 1148//1148
f 1077//1077 1148//1148 1078//1078
f 1078//1078 1148//1148 1149//1149
f 1078//1078 1149//1149 1080//1080
f 1149//1149 1150//1150 1080//1080
f 1080//1080 1150//1150 1151//1151
f 1080//1080 1151//1151 1083//1083
f 1152//1152 1153//1153 1154//1154
f 1155//1155 1156//1156 1157//1157
f 1157//1157 1156//1156 1158//1158
f 1157//1157 1158//1158 1159//1159
f 1159//1159 1158//1158 1160//1160
f 1161//1161 1162//1162 1163//1163
f 1163//1163 1162//1162 1164//1164
f 1165//1165 1166//1166 1167//1167
f 1167//1167 1166//1166 1168//1168
f 1167//1167 1168//1168 1169//1169
f 1170//1170 1168//1168 1171//1171
f 1171//1171 1168//1168 1166//1166
f 1171//1171 1166//1166 1172//1172
f 1172//1172 1166//1166 1165//1165
f 1172//1172 1165//1165 1173//1173
f 1160//1160 1174//1174 1159//1159
f 1159//1159 1174//1174 1175//1175
f 1159//1159 1175//1175 1157//1157
f 1157//1157 1175//1175 1176//1176
f 1157//1157 1176//1176 1155//1155
f 1152//1152 1154//1154 1177//1177
f 1163//1163 1156//1156 1161//1161
f 1161//1161 1156//1156 1155//1155
f 1161//1161 1155//1155 1178//1178
f 1178//1178 1155//1155 1176//1176
f 1178//1178 1176//1176 1154//1154
f 1154//1154 1176//1176 1179//1179
f 1154//1154 1179//1179 1177//1177
f 1180//1180 1181//1181 1182//1182
f 1182//1182 1181//1181 1183//1183
f 1182//1182 1183//1183 1184//1184
f 1182//1182 1185//1185 1180//1180
f 1180//1180 1185//1185 1186//1186
f 1180//1180 1186//1186 1187//1187
f 1187//1187 1186//1186 1188//1188
f 1187//1187 1188//1188 1171//1171
f 1171//1171 1188//1188 1189//1189
f 1171//1171 1189//1189 1170//1170
f 1190//1190 1177//1177 1191//1191
f 1191//1191 1177//1177 1179//1179
f 1191//1191 1179//1179 1192//1192
f 1192//1192 1179//1179 1176//1176
f 1192//1192 1176//1176 1193//1193
f 1193//1193 1176//1176 1175//1175
f 1173//1173 1164//1164 1172//1172
f 1172//1172 1164//1164 1162//1162
f 1172//1172 1162//1162 1171//1171
f 1171//1171 1162//1162 1161//1161
f 1171//1171 1161//1161 1187//1187
f 1187//1187 1161//1161 1178//1178
f 1187//1187 1178//1178 1180//1180
f 1180//1180 1178//1178 1154//1154
f 1180//1180 1154//1154 1181//1181
f 1181//1181 1154//1154 1153//1153
f 1181//1181 1153//1153 1183//1183
f 1145//1145 1104//1104 1137//1137
f 1194//1194 1145//1145 1195//1195
f 1195//1195 1145//1145 1137//1137
f 1195//1195 1137//1137 1196//1196
f 1196//1196 1137//1137 1129//1129
f 1196//1196 1129//1129 1197//1197
f 1197//1197 1129//1129 1128//1128
f 1197//1197 1128//1128 1198//1198
f 1198//1198 1128//1128 1126//1126
f 1198//1198 1126//1126 1199//1199
f 1100//1100 1200//1200 1201//1201
f 1202//1202 1203//1203 1204//1204
f 1204//1204 1203//1203 1100//1100
f 1204//1204 1100//1100 1205//1205
f 1205//1205 1100//1100 1201//1201
f 1206//1206 1207//1207 1208//1208
f 1086//1086 1083//1083 1100//1100
f 1100//1100 1083//1083 1151//1151
f 1100//1100 1151//1151 1200//1200
f 1208//1208 1209//1209 1206//1206
f 1206//1206 1209//1209 1210//1210
f 1206//1206 1210//1210 1211//1211
f 1202//1202 1212//1212 1203//1203
f 1203//1203 1212//1212 1206//1206
f 1203//1203 1206//1206 1213//1213
f 1213//1213 1206//1206 1211//1211
f 1213//1213 1211//1211 1214//1214
f 1215//1215 1169//1169 1216//1216
f 1216//1216 1169//1169 1168//1168
f 1216//1216 1168//1168 1217//1217
f 1217//1217 1168//1168 1170//1170
f 1217//1217 1170//1170 1218//1218
f 1218//1218 1170//1170 1189//1189
f 1218//1218 1189//1189 1219//1219
f 1219//1219 1189//1189 1188//1188
f 1219//1219 1188//1188 1220//1220
f 1220//1220 1188//1188 1186//1186
f 1220//1220 1186//1186 1221//1221
f 1221//1221 1186//1186 1185//1185
f 1184//1184 1222//1222 1223//1223
f 1184//1184 1223//1223 1182//1182
f 1182//1182 1223//1223 1224//1224
f 1182//1182 1224//1224 1185//1185
f 1185//1185 1224//1224 1225//1225
f 1185//1185 1225//1225 1221//1221
f 949//949 942//942 1226//1226
f 1226//1226 1227//1227 949//949
f 949//949 1227//1227 953//953
f 949//949 953//953 892//892
f 921//921 952//952 927//927
f 927//927 952//952 1228//1228
f 1228//1228 1229//1229 927//927
f 927//927 1229//1229 1230//1230
f 927//927 1230//1230 933//933
f 1231//1231 1232//1232 1233//1233
f 1233//1233 1232//1232 1234//1234
f 1233//1233 1234//1234 1235//1235
f 1235//1235 1234//1234 1236//1236
f 1230//1230 1229//1229 1237//1237
f 1237//1237 1229//1229 1238//1238
f 1237//1237 1238//1238 1239//1239
f 1239//1239 1238//1238 1240//1240
f 1239//1239 1240//1240 1241//1241
f 1241//1241 1240//1240 1242//1242
f 1241//1241 1242//1242 1243//1243
f 1243//1243 1242//1242 1244//1244
f 1243//1243 1244//1244 1245//1245
f 1245//1245 1244//1244 1246//1246
f 1245//1245 1246//1246 1247//1247
f 1247//1247 1246//1246 1248//1248
f 1249//1249 1228//1228 952//952
f 1250//1250 1251//1251 1252//1252
f 1252//1252 1251//1251 1253//1253
f 1252//1252 1253//1253 1254//1254
f 1254//1254 1253//1253 1255//1255
f 1254//1254 1255//1255 1232//1232
f 1232//1232 1255//1255 1256//1256
f 1232//1232 1256//1256 1234//1234
f 952//952 1257//1257 1249//1249
f 1249//1249 1257//1257 1258//1258
f 1249//1249 1258//1258 1259//1259
f 1259//1259 1258//1258 1250//1250
f 1259//1259 1250//1250 1260//1260
f 1260//1260 1250//1250 1252//1252
f 1245//1245 1261//1261 1243//1243
f 1243//1243 1261//1261 1262//1262
f 1243//1243 1262//1262 1241//1241
f 1241//1241 1262//1262 1263//1263
f 1241//1241 1263//1263 1239//1239
f 1239//1239 1263//1263 1264//1264
f 1239//1239 1264//1264 1237//1237
f 1231//1231 1265//1265 1232//1232
f 1232//1232 1265//1265 1248//1248
f 1232//1232 1248//1248 1254//1254
f 1254//1254 1248//1248 1246//1246
f 1254//1254 1246//1246 1252//1252
f 1252//1252 1246//1246 1244//1244
f 1252//1252 1244//1244 1260//1260
f 1260//1260 1244//1244 1242//1242
f 1260//1260 1242//1242 1259//1259
f 1259//1259 1242//1242 1240//1240
f 1259//1259 1240//1240 1249//1249
f 1249//1249 1240//1240 1238//1238
f 1249//1249 1238//1238 1228//1228
f 1228//1228 1238//1238 1229//1229
f 1266//1266 1267//1267 1268//1268
f 1269//1269 1270//1270 1271//1271
f 1272//1272 1273//1273 1274//1274
f 1274//1274 1273//1273 1275//1275
f 1274//1274 1275//1275 953//953
f 1276//1276 1277//1277 1278//1278
f 1278//1278 1277//1277 1279//1279
f 1279//1279 1280//1280 1278//1278
f 1278//1278 1280//1280 1281//1281
f 1278//1278 1281//1281 1282//1282
f 1282//1282 1281//1281 1271//1271
f 1282//1282 1271//1271 1283//1283
f 1283//1283 1271//1271 1270//1270
f 1283//1283 1270//1270 1284//1284
f 1284//1284 1270//1270 1285//1285
f 1284//1284 1285//1285 1286//1286
f 1287//1287 1288//1288 1289//1289
f 1289//1289 1288//1288 1290//1290
f 1276//1276 1273//1273 1277//1277
f 1277//1277 1273//1273 1272//1272
f 1277//1277 1272//1272 1279//1279
f 1279//1279 1272//1272 1291//1291
f 1279//1279 1291//1291 1280//1280
f 1280//1280 1291//1291 1292//1292
f 1280//1280 1292//1292 1281//1281
f 1281//1281 1292//1292 1268//1268
f 1281//1281 1268//1268 1271//1271
f 1271//1271 1268//1268 1267//1267
f 1271//1271 1267//1267 1269//1269
f 1290//1290 1288//1288 1293//1293
f 1293//1293 1288//1288 1294//1294
f 1293//1293 1294//1294 1295//1295
f 1295//1295 1294//1294 1296//1296
f 1295//1295 1296//1296 1297//1297
f 1297//1297 1296//1296 1298//1298
f 1297//1297 1298//1298 1299//1299
f 1299//1299 1298//1298 1227//1227
f 1299//1299 1227//1227 1226//1226
f 953//953 1227//1227 1274//1274
f 1274//1274 1227//1227 1298//1298
f 1274//1274 1298//1298 1272//1272
f 1272//1272 1298//1298 1296//1296
f 1272//1272 1296//1296 1291//1291
f 1291//1291 1296//1296 1294//1294
f 1291//1291 1294//1294 1292//1292
f 1292//1292 1294//1294 1288//1288
f 1292//1292 1288//1288 1268//1268
f 1268//1268 1288//1288 1287//1287
f 1268//1268 1287//1287 1266//1266
f 1300//1300 1301//1301 1286//1286
f 1302//1302 1303//1303 1304//1304
f 1305//1305 1306//1306 1236//1236
f 1236//1236 1306//1306 1307//1307
f 1236//1236 1307//1307 1235//1235
f 1308//1308 1309//1309 1305//1305
f 1310//1310 1311//1311 1312//1312
f 1312//1312 1311//1311 1313//1313
f 1312//1312 1313//1313 1302//1302
f 1302//1302 1313//1313 1314//1314
f 1302//1302 1314//1314 1315//1315
f 1316//1316 1290//1290 1317//1317
f 1317//1317 1290//1290 1318//1318
f 1317//1317 1318//1318 1319//1319
f 1236//1236 1061//1061 1059//1059
f 1303//1303 1302//1302 1320//1320
f 1320//1320 1302//1302 1315//1315
f 1320//1320 1315//1315 1301//1301
f 1301//1301 1315//1315 1321//1321
f 1301//1301 1321//1321 1322//1322
f 1318//1318 1323//1323 1319//1319
f 1319//1319 1323//1323 1324//1324
f 1319//1319 1324//1324 1325//1325
f 1325//1325 1324//1324 1326//1326
f 1325//1325 1326//1326 1327//1327
f 1327//1327 1326//1326 1261//1261
f 1327//1327 1261//1261 1328//1328
f 1305//1305 1236//1236 1308//1308
f 1308//1308 1236//1236 1059//1059
f 1308//1308 1059//1059 1329//1329
f 1215//1215 1286//1286 1169//1169
f 1169//1169 1286//1286 1301//1301
f 1169//1169 1301//1301 1167//1167
f 1167//1167 1301//1301 1322//1322
f 1167//1167 1322//1322 1165//1165
f 1156//1156 1163//1163 1330//1330
f 1330//1330 1163//1163 1164//1164
f 1330//1330 1164//1164 1322//1322
f 1322//1322 1164//1164 1173//1173
f 1322//1322 1173//1173 1165//1165
f 1331//1331 1332//1332 1333//1333
f 1333//1333 1332//1332 1334//1334
f 1312//1312 1335//1335 1310//1310
f 1310//1310 1335//1335 1336//1336
f 1310//1310 1336//1336 1337//1337
f 1338//1338 1287//1287 1316//1316
f 1316//1316 1287//1287 1289//1289
f 1316//1316 1289//1289 1290//1290
f 1304//1304 1339//1339 1302//1302
f 1302//1302 1339//1339 1340//1340
f 1302//1302 1340//1340 1341//1341
f 1341//1341 1340//1340 1342//1342
f 1343//1343 1344//1344 1339//1339
f 1059//1059 1033//1033 1329//1329
f 1329//1329 1033//1033 1032//1032
f 1329//1329 1032//1032 1345//1345
f 1345//1345 1032//1032 1036//1036
f 1345//1345 1036//1036 1346//1346
f 1346//1346 1036//1036 1037//1037
f 1346//1346 1037//1037 1039//1039
f 1334//1334 1347//1347 1333//1333
f 1333//1333 1347//1347 1348//1348
f 1333//1333 1348//1348 1349//1349
f 1349//1349 1348//1348 1160//1160
f 1349//1349 1160//1160 1330//1330
f 1330//1330 1160//1160 1158//1158
f 1330//1330 1158//1158 1156//1156
f 1350//1350 1351//1351 1352//1352
f 1353//1353 1354//1354 1337//1337
f 1337//1337 1354//1354 1355//1355
f 1337//1337 1355//1355 1331//1331
f 1331//1331 1355//1355 1356//1356
f 1331//1331 1356//1356 1332//1332
f 1336//1336 1357//1357 1337//1337
f 1337//1337 1357//1357 1358//1358
f 1337//1337 1358//1358 1359//1359
f 1350//1350 1337//1337 1360//1360
f 1360//1360 1337//1337 1361//1361
f 1261//1261 1245//1245 1328//1328
f 1328//1328 1245//1245 1247//1247
f 1328//1328 1247//1247 1248//1248
f 1269//1269 1267//1267 1338//1338
f 1338//1338 1267//1267 1266//1266
f 1338//1338 1266//1266 1287//1287
f 1343//1343 1339//1339 1362//1362
f 1344//1344 1363//1363 1339//1339
f 1339//1339 1363//1363 1364//1364
f 1339//1339 1364//1364 1340//1340
f 1340//1340 1364//1364 1073//1073
f 1340//1340 1073//1073 1000//1000
f 1350//1350 1352//1352 1337//1337
f 1337//1337 1352//1352 1365//1365
f 1337//1337 1365//1365 1353//1353
f 1248//1248 1265//1265 1328//1328
f 1328//1328 1265//1265 1231//1231
f 1328//1328 1231//1231 1307//1307
f 1307//1307 1231//1231 1233//1233
f 1307//1307 1233//1233 1235//1235
f 1309//1309 1366//1366 1305//1305
f 1305//1305 1366//1366 1300//1300
f 1305//1305 1300//1300 1367//1367
f 1367//1367 1300//1300 1286//1286
f 1367//1367 1286//1286 1368//1368
f 1368//1368 1286//1286 1285//1285
f 1368//1368 1285//1285 1338//1338
f 1338//1338 1285//1285 1270//1270
f 1338//1338 1270//1270 1269//1269
f 1369//1369 1370//1370 1340//1340
f 1340//1340 1370//1370 1371//1371
f 1340//1340 1371//1371 1342//1342
f 1359//1359 1372//1372 1337//1337
f 1337//1337 1372//1372 1373//1373
f 1337//1337 1373//1373 1361//1361
f 1374//1374 1375//1375 1340//1340
f 1340//1340 1375//1375 1376//1376
f 1340//1340 1376//1376 1369//1369
f 1039//1039 1041//1041 1346//1346
f 1346//1346 1041//1041 1377//1377
f 1346//1346 1377//1377 1339//1339
f 1339//1339 1377//1377 1378//1378
f 1339//1339 1378//1378 1362//1362
f 1379//1379 1380//1380 1381//1381
f 1218//1218 1219//1219 1382//1382
f 1383//1383 1224//1224 1384//1384
f 1384//1384 1224//1224 1223//1223
f 1384//1384 1223//1223 1385//1385
f 1385//1385 1223//1223 1222//1222
f 1385//1385 1222//1222 1386//1386
f 1220//1220 1221//1221 1383//1383
f 1383//1383 1221//1221 1225//1225
f 1383//1383 1225//1225 1224//1224
f 1387//1387 954//954 1388//1388
f 1388//1388 954//954 1389//1389
f 1388//1388 1389//1389 1390//1390
f 1389//1389 1391//1391 1390//1390
f 1390//1390 1391//1391 1392//1392
f 1390//1390 1392//1392 1393//1393
f 1215//1215 1216//1216 1394//1394
f 1394//1394 1216//1216 1395//1395
f 1394//1394 1395//1395 1396//1396
f 1396//1396 1395//1395 1393//1393
f 1396//1396 1393//1393 1397//1397
f 1397//1397 1393//1393 1392//1392
f 1216//1216 1217//1217 1395//1395
f 1395//1395 1217//1217 1218//1218
f 1395//1395 1218//1218 1393//1393
f 1393//1393 1218//1218 1382//1382
f 1393//1393 1382//1382 1390//1390
f 1390//1390 1382//1382 1398//1398
f 1390//1390 1398//1398 1388//1388
f 1388//1388 1398//1398 1381//1381
f 1388//1388 1381//1381 1387//1387
f 1387//1387 1381//1381 1380//1380
f 1219//1219 1220//1220 1382//1382
f 1382//1382 1220//1220 1383//1383
f 1382//1382 1383//1383 1398//1398
f 1398//1398 1383//1383 1384//1384
f 1398//1398 1384//1384 1381//1381
f 1381//1381 1384//1384 1385//1385
f 1381//1381 1385//1385 1379//1379
f 1379//1379 1385//1385 1386//1386
f 1140//1140 1141//1141 1399//1399
f 1399//1399 1400//1400 1140//1140
f 1140//1140 1400//1400 1401//1401
f 1140//1140 1401//1401 1402//1402
f 1142//1142 1403//1403 1141//1141
f 1141//1141 1403//1403 1404//1404
f 1141//1141 1404//1404 1399//1399
f 1144//1144 1145//1145 1405//1405
f 1405//1405 1406//1406 1144//1144
f 1144//1144 1406//1406 1407//1407
f 1144//1144 1407//1407 1143//1143
f 1143//1143 1407//1407 1408//1408
f 1143//1143 1408//1408 1142//1142
f 1142//1142 1408//1408 1409//1409
f 1142//1142 1409//1409 1403//1403
f 1146//1146 1402//1402 1410//1410
f 1410//1410 1402//1402 1411//1411
f 1410//1410 1411//1411 1412//1412
f 1412//1412 1411//1411 1413//1413
f 1412//1412 1413//1413 1414//1414
f 1414//1414 1413//1413 1415//1415
f 1352//1352 1351//1351 1416//1416
f 1416//1416 1351//1351 1417//1417
f 1416//1416 1417//1417 1418//1418
f 1418//1418 1417//1417 1419//1419
f 1418//1418 1419//1419 1415//1415
f 1415//1415 1419//1419 1420//1420
f 1415//1415 1420//1420 1414//1414
f 1421//1421 1422//1422 1423//1423
f 1065//1065 1424//1424 1425//1425
f 1426//1426 1062//1062 1061//1061
f 1062//1062 1426//1426 1063//1063
f 1063//1063 1426//1426 1427//1427
f 1063//1063 1427//1427 1064//1064
f 1065//1065 1425//1425 1066//1066
f 1066//1066 1425//1425 1423//1423
f 1066//1066 1423//1423 1067//1067
f 1067//1067 1423//1423 1422//1422
f 1067//1067 1422//1422 1068//1068
f 1065//1065 1064//1064 1424//1424
f 1424//1424 1064//1064 1427//1427
f 1424//1424 1427//1427 1425//1425
f 1425//1425 1427//1427 1428//1428
f 1425//1425 1428//1428 1423//1423
f 1423//1423 1428//1428 1429//1429
f 1423//1423 1429//1429 1421//1421
f 1421//1421 1429//1429 1430//1430
f 951//951 1430//1430 1431//1431
f 1431//1431 1430//1430 1429//1429
f 1431//1431 1429//1429 1432//1432
f 1432//1432 1429//1429 1428//1428
f 1432//1432 1428//1428 1433//1433
f 1433//1433 1428//1428 1427//1427
f 1061//1061 1434//1434 1426//1426
f 1426//1426 1434//1434 1435//1435
f 1426//1426 1435//1435 1427//1427
f 1427//1427 1435//1435 1436//1436
f 1427//1427 1436//1436 1433//1433
f 1160//1160 1348//1348 1174//1174
f 1174//1174 1348//1348 1437//1437
f 1174//1174 1437//1437 1175//1175
f 1175//1175 1437//1437 1438//1438
f 1175//1175 1438//1438 1193//1193
f 1193//1193 1438//1438 1439//1439
f 1193//1193 1439//1439 1192//1192
f 1192//1192 1439//1439 1440//1440
f 1192//1192 1440//1440 1191//1191
f 1191//1191 1440//1440 1441//1441
f 1191//1191 1441//1441 1190//1190
f 1190//1190 1441//1441 1442//1442
f 1443//1443 1444//1444 1445//1445
f 1446//1446 1447//1447 1448//1448
f 1449//1449 1450//1450 1451//1451
f 1451//1451 1450//1450 1452//1452
f 1453//1453 1443//1443 1454//1454
f 1454//1454 1443//1443 1445//1445
f 1454//1454 1445//1445 1455//1455
f 1455//1455 1445//1445 1456//1456
f 1455//1455 1456//1456 1457//1457
f 1458//1458 1451//1451 1459//1459
f 1459//1459 1451//1451 1452//1452
f 1459//1459 1452//1452 1448//1448
f 1448//1448 1452//1452 1442//1442
f 1448//1448 1442//1442 1446//1446
f 1460//1460 1461//1461 1462//1462
f 1444//1444 1463//1463 1445//1445
f 1445//1445 1463//1463 1464//1464
f 1445//1445 1464//1464 1456//1456
f 1456//1456 1464//1464 1465//1465
f 1466//1466 1449//1449 1467//1467
f 1467//1467 1449//1449 1451//1451
f 1467//1467 1451//1451 1468//1468
f 1468//1468 1451//1451 1458//1458
f 1468//1468 1458//1458 1469//1469
f 1469//1469 1458//1458 1460//1460
f 1469//1469 1460//1460 1470//1470
f 1470//1470 1460//1460 1462//1462
f 1470//1470 1462//1462 1471//1471
f 1447//1447 1457//1457 1448//1448
f 1448//1448 1457//1457 1456//1456
f 1448//1448 1456//1456 1459//1459
f 1459//1459 1456//1456 1465//1465
f 1459//1459 1465//1465 1458//1458
f 1458//1458 1465//1465 1464//1464
f 1458//1458 1464//1464 1460//1460
f 1460//1460 1464//1464 1463//1463
f 1460//1460 1463//1463 1461//1461
f 1471//1471 1194//1194 1195//1195
f 1470//1470 1471//1471 1195//1195
f 1470//1470 1195//1195 1469//1469
f 1469//1469 1195//1195 1196//1196
f 1469//1469 1196//1196 1468//1468
f 1468//1468 1196//1196 1197//1197
f 1468//1468 1197//1197 1467//1467
f 1197//1197 1198//1198 1467//1467
f 1467//1467 1198//1198 1199//1199
f 1467//1467 1199//1199 1466//1466
f 1051//1051 1472//1472 1040//1040
f 1040//1040 1472//1472 1377//1377
f 1040//1040 1377//1377 1041//1041
f 1060//1060 1024//1024 1048//1048
f 1048//1048 1024//1024 1473//1473
f 1048//1048 1473//1473 1049//1049
f 1049//1049 1473//1473 1474//1474
f 1049//1049 1474//1474 1050//1050
f 1050//1050 1474//1474 1475//1475
f 1050//1050 1475//1475 1051//1051
f 1051//1051 1475//1475 1476//1476
f 1051//1051 1476//1476 1472//1472
f 1477//1477 1478//1478 1479//1479
f 1479//1479 1478//1478 1480//1480
f 1481//1481 1482//1482 1483//1483
f 1483//1483 1482//1482 1484//1484
f 1483//1483 1484//1484 1485//1485
f 1485//1485 1484//1484 1486//1486
f 1485//1485 1486//1486 1480//1480
f 1480//1480 1486//1486 1487//1487
f 1480//1480 1487//1487 1479//1479
f 1488//1488 1489//1489 1490//1490
f 1490//1490 1489//1489 1491//1491
f 1482//1482 1481//1481 1492//1492
f 1492//1492 1481//1481 1490//1490
f 1492//1492 1490//1490 1493//1493
f 1493//1493 1490//1490 1491//1491
f 1494//1494 1495//1495 1496//1496
f 1496//1496 1495//1495 1497//1497
f 1498//1498 1499//1499 1500//1500
f 1492//1492 1493//1493 1501//1501
f 1502//1502 1503//1503 1504//1504
f 1504//1504 1503//1503 1505//1505
f 1504//1504 1505//1505 1506//1506
f 1507//1507 1508//1508 1509//1509
f 1509//1509 1508//1508 1510//1510
f 1509//1509 1510//1510 1511//1511
f 1511//1511 1510//1510 1512//1512
f 1511//1511 1512//1512 1501//1501
f 1501//1501 1512//1512 1513//1513
f 1501//1501 1513//1513 1492//1492
f 1503//1503 1499//1499 1505//1505
f 1505//1505 1499//1499 1498//1498
f 1505//1505 1498//1498 1506//1506
f 1506//1506 1498//1498 1514//1514
f 1506//1506 1514//1514 1515//1515
f 1516//1516 1517//1517 1518//1518
f 1518//1518 1517//1517 1519//1519
f 1518//1518 1519//1519 1520//1520
f 1521//1521 1522//1522 1523//1523
f 1523//1523 1522//1522 1524//1524
f 1523//1523 1524//1524 1525//1525
f 1526//1526 1527//1527 1528//1528
f 1529//1529 1526//1526 1530//1530
f 1530//1530 1526//1526 1528//1528
f 1530//1530 1528//1528 1531//1531
f 1531//1531 1528//1528 1532//1532
f 1531//1531 1532//1532 1533//1533
f 1533//1533 1532//1532 1515//1515
f 1525//1525 1529//1529 1523//1523
f 1523//1523 1529//1529 1530//1530
f 1523//1523 1530//1530 1534//1534
f 1534//1534 1530//1530 1531//1531
f 1534//1534 1531//1531 1535//1535
f 1535//1535 1531//1531 1533//1533
f 1535//1535 1533//1533 1507//1507
f 1507//1507 1533//1533 1515//1515
f 1507//1507 1515//1515 1508//1508
f 1508//1508 1515//1515 1514//1514
f 1508//1508 1514//1514 1510//1510
f 1510//1510 1514//1514 1498//1498
f 1510//1510 1498//1498 1512//1512
f 1512//1512 1498//1498 1500//1500
f 1512//1512 1500//1500 1513//1513
f 1536//1536 1491//1491 1489//1489
f 1537//1537 1538//1538 1539//1539
f 1539//1539 1538//1538 1540//1540
f 1539//1539 1540//1540 1541//1541
f 1489//1489 1542//1542 1536//1536
f 1536//1536 1542//1542 1543//1543
f 1536//1536 1543//1543 1544//1544
f 1544//1544 1543//1543 1545//1545
f 1544//1544 1545//1545 1546//1546
f 1546//1546 1545//1545 1537//1537
f 1546//1546 1537//1537 1520//1520
f 1520//1520 1537//1537 1539//1539
f 1520//1520 1539//1539 1518//1518
f 1518//1518 1539//1539 1541//1541
f 1518//1518 1541//1541 1516//1516
f 1527//1527 1494//1494 1528//1528
f 1528//1528 1494//1494 1496//1496
f 1528//1528 1496//1496 1532//1532
f 1532//1532 1496//1496 1497//1497
f 1532//1532 1497//1497 1515//1515
f 1515//1515 1497//1497 1547//1547
f 1515//1515 1547//1547 1506//1506
f 1506//1506 1547//1547 1548//1548
f 1506//1506 1548//1548 1504//1504
f 1493//1493 1491//1491 1501//1501
f 1501//1501 1491//1491 1536//1536
f 1501//1501 1536//1536 1511//1511
f 1511//1511 1536//1536 1544//1544
f 1511//1511 1544//1544 1509//1509
f 1509//1509 1544//1544 1546//1546
f 1509//1509 1546//1546 1507//1507
f 1507//1507 1546//1546 1520//1520
f 1507//1507 1520//1520 1535//1535
f 1535//1535 1520//1520 1519//1519
f 1535//1535 1519//1519 1534//1534
f 1534//1534 1519//1519 1517//1517
f 1534//1534 1517//1517 1523//1523
f 1523//1523 1517//1517 1516//1516
f 1523//1523 1516//1516 1521//1521
f 1502//1502 1549//1549 985//985
f 985//985 1549//1549 986//986
f 986//986 1549//1549 994//994
f 994//994 1549//1549 1550//1550
f 994//994 1550//1550 995//995
f 995//995 1550//1550 1340//1340
f 995//995 1340//1340 1000//1000
f 1551//1551 1552//1552 1553//1553
f 1553//1553 1552//1552 1554//1554
f 1555//1555 1553//1553 1556//1556
f 1556//1556 1553//1553 1554//1554
f 1556//1556 1554//1554 1102//1102
f 1102//1102 1554//1554 1478//1478
f 1286//1286 1215//1215 1284//1284
f 1284//1284 1215//1215 1394//1394
f 1284//1284 1394//1394 1283//1283
f 1283//1283 1394//1394 1396//1396
f 1283//1283 1396//1396 1282//1282
f 1282//1282 1396//1396 1397//1397
f 1282//1282 1397//1397 1278//1278
f 1397//1397 1392//1392 1278//1278
f 1278//1278 1392//1392 1391//1391
f 1278//1278 1391//1391 1276//1276
f 1276//1276 1391//1391 1389//1389
f 1276//1276 1389//1389 1273//1273
f 1273//1273 1389//1389 1275//1275
f 1275//1275 1389//1389 954//954
f 1275//1275 954//954 953//953
f 1431//1431 1258//1258 951//951
f 951//951 1258//1258 1257//1257
f 951//951 1257//1257 952//952
f 1061//1061 1236//1236 1434//1434
f 1434//1434 1236//1236 1234//1234
f 1434//1434 1234//1234 1435//1435
f 1435//1435 1234//1234 1256//1256
f 1435//1435 1256//1256 1436//1436
f 1436//1436 1256//1256 1255//1255
f 1436//1436 1255//1255 1433//1433
f 1433//1433 1255//1255 1253//1253
f 1433//1433 1253//1253 1432//1432
f 1432//1432 1253//1253 1251//1251
f 1432//1432 1251//1251 1431//1431
f 1431//1431 1251//1251 1250//1250
f 1431//1431 1250//1250 1258//1258
f 1557//1557 1558//1558 1559//1559
f 1560//1560 1561//1561 1562//1562
f 1560//1560 1563//1563 1557//1557
f 1557//1557 1563//1563 1564//1564
f 1557//1557 1564//1564 1565//1565
f 1344//1344 1343//1343 1566//1566
f 1566//1566 1343//1343 1362//1362
f 1566//1566 1362//1362 1567//1567
f 1567//1567 1362//1362 1378//1378
f 1567//1567 1378//1378 1377//1377
f 1566//1566 1568//1568 1344//1344
f 1344//1344 1568//1568 1569//1569
f 1344//1344 1569//1569 1363//1363
f 1363//1363 1569//1569 1570//1570
f 1363//1363 1570//1570 1364//1364
f 1364//1364 1570//1570 1072//1072
f 1364//1364 1072//1072 1073//1073
f 1571//1571 1572//1572 1573//1573
f 1573//1573 1572//1572 1574//1574
f 1573//1573 1574//1574 1575//1575
f 1576//1576 1575//1575 1577//1577
f 1577//1577 1575//1575 1574//1574
f 1577//1577 1574//1574 1578//1578
f 1578//1578 1574//1574 1572//1572
f 1560//1560 1557//1557 1561//1561
f 1561//1561 1557//1557 1559//1559
f 1561//1561 1559//1559 1562//1562
f 1562//1562 1559//1559 1579//1579
f 1562//1562 1579//1579 1377//1377
f 1567//1567 1571//1571 1566//1566
f 1566//1566 1571//1571 1573//1573
f 1566//1566 1573//1573 1568//1568
f 1568//1568 1573//1573 1575//1575
f 1568//1568 1575//1575 1569//1569
f 1569//1569 1575//1575 1576//1576
f 1569//1569 1576//1576 1570//1570
f 1570//1570 1576//1576 1580//1580
f 1570//1570 1580//1580 1072//1072
f 1581//1581 1582//1582 1583//1583
f 1584//1584 971//971 972//972
f 1584//1584 972//972 1583//1583
f 1585//1585 1586//1586 1587//1587
f 977//977 1588//1588 976//976
f 976//976 1588//1588 1589//1589
f 976//976 1589//1589 974//974
f 974//974 1589//1589 1590//1590
f 974//974 1590//1590 975//975
f 975//975 1590//1590 973//973
f 977//977 978//978 1588//1588
f 1588//1588 978//978 1069//1069
f 1588//1588 1069//1069 1591//1591
f 1591//1591 1069//1069 1070//1070
f 1591//1591 1070//1070 1071//1071
f 1582//1582 1581//1581 1586//1586
f 1586//1586 1581//1581 1592//1592
f 1586//1586 1592//1592 1587//1587
f 1587//1587 1592//1592 1593//1593
f 1587//1587 1593//1593 1594//1594
f 972//972 973//973 1583//1583
f 1583//1583 973//973 1590//1590
f 1583//1583 1590//1590 1581//1581
f 1581//1581 1590//1590 1589//1589
f 1581//1581 1589//1589 1592//1592
f 1592//1592 1589//1589 1588//1588
f 1592//1592 1588//1588 1593//1593
f 1593//1593 1588//1588 1591//1591
f 1593//1593 1591//1591 1594//1594
f 1558//1558 1557//1557 1585//1585
f 1585//1585 1557//1557 1565//1565
f 1585//1585 1565//1565 1586//1586
f 1586//1586 1565//1565 1595//1595
f 1586//1586 1595//1595 1582//1582
f 1582//1582 1595//1595 1596//1596
f 1582//1582 1596//1596 1583//1583
f 1583//1583 1596//1596 1597//1597
f 1583//1583 1597//1597 1584//1584
f 1377//1377 1579//1579 1567//1567
f 1567//1567 1579//1579 1559//1559
f 1567//1567 1559//1559 1571//1571
f 1571//1571 1559//1559 1558//1558
f 1571//1571 1558//1558 1572//1572
f 1572//1572 1558//1558 1585//1585
f 1572//1572 1585//1585 1578//1578
f 1578//1578 1585//1585 1587//1587
f 1578//1578 1587//1587 1577//1577
f 1577//1577 1587//1587 1594//1594
f 1577//1577 1594//1594 1576//1576
f 1576//1576 1594//1594 1591//1591
f 1576//1576 1591//1591 1580//1580
f 1580//1580 1591//1591 1071//1071
f 1580//1580 1071//1071 1072//1072
f 1550//1550 1598//1598 1340//1340
f 1340//1340 1598//1598 1374//1374
f 1502//1502 1504//1504 1549//1549
f 1549//1549 1504//1504 1599//1599
f 1549//1549 1599//1599 1550//1550
f 1550//1550 1599//1599 1600//1600
f 1550//1550 1600//1600 1598//1598
f 1601//1601 1602//1602 1603//1603
f 1374//1374 1598//1598 1604//1604
f 1374//1374 1604//1604 1375//1375
f 1375//1375 1604//1604 1605//1605
f 1375//1375 1605//1605 1376//1376
f 1376//1376 1605//1605 1606//1606
f 1376//1376 1606//1606 1369//1369
f 1369//1369 1606//1606 1607//1607
f 1369//1369 1607//1607 1370//1370
f 1370//1370 1607//1607 1608//1608
f 1370//1370 1608//1608 1371//1371
f 1371//1371 1608//1608 1609//1609
f 1371//1371 1609//1609 1342//1342
f 1342//1342 1609//1609 1610//1610
f 1342//1342 1610//1610 1341//1341
f 1302//1302 1341//1341 1611//1611
f 1611//1611 1341//1341 1610//1610
f 1611//1611 1610//1610 1602//1602
f 1612//1612 1613//1613 1601//1601
f 1613//1613 1612//1612 1614//1614
f 1602//1602 1610//1610 1603//1603
f 1603//1603 1610//1610 1609//1609
f 1603//1603 1609//1609 1615//1615
f 1615//1615 1609//1609 1608//1608
f 1615//1615 1608//1608 1616//1616
f 1616//1616 1608//1608 1607//1607
f 1616//1616 1607//1607 1617//1617
f 1617//1617 1607//1607 1606//1606
f 1617//1617 1606//1606 1618//1618
f 1618//1618 1606//1606 1605//1605
f 1618//1618 1605//1605 1619//1619
f 1619//1619 1605//1605 1604//1604
f 1619//1619 1604//1604 1620//1620
f 1620//1620 1604//1604 1598//1598
f 1620//1620 1598//1598 1600//1600
f 1601//1601 1603//1603 1612//1612
f 1612//1612 1603//1603 1615//1615
f 1612//1612 1615//1615 1621//1621
f 1621//1621 1615//1615 1616//1616
f 1621//1621 1616//1616 1622//1622
f 1622//1622 1616//1616 1617//1617
f 1622//1622 1617//1617 1623//1623
f 1623//1623 1617//1617 1618//1618
f 1623//1623 1618//1618 1624//1624
f 1624//1624 1618//1618 1619//1619
f 1624//1624 1619//1619 1625//1625
f 1625//1625 1619//1619 1620//1620
f 1625//1625 1620//1620 1626//1626
f 1626//1626 1620//1620 1600//1600
f 1626//1626 1600//1600 1599//1599
f 1614//1614 1612//1612 1627//1627
f 1627//1627 1612//1612 1621//1621
f 1627//1627 1621//1621 1628//1628
f 1628//1628 1621//1621 1622//1622
f 1628//1628 1622//1622 1629//1629
f 1629//1629 1622//1622 1623//1623
f 1629//1629 1623//1623 1630//1630
f 1630//1630 1623//1623 1624//1624
f 1630//1630 1624//1624 1631//1631
f 1631//1631 1624//1624 1625//1625
f 1631//1631 1625//1625 1632//1632
f 1632//1632 1625//1625 1626//1626
f 1632//1632 1626//1626 1633//1633
f 1633//1633 1626//1626 1599//1599
f 1633//1633 1599//1599 1504//1504
f 1312//1312 1302//1302 1611//1611
f 1614//1614 1634//1634 1613//1613
f 1613//1613 1634//1634 1635//1635
f 1613//1613 1635//1635 1601//1601
f 1601//1601 1635//1635 1636//1636
f 1601//1601 1636//1636 1602//1602
f 1602//1602 1636//1636 1637//1637
f 1602//1602 1637//1637 1611//1611
f 1611//1611 1637//1637 1638//1638
f 1611//1611 1638//1638 1312//1312
f 1639//1639 1640//1640 1350//1350
f 1641//1641 1642//1642 1643//1643
f 1638//1638 1637//1637 1644//1644
f 1644//1644 1637//1637 1645//1645
f 1644//1644 1645//1645 1646//1646
f 1646//1646 1645//1645 1647//1647
f 1646//1646 1647//1647 1648//1648
f 1648//1648 1647//1647 1649//1649
f 1648//1648 1649//1649 1650//1650
f 1650//1650 1649//1649 1651//1651
f 1650//1650 1651//1651 1652//1652
f 1651//1651 1643//1643 1652//1652
f 1652//1652 1643//1643 1642//1642
f 1652//1652 1642//1642 1653//1653
f 1653//1653 1642//1642 1654//1654
f 1653//1653 1654//1654 1639//1639
f 1634//1634 1655//1655 1635//1635
f 1635//1635 1655//1655 1656//1656
f 1635//1635 1656//1656 1636//1636
f 1655//1655 1657//1657 1656//1656
f 1656//1656 1657//1657 1658//1658
f 1656//1656 1658//1658 1659//1659
f 1659//1659 1658//1658 1660//1660
f 1659//1659 1660//1660 1661//1661
f 1661//1661 1660//1660 1662//1662
f 1661//1661 1662//1662 1663//1663
f 1663//1663 1662//1662 1664//1664
f 1663//1663 1664//1664 1665//1665
f 1350//1350 1360//1360 1639//1639
f 1639//1639 1360//1360 1361//1361
f 1639//1639 1361//1361 1653//1653
f 1653//1653 1361//1361 1373//1373
f 1653//1653 1373//1373 1652//1652
f 1652//1652 1373//1373 1372//1372
f 1652//1652 1372//1372 1650//1650
f 1372//1372 1359//1359 1650//1650
f 1650//1650 1359//1359 1358//1358
f 1650//1650 1358//1358 1648//1648
f 1648//1648 1358//1358 1357//1357
f 1648//1648 1357//1357 1646//1646
f 1646//1646 1357//1357 1336//1336
f 1646//1646 1336//1336 1644//1644
f 1644//1644 1336//1336 1335//1335
f 1644//1644 1335//1335 1638//1638
f 1638//1638 1335//1335 1312//1312
f 1207//1207 1640//1640 1666//1666
f 1666//1666 1640//1640 1639//1639
f 1666//1666 1639//1639 1667//1667
f 1667//1667 1639//1639 1654//1654
f 1637//1637 1636//1636 1645//1645
f 1645//1645 1636//1636 1656//1656
f 1645//1645 1656//1656 1647//1647
f 1647//1647 1656//1656 1659//1659
f 1647//1647 1659//1659 1649//1649
f 1649//1649 1659//1659 1661//1661
f 1649//1649 1661//1661 1651//1651
f 1651//1651 1661//1661 1663//1663
f 1651//1651 1663//1663 1643//1643
f 1643//1643 1663//1663 1665//1665
f 1643//1643 1665//1665 1641//1641
f 1351//1351 1350//1350 1640//1640
f 1351//1351 1640//1640 1668//1668
f 1668//1668 1640//1640 1207//1207
f 1668//1668 1207//1207 1206//1206
f 1669//1669 1670//1670 1365//1365
f 1365//1365 1670//1670 1671//1671
f 1365//1365 1671//1671 1353//1353
f 1353//1353 1671//1671 1354//1354
f 1355//1355 1672//1672 1356//1356
f 1356//1356 1672//1672 1673//1673
f 1356//1356 1673//1673 1332//1332
f 1365//1365 1352//1352 1669//1669
f 1669//1669 1352//1352 1416//1416
f 1669//1669 1416//1416 1418//1418
f 1674//1674 1675//1675 1676//1676
f 1676//1676 1675//1675 1677//1677
f 1676//1676 1677//1677 1678//1678
f 1678//1678 1401//1401 1676//1676
f 1676//1676 1401//1401 1400//1400
f 1676//1676 1400//1400 1674//1674
f 1674//1674 1400//1400 1399//1399
f 1679//1679 1680//1680 1681//1681
f 1681//1681 1680//1680 1682//1682
f 1681//1681 1682//1682 1677//1677
f 1677//1677 1682//1682 1683//1683
f 1677//1677 1683//1683 1678//1678
f 1409//1409 1684//1684 1403//1403
f 1403//1403 1684//1684 1404//1404
f 1404//1404 1684//1684 1685//1685
f 1685//1685 1684//1684 1686//1686
f 1685//1685 1686//1686 1687//1687
f 1687//1687 1686//1686 1688//1688
f 1687//1687 1688//1688 1689//1689
f 1688//1688 1690//1690 1689//1689
f 1689//1689 1690//1690 1691//1691
f 1689//1689 1691//1691 1692//1692
f 1692//1692 1691//1691 1693//1693
f 1692//1692 1693//1693 1694//1694
f 1694//1694 1693//1693 1695//1695
f 1694//1694 1695//1695 1696//1696
f 1696//1696 1695//1695 1697//1697
f 1696//1696 1697//1697 1672//1672
f 1672//1672 1697//1697 1698//1698
f 1672//1672 1698//1698 1673//1673
f 1402//1402 1401//1401 1411//1411
f 1411//1411 1401//1401 1678//1678
f 1411//1411 1678//1678 1413//1413
f 1413//1413 1678//1678 1683//1683
f 1413//1413 1683//1683 1415//1415
f 1415//1415 1683//1683 1682//1682
f 1415//1415 1682//1682 1418//1418
f 1418//1418 1682//1682 1680//1680
f 1418//1418 1680//1680 1669//1669
f 1669//1669 1680//1680 1679//1679
f 1669//1669 1679//1679 1670//1670
f 1355//1355 1354//1354 1672//1672
f 1672//1672 1354//1354 1671//1671
f 1672//1672 1671//1671 1696//1696
f 1696//1696 1671//1671 1670//1670
f 1696//1696 1670//1670 1694//1694
f 1694//1694 1670//1670 1679//1679
f 1694//1694 1679//1679 1692//1692
f 1692//1692 1679//1679 1681//1681
f 1692//1692 1681//1681 1689//1689
f 1689//1689 1681//1681 1677//1677
f 1689//1689 1677//1677 1687//1687
f 1687//1687 1677//1677 1675//1675
f 1687//1687 1675//1675 1685//1685
f 1685//1685 1675//1675 1674//1674
f 1685//1685 1674//1674 1404//1404
f 1404//1404 1674//1674 1399//1399
f 1699//1699 1700//1700 1701//1701
f 1702//1702 1703//1703 1704//1704
f 1704//1704 1703//1703 1705//1705
f 1704//1704 1705//1705 1706//1706
f 1706//1706 1705//1705 1707//1707
f 1706//1706 1707//1707 1348//1348
f 1702//1702 1704//1704 1708//1708
f 1708//1708 1704//1704 1709//1709
f 1708//1708 1709//1709 1710//1710
f 1711//1711 1712//1712 1713//1713
f 1713//1713 1712//1712 1700//1700
f 1713//1713 1700//1700 1714//1714
f 1714//1714 1700//1700 1699//1699
f 1714//1714 1699//1699 1715//1715
f 1715//1715 1699//1699 1453//1453
f 1444//1444 1443//1443 1716//1716
f 1716//1716 1443//1443 1453//1453
f 1461//1461 1463//1463 1717//1717
f 1717//1717 1463//1463 1444//1444
f 1405//1405 1471//1471 1406//1406
f 1406//1406 1471//1471 1718//1718
f 1718//1718 1471//1471 1462//1462
f 1718//1718 1462//1462 1461//1461
f 1711//1711 1710//1710 1712//1712
f 1712//1712 1710//1710 1709//1709
f 1712//1712 1709//1709 1700//1700
f 1700//1700 1709//1709 1719//1719
f 1700//1700 1719//1719 1701//1701
f 1701//1701 1719//1719 1720//1720
f 1461//1461 1717//1717 1718//1718
f 1718//1718 1717//1717 1721//1721
f 1718//1718 1721//1721 1406//1406
f 1406//1406 1721//1721 1722//1722
f 1406//1406 1722//1722 1407//1407
f 1723//1723 1688//1688 1686//1686
f 1444//1444 1716//1716 1717//1717
f 1717//1717 1716//1716 1724//1724
f 1717//1717 1724//1724 1721//1721
f 1721//1721 1724//1724 1723//1723
f 1721//1721 1723//1723 1722//1722
f 1722//1722 1723//1723 1686//1686
f 1722//1722 1686//1686 1684//1684
f 1453//1453 1699//1699 1716//1716
f 1716//1716 1699//1699 1701//1701
f 1716//1716 1701//1701 1724//1724
f 1724//1724 1701//1701 1720//1720
f 1724//1724 1720//1720 1723//1723
f 1723//1723 1720//1720 1690//1690
f 1723//1723 1690//1690 1688//1688
f 1347//1347 1334//1334 1725//1725
f 1725//1725 1334//1334 1332//1332
f 1332//1332 1673//1673 1725//1725
f 1725//1725 1673//1673 1698//1698
f 1725//1725 1698//1698 1726//1726
f 1726//1726 1698//1698 1697//1697
f 1726//1726 1697//1697 1727//1727
f 1727//1727 1697//1697 1695//1695
f 1727//1727 1695//1695 1728//1728
f 1728//1728 1695//1695 1693//1693
f 1728//1728 1693//1693 1691//1691
f 1684//1684 1409//1409 1722//1722
f 1722//1722 1409//1409 1408//1408
f 1722//1722 1408//1408 1407//1407
f 1348//1348 1347//1347 1706//1706
f 1706//1706 1347//1347 1725//1725
f 1706//1706 1725//1725 1704//1704
f 1704//1704 1725//1725 1726//1726
f 1704//1704 1726//1726 1709//1709
f 1709//1709 1726//1726 1727//1727
f 1709//1709 1727//1727 1719//1719
f 1719//1719 1727//1727 1728//1728
f 1719//1719 1728//1728 1720//1720
f 1720//1720 1728//1728 1691//1691
f 1720//1720 1691//1691 1690//1690
f 1729//1729 1098//1098 1097//1097
f 1100//1100 1730//1730 1731//1731
f 1097//1097 1100//1100 1731//1731
f 1730//1730 1732//1732 1731//1731
f 1731//1731 1732//1732 1733//1733
f 1731//1731 1733//1733 1097//1097
f 1097//1097 1733//1733 1729//1729
f 1734//1734 1735//1735 1736//1736
f 1556//1556 1102//1102 1736//1736
f 1736//1736 1102//1102 1101//1101
f 1736//1736 1101//1101 1734//1734
f 1734//1734 1101//1101 1099//1099
f 1734//1734 1099//1099 1098//1098
f 1737//1737 1738//1738 1739//1739
f 1204//1204 1205//1205 1739//1739
f 1200//1200 1740//1740 1201//1201
f 1201//1201 1740//1740 1205//1205
f 1668//1668 1206//1206 1212//1212
f 1202//1202 1204//1204 1741//1741
f 1741//1741 1204//1204 1739//1739
f 1741//1741 1739//1739 1742//1742
f 1742//1742 1739//1739 1738//1738
f 1417//1417 1351//1351 1742//1742
f 1742//1742 1351//1351 1668//1668
f 1742//1742 1668//1668 1741//1741
f 1741//1741 1668//1668 1212//1212
f 1741//1741 1212//1212 1202//1202
f 1205//1205 1740//1740 1739//1739
f 1739//1739 1740//1740 1743//1743
f 1739//1739 1743//1743 1737//1737
f 1147//1147 1146//1146 1410//1410
f 1147//1147 1410//1410 1737//1737
f 1410//1410 1412//1412 1737//1737
f 1737//1737 1412//1412 1414//1414
f 1737//1737 1414//1414 1738//1738
f 1738//1738 1414//1414 1420//1420
f 1738//1738 1420//1420 1742//1742
f 1742//1742 1420//1420 1419//1419
f 1742//1742 1419//1419 1417//1417
f 1200//1200 1151//1151 1740//1740
f 1740//1740 1151//1151 1150//1150
f 1740//1740 1150//1150 1743//1743
f 1743//1743 1150//1150 1149//1149
f 1743//1743 1149//1149 1737//1737
f 1737//1737 1149//1149 1148//1148
f 1737//1737 1148//1148 1147//1147
f 1013//1013 1565//1565 1014//1014
f 1014//1014 1565//1565 1744//1744
f 1014//1014 1744//1744 1022//1022
f 1022//1022 1744//1744 1745//1745
f 1022//1022 1745//1745 1023//1023
f 1023//1023 1745//1745 1746//1746
f 1023//1023 1746//1746 1024//1024
f 1024//1024 1746//1746 1473//1473
f 1194//1194 1405//1405 1145//1145
f 1747//1747 1641//1641 1748//1748
f 1748//1748 1641//1641 1665//1665
f 1748//1748 1665//1665 1749//1749
f 1665//1665 1664//1664 1749//1749
f 1749//1749 1664//1664 1662//1662
f 1749//1749 1662//1662 1750//1750
f 1750//1750 1662//1662 1660//1660
f 1750//1750 1660//1660 1751//1751
f 1751//1751 1660//1660 1658//1658
f 1751//1751 1658//1658 1752//1752
f 1752//1752 1658//1658 1657//1657
f 1752//1752 1657//1657 1753//1753
f 1753//1753 1657//1657 1655//1655
f 1753//1753 1655//1655 1634//1634
f 1754//1754 1208//1208 1207//1207
f 1207//1207 1666//1666 1754//1754
f 1754//1754 1666//1666 1667//1667
f 1754//1754 1667//1667 1755//1755
f 1755//1755 1667//1667 1654//1654
f 1755//1755 1654//1654 1747//1747
f 1747//1747 1654//1654 1642//1642
f 1747//1747 1642//1642 1641//1641
f 1209//1209 1208//1208 1756//1756
f 1756//1756 1208//1208 1754//1754
f 1756//1756 1754//1754 1757//1757
f 1757//1757 1754//1754 1755//1755
f 1757//1757 1755//1755 1758//1758
f 1758//1758 1755//1755 1747//1747
f 1758//1758 1747//1747 1759//1759
f 1759//1759 1747//1747 1748//1748
f 1759//1759 1748//1748 1760//1760
f 1760//1760 1748//1748 1749//1749
f 1760//1760 1749//1749 1761//1761
f 1761//1761 1749//1749 1750//1750
f 1761//1761 1750//1750 1762//1762
f 1762//1762 1750//1750 1751//1751
f 1762//1762 1751//1751 1763//1763
f 1763//1763 1751//1751 1752//1752
f 1756//1756 1757//1757 1764//1764
f 1765//1765 1766//1766 1767//1767
f 1768//1768 1211//1211 1210//1210
f 1211//1211 1768//1768 1214//1214
f 1768//1768 1769//1769 1214//1214
f 1214//1214 1769//1769 1770//1770
f 1214//1214 1770//1770 1213//1213
f 1213//1213 1770//1770 1771//1771
f 1213//1213 1771//1771 1203//1203
f 1765//1765 1767//1767 1772//1772
f 1772//1772 1767//1767 1773//1773
f 1772//1772 1773//1773 1774//1774
f 1774//1774 1773//1773 1775//1775
f 1774//1774 1775//1775 1776//1776
f 1758//1758 1759//1759 1777//1777
f 1758//1758 1777//1777 1778//1778
f 1779//1779 1764//1764 1778//1778
f 1778//1778 1764//1764 1757//1757
f 1778//1778 1757//1757 1758//1758
f 1780//1780 1781//1781 1779//1779
f 1779//1779 1781//1781 1782//1782
f 1779//1779 1782//1782 1764//1764
f 1764//1764 1782//1782 1783//1783
f 1764//1764 1783//1783 1756//1756
f 1756//1756 1783//1783 1209//1209
f 1784//1784 1771//1771 1785//1785
f 1785//1785 1771//1771 1770//1770
f 1785//1785 1770//1770 1781//1781
f 1781//1781 1770//1770 1769//1769
f 1781//1781 1769//1769 1782//1782
f 1782//1782 1769//1769 1768//1768
f 1782//1782 1768//1768 1783//1783
f 1783//1783 1768//1768 1210//1210
f 1783//1783 1210//1210 1209//1209
f 1786//1786 1787//1787 1788//1788
f 1788//1788 1787//1787 1789//1789
f 1788//1788 1789//1789 1790//1790
f 1790//1790 1789//1789 1791//1791
f 1790//1790 1791//1791 1792//1792
f 1792//1792 1791//1791 1793//1793
f 1792//1792 1793//1793 1761//1761
f 1761//1761 1793//1793 1760//1760
f 1794//1794 1786//1786 1795//1795
f 1795//1795 1786//1786 1788//1788
f 1795//1795 1788//1788 1796//1796
f 1796//1796 1788//1788 1790//1790
f 1796//1796 1790//1790 1797//1797
f 1797//1797 1790//1790 1792//1792
f 1797//1797 1792//1792 1762//1762
f 1762//1762 1792//1792 1761//1761
f 1766//1766 1784//1784 1767//1767
f 1767//1767 1784//1784 1785//1785
f 1767//1767 1785//1785 1773//1773
f 1773//1773 1785//1785 1781//1781
f 1773//1773 1781//1781 1775//1775
f 1775//1775 1781//1781 1780//1780
f 1775//1775 1780//1780 1798//1798
f 1798//1798 1780//1780 1779//1779
f 1798//1798 1779//1779 1799//1799
f 1799//1799 1779//1779 1778//1778
f 1799//1799 1778//1778 1800//1800
f 1800//1800 1778//1778 1777//1777
f 1759//1759 1760//1760 1777//1777
f 1777//1777 1760//1760 1793//1793
f 1777//1777 1793//1793 1800//1800
f 1800//1800 1793//1793 1791//1791
f 1800//1800 1791//1791 1799//1799
f 1799//1799 1791//1791 1789//1789
f 1799//1799 1789//1789 1798//1798
f 1798//1798 1789//1789 1787//1787
f 1798//1798 1787//1787 1775//1775
f 1775//1775 1787//1787 1786//1786
f 1775//1775 1786//1786 1776//1776
f 1776//1776 1786//1786 1794//1794
f 1776//1776 1794//1794 1801//1801
f 1801//1801 1794//1794 1795//1795
f 1801//1801 1795//1795 1802//1802
f 1802//1802 1795//1795 1796//1796
f 1802//1802 1796//1796 1803//1803
f 1803//1803 1796//1796 1797//1797
f 1803//1803 1797//1797 1804//1804
f 1804//1804 1797//1797 1762//1762
f 1804//1804 1762//1762 1763//1763
f 1100//1100 1203//1203 1730//1730
f 1730//1730 1203//1203 1771//1771
f 1784//1784 1805//1805 1806//1806
f 1806//1806 1807//1807 1784//1784
f 1784//1784 1807//1807 1808//1808
f 1784//1784 1808//1808 1771//1771
f 1771//1771 1808//1808 1732//1732
f 1771//1771 1732//1732 1730//1730
f 1805//1805 1784//1784 1809//1809
f 1809//1809 1784//1784 1766//1766
f 1809//1809 1766//1766 1810//1810
f 1810//1810 1766//1766 1811//1811
f 1811//1811 1766//1766 1765//1765
f 1811//1811 1765//1765 1812//1812
f 1813//1813 1457//1457 1447//1447
f 1814//1814 1813//1813 1815//1815
f 1815//1815 1813//1813 1447//1447
f 1815//1815 1447//1447 1446//1446
f 1816//1816 1438//1438 1817//1817
f 1817//1817 1438//1438 1437//1437
f 1817//1817 1437//1437 1348//1348
f 1457//1457 1813//1813 1455//1455
f 1455//1455 1813//1813 1818//1818
f 1455//1455 1818//1818 1454//1454
f 1816//1816 1702//1702 1819//1819
f 1819//1819 1702//1702 1708//1708
f 1819//1819 1708//1708 1710//1710
f 1711//1711 1713//1713 1818//1818
f 1818//1818 1713//1713 1714//1714
f 1818//1818 1714//1714 1454//1454
f 1454//1454 1714//1714 1715//1715
f 1454//1454 1715//1715 1453//1453
f 1439//1439 1814//1814 1440//1440
f 1440//1440 1814//1814 1815//1815
f 1440//1440 1815//1815 1441//1441
f 1441//1441 1815//1815 1446//1446
f 1441//1441 1446//1446 1442//1442
f 1348//1348 1707//1707 1817//1817
f 1817//1817 1707//1707 1705//1705
f 1817//1817 1705//1705 1816//1816
f 1816//1816 1705//1705 1703//1703
f 1816//1816 1703//1703 1702//1702
f 1439//1439 1438//1438 1814//1814
f 1814//1814 1438//1438 1816//1816
f 1814//1814 1816//1816 1813//1813
f 1813//1813 1816//1816 1819//1819
f 1813//1813 1819//1819 1818//1818
f 1818//1818 1819//1819 1710//1710
f 1818//1818 1710//1710 1711//1711
f 1471//1471 1405//1405 1194//1194
f 1820//1820 1746//1746 1745//1745
f 1377//1377 1821//1821 1562//1562
f 1472//1472 1821//1821 1377//1377
f 1822//1822 1823//1823 1824//1824
f 1824//1824 1823//1823 1825//1825
f 1824//1824 1825//1825 1560//1560
f 1565//1565 1564//1564 1825//1825
f 1825//1825 1564//1564 1563//1563
f 1825//1825 1563//1563 1560//1560
f 1820//1820 1475//1475 1746//1746
f 1746//1746 1475//1475 1474//1474
f 1746//1746 1474//1474 1473//1473
f 1560//1560 1562//1562 1824//1824
f 1824//1824 1562//1562 1821//1821
f 1824//1824 1821//1821 1822//1822
f 1822//1822 1821//1821 1472//1472
f 1822//1822 1472//1472 1476//1476
f 1476//1476 1475//1475 1822//1822
f 1822//1822 1475//1475 1820//1820
f 1822//1822 1820//1820 1823//1823
f 1823//1823 1820//1820 1745//1745
f 1823//1823 1745//1745 1825//1825
f 1825//1825 1745//1745 1744//1744
f 1825//1825 1744//1744 1565//1565
f 1490//1490 1481//1481 1826//1826
f 1826//1826 1481//1481 1483//1483
f 1826//1826 1483//1483 1827//1827
f 1827//1827 1483//1483 1485//1485
f 1827//1827 1485//1485 1828//1828
f 1828//1828 1485//1485 1480//1480
f 1828//1828 1480//1480 1554//1554
f 1554//1554 1480//1480 1478//1478
f 1488//1488 1490//1490 1829//1829
f 1829//1829 1490//1490 1826//1826
f 1829//1829 1826//1826 1830//1830
f 1830//1830 1826//1826 1827//1827
f 1830//1830 1827//1827 1831//1831
f 1831//1831 1827//1827 1828//1828
f 1831//1831 1828//1828 1552//1552
f 1552//1552 1828//1828 1554//1554
f 1832//1832 1489//1489 1833//1833
f 1833//1833 1489//1489 1488//1488
f 1504//1504 1548//1548 1633//1633
f 1633//1633 1548//1548 1547//1547
f 1633//1633 1547//1547 1632//1632
f 1632//1632 1547//1547 1497//1497
f 1632//1632 1497//1497 1631//1631
f 1631//1631 1497//1497 1495//1495
f 1631//1631 1495//1495 1630//1630
f 1495//1495 1494//1494 1630//1630
f 1630//1630 1494//1494 1527//1527
f 1630//1630 1527//1527 1629//1629
f 1629//1629 1527//1527 1526//1526
f 1629//1629 1526//1526 1628//1628
f 1526//1526 1529//1529 1628//1628
f 1628//1628 1529//1529 1525//1525
f 1628//1628 1525//1525 1627//1627
f 1627//1627 1525//1525 1524//1524
f 1627//1627 1524//1524 1614//1614
f 1541//1541 1540//1540 1834//1834
f 1834//1834 1540//1540 1835//1835
f 1489//1489 1832//1832 1542//1542
f 1542//1542 1832//1832 1836//1836
f 1542//1542 1836//1836 1543//1543
f 1543//1543 1836//1836 1837//1837
f 1543//1543 1837//1837 1545//1545
f 1545//1545 1837//1837 1838//1838
f 1545//1545 1838//1838 1537//1537
f 1537//1537 1838//1838 1835//1835
f 1537//1537 1835//1835 1538//1538
f 1538//1538 1835//1835 1540//1540
f 1839//1839 1516//1516 1840//1840
f 1840//1840 1516//1516 1541//1541
f 1840//1840 1541//1541 1841//1841
f 1841//1841 1541//1541 1834//1834
f 1842//1842 1524//1524 1843//1843
f 1843//1843 1524//1524 1522//1522
f 1843//1843 1522//1522 1839//1839
f 1839//1839 1522//1522 1521//1521
f 1839//1839 1521//1521 1516//1516
f 1844//1844 1736//1736 1735//1735
f 1845//1845 1846//1846 1847//1847
f 1847//1847 1846//1846 1553//1553
f 1847//1847 1553//1553 1848//1848
f 1848//1848 1553//1553 1555//1555
f 1848//1848 1555//1555 1844//1844
f 1844//1844 1555//1555 1556//1556
f 1844//1844 1556//1556 1736//1736
f 1551//1551 1553//1553 1849//1849
f 1849//1849 1553//1553 1850//1850
f 1849//1849 1850//1850 1851//1851
f 1851//1851 1850//1850 1852//1852
f 1851//1851 1852//1852 1853//1853
f 1853//1853 1852//1852 1854//1854
f 1853//1853 1854//1854 1855//1855
f 1854//1854 1856//1856 1855//1855
f 1855//1855 1856//1856 1857//1857
f 1855//1855 1857//1857 1858//1858
f 1859//1859 1488//1488 1829//1829
f 1552//1552 1551//1551 1860//1860
f 1552//1552 1860//1860 1831//1831
f 1831//1831 1860//1860 1861//1861
f 1831//1831 1861//1861 1830//1830
f 1830//1830 1861//1861 1862//1862
f 1830//1830 1862//1862 1829//1829
f 1829//1829 1862//1862 1863//1863
f 1829//1829 1863//1863 1859//1859
f 1864//1864 1865//1865 1866//1866
f 1867//1867 1868//1868 1869//1869
f 1870//1870 1871//1871 1872//1872
f 1873//1873 1858//1858 1874//1874
f 1875//1875 1876//1876 1872//1872
f 1877//1877 1857//1857 1865//1865
f 1865//1865 1857//1857 1878//1878
f 1865//1865 1878//1878 1879//1879
f 1879//1879 1880//1880 1865//1865
f 1865//1865 1880//1880 1881//1881
f 1865//1865 1881//1881 1882//1882
f 1883//1883 1884//1884 1885//1885
f 1886//1886 1887//1887 1888//1888
f 1882//1882 1875//1875 1889//1889
f 1889//1889 1875//1875 1872//1872
f 1889//1889 1872//1872 1890//1890
f 1890//1890 1872//1872 1871//1871
f 1877//1877 1891//1891 1857//1857
f 1857//1857 1891//1891 1892//1892
f 1857//1857 1892//1892 1858//1858
f 1858//1858 1892//1892 1893//1893
f 1858//1858 1893//1893 1874//1874
f 1894//1894 1895//1895 1896//1896
f 1869//1869 1885//1885 1888//1888
f 1897//1897 1898//1898 1899//1899
f 1899//1899 1898//1898 1900//1900
f 1899//1899 1900//1900 1901//1901
f 1901//1901 1900//1900 1902//1902
f 1901//1901 1902//1902 1903//1903
f 1903//1903 1902//1902 1883//1883
f 1903//1903 1883//1883 1904//1904
f 1904//1904 1883//1883 1885//1885
f 1876//1876 1875//1875 1905//1905
f 1905//1905 1875//1875 1906//1906
f 1905//1905 1906//1906 1907//1907
f 1896//1896 1873//1873 1894//1894
f 1894//1894 1873//1873 1874//1874
f 1894//1894 1874//1874 1908//1908
f 1908//1908 1874//1874 1909//1909
f 1908//1908 1909//1909 1910//1910
f 1910//1910 1909//1909 1869//1869
f 1889//1889 1911//1911 1882//1882
f 1882//1882 1911//1911 1912//1912
f 1882//1882 1912//1912 1865//1865
f 1865//1865 1912//1912 1913//1913
f 1865//1865 1913//1913 1866//1866
f 1868//1868 1914//1914 1869//1869
f 1869//1869 1914//1914 1915//1915
f 1869//1869 1915//1915 1910//1910
f 1888//1888 1916//1916 1869//1869
f 1869//1869 1916//1916 1917//1917
f 1869//1869 1917//1917 1918//1918
f 1897//1897 1870//1870 1898//1898
f 1898//1898 1870//1870 1872//1872
f 1898//1898 1872//1872 1919//1919
f 1919//1919 1872//1872 1888//1888
f 1919//1919 1888//1888 1920//1920
f 1920//1920 1888//1888 1887//1887
f 1864//1864 1866//1866 1903//1903
f 1903//1903 1866//1866 1921//1921
f 1903//1903 1921//1921 1901//1901
f 1922//1922 1923//1923 1924//1924
f 1884//1884 1925//1925 1885//1885
f 1885//1885 1925//1925 1926//1926
f 1885//1885 1926//1926 1888//1888
f 1888//1888 1926//1926 1927//1927
f 1888//1888 1927//1927 1886//1886
f 1907//1907 1928//1928 1905//1905
f 1905//1905 1928//1928 1922//1922
f 1905//1905 1922//1922 1929//1929
f 1929//1929 1922//1922 1924//1924
f 1918//1918 1930//1930 1869//1869
f 1869//1869 1930//1930 1931//1931
f 1869//1869 1931//1931 1867//1867
f 1634//1634 1614//1614 1753//1753
f 1753//1753 1614//1614 1524//1524
f 1753//1753 1524//1524 1842//1842
f 1734//1734 1098//1098 1729//1729
f 1733//1733 1732//1732 1932//1932
f 1932//1932 1732//1732 1808//1808
f 1932//1932 1808//1808 1933//1933
f 1933//1933 1808//1808 1807//1807
f 1733//1733 1932//1932 1729//1729
f 1934//1934 1735//1735 1734//1734
f 1729//1729 1932//1932 1935//1935
f 1729//1729 1935//1935 1734//1734
f 1734//1734 1935//1935 1934//1934
f 1936//1936 1752//1752 1753//1753
f 1753//1753 1937//1937 1936//1936
f 1936//1936 1937//1937 1938//1938
f 1936//1936 1938//1938 1939//1939
f 1939//1939 1938//1938 1940//1940
f 1939//1939 1940//1940 1941//1941
f 1941//1941 1940//1940 1942//1942
f 1941//1941 1942//1942 1876//1876
f 1876//1876 1942//1942 1872//1872
f 1876//1876 1905//1905 1941//1941
f 1941//1941 1905//1905 1943//1943
f 1941//1941 1943//1943 1939//1939
f 1939//1939 1943//1943 1944//1944
f 1939//1939 1944//1944 1936//1936
f 1936//1936 1944//1944 1945//1945
f 1936//1936 1945//1945 1752//1752
f 1752//1752 1945//1945 1763//1763
f 1946//1946 1765//1765 1772//1772
f 1947//1947 1946//1946 1948//1948
f 1949//1949 1947//1947 1950//1950
f 1875//1875 1949//1949 1951//1951
f 1946//1946 1772//1772 1948//1948
f 1948//1948 1772//1772 1774//1774
f 1948//1948 1774//1774 1952//1952
f 1952//1952 1774//1774 1776//1776
f 1952//1952 1776//1776 1953//1953
f 1953//1953 1776//1776 1801//1801
f 1953//1953 1801//1801 1954//1954
f 1954//1954 1801//1801 1802//1802
f 1954//1954 1802//1802 1955//1955
f 1955//1955 1802//1802 1803//1803
f 1955//1955 1803//1803 1956//1956
f 1956//1956 1803//1803 1804//1804
f 1956//1956 1804//1804 1957//1957
f 1957//1957 1804//1804 1763//1763
f 1957//1957 1763//1763 1945//1945
f 1947//1947 1948//1948 1950//1950
f 1950//1950 1948//1948 1952//1952
f 1950//1950 1952//1952 1958//1958
f 1958//1958 1952//1952 1953//1953
f 1958//1958 1953//1953 1959//1959
f 1959//1959 1953//1953 1954//1954
f 1959//1959 1954//1954 1960//1960
f 1960//1960 1954//1954 1955//1955
f 1960//1960 1955//1955 1961//1961
f 1961//1961 1955//1955 1956//1956
f 1961//1961 1956//1956 1962//1962
f 1962//1962 1956//1956 1957//1957
f 1962//1962 1957//1957 1963//1963
f 1963//1963 1957//1957 1945//1945
f 1963//1963 1945//1945 1944//1944
f 1949//1949 1950//1950 1951//1951
f 1951//1951 1950//1950 1958//1958
f 1951//1951 1958//1958 1964//1964
f 1964//1964 1958//1958 1959//1959
f 1964//1964 1959//1959 1965//1965
f 1965//1965 1959//1959 1960//1960
f 1965//1965 1960//1960 1966//1966
f 1966//1966 1960//1960 1961//1961
f 1966//1966 1961//1961 1967//1967
f 1967//1967 1961//1961 1962//1962
f 1967//1967 1962//1962 1968//1968
f 1968//1968 1962//1962 1963//1963
f 1968//1968 1963//1963 1969//1969
f 1969//1969 1963//1963 1944//1944
f 1969//1969 1944//1944 1943//1943
f 1875//1875 1951//1951 1906//1906
f 1906//1906 1951//1951 1964//1964
f 1906//1906 1964//1964 1907//1907
f 1907//1907 1964//1964 1965//1965
f 1907//1907 1965//1965 1928//1928
f 1928//1928 1965//1965 1966//1966
f 1928//1928 1966//1966 1922//1922
f 1922//1922 1966//1966 1967//1967
f 1922//1922 1967//1967 1923//1923
f 1923//1923 1967//1967 1968//1968
f 1923//1923 1968//1968 1924//1924
f 1924//1924 1968//1968 1969//1969
f 1924//1924 1969//1969 1929//1929
f 1929//1929 1969//1969 1943//1943
f 1929//1929 1943//1943 1905//1905
f 1812//1812 1765//1765 1946//1946
f 1812//1812 1946//1946 1970//1970
f 1970//1970 1946//1946 1947//1947
f 1970//1970 1947//1947 1971//1971
f 1971//1971 1947//1947 1949//1949
f 1971//1971 1949//1949 1972//1972
f 1972//1972 1949//1949 1875//1875
f 1972//1972 1875//1875 1882//1882
f 1973//1973 1974//1974 1975//1975
f 1973//1973 1975//1975 1976//1976
f 1976//1976 1975//1975 1977//1977
f 1976//1976 1977//1977 1978//1978
f 1978//1978 1977//1977 1811//1811
f 1978//1978 1811//1811 1812//1812
f 1805//1805 1809//1809 1979//1979
f 1980//1980 1810//1810 1811//1811
f 1981//1981 1848//1848 1844//1844
f 1982//1982 1845//1845 1847//1847
f 1983//1983 1935//1935 1984//1984
f 1935//1935 1983//1983 1934//1934
f 1934//1934 1983//1983 1985//1985
f 1934//1934 1985//1985 1735//1735
f 1735//1735 1985//1985 1844//1844
f 1844//1844 1985//1985 1983//1983
f 1844//1844 1983//1983 1981//1981
f 1981//1981 1983//1983 1984//1984
f 1981//1981 1984//1984 1986//1986
f 1847//1847 1987//1987 1982//1982
f 1982//1982 1987//1987 1988//1988
f 1982//1982 1988//1988 1974//1974
f 1974//1974 1988//1988 1989//1989
f 1974//1974 1989//1989 1975//1975
f 1975//1975 1989//1989 1977//1977
f 1809//1809 1810//1810 1979//1979
f 1979//1979 1810//1810 1980//1980
f 1979//1979 1980//1980 1986//1986
f 1933//1933 1807//1807 1806//1806
f 1811//1811 1977//1977 1980//1980
f 1980//1980 1977//1977 1989//1989
f 1980//1980 1989//1989 1986//1986
f 1986//1986 1989//1989 1988//1988
f 1986//1986 1988//1988 1981//1981
f 1981//1981 1988//1988 1987//1987
f 1981//1981 1987//1987 1848//1848
f 1848//1848 1987//1987 1847//1847
f 1806//1806 1805//1805 1933//1933
f 1933//1933 1805//1805 1979//1979
f 1933//1933 1979//1979 1932//1932
f 1932//1932 1979//1979 1986//1986
f 1932//1932 1986//1986 1984//1984
f 1932//1932 1984//1984 1935//1935
f 1488//1488 1859//1859 1833//1833
f 1833//1833 1859//1859 1863//1863
f 1908//1908 1910//1910 1990//1990
f 1990//1990 1910//1910 1991//1991
f 1990//1990 1991//1991 1992//1992
f 1992//1992 1991//1991 1993//1993
f 1993//1993 1991//1991 1994//1994
f 1993//1993 1994//1994 1995//1995
f 1995//1995 1994//1994 1996//1996
f 1996//1996 1994//1994 1832//1832
f 1996//1996 1832//1832 1833//1833
f 1888//1888 1997//1997 1998//1998
f 1997//1997 1999//1999 2000//2000
f 1999//1999 1842//1842 1843//1843
f 1999//1999 1843//1843 2000//2000
f 2000//2000 1843//1843 1839//1839
f 2000//2000 1839//1839 2001//2001
f 2001//2001 1839//1839 1840//1840
f 2001//2001 1840//1840 2002//2002
f 2002//2002 1840//1840 1841//1841
f 2002//2002 1841//1841 2003//2003
f 2003//2003 1841//1841 1834//1834
f 2003//2003 1834//1834 2004//2004
f 2004//2004 1834//1834 1835//1835
f 2004//2004 1835//1835 2005//2005
f 2005//2005 1835//1835 1838//1838
f 2005//2005 1838//1838 2006//2006
f 2006//2006 1838//1838 1837//1837
f 2006//2006 1837//1837 2007//2007
f 2007//2007 1837//1837 1836//1836
f 2007//2007 1836//1836 2008//2008
f 2008//2008 1836//1836 1832//1832
f 2008//2008 1832//1832 1994//1994
f 1997//1997 2000//2000 1998//1998
f 1998//1998 2000//2000 2001//2001
f 1998//1998 2001//2001 2009//2009
f 2009//2009 2001//2001 2002//2002
f 2009//2009 2002//2002 2010//2010
f 2010//2010 2002//2002 2003//2003
f 2010//2010 2003//2003 2011//2011
f 2011//2011 2003//2003 2004//2004
f 2011//2011 2004//2004 2012//2012
f 2012//2012 2004//2004 2005//2005
f 2012//2012 2005//2005 2013//2013
f 2013//2013 2005//2005 2006//2006
f 2013//2013 2006//2006 2014//2014
f 2014//2014 2006//2006 2007//2007
f 2014//2014 2007//2007 2015//2015
f 2015//2015 2007//2007 2008//2008
f 2015//2015 2008//2008 2016//2016
f 2016//2016 2008//2008 1994//1994
f 2016//2016 1994//1994 1991//1991
f 1888//1888 1998//1998 1916//1916
f 1916//1916 1998//1998 2009//2009
f 1916//1916 2009//2009 1917//1917
f 1917//1917 2009//2009 2010//2010
f 1917//1917 2010//2010 1918//1918
f 1918//1918 2010//2010 2011//2011
f 1918//1918 2011//2011 1930//1930
f 1930//1930 2011//2011 2012//2012
f 1930//1930 2012//2012 1931//1931
f 1931//1931 2012//2012 2013//2013
f 1931//1931 2013//2013 1867//1867
f 1867//1867 2013//2013 2014//2014
f 1867//1867 2014//2014 1868//1868
f 1868//1868 2014//2014 2015//2015
f 1868//1868 2015//2015 1914//1914
f 1914//1914 2015//2015 2016//2016
f 1914//1914 2016//2016 1915//1915
f 1915//1915 2016//2016 1991//1991
f 1915//1915 1991//1991 1910//1910
f 1878//1878 1857//1857 2017//2017
f 2017//2017 1857//1857 1856//1856
f 2017//2017 1856//1856 2018//2018
f 1553//1553 1846//1846 1850//1850
f 1850//1850 1846//1846 2019//2019
f 1850//1850 2019//2019 1852//1852
f 1852//1852 2019//2019 2018//2018
f 1852//1852 2018//2018 1854//1854
f 1854//1854 2018//2018 1856//1856
f 1879//1879 1878//1878 2020//2020
f 2020//2020 1878//1878 2017//2017
f 2020//2020 2017//2017 2021//2021
f 2021//2021 2017//2017 2018//2018
f 2021//2021 2018//2018 2022//2022
f 2022//2022 2018//2018 2019//2019
f 2022//2022 2019//2019 1845//1845
f 1845//1845 2019//2019 1846//1846
f 1895//1895 1894//1894 2023//2023
f 2023//2023 1894//1894 2024//2024
f 2023//2023 2024//2024 2025//2025
f 2025//2025 2024//2024 2026//2026
f 2025//2025 2026//2026 2027//2027
f 2027//2027 2026//2026 2028//2028
f 2027//2027 2029//2029 2025//2025
f 2025//2025 2029//2029 2030//2030
f 2025//2025 2030//2030 2023//2023
f 2023//2023 2030//2030 2031//2031
f 2023//2023 2031//2031 1895//1895
f 1895//1895 2031//2031 1896//1896
f 2029//2029 2032//2032 2030//2030
f 2030//2030 2032//2032 2033//2033
f 2030//2030 2033//2033 2031//2031
f 2031//2031 2033//2033 2034//2034
f 2031//2031 2034//2034 1896//1896
f 1896//1896 2034//2034 1873//1873
f 1551//1551 2032//2032 1860//1860
f 1860//1860 2032//2032 2029//2029
f 1860//1860 2029//2029 1861//1861
f 1861//1861 2029//2029 2027//2027
f 1861//1861 2027//2027 1862//1862
f 1862//1862 2027//2027 2028//2028
f 1862//1862 2028//2028 1863//1863
f 1858//1858 1873//1873 1855//1855
f 1855//1855 1873//1873 2034//2034
f 1855//1855 2034//2034 1853//1853
f 1853//1853 2034//2034 2033//2033
f 1853//1853 2033//2033 1851//1851
f 1851//1851 2033//2033 2032//2032
f 1851//1851 2032//2032 1849//1849
f 1849//1849 2032//2032 1551//1551
f 1942//1942 1940//1940 1999//1999
f 1999//1999 1940//1940 1938//1938
f 1999//1999 1938//1938 1842//1842
f 1842//1842 1938//1938 1937//1937
f 1842//1842 1937//1937 1753//1753
f 1999//1999 1997//1997 1942//1942
f 1942//1942 1997//1997 1888//1888
f 1942//1942 1888//1888 1872//1872
f 1833//1833 1863//1863 1996//1996
f 1996//1996 1863//1863 2028//2028
f 1996//1996 2028//2028 1995//1995
f 1995//1995 2028//2028 2026//2026
f 1995//1995 2026//2026 1993//1993
f 1993//1993 2026//2026 1992//1992
f 1992//1992 2026//2026 2024//2024
f 1992//1992 2024//2024 1990//1990
f 1990//1990 2024//2024 1894//1894
f 1990//1990 1894//1894 1908//1908
f 1982//1982 1974//1974 2035//2035
f 1880//1880 1879//1879 2036//2036
f 2036//2036 1879//1879 2020//2020
f 2036//2036 2020//2020 2037//2037
f 2037//2037 2020//2020 2021//2021
f 2037//2037 2021//2021 2035//2035
f 2035//2035 2021//2021 2022//2022
f 2035//2035 2022//2022 1982//1982
f 1982//1982 2022//2022 1845//1845
f 2038//2038 1971//1971 1972//1972
f 2039//2039 2040//2040 2041//2041
f 1970//1970 1971//1971 2042//2042
f 2042//2042 1971//1971 2038//2038
f 2042//2042 2038//2038 2043//2043
f 2040//2040 2039//2039 2044//2044
f 2044//2044 2039//2039 2035//2035
f 2044//2044 2035//2035 1974//1974
f 1812//1812 1970//1970 1978//1978
f 1978//1978 1970//1970 2042//2042
f 1978//1978 2042//2042 1976//1976
f 1976//1976 2042//2042 2043//2043
f 1976//1976 2043//2043 1973//1973
f 1881//1881 1880//1880 2041//2041
f 2041//2041 1880//1880 2036//2036
f 2041//2041 2036//2036 2039//2039
f 2039//2039 2036//2036 2037//2037
f 2039//2039 2037//2037 2035//2035
f 1974//1974 1973//1973 2044//2044
f 2044//2044 1973//1973 2043//2043
f 2044//2044 2043//2043 2040//2040
f 2040//2040 2043//2043 2038//2038
f 2040//2040 2038//2038 2041//2041
f 2041//2041 2038//2038 1972//1972
f 2041//2041 1972//1972 1881//1881
f 1881//1881 1972//1972 1882//1882
f 2045//2045 2046//2046 2047//2047
f 2048//2048 2049//2049 2050//2050
f 2045//2045 2047//2047 2051//2051
f 2047//2047 2052//2052 2053//2053
f 2054//2054 2055//2055 2056//2056
f 2049//2049 2057//2057 2050//2050
f 2050//2050 2057//2057 2058//2058
f 2050//2050 2058//2058 2059//2059
f 2060//2060 2053//2053 2061//2061
f 2061//2061 2053//2053 2052//2052
f 2061//2061 2052//2052 2062//2062
f 2051//2051 2047//2047 2063//2063
f 2063//2063 2047//2047 2053//2053
f 2063//2063 2053//2053 2050//2050
f 2050//2050 2053//2053 2054//2054
f 2050//2050 2054//2054 2048//2048
f 2048//2048 2054//2054 2056//2056
f 2048//2048 2056//2056 2064//2064
f 2065//2065 2066//2066 2067//2067
f 2068//2068 2069//2069 2070//2070
f 2071//2071 2072//2072 2073//2073
f 2074//2074 2075//2075 2066//2066
f 2065//2065 2067//2067 2070//2070
f 2070//2070 2067//2067 2076//2076
f 2070//2070 2076//2076 2068//2068
f 2072//2072 2077//2077 2073//2073
f 2073//2073 2077//2077 2078//2078
f 2073//2073 2078//2078 2079//2079
f 2080//2080 2071//2071 2081//2081
f 2081//2081 2071//2071 2065//2065
f 2081//2081 2065//2065 2082//2082
f 2071//2071 2073//2073 2065//2065
f 2065//2065 2073//2073 2083//2083
f 2065//2065 2083//2083 2066//2066
f 2066//2066 2083//2083 2084//2084
f 2066//2066 2084//2084 2074//2074
f 2085//2085 2086//2086 2087//2087
f 2085//2085 2087//2087 2088//2088
f 2088//2088 2087//2087 2089//2089
f 2088//2088 2089//2089 2090//2090
f 2090//2090 2089//2089 2091//2091
f 2090//2090 2091//2091 2092//2092
f 2050//2050 2059//2059 2093//2093
f 2093//2093 2059//2059 2094//2094
f 2094//2094 2059//2059 2095//2095
f 2095//2095 2059//2059 2058//2058
f 2095//2095 2058//2058 2096//2096
f 2096//2096 2058//2058 2097//2097
f 2097//2097 2058//2058 2057//2057
f 2097//2097 2057//2057 2098//2098
f 2049//2049 2099//2099 2057//2057
f 2057//2057 2099//2099 2100//2100
f 2057//2057 2100//2100 2098//2098
f 2050//2050 2093//2093 2063//2063
f 2063//2063 2093//2093 2101//2101
f 2047//2047 2046//2046 2102//2102
f 2102//2102 2046//2046 2103//2103
f 2103//2103 2046//2046 2104//2104
f 2104//2104 2046//2046 2045//2045
f 2104//2104 2045//2045 2105//2105
f 2105//2105 2045//2045 2106//2106
f 2106//2106 2045//2045 2051//2051
f 2106//2106 2051//2051 2107//2107
f 2063//2063 2101//2101 2051//2051
f 2051//2051 2101//2101 2108//2108
f 2051//2051 2108//2108 2107//2107
f 2047//2047 2102//2102 2052//2052
f 2052//2052 2102//2102 2109//2109
f 2053//2053 2060//2060 2110//2110
f 2110//2110 2060//2060 2111//2111
f 2111//2111 2060//2060 2112//2112
f 2112//2112 2060//2060 2061//2061
f 2112//2112 2061//2061 2113//2113
f 2113//2113 2061//2061 2114//2114
f 2114//2114 2061//2061 2062//2062
f 2114//2114 2062//2062 2115//2115
f 2052//2052 2109//2109 2062//2062
f 2062//2062 2109//2109 2116//2116
f 2062//2062 2116//2116 2115//2115
f 2053//2053 2110//2110 2054//2054
f 2054//2054 2110//2110 2117//2117
f 2118//2118 2048//2048 2119//2119
f 2119//2119 2048//2048 2064//2064
f 2119//2119 2064//2064 2120//2120
f 2120//2120 2064//2064 2121//2121
f 2121//2121 2064//2064 2056//2056
f 2121//2121 2056//2056 2122//2122
f 2122//2122 2056//2056 2055//2055
f 2122//2122 2055//2055 2123//2123
f 2054//2054 2117//2117 2055//2055
f 2055//2055 2117//2117 2124//2124
f 2055//2055 2124//2124 2123//2123
f 2048//2048 2118//2118 2049//2049
f 2049//2049 2118//2118 2099//2099
f 2071//2071 2080//2080 2125//2125
f 2125//2125 2080//2080 2126//2126
f 2126//2126 2080//2080 2127//2127
f 2127//2127 2080//2080 2081//2081
f 2127//2127 2081//2081 2128//2128
f 2128//2128 2081//2081 2129//2129
f 2129//2129 2081//2081 2082//2082
f 2129//2129 2082//2082 2130//2130
f 2065//2065 2131//2131 2082//2082
f 2082//2082 2131//2131 2132//2132
f 2082//2082 2132//2132 2130//2130
f 2071//2071 2125//2125 2072//2072
f 2072//2072 2125//2125 2133//2133
f 2073//2073 2079//2079 2134//2134
f 2134//2134 2079//2079 2135//2135
f 2135//2135 2079//2079 2136//2136
f 2136//2136 2079//2079 2078//2078
f 2136//2136 2078//2078 2137//2137
f 2137//2137 2078//2078 2138//2138
f 2138//2138 2078//2078 2077//2077
f 2138//2138 2077//2077 2139//2139
f 2072//2072 2133//2133 2077//2077
f 2077//2077 2133//2133 2140//2140
f 2077//2077 2140//2140 2139//2139
f 2073//2073 2134//2134 2083//2083
f 2083//2083 2134//2134 2141//2141
f 2066//2066 2075//2075 2142//2142
f 2142//2142 2075//2075 2143//2143
f 2143//2143 2075//2075 2144//2144
f 2144//2144 2075//2075 2074//2074
f 2144//2144 2074//2074 2145//2145
f 2145//2145 2074//2074 2146//2146
f 2146//2146 2074//2074 2084//2084
f 2146//2146 2084//2084 2147//2147
f 2083//2083 2141//2141 2084//2084
f 2084//2084 2141//2141 2148//2148
f 2084//2084 2148//2148 2147//2147
f 2066//2066 2142//2142 2067//2067
f 2067//2067 2142//2142 2149//2149
f 2070//2070 2069//2069 2150//2150
f 2150//2150 2069//2069 2151//2151
f 2151//2151 2069//2069 2152//2152
f 2152//2152 2069//2069 2068//2068
f 2152//2152 2068//2068 2153//2153
f 2153//2153 2068//2068 2154//2154
f 2154//2154 2068//2068 2076//2076
f 2154//2154 2076//2076 2155//2155
f 2067//2067 2149//2149 2076//2076
f 2076//2076 2149//2149 2156//2156
f 2076//2076 2156//2156 2155//2155
f 2070//2070 2150//2150 2065//2065
f 2065//2065 2150//2150 2131//2131
f 2157//2157 2158//2158 2159//2159
f 2159//2159 2158//2158 2160//2160
f 2159//2159 2160//2160 2161//2161
f 2161//2161 2160//2160 2162//2162
f 2161//2161 2162//2162 2163//2163
f 2163//2163 2162//2162 2164//2164
f 2158//2158 2165//2165 2160//2160
f 2160//2160 2165//2165 2166//2166
f 2160//2160 2166//2166 2162//2162
f 2162//2162 2166//2166 2167//2167
f 2162//2162 2167//2167 2164//2164
f 2164//2164 2167//2167 2168//2168
f 2165//2165 2085//2085 2166//2166
f 2166//2166 2085//2085 2088//2088
f 2166//2166 2088//2088 2167//2167
f 2167//2167 2088//2088 2090//2090
f 2167//2167 2090//2090 2168//2168
f 2168//2168 2090//2090 2092//2092
f 2169//2169 2170//2170 2171//2171
f 2172//2172 2173//2173 2086//2086
f 2165//2165 2158//2158 2085//2085
f 2085//2085 2158//2158 2157//2157
f 2085//2085 2157//2157 2086//2086
f 2086//2086 2157//2157 2169//2169
f 2086//2086 2169//2169 2172//2172
f 2172//2172 2169//2169 2171//2171
f 2174//2174 2172//2172 2171//2171
f 2086//2086 2173//2173 2087//2087
f 2087//2087 2173//2173 2175//2175
f 2087//2087 2175//2175 2089//2089
f 2089//2089 2175//2175 2176//2176
f 2089//2089 2176//2176 2091//2091
f 2091//2091 2176//2176 2177//2177
f 2173//2173 2172//2172 2175//2175
f 2175//2175 2172//2172 2174//2174
f 2175//2175 2174//2174 2176//2176
f 2176//2176 2174//2174 2178//2178
f 2176//2176 2178//2178 2177//2177
f 2177//2177 2178//2178 2179//2179
f 2171//2171 2180//2180 2174//2174
f 2174//2174 2180//2180 2181//2181
f 2174//2174 2181//2181 2178//2178
f 2178//2178 2181//2181 2182//2182
f 2178//2178 2182//2182 2179//2179
f 2179//2179 2182//2182 2183//2183
f 2184//2184 2092//2092 2185//2185
f 2185//2185 2092//2092 2091//2091
f 2186//2186 2187//2187 2188//2188
f 2188//2188 2187//2187 2189//2189
f 2189//2189 2187//2187 2190//2190
f 2190//2190 2187//2187 2191//2191
f 2190//2190 2191//2191 2192//2192
f 2191//2191 2193//2193 2192//2192
f 2192//2192 2193//2193 2184//2184
f 2192//2192 2184//2184 2185//2185
f 2194//2194 2195//2195 2196//2196
f 2197//2197 2198//2198 2199//2199
f 2200//2200 2201//2201 2202//2202
f 2202//2202 2201//2201 2203//2203
f 2202//2202 2203//2203 2204//2204
f 2204//2204 2203//2203 2197//2197
f 2204//2204 2197//2197 2205//2205
f 2205//2205 2197//2197 2199//2199
f 2195//2195 2198//2198 2196//2196
f 2196//2196 2198//2198 2197//2197
f 2196//2196 2197//2197 2206//2206
f 2206//2206 2197//2197 2203//2203
f 2206//2206 2203//2203 2207//2207
f 2207//2207 2203//2203 2201//2201
f 2208//2208 2194//2194 2209//2209
f 2209//2209 2194//2194 2196//2196
f 2209//2209 2196//2196 2210//2210
f 2210//2210 2196//2196 2206//2206
f 2210//2210 2206//2206 2211//2211
f 2211//2211 2206//2206 2207//2207
f 2211//2211 2207//2207 2212//2212
f 2212//2212 2207//2207 2201//2201
f 2212//2212 2201//2201 2213//2213
f 2213//2213 2201//2201 2200//2200
f 2213//2213 2200//2200 2214//2214
f 2185//2185 2208//2208 2192//2192
f 2192//2192 2208//2208 2209//2209
f 2192//2192 2209//2209 2190//2190
f 2190//2190 2209//2209 2210//2210
f 2190//2190 2210//2210 2189//2189
f 2189//2189 2210//2210 2211//2211
f 2189//2189 2211//2211 2188//2188
f 2188//2188 2211//2211 2212//2212
f 2215//2215 2216//2216 2217//2217
f 2099//2099 2218//2218 2219//2219
f 2097//2097 2098//2098 2219//2219
f 2219//2219 2098//2098 2100//2100
f 2219//2219 2100//2100 2099//2099
f 2097//2097 2219//2219 2096//2096
f 2096//2096 2219//2219 2220//2220
f 2096//2096 2220//2220 2095//2095
f 2095//2095 2220//2220 2217//2217
f 2095//2095 2217//2217 2094//2094
f 2094//2094 2217//2217 2216//2216
f 2094//2094 2216//2216 2093//2093
f 2215//2215 2217//2217 2221//2221
f 2221//2221 2217//2217 2220//2220
f 2221//2221 2220//2220 2222//2222
f 2222//2222 2220//2220 2219//2219
f 2222//2222 2219//2219 2223//2223
f 2223//2223 2219//2219 2218//2218
f 2223//2223 2218//2218 2224//2224
f 2101//2101 2093//2093 2216//2216
f 2101//2101 2216//2216 2225//2225
f 2225//2225 2216//2216 2215//2215
f 2225//2225 2215//2215 2226//2226
f 2101//2101 2225//2225 2227//2227
f 2228//2228 2229//2229 2230//2230
f 2228//2228 2230//2230 2231//2231
f 2231//2231 2230//2230 2232//2232
f 2231//2231 2232//2232 2233//2233
f 2233//2233 2232//2232 2227//2227
f 2233//2233 2227//2227 2234//2234
f 2234//2234 2227//2227 2225//2225
f 2234//2234 2225//2225 2226//2226
f 2106//2106 2107//2107 2227//2227
f 2227//2227 2107//2107 2108//2108
f 2227//2227 2108//2108 2101//2101
f 2106//2106 2227//2227 2105//2105
f 2105//2105 2227//2227 2232//2232
f 2105//2105 2232//2232 2104//2104
f 2104//2104 2232//2232 2230//2230
f 2104//2104 2230//2230 2103//2103
f 2103//2103 2230//2230 2229//2229
f 2103//2103 2229//2229 2102//2102
f 2109//2109 2102//2102 2229//2229
f 2109//2109 2229//2229 2235//2235
f 2235//2235 2229//2229 2228//2228
f 2235//2235 2228//2228 2236//2236
f 2237//2237 2238//2238 2239//2239
f 2109//2109 2235//2235 2240//2240
f 2114//2114 2115//2115 2240//2240
f 2240//2240 2115//2115 2116//2116
f 2240//2240 2116//2116 2109//2109
f 2114//2114 2240//2240 2113//2113
f 2113//2113 2240//2240 2241//2241
f 2113//2113 2241//2241 2112//2112
f 2112//2112 2241//2241 2239//2239
f 2112//2112 2239//2239 2111//2111
f 2111//2111 2239//2239 2238//2238
f 2111//2111 2238//2238 2110//2110
f 2237//2237 2239//2239 2242//2242
f 2242//2242 2239//2239 2241//2241
f 2242//2242 2241//2241 2243//2243
f 2243//2243 2241//2241 2240//2240
f 2243//2243 2240//2240 2244//2244
f 2244//2244 2240//2240 2235//2235
f 2244//2244 2235//2235 2236//2236
f 2237//2237 2245//2245 2246//2246
f 2237//2237 2246//2246 2238//2238
f 2238//2238 2246//2246 2117//2117
f 2238//2238 2117//2117 2110//2110
f 2247//2247 2248//2248 2249//2249
f 2124//2124 2117//2117 2246//2246
f 2124//2124 2246//2246 2123//2123
f 2123//2123 2246//2246 2250//2250
f 2123//2123 2250//2250 2122//2122
f 2122//2122 2250//2250 2251//2251
f 2122//2122 2251//2251 2121//2121
f 2121//2121 2251//2251 2249//2249
f 2121//2121 2249//2249 2120//2120
f 2120//2120 2249//2249 2119//2119
f 2119//2119 2249//2249 2248//2248
f 2119//2119 2248//2248 2118//2118
f 2247//2247 2249//2249 2252//2252
f 2252//2252 2249//2249 2251//2251
f 2252//2252 2251//2251 2253//2253
f 2253//2253 2251//2251 2250//2250
f 2253//2253 2250//2250 2254//2254
f 2254//2254 2250//2250 2246//2246
f 2254//2254 2246//2246 2245//2245
f 2099//2099 2118//2118 2248//2248
f 2099//2099 2248//2248 2218//2218
f 2218//2218 2248//2248 2247//2247
f 2218//2218 2247//2247 2224//2224
f 2255//2255 2256//2256 2257//2257
f 2131//2131 2258//2258 2259//2259
f 2129//2129 2130//2130 2259//2259
f 2259//2259 2130//2130 2132//2132
f 2259//2259 2132//2132 2131//2131
f 2129//2129 2259//2259 2128//2128
f 2128//2128 2259//2259 2260//2260
f 2128//2128 2260//2260 2127//2127
f 2127//2127 2260//2260 2257//2257
f 2127//2127 2257//2257 2126//2126
f 2126//2126 2257//2257 2256//2256
f 2126//2126 2256//2256 2125//2125
f 2255//2255 2257//2257 2261//2261
f 2261//2261 2257//2257 2260//2260
f 2261//2261 2260//2260 2262//2262
f 2262//2262 2260//2260 2259//2259
f 2262//2262 2259//2259 2263//2263
f 2263//2263 2259//2259 2258//2258
f 2263//2263 2258//2258 2264//2264
f 2255//2255 2265//2265 2266//2266
f 2255//2255 2266//2266 2256//2256
f 2256//2256 2266//2266 2133//2133
f 2256//2256 2133//2133 2125//2125
f 2133//2133 2266//2266 2267//2267
f 2268//2268 2269//2269 2270//2270
f 2268//2268 2270//2270 2271//2271
f 2271//2271 2270//2270 2272//2272
f 2271//2271 2272//2272 2273//2273
f 2273//2273 2272//2272 2267//2267
f 2273//2273 2267//2267 2274//2274
f 2274//2274 2267//2267 2266//2266
f 2274//2274 2266//2266 2265//2265
f 2138//2138 2139//2139 2267//2267
f 2267//2267 2139//2139 2140//2140
f 2267//2267 2140//2140 2133//2133
f 2138//2138 2267//2267 2137//2137
f 2137//2137 2267//2267 2272//2272
f 2137//2137 2272//2272 2136//2136
f 2136//2136 2272//2272 2270//2270
f 2136//2136 2270//2270 2135//2135
f 2135//2135 2270//2270 2269//2269
f 2135//2135 2269//2269 2134//2134
f 2141//2141 2134//2134 2269//2269
f 2141//2141 2269//2269 2275//2275
f 2275//2275 2269//2269 2268//2268
f 2275//2275 2268//2268 2276//2276
f 2277//2277 2278//2278 2279//2279
f 2141//2141 2275//2275 2280//2280
f 2146//2146 2147//2147 2280//2280
f 2280//2280 2147//2147 2148//2148
f 2280//2280 2148//2148 2141//2141
f 2146//2146 2280//2280 2145//2145
f 2145//2145 2280//2280 2281//2281
f 2145//2145 2281//2281 2144//2144
f 2144//2144 2281//2281 2279//2279
f 2144//2144 2279//2279 2143//2143
f 2143//2143 2279//2279 2278//2278
f 2143//2143 2278//2278 2142//2142
f 2277//2277 2279//2279 2282//2282
f 2282//2282 2279//2279 2281//2281
f 2282//2282 2281//2281 2283//2283
f 2283//2283 2281//2281 2280//2280
f 2283//2283 2280//2280 2284//2284
f 2284//2284 2280//2280 2275//2275
f 2284//2284 2275//2275 2276//2276
f 2149//2149 2142//2142 2278//2278
f 2149//2149 2278//2278 2285//2285
f 2285//2285 2278//2278 2277//2277
f 2285//2285 2277//2277 2286//2286
f 2287//2287 2288//2288 2289//2289
f 2149//2149 2285//2285 2290//2290
f 2154//2154 2155//2155 2290//2290
f 2290//2290 2155//2155 2156//2156
f 2290//2290 2156//2156 2149//2149
f 2154//2154 2290//2290 2153//2153
f 2153//2153 2290//2290 2291//2291
f 2153//2153 2291//2291 2152//2152
f 2152//2152 2291//2291 2289//2289
f 2152//2152 2289//2289 2151//2151
f 2151//2151 2289//2289 2288//2288
f 2151//2151 2288//2288 2150//2150
f 2287//2287 2289//2289 2292//2292
f 2292//2292 2289//2289 2291//2291
f 2292//2292 2291//2291 2293//2293
f 2293//2293 2291//2291 2290//2290
f 2293//2293 2290//2290 2294//2294
f 2294//2294 2290//2290 2285//2285
f 2294//2294 2285//2285 2286//2286
f 2131//2131 2150//2150 2288//2288
f 2131//2131 2288//2288 2258//2258
f 2258//2258 2288//2288 2287//2287
f 2258//2258 2287//2287 2264//2264
f 2187//2187 2186//2186 2295//2295
f 2191//2191 2187//2187 2296//2296
f 2296//2296 2187//2187 2295//2295
f 2296//2296 2295//2295 2297//2297
f 2297//2297 2295//2295 2298//2298
f 2297//2297 2298//2298 2299//2299
f 2193//2193 2191//2191 2300//2300
f 2301//2301 2302//2302 2303//2303
f 2303//2303 2302//2302 2184//2184
f 2303//2303 2184//2184 2193//2193
f 2191//2191 2296//2296 2300//2300
f 2300//2300 2296//2296 2297//2297
f 2300//2300 2297//2297 2304//2304
f 2304//2304 2297//2297 2299//2299
f 2304//2304 2299//2299 2305//2305
f 2298//2298 2306//2306 2299//2299
f 2299//2299 2306//2306 2307//2307
f 2299//2299 2307//2307 2305//2305
f 2305//2305 2307//2307 2308//2308
f 2305//2305 2308//2308 2309//2309
f 2193//2193 2300//2300 2303//2303
f 2303//2303 2300//2300 2304//2304
f 2303//2303 2304//2304 2310//2310
f 2310//2310 2304//2304 2305//2305
f 2310//2310 2305//2305 2311//2311
f 2311//2311 2305//2305 2309//2309
f 2311//2311 2309//2309 2312//2312
f 2301//2301 2303//2303 2313//2313
f 2313//2313 2303//2303 2310//2310
f 2313//2313 2310//2310 2314//2314
f 2314//2314 2310//2310 2311//2311
f 2314//2314 2311//2311 2315//2315
f 2315//2315 2311//2311 2312//2312
f 2315//2315 2312//2312 2316//2316
f 2164//2164 2314//2314 2163//2163
f 2163//2163 2314//2314 2315//2315
f 2163//2163 2315//2315 2316//2316
f 2168//2168 2092//2092 2184//2184
f 2184//2184 2302//2302 2168//2168
f 2168//2168 2302//2302 2301//2301
f 2168//2168 2301//2301 2164//2164
f 2164//2164 2301//2301 2313//2313
f 2164//2164 2313//2313 2314//2314
f 2163//2163 2317//2317 2318//2318
f 2163//2163 2318//2318 2161//2161
f 2161//2161 2318//2318 2319//2319
f 2161//2161 2319//2319 2159//2159
f 2319//2319 2320//2320 2159//2159
f 2159//2159 2320//2320 2169//2169
f 2159//2159 2169//2169 2157//2157
f 2321//2321 2322//2322 2323//2323
f 2323//2323 2322//2322 2324//2324
f 2323//2323 2324//2324 2325//2325
f 2325//2325 2324//2324 2326//2326
f 2325//2325 2326//2326 2327//2327
f 2327//2327 2326//2326 2328//2328
f 2327//2327 2328//2328 2329//2329
f 2329//2329 2328//2328 2330//2330
f 2317//2317 2321//2321 2318//2318
f 2318//2318 2321//2321 2323//2323
f 2318//2318 2323//2323 2319//2319
f 2319//2319 2323//2323 2325//2325
f 2319//2319 2325//2325 2320//2320
f 2320//2320 2325//2325 2327//2327
f 2320//2320 2327//2327 2169//2169
f 2169//2169 2327//2327 2329//2329
f 2170//2170 2169//2169 2331//2331
f 2331//2331 2169//2169 2329//2329
f 2331//2331 2329//2329 2332//2332
f 2332//2332 2329//2329 2330//2330
f 2333//2333 2334//2334 2335//2335
f 2335//2335 2334//2334 2336//2336
f 2335//2335 2336//2336 2337//2337
f 2337//2337 2336//2336 2338//2338
f 2337//2337 2338//2338 2339//2339
f 2339//2339 2338//2338 2340//2340
f 2339//2339 2340//2340 2331//2331
f 2331//2331 2340//2340 2170//2170
f 2341//2341 2333//2333 2342//2342
f 2342//2342 2333//2333 2335//2335
f 2342//2342 2335//2335 2343//2343
f 2343//2343 2335//2335 2337//2337
f 2343//2343 2337//2337 2344//2344
f 2344//2344 2337//2337 2339//2339
f 2344//2344 2339//2339 2332//2332
f 2332//2332 2339//2339 2331//2331
f 2334//2334 2183//2183 2182//2182
f 2334//2334 2182//2182 2336//2336
f 2336//2336 2182//2182 2181//2181
f 2336//2336 2181//2181 2338//2338
f 2338//2338 2181//2181 2180//2180
f 2338//2338 2180//2180 2340//2340
f 2340//2340 2180//2180 2171//2171
f 2340//2340 2171//2171 2170//2170
f 2185//2185 2091//2091 2208//2208
f 2208//2208 2091//2091 2177//2177
f 2208//2208 2177//2177 2194//2194
f 2194//2194 2177//2177 2195//2195
f 2195//2195 2177//2177 2179//2179
f 2195//2195 2179//2179 2198//2198
f 2198//2198 2179//2179 2183//2183
f 2198//2198 2183//2183 2199//2199
f 2345//2345 2346//2346 2200//2200
f 2200//2200 2346//2346 2347//2347
f 2200//2200 2347//2347 2214//2214
f 2200//2200 2202//2202 2345//2345
f 2345//2345 2202//2202 2204//2204
f 2345//2345 2204//2204 2348//2348
f 2348//2348 2204//2204 2205//2205
f 2348//2348 2205//2205 2199//2199
f 2224//2224 2247//2247 2349//2349
f 2349//2349 2247//2247 2252//2252
f 2349//2349 2252//2252 2253//2253
f 2283//2283 2284//2284 2214//2214
f 2221//2221 2222//2222 2349//2349
f 2349//2349 2222//2222 2223//2223
f 2349//2349 2223//2223 2224//2224
f 2292//2292 2293//2293 2347//2347
f 2283//2283 2214//2214 2282//2282
f 2292//2292 2347//2347 2287//2287
f 2244//2244 2276//2276 2243//2243
f 2243//2243 2276//2276 2268//2268
f 2268//2268 2271//2271 2243//2243
f 2243//2243 2271//2271 2273//2273
f 2243//2243 2273//2273 2242//2242
f 2242//2242 2273//2273 2274//2274
f 2242//2242 2274//2274 2237//2237
f 2237//2237 2274//2274 2265//2265
f 2237//2237 2265//2265 2245//2245
f 2245//2245 2265//2265 2255//2255
f 2245//2245 2255//2255 2254//2254
f 2254//2254 2255//2255 2253//2253
f 2295//2295 2186//2186 2298//2298
f 2298//2298 2186//2186 2231//2231
f 2298//2298 2231//2231 2306//2306
f 2306//2306 2231//2231 2233//2233
f 2255//2255 2261//2261 2253//2253
f 2253//2253 2261//2261 2262//2262
f 2253//2253 2262//2262 2349//2349
f 2349//2349 2262//2262 2263//2263
f 2349//2349 2263//2263 2347//2347
f 2347//2347 2263//2263 2264//2264
f 2347//2347 2264//2264 2287//2287
f 2284//2284 2276//2276 2214//2214
f 2214//2214 2276//2276 2244//2244
f 2214//2214 2244//2244 2213//2213
f 2213//2213 2244//2244 2236//2236
f 2213//2213 2236//2236 2212//2212
f 2212//2212 2236//2236 2188//2188
f 2188//2188 2236//2236 2186//2186
f 2186//2186 2236//2236 2228//2228
f 2186//2186 2228//2228 2231//2231
f 2233//2233 2234//2234 2306//2306
f 2306//2306 2234//2234 2226//2226
f 2306//2306 2226//2226 2349//2349
f 2349//2349 2226//2226 2215//2215
f 2349//2349 2215//2215 2221//2221
f 2293//2293 2294//2294 2347//2347
f 2347//2347 2294//2294 2286//2286
f 2347//2347 2286//2286 2214//2214
f 2214//2214 2286//2286 2277//2277
f 2214//2214 2277//2277 2282//2282
f 2350//2350 2351//2351 2316//2316
f 2316//2316 2312//2312 2350//2350
f 2350//2350 2312//2312 2309//2309
f 2350//2350 2309//2309 2352//2352
f 2307//2307 2306//2306 2349//2349
f 2309//2309 2308//2308 2352//2352
f 2352//2352 2308//2308 2307//2307
f 2352//2352 2307//2307 2353//2353
f 2353//2353 2307//2307 2349//2349
f 2354//2354 2355//2355 2356//2356
f 2356//2356 2355//2355 2357//2357
f 2358//2358 2359//2359 2360//2360
f 2360//2360 2361//2361 2358//2358
f 2358//2358 2361//2361 2362//2362
f 2358//2358 2362//2362 2357//2357
f 2357//2357 2362//2362 2363//2363
f 2357//2357 2363//2363 2356//2356
f 2163//2163 2316//2316 2317//2317
f 2317//2317 2316//2316 2351//2351
f 2355//2355 2364//2364 2365//2365
f 2359//2359 2322//2322 2351//2351
f 2351//2351 2322//2322 2321//2321
f 2351//2351 2321//2321 2317//2317
f 2359//2359 2358//2358 2322//2322
f 2322//2322 2358//2358 2357//2357
f 2322//2322 2357//2357 2366//2366
f 2366//2366 2357//2357 2355//2355
f 2366//2366 2355//2355 2367//2367
f 2367//2367 2355//2355 2365//2365
f 2368//2368 2330//2330 2328//2328
f 2368//2368 2328//2328 2369//2369
f 2369//2369 2328//2328 2326//2326
f 2369//2369 2326//2326 2370//2370
f 2370//2370 2326//2326 2324//2324
f 2370//2370 2324//2324 2371//2371
f 2371//2371 2324//2324 2322//2322
f 2371//2371 2322//2322 2366//2366
f 2330//2330 2368//2368 2332//2332
f 2332//2332 2368//2368 2372//2372
f 2373//2373 2341//2341 2342//2342
f 2373//2373 2342//2342 2374//2374
f 2374//2374 2342//2342 2343//2343
f 2374//2374 2343//2343 2375//2375
f 2375//2375 2343//2343 2344//2344
f 2375//2375 2344//2344 2376//2376
f 2376//2376 2344//2344 2332//2332
f 2376//2376 2332//2332 2372//2372
f 2199//2199 2183//2183 2348//2348
f 2348//2348 2183//2183 2334//2334
f 2377//2377 2378//2378 2379//2379
f 2379//2379 2378//2378 2380//2380
f 2379//2379 2380//2380 2373//2373
f 2373//2373 2380//2380 2381//2381
f 2373//2373 2381//2381 2341//2341
f 2341//2341 2381//2381 2382//2382
f 2334//2334 2333//2333 2348//2348
f 2348//2348 2333//2333 2341//2341
f 2348//2348 2341//2341 2383//2383
f 2383//2383 2341//2341 2382//2382
f 2384//2384 2367//2367 2385//2385
f 2385//2385 2367//2367 2365//2365
f 2386//2386 2387//2387 2364//2364
f 2364//2364 2387//2387 2388//2388
f 2364//2364 2388//2388 2365//2365
f 2365//2365 2388//2388 2389//2389
f 2365//2365 2389//2389 2385//2385
f 2386//2386 2364//2364 2390//2390
f 2390//2390 2364//2364 2355//2355
f 2390//2390 2355//2355 2354//2354
f 2391//2391 2380//2380 2392//2392
f 2392//2392 2380//2380 2378//2378
f 2392//2392 2378//2378 2393//2393
f 2393//2393 2378//2378 2394//2394
f 2394//2394 2378//2378 2395//2395
f 2395//2395 2378//2378 2377//2377
f 2395//2395 2377//2377 2396//2396
f 2396//2396 2377//2377 2397//2397
f 2397//2397 2377//2377 2379//2379
f 2397//2397 2379//2379 2398//2398
f 2399//2399 2381//2381 2391//2391
f 2391//2391 2381//2381 2380//2380
f 2381//2381 2399//2399 2400//2400
f 2381//2381 2400//2400 2382//2382
f 2401//2401 2383//2383 2402//2402
f 2402//2402 2383//2383 2382//2382
f 2402//2402 2382//2382 2403//2403
f 2403//2403 2382//2382 2400//2400
f 2404//2404 2360//2360 2359//2359
f 2405//2405 2346//2346 2406//2406
f 2406//2406 2346//2346 2345//2345
f 2406//2406 2345//2345 2407//2407
f 2359//2359 2351//2351 2404//2404
f 2404//2404 2351//2351 2350//2350
f 2404//2404 2350//2350 2408//2408
f 2408//2408 2350//2350 2352//2352
f 2408//2408 2352//2352 2409//2409
f 2409//2409 2352//2352 2410//2410
f 2383//2383 2401//2401 2348//2348
f 2348//2348 2401//2401 2411//2411
f 2348//2348 2411//2411 2345//2345
f 2345//2345 2411//2411 2412//2412
f 2345//2345 2412//2412 2407//2407
f 2352//2352 2353//2353 2410//2410
f 2410//2410 2353//2353 2349//2349
f 2410//2410 2349//2349 2405//2405
f 2405//2405 2349//2349 2347//2347
f 2405//2405 2347//2347 2346//2346
f 2413//2413 2414//2414 2415//2415
f 2413//2413 2415//2415 2416//2416
f 2416//2416 2415//2415 2417//2417
f 2416//2416 2417//2417 2418//2418
f 2418//2418 2417//2417 2419//2419
f 2418//2418 2419//2419 2420//2420
f 2420//2420 2419//2419 2354//2354
f 2420//2420 2354//2354 2356//2356
f 2390//2390 2354//2354 2419//2419
f 2387//2387 2386//2386 2421//2421
f 2422//2422 2423//2423 2424//2424
f 2424//2424 2423//2423 2425//2425
f 2426//2426 2427//2427 2423//2423
f 2423//2423 2427//2427 2428//2428
f 2423//2423 2428//2428 2425//2425
f 2384//2384 2385//2385 2429//2429
f 2429//2429 2385//2385 2430//2430
f 2429//2429 2430//2430 2431//2431
f 2431//2431 2430//2430 2422//2422
f 2431//2431 2422//2422 2432//2432
f 2432//2432 2422//2422 2424//2424
f 2385//2385 2389//2389 2430//2430
f 2430//2430 2389//2389 2433//2433
f 2430//2430 2433//2433 2422//2422
f 2422//2422 2433//2433 2434//2434
f 2422//2422 2434//2434 2423//2423
f 2423//2423 2434//2434 2435//2435
f 2423//2423 2435//2435 2426//2426
f 2387//2387 2421//2421 2388//2388
f 2389//2389 2388//2388 2433//2433
f 2433//2433 2388//2388 2421//2421
f 2433//2433 2421//2421 2434//2434
f 2434//2434 2421//2421 2436//2436
f 2434//2434 2436//2436 2435//2435
f 2435//2435 2436//2436 2437//2437
f 2435//2435 2437//2437 2426//2426
f 2426//2426 2437//2437 2438//2438
f 2414//2414 2438//2438 2415//2415
f 2415//2415 2438//2438 2437//2437
f 2415//2415 2437//2437 2417//2417
f 2417//2417 2437//2437 2436//2436
f 2417//2417 2436//2436 2419//2419
f 2419//2419 2436//2436 2421//2421
f 2419//2419 2421//2421 2390//2390
f 2390//2390 2421//2421 2386//2386
f 2439//2439 2440//2440 2441//2441
f 2441//2441 2440//2440 2442//2442
f 2441//2441 2442//2442 2443//2443
f 2443//2443 2442//2442 2444//2444
f 2444//2444 2442//2442 2445//2445
f 2444//2444 2445//2445 2446//2446
f 2446//2446 2445//2445 2447//2447
f 2446//2446 2447//2447 2448//2448
f 2448//2448 2447//2447 2360//2360
f 2448//2448 2360//2360 2404//2404
f 2449//2449 2450//2450 2451//2451
f 2361//2361 2360//2360 2452//2452
f 2452//2452 2360//2360 2447//2447
f 2452//2452 2447//2447 2453//2453
f 2453//2453 2447//2447 2445//2445
f 2453//2453 2445//2445 2451//2451
f 2451//2451 2445//2445 2442//2442
f 2451//2451 2442//2442 2449//2449
f 2449//2449 2442//2442 2440//2440
f 2362//2362 2361//2361 2454//2454
f 2454//2454 2361//2361 2452//2452
f 2454//2454 2452//2452 2455//2455
f 2455//2455 2452//2452 2453//2453
f 2455//2455 2453//2453 2456//2456
f 2456//2456 2453//2453 2451//2451
f 2456//2456 2451//2451 2457//2457
f 2457//2457 2451//2451 2450//2450
f 2363//2363 2362//2362 2458//2458
f 2458//2458 2362//2362 2454//2454
f 2458//2458 2454//2454 2459//2459
f 2459//2459 2454//2454 2455//2455
f 2459//2459 2455//2455 2460//2460
f 2460//2460 2455//2455 2456//2456
f 2460//2460 2456//2456 2461//2461
f 2461//2461 2456//2456 2457//2457
f 2356//2356 2363//2363 2420//2420
f 2420//2420 2363//2363 2458//2458
f 2420//2420 2458//2458 2418//2418
f 2418//2418 2458//2458 2459//2459
f 2418//2418 2459//2459 2416//2416
f 2416//2416 2459//2459 2460//2460
f 2416//2416 2460//2460 2413//2413
f 2413//2413 2460//2460 2461//2461
f 2462//2462 2463//2463 2425//2425
f 2425//2425 2463//2463 2424//2424
f 2424//2424 2463//2463 2432//2432
f 2432//2432 2463//2463 2464//2464
f 2432//2432 2464//2464 2431//2431
f 2431//2431 2464//2464 2429//2429
f 2429//2429 2464//2464 2465//2465
f 2429//2429 2465//2465 2384//2384
f 2466//2466 2467//2467 2468//2468
f 2469//2469 2470//2470 2471//2471
f 2468//2468 2467//2467 2472//2472
f 2412//2412 2411//2411 2473//2473
f 2407//2407 2471//2471 2406//2406
f 2406//2406 2471//2471 2470//2470
f 2406//2406 2470//2470 2405//2405
f 2474//2474 2475//2475 2476//2476
f 2476//2476 2475//2475 2477//2477
f 2478//2478 2479//2479 2480//2480
f 2480//2480 2479//2479 2481//2481
f 2480//2480 2481//2481 2482//2482
f 2482//2482 2481//2481 2466//2466
f 2479//2479 2483//2483 2481//2481
f 2481//2481 2483//2483 2484//2484
f 2481//2481 2484//2484 2466//2466
f 2466//2466 2484//2484 2485//2485
f 2466//2466 2485//2485 2467//2467
f 2467//2467 2485//2485 2486//2486
f 2467//2467 2486//2486 2472//2472
f 2472//2472 2486//2486 2487//2487
f 2468//2468 2488//2488 2466//2466
f 2466//2466 2488//2488 2477//2477
f 2466//2466 2477//2477 2482//2482
f 2482//2482 2477//2477 2475//2475
f 2482//2482 2475//2475 2480//2480
f 2480//2480 2475//2475 2474//2474
f 2480//2480 2474//2474 2478//2478
f 2489//2489 2490//2490 2476//2476
f 2476//2476 2490//2490 2491//2491
f 2476//2476 2491//2491 2474//2474
f 2492//2492 2493//2493 2494//2494
f 2494//2494 2495//2495 2492//2492
f 2492//2492 2495//2495 2496//2496
f 2492//2492 2496//2496 2497//2497
f 2497//2497 2496//2496 2498//2498
f 2497//2497 2498//2498 2499//2499
f 2499//2499 2498//2498 2500//2500
f 2499//2499 2500//2500 2473//2473
f 2473//2473 2500//2500 2501//2501
f 2473//2473 2501//2501 2412//2412
f 2407//2407 2487//2487 2471//2471
f 2471//2471 2487//2487 2486//2486
f 2471//2471 2486//2486 2469//2469
f 2469//2469 2486//2486 2485//2485
f 2469//2469 2485//2485 2502//2502
f 2502//2502 2485//2485 2484//2484
f 2502//2502 2484//2484 2503//2503
f 2503//2503 2484//2484 2483//2483
f 2503//2503 2483//2483 2504//2504
f 2504//2504 2483//2483 2479//2479
f 2504//2504 2479//2479 2505//2505
f 2505//2505 2479//2479 2478//2478
f 2407//2407 2412//2412 2487//2487
f 2487//2487 2412//2412 2501//2501
f 2487//2487 2501//2501 2472//2472
f 2472//2472 2501//2501 2500//2500
f 2472//2472 2500//2500 2468//2468
f 2468//2468 2500//2500 2498//2498
f 2468//2468 2498//2498 2488//2488
f 2488//2488 2498//2498 2496//2496
f 2488//2488 2496//2496 2477//2477
f 2477//2477 2496//2496 2495//2495
f 2477//2477 2495//2495 2476//2476
f 2476//2476 2495//2495 2494//2494
f 2476//2476 2494//2494 2489//2489
f 2489//2489 2494//2494 2493//2493
f 2489//2489 2493//2493 2506//2506
f 2507//2507 2508//2508 2509//2509
f 2510//2510 2511//2511 2512//2512
f 2513//2513 2514//2514 2511//2511
f 2514//2514 2513//2513 2515//2515
f 2410//2410 2516//2516 2517//2517
f 2446//2446 2448//2448 2518//2518
f 2518//2518 2448//2448 2404//2404
f 2518//2518 2404//2404 2408//2408
f 2519//2519 2520//2520 2521//2521
f 2521//2521 2520//2520 2522//2522
f 2521//2521 2522//2522 2523//2523
f 2524//2524 2517//2517 2522//2522
f 2522//2522 2517//2517 2516//2516
f 2522//2522 2516//2516 2523//2523
f 2525//2525 2526//2526 2527//2527
f 2443//2443 2444//2444 2527//2527
f 2527//2527 2444//2444 2446//2446
f 2527//2527 2446//2446 2525//2525
f 2525//2525 2446//2446 2518//2518
f 2525//2525 2518//2518 2528//2528
f 2528//2528 2518//2518 2408//2408
f 2528//2528 2408//2408 2409//2409
f 2508//2508 2507//2507 2529//2529
f 2529//2529 2507//2507 2530//2530
f 2529//2529 2530//2530 2531//2531
f 2532//2532 2533//2533 2534//2534
f 2515//2515 2535//2535 2536//2536
f 2536//2536 2535//2535 2537//2537
f 2536//2536 2537//2537 2538//2538
f 2538//2538 2537//2537 2539//2539
f 2538//2538 2539//2539 2534//2534
f 2534//2534 2539//2539 2540//2540
f 2534//2534 2540//2540 2532//2532
f 2511//2511 2510//2510 2513//2513
f 2513//2513 2510//2510 2541//2541
f 2513//2513 2541//2541 2542//2542
f 2542//2542 2541//2541 2543//2543
f 2542//2542 2543//2543 2544//2544
f 2544//2544 2543//2543 2545//2545
f 2544//2544 2545//2545 2546//2546
f 2546//2546 2545//2545 2547//2547
f 2546//2546 2547//2547 2548//2548
f 2530//2530 2524//2524 2531//2531
f 2531//2531 2524//2524 2522//2522
f 2531//2531 2522//2522 2549//2549
f 2549//2549 2522//2522 2520//2520
f 2549//2549 2520//2520 2550//2550
f 2550//2550 2520//2520 2519//2519
f 2550//2550 2519//2519 2551//2551
f 2515//2515 2513//2513 2535//2535
f 2535//2535 2513//2513 2542//2542
f 2535//2535 2542//2542 2537//2537
f 2537//2537 2542//2542 2544//2544
f 2537//2537 2544//2544 2539//2539
f 2539//2539 2544//2544 2546//2546
f 2539//2539 2546//2546 2540//2540
f 2540//2540 2546//2546 2548//2548
f 2540//2540 2548//2548 2532//2532
f 2441//2441 2443//2443 2509//2509
f 2509//2509 2443//2443 2527//2527
f 2509//2509 2527//2527 2507//2507
f 2507//2507 2527//2527 2526//2526
f 2507//2507 2526//2526 2530//2530
f 2530//2530 2526//2526 2525//2525
f 2530//2530 2525//2525 2524//2524
f 2524//2524 2525//2525 2528//2528
f 2524//2524 2528//2528 2517//2517
f 2517//2517 2528//2528 2409//2409
f 2517//2517 2409//2409 2410//2410
f 2439//2439 2441//2441 2512//2512
f 2512//2512 2441//2441 2509//2509
f 2512//2512 2509//2509 2510//2510
f 2510//2510 2509//2509 2508//2508
f 2510//2510 2508//2508 2541//2541
f 2541//2541 2508//2508 2529//2529
f 2541//2541 2529//2529 2543//2543
f 2543//2543 2529//2529 2531//2531
f 2543//2543 2531//2531 2545//2545
f 2545//2545 2531//2531 2549//2549
f 2545//2545 2549//2549 2547//2547
f 2547//2547 2549//2549 2550//2550
f 2547//2547 2550//2550 2548//2548
f 2548//2548 2550//2550 2551//2551
f 2548//2548 2551//2551 2532//2532
f 2552//2552 2553//2553 2375//2375
f 2554//2554 2398//2398 2379//2379
f 2379//2379 2373//2373 2554//2554
f 2554//2554 2373//2373 2374//2374
f 2554//2554 2374//2374 2555//2555
f 2555//2555 2374//2374 2375//2375
f 2555//2555 2375//2375 2556//2556
f 2556//2556 2375//2375 2553//2553
f 2375//2375 2376//2376 2552//2552
f 2552//2552 2376//2376 2372//2372
f 2552//2552 2372//2372 2557//2557
f 2372//2372 2368//2368 2557//2557
f 2557//2557 2368//2368 2369//2369
f 2557//2557 2369//2369 2558//2558
f 2558//2558 2369//2369 2370//2370
f 2558//2558 2370//2370 2559//2559
f 2465//2465 2560//2560 2370//2370
f 2370//2370 2560//2560 2561//2561
f 2370//2370 2561//2561 2559//2559
f 2367//2367 2384//2384 2366//2366
f 2366//2366 2384//2384 2465//2465
f 2366//2366 2465//2465 2371//2371
f 2371//2371 2465//2465 2370//2370
f 2562//2562 2563//2563 2564//2564
f 2565//2565 2566//2566 2567//2567
f 2567//2567 2566//2566 2568//2568
f 2567//2567 2568//2568 2569//2569
f 2569//2569 2568//2568 2570//2570
f 2569//2569 2570//2570 2571//2571
f 2571//2571 2570//2570 2572//2572
f 2571//2571 2572//2572 2573//2573
f 2573//2573 2572//2572 2574//2574
f 2575//2575 2565//2565 2576//2576
f 2576//2576 2565//2565 2567//2567
f 2576//2576 2567//2567 2577//2577
f 2577//2577 2567//2567 2569//2569
f 2577//2577 2569//2569 2564//2564
f 2564//2564 2569//2569 2571//2571
f 2564//2564 2571//2571 2562//2562
f 2562//2562 2571//2571 2573//2573
f 2578//2578 2579//2579 2580//2580
f 2580//2580 2579//2579 2581//2581
f 2580//2580 2581//2581 2582//2582
f 2583//2583 2582//2582 2584//2584
f 2584//2584 2582//2582 2581//2581
f 2584//2584 2581//2581 2585//2585
f 2585//2585 2581//2581 2579//2579
f 2585//2585 2579//2579 2586//2586
f 2587//2587 2588//2588 2589//2589
f 2589//2589 2588//2588 2590//2590
f 2589//2589 2590//2590 2591//2591
f 2591//2591 2590//2590 2592//2592
f 2592//2592 2590//2590 2593//2593
f 2592//2592 2593//2593 2594//2594
f 2593//2593 2595//2595 2594//2594
f 2594//2594 2595//2595 2398//2398
f 2594//2594 2398//2398 2554//2554
f 2393//2393 2394//2394 2596//2596
f 2597//2597 2598//2598 2599//2599
f 2599//2599 2598//2598 2600//2600
f 2601//2601 2397//2397 2398//2398
f 2602//2602 2603//2603 2604//2604
f 2590//2590 2588//2588 2605//2605
f 2606//2606 2607//2607 2601//2601
f 2596//2596 2394//2394 2608//2608
f 2606//2606 2609//2609 2602//2602
f 2595//2595 2593//2593 2610//2610
f 2610//2610 2593//2593 2590//2590
f 2610//2610 2590//2590 2611//2611
f 2611//2611 2590//2590 2605//2605
f 2611//2611 2605//2605 2612//2612
f 2613//2613 2391//2391 2392//2392
f 2392//2392 2393//2393 2613//2613
f 2613//2613 2393//2393 2596//2596
f 2613//2613 2596//2596 2600//2600
f 2600//2600 2596//2596 2608//2608
f 2600//2600 2608//2608 2599//2599
f 2607//2607 2395//2395 2601//2601
f 2601//2601 2395//2395 2396//2396
f 2601//2601 2396//2396 2397//2397
f 2604//2604 2597//2597 2602//2602
f 2602//2602 2597//2597 2599//2599
f 2602//2602 2599//2599 2606//2606
f 2606//2606 2599//2599 2608//2608
f 2606//2606 2608//2608 2607//2607
f 2607//2607 2608//2608 2394//2394
f 2607//2607 2394//2394 2395//2395
f 2398//2398 2595//2595 2601//2601
f 2601//2601 2595//2595 2610//2610
f 2601//2601 2610//2610 2606//2606
f 2606//2606 2610//2610 2611//2611
f 2606//2606 2611//2611 2609//2609
f 2609//2609 2611//2611 2612//2612
f 2609//2609 2612//2612 2602//2602
f 2602//2602 2612//2612 2614//2614
f 2602//2602 2614//2614 2603//2603
f 2604//2604 2615//2615 2616//2616
f 2604//2604 2616//2616 2597//2597
f 2597//2597 2616//2616 2617//2617
f 2597//2597 2617//2617 2598//2598
f 2598//2598 2617//2617 2618//2618
f 2598//2598 2618//2618 2600//2600
f 2600//2600 2618//2618 2613//2613
f 2613//2613 2618//2618 2399//2399
f 2613//2613 2399//2399 2391//2391
f 2619//2619 2620//2620 2621//2621
f 2400//2400 2399//2399 2622//2622
f 2622//2622 2399//2399 2618//2618
f 2622//2622 2618//2618 2623//2623
f 2623//2623 2618//2618 2617//2617
f 2623//2623 2617//2617 2621//2621
f 2621//2621 2617//2617 2616//2616
f 2621//2621 2616//2616 2619//2619
f 2619//2619 2616//2616 2615//2615
f 2403//2403 2400//2400 2624//2624
f 2624//2624 2400//2400 2622//2622
f 2624//2624 2622//2622 2625//2625
f 2625//2625 2622//2622 2623//2623
f 2625//2625 2623//2623 2626//2626
f 2626//2626 2623//2623 2621//2621
f 2626//2626 2621//2621 2627//2627
f 2627//2627 2621//2621 2620//2620
f 2402//2402 2403//2403 2628//2628
f 2628//2628 2403//2403 2624//2624
f 2628//2628 2624//2624 2629//2629
f 2629//2629 2624//2624 2625//2625
f 2629//2629 2625//2625 2630//2630
f 2630//2630 2625//2625 2626//2626
f 2630//2630 2626//2626 2631//2631
f 2631//2631 2626//2626 2627//2627
f 2401//2401 2402//2402 2632//2632
f 2632//2632 2402//2402 2628//2628
f 2632//2632 2628//2628 2633//2633
f 2633//2633 2628//2628 2629//2629
f 2633//2633 2629//2629 2634//2634
f 2634//2634 2629//2629 2630//2630
f 2634//2634 2630//2630 2635//2635
f 2635//2635 2630//2630 2631//2631
f 2635//2635 2506//2506 2493//2493
f 2635//2635 2493//2493 2634//2634
f 2634//2634 2493//2493 2492//2492
f 2634//2634 2492//2492 2633//2633
f 2633//2633 2492//2492 2497//2497
f 2633//2633 2497//2497 2632//2632
f 2411//2411 2401//2401 2473//2473
f 2473//2473 2401//2401 2632//2632
f 2473//2473 2632//2632 2499//2499
f 2499//2499 2632//2632 2497//2497
f 2462//2462 2425//2425 2636//2636
f 2636//2636 2425//2425 2428//2428
f 2636//2636 2428//2428 2427//2427
f 2439//2439 2563//2563 2440//2440
f 2440//2440 2563//2563 2562//2562
f 2440//2440 2562//2562 2449//2449
f 2449//2449 2562//2562 2573//2573
f 2461//2461 2457//2457 2573//2573
f 2573//2573 2457//2457 2450//2450
f 2573//2573 2450//2450 2449//2449
f 2427//2427 2426//2426 2636//2636
f 2636//2636 2426//2426 2438//2438
f 2636//2636 2438//2438 2574//2574
f 2574//2574 2438//2438 2414//2414
f 2574//2574 2414//2414 2573//2573
f 2573//2573 2414//2414 2413//2413
f 2573//2573 2413//2413 2461//2461
f 2463//2463 2462//2462 2637//2637
f 2637//2637 2638//2638 2463//2463
f 2463//2463 2638//2638 2639//2639
f 2463//2463 2639//2639 2464//2464
f 2464//2464 2639//2639 2640//2640
f 2560//2560 2465//2465 2641//2641
f 2641//2641 2465//2465 2464//2464
f 2641//2641 2464//2464 2642//2642
f 2642//2642 2464//2464 2640//2640
f 2506//2506 2643//2643 2489//2489
f 2489//2489 2643//2643 2644//2644
f 2489//2489 2644//2644 2490//2490
f 2490//2490 2644//2644 2645//2645
f 2490//2490 2645//2645 2491//2491
f 2491//2491 2645//2645 2646//2646
f 2491//2491 2646//2646 2474//2474
f 2474//2474 2646//2646 2478//2478
f 2478//2478 2646//2646 2647//2647
f 2478//2478 2647//2647 2505//2505
f 2533//2533 2532//2532 2505//2505
f 2505//2505 2532//2532 2504//2504
f 2532//2532 2551//2551 2504//2504
f 2504//2504 2551//2551 2519//2519
f 2504//2504 2519//2519 2503//2503
f 2503//2503 2519//2519 2502//2502
f 2502//2502 2519//2519 2521//2521
f 2502//2502 2521//2521 2469//2469
f 2521//2521 2523//2523 2469//2469
f 2469//2469 2523//2523 2516//2516
f 2469//2469 2516//2516 2470//2470
f 2470//2470 2516//2516 2410//2410
f 2470//2470 2410//2410 2405//2405
f 2576//2576 2538//2538 2575//2575
f 2575//2575 2538//2538 2534//2534
f 2575//2575 2534//2534 2533//2533
f 2511//2511 2514//2514 2564//2564
f 2564//2564 2514//2514 2515//2515
f 2564//2564 2515//2515 2577//2577
f 2577//2577 2515//2515 2576//2576
f 2576//2576 2515//2515 2536//2536
f 2576//2576 2536//2536 2538//2538
f 2511//2511 2564//2564 2512//2512
f 2512//2512 2564//2564 2563//2563
f 2512//2512 2563//2563 2439//2439
f 2648//2648 2649//2649 2578//2578
f 2650//2650 2651//2651 2533//2533
f 2648//2648 2578//2578 2652//2652
f 2533//2533 2651//2651 2575//2575
f 2575//2575 2651//2651 2578//2578
f 2578//2578 2651//2651 2653//2653
f 2578//2578 2653//2653 2652//2652
f 2654//2654 2655//2655 2656//2656
f 2655//2655 2657//2657 2656//2656
f 2656//2656 2657//2657 2658//2658
f 2656//2656 2658//2658 2659//2659
f 2505//2505 2647//2647 2656//2656
f 2659//2659 2660//2660 2656//2656
f 2656//2656 2660//2660 2661//2661
f 2656//2656 2661//2661 2505//2505
f 2505//2505 2661//2661 2662//2662
f 2505//2505 2662//2662 2533//2533
f 2533//2533 2662//2662 2663//2663
f 2533//2533 2663//2663 2650//2650
f 1017//1017 1016//1016 1060//1060
f 1060//1060 1016//1016 1019//1019
f 1060//1060 1019//1019 1024//1024
f 2654//2654 2656//2656 1060//1060
f 1060//1060 2656//2656 1025//1025
f 1060//1060 1025//1025 1017//1017
f 2664//2664 2665//2665 2666//2666
f 2666//2666 2665//2665 2667//2667
f 2666//2666 2667//2667 2552//2552
f 2552//2552 2667//2667 2553//2553
f 2668//2668 2669//2669 2670//2670
f 2670//2670 2669//2669 2671//2671
f 2556//2556 2553//2553 2672//2672
f 2672//2672 2553//2553 2667//2667
f 2672//2672 2667//2667 2673//2673
f 2673//2673 2667//2667 2665//2665
f 2673//2673 2665//2665 2674//2674
f 2674//2674 2665//2665 2675//2675
f 2674//2674 2675//2675 2676//2676
f 2676//2676 2675//2675 2677//2677
f 2664//2664 2668//2668 2665//2665
f 2665//2665 2668//2668 2670//2670
f 2665//2665 2670//2670 2675//2675
f 2675//2675 2670//2670 2671//2671
f 2675//2675 2671//2671 2677//2677
f 2678//2678 2679//2679 2587//2587
f 2554//2554 2555//2555 2594//2594
f 2594//2594 2555//2555 2680//2680
f 2594//2594 2680//2680 2592//2592
f 2592//2592 2680//2680 2681//2681
f 2592//2592 2681//2681 2591//2591
f 2591//2591 2681//2681 2678//2678
f 2591//2591 2678//2678 2589//2589
f 2589//2589 2678//2678 2587//2587
f 2676//2676 2679//2679 2674//2674
f 2674//2674 2679//2679 2678//2678
f 2674//2674 2678//2678 2673//2673
f 2673//2673 2678//2678 2681//2681
f 2673//2673 2681//2681 2672//2672
f 2672//2672 2681//2681 2680//2680
f 2672//2672 2680//2680 2556//2556
f 2556//2556 2680//2680 2555//2555
f 2643//2643 2506//2506 2635//2635
f 2588//2588 989//989 2605//2605
f 2605//2605 989//989 991//991
f 2605//2605 991//991 2612//2612
f 2612//2612 991//991 993//993
f 1500//1500 1499//1499 985//985
f 985//985 1499//1499 1503//1503
f 985//985 1503//1503 1502//1502
f 2588//2588 2587//2587 989//989
f 989//989 2587//2587 1482//1482
f 989//989 1482//1482 987//987
f 987//987 1482//1482 982//982
f 2682//2682 2615//2615 2683//2683
f 2683//2683 2615//2615 2604//2604
f 2683//2683 2604//2604 2684//2684
f 2684//2684 2604//2604 2603//2603
f 2684//2684 2603//2603 993//993
f 993//993 2603//2603 2614//2614
f 993//993 2614//2614 2612//2612
f 982//982 1482//1482 983//983
f 983//983 1482//1482 1492//1492
f 983//983 1492//1492 985//985
f 985//985 1492//1492 1513//1513
f 985//985 1513//1513 1500//1500
f 2627//2627 2620//2620 2682//2682
f 2682//2682 2620//2620 2619//2619
f 2682//2682 2619//2619 2615//2615
f 2643//2643 2635//2635 2682//2682
f 2682//2682 2635//2635 2631//2631
f 2682//2682 2631//2631 2627//2627
f 2683//2683 2684//2684 2685//2685
f 2686//2686 2647//2647 2687//2687
f 2687//2687 2647//2647 2646//2646
f 2687//2687 2646//2646 2688//2688
f 2688//2688 2646//2646 2645//2645
f 2688//2688 2645//2645 2689//2689
f 2689//2689 2645//2645 2644//2644
f 2689//2689 2644//2644 2682//2682
f 2682//2682 2644//2644 2643//2643
f 2690//2690 2686//2686 2691//2691
f 2691//2691 2686//2686 2687//2687
f 2691//2691 2687//2687 2692//2692
f 2692//2692 2687//2687 2688//2688
f 2692//2692 2688//2688 2685//2685
f 2685//2685 2688//2688 2689//2689
f 2685//2685 2689//2689 2683//2683
f 2683//2683 2689//2689 2682//2682
f 2656//2656 2647//2647 2686//2686
f 2656//2656 2686//2686 2693//2693
f 2693//2693 2686//2686 2690//2690
f 2693//2693 2690//2690 2694//2694
f 1006//1006 1005//1005 2690//2690
f 1006//1006 2690//2690 979//979
f 979//979 2690//2690 2691//2691
f 979//979 2691//2691 980//980
f 980//980 2691//2691 2692//2692
f 980//980 2692//2692 992//992
f 2692//2692 2685//2685 992//992
f 992//992 2685//2685 2684//2684
f 992//992 2684//2684 993//993
f 2695//2695 2696//2696 2690//2690
f 2690//2690 2696//2696 2697//2697
f 2690//2690 2697//2697 2694//2694
f 978//978 957//957 1005//1005
f 1005//1005 957//957 956//956
f 1005//1005 956//956 2690//2690
f 2690//2690 956//956 2698//2698
f 2690//2690 2698//2698 2695//2695
f 2656//2656 2693//2693 2699//2699
f 2699//2699 2693//2693 2694//2694
f 2700//2700 2656//2656 2699//2699
f 2694//2694 2701//2701 2699//2699
f 2699//2699 2701//2701 2702//2702
f 2699//2699 2702//2702 2700//2700
f 2700//2700 2702//2702 2703//2703
f 2700//2700 2703//2703 2704//2704
f 1026//1026 2704//2704 2705//2705
f 2704//2704 1026//1026 2700//2700
f 2700//2700 1026//1026 1025//1025
f 2700//2700 1025//1025 2656//2656
f 1008//1008 1015//1015 966//966
f 966//966 1015//1015 967//967
f 2706//2706 1028//1028 2705//2705
f 2705//2705 1028//1028 1027//1027
f 2705//2705 1027//1027 1026//1026
f 2706//2706 2707//2707 1028//1028
f 1028//1028 2707//2707 2708//2708
f 1028//1028 2708//2708 1015//1015
f 1015//1015 2708//2708 2709//2709
f 1015//1015 2709//2709 967//967
f 2710//2710 2707//2707 2706//2706
f 2705//2705 2704//2704 2703//2703
f 2711//2711 2695//2695 2712//2712
f 2712//2712 2695//2695 2698//2698
f 2701//2701 2694//2694 2697//2697
f 2713//2713 965//965 970//970
f 956//956 958//958 2698//2698
f 2698//2698 958//958 960//960
f 2698//2698 960//960 2712//2712
f 2712//2712 960//960 961//961
f 2712//2712 961//961 963//963
f 969//969 967//967 2714//2714
f 2714//2714 967//967 2709//2709
f 2714//2714 2709//2709 2708//2708
f 2707//2707 2710//2710 2708//2708
f 2708//2708 2710//2710 2713//2713
f 2708//2708 2713//2713 2714//2714
f 2714//2714 2713//2713 970//970
f 2714//2714 970//970 969//969
f 963//963 2715//2715 2712//2712
f 2712//2712 2715//2715 2716//2716
f 2712//2712 2716//2716 2711//2711
f 2703//2703 2702//2702 2717//2717
f 2717//2717 2702//2702 2701//2701
f 2717//2717 2701//2701 2718//2718
f 2718//2718 2701//2701 2697//2697
f 2718//2718 2697//2697 2696//2696
f 963//963 965//965 2715//2715
f 2715//2715 965//965 2713//2713
f 2715//2715 2713//2713 2716//2716
f 2716//2716 2713//2713 2710//2710
f 2716//2716 2710//2710 2719//2719
f 2719//2719 2710//2710 2706//2706
f 2719//2719 2706//2706 2705//2705
f 2705//2705 2703//2703 2719//2719
f 2719//2719 2703//2703 2717//2717
f 2719//2719 2717//2717 2716//2716
f 2716//2716 2717//2717 2718//2718
f 2716//2716 2718//2718 2711//2711
f 2711//2711 2718//2718 2696//2696
f 2711//2711 2696//2696 2695//2695
f 2557//2557 2720//2720 2552//2552
f 2552//2552 2720//2720 2666//2666
f 2666//2666 2720//2720 2664//2664
f 2664//2664 2720//2720 2721//2721
f 2664//2664 2721//2721 2668//2668
f 2668//2668 2721//2721 2722//2722
f 2668//2668 2722//2722 2669//2669
f 2669//2669 2722//2722 2723//2723
f 2669//2669 2723//2723 2724//2724
f 1487//1487 2676//2676 1479//1479
f 1479//1479 2676//2676 2677//2677
f 1479//1479 2677//2677 1477//1477
f 1477//1477 2677//2677 2671//2671
f 1477//1477 2671//2671 2669//2669
f 1487//1487 1486//1486 2676//2676
f 2676//2676 1486//1486 1484//1484
f 2676//2676 1484//1484 2679//2679
f 2679//2679 1484//1484 1482//1482
f 2679//2679 1482//1482 2587//2587
f 2566//2566 2565//2565 2583//2583
f 2583//2583 2565//2565 2582//2582
f 2582//2582 2565//2565 2580//2580
f 2580//2580 2565//2565 2575//2575
f 2580//2580 2575//2575 2578//2578
f 2654//2654 1060//1060 2725//2725
f 2725//2725 1060//1060 1053//1053
f 2725//2725 1053//1053 2726//2726
f 2726//2726 1053//1053 1031//1031
f 2726//2726 1031//1031 2727//2727
f 2727//2727 1031//1031 1030//1030
f 2727//2727 1030//1030 2728//2728
f 2728//2728 1030//1030 1054//1054
f 2654//2654 2729//2729 2655//2655
f 2655//2655 2729//2729 2730//2730
f 2655//2655 2730//2730 2657//2657
f 2657//2657 2730//2730 2731//2731
f 2657//2657 2731//2731 2658//2658
f 2658//2658 2731//2731 2732//2732
f 2658//2658 2732//2732 2659//2659
f 2659//2659 2732//2732 2733//2733
f 2659//2659 2733//2733 2660//2660
f 2660//2660 2733//2733 2734//2734
f 2660//2660 2734//2734 2661//2661
f 2661//2661 2734//2734 2735//2735
f 2661//2661 2735//2735 2662//2662
f 2725//2725 2726//2726 2736//2736
f 2736//2736 2726//2726 2727//2727
f 2736//2736 2727//2727 2737//2737
f 2738//2738 2739//2739 2740//2740
f 2740//2740 2739//2739 2737//2737
f 2740//2740 2737//2737 2728//2728
f 2728//2728 2737//2737 2727//2727
f 2731//2731 2741//2741 2732//2732
f 2732//2732 2741//2741 2742//2742
f 2732//2732 2742//2742 2733//2733
f 2733//2733 2742//2742 2743//2743
f 2733//2733 2743//2743 2734//2734
f 2734//2734 2743//2743 2744//2744
f 2734//2734 2744//2744 2735//2735
f 2735//2735 2744//2744 2745//2745
f 2735//2735 2745//2745 950//950
f 2738//2738 2741//2741 2739//2739
f 2739//2739 2741//2741 2731//2731
f 2739//2739 2731//2731 2737//2737
f 2737//2737 2731//2731 2730//2730
f 2737//2737 2730//2730 2736//2736
f 2736//2736 2730//2730 2729//2729
f 2736//2736 2729//2729 2725//2725
f 2725//2725 2729//2729 2654//2654
f 1054//1054 1068//1068 2728//2728
f 1421//1421 2740//2740 1422//1422
f 1422//1422 2740//2740 2728//2728
f 1422//1422 2728//2728 1068//1068
f 1430//1430 2741//2741 1421//1421
f 1421//1421 2741//2741 2738//2738
f 1421//1421 2738//2738 2740//2740
f 2745//2745 2744//2744 2743//2743
f 950//950 2745//2745 951//951
f 951//951 2745//2745 2743//2743
f 951//951 2743//2743 1430//1430
f 1430//1430 2743//2743 2742//2742
f 1430//1430 2742//2742 2741//2741
f 2663//2663 2662//2662 2746//2746
f 2746//2746 2662//2662 2735//2735
f 2746//2746 2735//2735 955//955
f 955//955 2735//2735 950//950
f 2663//2663 2746//2746 2747//2747
f 2663//2663 2747//2747 2650//2650
f 2650//2650 2747//2747 2748//2748
f 2650//2650 2748//2748 2651//2651
f 2651//2651 2748//2748 2749//2749
f 2651//2651 2749//2749 2653//2653
f 2750//2750 2648//2648 2749//2749
f 2749//2749 2648//2648 2652//2652
f 2749//2749 2652//2652 2653//2653
f 2649//2649 2648//2648 2751//2751
f 2751//2751 2648//2648 2750//2750
f 2751//2751 2750//2750 2752//2752
f 2753//2753 2754//2754 2752//2752
f 2752//2752 2750//2750 2753//2753
f 2753//2753 2750//2750 2749//2749
f 2753//2753 2749//2749 2755//2755
f 2755//2755 2749//2749 2748//2748
f 2755//2755 2748//2748 2756//2756
f 2756//2756 2748//2748 2747//2747
f 2756//2756 2747//2747 2757//2757
f 2757//2757 2747//2747 2746//2746
f 2757//2757 2746//2746 955//955
f 2758//2758 2759//2759 2760//2760
f 2758//2758 2760//2760 2761//2761
f 2761//2761 2760//2760 2649//2649
f 2761//2761 2649//2649 2751//2751
f 2762//2762 2763//2763 2764//2764
f 2764//2764 2763//2763 2765//2765
f 2764//2764 2765//2765 2766//2766
f 2766//2766 2765//2765 2767//2767
f 2754//2754 2767//2767 2752//2752
f 2752//2752 2767//2767 2765//2765
f 2752//2752 2765//2765 2751//2751
f 2751//2751 2765//2765 2763//2763
f 2751//2751 2763//2763 2761//2761
f 2761//2761 2763//2763 2762//2762
f 2761//2761 2762//2762 2758//2758
f 2760//2760 2579//2579 2649//2649
f 2649//2649 2579//2579 2578//2578
f 2768//2768 2759//2759 2769//2769
f 2769//2769 2759//2759 2770//2770
f 2769//2769 2770//2770 2771//2771
f 2760//2760 2759//2759 2579//2579
f 2579//2579 2759//2759 2768//2768
f 2579//2579 2768//2768 2586//2586
f 2586//2586 2768//2768 2772//2772
f 2586//2586 2772//2772 2773//2773
f 2773//2773 2772//2772 2774//2774
f 2775//2775 2776//2776 2774//2774
f 2774//2774 2776//2776 2777//2777
f 2774//2774 2777//2777 2773//2773
f 2757//2757 955//955 2756//2756
f 2756//2756 955//955 954//954
f 2756//2756 954//954 2755//2755
f 2755//2755 954//954 1387//1387
f 2755//2755 1387//1387 2753//2753
f 2753//2753 1387//1387 2754//2754
f 1387//1387 1380//1380 2754//2754
f 2754//2754 1380//1380 1379//1379
f 2754//2754 1379//1379 2767//2767
f 2767//2767 1379//1379 1386//1386
f 2767//2767 1386//1386 2766//2766
f 2766//2766 1386//1386 1222//1222
f 2766//2766 1222//1222 2778//2778
f 2778//2778 1222//1222 1184//1184
f 2766//2766 2778//2778 2764//2764
f 2764//2764 2778//2778 2779//2779
f 2764//2764 2779//2779 2762//2762
f 2762//2762 2779//2779 2780//2780
f 2762//2762 2780//2780 2758//2758
f 2758//2758 2780//2780 2781//2781
f 2758//2758 2781//2781 2759//2759
f 2759//2759 2781//2781 2770//2770
f 1449//1449 1466//1466 1190//1190
f 1190//1190 1466//1466 1199//1199
f 1190//1190 1199//1199 1126//1126
f 1126//1126 1125//1125 1190//1190
f 1190//1190 1125//1125 1138//1138
f 1190//1190 1138//1138 1139//1139
f 1139//1139 2782//2782 1190//1190
f 1190//1190 2782//2782 2771//2771
f 1190//1190 2771//2771 2770//2770
f 1442//1442 1452//1452 1190//1190
f 1190//1190 1452//1452 1450//1450
f 1190//1190 1450//1450 1449//1449
f 2779//2779 2778//2778 1184//1184
f 1190//1190 2770//2770 1177//1177
f 1177//1177 2770//2770 2781//2781
f 1177//1177 2781//2781 1152//1152
f 1152//1152 2781//2781 2780//2780
f 1152//1152 2780//2780 1153//1153
f 1153//1153 2780//2780 2779//2779
f 1153//1153 2779//2779 1183//1183
f 1183//1183 2779//2779 1184//1184
f 2783//2783 2784//2784 2785//2785
f 1130//1130 1106//1106 2783//2783
f 2783//2783 2785//2785 1130//1130
f 1130//1130 2785//2785 2786//2786
f 1130//1130 2786//2786 1131//1131
f 1131//1131 2786//2786 2787//2787
f 1131//1131 2787//2787 1132//1132
f 2782//2782 1139//1139 1132//1132
f 1132//1132 2787//2787 2782//2782
f 2782//2782 2787//2787 2769//2769
f 2782//2782 2769//2769 2771//2771
f 2784//2784 2775//2775 2785//2785
f 2785//2785 2775//2775 2774//2774
f 2785//2785 2774//2774 2786//2786
f 2786//2786 2774//2774 2772//2772
f 2786//2786 2772//2772 2787//2787
f 2787//2787 2772//2772 2768//2768
f 2787//2787 2768//2768 2769//2769
f 2788//2788 2789//2789 2790//2790
f 2791//2791 2583//2583 2584//2584
f 2586//2586 2773//2773 2585//2585
f 2585//2585 2773//2773 2792//2792
f 2585//2585 2792//2792 2584//2584
f 2584//2584 2792//2792 2793//2793
f 2584//2584 2793//2793 2791//2791
f 2791//2791 2793//2793 2794//2794
f 2791//2791 2794//2794 2795//2795
f 2775//2775 2789//2789 2776//2776
f 2776//2776 2789//2789 2788//2788
f 2776//2776 2788//2788 2777//2777
f 2773//2773 2777//2777 2792//2792
f 2792//2792 2777//2777 2788//2788
f 2792//2792 2788//2788 2793//2793
f 2793//2793 2788//2788 2790//2790
f 2793//2793 2790//2790 2794//2794
f 2794//2794 2790//2790 2796//2796
f 2794//2794 2796//2796 2795//2795
f 2795//2795 2796//2796 2797//2797
f 2583//2583 2791//2791 2566//2566
f 2566//2566 2791//2791 2795//2795
f 2566//2566 2795//2795 2798//2798
f 2795//2795 2797//2797 2798//2798
f 2798//2798 2797//2797 2799//2799
f 2798//2798 2799//2799 2800//2800
f 2800//2800 2799//2799 2801//2801
f 2800//2800 2801//2801 2802//2802
f 2802//2802 2801//2801 2803//2803
f 2802//2802 2803//2803 2804//2804
f 2804//2804 2803//2803 1117//1117
f 2804//2804 1117//1117 2805//2805
f 2805//2805 1117//1117 1116//1116
f 2805//2805 1116//1116 1075//1075
f 1075//1075 1116//1116 1076//1076
f 1402//1402 1146//1146 1140//1140
f 1140//1140 1146//1146 1076//1076
f 1140//1140 1076//1076 1118//1118
f 1118//1118 1076//1076 1116//1116
f 2799//2799 2797//2797 2796//2796
f 2783//2783 1106//1106 1108//1108
f 2806//2806 2784//2784 2783//2783
f 2799//2799 2796//2796 2801//2801
f 1115//1115 1117//1117 2803//2803
f 2803//2803 2807//2807 1115//1115
f 1115//1115 2807//2807 2808//2808
f 1115//1115 2808//2808 1110//1110
f 2783//2783 1108//1108 2806//2806
f 2806//2806 1108//1108 1112//1112
f 2806//2806 1112//1112 2808//2808
f 2808//2808 1112//1112 1111//1111
f 2808//2808 1111//1111 1110//1110
f 2775//2775 2784//2784 2789//2789
f 2789//2789 2784//2784 2806//2806
f 2789//2789 2806//2806 2790//2790
f 2790//2790 2806//2806 2808//2808
f 2790//2790 2808//2808 2796//2796
f 2796//2796 2808//2808 2807//2807
f 2796//2796 2807//2807 2801//2801
f 2801//2801 2807//2807 2803//2803
f 2798//2798 2809//2809 2566//2566
f 2566//2566 2809//2809 2568//2568
f 2568//2568 2809//2809 2570//2570
f 2570//2570 2809//2809 2810//2810
f 2570//2570 2810//2810 2572//2572
f 2810//2810 2811//2811 2572//2572
f 2572//2572 2811//2811 2636//2636
f 2572//2572 2636//2636 2574//2574
f 2462//2462 2636//2636 2812//2812
f 1083//1083 1086//1086 1084//1084
f 1084//1084 1086//1086 1085//1085
f 1084//1084 1085//1085 2813//2813
f 2813//2813 1085//1085 2814//2814
f 2813//2813 2814//2814 2815//2815
f 2815//2815 2814//2814 2816//2816
f 2815//2815 2816//2816 2812//2812
f 2812//2812 2816//2816 2817//2817
f 2812//2812 2817//2817 2462//2462
f 2462//2462 2817//2817 2637//2637
f 2818//2818 2804//2804 2805//2805
f 1084//1084 2813//2813 1082//1082
f 1082//1082 2813//2813 2819//2819
f 1082//1082 2819//2819 1081//1081
f 1081//1081 2819//2819 2820//2820
f 1081//1081 2820//2820 1079//1079
f 1079//1079 2820//2820 2818//2818
f 1079//1079 2818//2818 1074//1074
f 1074//1074 2818//2818 2805//2805
f 1074//1074 2805//2805 1075//1075
f 2813//2813 2815//2815 2819//2819
f 2819//2819 2815//2815 2821//2821
f 2819//2819 2821//2821 2820//2820
f 2820//2820 2821//2821 2822//2822
f 2820//2820 2822//2822 2818//2818
f 2818//2818 2822//2822 2823//2823
f 2818//2818 2823//2823 2804//2804
f 2804//2804 2823//2823 2802//2802
f 2815//2815 2812//2812 2821//2821
f 2821//2821 2812//2812 2824//2824
f 2821//2821 2824//2824 2822//2822
f 2822//2822 2824//2824 2825//2825
f 2822//2822 2825//2825 2823//2823
f 2823//2823 2825//2825 2826//2826
f 2823//2823 2826//2826 2802//2802
f 2802//2802 2826//2826 2800//2800
f 2798//2798 2800//2800 2809//2809
f 2809//2809 2800//2800 2826//2826
f 2809//2809 2826//2826 2810//2810
f 2810//2810 2826//2826 2825//2825
f 2810//2810 2825//2825 2811//2811
f 2811//2811 2825//2825 2824//2824
f 2811//2811 2824//2824 2636//2636
f 2636//2636 2824//2824 2812//2812
f 2722//2722 2721//2721 2827//2827
f 2560//2560 2828//2828 2561//2561
f 2561//2561 2828//2828 2829//2829
f 2561//2561 2829//2829 2559//2559
f 2559//2559 2829//2829 2830//2830
f 2559//2559 2830//2830 2558//2558
f 2557//2557 2558//2558 2720//2720
f 2720//2720 2558//2558 2830//2830
f 2720//2720 2830//2830 2721//2721
f 2831//2831 2723//2723 2722//2722
f 2723//2723 2831//2831 2724//2724
f 2721//2721 2830//2830 2827//2827
f 2827//2827 2830//2830 2829//2829
f 2827//2827 2829//2829 2832//2832
f 2832//2832 2829//2829 2828//2828
f 2832//2832 2828//2828 2833//2833
f 2560//2560 2641//2641 2828//2828
f 2828//2828 2641//2641 2642//2642
f 2828//2828 2642//2642 2833//2833
f 2833//2833 2642//2642 2640//2640
f 2833//2833 2640//2640 2639//2639
f 2722//2722 2827//2827 2831//2831
f 2831//2831 2827//2827 2832//2832
f 2831//2831 2832//2832 2834//2834
f 2834//2834 2832//2832 2833//2833
f 2834//2834 2833//2833 2835//2835
f 2835//2835 2833//2833 2639//2639
f 2835//2835 2639//2639 2638//2638
f 2724//2724 2831//2831 2836//2836
f 2836//2836 2831//2831 2834//2834
f 2836//2836 2834//2834 2837//2837
f 2837//2837 2834//2834 2835//2835
f 2837//2837 2835//2835 2838//2838
f 2838//2838 2835//2835 2638//2638
f 2838//2838 2638//2638 2637//2637
f 1102//1102 1478//1478 1095//1095
f 1095//1095 1478//1478 1096//1096
f 1477//1477 2669//2669 2724//2724
f 2724//2724 2839//2839 1477//1477
f 1477//1477 2839//2839 2840//2840
f 1477//1477 2840//2840 1478//1478
f 1478//1478 2840//2840 2841//2841
f 1478//1478 2841//2841 1096//1096
f 2839//2839 2724//2724 2836//2836
f 2637//2637 2817//2817 2842//2842
f 2637//2637 2842//2842 2838//2838
f 2838//2838 2842//2842 2843//2843
f 2838//2838 2843//2843 2837//2837
f 2837//2837 2843//2843 2844//2844
f 2837//2837 2844//2844 2836//2836
f 2836//2836 2844//2844 2840//2840
f 2836//2836 2840//2840 2839//2839
f 1096//1096 2845//2845 1094//1094
f 1094//1094 2845//2845 2846//2846
f 1094//1094 2846//2846 1092//1092
f 1092//1092 2846//2846 1090//1090
f 1090//1090 2846//2846 2847//2847
f 1090//1090 2847//2847 1089//1089
f 1089//1089 2847//2847 1087//1087
f 1087//1087 2847//2847 2814//2814
f 1087//1087 2814//2814 1085//1085
f 2817//2817 2816//2816 2842//2842
f 2842//2842 2816//2816 2848//2848
f 2842//2842 2848//2848 2843//2843
f 2843//2843 2848//2848 2849//2849
f 2843//2843 2849//2849 2844//2844
f 2844//2844 2849//2849 2850//2850
f 2844//2844 2850//2850 2840//2840
f 2840//2840 2850//2850 2841//2841
f 2816//2816 2814//2814 2848//2848
f 2848//2848 2814//2814 2847//2847
f 2848//2848 2847//2847 2849//2849
f 2849//2849 2847//2847 2846//2846
f 2849//2849 2846//2846 2850//2850
f 2850//2850 2846//2846 2845//2845
f 2850//2850 2845//2845 2841//2841
f 2841//2841 2845//2845 1096//1096
f 1008//1008 971//971 1009//1009
f 1009//1009 971//971 1584//1584
f 1009//1009 1584//1584 1010//1010
f 1010//1010 1584//1584 1597//1597
f 1010//1010 1597//1597 1012//1012
f 1012//1012 1597//1597 1596//1596
f 1012//1012 1596//1596 1013//1013
f 1013//1013 1596//1596 1595//1595
f 1013//1013 1595//1595 1565//1565
f 1919//1919 1320//1320 1898//1898
f 1898//1898 1320//1320 1301//1301
f 1898//1898 1301//1301 1900//1900
f 1900//1900 1301//1301 1300//1300
f 1900//1900 1300//1300 1902//1902
f 1902//1902 1300//1300 1366//1366
f 1902//1902 1366//1366 1883//1883
f 1883//1883 1366//1366 1309//1309
f 1883//1883 1309//1309 1884//1884
f 1884//1884 1309//1309 1308//1308
f 1884//1884 1308//1308 1925//1925
f 1925//1925 1308//1308 1329//1329
f 1925//1925 1329//1329 1926//1926
f 1926//1926 1329//1329 1345//1345
f 1926//1926 1345//1345 1927//1927
f 1927//1927 1345//1345 1346//1346
f 1927//1927 1346//1346 1886//1886
f 1886//1886 1346//1346 1339//1339
f 1886//1886 1339//1339 1887//1887
f 1887//1887 1339//1339 1304//1304
f 1887//1887 1304//1304 1920//1920
f 1920//1920 1304//1304 1303//1303
f 1920//1920 1303//1303 1919//1919
f 1919//1919 1303//1303 1320//1320
f 1904//1904 1305//1305 1903//1903
f 1903//1903 1305//1305 1367//1367
f 1903//1903 1367//1367 1864//1864
f 1864//1864 1367//1367 1368//1368
f 1864//1864 1368//1368 1865//1865
f 1865//1865 1368//1368 1338//1338
f 1865//1865 1338//1338 1877//1877
f 1877//1877 1338//1338 1316//1316
f 1877//1877 1316//1316 1891//1891
f 1891//1891 1316//1316 1317//1317
f 1891//1891 1317//1317 1892//1892
f 1892//1892 1317//1317 1319//1319
f 1892//1892 1319//1319 1893//1893
f 1893//1893 1319//1319 1325//1325
f 1893//1893 1325//1325 1874//1874
f 1874//1874 1325//1325 1327//1327
f 1874//1874 1327//1327 1909//1909
f 1909//1909 1327//1327 1328//1328
f 1909//1909 1328//1328 1869//1869
f 1869//1869 1328//1328 1307//1307
f 1869//1869 1307//1307 1885//1885
f 1885//1885 1307//1307 1306//1306
f 1885//1885 1306//1306 1904//1904
f 1904//1904 1306//1306 1305//1305
f 1870//1870 1313//1313 1871//1871
f 1871//1871 1313//1313 1311//1311
f 1871//1871 1311//1311 1890//1890
f 1890//1890 1311//1311 1310//1310
f 1890//1890 1310//1310 1889//1889
f 1889//1889 1310//1310 1337//1337
f 1889//1889 1337//1337 1911//1911
f 1911//1911 1337//1337 1331//1331
f 1911//1911 1331//1331 1912//1912
f 1912//1912 1331//1331 1333//1333
f 1912//1912 1333//1333 1913//1913
f 1913//1913 1333//1333 1349//1349
f 1913//1913 1349//1349 1866//1866
f 1866//1866 1349//1349 1330//1330
f 1866//1866 1330//1330 1921//1921
f 1921//1921 1330//1330 1322//1322
f 1921//1921 1322//1322 1901//1901
f 1901//1901 1322//1322 1321//1321
f 1901//1901 1321//1321 1899//1899
f 1899//1899 1321//1321 1315//1315
f 1899//1899 1315//1315 1897//1897
f 1897//1897 1315//1315 1314//1314
f 1897//1897 1314//1314 1870//1870
f 1870//1870 1314//1314 1313//1313
f 1299//1299 1323//1323 1297//1297
f 1297//1297 1323//1323 1318//1318
f 945//945 1226//1226 946//946
f 946//946 1226//1226 942//942
f 1290//1290 1293//1293 1318//1318
f 1318//1318 1293//1293 1295//1295
f 1318//1318 1295//1295 1297//1297
f 1264//1264 1263//1263 1326//1326
f 1326//1326 1263//1263 1262//1262
f 1326//1326 1262//1262 1261//1261
f 935//935 933//933 1230//1230
f 1264//1264 1326//1326 1237//1237
f 1237//1237 1326//1326 1324//1324
f 1237//1237 1324//1324 1230//1230
f 1230//1230 1324//1324 940//940
f 1230//1230 940//940 935//935
f 1299//1299 1226//1226 1323//1323
f 1323//1323 1226//1226 945//945
f 1323//1323 945//945 1324//1324
f 1324//1324 945//945 941//941
f 1324//1324 941//941 940//940
# 5704 faces, 0 coords texture

# End of File
