####
#
# OBJ File Generated by Meshlab
#
####
# Object gripper_right.obj
#
# Vertices: 2827
# Faces: 5658
#
####
v 0.066347 0.021474 0.003919
v 0.066408 0.021451 0.004033
v 0.066017 0.021474 0.004035
v 0.066040 0.021451 0.004163
v 0.066051 0.021424 0.004219
v 0.066473 0.021364 0.004152
v 0.066065 0.021364 0.004296
v 0.066076 0.021287 0.004354
v 0.066514 0.021229 0.004228
v 0.066081 0.021229 0.004381
v 0.066085 0.021099 0.004404
v 0.066525 0.021099 0.004248
v 0.066686 0.021099 0.004147
v 0.066965 0.021099 0.003888
v 0.067312 0.021099 0.002929
v 0.067239 0.021099 0.003390
v 0.067288 0.021229 0.002929
v 0.067217 0.021229 0.003382
v 0.067261 0.021287 0.002929
v 0.067135 0.021364 0.003356
v 0.067202 0.021364 0.002929
v 0.067124 0.021424 0.002929
v 0.067006 0.021451 0.003314
v 0.067066 0.021451 0.002929
v 0.066882 0.021474 0.003274
v 0.066937 0.021474 0.002929
v 0.066677 0.021474 0.003648
v 0.066776 0.021451 0.003731
v 0.066880 0.021364 0.003818
v 0.066947 0.021229 0.003873
v 0.067169 0.021099 0.003567
v 0.067075 0.020071 0.003352
v 0.066976 0.020023 0.003311
v 0.066783 0.019966 0.003648
v 0.067168 0.020370 0.003567
v 0.067221 0.020382 0.003439
v 0.067208 0.020266 0.003421
v 0.066686 0.020263 0.004147
v 0.066965 0.020325 0.003888
v 0.066964 0.020207 0.003858
v 0.066116 0.020009 0.004376
v 0.066586 0.020115 0.004187
v 0.066137 0.019882 0.004289
v 0.066576 0.020000 0.004112
v 0.066138 0.019797 0.004159
v 0.066540 0.019917 0.004009
v 0.066123 0.019770 0.004035
v 0.066570 0.020237 0.004222
v 0.066085 0.020130 0.004404
v 0.066930 0.020095 0.003802
v 0.066865 0.020011 0.003727
v 0.066487 0.019878 0.003899
v 0.067157 0.020156 0.003391
v 0.067043 0.020043 0.002929
v 0.067183 0.020119 0.002929
v 0.067237 0.020178 0.002929
v 0.067278 0.020247 0.002929
v 0.067312 0.020402 0.002929
v 0.066853 0.021474 -0.003809
v 0.066974 0.021451 -0.003858
v 0.066937 0.021474 -0.003384
v 0.067066 0.021451 -0.003384
v 0.067124 0.021424 -0.003384
v 0.067099 0.021364 -0.003909
v 0.067202 0.021364 -0.003384
v 0.067261 0.021287 -0.003384
v 0.067179 0.021229 -0.003942
v 0.067288 0.021229 -0.003384
v 0.067201 0.021099 -0.003950
v 0.067312 0.021099 -0.003384
v 0.066323 0.021099 -0.004794
v 0.066818 0.021099 -0.004496
v 0.066315 0.021229 -0.004772
v 0.066802 0.021229 -0.004479
v 0.066306 0.021287 -0.004747
v 0.066744 0.021364 -0.004415
v 0.066286 0.021364 -0.004691
v 0.066259 0.021424 -0.004618
v 0.066653 0.021451 -0.004315
v 0.066239 0.021451 -0.004563
v 0.066566 0.021474 -0.004218
v 0.066195 0.021474 -0.004441
v 0.066667 0.019953 -0.004377
v 0.066602 0.019912 -0.004277
v 0.066839 0.019982 -0.004030
v 0.066817 0.020292 -0.004496
v 0.066724 0.020272 -0.004574
v 0.066733 0.020150 -0.004540
v 0.067278 0.020247 -0.003384
v 0.067227 0.020271 -0.003820
v 0.067237 0.020178 -0.003384
v 0.067175 0.020161 -0.003793
v 0.067183 0.020119 -0.003384
v 0.067091 0.020076 -0.003759
v 0.067043 0.020043 -0.003384
v 0.067040 0.020342 -0.004245
v 0.067242 0.020387 -0.003835
v 0.067312 0.020402 -0.003384
v 0.067035 0.020224 -0.004217
v 0.066996 0.020113 -0.004167
v 0.066926 0.020028 -0.004100
v 0.066991 0.020027 -0.003722
v 0.066714 0.020037 -0.004471
v 0.066302 0.019823 -0.004441
v 0.066334 0.019854 -0.004557
v 0.066353 0.019940 -0.004679
v 0.066347 0.020065 -0.004764
v 0.066323 0.020183 -0.004794
v 0.056607 0.021474 0.005779
v 0.056607 0.021474 -0.007918
v 0.036411 0.010969 0.009542
v 0.036411 0.010969 -0.015281
v 0.028250 0.013996 0.011797
v 0.023067 0.012924 0.012758
v 0.023035 0.012952 0.012618
v 0.028218 0.014024 0.011657
v 0.022997 0.013031 0.012501
v 0.028180 0.014104 0.011541
v 0.022958 0.013151 0.012426
v 0.028141 0.014223 0.011465
v 0.022925 0.013291 0.012403
v 0.028108 0.014363 0.011442
v 0.029069 0.014465 0.011264
v 0.029075 0.014329 0.011289
v 0.029090 0.014204 0.011368
v 0.029114 0.014120 0.011489
v 0.030028 0.014011 0.011447
v 0.029377 0.014086 0.011575
v 0.029138 0.014091 0.011622
v 0.030031 0.014379 0.011086
v 0.030957 0.014105 0.010914
v 0.030011 0.014247 0.011115
v 0.030913 0.013983 0.010947
v 0.030003 0.014125 0.011196
v 0.030882 0.013869 0.011029
v 0.030009 0.014042 0.011316
v 0.030872 0.013790 0.011150
v 0.031676 0.013395 0.010950
v 0.031696 0.013445 0.010876
v 0.031726 0.013508 0.010817
v 0.031812 0.013657 0.010756
v 0.030884 0.013758 0.011279
v 0.031674 0.013343 0.011125
v 0.036171 0.011005 0.009843
v 0.035671 0.011121 0.010041
v 0.035905 0.011064 0.009977
v 0.035938 0.011056 0.009964
v 0.036360 0.010971 0.009664
v 0.036264 0.010987 0.009771
v 0.056675 0.021099 0.006148
v 0.056666 0.021287 0.006098
v 0.056655 0.021364 0.006040
v 0.056641 0.021424 0.005963
v 0.054668 0.021408 0.006134
v 0.054695 0.021383 0.006270
v 0.054724 0.021300 0.006396
v 0.054748 0.021173 0.006478
v 0.054762 0.021034 0.006502
v 0.052739 0.021211 0.006486
v 0.052766 0.021190 0.006616
v 0.052802 0.021105 0.006750
v 0.052837 0.020970 0.006835
v 0.052858 0.020839 0.006855
v 0.022651 0.012880 0.012822
v 0.022344 0.012901 0.012870
v 0.022324 0.012933 0.012739
v 0.022330 0.013272 0.012513
v 0.022317 0.013140 0.012541
v 0.022314 0.013017 0.012620
v 0.021765 0.013454 0.012618
v 0.021710 0.013339 0.012652
v 0.021669 0.013232 0.012733
v 0.021651 0.013156 0.012851
v 0.022154 0.012937 0.012900
v 0.021294 0.013817 0.012705
v 0.021207 0.013731 0.012744
v 0.021134 0.013650 0.012827
v 0.021092 0.013592 0.012944
v 0.021657 0.013123 0.012978
v 0.021223 0.013427 0.013047
v 0.021085 0.013564 0.013069
v 0.020696 0.014173 0.013133
v 0.020973 0.014318 0.012765
v 0.020828 0.014251 0.012833
v 0.020771 0.014223 0.012892
v 0.020728 0.014199 0.012965
v 0.020712 0.014189 0.013009
v 0.020117 0.016354 0.012923
v 0.020067 0.016424 0.012924
v 0.019928 0.016716 0.012568
v 0.019919 0.016698 0.012681
v 0.019933 0.016652 0.012781
v 0.020034 0.016475 0.012915
v 0.019986 0.016551 0.012881
v 0.019956 0.016605 0.012839
v 0.052739 0.021211 -0.009303
v 0.054668 0.021408 -0.008612
v 0.019928 0.016716 -0.021201
v 0.052787 0.021192 -0.009428
v 0.019910 0.016707 -0.021278
v 0.019982 0.016461 -0.021574
v 0.020064 0.016338 -0.021569
v 0.052918 0.020839 -0.009655
v 0.019899 0.016658 -0.021420
v 0.019924 0.016572 -0.021522
v 0.052846 0.021108 -0.009558
v 0.052893 0.020971 -0.009638
v 0.054718 0.021384 -0.008744
v 0.054767 0.021302 -0.008864
v 0.054804 0.021174 -0.008942
v 0.054822 0.021034 -0.008965
v 0.056671 0.021424 -0.008095
v 0.056697 0.021364 -0.008168
v 0.056718 0.021287 -0.008224
v 0.056735 0.021099 -0.008271
v 0.035648 0.011096 -0.015918
v 0.035781 0.011065 -0.015863
v 0.036310 0.010969 -0.015468
v 0.036146 0.010992 -0.015634
v 0.036132 0.010994 -0.015645
v 0.036035 0.011012 -0.015718
v 0.035893 0.011041 -0.015806
v 0.035912 0.011037 -0.015795
v 0.021154 0.013750 -0.021194
v 0.021278 0.013776 -0.021129
v 0.020912 0.014323 -0.021262
v 0.022830 0.012921 -0.020953
v 0.023019 0.012951 -0.020897
v 0.022967 0.012976 -0.020768
v 0.021014 0.013651 -0.021512
v 0.021076 0.013580 -0.021492
v 0.021073 0.013614 -0.021380
v 0.021211 0.013445 -0.021450
v 0.021686 0.013477 -0.020981
v 0.021642 0.013367 -0.021019
v 0.021616 0.013264 -0.021096
v 0.022946 0.013000 -0.020724
v 0.022909 0.013058 -0.020654
v 0.022242 0.013051 -0.020882
v 0.022875 0.013135 -0.020603
v 0.022232 0.013170 -0.020808
v 0.022824 0.013319 -0.020568
v 0.022240 0.013299 -0.020780
v 0.021988 0.013354 -0.020872
v 0.020792 0.014261 -0.021339
v 0.020747 0.014233 -0.021397
v 0.021099 0.013674 -0.021274
v 0.020715 0.014209 -0.021464
v 0.020694 0.014177 -0.021614
v 0.021635 0.013147 -0.021318
v 0.021739 0.013096 -0.021286
v 0.021614 0.013187 -0.021203
v 0.022270 0.012966 -0.020991
v 0.022123 0.012964 -0.021168
v 0.022308 0.012929 -0.021112
v 0.022618 0.012942 -0.020880
v 0.022640 0.012909 -0.021011
v 0.069025 0.019065 0.002790
v 0.069025 0.019065 -0.003112
v 0.069235 0.019165 0.002790
v 0.069304 0.019218 -0.003112
v 0.069304 0.019218 0.002790
v 0.069413 0.019336 0.002790
v 0.069413 0.019336 -0.003112
v 0.069494 0.019473 0.002790
v 0.069494 0.019473 -0.003112
v 0.069562 0.019784 -0.003112
v 0.069562 0.019784 0.002790
v 0.036327 0.010933 -0.015281
v 0.036264 0.010886 0.009542
v 0.036264 0.010886 -0.015281
v 0.036168 0.010746 -0.015281
v 0.036168 0.010746 0.009542
v 0.036146 0.010664 0.009542
v 0.036146 0.010664 -0.015281
v 0.036143 0.010579 0.009542
v 0.036143 0.010579 -0.015281
v 0.036195 0.010418 -0.015281
v 0.036195 0.010418 0.009542
v 0.036311 0.010296 -0.015281
v 0.036311 0.010296 0.009542
v 0.035826 0.010855 0.009999
v 0.035858 0.010927 0.009972
v 0.036064 0.010875 0.009824
v 0.035914 0.010599 0.010077
v 0.035905 0.010661 0.010014
v 0.035996 0.010612 0.009918
v 0.036013 0.010538 0.009976
v 0.036114 0.010555 0.009717
v 0.036143 0.010460 0.009754
v 0.036113 0.010662 0.009688
v 0.036000 0.010699 0.009870
v 0.035911 0.010736 0.009960
v 0.036307 0.010928 0.009607
v 0.036231 0.010862 0.009601
v 0.036196 0.010859 0.009669
v 0.036171 0.010770 0.009601
v 0.036142 0.010768 0.009672
v 0.036138 0.010660 0.009609
v 0.035638 0.011066 0.010053
v 0.035896 0.010996 0.009961
v 0.036264 0.010929 0.009678
v 0.036200 0.010935 0.009753
v 0.036115 0.010948 0.009827
v 0.035606 0.011011 0.010076
v 0.035585 0.010972 0.010102
v 0.035554 0.010909 0.010161
v 0.035804 0.010785 0.010042
v 0.035535 0.010859 0.010235
v 0.035798 0.010670 0.010164
v 0.035529 0.010838 0.010281
v 0.036140 0.010863 0.009745
v 0.036013 0.010492 0.010170
v 0.035834 0.010610 0.010299
v 0.035533 0.010807 0.010409
v 0.036023 0.010789 0.009838
v 0.036253 0.010334 0.009832
v 0.037132 0.009757 0.010514
v 0.037132 0.009757 -0.016142
v 0.037283 0.009699 -0.016142
v 0.037444 0.009711 -0.016142
v 0.037444 0.009711 0.010514
v 0.037365 0.009696 -0.016142
v 0.037365 0.009696 0.010514
v 0.037283 0.009699 0.010514
v 0.035570 0.010783 -0.016270
v 0.035551 0.010842 -0.016111
v 0.031568 0.013413 -0.017722
v 0.031549 0.013472 -0.017562
v 0.031557 0.013523 -0.017493
v 0.035560 0.010893 -0.016041
v 0.031577 0.013585 -0.017436
v 0.031646 0.013726 -0.017369
v 0.035595 0.010991 -0.015959
v 0.035579 0.010954 -0.015984
v 0.036137 0.010655 -0.015359
v 0.036225 0.010857 -0.015351
v 0.035990 0.010952 -0.015713
v 0.035685 0.010829 -0.015969
v 0.036309 0.010297 -0.015335
v 0.036205 0.010366 -0.015701
v 0.035801 0.010710 -0.015932
v 0.036018 0.010532 -0.015764
v 0.035997 0.010605 -0.015713
v 0.036145 0.010457 -0.015512
v 0.036114 0.010550 -0.015479
v 0.035841 0.010910 -0.015811
v 0.035721 0.010948 -0.015892
v 0.036093 0.010934 -0.015623
v 0.036250 0.010920 -0.015440
v 0.035922 0.010804 -0.015742
v 0.035951 0.010881 -0.015720
v 0.036012 0.010777 -0.015639
v 0.036046 0.010861 -0.015624
v 0.036135 0.010759 -0.015437
v 0.036185 0.010850 -0.015433
v 0.036299 0.010924 -0.015356
v 0.035802 0.010772 -0.015880
v 0.035907 0.010725 -0.015779
v 0.035995 0.010689 -0.015669
v 0.036110 0.010655 -0.015453
v 0.036167 0.010765 -0.015351
v 0.035811 0.010659 -0.015991
v 0.035859 0.010593 -0.016112
v 0.036056 0.010464 -0.015925
v 0.029923 0.014174 -0.018097
v 0.029918 0.014293 -0.018021
v 0.029016 0.014371 -0.018349
v 0.030822 0.014159 -0.017668
v 0.030788 0.014040 -0.017704
v 0.030772 0.013930 -0.017783
v 0.030779 0.013850 -0.017894
v 0.029985 0.014054 -0.018330
v 0.030592 0.013893 -0.018096
v 0.030807 0.013812 -0.018014
v 0.029043 0.014246 -0.018423
v 0.029085 0.014162 -0.018535
v 0.029947 0.014090 -0.018208
v 0.028079 0.014406 -0.018663
v 0.029006 0.014505 -0.018326
v 0.029932 0.014422 -0.017991
v 0.028130 0.014222 -0.018698
v 0.028223 0.014064 -0.018863
v 0.028202 0.014087 -0.018818
v 0.028164 0.014146 -0.018749
v 0.029130 0.014130 -0.018660
v 0.028274 0.014038 -0.018991
v 0.028283 0.013974 0.012554
v 0.029171 0.014069 0.012379
v 0.029409 0.014065 0.012332
v 0.030060 0.013989 0.012204
v 0.030916 0.013736 0.012036
v 0.031707 0.013322 0.011881
v 0.037089 0.009804 0.010870
v 0.036972 0.009862 0.010838
v 0.037102 0.009776 0.010659
v 0.037173 0.009806 0.010945
v 0.037263 0.009839 0.011006
v 0.037030 0.009932 0.011114
v 0.037198 0.009914 0.011107
v 0.037119 0.010001 0.011191
v 0.037176 0.009741 0.010699
v 0.037260 0.009726 0.010737
v 0.037348 0.009734 0.010770
v 0.037430 0.009763 0.010796
v 0.036743 0.010012 0.010948
v 0.036950 0.009902 0.011007
v 0.036780 0.010027 0.011098
v 0.036942 0.010009 0.011177
v 0.036846 0.010092 0.011223
v 0.037031 0.010099 0.011257
v 0.036930 0.010198 0.011300
v 0.037112 0.010207 0.011285
v 0.037017 0.010326 0.011317
v 0.037447 0.009714 0.010573
v 0.037404 0.009807 0.010902
v 0.037345 0.009896 0.011046
v 0.037265 0.010009 0.011165
v 0.037201 0.010094 0.011228
v 0.069373 0.019325 0.003259
v 0.069483 0.019543 0.003290
v 0.069255 0.019293 0.003715
v 0.069356 0.019512 0.003775
v 0.069061 0.019241 0.004145
v 0.069148 0.019462 0.004232
v 0.068797 0.019170 0.004536
v 0.068866 0.019393 0.004648
v 0.068471 0.019082 0.004877
v 0.068517 0.019308 0.005010
v 0.068091 0.018979 0.005159
v 0.068110 0.019209 0.005308
v 0.067668 0.018865 0.005372
v 0.067658 0.019099 0.005533
v 0.067213 0.018743 0.005511
v 0.067170 0.018998 0.005684
v 0.067215 0.018574 0.005250
v 0.067185 0.018520 0.005002
v 0.067631 0.018701 0.005144
v 0.067912 0.018736 0.004731
v 0.069005 0.019059 0.003083
v 0.069198 0.019155 0.003220
v 0.068891 0.019025 0.003555
v 0.069089 0.019123 0.003637
v 0.068714 0.018973 0.003931
v 0.068911 0.019071 0.004030
v 0.068505 0.018911 0.004229
v 0.068668 0.019001 0.004387
v 0.068068 0.018782 0.004631
v 0.068368 0.018914 0.004697
v 0.068019 0.018813 0.004952
v 0.069517 0.019774 0.003308
v 0.069407 0.019750 0.003741
v 0.069165 0.019696 0.004281
v 0.068868 0.019630 0.004708
v 0.068502 0.019549 0.005077
v 0.068143 0.019469 0.005339
v 0.067609 0.019350 0.005601
v 0.067108 0.019239 0.005740
v 0.023078 0.012898 0.013519
v 0.022871 0.012866 0.013551
v 0.022662 0.012854 0.013583
v 0.022054 0.012941 0.013678
v 0.021668 0.013097 0.013739
v 0.021244 0.013392 0.013806
v 0.021096 0.013538 0.013830
v 0.020707 0.014147 0.013894
v 0.023039 0.012902 -0.021687
v 0.022329 0.012881 -0.021902
v 0.022114 0.012923 -0.021967
v 0.021656 0.013099 -0.022108
v 0.021298 0.013338 -0.022219
v 0.021096 0.013531 -0.022282
v 0.020880 0.013813 -0.022351
v 0.020764 0.014019 -0.022389
v 0.020714 0.014129 -0.022405
v 0.069562 0.022224 0.002790
v 0.069562 0.022224 -0.003112
v 0.069339 0.019735 -0.004245
v 0.069423 0.019753 -0.004015
v 0.069393 0.019522 -0.003984
v 0.068143 0.018804 -0.004898
v 0.067542 0.018626 -0.005227
v 0.068272 0.018887 -0.005099
v 0.067607 0.018688 -0.005458
v 0.068367 0.019053 -0.005287
v 0.067645 0.018859 -0.005703
v 0.068405 0.019281 -0.005425
v 0.067632 0.019110 -0.005871
v 0.068386 0.019523 -0.005494
v 0.067584 0.019345 -0.005932
v 0.068617 0.018944 -0.004403
v 0.068791 0.019037 -0.004545
v 0.068931 0.019205 -0.004678
v 0.069009 0.019428 -0.004779
v 0.068573 0.019565 -0.005337
v 0.069018 0.019663 -0.004834
v 0.068920 0.019034 -0.003789
v 0.069122 0.019132 -0.003862
v 0.069290 0.019302 -0.003931
v 0.037128 0.009947 -0.016815
v 0.037178 0.009989 -0.016845
v 0.037301 0.009833 -0.016641
v 0.037273 0.009723 -0.016365
v 0.037366 0.009733 -0.016396
v 0.037004 0.010178 -0.016984
v 0.037055 0.010250 -0.016995
v 0.037224 0.010037 -0.016865
v 0.037348 0.009863 -0.016661
v 0.037337 0.009982 -0.016778
v 0.036958 0.010122 -0.016958
v 0.036906 0.010068 -0.016913
v 0.037252 0.009811 -0.016615
v 0.037202 0.009796 -0.016584
v 0.037076 0.009915 -0.016773
v 0.037105 0.009795 -0.016512
v 0.036978 0.009887 -0.016669
v 0.037025 0.009827 -0.016437
v 0.036953 0.009874 -0.016517
v 0.037183 0.009738 -0.016329
v 0.037096 0.009780 -0.016312
v 0.037265 0.010089 -0.016873
v 0.037095 0.010314 -0.016989
v 0.037389 0.009897 -0.016675
v 0.037448 0.009778 -0.016451
v 0.036820 0.010005 -0.016789
v 0.036761 0.010000 -0.016636
v 0.031629 0.013373 -0.018497
v 0.030952 0.013737 -0.018757
v 0.030220 0.013977 -0.019040
v 0.028336 0.013998 -0.019766
v 0.028772 0.014066 -0.019598
v 0.029532 0.014080 -0.019305
v 0.029192 0.014090 -0.019436
v 0.069187 0.022874 -0.003112
v 0.069342 0.022755 -0.003112
v 0.069282 0.022755 -0.003686
v 0.067550 0.022599 -0.005838
v 0.067510 0.022755 -0.005726
v 0.068029 0.022755 -0.005474
v 0.067457 0.022874 -0.005580
v 0.067417 0.022928 -0.005471
v 0.067886 0.022928 -0.005244
v 0.068812 0.022974 -0.003112
v 0.069071 0.022928 -0.003112
v 0.069017 0.022928 -0.003630
v 0.068763 0.022974 -0.003576
v 0.068791 0.022928 -0.004264
v 0.068561 0.022974 -0.004145
v 0.068405 0.022928 -0.004815
v 0.068214 0.022974 -0.004639
v 0.067749 0.022974 -0.005023
v 0.067329 0.022974 -0.005227
v 0.067584 0.022224 -0.005932
v 0.067569 0.022484 -0.005889
v 0.068144 0.022224 -0.005660
v 0.068120 0.022484 -0.005621
v 0.068574 0.022224 -0.005337
v 0.068731 0.022484 -0.005116
v 0.068765 0.022224 -0.005148
v 0.069186 0.022484 -0.004468
v 0.069227 0.022224 -0.004489
v 0.069452 0.022484 -0.003721
v 0.069497 0.022224 -0.003731
v 0.069340 0.022224 -0.004245
v 0.069515 0.022484 -0.003112
v 0.069461 0.022599 -0.003112
v 0.068604 0.022755 -0.004999
v 0.069032 0.022755 -0.004388
v 0.067040 0.022874 0.005371
v 0.067068 0.022755 0.005524
v 0.067693 0.022755 0.005329
v 0.067090 0.022599 0.005641
v 0.067100 0.022484 0.005694
v 0.067764 0.022484 0.005488
v 0.069461 0.022599 0.002790
v 0.069342 0.022755 0.002790
v 0.069265 0.022755 0.003440
v 0.069187 0.022874 0.002790
v 0.069071 0.022928 0.002790
v 0.069002 0.022928 0.003376
v 0.066972 0.022974 0.005002
v 0.067019 0.022928 0.005257
v 0.067583 0.022928 0.005082
v 0.067477 0.022974 0.004845
v 0.068225 0.022928 0.004669
v 0.068053 0.022974 0.004475
v 0.068713 0.022928 0.004083
v 0.068490 0.022974 0.003949
v 0.068749 0.022974 0.003316
v 0.068812 0.022974 0.002790
v 0.069515 0.022484 0.002790
v 0.069479 0.022224 0.003491
v 0.069434 0.022484 0.003480
v 0.069417 0.022224 0.003711
v 0.069133 0.022224 0.004335
v 0.069093 0.022484 0.004311
v 0.068868 0.022224 0.004708
v 0.068519 0.022484 0.005002
v 0.068550 0.022224 0.005037
v 0.067988 0.022224 0.005429
v 0.067783 0.022224 0.005530
v 0.067108 0.022224 0.005740
v 0.068945 0.022755 0.004222
v 0.068404 0.022755 0.004872
v 0.030090 0.014009 0.012344
v 0.029238 0.014444 0.012758
v 0.028277 0.014342 0.012936
v 0.029235 0.014304 0.012731
v 0.028300 0.014201 0.012903
v 0.029220 0.014175 0.012646
v 0.028309 0.014082 0.012819
v 0.029197 0.014092 0.012517
v 0.028303 0.014002 0.012696
v 0.030200 0.014357 0.012580
v 0.030169 0.014217 0.012557
v 0.030129 0.014090 0.012474
v 0.031126 0.014084 0.012409
v 0.031068 0.013950 0.012390
v 0.031004 0.013828 0.012309
v 0.030949 0.013753 0.012178
v 0.031982 0.013635 0.012250
v 0.031894 0.013507 0.012233
v 0.031811 0.013401 0.012156
v 0.031744 0.013336 0.012032
v 0.056607 0.022974 0.006923
v 0.056675 0.022874 0.007292
v 0.056704 0.022755 0.007445
v 0.056725 0.022599 0.007562
v 0.056744 0.022224 0.007661
v 0.023098 0.012924 0.013655
v 0.022384 0.012895 0.013772
v 0.022420 0.012976 0.013903
v 0.023105 0.013005 0.013784
v 0.023096 0.013125 0.013868
v 0.022453 0.013105 0.013987
v 0.022478 0.013246 0.014011
v 0.022249 0.013294 0.014054
v 0.021841 0.013298 0.014099
v 0.021763 0.013180 0.014017
v 0.021681 0.013096 0.013810
v 0.022034 0.012972 0.013829
v 0.021729 0.013137 0.013955
v 0.021701 0.013109 0.013884
v 0.021107 0.013536 0.013903
v 0.020743 0.014150 0.014052
v 0.021130 0.013544 0.013978
v 0.021166 0.013565 0.014050
v 0.020837 0.014179 0.014180
v 0.021214 0.013597 0.014113
v 0.020971 0.014230 0.014255
v 0.021329 0.013689 0.014193
v 0.021121 0.014292 0.014263
v 0.023073 0.013265 0.013901
v 0.021912 0.013428 0.014116
v 0.021611 0.013630 0.014172
v 0.021442 0.013791 0.014203
v 0.023098 0.012926 0.013661
v 0.019385 0.017291 0.014139
v 0.019421 0.017294 0.014297
v 0.019515 0.017324 0.014425
v 0.019650 0.017374 0.014500
v 0.019657 0.017377 0.014502
v 0.019799 0.017436 0.014508
v 0.019840 0.016209 0.013292
v 0.019872 0.016235 0.013124
v 0.019915 0.016259 0.013051
v 0.020008 0.016305 0.012965
v 0.019972 0.016287 0.012991
v 0.019715 0.016506 0.013246
v 0.019855 0.016381 0.013052
v 0.019635 0.016742 0.012922
v 0.019718 0.016682 0.012860
v 0.019801 0.016497 0.013019
v 0.019898 0.016499 0.012942
v 0.019950 0.016404 0.012968
v 0.019823 0.016651 0.012811
v 0.019854 0.016583 0.012889
v 0.019730 0.016517 0.013119
v 0.019639 0.016687 0.013137
v 0.019583 0.016820 0.012987
v 0.019805 0.016703 0.012696
v 0.019694 0.016744 0.012722
v 0.019603 0.016817 0.012754
v 0.019545 0.016911 0.012789
v 0.019766 0.016729 0.012568
v 0.019691 0.016762 0.012568
v 0.019625 0.016810 0.012568
v 0.019531 0.016942 0.012568
v 0.019531 0.016942 -0.021201
v 0.019625 0.016810 -0.021201
v 0.019691 0.016762 -0.021201
v 0.019766 0.016729 -0.021201
v 0.019794 0.016711 -0.021310
v 0.019558 0.016878 -0.021522
v 0.019613 0.016787 -0.021493
v 0.019694 0.016721 -0.021448
v 0.019793 0.016682 -0.021411
v 0.019645 0.016671 -0.021798
v 0.019682 0.016621 -0.021714
v 0.019746 0.016585 -0.021634
v 0.019831 0.016568 -0.021567
v 0.019893 0.016437 -0.021627
v 0.019816 0.016426 -0.021708
v 0.019764 0.016429 -0.021806
v 0.019740 0.016446 -0.021909
v 0.019846 0.016193 -0.021922
v 0.019868 0.016225 -0.021771
v 0.019900 0.016249 -0.021704
v 0.019973 0.016293 -0.021620
v 0.019945 0.016276 -0.021647
v 0.021749 0.013125 -0.022328
v 0.021709 0.013100 -0.022255
v 0.021409 0.013287 -0.022352
v 0.021678 0.013092 -0.022180
v 0.021037 0.013844 -0.022649
v 0.020874 0.014150 -0.022706
v 0.021027 0.014204 -0.022772
v 0.021794 0.013167 -0.022391
v 0.021383 0.013672 -0.022649
v 0.021887 0.013291 -0.022469
v 0.021555 0.013728 -0.022624
v 0.021505 0.013346 -0.022489
v 0.021250 0.013574 -0.022576
v 0.021145 0.013524 -0.022437
v 0.020925 0.013806 -0.022509
v 0.020761 0.014123 -0.022574
v 0.023062 0.012908 -0.021751
v 0.022353 0.012880 -0.021970
v 0.023083 0.012930 -0.021824
v 0.022381 0.012894 -0.022041
v 0.022410 0.012926 -0.022110
v 0.023110 0.013010 -0.021943
v 0.022439 0.012974 -0.022171
v 0.023116 0.013129 -0.022028
v 0.022488 0.013106 -0.022254
v 0.023100 0.013270 -0.022064
v 0.021188 0.014274 -0.022757
v 0.021962 0.013428 -0.022476
v 0.022264 0.013305 -0.022367
v 0.022516 0.013250 -0.022276
v 0.019388 0.017283 -0.022886
v 0.019435 0.017277 -0.023055
v 0.019548 0.017305 -0.023187
v 0.019701 0.017359 -0.023253
v 0.019862 0.017429 -0.023238
v 0.056607 0.022974 -0.009115
v 0.056735 0.022874 -0.009468
v 0.056788 0.022755 -0.009614
v 0.056828 0.022599 -0.009726
v 0.056863 0.022224 -0.009820
v 0.031688 0.013377 -0.018650
v 0.031774 0.013440 -0.018774
v 0.031872 0.013550 -0.018845
v 0.031963 0.013686 -0.018850
v 0.029240 0.014110 -0.019569
v 0.028379 0.014026 -0.019903
v 0.031139 0.014118 -0.019148
v 0.031079 0.013979 -0.019137
v 0.030999 0.013853 -0.019060
v 0.030923 0.013780 -0.018930
v 0.030249 0.014381 -0.019471
v 0.030214 0.014238 -0.019452
v 0.030160 0.014107 -0.019371
v 0.030098 0.014028 -0.019243
v 0.029323 0.014464 -0.019807
v 0.029314 0.014322 -0.019780
v 0.029285 0.014192 -0.019696
v 0.028396 0.014366 -0.020143
v 0.028412 0.014225 -0.020107
v 0.028406 0.014105 -0.020023
v 0.054566 0.022905 -0.009837
v 0.054665 0.022857 -0.010100
v 0.054764 0.022692 -0.010341
v 0.054838 0.022435 -0.010497
v 0.054873 0.022156 -0.010542
v 0.052535 0.022697 -0.010555
v 0.052631 0.022660 -0.010806
v 0.052749 0.022492 -0.011065
v 0.052844 0.022218 -0.011225
v 0.052893 0.021954 -0.011260
v 0.054566 0.022905 0.007292
v 0.052535 0.022697 0.007659
v 0.054620 0.022855 0.007565
v 0.052589 0.022656 0.007918
v 0.054678 0.022689 0.007817
v 0.052662 0.022486 0.008187
v 0.054726 0.022434 0.007980
v 0.052731 0.022215 0.008356
v 0.054754 0.022156 0.008029
v 0.052774 0.021954 0.008396
v 0.019680 0.017831 0.014410
v 0.019643 0.017937 0.014331
v 0.019489 0.017882 0.014342
v 0.019526 0.017520 0.014470
v 0.019601 0.017557 0.014496
v 0.019543 0.017729 0.014442
v 0.019413 0.017834 0.014324
v 0.019468 0.017686 0.014420
v 0.019401 0.017637 0.014378
v 0.019458 0.017483 0.014423
v 0.019319 0.017539 0.014250
v 0.019368 0.017418 0.014287
v 0.019432 0.017998 0.014201
v 0.019303 0.017885 0.014163
v 0.019348 0.017775 0.014289
v 0.019240 0.017741 0.014086
v 0.019275 0.017646 0.014179
v 0.019256 0.017597 0.013987
v 0.019307 0.017477 0.014099
v 0.019779 0.017506 0.014508
v 0.019747 0.017618 0.014494
v 0.019694 0.017788 0.014434
v 0.019329 0.017424 0.014123
v 0.019441 0.018003 0.014202
v 0.019597 0.018055 0.014193
v 0.019202 0.017826 0.013777
v 0.019231 0.017658 0.013777
v 0.019237 0.017642 0.013888
v 0.019417 0.018057 0.014104
v 0.019282 0.017933 0.014074
v 0.019266 0.017967 0.013978
v 0.019398 0.018094 0.013999
v 0.019211 0.017797 0.013936
v 0.019554 0.018145 0.013995
v 0.019538 0.018168 0.013888
v 0.019384 0.018115 0.013889
v 0.019256 0.017986 0.013879
v 0.019251 0.017989 0.013777
v 0.019366 0.018114 0.013777
v 0.019525 0.018175 0.013777
v 0.019335 0.017410 -0.022880
v 0.019231 0.017658 -0.022525
v 0.019246 0.017621 -0.022698
v 0.019288 0.017522 -0.022824
v 0.019743 0.017804 -0.023169
v 0.019784 0.017686 -0.023216
v 0.019626 0.017626 -0.023244
v 0.019670 0.017495 -0.023262
v 0.019541 0.017586 -0.023226
v 0.019825 0.017559 -0.023239
v 0.019417 0.017655 -0.023144
v 0.019495 0.017707 -0.023183
v 0.019581 0.017751 -0.023199
v 0.019585 0.017458 -0.023242
v 0.019462 0.017542 -0.023184
v 0.019356 0.017461 -0.023042
v 0.019320 0.017548 -0.023011
v 0.019506 0.017423 -0.023198
v 0.019393 0.017369 -0.023053
v 0.019700 0.017912 -0.023101
v 0.019536 0.017864 -0.023128
v 0.019524 0.017859 -0.023128
v 0.019450 0.017818 -0.023115
v 0.019375 0.017759 -0.023080
v 0.019289 0.017637 -0.022970
v 0.019207 0.017809 -0.022649
v 0.019202 0.017826 -0.022525
v 0.019251 0.017989 -0.022525
v 0.019245 0.017861 -0.022804
v 0.019224 0.017774 -0.022768
v 0.019250 0.017713 -0.022875
v 0.019277 0.017791 -0.022927
v 0.019328 0.017867 -0.022969
v 0.019399 0.017933 -0.022997
v 0.019482 0.017982 -0.023008
v 0.019525 0.018175 -0.022525
v 0.019559 0.018160 -0.022692
v 0.019399 0.018112 -0.022696
v 0.019436 0.018066 -0.022861
v 0.019325 0.018057 -0.022691
v 0.019356 0.018014 -0.022852
v 0.019264 0.017984 -0.022681
v 0.019290 0.017943 -0.022833
v 0.019648 0.018025 -0.022987
v 0.019604 0.018104 -0.022862
v 0.019366 0.018114 -0.022525
v 0.019374 0.018119 -0.022525
v 0.033001 0.009060 0.001899
v 0.033138 0.009050 0.001929
v 0.033070 0.009050 0.002245
v 0.033000 0.009050 0.002588
v 0.032865 0.009090 0.001869
v 0.033027 0.009050 0.002456
v 0.033305 0.009050 0.001278
v 0.033000 0.009075 0.001548
v 0.032979 0.009111 0.001166
v 0.032734 0.009224 0.001215
v 0.032693 0.009287 0.001067
v 0.033092 0.009132 0.000003
v 0.032758 0.009367 0.000001
v 0.033070 0.009125 -0.000596
v 0.032747 0.009344 -0.000542
v 0.032728 0.009316 -0.000825
v 0.032693 0.009287 -0.001067
v 0.032828 0.009186 -0.001114
v 0.032979 0.009111 -0.001166
v 0.033070 0.009125 0.000596
v 0.032746 0.009344 0.000545
v 0.032756 0.009363 0.000211
v 0.033378 0.009050 0.001027
v 0.033451 0.009050 0.000621
v 0.033488 0.009050 0.000003
v 0.033447 0.009050 -0.000645
v 0.033305 0.009050 -0.001278
v 0.033000 0.009050 -0.002588
v 0.033001 0.009060 -0.001899
v 0.032938 0.009058 -0.002256
v 0.032932 0.009072 -0.001884
v 0.032840 0.009107 -0.001737
v 0.032799 0.009143 -0.001525
v 0.033138 0.009050 -0.001929
v 0.033211 0.009050 -0.001615
v 0.033266 0.009050 -0.001406
v 0.032526 0.009149 -0.002000
v 0.032189 0.009107 -0.002254
v 0.032691 0.009138 -0.001864
v 0.032130 0.009408 -0.001572
v 0.031832 0.009382 -0.001763
v 0.031470 0.009287 -0.001941
v 0.032114 0.009716 -0.000833
v 0.032114 0.009716 0.000835
v 0.031470 0.009287 0.001941
v 0.031340 0.009804 0.001066
v 0.031832 0.009382 0.001763
v 0.031729 0.009799 0.000965
v 0.032130 0.009408 0.001572
v 0.031318 0.009905 -0.000749
v 0.031340 0.009805 -0.001065
v 0.031729 0.009800 -0.000963
v 0.032090 0.009836 0.000000
v 0.031298 0.010000 -0.000000
v 0.031318 0.009905 0.000749
v 0.032526 0.009149 0.002000
v 0.032189 0.009107 0.002254
v 0.032330 0.009266 0.001742
v 0.034989 0.009050 0.004465
v 0.008000 0.009050 0.004465
v 0.008000 0.009050 0.002588
v 0.008000 0.009050 -0.002588
v 0.008000 0.009050 -0.007500
v 0.034989 0.009050 -0.007500
v 0.015000 0.001281 -0.021995
v 0.015000 0.001577 -0.021891
v 0.012337 0.000528 -0.022879
v 0.012458 0.000268 -0.022893
v 0.012467 0.000252 -0.022898
v 0.015000 0.001175 -0.022063
v 0.012630 0.000006 -0.023047
v 0.015000 0.001014 -0.022210
v 0.012795 -0.000143 -0.023317
v 0.012898 -0.000158 -0.023584
v 0.015000 0.000778 -0.022800
v 0.015000 0.000779 -0.022766
v 0.015000 0.000835 -0.022501
v 0.015000 0.000906 -0.022356
v 0.007773 -0.002188 -0.024840
v 0.007538 -0.002381 -0.025033
v 0.007247 -0.002600 -0.025296
v 0.006990 -0.002769 -0.025556
v 0.006780 -0.002881 -0.025803
v 0.009023 -0.000948 -0.024081
v 0.008668 -0.001343 -0.024243
v 0.008532 -0.001484 -0.024319
v 0.008479 -0.001537 -0.024350
v 0.007850 -0.002123 -0.024780
v 0.005503 -0.003076 -0.028548
v 0.005820 -0.002771 -0.028433
v 0.005946 -0.002955 -0.028347
v 0.006730 -0.002196 -0.028103
v 0.006827 -0.002514 -0.027979
v 0.005111 -0.003580 -0.028691
v 0.005274 -0.003708 -0.028595
v 0.004810 -0.004143 -0.028800
v 0.004845 -0.004623 -0.028752
v 0.004660 -0.004557 -0.028854
v 0.004764 -0.005622 -0.028751
v 0.004506 -0.005622 -0.028910
v 0.004939 -0.005622 -0.028502
v 0.004862 -0.005622 -0.028638
v 0.005001 -0.004687 -0.028584
v 0.005000 -0.005622 -0.028205
v 0.005097 -0.004738 -0.028372
v 0.005124 -0.004770 -0.028149
v 0.005478 -0.003931 -0.028213
v 0.005484 -0.003988 -0.027986
v 0.005405 -0.003833 -0.028428
v 0.006039 -0.003134 -0.028182
v 0.006075 -0.003268 -0.027962
v 0.005884 -0.003496 -0.027804
v 0.006052 -0.003341 -0.027728
v 0.006780 -0.002881 -0.027398
v 0.006835 -0.002808 -0.027641
v 0.006845 -0.002761 -0.027725
v 0.006846 -0.002648 -0.027868
v 0.009023 -0.000454 -0.024081
v 0.008390 0.000028 -0.024125
v 0.008835 0.000109 -0.024023
v 0.008575 0.000616 -0.023720
v 0.008849 0.000075 -0.024033
v 0.007239 0.000733 -0.022723
v 0.007148 0.000706 -0.022699
v 0.007037 0.000574 -0.023206
v 0.007389 0.000778 -0.022749
v 0.007148 -0.000732 -0.024137
v 0.007567 -0.000670 -0.024229
v 0.007930 -0.000057 -0.024156
v 0.008523 -0.000528 -0.024214
v 0.008000 -0.000606 -0.024261
v 0.007619 0.000846 -0.022760
v 0.007665 0.000753 -0.023304
v 0.007775 0.000435 -0.023819
v 0.006994 0.000246 -0.023677
v 0.007037 -0.000225 -0.024004
v 0.008288 0.000935 -0.023190
v 0.008085 0.000984 -0.022671
v 0.006414 0.000454 -0.016209
v 0.007318 0.000819 -0.016294
v 0.007525 0.001062 -0.015734
v 0.006221 0.000974 -0.014857
v 0.005785 0.000667 -0.014612
v 0.005708 0.000140 -0.015284
v 0.005152 -0.001107 -0.015843
v 0.005000 -0.002020 -0.015605
v 0.005000 -0.002145 -0.016352
v 0.005184 -0.000106 -0.013997
v 0.005000 -0.001290 -0.013879
v 0.005167 -0.000713 -0.014868
v 0.005000 -0.001600 -0.014436
v 0.005228 0.000715 -0.013326
v 0.005000 -0.000010 -0.012436
v 0.005000 -0.000916 -0.013353
v 0.007148 0.000706 -0.016866
v 0.006301 0.000302 -0.016866
v 0.006081 0.000136 -0.016866
v 0.006852 0.001740 -0.014585
v 0.006349 0.001572 -0.014378
v 0.005433 0.000299 -0.014320
v 0.005589 -0.000385 -0.016866
v 0.005642 -0.000219 -0.016051
v 0.005244 -0.000985 -0.016866
v 0.005140 -0.001265 -0.016866
v 0.005000 -0.002170 -0.016866
v 0.006554 0.000762 -0.015588
v 0.006715 0.001205 -0.015041
v 0.007756 0.001424 -0.015214
v 0.005879 0.001330 -0.014081
v 0.008000 0.001885 -0.014762
v 0.008000 0.007945 -0.009826
v 0.006852 0.007800 -0.009649
v 0.006730 0.007766 -0.009607
v 0.006003 0.007464 -0.009236
v 0.005939 0.007427 -0.009190
v 0.005879 0.007390 -0.009145
v 0.005228 0.006775 -0.008390
v 0.005000 0.006050 -0.007500
v 0.005882 -0.003497 -0.025803
v 0.005478 -0.003997 -0.025803
v 0.005197 -0.004552 -0.025803
v 0.005000 -0.005622 -0.025803
v 0.015000 0.001386 0.016556
v 0.014377 0.001086 0.017123
v 0.014401 0.000867 0.017048
v 0.015001 0.001132 0.016498
v 0.014396 0.000790 0.017009
v 0.015000 0.000930 0.016333
v 0.014368 0.000659 0.016923
v 0.014316 0.000547 0.016821
v 0.015001 0.000792 0.016000
v 0.014152 0.000401 0.016592
v 0.015000 0.000778 0.015838
v 0.015000 0.017555 0.015533
v 0.013745 0.017383 0.016592
v 0.013944 0.017358 0.016787
v 0.014999 0.017453 0.016008
v 0.014166 0.017192 0.016987
v 0.015000 0.017316 0.016237
v 0.014322 0.016913 0.017104
v 0.014377 0.016640 0.017123
v 0.015000 0.016732 0.016556
v 0.015002 0.016875 0.016537
v 0.015003 0.017035 0.016475
v 0.015002 0.017191 0.016368
v 0.002868 0.015296 0.028582
v 0.003159 0.015103 0.028341
v 0.002528 0.015472 0.028771
v 0.002447 0.015587 0.028706
v 0.002290 0.015721 0.028567
v 0.002225 0.015752 0.028506
v 0.002026 0.015778 0.028311
v 0.012526 0.000626 0.014724
v 0.013667 0.001069 0.013769
v 0.013686 0.000762 0.013884
v 0.015000 0.000778 0.013952
v 0.014272 0.000454 0.014468
v 0.014100 0.000439 0.014236
v 0.015001 0.000881 0.013508
v 0.013886 0.000545 0.014018
v 0.015000 0.001017 0.013287
v 0.015000 0.001173 0.013124
v 0.015000 0.001286 0.013040
v 0.015000 0.001586 0.012911
v 0.013044 -0.000093 0.015558
v 0.012834 -0.000119 0.015341
v 0.012224 0.000509 0.015019
v 0.012357 0.000227 0.015026
v 0.012459 0.000098 0.015069
v 0.012579 -0.000009 0.015140
v 0.012861 0.001336 0.014186
v 0.012060 0.000971 0.014992
v 0.011697 0.001479 0.014779
v 0.014462 0.002412 0.012570
v 0.015000 0.002621 0.012233
v 0.015000 0.002217 0.012622
v 0.011238 0.001767 0.014405
v 0.010769 0.001779 0.013941
v 0.012180 0.002197 0.012714
v 0.015000 0.001661 0.012893
v 0.013780 0.001632 0.013484
v 0.013450 0.002100 0.013200
v 0.012504 0.001808 0.013923
v 0.012087 0.002058 0.013507
v 0.013077 0.002354 0.012760
v 0.013865 0.002696 0.011628
v 0.014135 0.002670 0.012109
v 0.015000 0.003032 0.011077
v 0.015000 0.002920 0.011696
v 0.011260 -0.000887 0.017363
v 0.011045 -0.000911 0.017138
v 0.010766 -0.000776 0.016919
v 0.010645 -0.000655 0.016852
v 0.010535 -0.000493 0.016814
v 0.010424 -0.000202 0.016833
v 0.007005 -0.002196 0.024495
v 0.007023 -0.002492 0.024382
v 0.006996 -0.002621 0.024297
v 0.006780 -0.002881 0.023965
v 0.006907 -0.002785 0.024135
v 0.006944 -0.002735 0.024194
v 0.006500 0.002286 0.008846
v 0.006889 0.002359 0.009020
v 0.006697 0.001578 0.009387
v 0.005000 0.001288 0.006447
v 0.005203 0.001705 0.007449
v 0.005192 0.001094 0.007725
v 0.005000 0.000427 0.006894
v 0.005182 0.000528 0.008086
v 0.005000 -0.000119 0.007284
v 0.005156 -0.000772 0.009592
v 0.005000 -0.001858 0.009709
v 0.005000 -0.001224 0.008476
v 0.005144 -0.001202 0.010831
v 0.005000 -0.002109 0.010690
v 0.006208 0.001392 0.009156
v 0.006349 0.002250 0.008760
v 0.006527 0.000930 0.009956
v 0.006392 0.000487 0.010677
v 0.005632 -0.000172 0.010470
v 0.006301 0.000302 0.011478
v 0.005150 -0.001036 0.010197
v 0.005695 0.000359 0.009564
v 0.005164 -0.000418 0.009030
v 0.005000 -0.000952 0.008113
v 0.005868 0.002099 0.008396
v 0.005776 0.001146 0.008851
v 0.005479 0.001913 0.007949
v 0.005429 0.000852 0.008487
v 0.005402 0.001864 0.007832
v 0.007148 0.000706 0.011478
v 0.007285 0.000851 0.010792
v 0.007337 0.000934 0.010599
v 0.007540 0.001326 0.010011
v 0.007731 0.001758 0.009609
v 0.008000 0.002441 0.009217
v 0.006081 0.000136 0.011478
v 0.005589 -0.000385 0.011478
v 0.005244 -0.000985 0.011478
v 0.005140 -0.001265 0.011478
v 0.005000 -0.002170 0.011478
v 0.005173 0.000020 0.008524
v 0.010121 -0.000291 0.017136
v 0.009926 0.000338 0.017127
v 0.008635 0.001147 0.016075
v 0.009103 0.001134 0.016540
v 0.009563 0.000846 0.016914
v 0.003159 -0.006650 0.028341
v 0.004935 -0.004557 0.026565
v 0.005068 -0.004182 0.026432
v 0.005385 -0.003580 0.026115
v 0.005806 -0.003045 0.025694
v 0.003734 -0.007372 0.027766
v 0.004007 -0.007405 0.027493
v 0.004780 -0.005622 0.026720
v 0.004243 -0.007400 0.027257
v 0.004780 -0.007400 0.026720
v 0.006095 -0.002771 0.025405
v 0.003161 -0.006706 0.028339
v 0.004789 -0.005368 0.026711
v 0.003224 -0.006946 0.028276
v 0.003474 -0.007245 0.028026
v 0.006554 0.007060 0.006892
v 0.007064 0.007145 0.007097
v 0.007572 0.007191 0.007206
v 0.008000 0.007203 0.007235
v 0.005000 0.006050 0.004465
v 0.005156 0.006417 0.005347
v 0.005402 0.006626 0.005850
v 0.005618 0.006751 0.006148
v 0.005629 0.006756 0.006162
v 0.006390 0.007023 0.006802
v 0.006500 0.007048 0.006864
v 0.008000 0.009111 0.002243
v 0.008000 0.009287 0.001941
v 0.008000 0.009287 -0.001941
v 0.008000 0.009187 -0.002083
v 0.008000 0.009111 -0.002243
v 0.005000 0.007782 -0.002984
v 0.005000 0.007307 -0.003281
v 0.005230 0.007723 -0.003168
v 0.005000 0.006050 -0.003886
v 0.005130 0.006923 -0.003994
v 0.005000 0.006355 -0.003785
v 0.005000 0.006710 -0.003627
v 0.005154 0.007191 -0.003602
v 0.005000 0.007172 -0.003365
v 0.005000 0.007222 -0.003335
v 0.005423 0.007695 -0.003466
v 0.007463 0.009002 -0.002662
v 0.007303 0.009042 -0.002321
v 0.007396 0.008989 -0.002681
v 0.005619 0.008171 -0.002984
v 0.005787 0.008143 -0.003246
v 0.006099 0.008551 -0.002753
v 0.006234 0.008518 -0.002981
v 0.006661 0.008847 -0.002514
v 0.006757 0.008808 -0.002713
v 0.005575 0.007816 -0.003745
v 0.005520 0.007738 -0.003783
v 0.005000 0.008272 -0.002717
v 0.005000 0.007854 -0.002941
v 0.005195 0.008426 -0.002639
v 0.005409 0.008270 -0.002774
v 0.005778 0.008782 -0.002413
v 0.005941 0.008643 -0.002557
v 0.006583 0.009093 -0.002149
v 0.006555 0.008931 -0.002335
v 0.007195 0.009226 -0.002011
v 0.007250 0.009120 -0.002155
v 0.005885 0.008178 -0.003527
v 0.005892 0.008185 -0.003522
v 0.006527 0.008663 -0.003095
v 0.007675 0.009278 0.001953
v 0.007182 0.008936 0.002757
v 0.007353 0.008998 0.002499
v 0.005000 0.006050 0.003886
v 0.005000 0.006648 0.003658
v 0.005055 0.006624 0.003996
v 0.005000 0.006841 0.003558
v 0.005234 0.007211 0.003955
v 0.005154 0.007191 0.003602
v 0.005423 0.007695 0.003466
v 0.006757 0.008808 0.002714
v 0.006954 0.008862 0.002858
v 0.006835 0.008814 0.002918
v 0.006234 0.008518 0.002981
v 0.006093 0.008366 0.003381
v 0.005787 0.008143 0.003246
v 0.005884 0.008177 0.003528
v 0.005415 0.007572 0.003852
v 0.007195 0.009226 0.002011
v 0.007303 0.009042 0.002321
v 0.006661 0.008847 0.002514
v 0.005619 0.008171 0.002984
v 0.005409 0.008270 0.002774
v 0.006099 0.008551 0.002753
v 0.005941 0.008643 0.002557
v 0.006555 0.008931 0.002335
v 0.005000 0.007255 0.003314
v 0.005000 0.007752 0.003002
v 0.005231 0.007723 0.003168
v 0.005000 0.007867 0.002933
v 0.005000 0.008272 0.002717
v 0.005778 0.008782 0.002413
v 0.006321 0.009010 0.002227
v 0.005000 0.007248 0.003318
v 0.005000 0.008575 0.000000
v 0.005000 0.009905 -0.000749
v 0.005000 0.009905 0.000749
v 0.005000 -0.006213 0.010636
v 0.005000 -0.007000 0.010425
v 0.005000 0.005636 0.000788
v 0.005000 0.006213 0.001364
v 0.005000 -0.008364 -0.011212
v 0.005000 -0.012650 0.018765
v 0.005000 -0.008575 -0.012000
v 0.005000 -0.012650 -0.022620
v 0.005000 -0.007000 0.013575
v 0.005000 -0.006213 0.013364
v 0.005000 -0.003855 0.017012
v 0.005000 -0.005425 -0.012000
v 0.005000 -0.005636 -0.012788
v 0.005000 -0.006213 -0.013364
v 0.005000 -0.005636 0.012788
v 0.005000 -0.002860 0.016017
v 0.005000 -0.003468 0.016574
v 0.005000 -0.005636 0.011212
v 0.005000 -0.005425 0.012000
v 0.005000 -0.002170 0.015546
v 0.005000 -0.012343 0.021268
v 0.005000 -0.007787 0.013364
v 0.005000 -0.011765 0.022889
v 0.005000 -0.011456 0.023479
v 0.005000 0.008364 0.000788
v 0.005000 0.009181 0.002060
v 0.005000 0.007788 0.001364
v 0.005000 0.007000 0.001575
v 0.005000 -0.007400 -0.028205
v 0.005000 -0.005542 -0.025017
v 0.005000 -0.007000 -0.013575
v 0.005000 -0.005253 -0.024115
v 0.005000 -0.004910 -0.023483
v 0.005000 -0.004211 -0.022632
v 0.005000 -0.007787 -0.013364
v 0.005000 -0.008364 -0.012788
v 0.005000 -0.012578 -0.023541
v 0.005000 -0.012376 -0.024401
v 0.005000 -0.012549 0.020213
v 0.005000 -0.007000 -0.010425
v 0.005000 -0.007787 -0.010636
v 0.005000 -0.007400 0.026189
v 0.005000 -0.008424 0.026046
v 0.005000 -0.008840 0.025904
v 0.005000 -0.009409 0.025624
v 0.005000 -0.004368 0.017723
v 0.005000 -0.005024 0.018981
v 0.005000 -0.005301 0.019757
v 0.005000 -0.005473 0.020431
v 0.005000 -0.005622 0.021843
v 0.005000 -0.005622 0.026189
v 0.005000 0.009181 -0.002060
v 0.005000 0.008364 -0.000788
v 0.005000 0.007788 -0.001364
v 0.005000 0.007000 -0.001575
v 0.005000 -0.006213 -0.010636
v 0.005000 -0.005636 -0.011212
v 0.005000 -0.010200 0.025044
v 0.005000 -0.011112 0.024015
v 0.005000 0.006213 -0.001364
v 0.005000 -0.003717 -0.022211
v 0.005000 -0.003493 -0.022053
v 0.005000 -0.002170 -0.021437
v 0.005000 -0.007787 0.010636
v 0.005000 -0.008364 0.011212
v 0.005000 -0.008575 0.012000
v 0.005000 -0.008364 0.012788
v 0.005000 -0.012015 -0.025283
v 0.005000 -0.011539 -0.026056
v 0.005000 -0.010949 -0.026735
v 0.005000 0.005425 0.000000
v 0.005000 0.005636 -0.000788
v 0.005000 -0.010286 -0.027285
v 0.005000 -0.009498 -0.027739
v 0.005000 -0.008676 -0.028038
v 0.008000 0.008132 0.006625
v 0.008000 0.007944 0.006792
v 0.007411 0.007850 0.006792
v 0.006461 0.007155 0.006792
v 0.005140 0.006956 0.004465
v 0.005264 0.006916 0.005340
v 0.005669 0.007724 0.005340
v 0.006881 0.007578 0.006792
v 0.005977 0.007502 0.006138
v 0.006529 0.008059 0.006138
v 0.007226 0.008417 0.006138
v 0.008000 0.008540 0.006138
v 0.006305 0.008365 0.005340
v 0.007108 0.008778 0.005340
v 0.008000 0.008920 0.005340
v 0.007068 0.008901 0.004465
v 0.006228 0.008470 0.004465
v 0.005879 0.008171 0.004465
v 0.005563 0.007800 0.004465
v 0.008739 -0.001683 0.018952
v 0.009047 -0.001441 0.018523
v 0.009230 -0.001288 0.018270
v 0.009694 -0.000858 0.017651
v 0.009791 -0.000757 0.017526
v 0.010121 -0.000337 0.017136
v 0.006780 -0.002881 0.021843
v 0.007318 -0.002612 0.021023
v 0.007918 -0.002255 0.020132
v 0.008515 -0.001849 0.019270
v 0.005124 -0.004770 0.026035
v 0.005114 -0.004803 0.021843
v 0.005143 -0.004708 0.026011
v 0.005197 -0.004552 0.021843
v 0.005484 -0.003988 0.025584
v 0.005478 -0.003997 0.021843
v 0.005694 -0.003703 0.025322
v 0.006052 -0.003341 0.024875
v 0.006062 -0.003332 0.021843
v 0.005882 -0.003497 0.021843
v 0.006643 -0.002947 0.024136
v 0.008000 0.008760 -0.008788
v 0.008000 0.008918 -0.008379
v 0.007109 0.008776 -0.008379
v 0.005982 0.007499 -0.009182
v 0.006532 0.008054 -0.009182
v 0.007228 0.008411 -0.009182
v 0.008000 0.008534 -0.009182
v 0.007068 0.008901 -0.007500
v 0.006305 0.008364 -0.008379
v 0.005140 0.006956 -0.007500
v 0.005266 0.006916 -0.008379
v 0.005563 0.007800 -0.007500
v 0.005670 0.007723 -0.008379
v 0.005879 0.008171 -0.007500
v 0.006228 0.008470 -0.007500
v 0.007148 0.000706 0.016496
v 0.006236 0.000257 0.016328
v 0.006156 0.000196 0.016306
v 0.005557 -0.000428 0.016092
v 0.005304 -0.000853 0.015952
v 0.005142 -0.001259 0.015822
v 0.009009 0.000194 0.017694
v 0.009203 -0.000357 0.017763
v 0.008589 -0.000370 0.017958
v 0.008364 0.001067 0.016290
v 0.008482 0.001101 0.016209
v 0.008879 0.001073 0.016721
v 0.009282 0.000781 0.017137
v 0.008727 0.000683 0.017392
v 0.008422 0.000970 0.016907
v 0.009615 0.000280 0.017380
v 0.009626 0.000254 0.017385
v 0.008163 0.001007 0.016397
v 0.007058 0.000133 0.017608
v 0.007045 0.000360 0.017378
v 0.007590 0.000473 0.017499
v 0.007056 0.000536 0.017108
v 0.007516 0.000730 0.017027
v 0.007071 0.000606 0.016952
v 0.008158 0.000579 0.017509
v 0.007972 0.000851 0.017017
v 0.007844 0.000912 0.016500
v 0.009520 -0.000348 0.017601
v 0.009815 -0.000337 0.017403
v 0.007075 -0.000004 0.017709
v 0.007707 0.000072 0.017845
v 0.007076 -0.000006 0.017711
v 0.007302 -0.000417 0.017941
v 0.007155 -0.000428 0.017904
v 0.008361 0.000135 0.017844
v 0.007742 -0.000393 0.018009
v 0.005082 -0.001475 -0.021707
v 0.005302 -0.000859 -0.021961
v 0.005712 -0.000230 -0.022241
v 0.006052 0.000112 -0.022403
v 0.006260 0.000274 -0.022483
v 0.002026 0.015778 -0.028973
v 0.002134 0.015792 -0.028935
v 0.002123 0.015735 -0.029241
v 0.002230 0.015756 -0.029187
v 0.002228 0.015572 -0.029487
v 0.002347 0.015587 -0.029446
v 0.002316 0.015315 -0.029643
v 0.002442 0.015314 -0.029606
v 0.002368 0.015035 -0.029684
v 0.002491 0.015049 -0.029641
v 0.000446 -0.006650 -0.030000
v 0.000446 0.014851 -0.030000
v 0.001490 -0.006650 -0.029908
v 0.001421 0.014932 -0.029921
v 0.002004 -0.006650 -0.029794
v 0.002491 -0.006650 -0.029641
v 0.002452 -0.013010 -0.025458
v 0.002888 -0.013299 -0.024283
v 0.002514 -0.013400 -0.023250
v 0.003138 -0.011961 -0.027139
v 0.003639 -0.012410 -0.026354
v 0.003271 -0.012973 -0.025339
v 0.003118 -0.013132 -0.024917
v 0.001663 -0.011843 -0.027543
v 0.001336 -0.011008 -0.028392
v 0.001622 -0.010544 -0.028716
v 0.003779 -0.012115 -0.026738
v 0.001138 -0.008693 -0.029655
v 0.000579 -0.009037 -0.029564
v 0.000486 -0.007967 -0.029870
v 0.000822 -0.010532 -0.028771
v 0.003568 -0.007308 -0.029250
v 0.004506 -0.007400 -0.028910
v 0.004498 -0.008858 -0.028721
v 0.002048 -0.007090 -0.029771
v 0.002523 -0.006781 -0.029629
v 0.002179 -0.007523 -0.029703
v 0.002649 -0.006937 -0.029583
v 0.002681 -0.006964 -0.029572
v 0.001667 -0.008118 -0.029728
v 0.001884 -0.008822 -0.029506
v 0.001343 -0.009654 -0.029259
v 0.003234 -0.009884 -0.028758
v 0.003447 -0.011191 -0.027839
v 0.002969 -0.010686 -0.028361
v 0.002040 -0.012518 -0.026556
v 0.002361 -0.012023 -0.027237
v 0.001964 -0.011340 -0.028037
v 0.002260 -0.010761 -0.028466
v 0.001904 -0.010036 -0.028988
v 0.002179 -0.009492 -0.029201
v 0.002800 -0.012573 -0.026331
v 0.002675 -0.011407 -0.027847
v 0.002544 -0.010117 -0.028817
v 0.002440 -0.008922 -0.029352
v 0.003459 -0.009032 -0.029026
v 0.002684 -0.008335 -0.029437
v 0.003640 -0.008161 -0.029163
v 0.002907 -0.007742 -0.029459
v 0.002393 -0.007940 -0.029590
v 0.001535 -0.007390 -0.029863
v 0.002110 -0.013270 -0.024567
v 0.001896 -0.013091 -0.025267
v 0.001722 -0.012886 -0.025833
v 0.001333 -0.012191 -0.027104
v 0.001051 -0.011423 -0.028023
v 0.000883 -0.010801 -0.028572
v 0.000452 -0.007183 -0.029979
v 0.003967 -0.011621 -0.027258
v 0.004271 -0.010472 -0.028095
v 0.004421 -0.009569 -0.028509
v 0.003097 -0.007180 -0.029421
v 0.004939 -0.007400 -0.028502
v 0.004764 -0.007400 -0.028751
v 0.000385 0.015599 -0.029250
v 0.000231 0.015586 -0.029250
v 0.000231 0.015586 0.029250
v 0.001218 0.015678 -0.029181
v 0.001753 0.015741 0.028591
v 0.001044 0.015660 0.029077
v 0.007318 -0.002175 -0.024727
v 0.005383 -0.001335 -0.022754
v 0.005266 -0.001573 -0.022560
v 0.005635 -0.001450 -0.023159
v 0.005147 -0.004406 -0.024492
v 0.005168 -0.003997 -0.023899
v 0.005129 -0.004679 -0.025138
v 0.005191 -0.003476 -0.023388
v 0.005049 -0.003195 -0.022501
v 0.005216 -0.002875 -0.022984
v 0.005511 -0.002567 -0.023449
v 0.005241 -0.002228 -0.022706
v 0.005098 -0.001709 -0.022104
v 0.005054 -0.002465 -0.022141
v 0.005082 -0.001746 -0.022046
v 0.005834 -0.001072 -0.023340
v 0.006156 -0.001344 -0.023669
v 0.006260 -0.000948 -0.023705
v 0.005966 -0.003238 -0.025012
v 0.006269 -0.002503 -0.024389
v 0.005816 -0.002778 -0.024107
v 0.008392 -0.000948 -0.024235
v 0.008120 -0.000948 -0.024258
v 0.008151 -0.001217 -0.024285
v 0.007475 -0.001225 -0.024244
v 0.007882 -0.001523 -0.024383
v 0.007247 -0.001560 -0.024297
v 0.006781 -0.002301 -0.024598
v 0.006043 -0.001804 -0.023716
v 0.005574 -0.002001 -0.023246
v 0.005343 -0.003980 -0.024682
v 0.005394 -0.003590 -0.024184
v 0.005451 -0.003109 -0.023766
v 0.005928 -0.002294 -0.023861
v 0.006617 -0.001653 -0.024074
v 0.007066 -0.000948 -0.024112
v 0.005712 -0.003218 -0.024446
v 0.005620 -0.003584 -0.024857
v 0.005541 -0.003850 -0.025320
v 0.006197 -0.003186 -0.025465
v 0.006366 -0.002954 -0.025138
v 0.006563 -0.002651 -0.024843
v 0.007684 -0.000948 -0.024244
v 0.004968 -0.008732 -0.028248
v 0.004863 -0.008787 -0.028455
v 0.004698 -0.008831 -0.028619
v 0.004625 -0.013300 -0.022620
v 0.004528 -0.013347 -0.022620
v 0.004558 -0.013253 -0.023648
v 0.004900 -0.013025 -0.022620
v 0.004953 -0.012837 -0.023582
v 0.004956 -0.012606 -0.024515
v 0.004958 -0.012234 -0.025395
v 0.004961 -0.011731 -0.026197
v 0.004963 -0.011111 -0.026901
v 0.004965 -0.010392 -0.027487
v 0.004967 -0.009591 -0.027940
v 0.004250 -0.013400 -0.022620
v 0.004292 -0.013318 -0.023658
v 0.004797 -0.013084 -0.023621
v 0.004783 -0.013178 -0.022620
v 0.004333 -0.013074 -0.024666
v 0.004587 -0.013002 -0.024643
v 0.004372 -0.012674 -0.025619
v 0.004614 -0.012599 -0.025581
v 0.004407 -0.012130 -0.026490
v 0.004638 -0.012057 -0.026436
v 0.004438 -0.011457 -0.027254
v 0.004658 -0.011389 -0.027185
v 0.004464 -0.010672 -0.027892
v 0.004676 -0.010615 -0.027809
v 0.004484 -0.009798 -0.028386
v 0.004689 -0.009754 -0.028291
v 0.004811 -0.012838 -0.024590
v 0.004824 -0.012445 -0.025502
v 0.004835 -0.011917 -0.026334
v 0.004845 -0.011268 -0.027062
v 0.004853 -0.010517 -0.027668
v 0.004859 -0.009682 -0.028136
v 0.004250 -0.013400 0.018765
v 0.004526 -0.013347 0.018765
v 0.004625 -0.013300 0.018765
v 0.004780 -0.013180 0.018765
v 0.004900 -0.013025 0.018765
v 0.004816 -0.013036 0.020282
v 0.004599 -0.013206 0.020306
v 0.004353 -0.013284 0.020317
v 0.004303 -0.013370 0.019554
v 0.004667 -0.012849 0.021781
v 0.004848 -0.012685 0.021733
v 0.004727 -0.012288 0.023137
v 0.004876 -0.012138 0.023066
v 0.004778 -0.011547 0.024322
v 0.004900 -0.011418 0.024231
v 0.004918 -0.010550 0.025185
v 0.004819 -0.010652 0.025293
v 0.004699 -0.010589 0.025502
v 0.004683 -0.010859 0.025264
v 0.004932 -0.009567 0.025894
v 0.004955 -0.012801 0.020249
v 0.004963 -0.012474 0.021671
v 0.004970 -0.011956 0.022980
v 0.004975 -0.011268 0.024125
v 0.004770 -0.008571 0.026566
v 0.004940 -0.008504 0.026329
v 0.004760 -0.009056 0.026411
v 0.004740 -0.009696 0.026114
v 0.004625 -0.011643 0.024390
v 0.004596 -0.011942 0.023962
v 0.004554 -0.012317 0.023324
v 0.004462 -0.012898 0.021950
v 0.004389 -0.013189 0.020853
v 0.004943 -0.007400 0.026476
v 0.004943 -0.005622 0.026476
v 0.007915 -0.001813 0.019294
v 0.005064 -0.003024 0.017000
v 0.005045 -0.004549 0.019179
v 0.007379 -0.002314 0.020108
v 0.006860 -0.002755 0.020993
v 0.006830 -0.002473 0.020042
v 0.006414 -0.002979 0.020947
v 0.006306 -0.002738 0.019931
v 0.006001 -0.003282 0.020884
v 0.005840 -0.003102 0.019780
v 0.005642 -0.003656 0.020806
v 0.005464 -0.003545 0.019596
v 0.005355 -0.004086 0.020718
v 0.005197 -0.004038 0.019391
v 0.005152 -0.004550 0.020622
v 0.008415 -0.001326 0.018633
v 0.007625 -0.001323 0.018637
v 0.007274 -0.001887 0.019246
v 0.006966 -0.001438 0.018526
v 0.006637 -0.002086 0.019116
v 0.006288 -0.001692 0.018282
v 0.006056 -0.002410 0.018904
v 0.005698 -0.002082 0.017907
v 0.005581 -0.002838 0.018624
v 0.005341 -0.002466 0.017537
v 0.005244 -0.003331 0.018302
v 0.005054 -0.003847 0.017965
v 0.008865 -0.000941 0.018165
v 0.005075 -0.001683 0.016044
v 0.005072 -0.001820 0.016101
v 0.009350 -0.000524 0.017727
v 0.007653 -0.000494 0.018027
v 0.006732 -0.000520 0.017765
v 0.006746 -0.000474 0.017759
v 0.006104 -0.000646 0.017396
v 0.006639 -0.000703 0.017790
v 0.005907 -0.000737 0.017244
v 0.005892 -0.000812 0.017256
v 0.005706 -0.000858 0.017059
v 0.006247 -0.000593 0.017494
v 0.005559 -0.000971 0.016900
v 0.005810 -0.001268 0.017398
v 0.005352 -0.001180 0.016626
v 0.005333 -0.001535 0.016769
v 0.005297 -0.001250 0.016539
v 0.005141 -0.001514 0.016229
v 0.006484 -0.001054 0.017899
v 0.007515 -0.000644 0.018076
v 0.008564 -0.000497 0.017994
v 0.008395 -0.000642 0.018090
v 0.009172 -0.000684 0.017880
v 0.008108 -0.000891 0.018282
v 0.007284 -0.000925 0.018202
v 0.006366 -0.001386 0.018064
v 0.005748 -0.001690 0.017622
v 0.005309 -0.002064 0.017081
v 0.005068 -0.002459 0.016508
v 0.002873 0.015221 0.028601
v 0.002871 0.015145 0.028611
v 0.002565 0.015180 0.028861
v 0.002561 0.015333 0.028834
v 0.002548 0.015406 0.028807
v 0.001972 0.015706 0.028805
v 0.002016 0.015683 0.028846
v 0.002093 0.015627 0.028916
v 0.005086 -0.004673 0.026326
v 0.005504 -0.003807 0.025883
v 0.005459 -0.003694 0.026013
v 0.006148 -0.002938 0.025315
v 0.006160 -0.003103 0.025187
v 0.006126 -0.003242 0.025034
v 0.005512 -0.003908 0.025736
v 0.005120 -0.004725 0.026182
v 0.006118 0.000091 -0.022865
v 0.006066 -0.000200 -0.023230
v 0.006118 -0.000565 -0.023521
v 0.004092 -0.008983 0.027107
v 0.002440 -0.012309 0.025454
v 0.003091 -0.011510 0.026106
v 0.003471 -0.010850 0.026486
v 0.003967 -0.009526 0.026982
v 0.000250 -0.013400 0.022765
v 0.000261 -0.013389 0.023276
v 0.001120 -0.013187 0.024134
v 0.001736 -0.012875 0.024751
v 0.000271 -0.013377 0.023522
v 0.000956 -0.013206 0.024213
v 0.001687 -0.012825 0.024960
v 0.002374 -0.012235 0.025670
v 0.002974 -0.011455 0.026300
v 0.003450 -0.010523 0.026813
v 0.003782 -0.009497 0.027185
v 0.003964 -0.008439 0.027409
v 0.002568 -0.009060 0.028428
v 0.002932 -0.008449 0.028350
v 0.002641 -0.007657 0.028736
v 0.003238 -0.007830 0.028211
v 0.001205 -0.010718 0.028261
v 0.000294 -0.011480 0.027899
v 0.000752 -0.011916 0.027254
v 0.000290 -0.012141 0.027107
v 0.000284 -0.012778 0.026001
v 0.000295 -0.011300 0.028077
v 0.001116 -0.009887 0.028846
v 0.000300 -0.010297 0.028865
v 0.001044 -0.008929 0.029310
v 0.000304 -0.009158 0.029452
v 0.000995 -0.007840 0.029621
v 0.000307 -0.007932 0.029812
v 0.000977 -0.006650 0.029734
v 0.000308 -0.006650 0.029935
v 0.002551 -0.007176 0.028854
v 0.002518 -0.006650 0.028897
v 0.002741 -0.011095 0.026943
v 0.002185 -0.011861 0.026479
v 0.001558 -0.012482 0.025926
v 0.000892 -0.012939 0.025315
v 0.000277 -0.013197 0.024789
v 0.001844 -0.006650 0.029336
v 0.001808 -0.007516 0.029300
v 0.001889 -0.008313 0.029103
v 0.002007 -0.009023 0.028809
v 0.003577 -0.008180 0.027842
v 0.003319 -0.009042 0.027832
v 0.002964 -0.009887 0.027720
v 0.002520 -0.010684 0.027506
v 0.002324 -0.010202 0.028004
v 0.002000 -0.011401 0.027193
v 0.001838 -0.010849 0.027828
v 0.001426 -0.012014 0.026795
v 0.001308 -0.011425 0.027575
v 0.000818 -0.012507 0.026329
v 0.002153 -0.009651 0.028439
v 0.000308 0.014984 0.029935
v 0.000366 0.015003 0.029921
v 0.001312 0.015155 0.029600
v 0.000843 0.015101 0.029781
v 0.002387 0.015196 0.028993
v 0.002204 0.015207 0.029118
v 0.002032 0.015209 0.029226
v 0.001749 0.015194 0.029388
v 0.006148 0.000136 0.016666
v 0.006154 -0.000309 0.017277
v 0.006118 -0.000057 0.016993
v 0.005506 -0.000812 0.016719
v 0.005488 -0.000665 0.016519
v 0.005506 -0.000536 0.016307
v 0.005123 -0.001382 0.016029
v 0.005616 -0.000401 -0.022513
v 0.005616 -0.000866 -0.023016
v 0.005276 -0.001237 -0.022494
v 0.005066 -0.001608 -0.021878
v 0.005260 -0.001087 -0.022328
v 0.005583 -0.000618 -0.022779
v 0.001268 0.015630 -0.029456
v 0.001328 0.015464 -0.029708
v 0.001383 0.015210 -0.029872
v 0.000389 0.015552 -0.029511
v 0.000403 0.015377 -0.029783
v 0.000425 0.015105 -0.029956
v 0.000250 -0.006650 -0.030000
v 0.000250 0.014851 -0.030000
v 0.000250 -0.013400 -0.023250
v 0.000250 -0.013340 -0.024149
v 0.000250 -0.013161 -0.025031
v 0.000250 -0.012758 -0.026124
v 0.000250 -0.012173 -0.027131
v 0.000250 -0.011423 -0.028023
v 0.000250 -0.010531 -0.028773
v 0.000250 -0.009524 -0.029358
v 0.000250 -0.008431 -0.029761
v 0.000250 -0.007549 -0.029940
v 0.000238 0.015352 0.029795
v 0.000349 0.015427 0.029720
v 0.000234 0.015525 0.029546
v 0.000455 0.015481 0.029649
v 0.000800 0.015591 0.029430
v 0.001452 0.015670 0.029118
v 0.001119 0.015641 0.029258
v -0.000000 0.015337 -0.029250
v -0.000000 0.015337 0.029250
v 0.000030 0.015457 0.029250
v 0.000144 0.015564 0.029250
v 0.000144 0.015564 -0.029250
v 0.000114 0.015547 0.029250
v 0.000114 0.015547 -0.029250
v 0.000066 0.015506 0.029250
v 0.000066 0.015506 -0.029250
v 0.000030 0.015457 -0.029250
v 0.000348 0.014856 -0.030000
v 0.000232 0.015531 -0.029531
v 0.000236 0.015375 -0.029772
v 0.000242 0.015141 -0.029935
v 0.000249 0.014861 -0.030000
v -0.000000 -0.006213 -0.010636
v -0.000000 -0.008575 0.012000
v -0.000000 -0.005636 -0.011212
v -0.000000 -0.008364 0.011212
v -0.000000 -0.005425 -0.012000
v -0.000000 -0.010165 0.028659
v -0.000000 -0.009067 0.029226
v -0.000000 -0.013128 0.023511
v -0.000000 -0.007787 0.013364
v -0.000000 -0.008364 0.012788
v -0.000000 -0.013150 0.022765
v -0.000000 0.005636 -0.000788
v -0.000000 -0.007787 0.010636
v -0.000000 0.005425 0.000000
v -0.000000 0.005636 0.000788
v -0.000000 -0.013139 0.023265
v -0.000000 -0.006650 0.029692
v -0.000000 -0.007886 0.029573
v -0.000000 -0.008575 -0.012000
v -0.000000 -0.013150 -0.023250
v -0.000000 -0.012553 0.025898
v -0.000000 -0.011940 0.026964
v -0.000000 -0.011131 0.027899
v -0.000000 -0.007000 -0.010425
v -0.000000 -0.007787 -0.010636
v -0.000000 -0.008364 -0.011212
v -0.000000 -0.007000 0.010425
v -0.000000 -0.006213 0.010636
v -0.000000 0.006213 0.001364
v -0.000000 -0.005636 0.011212
v -0.000000 0.007000 0.001575
v -0.000000 -0.005425 0.012000
v -0.000000 -0.007000 0.013575
v -0.000000 -0.006213 0.013364
v -0.000000 0.014984 0.029692
v -0.000000 -0.005636 0.012788
v -0.000000 -0.006213 -0.013364
v -0.000000 0.014845 -0.029750
v -0.000000 -0.007000 -0.013575
v -0.000000 -0.006650 -0.029750
v -0.000000 -0.007515 -0.029692
v -0.000000 0.014996 0.029692
v -0.000000 -0.012955 0.024731
v -0.000000 -0.005636 -0.012788
v -0.000000 0.006213 -0.001364
v -0.000000 0.008575 0.000000
v -0.000000 -0.008364 -0.012788
v -0.000000 -0.007787 -0.013364
v -0.000000 -0.013092 -0.024115
v -0.000000 -0.012920 -0.024965
v -0.000000 -0.012531 -0.026018
v -0.000000 0.015256 -0.029523
v -0.000000 0.015082 -0.029685
v -0.000000 0.015335 -0.029300
v -0.000000 0.014852 -0.029750
v -0.000000 0.007000 -0.001575
v -0.000000 0.007788 -0.001364
v -0.000000 0.008364 -0.000788
v -0.000000 0.008364 0.000788
v -0.000000 0.007788 0.001364
v -0.000000 0.015270 0.029500
v -0.000000 0.015180 0.029613
v -0.000000 0.015137 0.029647
v -0.000000 -0.008365 -0.029520
v -0.000000 -0.009418 -0.029131
v -0.000000 -0.010388 -0.028568
v -0.000000 -0.011246 -0.027846
v -0.000000 -0.011968 -0.026988
v 0.002200 0.015329 0.029102
v 0.002179 0.015445 0.029062
v 0.002142 0.015548 0.028997
v 0.002119 0.015592 0.028958
v 0.000018 -0.013232 0.023269
v 0.000033 -0.013275 0.022765
v 0.000077 -0.013320 0.023273
v 0.000159 -0.013383 0.022765
v 0.000167 -0.013375 0.023275
v 0.000125 -0.013367 0.022765
v 0.000073 -0.013327 0.022765
v 0.000174 -0.013366 0.023521
v 0.000081 -0.013312 0.023519
v 0.000019 -0.013224 0.023515
v 0.000201 -0.007932 0.029814
v 0.000196 -0.006650 0.029936
v 0.000095 -0.007923 0.029766
v 0.000095 -0.006650 0.029888
v 0.000022 -0.007905 0.029675
v 0.000025 -0.006650 0.029801
v 0.000199 -0.009158 0.029453
v 0.000094 -0.009139 0.029407
v 0.000022 -0.009105 0.029321
v 0.000196 -0.010297 0.028864
v 0.000092 -0.010270 0.028822
v 0.000022 -0.010220 0.028745
v 0.000021 -0.011200 0.027972
v 0.000090 -0.011263 0.028038
v 0.000192 -0.011299 0.028075
v 0.000021 -0.012021 0.027022
v 0.000020 -0.012643 0.025939
v 0.000088 -0.012095 0.027074
v 0.000086 -0.012724 0.025977
v 0.000188 -0.012137 0.027104
v 0.000183 -0.012772 0.025998
v 0.000020 -0.013050 0.024753
v 0.000083 -0.013136 0.024774
v 0.000178 -0.013188 0.024787
v 0.000025 0.014984 0.029801
v 0.000095 0.014984 0.029888
v 0.000196 0.014984 0.029936
v 0.000295 0.015060 0.029932
v 0.000282 0.015134 0.029918
v 0.000314 0.015144 0.029911
v 0.000297 0.015184 0.029899
v 0.000269 0.015205 0.029893
v 0.000255 0.015272 0.029857
v 0.000817 0.015243 0.029768
v 0.001177 0.015580 0.029397
v 0.000729 0.015489 0.029619
v 0.000498 0.015405 0.029739
v 0.001602 0.015648 0.029139
v 0.001701 0.015495 0.029300
v 0.001286 0.015315 0.029582
v 0.000777 0.015379 0.029712
v 0.001239 0.015466 0.029512
v 0.001637 0.015608 0.029199
v 0.000149 0.014850 -0.029979
v 0.000125 -0.006650 -0.029967
v 0.000019 0.014847 -0.029845
v 0.000033 0.014848 -0.029875
v 0.000033 -0.006650 -0.029875
v 0.000054 0.014849 -0.029905
v 0.000125 0.014850 -0.029967
v 0.000004 0.014846 -0.029792
v 0.000033 -0.007532 -0.029816
v 0.000125 -0.007544 -0.029907
v 0.000125 -0.008422 -0.029728
v 0.000125 -0.009510 -0.029327
v 0.000125 -0.010512 -0.028745
v 0.000125 -0.011399 -0.027999
v 0.000125 -0.012145 -0.027112
v 0.000125 -0.012727 -0.026110
v 0.000125 -0.013128 -0.025022
v 0.000125 -0.013307 -0.024144
v 0.000125 -0.013367 -0.023250
v 0.000033 -0.008398 -0.029640
v 0.000033 -0.009471 -0.029244
v 0.000033 -0.010459 -0.028670
v 0.000033 -0.011335 -0.027935
v 0.000033 -0.012070 -0.027059
v 0.000033 -0.012644 -0.026071
v 0.000033 -0.013040 -0.024998
v 0.000033 -0.013216 -0.024132
v 0.000033 -0.013275 -0.023250
v 0.000146 0.015505 0.029537
v 0.000016 0.015376 0.029482
v 0.000067 0.015452 0.029515
v 0.000149 0.015337 0.029780
v 0.000068 0.015298 0.029738
v 0.000016 0.015241 0.029677
v 0.000016 0.015075 -0.029788
v 0.000017 0.014855 -0.029840
v 0.000072 0.014858 -0.029925
v 0.000157 0.014860 -0.029982
v 0.000152 0.015133 -0.029917
v 0.000070 0.015110 -0.029865
v 0.000016 0.015259 -0.029659
v 0.000068 0.015319 -0.029717
v 0.000016 0.015380 -0.029470
v 0.000066 0.015457 -0.029501
v 0.000148 0.015360 -0.029757
v 0.000145 0.015510 -0.029523
v 0.000162 0.015263 0.029844
v 0.000075 0.015233 0.029797
v 0.000018 0.015187 0.029725
v 0.000019 0.015091 0.029773
v 0.000089 0.015052 0.029878
v 0.000079 0.015177 0.029832
v 0.000084 0.015117 0.029859
v 0.000171 0.015200 0.029882
v 0.000181 0.015132 0.029911
v 0.000191 0.015059 0.029929
v 0.015911 0.016867 0.015893
v 0.018413 0.018022 0.013994
v 0.017772 0.017935 0.014168
v 0.017757 0.017879 0.014465
v 0.016829 0.017805 0.014512
v 0.018859 0.018023 0.014199
v 0.018816 0.018078 0.013908
v 0.017859 0.017716 0.014714
v 0.018928 0.017862 0.014442
v 0.017945 0.017459 0.014873
v 0.019010 0.017618 0.014596
v 0.016867 0.017302 0.015300
v 0.016923 0.017018 0.015337
v 0.017997 0.017177 0.014915
v 0.015852 0.017154 0.015862
v 0.015728 0.017416 0.015722
v 0.015563 0.017576 0.015498
v 0.016761 0.017561 0.015150
v 0.016627 0.017723 0.014911
v 0.019090 0.017339 0.014639
v 0.018816 0.018078 -0.022886
v 0.018978 0.018064 0.013908
v 0.018936 0.018075 0.013908
v 0.018972 0.018019 0.014178
v 0.019119 0.017984 0.013908
v 0.019054 0.018031 0.013908
v 0.019082 0.017980 0.014144
v 0.019234 0.017405 0.014573
v 0.019293 0.017435 0.014510
v 0.019211 0.017658 0.014468
v 0.019334 0.017457 0.014440
v 0.019351 0.017468 0.014393
v 0.019279 0.017648 0.014361
v 0.019200 0.017389 0.014597
v 0.019116 0.017647 0.014549
v 0.019213 0.017851 0.013908
v 0.019170 0.017910 0.014100
v 0.019215 0.017846 0.013975
v 0.019215 0.017804 0.014260
v 0.019243 0.017780 0.014134
v 0.019296 0.017654 0.014239
v 0.019367 0.017485 0.014271
v 0.019036 0.017869 0.014404
v 0.019137 0.017850 0.014340
v 0.015378 0.000947 0.015554
v 0.015872 0.001209 0.015487
v 0.016013 0.001230 0.015136
v 0.017024 0.001680 0.014605
v 0.015927 0.001369 0.015685
v 0.015928 0.001583 0.015834
v 0.018049 0.002136 0.014209
v 0.019270 0.002679 0.013900
v 0.018097 0.002205 0.014450
v 0.019287 0.002787 0.014254
v 0.018102 0.002362 0.014682
v 0.019267 0.002895 0.014400
v 0.018056 0.002584 0.014848
v 0.019226 0.003036 0.014521
v 0.016894 0.002300 0.015350
v 0.017975 0.002821 0.014922
v 0.019101 0.003365 0.014637
v 0.016951 0.001692 0.014896
v 0.016982 0.001851 0.015112
v 0.016960 0.002068 0.015271
v 0.015878 0.001810 0.015914
v 0.019101 0.017311 0.014637
v 0.026364 0.006598 0.013291
v 0.026489 0.006270 0.013175
v 0.026528 0.006133 0.013059
v 0.026550 0.006021 0.012907
v 0.026533 0.005913 0.012554
v 0.015471 0.001769 0.012663
v 0.016856 0.002307 0.012073
v 0.016432 0.001871 0.012354
v 0.017749 0.002002 0.012630
v 0.016828 0.001592 0.012977
v 0.016721 0.001594 0.012742
v 0.018713 0.002472 0.012115
v 0.018773 0.002458 0.012342
v 0.018376 0.002281 0.012442
v 0.016581 0.001690 0.012514
v 0.018405 0.002909 0.011632
v 0.018513 0.002716 0.011727
v 0.018622 0.002561 0.011895
v 0.024836 0.005158 0.010690
v 0.026533 0.005913 0.010110
v 0.023030 0.004354 0.011238
v 0.023152 0.004432 0.011013
v 0.023082 0.004477 0.010840
v 0.026435 0.005923 0.009857
v 0.026311 0.006021 0.009637
v 0.026375 0.005962 0.009741
v 0.024009 0.005116 0.010290
v 0.022999 0.004565 0.010689
v 0.022913 0.004684 0.010575
v 0.020776 0.003843 0.011096
v 0.020874 0.003688 0.011205
v 0.016015 0.003245 0.011221
v 0.016245 0.003018 0.011682
v 0.016482 0.002616 0.012017
v 0.015839 0.003281 0.010750
v 0.017855 0.003878 0.010213
v 0.017960 0.003825 0.010690
v 0.017991 0.003788 0.010803
v 0.018116 0.003591 0.011160
v 0.018207 0.003406 0.011358
v 0.018098 0.005432 0.007972
v 0.018351 0.004763 0.008422
v 0.018482 0.004474 0.008787
v 0.018598 0.004264 0.009225
v 0.018737 0.004139 0.010049
v 0.024143 0.007203 0.007235
v 0.024319 0.006717 0.007521
v 0.024492 0.006303 0.007960
v 0.024637 0.006026 0.008505
v 0.024741 0.005910 0.009090
v 0.033060 0.008723 0.005826
v 0.031627 0.008481 0.006223
v 0.027945 0.007842 0.006871
v 0.034936 0.009041 0.004698
v 0.034774 0.009014 0.004931
v 0.034126 0.008904 0.005390
v 0.028535 0.007031 0.008414
v 0.030080 0.007409 0.008461
v 0.032266 0.008147 0.007542
v 0.033896 0.008630 0.007240
v 0.031968 0.008192 0.006846
v 0.028109 0.007522 0.007170
v 0.028269 0.007269 0.007543
v 0.028414 0.007102 0.007968
v 0.031798 0.008309 0.006516
v 0.033394 0.008567 0.006319
v 0.033699 0.008571 0.006846
v 0.034461 0.008797 0.006338
v 0.034454 0.008846 0.005731
v 0.034765 0.008887 0.006084
v 0.035100 0.009017 0.005104
v 0.035406 0.009077 0.005293
v 0.035261 0.009060 0.004784
v 0.035575 0.009127 0.004872
v 0.035628 0.009143 0.004465
v 0.035314 0.009074 0.004465
v 0.035314 0.009074 -0.007500
v 0.035628 0.009143 -0.007500
v 0.034274 0.008929 -0.008343
v 0.034544 0.008975 -0.008168
v 0.034850 0.009027 -0.007874
v 0.034980 0.009049 -0.007594
v 0.028458 0.007945 -0.009826
v 0.031117 0.008395 -0.009372
v 0.032767 0.008674 -0.008954
v 0.033986 0.008880 -0.008495
v 0.031290 0.008195 -0.009680
v 0.028640 0.007612 -0.010172
v 0.028815 0.007369 -0.010597
v 0.034315 0.008810 -0.008861
v 0.035183 0.009011 -0.008669
v 0.034871 0.008956 -0.008416
v 0.035443 0.009088 -0.008256
v 0.035203 0.009044 -0.007959
v 0.032589 0.008355 -0.009675
v 0.031461 0.008058 -0.010029
v 0.031619 0.007992 -0.010404
v 0.034561 0.008827 -0.009294
v 0.033549 0.008608 -0.009284
v 0.033855 0.008618 -0.009789
v 0.032609 0.008248 -0.010431
v 0.031756 0.007996 -0.010775
v 0.033384 0.008660 -0.009038
v 0.029097 0.007208 -0.011571
v 0.028974 0.007230 -0.011086
v 0.029787 0.007249 0.008861
v 0.030170 0.007392 0.011871
v 0.033896 0.008630 0.011172
v 0.032890 0.008322 0.007637
v 0.019075 0.017588 -0.023576
v 0.019152 0.017332 -0.023599
v 0.018991 0.017815 -0.023461
v 0.018891 0.018012 -0.023209
v 0.018850 0.018063 -0.023053
v 0.018978 0.018064 -0.022886
v 0.019054 0.018031 -0.022886
v 0.019119 0.017984 -0.022886
v 0.019213 0.017851 -0.022886
v 0.024506 0.005319 -0.017958
v 0.023996 0.005119 -0.018191
v 0.024093 0.005023 -0.018298
v 0.018301 0.002291 -0.021221
v 0.021521 0.003713 -0.019860
v 0.024350 0.004941 -0.018740
v 0.024278 0.004931 -0.018587
v 0.026533 0.005913 -0.017591
v 0.026471 0.005899 -0.017470
v 0.018397 0.002291 -0.021443
v 0.021412 0.003633 -0.020135
v 0.016308 0.001361 -0.022291
v 0.018175 0.002373 -0.021005
v 0.018038 0.002529 -0.020843
v 0.017915 0.002726 -0.020758
v 0.017974 0.002625 -0.020791
v 0.024190 0.004958 -0.018434
v 0.026398 0.005910 -0.017348
v 0.026321 0.005944 -0.017236
v 0.026240 0.006000 -0.017138
v 0.018193 0.002835 -0.020647
v 0.021449 0.004117 -0.019306
v 0.021297 0.003869 -0.019522
v 0.021414 0.003763 -0.019675
v 0.033896 0.008630 -0.013311
v 0.030048 0.007400 -0.015245
v 0.030120 0.007387 -0.015361
v 0.030185 0.007397 -0.015482
v 0.026533 0.005913 -0.020235
v 0.026483 0.006598 -0.020940
v 0.026580 0.006280 -0.020816
v 0.026599 0.006147 -0.020705
v 0.026597 0.006034 -0.020562
v 0.033896 0.008630 -0.017532
v 0.030170 0.007392 -0.018900
v 0.027561 0.007066 -0.020549
v 0.030166 0.008095 -0.019605
v 0.030229 0.007856 -0.019535
v 0.030232 0.007464 -0.019145
v 0.030255 0.007627 -0.019374
v 0.033961 0.008691 -0.017762
v 0.033999 0.008863 -0.018008
v 0.033986 0.009113 -0.018176
v 0.033939 0.009349 -0.018237
v 0.020577 0.013943 -0.023082
v 0.021126 0.013125 -0.022883
v 0.021738 0.012674 -0.022661
v 0.022190 0.012490 -0.022497
v 0.022569 0.012407 -0.022360
v 0.023445 0.012437 -0.022042
v 0.028742 0.013533 -0.020121
v 0.029040 0.013582 -0.020013
v 0.029530 0.013614 -0.019835
v 0.030270 0.013545 -0.019567
v 0.031005 0.013329 -0.019301
v 0.031684 0.012972 -0.019054
v 0.036185 0.010014 -0.017422
v 0.019294 0.017620 -0.023341
v 0.019336 0.017559 -0.023248
v 0.019370 0.017477 -0.023246
v 0.019270 0.017716 -0.023184
v 0.019234 0.017765 -0.023267
v 0.019170 0.017802 -0.023348
v 0.019165 0.017612 -0.023521
v 0.019085 0.017818 -0.023415
v 0.019242 0.017623 -0.023440
v 0.019349 0.017445 -0.023396
v 0.019244 0.017378 -0.023547
v 0.019272 0.017394 -0.023521
v 0.019317 0.017422 -0.023462
v 0.018962 0.018054 -0.023041
v 0.019232 0.017805 -0.023077
v 0.019178 0.017896 -0.023102
v 0.019097 0.017963 -0.023147
v 0.018997 0.018003 -0.023185
v 0.036534 0.009411 -0.016575
v 0.036534 0.009411 0.010683
v 0.036352 0.009713 0.011338
v 0.033881 0.009107 0.011854
v 0.033924 0.008853 0.011680
v 0.036107 0.010026 0.011485
v 0.033820 0.009349 0.011909
v 0.036202 0.009908 0.011454
v 0.036291 0.009794 0.011397
v 0.033926 0.008684 0.011419
v 0.036436 0.009597 0.011215
v 0.036538 0.009414 0.010738
v 0.036521 0.009463 0.010965
v 0.036496 0.009505 0.011066
v 0.036542 0.009466 -0.016853
v 0.036533 0.009491 -0.016917
v 0.036479 0.009599 -0.017110
v 0.036411 0.009707 -0.017236
v 0.036355 0.009789 -0.017307
v 0.019379 0.017457 0.014268
v 0.019346 0.017430 0.014437
v 0.019247 0.017378 0.014569
v 0.020505 0.013973 0.014377
v 0.021692 0.012678 0.014157
v 0.021257 0.012966 0.014238
v 0.020986 0.013222 0.014288
v 0.030047 0.008095 0.012609
v 0.032832 0.009047 0.012092
v 0.031693 0.012927 0.012303
v 0.031425 0.013089 0.012353
v 0.030965 0.013306 0.012438
v 0.030224 0.013523 0.012576
v 0.029430 0.013594 0.012723
v 0.028637 0.013510 0.012870
v 0.023432 0.012434 0.013834
v 0.022401 0.012428 0.014026
v 0.036254 0.010156 -0.017355
v 0.031753 0.013114 -0.018987
v 0.036274 0.010219 -0.017297
v 0.031773 0.013174 -0.018931
v 0.036282 0.010268 -0.017229
v 0.031781 0.013226 -0.018861
v 0.036282 0.010291 -0.017185
v 0.031762 0.013285 -0.018702
v 0.036263 0.010327 -0.017069
v 0.036214 0.010066 -0.017406
v 0.036239 0.010120 -0.017380
v 0.028706 0.013673 -0.020104
v 0.031020 0.013675 -0.018955
v 0.031048 0.013637 -0.019075
v 0.031039 0.013445 -0.019265
v 0.030283 0.013671 -0.019538
v 0.030279 0.013792 -0.019462
v 0.030217 0.013913 -0.019228
v 0.030254 0.013877 -0.019350
v 0.031056 0.013556 -0.019186
v 0.029428 0.013956 -0.019636
v 0.029470 0.013871 -0.019749
v 0.029497 0.013746 -0.019822
v 0.029382 0.013988 -0.019511
v 0.028546 0.013901 -0.019793
v 0.028600 0.013873 -0.019926
v 0.028657 0.013793 -0.020035
v 0.023250 0.012805 -0.021714
v 0.023275 0.012799 -0.021778
v 0.023304 0.012777 -0.021847
v 0.023360 0.012697 -0.021956
v 0.023410 0.012578 -0.022024
v 0.021782 0.012781 -0.022624
v 0.021119 0.013285 -0.022867
v 0.020696 0.014005 -0.023005
v 0.020740 0.014032 -0.022948
v 0.020773 0.014056 -0.022880
v 0.021201 0.013423 -0.022680
v 0.021174 0.013363 -0.022786
v 0.021810 0.012963 -0.022440
v 0.021808 0.012885 -0.022547
v 0.022520 0.012765 -0.022089
v 0.022539 0.012740 -0.022150
v 0.022577 0.012534 -0.022333
v 0.022567 0.012655 -0.022259
v 0.022338 0.012805 -0.022096
v 0.022851 0.012758 -0.021882
v 0.023051 0.012773 -0.021797
v 0.021789 0.013003 -0.022324
v 0.021390 0.013272 -0.022488
v 0.021198 0.013457 -0.022567
v 0.020795 0.014088 -0.022729
v 0.030133 0.007390 0.008582
v 0.030126 0.007850 0.012546
v 0.030196 0.007454 0.012135
v 0.030181 0.007615 0.012379
v 0.020757 0.014177 -0.021288
v 0.019858 0.016316 -0.021614
v 0.019818 0.016411 -0.021607
v 0.019784 0.016492 -0.021559
v 0.019753 0.016566 0.012603
v 0.020782 0.014119 0.014008
v 0.020763 0.014164 0.012677
v 0.019784 0.016494 0.012781
v 0.019761 0.016547 0.012701
v 0.019761 0.016547 -0.021476
v 0.019753 0.016566 -0.021374
v 0.019856 0.016321 0.012845
v 0.019817 0.016414 0.012832
v 0.036245 0.010340 0.011117
v 0.036249 0.010310 0.011243
v 0.036431 0.010182 0.011194
v 0.036712 0.009980 0.010905
v 0.036600 0.010106 0.010839
v 0.036474 0.010189 0.011006
v 0.036634 0.010084 0.010683
v 0.036750 0.009962 0.010683
v 0.036802 0.009801 0.010683
v 0.036434 0.010130 0.011260
v 0.036492 0.009655 0.011231
v 0.036608 0.009905 0.011187
v 0.036520 0.009984 0.011263
v 0.036584 0.009814 0.011220
v 0.036498 0.009902 0.011302
v 0.036544 0.009728 0.011234
v 0.036463 0.009822 0.011323
v 0.036418 0.009750 0.011327
v 0.036333 0.009855 0.011400
v 0.036372 0.009924 0.011389
v 0.036274 0.010030 0.011431
v 0.036404 0.009996 0.011361
v 0.036326 0.010153 0.011351
v 0.036425 0.010067 0.011317
v 0.036610 0.009992 0.011139
v 0.036617 0.009466 0.010836
v 0.036593 0.010066 0.011080
v 0.036743 0.009885 0.010942
v 0.036785 0.009737 0.010834
v 0.036799 0.009719 0.010683
v 0.036753 0.009626 0.010843
v 0.036777 0.009634 0.010683
v 0.036693 0.009533 0.010843
v 0.036681 0.009494 0.010683
v 0.036618 0.009448 0.010683
v 0.036745 0.009778 0.010972
v 0.036658 0.009736 0.011115
v 0.036716 0.009672 0.010989
v 0.036611 0.009646 0.011123
v 0.036663 0.009579 0.010991
v 0.036551 0.009573 0.011115
v 0.036594 0.009509 0.010982
v 0.036243 0.010288 0.011291
v 0.036224 0.010239 0.011364
v 0.036193 0.010175 0.011424
v 0.036173 0.010136 0.011449
v 0.036634 0.010084 -0.016575
v 0.036750 0.009962 -0.016575
v 0.036802 0.009801 -0.016575
v 0.036799 0.009719 -0.016575
v 0.036777 0.009634 -0.016575
v 0.036681 0.009494 -0.016575
v 0.036393 0.009849 -0.017305
v 0.036626 0.009470 -0.016724
v 0.036748 0.009887 -0.016827
v 0.036716 0.009980 -0.016793
v 0.036606 0.010060 -0.016976
v 0.036511 0.010165 -0.016891
v 0.036571 0.010125 -0.016803
v 0.036632 0.010085 -0.016614
v 0.036581 0.009577 -0.017000
v 0.036533 0.009657 -0.017119
v 0.036637 0.009651 -0.017004
v 0.036580 0.009730 -0.017118
v 0.036614 0.009814 -0.017103
v 0.036787 0.009741 -0.016721
v 0.036752 0.009782 -0.016854
v 0.036758 0.009631 -0.016728
v 0.036728 0.009677 -0.016870
v 0.036700 0.009538 -0.016729
v 0.036678 0.009585 -0.016873
v 0.036613 0.009514 -0.016867
v 0.036628 0.009987 -0.017028
v 0.036631 0.009903 -0.017072
v 0.036426 0.009916 -0.017290
v 0.036451 0.009986 -0.017262
v 0.036465 0.010055 -0.017221
v 0.036466 0.010117 -0.017168
v 0.036455 0.010169 -0.017109
v 0.020765 0.014102 0.014134
v 0.020750 0.014092 0.014177
v 0.020706 0.014068 0.014251
v 0.020650 0.014040 0.014309
v 0.031779 0.013075 0.012243
v 0.029361 0.013969 0.012365
v 0.028495 0.013878 0.012515
v 0.029386 0.013940 0.012498
v 0.028527 0.013850 0.012655
v 0.029425 0.013728 0.012699
v 0.030243 0.013652 0.012548
v 0.030252 0.013775 0.012467
v 0.030227 0.013891 0.012214
v 0.030245 0.013859 0.012346
v 0.029409 0.013855 0.012620
v 0.028565 0.013770 0.012771
v 0.031072 0.013612 0.012200
v 0.031062 0.013532 0.012320
v 0.031030 0.013418 0.012403
v 0.031060 0.013644 0.012069
v 0.028604 0.013651 0.012847
v 0.031831 0.013241 0.011935
v 0.031829 0.013189 0.012109
v 0.031809 0.013137 0.012185
v 0.021071 0.013307 0.014251
v 0.022553 0.012535 0.013973
v 0.021745 0.012791 0.014125
v 0.023360 0.012694 0.013736
v 0.023322 0.012773 0.013619
v 0.022546 0.012743 0.013774
v 0.023291 0.012801 0.013479
v 0.022851 0.012754 0.013574
v 0.022526 0.012776 0.013643
v 0.022325 0.012813 0.013686
v 0.021805 0.012976 0.013925
v 0.023399 0.012574 0.013812
v 0.022556 0.012658 0.013894
v 0.021787 0.012899 0.014043
v 0.021145 0.013388 0.014167
v 0.021799 0.013009 0.013797
v 0.021340 0.013330 0.013894
v 0.021187 0.013447 0.014050
v 0.021194 0.013475 0.013924
v 0.031655 0.013356 -0.017336
v 0.035284 0.010971 -0.016020
v 0.035409 0.010889 -0.015943
v 0.035499 0.010830 -0.015824
v 0.035531 0.010809 -0.015690
v 0.031775 0.013277 0.010636
v 0.035272 0.010979 0.009987
v 0.035402 0.010893 0.009931
v 0.035497 0.010831 0.009826
v 0.035522 0.010814 0.009763
v 0.035531 0.010809 0.009698
v 0.030112 0.013982 -0.017896
v 0.028444 0.013968 -0.018500
v 0.023216 0.012886 -0.020396
v 0.022268 0.012898 -0.020740
v 0.021303 0.013404 -0.021090
v 0.066469 0.021125 -0.004711
v 0.066469 0.020208 -0.004711
v 0.056880 0.021125 -0.008188
v 0.053063 0.020865 -0.009573
v 0.054967 0.021060 -0.008882
v 0.052944 0.021112 -0.009338
v 0.052980 0.021097 -0.009430
v 0.053015 0.021044 -0.009508
v 0.053045 0.020962 -0.009558
v 0.052944 0.021112 0.006452
v 0.053024 0.020865 0.006697
v 0.053007 0.020961 0.006680
v 0.052986 0.021042 0.006628
v 0.052964 0.021095 0.006547
v 0.066251 0.020155 0.004246
v 0.066251 0.021125 0.004246
v 0.056841 0.021125 0.005990
v 0.021320 0.013376 0.012573
v 0.022306 0.012857 0.012391
v 0.023272 0.012844 0.012211
v 0.028441 0.013914 0.011254
v 0.030171 0.013927 0.010933
v 0.054928 0.021060 0.006344
v 0.066276 0.019916 0.004000
v 0.066287 0.019952 0.004119
v 0.066285 0.019989 0.004169
v 0.066278 0.020039 0.004209
v 0.066272 0.020069 0.004225
v 0.066753 0.020057 -0.004313
v 0.067085 0.020155 -0.003905
v 0.067196 0.020188 -0.003419
v 0.060899 0.018323 0.000538
v 0.067196 0.020188 0.002894
v 0.061114 0.018387 0.001798
v 0.061129 0.018391 0.001955
v 0.060720 0.018270 0.000117
v 0.060232 0.018125 -0.001359
v 0.060503 0.018206 -0.001488
v 0.061167 0.018402 -0.003101
v 0.061208 0.018415 -0.003559
v 0.066455 0.019969 -0.004476
v 0.061084 0.018378 -0.003842
v 0.060835 0.018304 -0.004052
v 0.040786 0.012365 -0.010991
v 0.040585 0.012306 -0.010731
v 0.067078 0.020153 0.003395
v 0.066747 0.020055 0.003792
v 0.061075 0.018375 0.002283
v 0.060899 0.018323 0.002535
v 0.060764 0.018283 -0.001892
v 0.060704 0.018265 -0.001748
v 0.040175 0.012184 0.004379
v 0.040390 0.012248 0.005639
v 0.040569 0.012301 0.006060
v 0.040809 0.012372 0.006243
v 0.060697 0.018263 -0.004114
v 0.041496 0.012576 -0.011077
v 0.041057 0.012446 -0.011120
v 0.040525 0.012288 -0.010587
v 0.040122 0.012169 -0.009378
v 0.040081 0.012156 -0.008920
v 0.040390 0.012248 0.003642
v 0.040213 0.012196 0.003894
v 0.040160 0.012180 0.004222
v 0.041125 0.012466 0.006299
v 0.041275 0.012510 0.006283
v 0.060496 0.018204 0.002721
v 0.060479 0.018199 -0.000066
v 0.060164 0.018105 -0.000122
v 0.059793 0.017995 -0.001402
v 0.060014 0.018061 -0.000106
v 0.040592 0.012308 -0.008365
v 0.040793 0.012367 0.003456
v 0.040453 0.012267 -0.008427
v 0.040205 0.012193 -0.008637
v 0.066485 0.020124 -0.004688
v 0.066488 0.020095 -0.004673
v 0.066489 0.020046 -0.004634
v 0.066483 0.020008 -0.004588
v 0.066922 0.021125 -0.004439
v 0.066836 0.020297 -0.004510
v 0.067273 0.021125 -0.003938
v 0.067375 0.021125 -0.003419
v 0.067375 0.020428 -0.003419
v 0.067311 0.020412 -0.003833
v 0.067273 0.020403 -0.003938
v 0.067126 0.020368 -0.004208
v 0.056795 0.021375 -0.007953
v 0.066384 0.021375 -0.004476
v 0.066426 0.021342 -0.004594
v 0.056828 0.021356 -0.008043
v 0.066444 0.021302 -0.004643
v 0.056856 0.021302 -0.008120
v 0.066457 0.021250 -0.004680
v 0.056874 0.021221 -0.008171
v 0.054956 0.021153 -0.008867
v 0.054931 0.021238 -0.008815
v 0.054898 0.021293 -0.008735
v 0.054865 0.021309 -0.008647
v 0.054865 0.021309 0.006099
v 0.056795 0.021375 0.005744
v 0.054918 0.021152 0.006328
v 0.056835 0.021250 0.005957
v 0.054903 0.021237 0.006274
v 0.056827 0.021302 0.005918
v 0.054883 0.021293 0.006190
v 0.056818 0.021342 0.005867
v 0.066205 0.021375 0.004000
v 0.066228 0.021342 0.004123
v 0.066244 0.021250 0.004213
v 0.067375 0.020428 0.002894
v 0.067375 0.021125 0.002894
v 0.067292 0.020408 0.003361
v 0.067244 0.021125 0.003479
v 0.067244 0.020396 0.003479
v 0.067057 0.020351 0.003773
v 0.066802 0.021125 0.004011
v 0.066801 0.020289 0.004011
v 0.066695 0.020263 0.004079
v 0.066706 0.020181 0.004056
v 0.066990 0.020140 0.003665
v 0.066675 0.020049 0.003936
v 0.066699 0.020104 0.004006
v 0.067033 0.020197 0.003715
v 0.067056 0.020271 0.003753
v 0.067283 0.020330 0.003350
v 0.067193 0.020200 0.003303
v 0.067249 0.020257 0.003329
v 0.067352 0.020324 0.002894
v 0.067325 0.020278 0.002894
v 0.067289 0.020239 0.002894
v 0.040769 0.012420 -0.010493
v 0.040366 0.012300 -0.009283
v 0.040943 0.012641 -0.010413
v 0.040540 0.012521 -0.009203
v 0.041172 0.012522 -0.010891
v 0.041389 0.012604 -0.010806
v 0.041267 0.012737 -0.010576
v 0.040981 0.012459 -0.010861
v 0.040843 0.012425 -0.010719
v 0.040979 0.012585 -0.010598
v 0.041172 0.012657 -0.010657
v 0.041092 0.012606 -0.010686
v 0.041050 0.012587 -0.010680
v 0.041015 0.012579 -0.010656
v 0.060590 0.018291 -0.003843
v 0.060468 0.018424 -0.003613
v 0.060977 0.018388 -0.003427
v 0.060891 0.018380 -0.003196
v 0.060624 0.018471 -0.003275
v 0.060950 0.018375 -0.003628
v 0.060813 0.018340 -0.003770
v 0.060664 0.018416 -0.003594
v 0.060715 0.018446 -0.003389
v 0.060752 0.018429 -0.003480
v 0.060748 0.018422 -0.003525
v 0.060723 0.018417 -0.003561
v 0.060488 0.018261 -0.001986
v 0.060221 0.018351 -0.002066
v 0.060094 0.018127 -0.001588
v 0.059867 0.018077 -0.001673
v 0.059898 0.018255 -0.001903
v 0.060288 0.018178 -0.001618
v 0.060423 0.018224 -0.001759
v 0.060221 0.018284 -0.001881
v 0.060020 0.018240 -0.001822
v 0.060115 0.018241 -0.001793
v 0.060160 0.018248 -0.001799
v 0.060194 0.018261 -0.001823
v 0.040696 0.012568 -0.008866
v 0.040666 0.012389 -0.008636
v 0.040289 0.012260 -0.009052
v 0.040319 0.012263 -0.008851
v 0.040453 0.012309 -0.008709
v 0.040537 0.012454 -0.008885
v 0.040477 0.012451 -0.009090
v 0.040456 0.012417 -0.008999
v 0.040463 0.012413 -0.008954
v 0.040486 0.012423 -0.008918
v 0.040430 0.012319 0.004328
v 0.040645 0.012383 0.005589
v 0.040614 0.012543 0.004286
v 0.040828 0.012607 0.005546
v 0.040577 0.012493 0.004194
v 0.040825 0.012436 0.003739
v 0.040596 0.012351 0.003778
v 0.040444 0.012300 0.003902
v 0.040389 0.012290 0.004095
v 0.040561 0.012450 0.004073
v 0.040596 0.012454 0.003997
v 0.040572 0.012446 0.004029
v 0.040647 0.012482 0.003971
v 0.040797 0.012587 0.003973
v 0.040819 0.012604 0.003978
v 0.060041 0.018298 0.000416
v 0.060046 0.018130 0.000176
v 0.060579 0.018270 0.000344
v 0.060612 0.018297 0.000588
v 0.060336 0.018385 0.000631
v 0.060462 0.018230 0.000184
v 0.060275 0.018181 0.000129
v 0.060223 0.018285 0.000342
v 0.060364 0.018342 0.000493
v 0.060354 0.018311 0.000398
v 0.060329 0.018298 0.000362
v 0.060291 0.018289 0.000342
v 0.060826 0.018361 0.001849
v 0.060551 0.018449 0.001891
v 0.060670 0.018297 0.002399
v 0.060432 0.018244 0.002438
v 0.060345 0.018388 0.002199
v 0.060825 0.018338 0.002275
v 0.060877 0.018359 0.002082
v 0.060640 0.018408 0.002062
v 0.060491 0.018380 0.002214
v 0.060589 0.018381 0.002195
v 0.060626 0.018386 0.002167
v 0.060644 0.018394 0.002128
v 0.041210 0.012550 0.006001
v 0.041123 0.012694 0.005761
v 0.040687 0.012378 0.005833
v 0.040807 0.012408 0.005993
v 0.040991 0.012468 0.006048
v 0.040977 0.012584 0.005835
v 0.040828 0.012556 0.005684
v 0.040854 0.012535 0.005779
v 0.040881 0.012537 0.005815
v 0.040918 0.012551 0.005835
v 0.067289 0.020239 -0.003419
v 0.067352 0.020324 -0.003419
v 0.067325 0.020278 -0.003419
v 0.067266 0.020261 -0.003804
v 0.067301 0.020335 -0.003822
v 0.066842 0.020216 -0.004487
v 0.067123 0.020289 -0.004189
v 0.067096 0.020214 -0.004155
v 0.067209 0.020205 -0.003781
v 0.067049 0.020158 -0.004111
v 0.066797 0.020084 -0.004377
v 0.066829 0.020140 -0.004440
v 0.066755 0.021375 -0.004253
v 0.066838 0.021342 -0.004346
v 0.066900 0.021250 -0.004414
v 0.067042 0.021375 -0.003844
v 0.067157 0.021342 -0.003891
v 0.067242 0.021250 -0.003925
v 0.067125 0.021375 -0.003419
v 0.067250 0.021342 -0.003419
v 0.067342 0.021250 -0.003419
v 0.067125 0.021375 0.002894
v 0.066656 0.021375 0.003808
v 0.067018 0.021375 0.003372
v 0.067250 0.021342 0.002894
v 0.067131 0.021342 0.003426
v 0.067342 0.021250 0.002894
v 0.067214 0.021250 0.003465
v 0.066729 0.021342 0.003909
v 0.066782 0.021250 0.003984
v 0.041106 0.013242 -0.009738
v 0.041036 0.013222 -0.009530
v 0.041174 0.013262 -0.009856
v 0.041298 0.013299 -0.009918
v 0.041231 0.013279 -0.009898
v 0.041429 0.013338 -0.009901
v 0.059670 0.018741 -0.003286
v 0.059783 0.018775 -0.003215
v 0.059843 0.018792 -0.003086
v 0.059823 0.018787 -0.003155
v 0.059826 0.018788 -0.002949
v 0.059757 0.018767 -0.002741
v 0.059689 0.018747 -0.002623
v 0.059565 0.018710 -0.002561
v 0.059632 0.018730 -0.002581
v 0.059434 0.018671 -0.002578
v 0.041193 0.013268 -0.009193
v 0.041080 0.013235 -0.009264
v 0.041020 0.013217 -0.009393
v 0.041040 0.013223 -0.009323
v 0.041053 0.013226 0.004715
v 0.041089 0.013237 0.004931
v 0.041057 0.013228 0.004577
v 0.041136 0.013251 0.004460
v 0.041087 0.013237 0.004512
v 0.041258 0.013287 0.004408
v 0.059479 0.018684 0.001031
v 0.059611 0.018724 0.001036
v 0.059723 0.018757 0.001118
v 0.059674 0.018742 0.001067
v 0.059773 0.018772 0.001245
v 0.059810 0.018783 0.001462
v 0.059806 0.018781 0.001600
v 0.059727 0.018758 0.001717
v 0.059776 0.018772 0.001665
v 0.059604 0.018722 0.001769
v 0.041384 0.013325 0.005146
v 0.041252 0.013285 0.005141
v 0.041139 0.013252 0.005059
v 0.041189 0.013267 0.005110
vn -0.016980 -0.999436 -0.028958
vn -0.166213 -0.942967 -0.288420
vn -0.000204 -0.999999 -0.001035
vn -0.047263 -0.966103 -0.253795
vn -0.107759 -0.824653 -0.555279
vn -0.341774 -0.729607 -0.592338
vn -0.137288 -0.676965 -0.723098
vn -0.165192 -0.539409 -0.825681
vn -0.496590 -0.405108 -0.767650
vn -0.181249 -0.259498 -0.948583
vn -0.195923 -0.020024 -0.980415
vn -0.410507 -0.025974 -0.911487
vn -0.649662 -0.031142 -0.759585
vn -0.781463 -0.042111 -0.622529
vn -0.999564 -0.029008 -0.005576
vn -0.979778 -0.022141 -0.198859
vn -0.955105 -0.295989 -0.012845
vn -0.863326 -0.403280 -0.303371
vn -0.826812 -0.562364 -0.011333
vn -0.691453 -0.675017 -0.257379
vn -0.676945 -0.736019 -0.004772
vn -0.509417 -0.860482 -0.008007
vn -0.393706 -0.905007 -0.161114
vn -0.225155 -0.974321 -0.001968
vn -0.133320 -0.989900 -0.048209
vn -0.021436 -0.999770 -0.000177
vn -0.056315 -0.996968 -0.053698
vn -0.288751 -0.920878 -0.261927
vn -0.537999 -0.703203 -0.464826
vn -0.726431 -0.415926 -0.547086
vn -0.882390 -0.059758 -0.466708
vn -0.575847 0.807128 -0.130174
vn -0.354400 0.934929 -0.017588
vn -0.371145 0.925754 -0.072327
vn -0.860237 0.027091 -0.509175
vn -0.968099 0.022740 -0.249535
vn -0.912092 0.285991 -0.293763
vn -0.626923 0.039941 -0.778057
vn -0.752882 0.031579 -0.657397
vn -0.763363 0.344599 -0.546378
vn -0.284201 0.408491 -0.867390
vn -0.544399 0.398560 -0.738092
vn -0.327961 0.713197 -0.619509
vn -0.507520 0.677918 -0.531837
vn -0.323033 0.895827 -0.305194
vn -0.415166 0.865514 -0.280218
vn -0.284466 0.958683 -0.002513
vn -0.373928 0.024147 -0.927143
vn -0.185744 0.009742 -0.982550
vn -0.669700 0.606732 -0.428226
vn -0.499169 0.832047 -0.241927
vn -0.304988 0.951737 -0.034344
vn -0.791593 0.561589 -0.240828
vn -0.311363 0.950291 -0.000152
vn -0.610394 0.792092 -0.003052
vn -0.818366 0.574639 -0.008176
vn -0.959353 0.282054 -0.009308
vn -0.998979 0.039370 -0.022163
vn -0.044208 -0.998829 0.019666
vn -0.305584 -0.943137 0.130812
vn -0.021813 -0.999762 0.000284
vn -0.297616 -0.954682 0.002685
vn -0.563884 -0.825791 0.010189
vn -0.629516 -0.728301 0.270716
vn -0.735860 -0.677094 0.007298
vn -0.860664 -0.508822 0.018898
vn -0.821250 -0.417786 0.388590
vn -0.973209 -0.229398 0.015547
vn -0.907601 -0.055681 0.416126
vn -0.999295 -0.029178 0.023646
vn -0.342112 -0.001957 0.939657
vn -0.687234 -0.049208 0.724768
vn -0.337055 -0.255475 0.906160
vn -0.666847 -0.347025 0.659461
vn -0.291383 -0.564969 0.771949
vn -0.515264 -0.675750 0.527129
vn -0.235098 -0.736013 0.634834
vn -0.192966 -0.842887 0.502300
vn -0.308545 -0.905079 0.292631
vn -0.088142 -0.966775 0.239954
vn -0.089944 -0.991528 0.093711
vn -0.000945 -0.999996 0.002543
vn -0.474469 0.826459 0.303058
vn -0.309742 0.949902 0.041780
vn -0.338879 0.939565 0.048764
vn -0.724313 0.032945 0.688683
vn -0.516696 0.003370 0.856162
vn -0.629924 0.290985 0.720086
vn -0.932733 0.360434 0.009850
vn -0.899886 0.329944 0.285204
vn -0.786987 0.616917 0.008102
vn -0.753912 0.630227 0.185555
vn -0.538687 0.842501 0.003009
vn -0.542669 0.835913 0.082214
vn -0.318819 0.947815 0.000253
vn -0.831453 0.014952 0.555394
vn -0.966502 0.022715 0.255653
vn -0.999191 0.039874 0.005303
vn -0.786496 0.350926 0.508207
vn -0.707616 0.607121 0.361501
vn -0.533671 0.825959 0.181622
vn -0.390913 0.919346 0.044618
vn -0.592026 0.574376 0.565329
vn -0.284507 0.958673 0.001462
vn -0.391465 0.827882 0.401705
vn -0.424881 0.598968 0.678759
vn -0.408978 0.332342 0.849874
vn -0.349117 0.023757 0.936778
vn 0.004846 -0.999974 -0.005255
vn 0.005945 -0.999978 0.002975
vn -0.285309 0.958435 -0.001130
vn -0.284725 0.958609 0.001151
vn 0.176244 -0.982044 -0.067281
vn 0.178786 -0.981059 -0.074559
vn 0.113967 -0.929395 -0.351050
vn 0.082582 -0.880648 -0.466518
vn 0.012813 -0.738143 -0.674523
vn -0.017883 -0.644888 -0.764068
vn -0.084409 -0.435072 -0.896430
vn -0.113722 -0.317368 -0.941459
vn -0.179788 -0.013740 -0.983609
vn -0.180809 -0.007924 -0.983486
vn -0.182182 -0.000756 -0.983264
vn -0.159825 -0.377678 -0.912039
vn -0.121321 -0.696169 -0.707552
vn -0.069841 -0.931826 -0.356120
vn -0.238996 -0.969888 -0.046878
vn -0.105170 -0.994046 -0.028502
vn 0.053924 -0.996963 -0.056184
vn -0.182780 -0.003350 -0.983148
vn -0.183046 -0.002400 -0.983101
vn -0.230508 -0.366276 -0.901503
vn -0.299405 -0.343006 -0.890339
vn -0.252373 -0.676898 -0.691460
vn -0.378166 -0.647103 -0.662003
vn -0.260413 -0.871616 -0.415295
vn -0.399162 -0.841813 -0.363347
vn -0.543392 -0.741311 -0.393933
vn -0.477299 -0.559231 -0.677825
vn -0.364422 -0.322578 -0.873579
vn -0.184168 -0.003369 -0.982889
vn -0.392075 -0.918096 -0.058114
vn -0.542017 -0.839739 -0.032493
vn -0.308231 0.556365 -0.771655
vn -0.183047 0.002495 -0.983101
vn -0.228960 0.173913 -0.957774
vn -0.299117 0.498873 -0.813422
vn -0.327319 0.863893 -0.382820
vn -0.330709 0.799685 -0.501134
vn -0.182157 -0.005599 -0.983254
vn -0.163320 -0.421241 -0.892123
vn -0.121885 -0.720707 -0.682441
vn -0.066723 -0.916016 -0.395554
vn 0.068865 -0.997625 -0.001299
vn -0.010260 -0.923682 -0.383023
vn -0.083965 -0.693494 -0.715553
vn -0.145634 -0.379433 -0.913686
vn -0.181872 -0.006169 -0.983303
vn 0.133401 -0.991059 -0.002504
vn 0.051652 -0.919417 -0.389876
vn -0.033554 -0.713550 -0.699801
vn -0.117057 -0.388966 -0.913785
vn -0.181617 -0.004752 -0.983358
vn 0.042844 -0.995674 -0.082443
vn -0.075669 -0.996245 -0.042078
vn -0.152978 -0.888565 -0.432492
vn -0.188009 -0.031556 -0.981660
vn -0.228451 -0.364219 -0.902859
vn -0.232975 -0.677723 -0.697434
vn -0.240292 -0.102092 -0.965317
vn -0.340448 -0.312838 -0.886695
vn -0.443923 -0.589917 -0.674486
vn -0.447042 -0.798743 -0.402694
vn -0.253459 -0.965285 -0.063115
vn -0.237864 -0.042157 -0.970383
vn -0.425648 -0.229581 -0.875280
vn -0.598946 -0.437339 -0.670819
vn -0.708377 -0.610402 -0.354418
vn -0.462933 -0.883551 -0.070920
vn -0.600298 -0.798018 -0.053003
vn -0.801079 -0.597883 -0.028434
vn -0.894299 -0.446721 -0.025900
vn -0.211413 -0.014000 -0.977297
vn -0.504236 -0.158582 -0.848880
vn -0.714733 -0.280240 -0.640798
vn -0.792419 -0.352665 -0.497695
vn -0.895719 -0.380786 -0.229544
vn -0.182301 -0.002268 -0.983240
vn -0.157155 -0.172860 -0.972328
vn 0.134959 -0.990851 -0.000335
vn 0.085727 -0.965160 -0.247220
vn 0.018880 -0.851606 -0.523843
vn -0.117307 -0.384796 -0.915517
vn -0.081394 -0.542471 -0.836122
vn -0.033005 -0.711889 -0.701516
vn 0.134339 -0.990935 0.000552
vn 0.066302 -0.997793 0.003547
vn 0.133341 -0.991070 0.000930
vn -0.017886 -0.919353 0.393028
vn 0.040769 -0.967271 0.250449
vn -0.272104 -0.368998 0.888707
vn -0.340458 -0.005973 0.940241
vn -0.340083 -0.006684 0.940372
vn -0.055509 -0.875042 0.480853
vn -0.139193 -0.737427 0.660929
vn -0.174857 -0.662089 0.728741
vn -0.268503 -0.384518 0.883205
vn -0.065429 -0.930467 0.360487
vn -0.182830 -0.734167 0.653890
vn -0.288800 -0.392062 0.873431
vn -0.340555 -0.004608 0.940213
vn -0.138257 -0.907526 0.396588
vn -0.239838 -0.696388 0.676404
vn -0.309372 -0.400446 0.862515
vn -0.340887 -0.007221 0.940077
vn -0.341311 0.000421 0.939950
vn -0.378633 0.159025 0.911783
vn -0.365873 0.886239 0.284110
vn -0.411137 0.749524 0.518826
vn -0.415221 0.719706 0.556430
vn -0.422347 0.492862 0.760730
vn -0.417986 0.426205 0.802270
vn -0.418876 0.412214 0.809087
vn -0.534841 -0.230962 0.812774
vn -0.404486 -0.077233 0.911277
vn -0.387107 -0.024960 0.921697
vn 0.075751 -0.991459 0.106167
vn 0.173292 -0.981620 0.079957
vn 0.092883 -0.955694 0.279323
vn -0.831941 -0.552870 0.046992
vn -0.728636 -0.683466 0.044312
vn -0.748597 -0.558032 0.358053
vn -0.644685 -0.760439 0.078194
vn -0.359967 -0.037921 0.932194
vn -0.454491 -0.277020 0.846580
vn -0.521715 -0.575613 0.629669
vn -0.050457 -0.830928 0.554088
vn -0.107094 -0.723408 0.682065
vn -0.306974 -0.678410 0.667478
vn -0.249870 -0.380188 0.890518
vn -0.363003 -0.354773 0.861606
vn -0.338477 -0.014041 0.940870
vn -0.342040 -0.008356 0.939648
vn -0.344481 -0.011495 0.938723
vn -0.596567 -0.150844 0.788260
vn -0.756913 -0.244826 0.605923
vn -0.691293 -0.403064 0.599711
vn -0.881528 -0.351296 0.315436
vn -0.914385 -0.404169 0.023398
vn -0.563397 -0.824495 0.052831
vn -0.374896 -0.922500 0.091904
vn -0.543209 -0.746921 0.383448
vn -0.339425 -0.816816 0.466479
vn -0.305880 -0.947745 0.090646
vn -0.149940 -0.984975 0.085685
vn -0.111672 -0.923465 0.367071
vn -0.006205 -0.998764 0.049324
vn 0.284180 -0.958771 -0.000006
vn 0.328818 -0.944393 -0.000833
vn 0.480140 -0.877192 -0.000151
vn 0.606519 -0.795053 -0.005098
vn 0.692710 -0.721182 0.007021
vn 0.781362 -0.624072 0.002730
vn 0.814166 -0.580494 -0.012690
vn 0.947938 -0.318433 0.003861
vn 0.945950 -0.323538 -0.022381
vn 0.999566 -0.025086 -0.015413
vn 0.999648 -0.025518 0.007200
vn -0.491829 0.870692 0.000375
vn -0.713949 0.700197 -0.000252
vn -0.761953 0.647632 0.000634
vn -0.883087 0.469209 0.000255
vn -0.882969 0.469431 -0.000601
vn -0.982640 0.185522 -0.000269
vn -0.993875 0.110510 0.000203
vn -0.980721 -0.195411 -0.001233
vn -0.980798 -0.195023 0.001479
vn -0.895145 -0.445772 0.001338
vn -0.819002 -0.573790 -0.000620
vn -0.596656 -0.802497 0.000012
vn -0.563486 -0.826126 -0.000085
vn -0.576871 -0.182690 -0.796143
vn -0.481587 0.030407 -0.875871
vn -0.609036 0.271929 -0.745070
vn -0.681626 -0.664605 -0.306081
vn -0.724603 -0.446674 -0.524818
vn -0.823036 -0.335986 -0.457957
vn -0.736315 -0.635080 -0.233483
vn -0.895977 -0.292046 -0.334565
vn -0.804127 -0.575455 -0.149099
vn -0.906305 -0.026154 -0.421814
vn -0.811233 -0.101540 -0.575839
vn -0.688595 -0.256967 -0.678090
vn -0.575733 0.774249 -0.262812
vn -0.751582 0.615871 -0.236281
vn -0.705268 0.574796 -0.414978
vn -0.884284 0.392683 -0.252669
vn -0.812942 0.242108 -0.529631
vn -0.947328 0.203620 -0.247200
vn -0.276007 -0.139490 -0.950980
vn -0.368691 0.171139 -0.913662
vn -0.534594 0.749371 -0.390708
vn -0.508084 0.635039 -0.581873
vn -0.457386 0.429853 -0.778475
vn -0.326251 -0.226238 -0.917811
vn -0.444738 -0.446684 -0.776326
vn -0.506461 -0.580799 -0.637315
vn -0.613205 -0.492283 -0.617768
vn -0.542098 -0.664784 -0.513996
vn -0.623036 -0.711364 -0.325250
vn -0.565352 -0.788696 -0.241529
vn -0.620204 0.528022 -0.580120
vn -0.563506 -0.825852 -0.020713
vn -0.557169 -0.830022 -0.025038
vn -0.552903 -0.832775 -0.028004
vn -0.717947 0.022434 -0.695736
vn -0.567635 -0.823165 -0.013791
vn -0.504356 -0.863496 -0.000005
vn -0.534570 -0.845124 -0.000033
vn -0.253267 -0.967396 -0.000386
vn 0.284403 -0.958703 -0.001775
vn 0.283569 -0.958952 0.000067
vn 0.111425 -0.993772 -0.001273
vn 0.037142 -0.999309 0.001411
vn -0.253056 -0.967451 0.000648
vn -0.554724 -0.831773 0.020844
vn -0.600531 -0.730018 0.326247
vn -0.546154 -0.835447 0.061185
vn -0.584851 -0.737132 0.338506
vn -0.572529 -0.557695 0.600988
vn -0.571839 -0.517027 0.636933
vn -0.498504 -0.321818 0.804939
vn -0.342446 -0.002707 0.939534
vn -0.446642 -0.193320 0.873578
vn -0.540914 -0.417670 0.730044
vn -0.979126 0.111363 0.170028
vn -0.750554 0.617611 0.235002
vn -0.542029 0.377156 0.750971
vn -0.628980 -0.423643 0.651852
vn -0.565667 -0.824609 0.006362
vn -0.575866 -0.817410 0.014833
vn -0.745747 -0.472682 0.469503
vn -0.704184 -0.677595 0.212108
vn -0.828304 -0.374371 0.416844
vn -0.805399 -0.565468 0.177700
vn -0.928290 -0.243963 0.280641
vn -0.641647 -0.052832 0.765179
vn -0.527508 -0.097695 0.843914
vn -0.601786 0.535477 0.592552
vn -0.544386 0.683011 0.486969
vn -0.742309 -0.053763 0.667897
vn -0.641923 0.173531 0.746875
vn -0.815720 0.097743 0.570129
vn -0.723014 0.327035 0.608521
vn -0.829039 0.286145 0.480432
vn -0.698374 0.519516 0.492318
vn -0.570317 0.785050 0.241736
vn -0.695623 -0.264888 0.667789
vn -0.762324 -0.233367 0.603658
vn -0.857718 -0.141443 0.494281
vn -0.902107 0.025101 0.430783
vn -0.893055 0.385574 0.231917
vn -0.652673 -0.705389 0.276487
vn -0.565676 -0.824009 0.031932
vn -0.560968 -0.827698 0.015168
vn -0.367407 -0.654251 0.661036
vn -0.381960 -0.347158 0.856498
vn -0.317513 -0.370609 0.872831
vn -0.342015 -0.002263 0.939692
vn -0.436377 -0.317400 0.841922
vn -0.475729 -0.594920 0.647882
vn -0.444283 -0.838483 0.315530
vn -0.180213 -0.981921 0.057911
vn -0.295806 -0.954471 0.038515
vn -0.403788 -0.914231 0.033710
vn -0.231121 -0.709232 0.666012
vn -0.135850 -0.919164 0.369705
vn -0.293322 -0.866501 0.403903
vn -0.336526 -0.025340 0.941333
vn -0.340908 -0.000738 0.940096
vn -0.341383 -0.003730 0.939917
vn -0.250822 -0.387928 0.886905
vn 0.057697 -0.942041 0.330500
vn -0.057255 -0.809697 0.584049
vn -0.135300 -0.665737 0.733818
vn -0.006973 -0.997988 0.063011
vn 0.151471 -0.982999 0.103773
vn 0.193131 -0.981053 0.015375
vn 0.091192 -0.995831 -0.002004
vn -0.077795 -0.996954 0.005518
vn -0.186879 -0.982378 0.003216
vn -0.369383 -0.929157 0.014940
vn -0.529651 -0.846085 0.060078
vn -0.413401 -0.893811 0.173783
vn -0.546267 -0.837591 0.005729
vn -0.539478 -0.841962 0.007971
vn -0.153779 -0.909123 0.387101
vn 0.072353 -0.851422 0.519467
vn -0.152436 -0.809614 0.566822
vn 0.091608 -0.708525 0.699715
vn 0.035142 -0.607584 0.793477
vn -0.320397 -0.939716 0.119500
vn -0.107774 -0.974664 0.195995
vn 0.091835 -0.948550 0.303017
vn 0.320515 -0.899601 0.296629
vn -0.545991 -0.837513 0.021560
vn -0.387830 -0.860365 0.330696
vn -0.471328 -0.814807 0.337551
vn -0.240300 -0.728964 0.640990
vn -0.305867 -0.660663 0.685543
vn -0.000738 -0.482449 0.875924
vn -0.086809 -0.392511 0.915641
vn 0.230708 -0.183615 0.955541
vn 0.182975 -0.005406 0.983103
vn 0.309296 -0.934257 0.177485
vn 0.329765 -0.787077 0.521311
vn 0.321017 -0.661499 0.677766
vn 0.301366 -0.517154 0.801081
vn 0.285930 -0.429927 0.856391
vn 0.779143 -0.617905 0.105497
vn 0.938562 -0.316257 0.138139
vn 0.772009 -0.599945 0.209926
vn 0.902461 -0.317960 0.290631
vn 0.732952 -0.603607 0.313750
vn 0.848898 -0.311763 0.426821
vn 0.677937 -0.611340 0.408248
vn 0.765928 -0.325125 0.554660
vn 0.608386 -0.621312 0.493800
vn 0.666310 -0.330021 0.668668
vn 0.525437 -0.632248 0.569367
vn 0.549223 -0.341727 0.762611
vn 0.428616 -0.648272 0.629310
vn 0.417785 -0.338630 0.843081
vn 0.319779 -0.637240 0.701190
vn 0.259916 -0.298191 0.918436
vn 0.325084 -0.882478 0.339930
vn 0.287681 -0.957495 0.021044
vn 0.379332 -0.873341 0.305585
vn 0.302368 -0.952294 0.041339
vn 0.387971 -0.921520 0.016721
vn 0.543429 -0.837591 0.055914
vn 0.407183 -0.912303 0.043653
vn 0.558898 -0.822169 0.108033
vn 0.352410 -0.934968 0.040518
vn 0.541890 -0.824173 0.164605
vn 0.325755 -0.944618 0.039748
vn 0.500439 -0.840568 0.207379
vn 0.315888 -0.947939 0.040335
vn 0.482939 -0.833189 0.269381
vn 0.448314 -0.831656 0.327663
vn 0.989219 -0.010785 0.146049
vn 0.943654 -0.016610 0.330517
vn 0.886455 -0.011564 0.462671
vn 0.768100 -0.011907 0.640219
vn 0.624294 -0.010943 0.781113
vn 0.496298 -0.016944 0.867987
vn 0.338286 -0.011442 0.940974
vn 0.187482 -0.013446 0.982176
vn 0.194404 -0.980690 -0.021337
vn 0.036471 -0.999223 -0.014948
vn -0.087206 -0.995728 0.030333
vn -0.272489 -0.962127 -0.007819
vn -0.518862 -0.854692 -0.016835
vn -0.626643 -0.779105 0.017735
vn -0.826786 -0.562515 -0.001387
vn -0.912045 -0.409278 0.025785
vn 0.160106 -0.985643 0.053605
vn -0.038173 -0.998782 0.031275
vn -0.302678 -0.952856 0.021263
vn -0.458870 -0.888035 0.028859
vn -0.601254 -0.799047 0.004112
vn -0.743384 -0.668551 -0.020480
vn -0.841596 -0.540028 -0.009250
vn -0.882248 -0.469469 -0.035166
vn -0.915338 -0.396468 -0.070496
vn 0.999904 0.009605 0.009991
vn 0.999493 0.030488 -0.009164
vn 0.899424 -0.023358 -0.436452
vn 0.974818 -0.013947 -0.222566
vn 0.913010 -0.304543 -0.271416
vn 0.314022 -0.948592 -0.039545
vn 0.288221 -0.957480 -0.012670
vn 0.467377 -0.841894 -0.269765
vn 0.390746 -0.832124 -0.393557
vn 0.584810 -0.627850 -0.513616
vn 0.425348 -0.644542 -0.635331
vn 0.612576 -0.368317 -0.699352
vn 0.411125 -0.345103 -0.843730
vn 0.492654 -0.018761 -0.870023
vn 0.344082 -0.005645 -0.938923
vn 0.343831 -0.938099 -0.041835
vn 0.527549 -0.828549 -0.187610
vn 0.707155 -0.608083 -0.360787
vn 0.782511 -0.336016 -0.524185
vn 0.686280 -0.020426 -0.727050
vn 0.811281 -0.016755 -0.584416
vn 0.414670 -0.909553 -0.027623
vn 0.562335 -0.821824 -0.091572
vn 0.769368 -0.610750 -0.187235
vn 0.035035 -0.720700 -0.692361
vn 0.170431 -0.612333 -0.772011
vn 0.194320 -0.800562 -0.566869
vn -0.126831 -0.977234 -0.170078
vn 0.185726 -0.937588 -0.293997
vn 0.112338 -0.355716 -0.927818
vn 0.227138 -0.188319 -0.955481
vn 0.264041 -0.483767 -0.834417
vn 0.275752 -0.755923 -0.593752
vn 0.422470 -0.504098 -0.753263
vn -0.030991 -0.522802 -0.851890
vn -0.218870 -0.712345 -0.666828
vn 0.041025 -0.888466 -0.457105
vn -0.168392 -0.928930 -0.329747
vn -0.179691 -0.849773 -0.495577
vn -0.311856 -0.917060 -0.248488
vn -0.335901 -0.870404 -0.359954
vn -0.535376 -0.844422 -0.017994
vn -0.541486 -0.840520 -0.017871
vn -0.286548 -0.949791 -0.125643
vn -0.543278 -0.839542 -0.004361
vn 0.397381 -0.268038 -0.877635
vn 0.342909 -0.007995 -0.939335
vn 0.420714 -0.667774 -0.614067
vn 0.365208 -0.886758 -0.283344
vn -0.360409 -0.808569 -0.465104
vn -0.533663 -0.843794 -0.056699
vn -0.538009 -0.842633 -0.022696
vn -0.413689 -0.910202 -0.019862
vn -0.245679 -0.969343 0.003908
vn 0.184636 -0.981755 0.045468
vn 0.095163 -0.995054 0.028490
vn -0.113479 -0.992975 0.033508
vn 0.009493 -0.999687 0.023144
vn 0.509742 0.860287 -0.008388
vn 0.678401 0.734678 -0.004508
vn 0.663485 0.730383 -0.162262
vn 0.296179 0.538784 -0.788663
vn 0.253772 0.675006 -0.692796
vn 0.416407 0.673659 -0.610565
vn 0.195766 0.826309 -0.528100
vn 0.087245 0.966610 -0.240941
vn 0.229421 0.919935 -0.317941
vn 0.003960 0.999992 -0.000059
vn 0.226071 0.974110 -0.001336
vn 0.348751 0.933559 -0.082712
vn 0.004903 0.999987 -0.001403
vn 0.353153 0.921463 -0.161833
vn 0.003854 0.999990 -0.002232
vn 0.297324 0.921523 -0.249788
vn 0.002997 0.999991 -0.003052
vn 0.002138 0.999991 -0.003552
vn 0.001032 0.999996 -0.002811
vn 0.354647 0.012931 -0.934911
vn 0.332754 0.256489 -0.907462
vn 0.532759 0.014236 -0.846147
vn 0.517281 0.372718 -0.770391
vn 0.684415 0.018552 -0.728857
vn 0.650935 0.415041 -0.635630
vn 0.793676 0.029554 -0.607623
vn 0.819335 0.363981 -0.442953
vn 0.856206 0.012407 -0.516485
vn 0.878645 0.418897 -0.229145
vn 0.983553 0.020324 -0.179470
vn 0.941157 0.022258 -0.337236
vn 0.956105 0.292786 -0.011808
vn 0.827319 0.561620 -0.011240
vn 0.528862 0.702863 -0.475698
vn 0.635992 0.703284 -0.317656
vn 0.105951 0.843224 0.527018
vn 0.126593 0.736345 0.664658
vn 0.298612 0.730419 0.614262
vn 0.158773 0.562453 0.811442
vn 0.181055 0.257565 0.949147
vn 0.411153 0.423443 0.807248
vn 0.859210 0.511384 0.015640
vn 0.736879 0.676000 0.005731
vn 0.709668 0.673997 0.205182
vn 0.562275 0.826902 0.008908
vn 0.291485 0.956571 0.002880
vn 0.373479 0.919826 0.120143
vn 0.004458 0.999734 0.022623
vn 0.046726 0.966271 0.253251
vn 0.153687 0.933481 0.324026
vn 0.017572 0.999327 0.032210
vn 0.241571 0.921348 0.304566
vn 0.098118 0.990201 0.099376
vn 0.321860 0.921436 0.217627
vn 0.077844 0.996118 0.041091
vn 0.055413 0.998386 0.012416
vn 0.005907 0.999983 0.000030
vn 0.973860 0.226830 0.012079
vn 0.983412 0.021765 0.180075
vn 0.893000 0.363064 0.265960
vn 0.920420 0.017962 0.390519
vn 0.863863 0.025254 0.503094
vn 0.789175 0.414520 0.453184
vn 0.768661 0.040494 0.638373
vn 0.618026 0.401566 0.675861
vn 0.656359 0.011478 0.754361
vn 0.554521 0.027803 0.831705
vn 0.370018 0.015966 0.928888
vn 0.183991 0.002380 0.982925
vn 0.604342 0.702539 0.375779
vn 0.462880 0.703149 0.539745
vn -0.108968 -0.935137 0.337113
vn 0.182232 -0.000570 0.983255
vn 0.184367 -0.011261 0.982793
vn 0.164924 -0.388673 0.906495
vn 0.243854 -0.433211 0.867677
vn 0.127842 -0.718455 0.683724
vn 0.257156 -0.741393 0.619845
vn 0.089236 -0.927797 0.362257
vn 0.231788 -0.913938 0.333154
vn 0.181183 -0.002576 0.983446
vn 0.089028 -0.387501 0.917561
vn -0.011520 -0.713749 0.700307
vn 0.181054 -0.002404 0.983470
vn 0.015273 -0.369864 0.928960
vn -0.147272 -0.679503 0.718740
vn -0.285828 -0.877058 0.386098
vn 0.181330 -0.001512 0.983421
vn -0.006726 -0.288408 0.957484
vn -0.229560 -0.584978 0.777884
vn -0.415997 -0.784502 0.459895
vn -0.005268 0.999976 0.004529
vn 0.071100 0.907537 0.413910
vn 0.125903 0.693434 0.709435
vn 0.163540 0.400534 0.901569
vn 0.182100 0.012036 0.983206
vn 0.207094 -0.960790 0.184377
vn -0.042046 -0.905648 0.421940
vn 0.064359 -0.720599 0.690358
vn 0.257279 -0.651358 0.713821
vn 0.228783 -0.328374 0.916422
vn 0.097940 -0.395695 0.913145
vn 0.182333 -0.006544 0.983215
vn 0.177188 -0.016502 0.984039
vn -0.009277 -0.353359 0.935442
vn -0.149603 -0.612145 0.776465
vn -0.479504 -0.846678 0.230679
vn -0.232682 -0.904596 0.357162
vn -0.294928 -0.724732 0.622720
vn -0.459909 -0.793074 0.399397
vn -0.736126 -0.632487 0.240994
vn -0.838071 -0.410510 0.359331
vn -0.629173 -0.683739 0.369651
vn -0.572930 -0.589113 0.569822
vn -0.612082 -0.334068 0.716767
vn -0.362808 -0.461750 0.809418
vn -0.274022 -0.203367 0.939975
vn -0.109669 -0.283431 0.952701
vn 0.058785 -0.056879 0.996649
vn 0.183331 -0.006353 0.983031
vn 0.171216 -0.017310 0.985081
vn 0.175961 -0.009044 0.984356
vn 0.053751 -0.096831 0.993848
vn 0.245019 -0.878387 0.410368
vn -0.919072 -0.390428 0.053594
vn -0.795990 -0.369908 0.479131
vn -0.523535 -0.277794 0.805445
vn -0.393155 -0.227449 0.890896
vn -0.019548 -0.082134 0.996430
vn 0.181630 0.000346 0.983367
vn -0.922142 -0.385873 -0.027496
vn -0.857457 -0.339598 -0.386575
vn -0.699047 -0.245278 -0.671693
vn -0.385210 -0.097072 -0.917709
vn -0.609143 -0.205117 -0.766076
vn -0.917743 -0.395971 -0.030908
vn -0.659095 -0.393637 -0.640815
vn -0.802238 -0.564459 -0.194425
vn -0.594071 -0.722301 -0.354063
vn -0.604072 -0.626115 -0.493028
vn -0.429851 -0.519164 -0.738713
vn -0.403316 -0.352544 -0.844423
vn -0.332623 -0.813723 -0.476673
vn -0.240091 -0.710761 -0.661192
vn -0.828355 -0.488292 -0.274588
vn -0.919031 -0.394096 -0.008403
vn -0.918688 -0.394915 -0.007448
vn -0.243072 -0.937476 -0.249108
vn -0.516689 -0.836775 -0.181220
vn -0.765861 -0.635715 -0.096555
vn -0.913929 -0.405835 -0.005640
vn -0.190440 -0.981699 -0.000395
vn -0.528491 -0.848939 -0.000433
vn -0.747191 -0.664609 -0.000520
vn -0.895227 -0.445611 -0.000054
vn -0.914305 -0.405026 0.000039
vn -0.747688 -0.664051 0.000422
vn -0.467276 -0.884111 0.001166
vn -0.190416 -0.981703 0.000500
vn -0.249469 -0.946214 0.206020
vn -0.913528 -0.406683 0.008691
vn -0.780592 -0.611714 0.128382
vn -0.574221 -0.777263 0.257162
vn -0.367552 -0.826536 0.426314
vn -0.919565 -0.392892 0.006058
vn -0.811686 -0.542214 0.217189
vn -0.641526 -0.640080 0.422779
vn -0.416807 -0.678488 0.604918
vn -0.529373 -0.400447 0.747934
vn -0.715010 -0.440637 0.542771
vn -0.856368 -0.437089 0.274931
vn -0.920377 -0.390808 0.013231
vn -0.922966 -0.380911 0.055135
vn -0.888931 -0.336264 0.311010
vn -0.788440 -0.256566 0.559050
vn -0.507380 -0.093935 0.856587
vn -0.702174 -0.196453 0.684367
vn -0.171951 -0.818269 -0.548515
vn -0.226936 -0.904603 -0.360823
vn -0.462243 -0.781627 -0.418797
vn -0.343032 -0.916988 -0.203621
vn -0.372759 -0.442900 -0.815408
vn -0.442643 -0.321696 -0.837006
vn -0.020212 -0.169939 -0.985247
vn 0.021850 -0.581050 -0.813574
vn 0.014940 -0.308518 -0.951101
vn 0.142840 -0.354342 -0.924142
vn 0.241353 -0.110836 -0.964087
vn -0.202835 -0.617817 -0.759711
vn -0.352791 -0.585966 -0.729508
vn -0.597196 -0.678588 -0.427640
vn -0.710273 -0.554190 -0.434035
vn -0.759247 -0.405680 -0.508889
vn 0.228257 -0.966348 -0.118619
vn -0.035866 -0.978158 -0.204745
vn 0.291024 -0.878880 -0.377988
vn -0.063288 -0.953334 -0.295209
vn 0.069732 -0.868381 -0.490971
vn 0.349308 -0.740306 -0.574396
vn 0.168281 -0.666347 -0.726404
vn 0.377435 -0.438417 -0.815680
vn 0.245766 -0.394241 -0.885535
vn 0.342846 -0.011172 -0.939325
vn 0.292489 -0.025757 -0.955922
vn 0.302289 -0.087709 -0.949172
vn 0.338691 -0.005685 -0.940881
vn 0.340475 -0.007193 -0.940226
vn -0.920130 -0.390680 -0.027010
vn -0.829155 -0.405283 -0.385030
vn -0.555627 -0.346835 -0.755635
vn -0.156572 -0.209109 -0.965277
vn 0.339366 0.001508 -0.940653
vn -0.002219 0.999959 -0.008822
vn 0.130046 0.917334 -0.376280
vn 0.232293 0.720539 -0.653348
vn 0.307200 0.421958 -0.852983
vn 0.340875 0.007165 -0.940081
vn -0.417651 -0.842999 -0.339001
vn -0.184543 -0.685077 -0.704708
vn 0.100055 -0.367623 -0.924577
vn 0.339670 -0.001996 -0.940543
vn 0.077298 -0.957038 -0.279469
vn 0.293511 -0.897158 -0.330090
vn 0.339884 -0.002363 -0.940464
vn 0.177288 -0.387147 -0.904813
vn -0.027360 -0.708005 -0.705678
vn -0.236397 -0.898082 -0.370898
vn 0.340533 -0.004107 -0.940224
vn 0.251171 -0.396631 -0.882948
vn 0.110949 -0.727247 -0.677349
vn -0.051389 -0.917750 -0.393819
vn 0.340935 -0.000584 -0.940087
vn 0.322170 -0.390052 -0.862593
vn 0.244923 -0.720238 -0.649053
vn 0.341936 -0.005825 -0.939705
vn 0.376508 -0.313912 -0.871608
vn 0.366427 -0.649735 -0.666015
vn -0.056285 0.998410 -0.003036
vn 0.072797 0.926849 -0.368309
vn 0.200806 0.694622 -0.690780
vn 0.293782 0.383070 -0.875756
vn 0.340699 0.009328 -0.940126
vn -0.133982 0.990983 -0.001260
vn 0.013388 0.924640 -0.380606
vn 0.155720 0.705792 -0.691092
vn 0.269448 0.382012 -0.884005
vn 0.340094 0.006863 -0.940367
vn -0.078452 0.996910 0.003902
vn -0.133169 0.991088 0.003183
vn 0.004847 0.927241 0.374433
vn -0.054880 0.924715 0.376684
vn 0.071714 0.728347 0.681445
vn 0.038946 0.696409 0.716587
vn 0.141627 0.388158 0.910646
vn 0.124815 0.350889 0.928061
vn 0.181508 0.007355 0.983362
vn 0.181524 0.005506 0.983371
vn 0.068182 0.582891 0.809685
vn 0.033910 0.702028 0.711342
vn -0.291319 0.543332 0.787352
vn -0.431705 -0.028367 0.901569
vn -0.156023 0.108948 0.981727
vn -0.214340 0.327031 0.920385
vn -0.593011 0.386949 0.706122
vn -0.509947 0.209233 0.834371
vn -0.760864 0.044578 0.647379
vn -0.705027 -0.122628 0.698498
vn -0.877353 -0.163284 0.451209
vn -0.848911 -0.277270 0.449969
vn -0.624663 0.540932 0.563194
vn -0.784348 0.359887 0.505252
vn -0.793603 0.238403 0.559784
vn -0.951790 0.051856 0.302337
vn -0.930613 -0.096007 0.353189
vn -0.965533 -0.228156 0.125267
vn -0.927817 -0.371833 0.029945
vn 0.159228 0.152775 0.975349
vn 0.134379 0.289344 0.947746
vn 0.095295 0.481855 0.871054
vn -0.923513 -0.381528 0.039487
vn -0.220342 0.735395 0.640815
vn -0.017616 0.845848 0.533134
vn -0.999844 -0.017676 0.000283
vn -0.930869 -0.365354 0.000008
vn -0.928274 -0.371879 0.003591
vn -0.446578 0.783798 0.431542
vn -0.832964 0.421088 0.358965
vn -0.810412 0.520666 0.268589
vn -0.553994 0.784368 0.279029
vn -0.987256 0.064523 0.145470
vn -0.063197 0.931905 0.357153
vn -0.104529 0.980911 0.163973
vn -0.536425 0.829801 0.153875
vn -0.865684 0.482235 0.134316
vn -0.904010 0.427511 0.000227
vn -0.622395 0.782703 0.000279
vn -0.137144 0.990551 0.000159
vn -0.923972 -0.381737 -0.023494
vn -0.946198 -0.323588 -0.000037
vn -0.935451 -0.352977 -0.018411
vn -0.931145 -0.362905 -0.035612
vn 0.223391 0.529777 -0.818189
vn 0.275521 0.347894 -0.896135
vn -0.059973 0.257638 -0.964379
vn -0.008179 0.072219 -0.997355
vn -0.378356 0.080226 -0.922177
vn 0.313177 0.178144 -0.932837
vn -0.693915 0.053125 -0.718095
vn -0.401194 0.261652 -0.877828
vn -0.107330 0.401920 -0.909363
vn -0.343215 -0.101849 -0.933718
vn -0.661395 -0.106296 -0.742467
vn -0.837380 -0.200321 -0.508593
vn -0.893152 -0.148988 -0.424362
vn -0.580723 -0.243236 -0.776915
vn -0.832336 -0.308186 -0.460694
vn 0.169644 0.668924 -0.723714
vn -0.061210 0.619515 -0.782595
vn -0.386461 0.482994 -0.785725
vn -0.546400 0.382452 -0.745102
vn -0.771321 0.146741 -0.619299
vn -0.910185 -0.072891 -0.407738
vn -0.993967 0.067398 -0.086530
vn -0.990410 0.138157 -0.000110
vn -0.828918 0.559370 -0.000379
vn -0.920876 0.277212 -0.274119
vn -0.981987 -0.039545 -0.184763
vn -0.966943 -0.149439 -0.206613
vn -0.879526 0.152636 -0.450706
vn -0.747717 0.377305 -0.546406
vn -0.570121 0.548716 -0.611451
vn -0.265196 0.739572 -0.618631
vn -0.136571 0.990630 -0.000537
vn -0.062801 0.978091 -0.198481
vn -0.384568 0.901385 -0.199029
vn -0.339762 0.847354 -0.408109
vn -0.678807 0.709530 -0.189178
vn -0.627680 0.654216 -0.421922
vn -0.880580 0.437980 -0.180977
vn -0.780560 0.481991 -0.398007
vn 0.088892 0.824783 -0.558419
vn 0.022401 0.911528 -0.410628
vn -0.726118 0.687570 -0.000546
vn -0.358192 0.933648 -0.000188
vn -0.198871 -0.978715 -0.050666
vn -0.003829 -0.999992 -0.000931
vn -0.015402 -0.999881 -0.001201
vn -0.000837 -0.998950 -0.045815
vn -0.223725 -0.969259 -0.102387
vn -0.015071 -0.999882 -0.003076
vn -0.019982 -0.999770 -0.007830
vn -0.300885 -0.950679 -0.075347
vn -0.313640 -0.946912 -0.070620
vn -0.333616 -0.925717 -0.178181
vn -0.498232 -0.841831 -0.207571
vn -0.373672 -0.927554 -0.003563
vn -0.560319 -0.826420 0.055424
vn -0.393762 -0.917282 0.059542
vn -0.537239 -0.840403 0.071402
vn -0.546108 -0.824941 0.145736
vn -0.447776 -0.864159 0.229621
vn -0.444074 -0.888946 0.112130
vn -0.218221 -0.974247 0.056767
vn -0.392391 -0.917571 -0.063973
vn -0.542850 -0.832080 -0.113829
vn -0.557497 -0.827343 -0.068558
vn -0.040760 -0.999115 -0.010410
vn -0.047718 -0.998849 -0.004880
vn -0.007046 -0.999975 0.000219
vn -0.032980 -0.999438 0.006082
vn -0.017344 -0.999841 0.004125
vn -0.000197 -0.999984 0.005587
vn -0.085434 -0.995496 0.041097
vn -0.245368 -0.969313 0.015073
vn -0.290485 -0.953727 0.077607
vn -0.258753 -0.963895 0.062879
vn -0.398096 -0.907233 0.135822
vn -0.009627 -0.999946 0.003846
vn -0.017131 -0.999844 0.004193
vn -0.016149 -0.999859 0.004505
vn -0.205987 -0.954848 0.214092
vn -0.002788 -0.951207 0.308540
vn -0.260254 -0.960587 0.097670
vn -0.319580 -0.891629 0.320727
vn -0.137512 -0.892360 0.429865
vn -0.001389 -0.858078 0.513517
vn -0.449984 -0.868259 0.208906
vn -0.405830 -0.896962 -0.175387
vn 0.000955 -0.874541 -0.484951
vn 0.000241 -0.887750 -0.460325
vn -0.118894 -0.884640 -0.450862
vn -0.208322 -0.935699 -0.284728
vn -0.362124 -0.863359 -0.351394
vn -0.002423 -0.983662 0.180011
vn 0.000105 -0.887772 0.460284
vn -0.185424 -0.944049 0.272744
vn -0.382270 -0.923978 0.011573
vn -0.004626 -0.999989 -0.000553
vn -0.002440 -0.983528 -0.180740
vn -0.115252 -0.980517 -0.159069
vn -0.003273 -0.918534 -0.395328
vn -0.265679 -0.926369 -0.266938
vn 0.002277 -0.999996 -0.001883
vn 0.006966 -0.998696 -0.050569
vn 0.002448 -0.999884 -0.015050
vn 0.001736 -0.999786 0.020606
vn 0.004220 -0.999736 0.022574
vn 0.003427 -0.999994 0.000161
vn -0.194306 -0.358914 0.912922
vn -0.260552 -0.240822 0.934943
vn -0.289420 -0.148470 0.945618
vn -0.259604 -0.186538 0.947528
vn -0.075465 -0.532463 0.843083
vn -0.022004 -0.630006 0.776278
vn 0.044710 -0.694528 0.718075
vn 0.065256 -0.735062 0.674852
vn 0.243977 -0.880160 0.407177
vn 0.391849 -0.918792 0.047701
vn 0.405777 -0.913967 0.002983
vn 0.343586 -0.922508 0.175863
vn 0.274675 -0.903841 0.328063
vn 0.182044 -0.850025 0.494284
vn 0.147840 -0.798615 0.583402
vn 0.210849 -0.809326 0.548211
vn 0.314586 -0.896606 0.311664
vn 0.371193 -0.907533 0.196468
vn 0.442250 -0.896832 0.010381
vn -0.295879 -0.085490 0.951392
vn -0.236793 -0.183295 0.954113
vn -0.182592 -0.335910 0.924026
vn -0.045824 -0.531457 0.845845
vn -0.010478 -0.594062 0.804351
vn 0.343540 -0.001573 -0.939137
vn 0.341004 -0.000160 -0.940062
vn 0.504862 -0.226000 -0.833090
vn 0.347013 -0.015370 -0.937734
vn 0.449577 -0.321152 -0.833512
vn 0.345107 -0.002822 -0.938559
vn 0.570192 -0.165515 -0.804665
vn 0.341868 -0.000528 -0.939748
vn 0.598351 -0.085502 -0.796659
vn 0.371755 -0.007268 -0.928302
vn 0.570809 -0.013762 -0.820967
vn 0.362489 -0.001377 -0.931987
vn 0.944635 -0.052170 -0.323949
vn 0.804950 -0.027260 -0.592717
vn 0.785529 -0.170229 -0.594950
vn 0.998206 -0.046288 -0.037978
vn 0.921667 -0.234162 -0.309351
vn 0.959230 -0.282384 -0.011695
vn 0.827373 -0.486093 -0.281367
vn 0.840350 -0.541949 -0.010175
vn 0.732627 -0.332530 -0.593870
vn 0.633134 -0.504453 -0.587085
vn 0.670769 -0.677727 -0.301255
vn 0.754278 -0.656247 -0.020108
vn 0.571038 -0.820504 -0.026245
vn 0.415730 -0.909317 -0.017653
vn 0.467268 -0.855475 -0.223212
vn 0.501369 -0.704538 -0.502249
vn 0.495358 -0.577027 -0.649354
vn -0.301095 -0.089135 0.949419
vn -0.039155 -0.408711 0.911823
vn -0.136425 -0.546964 0.825965
vn -0.052337 -0.688130 0.723697
vn -0.271620 -0.206675 0.939951
vn 0.289053 -0.957198 0.014868
vn 0.426758 -0.904294 0.011356
vn 0.422555 -0.838714 0.343519
vn 0.288009 -0.956940 0.036273
vn 0.376937 -0.171599 0.910205
vn 0.170474 -0.114556 0.978681
vn 0.178870 -0.376048 0.909172
vn -0.155858 -0.111737 0.981439
vn -0.003652 -0.117816 0.993029
vn 0.279716 -0.959679 0.027851
vn 0.220663 -0.880383 0.419802
vn 0.183946 -0.692078 0.697991
vn 0.433607 -0.624703 0.649408
vn 0.428399 -0.366764 0.825808
vn 0.114409 -0.898431 0.423948
vn 0.278008 -0.960409 0.018043
vn 0.505514 -0.841054 0.192570
vn 0.245582 -0.951817 0.183669
vn 0.182091 -0.899035 0.398220
vn 0.589795 -0.630915 0.504072
vn 0.766583 -0.497872 0.405554
vn 0.755680 -0.581288 0.301749
vn 0.953672 -0.295208 0.057980
vn 0.999517 -0.029804 0.008758
vn 0.999055 -0.043247 0.004398
vn 0.968158 -0.200769 0.149537
vn 0.998734 -0.043085 0.025961
vn 0.941392 -0.302088 0.150081
vn 0.999738 -0.021080 0.008916
vn 0.904259 -0.275340 0.326349
vn 0.999188 -0.025706 0.031035
vn 0.998621 -0.039920 0.034089
vn 0.292833 -0.956127 0.008362
vn 0.488606 -0.872375 0.015061
vn 0.695887 -0.718107 0.008030
vn 0.257329 -0.618200 0.742705
vn 0.547398 -0.538573 0.640542
vn 0.846847 -0.403621 0.346324
vn 0.812448 -0.583005 0.005827
vn 0.793169 -0.594556 0.131859
vn 0.907890 -0.419159 0.006469
vn 0.984704 -0.174231 0.000984
vn 0.999603 -0.028185 0.000139
vn 0.533290 -0.753700 0.384106
vn 0.345965 -0.748808 0.565327
vn 0.103299 -0.798927 0.592491
vn 0.710862 -0.451457 0.539316
vn 0.014879 -0.641686 0.766823
vn 0.019440 -0.642221 0.766273
vn 0.292766 -0.610118 0.736236
vn 0.568779 -0.521692 0.635868
vn 0.561973 -0.520133 0.643155
vn 0.687178 -0.458797 0.563286
vn 0.826485 -0.357557 0.434829
vn 0.948051 -0.201722 0.245984
vn 0.997841 -0.050129 0.042443
vn 0.688990 -0.724677 0.011673
vn 0.869404 -0.493998 0.010121
vn 0.959333 -0.282191 0.006935
vn 0.996251 -0.086481 0.001995
vn 0.642334 -0.002712 0.766420
vn 0.705134 -0.002299 0.709071
vn 0.733783 -0.200954 0.648984
vn 0.672981 -0.287199 0.681625
vn 0.723543 -0.436765 0.534530
vn 0.651860 -0.595761 0.469198
vn 0.701364 -0.543032 0.461741
vn 0.601759 -0.752200 0.268480
vn 0.555351 -0.791284 0.255841
vn 0.425132 -0.904850 0.022581
vn 0.411708 -0.911291 0.006716
vn -0.133973 0.990982 0.002296
vn -0.134023 0.990977 0.001721
vn 0.153616 0.945746 0.286297
vn 0.159551 0.924229 0.346906
vn 0.447272 0.706432 0.548544
vn 0.310011 0.789780 0.529283
vn 0.639845 0.337032 0.690657
vn 0.705141 0.001836 0.709065
vn 0.613496 0.001446 0.789697
vn 0.583337 0.201532 0.786831
vn 0.526196 0.454358 0.718802
vn 0.450071 0.575502 0.682814
vn 0.594588 0.463054 0.657302
vn 0.706403 0.003413 0.707802
vn 0.515416 0.645357 0.563792
vn 0.476057 0.672245 0.566971
vn 0.284727 0.869734 0.403105
vn 0.021951 0.987306 0.157305
vn -0.134760 0.990878 0.000915
vn -0.563007 -0.279078 -0.777907
vn -0.487843 -0.326515 -0.809566
vn -0.389515 -0.504027 -0.770867
vn 0.384067 -0.922213 -0.044886
vn 0.395170 -0.918449 -0.017110
vn 0.195865 -0.940245 -0.278526
vn 0.186181 -0.913909 -0.360705
vn -0.109098 -0.805050 -0.583088
vn 0.048029 -0.823798 -0.564845
vn -0.132526 -0.670415 -0.730056
vn -0.317767 -0.426771 -0.846694
vn -0.394391 -0.335378 -0.855557
vn 0.385738 -0.922236 -0.026210
vn 0.130352 -0.943722 -0.303970
vn -0.628366 -0.260952 -0.732843
vn -0.522064 -0.429018 -0.737152
vn -0.333962 -0.667082 -0.665937
vn -0.103285 -0.861237 -0.497597
vn -0.438699 -0.547075 -0.712918
vn -0.572161 -0.389354 -0.721828
vn -0.348271 -0.733317 -0.583912
vn -0.070193 -0.833360 -0.548255
vn -0.045364 -0.781559 -0.622180
vn -0.242930 -0.538015 -0.807171
vn -0.041105 -0.943763 -0.328058
vn 0.255531 -0.966280 -0.031720
vn 0.262781 -0.964385 -0.030130
vn -0.390243 -0.369864 -0.843155
vn -0.359826 -0.512516 -0.779649
vn -0.177475 -0.758901 -0.626555
vn -0.222603 -0.788058 -0.573945
vn -0.014576 -0.936689 -0.349858
vn 0.053023 -0.940209 -0.336445
vn 0.268278 -0.962913 -0.028715
vn 0.106411 -0.941143 -0.320822
vn 0.265205 -0.963067 -0.046555
vn 0.114828 -0.922664 -0.368110
vn 0.366253 -0.929306 -0.047437
vn 0.045210 -0.929351 -0.366418
vn -0.190775 -0.813784 -0.548963
vn -0.433426 -0.582939 -0.687258
vn -0.598136 -0.319999 -0.734734
vn -0.649645 -0.222802 -0.726857
vn 0.707658 -0.002442 0.706551
vn 0.739469 -0.335482 0.583641
vn 0.688911 -0.592105 0.418106
vn 0.429750 -0.902837 0.014128
vn 0.533471 -0.832419 0.149956
vn 0.657002 -0.674566 0.336614
vn 0.477373 -0.359487 -0.801801
vn 0.291049 -0.387615 -0.874669
vn 0.360603 -0.581492 -0.729268
vn 0.999186 -0.016363 -0.036882
vn 0.974500 -0.086638 -0.206987
vn 0.963935 -0.135305 -0.229174
vn 0.998498 -0.029512 -0.046162
vn 0.969566 -0.153539 -0.190702
vn 0.999927 -0.008167 -0.008947
vn 0.946558 -0.290717 -0.139681
vn 0.998576 -0.050185 -0.018121
vn 0.998339 -0.050275 -0.028150
vn 0.983094 -0.180329 -0.031734
vn 0.999496 -0.031418 -0.004561
vn 0.603046 -0.463883 -0.648959
vn 0.643925 -0.306353 -0.701077
vn 0.534474 -0.692144 -0.485050
vn 0.528528 -0.809802 -0.254712
vn 0.773840 -0.605281 -0.186567
vn 0.469918 -0.882434 -0.022078
vn 0.927229 -0.367317 -0.072962
vn 0.792414 -0.491689 -0.361002
vn 0.937961 -0.267101 -0.221102
vn 0.996137 -0.066268 -0.057608
vn 0.709109 -0.295601 -0.640144
vn 0.723878 -0.432782 -0.537309
vn 0.805849 -0.242932 -0.539992
vn 0.870856 -0.310992 -0.380649
vn 0.901740 -0.173943 -0.395739
vn 0.294828 -0.955327 -0.020646
vn 0.269779 -0.944753 -0.186175
vn 0.214579 -0.862258 -0.458767
vn 0.171513 -0.775613 -0.607460
vn 0.087801 -0.576408 -0.812432
vn 0.033453 -0.398438 -0.916585
vn 0.687720 -0.725808 -0.015588
vn 0.786015 -0.618026 -0.014948
vn 0.883824 -0.467777 -0.006268
vn 0.971769 -0.235920 -0.002683
vn 0.998886 -0.047186 -0.000346
vn 0.973275 -0.167898 -0.156671
vn -0.646429 -0.196576 -0.737216
vn -0.546897 -0.464902 -0.696254
vn 0.263686 -0.964347 -0.022454
vn 0.024074 -0.964197 -0.264091
vn -0.282913 -0.801043 -0.527533
vn 0.693599 -0.000156 0.720361
vn 0.709026 -0.001504 0.705180
vn 0.708008 -0.000831 0.706204
vn 0.707788 -0.000885 0.706424
vn 0.708302 -0.002063 0.705907
vn 0.707008 -0.033862 0.706394
vn 0.727127 -0.050888 0.684614
vn 0.728601 -0.000103 0.684939
vn 0.695541 -0.072339 0.714836
vn 0.752088 -0.041278 0.657769
vn 0.708414 -0.003652 0.705787
vn 0.682413 -0.010245 0.730895
vn 0.736772 -0.008567 0.676087
vn 0.684916 -0.022460 0.728276
vn 0.702607 -0.019596 0.711309
vn 0.419218 -0.353836 -0.836096
vn 0.254340 -0.374964 -0.891467
vn 0.151700 -0.400093 -0.903832
vn 0.001892 -0.403276 -0.915076
vn 0.990216 -0.065084 -0.123437
vn 0.954902 -0.119846 -0.271658
vn 0.879446 -0.190043 -0.436416
vn 0.806045 -0.271754 -0.525776
vn 0.661330 -0.298003 -0.688358
vn 0.641359 -0.298242 -0.706903
vn 0.510278 -0.330798 -0.793845
vn 0.001243 -0.957035 -0.289969
vn 0.000095 -0.880153 -0.474690
vn 0.001708 -0.871745 0.489956
vn 0.001089 -0.865698 0.500565
vn 0.002803 -0.965564 0.260150
vn 0.991324 -0.069390 0.111636
vn 0.959006 -0.185121 0.214563
vn 0.502498 -0.600655 0.621860
vn 0.999998 -0.002138 0.000097
vn 0.936042 -0.351414 0.018265
vn 0.997510 -0.044351 0.054836
vn 0.999234 -0.017895 0.034810
vn 0.857425 -0.367313 0.360421
vn 0.996573 -0.040978 0.071853
vn 0.996447 -0.044496 0.071512
vn 0.733754 -0.582706 0.349368
vn 0.097287 -0.994985 0.023242
vn 0.120506 -0.948824 0.291911
vn 0.252006 -0.967595 0.015927
vn 0.438795 -0.724722 0.531260
vn 0.597807 -0.754710 0.270258
vn 0.331548 -0.824692 0.458214
vn 0.456533 -0.858271 0.234411
vn 0.231729 -0.904287 0.358562
vn 0.317445 -0.922646 0.218983
vn 0.764139 -0.644681 0.021852
vn 0.857144 -0.514901 0.013467
vn 0.995989 -0.049492 0.074546
vn 0.976060 -0.123423 0.179089
vn 0.082606 -0.576319 0.813039
vn 0.231947 -0.630705 0.740548
vn 0.042292 -0.636109 0.770440
vn 0.175339 -0.738020 0.651600
vn 0.011426 -0.823564 0.567108
vn 0.124772 -0.811340 0.571104
vn 0.037593 -0.841374 0.539144
vn 0.062458 -0.848653 0.525249
vn 0.708119 -0.706061 0.006676
vn 0.526816 -0.849917 0.010357
vn 0.462642 -0.886286 0.021444
vn 0.021747 -0.864077 -0.502890
vn 0.169161 -0.985495 -0.013575
vn 0.176533 -0.961891 -0.208811
vn 0.999989 -0.004051 -0.002335
vn 0.999774 -0.008136 -0.019621
vn 0.973078 -0.191514 -0.128222
vn 0.997438 -0.051260 -0.049899
vn 0.913678 -0.386964 -0.124307
vn 0.829981 -0.447006 -0.333643
vn 0.744641 -0.592926 -0.306511
vn 0.316718 -0.923462 -0.216583
vn 0.328306 -0.944536 -0.008145
vn 0.473710 -0.879034 -0.053830
vn 0.452176 -0.855331 -0.252873
vn 0.510372 -0.859525 -0.027163
vn 0.599274 -0.742692 -0.298796
vn 0.727557 -0.685122 -0.035622
vn 0.840151 -0.539483 -0.055717
vn 0.020364 -0.851353 -0.524198
vn 0.090280 -0.918112 -0.385902
vn 0.187813 -0.875151 -0.445912
vn 0.419183 -0.721012 -0.551749
vn 0.235921 -0.651804 -0.720759
vn 0.314030 -0.819350 -0.479636
vn 0.161917 -0.723384 -0.671192
vn 0.101914 -0.781429 -0.615615
vn 0.954478 -0.196135 -0.224729
vn 0.991247 -0.069771 -0.112074
vn 0.545872 -0.603615 -0.581096
vn 0.886403 -0.277613 -0.370432
vn 0.922344 -0.226330 -0.313140
vn 0.059456 -0.629486 -0.774733
vn 0.014829 -0.696696 -0.717213
vn 0.996528 -0.042274 -0.071727
vn 0.474479 -0.876781 -0.078258
vn 0.043331 -0.973348 0.225203
vn 0.042790 -0.959530 -0.278337
vn 0.990220 -0.080174 0.114173
vn 0.884975 -0.041448 0.463791
vn 0.156242 0.895892 -0.415891
vn 0.395106 0.527920 -0.751792
vn 0.927653 0.338725 -0.157243
vn 0.999848 -0.017416 0.000025
vn 0.997922 0.064176 0.005728
vn 0.999621 -0.027525 -0.000008
vn 0.994535 0.009293 -0.103989
vn 0.732464 -0.286535 -0.617572
vn 0.999962 -0.006836 -0.005355
vn 0.987500 -0.156997 -0.014013
vn 0.729344 -0.620543 0.288068
vn 0.971214 -0.136894 0.194946
vn 0.893143 -0.367844 -0.258818
vn 0.999911 -0.008600 -0.010231
vn 0.999912 -0.009376 -0.009376
vn 0.828143 -0.508407 0.236012
vn 0.553046 -0.829852 -0.074069
vn 0.999512 -0.030922 -0.004363
vn 0.999999 -0.001297 0.000403
vn 0.918124 0.227742 -0.324319
vn 0.999996 -0.002505 0.001005
vn 0.999982 -0.005257 0.003007
vn 0.348060 -0.767077 -0.538931
vn 0.680598 -0.585594 -0.440302
vn 0.313765 -0.399469 -0.861380
vn 0.417111 0.080867 -0.905251
vn 0.999999 -0.000080 -0.001457
vn 0.999953 -0.009428 0.002139
vn 0.996758 -0.007162 0.080145
vn 0.999510 -0.028791 0.012284
vn 0.999611 -0.022777 0.016117
vn 0.999538 -0.018925 0.023781
vn 0.811288 0.246064 0.530343
vn 0.753511 0.537679 0.378315
vn 0.999892 -0.014448 -0.002582
vn 0.999861 -0.015751 -0.005529
vn 0.999975 -0.006946 0.001025
vn 0.999602 0.002511 -0.028094
vn 0.965442 0.149772 -0.213284
vn 0.999981 -0.000191 0.006113
vn 0.999969 -0.001378 0.007813
vn 0.999988 -0.001919 0.004478
vn 0.999956 -0.004566 0.008249
vn 0.999793 -0.017461 -0.010490
vn 0.999951 -0.008961 -0.004110
vn 0.999937 -0.010749 -0.003328
vn 0.998015 -0.061528 -0.013404
vn 0.999564 -0.029515 -0.000537
vn 0.998849 -0.046374 0.012289
vn 0.783221 -0.490409 0.382182
vn 0.295105 -0.866791 0.401978
vn 0.244460 -0.557435 0.793414
vn 0.394828 -0.081714 0.915114
vn 0.846583 -0.224014 -0.482820
vn 0.877603 -0.392065 -0.275860
vn 0.999930 -0.007820 0.008853
vn 0.999997 -0.001963 0.001575
vn 0.379272 0.389430 0.839343
vn 0.999986 -0.003294 0.004085
vn 0.999985 -0.002499 0.004789
vn 0.999610 -0.027796 0.002780
vn 0.601126 0.336345 0.724927
vn 0.999194 0.032835 0.023103
vn 0.988714 0.149224 0.013319
vn 0.714347 0.634734 -0.294656
vn 0.999809 -0.017229 -0.009226
vn 0.999711 -0.019011 -0.014701
vn 0.999517 -0.021171 -0.022742
vn 0.980159 0.197430 0.017622
vn 0.959608 0.230092 0.161894
vn 0.999097 -0.023297 -0.035544
vn 0.998096 -0.024527 -0.056593
vn 0.990939 -0.019516 -0.132887
vn 0.003398 -0.725804 -0.687893
vn 0.002645 -0.530555 -0.847646
vn 0.235096 -0.616606 -0.751350
vn 0.603822 -0.415061 -0.680532
vn 0.940093 -0.326182 -0.099154
vn 0.917003 -0.313692 -0.246377
vn 0.785208 -0.540380 -0.302386
vn 0.435494 -0.536365 -0.722950
vn 0.656760 -0.486716 -0.575998
vn 0.504080 -0.666373 -0.549409
vn 0.283722 -0.792202 -0.540294
vn 0.006044 -0.854940 -0.518692
vn 0.549150 -0.776918 -0.307950
vn 0.304418 -0.908267 -0.287022
vn 0.005868 -0.956087 -0.293024
vn 0.324342 -0.944376 -0.054377
vn 0.519267 -0.851602 -0.071662
vn 0.705585 -0.700245 -0.108658
vn 0.837223 -0.542468 -0.069180
vn -0.140909 -0.824575 -0.547924
vn -0.295893 -0.683977 -0.666800
vn -0.399984 -0.608078 -0.685751
vn -0.460780 -0.500546 -0.732895
vn -0.585029 -0.223155 -0.779707
vn -0.657129 -0.152457 -0.738199
vn 0.412983 -0.910689 -0.009557
vn 0.240842 -0.948881 -0.204010
vn 0.117549 -0.939817 -0.320822
vn -0.076841 -0.875160 -0.477693
vn 0.989251 -0.146047 0.007207
vn 0.983449 -0.181124 -0.004751
vn 0.918620 -0.395140 0.001349
vn 0.909284 -0.416032 -0.010895
vn 0.883133 -0.469122 0.000141
vn 0.814988 -0.579332 -0.012952
vn 0.756285 -0.654151 0.010987
vn 0.679640 -0.733517 0.006501
vn 0.561681 -0.827084 -0.021124
vn 0.748451 -0.662438 -0.031576
vn 0.537103 -0.843510 0.003293
vn 0.006561 -0.880119 0.474707
vn 0.003534 -0.961938 0.273246
vn 0.286940 -0.911986 0.293167
vn 0.630511 -0.613581 0.475367
vn 0.480521 -0.724001 0.494896
vn 0.236151 -0.781050 0.578095
vn 0.003104 -0.765209 0.643774
vn 0.379442 -0.924992 0.020344
vn 0.566213 -0.773941 0.283580
vn 0.964867 -0.261843 0.021700
vn 0.875222 -0.420146 0.239716
vn 0.872434 -0.487860 0.029195
vn 0.772485 -0.568676 0.282621
vn 0.726966 -0.685692 0.036699
vn 0.524315 -0.851425 0.013010
vn 0.393389 -0.919302 -0.011335
vn 0.486590 -0.873433 -0.018565
vn 0.717900 -0.696120 -0.006071
vn 0.806128 -0.591706 -0.006514
vn 0.907006 -0.420972 -0.011119
vn 0.979232 -0.202607 -0.007462
vn -0.289190 -0.395092 -0.871935
vn -0.346070 -0.206424 -0.915218
vn -0.139567 -0.249218 -0.958338
vn 0.270643 -0.962429 -0.021986
vn 0.267727 -0.963267 -0.020964
vn 0.034670 -0.942557 -0.332241
vn -0.218329 -0.747339 -0.627549
vn -0.110630 -0.717567 -0.687647
vn 0.078178 -0.921605 -0.380174
vn -0.319301 -0.590103 -0.741502
vn -0.499878 -0.228840 -0.835317
vn 0.268203 -0.962849 -0.031444
vn 0.413099 -0.598166 -0.686693
vn 0.444426 -0.696599 -0.563236
vn 0.191257 -0.727565 -0.658840
vn 0.434963 -0.788815 -0.434256
vn 0.267012 -0.917469 -0.294882
vn 0.439790 -0.879206 -0.183251
vn 0.072830 -0.736807 -0.672170
vn 0.158324 -0.892166 -0.423052
vn 0.278776 -0.959944 -0.028130
vn -0.466894 -0.221330 -0.856168
vn -0.596016 -0.199255 -0.777858
vn 0.403049 -0.510601 -0.759499
vn 0.106132 -0.432596 -0.895319
vn 0.375287 -0.392471 -0.839718
vn 0.208982 -0.340238 -0.916823
vn 0.317664 -0.213160 -0.923933
vn -0.034798 -0.496114 -0.867560
vn 0.023814 -0.308090 -0.951059
vn 0.969073 -0.246773 0.001151
vn 0.886842 -0.461965 0.009931
vn 0.769649 -0.638459 0.003209
vn 0.664019 -0.747603 0.012970
vn 0.460967 -0.887307 0.013982
vn -0.134915 0.990857 -0.000122
vn -0.135146 0.990824 -0.001627
vn -0.002253 0.905250 -0.424874
vn 0.032879 0.901496 -0.431537
vn 0.107525 0.674252 -0.730631
vn 0.174593 0.660320 -0.730407
vn 0.199724 0.337274 -0.919977
vn 0.266205 0.389958 -0.881514
vn 0.253003 0.002180 -0.967463
vn 0.340367 0.004163 -0.940284
vn 0.073032 -0.001364 -0.997329
vn 0.070704 0.001745 -0.997496
vn 0.112121 -0.001569 -0.993693
vn 0.195368 0.002545 -0.980727
vn 0.256787 -0.000073 -0.966468
vn 0.313353 0.000088 -0.949637
vn 0.051768 -0.940400 -0.336108
vn 0.016189 -0.983955 -0.177682
vn 0.000395 -0.999997 -0.002470
vn 0.152474 -0.772338 -0.616640
vn 0.120624 -0.859727 -0.496305
vn 0.134971 -0.891041 -0.433393
vn 0.103472 -0.947188 -0.303526
vn 0.048434 -0.772133 -0.633613
vn 0.073013 -0.687980 -0.722048
vn 0.088514 -0.582609 -0.807918
vn 0.216429 -0.763970 -0.607871
vn 0.065117 -0.346135 -0.935922
vn 0.059395 -0.405055 -0.912361
vn 0.060481 -0.194158 -0.979104
vn 0.018132 -0.476285 -0.879104
vn 0.347679 -0.047555 -0.936407
vn 0.402089 -0.052137 -0.914115
vn 0.362819 -0.179996 -0.914310
vn 0.246271 -0.075343 -0.966268
vn 0.308144 -0.042631 -0.950384
vn 0.265608 -0.110343 -0.957746
vn 0.333215 -0.007495 -0.942821
vn 0.333084 -0.014443 -0.942787
vn 0.152401 -0.216857 -0.964234
vn 0.168308 -0.267816 -0.948655
vn 0.063414 -0.407627 -0.910944
vn 0.257451 -0.440101 -0.860250
vn 0.226456 -0.603822 -0.764275
vn 0.207574 -0.593807 -0.777371
vn 0.061512 -0.852936 -0.518378
vn 0.105301 -0.790260 -0.603656
vn 0.096275 -0.690876 -0.716534
vn 0.146929 -0.596279 -0.789217
vn 0.146118 -0.516710 -0.843600
vn 0.179232 -0.411276 -0.893716
vn 0.124466 -0.843652 -0.522264
vn 0.159003 -0.690486 -0.705654
vn 0.194939 -0.481757 -0.854347
vn 0.240613 -0.329836 -0.912860
vn 0.288456 -0.283944 -0.914423
vn 0.272579 -0.204170 -0.940221
vn 0.334638 -0.145960 -0.930974
vn 0.312908 -0.090738 -0.945439
vn 0.226682 -0.173007 -0.958480
vn 0.131294 -0.107137 -0.985537
vn 0.035473 -0.989715 -0.138587
vn 0.011431 -0.959119 -0.282772
vn 0.012511 -0.903322 -0.428780
vn 0.032631 -0.828205 -0.559475
vn 0.027118 -0.735618 -0.676853
vn 0.001708 -0.634978 -0.772528
vn 0.065662 -0.092352 -0.993559
vn 0.238697 -0.668770 -0.704110
vn 0.262687 -0.529936 -0.806327
vn 0.296694 -0.374914 -0.878301
vn 0.331723 -0.017612 -0.943212
vn 0.933298 -0.019797 -0.358558
vn 0.696451 -0.043607 -0.716279
vn -0.092752 0.995689 -0.000826
vn -0.170990 0.985272 -0.001060
vn -0.099091 0.995078 0.000754
vn -0.104851 0.994488 -0.000688
vn -0.120127 0.992758 0.000908
vn -0.101054 0.994881 0.000758
vn 0.188957 -0.636021 0.748180
vn 0.870758 -0.149205 0.468528
vn 0.896360 -0.119588 0.426893
vn 0.807264 -0.134832 0.574583
vn 0.977054 -0.198218 0.077944
vn 0.968717 -0.210840 0.130892
vn 0.951263 -0.300114 0.070928
vn 0.960537 -0.201972 0.191248
vn 0.977750 -0.091512 0.188761
vn 0.940338 -0.174987 0.291794
vn 0.828827 -0.310420 0.465494
vn 0.921927 -0.142950 0.360022
vn 0.951247 -0.105620 0.289780
vn 0.984729 -0.068253 0.160159
vn 0.992486 -0.048385 0.112381
vn 0.764363 -0.139187 0.629584
vn 0.612329 -0.178917 0.770092
vn 0.568006 -0.136484 0.811629
vn 0.690903 -0.625533 0.362437
vn 0.553373 -0.576155 0.601518
vn 0.730175 -0.516181 0.447663
vn -0.196648 -0.058746 0.978713
vn -0.014782 -0.038326 0.999156
vn -0.033837 -0.222654 0.974310
vn 0.112462 -0.206218 0.972022
vn 0.107713 -0.441781 0.890633
vn 0.305587 -0.397100 0.865406
vn 0.341964 -0.593867 0.728274
vn 0.678683 -0.296930 0.671731
vn 0.809215 -0.230011 0.540617
vn 0.890529 -0.397936 0.220467
vn 0.871702 -0.401124 0.281486
vn 0.831833 -0.391771 0.393153
vn 0.694096 -0.417334 0.586568
vn 0.501117 -0.352285 0.790428
vn 0.377161 -0.154927 0.913098
vn 0.795409 -0.492104 0.353777
vn 0.829719 -0.502675 0.242659
vn 0.812220 -0.572330 0.112858
vn 0.608070 -0.771415 0.187539
vn 0.489427 -0.776937 0.396018
vn 0.371647 -0.747481 0.550591
vn 0.122902 -0.032275 0.991894
vn 0.960469 -0.061770 -0.271449
vn 0.827932 -0.116207 -0.548657
vn 0.597420 -0.166187 -0.784520
vn 0.575876 -0.817534 -0.002029
vn 0.294737 -0.955575 -0.002409
vn 0.400850 -0.903394 -0.152314
vn 0.924159 -0.382006 -0.000982
vn 0.928918 -0.365933 -0.056606
vn 0.935400 -0.335076 -0.112922
vn 0.940763 -0.300201 -0.157621
vn 0.943872 -0.263901 -0.198649
vn 0.947288 -0.220775 -0.232170
vn 0.949493 -0.175064 -0.260413
vn 0.952015 -0.124955 -0.279382
vn 0.046328 -0.998925 -0.001679
vn 0.071708 -0.989352 -0.126654
vn 0.705890 -0.699519 -0.111324
vn 0.735988 -0.676994 -0.000885
vn 0.133684 -0.950532 -0.280389
vn 0.462375 -0.843765 -0.272526
vn 0.180844 -0.890351 -0.417817
vn 0.495701 -0.773687 -0.394574
vn 0.259195 -0.788927 -0.557147
vn 0.526507 -0.685086 -0.503436
vn 0.289346 -0.690363 -0.663083
vn 0.552588 -0.581354 -0.597222
vn 0.312220 -0.570529 -0.759615
vn 0.573998 -0.464985 -0.674029
vn 0.409396 -0.410941 -0.814569
vn 0.591371 -0.337465 -0.732391
vn 0.749720 -0.628976 -0.205691
vn 0.767203 -0.570256 -0.293613
vn 0.782032 -0.500741 -0.371058
vn 0.794258 -0.422330 -0.436798
vn 0.804994 -0.334774 -0.489806
vn 0.812194 -0.242269 -0.530704
vn 0.008994 -0.999959 0.000479
vn 0.231304 -0.972879 0.002198
vn 0.523769 -0.851855 0.002986
vn 0.676558 -0.736389 0.001204
vn 0.923793 -0.382892 0.000656
vn 0.733638 -0.673316 0.091767
vn 0.473045 -0.871467 0.129512
vn 0.114478 -0.988453 0.099274
vn 0.077084 -0.994619 0.069224
vn 0.564704 -0.791976 0.232128
vn 0.802557 -0.572551 0.167594
vn 0.660727 -0.682406 0.312670
vn 0.838335 -0.492898 0.232909
vn 0.732653 -0.555787 0.392836
vn 0.875522 -0.398887 0.272672
vn 0.904832 -0.291259 0.310561
vn 0.766921 -0.472133 0.434652
vn 0.643380 -0.462535 0.610019
vn 0.566121 -0.620344 0.542845
vn 0.900184 -0.231568 0.368843
vn 0.937809 -0.344068 0.046167
vn 0.949653 -0.300130 0.089898
vn 0.964776 -0.237465 0.113211
vn 0.969858 -0.192125 0.149876
vn 0.706968 -0.135809 0.694084
vn 0.913929 -0.105794 0.391845
vn 0.743155 -0.264574 0.614590
vn 0.678847 -0.378242 0.629365
vn 0.497913 -0.710186 0.497714
vn 0.475058 -0.757406 0.447947
vn 0.391520 -0.841791 0.371619
vn 0.303166 -0.907287 0.291410
vn 0.170594 -0.971197 0.166355
vn 0.916885 -0.017206 0.398781
vn 0.942464 -0.031956 0.332777
vn 0.021209 -0.837203 -0.546481
vn 0.978356 -0.158310 -0.133255
vn 0.987120 -0.146483 -0.064319
vn 0.211402 -0.901485 -0.377668
vn 0.363462 -0.906724 -0.213883
vn 0.395328 -0.847436 -0.354357
vn 0.522651 -0.833790 -0.177849
vn 0.570571 -0.757844 -0.316419
vn 0.664064 -0.729842 -0.162326
vn 0.725028 -0.635876 -0.264568
vn 0.785553 -0.605422 -0.127945
vn 0.848964 -0.488364 -0.201891
vn 0.886384 -0.453049 -0.095233
vn 0.936389 -0.324836 -0.132877
vn 0.968494 -0.242710 -0.055783
vn -0.120473 -0.719172 -0.684308
vn 0.111609 -0.733174 -0.670820
vn 0.254538 -0.813088 -0.523544
vn 0.362434 -0.699131 -0.616325
vn 0.462640 -0.745395 -0.479949
vn 0.583104 -0.617669 -0.527707
vn 0.654573 -0.635848 -0.408940
vn 0.759281 -0.493726 -0.423942
vn 0.807536 -0.496106 -0.319006
vn 0.901907 -0.325762 -0.283626
vn 0.919383 -0.331816 -0.211265
vn 0.977000 -0.182296 -0.110632
vn -0.284203 -0.588201 -0.757131
vn 0.979553 -0.109835 -0.168561
vn 0.965662 -0.145723 -0.215084
vn -0.373922 -0.248552 -0.893535
vn 0.141001 -0.263471 -0.954307
vn 0.354877 -0.199024 -0.913483
vn 0.462915 -0.396225 -0.792916
vn 0.633337 -0.195360 -0.748811
vn 0.423807 -0.419616 -0.802689
vn 0.715738 -0.324508 -0.618396
vn 0.619029 -0.370390 -0.692542
vn 0.762255 -0.320466 -0.562377
vn 0.528591 -0.350935 -0.772940
vn 0.828545 -0.216520 -0.516364
vn 0.731912 -0.351016 -0.584031
vn 0.852771 -0.233143 -0.467360
vn 0.878142 -0.252487 -0.406347
vn 0.924422 -0.259003 -0.279932
vn 0.943822 -0.143734 -0.297559
vn 0.524228 -0.449341 -0.723379
vn 0.126830 -0.535339 -0.835061
vn -0.130132 -0.329156 -0.935266
vn -0.148606 -0.528959 -0.835535
vn -0.372857 -0.446470 -0.813414
vn -0.015534 -0.626157 -0.779542
vn 0.280118 -0.593894 -0.754204
vn 0.530034 -0.554151 -0.641857
vn 0.755355 -0.416005 -0.506338
vn 0.898235 -0.275010 -0.342846
vn 0.974551 -0.138788 -0.176033
vn 0.656118 0.198360 0.728122
vn 0.656852 0.000016 0.754019
vn 0.578518 0.000221 0.815669
vn 0.585532 0.287898 0.757804
vn 0.560159 0.458269 0.690081
vn 0.052161 0.979827 0.192923
vn 0.258739 0.874411 0.410440
vn 0.315178 0.810211 0.494188
vn 0.873881 -0.125859 0.469566
vn 0.851333 -0.298294 0.431570
vn 0.791195 -0.137038 0.596013
vn 0.784345 -0.216922 0.581160
vn 0.778289 -0.472975 0.412991
vn 0.754342 -0.618806 0.219198
vn 0.883212 -0.435422 0.174195
vn 0.953731 -0.234959 0.187592
vn 0.614492 -0.713675 0.336255
vn 0.659923 -0.505035 0.556274
vn 0.593463 -0.254369 0.763609
vn 0.689673 -0.207700 0.693694
vn 0.396021 -0.826681 0.399707
vn 0.509615 -0.688231 0.516363
vn 0.596785 -0.529551 0.602846
vn 0.626254 -0.429738 0.650486
vn -0.000978 -0.999998 0.001753
vn 0.106196 -0.988797 0.104895
vn 0.185994 -0.964711 0.186383
vn 0.302521 -0.903811 0.302667
vn 0.127962 -0.977314 0.168769
vn 0.184072 -0.950314 0.251040
vn 0.295388 -0.881675 0.367960
vn 0.411868 -0.783973 0.464491
vn 0.500014 -0.685338 0.529432
vn 0.603620 -0.492378 0.627062
vn 0.654272 -0.342266 0.674375
vn 0.703579 -0.171382 0.689641
vn 0.562763 -0.288691 0.774568
vn 0.607757 -0.238985 0.757310
vn 0.586301 -0.142213 0.797513
vn 0.660398 -0.115322 0.742007
vn 0.319263 -0.585568 0.745105
vn 0.234559 -0.707513 0.666639
vn 0.244700 -0.756380 0.606639
vn 0.120090 -0.818095 0.562405
vn 0.163627 -0.885160 0.435566
vn 0.241382 -0.587680 0.772248
vn 0.330254 -0.476169 0.814982
vn 0.249928 -0.498652 0.829990
vn 0.335658 -0.337576 0.879418
vn 0.250052 -0.337526 0.907497
vn 0.342154 -0.184791 0.921294
vn 0.251625 -0.161716 0.954218
vn 0.347641 -0.005054 0.937614
vn 0.222587 -0.005003 0.974900
vn 0.590009 -0.053257 0.805638
vn 0.609019 -0.000746 0.793156
vn 0.503643 -0.656095 0.562036
vn 0.426237 -0.753756 0.500174
vn 0.321041 -0.853751 0.409929
vn 0.218312 -0.924144 0.313525
vn 0.162662 -0.949530 0.268203
vn 0.491280 -0.001879 0.871000
vn 0.465945 -0.102472 0.878860
vn 0.480985 -0.216295 0.849629
vn 0.439308 -0.339562 0.831689
vn 0.683997 -0.166266 0.710284
vn 0.639337 -0.308297 0.704415
vn 0.594562 -0.397653 0.698834
vn 0.510408 -0.568224 0.645450
vn 0.495957 -0.485034 0.720256
vn 0.415465 -0.682567 0.601241
vn 0.406280 -0.591704 0.696292
vn 0.320111 -0.781817 0.535063
vn 0.309052 -0.713887 0.628373
vn 0.230969 -0.855547 0.463349
vn 0.438355 -0.451717 0.777043
vn 0.087627 0.000382 0.996153
vn 0.282634 0.000676 0.959227
vn 0.407376 0.000212 0.913261
vn 0.321299 0.001478 0.946977
vn 0.580096 0.002418 0.814545
vn 0.548708 0.000013 0.836014
vn 0.510301 0.000890 0.859995
vn 0.460863 0.003575 0.887464
vn 0.637610 -0.732024 -0.239988
vn 0.607124 -0.463612 -0.645340
vn 0.643307 -0.613556 -0.457936
vn 0.783986 -0.407439 -0.468359
vn 0.880675 -0.397680 -0.257414
vn 0.795223 -0.568029 -0.212046
vn 0.956961 -0.258148 -0.132610
vn 0.818038 -0.537376 0.205041
vn 0.791903 -0.219556 0.569811
vn 0.892057 -0.165826 0.420401
vn 0.974943 -0.196351 0.104559
vn 0.929329 -0.317053 0.189275
vn 0.848862 -0.382867 0.364480
vn -0.043139 0.921827 -0.385192
vn 0.033683 0.704202 -0.709201
vn 0.107795 0.384825 -0.916673
vn -0.066222 0.943923 -0.323456
vn -0.023362 0.747714 -0.663609
vn 0.020165 0.435187 -0.900114
vn -0.087369 -0.001465 -0.996175
vn -0.070531 -0.000003 -0.997510
vn -0.019513 -0.999803 -0.003544
vn -0.012011 -0.986374 -0.164080
vn -0.026316 -0.955357 -0.294279
vn -0.019136 -0.896194 -0.443250
vn -0.029654 -0.803884 -0.594047
vn -0.050976 -0.696683 -0.715566
vn -0.022540 -0.544832 -0.838242
vn -0.058234 -0.415513 -0.907721
vn -0.074471 -0.260020 -0.962727
vn -0.088565 -0.111265 -0.989837
vn -0.155266 0.749311 0.643759
vn -0.048526 0.765191 0.641972
vn -0.102290 0.927214 0.360292
vn -0.002125 0.865513 0.500881
vn -0.030632 0.961217 0.274085
vn 0.067671 0.964820 0.254054
vn -0.017502 0.983057 0.182460
vn -0.999971 0.007652 -0.000000
vn -0.999992 0.004021 0.000005
vn -0.931580 0.363536 0.000190
vn -0.286571 0.958059 0.000559
vn -0.355572 0.934648 -0.001205
vn -0.570553 0.821260 0.001220
vn -0.617684 0.786426 -0.000908
vn -0.704867 0.709339 0.000704
vn -0.756873 0.653562 -0.000382
vn -0.931531 0.363662 -0.000604
vn -0.029572 0.194753 -0.980406
vn -0.128943 0.908983 -0.396387
vn -0.100626 0.686796 -0.719851
vn -0.095026 0.395531 -0.913524
vn -0.126808 0.214070 -0.968553
vn -0.925677 -0.217410 -0.309605
vn -0.996907 0.078278 -0.006987
vn -0.817908 -0.521860 -0.242258
vn -0.817908 0.521860 0.242258
vn -0.999205 -0.039701 0.003543
vn -0.999934 -0.005920 0.009889
vn -0.999965 -0.002878 0.007896
vn -0.999997 -0.002351 0.000316
vn -0.820910 0.240344 -0.518016
vn -0.771670 0.520167 -0.365994
vn -0.999980 -0.006394 -0.000001
vn -0.999243 0.035276 0.016376
vn -0.999289 0.021668 0.030856
vn -0.868806 0.493192 -0.044020
vn -0.959376 0.230738 -0.162349
vn -0.999993 -0.003776 0.000134
vn -0.999999 -0.000006 0.001185
vn -0.999977 -0.001038 0.006709
vn -0.998642 0.051900 -0.004632
vn -0.999979 -0.006545 -0.000008
vn -0.998764 -0.044524 0.022110
vn -0.993102 -0.093350 0.070953
vn -0.999911 -0.008876 0.009954
vn -0.947985 -0.028335 -0.317052
vn -0.996189 0.036708 -0.079117
vn -0.942038 0.274391 -0.193064
vn -0.787985 0.054805 0.613250
vn -0.947864 -0.134122 0.289075
vn -0.947864 0.134122 -0.289075
vn -0.946390 -0.264184 0.185882
vn -0.999705 -0.002161 -0.024196
vn -0.999674 -0.025444 0.002271
vn -0.995436 -0.008495 -0.095055
vn -0.999532 -0.017573 -0.025025
vn -0.999999 0.000000 0.001303
vn -0.961394 -0.249592 -0.115865
vn -0.999687 -0.010527 0.022688
vn -1.000000 0.000000 -0.000102
vn -0.999714 0.002129 0.023822
vn -0.999997 -0.000013 -0.002334
vn -0.999995 -0.000477 -0.003033
vn -1.000000 0.000266 0.000759
vn -0.999673 -0.024675 0.006782
vn -0.860133 -0.417157 0.293515
vn -0.999708 0.013891 0.019781
vn -0.999598 -0.028227 0.002519
vn -0.779705 0.567935 0.263646
vn -0.893429 0.258149 0.367620
vn -0.999992 -0.003876 -0.000431
vn -0.999986 -0.005073 -0.001350
vn -0.999989 -0.004356 -0.001896
vn -0.989083 0.128802 -0.071582
vn -0.997533 0.027928 -0.064406
vn -0.998395 0.054290 -0.016108
vn -1.000000 0.000035 -0.000098
vn -0.966394 0.022873 0.256047
vn -0.981945 -0.079585 0.171610
vn -0.937405 -0.284945 0.200196
vn -0.937347 -0.316064 -0.146576
vn -0.970732 -0.138065 -0.196513
vn -1.000000 0.000412 0.000105
vn -1.000000 0.000589 0.000461
vn -0.985353 0.073763 0.153750
vn -0.999995 -0.001003 -0.003118
vn -0.999995 -0.001473 -0.002906
vn -0.999994 -0.002071 -0.002773
vn -0.999993 -0.002731 -0.002574
vn -0.999991 -0.003476 -0.002294
vn 0.470793 0.302774 0.828663
vn 0.484382 0.380505 0.787776
vn 0.404447 0.667379 0.625322
vn 0.341450 0.799043 0.494916
vn -0.926285 -0.376664 0.010947
vn -0.924008 -0.382373 0.000139
vn -0.677954 -0.734591 0.027462
vn -0.254826 -0.966987 0.000131
vn -0.330158 -0.943355 0.032811
vn -0.545410 -0.838170 0.000521
vn -0.707107 -0.707107 -0.000008
vn -0.272547 -0.954520 0.120871
vn -0.634562 -0.766609 0.098188
vn -0.893696 -0.444902 0.058045
vn -0.216368 -0.183851 0.958845
vn -0.289461 -0.005204 0.957176
vn -0.622821 -0.144170 0.768967
vn -0.677756 -0.003965 0.735276
vn -0.899361 -0.075630 0.430616
vn -0.930603 -0.001868 0.366025
vn -0.225170 -0.362320 0.904446
vn -0.625073 -0.285613 0.726436
vn -0.899599 -0.155561 0.408072
vn -0.236872 -0.524857 0.817568
vn -0.630108 -0.415306 0.656114
vn -0.901972 -0.226792 0.367440
vn -0.904149 -0.289507 0.314165
vn -0.638431 -0.527506 0.560485
vn -0.249366 -0.677647 0.691817
vn -0.906295 -0.339908 0.251181
vn -0.908551 -0.377168 0.179666
vn -0.645650 -0.619152 0.446976
vn -0.654488 -0.685865 0.318173
vn -0.313311 -0.784149 0.535675
vn -0.285605 -0.871818 0.397948
vn -0.911348 -0.398333 0.103811
vn -0.665941 -0.723881 0.180330
vn -0.304464 -0.925653 0.224653
vn -0.863980 0.000218 0.503527
vn -0.558346 0.000127 0.829608
vn -0.140666 0.000276 0.990057
vn 0.049230 0.151248 0.987269
vn 0.021802 0.266451 0.963602
vn 0.206324 0.296790 0.932387
vn 0.148577 0.469652 0.870260
vn -0.099741 0.419456 0.902280
vn 0.039578 0.577777 0.815234
vn 0.262272 0.305164 0.915471
vn 0.126909 0.851271 0.509148
vn 0.114881 0.779298 0.616033
vn 0.097479 0.617361 0.780617
vn 0.184816 0.896897 0.401769
vn 0.371366 0.546830 0.750376
vn 0.391430 0.311732 0.865798
vn 0.188547 0.521254 0.832313
vn 0.248721 0.621434 0.742938
vn 0.256620 0.768931 0.585569
vn -0.255243 -0.000150 -0.966877
vn -0.533133 -0.002660 -0.846027
vn -0.944034 -0.000166 -0.329847
vn -0.863773 0.000465 -0.503881
vn -0.881093 -0.001782 -0.472939
vn -0.707105 -0.000181 -0.707109
vn -0.614495 0.000104 -0.788921
vn -0.973187 -0.000176 -0.230016
vn -0.865467 -0.072219 -0.495733
vn -0.499977 -0.118668 -0.857870
vn -0.490238 -0.249915 -0.834991
vn -0.499977 -0.372295 -0.781933
vn -0.500366 -0.501234 -0.705973
vn -0.497963 -0.615954 -0.610437
vn -0.499259 -0.711203 -0.494905
vn -0.500854 -0.784917 -0.364762
vn -0.509138 -0.826506 -0.240137
vn -0.497941 -0.859859 -0.112678
vn -0.514088 -0.857736 -0.001233
vn -0.858905 -0.150686 -0.489466
vn -0.865222 -0.219860 -0.450613
vn -0.864594 -0.294580 -0.407061
vn -0.865030 -0.359709 -0.349762
vn -0.865352 -0.414090 -0.282303
vn -0.864935 -0.457088 -0.207264
vn -0.870474 -0.473780 -0.133443
vn -0.865551 -0.497052 -0.061332
vn -0.893747 -0.448571 -0.000504
vn -0.428354 0.834429 0.346757
vn -0.927375 0.349462 0.133609
vn -0.743072 0.614451 0.265131
vn -0.384030 0.717358 0.581308
vn -0.695697 0.561994 0.447402
vn -0.912192 0.324346 0.250412
vn -0.930818 0.137221 -0.338744
vn -0.950097 0.081642 -0.301083
vn -0.747066 0.154702 -0.646498
vn -0.442931 0.201670 -0.873580
vn -0.401356 0.363353 -0.840767
vn -0.713867 0.268420 -0.646796
vn -0.917463 0.269020 -0.293071
vn -0.723749 0.484663 -0.491212
vn -0.921401 0.352478 -0.163642
vn -0.707388 0.652288 -0.272257
vn -0.417600 0.647616 -0.637342
vn -0.400450 0.838074 -0.370501
vn -0.307728 0.518303 0.797913
vn -0.647921 0.413870 0.639461
vn -0.926217 0.183714 0.329199
vn -0.901669 0.113525 0.417259
vn -0.653155 0.103315 0.750143
vn -0.694532 0.286423 0.659990
vn -0.619425 0.199370 0.759318
vn -0.323588 0.387084 0.863398
vn -0.287428 0.260889 0.921587
vn -0.248455 0.132273 0.959570
vn 0.519149 0.002748 0.854679
vn -0.135714 0.990748 0.000182
vn -0.135378 0.990793 0.001088
vn -0.007047 0.935020 0.354526
vn -0.134911 0.990857 0.001393
vn -0.014519 0.917321 0.397884
vn -0.056914 0.998378 0.001175
vn 0.127635 0.715487 0.686868
vn 0.104846 0.670632 0.734343
vn 0.214816 0.426752 0.878485
vn 0.197147 0.338574 0.920055
vn 0.325327 0.397604 0.857947
vn 0.406397 0.003753 0.913689
vn 0.305026 0.007601 0.952314
vn 0.444311 0.399645 0.801793
vn 0.268055 0.754437 0.599142
vn 0.107684 0.919735 0.377480
vn 0.210960 0.725454 0.655143
vn 0.045420 0.936214 0.348482
vn 0.227099 0.198911 0.953342
vn -0.133606 0.991034 -0.000490
vn 0.368854 0.929486 0.001303
vn 0.086000 0.996293 0.002214
vn 0.258889 0.892091 0.370339
vn 0.749171 0.662376 0.000574
vn 0.524656 0.851314 0.000554
vn 0.544299 0.808540 0.223611
vn 0.566862 0.337834 0.751356
vn 0.695378 0.314992 0.645933
vn 0.632415 0.484839 0.604138
vn 0.781712 0.394783 0.482777
vn 0.903556 0.377498 0.202686
vn 0.825196 0.476587 0.303178
vn 0.326015 0.211472 0.921409
vn 0.382641 0.407048 0.829396
vn 0.905318 0.424735 -0.000009
vn 0.776250 0.622245 0.101228
vn 0.918500 0.395403 0.003754
vn 0.789906 0.577092 0.207398
vn 0.881515 0.463215 0.091450
vn 0.920619 0.390347 0.009488
vn 0.922776 0.385178 0.011019
vn 0.333555 0.685351 0.647330
vn 0.582244 0.689705 0.430463
vn 0.417526 -0.908496 0.017540
vn 0.521492 -0.808736 0.272015
vn 0.413291 -0.910496 0.013673
vn 0.413554 -0.910321 0.016977
vn 0.597831 -0.603974 0.527080
vn 0.616883 -0.348783 0.705554
vn 0.412145 -0.910898 0.020047
vn 0.417491 -0.905843 0.071759
vn 0.466668 -0.827883 0.311177
vn 0.439372 -0.819495 0.367940
vn 0.478087 -0.644223 0.597000
vn 0.411311 -0.636157 0.652785
vn 0.436512 -0.352319 0.827846
vn 0.317960 -0.328261 0.889464
vn 0.446345 -0.002777 0.894857
vn 0.308430 -0.002961 0.951242
vn 0.193492 -0.006240 0.981082
vn 0.501116 -0.803586 0.321141
vn 0.541840 -0.597037 0.591571
vn 0.534350 -0.323158 0.781050
vn 0.555455 -0.003612 0.831539
vn 0.225129 0.002179 0.974326
vn 0.188739 -0.015878 0.981899
vn 0.315609 -0.358901 0.878397
vn 0.395292 -0.630532 0.667962
vn 0.426916 -0.835349 0.346316
vn 0.398503 -0.916989 0.018059
vn -0.263512 -0.374821 -0.888859
vn -0.167316 -0.420949 -0.891519
vn -0.096483 -0.538976 -0.836777
vn 0.393946 -0.918123 -0.043085
vn 0.399827 -0.916435 -0.016905
vn 0.254773 -0.904839 -0.341112
vn 0.309817 -0.895774 -0.318750
vn 0.404240 -0.914580 -0.011533
vn 0.404336 -0.914562 -0.009424
vn 0.077862 -0.760020 -0.645219
vn -0.024569 -0.493072 -0.869642
vn 0.034480 -0.601086 -0.798440
vn 0.185959 -0.788739 -0.585927
vn 0.394548 -0.917837 -0.043671
vn 0.383555 -0.923355 -0.017361
vn 0.404711 -0.914399 -0.009151
vn 0.351515 -0.912016 -0.211339
vn 0.255783 -0.857769 -0.445879
vn 0.312470 -0.924280 -0.219246
vn 0.142160 -0.824351 -0.547937
vn 0.164631 -0.816636 -0.553174
vn 0.076365 -0.697082 -0.712913
vn 0.107990 -0.708141 -0.697763
vn 0.028416 -0.585246 -0.810358
vn 0.014474 -0.537371 -0.843222
vn 0.087402 -0.636799 -0.766060
vn 0.191875 -0.939018 -0.285357
vn 0.045195 -0.802724 -0.594635
vn -0.098848 -0.596745 -0.796320
vn 0.274171 -0.961042 -0.035049
vn 0.268953 -0.961124 -0.062488
vn 0.242052 -0.950176 -0.196408
vn 0.180383 -0.888751 -0.421407
vn 0.098132 -0.767066 -0.634019
vn -0.001918 -0.567365 -0.823464
vn 0.011314 -0.416012 -0.909289
vn 0.090050 -0.626049 -0.774566
vn 0.169564 -0.807870 -0.564441
vn 0.232140 -0.917800 -0.322109
vn 0.258007 -0.950141 -0.175112
vn 0.006233 -0.456639 -0.889630
vn 0.080392 -0.642952 -0.761676
vn 0.153643 -0.802693 -0.576262
vn 0.222787 -0.920470 -0.321093
vn 0.240082 -0.944873 -0.222654
vn 0.004321 -0.899377 -0.437153
vn 0.001561 -0.766654 -0.642059
vn 0.002176 -0.625290 -0.780389
vn 0.001896 -0.997052 -0.076707
vn 0.001834 -0.985875 -0.167475
vn 0.003545 -0.951726 -0.306927
vn 0.238885 -0.950506 -0.198677
vn 0.212007 -0.918220 -0.334553
vn 0.240145 -0.959020 -0.150368
vn 0.285113 -0.958488 -0.003260
vn 0.189268 -0.942484 -0.275502
vn 0.074342 -0.748824 -0.658587
vn 0.146594 -0.862619 -0.484147
vn 0.211541 -0.932039 -0.294201
vn 0.090283 -0.861189 -0.500203
vn 0.161951 -0.965470 -0.204058
vn 0.248183 -0.966240 -0.069180
vn 0.233076 -0.970075 -0.068051
vn 0.145705 -0.978282 -0.147426
vn 0.224378 -0.973130 -0.051688
vn 0.164675 -0.982836 -0.083165
vn 0.280634 -0.959813 -0.002089
vn 0.152303 -0.987679 -0.035959
vn 0.274010 -0.961723 -0.002668
vn 0.256706 -0.966490 -0.000084
vn 0.121929 -0.992539 -0.000459
vn 0.166653 -0.986015 0.000767
vn 0.277038 -0.960859 0.000162
vn 0.000999 -0.982731 0.185036
vn 0.004983 -0.979541 0.201185
vn 0.002699 -0.991929 0.126768
vn 0.001857 -0.998143 0.060886
vn 0.002336 -0.652738 0.757580
vn 0.002620 -0.798720 0.601697
vn 0.001331 -0.894202 0.447661
vn 0.003650 -0.925019 0.379903
vn 0.088065 -0.875092 0.475876
vn 0.066748 -0.762391 0.643665
vn 0.147791 -0.878850 0.453631
vn 0.145273 -0.975547 0.164934
vn 0.266278 -0.963768 0.015692
vn 0.148330 -0.983655 0.102080
vn 0.281910 -0.959440 0.000935
vn 0.151327 -0.987251 0.049362
vn 0.181055 -0.958299 0.221094
vn 0.161150 -0.928818 0.333658
vn 0.215519 -0.953814 0.209262
vn 0.267418 -0.963356 0.020786
vn 0.187244 -0.970749 0.150287
vn 0.268448 -0.962873 0.028467
vn 0.273679 -0.961388 0.028859
vn 0.278182 -0.960342 0.018929
vn 0.086510 -0.934866 0.344299
vn 0.281669 -0.959455 0.010453
vn 0.218009 -0.943259 0.250470
vn 0.345306 -0.938461 -0.007432
vn 0.351891 -0.935633 0.027652
vn 0.309325 -0.950868 0.012938
vn 0.313982 -0.949338 -0.013126
vn 0.271725 0.370439 -0.888223
vn 0.340816 0.002120 -0.940128
vn 0.132728 0.750093 -0.647876
vn 0.064880 0.862480 -0.501915
vn -0.063547 0.979237 -0.192499
vn 0.150785 0.988567 -0.000381
vn 0.462811 0.886456 -0.001333
vn 0.749629 0.661858 -0.000233
vn 0.917044 0.398786 -0.000021
vn 0.033601 -0.815071 0.578386
vn -0.084986 -0.640143 0.763541
vn 0.047757 -0.789562 0.611810
vn 0.291424 -0.914625 0.280236
vn 0.278679 -0.917216 0.284698
vn 0.401604 -0.915730 0.012402
vn 0.311681 -0.928777 0.200569
vn 0.381722 -0.924270 0.003624
vn 0.311450 -0.939242 0.144305
vn 0.401117 -0.915894 0.015588
vn 0.399944 -0.916368 0.017732
vn 0.394750 -0.918108 0.035359
vn 0.115714 -0.805216 0.581582
vn -0.054621 -0.620374 0.782402
vn -0.251761 -0.277752 0.927076
vn -0.186658 -0.395592 0.899258
vn 0.175089 -0.879328 0.442862
vn 0.205907 -0.916086 0.344076
vn 0.124060 -0.884882 0.448990
vn 0.064053 -0.850722 0.521699
vn -0.152296 -0.513085 0.844719
vn -0.125281 -0.558783 0.819797
vn 0.026245 -0.739384 0.672772
vn 0.154719 -0.854021 0.496699
vn 0.282251 -0.959238 0.013996
vn 0.183435 -0.945829 0.267880
vn 0.240582 -0.947135 0.212262
vn 0.333741 -0.942660 0.003105
vn 0.413235 -0.909903 -0.036248
vn 0.344764 -0.009874 -0.938637
vn 0.444060 -0.317674 -0.837791
vn 0.493650 -0.620128 -0.609713
vn 0.479791 -0.803706 -0.351934
vn 0.308969 -0.951030 -0.008922
vn 0.357294 -0.933905 -0.012716
vn 0.346533 -0.016707 -0.937889
vn 0.341931 -0.003485 -0.939718
vn 0.424085 -0.308394 -0.851496
vn 0.432940 -0.834196 -0.341584
vn 0.459397 -0.608195 -0.647343
vn 0.388003 -0.870645 -0.302376
vn 0.431419 -0.678583 -0.594477
vn 0.418294 -0.374310 -0.827600
vn 0.344623 -0.012648 -0.938656
vn 0.342690 0.000891 -0.939448
vn 0.341677 0.000907 -0.939817
vn 0.341414 0.000722 -0.939913
vn 0.340969 0.000160 -0.940074
vn 0.340930 0.007001 -0.940063
vn 0.340446 0.002841 -0.940260
vn 0.339211 0.009303 -0.940664
vn 0.340703 0.005071 -0.940157
vn 0.340869 0.009605 -0.940062
vn 0.341628 0.006107 -0.939815
vn 0.341904 0.002431 -0.939732
vn 0.351259 0.018461 -0.936096
vn 0.347430 -0.016739 -0.937556
vn 0.851869 0.434478 -0.292487
vn 0.920957 0.389604 -0.006815
vn 0.923189 0.382788 -0.034592
vn 0.887213 0.453258 -0.086084
vn 0.807446 0.548235 -0.217876
vn 0.625742 0.655477 -0.422843
vn 0.492010 0.431647 -0.756047
vn 0.399084 0.700400 -0.591753
vn 0.696827 0.441465 -0.565279
vn 0.891898 0.332187 -0.306872
vn 0.508275 0.091840 -0.856284
vn 0.703799 0.202218 -0.681010
vn 0.793882 0.253813 -0.552567
vn 0.302403 0.934557 -0.187496
vn 0.918158 0.396211 -0.001774
vn 0.763977 0.634886 -0.115146
vn 0.586935 0.773568 -0.238954
vn 0.364319 0.827350 -0.427508
vn 0.313194 -0.949687 -0.002117
vn 0.288579 -0.957456 0.000075
vn 0.299564 -0.510565 0.805968
vn 0.270849 -0.334820 0.902517
vn 0.328879 -0.621576 0.710973
vn 0.189657 0.007127 0.981825
vn 0.185375 -0.011548 0.982600
vn 0.230848 -0.168617 0.958268
vn 0.268570 -0.331437 0.904445
vn 0.343864 -0.839477 0.420756
vn 0.325964 -0.726313 0.605158
vn 0.311079 -0.932217 0.184939
vn 0.317094 -0.917617 0.239647
vn 0.327227 -0.782429 0.529838
vn 0.343049 -0.919956 -0.189734
vn 0.404784 -0.772902 -0.488643
vn 0.422674 -0.595837 -0.682879
vn 0.424669 -0.501667 -0.753648
vn 0.395318 -0.245287 -0.885188
vn 0.922198 0.385928 0.024689
vn 0.829471 0.312732 0.462793
vn 0.586318 0.183959 0.788917
vn 0.188096 0.002884 0.982146
vn 0.183135 0.002030 0.983086
vn 0.185065 0.003518 0.982720
vn 0.186796 0.003754 0.982392
vn 0.184421 -0.005790 0.982830
vn 0.188315 -0.018604 0.981932
vn 0.189034 0.010665 0.981913
vn 0.186093 0.007487 0.982504
vn 0.186685 0.010223 0.982367
vn 0.183513 0.006575 0.982995
vn 0.181821 0.006920 0.983307
vn 0.181579 0.002833 0.983372
vn 0.181639 0.003531 0.983359
vn 0.183163 0.003383 0.983077
vn 0.545770 0.414942 -0.727982
vn 0.494242 0.310585 -0.811949
vn 0.573834 0.515475 -0.636396
vn 0.574039 0.561683 -0.595812
vn 0.598082 0.637650 -0.485490
vn 0.588728 0.731901 -0.343104
vn 0.589978 0.777614 -0.217351
vn 0.516068 0.856256 -0.022343
vn 0.551373 0.834220 -0.008041
vn 0.435734 0.169135 -0.884041
vn 0.483280 0.256540 -0.837035
vn 0.234294 0.427194 -0.873277
vn 0.368936 0.929357 0.013466
vn 0.474155 0.818953 -0.323254
vn 0.436802 0.350083 -0.828641
vn 0.366824 0.359502 -0.858020
vn 0.357761 0.662183 -0.658423
vn 0.104212 0.994194 -0.026783
vn 0.329018 0.867301 -0.373545
vn 0.470788 0.645638 -0.601258
vn 0.156971 0.893568 -0.420590
vn 0.257186 0.638946 -0.724985
vn 0.314720 0.366473 -0.875585
vn -0.003786 0.999727 -0.023066
vn -0.167953 0.982788 -0.076933
vn -0.032735 0.918693 -0.393613
vn 0.098624 0.738892 -0.666567
vn -0.145949 0.986683 -0.071798
vn -0.099164 0.967543 -0.232436
vn 0.025879 0.851796 -0.523234
vn 0.153016 0.653507 -0.741293
vn 0.271598 0.315746 -0.909142
vn 0.457532 0.292821 -0.839596
vn 0.543785 0.204820 -0.813847
vn 0.590044 0.135923 -0.795848
vn 0.757976 0.257714 -0.599212
vn 0.887499 0.349610 -0.300199
vn 0.756925 0.579617 -0.301841
vn 0.655239 0.450444 -0.606434
vn 0.535690 0.760182 -0.367640
vn 0.526970 0.562779 -0.636853
vn 0.047851 0.991340 -0.122289
vn 0.256141 0.886649 -0.385026
vn 0.347694 0.363644 -0.864218
vn 0.369199 0.641257 -0.672667
vn 0.248662 0.966935 -0.056605
vn 0.068778 0.995305 -0.068100
vn -0.054439 0.987636 -0.147010
vn 0.469673 0.879896 -0.072039
vn 0.618263 0.784981 -0.039447
vn 0.817477 0.574678 -0.038431
vn 0.914945 0.403301 -0.014968
vn 0.294742 -0.941937 -0.160876
vn 0.285825 -0.327884 0.900442
vn 0.378551 -0.852293 0.360965
vn 0.362956 -0.658944 0.658829
vn 0.763690 0.288871 -0.577349
vn 0.385671 0.026192 -0.922265
vn 0.310911 0.335533 -0.889242
vn 0.262137 0.677405 -0.687318
vn -0.054393 0.998519 0.000570
vn 0.909495 0.415297 0.018622
vn 0.812803 0.343380 0.470575
vn 0.141598 0.769448 0.622816
vn -0.037331 0.947569 0.317363
vn 0.092124 0.904388 -0.416647
vn -0.108404 0.994107 -0.000788
vn 0.199988 0.016944 0.979652
vn 0.138067 0.454310 0.880079
vn 0.551620 0.833949 0.015608
vn 0.564540 0.788262 0.244821
vn 0.645768 0.712936 0.273323
vn 0.812771 0.563217 0.148966
vn 0.571933 0.820204 0.012568
vn 0.564476 0.825203 0.020188
vn 0.560985 0.827826 0.000040
vn 0.818820 0.574049 0.000703
vn 0.980203 0.197993 0.001071
vn 0.644657 0.568873 0.510686
vn 0.485705 -0.475077 0.733752
vn 0.826527 0.128642 0.548001
vn 0.715078 0.238089 0.657249
vn 0.767139 -0.017859 0.641233
vn 0.649144 0.043730 0.759407
vn 0.632315 -0.268569 0.726669
vn 0.554031 -0.165565 0.815866
vn 0.455738 -0.301846 0.837372
vn 0.379710 -0.167762 0.909767
vn 0.484695 -0.054156 0.873005
vn 0.414527 0.135264 0.899928
vn 0.561536 0.183062 0.806948
vn 0.538750 0.399158 0.741904
vn 0.663720 0.362188 0.654443
vn 0.796510 0.377930 0.471954
vn 0.508942 -0.836067 0.204867
vn 0.745228 0.613866 0.260392
vn 0.917291 0.276618 0.286459
vn 0.974132 -0.062542 0.217151
vn 0.983031 -0.183439 0.000739
vn 0.893735 -0.386729 0.227328
vn 0.885494 -0.464650 0.000813
vn 0.751568 -0.628381 0.200705
vn 0.713251 -0.700908 0.000247
vn 0.491721 -0.870752 0.000264
vn 0.887773 0.045151 0.458062
vn 0.795189 -0.184412 0.577639
vn 0.853800 -0.307241 0.420273
vn 0.673915 -0.437841 0.595092
vn 0.717427 -0.549740 0.427884
vn 0.510239 -0.638835 0.575801
vn 0.544277 -0.737136 0.400492
vn 0.540013 0.672454 0.506153
vn 0.505518 0.587429 0.631964
vn 0.443326 0.450841 0.774729
vn 0.305300 0.202324 0.930514
vn 0.587008 0.809581 -0.000016
vn 0.895515 0.445030 -0.000882
vn 0.980268 0.197667 -0.001306
vn 0.993838 -0.110840 -0.001029
vn 0.885729 -0.464203 -0.000423
vn 0.676510 -0.736433 -0.000679
vn 0.529455 -0.188926 -0.827034
vn 0.502781 -0.848116 -0.167065
vn 0.942896 0.238186 -0.232840
vn 0.787660 0.595749 -0.157081
vn 0.735290 0.634839 -0.237337
vn 0.648511 0.750545 -0.126947
vn 0.563754 0.825908 -0.007640
vn 0.566012 0.824357 -0.008159
vn 0.564945 -0.635025 -0.526858
vn 0.575925 -0.422649 -0.699770
vn 0.759258 -0.360684 -0.541696
vn 0.655779 -0.242322 -0.715007
vn 0.797218 -0.076853 -0.598779
vn 0.984419 -0.065832 -0.163050
vn 0.915850 -0.034999 -0.399992
vn 0.898493 -0.397840 -0.185561
vn 0.861606 -0.280566 -0.422987
vn 0.764191 -0.602349 -0.230624
vn 0.740969 -0.539736 -0.399561
vn 0.592289 -0.718785 -0.364063
vn 0.821653 0.392716 -0.413110
vn 0.834254 0.165055 -0.526096
vn 0.608337 -0.010419 -0.793610
vn 0.674696 0.166412 -0.719091
vn 0.703217 0.360043 -0.613071
vn 0.705872 0.533080 -0.466445
vn 0.648660 0.729227 -0.217875
vn 0.889667 0.381138 0.251449
vn 0.803432 0.324232 0.499371
vn 0.707212 0.265535 0.655242
vn 0.436977 0.124071 0.890874
vn 0.358367 0.311620 0.880038
vn -0.002827 0.999927 0.011753
vn -0.175738 0.981799 0.072026
vn 0.039273 0.932212 0.359777
vn -0.083102 0.880606 0.466505
vn 0.165102 0.403309 0.900046
vn 0.247839 0.362349 0.898487
vn 0.261378 0.671658 0.693222
vn 0.199580 0.978873 0.044440
vn 0.211542 0.899433 0.382452
vn 0.116257 0.740762 0.661631
vn 0.016938 0.645906 0.763229
vn 0.390253 0.833549 0.391022
vn 0.369052 0.596355 0.712854
vn 0.303159 0.335567 0.891902
vn 0.378208 0.925713 -0.003862
vn 0.113674 0.315037 0.942247
vn 0.545250 0.837871 0.025959
vn 0.543693 0.739088 0.397678
vn 0.477102 0.556316 0.680358
vn 0.429957 0.257072 0.865477
vn 0.210044 0.327859 0.921081
vn 0.305617 0.295293 0.905207
vn -0.010960 0.739184 0.673414
vn -0.112992 0.929510 0.351062
vn 0.169974 0.915452 0.364770
vn -0.188894 0.980882 0.046792
vn 0.003582 0.998325 0.057737
vn 0.123904 0.990470 0.060142
vn 0.312361 0.949048 0.041703
vn 0.493676 0.794566 0.353480
vn 0.086548 0.434643 0.896435
vn 0.223764 0.629451 0.744124
vn 0.430029 0.596647 0.677560
vn 0.632249 0.475202 0.611919
vn 0.477925 0.876648 0.055465
vn 0.612384 0.790374 0.017150
vn 0.731564 0.625308 0.271671
vn 0.818076 0.574433 0.027906
vn 0.402740 0.119207 -0.907519
vn 0.354261 0.017325 -0.934986
vn 0.484948 -0.275094 -0.830150
vn 0.419566 -0.787416 -0.451598
vn 0.484056 -0.875029 -0.003780
vn 0.222330 0.073619 0.972188
vn 0.211439 0.034622 0.976778
vn 0.354590 -0.480422 0.802160
vn 0.384511 -0.792501 0.473386
vn 0.402712 -0.878244 0.257897
vn 0.406481 -0.913658 0.001254
vn 0.374186 0.165721 -0.912426
vn 0.331848 0.071722 -0.940602
vn 0.223958 0.462147 -0.858058
vn 0.269655 0.947100 -0.174036
vn 0.666282 0.630032 -0.398909
vn 0.349655 0.045570 -0.935769
vn 0.344664 -0.010622 -0.938666
vn 0.340903 0.001473 -0.940097
vn 0.340249 0.005516 -0.940319
vn 0.340962 0.002606 -0.940073
vn -0.131916 0.991260 -0.001179
vn -0.016376 0.950873 -0.309148
vn 0.126901 0.762794 -0.634068
vn 0.249791 0.451030 -0.856841
vn -0.134941 0.990853 0.000817
vn 0.181916 0.002740 0.983310
vn 0.130324 0.321826 0.937786
vn 0.049508 0.660889 0.748849
vn -0.039386 0.896643 0.441000
vn 0.189514 -0.015981 0.981748
vn 0.183815 0.002697 0.982957
vn 0.182162 0.006340 0.983248
vn 0.646597 0.742730 0.173967
vn 0.304331 0.848998 0.431955
vn 0.127360 0.289311 0.948725
vn 0.163400 0.106034 0.980845
vn 0.210579 0.166756 0.963249
vn 0.181866 0.003339 0.983318
vn 0.286546 -0.957950 0.014906
vn 0.330349 -0.803278 0.495595
vn 0.324085 -0.665387 0.672480
vn 0.275048 -0.366926 0.888658
vn 0.247748 -0.241594 0.938218
vn 0.285393 -0.958408 -0.002072
vn 0.360849 -0.932111 -0.030933
vn 0.286589 -0.958054 -0.000028
vn 0.276375 -0.961048 0.001844
vn 0.287949 -0.957646 0.000029
vn 0.275483 -0.961305 0.001417
vn 0.280581 -0.959830 -0.000686
vn 0.232498 -0.971770 0.040088
vn 0.282235 -0.959201 -0.016629
vn 0.282820 -0.959172 -0.001445
vn 0.274774 -0.961504 -0.003088
vn 0.276016 -0.961153 0.000439
vn 0.288434 -0.957406 -0.013373
vn 0.276740 -0.960920 0.006943
vn 0.274446 -0.961480 0.015320
vn 0.288122 -0.957580 0.005060
vn 0.290911 -0.956732 0.005813
vn 0.286347 -0.958125 0.001317
vn 0.285939 -0.958237 0.004493
vn 0.279091 -0.960264 -0.001451
vn 0.277884 -0.960587 -0.007241
vn 0.282567 -0.959247 -0.000520
vn 0.277322 -0.960768 -0.004231
vn 0.292893 -0.956144 -0.001657
vn 0.299057 -0.954229 -0.003456
vn 0.289408 -0.957195 -0.004511
vn 0.287530 -0.957741 -0.007672
vn 0.277060 -0.960633 0.020561
vn 0.278593 -0.960271 0.016291
vn 0.285992 -0.958201 0.007730
vn 0.291384 -0.956602 0.002850
vn 0.298066 -0.954537 0.004012
vn 0.284510 -0.958673 -0.000113
vn 0.284101 -0.958794 0.000453
vn 0.284176 -0.958772 0.000097
vn 0.296304 -0.955094 -0.000068
vn 0.285568 -0.958220 -0.016277
vn 0.282498 -0.959227 -0.008865
vn 0.277192 -0.960063 -0.037987
vn 0.270922 -0.962025 0.033296
vn 0.281670 -0.959181 0.025165
vn 0.303663 -0.950788 -0.061568
vn 0.284738 -0.958596 0.004300
vn 0.285416 -0.958394 -0.004234
vn 0.285569 -0.958316 0.009002
vn 0.285874 -0.958263 -0.002761
vn 0.290742 -0.956794 -0.003928
vn 0.394285 -0.232706 -0.889037
vn 0.425023 -0.582730 -0.692663
vn 0.422902 -0.645588 -0.635901
vn 0.379032 -0.861035 -0.339047
vn 0.687878 0.040297 -0.724707
vn 0.605384 -0.017700 -0.795736
vn 0.938943 0.046126 -0.340966
vn 0.999712 0.022503 -0.008369
vn 0.998755 -0.045786 -0.019780
vn 0.981151 0.006416 -0.193136
vn 0.854795 0.012764 -0.518808
vn 0.798131 -0.013271 -0.602338
vn -0.002810 0.999994 -0.002257
vn 0.013383 0.999261 -0.036026
vn 0.111993 0.947502 -0.299495
vn 0.145026 0.897942 -0.415532
vn 0.227858 0.761906 -0.606283
vn 0.246250 0.679400 -0.691214
vn 0.312012 0.438386 -0.842891
vn 0.320795 0.327346 -0.888783
vn 0.292598 0.386701 -0.874556
vn 0.196410 0.713763 -0.672284
vn 0.070163 0.927864 -0.366259
vn -0.057071 0.998369 -0.001264
vn -0.079503 0.996834 0.001492
vn -0.009804 0.999950 0.002028
vn 0.141660 0.385661 0.911700
vn 0.163939 0.397031 0.903045
vn 0.074961 0.722471 0.687325
vn 0.123630 0.715325 0.687769
vn 0.003691 0.926997 0.375051
vn 0.055126 0.944519 0.323799
vn 0.000927 0.999988 0.004707
vn 0.104562 0.849586 0.516982
vn 0.172855 0.448400 0.876960
vn 0.999852 -0.015860 0.006715
vn 0.997334 0.067890 0.026742
vn 0.976488 -0.004830 0.215516
vn 0.874591 0.069821 0.479808
vn 0.870706 -0.045366 0.489708
vn 0.764731 0.006638 0.644316
vn 0.603226 0.063066 0.795073
vn 0.649496 -0.029832 0.759779
vn 0.392201 0.001936 0.919878
vn 0.535641 -0.309995 0.785488
vn 0.508601 -0.837693 0.198984
vn 0.443460 -0.827690 0.343908
vn 0.532790 -0.601899 0.594856
vn 0.677186 -0.615750 0.402829
vn 0.751484 -0.362399 0.551306
vn 0.877955 -0.381926 0.288665
vn 0.527895 -0.844518 0.090093
vn 0.744141 -0.634752 0.208195
vn 0.949660 -0.313180 0.008050
vn 0.786654 -0.617320 0.009571
vn 0.576448 -0.817110 0.006187
vn 0.559140 -0.820644 0.117928
vn 0.651991 -0.745808 0.136671
vn 0.795568 -0.564424 0.220223
vn 0.816186 -0.538281 0.209986
vn 0.265325 -0.908329 0.323327
vn 0.115987 -0.901218 0.417556
vn -0.007340 -0.763878 0.645319
vn 0.386407 -0.889555 0.243682
vn 0.480833 -0.855791 0.190846
vn 0.683216 -0.637847 0.355481
vn 0.184844 -0.770178 0.610458
vn 0.332518 -0.774137 0.538650
vn 0.451788 -0.741203 0.496492
vn 0.552308 -0.694388 0.461282
vn 0.167119 -0.938266 0.302866
vn 0.014239 -0.794275 0.607391
vn -0.041636 -0.999115 -0.005962
vn -0.141566 -0.980384 -0.137133
vn -0.391190 -0.896073 -0.209818
vn 0.039994 -0.992434 0.116084
vn 0.090522 -0.971425 0.219405
vn -0.111772 -0.873017 0.474709
vn -0.360601 -0.931848 -0.040334
vn -0.281266 -0.955292 0.091139
vn -0.237039 -0.945759 0.222152
vn -0.208124 -0.919552 0.333329
vn -0.022312 -0.992703 -0.118504
vn -0.359230 -0.906702 -0.221010
vn 0.273081 -0.905614 -0.324485
vn 0.393682 -0.818570 -0.418280
vn 0.422168 -0.636837 -0.645146
vn 0.160810 -0.956326 -0.244090
vn 0.062547 -0.979826 -0.189815
vn -0.227728 -0.907083 -0.354034
vn 0.267609 -0.744694 -0.611405
vn 0.144163 -0.829672 -0.539315
vn 0.027870 -0.866244 -0.498844
vn -0.091568 -0.884934 -0.456626
vn 0.420620 -0.674054 -0.607232
vn 0.371020 -0.877584 -0.303629
vn 0.578668 -0.815551 0.004513
vn 0.507813 -0.853560 -0.116453
vn 0.454254 -0.863819 -0.217878
vn 0.569314 -0.671241 -0.474676
vn 0.810523 -0.584216 0.041775
vn 0.755572 -0.648228 -0.094402
vn 0.715518 -0.662774 -0.220825
vn 0.675380 -0.657768 -0.333472
vn 0.578474 -0.814545 -0.043410
vn 0.666334 -0.741099 -0.082283
vn 0.826230 -0.554277 -0.100598
vn 0.837641 -0.532036 -0.123674
vn 0.815940 -0.576098 0.048508
vn 0.329404 -0.837715 0.435577
vn 0.413166 -0.866842 0.279067
vn 0.498420 -0.850607 0.167467
vn 0.526970 -0.848649 0.045788
vn 0.747542 -0.648885 0.141881
vn 0.625310 -0.672500 0.395894
vn 0.693824 -0.661475 0.284710
vn 0.523515 -0.704427 0.479285
vn 0.444295 -0.698476 0.561011
vn 0.322006 -0.665958 0.672913
vn 0.324666 -0.702240 0.633601
vn 0.321987 -0.892430 0.316058
vn -0.004315 -0.988198 0.153123
vn -0.155027 -0.984437 0.082772
vn -0.412334 -0.902435 0.124869
vn 0.123294 -0.967642 0.220153
vn 0.215968 -0.934255 0.283770
vn 0.153951 -0.794716 0.587133
vn -0.305830 -0.915312 0.262053
vn -0.170459 -0.922650 0.345920
vn -0.072622 -0.896819 0.436397
vn 0.007482 -0.856076 0.516796
vn -0.040075 -0.998188 0.044888
vn -0.389693 -0.915313 0.101694
vn 0.121627 -0.950780 -0.284999
vn 0.180125 -0.882062 -0.435340
vn 0.092295 -0.733960 -0.672892
vn 0.061167 -0.985763 -0.156618
vn -0.000272 -0.998331 -0.057754
vn -0.333795 -0.939349 -0.078765
vn -0.027081 -0.832861 -0.552820
vn -0.096772 -0.900927 -0.423044
vn -0.180784 -0.928803 -0.323486
vn -0.263651 -0.936461 -0.231364
vn 0.216179 -0.923962 -0.315533
vn 0.109931 -0.765288 -0.634231
vn 0.542252 -0.825993 -0.153946
vn 0.421928 -0.879195 -0.221345
vn 0.327914 -0.901254 -0.283219
vn 0.302655 -0.750260 -0.587801
vn 0.754376 -0.601517 -0.262859
vn 0.642902 -0.682089 -0.348472
vn 0.551914 -0.711353 -0.435165
vn 0.460849 -0.721265 -0.517103
vn 0.568242 -0.822859 -0.002041
vn 0.947263 -0.320269 -0.010944
vn 0.819937 -0.572422 -0.006038
vn 0.796208 -0.567119 -0.210784
vn 0.921321 -0.290855 -0.258012
vn 0.657414 -0.340140 -0.672392
vn 0.809742 -0.356201 -0.466302
vn 0.697674 -0.608581 -0.377995
vn 0.587830 -0.800899 -0.114088
vn 0.499366 -0.844312 -0.194350
vn 0.439998 -0.858634 -0.262962
vn 0.570287 -0.643336 -0.510775
vn 0.059295 0.995633 -0.072098
vn 0.325405 0.882335 -0.339995
vn 0.581322 0.508062 -0.635561
vn 0.155783 0.984275 -0.083269
vn 0.461091 0.858102 -0.225955
vn 0.791582 0.490282 -0.364721
vn 0.005968 0.999982 -0.000078
vn 0.574956 0.818144 -0.008115
vn 0.907727 0.419346 -0.013400
vn 0.003106 0.999995 0.000049
vn 0.002297 0.999994 0.002512
vn 0.003213 0.999994 0.001307
vn 0.419806 0.907586 0.007156
vn 0.455382 0.865471 0.208774
vn 0.818489 0.574328 0.014925
vn 0.776576 0.499829 0.383537
vn 0.330667 0.858376 0.392236
vn 0.543236 0.490120 0.681672
vn 0.806333 -0.542171 0.236383
vn 0.291282 -0.956636 0.001766
vn 0.675596 -0.630602 0.381983
vn 0.268236 -0.756279 0.596735
vn 0.489073 -0.752241 0.441521
vn 0.106803 -0.892774 0.437661
vn 0.083986 -0.873331 0.479832
vn -0.139670 -0.871924 0.469298
vn -0.346400 -0.937287 0.038722
vn -0.179822 -0.950336 0.254020
vn 0.262215 -0.964996 -0.005063
vn 0.207496 -0.977719 -0.031799
vn -0.224213 -0.896360 -0.382450
vn 0.189192 -0.779175 -0.597572
vn -0.001342 -0.897665 -0.440676
vn 0.394020 -0.816189 -0.422591
vn 0.419357 -0.688584 -0.591602
vn 0.562999 -0.714556 -0.415260
vn 0.800263 -0.598192 -0.041773
vn 0.697414 -0.660172 -0.278901
vn 0.843365 -0.527021 -0.104803
vn 0.628633 -0.770706 -0.104078
vn 0.776610 -0.625812 0.072367
vn 0.514978 -0.673990 0.529655
vn 0.678363 -0.667999 0.305943
vn 0.317570 -0.914980 0.248919
vn 0.329226 -0.800823 0.500293
vn 0.151567 -0.836463 0.526647
vn -0.252406 -0.910290 0.328123
vn -0.035625 -0.877290 0.478637
vn -0.102692 -0.989090 0.105614
vn -0.415194 -0.904686 0.095696
vn -0.343393 -0.932953 -0.108068
vn -0.088306 -0.862620 -0.498085
vn -0.178338 -0.949777 -0.257136
vn 0.231964 -0.940477 -0.248387
vn 0.160120 -0.850983 -0.500190
vn 0.328072 -0.733590 -0.595160
vn 0.707693 -0.625914 -0.327723
vn 0.491498 -0.751476 -0.440130
# 2827 vertices, 0 vertices normals

f 1//1 2//2 3//3
f 3//3 2//2 4//4
f 4//4 2//2 5//5
f 5//5 2//2 6//6
f 5//5 6//6 7//7
f 7//7 6//6 8//8
f 8//8 6//6 9//9
f 8//8 9//9 10//10
f 11//11 10//10 12//12
f 12//12 10//10 9//9
f 12//12 9//9 13//13
f 13//13 9//9 14//14
f 15//15 16//16 17//17
f 17//17 16//16 18//18
f 17//17 18//18 19//19
f 19//19 18//18 20//20
f 19//19 20//20 21//21
f 21//21 20//20 22//22
f 22//22 20//20 23//23
f 22//22 23//23 24//24
f 24//24 23//23 25//25
f 24//24 25//25 26//26
f 27//27 25//25 28//28
f 28//28 25//25 23//23
f 28//28 23//23 29//29
f 29//29 23//23 20//20
f 29//29 20//20 30//30
f 30//30 20//20 18//18
f 30//30 18//18 31//31
f 31//31 18//18 16//16
f 1//1 27//27 2//2
f 2//2 27//27 28//28
f 2//2 28//28 6//6
f 6//6 28//28 29//29
f 6//6 29//29 9//9
f 9//9 29//29 30//30
f 9//9 30//30 14//14
f 14//14 30//30 31//31
f 32//32 33//33 34//34
f 35//35 36//36 37//37
f 38//38 39//39 40//40
f 41//41 42//42 43//43
f 43//43 42//42 44//44
f 43//43 44//44 45//45
f 45//45 44//44 46//46
f 45//45 46//46 47//47
f 38//38 42//42 48//48
f 48//48 42//42 41//41
f 48//48 41//41 49//49
f 38//38 40//40 42//42
f 42//42 40//40 50//50
f 42//42 50//50 44//44
f 44//44 50//50 51//51
f 44//44 51//51 46//46
f 46//46 51//51 52//52
f 46//46 52//52 47//47
f 35//35 37//37 39//39
f 39//39 37//37 40//40
f 40//40 37//37 53//53
f 40//40 53//53 50//50
f 50//50 53//53 32//32
f 50//50 32//32 51//51
f 51//51 32//32 34//34
f 51//51 34//34 52//52
f 54//54 33//33 55//55
f 55//55 33//33 32//32
f 55//55 32//32 56//56
f 56//56 32//32 53//53
f 56//56 53//53 57//57
f 57//57 53//53 37//37
f 57//57 37//37 58//58
f 58//58 37//37 36//36
f 49//49 11//11 48//48
f 48//48 11//11 12//12
f 48//48 12//12 38//38
f 38//38 12//12 13//13
f 38//38 13//13 39//39
f 39//39 13//13 14//14
f 39//39 14//14 35//35
f 35//35 14//14 31//31
f 35//35 31//31 36//36
f 36//36 31//31 16//16
f 36//36 16//16 58//58
f 58//58 16//16 15//15
f 59//59 60//60 61//61
f 61//61 60//60 62//62
f 62//62 60//60 63//63
f 63//63 60//60 64//64
f 63//63 64//64 65//65
f 65//65 64//64 66//66
f 66//66 64//64 67//67
f 66//66 67//67 68//68
f 68//68 67//67 69//69
f 68//68 69//69 70//70
f 71//71 72//72 73//73
f 73//73 72//72 74//74
f 73//73 74//74 75//75
f 75//75 74//74 76//76
f 75//75 76//76 77//77
f 77//77 76//76 78//78
f 78//78 76//76 79//79
f 78//78 79//79 80//80
f 80//80 79//79 81//81
f 80//80 81//81 82//82
f 59//59 81//81 60//60
f 60//60 81//81 79//79
f 60//60 79//79 64//64
f 64//64 79//79 76//76
f 64//64 76//76 67//67
f 67//67 76//76 74//74
f 67//67 74//74 69//69
f 69//69 74//74 72//72
f 83//83 84//84 85//85
f 86//86 87//87 88//88
f 89//89 90//90 91//91
f 91//91 90//90 92//92
f 91//91 92//92 93//93
f 93//93 92//92 94//94
f 93//93 94//94 95//95
f 96//96 90//90 97//97
f 97//97 90//90 89//89
f 97//97 89//89 98//98
f 96//96 99//99 90//90
f 90//90 99//99 100//100
f 90//90 100//100 92//92
f 92//92 100//100 101//101
f 92//92 101//101 94//94
f 94//94 101//101 102//102
f 94//94 102//102 95//95
f 86//86 88//88 96//96
f 96//96 88//88 99//99
f 99//99 88//88 103//103
f 99//99 103//103 100//100
f 100//100 103//103 83//83
f 100//100 83//83 101//101
f 101//101 83//83 85//85
f 101//101 85//85 102//102
f 104//104 84//84 105//105
f 105//105 84//84 83//83
f 105//105 83//83 106//106
f 106//106 83//83 103//103
f 106//106 103//103 107//107
f 107//107 103//103 88//88
f 107//107 88//88 108//108
f 108//108 88//88 87//87
f 71//71 108//108 87//87
f 71//71 87//87 72//72
f 98//98 70//70 97//97
f 97//97 70//70 69//69
f 97//97 69//69 96//96
f 96//96 69//69 72//72
f 96//96 72//72 86//86
f 86//86 72//72 87//87
f 70//70 98//98 15//15
f 15//15 98//98 58//58
f 26//26 61//61 24//24
f 24//24 61//61 62//62
f 24//24 62//62 22//22
f 22//22 62//62 63//63
f 22//22 63//63 21//21
f 21//21 63//63 65//65
f 21//21 65//65 19//19
f 19//19 65//65 66//66
f 19//19 66//66 17//17
f 17//17 66//66 68//68
f 17//17 68//68 15//15
f 15//15 68//68 70//70
f 95//95 54//54 93//93
f 93//93 54//54 55//55
f 93//93 55//55 91//91
f 91//91 55//55 56//56
f 91//91 56//56 89//89
f 89//89 56//56 57//57
f 89//89 57//57 98//98
f 98//98 57//57 58//58
f 109//109 110//110 3//3
f 3//3 110//110 82//82
f 26//26 25//25 27//27
f 81//81 59//59 82//82
f 82//82 59//59 61//61
f 82//82 61//61 3//3
f 3//3 61//61 26//26
f 3//3 26//26 1//1
f 1//1 26//26 27//27
f 54//54 95//95 104//104
f 102//102 85//85 95//95
f 95//95 85//85 84//84
f 95//95 84//84 104//104
f 34//34 33//33 52//52
f 52//52 33//33 54//54
f 52//52 54//54 47//47
f 47//47 54//54 104//104
f 47//47 104//104 111//111
f 111//111 104//104 112//112
f 113//113 114//114 115//115
f 113//113 115//115 116//116
f 116//116 115//115 117//117
f 116//116 117//117 118//118
f 118//118 117//117 119//119
f 118//118 119//119 120//120
f 120//120 119//119 121//121
f 120//120 121//121 122//122
f 122//122 123//123 120//120
f 120//120 123//123 124//124
f 120//120 124//124 118//118
f 118//118 124//124 125//125
f 118//118 125//125 116//116
f 116//116 125//125 126//126
f 116//116 126//126 113//113
f 127//127 128//128 126//126
f 126//126 128//128 129//129
f 126//126 129//129 113//113
f 130//130 131//131 132//132
f 132//132 131//131 133//133
f 132//132 133//133 134//134
f 134//134 133//133 135//135
f 134//134 135//135 136//136
f 136//136 135//135 137//137
f 138//138 137//137 139//139
f 139//139 137//137 135//135
f 139//139 135//135 140//140
f 140//140 135//135 133//133
f 140//140 133//133 141//141
f 141//141 133//133 131//131
f 123//123 130//130 124//124
f 124//124 130//130 132//132
f 124//124 132//132 125//125
f 125//125 132//132 134//134
f 125//125 134//134 126//126
f 126//126 134//134 136//136
f 126//126 136//136 127//127
f 127//127 136//136 137//137
f 127//127 137//137 142//142
f 142//142 137//137 138//138
f 142//142 138//138 143//143
f 41//41 43//43 144//144
f 145//145 49//49 146//146
f 146//146 49//49 41//41
f 146//146 41//41 147//147
f 147//147 41//41 144//144
f 47//47 111//111 45//45
f 45//45 111//111 148//148
f 45//45 148//148 43//43
f 43//43 148//148 149//149
f 43//43 149//149 144//144
f 11//11 150//150 10//10
f 10//10 150//150 151//151
f 10//10 151//151 8//8
f 8//8 151//151 7//7
f 7//7 151//151 152//152
f 7//7 152//152 5//5
f 5//5 152//152 153//153
f 5//5 153//153 4//4
f 4//4 153//153 109//109
f 4//4 109//109 3//3
f 154//154 109//109 155//155
f 155//155 109//109 153//153
f 155//155 153//153 156//156
f 156//156 153//153 152//152
f 156//156 152//152 157//157
f 157//157 152//152 151//151
f 157//157 151//151 158//158
f 158//158 151//151 150//150
f 159//159 154//154 160//160
f 160//160 154//154 155//155
f 160//160 155//155 161//161
f 161//161 155//155 156//156
f 161//161 156//156 162//162
f 162//162 156//156 157//157
f 162//162 157//157 163//163
f 163//163 157//157 158//158
f 164//164 165//165 166//166
f 164//164 166//166 114//114
f 167//167 121//121 168//168
f 168//168 121//121 119//119
f 168//168 119//119 169//169
f 169//169 119//119 117//117
f 169//169 117//117 166//166
f 166//166 117//117 115//115
f 166//166 115//115 114//114
f 170//170 167//167 171//171
f 171//171 167//167 168//168
f 171//171 168//168 172//172
f 172//172 168//168 169//169
f 172//172 169//169 173//173
f 173//173 169//169 166//166
f 173//173 166//166 174//174
f 174//174 166//166 165//165
f 175//175 170//170 176//176
f 176//176 170//170 171//171
f 176//176 171//171 177//177
f 177//177 171//171 172//172
f 177//177 172//172 178//178
f 178//178 172//172 173//173
f 178//178 173//173 179//179
f 179//179 173//173 174//174
f 179//179 180//180 178//178
f 178//178 180//180 181//181
f 178//178 181//181 182//182
f 183//183 175//175 184//184
f 184//184 175//175 176//176
f 184//184 176//176 185//185
f 185//185 176//176 177//177
f 185//185 177//177 186//186
f 186//186 177//177 178//178
f 186//186 178//178 187//187
f 187//187 178//178 182//182
f 188//188 189//189 163//163
f 163//163 189//189 162//162
f 190//190 159//159 191//191
f 191//191 159//159 160//160
f 191//191 160//160 192//192
f 192//192 160//160 161//161
f 189//189 193//193 162//162
f 162//162 193//193 194//194
f 162//162 194//194 161//161
f 161//161 194//194 195//195
f 161//161 195//195 192//192
f 154//154 159//159 196//196
f 196//196 197//197 154//154
f 154//154 197//197 110//110
f 154//154 110//110 109//109
f 196//196 198//198 199//199
f 199//199 198//198 200//200
f 201//201 202//202 203//203
f 200//200 204//204 199//199
f 199//199 204//204 205//205
f 199//199 205//205 206//206
f 206//206 205//205 201//201
f 206//206 201//201 207//207
f 207//207 201//201 203//203
f 197//197 196//196 208//208
f 208//208 196//196 199//199
f 208//208 199//199 209//209
f 209//209 199//199 206//206
f 209//209 206//206 210//210
f 210//210 206//206 207//207
f 210//210 207//207 211//211
f 211//211 207//207 203//203
f 110//110 197//197 212//212
f 212//212 197//197 208//208
f 212//212 208//208 213//213
f 213//213 208//208 209//209
f 213//213 209//209 214//214
f 214//214 209//209 210//210
f 214//214 210//210 215//215
f 215//215 210//210 211//211
f 215//215 71//71 73//73
f 215//215 73//73 214//214
f 214//214 73//73 75//75
f 214//214 75//75 213//213
f 213//213 75//75 77//77
f 213//213 77//77 212//212
f 82//82 110//110 80//80
f 80//80 110//110 212//212
f 80//80 212//212 78//78
f 78//78 212//212 77//77
f 108//108 216//216 217//217
f 112//112 104//104 218//218
f 218//218 104//104 105//105
f 218//218 105//105 219//219
f 219//219 105//105 220//220
f 220//220 105//105 106//106
f 220//220 106//106 221//221
f 108//108 217//217 107//107
f 107//107 217//217 222//222
f 107//107 222//222 106//106
f 106//106 222//222 223//223
f 106//106 223//223 221//221
f 224//224 225//225 226//226
f 227//227 228//228 229//229
f 230//230 231//231 232//232
f 232//232 231//231 233//233
f 234//234 225//225 235//235
f 235//235 225//225 224//224
f 235//235 224//224 236//236
f 237//237 238//238 239//239
f 239//239 238//238 240//240
f 239//239 240//240 241//241
f 240//240 242//242 241//241
f 241//241 242//242 243//243
f 241//241 243//243 244//244
f 245//245 246//246 247//247
f 247//247 246//246 248//248
f 247//247 248//248 232//232
f 232//232 248//248 249//249
f 232//232 249//249 230//230
f 250//250 251//251 252//252
f 252//252 251//251 253//253
f 252//252 253//253 236//236
f 251//251 254//254 253//253
f 253//253 254//254 255//255
f 253//253 255//255 256//256
f 256//256 255//255 257//257
f 256//256 257//257 227//227
f 226//226 245//245 224//224
f 224//224 245//245 247//247
f 224//224 247//247 236//236
f 236//236 247//247 232//232
f 236//236 232//232 252//252
f 252//252 232//232 233//233
f 252//252 233//233 250//250
f 227//227 229//229 256//256
f 256//256 229//229 237//237
f 256//256 237//237 253//253
f 253//253 237//237 239//239
f 253//253 239//239 236//236
f 236//236 239//239 241//241
f 236//236 241//241 235//235
f 235//235 241//241 244//244
f 235//235 244//244 234//234
f 258//258 259//259 260//260
f 260//260 259//259 261//261
f 260//260 261//261 262//262
f 262//262 261//261 263//263
f 263//263 261//261 264//264
f 263//263 264//264 265//265
f 264//264 266//266 265//265
f 265//265 266//266 267//267
f 265//265 267//267 268//268
f 112//112 269//269 111//111
f 111//111 269//269 270//270
f 269//269 271//271 270//270
f 270//270 271//271 272//272
f 270//270 272//272 273//273
f 273//273 272//272 274//274
f 274//274 272//272 275//275
f 274//274 275//275 276//276
f 275//275 277//277 276//276
f 276//276 277//277 278//278
f 276//276 278//278 279//279
f 279//279 278//278 280//280
f 279//279 280//280 281//281
f 282//282 283//283 284//284
f 285//285 286//286 287//287
f 285//285 287//287 288//288
f 288//288 287//287 289//289
f 288//288 289//289 290//290
f 279//279 290//290 276//276
f 276//276 290//290 289//289
f 276//276 289//289 291//291
f 291//291 289//289 287//287
f 291//291 287//287 292//292
f 292//292 287//287 286//286
f 292//292 286//286 293//293
f 294//294 295//295 296//296
f 296//296 295//295 297//297
f 296//296 297//297 298//298
f 298//298 297//297 299//299
f 300//300 145//145 301//301
f 301//301 145//145 146//146
f 111//111 302//302 148//148
f 148//148 302//302 303//303
f 148//148 303//303 149//149
f 149//149 303//303 304//304
f 149//149 304//304 144//144
f 144//144 304//304 301//301
f 144//144 301//301 147//147
f 147//147 301//301 146//146
f 305//305 283//283 306//306
f 306//306 283//283 282//282
f 306//306 282//282 307//307
f 307//307 282//282 308//308
f 307//307 308//308 309//309
f 309//309 308//308 310//310
f 309//309 310//310 311//311
f 302//302 312//312 303//303
f 303//303 312//312 284//284
f 303//303 284//284 304//304
f 304//304 284//284 283//283
f 304//304 283//283 301//301
f 301//301 283//283 305//305
f 301//301 305//305 300//300
f 313//313 314//314 310//310
f 310//310 314//314 315//315
f 310//310 315//315 311//311
f 294//294 270//270 295//295
f 295//295 270//270 273//273
f 295//295 273//273 297//297
f 297//297 273//273 274//274
f 297//297 274//274 299//299
f 274//274 276//276 299//299
f 299//299 276//276 291//291
f 299//299 291//291 298//298
f 298//298 291//291 292//292
f 298//298 292//292 316//316
f 316//316 292//292 293//293
f 279//279 281//281 290//290
f 290//290 281//281 317//317
f 290//290 317//317 288//288
f 288//288 317//317 313//313
f 288//288 313//313 285//285
f 285//285 313//313 310//310
f 285//285 310//310 286//286
f 286//286 310//310 308//308
f 286//286 308//308 293//293
f 293//293 308//308 282//282
f 293//293 282//282 316//316
f 316//316 282//282 284//284
f 316//316 284//284 298//298
f 298//298 284//284 312//312
f 298//298 312//312 296//296
f 296//296 312//312 302//302
f 296//296 302//302 294//294
f 294//294 302//302 111//111
f 294//294 111//111 270//270
f 315//315 143//143 311//311
f 311//311 143//143 138//138
f 145//145 300//300 141//141
f 141//141 300//300 305//305
f 141//141 305//305 140//140
f 140//140 305//305 306//306
f 140//140 306//306 139//139
f 139//139 306//306 307//307
f 139//139 307//307 138//138
f 138//138 307//307 309//309
f 138//138 309//309 311//311
f 318//318 319//319 320//320
f 321//321 322//322 323//323
f 323//323 322//322 324//324
f 323//323 324//324 320//320
f 320//320 324//324 325//325
f 320//320 325//325 318//318
f 326//326 327//327 328//328
f 328//328 327//327 329//329
f 329//329 327//327 330//330
f 330//330 327//327 331//331
f 330//330 331//331 332//332
f 216//216 333//333 334//334
f 334//334 333//333 332//332
f 334//334 332//332 335//335
f 335//335 332//332 331//331
f 336//336 275//275 272//272
f 337//337 271//271 269//269
f 217//217 216//216 334//334
f 338//338 221//221 223//223
f 339//339 331//331 327//327
f 340//340 280//280 278//278
f 340//340 278//278 341//341
f 342//342 343//343 344//344
f 344//344 343//343 345//345
f 344//344 345//345 346//346
f 347//347 348//348 339//339
f 221//221 338//338 220//220
f 220//220 338//338 349//349
f 220//220 349//349 219//219
f 219//219 349//349 350//350
f 219//219 350//350 218//218
f 347//347 351//351 352//352
f 352//352 351//351 353//353
f 352//352 353//353 354//354
f 354//354 353//353 355//355
f 354//354 355//355 356//356
f 356//356 355//355 337//337
f 356//356 337//337 357//357
f 357//357 337//337 269//269
f 357//357 269//269 112//112
f 358//358 342//342 359//359
f 359//359 342//342 344//344
f 359//359 344//344 360//360
f 360//360 344//344 346//346
f 360//360 346//346 361//361
f 361//361 346//346 336//336
f 361//361 336//336 362//362
f 362//362 336//336 272//272
f 362//362 272//272 271//271
f 112//112 218//218 357//357
f 357//357 218//218 350//350
f 357//357 350//350 356//356
f 356//356 350//350 349//349
f 356//356 349//349 354//354
f 354//354 349//349 338//338
f 354//354 338//338 352//352
f 352//352 338//338 223//223
f 352//352 223//223 347//347
f 347//347 223//223 222//222
f 347//347 222//222 348//348
f 339//339 327//327 363//363
f 363//363 327//327 326//326
f 363//363 326//326 364//364
f 275//275 336//336 277//277
f 277//277 336//336 346//346
f 277//277 346//346 278//278
f 278//278 346//346 345//345
f 278//278 345//345 341//341
f 341//341 345//345 343//343
f 341//341 343//343 365//365
f 222//222 217//217 348//348
f 348//348 217//217 334//334
f 348//348 334//334 339//339
f 339//339 334//334 335//335
f 339//339 335//335 331//331
f 271//271 337//337 362//362
f 362//362 337//337 355//355
f 362//362 355//355 361//361
f 361//361 355//355 353//353
f 361//361 353//353 360//360
f 360//360 353//353 351//351
f 360//360 351//351 359//359
f 359//359 351//351 347//347
f 359//359 347//347 358//358
f 358//358 347//347 339//339
f 358//358 339//339 342//342
f 342//342 339//339 363//363
f 342//342 363//363 343//343
f 343//343 363//363 364//364
f 343//343 364//364 365//365
f 366//366 367//367 368//368
f 333//333 369//369 332//332
f 332//332 369//369 370//370
f 332//332 370//370 330//330
f 330//330 370//370 371//371
f 330//330 371//371 329//329
f 329//329 371//371 372//372
f 329//329 372//372 328//328
f 373//373 374//374 372//372
f 372//372 374//374 375//375
f 372//372 375//375 328//328
f 376//376 377//377 378//378
f 379//379 368//368 380//380
f 380//380 368//368 367//367
f 380//380 367//367 381//381
f 379//379 382//382 368//368
f 368//368 382//382 376//376
f 368//368 376//376 366//366
f 366//366 376//376 378//378
f 383//383 377//377 384//384
f 384//384 377//377 376//376
f 384//384 376//376 385//385
f 385//385 376//376 382//382
f 369//369 381//381 370//370
f 370//370 381//381 367//367
f 370//370 367//367 371//371
f 371//371 367//367 366//366
f 371//371 366//366 372//372
f 372//372 366//366 378//378
f 372//372 378//378 373//373
f 373//373 378//378 377//377
f 373//373 377//377 386//386
f 386//386 377//377 383//383
f 386//386 383//383 387//387
f 228//228 387//387 229//229
f 229//229 387//387 383//383
f 229//229 383//383 237//237
f 237//237 383//383 384//384
f 237//237 384//384 238//238
f 238//238 384//384 385//385
f 238//238 385//385 240//240
f 385//385 382//382 240//240
f 240//240 382//382 379//379
f 240//240 379//379 242//242
f 388//388 113//113 389//389
f 389//389 113//113 129//129
f 389//389 129//129 390//390
f 390//390 129//129 128//128
f 390//390 128//128 391//391
f 391//391 128//128 127//127
f 391//391 127//127 392//392
f 127//127 142//142 392//392
f 392//392 142//142 143//143
f 392//392 143//143 393//393
f 394//394 395//395 396//396
f 397//397 398//398 399//399
f 399//399 398//398 400//400
f 399//399 400//400 401//401
f 402//402 403//403 397//397
f 397//397 403//403 404//404
f 397//397 404//404 398//398
f 398//398 404//404 405//405
f 395//395 394//394 406//406
f 406//406 394//394 407//407
f 406//406 407//407 408//408
f 408//408 407//407 409//409
f 408//408 409//409 410//410
f 410//410 409//409 411//411
f 410//410 411//411 412//412
f 412//412 411//411 413//413
f 412//412 413//413 414//414
f 324//324 322//322 415//415
f 405//405 416//416 398//398
f 398//398 416//416 417//417
f 398//398 417//417 400//400
f 400//400 417//417 418//418
f 400//400 418//418 401//401
f 401//401 418//418 419//419
f 396//396 318//318 402//402
f 402//402 318//318 325//325
f 402//402 325//325 403//403
f 403//403 325//325 324//324
f 403//403 324//324 404//404
f 404//404 324//324 415//415
f 404//404 415//415 405//405
f 396//396 402//402 394//394
f 394//394 402//402 397//397
f 394//394 397//397 407//407
f 407//407 397//397 399//399
f 407//407 399//399 409//409
f 409//409 399//399 401//401
f 409//409 401//401 411//411
f 411//411 401//401 419//419
f 411//411 419//419 413//413
f 262//262 263//263 420//420
f 263//263 265//265 420//420
f 420//420 265//265 421//421
f 420//420 421//421 422//422
f 422//422 421//421 423//423
f 422//422 423//423 424//424
f 424//424 423//423 425//425
f 424//424 425//425 426//426
f 426//426 425//425 427//427
f 426//426 427//427 428//428
f 428//428 427//427 429//429
f 428//428 429//429 430//430
f 430//430 429//429 431//431
f 430//430 431//431 432//432
f 432//432 431//431 433//433
f 432//432 433//433 434//434
f 434//434 433//433 435//435
f 436//436 437//437 438//438
f 438//438 437//437 439//439
f 258//258 260//260 440//440
f 440//440 260//260 441//441
f 440//440 441//441 442//442
f 442//442 441//441 443//443
f 442//442 443//443 444//444
f 444//444 443//443 445//445
f 444//444 445//445 446//446
f 446//446 445//445 447//447
f 446//446 447//447 448//448
f 448//448 447//447 449//449
f 448//448 449//449 439//439
f 439//439 449//449 450//450
f 439//439 450//450 438//438
f 265//265 268//268 421//421
f 421//421 268//268 451//451
f 421//421 451//451 423//423
f 423//423 451//451 452//452
f 423//423 452//452 425//425
f 425//425 452//452 453//453
f 425//425 453//453 427//427
f 427//427 453//453 454//454
f 427//427 454//454 429//429
f 429//429 454//454 455//455
f 429//429 455//455 431//431
f 431//431 455//455 456//456
f 431//431 456//456 433//433
f 433//433 456//456 457//457
f 433//433 457//457 435//435
f 435//435 457//457 458//458
f 260//260 262//262 441//441
f 441//441 262//262 420//420
f 441//441 420//420 443//443
f 443//443 420//420 422//422
f 443//443 422//422 445//445
f 445//445 422//422 424//424
f 445//445 424//424 447//447
f 447//447 424//424 426//426
f 447//447 426//426 449//449
f 449//449 426//426 428//428
f 449//449 428//428 450//450
f 450//450 428//428 430//430
f 450//450 430//430 438//438
f 438//438 430//430 432//432
f 438//438 432//432 436//436
f 436//436 432//432 434//434
f 114//114 459//459 164//164
f 164//164 459//459 460//460
f 164//164 460//460 165//165
f 165//165 460//460 461//461
f 165//165 461//461 174//174
f 174//174 461//461 462//462
f 174//174 462//462 179//179
f 179//179 462//462 463//463
f 179//179 463//463 180//180
f 180//180 463//463 464//464
f 180//180 464//464 181//181
f 181//181 464//464 465//465
f 181//181 465//465 182//182
f 182//182 465//465 466//466
f 388//388 459//459 113//113
f 113//113 459//459 114//114
f 131//131 130//130 163//163
f 163//163 130//130 123//123
f 163//163 123//123 188//188
f 11//11 49//49 150//150
f 150//150 49//49 145//145
f 150//150 145//145 158//158
f 158//158 145//145 163//163
f 163//163 145//145 141//141
f 163//163 141//141 131//131
f 170//170 175//175 167//167
f 167//167 175//175 183//183
f 167//167 183//183 121//121
f 121//121 183//183 188//188
f 121//121 188//188 122//122
f 122//122 188//188 123//123
f 159//159 190//190 196//196
f 196//196 190//190 198//198
f 108//108 71//71 216//216
f 216//216 71//71 215//215
f 242//242 379//379 202//202
f 202//202 379//379 380//380
f 202//202 380//380 203//203
f 203//203 380//380 381//381
f 203//203 381//381 369//369
f 215//215 211//211 216//216
f 216//216 211//211 203//203
f 216//216 203//203 333//333
f 333//333 203//203 369//369
f 225//225 234//234 226//226
f 226//226 234//234 244//244
f 226//226 244//244 202//202
f 202//202 244//244 243//243
f 202//202 243//243 242//242
f 228//228 227//227 467//467
f 467//467 227//227 257//257
f 467//467 257//257 468//468
f 468//468 257//257 255//255
f 468//468 255//255 469//469
f 255//255 254//254 469//469
f 469//469 254//254 251//251
f 469//469 251//251 470//470
f 470//470 251//251 250//250
f 470//470 250//250 471//471
f 471//471 250//250 233//233
f 471//471 233//233 472//472
f 233//233 231//231 472//472
f 472//472 231//231 230//230
f 472//472 230//230 473//473
f 473//473 230//230 249//249
f 473//473 249//249 474//474
f 474//474 249//249 475//475
f 268//268 267//267 476//476
f 476//476 267//267 477//477
f 478//478 479//479 480//480
f 481//481 482//482 483//483
f 483//483 482//482 484//484
f 483//483 484//484 485//485
f 485//485 484//484 486//486
f 485//485 486//486 487//487
f 487//487 486//486 488//488
f 487//487 488//488 489//489
f 489//489 488//488 490//490
f 491//491 481//481 492//492
f 492//492 481//481 483//483
f 492//492 483//483 493//493
f 493//493 483//483 485//485
f 493//493 485//485 494//494
f 494//494 485//485 487//487
f 494//494 487//487 495//495
f 495//495 487//487 489//489
f 478//478 480//480 496//496
f 497//497 491//491 498//498
f 498//498 491//491 492//492
f 498//498 492//492 499//499
f 499//499 492//492 493//493
f 499//499 493//493 480//480
f 480//480 493//493 494//494
f 480//480 494//494 496//496
f 496//496 494//494 495//495
f 259//259 497//497 261//261
f 261//261 497//497 498//498
f 261//261 498//498 264//264
f 264//264 498//498 499//499
f 264//264 499//499 266//266
f 266//266 499//499 480//480
f 266//266 480//480 267//267
f 267//267 480//480 479//479
f 491//491 497//497 259//259
f 440//440 442//442 444//444
f 448//448 439//439 258//258
f 258//258 439//439 437//437
f 258//258 437//437 322//322
f 322//322 321//321 258//258
f 258//258 321//321 482//482
f 258//258 482//482 259//259
f 259//259 482//482 481//481
f 259//259 481//481 491//491
f 440//440 444//444 258//258
f 258//258 444//444 446//446
f 258//258 446//446 448//448
f 500//500 501//501 502//502
f 503//503 504//504 323//323
f 505//505 506//506 507//507
f 508//508 507//507 509//509
f 505//505 501//501 510//510
f 510//510 501//501 500//500
f 510//510 500//500 511//511
f 512//512 513//513 514//514
f 514//514 513//513 515//515
f 514//514 515//515 516//516
f 516//516 515//515 517//517
f 516//516 517//517 518//518
f 323//323 320//320 503//503
f 503//503 320//320 319//319
f 503//503 319//319 519//519
f 519//519 319//319 520//520
f 509//509 507//507 521//521
f 521//521 507//507 506//506
f 521//521 506//506 522//522
f 509//509 523//523 508//508
f 508//508 523//523 524//524
f 508//508 524//524 504//504
f 504//504 524//524 321//321
f 504//504 321//321 323//323
f 502//502 512//512 500//500
f 500//500 512//512 514//514
f 500//500 514//514 511//511
f 511//511 514//514 516//516
f 511//511 516//516 525//525
f 525//525 516//516 518//518
f 525//525 518//518 526//526
f 505//505 507//507 501//501
f 501//501 507//507 508//508
f 501//501 508//508 502//502
f 502//502 508//508 504//504
f 502//502 504//504 512//512
f 512//512 504//504 503//503
f 512//512 503//503 513//513
f 513//513 503//503 519//519
f 513//513 519//519 515//515
f 515//515 519//519 520//520
f 515//515 520//520 517//517
f 314//314 313//313 406//406
f 406//406 313//313 395//395
f 395//395 313//313 317//317
f 395//395 317//317 396//396
f 319//319 340//340 520//520
f 520//520 340//340 341//341
f 520//520 341//341 517//517
f 393//393 143//143 406//406
f 406//406 143//143 315//315
f 406//406 315//315 314//314
f 328//328 527//527 326//326
f 326//326 527//527 526//526
f 396//396 317//317 318//318
f 318//318 317//317 281//281
f 318//318 281//281 319//319
f 319//319 281//281 280//280
f 319//319 280//280 340//340
f 517//517 341//341 518//518
f 518//518 341//341 365//365
f 518//518 365//365 526//526
f 526//526 365//365 364//364
f 526//526 364//364 326//326
f 527//527 328//328 528//528
f 528//528 328//328 375//375
f 528//528 375//375 529//529
f 387//387 530//530 531//531
f 387//387 531//531 386//386
f 375//375 374//374 529//529
f 529//529 374//374 373//373
f 529//529 373//373 532//532
f 532//532 373//373 386//386
f 532//532 386//386 533//533
f 533//533 386//386 531//531
f 467//467 530//530 228//228
f 228//228 530//530 387//387
f 534//534 535//535 536//536
f 537//537 538//538 539//539
f 540//540 541//541 542//542
f 543//543 544//544 545//545
f 543//543 545//545 546//546
f 546//546 545//545 547//547
f 546//546 547//547 548//548
f 548//548 547//547 549//549
f 548//548 549//549 550//550
f 550//550 549//549 542//542
f 550//550 542//542 551//551
f 551//551 542//542 541//541
f 551//551 541//541 552//552
f 553//553 554//554 555//555
f 555//555 554//554 556//556
f 555//555 556//556 557//557
f 557//557 556//556 558//558
f 557//557 558//558 559//559
f 559//559 558//558 560//560
f 559//559 560//560 561//561
f 562//562 563//563 560//560
f 560//560 563//563 564//564
f 560//560 564//564 561//561
f 477//477 563//563 565//565
f 565//565 563//563 562//562
f 565//565 562//562 566//566
f 554//554 537//537 556//556
f 556//556 537//537 539//539
f 556//556 539//539 558//558
f 558//558 539//539 567//567
f 558//558 567//567 560//560
f 560//560 567//567 568//568
f 560//560 568//568 562//562
f 562//562 568//568 536//536
f 562//562 536//536 566//566
f 566//566 536//536 535//535
f 538//538 540//540 539//539
f 539//539 540//540 542//542
f 539//539 542//542 567//567
f 567//567 542//542 549//549
f 567//567 549//549 568//568
f 568//568 549//549 547//547
f 568//568 547//547 536//536
f 536//536 547//547 545//545
f 536//536 545//545 534//534
f 534//534 545//545 544//544
f 569//569 570//570 571//571
f 572//572 573//573 574//574
f 575//575 576//576 577//577
f 578//578 579//579 580//580
f 581//581 582//582 583//583
f 581//581 583//583 584//584
f 584//584 583//583 585//585
f 584//584 585//585 586//586
f 586//586 585//585 587//587
f 586//586 587//587 588//588
f 588//588 587//587 580//580
f 588//588 580//580 589//589
f 589//589 580//580 579//579
f 589//589 579//579 590//590
f 476//476 591//591 592//592
f 592//592 591//591 593//593
f 592//592 593//593 594//594
f 594//594 593//593 595//595
f 595//595 593//593 596//596
f 595//595 596//596 597//597
f 597//597 596//596 598//598
f 597//597 598//598 599//599
f 599//599 598//598 600//600
f 600//600 598//598 574//574
f 600//600 574//574 601//601
f 601//601 574//574 573//573
f 601//601 573//573 602//602
f 591//591 575//575 593//593
f 593//593 575//575 577//577
f 593//593 577//577 596//596
f 596//596 577//577 603//603
f 596//596 603//603 598//598
f 598//598 603//603 604//604
f 598//598 604//604 574//574
f 574//574 604//604 571//571
f 574//574 571//571 572//572
f 572//572 571//571 570//570
f 576//576 578//578 577//577
f 577//577 578//578 580//580
f 577//577 580//580 603//603
f 603//603 580//580 587//587
f 603//603 587//587 604//604
f 604//604 587//587 585//585
f 604//604 585//585 571//571
f 571//571 585//585 583//583
f 571//571 583//583 569//569
f 569//569 583//583 582//582
f 543//543 590//590 544//544
f 544//544 590//590 579//579
f 544//544 579//579 534//534
f 534//534 579//579 578//578
f 534//534 578//578 535//535
f 535//535 578//578 576//576
f 535//535 576//576 566//566
f 566//566 576//576 575//575
f 566//566 575//575 565//565
f 565//565 575//575 591//591
f 565//565 591//591 477//477
f 477//477 591//591 476//476
f 390//390 391//391 605//605
f 606//606 607//607 608//608
f 608//608 607//607 609//609
f 608//608 609//609 610//610
f 610//610 609//609 611//611
f 610//610 611//611 612//612
f 612//612 611//611 613//613
f 612//612 613//613 389//389
f 389//389 613//613 388//388
f 614//614 606//606 615//615
f 615//615 606//606 608//608
f 615//615 608//608 616//616
f 616//616 608//608 610//610
f 616//616 610//610 605//605
f 605//605 610//610 612//612
f 605//605 612//612 390//390
f 390//390 612//612 389//389
f 617//617 614//614 618//618
f 618//618 614//614 615//615
f 618//618 615//615 619//619
f 619//619 615//615 616//616
f 619//619 616//616 620//620
f 620//620 616//616 605//605
f 620//620 605//605 392//392
f 392//392 605//605 391//391
f 621//621 617//617 622//622
f 622//622 617//617 618//618
f 622//622 618//618 623//623
f 623//623 618//618 619//619
f 623//623 619//619 624//624
f 624//624 619//619 620//620
f 624//624 620//620 393//393
f 393//393 620//620 392//392
f 393//393 406//406 408//408
f 393//393 408//408 624//624
f 624//624 408//408 410//410
f 624//624 410//410 623//623
f 623//623 410//410 412//412
f 623//623 412//412 622//622
f 622//622 412//412 414//414
f 622//622 414//414 621//621
f 322//322 437//437 415//415
f 415//415 437//437 436//436
f 415//415 436//436 405//405
f 405//405 436//436 416//416
f 416//416 436//436 434//434
f 416//416 434//434 417//417
f 435//435 458//458 414//414
f 414//414 413//413 435//435
f 435//435 413//413 419//419
f 435//435 419//419 434//434
f 434//434 419//419 418//418
f 434//434 418//418 417//417
f 268//268 476//476 451//451
f 451//451 476//476 592//592
f 451//451 592//592 452//452
f 452//452 592//592 594//594
f 452//452 594//594 453//453
f 453//453 594//594 595//595
f 453//453 595//595 454//454
f 595//595 597//597 454//454
f 454//454 597//597 599//599
f 454//454 599//599 455//455
f 455//455 599//599 600//600
f 455//455 600//600 456//456
f 456//456 600//600 601//601
f 456//456 601//601 457//457
f 457//457 601//601 602//602
f 457//457 602//602 458//458
f 581//581 625//625 582//582
f 582//582 625//625 626//626
f 582//582 626//626 569//569
f 569//569 626//626 570//570
f 570//570 626//626 627//627
f 570//570 627//627 572//572
f 572//572 627//627 628//628
f 572//572 628//628 573//573
f 573//573 628//628 629//629
f 573//573 629//629 602//602
f 460//460 459//459 630//630
f 462//462 461//461 631//631
f 632//632 633//633 634//634
f 635//635 636//636 637//637
f 637//637 638//638 635//635
f 635//635 638//638 639//639
f 635//635 639//639 632//632
f 464//464 463//463 640//640
f 640//640 463//463 462//462
f 640//640 462//462 641//641
f 641//641 462//462 631//631
f 632//632 639//639 631//631
f 631//631 639//639 642//642
f 631//631 642//642 641//641
f 641//641 642//642 643//643
f 641//641 643//643 640//640
f 466//466 465//465 644//644
f 466//466 644//644 645//645
f 644//644 646//646 645//645
f 645//645 646//646 647//647
f 645//645 647//647 648//648
f 648//648 647//647 649//649
f 648//648 649//649 650//650
f 650//650 649//649 651//651
f 650//650 651//651 652//652
f 632//632 634//634 635//635
f 635//635 634//634 653//653
f 635//635 653//653 636//636
f 654//654 655//655 651//651
f 651//651 655//655 656//656
f 651//651 656//656 652//652
f 633//633 632//632 657//657
f 657//657 632//632 631//631
f 657//657 631//631 630//630
f 630//630 631//631 461//461
f 630//630 461//461 460//460
f 637//637 654//654 638//638
f 638//638 654//654 651//651
f 638//638 651//651 639//639
f 639//639 651//651 649//649
f 639//639 649//649 642//642
f 642//642 649//649 647//647
f 642//642 647//647 643//643
f 643//643 647//647 646//646
f 643//643 646//646 640//640
f 640//640 646//646 644//644
f 640//640 644//644 464//464
f 464//464 644//644 465//465
f 630//630 459//459 388//388
f 630//630 388//388 657//657
f 388//388 613//613 657//657
f 657//657 613//613 611//611
f 657//657 611//611 633//633
f 633//633 611//611 609//609
f 633//633 609//609 634//634
f 634//634 609//609 607//607
f 634//634 607//607 653//653
f 658//658 466//466 645//645
f 658//658 645//645 659//659
f 659//659 645//645 648//648
f 659//659 648//648 660//660
f 660//660 648//648 650//650
f 660//660 650//650 661//661
f 661//661 650//650 662//662
f 662//662 650//650 652//652
f 662//662 652//652 663//663
f 182//182 664//664 187//187
f 187//187 664//664 665//665
f 187//187 665//665 186//186
f 186//186 665//665 185//185
f 185//185 665//665 666//666
f 185//185 666//666 184//184
f 188//188 183//183 667//667
f 667//667 183//183 184//184
f 667//667 184//184 668//668
f 668//668 184//184 666//666
f 665//665 664//664 669//669
f 670//670 666//666 665//665
f 671//671 672//672 673//673
f 674//674 675//675 670//670
f 676//676 192//192 677//677
f 677//677 192//192 195//195
f 677//677 195//195 194//194
f 670//670 665//665 678//678
f 678//678 665//665 669//669
f 678//678 669//669 679//679
f 674//674 670//670 673//673
f 673//673 670//670 678//678
f 673//673 678//678 671//671
f 671//671 678//678 679//679
f 671//671 679//679 680//680
f 666//666 670//670 668//668
f 668//668 670//670 675//675
f 668//668 675//675 667//667
f 667//667 675//675 189//189
f 667//667 189//189 188//188
f 672//672 676//676 673//673
f 673//673 676//676 677//677
f 673//673 677//677 674//674
f 674//674 677//677 194//194
f 674//674 194//194 675//675
f 675//675 194//194 193//193
f 675//675 193//193 189//189
f 191//191 192//192 681//681
f 681//681 192//192 676//676
f 681//681 676//676 682//682
f 682//682 676//676 672//672
f 682//682 672//672 683//683
f 683//683 672//672 671//671
f 683//683 671//671 684//684
f 684//684 671//671 680//680
f 190//190 191//191 685//685
f 685//685 191//191 681//681
f 685//685 681//681 686//686
f 686//686 681//681 682//682
f 686//686 682//682 687//687
f 687//687 682//682 683//683
f 687//687 683//683 688//688
f 688//688 683//683 684//684
f 689//689 690//690 688//688
f 688//688 690//690 687//687
f 687//687 690//690 686//686
f 686//686 690//690 691//691
f 686//686 691//691 685//685
f 691//691 692//692 685//685
f 685//685 692//692 198//198
f 685//685 198//198 190//190
f 693//693 692//692 691//691
f 198//198 692//692 200//200
f 200//200 692//692 693//693
f 200//200 693//693 204//204
f 689//689 694//694 690//690
f 690//690 694//694 695//695
f 690//690 695//695 691//691
f 691//691 695//695 696//696
f 691//691 696//696 693//693
f 693//693 696//696 697//697
f 693//693 697//697 204//204
f 694//694 698//698 695//695
f 695//695 698//698 699//699
f 695//695 699//699 696//696
f 696//696 699//699 700//700
f 696//696 700//700 697//697
f 697//697 700//700 701//701
f 697//697 701//701 204//204
f 204//204 701//701 205//205
f 201//201 205//205 702//702
f 702//702 205//205 701//701
f 702//702 701//701 703//703
f 703//703 701//701 700//700
f 703//703 700//700 704//704
f 704//704 700//700 699//699
f 704//704 699//699 705//705
f 705//705 699//699 698//698
f 705//705 706//706 704//704
f 704//704 706//706 707//707
f 704//704 707//707 703//703
f 703//703 707//707 708//708
f 703//703 708//708 702//702
f 202//202 201//201 709//709
f 709//709 201//201 702//702
f 709//709 702//702 710//710
f 710//710 702//702 708//708
f 249//249 248//248 706//706
f 706//706 248//248 707//707
f 707//707 248//248 708//708
f 708//708 248//248 246//246
f 708//708 246//246 710//710
f 710//710 246//246 245//245
f 710//710 245//245 709//709
f 709//709 245//245 226//226
f 709//709 226//226 202//202
f 711//711 712//712 713//713
f 469//469 470//470 714//714
f 714//714 470//470 471//471
f 715//715 716//716 717//717
f 718//718 719//719 720//720
f 720//720 719//719 721//721
f 718//718 722//722 719//719
f 719//719 722//722 723//723
f 719//719 723//723 715//715
f 712//712 714//714 713//713
f 713//713 714//714 471//471
f 713//713 471//471 724//724
f 724//724 471//471 472//472
f 724//724 472//472 725//725
f 725//725 472//472 473//473
f 725//725 473//473 726//726
f 726//726 473//473 474//474
f 726//726 474//474 475//475
f 467//467 468//468 727//727
f 727//727 468//468 728//728
f 727//727 728//728 729//729
f 728//728 730//730 729//729
f 729//729 730//730 731//731
f 729//729 731//731 732//732
f 732//732 731//731 733//733
f 732//732 733//733 734//734
f 734//734 733//733 735//735
f 734//734 735//735 736//736
f 715//715 717//717 719//719
f 719//719 717//717 737//737
f 719//719 737//737 721//721
f 738//738 739//739 735//735
f 735//735 739//739 740//740
f 735//735 740//740 736//736
f 726//726 716//716 725//725
f 725//725 716//716 715//715
f 725//725 715//715 724//724
f 724//724 715//715 723//723
f 724//724 723//723 713//713
f 713//713 723//723 722//722
f 713//713 722//722 711//711
f 711//711 722//722 718//718
f 721//721 738//738 720//720
f 720//720 738//738 735//735
f 720//720 735//735 718//718
f 718//718 735//735 733//733
f 718//718 733//733 711//711
f 711//711 733//733 731//731
f 711//711 731//731 712//712
f 712//712 731//731 730//730
f 712//712 730//730 714//714
f 714//714 730//730 728//728
f 714//714 728//728 469//469
f 469//469 728//728 468//468
f 475//475 741//741 742//742
f 475//475 742//742 726//726
f 726//726 742//742 743//743
f 726//726 743//743 716//716
f 716//716 743//743 744//744
f 716//716 744//744 717//717
f 717//717 744//744 745//745
f 717//717 745//745 737//737
f 746//746 552//552 541//541
f 746//746 541//541 747//747
f 747//747 541//541 540//540
f 747//747 540//540 748//748
f 748//748 540//540 538//538
f 748//748 538//538 749//749
f 553//553 750//750 554//554
f 554//554 750//750 749//749
f 554//554 749//749 537//537
f 537//537 749//749 538//538
f 490//490 553//553 489//489
f 489//489 553//553 555//555
f 489//489 555//555 495//495
f 495//495 555//555 557//557
f 495//495 557//557 496//496
f 477//477 267//267 563//563
f 563//563 267//267 479//479
f 563//563 479//479 564//564
f 564//564 479//479 478//478
f 564//564 478//478 561//561
f 561//561 478//478 496//496
f 561//561 496//496 559//559
f 559//559 496//496 557//557
f 522//522 490//490 488//488
f 523//523 509//509 488//488
f 488//488 509//509 521//521
f 488//488 521//521 522//522
f 488//488 486//486 523//523
f 523//523 486//486 484//484
f 523//523 484//484 524//524
f 524//524 484//484 482//482
f 524//524 482//482 321//321
f 526//526 527//527 751//751
f 526//526 751//751 525//525
f 525//525 751//751 752//752
f 525//525 752//752 511//511
f 511//511 752//752 510//510
f 510//510 752//752 753//753
f 510//510 753//753 505//505
f 505//505 753//753 506//506
f 506//506 753//753 754//754
f 506//506 754//754 522//522
f 532//532 533//533 755//755
f 531//531 530//530 756//756
f 532//532 755//755 529//529
f 757//757 754//754 758//758
f 758//758 754//754 753//753
f 758//758 753//753 759//759
f 759//759 753//753 752//752
f 759//759 752//752 760//760
f 760//760 752//752 751//751
f 761//761 757//757 762//762
f 762//762 757//757 758//758
f 762//762 758//758 763//763
f 763//763 758//758 759//759
f 763//763 759//759 764//764
f 764//764 759//759 760//760
f 765//765 761//761 766//766
f 766//766 761//761 762//762
f 766//766 762//762 767//767
f 767//767 762//762 763//763
f 767//767 763//763 755//755
f 755//755 763//763 764//764
f 755//755 764//764 529//529
f 529//529 764//764 760//760
f 529//529 760//760 528//528
f 528//528 760//760 751//751
f 528//528 751//751 527//527
f 768//768 765//765 769//769
f 769//769 765//765 766//766
f 769//769 766//766 770//770
f 770//770 766//766 767//767
f 770//770 767//767 756//756
f 756//756 767//767 755//755
f 756//756 755//755 531//531
f 531//531 755//755 533//533
f 530//530 467//467 727//727
f 530//530 727//727 756//756
f 727//727 729//729 756//756
f 756//756 729//729 732//732
f 756//756 732//732 770//770
f 770//770 732//732 734//734
f 770//770 734//734 769//769
f 769//769 734//734 736//736
f 769//769 736//736 768//768
f 552//552 746//746 625//625
f 625//625 581//581 590//590
f 590//590 581//581 584//584
f 590//590 543//543 625//625
f 625//625 543//543 546//546
f 625//625 546//546 548//548
f 548//548 550//550 625//625
f 625//625 550//550 551//551
f 625//625 551//551 552//552
f 586//586 588//588 584//584
f 584//584 588//588 589//589
f 584//584 589//589 590//590
f 771//771 746//746 772//772
f 772//772 746//746 747//747
f 772//772 747//747 773//773
f 773//773 747//747 748//748
f 773//773 748//748 774//774
f 774//774 748//748 749//749
f 774//774 749//749 775//775
f 775//775 749//749 750//750
f 776//776 771//771 777//777
f 777//777 771//771 772//772
f 777//777 772//772 778//778
f 778//778 772//772 773//773
f 778//778 773//773 779//779
f 779//779 773//773 774//774
f 779//779 774//774 780//780
f 780//780 774//774 775//775
f 781//781 782//782 783//783
f 783//783 782//782 784//784
f 783//783 784//784 785//785
f 785//785 784//784 786//786
f 785//785 786//786 787//787
f 787//787 786//786 788//788
f 787//787 788//788 789//789
f 789//789 788//788 790//790
f 625//625 781//781 626//626
f 626//626 781//781 783//783
f 626//626 783//783 627//627
f 627//627 783//783 785//785
f 627//627 785//785 628//628
f 628//628 785//785 787//787
f 628//628 787//787 629//629
f 629//629 787//787 789//789
f 791//791 792//792 793//793
f 794//794 795//795 796//796
f 662//662 795//795 661//661
f 661//661 795//795 794//794
f 661//661 794//794 660//660
f 793//793 797//797 798//798
f 798//798 797//797 799//799
f 798//798 799//799 800//800
f 800//800 799//799 801//801
f 800//800 801//801 802//802
f 803//803 804//804 805//805
f 805//805 804//804 806//806
f 805//805 806//806 807//807
f 807//807 806//806 808//808
f 807//807 808//808 809//809
f 662//662 663//663 810//810
f 662//662 810//810 795//795
f 795//795 810//810 811//811
f 795//795 811//811 796//796
f 796//796 811//811 812//812
f 796//796 812//812 791//791
f 791//791 793//793 796//796
f 796//796 793//793 798//798
f 796//796 798//798 794//794
f 794//794 798//798 800//800
f 794//794 800//800 660//660
f 660//660 800//800 802//802
f 660//660 802//802 659//659
f 658//658 659//659 813//813
f 813//813 659//659 802//802
f 813//813 802//802 809//809
f 809//809 802//802 801//801
f 809//809 801//801 807//807
f 807//807 801//801 799//799
f 807//807 799//799 805//805
f 805//805 799//799 797//797
f 805//805 797//797 803//803
f 803//803 797//797 793//793
f 803//803 793//793 814//814
f 814//814 793//793 792//792
f 814//814 792//792 815//815
f 790//790 614//614 617//617
f 614//614 790//790 606//606
f 606//606 790//790 663//663
f 606//606 663//663 607//607
f 458//458 602//602 414//414
f 414//414 602//602 629//629
f 652//652 656//656 655//655
f 637//637 636//636 663//663
f 663//663 636//636 653//653
f 663//663 653//653 607//607
f 629//629 789//789 414//414
f 414//414 789//789 790//790
f 414//414 790//790 621//621
f 621//621 790//790 617//617
f 652//652 655//655 663//663
f 663//663 655//655 654//654
f 663//663 654//654 637//637
f 816//816 817//817 818//818
f 803//803 814//814 819//819
f 804//804 803//803 820//820
f 820//820 803//803 819//819
f 820//820 819//819 821//821
f 821//821 819//819 822//822
f 818//818 808//808 823//823
f 823//823 808//808 806//806
f 814//814 815//815 819//819
f 819//819 815//815 824//824
f 819//819 824//824 822//822
f 824//824 825//825 826//826
f 824//824 826//826 822//822
f 822//822 826//826 827//827
f 822//822 827//827 821//821
f 821//821 827//827 823//823
f 821//821 823//823 820//820
f 820//820 823//823 806//806
f 820//820 806//806 804//804
f 818//818 823//823 816//816
f 816//816 823//823 827//827
f 816//816 827//827 828//828
f 828//828 827//827 826//826
f 828//828 826//826 829//829
f 829//829 826//826 825//825
f 829//829 825//825 830//830
f 741//741 475//475 249//249
f 182//182 466//466 664//664
f 664//664 466//466 658//658
f 698//698 831//831 705//705
f 705//705 831//831 741//741
f 705//705 741//741 706//706
f 706//706 741//741 249//249
f 832//832 833//833 698//698
f 698//698 833//833 834//834
f 698//698 834//834 831//831
f 698//698 694//694 832//832
f 832//832 694//694 689//689
f 832//832 689//689 817//817
f 817//817 689//689 688//688
f 809//809 808//808 818//818
f 813//813 679//679 658//658
f 658//658 679//679 669//669
f 658//658 669//669 664//664
f 813//813 809//809 679//679
f 679//679 809//809 818//818
f 679//679 818//818 680//680
f 680//680 818//818 817//817
f 680//680 817//817 684//684
f 684//684 817//817 688//688
f 553//553 490//490 750//750
f 750//750 490//490 522//522
f 750//750 522//522 775//775
f 775//775 522//522 780//780
f 780//780 522//522 754//754
f 780//780 754//754 757//757
f 757//757 761//761 780//780
f 780//780 761//761 765//765
f 780//780 765//765 745//745
f 745//745 765//765 768//768
f 745//745 768//768 736//736
f 736//736 740//740 745//745
f 745//745 740//740 739//739
f 745//745 739//739 737//737
f 737//737 739//739 738//738
f 737//737 738//738 721//721
f 835//835 836//836 837//837
f 837//837 836//836 838//838
f 837//837 838//838 839//839
f 840//840 745//745 744//744
f 841//841 842//842 839//839
f 839//839 842//842 837//837
f 837//837 842//842 843//843
f 837//837 843//843 835//835
f 838//838 844//844 839//839
f 839//839 844//844 845//845
f 839//839 845//845 841//841
f 841//841 845//845 846//846
f 841//841 846//846 847//847
f 744//744 743//743 848//848
f 848//848 743//743 742//742
f 848//848 742//742 849//849
f 849//849 742//742 741//741
f 849//849 741//741 831//831
f 850//850 835//835 851//851
f 851//851 835//835 843//843
f 851//851 843//843 852//852
f 852//852 843//843 842//842
f 852//852 842//842 853//853
f 853//853 842//842 841//841
f 853//853 841//841 854//854
f 854//854 841//841 847//847
f 854//854 847//847 855//855
f 836//836 840//840 838//838
f 838//838 840//840 744//744
f 838//838 744//744 844//844
f 844//844 744//744 848//848
f 844//844 848//848 845//845
f 845//845 848//848 849//849
f 845//845 849//849 846//846
f 846//846 849//849 831//831
f 846//846 831//831 847//847
f 847//847 831//831 834//834
f 847//847 834//834 855//855
f 856//856 857//857 858//858
f 859//859 860//860 856//856
f 860//860 833//833 856//856
f 856//856 833//833 832//832
f 856//856 832//832 857//857
f 834//834 861//861 855//855
f 855//855 861//861 862//862
f 855//855 862//862 854//854
f 854//854 862//862 863//863
f 854//854 863//863 853//853
f 853//853 863//863 864//864
f 853//853 864//864 852//852
f 852//852 864//864 865//865
f 852//852 865//865 851//851
f 866//866 867//867 868//868
f 868//868 867//867 869//869
f 868//868 869//869 870//870
f 870//870 869//869 871//871
f 870//870 871//871 872//872
f 872//872 871//871 873//873
f 872//872 873//873 859//859
f 850//850 851//851 874//874
f 874//874 851//851 865//865
f 874//874 865//865 875//875
f 859//859 856//856 872//872
f 872//872 856//856 858//858
f 872//872 858//858 870//870
f 870//870 858//858 876//876
f 870//870 876//876 868//868
f 868//868 876//876 877//877
f 868//868 877//877 866//866
f 867//867 875//875 869//869
f 869//869 875//875 865//865
f 869//869 865//865 871//871
f 871//871 865//865 864//864
f 871//871 864//864 873//873
f 873//873 864//864 863//863
f 873//873 863//863 859//859
f 859//859 863//863 862//862
f 859//859 862//862 860//860
f 860//860 862//862 861//861
f 860//860 861//861 833//833
f 833//833 861//861 834//834
f 776//776 782//782 781//781
f 776//776 781//781 771//771
f 771//771 781//781 625//625
f 771//771 625//625 746//746
f 663//663 790//790 810//810
f 810//810 790//790 788//788
f 792//792 791//791 786//786
f 786//786 791//791 812//812
f 786//786 812//812 788//788
f 788//788 812//812 811//811
f 788//788 811//811 810//810
f 792//792 786//786 815//815
f 815//815 786//786 784//784
f 815//815 784//784 824//824
f 824//824 784//784 825//825
f 825//825 784//784 782//782
f 825//825 782//782 830//830
f 866//866 877//877 830//830
f 830//830 877//877 829//829
f 877//877 876//876 829//829
f 829//829 876//876 858//858
f 829//829 858//858 828//828
f 828//828 858//858 857//857
f 828//828 857//857 816//816
f 816//816 857//857 832//832
f 816//816 832//832 817//817
f 866//866 776//776 867//867
f 867//867 776//776 777//777
f 867//867 777//777 875//875
f 875//875 777//777 874//874
f 874//874 777//777 778//778
f 874//874 778//778 850//850
f 850//850 778//778 835//835
f 835//835 778//778 779//779
f 835//835 779//779 836//836
f 836//836 779//779 840//840
f 840//840 779//779 780//780
f 840//840 780//780 745//745
f 782//782 776//776 830//830
f 830//830 776//776 866//866
f 878//878 879//879 880//880
f 881//881 882//882 883//883
f 883//883 882//882 880//880
f 879//879 878//878 884//884
f 884//884 878//878 885//885
f 884//884 885//885 886//886
f 880//880 882//882 878//878
f 878//878 882//882 887//887
f 878//878 887//887 885//885
f 885//885 887//887 888//888
f 885//885 888//888 886//886
f 889//889 890//890 891//891
f 891//891 890//890 892//892
f 891//891 892//892 893//893
f 893//893 894//894 891//891
f 891//891 894//894 895//895
f 891//891 895//895 896//896
f 897//897 886//886 888//888
f 888//888 898//898 897//897
f 897//897 898//898 899//899
f 897//897 899//899 889//889
f 889//889 899//899 890//890
f 884//884 886//886 900//900
f 900//900 886//886 897//897
f 900//900 897//897 901//901
f 901//901 897//897 889//889
f 901//901 889//889 902//902
f 902//902 889//889 891//891
f 902//902 891//891 903//903
f 903//903 891//891 896//896
f 903//903 896//896 904//904
f 905//905 906//906 907//907
f 907//907 906//906 908//908
f 907//907 908//908 909//909
f 909//909 908//908 910//910
f 911//911 912//912 896//896
f 896//896 912//912 913//913
f 896//896 913//913 904//904
f 905//905 911//911 906//906
f 906//906 911//911 896//896
f 906//906 896//896 908//908
f 908//908 896//896 895//895
f 908//908 895//895 910//910
f 910//910 895//895 894//894
f 914//914 915//915 905//905
f 907//907 909//909 916//916
f 907//907 916//916 905//905
f 914//914 905//905 916//916
f 909//909 910//910 916//916
f 916//916 910//910 894//894
f 916//916 894//894 914//914
f 914//914 894//894 917//917
f 914//914 917//917 915//915
f 915//915 917//917 918//918
f 915//915 918//918 919//919
f 893//893 892//892 920//920
f 899//899 898//898 921//921
f 893//893 920//920 894//894
f 922//922 923//923 924//924
f 924//924 923//923 925//925
f 924//924 925//925 926//926
f 926//926 925//925 921//921
f 926//926 921//921 888//888
f 888//888 921//921 898//898
f 927//927 928//928 929//929
f 892//892 890//890 920//920
f 920//920 890//890 930//930
f 920//920 930//930 929//929
f 929//929 930//930 931//931
f 929//929 931//931 927//927
f 928//928 919//919 929//929
f 929//929 919//919 918//918
f 929//929 918//918 920//920
f 920//920 918//918 917//917
f 920//920 917//917 894//894
f 890//890 899//899 930//930
f 930//930 899//899 921//921
f 930//930 921//921 931//931
f 931//931 921//921 925//925
f 931//931 925//925 932//932
f 932//932 925//925 923//923
f 881//881 933//933 882//882
f 881//881 934//934 933//933
f 933//933 934//934 935//935
f 933//933 935//935 882//882
f 882//882 935//935 887//887
f 888//888 887//887 926//926
f 926//926 887//887 935//935
f 926//926 935//935 924//924
f 924//924 935//935 934//934
f 924//924 934//934 922//922
f 936//936 937//937 938//938
f 939//939 940//940 905//905
f 905//905 940//940 941//941
f 905//905 941//941 911//911
f 900//900 901//901 936//936
f 936//936 901//901 902//902
f 936//936 902//902 941//941
f 941//941 902//902 903//903
f 941//941 903//903 904//904
f 904//904 913//913 941//941
f 941//941 913//913 912//912
f 941//941 912//912 911//911
f 938//938 881//881 936//936
f 936//936 881//881 883//883
f 936//936 883//883 880//880
f 880//880 879//879 936//936
f 936//936 879//879 884//884
f 936//936 884//884 900//900
f 942//942 943//943 944//944
f 944//944 945//945 942//942
f 942//942 945//945 946//946
f 942//942 946//946 947//947
f 947//947 946//946 948//948
f 947//947 948//948 949//949
f 950//950 951//951 952//952
f 952//952 953//953 950//950
f 950//950 953//953 954//954
f 950//950 954//954 948//948
f 948//948 954//954 955//955
f 948//948 955//955 949//949
f 950//950 948//948 956//956
f 956//956 957//957 950//950
f 950//950 957//957 958//958
f 950//950 958//958 951//951
f 951//951 958//958 959//959
f 951//951 959//959 960//960
f 945//945 944//944 961//961
f 961//961 962//962 945//945
f 945//945 962//962 963//963
f 945//945 963//963 946//946
f 946//946 963//963 964//964
f 946//946 964//964 948//948
f 948//948 964//964 965//965
f 948//948 965//965 956//956
f 966//966 967//967 968//968
f 968//968 967//967 969//969
f 968//968 969//969 970//970
f 966//966 968//968 971//971
f 971//971 968//968 972//972
f 971//971 972//972 973//973
f 973//973 972//972 974//974
f 973//973 974//974 975//975
f 975//975 974//974 976//976
f 975//975 976//976 977//977
f 978//978 979//979 980//980
f 981//981 978//978 982//982
f 981//981 982//982 983//983
f 983//983 982//982 984//984
f 983//983 984//984 985//985
f 978//978 980//980 982//982
f 982//982 980//980 986//986
f 982//982 986//986 984//984
f 984//984 986//986 987//987
f 984//984 987//987 988//988
f 985//985 984//984 989//989
f 989//989 984//984 988//988
f 989//989 988//988 990//990
f 970//970 987//987 968//968
f 968//968 987//987 986//986
f 968//968 986//986 972//972
f 972//972 986//986 980//980
f 972//972 980//980 974//974
f 974//974 980//980 979//979
f 974//974 979//979 976//976
f 991//991 990//990 992//992
f 992//992 990//990 988//988
f 992//992 988//988 993//993
f 993//993 988//988 987//987
f 993//993 987//987 994//994
f 994//994 987//987 970//970
f 944//944 995//995 961//961
f 996//996 997//997 998//998
f 997//997 996//996 999//999
f 1000//1000 1001//1001 1002//1002
f 1000//1000 1002//1002 1003//1003
f 1004//1004 1005//1005 1006//1006
f 995//995 999//999 1007//1007
f 1007//1007 999//999 996//996
f 1007//1007 996//996 1008//1008
f 1009//1009 1003//1003 1010//1010
f 1010//1010 1003//1003 1002//1002
f 1010//1010 1002//1002 1011//1011
f 1011//1011 1002//1002 1012//1012
f 1011//1011 1012//1012 1006//1006
f 1006//1006 1012//1012 1013//1013
f 1006//1006 1013//1013 1004//1004
f 1005//1005 1008//1008 1006//1006
f 1006//1006 1008//1008 996//996
f 1006//1006 996//996 1011//1011
f 1011//1011 996//996 998//998
f 1011//1011 998//998 1010//1010
f 1010//1010 998//998 1014//1014
f 1010//1010 1014//1014 1009//1009
f 1009//1009 1014//1014 1015//1015
f 1016//1016 1017//1017 1018//1018
f 1019//1019 1020//1020 1021//1021
f 1022//1022 1023//1023 1024//1024
f 1025//1025 1026//1026 1027//1027
f 1027//1027 1026//1026 1028//1028
f 1027//1027 1028//1028 1023//1023
f 1029//1029 1030//1030 1031//1031
f 1032//1032 1017//1017 1033//1033
f 1033//1033 1017//1017 1016//1016
f 1033//1033 1016//1016 1034//1034
f 1035//1035 1036//1036 1019//1019
f 1021//1021 1020//1020 1027//1027
f 1027//1027 1020//1020 1037//1037
f 1027//1027 1037//1037 1025//1025
f 1038//1038 1039//1039 1040//1040
f 1040//1040 1039//1039 1022//1022
f 1040//1040 1022//1022 1041//1041
f 1041//1041 1022//1022 1024//1024
f 1041//1041 1024//1024 1042//1042
f 1038//1038 1034//1034 1039//1039
f 1039//1039 1034//1034 1016//1016
f 1039//1039 1016//1016 1043//1043
f 1043//1043 1016//1016 1018//1018
f 1043//1043 1018//1018 1044//1044
f 1044//1044 1018//1018 1045//1045
f 1019//1019 1036//1036 1020//1020
f 1020//1020 1036//1036 1046//1046
f 1020//1020 1046//1046 1037//1037
f 1037//1037 1046//1046 1029//1029
f 1037//1037 1029//1029 1025//1025
f 1025//1025 1029//1029 1031//1031
f 1025//1025 1031//1031 1026//1026
f 1023//1023 1022//1022 1027//1027
f 1027//1027 1022//1022 1039//1039
f 1027//1027 1039//1039 1021//1021
f 1021//1021 1039//1039 1043//1043
f 1021//1021 1043//1043 1019//1019
f 1019//1019 1043//1043 1044//1044
f 1019//1019 1044//1044 1035//1035
f 1035//1035 1044//1044 1045//1045
f 1035//1035 1045//1045 1047//1047
f 1047//1047 1048//1048 1035//1035
f 1035//1035 1048//1048 1049//1049
f 1035//1035 1049//1049 1036//1036
f 1036//1036 1049//1049 1050//1050
f 1036//1036 1050//1050 1046//1046
f 1046//1046 1050//1050 1051//1051
f 1051//1051 1052//1052 1046//1046
f 1046//1046 1052//1052 1053//1053
f 1046//1046 1053//1053 1029//1029
f 1029//1029 1053//1053 1054//1054
f 1029//1029 1054//1054 1030//1030
f 1030//1030 1054//1054 1055//1055
f 991//991 960//960 990//990
f 990//990 960//960 1056//1056
f 990//990 1056//1056 989//989
f 989//989 1056//1056 985//985
f 985//985 1056//1056 1057//1057
f 985//985 1057//1057 983//983
f 1057//1057 1058//1058 983//983
f 983//983 1058//1058 1059//1059
f 983//983 1059//1059 981//981
f 1060//1060 1061//1061 1062//1062
f 1060//1060 1062//1062 1063//1063
f 1063//1063 1062//1062 1064//1064
f 1063//1063 1064//1064 1065//1065
f 1064//1064 1066//1066 1065//1065
f 1065//1065 1066//1066 1067//1067
f 1065//1065 1067//1067 1068//1068
f 1068//1068 1067//1067 1069//1069
f 1068//1068 1069//1069 1070//1070
f 1071//1071 1072//1072 1073//1073
f 1071//1071 1073//1073 1074//1074
f 1074//1074 1073//1073 1075//1075
f 1074//1074 1075//1075 1076//1076
f 1077//1077 1078//1078 1079//1079
f 1079//1079 1080//1080 1077//1077
f 1077//1077 1080//1080 1081//1081
f 1077//1077 1081//1081 1075//1075
f 1075//1075 1081//1081 1082//1082
f 1075//1075 1082//1082 1076//1076
f 1075//1075 1083//1083 1077//1077
f 1077//1077 1083//1083 1084//1084
f 1077//1077 1084//1084 1078//1078
f 1085//1085 1083//1083 1086//1086
f 1086//1086 1083//1083 1075//1075
f 1086//1086 1075//1075 1087//1087
f 1087//1087 1075//1075 1073//1073
f 1087//1087 1073//1073 1088//1088
f 1088//1088 1073//1073 1072//1072
f 1088//1088 1072//1072 1089//1089
f 1090//1090 1091//1091 1092//1092
f 1093//1093 1094//1094 1095//1095
f 1093//1093 1095//1095 1096//1096
f 1096//1096 1095//1095 1097//1097
f 1096//1096 1097//1097 1098//1098
f 1098//1098 1097//1097 1099//1099
f 1099//1099 1097//1097 1092//1092
f 1099//1099 1092//1092 1100//1100
f 1100//1100 1092//1092 1091//1091
f 1100//1100 1091//1091 1101//1101
f 1094//1094 1102//1102 1095//1095
f 1095//1095 1102//1102 1103//1103
f 1095//1095 1103//1103 1097//1097
f 1104//1104 1090//1090 1105//1105
f 1105//1105 1090//1090 1092//1092
f 1105//1105 1092//1092 1106//1106
f 1106//1106 1092//1092 1097//1097
f 1106//1106 1097//1097 1107//1107
f 1107//1107 1097//1097 1103//1103
f 1108//1108 1109//1109 1110//1110
f 1111//1111 1112//1112 1113//1113
f 1114//1114 1115//1115 1116//1116
f 1101//1101 1091//1091 1117//1117
f 1117//1117 1091//1091 1118//1118
f 1117//1117 1118//1118 1113//1113
f 1113//1113 1118//1118 1119//1119
f 1113//1113 1119//1119 1111//1111
f 1108//1108 1110//1110 1120//1120
f 1120//1120 1110//1110 1121//1121
f 1120//1120 1121//1121 1122//1122
f 1110//1110 1114//1114 1121//1121
f 1121//1121 1114//1114 1116//1116
f 1121//1121 1116//1116 1122//1122
f 1122//1122 1116//1116 1123//1123
f 1122//1122 1123//1123 1124//1124
f 1124//1124 1123//1123 1125//1125
f 1124//1124 1125//1125 1126//1126
f 1126//1126 1112//1112 1124//1124
f 1124//1124 1112//1112 1111//1111
f 1124//1124 1111//1111 1122//1122
f 1122//1122 1111//1111 1119//1119
f 1122//1122 1119//1119 1120//1120
f 1120//1120 1119//1119 1118//1118
f 1120//1120 1118//1118 1108//1108
f 1108//1108 1118//1118 1091//1091
f 1108//1108 1091//1091 1109//1109
f 1109//1109 1091//1091 1090//1090
f 1109//1109 1090//1090 1104//1104
f 1102//1102 1127//1127 1103//1103
f 1103//1103 1127//1127 1128//1128
f 1103//1103 1128//1128 1107//1107
f 1107//1107 1128//1128 1129//1129
f 1107//1107 1129//1129 1106//1106
f 1106//1106 1129//1129 1130//1130
f 1106//1106 1130//1130 1105//1105
f 1105//1105 1130//1130 1131//1131
f 1105//1105 1131//1131 1104//1104
f 1104//1104 1131//1131 1132//1132
f 1061//1061 1133//1133 1062//1062
f 1062//1062 1133//1133 1134//1134
f 1062//1062 1134//1134 1064//1064
f 1064//1064 1134//1134 1066//1066
f 1066//1066 1134//1134 1135//1135
f 1066//1066 1135//1135 1067//1067
f 1136//1136 1069//1069 1137//1137
f 1137//1137 1069//1069 1067//1067
f 1137//1137 1067//1067 1138//1138
f 1138//1138 1067//1067 1135//1135
f 1139//1139 1140//1140 1141//1141
f 1142//1142 1143//1143 1144//1144
f 1142//1142 1144//1144 1145//1145
f 1145//1145 1144//1144 1146//1146
f 1145//1145 1146//1146 1147//1147
f 1148//1148 1149//1149 1150//1150
f 1151//1151 1152//1152 1149//1149
f 1153//1153 1154//1154 1139//1139
f 1155//1155 1156//1156 1157//1157
f 1157//1157 1156//1156 1158//1158
f 1151//1151 1149//1149 1159//1159
f 1159//1159 1149//1149 1148//1148
f 1159//1159 1148//1148 1157//1157
f 1155//1155 1157//1157 1160//1160
f 1160//1160 1157//1157 1148//1148
f 1160//1160 1148//1148 1161//1161
f 1161//1161 1148//1148 1150//1150
f 1161//1161 1150//1150 1162//1162
f 1154//1154 1153//1153 1163//1163
f 1163//1163 1153//1153 1164//1164
f 1163//1163 1164//1164 1165//1165
f 1165//1165 1164//1164 1166//1166
f 1165//1165 1166//1166 1167//1167
f 1168//1168 1158//1158 1169//1169
f 1169//1169 1158//1158 1156//1156
f 1169//1169 1156//1156 1170//1170
f 1170//1170 1156//1156 1155//1155
f 1170//1170 1155//1155 1171//1171
f 1171//1171 1155//1155 1141//1141
f 1171//1171 1141//1141 1172//1172
f 1172//1172 1141//1141 1140//1140
f 1172//1172 1140//1140 1173//1173
f 1158//1158 1174//1174 1157//1157
f 1157//1157 1174//1174 1175//1175
f 1157//1157 1175//1175 1159//1159
f 1159//1159 1175//1175 1176//1176
f 1159//1159 1176//1176 1151//1151
f 1151//1151 1176//1176 1177//1177
f 1151//1151 1177//1177 1152//1152
f 1152//1152 1177//1177 1178//1178
f 1143//1143 1167//1167 1144//1144
f 1144//1144 1167//1167 1166//1166
f 1144//1144 1166//1166 1146//1146
f 1146//1146 1166//1166 1179//1179
f 1146//1146 1179//1179 1147//1147
f 1139//1139 1141//1141 1153//1153
f 1153//1153 1141//1141 1155//1155
f 1153//1153 1155//1155 1164//1164
f 1164//1164 1155//1155 1160//1160
f 1164//1164 1160//1160 1166//1166
f 1166//1166 1160//1160 1161//1161
f 1166//1166 1161//1161 1179//1179
f 1179//1179 1161//1161 1162//1162
f 1179//1179 1162//1162 1147//1147
f 1132//1132 1180//1180 1181//1181
f 1182//1182 1115//1115 1183//1183
f 1183//1183 1115//1115 1114//1114
f 1183//1183 1114//1114 1184//1184
f 1184//1184 1114//1114 1110//1110
f 1184//1184 1110//1110 1181//1181
f 1181//1181 1110//1110 1109//1109
f 1181//1181 1109//1109 1132//1132
f 1132//1132 1109//1109 1104//1104
f 1084//1084 1185//1185 1186//1186
f 1186//1186 1187//1187 1084//1084
f 1084//1084 1187//1187 1188//1188
f 1084//1084 1188//1188 1189//1189
f 1190//1190 1191//1191 1192//1192
f 1192//1192 1191//1191 1193//1193
f 1192//1192 1193//1193 1194//1194
f 1061//1061 1078//1078 1133//1133
f 1133//1133 1078//1078 1084//1084
f 1133//1133 1084//1084 1195//1195
f 1195//1195 1084//1084 1189//1189
f 1196//1196 1192//1192 1185//1185
f 1185//1185 1192//1192 1197//1197
f 1185//1185 1197//1197 1186//1186
f 1196//1196 1198//1198 1192//1192
f 1192//1192 1198//1198 1199//1199
f 1192//1192 1199//1199 1190//1190
f 1139//1139 1200//1200 1140//1140
f 1140//1140 1200//1200 1201//1201
f 1140//1140 1201//1201 1173//1173
f 1173//1173 1201//1201 1202//1202
f 1173//1173 1202//1202 1203//1203
f 1142//1142 1204//1204 1143//1143
f 1143//1143 1204//1204 1205//1205
f 1143//1143 1205//1205 1167//1167
f 1167//1167 1205//1205 1206//1206
f 1167//1167 1206//1206 1165//1165
f 1165//1165 1206//1206 1207//1207
f 1165//1165 1207//1207 1163//1163
f 1163//1163 1207//1207 1208//1208
f 1163//1163 1208//1208 1154//1154
f 1154//1154 1208//1208 1209//1209
f 1154//1154 1209//1209 1139//1139
f 1139//1139 1209//1209 1210//1210
f 1139//1139 1210//1210 1200//1200
f 881//881 938//938 1211//1211
f 881//881 1211//1211 934//934
f 934//934 1211//1211 1212//1212
f 934//934 1212//1212 922//922
f 919//919 1213//1213 1214//1214
f 919//919 1214//1214 915//915
f 1214//1214 1215//1215 915//915
f 915//915 1215//1215 939//939
f 915//915 939//939 905//905
f 1216//1216 1217//1217 1218//1218
f 1219//1219 1220//1220 1221//1221
f 1222//1222 1223//1223 1224//1224
f 1224//1224 1223//1223 1225//1225
f 1225//1225 1223//1223 1217//1217
f 1217//1217 1223//1223 1226//1226
f 1217//1217 1226//1226 1218//1218
f 939//939 1215//1215 1227//1227
f 1227//1227 1215//1215 1228//1228
f 1227//1227 1228//1228 1229//1229
f 1230//1230 1231//1231 1232//1232
f 1232//1232 1231//1231 1233//1233
f 1232//1232 1233//1233 1234//1234
f 1234//1234 1233//1233 1235//1235
f 1236//1236 1231//1231 1226//1226
f 1226//1226 1231//1231 1230//1230
f 1226//1226 1230//1230 1218//1218
f 1222//1222 1221//1221 1223//1223
f 1223//1223 1221//1221 1220//1220
f 1223//1223 1220//1220 1226//1226
f 1226//1226 1220//1220 1237//1237
f 1226//1226 1237//1237 1236//1236
f 1238//1238 1239//1239 1240//1240
f 1240//1240 1239//1239 1241//1241
f 1240//1240 1241//1241 1242//1242
f 1242//1242 1241//1241 1243//1243
f 1242//1242 1243//1243 1244//1244
f 1244//1244 1243//1243 1245//1245
f 1244//1244 1245//1245 1246//1246
f 1246//1246 1245//1245 1247//1247
f 1246//1246 1247//1247 1213//1213
f 1213//1213 1247//1247 1214//1214
f 1236//1236 1248//1248 1231//1231
f 1231//1231 1248//1248 1249//1249
f 1231//1231 1249//1249 1233//1233
f 1233//1233 1249//1249 1250//1250
f 1233//1233 1250//1250 1235//1235
f 1235//1235 1250//1250 1229//1229
f 1235//1235 1229//1229 1234//1234
f 1234//1234 1229//1229 1228//1228
f 1215//1215 1214//1214 1228//1228
f 1228//1228 1214//1214 1247//1247
f 1228//1228 1247//1247 1234//1234
f 1234//1234 1247//1247 1245//1245
f 1234//1234 1245//1245 1232//1232
f 1232//1232 1245//1245 1243//1243
f 1232//1232 1243//1243 1230//1230
f 1230//1230 1243//1243 1241//1241
f 1230//1230 1241//1241 1218//1218
f 1218//1218 1241//1241 1239//1239
f 1218//1218 1239//1239 1216//1216
f 1251//1251 1212//1212 1211//1211
f 1252//1252 1253//1253 938//938
f 1254//1254 1255//1255 1256//1256
f 1256//1256 1255//1255 1257//1257
f 1256//1256 1257//1257 1258//1258
f 1258//1258 1257//1257 1259//1259
f 1258//1258 1259//1259 1260//1260
f 1253//1253 1252//1252 1261//1261
f 1252//1252 1262//1262 1261//1261
f 1261//1261 1262//1262 1263//1263
f 1261//1261 1263//1263 1264//1264
f 1264//1264 1263//1263 1265//1265
f 1264//1264 1265//1265 1266//1266
f 1266//1266 1265//1265 1267//1267
f 1266//1266 1267//1267 1260//1260
f 1260//1260 1267//1267 1268//1268
f 1260//1260 1268//1268 1258//1258
f 1251//1251 1211//1211 1269//1269
f 1269//1269 1211//1211 1270//1270
f 1269//1269 1270//1270 1271//1271
f 1272//1272 1273//1273 1274//1274
f 1274//1274 1273//1273 1275//1275
f 1274//1274 1275//1275 1271//1271
f 1271//1271 1275//1275 1276//1276
f 1271//1271 1276//1276 1269//1269
f 1277//1277 1278//1278 1279//1279
f 1279//1279 1278//1278 1280//1280
f 1279//1279 1280//1280 1272//1272
f 1272//1272 1280//1280 1273//1273
f 1273//1273 1280//1280 1281//1281
f 1273//1273 1281//1281 1275//1275
f 1275//1275 1281//1281 1282//1282
f 1275//1275 1282//1282 1276//1276
f 1276//1276 1282//1282 1283//1283
f 1276//1276 1283//1283 1269//1269
f 1257//1257 1284//1284 1259//1259
f 1259//1259 1284//1284 1277//1277
f 1259//1259 1277//1277 1260//1260
f 1260//1260 1277//1277 1279//1279
f 1260//1260 1279//1279 1266//1266
f 1266//1266 1279//1279 1272//1272
f 1266//1266 1272//1272 1264//1264
f 1264//1264 1272//1272 1274//1274
f 1264//1264 1274//1274 1261//1261
f 1261//1261 1274//1274 1271//1271
f 1261//1261 1271//1271 1253//1253
f 1253//1253 1271//1271 1270//1270
f 1253//1253 1270//1270 938//938
f 938//938 1270//1270 1211//1211
f 1285//1285 1286//1286 1287//1287
f 1288//1288 1289//1289 1219//1219
f 1254//1254 1290//1290 1291//1291
f 1292//1292 1293//1293 1294//1294
f 1294//1294 1293//1293 1295//1295
f 1296//1296 1297//1297 1298//1298
f 1026//1026 1299//1299 1028//1028
f 1028//1028 1299//1299 1300//1300
f 1028//1028 1300//1300 1023//1023
f 1023//1023 1300//1300 1301//1301
f 1023//1023 1301//1301 1024//1024
f 1024//1024 1301//1301 1042//1042
f 1302//1302 1303//1303 1297//1297
f 1297//1297 1303//1303 1304//1304
f 1297//1297 1304//1304 1298//1298
f 1150//1150 1149//1149 1305//1305
f 1305//1305 1149//1149 1152//1152
f 1305//1305 1152//1152 1306//1306
f 1306//1306 1152//1152 1178//1178
f 1306//1306 1178//1178 1302//1302
f 1302//1302 1178//1178 1307//1307
f 1302//1302 1307//1307 1303//1303
f 1055//1055 1219//1219 1030//1030
f 1030//1030 1219//1219 1299//1299
f 1030//1030 1299//1299 1031//1031
f 1031//1031 1299//1299 1026//1026
f 1308//1308 1309//1309 1310//1310
f 1310//1310 1309//1309 1296//1296
f 1310//1310 1296//1296 1311//1311
f 1285//1285 1287//1287 1312//1312
f 1312//1312 1287//1287 1313//1313
f 1312//1312 1313//1313 1314//1314
f 1314//1314 1313//1313 1281//1281
f 1314//1314 1281//1281 1315//1315
f 1288//1288 1147//1147 1305//1305
f 1305//1305 1147//1147 1162//1162
f 1305//1305 1162//1162 1150//1150
f 981//981 1059//1059 1316//1316
f 1316//1316 1059//1059 1317//1317
f 1316//1316 1317//1317 1318//1318
f 1317//1317 1319//1319 1318//1318
f 1318//1318 1319//1319 1320//1320
f 1318//1318 1320//1320 1321//1321
f 1318//1318 1322//1322 1295//1295
f 1295//1295 1322//1322 1323//1323
f 1295//1295 1323//1323 1294//1294
f 1318//1318 1295//1295 1316//1316
f 1316//1316 1295//1295 1324//1324
f 1316//1316 1324//1324 1325//1325
f 1308//1308 1326//1326 1327//1327
f 1327//1327 1326//1326 1293//1293
f 1327//1327 1293//1293 1328//1328
f 1328//1328 1293//1293 1292//1292
f 1329//1329 1330//1330 1296//1296
f 1296//1296 1330//1330 1331//1331
f 1296//1296 1331//1331 1332//1332
f 1298//1298 1333//1333 1296//1296
f 1296//1296 1333//1333 1334//1334
f 1296//1296 1334//1334 1335//1335
f 1335//1335 1336//1336 1296//1296
f 1296//1296 1336//1336 1337//1337
f 1296//1296 1337//1337 1329//1329
f 1329//1329 1337//1337 1338//1338
f 1286//1286 1285//1285 1339//1339
f 1339//1339 1285//1285 1340//1340
f 1339//1339 1340//1340 1238//1238
f 1238//1238 1340//1340 1341//1341
f 1238//1238 1341//1341 1239//1239
f 1239//1239 1341//1341 1342//1342
f 1239//1239 1342//1342 1216//1216
f 1327//1327 1343//1343 1219//1219
f 1219//1219 1343//1343 1344//1344
f 1219//1219 1344//1344 1299//1299
f 1332//1332 1345//1345 1296//1296
f 1296//1296 1345//1345 1346//1346
f 1296//1296 1346//1346 1311//1311
f 1281//1281 1280//1280 1315//1315
f 1315//1315 1280//1280 1278//1278
f 1315//1315 1278//1278 1277//1277
f 1224//1224 1342//1342 1222//1222
f 1222//1222 1342//1342 1347//1347
f 1321//1321 1348//1348 1318//1318
f 1318//1318 1348//1348 1349//1349
f 1318//1318 1349//1349 1301//1301
f 1301//1301 1349//1349 1350//1350
f 1301//1301 1350//1350 1042//1042
f 1289//1289 1351//1351 1219//1219
f 1219//1219 1351//1351 1352//1352
f 1219//1219 1352//1352 1327//1327
f 1327//1327 1352//1352 1353//1353
f 1327//1327 1353//1353 1308//1308
f 1308//1308 1353//1353 1354//1354
f 1308//1308 1354//1354 1309//1309
f 1277//1277 1284//1284 1315//1315
f 1315//1315 1284//1284 1257//1257
f 1315//1315 1257//1257 1291//1291
f 1291//1291 1257//1257 1255//1255
f 1291//1291 1255//1255 1254//1254
f 1224//1224 1225//1225 1342//1342
f 1342//1342 1225//1225 1217//1217
f 1342//1342 1217//1217 1216//1216
f 1254//1254 1204//1204 1142//1142
f 1325//1325 1355//1355 1316//1316
f 1316//1316 1355//1355 1356//1356
f 1316//1316 1356//1356 1357//1357
f 1290//1290 1254//1254 1358//1358
f 1358//1358 1254//1254 1142//1142
f 1358//1358 1142//1142 1145//1145
f 1145//1145 1147//1147 1358//1358
f 1358//1358 1147//1147 1288//1288
f 1358//1358 1288//1288 1359//1359
f 1359//1359 1288//1288 1219//1219
f 1359//1359 1219//1219 1347//1347
f 1347//1347 1219//1219 1221//1221
f 1347//1347 1221//1221 1222//1222
f 1357//1357 1360//1360 1316//1316
f 1316//1316 1360//1360 1361//1361
f 1316//1316 1361//1361 1362//1362
f 1363//1363 1364//1364 1365//1365
f 1210//1210 1209//1209 1366//1366
f 1204//1204 1367//1367 1368//1368
f 1368//1368 1367//1367 1369//1369
f 1368//1368 1369//1369 1207//1207
f 1207//1207 1206//1206 1368//1368
f 1368//1368 1206//1206 1205//1205
f 1368//1368 1205//1205 1204//1204
f 1210//1210 1366//1366 1200//1200
f 1200//1200 1366//1366 1370//1370
f 1200//1200 1370//1370 1201//1201
f 1201//1201 1370//1370 1365//1365
f 1201//1201 1365//1365 1202//1202
f 1202//1202 1365//1365 1364//1364
f 1202//1202 1364//1364 1203//1203
f 1209//1209 1208//1208 1366//1366
f 1366//1366 1208//1208 1371//1371
f 1366//1366 1371//1371 1370//1370
f 1370//1370 1371//1371 1372//1372
f 1370//1370 1372//1372 1365//1365
f 1365//1365 1372//1372 1373//1373
f 1365//1365 1373//1373 1363//1363
f 1363//1363 1373//1373 1374//1374
f 1208//1208 1207//1207 1371//1371
f 1371//1371 1207//1207 1369//1369
f 1371//1371 1369//1369 1372//1372
f 1372//1372 1369//1369 1375//1375
f 1372//1372 1375//1375 1373//1373
f 1373//1373 1375//1375 1376//1376
f 1373//1373 1376//1376 1374//1374
f 1374//1374 1376//1376 1377//1377
f 937//937 1377//1377 1378//1378
f 1378//1378 1377//1377 1376//1376
f 1378//1378 1376//1376 1379//1379
f 1379//1379 1376//1376 1375//1375
f 1379//1379 1375//1375 1380//1380
f 1380//1380 1375//1375 1369//1369
f 1380//1380 1369//1369 1381//1381
f 1381//1381 1369//1369 1367//1367
f 1382//1382 1129//1129 1128//1128
f 1382//1382 1383//1383 1129//1129
f 1129//1129 1383//1383 1384//1384
f 1129//1129 1384//1384 1130//1130
f 1130//1130 1384//1384 1385//1385
f 1130//1130 1385//1385 1131//1131
f 1131//1131 1385//1385 1386//1386
f 1131//1131 1386//1386 1132//1132
f 1132//1132 1386//1386 1387//1387
f 1388//1388 1389//1389 1127//1127
f 1127//1127 1389//1389 1390//1390
f 1127//1127 1390//1390 1128//1128
f 1128//1128 1390//1390 1391//1391
f 1128//1128 1391//1391 1382//1382
f 1338//1338 1337//1337 1392//1392
f 1392//1392 1337//1337 1393//1393
f 1392//1392 1393//1393 1394//1394
f 1394//1394 1393//1393 1395//1395
f 1394//1394 1395//1395 1396//1396
f 1396//1396 1395//1395 1397//1397
f 1396//1396 1397//1397 1398//1398
f 1398//1398 1397//1397 1399//1399
f 1400//1400 1388//1388 1136//1136
f 1397//1397 1401//1401 1399//1399
f 1399//1399 1401//1401 1400//1400
f 1399//1399 1400//1400 1402//1402
f 1402//1402 1400//1400 1136//1136
f 1403//1403 1404//1404 1405//1405
f 1053//1053 1052//1052 1406//1406
f 1052//1052 1051//1051 1406//1406
f 1406//1406 1051//1051 1050//1050
f 1406//1406 1050//1050 1407//1407
f 1407//1407 1050//1050 1049//1049
f 1407//1407 1049//1049 1408//1408
f 1408//1408 1049//1049 1048//1048
f 1408//1408 1048//1048 1409//1409
f 1404//1404 940//940 1405//1405
f 1405//1405 940//940 1410//1410
f 1405//1405 1410//1410 1411//1411
f 1412//1412 1413//1413 1414//1414
f 1414//1414 1413//1413 1415//1415
f 1414//1414 1415//1415 1416//1416
f 1416//1416 1415//1415 1411//1411
f 1416//1416 1411//1411 1417//1417
f 1417//1417 1411//1411 1410//1410
f 1409//1409 1403//1403 1408//1408
f 1408//1408 1403//1403 1405//1405
f 1408//1408 1405//1405 1407//1407
f 1407//1407 1405//1405 1411//1411
f 1407//1407 1411//1411 1406//1406
f 1406//1406 1411//1411 1415//1415
f 1406//1406 1415//1415 1053//1053
f 1053//1053 1415//1415 1413//1413
f 1053//1053 1413//1413 1054//1054
f 1054//1054 1413//1413 1412//1412
f 1054//1054 1412//1412 1055//1055
f 1168//1168 1418//1418 1158//1158
f 1158//1158 1418//1418 1419//1419
f 1158//1158 1419//1419 1174//1174
f 1174//1174 1419//1419 1420//1420
f 1174//1174 1420//1420 1175//1175
f 1175//1175 1420//1420 1421//1421
f 1175//1175 1421//1421 1176//1176
f 1176//1176 1421//1421 1422//1422
f 1176//1176 1422//1422 1177//1177
f 1177//1177 1422//1422 1423//1423
f 1177//1177 1423//1423 1178//1178
f 1178//1178 1423//1423 1307//1307
f 1424//1424 1425//1425 1426//1426
f 1427//1427 1428//1428 1429//1429
f 1430//1430 1431//1431 1432//1432
f 1433//1433 1434//1434 1424//1424
f 1430//1430 1432//1432 1429//1429
f 1429//1429 1432//1432 1435//1435
f 1429//1429 1435//1435 1427//1427
f 1436//1436 1437//1437 1438//1438
f 1438//1438 1437//1437 1439//1439
f 1438//1438 1439//1439 1440//1440
f 1440//1440 1439//1439 1441//1441
f 1440//1440 1441//1441 1418//1418
f 1442//1442 1438//1438 1443//1443
f 1443//1443 1438//1438 1440//1440
f 1443//1443 1440//1440 1444//1444
f 1444//1444 1440//1440 1418//1418
f 1425//1425 1424//1424 1445//1445
f 1445//1445 1424//1424 1434//1434
f 1445//1445 1434//1434 1446//1446
f 1447//1447 1448//1448 1449//1449
f 1449//1449 1448//1448 1450//1450
f 1449//1449 1450//1450 1451//1451
f 1430//1430 1433//1433 1431//1431
f 1431//1431 1433//1433 1424//1424
f 1431//1431 1424//1424 1452//1452
f 1452//1452 1424//1424 1426//1426
f 1452//1452 1426//1426 1448//1448
f 1448//1448 1426//1426 1453//1453
f 1448//1448 1453//1453 1450//1450
f 1447//1447 1436//1436 1448//1448
f 1448//1448 1436//1436 1438//1438
f 1448//1448 1438//1438 1452//1452
f 1452//1452 1438//1438 1442//1442
f 1452//1452 1442//1442 1431//1431
f 1431//1431 1442//1442 1443//1443
f 1431//1431 1443//1443 1432//1432
f 1432//1432 1443//1443 1444//1444
f 1432//1432 1444//1444 1435//1435
f 1446//1446 1434//1434 1181//1181
f 1446//1446 1181//1181 1180//1180
f 1429//1429 1428//1428 1182//1182
f 1434//1434 1433//1433 1181//1181
f 1181//1181 1433//1433 1430//1430
f 1181//1181 1430//1430 1184//1184
f 1184//1184 1430//1430 1429//1429
f 1184//1184 1429//1429 1183//1183
f 1183//1183 1429//1429 1182//1182
f 1042//1042 1350//1350 1041//1041
f 1041//1041 1350//1350 1454//1454
f 1041//1041 1454//1454 1040//1040
f 1040//1040 1454//1454 1455//1455
f 1040//1040 1455//1455 1038//1038
f 1038//1038 1455//1455 1456//1456
f 1038//1038 1456//1456 1034//1034
f 1034//1034 1456//1456 1457//1457
f 1034//1034 1457//1457 1033//1033
f 1033//1033 1457//1457 1458//1458
f 1033//1033 1458//1458 1032//1032
f 1032//1032 1458//1458 1001//1001
f 1459//1459 1460//1460 1461//1461
f 1461//1461 1460//1460 1462//1462
f 1461//1461 1462//1462 1463//1463
f 1463//1463 1462//1462 1464//1464
f 1463//1463 1464//1464 1465//1465
f 1465//1465 1464//1464 1466//1466
f 1465//1465 1466//1466 1467//1467
f 1467//1467 1466//1466 1468//1468
f 1469//1469 1470//1470 1471//1471
f 1471//1471 1470//1470 1472//1472
f 1471//1471 1472//1472 1473//1473
f 1473//1473 1472//1472 1474//1474
f 1474//1474 1472//1472 1467//1467
f 1474//1474 1467//1467 1468//1468
f 1475//1475 1476//1476 1477//1477
f 1478//1478 1479//1479 1480//1480
f 1476//1476 1475//1475 1481//1481
f 1482//1482 1483//1483 1484//1484
f 1479//1479 1478//1478 1485//1485
f 1486//1486 1487//1487 1488//1488
f 1487//1487 1486//1486 1489//1489
f 1490//1490 1491//1491 1492//1492
f 1473//1473 1474//1474 1493//1493
f 1493//1493 1474//1474 1494//1494
f 1493//1493 1494//1494 1495//1495
f 1495//1495 1494//1494 1496//1496
f 1495//1495 1496//1496 1497//1497
f 1498//1498 1499//1499 1500//1500
f 1501//1501 1502//1502 1503//1503
f 1503//1503 1502//1502 1478//1478
f 1475//1475 1504//1504 1505//1505
f 1505//1505 1504//1504 1506//1506
f 1505//1505 1506//1506 1507//1507
f 1507//1507 1506//1506 1508//1508
f 1507//1507 1508//1508 1509//1509
f 1499//1499 1509//1509 1500//1500
f 1500//1500 1509//1509 1508//1508
f 1500//1500 1508//1508 1484//1484
f 1484//1484 1508//1508 1506//1506
f 1484//1484 1506//1506 1482//1482
f 1482//1482 1506//1506 1504//1504
f 1480//1480 1510//1510 1478//1478
f 1478//1478 1510//1510 1511//1511
f 1478//1478 1511//1511 1503//1503
f 1503//1503 1511//1511 1512//1512
f 1503//1503 1512//1512 1501//1501
f 1501//1501 1512//1512 1513//1513
f 1501//1501 1513//1513 1514//1514
f 1514//1514 1513//1513 1515//1515
f 1514//1514 1515//1515 1516//1516
f 1516//1516 1515//1515 1517//1517
f 1518//1518 1499//1499 1495//1495
f 1495//1495 1499//1499 1498//1498
f 1495//1495 1498//1498 1493//1493
f 1493//1493 1498//1498 1519//1519
f 1493//1493 1519//1519 1473//1473
f 1473//1473 1519//1519 1471//1471
f 1477//1477 1520//1520 1475//1475
f 1475//1475 1520//1520 1521//1521
f 1475//1475 1521//1521 1504//1504
f 1504//1504 1521//1521 1522//1522
f 1504//1504 1522//1522 1482//1482
f 1482//1482 1522//1522 1523//1523
f 1482//1482 1523//1523 1483//1483
f 1523//1523 1524//1524 1483//1483
f 1483//1483 1524//1524 1525//1525
f 1483//1483 1525//1525 1484//1484
f 1484//1484 1525//1525 1489//1489
f 1484//1484 1489//1489 1500//1500
f 1500//1500 1489//1489 1486//1486
f 1500//1500 1486//1486 1498//1498
f 1498//1498 1486//1486 1488//1488
f 1498//1498 1488//1488 1519//1519
f 1519//1519 1488//1488 1526//1526
f 1519//1519 1526//1526 1471//1471
f 1471//1471 1526//1526 1469//1469
f 1485//1485 1478//1478 1527//1527
f 1527//1527 1478//1478 1502//1502
f 1527//1527 1502//1502 1528//1528
f 1528//1528 1502//1502 1501//1501
f 1528//1528 1501//1501 1529//1529
f 1529//1529 1501//1501 1514//1514
f 1529//1529 1514//1514 1492//1492
f 1492//1492 1514//1514 1516//1516
f 1492//1492 1516//1516 1490//1490
f 1490//1490 1516//1516 1517//1517
f 1490//1490 1517//1517 1530//1530
f 1497//1497 1530//1530 1495//1495
f 1495//1495 1530//1530 1517//1517
f 1495//1495 1517//1517 1518//1518
f 1518//1518 1517//1517 1515//1515
f 1518//1518 1515//1515 1499//1499
f 1499//1499 1515//1515 1513//1513
f 1499//1499 1513//1513 1509//1509
f 1509//1509 1513//1513 1512//1512
f 1509//1509 1512//1512 1507//1507
f 1507//1507 1512//1512 1511//1511
f 1507//1507 1511//1511 1505//1505
f 1505//1505 1511//1511 1510//1510
f 1505//1505 1510//1510 1475//1475
f 1475//1475 1510//1510 1480//1480
f 1475//1475 1480//1480 1481//1481
f 1316//1316 1531//1531 981//981
f 981//981 1531//1531 978//978
f 978//978 1531//1531 979//979
f 979//979 1531//1531 1532//1532
f 979//979 1532//1532 976//976
f 976//976 1532//1532 1491//1491
f 976//976 1491//1491 977//977
f 1533//1533 1534//1534 1535//1535
f 1533//1533 1535//1535 1536//1536
f 1089//1089 1459//1459 1537//1537
f 1537//1537 1459//1459 1536//1536
f 1537//1537 1536//1536 1538//1538
f 1538//1538 1536//1536 1535//1535
f 938//938 937//937 1252//1252
f 1252//1252 937//937 1378//1378
f 1252//1252 1378//1378 1262//1262
f 1267//1267 1265//1265 1379//1379
f 1379//1379 1265//1265 1378//1378
f 1378//1378 1265//1265 1263//1263
f 1378//1378 1263//1263 1262//1262
f 1204//1204 1254//1254 1367//1367
f 1367//1367 1254//1254 1256//1256
f 1379//1379 1380//1380 1267//1267
f 1267//1267 1380//1380 1381//1381
f 1267//1267 1381//1381 1268//1268
f 1268//1268 1381//1381 1367//1367
f 1268//1268 1367//1367 1258//1258
f 1258//1258 1367//1367 1256//1256
f 1416//1416 1237//1237 1414//1414
f 1414//1414 1237//1237 1220//1220
f 1414//1414 1220//1220 1412//1412
f 1412//1412 1220//1220 1219//1219
f 1412//1412 1219//1219 1055//1055
f 1410//1410 1249//1249 1417//1417
f 1417//1417 1249//1249 1248//1248
f 1417//1417 1248//1248 1416//1416
f 1416//1416 1248//1248 1236//1236
f 1416//1416 1236//1236 1237//1237
f 939//939 1227//1227 940//940
f 940//940 1227//1227 1229//1229
f 940//940 1229//1229 1410//1410
f 1410//1410 1229//1229 1250//1250
f 1410//1410 1250//1250 1249//1249
f 1539//1539 965//965 964//964
f 1540//1540 1541//1541 1542//1542
f 1319//1319 1543//1543 1544//1544
f 1058//1058 1545//1545 1059//1059
f 1059//1059 1545//1545 1317//1317
f 1319//1319 1544//1544 1320//1320
f 1320//1320 1544//1544 1546//1546
f 1320//1320 1546//1546 1321//1321
f 1349//1349 1348//1348 1547//1547
f 1547//1547 1348//1348 1321//1321
f 1547//1547 1321//1321 1548//1548
f 1548//1548 1321//1321 1546//1546
f 1548//1548 1546//1546 1549//1549
f 1550//1550 1551//1551 1552//1552
f 1552//1552 1551//1551 1553//1553
f 1552//1552 1553//1553 1350//1350
f 1540//1540 1542//1542 1554//1554
f 1554//1554 1542//1542 1555//1555
f 1554//1554 1555//1555 1556//1556
f 1557//1557 1558//1558 1559//1559
f 1560//1560 1561//1561 1562//1562
f 1562//1562 1561//1561 1563//1563
f 1562//1562 1563//1563 1564//1564
f 1564//1564 1563//1563 1565//1565
f 1564//1564 1565//1565 1566//1566
f 1566//1566 1565//1565 1558//1558
f 1567//1567 1555//1555 1568//1568
f 1568//1568 1555//1555 1542//1542
f 1568//1568 1542//1542 1550//1550
f 1550//1550 1542//1542 1541//1541
f 1550//1550 1541//1541 1551//1551
f 1551//1551 1541//1541 1540//1540
f 1350//1350 1349//1349 1552//1552
f 1552//1552 1349//1349 1547//1547
f 1552//1552 1547//1547 1550//1550
f 1550//1550 1547//1547 1548//1548
f 1550//1550 1548//1548 1568//1568
f 1568//1568 1548//1548 1549//1549
f 1568//1568 1549//1549 1567//1567
f 1543//1543 1569//1569 1544//1544
f 1544//1544 1569//1569 1570//1570
f 1544//1544 1570//1570 1546//1546
f 1546//1546 1570//1570 1571//1571
f 1546//1546 1571//1571 1549//1549
f 1549//1549 1571//1571 1572//1572
f 1549//1549 1572//1572 1567//1567
f 1567//1567 1572//1572 1573//1573
f 1567//1567 1573//1573 1555//1555
f 1555//1555 1573//1573 1574//1574
f 1555//1555 1574//1574 1556//1556
f 1559//1559 1575//1575 1557//1557
f 1557//1557 1575//1575 1576//1576
f 1557//1557 1576//1576 1577//1577
f 1577//1577 1576//1576 1545//1545
f 1577//1577 1545//1545 1057//1057
f 1057//1057 1545//1545 1058//1058
f 1057//1057 1056//1056 1577//1577
f 1577//1577 1056//1056 1578//1578
f 1577//1577 1578//1578 1557//1557
f 1557//1557 1578//1578 1579//1579
f 1557//1557 1579//1579 1558//1558
f 1558//1558 1579//1579 1580//1580
f 1558//1558 1580//1580 1566//1566
f 1566//1566 1580//1580 1539//1539
f 1566//1566 1539//1539 1564//1564
f 1564//1564 1539//1539 964//964
f 1564//1564 964//964 1562//1562
f 961//961 1560//1560 962//962
f 962//962 1560//1560 1562//1562
f 962//962 1562//1562 963//963
f 963//963 1562//1562 964//964
f 1056//1056 960//960 1578//1578
f 1578//1578 960//960 959//959
f 1578//1578 959//959 1579//1579
f 1579//1579 959//959 958//958
f 1579//1579 958//958 1580//1580
f 1580//1580 958//958 957//957
f 1580//1580 957//957 1539//1539
f 1539//1539 957//957 956//956
f 1539//1539 956//956 965//965
f 1561//1561 1581//1581 1563//1563
f 1563//1563 1581//1581 1574//1574
f 1563//1563 1574//1574 1565//1565
f 1565//1565 1574//1574 1573//1573
f 1565//1565 1573//1573 1558//1558
f 1558//1558 1573//1573 1572//1572
f 1558//1558 1572//1572 1559//1559
f 1559//1559 1572//1572 1571//1571
f 1559//1559 1571//1571 1575//1575
f 1575//1575 1571//1571 1570//1570
f 1575//1575 1570//1570 1576//1576
f 1576//1576 1570//1570 1569//1569
f 1576//1576 1569//1569 1545//1545
f 1545//1545 1569//1569 1543//1543
f 1545//1545 1543//1543 1317//1317
f 1317//1317 1543//1543 1319//1319
f 1531//1531 1316//1316 1362//1362
f 1362//1362 1582//1582 1531//1531
f 1531//1531 1582//1582 1583//1583
f 1531//1531 1583//1583 1532//1532
f 1532//1532 1583//1583 1584//1584
f 1532//1532 1584//1584 1491//1491
f 1491//1491 1584//1584 1492//1492
f 1585//1585 1586//1586 1587//1587
f 1295//1295 1588//1588 1589//1589
f 1295//1295 1589//1589 1324//1324
f 1324//1324 1589//1589 1590//1590
f 1324//1324 1590//1590 1325//1325
f 1325//1325 1590//1590 1591//1591
f 1325//1325 1591//1591 1355//1355
f 1355//1355 1591//1591 1592//1592
f 1355//1355 1592//1592 1356//1356
f 1356//1356 1592//1592 1593//1593
f 1356//1356 1593//1593 1357//1357
f 1357//1357 1593//1593 1594//1594
f 1357//1357 1594//1594 1360//1360
f 1360//1360 1594//1594 1595//1595
f 1360//1360 1595//1595 1361//1361
f 1361//1361 1595//1595 1582//1582
f 1361//1361 1582//1582 1362//1362
f 1586//1586 1596//1596 1597//1597
f 1598//1598 1599//1599 1585//1585
f 1599//1599 1598//1598 1588//1588
f 1586//1586 1597//1597 1587//1587
f 1587//1587 1597//1597 1600//1600
f 1587//1587 1600//1600 1601//1601
f 1601//1601 1600//1600 1602//1602
f 1601//1601 1602//1602 1603//1603
f 1603//1603 1602//1602 1604//1604
f 1603//1603 1604//1604 1605//1605
f 1605//1605 1604//1604 1606//1606
f 1605//1605 1606//1606 1607//1607
f 1607//1607 1606//1606 1608//1608
f 1607//1607 1608//1608 1609//1609
f 1609//1609 1608//1608 1610//1610
f 1609//1609 1610//1610 1611//1611
f 1611//1611 1610//1610 1492//1492
f 1611//1611 1492//1492 1584//1584
f 1585//1585 1587//1587 1598//1598
f 1598//1598 1587//1587 1601//1601
f 1598//1598 1601//1601 1612//1612
f 1612//1612 1601//1601 1603//1603
f 1612//1612 1603//1603 1613//1613
f 1613//1613 1603//1603 1605//1605
f 1613//1613 1605//1605 1614//1614
f 1614//1614 1605//1605 1607//1607
f 1614//1614 1607//1607 1615//1615
f 1615//1615 1607//1607 1609//1609
f 1615//1615 1609//1609 1616//1616
f 1616//1616 1609//1609 1611//1611
f 1616//1616 1611//1611 1617//1617
f 1617//1617 1611//1611 1584//1584
f 1617//1617 1584//1584 1583//1583
f 1588//1588 1598//1598 1589//1589
f 1589//1589 1598//1598 1612//1612
f 1589//1589 1612//1612 1590//1590
f 1590//1590 1612//1612 1613//1613
f 1590//1590 1613//1613 1591//1591
f 1591//1591 1613//1613 1614//1614
f 1591//1591 1614//1614 1592//1592
f 1592//1592 1614//1614 1615//1615
f 1592//1592 1615//1615 1593//1593
f 1593//1593 1615//1615 1616//1616
f 1593//1593 1616//1616 1594//1594
f 1594//1594 1616//1616 1617//1617
f 1594//1594 1617//1617 1595//1595
f 1595//1595 1617//1617 1583//1583
f 1595//1595 1583//1583 1582//1582
f 1618//1618 1596//1596 1619//1619
f 1619//1619 1596//1596 1586//1586
f 1619//1619 1586//1586 1620//1620
f 1620//1620 1586//1586 1585//1585
f 1620//1620 1585//1585 1621//1621
f 1621//1621 1585//1585 1599//1599
f 1621//1621 1599//1599 1622//1622
f 1599//1599 1588//1588 1622//1622
f 1622//1622 1588//1588 1295//1295
f 1622//1622 1295//1295 1293//1293
f 1620//1620 1621//1621 1623//1623
f 1624//1624 1625//1625 1619//1619
f 1619//1619 1625//1625 1626//1626
f 1619//1619 1626//1626 1618//1618
f 1619//1619 1620//1620 1624//1624
f 1624//1624 1620//1620 1623//1623
f 1624//1624 1623//1623 1627//1627
f 1627//1627 1623//1623 1628//1628
f 1627//1627 1628//1628 1629//1629
f 1629//1629 1628//1628 1630//1630
f 1629//1629 1630//1630 1631//1631
f 1631//1631 1630//1630 1632//1632
f 1631//1631 1632//1632 1633//1633
f 1634//1634 1635//1635 1636//1636
f 1636//1636 1631//1631 1634//1634
f 1634//1634 1631//1631 1633//1633
f 1634//1634 1633//1633 1635//1635
f 1635//1635 1633//1633 1637//1637
f 1622//1622 1293//1293 1638//1638
f 1638//1638 1293//1293 1326//1326
f 1638//1638 1326//1326 1639//1639
f 1639//1639 1326//1326 1308//1308
f 1639//1639 1308//1308 1640//1640
f 1308//1308 1310//1310 1640//1640
f 1640//1640 1310//1310 1311//1311
f 1640//1640 1311//1311 1641//1641
f 1641//1641 1311//1311 1346//1346
f 1641//1641 1346//1346 1345//1345
f 1194//1194 1642//1642 1643//1643
f 1643//1643 1642//1642 1644//1644
f 1643//1643 1644//1644 1637//1637
f 1637//1637 1644//1644 1645//1645
f 1637//1637 1645//1645 1635//1635
f 1636//1636 1646//1646 1631//1631
f 1631//1631 1646//1646 1647//1647
f 1631//1631 1647//1647 1629//1629
f 1629//1629 1647//1647 1648//1648
f 1629//1629 1648//1648 1627//1627
f 1627//1627 1648//1648 1649//1649
f 1627//1627 1649//1649 1624//1624
f 1624//1624 1649//1649 1650//1650
f 1624//1624 1650//1650 1625//1625
f 1194//1194 1643//1643 1651//1651
f 1651//1651 1643//1643 1330//1330
f 1651//1651 1330//1330 1329//1329
f 1621//1621 1622//1622 1623//1623
f 1623//1623 1622//1622 1638//1638
f 1623//1623 1638//1638 1628//1628
f 1628//1628 1638//1638 1639//1639
f 1628//1628 1639//1639 1630//1630
f 1630//1630 1639//1639 1640//1640
f 1630//1630 1640//1640 1632//1632
f 1632//1632 1640//1640 1641//1641
f 1632//1632 1641//1641 1633//1633
f 1633//1633 1641//1641 1345//1345
f 1633//1633 1345//1345 1637//1637
f 1637//1637 1345//1345 1332//1332
f 1637//1637 1332//1332 1643//1643
f 1643//1643 1332//1332 1331//1331
f 1643//1643 1331//1331 1330//1330
f 1192//1192 1194//1194 1651//1651
f 1192//1192 1651//1651 1652//1652
f 1652//1652 1651//1651 1329//1329
f 1652//1652 1329//1329 1338//1338
f 1382//1382 1391//1391 1653//1653
f 1298//1298 1304//1304 1654//1654
f 1298//1298 1654//1654 1333//1333
f 1335//1335 1334//1334 1655//1655
f 1656//1656 1657//1657 1658//1658
f 1658//1658 1657//1657 1659//1659
f 1658//1658 1659//1659 1660//1660
f 1660//1660 1659//1659 1661//1661
f 1660//1660 1661//1661 1662//1662
f 1662//1662 1661//1661 1663//1663
f 1662//1662 1663//1663 1664//1664
f 1664//1664 1663//1663 1665//1665
f 1664//1664 1665//1665 1666//1666
f 1666//1666 1665//1665 1667//1667
f 1666//1666 1667//1667 1655//1655
f 1655//1655 1667//1667 1336//1336
f 1655//1655 1336//1336 1335//1335
f 1383//1383 1382//1382 1668//1668
f 1668//1668 1382//1382 1653//1653
f 1668//1668 1653//1653 1669//1669
f 1669//1669 1653//1653 1670//1670
f 1669//1669 1670//1670 1671//1671
f 1671//1671 1670//1670 1672//1672
f 1671//1671 1672//1672 1673//1673
f 1673//1673 1672//1672 1674//1674
f 1673//1673 1674//1674 1675//1675
f 1675//1675 1674//1674 1676//1676
f 1675//1675 1676//1676 1677//1677
f 1677//1677 1676//1676 1678//1678
f 1677//1677 1678//1678 1654//1654
f 1654//1654 1678//1678 1679//1679
f 1654//1654 1679//1679 1333//1333
f 1337//1337 1336//1336 1393//1393
f 1393//1393 1336//1336 1667//1667
f 1393//1393 1667//1667 1395//1395
f 1395//1395 1667//1667 1665//1665
f 1395//1395 1665//1665 1397//1397
f 1397//1397 1665//1665 1663//1663
f 1397//1397 1663//1663 1401//1401
f 1401//1401 1663//1663 1661//1661
f 1401//1401 1661//1661 1400//1400
f 1400//1400 1661//1661 1659//1659
f 1400//1400 1659//1659 1388//1388
f 1388//1388 1659//1659 1657//1657
f 1388//1388 1657//1657 1389//1389
f 1389//1389 1657//1657 1656//1656
f 1389//1389 1656//1656 1390//1390
f 1391//1391 1390//1390 1653//1653
f 1653//1653 1390//1390 1656//1656
f 1653//1653 1656//1656 1670//1670
f 1670//1670 1656//1656 1658//1658
f 1670//1670 1658//1658 1672//1672
f 1672//1672 1658//1658 1660//1660
f 1672//1672 1660//1660 1674//1674
f 1674//1674 1660//1660 1662//1662
f 1674//1674 1662//1662 1676//1676
f 1676//1676 1662//1662 1664//1664
f 1676//1676 1664//1664 1678//1678
f 1678//1678 1664//1664 1666//1666
f 1678//1678 1666//1666 1679//1679
f 1679//1679 1666//1666 1655//1655
f 1679//1679 1655//1655 1333//1333
f 1333//1333 1655//1655 1334//1334
f 1385//1385 1384//1384 1680//1680
f 1681//1681 1682//1682 1307//1307
f 1446//1446 1387//1387 1386//1386
f 1683//1683 1445//1445 1386//1386
f 1386//1386 1445//1445 1446//1446
f 1450//1450 1453//1453 1684//1684
f 1684//1684 1453//1453 1426//1426
f 1685//1685 1686//1686 1451//1451
f 1687//1687 1688//1688 1689//1689
f 1689//1689 1688//1688 1690//1690
f 1689//1689 1690//1690 1691//1691
f 1686//1686 1685//1685 1692//1692
f 1693//1693 1694//1694 1695//1695
f 1695//1695 1694//1694 1696//1696
f 1695//1695 1696//1696 1697//1697
f 1682//1682 1681//1681 1696//1696
f 1696//1696 1681//1681 1698//1698
f 1696//1696 1698//1698 1697//1697
f 1688//1688 1699//1699 1690//1690
f 1690//1690 1699//1699 1694//1694
f 1690//1690 1694//1694 1691//1691
f 1691//1691 1694//1694 1693//1693
f 1687//1687 1692//1692 1688//1688
f 1688//1688 1692//1692 1685//1685
f 1688//1688 1685//1685 1684//1684
f 1684//1684 1685//1685 1451//1451
f 1684//1684 1451//1451 1450//1450
f 1700//1700 1701//1701 1702//1702
f 1702//1702 1701//1701 1683//1683
f 1702//1702 1683//1683 1703//1703
f 1703//1703 1683//1683 1386//1386
f 1386//1386 1385//1385 1703//1703
f 1703//1703 1385//1385 1680//1680
f 1703//1703 1680//1680 1702//1702
f 1702//1702 1680//1680 1704//1704
f 1702//1702 1704//1704 1700//1700
f 1700//1700 1704//1704 1705//1705
f 1384//1384 1383//1383 1680//1680
f 1680//1680 1383//1383 1668//1668
f 1680//1680 1668//1668 1704//1704
f 1704//1704 1668//1668 1669//1669
f 1704//1704 1669//1669 1705//1705
f 1705//1705 1669//1669 1671//1671
f 1705//1705 1671//1671 1706//1706
f 1706//1706 1671//1671 1673//1673
f 1706//1706 1673//1673 1707//1707
f 1707//1707 1673//1673 1675//1675
f 1707//1707 1675//1675 1708//1708
f 1708//1708 1675//1675 1677//1677
f 1708//1708 1677//1677 1709//1709
f 1709//1709 1677//1677 1654//1654
f 1709//1709 1654//1654 1303//1303
f 1303//1303 1654//1654 1304//1304
f 1303//1303 1307//1307 1709//1709
f 1709//1709 1307//1307 1682//1682
f 1709//1709 1682//1682 1708//1708
f 1708//1708 1682//1682 1696//1696
f 1708//1708 1696//1696 1707//1707
f 1707//1707 1696//1696 1694//1694
f 1707//1707 1694//1694 1706//1706
f 1706//1706 1694//1694 1699//1699
f 1706//1706 1699//1699 1705//1705
f 1705//1705 1699//1699 1688//1688
f 1705//1705 1688//1688 1700//1700
f 1700//1700 1688//1688 1684//1684
f 1700//1700 1684//1684 1701//1701
f 1701//1701 1684//1684 1426//1426
f 1701//1701 1426//1426 1683//1683
f 1683//1683 1426//1426 1425//1425
f 1683//1683 1425//1425 1445//1445
f 1084//1084 1083//1083 1710//1710
f 1711//1711 1084//1084 1710//1710
f 1712//1712 1711//1711 1713//1713
f 1713//1713 1711//1711 1710//1710
f 1713//1713 1710//1710 1714//1714
f 1714//1714 1710//1710 1083//1083
f 1714//1714 1083//1083 1085//1085
f 1089//1089 1537//1537 1088//1088
f 1088//1088 1537//1537 1715//1715
f 1088//1088 1715//1715 1087//1087
f 1087//1087 1715//1715 1716//1716
f 1087//1087 1716//1716 1086//1086
f 1086//1086 1716//1716 1717//1717
f 1086//1086 1717//1717 1085//1085
f 1402//1402 1136//1136 1137//1137
f 1192//1192 1652//1652 1197//1197
f 1197//1197 1652//1652 1718//1718
f 1197//1197 1718//1718 1186//1186
f 1186//1186 1718//1718 1719//1719
f 1720//1720 1188//1188 1187//1187
f 1188//1188 1720//1720 1189//1189
f 1189//1189 1720//1720 1721//1721
f 1189//1189 1721//1721 1195//1195
f 1195//1195 1721//1721 1134//1134
f 1195//1195 1134//1134 1133//1133
f 1135//1135 1134//1134 1722//1722
f 1722//1722 1134//1134 1721//1721
f 1722//1722 1721//1721 1719//1719
f 1719//1719 1721//1721 1720//1720
f 1719//1719 1720//1720 1186//1186
f 1186//1186 1720//1720 1187//1187
f 1399//1399 1723//1723 1398//1398
f 1398//1398 1723//1723 1724//1724
f 1398//1398 1724//1724 1396//1396
f 1396//1396 1724//1724 1394//1394
f 1394//1394 1724//1724 1725//1725
f 1394//1394 1725//1725 1392//1392
f 1138//1138 1723//1723 1137//1137
f 1137//1137 1723//1723 1399//1399
f 1137//1137 1399//1399 1402//1402
f 1338//1338 1392//1392 1652//1652
f 1652//1652 1392//1392 1725//1725
f 1652//1652 1725//1725 1718//1718
f 1718//1718 1725//1725 1724//1724
f 1718//1718 1724//1724 1719//1719
f 1719//1719 1724//1724 1723//1723
f 1719//1719 1723//1723 1722//1722
f 1722//1722 1723//1723 1138//1138
f 1722//1722 1138//1138 1135//1135
f 1001//1001 1458//1458 1002//1002
f 1002//1002 1458//1458 1726//1726
f 1002//1002 1726//1726 1012//1012
f 1012//1012 1726//1726 1727//1727
f 1012//1012 1727//1727 1013//1013
f 1013//1013 1727//1727 1728//1728
f 1013//1013 1728//1728 1004//1004
f 1004//1004 1728//1728 1556//1556
f 1132//1132 1387//1387 1180//1180
f 1194//1194 1193//1193 1642//1642
f 1642//1642 1193//1193 1729//1729
f 1730//1730 1646//1646 1731//1731
f 1731//1731 1646//1646 1636//1636
f 1731//1731 1636//1636 1732//1732
f 1732//1732 1636//1636 1635//1635
f 1732//1732 1635//1635 1733//1733
f 1733//1733 1635//1635 1645//1645
f 1733//1733 1645//1645 1729//1729
f 1729//1729 1645//1645 1644//1644
f 1729//1729 1644//1644 1642//1642
f 1649//1649 1648//1648 1730//1730
f 1730//1730 1648//1648 1647//1647
f 1730//1730 1647//1647 1646//1646
f 1618//1618 1626//1626 1734//1734
f 1734//1734 1626//1626 1625//1625
f 1734//1734 1625//1625 1735//1735
f 1735//1735 1625//1625 1650//1650
f 1735//1735 1650//1650 1736//1736
f 1736//1736 1650//1650 1649//1649
f 1736//1736 1649//1649 1737//1737
f 1737//1737 1649//1649 1730//1730
f 1738//1738 1735//1735 1739//1739
f 1739//1739 1735//1735 1736//1736
f 1739//1739 1736//1736 1740//1740
f 1740//1740 1736//1736 1737//1737
f 1740//1740 1737//1737 1741//1741
f 1741//1741 1737//1737 1730//1730
f 1741//1741 1730//1730 1742//1742
f 1742//1742 1730//1730 1731//1731
f 1742//1742 1731//1731 1743//1743
f 1743//1743 1731//1731 1732//1732
f 1743//1743 1732//1732 1744//1744
f 1744//1744 1732//1732 1733//1733
f 1744//1744 1733//1733 1745//1745
f 1745//1745 1733//1733 1729//1729
f 1745//1745 1729//1729 1191//1191
f 1191//1191 1729//1729 1193//1193
f 1746//1746 1747//1747 1748//1748
f 1749//1749 1199//1199 1198//1198
f 1750//1750 1751//1751 1752//1752
f 1752//1752 1751//1751 1753//1753
f 1752//1752 1753//1753 1754//1754
f 1755//1755 1756//1756 1757//1757
f 1757//1757 1756//1756 1758//1758
f 1757//1757 1758//1758 1759//1759
f 1759//1759 1758//1758 1760//1760
f 1759//1759 1760//1760 1761//1761
f 1761//1761 1760//1760 1762//1762
f 1761//1761 1762//1762 1763//1763
f 1747//1747 1749//1749 1748//1748
f 1748//1748 1749//1749 1198//1198
f 1748//1748 1198//1198 1764//1764
f 1764//1764 1198//1198 1196//1196
f 1764//1764 1196//1196 1765//1765
f 1765//1765 1196//1196 1185//1185
f 1742//1742 1766//1766 1741//1741
f 1741//1741 1766//1766 1767//1767
f 1741//1741 1767//1767 1740//1740
f 1740//1740 1767//1767 1768//1768
f 1740//1740 1768//1768 1739//1739
f 1739//1739 1768//1768 1769//1769
f 1739//1739 1769//1769 1738//1738
f 1738//1738 1769//1769 1770//1770
f 1771//1771 1762//1762 1772//1772
f 1772//1772 1762//1762 1760//1760
f 1772//1772 1760//1760 1773//1773
f 1773//1773 1760//1760 1758//1758
f 1773//1773 1758//1758 1774//1774
f 1774//1774 1758//1758 1756//1756
f 1191//1191 1190//1190 1745//1745
f 1745//1745 1190//1190 1775//1775
f 1745//1745 1775//1775 1744//1744
f 1744//1744 1775//1775 1776//1776
f 1744//1744 1776//1776 1743//1743
f 1743//1743 1776//1776 1777//1777
f 1743//1743 1777//1777 1778//1778
f 1778//1778 1777//1777 1779//1779
f 1778//1778 1779//1779 1780//1780
f 1780//1780 1779//1779 1781//1781
f 1780//1780 1781//1781 1782//1782
f 1782//1782 1781//1781 1783//1783
f 1782//1782 1783//1783 1784//1784
f 1742//1742 1743//1743 1766//1766
f 1766//1766 1743//1743 1778//1778
f 1766//1766 1778//1778 1767//1767
f 1767//1767 1778//1778 1780//1780
f 1767//1767 1780//1780 1768//1768
f 1768//1768 1780//1780 1782//1782
f 1768//1768 1782//1782 1769//1769
f 1769//1769 1782//1782 1784//1784
f 1769//1769 1784//1784 1770//1770
f 1765//1765 1771//1771 1764//1764
f 1764//1764 1771//1771 1772//1772
f 1764//1764 1772//1772 1748//1748
f 1748//1748 1772//1772 1773//1773
f 1748//1748 1773//1773 1746//1746
f 1746//1746 1773//1773 1774//1774
f 1746//1746 1774//1774 1785//1785
f 1785//1785 1774//1774 1756//1756
f 1785//1785 1756//1756 1750//1750
f 1750//1750 1756//1756 1755//1755
f 1750//1750 1755//1755 1751//1751
f 1190//1190 1199//1199 1775//1775
f 1775//1775 1199//1199 1749//1749
f 1775//1775 1749//1749 1776//1776
f 1776//1776 1749//1749 1747//1747
f 1776//1776 1747//1747 1777//1777
f 1777//1777 1747//1747 1746//1746
f 1777//1777 1746//1746 1779//1779
f 1779//1779 1746//1746 1785//1785
f 1779//1779 1785//1785 1781//1781
f 1781//1781 1785//1785 1750//1750
f 1781//1781 1750//1750 1783//1783
f 1783//1783 1750//1750 1752//1752
f 1783//1783 1752//1752 1784//1784
f 1784//1784 1752//1752 1754//1754
f 1784//1784 1754//1754 1770//1770
f 1786//1786 1763//1763 1787//1787
f 1787//1787 1763//1763 1762//1762
f 1771//1771 1788//1788 1762//1762
f 1762//1762 1788//1788 1789//1789
f 1762//1762 1789//1789 1787//1787
f 1771//1771 1790//1790 1791//1791
f 1791//1791 1792//1792 1771//1771
f 1771//1771 1792//1792 1793//1793
f 1771//1771 1793//1793 1788//1788
f 1790//1790 1771//1771 1712//1712
f 1712//1712 1771//1771 1765//1765
f 1712//1712 1765//1765 1711//1711
f 1711//1711 1765//1765 1185//1185
f 1711//1711 1185//1185 1084//1084
f 1420//1420 1419//1419 1794//1794
f 1686//1686 1692//1692 1795//1795
f 1437//1437 1436//1436 1796//1796
f 1796//1796 1436//1436 1795//1795
f 1796//1796 1795//1795 1797//1797
f 1451//1451 1686//1686 1449//1449
f 1449//1449 1686//1686 1795//1795
f 1449//1449 1795//1795 1447//1447
f 1447//1447 1795//1795 1436//1436
f 1695//1695 1697//1697 1798//1798
f 1421//1421 1799//1799 1422//1422
f 1422//1422 1799//1799 1798//1798
f 1422//1422 1798//1798 1423//1423
f 1423//1423 1798//1798 1800//1800
f 1423//1423 1800//1800 1307//1307
f 1681//1681 1307//1307 1800//1800
f 1437//1437 1796//1796 1439//1439
f 1439//1439 1796//1796 1794//1794
f 1439//1439 1794//1794 1441//1441
f 1441//1441 1794//1794 1419//1419
f 1441//1441 1419//1419 1418//1418
f 1798//1798 1697//1697 1800//1800
f 1800//1800 1697//1697 1698//1698
f 1800//1800 1698//1698 1681//1681
f 1692//1692 1687//1687 1795//1795
f 1795//1795 1687//1687 1689//1689
f 1795//1795 1689//1689 1797//1797
f 1797//1797 1689//1689 1691//1691
f 1797//1797 1691//1691 1693//1693
f 1693//1693 1695//1695 1797//1797
f 1797//1797 1695//1695 1798//1798
f 1797//1797 1798//1798 1796//1796
f 1796//1796 1798//1798 1799//1799
f 1796//1796 1799//1799 1794//1794
f 1794//1794 1799//1799 1421//1421
f 1794//1794 1421//1421 1420//1420
f 1180//1180 1387//1387 1446//1446
f 1801//1801 1456//1456 1455//1455
f 1456//1456 1801//1801 1457//1457
f 1556//1556 1802//1802 1554//1554
f 1554//1554 1802//1802 1803//1803
f 1554//1554 1803//1803 1540//1540
f 1540//1540 1803//1803 1551//1551
f 1350//1350 1553//1553 1804//1804
f 1804//1804 1553//1553 1551//1551
f 1804//1804 1551//1551 1805//1805
f 1805//1805 1551//1551 1803//1803
f 1805//1805 1803//1803 1806//1806
f 1806//1806 1803//1803 1802//1802
f 1458//1458 1457//1457 1726//1726
f 1726//1726 1457//1457 1801//1801
f 1726//1726 1801//1801 1727//1727
f 1556//1556 1728//1728 1802//1802
f 1802//1802 1728//1728 1727//1727
f 1802//1802 1727//1727 1806//1806
f 1806//1806 1727//1727 1801//1801
f 1806//1806 1801//1801 1805//1805
f 1805//1805 1801//1801 1455//1455
f 1805//1805 1455//1455 1804//1804
f 1804//1804 1455//1455 1454//1454
f 1804//1804 1454//1454 1350//1350
f 1536//1536 1459//1459 1807//1807
f 1807//1807 1459//1459 1461//1461
f 1807//1807 1461//1461 1808//1808
f 1808//1808 1461//1461 1463//1463
f 1808//1808 1463//1463 1809//1809
f 1809//1809 1463//1463 1465//1465
f 1809//1809 1465//1465 1472//1472
f 1472//1472 1465//1465 1467//1467
f 1533//1533 1536//1536 1810//1810
f 1810//1810 1536//1536 1807//1807
f 1810//1810 1807//1807 1811//1811
f 1811//1811 1807//1807 1808//1808
f 1811//1811 1808//1808 1812//1812
f 1812//1812 1808//1808 1809//1809
f 1812//1812 1809//1809 1470//1470
f 1470//1470 1809//1809 1472//1472
f 1469//1469 1813//1813 1470//1470
f 1470//1470 1813//1813 1814//1814
f 1596//1596 1477//1477 1597//1597
f 1597//1597 1477//1477 1476//1476
f 1597//1597 1476//1476 1600//1600
f 1600//1600 1476//1476 1481//1481
f 1600//1600 1481//1481 1602//1602
f 1481//1481 1480//1480 1602//1602
f 1602//1602 1480//1480 1479//1479
f 1602//1602 1479//1479 1604//1604
f 1604//1604 1479//1479 1485//1485
f 1604//1604 1485//1485 1606//1606
f 1606//1606 1485//1485 1527//1527
f 1606//1606 1527//1527 1608//1608
f 1608//1608 1527//1527 1528//1528
f 1608//1608 1528//1528 1610//1610
f 1610//1610 1528//1528 1529//1529
f 1610//1610 1529//1529 1492//1492
f 1477//1477 1815//1815 1520//1520
f 1520//1520 1815//1815 1816//1816
f 1520//1520 1816//1816 1521//1521
f 1521//1521 1816//1816 1817//1817
f 1521//1521 1817//1817 1522//1522
f 1522//1522 1817//1817 1818//1818
f 1522//1522 1818//1818 1523//1523
f 1523//1523 1818//1818 1819//1819
f 1523//1523 1819//1819 1524//1524
f 1524//1524 1819//1819 1820//1820
f 1524//1524 1820//1820 1525//1525
f 1525//1525 1820//1820 1821//1821
f 1525//1525 1821//1821 1489//1489
f 1489//1489 1821//1821 1487//1487
f 1487//1487 1821//1821 1822//1822
f 1487//1487 1822//1822 1823//1823
f 1813//1813 1469//1469 1824//1824
f 1824//1824 1469//1469 1526//1526
f 1824//1824 1526//1526 1823//1823
f 1823//1823 1526//1526 1488//1488
f 1823//1823 1488//1488 1487//1487
f 1825//1825 1826//1826 1827//1827
f 1827//1827 1826//1826 1828//1828
f 1827//1827 1828//1828 1829//1829
f 1830//1830 1717//1717 1716//1716
f 1716//1716 1715//1715 1830//1830
f 1830//1830 1715//1715 1537//1537
f 1830//1830 1537//1537 1831//1831
f 1831//1831 1537//1537 1538//1538
f 1831//1831 1538//1538 1829//1829
f 1829//1829 1538//1538 1535//1535
f 1829//1829 1535//1535 1827//1827
f 1832//1832 1833//1833 1834//1834
f 1535//1535 1534//1534 1835//1835
f 1835//1835 1534//1534 1836//1836
f 1835//1835 1836//1836 1837//1837
f 1837//1837 1836//1836 1838//1838
f 1837//1837 1838//1838 1839//1839
f 1839//1839 1838//1838 1840//1840
f 1839//1839 1840//1840 1834//1834
f 1834//1834 1840//1840 1841//1841
f 1834//1834 1841//1841 1832//1832
f 1534//1534 1533//1533 1810//1810
f 1812//1812 1470//1470 1842//1842
f 1534//1534 1810//1810 1843//1843
f 1843//1843 1810//1810 1811//1811
f 1843//1843 1811//1811 1844//1844
f 1844//1844 1811//1811 1812//1812
f 1844//1844 1812//1812 1845//1845
f 1845//1845 1812//1812 1842//1842
f 1845//1845 1842//1842 1846//1846
f 1847//1847 1848//1848 1849//1849
f 1849//1849 1848//1848 1850//1850
f 1849//1849 1850//1850 1851//1851
f 1852//1852 1853//1853 1854//1854
f 1855//1855 1856//1856 1857//1857
f 1857//1857 1856//1856 1848//1848
f 1858//1858 1859//1859 1860//1860
f 1860//1860 1859//1859 1861//1861
f 1857//1857 1862//1862 1863//1863
f 1863//1863 1862//1862 1854//1854
f 1863//1863 1854//1854 1864//1864
f 1864//1864 1854//1854 1853//1853
f 1865//1865 1866//1866 1857//1857
f 1867//1867 1868//1868 1869//1869
f 1847//1847 1870//1870 1848//1848
f 1848//1848 1870//1870 1871//1871
f 1848//1848 1871//1871 1857//1857
f 1857//1857 1871//1871 1872//1872
f 1857//1857 1872//1872 1865//1865
f 1859//1859 1873//1873 1861//1861
f 1861//1861 1873//1873 1874//1874
f 1861//1861 1874//1874 1875//1875
f 1875//1875 1874//1874 1876//1876
f 1875//1875 1876//1876 1877//1877
f 1877//1877 1876//1876 1878//1878
f 1855//1855 1857//1857 1879//1879
f 1879//1879 1857//1857 1863//1863
f 1879//1879 1863//1863 1880//1880
f 1880//1880 1863//1863 1881//1881
f 1880//1880 1881//1881 1882//1882
f 1883//1883 1884//1884 1885//1885
f 1885//1885 1884//1884 1886//1886
f 1885//1885 1886//1886 1887//1887
f 1888//1888 1877//1877 1881//1881
f 1881//1881 1877//1877 1878//1878
f 1881//1881 1878//1878 1882//1882
f 1852//1852 1854//1854 1869//1869
f 1869//1869 1854//1854 1889//1889
f 1869//1869 1889//1889 1867//1867
f 1850//1850 1859//1859 1851//1851
f 1851//1851 1859//1859 1858//1858
f 1851//1851 1858//1858 1890//1890
f 1890//1890 1858//1858 1891//1891
f 1890//1890 1891//1891 1883//1883
f 1892//1892 1833//1833 1832//1832
f 1865//1865 1893//1893 1866//1866
f 1866//1866 1893//1893 1894//1894
f 1866//1866 1894//1894 1895//1895
f 1895//1895 1894//1894 1885//1885
f 1895//1895 1885//1885 1896//1896
f 1896//1896 1885//1885 1897//1897
f 1898//1898 1899//1899 1900//1900
f 1900//1900 1899//1899 1901//1901
f 1900//1900 1901//1901 1832//1832
f 1883//1883 1891//1891 1884//1884
f 1884//1884 1891//1891 1902//1902
f 1884//1884 1902//1902 1901//1901
f 1901//1901 1902//1902 1903//1903
f 1901//1901 1903//1903 1832//1832
f 1832//1832 1903//1903 1904//1904
f 1832//1832 1904//1904 1892//1892
f 1892//1892 1905//1905 1833//1833
f 1833//1833 1905//1905 1906//1906
f 1833//1833 1906//1906 1907//1907
f 1907//1907 1906//1906 1877//1877
f 1907//1907 1877//1877 1908//1908
f 1908//1908 1877//1877 1888//1888
f 1908//1908 1888//1888 1909//1909
f 1887//1887 1910//1910 1885//1885
f 1885//1885 1910//1910 1911//1911
f 1885//1885 1911//1911 1912//1912
f 1912//1912 1913//1913 1885//1885
f 1885//1885 1913//1913 1914//1914
f 1885//1885 1914//1914 1897//1897
f 1596//1596 1618//1618 1477//1477
f 1477//1477 1618//1618 1734//1734
f 1477//1477 1734//1734 1815//1815
f 1790//1790 1712//1712 1713//1713
f 1915//1915 1791//1791 1790//1790
f 1915//1915 1790//1790 1916//1916
f 1916//1916 1790//1790 1713//1713
f 1916//1916 1713//1713 1917//1917
f 1917//1917 1713//1713 1714//1714
f 1917//1917 1714//1714 1918//1918
f 1918//1918 1714//1714 1085//1085
f 1918//1918 1085//1085 1717//1717
f 1862//1862 1857//1857 1919//1919
f 1919//1919 1857//1857 1920//1920
f 1919//1919 1920//1920 1921//1921
f 1734//1734 1735//1735 1922//1922
f 1922//1922 1735//1735 1923//1923
f 1922//1922 1923//1923 1924//1924
f 1924//1924 1923//1923 1921//1921
f 1924//1924 1921//1921 1925//1925
f 1925//1925 1921//1921 1920//1920
f 1735//1735 1738//1738 1923//1923
f 1923//1923 1738//1738 1926//1926
f 1923//1923 1926//1926 1921//1921
f 1921//1921 1926//1926 1927//1927
f 1921//1921 1927//1927 1919//1919
f 1919//1919 1927//1927 1928//1928
f 1919//1919 1928//1928 1862//1862
f 1862//1862 1928//1928 1854//1854
f 1761//1761 1763//1763 1929//1929
f 1929//1929 1763//1763 1930//1930
f 1929//1929 1930//1930 1931//1931
f 1931//1931 1930//1930 1932//1932
f 1931//1931 1932//1932 1933//1933
f 1933//1933 1932//1932 1934//1934
f 1933//1933 1934//1934 1864//1864
f 1864//1864 1934//1934 1863//1863
f 1759//1759 1761//1761 1935//1935
f 1935//1935 1761//1761 1929//1929
f 1935//1935 1929//1929 1936//1936
f 1936//1936 1929//1929 1931//1931
f 1936//1936 1931//1931 1937//1937
f 1937//1937 1931//1931 1933//1933
f 1937//1937 1933//1933 1853//1853
f 1853//1853 1933//1933 1864//1864
f 1757//1757 1759//1759 1938//1938
f 1938//1938 1759//1759 1935//1935
f 1938//1938 1935//1935 1939//1939
f 1939//1939 1935//1935 1936//1936
f 1939//1939 1936//1936 1940//1940
f 1940//1940 1936//1936 1937//1937
f 1940//1940 1937//1937 1852//1852
f 1852//1852 1937//1937 1853//1853
f 1852//1852 1869//1869 1940//1940
f 1940//1940 1869//1869 1941//1941
f 1940//1940 1941//1941 1939//1939
f 1939//1939 1941//1941 1942//1942
f 1939//1939 1942//1942 1938//1938
f 1938//1938 1942//1942 1943//1943
f 1938//1938 1943//1943 1757//1757
f 1753//1753 1751//1751 1943//1943
f 1943//1943 1751//1751 1755//1755
f 1943//1943 1755//1755 1757//1757
f 1868//1868 1867//1867 1944//1944
f 1944//1944 1867//1867 1945//1945
f 1944//1944 1945//1945 1946//1946
f 1946//1946 1945//1945 1947//1947
f 1946//1946 1947//1947 1948//1948
f 1948//1948 1947//1947 1949//1949
f 1867//1867 1889//1889 1945//1945
f 1945//1945 1889//1889 1950//1950
f 1945//1945 1950//1950 1947//1947
f 1947//1947 1950//1950 1951//1951
f 1947//1947 1951//1951 1949//1949
f 1949//1949 1951//1951 1952//1952
f 1926//1926 1952//1952 1927//1927
f 1927//1927 1952//1952 1951//1951
f 1927//1927 1951//1951 1928//1928
f 1928//1928 1951//1951 1950//1950
f 1928//1928 1950//1950 1854//1854
f 1854//1854 1950//1950 1889//1889
f 1869//1869 1868//1868 1941//1941
f 1941//1941 1868//1868 1944//1944
f 1941//1941 1944//1944 1942//1942
f 1942//1942 1944//1944 1946//1946
f 1942//1942 1946//1946 1943//1943
f 1943//1943 1946//1946 1948//1948
f 1943//1943 1948//1948 1753//1753
f 1753//1753 1948//1948 1949//1949
f 1753//1753 1949//1949 1754//1754
f 1754//1754 1949//1949 1952//1952
f 1754//1754 1952//1952 1770//1770
f 1770//1770 1952//1952 1926//1926
f 1770//1770 1926//1926 1738//1738
f 1881//1881 1863//1863 1934//1934
f 1881//1881 1934//1934 1953//1953
f 1953//1953 1934//1934 1932//1932
f 1953//1953 1932//1932 1954//1954
f 1954//1954 1932//1932 1930//1930
f 1954//1954 1930//1930 1955//1955
f 1955//1955 1930//1930 1763//1763
f 1955//1955 1763//1763 1786//1786
f 1956//1956 1786//1786 1787//1787
f 1956//1956 1787//1787 1957//1957
f 1787//1787 1958//1958 1957//1957
f 1957//1957 1958//1958 1959//1959
f 1957//1957 1959//1959 1960//1960
f 1960//1960 1959//1959 1961//1961
f 1962//1962 1958//1958 1787//1787
f 1963//1963 1829//1829 1964//1964
f 1964//1964 1829//1829 1828//1828
f 1964//1964 1828//1828 1965//1965
f 1965//1965 1828//1828 1826//1826
f 1965//1965 1826//1826 1961//1961
f 1961//1961 1826//1826 1825//1825
f 1966//1966 1830//1830 1963//1963
f 1963//1963 1830//1830 1831//1831
f 1963//1963 1831//1831 1829//1829
f 1917//1917 1967//1967 1916//1916
f 1916//1916 1967//1967 1968//1968
f 1916//1916 1968//1968 1915//1915
f 1959//1959 1958//1958 1969//1969
f 1969//1969 1958//1958 1962//1962
f 1969//1969 1962//1962 1970//1970
f 1789//1789 1788//1788 1968//1968
f 1968//1968 1788//1788 1793//1793
f 1968//1968 1793//1793 1915//1915
f 1915//1915 1793//1793 1792//1792
f 1915//1915 1792//1792 1791//1791
f 1961//1961 1959//1959 1965//1965
f 1965//1965 1959//1959 1969//1969
f 1965//1965 1969//1969 1964//1964
f 1964//1964 1969//1969 1970//1970
f 1964//1964 1970//1970 1963//1963
f 1963//1963 1970//1970 1971//1971
f 1963//1963 1971//1971 1966//1966
f 1717//1717 1830//1830 1918//1918
f 1918//1918 1830//1830 1966//1966
f 1918//1918 1966//1966 1917//1917
f 1917//1917 1966//1966 1971//1971
f 1917//1917 1971//1971 1967//1967
f 1967//1967 1971//1971 1970//1970
f 1967//1967 1970//1970 1968//1968
f 1968//1968 1970//1970 1962//1962
f 1968//1968 1962//1962 1789//1789
f 1789//1789 1962//1962 1787//1787
f 1470//1470 1814//1814 1842//1842
f 1842//1842 1814//1814 1846//1846
f 1814//1814 1813//1813 1972//1972
f 1972//1972 1813//1813 1973//1973
f 1974//1974 1975//1975 1976//1976
f 1976//1976 1975//1975 1977//1977
f 1976//1976 1977//1977 1973//1973
f 1973//1973 1977//1977 1978//1978
f 1973//1973 1978//1978 1972//1972
f 1974//1974 1976//1976 1979//1979
f 1979//1979 1976//1976 1886//1886
f 1979//1979 1886//1886 1884//1884
f 1886//1886 1976//1976 1980//1980
f 1976//1976 1973//1973 1981//1981
f 1973//1973 1813//1813 1824//1824
f 1973//1973 1824//1824 1981//1981
f 1981//1981 1824//1824 1823//1823
f 1981//1981 1823//1823 1982//1982
f 1982//1982 1823//1823 1822//1822
f 1982//1982 1822//1822 1983//1983
f 1983//1983 1822//1822 1821//1821
f 1983//1983 1821//1821 1984//1984
f 1984//1984 1821//1821 1820//1820
f 1984//1984 1820//1820 1985//1985
f 1985//1985 1820//1820 1819//1819
f 1985//1985 1819//1819 1986//1986
f 1986//1986 1819//1819 1818//1818
f 1986//1986 1818//1818 1987//1987
f 1987//1987 1818//1818 1817//1817
f 1987//1987 1817//1817 1988//1988
f 1988//1988 1817//1817 1816//1816
f 1988//1988 1816//1816 1989//1989
f 1989//1989 1816//1816 1815//1815
f 1989//1989 1815//1815 1990//1990
f 1976//1976 1981//1981 1980//1980
f 1980//1980 1981//1981 1982//1982
f 1980//1980 1982//1982 1991//1991
f 1991//1991 1982//1982 1983//1983
f 1991//1991 1983//1983 1992//1992
f 1992//1992 1983//1983 1984//1984
f 1992//1992 1984//1984 1993//1993
f 1993//1993 1984//1984 1985//1985
f 1993//1993 1985//1985 1994//1994
f 1994//1994 1985//1985 1986//1986
f 1994//1994 1986//1986 1995//1995
f 1995//1995 1986//1986 1987//1987
f 1995//1995 1987//1987 1996//1996
f 1996//1996 1987//1987 1988//1988
f 1996//1996 1988//1988 1997//1997
f 1997//1997 1988//1988 1989//1989
f 1997//1997 1989//1989 1998//1998
f 1998//1998 1989//1989 1990//1990
f 1998//1998 1990//1990 1999//1999
f 1886//1886 1980//1980 1887//1887
f 1887//1887 1980//1980 1991//1991
f 1887//1887 1991//1991 1910//1910
f 1910//1910 1991//1991 1992//1992
f 1910//1910 1992//1992 1911//1911
f 1911//1911 1992//1992 1993//1993
f 1911//1911 1993//1993 1912//1912
f 1912//1912 1993//1993 1994//1994
f 1912//1912 1994//1994 1913//1913
f 1913//1913 1994//1994 1995//1995
f 1913//1913 1995//1995 1914//1914
f 1914//1914 1995//1995 1996//1996
f 1914//1914 1996//1996 1897//1897
f 1897//1897 1996//1996 1997//1997
f 1897//1897 1997//1997 1896//1896
f 1896//1896 1997//1997 1998//1998
f 1896//1896 1998//1998 1895//1895
f 1895//1895 1998//1998 1999//1999
f 1895//1895 1999//1999 1866//1866
f 2000//2000 1827//1827 1535//1535
f 1833//1833 1907//1907 1834//1834
f 1834//1834 1907//1907 2001//2001
f 1834//1834 2001//2001 1839//1839
f 1839//1839 2001//2001 2002//2002
f 1839//1839 2002//2002 1837//1837
f 1837//1837 2002//2002 2000//2000
f 1837//1837 2000//2000 1835//1835
f 1835//1835 2000//2000 1535//1535
f 1825//1825 1827//1827 2003//2003
f 2003//2003 1827//1827 2000//2000
f 2003//2003 2000//2000 2004//2004
f 2004//2004 2000//2000 2002//2002
f 2004//2004 2002//2002 2005//2005
f 2005//2005 2002//2002 2001//2001
f 2005//2005 2001//2001 1908//1908
f 1908//1908 2001//2001 1907//1907
f 1900//1900 1832//1832 1841//1841
f 1900//1900 1841//1841 1898//1898
f 2006//2006 1899//1899 1898//1898
f 1901//1901 1899//1899 2007//2007
f 2007//2007 1899//1899 2006//2006
f 2007//2007 2006//2006 2008//2008
f 1846//1846 2009//2009 2010//2010
f 2011//2011 2012//2012 2013//2013
f 2013//2013 2012//2012 2014//2014
f 2013//2013 2014//2014 2015//2015
f 2009//2009 2008//2008 2011//2011
f 2011//2011 2008//2008 2006//2006
f 2011//2011 2006//2006 2012//2012
f 2012//2012 2006//2006 1898//1898
f 2012//2012 1898//1898 2014//2014
f 2014//2014 1898//1898 1841//1841
f 2014//2014 1841//1841 2015//2015
f 2015//2015 1841//1841 1840//1840
f 2015//2015 1840//1840 1838//1838
f 2009//2009 2011//2011 2010//2010
f 2010//2010 2011//2011 2013//2013
f 2010//2010 2013//2013 2016//2016
f 2016//2016 2013//2013 2015//2015
f 2016//2016 2015//2015 2017//2017
f 2017//2017 2015//2015 1838//1838
f 2017//2017 1838//1838 1836//1836
f 1846//1846 2010//2010 1845//1845
f 1845//1845 2010//2010 2016//2016
f 1845//1845 2016//2016 1844//1844
f 1844//1844 2016//2016 2017//2017
f 1844//1844 2017//2017 1843//1843
f 1843//1843 2017//2017 1836//1836
f 1843//1843 1836//1836 1534//1534
f 1866//1866 1999//1999 1857//1857
f 1857//1857 1999//1999 1920//1920
f 1920//1920 1999//1999 1925//1925
f 1925//1925 1999//1999 1990//1990
f 1925//1925 1990//1990 1924//1924
f 1924//1924 1990//1990 1922//1922
f 1922//1922 1990//1990 1815//1815
f 1922//1922 1815//1815 1734//1734
f 1884//1884 1901//1901 1979//1979
f 1979//1979 1901//1901 2007//2007
f 1979//1979 2007//2007 1974//1974
f 1974//1974 2007//2007 1975//1975
f 1975//1975 2007//2007 2008//2008
f 1975//1975 2008//2008 1977//1977
f 1977//1977 2008//2008 1978//1978
f 1978//1978 2008//2008 2009//2009
f 1978//1978 2009//2009 1972//1972
f 1972//1972 2009//2009 1846//1846
f 1972//1972 1846//1846 1814//1814
f 1961//1961 1825//1825 2018//2018
f 2018//2018 1825//1825 2003//2003
f 2018//2018 2003//2003 2019//2019
f 2019//2019 2003//2003 2004//2004
f 2019//2019 2004//2004 2020//2020
f 2020//2020 2004//2004 2005//2005
f 2020//2020 2005//2005 1909//1909
f 1909//1909 2005//2005 1908//1908
f 2021//2021 2020//2020 1888//1888
f 1888//1888 2020//2020 1909//1909
f 1954//1954 2022//2022 1953//1953
f 1953//1953 2022//2022 2021//2021
f 1953//1953 2021//2021 1881//1881
f 1881//1881 2021//2021 1888//1888
f 2019//2019 2020//2020 2023//2023
f 2023//2023 2020//2020 2021//2021
f 2023//2023 2021//2021 2024//2024
f 2024//2024 2021//2021 2022//2022
f 1961//1961 2018//2018 1960//1960
f 1960//1960 2018//2018 2025//2025
f 1960//1960 2025//2025 1957//1957
f 1957//1957 2025//2025 2026//2026
f 1957//1957 2026//2026 1956//1956
f 1956//1956 2026//2026 2027//2027
f 1956//1956 2027//2027 1786//1786
f 1786//1786 2027//2027 1955//1955
f 2018//2018 2019//2019 2025//2025
f 2025//2025 2019//2019 2023//2023
f 2025//2025 2023//2023 2026//2026
f 2026//2026 2023//2023 2024//2024
f 2026//2026 2024//2024 2027//2027
f 2027//2027 2024//2024 2022//2022
f 2027//2027 2022//2022 1955//1955
f 1955//1955 2022//2022 1954//1954
f 1080//1080 1079//1079 2028//2028
f 2029//2029 2030//2030 2031//2031
f 2031//2031 2030//2030 2032//2032
f 2033//2033 2034//2034 2029//2029
f 2029//2029 2031//2031 2033//2033
f 2033//2033 2031//2031 2035//2035
f 2033//2033 2035//2035 2036//2036
f 2036//2036 2035//2035 2037//2037
f 2036//2036 2037//2037 2038//2038
f 2039//2039 2040//2040 2041//2041
f 1081//1081 1080//1080 2042//2042
f 2042//2042 1080//1080 2028//2028
f 2042//2042 2028//2028 2040//2040
f 1081//1081 2042//2042 1082//1082
f 1082//1082 2042//2042 2043//2043
f 1082//1082 2043//2043 1076//1076
f 1076//1076 2043//2043 2044//2044
f 1076//1076 2044//2044 1074//1074
f 2040//2040 2039//2039 2042//2042
f 2042//2042 2039//2039 2045//2045
f 2042//2042 2045//2045 2043//2043
f 2043//2043 2045//2045 2046//2046
f 2043//2043 2046//2046 2044//2044
f 2044//2044 2046//2046 1071//1071
f 2044//2044 1071//1071 1074//1074
f 2047//2047 2038//2038 2041//2041
f 2041//2041 2038//2038 2037//2037
f 2041//2041 2037//2037 2039//2039
f 2039//2039 2037//2037 2035//2035
f 2039//2039 2035//2035 2045//2045
f 2045//2045 2035//2035 2031//2031
f 2045//2045 2031//2031 2046//2046
f 2046//2046 2031//2031 2032//2032
f 2046//2046 2032//2032 1071//1071
f 1459//1459 1089//1089 1072//1072
f 1072//1072 1071//1071 1459//1459
f 1459//1459 1071//1071 2032//2032
f 1459//1459 2032//2032 1460//1460
f 2034//2034 2048//2048 2029//2029
f 2029//2029 2048//2048 1460//1460
f 2029//2029 1460//1460 2030//2030
f 2030//2030 1460//1460 2032//2032
f 2049//2049 2050//2050 2051//2051
f 2052//2052 2053//2053 2054//2054
f 2055//2055 2056//2056 2057//2057
f 2058//2058 2059//2059 2060//2060
f 2047//2047 2061//2061 2062//2062
f 2063//2063 2064//2064 2065//2065
f 2065//2065 2064//2064 2066//2066
f 2065//2065 2066//2066 2067//2067
f 2067//2067 2066//2066 2060//2060
f 2067//2067 2060//2060 2068//2068
f 2068//2068 2060//2060 2059//2059
f 2068//2068 2059//2059 2069//2069
f 2047//2047 2062//2062 2038//2038
f 2038//2038 2062//2062 2070//2070
f 2038//2038 2070//2070 2036//2036
f 2036//2036 2070//2070 2051//2051
f 2036//2036 2051//2051 2033//2033
f 2033//2033 2051//2051 2050//2050
f 2033//2033 2050//2050 2034//2034
f 2063//2063 2052//2052 2064//2064
f 2064//2064 2052//2052 2054//2054
f 2064//2064 2054//2054 2066//2066
f 2066//2066 2054//2054 2071//2071
f 2066//2066 2071//2071 2060//2060
f 2060//2060 2071//2071 2057//2057
f 2060//2060 2057//2057 2058//2058
f 2058//2058 2057//2057 2056//2056
f 2053//2053 2049//2049 2054//2054
f 2054//2054 2049//2049 2051//2051
f 2054//2054 2051//2051 2071//2071
f 2071//2071 2051//2051 2070//2070
f 2071//2071 2070//2070 2057//2057
f 2057//2057 2070//2070 2062//2062
f 2057//2057 2062//2062 2055//2055
f 2055//2055 2062//2062 2061//2061
f 1070//1070 2072//2072 2073//2073
f 2073//2073 2072//2072 2074//2074
f 2073//2073 2074//2074 2075//2075
f 1070//1070 2073//2073 1068//1068
f 1068//1068 2073//2073 2076//2076
f 1068//1068 2076//2076 1065//1065
f 1065//1065 2076//2076 2077//2077
f 1065//1065 2077//2077 1063//1063
f 2078//2078 2079//2079 2080//2080
f 2080//2080 2079//2079 2081//2081
f 2080//2080 2081//2081 2082//2082
f 2082//2082 2081//2081 2083//2083
f 2082//2082 2083//2083 2084//2084
f 2084//2084 2083//2083 2085//2085
f 2086//2086 2084//2084 2087//2087
f 2087//2087 2084//2084 2085//2085
f 2087//2087 2085//2085 2088//2088
f 2078//2078 2080//2080 2089//2089
f 2089//2089 2080//2080 2082//2082
f 2089//2089 2082//2082 2090//2090
f 2090//2090 2082//2082 2084//2084
f 2090//2090 2084//2084 2091//2091
f 2091//2091 2084//2084 2086//2086
f 2091//2091 2086//2086 2092//2092
f 1060//1060 1063//1063 2092//2092
f 2092//2092 1063//1063 2077//2077
f 2092//2092 2077//2077 2091//2091
f 2091//2091 2077//2077 2076//2076
f 2091//2091 2076//2076 2090//2090
f 2090//2090 2076//2076 2073//2073
f 2090//2090 2073//2073 2089//2089
f 2089//2089 2073//2073 2075//2075
f 2089//2089 2075//2075 2078//2078
f 1078//1078 1061//1061 1060//1060
f 2087//2087 2088//2088 2093//2093
f 1078//1078 1060//1060 1079//1079
f 1079//1079 1060//1060 2092//2092
f 1079//1079 2092//2092 2028//2028
f 2028//2028 2092//2092 2086//2086
f 2028//2028 2086//2086 2040//2040
f 2040//2040 2086//2086 2087//2087
f 2040//2040 2087//2087 2041//2041
f 2041//2041 2087//2087 2093//2093
f 2041//2041 2093//2093 2047//2047
f 2088//2088 2085//2085 2094//2094
f 2094//2094 2085//2085 2095//2095
f 2095//2095 2085//2085 2096//2096
f 2096//2096 2085//2085 2083//2083
f 2096//2096 2083//2083 2097//2097
f 2083//2083 2081//2081 2097//2097
f 2097//2097 2081//2081 2079//2079
f 2097//2097 2079//2079 2098//2098
f 2099//2099 2100//2100 2101//2101
f 2102//2102 2103//2103 2104//2104
f 2104//2104 2103//2103 1093//1093
f 2105//2105 2106//2106 2107//2107
f 1093//1093 1096//1096 2104//2104
f 2104//2104 1096//1096 1098//1098
f 2104//2104 1098//1098 2108//2108
f 2108//2108 1098//1098 1099//1099
f 2108//2108 1099//1099 2101//2101
f 2101//2101 1099//1099 1100//1100
f 2101//2101 1100//1100 2099//2099
f 2099//2099 1100//1100 1101//1101
f 2100//2100 2109//2109 2101//2101
f 2101//2101 2109//2109 2110//2110
f 2101//2101 2110//2110 2108//2108
f 2108//2108 2110//2110 2111//2111
f 2108//2108 2111//2111 2104//2104
f 2104//2104 2111//2111 2105//2105
f 2104//2104 2105//2105 2102//2102
f 2102//2102 2105//2105 2107//2107
f 2112//2112 2113//2113 2098//2098
f 2078//2078 2102//2102 2107//2107
f 2078//2078 2107//2107 2079//2079
f 2079//2079 2107//2107 2106//2106
f 2079//2079 2106//2106 2098//2098
f 2098//2098 2106//2106 2114//2114
f 2098//2098 2114//2114 2112//2112
f 2102//2102 2078//2078 2103//2103
f 2103//2103 2078//2078 2075//2075
f 2103//2103 2075//2075 1093//1093
f 1093//1093 2075//2075 2074//2074
f 1093//1093 2074//2074 1094//1094
f 1069//1069 1136//1136 1388//1388
f 2074//2074 2072//2072 1094//1094
f 1094//1094 2072//2072 1070//1070
f 1094//1094 1070//1070 1102//1102
f 1102//1102 1070//1070 1069//1069
f 1102//1102 1069//1069 1127//1127
f 1127//1127 1069//1069 1388//1388
f 2112//2112 2114//2114 2115//2115
f 2115//2115 2116//2116 2112//2112
f 2112//2112 2116//2116 2117//2117
f 2112//2112 2117//2117 2113//2113
f 2118//2118 2119//2119 2120//2120
f 2120//2120 2119//2119 2121//2121
f 2120//2120 2121//2121 2122//2122
f 2122//2122 2121//2121 2123//2123
f 2109//2109 2123//2123 2124//2124
f 2124//2124 2123//2123 2121//2121
f 2124//2124 2121//2121 2116//2116
f 2116//2116 2121//2121 2119//2119
f 2116//2116 2119//2119 2117//2117
f 2114//2114 2106//2106 2115//2115
f 2115//2115 2106//2106 2105//2105
f 2115//2115 2105//2105 2116//2116
f 2116//2116 2105//2105 2111//2111
f 2116//2116 2111//2111 2124//2124
f 2124//2124 2111//2111 2110//2110
f 2124//2124 2110//2110 2109//2109
f 1126//1126 2125//2125 2126//2126
f 1126//1126 2126//2126 1112//1112
f 1112//1112 2126//2126 2127//2127
f 1112//1112 2127//2127 1113//1113
f 2127//2127 2100//2100 1113//1113
f 1113//1113 2100//2100 2099//2099
f 1113//1113 2099//2099 1117//1117
f 1117//1117 2099//2099 1101//1101
f 1126//1126 1125//1125 2125//2125
f 2125//2125 1125//1125 2128//2128
f 2125//2125 2128//2128 2129//2129
f 2129//2129 2130//2130 2125//2125
f 2125//2125 2130//2130 2131//2131
f 2125//2125 2131//2131 2126//2126
f 2126//2126 2131//2131 2132//2132
f 2126//2126 2132//2132 2127//2127
f 2127//2127 2132//2132 2133//2133
f 2127//2127 2133//2133 2100//2100
f 2100//2100 2133//2133 2109//2109
f 1173//1173 2134//2134 1172//1172
f 1172//1172 2134//2134 2135//2135
f 1172//1172 2135//2135 1171//1171
f 1171//1171 2135//2135 2136//2136
f 1171//1171 2136//2136 1170//1170
f 1170//1170 2136//2136 2137//2137
f 1170//1170 2137//2137 1169//1169
f 1169//1169 2137//2137 2138//2138
f 1169//1169 2138//2138 1168//1168
f 1168//1168 1116//1116 1115//1115
f 2128//2128 1168//1168 2129//2129
f 2129//2129 1168//1168 2138//2138
f 2128//2128 1125//1125 1168//1168
f 1168//1168 1125//1125 1123//1123
f 1168//1168 1123//1123 1116//1116
f 1115//1115 1182//1182 1168//1168
f 1168//1168 1182//1182 1428//1428
f 1168//1168 1428//1428 1427//1427
f 1427//1427 1435//1435 1168//1168
f 1168//1168 1435//1435 1444//1444
f 1168//1168 1444//1444 1418//1418
f 2134//2134 2139//2139 2135//2135
f 2135//2135 2139//2139 2140//2140
f 2135//2135 2140//2140 2136//2136
f 2136//2136 2140//2140 2141//2141
f 2136//2136 2141//2141 2137//2137
f 2137//2137 2141//2141 2142//2142
f 2137//2137 2142//2142 2138//2138
f 2138//2138 2142//2142 2143//2143
f 1173//1173 1203//1203 2134//2134
f 2134//2134 1203//1203 2139//2139
f 1377//1377 2144//2144 1374//1374
f 1374//1374 2144//2144 2145//2145
f 1374//1374 2145//2145 1363//1363
f 1363//1363 2145//2145 2146//2146
f 1363//1363 2146//2146 1364//1364
f 1364//1364 2146//2146 2139//2139
f 1364//1364 2139//2139 1203//1203
f 936//936 2147//2147 937//937
f 937//937 2147//2147 2148//2148
f 937//937 2148//2148 1377//1377
f 1377//1377 2148//2148 2149//2149
f 1377//1377 2149//2149 2144//2144
f 2123//2123 2109//2109 2133//2133
f 2129//2129 2138//2138 2130//2130
f 2130//2130 2138//2138 2143//2143
f 2130//2130 2143//2143 2131//2131
f 2143//2143 2150//2150 2151//2151
f 2151//2151 2150//2150 2152//2152
f 2151//2151 2152//2152 2153//2153
f 2143//2143 2151//2151 2131//2131
f 2131//2131 2151//2151 2118//2118
f 2131//2131 2118//2118 2132//2132
f 2132//2132 2118//2118 2120//2120
f 2132//2132 2120//2120 2133//2133
f 2133//2133 2120//2120 2122//2122
f 2133//2133 2122//2122 2123//2123
f 2154//2154 2152//2152 2150//2150
f 2139//2139 2146//2146 2140//2140
f 2140//2140 2146//2146 2155//2155
f 2140//2140 2155//2155 2141//2141
f 2141//2141 2155//2155 2156//2156
f 2141//2141 2156//2156 2142//2142
f 2142//2142 2156//2156 2157//2157
f 2142//2142 2157//2157 2143//2143
f 2146//2146 2145//2145 2155//2155
f 2155//2155 2145//2145 2158//2158
f 2155//2155 2158//2158 2156//2156
f 2156//2156 2158//2158 2154//2154
f 2156//2156 2154//2154 2157//2157
f 2157//2157 2154//2154 2150//2150
f 2157//2157 2150//2150 2143//2143
f 2158//2158 2145//2145 2144//2144
f 2154//2154 2159//2159 2152//2152
f 2152//2152 2159//2159 2160//2160
f 2160//2160 2159//2159 2161//2161
f 2161//2161 2159//2159 2162//2162
f 2161//2161 2162//2162 2163//2163
f 2163//2163 2162//2162 2164//2164
f 2163//2163 2164//2164 2165//2165
f 2165//2165 2164//2164 2166//2166
f 2165//2165 2166//2166 2167//2167
f 2168//2168 2167//2167 2169//2169
f 2169//2169 2167//2167 2166//2166
f 2169//2169 2166//2166 936//936
f 936//936 2166//2166 2147//2147
f 2147//2147 2166//2166 2164//2164
f 2147//2147 2164//2164 2148//2148
f 2148//2148 2164//2164 2162//2162
f 2148//2148 2162//2162 2149//2149
f 2149//2149 2162//2162 2159//2159
f 2149//2149 2159//2159 2144//2144
f 2144//2144 2159//2159 2154//2154
f 2144//2144 2154//2154 2158//2158
f 936//936 941//941 2169//2169
f 2169//2169 941//941 2170//2170
f 2169//2169 2170//2170 2168//2168
f 2168//2168 2170//2170 2171//2171
f 1404//1404 2172//2172 940//940
f 940//940 2172//2172 2173//2173
f 2173//2173 2174//2174 940//940
f 940//940 2174//2174 2175//2175
f 940//940 2175//2175 941//941
f 1048//1048 2176//2176 1409//1409
f 1409//1409 2176//2176 2177//2177
f 1409//1409 2177//2177 1403//1403
f 1403//1403 2177//2177 2178//2178
f 1403//1403 2178//2178 1404//1404
f 1404//1404 2178//2178 2179//2179
f 1404//1404 2179//2179 2172//2172
f 2176//2176 1048//1048 1047//1047
f 2180//2180 2181//2181 2182//2182
f 2183//2183 2184//2184 2185//2185
f 2185//2185 2184//2184 2186//2186
f 2185//2185 2186//2186 2187//2187
f 2187//2187 2186//2186 2171//2171
f 2187//2187 2171//2171 2170//2170
f 2188//2188 2189//2189 2190//2190
f 2191//2191 2192//2192 2193//2193
f 2193//2193 2192//2192 2188//2188
f 2193//2193 2188//2188 2194//2194
f 2194//2194 2188//2188 2190//2190
f 2194//2194 2190//2190 2195//2195
f 2176//2176 2181//2181 2177//2177
f 2177//2177 2181//2181 2180//2180
f 2177//2177 2180//2180 2178//2178
f 2178//2178 2180//2180 2196//2196
f 2178//2178 2196//2196 2179//2179
f 2179//2179 2196//2196 2183//2183
f 2179//2179 2183//2183 2172//2172
f 2172//2172 2183//2183 2173//2173
f 2173//2173 2183//2183 2185//2185
f 2173//2173 2185//2185 2174//2174
f 2174//2174 2185//2185 2187//2187
f 2174//2174 2187//2187 2175//2175
f 2175//2175 2187//2187 2170//2170
f 2175//2175 2170//2170 941//941
f 2197//2197 2195//2195 2198//2198
f 2198//2198 2195//2195 2190//2190
f 2198//2198 2190//2190 2182//2182
f 2182//2182 2190//2190 2189//2189
f 2182//2182 2189//2189 2180//2180
f 2180//2180 2189//2189 2188//2188
f 2180//2180 2188//2188 2196//2196
f 2196//2196 2188//2188 2192//2192
f 2196//2196 2192//2192 2183//2183
f 2183//2183 2192//2192 2191//2191
f 2183//2183 2191//2191 2184//2184
f 2176//2176 1047//1047 2181//2181
f 2181//2181 1047//1047 1045//1045
f 2181//2181 1045//1045 2182//2182
f 2182//2182 1045//1045 1018//1018
f 2182//2182 1018//1018 2198//2198
f 2198//2198 1018//1018 1017//1017
f 2198//2198 1017//1017 2197//2197
f 2197//2197 1017//1017 1032//1032
f 2113//2113 2199//2199 2098//2098
f 2098//2098 2199//2199 2200//2200
f 2200//2200 2199//2199 2201//2201
f 2201//2201 2199//2199 2202//2202
f 2201//2201 2202//2202 2153//2153
f 2203//2203 2204//2204 1468//1468
f 1468//1468 1466//1466 2203//2203
f 2203//2203 1466//1466 1464//1464
f 2203//2203 1464//1464 2205//2205
f 2205//2205 1464//1464 1462//1462
f 2205//2205 1462//1462 2206//2206
f 2206//2206 1462//1462 2207//2207
f 2207//2207 1462//1462 1460//1460
f 2207//2207 1460//1460 2048//2048
f 2208//2208 2048//2048 2034//2034
f 2034//2034 2050//2050 2208//2208
f 2208//2208 2050//2050 2049//2049
f 2208//2208 2049//2049 2209//2209
f 2209//2209 2049//2049 2053//2053
f 2209//2209 2053//2053 2210//2210
f 2053//2053 2052//2052 2210//2210
f 2210//2210 2052//2052 2063//2063
f 2210//2210 2063//2063 2211//2211
f 2212//2212 2213//2213 2214//2214
f 955//955 954//954 2215//2215
f 2216//2216 2217//2217 2218//2218
f 2218//2218 2217//2217 2219//2219
f 2218//2218 2219//2219 2220//2220
f 2215//2215 2221//2221 2222//2222
f 953//953 952//952 2223//2223
f 2221//2221 2215//2215 2223//2223
f 2223//2223 2215//2215 954//954
f 2223//2223 954//954 953//953
f 949//949 2224//2224 947//947
f 947//947 2224//2224 2225//2225
f 947//947 2225//2225 942//942
f 2226//2226 943//943 2227//2227
f 2227//2227 943//943 942//942
f 2228//2228 2229//2229 2214//2214
f 2214//2214 2229//2229 2230//2230
f 2214//2214 2230//2230 2212//2212
f 2212//2212 2230//2230 2231//2231
f 942//942 2225//2225 2227//2227
f 2227//2227 2225//2225 2232//2232
f 2227//2227 2232//2232 2226//2226
f 949//949 955//955 2224//2224
f 2224//2224 955//955 2215//2215
f 2224//2224 2215//2215 2216//2216
f 2216//2216 2215//2215 2222//2222
f 2216//2216 2222//2222 2217//2217
f 2213//2213 2233//2233 2214//2214
f 2214//2214 2233//2233 2234//2234
f 2214//2214 2234//2234 2228//2228
f 2228//2228 2234//2234 2235//2235
f 2220//2220 2229//2229 2218//2218
f 2218//2218 2229//2229 2228//2228
f 2218//2218 2228//2228 2216//2216
f 2216//2216 2228//2228 2235//2235
f 2216//2216 2235//2235 2224//2224
f 2224//2224 2235//2235 2234//2234
f 2224//2224 2234//2234 2225//2225
f 2225//2225 2234//2234 2233//2233
f 2225//2225 2233//2233 2232//2232
f 2226//2226 2232//2232 999//999
f 995//995 944//944 999//999
f 999//999 944//944 943//943
f 999//999 943//943 2226//2226
f 2236//2236 1015//1015 2237//2237
f 2237//2237 1015//1015 1014//1014
f 2233//2233 2213//2213 998//998
f 998//998 2213//2213 2212//2212
f 998//998 2212//2212 1014//1014
f 1014//1014 2212//2212 2231//2231
f 1014//1014 2231//2231 2237//2237
f 2233//2233 998//998 2232//2232
f 2232//2232 998//998 997//997
f 2232//2232 997//997 999//999
f 2231//2231 2230//2230 2237//2237
f 2237//2237 2230//2230 2238//2238
f 2237//2237 2238//2238 2236//2236
f 2239//2239 2236//2236 2238//2238
f 2219//2219 2239//2239 2220//2220
f 2220//2220 2239//2239 2238//2238
f 2220//2220 2238//2238 2229//2229
f 2229//2229 2238//2238 2230//2230
f 2219//2219 2217//2217 2240//2240
f 2240//2240 2217//2217 2222//2222
f 2240//2240 2222//2222 2221//2221
f 2221//2221 2223//2223 2240//2240
f 2240//2240 2223//2223 952//952
f 2240//2240 952//952 991//991
f 991//991 952//952 951//951
f 991//991 951//951 960//960
f 2241//2241 2242//2242 969//969
f 969//969 2242//2242 970//970
f 970//970 2242//2242 994//994
f 994//994 2242//2242 2243//2243
f 994//994 2243//2243 993//993
f 993//993 2243//2243 2244//2244
f 993//993 2244//2244 992//992
f 992//992 2244//2244 2240//2240
f 992//992 2240//2240 991//991
f 2245//2245 2236//2236 2239//2239
f 2245//2245 2239//2239 2246//2246
f 2246//2246 2239//2239 2219//2219
f 2246//2246 2219//2219 2240//2240
f 2247//2247 2248//2248 2249//2249
f 2246//2246 2240//2240 2250//2250
f 2250//2250 2240//2240 2244//2244
f 2250//2250 2244//2244 2251//2251
f 2251//2251 2244//2244 2243//2243
f 2251//2251 2243//2243 2249//2249
f 2249//2249 2243//2243 2242//2242
f 2249//2249 2242//2242 2247//2247
f 2247//2247 2242//2242 2241//2241
f 2245//2245 2246//2246 2252//2252
f 2252//2252 2246//2246 2250//2250
f 2252//2252 2250//2250 2253//2253
f 2253//2253 2250//2250 2251//2251
f 2253//2253 2251//2251 2254//2254
f 2254//2254 2251//2251 2249//2249
f 2254//2254 2249//2249 2255//2255
f 2255//2255 2249//2249 2248//2248
f 967//967 2256//2256 969//969
f 969//969 2256//2256 2257//2257
f 966//966 1468//1468 967//967
f 967//967 1468//1468 2204//2204
f 967//967 2204//2204 2256//2256
f 2257//2257 2258//2258 969//969
f 969//969 2258//2258 2259//2259
f 969//969 2259//2259 2241//2241
f 966//966 971//971 1468//1468
f 1468//1468 971//971 973//973
f 1468//1468 973//973 1474//1474
f 1474//1474 973//973 975//975
f 1474//1474 975//975 977//977
f 1491//1491 1490//1490 977//977
f 977//977 1490//1490 1530//1530
f 1494//1494 1474//1474 1496//1496
f 1496//1496 1474//1474 977//977
f 1496//1496 977//977 1497//1497
f 1497//1497 977//977 1530//1530
f 2259//2259 2260//2260 2241//2241
f 2241//2241 2260//2260 2261//2261
f 2241//2241 2261//2261 2247//2247
f 2247//2247 2261//2261 2248//2248
f 2261//2261 2262//2262 2248//2248
f 2248//2248 2262//2262 2263//2263
f 2248//2248 2263//2263 2264//2264
f 2264//2264 2265//2265 2248//2248
f 2248//2248 2265//2265 2266//2266
f 2248//2248 2266//2266 2255//2255
f 2255//2255 2266//2266 2267//2267
f 2255//2255 2267//2267 2268//2268
f 2269//2269 2270//2270 2271//2271
f 2272//2272 2270//2270 2273//2273
f 2273//2273 2270//2270 2269//2269
f 2273//2273 2269//2269 2274//2274
f 2203//2203 2205//2205 2275//2275
f 2275//2275 2205//2205 2276//2276
f 2275//2275 2276//2276 2277//2277
f 2271//2271 2278//2278 2269//2269
f 2269//2269 2278//2278 2277//2277
f 2269//2269 2277//2277 2274//2274
f 2274//2274 2277//2277 2276//2276
f 2204//2204 2203//2203 2279//2279
f 2279//2279 2203//2203 2275//2275
f 2279//2279 2275//2275 2280//2280
f 2280//2280 2275//2275 2277//2277
f 2280//2280 2277//2277 2281//2281
f 2281//2281 2277//2277 2278//2278
f 2282//2282 2208//2208 2209//2209
f 2048//2048 2208//2208 2207//2207
f 2207//2207 2208//2208 2282//2282
f 2207//2207 2282//2282 2206//2206
f 2283//2283 2272//2272 2284//2284
f 2284//2284 2272//2272 2273//2273
f 2284//2284 2273//2273 2285//2285
f 2285//2285 2273//2273 2274//2274
f 2285//2285 2274//2274 2286//2286
f 2286//2286 2274//2274 2276//2276
f 2211//2211 2283//2283 2210//2210
f 2210//2210 2283//2283 2284//2284
f 2210//2210 2284//2284 2209//2209
f 2209//2209 2284//2284 2285//2285
f 2209//2209 2285//2285 2282//2282
f 2282//2282 2285//2285 2286//2286
f 2282//2282 2286//2286 2206//2206
f 2206//2206 2286//2286 2276//2276
f 2206//2206 2276//2276 2205//2205
f 2236//2236 2245//2245 2287//2287
f 2201//2201 2153//2153 2288//2288
f 2288//2288 2153//2153 2165//2165
f 2288//2288 2165//2165 2167//2167
f 2153//2153 2152//2152 2160//2160
f 2160//2160 2161//2161 2153//2153
f 2153//2153 2161//2161 2163//2163
f 2153//2153 2163//2163 2165//2165
f 2191//2191 2193//2193 2236//2236
f 2236//2236 2193//2193 2194//2194
f 2167//2167 2168//2168 2288//2288
f 2288//2288 2168//2168 2171//2171
f 2288//2288 2171//2171 2287//2287
f 2287//2287 2171//2171 2186//2186
f 2287//2287 2186//2186 2236//2236
f 2236//2236 2186//2186 2184//2184
f 2236//2236 2184//2184 2191//2191
f 1001//1001 1000//1000 1032//1032
f 1032//1032 1000//1000 1003//1003
f 2194//2194 2195//2195 2236//2236
f 2236//2236 2195//2195 2197//2197
f 2236//2236 2197//2197 1015//1015
f 1015//1015 2197//2197 1032//1032
f 1015//1015 1032//1032 1009//1009
f 1009//1009 1032//1032 1003//1003
f 2289//2289 2290//2290 2291//2291
f 2292//2292 2293//2293 2294//2294
f 2294//2294 2293//2293 2290//2290
f 2294//2294 2290//2290 2295//2295
f 2295//2295 2290//2290 2289//2289
f 2296//2296 2297//2297 2291//2291
f 2291//2291 2297//2297 2289//2289
f 2288//2288 2298//2298 2201//2201
f 2201//2201 2298//2298 2299//2299
f 2201//2201 2299//2299 2296//2296
f 2296//2296 2299//2299 2300//2300
f 2296//2296 2300//2300 2297//2297
f 2287//2287 2245//2245 2301//2301
f 2301//2301 2245//2245 2252//2252
f 2301//2301 2252//2252 2302//2302
f 2302//2302 2252//2252 2253//2253
f 2302//2302 2253//2253 2303//2303
f 2303//2303 2253//2253 2254//2254
f 2303//2303 2254//2254 2304//2304
f 2255//2255 2268//2268 2254//2254
f 2254//2254 2268//2268 2305//2305
f 2254//2254 2305//2305 2304//2304
f 2306//2306 2069//2069 2307//2307
f 2307//2307 2069//2069 2059//2059
f 2059//2059 2058//2058 2307//2307
f 2307//2307 2058//2058 2056//2056
f 2307//2307 2056//2056 2308//2308
f 2047//2047 2093//2093 2061//2061
f 2061//2061 2093//2093 2308//2308
f 2061//2061 2308//2308 2055//2055
f 2055//2055 2308//2308 2056//2056
f 2309//2309 2093//2093 2088//2088
f 2310//2310 2311//2311 2088//2088
f 2088//2088 2311//2311 2312//2312
f 2088//2088 2312//2312 2309//2309
f 2313//2313 2314//2314 2315//2315
f 2315//2315 2314//2314 2293//2293
f 2315//2315 2293//2293 2292//2292
f 2315//2315 2316//2316 2313//2313
f 2313//2313 2316//2316 2317//2317
f 2313//2313 2317//2317 2318//2318
f 2318//2318 2319//2319 2313//2313
f 2313//2313 2319//2319 2320//2320
f 2313//2313 2320//2320 2094//2094
f 2094//2094 2320//2320 2321//2321
f 2094//2094 2321//2321 2088//2088
f 2088//2088 2321//2321 2322//2322
f 2088//2088 2322//2322 2310//2310
f 2323//2323 2324//2324 2325//2325
f 2325//2325 2324//2324 2326//2326
f 2325//2325 2326//2326 2327//2327
f 2327//2327 2326//2326 2328//2328
f 2327//2327 2328//2328 2329//2329
f 2329//2329 2328//2328 2330//2330
f 2329//2329 2330//2330 2331//2331
f 2268//2268 2267//2267 2332//2332
f 2332//2332 2267//2267 2324//2324
f 2332//2332 2324//2324 2333//2333
f 2333//2333 2324//2324 2323//2323
f 2263//2263 2262//2262 2334//2334
f 2263//2263 2334//2334 2264//2264
f 2335//2335 2330//2330 2336//2336
f 2336//2336 2330//2330 2328//2328
f 2337//2337 2338//2338 2339//2339
f 2340//2340 2335//2335 2341//2341
f 2341//2341 2335//2335 2336//2336
f 2341//2341 2336//2336 2342//2342
f 2342//2342 2336//2336 2328//2328
f 2342//2342 2328//2328 2326//2326
f 2343//2343 2339//2339 2344//2344
f 2344//2344 2339//2339 2338//2338
f 2344//2344 2338//2338 2345//2345
f 2346//2346 2340//2340 2343//2343
f 2343//2343 2340//2340 2341//2341
f 2343//2343 2341//2341 2339//2339
f 2339//2339 2341//2341 2342//2342
f 2339//2339 2342//2342 2337//2337
f 2337//2337 2342//2342 2326//2326
f 2337//2337 2326//2326 2324//2324
f 2347//2347 2346//2346 2348//2348
f 2348//2348 2346//2346 2343//2343
f 2348//2348 2343//2343 2349//2349
f 2349//2349 2343//2343 2344//2344
f 2349//2349 2344//2344 2334//2334
f 2334//2334 2344//2344 2345//2345
f 2334//2334 2345//2345 2264//2264
f 2264//2264 2345//2345 2338//2338
f 2264//2264 2338//2338 2265//2265
f 2265//2265 2338//2338 2337//2337
f 2265//2265 2337//2337 2266//2266
f 2266//2266 2337//2337 2324//2324
f 2266//2266 2324//2324 2267//2267
f 2350//2350 2347//2347 2351//2351
f 2351//2351 2347//2347 2348//2348
f 2351//2351 2348//2348 2352//2352
f 2352//2352 2348//2348 2349//2349
f 2352//2352 2349//2349 2353//2353
f 2353//2353 2349//2349 2334//2334
f 2353//2353 2334//2334 2354//2354
f 2354//2354 2334//2334 2262//2262
f 2354//2354 2262//2262 2261//2261
f 2259//2259 2258//2258 2355//2355
f 2355//2355 2258//2258 2257//2257
f 2355//2355 2257//2257 2356//2356
f 2356//2356 2257//2257 2256//2256
f 2356//2356 2256//2256 2357//2357
f 2358//2358 2359//2359 2360//2360
f 2358//2358 2360//2360 2361//2361
f 2361//2361 2360//2360 2362//2362
f 2361//2361 2362//2362 2363//2363
f 2364//2364 2351//2351 2365//2365
f 2365//2365 2351//2351 2352//2352
f 2365//2365 2352//2352 2353//2353
f 2260//2260 2259//2259 2366//2366
f 2366//2366 2259//2259 2355//2355
f 2366//2366 2355//2355 2367//2367
f 2365//2365 2368//2368 2364//2364
f 2364//2364 2368//2368 2369//2369
f 2364//2364 2369//2369 2351//2351
f 2351//2351 2369//2369 2370//2370
f 2351//2351 2370//2370 2350//2350
f 2371//2371 2362//2362 2372//2372
f 2372//2372 2362//2362 2360//2360
f 2372//2372 2360//2360 2373//2373
f 2373//2373 2360//2360 2359//2359
f 2373//2373 2359//2359 2374//2374
f 2261//2261 2260//2260 2354//2354
f 2354//2354 2260//2260 2366//2366
f 2354//2354 2366//2366 2353//2353
f 2353//2353 2366//2366 2367//2367
f 2353//2353 2367//2367 2365//2365
f 2357//2357 2358//2358 2356//2356
f 2356//2356 2358//2358 2361//2361
f 2356//2356 2361//2361 2355//2355
f 2355//2355 2361//2361 2363//2363
f 2355//2355 2363//2363 2367//2367
f 2367//2367 2363//2363 2362//2362
f 2367//2367 2362//2362 2365//2365
f 2365//2365 2362//2362 2371//2371
f 2365//2365 2371//2371 2368//2368
f 2374//2374 2359//2359 2271//2271
f 2271//2271 2359//2359 2278//2278
f 2278//2278 2359//2359 2281//2281
f 2281//2281 2359//2359 2358//2358
f 2281//2281 2358//2358 2280//2280
f 2280//2280 2358//2358 2357//2357
f 2280//2280 2357//2357 2279//2279
f 2279//2279 2357//2357 2256//2256
f 2279//2279 2256//2256 2204//2204
f 2199//2199 2113//2113 2117//2117
f 2375//2375 2151//2151 2202//2202
f 2202//2202 2151//2151 2153//2153
f 2202//2202 2199//2199 2375//2375
f 2375//2375 2199//2199 2117//2117
f 2375//2375 2117//2117 2151//2151
f 2151//2151 2117//2117 2119//2119
f 2151//2151 2119//2119 2118//2118
f 2314//2314 2313//2313 2376//2376
f 2200//2200 2201//2201 2377//2377
f 2377//2377 2201//2201 2296//2296
f 2377//2377 2296//2296 2378//2378
f 2378//2378 2296//2296 2291//2291
f 2378//2378 2291//2291 2376//2376
f 2376//2376 2291//2291 2290//2290
f 2376//2376 2290//2290 2314//2314
f 2314//2314 2290//2290 2293//2293
f 2098//2098 2200//2200 2097//2097
f 2097//2097 2200//2200 2377//2377
f 2097//2097 2377//2377 2096//2096
f 2096//2096 2377//2377 2378//2378
f 2096//2096 2378//2378 2095//2095
f 2095//2095 2378//2378 2376//2376
f 2095//2095 2376//2376 2094//2094
f 2094//2094 2376//2376 2313//2313
f 2270//2270 2272//2272 2283//2283
f 2379//2379 2374//2374 2380//2380
f 2380//2380 2374//2374 2271//2271
f 2380//2380 2271//2271 2381//2381
f 2381//2381 2271//2271 2382//2382
f 2211//2211 2063//2063 2383//2383
f 2306//2306 2384//2384 2385//2385
f 2065//2065 2386//2386 2063//2063
f 2063//2063 2386//2386 2387//2387
f 2063//2063 2387//2387 2383//2383
f 2271//2271 2270//2270 2382//2382
f 2382//2382 2270//2270 2283//2283
f 2382//2382 2283//2283 2388//2388
f 2388//2388 2283//2283 2211//2211
f 2388//2388 2211//2211 2389//2389
f 2389//2389 2211//2211 2383//2383
f 2385//2385 2390//2390 2306//2306
f 2306//2306 2390//2390 2391//2391
f 2306//2306 2391//2391 2069//2069
f 2069//2069 2391//2391 2386//2386
f 2069//2069 2386//2386 2068//2068
f 2068//2068 2386//2386 2065//2065
f 2068//2068 2065//2065 2067//2067
f 2392//2392 2393//2393 2394//2394
f 2395//2395 2396//2396 2397//2397
f 2398//2398 2396//2396 2399//2399
f 2399//2399 2396//2396 2395//2395
f 2399//2399 2395//2395 2400//2400
f 2394//2394 2393//2393 2401//2401
f 2297//2297 2402//2402 2289//2289
f 2403//2403 2404//2404 2405//2405
f 2405//2405 2404//2404 2406//2406
f 2405//2405 2406//2406 2407//2407
f 2407//2407 2406//2406 2408//2408
f 2407//2407 2408//2408 2402//2402
f 2402//2402 2408//2408 2409//2409
f 2402//2402 2409//2409 2289//2289
f 2410//2410 2411//2411 2412//2412
f 2412//2412 2411//2411 2413//2413
f 2412//2412 2413//2413 2414//2414
f 2414//2414 2413//2413 2415//2415
f 2414//2414 2415//2415 2401//2401
f 2401//2401 2415//2415 2416//2416
f 2401//2401 2416//2416 2394//2394
f 2295//2295 2410//2410 2294//2294
f 2294//2294 2410//2410 2412//2412
f 2294//2294 2412//2412 2292//2292
f 2299//2299 2298//2298 2417//2417
f 2397//2397 2418//2418 2395//2395
f 2395//2395 2418//2418 2419//2419
f 2395//2395 2419//2419 2400//2400
f 2400//2400 2419//2419 2420//2420
f 2400//2400 2420//2420 2421//2421
f 2421//2421 2420//2420 2422//2422
f 2421//2421 2422//2422 2423//2423
f 2423//2423 2422//2422 2424//2424
f 2423//2423 2424//2424 2425//2425
f 2425//2425 2424//2424 2417//2417
f 2425//2425 2417//2417 2426//2426
f 2426//2426 2417//2417 2298//2298
f 2426//2426 2298//2298 2288//2288
f 2427//2427 2428//2428 2429//2429
f 2429//2429 2428//2428 2430//2430
f 2429//2429 2430//2430 2431//2431
f 2431//2431 2430//2430 2432//2432
f 2431//2431 2432//2432 2433//2433
f 2433//2433 2432//2432 2300//2300
f 2433//2433 2300//2300 2299//2299
f 2299//2299 2417//2417 2433//2433
f 2433//2433 2417//2417 2424//2424
f 2433//2433 2424//2424 2431//2431
f 2431//2431 2424//2424 2422//2422
f 2431//2431 2422//2422 2429//2429
f 2429//2429 2422//2422 2420//2420
f 2429//2429 2420//2420 2427//2427
f 2427//2427 2420//2420 2419//2419
f 2427//2427 2419//2419 2416//2416
f 2416//2416 2419//2419 2418//2418
f 2416//2416 2418//2418 2394//2394
f 2394//2394 2418//2418 2397//2397
f 2394//2394 2397//2397 2392//2392
f 2393//2393 2434//2434 2401//2401
f 2401//2401 2434//2434 2435//2435
f 2401//2401 2435//2435 2414//2414
f 2414//2414 2435//2435 2436//2436
f 2414//2414 2436//2436 2412//2412
f 2412//2412 2436//2436 2437//2437
f 2412//2412 2437//2437 2292//2292
f 2295//2295 2289//2289 2410//2410
f 2410//2410 2289//2289 2409//2409
f 2410//2410 2409//2409 2411//2411
f 2411//2411 2409//2409 2408//2408
f 2411//2411 2408//2408 2413//2413
f 2413//2413 2408//2408 2406//2406
f 2413//2413 2406//2406 2415//2415
f 2415//2415 2406//2406 2404//2404
f 2415//2415 2404//2404 2416//2416
f 2416//2416 2404//2404 2403//2403
f 2416//2416 2403//2403 2427//2427
f 2427//2427 2403//2403 2405//2405
f 2427//2427 2405//2405 2428//2428
f 2428//2428 2405//2405 2407//2407
f 2428//2428 2407//2407 2430//2430
f 2430//2430 2407//2407 2402//2402
f 2430//2430 2402//2402 2432//2432
f 2432//2432 2402//2402 2297//2297
f 2432//2432 2297//2297 2300//2300
f 2438//2438 2398//2398 2399//2399
f 2438//2438 2399//2399 2439//2439
f 2439//2439 2399//2399 2400//2400
f 2439//2439 2400//2400 2440//2440
f 2440//2440 2400//2400 2441//2441
f 2441//2441 2400//2400 2421//2421
f 2441//2441 2421//2421 2442//2442
f 2421//2421 2423//2423 2442//2442
f 2442//2442 2423//2423 2425//2425
f 2442//2442 2425//2425 2443//2443
f 2443//2443 2425//2425 2287//2287
f 2287//2287 2425//2425 2426//2426
f 2287//2287 2426//2426 2288//2288
f 2304//2304 2305//2305 2444//2444
f 2443//2443 2287//2287 2445//2445
f 2445//2445 2287//2287 2301//2301
f 2446//2446 2447//2447 2439//2439
f 2448//2448 2449//2449 2447//2447
f 2447//2447 2449//2449 2450//2450
f 2447//2447 2450//2450 2439//2439
f 2439//2439 2450//2450 2451//2451
f 2439//2439 2451//2451 2438//2438
f 2302//2302 2303//2303 2452//2452
f 2452//2452 2303//2303 2453//2453
f 2452//2452 2453//2453 2454//2454
f 2454//2454 2453//2453 2455//2455
f 2454//2454 2455//2455 2456//2456
f 2446//2446 2457//2457 2458//2458
f 2458//2458 2457//2457 2459//2459
f 2458//2458 2459//2459 2460//2460
f 2460//2460 2459//2459 2461//2461
f 2460//2460 2461//2461 2462//2462
f 2462//2462 2461//2461 2463//2463
f 2448//2448 2447//2447 2464//2464
f 2464//2464 2447//2447 2446//2446
f 2464//2464 2446//2446 2465//2465
f 2465//2465 2446//2446 2458//2458
f 2465//2465 2458//2458 2456//2456
f 2456//2456 2458//2458 2460//2460
f 2456//2456 2460//2460 2454//2454
f 2454//2454 2460//2460 2462//2462
f 2454//2454 2462//2462 2452//2452
f 2452//2452 2462//2462 2463//2463
f 2452//2452 2463//2463 2302//2302
f 2305//2305 2268//2268 2444//2444
f 2444//2444 2268//2268 2332//2332
f 2444//2444 2332//2332 2466//2466
f 2466//2466 2332//2332 2333//2333
f 2466//2466 2333//2333 2467//2467
f 2467//2467 2333//2333 2323//2323
f 2467//2467 2323//2323 2468//2468
f 2468//2468 2323//2323 2325//2325
f 2468//2468 2325//2325 2469//2469
f 2469//2469 2325//2325 2327//2327
f 2469//2469 2327//2327 2470//2470
f 2470//2470 2327//2327 2329//2329
f 2470//2470 2329//2329 2331//2331
f 2439//2439 2440//2440 2446//2446
f 2446//2446 2440//2440 2441//2441
f 2446//2446 2441//2441 2457//2457
f 2457//2457 2441//2441 2442//2442
f 2457//2457 2442//2442 2459//2459
f 2459//2459 2442//2442 2443//2443
f 2459//2459 2443//2443 2461//2461
f 2461//2461 2443//2443 2445//2445
f 2461//2461 2445//2445 2463//2463
f 2463//2463 2445//2445 2301//2301
f 2463//2463 2301//2301 2302//2302
f 2331//2331 2449//2449 2470//2470
f 2470//2470 2449//2449 2448//2448
f 2470//2470 2448//2448 2469//2469
f 2469//2469 2448//2448 2464//2464
f 2469//2469 2464//2464 2468//2468
f 2468//2468 2464//2464 2465//2465
f 2468//2468 2465//2465 2467//2467
f 2467//2467 2465//2465 2456//2456
f 2467//2467 2456//2456 2466//2466
f 2466//2466 2456//2456 2455//2455
f 2466//2466 2455//2455 2444//2444
f 2444//2444 2455//2455 2453//2453
f 2444//2444 2453//2453 2304//2304
f 2304//2304 2453//2453 2303//2303
f 2384//2384 2306//2306 2471//2471
f 2471//2471 2306//2306 2307//2307
f 2471//2471 2307//2307 2472//2472
f 2472//2472 2307//2307 2473//2473
f 2473//2473 2307//2307 2308//2308
f 2473//2473 2308//2308 2474//2474
f 2474//2474 2308//2308 2093//2093
f 2474//2474 2093//2093 2309//2309
f 2316//2316 2315//2315 2475//2475
f 2316//2316 2475//2475 2317//2317
f 2476//2476 2477//2477 2478//2478
f 2478//2478 2477//2477 2479//2479
f 2480//2480 2481//2481 2482//2482
f 2483//2483 2476//2476 2484//2484
f 2484//2484 2476//2476 2478//2478
f 2484//2484 2478//2478 2485//2485
f 2485//2485 2478//2478 2479//2479
f 2485//2485 2479//2479 2486//2486
f 2487//2487 2482//2482 2488//2488
f 2488//2488 2482//2482 2481//2481
f 2488//2488 2481//2481 2489//2489
f 2490//2490 2483//2483 2487//2487
f 2487//2487 2483//2483 2484//2484
f 2487//2487 2484//2484 2482//2482
f 2482//2482 2484//2484 2485//2485
f 2482//2482 2485//2485 2480//2480
f 2480//2480 2485//2485 2486//2486
f 2480//2480 2486//2486 2491//2491
f 2492//2492 2490//2490 2493//2493
f 2493//2493 2490//2490 2487//2487
f 2493//2493 2487//2487 2494//2494
f 2494//2494 2487//2487 2488//2488
f 2494//2494 2488//2488 2475//2475
f 2475//2475 2488//2488 2489//2489
f 2475//2475 2489//2489 2317//2317
f 2317//2317 2489//2489 2481//2481
f 2317//2317 2481//2481 2318//2318
f 2318//2318 2481//2481 2480//2480
f 2318//2318 2480//2480 2319//2319
f 2319//2319 2480//2480 2491//2491
f 2319//2319 2491//2491 2320//2320
f 2392//2392 2492//2492 2393//2393
f 2393//2393 2492//2492 2493//2493
f 2393//2393 2493//2493 2434//2434
f 2434//2434 2493//2493 2435//2435
f 2435//2435 2493//2493 2494//2494
f 2435//2435 2494//2494 2436//2436
f 2436//2436 2494//2494 2475//2475
f 2436//2436 2475//2475 2437//2437
f 2437//2437 2475//2475 2315//2315
f 2437//2437 2315//2315 2292//2292
f 2473//2473 2474//2474 2495//2495
f 2321//2321 2496//2496 2322//2322
f 2322//2322 2496//2496 2497//2497
f 2322//2322 2497//2497 2310//2310
f 2310//2310 2497//2497 2311//2311
f 2311//2311 2497//2497 2495//2495
f 2311//2311 2495//2495 2312//2312
f 2312//2312 2495//2495 2474//2474
f 2312//2312 2474//2474 2309//2309
f 2498//2498 2499//2499 2500//2500
f 2500//2500 2499//2499 2501//2501
f 2500//2500 2501//2501 2502//2502
f 2502//2502 2503//2503 2500//2500
f 2500//2500 2503//2503 2504//2504
f 2500//2500 2504//2504 2505//2505
f 2506//2506 2498//2498 2507//2507
f 2507//2507 2498//2498 2500//2500
f 2507//2507 2500//2500 2508//2508
f 2508//2508 2500//2500 2505//2505
f 2508//2508 2505//2505 2509//2509
f 2510//2510 2511//2511 2512//2512
f 2511//2511 2513//2513 2512//2512
f 2512//2512 2513//2513 2384//2384
f 2512//2512 2384//2384 2471//2471
f 2504//2504 2510//2510 2505//2505
f 2505//2505 2510//2510 2512//2512
f 2505//2505 2512//2512 2509//2509
f 2509//2509 2512//2512 2471//2471
f 2509//2509 2471//2471 2472//2472
f 2472//2472 2473//2473 2509//2509
f 2509//2509 2473//2473 2495//2495
f 2509//2509 2495//2495 2508//2508
f 2508//2508 2495//2495 2497//2497
f 2508//2508 2497//2497 2507//2507
f 2507//2507 2497//2497 2496//2496
f 2507//2507 2496//2496 2506//2506
f 2506//2506 2496//2496 2321//2321
f 2477//2477 2501//2501 2499//2499
f 2477//2477 2499//2499 2479//2479
f 2479//2479 2499//2499 2498//2498
f 2479//2479 2498//2498 2486//2486
f 2486//2486 2498//2498 2506//2506
f 2486//2486 2506//2506 2491//2491
f 2491//2491 2506//2506 2321//2321
f 2491//2491 2321//2321 2320//2320
f 2330//2330 2514//2514 2331//2331
f 2331//2331 2514//2514 2515//2515
f 2331//2331 2515//2515 2516//2516
f 2449//2449 2331//2331 2450//2450
f 2450//2450 2331//2331 2516//2516
f 2450//2450 2516//2516 2451//2451
f 2451//2451 2516//2516 2438//2438
f 2516//2516 2517//2517 2438//2438
f 2438//2438 2517//2517 2518//2518
f 2438//2438 2518//2518 2398//2398
f 2519//2519 2492//2492 2520//2520
f 2520//2520 2492//2492 2392//2392
f 2520//2520 2392//2392 2521//2521
f 2521//2521 2392//2392 2397//2397
f 2521//2521 2397//2397 2522//2522
f 2522//2522 2397//2397 2396//2396
f 2522//2522 2396//2396 2523//2523
f 2523//2523 2396//2396 2398//2398
f 2523//2523 2398//2398 2524//2524
f 2524//2524 2398//2398 2518//2518
f 2525//2525 2514//2514 2330//2330
f 2330//2330 2335//2335 2525//2525
f 2525//2525 2335//2335 2340//2340
f 2525//2525 2340//2340 2526//2526
f 2526//2526 2340//2340 2346//2346
f 2526//2526 2346//2346 2347//2347
f 2526//2526 2347//2347 2527//2527
f 2527//2527 2347//2347 2350//2350
f 2527//2527 2350//2350 2528//2528
f 2528//2528 2350//2350 2370//2370
f 2528//2528 2370//2370 2369//2369
f 2369//2369 2368//2368 2528//2528
f 2528//2528 2368//2368 2371//2371
f 2528//2528 2371//2371 2529//2529
f 2374//2374 2379//2379 2373//2373
f 2373//2373 2379//2379 2529//2529
f 2373//2373 2529//2529 2372//2372
f 2372//2372 2529//2529 2371//2371
f 2530//2530 2531//2531 2532//2532
f 2532//2532 2531//2531 2515//2515
f 2527//2527 2528//2528 2529//2529
f 2514//2514 2533//2533 2515//2515
f 2515//2515 2533//2533 2534//2534
f 2515//2515 2534//2534 2532//2532
f 2514//2514 2525//2525 2533//2533
f 2533//2533 2525//2525 2526//2526
f 2533//2533 2526//2526 2380//2380
f 2380//2380 2526//2526 2527//2527
f 2380//2380 2527//2527 2379//2379
f 2379//2379 2527//2527 2529//2529
f 2389//2389 2535//2535 2536//2536
f 2389//2389 2536//2536 2388//2388
f 2388//2388 2536//2536 2537//2537
f 2388//2388 2537//2537 2382//2382
f 2382//2382 2537//2537 2538//2538
f 2382//2382 2538//2538 2381//2381
f 2381//2381 2538//2538 2533//2533
f 2381//2381 2533//2533 2380//2380
f 2383//2383 2539//2539 2389//2389
f 2389//2389 2539//2539 2535//2535
f 2390//2390 2540//2540 2541//2541
f 2390//2390 2541//2541 2391//2391
f 2391//2391 2541//2541 2542//2542
f 2391//2391 2542//2542 2386//2386
f 2386//2386 2542//2542 2543//2543
f 2386//2386 2543//2543 2387//2387
f 2387//2387 2543//2543 2539//2539
f 2387//2387 2539//2539 2383//2383
f 2544//2544 2545//2545 2520//2520
f 2520//2520 2545//2545 2546//2546
f 2547//2547 2548//2548 2385//2385
f 2385//2385 2548//2548 2549//2549
f 2385//2385 2549//2549 2390//2390
f 2390//2390 2549//2549 2550//2550
f 2390//2390 2550//2550 2540//2540
f 2540//2540 2550//2550 2551//2551
f 2546//2546 2552//2552 2520//2520
f 2520//2520 2552//2552 2540//2540
f 2520//2520 2540//2540 2519//2519
f 2519//2519 2540//2540 2551//2551
f 2492//2492 2519//2519 2490//2490
f 2490//2490 2519//2519 2551//2551
f 2490//2490 2551//2551 2483//2483
f 2483//2483 2551//2551 2476//2476
f 2476//2476 2551//2551 2550//2550
f 2476//2476 2550//2550 2477//2477
f 2501//2501 2549//2549 2502//2502
f 2502//2502 2549//2549 2548//2548
f 2502//2502 2548//2548 2503//2503
f 2503//2503 2548//2548 2504//2504
f 2504//2504 2548//2548 2510//2510
f 2510//2510 2548//2548 2547//2547
f 2510//2510 2547//2547 2511//2511
f 2511//2511 2547//2547 2513//2513
f 2513//2513 2547//2547 2385//2385
f 2513//2513 2385//2385 2384//2384
f 2549//2549 2501//2501 2550//2550
f 2550//2550 2501//2501 2477//2477
f 2523//2523 2524//2524 2553//2553
f 2523//2523 2553//2553 2522//2522
f 2522//2522 2553//2553 2554//2554
f 2522//2522 2554//2554 2521//2521
f 2554//2554 2555//2555 2521//2521
f 2521//2521 2555//2555 2556//2556
f 2521//2521 2556//2556 2520//2520
f 2520//2520 2556//2556 2557//2557
f 2520//2520 2557//2557 2544//2544
f 2558//2558 2559//2559 2560//2560
f 2561//2561 2562//2562 2563//2563
f 2563//2563 2562//2562 2564//2564
f 2565//2565 2566//2566 2561//2561
f 2561//2561 2566//2566 2567//2567
f 2561//2561 2567//2567 2562//2562
f 2568//2568 2569//2569 2570//2570
f 2570//2570 2569//2569 2571//2571
f 2570//2570 2571//2571 2572//2572
f 2518//2518 2573//2573 2574//2574
f 2562//2562 2575//2575 2564//2564
f 2564//2564 2575//2575 2576//2576
f 2564//2564 2576//2576 2577//2577
f 2577//2577 2576//2576 2553//2553
f 2577//2577 2553//2553 2578//2578
f 2570//2570 2558//2558 2568//2568
f 2568//2568 2558//2558 2560//2560
f 2568//2568 2560//2560 2579//2579
f 2579//2579 2560//2560 2562//2562
f 2579//2579 2562//2562 2580//2580
f 2580//2580 2562//2562 2567//2567
f 2581//2581 2582//2582 2524//2524
f 2524//2524 2582//2582 2583//2583
f 2524//2524 2583//2583 2584//2584
f 2572//2572 2585//2585 2570//2570
f 2570//2570 2585//2585 2586//2586
f 2570//2570 2586//2586 2518//2518
f 2518//2518 2586//2586 2587//2587
f 2518//2518 2587//2587 2573//2573
f 2574//2574 2588//2588 2518//2518
f 2518//2518 2588//2588 2589//2589
f 2518//2518 2589//2589 2590//2590
f 2590//2590 2591//2591 2518//2518
f 2518//2518 2591//2591 2592//2592
f 2518//2518 2592//2592 2524//2524
f 2524//2524 2592//2592 2593//2593
f 2524//2524 2593//2593 2581//2581
f 2584//2584 2594//2594 2524//2524
f 2524//2524 2594//2594 2595//2595
f 2524//2524 2595//2595 2553//2553
f 2553//2553 2595//2595 2596//2596
f 2553//2553 2596//2596 2578//2578
f 2565//2565 2597//2597 2566//2566
f 2566//2566 2597//2597 2598//2598
f 2566//2566 2598//2598 2599//2599
f 2599//2599 2598//2598 2600//2600
f 2599//2599 2600//2600 2601//2601
f 2601//2601 2600//2600 2602//2602
f 2601//2601 2602//2602 2603//2603
f 2603//2603 2602//2602 2591//2591
f 2603//2603 2591//2591 2604//2604
f 2604//2604 2591//2591 2590//2590
f 2516//2516 2515//2515 2531//2531
f 2531//2531 2605//2605 2516//2516
f 2516//2516 2605//2605 2606//2606
f 2516//2516 2606//2606 2517//2517
f 2517//2517 2606//2606 2607//2607
f 2607//2607 2608//2608 2517//2517
f 2517//2517 2608//2608 2570//2570
f 2517//2517 2570//2570 2518//2518
f 2530//2530 2609//2609 2531//2531
f 2531//2531 2609//2609 2610//2610
f 2611//2611 2612//2612 2613//2613
f 2613//2613 2614//2614 2611//2611
f 2611//2611 2614//2614 2615//2615
f 2611//2611 2615//2615 2609//2609
f 2609//2609 2615//2615 2616//2616
f 2609//2609 2616//2616 2610//2610
f 2617//2617 2618//2618 2619//2619
f 2617//2617 2619//2619 2620//2620
f 2620//2620 2619//2619 2621//2621
f 2620//2620 2621//2621 2622//2622
f 2622//2622 2621//2621 2623//2623
f 2622//2622 2623//2623 2624//2624
f 2624//2624 2623//2623 2530//2530
f 2624//2624 2530//2530 2532//2532
f 2534//2534 2533//2533 2625//2625
f 2625//2625 2533//2533 2538//2538
f 2625//2625 2538//2538 2626//2626
f 2626//2626 2538//2538 2537//2537
f 2626//2626 2537//2537 2627//2627
f 2627//2627 2537//2537 2536//2536
f 2627//2627 2536//2536 2628//2628
f 2628//2628 2536//2536 2535//2535
f 2532//2532 2534//2534 2624//2624
f 2624//2624 2534//2534 2625//2625
f 2624//2624 2625//2625 2622//2622
f 2622//2622 2625//2625 2626//2626
f 2622//2622 2626//2626 2620//2620
f 2620//2620 2626//2626 2627//2627
f 2620//2620 2627//2627 2617//2617
f 2617//2617 2627//2627 2628//2628
f 2535//2535 2539//2539 2629//2629
f 2535//2535 2629//2629 2628//2628
f 2628//2628 2629//2629 2630//2630
f 2628//2628 2630//2630 2617//2617
f 2552//2552 2546//2546 2631//2631
f 2631//2631 2546//2546 2632//2632
f 2631//2631 2632//2632 2633//2633
f 2633//2633 2632//2632 2634//2634
f 2633//2633 2634//2634 2635//2635
f 2635//2635 2634//2634 2636//2636
f 2635//2635 2636//2636 2629//2629
f 2629//2629 2636//2636 2630//2630
f 2540//2540 2552//2552 2541//2541
f 2541//2541 2552//2552 2631//2631
f 2541//2541 2631//2631 2542//2542
f 2542//2542 2631//2631 2633//2633
f 2542//2542 2633//2633 2543//2543
f 2543//2543 2633//2633 2635//2635
f 2543//2543 2635//2635 2539//2539
f 2539//2539 2635//2635 2629//2629
f 2637//2637 2630//2630 2636//2636
f 2637//2637 2636//2636 2638//2638
f 2638//2638 2636//2636 2634//2634
f 2638//2638 2634//2634 2639//2639
f 2634//2634 2632//2632 2639//2639
f 2639//2639 2632//2632 2546//2546
f 2639//2639 2546//2546 2545//2545
f 2640//2640 2641//2641 2642//2642
f 2642//2642 2641//2641 2643//2643
f 2642//2642 2643//2643 2644//2644
f 2644//2644 2643//2643 2645//2645
f 2645//2645 2643//2643 2646//2646
f 2645//2645 2646//2646 2647//2647
f 2647//2647 2646//2646 2648//2648
f 2648//2648 2646//2646 2545//2545
f 2648//2648 2545//2545 2544//2544
f 2647//2647 2648//2648 2649//2649
f 2649//2649 2648//2648 2544//2544
f 2576//2576 2575//2575 2650//2650
f 2553//2553 2576//2576 2554//2554
f 2554//2554 2576//2576 2651//2651
f 2554//2554 2651//2651 2555//2555
f 2555//2555 2651//2651 2652//2652
f 2555//2555 2652//2652 2556//2556
f 2556//2556 2652//2652 2649//2649
f 2556//2556 2649//2649 2557//2557
f 2557//2557 2649//2649 2544//2544
f 2576//2576 2650//2650 2651//2651
f 2651//2651 2650//2650 2653//2653
f 2651//2651 2653//2653 2652//2652
f 2652//2652 2653//2653 2654//2654
f 2652//2652 2654//2654 2649//2649
f 2649//2649 2654//2654 2645//2645
f 2649//2649 2645//2645 2647//2647
f 2655//2655 2642//2642 2644//2644
f 2575//2575 2656//2656 2650//2650
f 2650//2650 2656//2656 2657//2657
f 2650//2650 2657//2657 2653//2653
f 2653//2653 2657//2657 2655//2655
f 2653//2653 2655//2655 2654//2654
f 2654//2654 2655//2655 2644//2644
f 2654//2654 2644//2644 2645//2645
f 2640//2640 2642//2642 2658//2658
f 2658//2658 2642//2642 2655//2655
f 2658//2658 2655//2655 2659//2659
f 2659//2659 2655//2655 2657//2657
f 2659//2659 2657//2657 2660//2660
f 2660//2660 2657//2657 2656//2656
f 2660//2660 2656//2656 2562//2562
f 2562//2562 2656//2656 2575//2575
f 2589//2589 2588//2588 2661//2661
f 2589//2589 2661//2661 2662//2662
f 2662//2662 2661//2661 2663//2663
f 2662//2662 2663//2663 2664//2664
f 2665//2665 2666//2666 2667//2667
f 2666//2666 2665//2665 2586//2586
f 2586//2586 2665//2665 2587//2587
f 2587//2587 2665//2665 2668//2668
f 2587//2587 2668//2668 2573//2573
f 2573//2573 2668//2668 2669//2669
f 2573//2573 2669//2669 2574//2574
f 2661//2661 2588//2588 2574//2574
f 2574//2574 2669//2669 2661//2661
f 2661//2661 2669//2669 2670//2670
f 2661//2661 2670//2670 2663//2663
f 2667//2667 2671//2671 2665//2665
f 2665//2665 2671//2671 2672//2672
f 2665//2665 2672//2672 2668//2668
f 2668//2668 2672//2672 2673//2673
f 2668//2668 2673//2673 2669//2669
f 2669//2669 2673//2673 2674//2674
f 2669//2669 2674//2674 2670//2670
f 2586//2586 2585//2585 2675//2675
f 2586//2586 2675//2675 2666//2666
f 2666//2666 2675//2675 2676//2676
f 2666//2666 2676//2676 2667//2667
f 2677//2677 2678//2678 2679//2679
f 2678//2678 2677//2677 2568//2568
f 2568//2568 2677//2677 2569//2569
f 2569//2569 2677//2677 2680//2680
f 2569//2569 2680//2680 2571//2571
f 2571//2571 2680//2680 2681//2681
f 2571//2571 2681//2681 2572//2572
f 2675//2675 2585//2585 2572//2572
f 2572//2572 2681//2681 2675//2675
f 2675//2675 2681//2681 2682//2682
f 2675//2675 2682//2682 2676//2676
f 2679//2679 2683//2683 2677//2677
f 2677//2677 2683//2683 2684//2684
f 2677//2677 2684//2684 2680//2680
f 2680//2680 2684//2684 2685//2685
f 2680//2680 2685//2685 2681//2681
f 2681//2681 2685//2685 2686//2686
f 2681//2681 2686//2686 2682//2682
f 2568//2568 2579//2579 2687//2687
f 2568//2568 2687//2687 2678//2678
f 2678//2678 2687//2687 2688//2688
f 2678//2678 2688//2688 2679//2679
f 2689//2689 2690//2690 2691//2691
f 2690//2690 2689//2689 2599//2599
f 2599//2599 2689//2689 2566//2566
f 2566//2566 2689//2689 2692//2692
f 2566//2566 2692//2692 2567//2567
f 2567//2567 2692//2692 2693//2693
f 2567//2567 2693//2693 2580//2580
f 2687//2687 2579//2579 2580//2580
f 2580//2580 2693//2693 2687//2687
f 2687//2687 2693//2693 2694//2694
f 2687//2687 2694//2694 2688//2688
f 2691//2691 2695//2695 2689//2689
f 2689//2689 2695//2695 2696//2696
f 2689//2689 2696//2696 2692//2692
f 2692//2692 2696//2696 2697//2697
f 2692//2692 2697//2697 2693//2693
f 2693//2693 2697//2697 2698//2698
f 2693//2693 2698//2698 2694//2694
f 2699//2699 2691//2691 2690//2690
f 2699//2699 2690//2690 2700//2700
f 2700//2700 2690//2690 2599//2599
f 2700//2700 2599//2599 2601//2601
f 2701//2701 2662//2662 2664//2664
f 2662//2662 2701//2701 2589//2589
f 2589//2589 2701//2701 2590//2590
f 2590//2590 2701//2701 2702//2702
f 2590//2590 2702//2702 2604//2604
f 2604//2604 2702//2702 2703//2703
f 2604//2604 2703//2703 2603//2603
f 2700//2700 2601//2601 2603//2603
f 2603//2603 2703//2703 2700//2700
f 2700//2700 2703//2703 2704//2704
f 2700//2700 2704//2704 2699//2699
f 2664//2664 2705//2705 2701//2701
f 2701//2701 2705//2705 2706//2706
f 2701//2701 2706//2706 2702//2702
f 2702//2702 2706//2706 2707//2707
f 2702//2702 2707//2707 2703//2703
f 2703//2703 2707//2707 2708//2708
f 2703//2703 2708//2708 2704//2704
f 2582//2582 2581//2581 2709//2709
f 2582//2582 2709//2709 2710//2710
f 2710//2710 2709//2709 2711//2711
f 2710//2710 2711//2711 2712//2712
f 2713//2713 2711//2711 2709//2709
f 2602//2602 2714//2714 2715//2715
f 2602//2602 2715//2715 2591//2591
f 2591//2591 2715//2715 2716//2716
f 2591//2591 2716//2716 2592//2592
f 2592//2592 2716//2716 2717//2717
f 2592//2592 2717//2717 2593//2593
f 2713//2713 2709//2709 2718//2718
f 2719//2719 2720//2720 2716//2716
f 2716//2716 2720//2720 2718//2718
f 2716//2716 2718//2718 2717//2717
f 2717//2717 2718//2718 2709//2709
f 2717//2717 2709//2709 2593//2593
f 2593//2593 2709//2709 2581//2581
f 2719//2719 2716//2716 2721//2721
f 2721//2721 2716//2716 2715//2715
f 2721//2721 2715//2715 2722//2722
f 2722//2722 2715//2715 2714//2714
f 2722//2722 2714//2714 2723//2723
f 2724//2724 2723//2723 2714//2714
f 2724//2724 2714//2714 2725//2725
f 2725//2725 2714//2714 2602//2602
f 2725//2725 2602//2602 2600//2600
f 2726//2726 2727//2727 2728//2728
f 2727//2727 2726//2726 2561//2561
f 2561//2561 2726//2726 2565//2565
f 2565//2565 2726//2726 2729//2729
f 2565//2565 2729//2729 2597//2597
f 2597//2597 2729//2729 2730//2730
f 2597//2597 2730//2730 2598//2598
f 2725//2725 2600//2600 2598//2598
f 2598//2598 2730//2730 2725//2725
f 2725//2725 2730//2730 2731//2731
f 2725//2725 2731//2731 2724//2724
f 2728//2728 2732//2732 2726//2726
f 2726//2726 2732//2732 2733//2733
f 2726//2726 2733//2733 2729//2729
f 2729//2729 2733//2733 2734//2734
f 2729//2729 2734//2734 2730//2730
f 2730//2730 2734//2734 2735//2735
f 2730//2730 2735//2735 2731//2731
f 2561//2561 2563//2563 2736//2736
f 2561//2561 2736//2736 2727//2727
f 2727//2727 2736//2736 2737//2737
f 2727//2727 2737//2737 2728//2728
f 2738//2738 2739//2739 2740//2740
f 2739//2739 2738//2738 2596//2596
f 2596//2596 2738//2738 2578//2578
f 2578//2578 2738//2738 2741//2741
f 2578//2578 2741//2741 2577//2577
f 2577//2577 2741//2741 2742//2742
f 2577//2577 2742//2742 2564//2564
f 2736//2736 2563//2563 2564//2564
f 2564//2564 2742//2742 2736//2736
f 2736//2736 2742//2742 2743//2743
f 2736//2736 2743//2743 2737//2737
f 2740//2740 2744//2744 2738//2738
f 2738//2738 2744//2744 2745//2745
f 2738//2738 2745//2745 2741//2741
f 2741//2741 2745//2745 2746//2746
f 2741//2741 2746//2746 2742//2742
f 2742//2742 2746//2746 2747//2747
f 2742//2742 2747//2747 2743//2743
f 2596//2596 2595//2595 2748//2748
f 2596//2596 2748//2748 2739//2739
f 2739//2739 2748//2748 2749//2749
f 2739//2739 2749//2749 2740//2740
f 2750//2750 2710//2710 2712//2712
f 2710//2710 2750//2750 2582//2582
f 2582//2582 2750//2750 2583//2583
f 2583//2583 2750//2750 2751//2751
f 2583//2583 2751//2751 2584//2584
f 2584//2584 2751//2751 2752//2752
f 2584//2584 2752//2752 2594//2594
f 2748//2748 2595//2595 2594//2594
f 2594//2594 2752//2752 2748//2748
f 2748//2748 2752//2752 2753//2753
f 2748//2748 2753//2753 2749//2749
f 2712//2712 2754//2754 2750//2750
f 2750//2750 2754//2754 2755//2755
f 2750//2750 2755//2755 2751//2751
f 2751//2751 2755//2755 2756//2756
f 2751//2751 2756//2756 2752//2752
f 2752//2752 2756//2756 2757//2757
f 2752//2752 2757//2757 2753//2753
f 2758//2758 2560//2560 2559//2559
f 2759//2759 2760//2760 2761//2761
f 2613//2613 2759//2759 2762//2762
f 2763//2763 2764//2764 2765//2765
f 2765//2765 2764//2764 2761//2761
f 2765//2765 2761//2761 2766//2766
f 2766//2766 2761//2761 2760//2760
f 2766//2766 2760//2760 2758//2758
f 2616//2616 2615//2615 2762//2762
f 2762//2762 2615//2615 2614//2614
f 2762//2762 2614//2614 2613//2613
f 2559//2559 2558//2558 2767//2767
f 2767//2767 2558//2558 2768//2768
f 2767//2767 2768//2768 2769//2769
f 2558//2558 2570//2570 2768//2768
f 2768//2768 2570//2570 2608//2608
f 2768//2768 2608//2608 2769//2769
f 2769//2769 2608//2608 2607//2607
f 2769//2769 2607//2607 2606//2606
f 2758//2758 2559//2559 2766//2766
f 2766//2766 2559//2559 2767//2767
f 2766//2766 2767//2767 2765//2765
f 2765//2765 2767//2767 2769//2769
f 2765//2765 2769//2769 2763//2763
f 2763//2763 2769//2769 2606//2606
f 2763//2763 2606//2606 2605//2605
f 2759//2759 2761//2761 2762//2762
f 2762//2762 2761//2761 2764//2764
f 2762//2762 2764//2764 2616//2616
f 2616//2616 2764//2764 2763//2763
f 2616//2616 2763//2763 2610//2610
f 2610//2610 2763//2763 2605//2605
f 2610//2610 2605//2605 2531//2531
f 2640//2640 2658//2658 2613//2613
f 2613//2613 2658//2658 2759//2759
f 2759//2759 2658//2658 2760//2760
f 2760//2760 2658//2658 2659//2659
f 2760//2760 2659//2659 2758//2758
f 2659//2659 2660//2660 2758//2758
f 2758//2758 2660//2660 2562//2562
f 2758//2758 2562//2562 2560//2560
f 2641//2641 2640//2640 2612//2612
f 2612//2612 2640//2640 2613//2613
f 2618//2618 2770//2770 2619//2619
f 2619//2619 2770//2770 2771//2771
f 2619//2619 2771//2771 2621//2621
f 2621//2621 2771//2771 2772//2772
f 2609//2609 2530//2530 2772//2772
f 2772//2772 2530//2530 2623//2623
f 2772//2772 2623//2623 2621//2621
f 2770//2770 2773//2773 2771//2771
f 2771//2771 2773//2773 2774//2774
f 2771//2771 2774//2774 2772//2772
f 2772//2772 2774//2774 2775//2775
f 2772//2772 2775//2775 2609//2609
f 2609//2609 2775//2775 2611//2611
f 2773//2773 2776//2776 2774//2774
f 2774//2774 2776//2776 2777//2777
f 2774//2774 2777//2777 2775//2775
f 2775//2775 2777//2777 2778//2778
f 2775//2775 2778//2778 2611//2611
f 2611//2611 2778//2778 2612//2612
f 2779//2779 2776//2776 2617//2617
f 2617//2617 2630//2630 2637//2637
f 2773//2773 2770//2770 2776//2776
f 2776//2776 2770//2770 2618//2618
f 2776//2776 2618//2618 2617//2617
f 2637//2637 2780//2780 2617//2617
f 2617//2617 2780//2780 2781//2781
f 2617//2617 2781//2781 2779//2779
f 2779//2779 2781//2781 2782//2782
f 2782//2782 2781//2781 2783//2783
f 2782//2782 2783//2783 2784//2784
f 2784//2784 2783//2783 2785//2785
f 2784//2784 2785//2785 2641//2641
f 2641//2641 2785//2785 2643//2643
f 2781//2781 2780//2780 2783//2783
f 2783//2783 2780//2780 2786//2786
f 2783//2783 2786//2786 2785//2785
f 2785//2785 2786//2786 2787//2787
f 2785//2785 2787//2787 2643//2643
f 2643//2643 2787//2787 2646//2646
f 2780//2780 2637//2637 2786//2786
f 2786//2786 2637//2637 2638//2638
f 2786//2786 2638//2638 2787//2787
f 2787//2787 2638//2638 2639//2639
f 2787//2787 2639//2639 2646//2646
f 2646//2646 2639//2639 2545//2545
f 2663//2663 2788//2788 2664//2664
f 2664//2664 2788//2788 2789//2789
f 2663//2663 2670//2670 2788//2788
f 2788//2788 2670//2670 2790//2790
f 2791//2791 2792//2792 2673//2673
f 2790//2790 2670//2670 2792//2792
f 2792//2792 2670//2670 2674//2674
f 2792//2792 2674//2674 2673//2673
f 2667//2667 2793//2793 2671//2671
f 2671//2671 2793//2793 2791//2791
f 2671//2671 2791//2791 2672//2672
f 2672//2672 2791//2791 2673//2673
f 2676//2676 2794//2794 2667//2667
f 2667//2667 2794//2794 2793//2793
f 2676//2676 2682//2682 2794//2794
f 2794//2794 2682//2682 2795//2795
f 2796//2796 2797//2797 2685//2685
f 2795//2795 2682//2682 2797//2797
f 2797//2797 2682//2682 2686//2686
f 2797//2797 2686//2686 2685//2685
f 2679//2679 2798//2798 2683//2683
f 2683//2683 2798//2798 2796//2796
f 2683//2683 2796//2796 2684//2684
f 2684//2684 2796//2796 2685//2685
f 2688//2688 2799//2799 2679//2679
f 2679//2679 2799//2799 2798//2798
f 2688//2688 2694//2694 2799//2799
f 2799//2799 2694//2694 2800//2800
f 2801//2801 2802//2802 2697//2697
f 2800//2800 2694//2694 2802//2802
f 2802//2802 2694//2694 2698//2698
f 2802//2802 2698//2698 2697//2697
f 2691//2691 2803//2803 2695//2695
f 2695//2695 2803//2803 2801//2801
f 2695//2695 2801//2801 2696//2696
f 2696//2696 2801//2801 2697//2697
f 2699//2699 2804//2804 2691//2691
f 2691//2691 2804//2804 2803//2803
f 2699//2699 2704//2704 2804//2804
f 2804//2804 2704//2704 2805//2805
f 2806//2806 2807//2807 2707//2707
f 2805//2805 2704//2704 2807//2807
f 2807//2807 2704//2704 2708//2708
f 2807//2807 2708//2708 2707//2707
f 2664//2664 2789//2789 2705//2705
f 2705//2705 2789//2789 2806//2806
f 2705//2705 2806//2806 2706//2706
f 2706//2706 2806//2806 2707//2707
f 2711//2711 2808//2808 2712//2712
f 2712//2712 2808//2808 2809//2809
f 2810//2810 2808//2808 2711//2711
f 2811//2811 2812//2812 2719//2719
f 2711//2711 2713//2713 2810//2810
f 2810//2810 2713//2713 2718//2718
f 2810//2810 2718//2718 2812//2812
f 2812//2812 2718//2718 2720//2720
f 2812//2812 2720//2720 2719//2719
f 2723//2723 2813//2813 2722//2722
f 2722//2722 2813//2813 2811//2811
f 2722//2722 2811//2811 2721//2721
f 2721//2721 2811//2811 2719//2719
f 2724//2724 2814//2814 2723//2723
f 2723//2723 2814//2814 2813//2813
f 2724//2724 2731//2731 2814//2814
f 2814//2814 2731//2731 2815//2815
f 2816//2816 2817//2817 2734//2734
f 2815//2815 2731//2731 2817//2817
f 2817//2817 2731//2731 2735//2735
f 2817//2817 2735//2735 2734//2734
f 2728//2728 2818//2818 2732//2732
f 2732//2732 2818//2818 2816//2816
f 2732//2732 2816//2816 2733//2733
f 2733//2733 2816//2816 2734//2734
f 2737//2737 2819//2819 2728//2728
f 2728//2728 2819//2819 2818//2818
f 2737//2737 2743//2743 2819//2819
f 2819//2819 2743//2743 2820//2820
f 2821//2821 2822//2822 2746//2746
f 2820//2820 2743//2743 2822//2822
f 2822//2822 2743//2743 2747//2747
f 2822//2822 2747//2747 2746//2746
f 2740//2740 2823//2823 2744//2744
f 2744//2744 2823//2823 2821//2821
f 2744//2744 2821//2821 2745//2745
f 2745//2745 2821//2821 2746//2746
f 2749//2749 2824//2824 2740//2740
f 2740//2740 2824//2824 2823//2823
f 2749//2749 2753//2753 2824//2824
f 2824//2824 2753//2753 2825//2825
f 2826//2826 2827//2827 2756//2756
f 2825//2825 2753//2753 2827//2827
f 2827//2827 2753//2753 2757//2757
f 2827//2827 2757//2757 2756//2756
f 2712//2712 2809//2809 2754//2754
f 2754//2754 2809//2809 2826//2826
f 2754//2754 2826//2826 2755//2755
f 2755//2755 2826//2826 2756//2756
f 2641//2641 2612//2612 2778//2778
f 2641//2641 2778//2778 2784//2784
f 2784//2784 2778//2778 2777//2777
f 2784//2784 2777//2777 2782//2782
f 2782//2782 2777//2777 2776//2776
f 2782//2782 2776//2776 2779//2779
f 2798//2798 2799//2799 2789//2789
f 2792//2792 2791//2791 2793//2793
f 2802//2802 2801//2801 2803//2803
f 2794//2794 2795//2795 2797//2797
f 2800//2800 2802//2802 2799//2799
f 2799//2799 2802//2802 2803//2803
f 2799//2799 2803//2803 2789//2789
f 2789//2789 2803//2803 2804//2804
f 2790//2790 2792//2792 2788//2788
f 2788//2788 2792//2792 2793//2793
f 2788//2788 2793//2793 2789//2789
f 2789//2789 2793//2793 2794//2794
f 2789//2789 2794//2794 2798//2798
f 2798//2798 2794//2794 2797//2797
f 2798//2798 2797//2797 2796//2796
f 2804//2804 2805//2805 2789//2789
f 2789//2789 2805//2805 2807//2807
f 2789//2789 2807//2807 2806//2806
f 2827//2827 2826//2826 2809//2809
f 2824//2824 2825//2825 2827//2827
f 2818//2818 2819//2819 2823//2823
f 2809//2809 2808//2808 2813//2813
f 2817//2817 2816//2816 2818//2818
f 2808//2808 2810//2810 2813//2813
f 2813//2813 2810//2810 2812//2812
f 2813//2813 2812//2812 2811//2811
f 2821//2821 2823//2823 2822//2822
f 2822//2822 2823//2823 2819//2819
f 2822//2822 2819//2819 2820//2820
f 2827//2827 2809//2809 2824//2824
f 2824//2824 2809//2809 2813//2813
f 2824//2824 2813//2813 2823//2823
f 2823//2823 2813//2813 2814//2814
f 2823//2823 2814//2814 2818//2818
f 2818//2818 2814//2814 2815//2815
f 2818//2818 2815//2815 2817//2817
f 961//961 995//995 1560//1560
f 1560//1560 995//995 1007//1007
f 1560//1560 1007//1007 1561//1561
f 1561//1561 1007//1007 1008//1008
f 1561//1561 1008//1008 1581//1581
f 1581//1581 1008//1008 1005//1005
f 1581//1581 1005//1005 1574//1574
f 1574//1574 1005//1005 1004//1004
f 1574//1574 1004//1004 1556//1556
f 1865//1865 1294//1294 1893//1893
f 1893//1893 1294//1294 1323//1323
f 1893//1893 1323//1323 1894//1894
f 1894//1894 1323//1323 1322//1322
f 1894//1894 1322//1322 1885//1885
f 1885//1885 1322//1322 1318//1318
f 1885//1885 1318//1318 1883//1883
f 1883//1883 1318//1318 1301//1301
f 1883//1883 1301//1301 1890//1890
f 1890//1890 1301//1301 1300//1300
f 1890//1890 1300//1300 1851//1851
f 1851//1851 1300//1300 1299//1299
f 1851//1851 1299//1299 1849//1849
f 1849//1849 1299//1299 1344//1344
f 1849//1849 1344//1344 1847//1847
f 1847//1847 1344//1344 1343//1343
f 1847//1847 1343//1343 1870//1870
f 1870//1870 1343//1343 1327//1327
f 1870//1870 1327//1327 1871//1871
f 1871//1871 1327//1327 1328//1328
f 1871//1871 1328//1328 1872//1872
f 1872//1872 1328//1328 1292//1292
f 1872//1872 1292//1292 1865//1865
f 1865//1865 1292//1292 1294//1294
f 1860//1860 1358//1358 1858//1858
f 1858//1858 1358//1358 1359//1359
f 1858//1858 1359//1359 1891//1891
f 1891//1891 1359//1359 1347//1347
f 1891//1891 1347//1347 1902//1902
f 1902//1902 1347//1347 1342//1342
f 1902//1902 1342//1342 1903//1903
f 1903//1903 1342//1342 1341//1341
f 1903//1903 1341//1341 1904//1904
f 1904//1904 1341//1341 1340//1340
f 1904//1904 1340//1340 1892//1892
f 1892//1892 1340//1340 1285//1285
f 1892//1892 1285//1285 1905//1905
f 1905//1905 1285//1285 1312//1312
f 1905//1905 1312//1312 1906//1906
f 1906//1906 1312//1312 1314//1314
f 1906//1906 1314//1314 1877//1877
f 1877//1877 1314//1314 1315//1315
f 1877//1877 1315//1315 1875//1875
f 1875//1875 1315//1315 1291//1291
f 1875//1875 1291//1291 1861//1861
f 1861//1861 1291//1291 1290//1290
f 1861//1861 1290//1290 1860//1860
f 1860//1860 1290//1290 1358//1358
f 1848//1848 1353//1353 1850//1850
f 1850//1850 1353//1353 1352//1352
f 1850//1850 1352//1352 1859//1859
f 1859//1859 1352//1352 1351//1351
f 1859//1859 1351//1351 1873//1873
f 1873//1873 1351//1351 1289//1289
f 1873//1873 1289//1289 1874//1874
f 1874//1874 1289//1289 1288//1288
f 1874//1874 1288//1288 1876//1876
f 1876//1876 1288//1288 1305//1305
f 1876//1876 1305//1305 1878//1878
f 1878//1878 1305//1305 1306//1306
f 1878//1878 1306//1306 1882//1882
f 1882//1882 1306//1306 1302//1302
f 1882//1882 1302//1302 1880//1880
f 1880//1880 1302//1302 1297//1297
f 1880//1880 1297//1297 1879//1879
f 1879//1879 1297//1297 1296//1296
f 1879//1879 1296//1296 1855//1855
f 1855//1855 1296//1296 1309//1309
f 1855//1855 1309//1309 1856//1856
f 1856//1856 1309//1309 1354//1354
f 1856//1856 1354//1354 1848//1848
f 1848//1848 1354//1354 1353//1353
f 1282//1282 1281//1281 1313//1313
f 1286//1286 1339//1339 1244//1244
f 919//919 928//928 1213//1213
f 1213//1213 928//928 1286//1286
f 1213//1213 1286//1286 1246//1246
f 1246//1246 1286//1286 1244//1244
f 1238//1238 1240//1240 1339//1339
f 1339//1339 1240//1240 1242//1242
f 1339//1339 1242//1242 1244//1244
f 923//923 922//922 1287//1287
f 1287//1287 922//922 1212//1212
f 1212//1212 1251//1251 1287//1287
f 1287//1287 1251//1251 1269//1269
f 1287//1287 1269//1269 1313//1313
f 1313//1313 1269//1269 1283//1283
f 1313//1313 1283//1283 1282//1282
f 928//928 927//927 1286//1286
f 1286//1286 927//927 931//931
f 1286//1286 931//931 1287//1287
f 1287//1287 931//931 932//932
f 1287//1287 932//932 923//923
# 5658 faces, 0 coords texture

# End of File
