# vtk DataFile Version 3.0
refined by //geometry/proximity:volume_mesh_refiner
ASCII

DATASET UNSTRUCTURED_GRID
POINTS 957 double
 -0.00000000  -0.00852296   0.01126134
 -0.00000000  -0.00840118  -0.01105041
 -0.00000000  -0.00794959  -0.01340117
  0.00009500  -0.00688235   0.01382509
 -0.00000000  -0.00621250  -0.01336399
 -0.00000000  -0.00605041  -0.01059883
 -0.00000000  -0.00584416   0.01063803
 -0.00000000  -0.00546067  -0.01249687
 -0.00000000   0.00531175   0.00012178
 -0.00000000   0.00687822  -0.00168825
 -0.00000000   0.00760158   0.00168197
 -0.00000000   0.00853933  -0.00049687
  0.00000237   0.01550673  -0.02998689
  0.00000325   0.01547537   0.02995683
  0.00000344  -0.00835085  -0.02996161
  0.00000684  -0.01335204   0.02567259
  0.00000722  -0.01335134  -0.02540655
  0.00000806  -0.00814001   0.03001253
  0.00181151  -0.00811853  -0.02985166
  0.00194556   0.01525934  -0.02983055
  0.00229338   0.01579778   0.02915375
  0.00230937  -0.01163507  -0.02791040
  0.00243660  -0.00866880   0.02896762
  0.00493693  -0.01335762  -0.02380981
  0.00495878  -0.01333040   0.01995764
  0.00502686   0.01008615   0.00001756
  0.00498950  -0.00995693  -0.02828969
  0.00499282  -0.01057324   0.02557809
  0.00497170   0.00655852  -0.00164186
  0.00499997   0.00678613   0.00160315
  0.00500000  -0.00852296  -0.01126134
  0.00500000  -0.00852296   0.01273866
  0.00500000  -0.00683822  -0.01386523
  0.00500000  -0.00683822   0.01013477
  0.00500000  -0.00584416  -0.01063803
  0.00500000  -0.00584416   0.01336197
  0.00500000   0.00541847   0.00033937
  0.00500001   0.00875742  -0.00032000
  0.00512067   0.00743768   0.00409264
  0.00501387  -0.00457416   0.01838292
  0.00503152  -0.00127237  -0.01430043
  0.00504217  -0.00237803  -0.02218572
  0.00507653  -0.00081346   0.00882280
  0.00523016   0.00755967  -0.00800380
  0.00535035  -0.00347170  -0.02859217
  0.00535554  -0.00359971   0.02613654
  0.00584285   0.00018925   0.01703433
  0.00587186  -0.00212015   0.01828187
  0.00661381   0.00063102  -0.01578362
  0.00664776  -0.00263488  -0.02476967
  0.00667673   0.00901744  -0.00240799
  0.00671028   0.00077816   0.00998233
  0.00675493   0.00050689  -0.02394699
  0.00678956   0.00894841   0.00536652
  0.00680901  -0.00272710   0.02052245
  0.00686745   0.00778279   0.00693512
  0.00726246   0.00897305  -0.00885206
  0.00746996   0.00905378   0.00238353
  0.00904026   0.00056207   0.01753859
  0.01454964   0.00261536   0.01205353
  0.01472229   0.00083552   0.01323514
  0.01540871   0.00134229   0.01613244
  0.01565687   0.01762971   0.01584725
  0.01632357   0.00137964   0.01449138
  0.01840103   0.00276388   0.01477392
  0.01906741   0.01810622   0.01459002
  0.01908927   0.01809712  -0.02359572
  0.01917683   0.01810955  -0.02211114
  0.04228419   0.01281385   0.00464223
  0.04209014   0.01270143  -0.00928972
  0.01946877   0.01740028  -0.02108078
  0.01975393   0.01656415   0.01285088
  0.02108172   0.01837514  -0.00363769
  0.01941554   0.01733323  -0.00242769
  0.02160827   0.01281904  -0.02257304
  0.02156275   0.01298675   0.01267432
  0.02170354   0.01255964   0.01414637
  0.02322801   0.00451127  -0.01895430
  0.02723678   0.00745524   0.00716047
  0.02968346   0.00731473  -0.01965462
  0.03023594   0.00745054   0.00874977
  0.03063730   0.01405682  -0.01770512
  0.03041450   0.01419612   0.01088797
  0.03018348   0.01429046   0.01257766
  0.03019743   0.01408262  -0.01957917
  0.03157797   0.01013385  -0.00010999
  0.03178306   0.00798547  -0.01442945
  0.03216056   0.00816356  -0.00987315
  0.03270760   0.00906506   0.00209063
  0.03273348   0.00905399  -0.00233709
  0.03528829   0.00905280  -0.00801671
  0.03539203   0.01089419   0.00995877
  0.03591130   0.01081113  -0.01580933
  0.03696048   0.00975805   0.01126638
  0.03697207   0.00967946  -0.01692452
  0.03758306   0.00976528   0.01117648
  0.04005704   0.01215219  -0.00863369
  0.04036302   0.01224228   0.00381647
  0.04079200   0.01225933   0.00629878
  0.04079797   0.01237560  -0.01112562
  0.04124137   0.01340316  -0.00946889
  0.04113748   0.01337212   0.00489411
  0.05512684   0.02291985  -0.01037250
  0.05450217   0.02295309   0.00759708
  0.05451175   0.02144720  -0.00905909
  0.05451678   0.02143802   0.00653314
  0.05949701   0.01881048   0.00131463
  0.05983659   0.01884496  -0.00279973
  0.06098739   0.01836020   0.00231281
  0.06106794   0.01827298  -0.00375374
  0.06156698   0.01842234  -0.00064542
  0.06671707   0.02322935   0.00580668
  0.06714730   0.02008557   0.00402948
  0.06715358   0.02145612  -0.00447616
  0.05359880   0.02119375  -0.00232466
  0.06722785   0.02010001  -0.00438859
  0.06914832   0.01911137   0.00519144
  0.06923691   0.02282707  -0.00510598
  0.06933364   0.01920545  -0.00522048
  0.06937517   0.02296205   0.00415263
  0.03655532   0.01637676  -0.01716756
  0.00378651   0.00866831  -0.02005236
  0.00356359   0.00844514  -0.01226007
  0.00738255   0.00804166   0.01438656
  0.00861669   0.01311225   0.00084789
  0.05775684   0.01966365  -0.00943993
  0.02037750   0.00873485  -0.01897489
  0.01435278   0.01304119  -0.01404752
  0.01643593   0.01469171   0.00013476
  0.02364835   0.01709749   0.00187642
  0.03409220   0.01335300   0.00684757
  0.00499960  -0.00539157   0.00604293
  0.04315286   0.02139804  -0.00414451
  0.03335583   0.01387500  -0.00044674
  0.01231042   0.00552009   0.01920212
  0.01164047   0.01421919  -0.00168243
  0.04628455   0.01719949  -0.00052791
  0.04703031   0.01762070   0.00780164
  0.00899154   0.01305945   0.02249004
  0.01280276   0.00777173  -0.02588313
  0.02910176   0.01469892  -0.00727995
  0.02268128   0.00776760   0.00686005
  0.05214430   0.01663246  -0.00562389
  0.00000130   0.01160767   0.00453149
  0.04977283   0.02230491  -0.00259348
  0.04039331   0.02102066   0.00459316
  0.00000048   0.00501222   0.00837533
  0.04660267   0.01398240  -0.00903623
  0.04976456   0.02066870  -0.00561910
  0.00692430   0.01053126  -0.02447885
  0.04933637   0.02224539   0.00283743
  0.03861604   0.01495116  -0.00722960
  0.01578708   0.01318585   0.01583621
  0.05458085   0.02293759  -0.00061122
  0.05495227   0.01645892  -0.00885406
  0.01545107   0.00778451   0.01607510
  0.00681948   0.01641824   0.02464696
  0.02985437   0.01360849  -0.01352994
  0.03442933   0.00889525   0.00561916
  0.04204043   0.01108368  -0.00678750
  0.04079797   0.01071673   0.00499026
  0.04963175   0.01333169  -0.00435532
  0.01156253   0.00228422   0.00945992
  0.01487548   0.00339963   0.00887488
  0.01869095   0.00759266   0.00706593
  0.01675105   0.01232344  -0.00992981
  0.00499286  -0.00808263   0.00287887
  0.00559486   0.01096283   0.01091000
  0.00235095  -0.00037290  -0.02966774
  0.06717746   0.02141529   0.00406314
  0.01072888  -0.00087590  -0.02333826
  0.01487548   0.00091130  -0.02188388
  0.01808057   0.00229270  -0.02075972
  0.02152857   0.00367407   0.01339314
  0.01697470   0.01484694  -0.01724105
  0.00648372   0.01158268  -0.01708407
  0.02989594   0.01219018  -0.00380181
  0.05278313   0.02146284   0.00848551
  0.05358522   0.02119451   0.00238776
  0.00518399   0.00638196   0.02629126
  0.00424099   0.01607497  -0.00001826
  0.00494099  -0.01335256  -0.01568407
  0.00000681  -0.01326424   0.01245482
  0.00000688  -0.01335195   0.01930902
  0.00494507  -0.01334747  -0.00750376
  0.04958605   0.01717060   0.00900479
  0.00494840  -0.01334333  -0.00084758
  0.00495056  -0.01334064   0.00348711
  0.00495381  -0.01333659   0.01000143
  0.03161255   0.01818798  -0.00425276
  0.00365900   0.00267862   0.01135773
  0.00000195   0.01015451  -0.02681056
  0.00224348   0.00859365  -0.02971643
  0.03768333   0.01145080   0.00112644
  0.00498989  -0.00872199  -0.02072513
  0.05786409   0.02135169   0.00207521
  0.00513150   0.00312077  -0.01130402
  0.01294534   0.00009015   0.01858384
  0.03749514   0.01719345   0.01121193
  0.01012713   0.01338700  -0.01194095
  0.00693814   0.00480204  -0.01231784
  0.04036365   0.01938615  -0.00488605
  0.06282353   0.02136461  -0.00041156
  0.01045288   0.01692793  -0.01731074
  0.00326184   0.01357469   0.00289968
  0.01937570   0.01169547  -0.01531850
  0.00974770   0.00858856   0.01078934
  0.03552410   0.01081327   0.00208895
  0.00000436   0.00345666   0.02721219
  0.02556986   0.00550747   0.01332623
  0.01000704   0.00150904   0.01276867
  0.00595981   0.00390593  -0.01210639
  0.00847573   0.00780512  -0.02745560
  0.00400439   0.00448471  -0.01634929
  0.02401920   0.01877812   0.00916937
  0.00000148   0.01001193   0.01550593
  0.05568039   0.01512313   0.00087115
  0.03775777   0.02065681  -0.01668517
  0.05361592   0.02283112  -0.00547674
  0.04687771   0.02190779  -0.00861356
  0.03328608   0.02004729   0.00499447
  0.03591890   0.02040627  -0.00725102
  0.01681495   0.00983372  -0.02443505
  0.04583507   0.02176569  -0.00096613
  0.00366915   0.01173987   0.02158292
  0.01952097   0.01236458   0.00243893
  0.00624822   0.01634582   0.00948326
  0.00000121   0.00755883  -0.01946975
  0.01191464   0.00453261  -0.02392359
  0.01188119   0.00954728  -0.01233104
  0.01125673   0.01401538   0.01517069
  0.04359046   0.02145876   0.00964376
  0.03171651   0.01983265   0.01207929
  0.01975382   0.01656441  -0.01056413
  0.04777047   0.02203120   0.00892128
  0.03827054   0.02073021   0.01079003
  0.02413253   0.00644546   0.00758722
  0.02681470   0.00996545  -0.01363031
  0.03890758   0.02081644  -0.00324482
  0.00000715  -0.01335146  -0.01668156
  0.01187314   0.01712455  -0.00456887
  0.01926854   0.01812390  -0.01188101
  0.06464408   0.01777830   0.00182856
  0.00000072  -0.00894169  -0.00376338
  0.02426770   0.01881114   0.00240498
  0.00441448   0.00666273   0.01082252
  0.00501658  -0.00605691  -0.02512443
  0.01210286   0.01714854   0.00479726
  0.03950318   0.01926622  -0.00961266
  0.02458499   0.00574955   0.00972836
  0.02555420   0.00546809   0.01021617
  0.00000253  -0.00398612  -0.02650486
  0.01969986   0.00428684   0.01081863
  0.00000086  -0.00290407  -0.01868532
  0.02045995   0.00322919   0.01161286
  0.01184888   0.01711972  -0.00945411
  0.03102384   0.01026503  -0.01649387
  0.05344514   0.01601197  -0.00639297
  0.00000286   0.00447756  -0.02997520
  0.00250491   0.01209887   0.01320060
  0.00000697  -0.01335180   0.00835144
  0.04468514   0.02160648  -0.01418091
 -0.00000000   0.00019454  -0.00095466
  0.00000008   0.00153114  -0.00767362
  0.00000140   0.01218769  -0.00440635
  0.00000155   0.01118496  -0.02143645
  0.00000118   0.01158552  -0.01559620
  0.00000104   0.00991044   0.01101614
  0.00000292   0.01548164   0.00992272
  0.00000298   0.01548165   0.01398775
  0.02288694   0.00550239   0.00883412
  0.01424510   0.01038375   0.00864957
  0.00000241   0.01550867  -0.02684610
  0.00000275   0.01549290  -0.00218123
  0.00000283   0.01552650   0.00214757
  0.00000253   0.01551363  -0.01877089
  0.00000260   0.01551659  -0.01396211
  0.00000309   0.01550981   0.02083341
  0.05656695   0.01694425   0.00596672
  0.05081924   0.01523776   0.00704035
  0.05779799   0.02144952  -0.00786776
  0.03923361   0.01179808   0.00925951
  0.00499893  -0.00280947  -0.00391193
  0.00500697   0.00210965  -0.00697883
  0.01425123   0.01124062  -0.01833066
  0.00000265   0.01541360  -0.00764739
  0.00000061   0.01015533  -0.00830953
 -0.00000000  -0.00526915  -0.00013470
 -0.00000000  -0.00476110   0.00628950
  0.00619103   0.00160262  -0.02828646
  0.03688184   0.00980249   0.00238280
  0.00000056   0.00401825  -0.01276803
  0.01731329   0.00633732   0.01025513
 -0.00001902  -0.01335158  -0.00526447
  0.02666603   0.00669953   0.00837892
  0.00509976   0.00388099   0.00612833
  0.02249334   0.00828991  -0.01468957
  0.02852761   0.00666694  -0.01613529
  0.03916964   0.01922253   0.00680185
  0.02777102   0.01766201  -0.00338579
  0.03509844   0.01866439  -0.01096909
  0.03814993   0.01908300   0.00016323
  0.04328608   0.01978623  -0.00078905
  0.02489105   0.01406183  -0.00246030
  0.01975391   0.01656421   0.00715508
  0.01968267   0.01668054   0.00239447
  0.03325628   0.01876423   0.01196910
  0.03978038   0.01368262  -0.01598288
  0.03490688   0.01094145  -0.01783740
  0.04048479   0.01688251  -0.01573399
  0.01541197   0.00316624   0.01017342
  0.02088673   0.00550939   0.00798133
  0.01958162   0.00440567   0.00933158
  0.01033265   0.01084583  -0.02678030
  0.06101631   0.02145312   0.00527757
  0.03086878   0.01358839   0.00267934
  0.03424951   0.00873641   0.01177873
  0.02296244   0.00536451  -0.01753593
  0.01757473   0.00375837  -0.01984499
  0.00354914   0.00461706   0.01499429
  0.00000514  -0.00904268   0.02369845
  0.00495600  -0.01333386   0.01438785
  0.04392850   0.01987093  -0.00811382
  0.04617575   0.01486453   0.00391182
  0.03296782   0.01849831  -0.01690000
  0.04625436   0.02031695  -0.01206436
  0.03809151   0.01919963  -0.01503523
  0.01926438   0.01812199  -0.02062655
  0.01026588   0.01689972  -0.02633687
  0.00929716   0.01676569   0.00135979
  0.01553750   0.01761862  -0.01361865
  0.02404195   0.00612909   0.01134993
  0.00635932   0.00071782   0.02024919
  0.03462871   0.02023031  -0.00176021
  0.04296881   0.01616500  -0.00947277
  0.01907721   0.01810214  -0.00252918
 -0.00000606  -0.01333714   0.00163628
  0.00548485   0.01258129  -0.01270232
  0.01300541   0.01727940  -0.00043874
  0.01462534   0.01749448   0.00908379
  0.00498896  -0.00827313  -0.00253843
  0.00497834  -0.00991792   0.00665819
  0.03800120   0.01423021   0.00571914
  0.03761188   0.00977328   0.00451851
  0.03850105   0.01003672   0.00647113
  0.03729835   0.00968024   0.00195447
  0.03717214   0.00977672  -0.01024656
  0.02308622   0.01864814  -0.00474621
  0.03033941   0.00898679   0.00548422
  0.02849986   0.01938826  -0.01604472
  0.03148743   0.01979854  -0.01033223
  0.02791949   0.01931030  -0.00580696
  0.00860618   0.00720852   0.01825478
  0.03768513   0.02064760  -0.01184861
  0.03397463   0.02013878  -0.01418955
  0.01921533   0.01811734  -0.00711340
  0.00624591   0.01580554  -0.02826660
  0.01919779   0.01811689   0.00567905
  0.05408723   0.01623278  -0.00347044
  0.02431306   0.01718845   0.00574879
  0.02332619   0.01867931  -0.01598607
  0.05339245   0.01444529  -0.00381400
  0.00000317   0.01554085   0.02546594
  0.04134449   0.02115074   0.00036515
  0.00755323   0.00399972   0.01523886
  0.00000428   0.01041652   0.02996876
  0.00000036  -0.00029352   0.01068616
  0.03629004   0.02045852   0.00183575
  0.04214084   0.02125858  -0.00926910
  0.03109225   0.01811665   0.00404860
  0.00332849   0.01595420  -0.01064165
  0.04823320   0.02201319  -0.01289926
  0.02576721   0.01367564   0.01174967
  0.02810094   0.01933751   0.01282045
  0.01291964   0.01725661   0.01287120
  0.03026511   0.00902930  -0.00815156
  0.02317971   0.00901197  -0.00836733
  0.02755669   0.01183921  -0.01005823
  0.06716552   0.02143571  -0.00020651
  0.01063901   0.00182712  -0.01481830
  0.00000210  -0.00923326  -0.01833627
  0.00000310  -0.00899335   0.01950906
  0.00499752   0.00151489  -0.00240728
  0.00000087   0.00577951   0.01310642
  0.00228009   0.00433296  -0.02969846
  0.06921061   0.01918698   0.00183264
  0.00000072  -0.00230272   0.01727405
 -0.00000000   0.00353604   0.00312539
  0.05622588   0.01784136  -0.00418450
  0.04327679   0.01144935  -0.01201752
  0.05744553   0.01564858  -0.00374817
  0.00000155   0.00625544   0.01865159
  0.00540141  -0.00052966   0.01270306
  0.06728271   0.02022893  -0.00025294
  0.03613447   0.01029625   0.01142563
  0.01979658   0.01771556  -0.02318331
  0.00672133   0.00060163  -0.01956510
  0.05565137   0.01671664   0.00054988
  0.02710206   0.00896279   0.00975860
  0.06416793   0.01926558   0.00003346
  0.01146537   0.00767136   0.00700230
  0.00859490   0.00867770  -0.02066453
  0.04704666   0.01256692   0.00414087
  0.06931863   0.02295792   0.00045687
  0.01235201   0.01718346  -0.02367729
  0.00521166   0.01621420  -0.02671564
  0.03309274   0.01235008  -0.01681143
  0.03131038   0.01977608   0.00142435
  0.03041584   0.01814663   0.01099131
  0.04014756   0.01052371  -0.00038260
  0.00127497   0.01370382  -0.02988523
  0.01098070   0.00958923   0.02051539
  0.03700276   0.00974838   0.01065288
  0.06465325   0.02295423   0.00074457
  0.04369825   0.01158116  -0.01454973
  0.00300467   0.01393152  -0.02944537
  0.03513835   0.00903422  -0.00179351
  0.00391064   0.01517633  -0.02771281
  0.02587781   0.00558910  -0.01754480
  0.00516325  -0.00163636  -0.01808806
  0.05695909   0.01713459  -0.00245340
  0.06324586   0.02309479   0.00634005
  0.05146391   0.01542423  -0.01013749
  0.01730306   0.01427966  -0.02424796
  0.02922569   0.01786126  -0.01085497
  0.04596402   0.01390340  -0.01214418
  0.01420322   0.00893697  -0.00875272
  0.06011219   0.02293758  -0.00511184
  0.06409688   0.02143420   0.00467036
  0.06350492   0.02290541  -0.00725256
  0.05159020   0.01391263   0.00852061
  0.03590635   0.01092636   0.00515023
  0.02600804   0.00627057  -0.01635257
  0.01764852   0.01785863  -0.02411970
  0.05789904   0.02302992   0.00709918
  0.02578305   0.01738967   0.00965804
  0.06299283   0.01728881   0.00635857
  0.01640648   0.00876682  -0.02138839
  0.00808376   0.01008106  -0.00009028
  0.02756246   0.01775844  -0.01882093
  0.04187408   0.01971738  -0.01363683
  0.03580879   0.01932755   0.01149710
  0.00000253   0.01195360  -0.02998312
  0.00000357  -0.00250074   0.02309464
  0.00734788   0.01650367  -0.02741142
  0.04993020   0.01341979  -0.00766995
 -0.00000000  -0.00265437  -0.00741729
  0.02053879   0.01715735  -0.02292182
  0.00499927  -0.00413771   0.00134472
  0.01230259   0.00182549  -0.02229983
  0.00000133   0.00018598  -0.02163039
  0.00000217   0.00103727  -0.02585584
  0.00000216   0.00534151  -0.02676333
  0.02008520   0.00379967  -0.01985047
  0.05733898   0.01561477   0.00743059
  0.02404990   0.00498454   0.01370631
  0.04928491   0.01324253  -0.01251663
  0.02335783   0.00728769  -0.02205101
  0.01482954   0.01752105  -0.01855815
  0.03591666   0.01469255  -0.01289678
  0.02265499   0.01317677  -0.01310383
  0.03575119   0.01087951  -0.00955640
  0.05471485   0.01489779  -0.01054063
  0.05096093   0.01534920   0.00156831
  0.01968414   0.01681224  -0.02338517
  0.04707051   0.02037978   0.00791085
  0.05789770   0.01579553  -0.00694123
  0.02186487   0.01201592   0.00801601
  0.03724975   0.01329240   0.00961587
  0.02788606   0.01767723  -0.01631058
  0.04998532   0.02129125   0.00894310
  0.02020138   0.00309814   0.01398345
  0.03589110   0.01092138  -0.00170272
  0.02381753   0.01874576  -0.02172460
  0.03134556   0.01977777  -0.01900320
  0.00778286   0.01656430  -0.02219439
  0.06665333   0.02296024   0.00463416
  0.01218878  -0.00043589   0.01899140
  0.00236167   0.00814752   0.00073637
  0.01284299   0.01714664  -0.02578665
  0.01038263   0.01665592  -0.02676216
  0.02233110   0.00869586   0.01402945
  0.00464738   0.01613713  -0.02843153
  0.00250000  -0.00823627  -0.01233126
  0.05861692   0.01754597  -0.00473364
  0.03022436   0.00736861   0.01253938
  0.03683773   0.00969919   0.00744560
  0.05841343   0.01754349   0.00298732
  0.01161281   0.01690128  -0.02627440
  0.00000101  -0.00917808   0.00216474
  0.04615441   0.02017890   0.00277904
  0.01145354   0.01706101  -0.02559082
  0.00453255   0.00728233   0.02130318
  0.00240714  -0.00363576   0.02900591
  0.00258500   0.00229992   0.02884415
  0.00375001   0.00870290  -0.00036422
  0.00248408   0.00763945   0.02895257
  0.05261981   0.01880962  -0.01131050
  0.03873160   0.01010385  -0.00772576
  0.00261844   0.00727834   0.00162587
  0.04924358   0.01321722   0.00150359
  0.04092566   0.02109382   0.01026774
  0.06067549   0.01820999  -0.00673519
  0.04951297   0.01583710  -0.00652479
  0.00401427   0.00791633   0.00073001
  0.02017712   0.01824670  -0.02303385
  0.00234313   0.01582447  -0.02902915
  0.00000293  -0.00899021  -0.02403794
  0.02442247   0.00494724   0.01290326
  0.00300019   0.01543391  -0.02944700
  0.00881701   0.01460345  -0.02733153
  0.01213519   0.00218298  -0.01924307
  0.02919953   0.01412012   0.01266777
  0.02378439   0.01711634  -0.01721207
  0.01907021   0.01810505   0.00970192
  0.01509920   0.00307300  -0.01755597
  0.00981529   0.00132980  -0.02297670
  0.05869793   0.02188092   0.00729118
  0.01154429   0.00086687   0.01725420
  0.04603303   0.01385534   0.00263956
  0.03879068   0.01012097  -0.01240892
  0.02720796   0.01351690   0.01312428
  0.03717709   0.00977387  -0.00452211
  0.04530277   0.02080077   0.00974816
  0.00499751   0.00767624  -0.00106014
 -0.00000000   0.00085032   0.00616667
  0.01328821   0.00778298  -0.00988534
  0.02804750   0.01371640  -0.02032665
  0.03683903   0.00967833   0.00019712
  0.00000222   0.00779432   0.02461001
  0.01152324   0.01520093  -0.02634733
  0.02641245   0.01747473   0.01173279
  0.05153200   0.01544666   0.00449622
  0.04420536   0.01338543   0.00546799
  0.01285026   0.00235636  -0.02145088
  0.01077377   0.00134238   0.01577455
  0.00000033   0.00549138  -0.00798720
  0.03589831   0.01092419   0.00793962
  0.02044736   0.00353948   0.01438718
  0.03730868   0.01122668   0.00971936
  0.01591429   0.00452920  -0.02475962
  0.04909989   0.01476840  -0.00525856
  0.03138002   0.01131565   0.01232438
  0.03089291   0.01774835   0.01241137
  0.02798555   0.01396587  -0.01870827
  0.01571681   0.00264818  -0.02125834
  0.00000322  -0.00345766  -0.02996680
  0.00000093   0.00721012  -0.01552319
  0.01817786   0.00222540   0.01234595
  0.03776221   0.01136014  -0.01501380
  0.04134376   0.01258135  -0.01383516
  0.01157670  -0.00021921   0.01994498
  0.06608565   0.01823955  -0.00640250
  0.06191952   0.01700062  -0.00791864
  0.04495495   0.01528708   0.00983038
  0.03962887   0.01981630   0.01079449
  0.02372290   0.01873795   0.01365173
  0.01110589  -0.00081107  -0.02649929
  0.02209467   0.00398336  -0.02250264
  0.01389559   0.00029021   0.01694756
  0.01466975   0.00067757  -0.02520259
  0.02061580   0.00476104  -0.01245124
  0.01991888   0.00849434  -0.00934200
  0.02637248   0.00827097  -0.00957458
  0.01538114   0.00321703  -0.01369705
  0.02601072   0.00635192  -0.01119281
  0.02369530   0.01005927   0.00006619
  0.04338231   0.01302727  -0.00745382
  0.01676964   0.01011715  -0.00006133
  0.01841644   0.01144216   0.01480337
  0.03384925   0.00866648  -0.01811428
  0.02177281   0.01271596  -0.02091931
  0.04080346   0.01570344  -0.01401398
  0.04332238   0.01146463   0.01008825
  0.00000086   0.00170369   0.01461807
  0.00503671  -0.00319846   0.01498427
  0.04455154   0.01438358  -0.00830153
  0.01017505  -0.00126599   0.01745482
  0.00505118   0.01618420   0.00406402
  0.00783701   0.01656118   0.01441497
  0.01068956   0.01695315   0.00910176
  0.01063322   0.01692905   0.02084950
  0.00666889   0.01640998  -0.00826237
  0.01362886   0.00905265   0.00255219
  0.01704825   0.00905421   0.00254699
  0.02483925   0.00905706   0.00256522
  0.05698134   0.01806530   0.00180510
  0.05008969   0.01602390   0.00314874
  0.01360646   0.00902716  -0.00238914
  0.01909046   0.00906449  -0.00231310
  0.01975386   0.01656432  -0.00232619
  0.03551863   0.01872279  -0.00492685
  0.02881886   0.00905284  -0.00233879
  0.01467120   0.00896126   0.00540592
  0.01075788   0.00898786   0.00534199
  0.02567020   0.00899180   0.00544392
  0.00827649   0.00767940   0.02321054
  0.01048198  -0.00116198   0.02103524
  0.00532062   0.01166417   0.02614674
  0.00000705  -0.00321569   0.03000091
  0.00000523   0.00573066   0.02997981
  0.02193177   0.00897763   0.00531215
  0.06075625   0.02293254  -0.00828235
  0.01967317   0.01667857  -0.02153501
  0.03593563   0.01890046   0.00997026
  0.04129293   0.01963209   0.00897927
  0.06291034   0.01892638  -0.00589976
  0.06141588   0.01838409   0.00524056
  0.04415172   0.01329539   0.00844988
  0.04985075   0.01494582  -0.00771860
  0.05016603   0.02061861   0.00733963
  0.01917683   0.01810955  -0.02211114
  0.04228419   0.01281385   0.00464223
  0.04209014   0.01270143  -0.00928972
  0.01946877   0.01740028  -0.02108078
  0.02108172   0.01837514  -0.00363769
  0.01941554   0.01733323  -0.00242769
  0.01908927   0.01809712  -0.02359572
  0.00247690  -0.01092977   0.01063139
  0.00248917  -0.00922044   0.00895977
  0.00247049  -0.01087687  -0.01336724
  0.00247253  -0.01087433  -0.00927709
  0.00249946  -0.00560532  -0.00748117
  0.00249448  -0.00833715  -0.00679442
  0.00247049  -0.01065108  -0.01454262
  0.00255444  -0.00572826   0.01610401
  0.00256585  -0.00504041   0.01440468
  0.00253826  -0.00332881   0.00973042
  0.00251835  -0.00452131   0.01281115
  0.00251576  -0.00336652  -0.01339865
  0.00249876   0.00341332  -0.00114275
  0.00249876   0.00419655  -0.00204777
  0.00341404  -0.00708772  -0.02748804
  0.00090702  -0.00605232  -0.02817826
  0.00090722  -0.00855437  -0.02694480
  0.00115615  -0.01031264  -0.02597417
  0.00122087  -0.00885574   0.02633304
  0.00122009  -0.00558477   0.02603113
  0.00246951  -0.01129544  -0.02107304
  0.00246993  -0.01117391  -0.02392387
  0.00248196  -0.01118654   0.02182804
  0.00248094  -0.01116187   0.01973335
  0.00463393   0.01308056  -0.00000035
  0.00251481   0.01278953  -0.00108183
  0.00438844   0.00939452  -0.00017333
  0.00452057   0.00900124   0.00037379
  0.00249622  -0.00947357  -0.02616381
  0.00249898  -0.00980796   0.02463827
  0.00249820  -0.00653699   0.02433637
  0.00248655   0.00937310  -0.00302410
  0.00248616   0.00835693  -0.00497570
  0.00248602   0.00602495  -0.00481453
  0.00249999   0.00516109   0.00236427
  0.00250340  -0.01089360   0.01259674
  0.00250344  -0.01093745   0.01602384
  0.00250155  -0.00875815   0.01612386
  0.00250043  -0.00487115  -0.01627528
  0.00250105  -0.00803574  -0.01610075
  0.00250000  -0.00579966   0.00821213
  0.00250000  -0.00424927  -0.00902766
  0.00250000   0.00447726   0.00173238
  0.00256098   0.00952267   0.00431207
  0.00256057   0.00622495   0.00623399
  0.00256033   0.00548686   0.00360902
  0.00374117   0.00779260   0.00241451
  0.00386955   0.00735801   0.00285925
  0.00456747   0.00767701   0.00241133
  0.00250951  -0.00680842   0.02104069
  0.00250849  -0.00678375   0.01894599
  0.00250730  -0.00343844   0.01782849
  0.00250872  -0.00353745   0.02073878
  0.00251619  -0.00208822  -0.01649288
  0.00251604   0.00137294  -0.01353423
  0.00251576  -0.00196337  -0.01085886
  0.00369656  -0.00137546  -0.02592673
  0.00252235  -0.00318208  -0.02434529
  0.00252151  -0.00264105  -0.02043552
  0.00252175  -0.00109603  -0.02190805
  0.00252217  -0.00067038  -0.02402078
  0.00252255  -0.00568412  -0.02311183
  0.00253826  -0.00278728   0.00755615
  0.00253844  -0.00055349   0.00975448
  0.00253826   0.00001843   0.00749474
  0.00261539   0.00885750  -0.00815666
  0.00261525   0.00652553  -0.00799550
  0.00594953   0.01198483  -0.00813309
  0.00605264  -0.00148241  -0.02626958
  0.00267644  -0.00372891  -0.02754851
  0.00267995  -0.00007153   0.02667436
  0.00267956  -0.00305022   0.02461559
  0.00292179  -0.00105673   0.01715419
  0.00292186   0.00094647   0.01582620
  0.00293629  -0.00221143   0.01777796
  0.00545886   0.01254621  -0.00121312
  0.00927493   0.01307100  -0.00348843
  0.00333906   0.01060256  -0.00340717
  0.00333974   0.01225517  -0.00229461
  0.00333867   0.00958639  -0.00535876
  0.00521337   0.00886017  -0.00138610
  0.00667281   0.01271371  -0.00533518
  0.00455294   0.00006700  -0.02680736
  0.00337844   0.00533070  -0.02537878
  0.00449921   0.00455027  -0.02683171
  0.00761533   0.00415601  -0.02570130
  0.00337807   0.00403286  -0.02170837
  0.00647298   0.00105476  -0.02611673
  0.00451751   0.00241993  -0.02682273
  0.00337813   0.00034644  -0.02278869
  0.00337855   0.00077208  -0.02490141
  0.00337854   0.00292420  -0.02535516
  0.00893041  -0.00015209  -0.02522314
  0.00339543   0.01027804   0.00494901
  0.00651889   0.01264712   0.00742489
  0.00592037   0.01256631   0.00471527
  0.00343437   0.00969523   0.00573331
  0.00343396   0.00639750   0.00765523
  0.00843724   0.00464592   0.00985190
  0.00343425   0.00884661   0.00897563
  0.00696568   0.01269152  -0.00855722
  0.01067534   0.00304108   0.01837036
  0.01061452   0.00006309   0.01826500
  0.01030848   0.00017143   0.01874178
  0.00976112  -0.00029996   0.01928692
  0.01497918   0.00197882   0.01409299
  0.01543661   0.00199750   0.01327245
  0.01343003   0.00406773   0.01562783
  0.01500036   0.00519994   0.01406432
  0.01506550   0.00108890   0.01468379
  0.01309124   0.00134233   0.01595349
  0.01588732   0.00458208   0.01528324
  0.01801171   0.00283324   0.01265500
  0.01905044   0.00352536   0.01279627
  0.04154108   0.01176529   0.00481625
  0.04206528   0.01189256  -0.00803861
  0.01855865   0.01762946  -0.02260024
  0.02236503   0.01773631  -0.00088064
  0.02064072   0.01474881  -0.02205402
  0.02329292   0.00589948  -0.02050265
  0.02784575   0.00679265  -0.01800359
  0.03335816   0.00958404  -0.00095175
  0.03334497   0.00946346  -0.01613343
  0.04104873   0.01161793  -0.00771060
  0.03861459   0.01096445  -0.00944013
  0.03939432   0.01112802  -0.00817973
  0.03942386   0.01113658  -0.01052131
  0.03861707   0.01096303  -0.00657790
  0.04058049   0.01147950   0.00440337
  0.03898745   0.01100778   0.00416749
  0.03943204   0.01113950   0.00514380
  0.04025529   0.01138299   0.00171693
  0.04187267   0.01263477  -0.00181868
  0.04079498   0.01148803   0.00564452
  0.04141920   0.01172964  -0.00895656
  0.04203738   0.01191247  -0.01157157
  0.03979432   0.01124828  -0.01176727
  0.04289645   0.01389337  -0.00888521
  0.04365661   0.01411833   0.00440297
  0.02395802   0.01795431   0.00214070
  0.02336728   0.01787281  -0.00143489
  0.02398071   0.01714297   0.00381260
  0.02367183   0.01357838   0.00097131
  0.02424380   0.01307727   0.00222082
  0.02465927   0.01304464   0.00366017
  0.02279006   0.01303756   0.00359429
  0.00249980  -0.00259851   0.00254413
  0.00249980  -0.00533036   0.00295411
  0.00249980  -0.00507633   0.00616621
  0.00250031  -0.00728482   0.00410383
  0.00249980  -0.00227062   0.00610480
  0.01154209   0.00343124   0.01748834
  0.00449651   0.01153569   0.01899799
  0.00449731   0.01428463   0.02166173
  0.00449735   0.01430015   0.02397799
  0.00841428   0.01481032   0.01845251
  0.02363314   0.00675857   0.00829420
  0.02278411   0.00663499   0.00784709
  0.02467366   0.00723356   0.00761949
  0.00312476   0.01397675   0.00700737
  0.00118148   0.00987760   0.00263393
  0.00130987   0.00944300   0.00307868
  0.00252624   0.01389594   0.00429776
  0.00255012   0.00444660   0.00725183
  0.04432155   0.01253304  -0.00791186
  0.04811721   0.01365704  -0.00669577
  0.04493973   0.01271587  -0.01052687
  0.04826644   0.01370110  -0.00835309
  0.04794379   0.01361246  -0.01077643
  0.01435336   0.01522123   0.01435370
  0.04271137   0.01205548  -0.00712066
  0.04341550   0.01228603   0.00381491
  0.04250166   0.01205108   0.00522912
  0.04783239   0.01359351  -0.00085788
  0.04936582   0.01405005  -0.00480694
  0.04650703   0.01317948  -0.00590457
  0.00249643  -0.00667589   0.00137208
  0.00249340  -0.01070989   0.00225757
  0.00249693  -0.00863036   0.00252180
  0.00117674  -0.00217951  -0.02808630
  0.00117656   0.00033219  -0.02776179
  0.01539488   0.00272025  -0.02332175
  0.01699743   0.00341095  -0.02275967
  0.02061421   0.00398045   0.01210588
  0.02192983   0.00618496   0.01371129
  0.00259417   0.00491931   0.02675172
  0.00259310   0.00708814   0.02545064
  0.00247154  -0.01129291  -0.01701017
  0.00372049  -0.01079442  -0.01400767
  0.00247289  -0.01114458  -0.00563357
  0.00247456  -0.01114251  -0.00230548
  0.00247470  -0.01126071   0.00065858
  0.00112272   0.00937408  -0.02826350
  0.00063846   0.01192917  -0.02834790
  0.00150331   0.01204301  -0.02812796
  0.00117254   0.01298949  -0.02791986
  0.00112282   0.00696758  -0.02823988
  0.00249537  -0.00581303  -0.01970523
  0.00249599  -0.00897762  -0.01953070
  0.00249641  -0.00885610  -0.02238154
  0.00256579   0.00232595  -0.00948882
  0.00256603   0.00356951  -0.01203602
  0.00256575   0.00023320  -0.00936065
  0.00256591   0.00430608  -0.00964561
  0.00120575  -0.00008955   0.02810905
  0.00129468   0.00287829   0.02802817
  0.00124422   0.00554805   0.02808238
  0.00914551   0.00456746  -0.02521615
  0.02416613   0.01798329   0.00745908
  0.00850305   0.01266684   0.00741262
  0.00336127   0.00408023  -0.01951743
  0.01581348   0.01684448  -0.00756650
  0.01951118   0.01734416  -0.01122257
  0.01764566   0.01709152  -0.01209139
  0.02383666   0.01793736  -0.00818555
  0.01948458   0.01734088  -0.00883876
  0.02154001   0.01762186  -0.01327510
  0.02146677   0.01278819  -0.00946573
  0.01303818   0.01303076  -0.00666080
  0.01581350   0.01684444  -0.00344753
  0.01564434   0.01722889  -0.00349828
  0.00249982  -0.00587558  -0.00383765
  0.00249484  -0.00860741  -0.00315091
  0.02197518   0.01774584   0.00239972
  0.02429038   0.01799980   0.00407688
  0.00250955  -0.00502151  -0.02581464
  0.00250976  -0.00752356  -0.02458118
  0.01592839   0.01685638   0.00597617
  0.01286586   0.01310059   0.00367472
  0.01338703   0.01305490   0.00510159
  0.01143037   0.01306820   0.00506963
  0.01995062   0.00369249   0.01240104
  0.02101548   0.00649135   0.01242404
  0.02007361   0.00391316   0.01260291
  0.00258206  -0.00227022  -0.01838669
  0.01302605   0.01302834  -0.00910341
  0.00249265  -0.01163486   0.00750482
  0.00249876   0.00085472  -0.00168097
  0.00250352   0.00182039  -0.00732623
  0.00249880   0.00152301  -0.00504045
  0.00187570   0.01044529  -0.00238528
  0.00333515   0.01429884  -0.00633436
  0.00389221   0.01387463  -0.02181542
  0.00187638   0.01209790  -0.00127272
  0.00249946  -0.00403931  -0.00202332
  0.00249946  -0.00273192  -0.00566461
  0.00250348  -0.00027236  -0.00719806
  0.00250365   0.00380051  -0.00748302
  0.00166455   0.01305477  -0.00947559
  0.00333475   0.01328266  -0.00828595
  0.00249448  -0.00677114  -0.00133657
  0.00249876  -0.00187713  -0.00127099
  0.00249963  -0.00470343   0.00060501
  0.00248917  -0.00733951   0.00647384
  0.00254988   0.00370852   0.00462686
  0.00254988   0.00236566   0.00614750
  0.01718962   0.01702935   0.00811944
  0.01941206   0.01733463   0.00842850
  0.01634404   0.01697997   0.00097786
  0.02316013   0.00632610  -0.01979347
  0.01674451   0.00414378  -0.02230230
  0.01990158   0.01763967  -0.02177418
  0.00954144   0.01575158  -0.02683420
  0.01089456   0.01605032  -0.02634210
  0.00248614  -0.01162753   0.00414723
  0.01637964   0.01692186  -0.00138247
  0.01621047   0.01730632  -0.00143321
  0.01652089   0.01446832   0.01194358
  0.00249498  -0.00872561  -0.00018685
  0.00248967  -0.00954800   0.00441146
  0.00572878   0.01600987  -0.02749112
  0.02169164   0.01764675   0.00772535
  0.02499163   0.01309012   0.00559635
  0.02355529   0.01789782  -0.01659907
  0.05124617   0.01460685  -0.00453628
  0.00124362   0.01159015   0.02720926
  0.00266189   0.01360251   0.02580634
  0.00270088  -0.00041159   0.01169461
  0.00251853  -0.00174599   0.01283521
  0.01566804   0.01434939   0.01383729
  0.00249876   0.00252547   0.00035905
  0.00249876  -0.00056974  -0.00491229
  0.00249876   0.00118261   0.00187969
  0.00249893   0.00350314  -0.00519724
  0.00114113   0.00268511  -0.02777715
  0.00114112   0.00483724  -0.02823090
  0.00251871  -0.00275059   0.01612916
  0.00130922   0.00540719   0.00237563
  0.00270114   0.00058702   0.01366056
  0.03656861   0.01002232   0.01103925
  0.00336133   0.00039380  -0.02059775
  0.04653985   0.01321113   0.00339022
  0.04562601   0.01297617   0.00480443
  0.01482753   0.01573156  -0.02396262
  0.01193763   0.01619219  -0.02501231
  0.00701433   0.01540882  -0.02702358
  0.04309029   0.01218952   0.00112848
  0.04176494   0.01177549  -0.00391821
  0.00180905   0.01476414  -0.02945719
  0.00267390   0.01487799  -0.02923726
  0.02461782   0.00643840  -0.01979790
  0.00258229  -0.00072519  -0.01985922
  0.01606630   0.01590036  -0.02140305
  0.01848811   0.01547912  -0.02289148
  0.01043606   0.01267347  -0.00850755
  0.02468293   0.00677913  -0.01920179
  0.01866085   0.01726860  -0.02282735
  0.00120536  -0.00306825   0.02605028
  0.00808244   0.01555356  -0.02737147
  0.04951504   0.01409410  -0.00646426
  0.02010598   0.01691796  -0.02222841
  0.02000378   0.01727882  -0.02200130
  0.01410844   0.00317734  -0.02352972
  0.01170424   0.00050721  -0.02439956
  0.01348617   0.00125153  -0.02375121
  0.02172151   0.00554368  -0.02095074
  0.01799975   0.00416443  -0.02230504
  0.02108994   0.00389151  -0.02117655
  0.02380096   0.01793105  -0.01946834
  0.02174535   0.01771217  -0.02162981
  0.02164315   0.01807302  -0.02140269
  0.00829993   0.01558387  -0.02476296
  0.00965305   0.01588262  -0.02427086
  0.01148839   0.01613097  -0.02596908
  0.00124315   0.00771689   0.02678129
  0.04763830   0.01353628   0.00207158
  0.01046059   0.00025936  -0.02473799
  0.04470767   0.01344130  -0.00240713
  0.04027970   0.01140057  -0.00598797
  0.00266142   0.00972925   0.02537838
  0.01438228   0.00344278  -0.02310525
  0.01581555   0.00358869  -0.02300898
  0.01826175   0.01334073  -0.00119376
  0.00251879  -0.00074738   0.01480117
  0.01072372   0.01297050   0.00722188
  0.00076694   0.01391838   0.02819615
  0.01931922   0.01763319   0.00184811
  0.01974602   0.01802808  -0.02228124
  0.01971684   0.01802393  -0.02277610

CELLS 3929 19645
4    149    810    192    701
4    579    259    230    773
4    541    201    136    148
4    554    468    573    198
4    284    203    404    475
4    226    167    777    711
4    379    401    515    511
4    594    206    271    952
4    149    191    272    417
4    143    268    267    167
4    203    199    175    127
4    571    457    296    126
4    399    378    202    428
4     53     55    594    167
4    492    332    319    364
4    120    406    307    572
4    610    178    105    587
4    416    472     90    176
4    541    927    792    783
4    130    398     80     91
4    323    136    587    519
4    460    835    376    377
4    359    369    757    842
4    301    101     97    302
4    883    128    590    876
4    107    420    195    114
4    151    334    248    201
4    315    760    303    566
4    369    130     82    595
4    437    139    540    228
4    740    308    256    406
4    175    122    200    229
4     87     86    157     92
4    757    735    244    347
4    541    792    927    892
4    128    584    225    593
4    301    201     97    193
4    317    126    453    318
4    543    531    408    512
4    348    315    158     88
4     66    603     67    924
4    222    571    457     74
4    956    617    611    505
4    746    732    751    160
4    130    348     78    595
4    746    789    519    732
4    756    323    612     97
4    733    159    741    752
4    613    755    576     99
4    733    159    752    782
4    949    930    799    545
4    233    327     70    174
4     67    734    327    433
4    395    505    879    447
4    614    929    879    938
4    513    327    936    614
4    481     75    467    292
4    395    879    614    929
4    174    327    734    433
4    757    335    244    735
4    615    833    335    355
4    590     73    129    735
4     73    335    129    735
4    884    838    335    616
4    616    829    838    335
4    335    884    616    876
4    414    572    550    425
4    219    322    325    148
4    322    325    148    147
4    114    148    463    178
4    107    114    280    104
4    208    529    492    443
4    229    426     56    526
4    307    549    572    406
4    425    325    456    261
4    414    456    261    425
4    151    576    755    334
4    772    598    156    894
4    251    633    507     14
4    299    140    233    424
4    176    299    140    303
4    771    156    277    362
4    670    332    443    689
4    320    647    667    443
4     81    324    120     84
4    326    572    120    309
4     84    406    120     81
4    490    756    302    323
4    648    689    443    637
4    342    207    315    133
4    201    151    133    591
4    513    205    460    233
4    137    101    533    468
4    205    174    233    603
4    291    122    536    819
4    386    332    391    443
4    684    821    865    536
4    536    651    631    901
4    196    122     43    211
4    422    462    497    154
4    422    154    497    104
4    104    142    257    484
4    257    484    361    154
4    650    286    536      9
4    431    193    747    343
4    323    756    533    137
4     71    339     65    514
4    135    836    165    426
4    797    451    251    674
4    251    674    687    797
4    398     82    435    372
4    532    610    137    279
4    467    774    398    249
4    134    206    123    411
4    178    153    114    144
4    674    451    700    798
4    334    576    147    322
4    104    102    497    371
4    102    371    104    218
4    432    296    317    561
4    301    298    101    302
4    301    298    369    342
4    814    442    903    452
4    284    127    205    174
4    152    411    138    230
4    922    582    199    718
4    582    337    199    718
4    133    201    591    301
4    301    101    342     97
4    301    201    193    133
4    103    105    178    434
4    821    122    536    684
4     35    628    575     33
4    440    325    425    261
4    233     70    603    174
4    440    353    368    261
4    351    299    424    189
4    575     33    627     42
4    680    366    288    627
4    575    627    896    681
4    566    760    225    585
4    303    760    225    566
4    189    133    299    176
4    431    193    343    290
4    345    193    290    343
4    303    589    566    568
4    225    566    568    303
4    584    568    225    566
4    308     92    549    406
4    864    856    818    446
4    809    336    489    293
4    852    676    450    919
4    199    255    165    127
4    350    424    351    360
4    578    226    712    124
4    201    302    238    301
4    201    238    591    301
4    231    490    234    465
4     82    595    130    398
4    578    204    274    180
4    780    204    274    578
4    363    302    238    132
4    223    219    148    132
4    219    223    148    144
4    330    327    174    458
4    831    327    174    330
4    435    890    595    467
4     86    237    432    565
4    304    359    435    467
4    242    399    112    385
4    303    140    176    376
4    547    122    213    175
4    121    547    213    175
4    217    261    440    309
4    326    217    440    309
4    167    267    245    259
4    214    244    373    435
4    595    759    467    890
4    467    759    305    359
4    129    225    590    303
4    227    121    266    547
4    391    529    492    215
4    152    230    138    581
4    701    191    227    121
4    227    265    121    191
4    677    451    450    707
4    324    217    326    120
4    324    120    474    217
4    943    519    791    914
4    292    729    155    724
4    818    263    291    446
4    527     79    544    457
4     46    190    364     51
4    392     46     51    190
4    105    185    517    177
4    588    135    165    426
4    334    576    322    201
4    322    368    248    201
4    803    496    823    494
4    126    284    564    205
4    830    347    351    241
4    556    373    435    214
4    221    300    353    248
4    353    326    440    248
4    191    121    149    265
4    597    134    719    332
4    105    454    185    279
4    331    481    292    850
4    267    269    215    259
4    563    460    377    237
4    133    299    315    369
4    308    256     84    570
4    207    342    315    130
4    452    810    701    814
4    311    775    270    236
4    334    322    248    201
4    550     94    307    414
4    298    490    302    145
4    323    302    136     97
4    562    564    205    296
4    247    339    580    271
4    562    296    205    460
4    105    195    607    487
4    583    846    128    135
4    584    128    568    583
4    206     55    123    167
4    248    440    322    334
4    248    368    322    440
4    134    597    719    551
4    382    869    764    855
4    457    437    139    540
4    105    610    587    532
4    489    293    243    808
4    223    302    363    132
4    541    148    136    463
4    712    827    594    124
4     46     51    364    210
4     46    319    364    190
4    797    251    546    633
4    710    944    170    557
4    429    113    552    117
4    489    886    796    809
4    808    840    340    807
4    245    123    215    319
4    230    226    167    259
4    123    259    215    770
4    259    277    215    770
4    230    259    123    138
4    727    728    535    518
4    315    133    176    299
4    661    778    204    478
4    154    462    125    553
4    497    154    125    104
4    601    141    467    164
4    865    856    536    818
4    598    138    596    224
4    774    249    270    294
4    162    535    206    210
4    277    771    581    156
4    122    337     43     56
4    952    848    594    827
4    596    492    138    411
4    134    364    123    206
4    167    206    230    123
4    777    226    711    578
4    525    768    873    682
4    532    586    397    587
4    403    393    115    118
4    175    229    337    122
4    276    285    866    370
4    687    251    797    633
4    291    122    547    286
4    587    463    532    519
4    366    288    525    680
4    525    766    680    288
4    900    768    873    525
4    900    855    764    525
4    448    862    869    382
4    869    855    899    446
4    872    898    525    387
4    855    446    857    899
4    631    855    857    382
4    262    764    288    287
4    247    271    467    339
4    454    185    517    105
4    201    368    238    132
4    201    368    221    238
4    146    245    383    190
4    146    715    245    190
4    206    230    226    167
4    226    269    259    579
4    190    574    383    366
4    114    148    178    144
4    133    189    299    369
4    842    435    359    369
4    299    189    407    369
4    463    178    148    136
4    492    319    215    123
4    492    215    770    123
4      3      0    654    183
4    298    101    302    490
4    277    771    362    224
4    397    178    463    587
4    178    490    148    136
4     40    213    196     48
4    552    399    118    115
4    403    429    117    113
4    122    211    213    200
4    337    370    203    276
4     61    134    155    723
4    752    389    159    520
4    803    823    492    494
4    134    206    155    725
4    379     56    229    200
4    624    380    657    805
4    122    337    286    683
4    163    400    162    206
4    867    859    695    582
4    582    273    693    180
4    149    121    475    860
4    265    275    266    121
4    247    338    357    128
4    338    128    247    135
4    218    148    371    104
4    124    594     53     57
4    279    185    137    608
4    711    167    143    714
4    295    715    781    190
4    872    660    898    387
4    467    305    304    359
4    759    890    595    369
4    492    529    208    803
4    196     48    213    211
4    492    352    364    123
4    397    216    463    361
4     15    320     17    636
4    490    150    610    178
4    351    832    360    424
4    351    299    832    424
4    606    280    107    202
4    525    262    764    288
4    325    219    261    368
4    219    148    325    371
4    542    394     82     83
4    493    925    689    637
4     14     16    635    507
4    221    189    333    351
4    221    591    333    189
4    189    407    333    351
4    195    427    413    202
4    179    224    596    492
4    304    305    467    225
4    584    225    585    566
4    225    950    590    303
4    235    220    501    298
4    594    827    848    124
4    469    891    439    513
4    425    784    753    389
4    649      9    264    286
4    691    574    319    190
4    906    691    190    574
4    552    117    113    118
4    365    496    893     20
4    598    893    496     20
4    598    224    947    894
4    598    804    942    947
4    467    874    339     75
4    594     55    400    206
4    350    300    424    354
4    807    293    808    243
4    353    354    326    300
4    350    424    360    349
4    322    440    325    334
4    322    368    325    440
4    572    549    459    406
4    363    301    367    238
4    364    123    245    319
4    241    829    355    240
4    792    541    463    892
4    112    385    399    393
4    275    175    203    276
4    175    275    266    276
4    143    267    714    167
4    112    436    116    111
4    259    226    268    269
4    353    300    326    248
4    589    566    592    303
4    376    176    303    592
4    590    165    233    303
4    233    299    347    590
4    590    303    233    299
4    157    300    424    461
4    242    399    110    108
4    687    843    251    632
4     65    569    885     71
4    305    359    757    841
4    319    574    391    383
4    360    830    351    241
4    105    279    185    610
4    438    583    135    124
4    105    103    610    177
4    887    767    796    489
4    428    314    413    202
4    607    242    399    112
4    180    204    273    642
4     51    190     55     42
4     42    392     51    190
4    288    287    765    489
4    448    765    870    794
4    448    794    868    340
4    541    142    114    358
4    594    206    952    827
4    580    230    226    206
4    795    341    882    187
4    411    352    134    492
4    525    873    190    682
4    873    781    525    190
4    525    190    366    681
4    190    146    525    366
4    206    230    271    580
4    164    271    593    400
4    489    882    887    871
4    187    882    854    341
4    226    268    167    259
4    226    777    167    268
4    267    259    268    269
4    490    302    145    223
4    135    247    338    329
4    300    424    461    151
4    461    189    151    424
4    243    807    293    621
4    532    454    216    487
4    216    430    454    532
4    252    292    312     59
4    238    591    333    221
4    398    249    774    294
4    465    605    554    523
4     56    199    229    337
4    102    280    104    125
4    104    280    102    218
4    680    627    288    658
4    179    598    596    224
4    680    766    658    288
4    658    871    766    341
4    224    804    598    947
4    288      0    658      6
4    227    704    450    451
4    227    704    451    452
4    547    227    121    213
4    555    441    604    198
4    487    216    242    454
4    364    245    123     55
4    594    206    827    167
4    123     55    245    167
4    255    165    127    330
4    203    255    127    330
4    255    203    127    199
4     97    101    342     98
4    132    302    238    201
4    248    300    326    459
4    267    245    383    146
4    267    215    383    245
4    143    714    267    146
4    215    267    259    245
4    122    266    547    286
4    285    582    859    867
4    604    441    306    198
4    206    411    230    123
4    155    411    230    206
4    331    254    250    508
4     47    332     58     46
4    227    253    213    291
4    271    292    400    164
4    110    242    487    216
4    422    257    154    104
4    422    257    445    154
4    422    609    257    142
4    422    154    445    462
4    406    459    572    326
4    244    369    757    299
4    299    129    303    315
4    758    347    299    590
4    299    369    129    315
4    129    303    590    299
4    626     35    628    575
4    382    448    765    869
4    145    363    302    301
4    126    437    457    933
4    437    284    126    423
4    604    130    369    342
4    130    369    342    315
4    448    340    868    862
4    868    839    862    340
4    229    379    564    526
4    607    242    108    399
4    154    484    466    502
4    177    103    434    105
4    229    199    165    127
4    507    635    646    639
4    507    635    634    646
4    450    251    675    253
4    251    451    450    675
4    582    370    337    866
4    620    184    239    181
4    826    514    357    889
4    387    855    898    525
4    266    122    547    175
4    266    175    337    122
4    458    174    127    284
4    203    127    284    458
4    342    298    101    301
4    589    303    592    376
4    925    822    599    493
4    492    364    319    123
4    841    359    357    305
4    954    357    841    335
4    640    320    183     15
4    162    206    310    163
4    270    312    252    292
4     80    485    398    250
4    703    384    212    289
4    168    384    700    289
4    626    628    904    575
4    600    496    494    823
4    675    251    687    843
4    540    800    560    558
4    185    105    610    177
4    357    338    335    876
4    336    809    489    795
4    795    187    336    186
4    844    507    632    646
4    446    659    864    863
4    329    338    135    240
4    326    440    217    353
4    440    353    261    217
4    291    122    819    213
4    245    319    215    383
4    435    220    244    373
4    190    319    383    574
4     56    122    337    229
4    717    267    245    167
4    123    245    259    167
4    596    224    138    492
4    277    362    215    224
4    854    187    341    188
4    840    886    868    489
4    287    839    446    862
4    886    794    868    489
4    248    368    221    201
4    248    368    353    221
4    844    507    646    639
4    817    507    844    639
4    507     16    639    239
4    816    380    507    638
4    507     16    635    639
4    770    224    277    215
4    215    259    269    277
4    414    440    425    261
4    823    494    600    599
4    351    189    407    299
4    299    351    244    407
4    113    202    606    115
4    193    522    472    745
4    384    702    212    192
4    200     43    122    211
4    465    234    523    470
4    652    387      8    660
4    907     91    412    316
4    230    579    581    374
4    352    134    364    123
4    411    492    138    123
4    134    123    352    411
4    379     48    213    396
4    490    148    223    144
4    314    195    607    105
4    108    195    314    202
4    195    202    413    314
4    314    195    434    413
4    105    195    434    314
4    399    108    314    202
4    428    399    314    202
4    607    314    428    399
4    607    314    399    108
4    130    604    468    342
4    298    604    468    605
4    468    605    604    198
4    738    923    544    457
4    207    472     85    133
4    399    108    202    110
4    364    123    206     55
4    110    108    202    106
4     85    315    176    303
4    176    303    592     85
4    416     89     88    739
4    858    495    695    861
4    495    204    643    861
4    885    569     75     71
4     71    514    874    339
4    435    875     71    514
4    273    204    274    143
4    911    284    920    458
4    940    401    530    284
4    433    920    174    458
4    291    818    536    263
4    196    213    122    211
4    521    531     75     71
4    124    247    135    329
4    339     75    874     71
4     75    435    304     71
4     75    531    435     71
4    130    207    158    315
4    315    207     88     85
4    315    207     85    133
4    858    695    495    649
4    513    544    439    469
4    372     75    467    398
4    467    398    595    435
4     75    372    467    435
4    381    320    640    667
4    212    703    401    149
4    825    228    401    516
4    539    468    394     95
4    537    158    130    431
4     44    246    632     26
4    486    158    537    431
4    899    446    864    863
4    899    446    862    869
4     91    130     82    468
4    158     91     80    316
4    539     91    412    907
4    754    549    520    744
4    539    537    486     91
4    208    332    688    443
4    688    822    493    494
4    688    493    822    925
4    494    823    332    688
4    754    550    520    549
4    583    135    124    846
4    475    175    284    203
4    487    195    106    586
4    475    175    401    284
4    132    219    148    322
4    132    368    219    322
4    132    223    302    148
4    118    399    242    385
4    223    145    363    302
4     91    130    537    158
4    158    130     80     91
4    189    461    176    140
4    275    175    266    121
4    121    266    547    175
4    332     46    319    364
4    529    893    365    942
4    594    271    848    952
4    847    593    271    594
4    572    309    414    307
4    227    121    265    266
4    536    683    122    286
4     71    569     75     76
4     76     75     71    521
4    150    153    178    144
4    150    103    178    153
4    366    190    146    383
4    881    940    530    941
4    133    461    472    176
4    511    396    401    516
4    463    358    114    397
4      4    253      7    656
4    947    598    893    942
4    398    249    250    331
4    487    195    108    106
4    679    817    507    844
4    843    675    251    507
4    472    522    461    745
4    540    228    560    930
4     96    461    472    151
4    326    354    353    217
4    948    228    540    930
4    540    800    799    560
4    927    609    541    257
4    320    647    443    636
4    133    472     85    176
4    369    244    435    220
4    415    510    149    313
4    105    434    177    517
4    408    543     82    306
4     82    306    604    408
4    459    549     96    461
4    275    475    175    121
4    475    175    203    275
4    128    305    357    304
4    357    128    338    876
4     75    372    435    531
4    128    304    357    845
4     11    495    858    861
4    226    247    124    578
4    351    221    424    350
4    107    195    280    114
4    178    114    195    586
4    134    411    492    596
4    250    398     80    249
4     80    398    294    249
4    883    837    616    590
4    934    800    540    558
4    934    800    545    949
4    601    225    467    763
4    552    109    553    242
4    464    928    603    736
4    871    882    341    854
4    331    481    467    292
4    292    481     75    569
4    230    787    271    374
4    874    339    357    845
4    255    203    199    582
4    582    203    199    337
4    922    853    199    582
4    249    331    467    292
4    220    373    408    232
4    589    165    568    303
4    835    140    303    376
4    165    303    589    376
4    151    461    472    133
4    248    591    300    151
4    300    248    221    591
4    151    248    591    201
4    591    248    221    201
4    124     57     25    438
4    590    829    837    616
4    664    204    504    478
4     96    151    100     99
4     96    151     99    459
4    249    270    292    774
4    292    249    331    252
4    252    270    292    249
4    300    591    221    424
4    300    424    151    591
4    606    107    109    399
4    889    826    514    435
4    435    889    875    514
4    109    242    552    399
4    372     75    398    521
4    492    494    134    179
4    492    179    134    596
4     11    478    495    204
4    545    800    799    949
4    845    467    874    339
4    114    586    420    195
4    883    837    590    128
4    638    380    507    239
4    638    380    239    805
4    654     24    183    321
4    379    200    229    401
4    479    423    433    911
4    479    530    423    911
4    534    516    228    449
4    906    574    190    895
4    681    392    190    895
4    681    575    392    895
4    661    387    146    143
4    412    316     93    907
4    811    506    916     12
4    459    151    572    248
4    248    326    440    572
4    248    440    334    572
4    572    248    151    334
4    248    459    326    572
4    568    128    165    135
4    128    135    240    165
4    165    590    837    128
4    604    232    220    408
4    165    127    174    205
4    174    165    330    127
4    831    330    174    165
4    410    811     12    442
4    902    451    798    700
4    190    364    245    319
4     51    716    210    162
4     51    364     55    190
4    669    386    443    332
4     47     54    332     39
4    692    386    669    332
4    271    230    374    580
4    271    569    897    787
4    569    897    885    271
4    339    374    580    271
4    495    858      9     11
4    762    315    369    595
4    139    212    557    228
4    228    825    557    944
4    798    258    451    902
4    102    602    280    125
4    544    736    603    937
4    603    736    544    571
4    610    234    465    470
4    280    602    102    218
4     95     93    907    412
4     15    647    320    636
4    409    193    522    528
4    472    193    528    522
4    377    157     87    237
4    472    133    193    151
4    399    110    202    107
4    241    830    327    360
4    375     87    377    461
4    103    178    153    434
4    413    428    202    378
4    460    237    157    377
4    388    114    358    420
4    467    398    481    331
4    641    654    183    381
4    640    381    183    320
4    461    424    157    377
4    537    431    130    342
4    537    431    342    281
4    431    207    193    290
4    207    290    431    158
4    319    383    391    215
4    492    391    215    319
4    156     20    894    598
4    296    562    561    565
4    565    296    432    561
4    549     94    461     92
4    109    242    390    553
4    490    144    223    150
4    461    459    549     92
4    464    924    603     66
4     67    603    734    924
4    580    579    230    374
4    580    579    226    230
4     39     54    332     45
4    104    142    148    422
4    516     52    396    401
4    778    478     11    204
4    661    778    478    499
4    397    114    178    586
4    107    195    202    280
4    203    175    337    276
4    420    107    195    106
4    337    175    266    276
4    125    154    502    104
4    502    104    154    484
4    233    424    140    377
4    286    683    650    536
4    695    649    264    286
4    121    401    175    213
4    396    213    401    121
4    162    210    206    716
4    325    219    371    261
4    603    928    614    937
4    540    930    560    799
4    585     85    315     88
4     87    375     90    461
4    225    129    590    305
4    176    315    299    303
4    337    718    582    685
4    155    152    230    411
4    544     74    527    457
4    807    840    340    621
4    408    435     82    372
4     34    621    184    340
4    690    669    692    386
4    787    581     62    374
4     62    569    787    897
4    107    388    484    420
4    199    229    337    175
4    676    253    507    815
4    675    253    251    507
4    815    253    507    380
4    199    175    337    203
4    401    229    284    175
4    127    229    175    284
4    595    315    585    761
4    369    435    890    595
4    601    762    467    595
4    149     52    401    121
4    212    139    313    401
4     11    204    273    143
4    535    769    364    719
4    430    185    608    573
4    579    277    259    771
4    579    226    230    259
4    322    334    325    147
4    334    325    147    425
4    500    430    216    532
4    134    332    492    352
4    134    364    332    352
4    299    189    140    424
4    828    908    450    704
4    908    213    828    450
4     92    157    406     86
4    622    659    446    863
4    281    748    344    431
4    431    747    344    343
4    486    344    343    431
4    175    200    401    229
4    528    207    416    290
4    385    403    118    393
4    114    178    195    153
4    107    420    114    388
4    178    114    397    463
4    340    622    282     34
4    486     95    539    412
4    840    886    489    808
4     11    204    495    861
4    133    176    189    461
4    425    414    456    389
4    872    652    387    663
4    221    189    424    591
4    189    221    424    351
4    151    189    591    424
4    576    201    151    567
4    149    272    475    405
4    149    272    405    417
4    322    368    201    132
4    221    238    591    201
4     82    543    394    306
4     82    394    468    306
4    492    804    224    529
4    872    525    781    387
4    872    662    387    781
4    591    151    133    189
4    560    228    540    139
4    586    487    532    397
4    430    185    454    279
4    254    548    471    849
4    536    291    286    122
4    665    499    504     29
4    146    715    267    245
4    206    411    134    155
4    381    655    668    641
4    467     75    339    271
4    582    718    699    685
4    253    656      2    380
4    913    926    939    510
4    178    490    587    610
4    531    556    521    373
4    676    852    815    419
4     36     28    382    630
4    234    490    610    465
4    728    535    518    769
4    136    323    587    490
4    323    490    136    302
4    180    124    135    329
4    124    578    329    180
4    412     91    539    486
4     91    486    412    316
4    829    330    240    241
4    375    176    461    140
4    539    412     95    907
4    272    506    813     12
4    937    603    544    439
4    302    201    148    136
4    567    463    136    945
4    200    211    213     48
4    284    229    401    379
4    203    127    175    284
4    202    113    429    413
4    857    901    536    631
4    167    268    267    259
4    446    629    673    659
4    446    659    673    820
4    207    528    193    290
4    207    472    193    528
4     75    435    467    304
4    411    123    352    492
4    320    647    640    667
4    863    839    446    622
4    124    135    438     50
4    135    693    180    240
4    135    180    693    124
4    693    180    642    124
4    621    184     30     34
4     25     50    124    438
4    334    440    425    572
4    158    537     91    486
4    334    440    325    425
4    506    916    917    811
4    736    937    928    603
4    242    108    110    487
4    106    487    110    108
4    899    856    864    446
4    504    644    495    204
4    504    499    664    478
4    504    204    495    478
4    332    208    492    443
4    468    342    298    101
4    437    515    126    284
4    379    564    284    229
4    515    564    284    379
4    521    372    531    512
4    742    520    498    346
4    563    562    460    296
4    432    237    296    565
4    563    296    460    237
4    272    475    275    860
4    369    301    189    333
4     85    585    315    566
4     85    315    303    566
4    489    287    765    794
4    882    795    489    887
4    157    469    460    424
4    157    460    469    544
4    858    495      9    649
4    533    608    137    468
4    205    603    233    513
4    569    271     75    292
4    467     75    271    292
4    332    494    134    492
4     75    569    885    271
4    782    159    389    456
4     90    522    461    472
4    322    368    219    325
4    148    490    302    136
4    490    302    223    148
4    180    642    273    693
4    465    470    554    185
4    757    335    305    841
4    310    292    206     59
4    163    164    400    292
4    163    206    310    292
4    398    485    316    542
4    513    614    936    603
4    315    207    158     88
4    330    203    458    127
4    348    595    130    315
4    394    468    198     95
4    347    833    615    355
4    302     97    201    136
4    216    361    397    390
4    911    423    284    530
4    203    458    284    404
4    401    149    940    530
4    112    436    428    607
4    607    428    112    399
4    437    139    530    222
4    407    220    244    369
4    457    139    437    222
4    279    532    454    430
4    402    532    608    430
4    431    342    281     97
4    531    372    408    512
4    660    652    387    872
4    149    415    313    212
4    467    847    593    271
4    268    777    274    226
4     76    521     71     65
4    521    556     71     65
4    130    158     80     78
4    218    144    148    114
4    104    114    148    142
4    218    114    148    104
4    108    202    106    195
4    919    677    450    908
4    213    671    852    419
4    456    325    371    261
4    648    689    670    443
4    949    545    878    948
4    437    401    515    284
4    855    898    630    387
4    949    930    545    948
4    228    437    139    401
4    270    775    294    236
4     75    521     76    481
4    871    341    658    619
4     75    398    481    467
4    393    378    399    112
4    904    628    896    575
4    896    904    575    951
4    575    951    906    895
4    105    195    586    178
4    278    105    607    487
4    517    607    454    105
4    278    487    607    454
4    454    607    278    105
4    424    469    460    233
4    406    256     84    308
4    299    244    351    347
4    244    347    299    757
4    300    424    354    324
4    354    324    326    300
4    362     13    365    953
4    510    356    415    417
4    532    397    216    463
4    222    126    571    423
4    126    437    222    457
4    332    574    319    691
4    574    319    391    332
4    350    424    349    354
4    424    324    349    354
4    704    828    396    121
4    690    386    332    574
4    346     94    461    549
4    180    204    274    273
4    300    353    354    350
4    221    300    350    353
4    674    700    686    168
4    710    170    686    557
4    686     49     52     41
4    388    484    104    107
4    915    567    946    193
4    148    490    178    144
4    144    150    490    178
4    427    280    218    602
4    213    396     48    419
4    213    919    450    908
4    494    332    134     45
4    134     45    332    597
4    338    240    128    135
4    853    426    165    836
4    110    107    106    202
4     42    190     55    295
4    163    400    206    292
4    301    298    302    145
4    301    145    363    367
4    402    430    608    573
4    401    396    379    213
4    105    532    278    279
4    240    165    330    829
4    174    165    205    233
4    565    237    563     87
4    946    741    567    788
4    924    736    603    921
4    521     75    398    481
4    490    223    145    231
4    879    447    505    473
4    701    191    452    227
4     46    364    332     58
4    719    332    134    364
4    303    590    165    950
4    416    528    522    472
4    461    140    424    377
4    461    140    189    424
4    551    197    518    134
4    601    225    593    467
4    601    585    225    761
4    225    584    601    593
4     82    306    468    604
4    690    904    575    669
4    690    575    904    951
4    239    293    184    621
4    941    912    530    479
4    941    479    530    488
4     78    294     80    398
4    157     87    461    377
4    123    245    215    259
4    123    167    259    230
4    750    567    201    136
4    914    791    567    945
4    463    361    500    161
4    281    537    431    486
4    281     95    539    486
4    281    537    486    539
4    331    250    398    209
4    176    416     89    375
4    422    142    257    104
4    142    503    148    422
4    192    415    149    212
4    510    415    149    417
4    415    812    149    417
4    452    702    903    814
4    322    148    201    576
4    616    883    590    876
4    333    407    369    367
4    369    333    367    301
4    124    180    204    578
4     30    483     32    806
4     30    184    620    181
4    943    519    463    791
4    567    791    463    945
4    490    150    234    610
4    531    556    373    435
4    531    373    408    435
4    567    945    136    750
4    193    567    201    750
4    393    115    399    378
4    202    606    115    399
4    202    115    378    399
4    534    401    228    516
4    218    148    144    219
4    936    513    891    327
4     96    151    459    461
4    541    463    136    567
4    587    610    490    137
4    888    926    913    510
4    137    587    610    532
4    888    510    913    417
4     28    630    631    382
4    492    332    364    352
4    422    609    445    257
4    467    271    164    292
4    483    806    624     32
4    420    388    484    358
4    499    905      8    652
4    121    275    475    860
4    257    361    445    154
4    224    770    492    215
4    461     94    346     87
4    222    571     74    423
4    620    806    624    483
4    446      1      5    659
4    866    370    337    276
4    276    266    337    286
4    213    122    547    291
4    450    213    852    919
4    537    130     91    468
4    128    304    225    305
4    128    590    225    950
4    950    165    128    590
4    401     52    396    121
4    825    703    516    401
4    806    483    620     30
4    349    424    469    324
4    584    225    568    128
4    416    522     90    472
4    457    437    540    933
4    776    294     78    398
4    354    324    349    217
4    576    148    147    322
4    503    148    147    576
4    944    557    931    170
4    565     86    237     87
4    330    458    174    127
4    165    255    240    330
4    458    174    284    920
4    423    284    205    174
4    584    601    585    225
4    499    778    478     10
4     74    571    457    544
4    132    148    201    322
4    502    154    125    553
4    502    154    553    466
4    369    298    604    342
4    300    326     81    324
4    375    461    377    140
4    109    420    484    390
4    109    420    107    484
4    436    428    111    112
4    533    910    532    608
4    915    946    567    788
4    529    224    215    362
4    492    215    529    224
4    183    654      3    381
4    472    133    207    193
4    472    151    193     96
4    239    624    805    380
4    162     55    206    400
4    459     99    572    151
4    134    551    719    518
4    715    662    295    781
4    905    661    499    779
4    103    178    610    150
4    103    105    610    178
4    445    159    782    456
4    389    159    782    752
4    256    432     86    237
4    202    107    106    195
4    120    572    307    309
4    254    801    331    252
4     39     31    625     35
4     96    151    193    567
4    575    669    904    625
4    484    361    358    257
4    397    361    358    420
4    388    358    142    484
4    142    358    257    484
4    482    417    509    356
4    888    482    417    405
4    347    355    241    830
4    482    444    405    888
4    586    397    114    420
4    875    514    889    357
4    413    378    113    403
4    595    467    141    398
4    429    113    403    413
4    113    115    378    202
4    331    249    467    398
4    484    420    361    390
4    358    463    541    892
4    414    550    572    307
4    398    521    209    485
4    195    153    427    280
4    532    397    487    216
4    148    147    422    503
4    461     87    346     90
4    476    403    169    378
4    594     55    206    167
4    827    712    594    167
4    908    450    707    677
4     33    341    188    618
4    618    188    182    260
4    926    880    510    480
4    792    541    567    463
4    154    104    257    484
4    634    635    507     14
4    572     99    549    550
4    468    281    342    101
4    176    375    592    376
4    140    375    176    376
4    291    253    213    671
4    153    218    427    280
4    587    178    136    490
4    943    532    463    519
4    109    110    399    107
4    379    515    401    284
4    242    399    109    110
4    107    420    109    110
4    109    242    110    390
4    424    324    300     81
4    502    484    466    553
4    935    172    558     77
4    476    403    378    413
4    428    413    421    476
4    544    571    457    296
4    345    528    290    193
4    149    313    401    212
4    157    459    461     92
4    157    300    406     81
4    157    300    459    406
4    130    158     78    348
4     86    157    237     87
4    363    302    301    238
4     81    300    406    326
4    279    278    454    532
4    124    583    594     57
4    672    819    291    446
4     50    135    588    426
4    416     88    207    739
4    434    195    153    413
4    711    780    578    204
4     65     76    569     71
4    398    521    512    372
4    753    389    520    550
4    122    337    266    286
4    461     87     92     94
4     92     87     86     94
4    573    554    185    608
4    564    229    205    284
4    195    314    607    108
4    192    149    702    212
4    428    169    378    476
4    378    169    112    403
4    112    378    428    169
4    393    112    403    378
4    552    399    242    118
4    398    485     80    316
4    625    381    668    386
4    490    223    231    234
4    490    223    234    150
4    452    451    902    706
4    533    519    587    532
4    909    532    943    519
4    109    390    484    553
4    542     82     91    398
4    502    484    553    109
4    502    109    107    484
4    430    532    500    402
4     51    716    364    210
4    190    245    364     55
4    812    506    417    917
4    120    217    326    309
4    521    398    512    542
4    504    644     37    495
4    698    495     28    524
4    393    385    399    118
4    582    922    836    694
4    921    174    205    603
4     88    595    348    315
4    369    301    133    189
4    582    180    693    240
4    542     82    394     91
4    668    655    381    625
4    484    420    358    361
4    544    256    157    237
4    480    488    881    530
4    510    480    880    530
4    506    417    509    482
4    149    510    530    313
4    213    200     48    379
4    379    200    401    213
4    213    200    401    175
4    301    342    369    133
4    133    342    193    301
4    561    296    317    564
4     64    729    155    292
4    471    849    538    801
4    535    364    769    206
4    364    716    206    210
4    891    327    513    834
4    850    731    481    292
4    530    284    912    940
4    433    911    920    458
4    399    552    606    115
4    736    921    571    603
4    408    512    372     82
4    533    519    532    909
4    398    512     82    372
4    562    296    561    564
4    661    714    143    146
4    378    413    113    202
4    487    195    607    108
4    487    242    607    454
4    112    385    116    436
4    696    643    861    495
4    206    400    271    292
4    531    543    373    521
4    543    512    408     82
4    301    302     97    201
4    732    533    751    790
4    509    506    917    417
4    923    457    738    918
4    175    199    229    127
4    608    573    160    402
4    460    157    424    377
4    110    487    397    216
4    106    397    110    487
4    397    487    106    586
4    478    778     11     10
4    337    582    867    683
4    132    148    302    201
4    530    401    437    284
4    199    229    165    426
4    165    229    205    426
4    359    826    842    357
4    469    544    460    513
4    513    233    460    469
4    522    461    742    346
4    159    522    741    498
4    532    216    500    463
4    587    397    532    463
4    216    361    500    463
4    406     84    120    308
4    207    431    130    158
4    585    315    595     88
4    139    530    313    401
4    149    313    530    401
4    941    940    530    912
4    502    280    125    104
4    107    104    502    484
4    653    183    182    321
4      0    182    653    183
4    188    182    653    618
4    653    321    182    188
4    113    202    429    280
4    577    518     60    535
4    577    559    518    477
4    577    518    559     60
4    367    369    220    407
4    271    152    155    569
4    220    435    369    408
4    120     84    324    474
4     71    514     65    556
4    342    301     97    193
4    877    126    457    933
4    503    609    541    147
4    785    541    927    609
4    236    776    294     78
4    503    147    422    609
4    785    609    445    422
4    521    372     75    531
4    466    484    361    390
4    464    736    603    924
4    468    130     82    604
4    292    724    252    730
4    878    949    934    545
4    393    385    403    112
4    227    213    253    450
4    605    137    554    468
4    198    554    605    523
4    605    555    198    523
4    168    700    686    289
4    369    315    130    595
4    592    176     89    375
4    159    782    161    445
4    558    457    737     79
4    834    891    469    513
4    849    471    731    730
4    467    141    292    164
4    805    380    657    638
4    398    542    316     91
4    816    657    380    638
4     65     62    897    569
4    885     65    897    569
4    470    177    185    610
4     81    544    256    157
4    922    853    582    836
4    149    860    475    272
4    114    218    153    280
4    137    490    587    323
4    233    165    205    460
4    331    455    508    209
4    506     19    916     12
4     19    917    509    506
4    205    296    126    571
4     19    916    917    506
4    931    228    557    944
4    468    394    198    306
4    147     99    576    334
4    542     82    398    512
4    109    110    420    390
4    839    622    282    340
4    446    671    629    253
4    574    332    391    386
4    231    523    465    234
4    472    461     90    176
4    337    582    203    370
4    259    269    277    579
4    277    771    579    581
4    278    454    532    487
4    220    369    604    408
4    232    604    441    306
4    281    573    160    608
4    281    790    533    608
4    332     45     54    597
4    515    318    534    228
4    878    228    437    540
4    209    481    398    331
4    376    426    165    460
4    571    205    544    603
4    126    423    205    571
4    921    603    205    571
4    199    426    165    853
4    746    914    519    789
4    732    789    519    533
4    568    588    135    165
4    421    517    314    607
4    517    105    314    607
4    503    142    148    541
4    567    788    741    733
4    292    271    155    569
4    271    230    206    155
4    292    271    206    155
4    148    325    422    147
4    371    104    325    422
4    726    292    206    155
4    325    147    425    422
4    503    148    576    541
4    541    576    567    201
4    315    133     85    176
4    539    281    468     95
4     64    155    729     61
4    432    544    296    237
4    180    124    204    642
4     25     57    124    204
4    323    756    302     97
4    154    497    125    462
4    120    308    307    406
4    397    110    216    390
4    690    386    692    332
4    189    176    299    140
4    140    299    233    303
4    457    877    918    923
4    423    437    284    530
4    539    537     91    468
4    532    487    586    105
4    737    457    933    877
4    249    774    292    467
4    231    523    605    465
4    318    515    126    437
4    934    878    437    540
4    518    559    197    477
4    205    460    165    426
4    284    205    126    423
4    541    114    463    358
4    142    358    541    257
4    271    230    155    152
4    531    408    373    543
4    532    587    105    586
4    610    532    105    279
4    544    296    237    460
4     50    588    135    438
4    737    457    918     79
4    441    555    604    235
4    515    284    564    126
4    284    127    229    205
4    281    431    344    486
4    344     95    281    486
4     85    176     89    592
4    468    604    306    198
4     75    481     76    569
4    509    417    415    356
4    476    428    169    111
4    111    421    476    428
4    424    460    377    233
4    323     97    136    519
4    358    541    257    892
4    239    181    624    620
4    222    126    457    571
4    490    145    298    605
4    490    145    605    231
4    120    406    326     81
4    200     43     56    122
4    200     56    229    122
4    174    327    433    458
4    110    420    390    397
4    601    595    585    761
4    145    220    298    501
4    881    941    530    488
4    202    413    429    427
4    253    671    291    446
4    317    564    126    515
4    349    469    439    324
4    518    559    727     61
4    518    559     61    197
4    254    331    173    508
4    157    300    461    459
4    325    422    425    456
4    414    425    440    572
4    531    435     71    556
4    514    214    556    435
4    532    279    608    430
4    151    201    193    567
4    300    151    459    248
4    298    604    220    369
4    235    220    298    604
4    105    195    487    586
4    437    530    423    222
4    742    346    461    549
4    742    520    346    549
4    461     90    346    522
4    446    864    659    820
4    914    519    789    909
4    606    553    552    109
4    436    421    607    517
4    567    945    749    914
4    151     99    334    100
4    572     99    334    151
4    573    281    160    344
4    296    205    126    564
4    296    564    126    317
4    398    435     82    595
4    401    530    437    139
4    472    416    207    739
4    815    852    671    419
4    815    253    656    671
4    403    169    112    119
4    403    112    385    119
4     40    419    213     48
4    460    165    376    835
4    562    460    426    376
4    162     59    206    535
4    105    434    517    314
4    360    424    469    349
4    158    416     88    207
4    605    101    298    490
4    394     83    543     82
4     54    332     58     47
4    597    332    722     54
4    577    597    722     54
4    473    439    474    349
4    289    212    703    557
4    420    106    397    110
4    147    425     99    334
4    389    550    425    414
4    149    810    415    192
4    604    232    235    220
4    379    401    511    396
4    521    481    398    209
4    424    469     81    157
4     56    379    229    526
4    604     82    408    369
4     82    595    435    369
4    437    515    401    228
4    516    534    401    511
4    480    510    926    356
4    163    292    310    312
4     97    342    281     98
4    398     82     91    130
4    492    823    332    494
4    563    562    296    565
4    323    137    533    587
4    532    137    587    533
4    118    399    393    115
4    467    398    435    372
4    124    247    329    578
4    254    849    471    801
4    905    499    663    652
4    292    164    141    311
4    207    431    342    130
4    468    537    130    342
4     99    755    576    334
4    567    755    576    613
4    304    845    128    225
4    417    482    506    405
4    583    846    593    128
4    424    360    469    834
4    455    481    802    538
4    133    189    151    461
4    373    435    220    408
4    120    326    406    572
4    467    225    305    129
4    423    437    222    126
4    395    928    603    464
4    956    611    955    505
4    395    614    603    928
4    145    220    367    298
4    298    367    369    220
4    298    145    301    367
4    298    301    369    367
4    557    931    560    228
4    406     86    157    256
4    417    506    272    405
4    544    439    324    474
4    666    645     37    504
4     25    204     38     57
4    666    645    504    204
4    490    137    756    323
4    671    656    629    253
4    815    253    380    656
4    878    228    540    948
4    149    913    939    510
4    149    510    939    530
4    286    697    650    683
4    176    416    472    739
4    317    515    126    318
4    924    603    174    921
4    174    734    603    924
4    537    281    342    468
4    177    470    234    610
4    153    427    413    195
4    867    582    697    683
4    301    238    333    367
4    238    591    301    333
4     91    158    486    316
4    350    300    221    424
4     91    394    468     82
4    582    718    922    699
4    527     74    544    473
4    865    684    536    901
4    349    324    439    474
4    112    378    399    428
4    543    521    531    512
4    501    523    605    231
4    242    216    110    390
4    660    387    630    898
4    610    234    177    103
4    513    439    936    891
4     29    666     37    504
4    564    205    229    526
4    564    562    205    526
4    279    608    137    532
4    432    418    738    297
4    737    877    918    457
4    457    877    923    296
4    333    591    301    189
4    452    902    451    258
4    114    388    104    107
4    114    388    142    104
4    607    454    242    436
4    534    401    515    228
4    668    381    443    386
4     82     83    512    542
4    914    943    519    909
4    713    124    204    578
4    468    394     91    539
4    250    398    209    485
4    442    258    903    452
4    541    503    142    609
4    165    829    837    590
4    429    280    427    602
4    406    308     92    740
4    610    465    490    137
4    432    738    256    297
4    856    901    865    536
4    855    382    631    630
4    408    369     82    435
4    426    460    562    205
4    230    579    773    581
4    348    130    158    315
4    901    651    684    536
4    229    165    205    127
4    154    462    361    445
4    331    508    455    173
4    324    326    217    354
4    544    603    205    513
4    513    205    544    460
4    544    256    432    738
4    544    256    237    432
4    608    468    281    573
4     89    739    416    176
4    320    443    667    381
4    456    784    425    389
4    877    126    296    457
4    460    205    544    296
4    544    457    923    296
4    563    565    296    237
4    644    495    524     37
4    567    749    193    915
4     64    155    569    292
4    534    515    401    511
4    113    280    606    202
4    843    507    251    632
4    300    459    406    326
4    871    489    766    887
4    137    185    554    608
4    140    375    376    377
4    576    148    201    541
4    541    567    136    201
4    199    229    426     56
4    905    779    499     10
4    133    342    369    315
4    490    605    101    137
4    137    465    490    605
4    492    319    332    391
4    310    312    292     59
4    226    777    274    578
4    398    485    542    521
4    553    606    429    125
4    502    553    125    606
4    463    541    148    114
4    114    541    148    142
4    926    880    939    510
4    128    590    305    225
4    644    495    698    524
4    472    207    416    528
4    349    324    474    217
4     64    292    569    481
4    577     58    518    535
4    481    331    209    455
4    729    155    723     61
4     60    548    724     63
4    252    730    731    292
4    512     82    543     83
4    112    119    169    111
4    572     99    459    549
4    334    425     99    572
4    502    104    107    280
4    188     31     33    618
4    170     49     52    686
4    248    440    353    368
4     53    124     57    204
4     38     53     57    204
4    218    114    153    144
4    149    121    191    701
4    280    114    218    104
4    114    397    358    420
4    492    391    443    529
4    469    349    439    360
4    360    439    473    349
4    331    802    455    481
4    157    406    459     92
4    422    456    445    785
4    467    845    304    225
4    225    593    467    847
4    157    424    300     81
4    436    242    607    112
4    487    242    108    607
4    772    598    894    224
4    463    136    587    178
4    393    378    403    115
4    113    403    115    118
4    298    468    101    605
4    137    101    468    605
4    825    944    703    557
4    289    705    686    557
4    461     90    176    375
4    176     90    416    375
4    533    519    323    587
4    193    745    567    946
4    126    437    453    318
4    583    124    438     57
4    874    357    339    514
4    150    103    234    610
4    120     81    326    324
4    171    560    170    932
4    229    426    526    205
4    426    562    526    205
4    270    312    292    311
4    465    470    185    610
4    465    137    610    185
4    398     80     78    130
4    437    228    318    515
4    533    790    910    608
4    188    341    854    618
4    871    854    341    619
4     84    527    544    474
4    359    842    826    435
4    119    403    169    476
4    300    459    151    461
4    727    723    535    728
4    210    364    535    206
4    162     59    310    206
4    414     94    389    550
4     94    520    389    550
4    506    813    417    272
4    133    591    189    301
4    231    490    465    605
4    334    151    576    201
4    254    331    250    249
4    531    435    408    372
4     94    520    550    549
4    595    141     78    398
4    604    605    298    235
4    605    501    298    235
4    388    142    104    484
4    499    905     10      8
4    358    361    397    463
4    397    390    361    420
4    396    213    121    828
4    291    213    819    672
4    227    213    547    291
4    245    319    383    190
4    332    391    443    492
4    281     98    101    533
4     15    647    640    320
4     17    320    443    636
4    493    925    637     17
4    475    121    149    401
4    475    121    401    175
4      7    446      5    659
4    494    822    493    599
4    411    123    138    230
4    270    311    292    775
4    307    308    549    406
4    538    731    849    471
4     95    281    468    573
4    159    520    741    752
4    741    520    159    498
4    599    925    493     17
4    751    790    533    281
4    933    540    457    558
4    154    553    466    462
4    361    466    462    154
4    604    298    468    342
4    724    548    252    730
4    425    550     99    572
4    557    228    560    139
4    160    746    344    281
4    281    751    160    746
4    746    343    160    344
4    571    544    205    296
4    586    420    195    106
4    567    915    788    793
4     96    100    151    567
4    518    477    197    551
4    477    518    720    551
4    484    390    466    553
4     86     79    256    570
4    256     79     84    570
4    740    570    256    308
4    130    369     82    604
4    460    544    157    237
4    606    107    399    202
4    606    109    107    502
4    207    290    158    416
4    756    323    533    612
4    533    519    909    789
4    413    428    378    476
4    465    554    605    137
4    465    137    185    554
4    364    535     46    210
4    719    535    769    518
4    169    428    112    111
4    253    656      4      2
4     84     79    544    527
4    586    397    420    106
4     84    544     81    324
4    342    193     97    431
4    342    193    431    207
4    463    136    519    587
4    212    228    139    401
4    549     99    459     96
4    535    723    769    728
4    535    206    769    725
4    145    501    298    605
4    605    145    501    231
4    157    256     86    237
4    409    193    528    345
4    364    535     58     46
4     81    544    469    324
4     81    256     84    406
4     81    256    544     84
4     81    544    157    469
4    931    557    560    170
4    417    913    149    510
4    149    191    265    272
4    193    133    201    151
4    207    133    342    193
4     91    398     80    316
4    471    849    548    730
4    532    608    137    533
4    461     87    157     92
4    549    307     94    308
4    307    550    572    549
4    549     94    307    550
4    406    459     92    549
4    801    538    481    850
4    567    783    541    792
4    605    555    604    198
4    555    605    604    235
4    727     61    559     63
4    331    254    252    249
4    567    576    755    151
4    157     81    406    256
4    431    486    158    290
4    256     79     86    297
4     84    544    324    474
4    474    544    439    473
4    880    939    510    530
4    727     63    723     61
4    343    409    746    160
4    193    343    409    747
4    281     98    342    101
4    111    169    476    119
4    544    527    473    474
4    431    343    486    290
4    358    142    114    388
4    331    801    481    850
4    422    497    371    104
4     81    469    424    324
4     61    134    518    197
4    605    555    501    235
4     79    544    256     84
4     86    256    297    432
4    522    346    742    498
4    577    477    518    720
4    346    520     94    549
4     32     40    629     34
4    558    457    933    737
4    281    539    468    537
4    481    731    850    538
4    408    543    306    232
4    567    788    733    782
4    567    782    793    788
4    232    604    306    408
4    604    232    441    235
4    421    428    436    607
4    410    192    810    442
4    135    836    426    694
4    477    597    551    720
4    165    303    376    835
4    315    760    566    585
4    577    477    720    597
4    552    606    109    399
4    371    422    325    456
4    523    465    470    554
4    414    440    309    572
4    468    554    605    198
4    251    258    797    546
4    546    633    251     14
4    258    797    451    251
4    175    122    213    200
4    376    377    563    460
4    376    835    140    377
4    563    562    376    460
4    376    377    375    563
4    375     87    563    377
4    563     87    237    377
4    583    438    135    568
4    568    583    128    135
4    568    438    135    588
4    583    594    846    124
4    303    566    592     85
4    661    711    204    143
4    661    714    711    143
4    115    118    552    113
4    608    185    430    279
4     35    625     39    575
4    107    106    420    110
4    810    442    814    452
4    192    810    415    410
4    135    240    180    329
4    859    582    273    695
4    273    285    582    859
4    866    285    582    370
4    327    330    830    241
4    240    355    335    829
4    428    421    314    607
4    314    421    434    517
4    594    400    271    206
4    244    407    369    299
4    521    556    531     71
4    587    397    178    586
4    165    426    376    589
4    165    588    426    589
4    544    439    469    324
4    552    113    606    115
4    588    589    165    568
4    594    400    593    271
4    164    467    593    271
4    824    529    942    803
4    846    583    593    594
4    593    847    225    128
4    583    584    128    593
4    279    278    105    454
4    421    413    314    434
4    529    824    942    600
4    529    365    600    942
4    609    503    142    422
4    541    927    257    892
4    398    130     78    595
4    163    164    292    311
4    311    312    292    163
4    164    601    593    467
4    601    141    595    467
4    202    429    280    427
4    279    137    185    610
4    202    427    280    195
4    608    281    468    533
4    906    575    691    951
4    606    429    552    553
4    608    137    468    554
4    422    325    148    104
4    609    541    257    142
4    573    281    344     95
4    436    517    607    454
4    608    468    573    554
4    112    385    436    242
4    153    280    195    114
4    787    581    374    230
4    555    523    605    501
4    299    347    351    832
4     71    435    514    556
4    371    148    218    219
4    590    735    758    347
4    189    407    369    333
4    440    368    325    261
4    104    148    371    325
4    422    497    456    371
4    408    543    232    373
4    434    195    178    153
4    102    125    104    497
4    105    195    178    434
4    603    439    936    513
4    603    544    439    513
4    361    484    466    154
4    587    178    105    586
4    280    602    429    125
4    147    503    576    541
4    753    389    550    425
4    572    309    326    440
4    414    261    309    440
4    422    425    456    786
4    125    606    429    280
4    422    456    462    445
4    308    570     94    740
4    422    497    462    456
4    280    502    125    606
4    101    468    281    533
4    606    107    280    502
4    113    403    378    115
4    403    118    113    117
4    193    343    345    409
4    468    198     95    573
4    308     94    549     92
4     91    542    316    394
4    413    428    421    314
4    428    111    421    436
4    331    508    250    209
4    487    532    278    105
4    119    116    112    385
4    112    119    111    116
4    606    429    280    113
4    429    113    606    552
4     92    308     94    740
4    606    502    553    109
4     33    341    618    619
4      0    618    182    260
4    618    182    653      0
4    618     31     33      0
4    618    341    854    619
4    288    619    658      0
4    288    260    619      0
4     33    619    618      0
4    618    619    260      0
4    621    184    239    620
4     30    184    621    620
4      1    620      2    483
4    620    483      1     30
4    239    620      2      1
4    243    621    293      1
4    621    840    340    623
4     34    623    621    340
4      1    621     30     34
4    239    293    621      1
4      1    621    239    620
4     30    621      1    620
4      1    659    446    622
4    340    623    622     34
4    622    243    446      1
4    840    623    622    340
4    621    243    623      1
4     34      1    621    623
4    623      1    622     34
4    243      1    622    623
4      2    380    657    624
4    483    624      2     32
4    620    624      2    483
4    239      2    624    380
4    239    624      2    620
4    625     31      3     35
4    575    625    904    626
4      3    381    625    386
4    625    655    381      3
4     35    626    625    575
4      3     35      6    626
4      3      6    386    626
4    626    625    386      3
4     35      3    625    626
4    575     33    628    627
4    627    366    288      6
4    575    628    896    627
4    627      6    288    658
4     35      6    628     33
4    626     35      6    628
4    626      6    386    628
4    386      6    366    628
4    628     33      6    627
4    628      6    366    627
4    446      7    629    659
4    446    629      7    253
4    629    656      7    253
4     32    629      7     34
4     36     28    630      8
4    262    630      8    387
4     28      8      9    630
4    660    387      8    630
4    262    630      9      8
4    536    651      9    631
4      9    262    263    631
4    263    631    536      9
4     28    630      9    631
4    262    631      9    630
4    687    632    251    633
4    632    507    634    646
4     44    632     18     26
4    632    507    251    633
4    633    634    507     14
4    168    633    546     18
4     44    633    168     18
4    546     18    633     14
4     44    632    633     18
4    632    507    633    634
4    634     21     18     26
4     18     21    634     14
4    632    634     18     26
4    633     18    634     14
4    632    634    633     18
4     14     16     21    635
4    635     21     26     23
4    635     21    634     26
4    635     16     21     23
4    634     21    635     14
4     15    636     17     22
4    636    648    443    637
4     15     27    636     22
4     17    636    443    637
4     27     45    637     22
4    493    637     45     22
4    493    637     22     17
4    636     27    637     22
4     17    636    637     22
4    817    638    507    639
4    639    638    507    239
4     23    638    239    181
4    181    638     32     23
4    194     32    638     23
4    639    635     26     23
4    246    639     26     23
4    194    639    246     23
4    639     16     23    239
4    639     16    635     23
4    194    638    639     23
4     23    638    639    239
4     24    640    183     15
4    381    640    641    668
4    641    381    183    640
4    640     27     24     39
4     15     27     24    640
4     24    654    183    641
4    641     31     39     24
4    641    640     24     39
4     24    641    183    640
4    642    204    273    643
4     50    642     25    124
4    642    643    273    696
4    642    124    204     25
4    495    204    644    643
4    698    644    643    495
4    642    204    643     25
4    642     25    643     50
4    504    645    644    204
4    504    645     37    644
4     25    644    524     37
4     25    644     50    524
4    644    204     25    643
4     50     25    643    644
4     38     25     37    645
4     38     25    645    204
4    645     25    644    204
4    645     25     37    644
4    646    635     26    639
4    646    635    634     26
4    246    646    632     26
4    246    646     26    639
4    632    646    634     26
4    647    648    670    443
4    647    648    443    636
4     15     27    647    636
4    647     27    640     39
4     15     27    640    647
4     27     45    648    637
4     27     45     39    648
4    636     27    648    637
4    647     27     39    648
4    647     27    648    636
4    650      9    649    286
4    649    698    495     28
4    697    650    649    286
4    649    495      9     28
4    651    650    536      9
4    650    684    651    536
4    650     50     28     43
4     28      9    649    650
4     50     28    649    650
4    651     28    631    382
4    382     28     43    651
4    651     28      9    631
4     28    650    651      9
4    650     43     28    651
4     29    652      8     36
4    295     29    652     38
4     36     29    652    295
4    499    652      8     29
4    652    499    665     29
4    654    183    653    321
4      0    653    654    183
4    188    653     31    618
4     31    321    653    188
4    618    653     31      0
4      3      0     31    654
4     31     24    654    321
4    641    655    654    381
4    654    655      3    381
4     24     31    654    641
4     31    654    653    321
4      0    653     31    654
4    655     31     39    641
4     39     31    655    625
4    625     31    655      3
4    641     31    654    655
4    654     31      3    655
4      4    656      7     32
4    656    657      2    380
4    194    656     32     40
4     40     32    629    656
4    816    656    380    657
4    656     32      4      2
4    629     32      7    656
4    624    657     32    181
4    181    657     32    638
4    194     32    657    638
4      2    657     32    624
4    656     32      2    657
4    194    656    657     32
4     42    627    658     33
4     42    131     33    658
4     33    658    131    341
4    658      0     33      6
4    658    341     33    619
4    658    619     33      0
4    627      6    658     33
4    659     34    283    282
4    622     34    659    282
4    659    629     40     34
4    659     34     40    196
4    659      1      5     34
4    659    283     34    196
4      7    659      5     34
4      1     34    659    622
4    659      7    629     34
4    295     36    382    660
4    652    660      8     36
4     36    652    660    295
4     36    660    630    382
4     36    660      8    630
4    664    661    204    478
4    662    387    146    661
4    664    661    478    499
4    905    663    499    661
4    662    715    661    146
4     38     53    204    661
4     38     55     53    661
4    872    663    387    662
4     55     38    295    662
4    663    387    662    661
4     38     55    661    662
4    295    652    663     38
4    663    499    665    652
4    663    665    499    661
4    295     38    663    662
4     38    663    662    661
4    666    204    504    664
4    504    499    665    664
4     38    661    204    664
4    665    661    664    499
4    666    665    504     29
4    652    665     38     29
4    663    665     38    652
4    663     38    665    661
4    504    665    666    664
4     38    661    664    665
4     38    645     37    666
4     38    645    666    204
4     29     38     37    666
4     38    204    666    664
4     38    665    666     29
4    666    665     38    664
4    667    647    670    443
4    381    667    640    668
4    667    647    640     39
4    667    443    668    381
4    668    655     39    641
4    625    668    669    386
4     39    655    668    625
4    669    668    443    386
4    668    640    641     39
4    668    667    640     39
4    667    443    670    668
4    670    669    443    332
4     47    669     39    332
4     46     39     47    669
4     46    669    575     39
4    575     39    669    625
4    625    668     39    669
4    670    668    443    669
4     39    332    670     45
4    648     45     39    670
4    647    648     39    670
4    667    647     39    670
4    667    670     39    668
4     39    669    670    332
4     39    668    670    669
4    213     40    671    419
4    291    671    213    672
4    446    673    629    671
4    671    672    291    446
4    194    671     40    419
4    194    671    656     40
4     40    656    629    671
4    673    820    672    446
4    672    213    196     40
4    672    671    213     40
4    671    673    672    446
4    673    629     40    659
4    673    659     40    196
4    673     40    629    671
4     40    196    672    673
4    671     40    672    673
4    674    451    251    675
4    251    675    687    674
4    678    451    708    674
4     41     52    686    674
4    450    675    676    253
4    675    451    450    677
4     41    675     44    246
4    844    679    675    507
4    676    253    675    507
4    674    451    675    678
4    675     41     44    674
4    676    677    450    919
4    679    676    507    817
4     41    676    194    419
4    450    675    677    676
4    679    676    675    507
4    678    451    677    708
4    419     41    677    396
4    396    677     52     41
4    675    451    677    678
4    676     41    677    419
4    677    675     41    676
4     41    678     52    674
4    674    678    675     41
4     41    678    677     52
4    675    678    677     41
4     41    194    679    246
4    246     41    675    679
4     41    676    679    194
4     41    676    675    679
4    681    366    680    627
4    366    680    525    681
4    525    768    682    680
4     42    627    680    658
4     42    131    658    680
4    575    627    681     42
4    525    190    681    682
4     42    392    190    681
4     42    575    392    681
4     42    681    680    627
4    681    680    525    682
4    682    131    295     42
4    682    295    190     42
4    682    131     42    680
4    682    190    681     42
4    681    680    682     42
4    122    337    683     43
4    536    684    122    683
4    683    684    650    536
4    337    582    683    685
4    683     50    650     43
4    683    582    699    685
4     43    196    283    684
4    196    122    684     43
4    283     43    684    382
4    382    651     43    684
4    650     43    651    684
4    684     43    122    683
4    683     43    650    684
4    337     56    685     43
4    685     56     50     43
4    337    685    683     43
4    683    685     50     43
4    674    686     44    168
4    686    170     44    557
4     44     49    686     41
4    168    686     44    289
4    170     49    686     44
4    289    686     44    557
4     41    686     44    674
4    687    674     44    168
4     44    687    168    633
4     44    246    687    632
4    675    687     44    246
4     44    632    687    633
4    687    675     44    674
4    688    332    689    443
4     45    688    493    494
4    689    493    688    925
4    494    688    332     45
4    670    332    689     45
4    648     45    689    637
4    493    689     45    637
4    648     45    670    689
4    688    332     45    689
4     45    493    688    689
4     46    669     47    690
4    691    690    332    574
4     46    690    575    669
4    691    575    690    951
4     46    690     47    332
4     46    691    319    190
4    392     46    190    691
4    332    691    319     46
4    392    575     46    691
4     46    690    332    691
4     46    575    690    691
4     47    692    669    332
4    690    669     47    692
4    690    692     47    332
4    582    273    696    693
4    135    694    693    240
4    135    693     50    124
4     50    693    642    124
4    693    642    273    696
4    582    693    694    240
4    582    922    694    699
4    135    694    426     50
4    135     50    693    694
4    582    693    699    694
4    867    695    697    582
4    695    495    696    861
4    695    698    495    649
4    697    649    695    286
4    695    582    273    696
4    698    643    696    495
4    642    643    696     50
4    582    696    699    693
4    693    642    696     50
4    695    495    698    696
4    695    582    696    699
4    697     50    650    683
4    697    582    699    683
4     50    650    649    697
4    697    695    699    582
4     50    649    695    697
4     50    698     28    524
4    644    698     50    524
4     50    644    643    698
4    649     50    698     28
4    695     50    698    649
4     50    643    696    698
4    695    698     50    696
4    699     56     50    685
4    699     56    426     50
4    683    699     50    685
4    699    426    694     50
4    699    693     50    694
4    699    696     50    693
4    695    699    696     50
4    697    699     50    683
4    697    695     50    699
4    674    451    708    700
4    700    384    705    289
4    902    451    700    706
4    674     52    686    700
4    700    705    686    289
4    149    701    192    702
4    704    701    227    121
4    452    701    702    814
4    704    701    452    227
4    149    121    701     52
4    384    703    212    702
4    452    706    903    702
4    702    149    703    212
4    149    701    702     52
4    452    701    709    702
4    705    384    703    289
4    703     52    401    149
4    703     52    516    401
4    289    703    705    557
4    703    944    710    557
4    384    706    703    702
4    702    149     52    703
4    704    707    450    451
4    704    708    451    452
4    704    908    450    707
4     52    704    396    121
4     52    701    704    121
4    709    701    452    704
4    705    710    686    557
4    700    384    706    705
4    700     52    686    705
4    706    384    703    705
4    705    703    710    557
4    452    451    706    708
4    706    451    700    708
4    452    709    706    702
4    706     52    703    702
4    700    706     52    705
4     52    706    703    705
4    677    451    707    708
4    396    707     52    677
4    704    708    707    451
4    704    396    707     52
4    678    708     52    674
4    678    708    677     52
4    674    708     52    700
4    704    709    708    452
4    452    708    706    709
4    706    708    700     52
4    677    708    707     52
4    704     52    707    708
4    709    701     52    702
4     52    701    709    704
4    709     52    706    702
4    704     52    708    709
4    709    708    706     52
4     52    516    170    710
4     52    170    686    710
4    703    516     52    710
4    705     52    686    710
4    705    703     52    710
4    226    167    711    712
4    711    226    712    578
4     53    167    711     55
4    713    711    578    204
4    661     53    204    711
4    661     55     53    711
4    578    712    713    124
4     53    712    594    124
4    712     53    594    167
4    712    167    711     53
4    711    712    713    578
4     53    124    204    713
4     53    711    713    204
4    713    712     53    124
4    711    712     53    713
4    711    167    714     55
4    714    267    717    167
4    714    715    267    146
4    661    715    714    146
4    661     55    711    714
4    715     55    245    190
4    295     55    715    190
4    715    717    267    245
4     55    662    295    715
4    662     55    661    715
4    714    717    267    715
4    661     55    714    715
4     51     55    716    162
4    162    716    206     55
4     51     55    364    716
4    364     55    206    716
4     55    717    245    167
4    714    717     55    167
4    715     55    717    245
4    714     55    717    715
4    426    718    199     56
4    718    337    199     56
4    337     56    718    685
4    718     56    699    685
4    718     56    426    699
4    597    719    722    332
4    719    597    721    551
4    535    719    364     58
4     58    332    719    364
4    719    551    721    518
4     58    535    719    518
4    720    518    721    551
4    577    720    518     58
4    720    597    551    721
4    577    720    722    597
4    719    597    722    721
4    719    721     58    518
4    720    518     58    721
4    720    597    721    722
4    722    332     58     54
4    577    722     58     54
4    722    719     58    332
4    577    720     58    722
4    719    722     58    721
4    720    722    721     58
4    723    134    155    725
4    729    155    724    723
4     60     59    535    723
4    535    725    769    723
4     60     63    724    723
4    292    724    155    726
4    292     59    252    724
4     60    548     59    724
4     59    548    252    724
4    724    155    726    723
4     60    724     59    723
4    725    206    155    726
4    535    206    725     59
4    723    725    155    726
4    535     59    725    723
4     59    292    206    726
4    292    724    726     59
4    724    726     59    723
4    725    206    726     59
4    723    725    726     59
4     60    727    535    518
4    518    559     60    727
4     60    723    535    727
4     60    727    559     63
4     60     63    723    727
4    727     61    728    518
4     61    728    518    134
4    727    723    728     61
4    728    723    134     61
4    292     63    729    724
4     64     63    729    292
4     64    729     63     61
4     63    729    723     61
4     63    729    724    723
4    292    724    730     63
4    730    471     64     63
4    730     63     64    292
4    724    548    730     63
4    471    730    548     63
4    731     64    481    292
4    731    471     64    730
4    731    730     64    292
4    538     64    731    471
4    481     64    731    538
4     97     68     98    732
4     97    732    519     68
4     68    533     98    732
4     68    732    519    533
4     69    733     96     99
4     69    733     99    147
4    567    733     96     69
4    567    733     69    147
4     67     70    327    734
4    174    327     70    734
4     67    603     70    734
4    174     70    603    734
4    735     72    244    347
4    735    335    244     72
4    590     73    735     72
4     73    335    735     72
4    590     72    735    347
4    464    447    736     74
4    544     74    736    473
4    736     74    544    571
4     74    473    447    736
4    433     74    736    423
4     74    423    571    736
4    464     74    736    433
4    558    737     77     79
4     77    737    453    317
4     77    737    418     79
4     77    317    418    737
4    558    737    935     77
4     79    738    544    457
4    738    457     79    918
4    738    418     79    297
4    738     79    256    297
4    544    256    738     79
4    739     89     88     85
4    739     88    207     85
4    472    739    207     85
4    176    739    472     85
4     89     85    739    176
4     86    740    256    406
4    406    740     92     86
4     86    570    256    740
4    740    570     94     86
4     92    740     94     86
4    733    741     96     99
4    946    745    567    741
4    741    522    743    498
4    567    741     96    733
4    741    520    744    754
4    743    520    741    498
4    743    520    498    742
4    522    461    745    742
4     96    742    461    549
4    744    520    742    549
4    522    742    743    498
4    741    522    745    743
4    744    520    741    743
4    744    520    743    742
4    522    742    745    743
4     99    549    744     96
4    741    744     96     99
4     96    744    742    549
4     96    744    741    743
4     96    744    743    742
4    193    745    472     96
4    472    745    461     96
4    193     96    567    745
4    745     96    567    741
4    745    461     96    742
4    741    745     96    743
4    745    742     96    743
4     97    732     98    746
4     97    746    519    732
4    749    914    519    746
4    746    748    344    281
4    281     98    746     97
4    747    343    746    344
4    343    409    747    746
4    431    193     97    747
4    431    748    344    747
4    193    747    409    749
4    748    747    746    344
4    747    409    749    746
4    281     97    748    431
4    746     97    748    281
4    431     97    748    747
4     97    747    746    748
4    567    945    750    749
4    567    750    193    749
4     97    749    519    746
4    193    747    749     97
4    747    749     97    746
4     97    750    201    136
4    750    519    136     97
4    193    750    201     97
4    750    519     97    749
4    750     97    193    749
4    746    732     98    751
4    732    533     98    751
4     98    751    533    281
4    281     98    751    746
4    733    752    741     99
4    733    752     99    147
4    753    389    752    520
4    389    752    784    753
4    752    520    741    754
4    425    147     99    753
4    754    753    520    550
4     99    753    550    425
4    754    753    752    520
4    753    752    147     99
4     99    549    754    744
4     99    550    754    549
4    741    754    744     99
4    752    754    741     99
4     99    753    754    550
4     99    753    752    754
4    613    100    755     99
4    151    755    100    334
4     99    100    755    334
4    567    100    755    613
4    567    755    100    151
4    101    756    612     97
4    490    101    302    756
4    756    101    533    137
4    756    101    302     97
4    490    137    101    756
4    101    756    533    612
4    359    369    759    757
4    758    735    757    347
4    129    335    757    735
4    305    359    759    757
4    757    369    129    299
4    129    335    305    757
4    757    347    299    758
4    129    758    299    590
4    590    735    129    758
4    129    735    757    758
4    757    758    299    129
4    595    762    467    759
4    467    129    305    759
4    762    759    595    369
4    759    369    129    757
4    305    759    129    757
4    315    129    303    760
4    760    761    225    585
4    303    129    225    760
4    315    761    760    585
4    595    315    761    762
4    601    761    225    763
4    601    595    761    762
4    760    129    225    761
4    315    129    760    761
4    129    315    369    762
4    601    763    467    762
4    762    129    467    759
4    129    759    762    369
4    762    315    761    129
4    601    762    761    763
4    763    225    467    129
4    763    761    225    129
4    763    129    467    762
4    763    762    761    129
4    382    869    765    764
4    900    764    768    525
4    764    765    288    287
4    525    764    766    288
4    288    765    766    489
4    448    131    765    166
4    382    448    131    765
4    489    765    767    796
4    382    765    131    764
4    764    766    288    765
4    525    768    680    766
4    680    131    658    766
4    658    766    131    341
4    766    489    767    887
4    525    764    768    766
4    766    765    767    489
4    764    131    766    765
4    341    131    166    767
4    767    765    131    166
4    766    767    131    341
4    766    765    131    767
4    768    131    295    682
4    382    131    295    768
4    768    131    682    680
4    382    764    131    768
4    768    131    680    766
4    768    764    131    766
4    769    134    364    719
4    728    769    518    134
4    769    364    134    206
4    719    769    134    518
4    769    723    134    728
4    769    206    134    725
4    769    725    134    723
4    123    259    770    138
4    259    277    770    771
4    492    770    138    123
4    771    224    277    770
4    224    138    492    770
4    772    156    771    362
4    771    138    581    156
4    771    772    362    224
4    579    771    259    773
4    771    773    579    581
4    259    771    770    138
4    138    224    771    770
4    138    598    156    772
4    138    598    772    224
4    138    156    771    772
4    771    138    772    224
4    773    259    230    138
4    230    773    138    581
4    773    771    259    138
4    771    138    773    581
4    467    141    398    774
4    775    774    270    294
4    398    774    776    294
4    774    270    292    775
4    774    141    292    467
4    311    141    775    236
4    775    776    294    236
4    775    311    292    141
4    776    774    775    294
4    774    775    292    141
4    141    776     78    398
4    236    141    776     78
4    398    774    141    776
4    775    141    776    236
4    141    774    775    776
4    777    167    143    711
4    780    777    711    578
4    777    143    167    268
4    268    143    274    777
4    777    780    274    578
4    661    143    204    778
4    143    778     11    204
4    661    779    778    499
4    499    779    778     10
4    778    143     11     10
4    387    661    779    143
4    387    143    779     10
4    661    143    778    779
4    779    143    778     10
4    143    204    274    780
4    711    143    780    204
4    143    777    711    780
4    777    143    274    780
4    781    715    146    190
4    781    146    525    190
4    781    525    146    387
4    781    662    387    146
4    715    662    781    146
4    733    782    752    147
4    784    782    389    456
4    445    782    785    456
4    389    782    784    752
4    782    783    161    445
4    567    782    733    147
4    567    783    793    782
4    541    927    783    785
4    567    147    541    783
4    782    785    783    445
4    567    147    783    782
4    425    147    753    784
4    456    786    425    784
4    784    752    147    753
4    786    782    784    456
4    784    782    147    752
4    147    541    785    609
4    147    609    785    422
4    422    456    785    786
4    785    782    786    456
4    541    785    783    147
4    782    147    783    785
4    422    425    786    147
4    786    147    425    784
4    147    782    784    786
4    422    786    785    147
4    785    782    147    786
4    230    152    271    787
4    271    569    787    152
4    152    581     62    787
4     62    569    152    787
4    152    581    787    230
4    522    741    788    159
4    409    522    788    159
4    788    159    741    733
4    788    409    159    161
4    788    159    733    782
4    788    782    161    159
4    746    160    789    732
4    746    409    789    160
4    732    790    789    533
4    409    789    160    402
4    533    789    910    790
4    732    790    751    160
4    281    160    790    608
4    790    160    402    608
4    751    160    790    281
4    732    160    789    790
4    790    789    402    160
4    500    791    161    409
4    915    793    567    791
4    500    791    463    161
4    567    793    463    791
4    792    445    161    783
4    792    161    445    361
4    161    792    463    361
4    793    792    567    463
4    567    783    792    793
4    793    409    788    161
4    793    782    161    788
4    793    783    161    782
4    409    161    793    791
4    793    161    463    791
4    161    792    793    463
4    793    783    792    161
4    448    765    794    166
4    448    166    794    340
4    886    796    794    489
4    489    794    765    796
4    166    341    795    187
4    795    809    489    796
4    166    187    795    186
4    795    796    489    887
4    796    340    166    186
4    341    767    166    796
4    796    765    767    166
4    340    166    794    796
4    796    794    765    166
4    795    186    796    166
4    795    166    796    341
4    798    451    797    674
4    797    674    687    168
4    168    797    546    633
4    687    797    168    633
4    797    258    168    546
4    258    798    451    797
4    674    798    700    168
4    384    798    168    700
4    168    258    798    384
4    168    798    797    674
4    258    168    798    797
4    799    449    171    545
4    799    172    171    560
4    545    172    171    799
4    799    932    560    171
4    800    172    560    558
4    800    172    799    560
4    935    172    800    558
4    453    172    545    800
4    545    172    799    800
4    254    173    331    801
4    471    801    538    173
4    254    801    471    173
4    802    538    481    801
4    331    802    481    801
4    455    802    173    538
4    331    173    455    802
4    173    538    802    801
4    331    173    802    801
4    179    496    803    494
4    179    803    492    494
4    492    529    803    804
4    803    529    942    804
4    598    179    496    804
4    224    179    598    804
4    492    179    224    804
4    492    804    803    179
4    803    804    496    179
4    624    805    657    181
4    638    805    239    181
4    239    624    181    805
4    181    805    657    638
4     30    806     32    181
4    806    181    624     32
4    620    181    624    806
4    181    806    620     30
4    186    807    340    184
4    184    293    186    807
4    807    184    293    621
4    184    807    340    621
4    489    293    808    809
4    186    808    340    807
4    807    293    186    808
4    808    886    489    809
4    186    336    809    293
4    809    340    796    186
4    336    186    809    795
4    795    186    809    796
4    809    293    808    186
4    808    340    809    186
4    149    191    810    701
4    452    191    701    810
4    149    812    415    810
4    410    810    811    442
4    191    442    810    452
4    810    811    415    410
4    813    506    811     12
4    811    191     12    442
4    506    811    917    812
4    811    810    191    442
4    810    812    415    811
4    812    191    149    417
4    813    506    417    812
4    149    191    812    810
4    506    811    812    813
4    810    191    812    811
4    272    813    191     12
4    813    191    417    272
4    191    813    811     12
4    191    813    417    812
4    813    811    812    191
4    192    442    384    814
4    814    810    701    192
4    814    702    384    192
4    810    442    192    814
4    814    701    702    192
4    676    815    507    817
4    816    815    507    380
4    676    815    194    419
4    194    815    671    419
4    194    815    656    671
4    816    815    380    656
4    817    816    507    638
4    194    657    816    638
4    194    656    816    657
4    817    815    507    816
4    194    815    816    656
4    194    817    246    639
4    679    194    817    246
4    194    638    817    639
4    679    676    817    194
4    676    815    817    194
4    194    816    817    638
4    194    815    817    816
4    864    818    820    446
4    819    818    291    446
4    865    818    536    821
4    291    819    536    818
4    819    122    536    821
4    819    122    196    213
4    672    820    819    446
4    819    213    196    672
4    820    818    819    446
4    819    821    536    818
4    820    659    673    196
4    820    283    659    196
4    673    196    672    820
4    283    818    196    820
4    672    196    819    820
4    196    818    819    820
4    684    196    283    821
4    196    122    821    684
4    283    818    821    196
4    819    122    821    196
4    819    196    821    818
4    443    208    599    822
4    688    823    822    494
4    688    822    208    443
4    494    823    822    599
4    803    496    824    823
4    803    208    492    823
4    600    496    823    824
4    208    823    600    599
4    823    208    332    688
4    492    208    332    823
4    688    208    822    823
4    823    208    822    599
4    208    529    824    803
4    529    208    824    600
4    803    824    208    823
4    600    824    823    208
4    212    228    401    825
4    228    212    557    825
4    212    703    825    401
4    212    825    703    557
4    214    514    357    826
4    826    214    514    435
4    826    214    244    357
4    826    244    214    435
4    712    226    827    124
4    580    247    827    226
4    827    226    247    124
4    827    206    580    226
4    827    206    226    167
4    226    712    827    167
4    227    828    450    704
4    828    213    227    450
4    704    227    828    121
4    828    213    121    227
4    616    233    829    335
4    241    830    355    829
4    590    233    829    616
4    830    330    829    241
4    829    165    330    831
4    165    233    829    590
4    829    355    335    833
4    832    347    351    830
4    360    832    351    830
4    830    834    327    360
4    347    355    830    833
4    327    330    831    830
4    830    833    355    829
4    831    330    829    830
4    233    327    174    831
4    233    831    174    165
4    829    165    831    233
4    327    831    233    830
4    233    831    829    830
4    832    834    360    424
4    832    299    233    424
4    299    347    832    233
4    233    347    832    830
4    360    834    832    830
4    615    233    335    833
4    347    233    615    833
4    829    833    335    233
4    347    833    830    233
4    830    233    833    829
4    834    327    513    233
4    233    834    469    513
4    424    834    469    233
4    830    233    327    834
4    832    233    834    424
4    834    233    832    830
4    460    233    835    377
4    233    140    303    835
4    460    165    835    233
4    165    303    835    233
4    835    233    140    377
4    135    240    165    836
4    255    836    165    240
4    582    836    240    694
4    836    255    582    240
4    135    240    836    694
4    884    838    616    837
4    837    829    838    616
4    338    240    837    128
4    165    837    240    128
4    165    829    240    837
4    338    240    335    838
4    838    829    240    335
4    338    240    838    837
4    837    829    240    838
4    868    840    839    340
4    287    243    446    839
4    839    243    446    622
4    840    622    839    340
4    808    243    840    807
4    243    840    287    489
4    807    243    840    621
4    243    840    489    808
4    621    243    840    623
4    243    623    622    840
4    287    243    839    840
4    243    622    839    840
4    841    359    757    842
4    842    359    357    841
4    841    357    244    335
4    757    335    841    244
4    842    369    757    244
4    244    435    842    369
4    842    826    244    357
4    842    244    826    435
4    841    842    757    244
4    244    842    357    841
4    687    246    843    632
4    675    843    687    246
4    844    675    843    507
4    844    507    843    632
4    246    844    632    646
4    246    844    646    639
4    817    844    246    639
4    679    817    844    246
4    246    679    675    844
4    246    675    843    844
4    246    844    843    632
4    128    845    357    247
4    845    339    357    247
4    247    467    845    339
4    845    247    128    225
4    467    247    845    225
4    846    247    128    135
4    846    135    124    247
4    846    847    593    128
4    846    594    848    124
4    847    846    593    594
4    848    847    271    594
4    467    247    847    271
4    225    847    467    247
4    847    247    225    128
4    846    247    847    128
4    848    846    847    594
4    580    247    848    827
4    848    827    247    124
4    848    271    247    580
4    846    848    247    124
4    247    847    271    848
4    247    846    847    848
4    254    548    849    252
4    849    851    538    801
4    252    849    731    730
4    254    252    849    801
4    538    731    851    849
4    849    252    548    730
4    331    850    292    252
4    252    731    850    292
4    801    538    850    851
4    331    801    850    252
4    850    731    851    538
4    849    252    851    801
4    851    731    252    849
4    801    851    850    252
4    850    731    252    851
4    253    676    450    852
4    676    253    815    852
4    213    671    253    852
4    450    213    253    852
4    815    253    671    852
4    853    255    199    582
4    255    853    165    836
4    853    255    582    836
4    199    853    165    255
4    187    336    260    854
4    260    187    854    188
4    288    336    854    260
4    188    854    260    618
4    288    260    854    619
4    618    854    260    619
4    855    287    764    262
4    855    262    764    525
4    287    262    855    446
4    262    446    263    855
4    631    262    263    855
4    387    262    855    525
4    262    855    630    387
4    262    855    631    630
4    856    263    818    446
4    856    263    536    818
4    899    857    856    446
4    857    901    856    536
4    855    446    263    857
4    631    855    263    857
4    263    857    536    631
4    857    263    856    446
4    263    857    856    536
4    264    858    695    273
4    264    695    858    649
4     11    858    264    273
4    858    264      9     11
4    264    858      9    649
4    286    264    695    859
4    285    859    264    286
4    264    859    273    695
4    273    285    859    264
4    149    121    860    265
4    272    860    275    265
4    121    275    860    265
4    149    265    860    272
4    858    861    695    273
4    861    204    643    273
4     11    861    858    273
4     11    204    861    273
4    696    643    273    861
4    695    861    696    273
4    448    282    862    382
4    448    340    862    282
4    862    839    282    340
4    862    839    446    863
4    899    446    863    862
4    863    659    283    282
4    382    863    283    282
4    622    659    863    282
4    282    839    863    622
4    862    839    863    282
4    382    863    282    862
4    283    856    818    864
4    864    659    283    863
4    382    864    283    863
4    382    856    283    864
4    864    283    659    820
4    283    818    820    864
4    684    821    283    865
4    283    856    865    818
4    283    684    865    382
4    856    382    283    865
4    283    818    865    821
4    276    285    286    866
4    582    866    337    867
4    286    866    337    276
4    867    285    582    866
4    286    859    695    867
4    285    867    859    286
4    337    867    286    683
4    286    867    697    683
4    286    695    697    867
4    867    866    337    286
4    286    285    867    866
4    448    794    870    868
4    448    868    870    862
4    287    839    862    868
4    840    868    287    489
4    868    794    287    489
4    287    840    839    868
4    869    287    764    855
4    448    862    870    869
4    287    855    869    446
4    869    448    765    870
4    869    446    862    287
4    869    287    765    764
4    870    765    287    794
4    870    794    287    868
4    870    868    287    862
4    870    862    287    869
4    869    870    765    287
4    489    336    871    288
4    658    288    766    871
4    288    336    871    854
4    288    871    658    619
4    288    489    766    871
4    288    854    871    619
4    873    900    525    872
4    295    660    382    872
4    295    652    872    663
4    873    525    781    872
4    295    662    872    781
4    660    652    872    295
4    295    663    872    662
4    873    768    295    682
4    382    768    295    873
4    873    295    190    682
4    295    781    873    190
4    295    382    873    872
4    295    873    781    872
4    467    304    874     75
4     71    514    875    874
4    874     75    304     71
4    304    874    357    845
4    845    467    304    874
4    875    357    874    514
4    435    304     71    875
4    435    359    304    875
4    304    875    359    357
4     71    875    304    874
4    304    357    874    875
4    876    128    590    305
4    335    876    616    305
4    357    876    335    954
4    357    128    876    305
4    616    876    590    305
4    317    126    877    453
4    877    317    418    432
4    737    877    453    317
4    737    317    418    877
4    877    317    432    296
4    317    126    296    877
4    878    545    318    534
4    318    878    453    545
4    318    228    437    878
4    453    318    437    878
4    318    228    878    534
4    395    505    955    879
4    614    879    327    938
4    395    327    614    879
4    327    879    505    473
4    444    328    880    480
4    880    480    881    530
4    444    328    475    880
4    881    940    880    530
4    328    475    881    491
4    480    488    328    881
4    328    491    881    488
4    880    480    328    881
4    328    475    880    881
4    795    882    336    187
4    489    336    882    871
4    187    336    854    882
4    871    336    882    854
4    336    795    489    882
4    338    128    883    876
4    884    837    616    883
4    338    837    883    128
4    616    884    883    876
4    338    838    335    884
4    335    338    884    876
4    338    838    884    837
4    338    837    884    883
4    884    338    883    876
4     65    885    339     71
4    339    885     75     71
4    885    374    339    271
4     75    885    339    271
4    339     65    374    885
4    886    340    796    809
4    840    340    868    886
4    340    794    868    886
4    840    340    886    808
4    340    796    794    886
4    808    340    886    809
4    341    767    796    887
4    887    882    341    871
4    882    795    887    341
4    871    887    766    341
4    766    887    767    341
4    795    796    887    341
4    356    926    888    510
4    356    510    888    417
4    356    482    417    888
4    482    444    888    356
4    826    889    357    359
4    359    826    889    435
4    435    359    875    889
4    875    889    359    357
4    435    359    890    467
4    890    759    467    359
4    759    359    890    369
4    369    435    359    890
4    469    360    439    891
4    473    891    360    327
4    360    327    891    834
4    834    360    469    891
4    891    439    473    360
4    892    792    445    361
4    792    892    463    361
4    358    463    892    361
4    358    892    257    361
4    892    445    257    361
4    365    893    362    953
4    598    894    893     20
4    529    362    365    893
4    947    598    894    893
4    772    894    156    362
4    894    224    529    362
4    156     20    362    894
4    772    894    362    224
4    894    362    893     20
4    529    894    362    893
4    895    574    190    366
4    681    895    190    366
4    681    575    895    896
4    575    951    895    896
4    896    627    366    681
4    386    628    366    896
4    366    386    896    574
4    896    628    366    627
4    681    896    895    366
4    896    574    895    366
4    271    897    374    787
4    897    374    885    271
4     62    897    787    374
4     65     62    374    897
4    885     65    374    897
4    872    900    525    898
4    872    660    382    898
4    898    855    900    525
4    855    382    630    898
4    660    898    630    382
4    869    855    382    899
4    855    899    857    382
4    382    899    864    863
4    382    899    862    869
4    382    856    864    899
4    382    857    856    899
4    382    899    863    862
4    382    768    873    900
4    382    855    764    900
4    382    764    768    900
4    873    382    900    872
4    872    382    900    898
4    898    855    382    900
4    901    651    631    382
4    857    382    901    631
4    865    684    901    382
4    856    382    865    901
4    382    651    684    901
4    857    382    856    901
4    384    902    798    700
4    798    258    902    384
4    452    902    903    706
4    452    903    902    258
4    384    902    700    706
4    814    442    384    903
4    903    702    384    814
4    442    258    384    903
4    903    706    384    702
4    903    902    384    706
4    903    384    902    258
4    626    628    386    904
4    386    628    896    904
4    896    386    904    574
4    690    386    904    669
4    690    904    386    574
4    904    669    386    625
4    904    625    386    626
4    905    387      8    652
4    387    661    905    779
4    387    905    663    652
4    387    779    905     10
4    905    387     10      8
4    387    663    905    661
4    392    691    190    906
4    392    906    190    895
4    575    906    392    895
4    392    575    691    906
4    394     91    907    316
4    539     91    907    394
4    907    316     93    394
4     95     93    394    907
4    539    907     95    394
4    828    396    908    704
4    396    213    828    908
4    419    677    908    396
4    213    419    908    396
4    396    908    707    677
4    704    396    908    707
4    402    532    500    909
4    533    909    532    910
4    409    909    789    402
4    409    500    909    402
4    533    909    910    789
4    910    402    532    608
4    910    790    402    608
4    910    789    402    790
4    910    909    532    402
4    910    909    402    789
4    404    284    911    458
4    479    911    433    404
4    479    530    911    912
4    912    911    284    530
4    433    404    911    458
4    491    404    912    479
4    912    284    404    475
4    491    475    912    404
4    479    912    911    404
4    404    911    284    912
4    405    444    475    913
4    888    444    405    913
4    888    913    405    417
4    149    405    475    913
4    417    405    149    913
4    500    914    791    409
4    915    791    567    914
4    746    409    914    789
4    409    914    789    909
4    567    914    749    915
4    409    500    914    909
4    749    409    914    746
4    409    915    522    193
4    409    522    915    788
4    915    749    193    409
4    915    409    788    793
4    409    793    915    791
4    409    791    915    914
4    915    914    749    409
4    811    916    410     12
4    916    410    415    811
4    916     19    410     12
4     19    410    415    916
4    917    916    415    811
4    812    917    417    415
4    509    917    415    417
4     19    415    509    917
4     19    916    415    917
4    917    811    415    812
4    432    918    738    418
4    918    877    418    432
4    737    918    418     79
4    737    877    418    918
4    738    918     79    418
4    852    676    919    419
4    419    677    919    908
4    213    419    919    908
4    919    213    852    419
4    676    677    919    419
4    911    284    423    920
4    433    423    174    920
4    920    174    284    423
4    433    911    423    920
4    433    736    921    423
4    423    174    205    921
4    736    423    571    921
4    423    921    205    571
4    433    921    174    423
4    426    922    199    718
4    426    853    199    922
4    922    426    836    694
4    426    853    922    836
4    922    718    426    699
4    922    426    694    699
4    738    432    544    923
4    432    923    738    918
4    923    877    918    432
4    923    877    432    296
4    544    923    432    296
4     66    924     67    433
4    464    433    924     66
4     67    924    734    433
4    433    736    924    921
4    464    736    924    433
4    433    924    174    921
4    174    734    924    433
4    925    443    689    637
4    443    822    599    925
4    688    925    822    443
4    925    443    637     17
4    599    443    925     17
4    689    925    688    443
4    913    444    475    926
4    888    444    913    926
4    444    880    926    480
4    480    926    444    356
4    444    880    475    926
4    356    444    888    926
4    927    445    792    783
4    927    792    445    892
4    445    609    927    257
4    785    927    445    609
4    927    445    257    892
4    927    445    783    785
4    464    447    928    736
4    928    929    614    938
4    736    473    447    928
4    395    447    928    464
4    395    614    928    929
4    929    447    879    473
4    395    879    929    447
4    928    447    929    473
4    395    929    928    447
4    930    449    799    545
4    930    228    560    932
4    534    228    930    449
4    930    932    560    799
4    930    449    545    534
4    516    931    449    170
4    449    228    931    516
4    931    932    560    228
4    932    931    560    170
4    171    932    170    449
4    799    449    932    171
4    930    228    932    449
4    930    449    932    799
4    931    449    932    228
4    449    931    932    170
4    126    437    933    453
4    933    437    540    934
4    877    126    933    453
4    737    933    453    877
4    934    540    933    558
4    558    933    935    737
4    935    800    934    558
4    453    800    545    934
4    878    934    453    545
4    453    878    437    934
4    933    437    934    453
4    935    934    933    558
4    453    172    935     77
4    935    737    453     77
4    453    172    800    935
4    935    933    453    737
4    453    800    934    935
4    453    934    933    935
4    936    327    938    614
4    936    614    937    603
4    473    936    891    327
4    936    439    473    891
4    603    439    937    936
4    544    736    937    473
4    937    928    614    938
4    473    937    544    439
4    736    473    928    937
4    936    614    938    937
4    937    439    473    936
4    938    929    879    473
4    938    879    327    473
4    928    929    938    473
4    936    327    473    938
4    937    928    938    473
4    936    938    473    937
4    913    926    475    939
4    149    913    475    939
4    149    939    940    530
4    926    880    475    939
4    880    940    939    530
4    475    401    940    284
4    881    475    940    491
4    401    149    475    940
4    940    284    912    475
4    491    475    940    912
4    881    475    880    940
4    149    939    475    940
4    880    475    939    940
4    881    940    941    491
4    491    912    941    479
4    491    479    941    488
4    491    940    941    912
4    881    491    941    488
4    598    804    496    942
4    942    893    365    496
4    942    598    893    496
4    824    942    496    803
4    942    824    496    600
4    942    365    600    496
4    803    942    496    804
4    500    943    791    914
4    500    943    463    791
4    500    532    463    943
4    909    532    500    943
4    914    500    943    909
4    710    516    170    944
4    228    825    944    516
4    516    944    931    170
4    931    228    944    516
4    825    516    703    944
4    703    516    710    944
4    945    463    136    519
4    914    791    945    519
4    945    791    463    519
4    945    519    136    750
4    945    519    749    914
4    945    519    750    749
4    915    946    522    193
4    522    741    946    788
4    915    522    946    788
4    193    745    946    522
4    522    745    946    741
4    947    224    529    894
4    947    804    942    529
4    224    804    947    529
4    529    947    893    942
4    529    947    894    893
4    534    228    948    930
4    948    545    878    534
4    948    930    545    534
4    878    228    948    534
4    540    930    799    949
4    934    800    949    540
4    949    800    799    540
4    540    949    878    948
4    540    930    949    948
4    878    540    934    949
4    225    568    950    303
4    303    950    165    568
4    128    950    225    568
4    568    165    128    950
4    896    904    951    574
4    951    574    906    895
4    690    951    904    574
4    906    951    691    574
4    691    951    690    574
4    951    574    895    896
4    952    206    271    580
4    580    848    952    827
4    952    206    580    827
4    952    271    848    580
4    953     13    365     20
4    362     13    953     20
4    365    893    953     20
4    953    893    362     20
4    305    357    841    954
4    305    954    841    335
4    357    876    954    305
4    954    876    335    305
4    955    611    327    505
4    395    611    327    955
4    955    505    327    879
4    395    955    327    879
4    395    617    611    956
4    395    617    956    505
4    395    611    955    956
4    395    956    955    505

CELL_TYPES 3929
10
10
10
10
10
10
10
10
10
10
10
10
10
10
10
10
10
10
10
10
10
10
10
10
10
10
10
10
10
10
10
10
10
10
10
10
10
10
10
10
10
10
10
10
10
10
10
10
10
10
10
10
10
10
10
10
10
10
10
10
10
10
10
10
10
10
10
10
10
10
10
10
10
10
10
10
10
10
10
10
10
10
10
10
10
10
10
10
10
10
10
10
10
10
10
10
10
10
10
10
10
10
10
10
10
10
10
10
10
10
10
10
10
10
10
10
10
10
10
10
10
10
10
10
10
10
10
10
10
10
10
10
10
10
10
10
10
10
10
10
10
10
10
10
10
10
10
10
10
10
10
10
10
10
10
10
10
10
10
10
10
10
10
10
10
10
10
10
10
10
10
10
10
10
10
10
10
10
10
10
10
10
10
10
10
10
10
10
10
10
10
10
10
10
10
10
10
10
10
10
10
10
10
10
10
10
10
10
10
10
10
10
10
10
10
10
10
10
10
10
10
10
10
10
10
10
10
10
10
10
10
10
10
10
10
10
10
10
10
10
10
10
10
10
10
10
10
10
10
10
10
10
10
10
10
10
10
10
10
10
10
10
10
10
10
10
10
10
10
10
10
10
10
10
10
10
10
10
10
10
10
10
10
10
10
10
10
10
10
10
10
10
10
10
10
10
10
10
10
10
10
10
10
10
10
10
10
10
10
10
10
10
10
10
10
10
10
10
10
10
10
10
10
10
10
10
10
10
10
10
10
10
10
10
10
10
10
10
10
10
10
10
10
10
10
10
10
10
10
10
10
10
10
10
10
10
10
10
10
10
10
10
10
10
10
10
10
10
10
10
10
10
10
10
10
10
10
10
10
10
10
10
10
10
10
10
10
10
10
10
10
10
10
10
10
10
10
10
10
10
10
10
10
10
10
10
10
10
10
10
10
10
10
10
10
10
10
10
10
10
10
10
10
10
10
10
10
10
10
10
10
10
10
10
10
10
10
10
10
10
10
10
10
10
10
10
10
10
10
10
10
10
10
10
10
10
10
10
10
10
10
10
10
10
10
10
10
10
10
10
10
10
10
10
10
10
10
10
10
10
10
10
10
10
10
10
10
10
10
10
10
10
10
10
10
10
10
10
10
10
10
10
10
10
10
10
10
10
10
10
10
10
10
10
10
10
10
10
10
10
10
10
10
10
10
10
10
10
10
10
10
10
10
10
10
10
10
10
10
10
10
10
10
10
10
10
10
10
10
10
10
10
10
10
10
10
10
10
10
10
10
10
10
10
10
10
10
10
10
10
10
10
10
10
10
10
10
10
10
10
10
10
10
10
10
10
10
10
10
10
10
10
10
10
10
10
10
10
10
10
10
10
10
10
10
10
10
10
10
10
10
10
10
10
10
10
10
10
10
10
10
10
10
10
10
10
10
10
10
10
10
10
10
10
10
10
10
10
10
10
10
10
10
10
10
10
10
10
10
10
10
10
10
10
10
10
10
10
10
10
10
10
10
10
10
10
10
10
10
10
10
10
10
10
10
10
10
10
10
10
10
10
10
10
10
10
10
10
10
10
10
10
10
10
10
10
10
10
10
10
10
10
10
10
10
10
10
10
10
10
10
10
10
10
10
10
10
10
10
10
10
10
10
10
10
10
10
10
10
10
10
10
10
10
10
10
10
10
10
10
10
10
10
10
10
10
10
10
10
10
10
10
10
10
10
10
10
10
10
10
10
10
10
10
10
10
10
10
10
10
10
10
10
10
10
10
10
10
10
10
10
10
10
10
10
10
10
10
10
10
10
10
10
10
10
10
10
10
10
10
10
10
10
10
10
10
10
10
10
10
10
10
10
10
10
10
10
10
10
10
10
10
10
10
10
10
10
10
10
10
10
10
10
10
10
10
10
10
10
10
10
10
10
10
10
10
10
10
10
10
10
10
10
10
10
10
10
10
10
10
10
10
10
10
10
10
10
10
10
10
10
10
10
10
10
10
10
10
10
10
10
10
10
10
10
10
10
10
10
10
10
10
10
10
10
10
10
10
10
10
10
10
10
10
10
10
10
10
10
10
10
10
10
10
10
10
10
10
10
10
10
10
10
10
10
10
10
10
10
10
10
10
10
10
10
10
10
10
10
10
10
10
10
10
10
10
10
10
10
10
10
10
10
10
10
10
10
10
10
10
10
10
10
10
10
10
10
10
10
10
10
10
10
10
10
10
10
10
10
10
10
10
10
10
10
10
10
10
10
10
10
10
10
10
10
10
10
10
10
10
10
10
10
10
10
10
10
10
10
10
10
10
10
10
10
10
10
10
10
10
10
10
10
10
10
10
10
10
10
10
10
10
10
10
10
10
10
10
10
10
10
10
10
10
10
10
10
10
10
10
10
10
10
10
10
10
10
10
10
10
10
10
10
10
10
10
10
10
10
10
10
10
10
10
10
10
10
10
10
10
10
10
10
10
10
10
10
10
10
10
10
10
10
10
10
10
10
10
10
10
10
10
10
10
10
10
10
10
10
10
10
10
10
10
10
10
10
10
10
10
10
10
10
10
10
10
10
10
10
10
10
10
10
10
10
10
10
10
10
10
10
10
10
10
10
10
10
10
10
10
10
10
10
10
10
10
10
10
10
10
10
10
10
10
10
10
10
10
10
10
10
10
10
10
10
10
10
10
10
10
10
10
10
10
10
10
10
10
10
10
10
10
10
10
10
10
10
10
10
10
10
10
10
10
10
10
10
10
10
10
10
10
10
10
10
10
10
10
10
10
10
10
10
10
10
10
10
10
10
10
10
10
10
10
10
10
10
10
10
10
10
10
10
10
10
10
10
10
10
10
10
10
10
10
10
10
10
10
10
10
10
10
10
10
10
10
10
10
10
10
10
10
10
10
10
10
10
10
10
10
10
10
10
10
10
10
10
10
10
10
10
10
10
10
10
10
10
10
10
10
10
10
10
10
10
10
10
10
10
10
10
10
10
10
10
10
10
10
10
10
10
10
10
10
10
10
10
10
10
10
10
10
10
10
10
10
10
10
10
10
10
10
10
10
10
10
10
10
10
10
10
10
10
10
10
10
10
10
10
10
10
10
10
10
10
10
10
10
10
10
10
10
10
10
10
10
10
10
10
10
10
10
10
10
10
10
10
10
10
10
10
10
10
10
10
10
10
10
10
10
10
10
10
10
10
10
10
10
10
10
10
10
10
10
10
10
10
10
10
10
10
10
10
10
10
10
10
10
10
10
10
10
10
10
10
10
10
10
10
10
10
10
10
10
10
10
10
10
10
10
10
10
10
10
10
10
10
10
10
10
10
10
10
10
10
10
10
10
10
10
10
10
10
10
10
10
10
10
10
10
10
10
10
10
10
10
10
10
10
10
10
10
10
10
10
10
10
10
10
10
10
10
10
10
10
10
10
10
10
10
10
10
10
10
10
10
10
10
10
10
10
10
10
10
10
10
10
10
10
10
10
10
10
10
10
10
10
10
10
10
10
10
10
10
10
10
10
10
10
10
10
10
10
10
10
10
10
10
10
10
10
10
10
10
10
10
10
10
10
10
10
10
10
10
10
10
10
10
10
10
10
10
10
10
10
10
10
10
10
10
10
10
10
10
10
10
10
10
10
10
10
10
10
10
10
10
10
10
10
10
10
10
10
10
10
10
10
10
10
10
10
10
10
10
10
10
10
10
10
10
10
10
10
10
10
10
10
10
10
10
10
10
10
10
10
10
10
10
10
10
10
10
10
10
10
10
10
10
10
10
10
10
10
10
10
10
10
10
10
10
10
10
10
10
10
10
10
10
10
10
10
10
10
10
10
10
10
10
10
10
10
10
10
10
10
10
10
10
10
10
10
10
10
10
10
10
10
10
10
10
10
10
10
10
10
10
10
10
10
10
10
10
10
10
10
10
10
10
10
10
10
10
10
10
10
10
10
10
10
10
10
10
10
10
10
10
10
10
10
10
10
10
10
10
10
10
10
10
10
10
10
10
10
10
10
10
10
10
10
10
10
10
10
10
10
10
10
10
10
10
10
10
10
10
10
10
10
10
10
10
10
10
10
10
10
10
10
10
10
10
10
10
10
10
10
10
10
10
10
10
10
10
10
10
10
10
10
10
10
10
10
10
10
10
10
10
10
10
10
10
10
10
10
10
10
10
10
10
10
10
10
10
10
10
10
10
10
10
10
10
10
10
10
10
10
10
10
10
10
10
10
10
10
10
10
10
10
10
10
10
10
10
10
10
10
10
10
10
10
10
10
10
10
10
10
10
10
10
10
10
10
10
10
10
10
10
10
10
10
10
10
10
10
10
10
10
10
10
10
10
10
10
10
10
10
10
10
10
10
10
10
10
10
10
10
10
10
10
10
10
10
10
10
10
10
10
10
10
10
10
10
10
10
10
10
10
10
10
10
10
10
10
10
10
10
10
10
10
10
10
10
10
10
10
10
10
10
10
10
10
10
10
10
10
10
10
10
10
10
10
10
10
10
10
10
10
10
10
10
10
10
10
10
10
10
10
10
10
10
10
10
10
10
10
10
10
10
10
10
10
10
10
10
10
10
10
10
10
10
10
10
10
10
10
10
10
10
10
10
10
10
10
10
10
10
10
10
10
10
10
10
10
10
10
10
10
10
10
10
10
10
10
10
10
10
10
10
10
10
10
10
10
10
10
10
10
10
10
10
10
10
10
10
10
10
10
10
10
10
10
10
10
10
10
10
10
10
10
10
10
10
10
10
10
10
10
10
10
10
10
10
10
10
10
10
10
10
10
10
10
10
10
10
10
10
10
10
10
10
10
10
10
10
10
10
10
10
10
10
10
10
10
10
10
10
10
10
10
10
10
10
10
10
10
10
10
10
10
10
10
10
10
10
10
10
10
10
10
10
10
10
10
10
10
10
10
10
10
10
10
10
10
10
10
10
10
10
10
10
10
10
10
10
10
10
10
10
10
10
10
10
10
10
10
10
10
10
10
10
10
10
10
10
10
10
10
10
10
10
10
10
10
10
10
10
10
10
10
10
10
10
10
10
10
10
10
10
10
10
10
10
10
10
10
10
10
10
10
10
10
10
10
10
10
10
10
10
10
10
10
10
10
10
10
10
10
10
10
10
10
10
10
10
10
10
10
10
10
10
10
10
10
10
10
10
10
10
10
10
10
10
10
10
10
10
10
10
10
10
10
10
10
10
10
10
10
10
10
10
10
10
10
10
10
10
10
10
10
10
10
10
10
10
10
10
10
10
10
10
10
10
10
10
10
10
10
10
10
10
10
10
10
10
10
10
10
10
10
10
10
10
10
10
10
10
10
10
10
10
10
10
10
10
10
10
10
10
10
10
10
10
10
10
10
10
10
10
10
10
10
10
10
10
10
10
10
10
10
10
10
10
10
10
10
10
10
10
10
10
10
10
10
10
10
10
10
10
10
10
10
10
10
10
10
10
10
10
10
10
10
10
10
10
10
10
10
10
10
10
10
10
10
10
10
10
10
10
10
10
10
10
10
10
10
10
10
10
10
10
10
10
10
10
10
10
10
10
10
10
10
10
10
10
10
10
10
10
10
10
10
10
10
10
10
10
10
10
10
10
10
10
10
10
10
10
10
10
10
10
10
10
10
10
10
10
10
10
10
10
10
10
10
10
10
10
10
10
10
10
10
10
10
10
10
10
10
10
10
10
10
10
10
10
10
10
10
10
10
10
10
10
10
10
10
10
10
10
10
10
10
10
10
10
10
10
10
10
10
10
10
10
10
10
10
10
10
10
10
10
10
10
10
10
10
10
10
10
10
10
10
10
10
10
10
10
10
10
10
10
10
10
10
10
10
10
10
10
10
10
10
10
10
10
10
10
10
10
10
10
10
10
10
10
10
10
10
10
10
10
10
10
10
10
10
10
10
10
10
10
10
10
10
10
10
10
10
10
10
10
10
10
10
10
10
10
10
10
10
10
10
10
10
10
10
10
10
10
10
10
10
10
10
10
10
10
10
10
10
10
10
10
10
10
10
10
10
10
10
10
10
10
10
10
10
10
10
10
10
10
10
10
10
10
10
10
10
10
10
10
10
10
10
10
10
10
10
10
10
10
10
10
10
10
10
10
10
10
10
10
10
10
10
10
10
10
10
10
10
10
10
10
10
10
10
10
10
10
10
10
10
10
10
10
10
10
10
10
10
10
10
10
10
10
10
10
10
10
10
10
10
10
10
10
10
10
10
10
10
10
10
10
10
10
10
10
10
10
10
10
10
10
10
10
10
10
10
10
10
10
10
10
10
10
10
10
10
10
10
10
10
10
10
10
10
10
10
10
10
10
10
10
10
10
10
10
10
10
10
10
10
10
10
10
10
10
10
10
10
10
10
10
10
10
10
10
10
10
10
10
10
10
10
10
10
10
10
10
10
10
10
10
10
10
10
10
10
10
10
10
10
10
10
10
10
10
10
10
10
10
10
10
10
10
10
10
10
10
10
10
10
10
10
10
10
10
10
10
10
10
10
10
10
10
10
10
10
10
10
10
10
10
10
10
10
10
10
10
10
10
10
10
10
10
10
10
10
10
10
10
10
10
10
10
10
10
10
10
10
10
10
10
10
10
10
10
10
10
10
10
10
10
10
10
10
10
10
10
10
10
10
10
10
10
10
10
10
10
10
10
10
10
10
10
10
10
10
10
10
10
10
10
10
10
10
10
10
10
10
10
10
10
10
10
10
10
10
10
10
10
10
10
10
10
10
10
10
10
10
10
10
10
10
10
10
10
10
10
10
10
10
10
10
10
10
10
10
10
10
10
10
10
10
10
10
10
10
10
10
10
10
10
10
10
10
10
10
10
10
10
10
10
10
10
10
10
10
10
10
10
10
10
10
10
10
10
10
10
10
10
10
10
10
10
10
10
10
10
10
10
10
10
10
10
10
10
10
10
10
10
10
10
10
10
10
10
10
10
10
10
10
10
10
10
10
10
10
10
10
10
10
10
10
10
10
10
10
10
10
10
10
10
10
10
10
10
10
10
10
10
10
10
10
10
10
10
10
10
10
10
10
10
10
10
10
10
10
10
10
10
10
10
10
10
10
10
10
10
10
10
10
10
10
10
10
10
10
10
10
10
10
10
10
10
10
10
10
10
10
10
10
10
10
10
10
10
10
10
10
10
10
10
10
10
10
10
10
10
10
10
10
10
10
10
10
10
10
10
10
10
10
10
10
10
10
10
10
10
10
10
10
10
10
10
10
10
10
10
10
10
10
10
10
10
10
10
10
10
10
10
10
10
10
10
10
10
10
10
10
10
10
10
10
10
10
10
10
10
10
10
10
10
10
10
10
10
10
10
10
10
10
10
10
10
10
10
10
10
10
10
10
10
10
10
10
10
10
10
10
10
10
10
10
10
10
10
10
10
10
10
10
10
10
10
10
10
10
10
10
10
10
10
10
10
10
10
10
10
10
10
10
10
10
10
10
10
10
10
10
10
10
10
10
10
10
10
10
10
10
10
10
10
10
10
10
10
10
10
10
10
10
10
10
10
10
10
10
10
10
10
10
10
10
10
10
10
10
10
10
10
10
10
10
10
10
10
10
10
10
10
10
10
10
10
10
10
10
10
10
10
10
10
10
10
10
10
10
10
10
10
10
10
10
10
10
10
10
10
10
10
10
10
10
10
10
10
10
10
10
10
10
10
10
10
10
10
10
10
10
10
10
10
10
10
10
10
10
10
10
10
10
10
10
10
10
10
10
10
10
10
10
10
10
10
10
10
10
10
10
10
10
10
10
10
10
10
10
10
10
10
10
10
10
10
10
10
10
10
10
10
10
10
10
10
10
10
10
10
10
10
10
10
10
10
10
10
10
10
10
10
10
10
10
10
10
10
10
10
10
10
10
10
10
10
10
10
10
10
10
10
10
10
10
10
10
10
10
10
10
10
10
10
10
10
10
10
10
10
10
10
10
10
10
10
10
10
10
10
10
10
10
10
10
10
10
10
10
10
10
10
10
10
10
10
10
10
10
10
10
10
10
10
10
10
10
10
10
10
10
10
10
10
10
10
10
10
10
10
10
10
10
10
10
10
10
10
10
10
10
10
10
10
10
10
10
10
10
10
10
10
10
10
10
10
10
10
10
10
10
10
10
10
10
10
10
10
10
10
10
10
10
10
10
10
10
10
10
10
10
10
10
10
10
10
10
10
10
10
10
10
10
10
10
10
10
10
10
10
10
10
10
10
10
10
10
10
10
10
10
10
10
10
10
10
10
10
10
10
10
10
10
10
10
10
10
10
10
10
10
10
10
10
10
10
10
10
10
10
10
10
10
10
10
10
10
10
10
10
10
10
10
10
10
10
10
10
10
10
10
10
10
10
10
10
10
10
10
10
10
10
10
10
10
10
10
10
10
10
10
10
10
10
10
10
10
10
10
10
10
10
10
10
10
10
10
10
10
10
10
10
10
10
10
10
10
10
10
10
10
10
10
10
10
10
10
10
10
10
10
10
10
10
10
10
10
10
10
10
10
10
10
10
10
10
10
10
10
10
10
10
10
10
10
10
10
10
10
10
10
10
10
10
10
10
10
10
10
10
10
10
10
10
10
10
10
10
10
10
10
10
10
10
10
10
10
10
10
10
10
10
10
10
10
10
10
10
10
10
10
10
10
10
10
10
10
10
10
10
10
10
10
10
10
10
10
10
10
10
10
10
10
10
10
10
10
10
10
10
10
10
10
10
10
10
10
10
10
10
10
10
10
10
10
10
10
10
10
10
10
10
10
10
10
10
10
10
10
10
10
10
10
10
10
10
10
10
10
10
10
10
10
10
10
10
10
10
10
10
10
10
10
10
10
10
10
10
10
10
10
10
10
10
10
10
10
10
10
10
10
10
10
10
10
10
10
10
10
10
10
10

