####
#
# OBJ File Generated by Meshlab
#
####
# Object handle_right.obj
#
# Vertices: 2524
# Faces: 5108
#
####
v 0.020415 0.018745 -0.150927
v 0.021487 0.018420 -0.151068
v 0.022056 0.017001 -0.151143
v 0.022877 0.016706 -0.151251
v 0.023301 0.014952 -0.151307
v 0.023930 0.014763 -0.151390
v 0.024097 0.012685 -0.151412
v 0.024612 0.012658 -0.151479
v 0.024408 0.010302 -0.151453
v 0.024899 0.010463 -0.151517
v 0.024221 0.007905 -0.151428
v 0.024781 0.008252 -0.151502
v 0.023545 0.005600 -0.151339
v 0.024262 0.006100 -0.151433
v 0.022407 0.003487 -0.151189
v 0.003614 0.016513 -0.148715
v 0.003916 0.017736 -0.148755
v 0.005162 0.018341 -0.148919
v 0.005480 0.019290 -0.148961
v 0.007052 0.019805 -0.149168
v 0.007301 0.020528 -0.149200
v 0.009204 0.020840 -0.149451
v 0.009316 0.021407 -0.149466
v 0.011521 0.021402 -0.149756
v 0.011457 0.021897 -0.149747
v 0.013904 0.021465 -0.150070
v 0.013651 0.021983 -0.150036
v 0.016248 0.021027 -0.150378
v 0.015823 0.021660 -0.150322
v 0.018450 0.020107 -0.150668
v 0.017899 0.020940 -0.150596
v 0.019809 0.019848 -0.150847
v 0.005606 0.001255 -0.148977
v 0.004534 0.001580 -0.148836
v 0.003966 0.002999 -0.148761
v 0.003144 0.003294 -0.148653
v 0.002720 0.005048 -0.148597
v 0.002091 0.005237 -0.148514
v 0.001924 0.007315 -0.148492
v 0.001409 0.007342 -0.148425
v 0.001613 0.009698 -0.148451
v 0.001122 0.009537 -0.148387
v 0.001800 0.012095 -0.148476
v 0.001240 0.011748 -0.148402
v 0.002476 0.014400 -0.148565
v 0.001759 0.013900 -0.148471
v 0.002661 0.015919 -0.148589
v 0.023360 0.004081 -0.151315
v 0.022105 0.002264 -0.151149
v 0.020860 0.001659 -0.150985
v 0.020541 0.000710 -0.150943
v 0.018969 0.000195 -0.150736
v 0.018720 -0.000528 -0.150704
v 0.016817 -0.000840 -0.150453
v 0.016705 -0.001407 -0.150438
v 0.014500 -0.001402 -0.150148
v 0.014564 -0.001897 -0.150157
v 0.012117 -0.001465 -0.149834
v 0.012370 -0.001983 -0.149868
v 0.009773 -0.001027 -0.149526
v 0.010198 -0.001660 -0.149582
v 0.007571 -0.000107 -0.149236
v 0.008122 -0.000940 -0.149308
v 0.006212 0.000152 -0.149057
v 0.016666 0.016513 -0.049570
v 0.015714 0.015919 -0.049445
v 0.015529 0.014400 -0.049421
v 0.014812 0.013900 -0.049326
v 0.014852 0.012095 -0.049332
v 0.014293 0.011748 -0.049258
v 0.014665 0.009698 -0.049307
v 0.014175 0.009537 -0.049242
v 0.014977 0.007315 -0.049348
v 0.014461 0.007342 -0.049280
v 0.015773 0.005048 -0.049453
v 0.015143 0.005237 -0.049370
v 0.017018 0.002999 -0.049617
v 0.016197 0.003294 -0.049509
v 0.018659 0.001255 -0.049833
v 0.035460 0.003487 -0.052045
v 0.036413 0.004081 -0.052170
v 0.036597 0.005600 -0.052194
v 0.037315 0.006100 -0.052289
v 0.037274 0.007905 -0.052283
v 0.037834 0.008252 -0.052357
v 0.037461 0.010302 -0.052308
v 0.037952 0.010463 -0.052373
v 0.037150 0.012685 -0.052267
v 0.037665 0.012658 -0.052335
v 0.036354 0.014952 -0.052162
v 0.036983 0.014763 -0.052245
v 0.035108 0.017001 -0.051998
v 0.035929 0.016706 -0.052106
v 0.033467 0.018745 -0.051782
v 0.017587 0.001580 -0.049692
v 0.019265 0.000152 -0.049913
v 0.020624 -0.000107 -0.050091
v 0.021175 -0.000940 -0.050164
v 0.022826 -0.001027 -0.050381
v 0.023251 -0.001660 -0.050437
v 0.025169 -0.001465 -0.050690
v 0.025423 -0.001983 -0.050723
v 0.027552 -0.001402 -0.051004
v 0.027617 -0.001897 -0.051012
v 0.029870 -0.000840 -0.051309
v 0.029758 -0.001407 -0.051294
v 0.032021 0.000195 -0.051592
v 0.031773 -0.000528 -0.051559
v 0.033912 0.001659 -0.051841
v 0.033594 0.000710 -0.051799
v 0.035158 0.002264 -0.052005
v 0.034540 0.018420 -0.051923
v 0.032861 0.019848 -0.051703
v 0.031503 0.020107 -0.051524
v 0.030952 0.020940 -0.051451
v 0.029301 0.021027 -0.051234
v 0.028875 0.021660 -0.051178
v 0.026957 0.021465 -0.050925
v 0.026703 0.021983 -0.050892
v 0.024574 0.021402 -0.050611
v 0.024509 0.021897 -0.050603
v 0.022256 0.020840 -0.050306
v 0.022368 0.021407 -0.050321
v 0.020105 0.019805 -0.050023
v 0.020353 0.020528 -0.050056
v 0.018214 0.018341 -0.049774
v 0.018533 0.019290 -0.049816
v 0.016968 0.017736 -0.049610
v 0.018021 -0.004258 -0.147586
v 0.030290 -0.004258 -0.054390
v 0.015344 -0.004872 -0.147233
v 0.027614 -0.004872 -0.054038
v 0.012602 -0.004978 -0.146872
v 0.024872 -0.004978 -0.053677
v 0.011462 -0.004872 -0.146722
v 0.023732 -0.004872 -0.053526
v 0.009887 -0.004575 -0.146515
v 0.022156 -0.004575 -0.053319
v 0.007712 -0.003859 -0.146229
v 0.019981 -0.003859 -0.053033
v 0.007292 -0.003675 -0.146173
v 0.019561 -0.003675 -0.052977
v 0.004904 -0.002310 -0.145859
v 0.017174 -0.002310 -0.052663
v 0.004350 -0.001901 -0.145786
v 0.016619 -0.001901 -0.052590
v 0.002806 -0.000525 -0.145583
v 0.015076 -0.000525 -0.052387
v 0.001604 0.000868 -0.145424
v 0.013874 0.000868 -0.052229
v 0.001069 0.001618 -0.145354
v 0.013339 0.001618 -0.052158
v -0.000248 0.004046 -0.145181
v 0.012022 0.004046 -0.051985
v -0.000337 0.004259 -0.145169
v 0.011932 0.004259 -0.051973
v -0.001100 0.006677 -0.145068
v 0.011169 0.006677 -0.051873
v -0.001342 0.008041 -0.145037
v 0.010927 0.008041 -0.051841
v -0.001458 0.009421 -0.145021
v 0.010811 0.009421 -0.051825
v -0.001342 0.011957 -0.145037
v 0.010927 0.011957 -0.051841
v -0.001311 0.012186 -0.145041
v 0.010959 0.012186 -0.051845
v -0.000662 0.014875 -0.145126
v 0.011607 0.014875 -0.051930
v -0.000338 0.015739 -0.145169
v 0.011932 0.015739 -0.051973
v 0.000465 0.017399 -0.145275
v 0.012735 0.017399 -0.052079
v 0.001603 0.019131 -0.145424
v 0.013872 0.019131 -0.052228
v 0.002034 0.019670 -0.145481
v 0.014303 0.019670 -0.052285
v 0.003989 0.021613 -0.145738
v 0.016258 0.021613 -0.052543
v 0.004348 0.021900 -0.145786
v 0.016617 0.021900 -0.052590
v 0.006265 0.023160 -0.146038
v 0.018534 0.023160 -0.052842
v 0.007710 0.023858 -0.146228
v 0.019979 0.023858 -0.053032
v 0.008784 0.024258 -0.146370
v 0.021053 0.024258 -0.053174
v 0.011460 0.024872 -0.146722
v 0.023729 0.024872 -0.053526
v 0.014202 0.024978 -0.147083
v 0.026472 0.024978 -0.053887
v 0.015342 0.024872 -0.147233
v 0.027612 0.024872 -0.054037
v 0.016917 0.024575 -0.147440
v 0.029187 0.024575 -0.054245
v 0.019092 0.023859 -0.147727
v 0.031362 0.023859 -0.054531
v 0.019513 0.023675 -0.147782
v 0.031782 0.023675 -0.054586
v 0.021900 0.022310 -0.148096
v 0.034169 0.022310 -0.054901
v 0.022455 0.021901 -0.148169
v 0.034724 0.021901 -0.054974
v 0.023998 0.020525 -0.148373
v 0.036267 0.020525 -0.055177
v 0.025200 0.019132 -0.148531
v 0.037469 0.019132 -0.055335
v 0.025735 0.018382 -0.148601
v 0.038004 0.018382 -0.055405
v 0.027052 0.015954 -0.148775
v 0.039321 0.015954 -0.055579
v 0.027141 0.015741 -0.148786
v 0.039411 0.015741 -0.055591
v 0.027904 0.013323 -0.148887
v 0.040174 0.013323 -0.055691
v 0.028146 0.011959 -0.148919
v 0.040416 0.011959 -0.055723
v 0.028263 0.010579 -0.148934
v 0.040532 0.010579 -0.055738
v 0.028147 0.008043 -0.148919
v 0.040416 0.008043 -0.055723
v 0.028115 0.007814 -0.148915
v 0.040385 0.007814 -0.055719
v 0.027466 0.005125 -0.148829
v 0.039736 0.005125 -0.055633
v 0.027142 0.004261 -0.148787
v 0.039412 0.004261 -0.055591
v 0.026339 0.002601 -0.148681
v 0.038608 0.002601 -0.055485
v 0.025201 0.000869 -0.148531
v 0.037471 0.000869 -0.055335
v 0.024771 0.000330 -0.148474
v 0.037040 0.000330 -0.055279
v 0.022815 -0.001613 -0.148217
v 0.035085 -0.001613 -0.055021
v 0.022456 -0.001900 -0.148170
v 0.034726 -0.001900 -0.054974
v 0.020539 -0.003160 -0.147917
v 0.032809 -0.003160 -0.054721
v 0.019094 -0.003858 -0.147727
v 0.031364 -0.003858 -0.054531
v 0.012533 0.000529 -0.147872
v 0.025064 0.000529 -0.052693
v 0.014502 0.000581 -0.148131
v 0.027032 0.000581 -0.052952
v 0.016416 0.001045 -0.148383
v 0.028947 0.001045 -0.053204
v 0.017327 0.001426 -0.148503
v 0.029858 0.001426 -0.053324
v 0.018193 0.001900 -0.148617
v 0.030724 0.001900 -0.053438
v 0.019756 0.003109 -0.148823
v 0.032286 0.003109 -0.053644
v 0.021034 0.004620 -0.148991
v 0.033565 0.004620 -0.053812
v 0.021549 0.005468 -0.149059
v 0.034080 0.005468 -0.053880
v 0.021974 0.006365 -0.149115
v 0.034504 0.006365 -0.053936
v 0.022533 0.008269 -0.149188
v 0.035063 0.008269 -0.054010
v 0.022687 0.010249 -0.149209
v 0.035218 0.010249 -0.054030
v 0.022610 0.011241 -0.149198
v 0.035140 0.011241 -0.054020
v 0.022430 0.012218 -0.149175
v 0.034960 0.012218 -0.053996
v 0.021772 0.014091 -0.149088
v 0.034303 0.014091 -0.053910
v 0.020744 0.015784 -0.148953
v 0.033274 0.015784 -0.053774
v 0.020103 0.016540 -0.148869
v 0.032634 0.016540 -0.053690
v 0.019388 0.017224 -0.148774
v 0.031919 0.017224 -0.053596
v 0.017765 0.018349 -0.148561
v 0.030296 0.018349 -0.053382
v 0.015946 0.019109 -0.148321
v 0.028476 0.019109 -0.053142
v 0.014987 0.019341 -0.148195
v 0.027518 0.019341 -0.053016
v 0.014010 0.019471 -0.148066
v 0.026540 0.019471 -0.052888
v 0.012041 0.019419 -0.147807
v 0.024572 0.019419 -0.052628
v 0.010127 0.018955 -0.147555
v 0.022657 0.018955 -0.052376
v 0.009216 0.018574 -0.147435
v 0.021747 0.018574 -0.052256
v 0.008350 0.018100 -0.147321
v 0.020880 0.018100 -0.052142
v 0.006788 0.016891 -0.147115
v 0.019318 0.016891 -0.051937
v 0.005509 0.015380 -0.146947
v 0.018039 0.015380 -0.051768
v 0.004994 0.014532 -0.146879
v 0.017524 0.014532 -0.051701
v 0.004570 0.013635 -0.146823
v 0.017100 0.013635 -0.051645
v 0.004010 0.011731 -0.146750
v 0.016541 0.011731 -0.051571
v 0.003856 0.009751 -0.146730
v 0.016387 0.009751 -0.051551
v 0.003934 0.008759 -0.146740
v 0.016464 0.008759 -0.051561
v 0.004113 0.007782 -0.146763
v 0.016644 0.007782 -0.051585
v 0.004771 0.005909 -0.146850
v 0.017301 0.005909 -0.051671
v 0.005800 0.004216 -0.146985
v 0.018330 0.004216 -0.051807
v 0.006440 0.003460 -0.147070
v 0.018971 0.003460 -0.051891
v 0.007155 0.002776 -0.147164
v 0.019686 0.002776 -0.051985
v 0.008778 0.001651 -0.147378
v 0.021309 0.001651 -0.052199
v 0.010597 0.000891 -0.147617
v 0.023128 0.000891 -0.052438
v 0.011556 0.000659 -0.147743
v 0.024086 0.000659 -0.052565
v 0.024653 0.020643 -0.050775
v 0.022490 0.020119 -0.050491
v 0.024681 0.019999 -0.051216
v 0.022648 0.019507 -0.050949
v 0.024652 0.019570 -0.051867
v 0.022707 0.019098 -0.051611
v 0.020482 0.019152 -0.050226
v 0.018717 0.017786 -0.049994
v 0.020761 0.018599 -0.050700
v 0.019103 0.017315 -0.050482
v 0.020901 0.018230 -0.051373
v 0.019314 0.017001 -0.051164
v 0.017272 0.016079 -0.049804
v 0.017745 0.015712 -0.050303
v 0.018015 0.015466 -0.050993
v 0.016210 0.014107 -0.049664
v 0.015579 0.011955 -0.049581
v 0.016748 0.013859 -0.050172
v 0.016155 0.011837 -0.050094
v 0.017061 0.013693 -0.050868
v 0.016492 0.011758 -0.050793
v 0.015404 0.009718 -0.049558
v 0.015991 0.009735 -0.050072
v 0.016336 0.009747 -0.050772
v 0.015695 0.007493 -0.049596
v 0.016438 0.005378 -0.049694
v 0.016264 0.007645 -0.050108
v 0.016962 0.005657 -0.050200
v 0.016597 0.007746 -0.050807
v 0.017265 0.005844 -0.050894
v 0.017600 0.003465 -0.049847
v 0.018054 0.003860 -0.050344
v 0.018310 0.004124 -0.051032
v 0.019132 0.001837 -0.050049
v 0.020966 0.000566 -0.050290
v 0.019493 0.002330 -0.050533
v 0.021216 0.001136 -0.050760
v 0.019688 0.002660 -0.051213
v 0.021336 0.001517 -0.051431
v 0.023021 -0.000293 -0.050561
v 0.023147 0.000329 -0.051014
v 0.023185 0.000745 -0.051674
v 0.025209 -0.000702 -0.050849
v 0.027433 -0.000643 -0.051141
v 0.025203 -0.000055 -0.051285
v 0.027293 0.000001 -0.051560
v 0.025152 0.000377 -0.051933
v 0.027152 0.000430 -0.052196
v 0.029597 -0.000119 -0.051426
v 0.029325 0.000493 -0.051828
v 0.029097 0.000902 -0.052452
v 0.031605 0.000848 -0.051691
v 0.033370 0.002214 -0.051923
v 0.031212 0.001401 -0.052076
v 0.032870 0.002685 -0.052295
v 0.030903 0.001770 -0.052690
v 0.032490 0.002999 -0.052899
v 0.034815 0.003921 -0.052113
v 0.034228 0.004288 -0.052473
v 0.033789 0.004534 -0.053070
v 0.035876 0.005893 -0.052253
v 0.036508 0.008045 -0.052336
v 0.035225 0.006141 -0.052605
v 0.035819 0.008163 -0.052683
v 0.034744 0.006307 -0.053196
v 0.035312 0.008242 -0.053270
v 0.036682 0.010282 -0.052359
v 0.035983 0.010265 -0.052704
v 0.035468 0.010253 -0.053291
v 0.036392 0.012507 -0.052321
v 0.035649 0.014622 -0.052223
v 0.035710 0.012355 -0.052668
v 0.035012 0.014343 -0.052576
v 0.035207 0.012254 -0.053257
v 0.034539 0.014156 -0.053169
v 0.034486 0.016535 -0.052070
v 0.033919 0.016140 -0.052433
v 0.033494 0.015876 -0.053031
v 0.032955 0.018163 -0.051868
v 0.031121 0.019434 -0.051627
v 0.032480 0.017670 -0.052243
v 0.030757 0.018864 -0.052016
v 0.032116 0.017340 -0.052850
v 0.030468 0.018483 -0.052633
v 0.029065 0.020293 -0.051356
v 0.028826 0.019671 -0.051762
v 0.028619 0.019255 -0.052389
v 0.026878 0.020702 -0.051068
v 0.026770 0.020055 -0.051491
v 0.026652 0.019623 -0.052130
v 0.008171 0.018230 -0.148070
v 0.006584 0.017001 -0.147861
v 0.005285 0.015466 -0.147690
v 0.004330 0.013693 -0.147564
v 0.003762 0.011758 -0.147489
v 0.003605 0.009747 -0.147468
v 0.003867 0.007746 -0.147503
v 0.004535 0.005844 -0.147591
v 0.005580 0.004124 -0.147728
v 0.006957 0.002660 -0.147910
v 0.008606 0.001517 -0.148127
v 0.010454 0.000745 -0.148370
v 0.012422 0.000377 -0.148629
v 0.014422 0.000430 -0.148892
v 0.016367 0.000902 -0.149149
v 0.018172 0.001770 -0.149386
v 0.019760 0.002999 -0.149595
v 0.021059 0.004534 -0.149766
v 0.022013 0.006307 -0.149892
v 0.022581 0.008242 -0.149967
v 0.022738 0.010253 -0.149987
v 0.022477 0.012254 -0.149953
v 0.021809 0.014156 -0.149865
v 0.020763 0.015876 -0.149727
v 0.019386 0.017340 -0.149546
v 0.017737 0.018483 -0.149329
v 0.015889 0.019255 -0.149086
v 0.013922 0.019623 -0.148827
v 0.011922 0.019570 -0.148563
v 0.009977 0.019098 -0.148307
v 0.013871 0.020055 -0.149474
v 0.015926 0.019671 -0.149745
v 0.017858 0.018864 -0.149999
v 0.019581 0.017670 -0.150226
v 0.021020 0.016140 -0.150416
v 0.022112 0.014343 -0.150559
v 0.022810 0.012355 -0.150651
v 0.023083 0.010265 -0.150687
v 0.022919 0.008163 -0.150666
v 0.022326 0.006141 -0.150588
v 0.021328 0.004288 -0.150456
v 0.019971 0.002685 -0.150277
v 0.018312 0.001401 -0.150059
v 0.016426 0.000493 -0.149811
v 0.014393 0.000001 -0.149543
v 0.012303 -0.000055 -0.149268
v 0.010248 0.000329 -0.148997
v 0.008316 0.001136 -0.148743
v 0.006593 0.002330 -0.148516
v 0.005154 0.003860 -0.148327
v 0.004062 0.005657 -0.148183
v 0.003364 0.007645 -0.148091
v 0.003091 0.009735 -0.148055
v 0.003255 0.011837 -0.148077
v 0.003848 0.013859 -0.148155
v 0.004846 0.015712 -0.148286
v 0.006203 0.017315 -0.148465
v 0.007862 0.018599 -0.148683
v 0.009748 0.019507 -0.148932
v 0.011781 0.019999 -0.149199
v 0.013865 0.020702 -0.149911
v 0.016052 0.020293 -0.150199
v 0.018108 0.019434 -0.150470
v 0.019942 0.018163 -0.150711
v 0.021473 0.016535 -0.150913
v 0.022636 0.014622 -0.151066
v 0.023379 0.012507 -0.151163
v 0.023670 0.010282 -0.151202
v 0.023495 0.008045 -0.151179
v 0.022863 0.005893 -0.151096
v 0.021802 0.003921 -0.150956
v 0.020357 0.002214 -0.150766
v 0.018592 0.000848 -0.150533
v 0.016584 -0.000119 -0.150269
v 0.014420 -0.000643 -0.149984
v 0.012196 -0.000702 -0.149691
v 0.010008 -0.000293 -0.149403
v 0.007953 0.000566 -0.149133
v 0.006119 0.001837 -0.148891
v 0.004587 0.003465 -0.148690
v 0.003425 0.005378 -0.148536
v 0.002682 0.007493 -0.148439
v 0.002391 0.009718 -0.148400
v 0.002566 0.011955 -0.148423
v 0.003197 0.014107 -0.148507
v 0.004259 0.016079 -0.148646
v 0.005704 0.017786 -0.148836
v 0.007469 0.019152 -0.149069
v 0.009477 0.020119 -0.149333
v 0.011640 0.020643 -0.149618
v 0.016552 0.021436 -0.051423
v 0.018793 0.022959 -0.051718
v 0.014626 0.019523 -0.051170
v 0.013082 0.017286 -0.050966
v 0.011971 0.014801 -0.050820
v 0.011332 0.012152 -0.050736
v 0.011187 0.009430 -0.050717
v 0.011540 0.006728 -0.050763
v 0.012379 0.004137 -0.050874
v 0.013676 0.001745 -0.051045
v 0.015387 -0.000365 -0.051270
v 0.017453 -0.002123 -0.051542
v 0.019804 -0.003467 -0.051851
v 0.022360 -0.004353 -0.052188
v 0.025034 -0.004750 -0.052540
v 0.027734 -0.004645 -0.052895
v 0.030370 -0.004041 -0.053242
v 0.032850 -0.002959 -0.053569
v 0.035091 -0.001436 -0.053864
v 0.037017 0.000477 -0.054118
v 0.038561 0.002714 -0.054321
v 0.039672 0.005199 -0.054467
v 0.040310 0.007848 -0.054551
v 0.040456 0.010570 -0.054570
v 0.040103 0.013272 -0.054524
v 0.039264 0.015863 -0.054413
v 0.037966 0.018255 -0.054243
v 0.036256 0.020365 -0.054017
v 0.034190 0.022123 -0.053745
v 0.031839 0.023467 -0.053436
v 0.029283 0.024353 -0.053099
v 0.026609 0.024750 -0.052747
v 0.023909 0.024645 -0.052392
v 0.021273 0.024041 -0.052045
v 0.026702 0.024101 -0.051778
v 0.029258 0.023721 -0.052114
v 0.031701 0.022874 -0.052436
v 0.033948 0.021589 -0.052732
v 0.035924 0.019909 -0.052992
v 0.037559 0.017891 -0.053207
v 0.038799 0.015605 -0.053370
v 0.039601 0.013128 -0.053476
v 0.039939 0.010545 -0.053521
v 0.039800 0.007942 -0.053502
v 0.039189 0.005410 -0.053422
v 0.038127 0.003035 -0.053282
v 0.036651 0.000896 -0.053088
v 0.034810 -0.000932 -0.052845
v 0.032668 -0.002389 -0.052563
v 0.030296 -0.003423 -0.052251
v 0.027777 -0.004000 -0.051919
v 0.025195 -0.004101 -0.051580
v 0.022639 -0.003721 -0.051243
v 0.020196 -0.002874 -0.050921
v 0.017948 -0.001589 -0.050625
v 0.015973 0.000091 -0.050365
v 0.014338 0.002109 -0.050150
v 0.013098 0.004395 -0.049987
v 0.012296 0.006872 -0.049881
v 0.011958 0.009455 -0.049837
v 0.012097 0.012058 -0.049855
v 0.012708 0.014590 -0.049936
v 0.013770 0.016965 -0.050075
v 0.015246 0.019104 -0.050270
v 0.017087 0.020932 -0.050512
v 0.019229 0.022389 -0.050794
v 0.021601 0.023423 -0.051106
v 0.024120 0.024000 -0.051438
v 0.026735 0.023129 -0.051126
v 0.029114 0.022775 -0.051440
v 0.031389 0.021987 -0.051739
v 0.033482 0.020790 -0.052015
v 0.035321 0.019226 -0.052257
v 0.036844 0.017348 -0.052457
v 0.037998 0.015219 -0.052609
v 0.038745 0.012913 -0.052707
v 0.039059 0.010507 -0.052749
v 0.038930 0.008084 -0.052732
v 0.038361 0.005727 -0.052657
v 0.037373 0.003515 -0.052527
v 0.035998 0.001524 -0.052346
v 0.034284 -0.000179 -0.052120
v 0.032290 -0.001535 -0.051858
v 0.030082 -0.002498 -0.051567
v 0.027736 -0.003035 -0.051258
v 0.025332 -0.003129 -0.050942
v 0.022952 -0.002775 -0.050628
v 0.020677 -0.001987 -0.050329
v 0.018585 -0.000790 -0.050053
v 0.016746 0.000774 -0.049811
v 0.015223 0.002652 -0.049611
v 0.014069 0.004781 -0.049459
v 0.013322 0.007087 -0.049360
v 0.013007 0.009493 -0.049319
v 0.013137 0.011916 -0.049336
v 0.013705 0.014273 -0.049411
v 0.014694 0.016485 -0.049541
v 0.016068 0.018476 -0.049722
v 0.017782 0.020179 -0.049948
v 0.019777 0.021535 -0.050210
v 0.021985 0.022498 -0.050501
v 0.024331 0.023035 -0.050810
v 0.023687 0.020365 -0.149490
v 0.027534 0.013272 -0.149996
v 0.027741 0.007848 -0.150023
v 0.025992 0.002714 -0.149793
v 0.009791 -0.004353 -0.147660
v -0.001029 0.006728 -0.146236
v -0.001237 0.012152 -0.146208
v 0.000513 0.017286 -0.146439
v 0.002057 0.019523 -0.146642
v 0.013742 0.023129 -0.149818
v 0.011338 0.023035 -0.149501
v 0.008992 0.022498 -0.149193
v 0.006784 0.021535 -0.148902
v 0.016121 0.022775 -0.150131
v 0.016434 0.023721 -0.149516
v 0.018396 0.021987 -0.150431
v 0.018878 0.022874 -0.149838
v 0.019270 0.023467 -0.148908
v 0.013878 0.024101 -0.149180
v 0.011297 0.024000 -0.148840
v 0.008777 0.023423 -0.148508
v 0.006406 0.022389 -0.148196
v 0.000014 0.009493 -0.148011
v 0.000329 0.007087 -0.148052
v -0.000865 0.009455 -0.147239
v -0.000527 0.006872 -0.147283
v -0.001382 0.009430 -0.146189
v 0.002230 0.002652 -0.148302
v 0.003753 0.000774 -0.148503
v 0.001515 0.002109 -0.147552
v 0.003150 0.000091 -0.147768
v 0.001107 0.001745 -0.146517
v 0.002818 -0.000365 -0.146742
v 0.005592 -0.000790 -0.148745
v 0.005125 -0.001589 -0.148028
v 0.004884 -0.002123 -0.147014
v 0.007684 -0.001987 -0.149020
v 0.007373 -0.002874 -0.148323
v 0.007235 -0.003467 -0.147324
v 0.017089 -0.002498 -0.150259
v 0.019297 -0.001535 -0.150549
v 0.017473 -0.003423 -0.149653
v 0.019845 -0.002389 -0.149965
v 0.017800 -0.004041 -0.148715
v 0.020281 -0.002959 -0.149041
v 0.021291 -0.000179 -0.150812
v 0.021987 -0.000932 -0.150248
v 0.022522 -0.001436 -0.149336
v 0.023005 0.001524 -0.151037
v 0.023828 0.000896 -0.150490
v 0.024448 0.000477 -0.149590
v 0.026066 0.010507 -0.151440
v 0.025752 0.012913 -0.151399
v 0.027115 0.010545 -0.150923
v 0.026778 0.013128 -0.150878
v 0.027887 0.010570 -0.150043
v 0.023851 0.017348 -0.151149
v 0.022328 0.019226 -0.150948
v 0.024736 0.017891 -0.150609
v 0.023100 0.019909 -0.150394
v 0.025397 0.018255 -0.149715
v 0.016714 0.024353 -0.148572
v 0.014040 0.024750 -0.148220
v 0.011340 0.024645 -0.147864
v 0.008704 0.024041 -0.147517
v 0.006224 0.022959 -0.147191
v 0.003982 0.021436 -0.146895
v 0.004263 0.020932 -0.147914
v 0.004789 0.020179 -0.148639
v 0.003075 0.018476 -0.148414
v 0.002423 0.019104 -0.147672
v 0.000946 0.016965 -0.147477
v 0.001701 0.016485 -0.148233
v -0.000598 0.014801 -0.146292
v -0.000115 0.014590 -0.147338
v 0.000712 0.014273 -0.148103
v 0.000144 0.011916 -0.148028
v -0.000726 0.012058 -0.147257
v -0.000190 0.004137 -0.146346
v 0.000275 0.004395 -0.147389
v 0.001076 0.004781 -0.148150
v 0.009816 -0.003721 -0.148645
v 0.009959 -0.002775 -0.149320
v 0.012464 -0.004750 -0.148012
v 0.012372 -0.004101 -0.148982
v 0.012339 -0.003129 -0.149633
v 0.014743 -0.003035 -0.149950
v 0.014954 -0.004000 -0.149322
v 0.015165 -0.004645 -0.148368
v 0.025304 0.003035 -0.150684
v 0.024380 0.003515 -0.151218
v 0.027102 0.005199 -0.149939
v 0.026366 0.005410 -0.150824
v 0.025368 0.005727 -0.151349
v 0.025937 0.008084 -0.151423
v 0.026976 0.007942 -0.150904
v 0.026694 0.015863 -0.149886
v 0.025976 0.015605 -0.150773
v 0.025005 0.015219 -0.151301
v 0.021621 0.022123 -0.149218
v 0.021125 0.021589 -0.150134
v 0.020489 0.020790 -0.150706
v 0.025895 0.020083 -0.028500
v 0.022587 0.020083 -0.028500
v 0.025895 0.016918 -0.028500
v 0.022587 0.017239 -0.028500
v 0.022621 0.016521 -0.028500
v 0.022774 0.015820 -0.028500
v 0.023010 0.015381 -0.028500
v 0.023374 0.015042 -0.028500
v 0.024271 0.014776 -0.028500
v 0.024913 0.014903 -0.028500
v 0.025438 0.015291 -0.028500
v 0.023803 0.014843 -0.028500
v 0.025812 0.016060 -0.028500
v 0.022587 0.020083 -0.028900
v 0.025895 0.020083 -0.028900
v 0.025895 0.016918 -0.028900
v 0.025438 0.015291 -0.028900
v 0.025812 0.016060 -0.028900
v 0.024271 0.014776 -0.028900
v 0.024913 0.014903 -0.028900
v 0.023374 0.015042 -0.028900
v 0.023803 0.014843 -0.028900
v 0.022774 0.015820 -0.028900
v 0.023010 0.015381 -0.028900
v 0.022587 0.017239 -0.028900
v 0.022621 0.016521 -0.028900
v 0.045933 0.021000 -0.032450
v 0.045854 0.021000 -0.032554
v 0.045677 0.021988 -0.032554
v 0.045750 0.021000 -0.032633
v 0.045673 0.021000 -0.032669
v 0.045508 0.021925 -0.032669
v 0.043000 0.023500 -0.032700
v 0.043000 0.023673 -0.032669
v 0.043925 0.023508 -0.032669
v 0.043865 0.023345 -0.032700
v 0.044890 0.022890 -0.032669
v 0.044768 0.022768 -0.032700
v 0.045345 0.021865 -0.032700
v 0.045500 0.021000 -0.032700
v 0.046000 0.021000 -0.032200
v 0.045969 0.021000 -0.032373
v 0.045815 0.022038 -0.032200
v 0.045786 0.022028 -0.032373
v 0.045598 0.022500 -0.032200
v 0.045121 0.023121 -0.032200
v 0.045099 0.023099 -0.032373
v 0.044500 0.023598 -0.032200
v 0.044028 0.023786 -0.032373
v 0.044038 0.023815 -0.032200
v 0.043000 0.023969 -0.032373
v 0.043000 0.024000 -0.032200
v 0.043000 0.023854 -0.032554
v 0.043988 0.023677 -0.032554
v 0.045018 0.023018 -0.032554
v 0.038005 0.024000 -0.032204
v 0.038000 0.024000 -0.032200
v 0.038266 0.023964 -0.032387
v 0.038493 0.023870 -0.032536
v 0.038714 0.023701 -0.032658
v 0.038866 0.023500 -0.032700
v 0.008134 0.023500 -0.032700
v 0.004000 0.023500 -0.032700
v 0.004000 0.023673 -0.032669
v 0.008286 0.023701 -0.032658
v 0.004000 0.023854 -0.032554
v 0.008507 0.023870 -0.032536
v 0.004000 0.023969 -0.032373
v 0.008734 0.023964 -0.032387
v 0.004000 0.024000 -0.032200
v 0.009000 0.024000 -0.032200
v 0.008995 0.024000 -0.032204
v 0.008293 0.023707 -0.037616
v 0.008062 0.023346 -0.037616
v 0.008062 0.023346 -0.032700
v 0.008000 0.023000 -0.037616
v 0.008000 0.023000 -0.032700
v 0.008654 0.023938 -0.037616
v 0.009000 0.024000 -0.037616
v 0.039000 0.023000 -0.033464
v 0.038938 0.023346 -0.033464
v 0.039000 0.023000 -0.032700
v 0.038938 0.023346 -0.032700
v 0.038707 0.023707 -0.033464
v 0.038346 0.023938 -0.033464
v 0.038000 0.024000 -0.033464
v 0.001250 0.021000 -0.032633
v 0.001146 0.021000 -0.032554
v 0.001323 0.021988 -0.032554
v 0.001067 0.021000 -0.032450
v 0.001031 0.021000 -0.032373
v 0.001214 0.022028 -0.032373
v 0.001500 0.021000 -0.032700
v 0.001327 0.021000 -0.032669
v 0.001492 0.021925 -0.032669
v 0.001655 0.021865 -0.032700
v 0.002110 0.022890 -0.032669
v 0.002232 0.022768 -0.032700
v 0.003075 0.023508 -0.032669
v 0.003135 0.023345 -0.032700
v 0.002962 0.023815 -0.032200
v 0.002972 0.023786 -0.032373
v 0.002500 0.023598 -0.032200
v 0.001879 0.023121 -0.032200
v 0.001901 0.023099 -0.032373
v 0.001402 0.022500 -0.032200
v 0.001185 0.022038 -0.032200
v 0.001000 0.021000 -0.032200
v 0.001982 0.023018 -0.032554
v 0.003012 0.023677 -0.032554
v 0.001500 0.019243 -0.032700
v 0.001327 0.019243 -0.032669
v 0.001250 0.019243 -0.032633
v 0.001146 0.019243 -0.032554
v 0.001067 0.019243 -0.032450
v 0.001031 0.019243 -0.032373
v 0.001000 0.019243 -0.032200
v 0.000255 0.016987 -0.032592
v 0.000225 0.017018 -0.032554
v 0.000907 0.018039 -0.032554
v 0.000772 0.018095 -0.032200
v 0.000800 0.018083 -0.032373
v 0.000121 0.017121 -0.032200
v 0.000143 0.017099 -0.032373
v 0.001234 0.017903 -0.032700
v 0.000687 0.017000 -0.032700
v 0.000414 0.017000 -0.032656
v 0.001074 0.017969 -0.032669
v -0.000055 0.016883 -0.032405
v -0.000289 0.016711 -0.032204
v -0.000293 0.016707 -0.032200
v 0.000414 0.017000 -0.037987
v 0.000032 0.016924 -0.037987
v -0.000293 0.016707 -0.037987
v 0.005812 0.018593 -0.032700
v 0.006407 0.019188 -0.032700
v 0.007815 0.018962 -0.032700
v 0.008000 0.020000 -0.032700
v 0.006625 0.020000 -0.032700
v 0.006407 0.020813 -0.032700
v 0.005812 0.021407 -0.032700
v 0.005000 0.021625 -0.032700
v 0.004187 0.021407 -0.032700
v 0.003593 0.020813 -0.032700
v 0.007121 0.017879 -0.032700
v 0.006038 0.017185 -0.032700
v 0.005000 0.018375 -0.032700
v 0.005000 0.017000 -0.032700
v 0.004187 0.018593 -0.032700
v 0.003593 0.019188 -0.032700
v 0.003375 0.020000 -0.032700
v 0.041188 0.021407 -0.032700
v 0.042000 0.021625 -0.032700
v 0.042813 0.021407 -0.032700
v 0.043407 0.020813 -0.032700
v 0.043625 0.020000 -0.032700
v 0.043407 0.019188 -0.032700
v 0.041188 0.018593 -0.032700
v 0.039879 0.017879 -0.032700
v 0.040593 0.019188 -0.032700
v 0.039185 0.018962 -0.032700
v 0.040375 0.020000 -0.032700
v 0.039000 0.020000 -0.032700
v 0.040593 0.020813 -0.032700
v 0.045500 0.016866 -0.032700
v 0.045346 0.016938 -0.032700
v 0.042813 0.018593 -0.032700
v 0.045000 0.017000 -0.032700
v 0.042000 0.018375 -0.032700
v 0.042000 0.017000 -0.032700
v 0.040962 0.017185 -0.032700
v 0.021550 0.016229 -0.028900
v 0.027000 0.021407 -0.028900
v 0.017000 0.021407 -0.028900
v 0.021441 0.020083 -0.028900
v 0.017000 0.020083 -0.028900
v 0.025055 0.013514 -0.028900
v 0.025779 0.013828 -0.028900
v 0.026349 0.014304 -0.028900
v 0.026731 0.014940 -0.028900
v 0.026953 0.015944 -0.028900
v 0.027000 0.016973 -0.028900
v 0.021441 0.018548 -0.028900
v 0.021434 0.018179 -0.028900
v 0.021393 0.017812 -0.028900
v 0.021285 0.017499 -0.028900
v 0.021834 0.015083 -0.028900
v 0.022477 0.014101 -0.028900
v 0.023306 0.013579 -0.028900
v 0.024271 0.013412 -0.028900
v 0.021127 0.017208 -0.028900
v 0.020819 0.016846 -0.028900
v 0.021328 0.015813 -0.028900
v 0.020458 0.016536 -0.028900
v 0.017000 0.014258 -0.028900
v 0.017000 0.012593 -0.028900
v 0.019080 0.015581 -0.028900
v 0.019722 0.014333 -0.028900
v 0.019780 0.016044 -0.028900
v 0.020421 0.014840 -0.028900
v 0.021052 0.015431 -0.028900
v 0.000085 0.016655 -0.039159
v 0.000286 0.016578 -0.039478
v 0.000188 0.016293 -0.039577
v 0.000115 0.016875 -0.038707
v 0.000443 0.016804 -0.039321
v 0.000360 0.016702 -0.039404
v 0.000862 0.017000 -0.038899
v 0.000644 0.016950 -0.039117
v 0.000323 0.016968 -0.038598
v 0.000546 0.017000 -0.038481
v -0.000037 0.016415 -0.039252
v -0.000065 0.016725 -0.038802
v -0.000147 0.016786 -0.038410
v 0.000034 0.016903 -0.038359
v -0.000207 0.016530 -0.038876
v 0.000805 0.016010 -0.040104
v 0.000469 0.016151 -0.039866
v 0.000825 0.016276 -0.040069
v 0.000538 0.016485 -0.039775
v 0.000674 0.016758 -0.039598
v 0.001113 0.016923 -0.039565
v 0.001070 0.017000 -0.039082
v 0.001127 0.016934 -0.039540
v 0.001301 0.017000 -0.039235
v 0.000971 0.016745 -0.039813
v 0.000903 0.016596 -0.039933
v 0.000845 0.016390 -0.040034
v 0.005000 0.017000 -0.041343
v 0.003150 0.017000 -0.040290
v 0.006082 0.017203 -0.042151
v 0.006563 0.017440 -0.042497
v 0.007110 0.017868 -0.042873
v 0.007467 0.018294 -0.043102
v 0.007871 0.019130 -0.043314
v 0.007989 0.019753 -0.043201
v 0.008000 0.020000 -0.043070
v 0.008000 0.021587 -0.041012
v 0.008000 0.021578 -0.041028
v 0.008000 0.022935 -0.037972
v 0.008000 0.022812 -0.038293
v 0.008000 0.022379 -0.039356
v 0.008000 0.021747 -0.040707
v 0.008000 0.021004 -0.042000
v 0.008000 0.020655 -0.042506
v 0.009028 0.023871 -0.038325
v 0.008637 0.023806 -0.038300
v 0.008303 0.023606 -0.038225
v 0.008081 0.023299 -0.038109
v 0.038023 0.023906 -0.034072
v 0.038399 0.023826 -0.034047
v 0.038715 0.023618 -0.033981
v 0.038924 0.023312 -0.033883
v 0.039000 0.022953 -0.033769
v 0.039000 0.021590 -0.037818
v 0.039000 0.020837 -0.039816
v 0.039000 0.020000 -0.041781
v 0.039061 0.019400 -0.042804
v 0.039141 0.019091 -0.043023
v 0.039226 0.018857 -0.043052
v 0.039989 0.017774 -0.042009
v 0.039680 0.018098 -0.042504
v 0.039386 0.018529 -0.042901
v 0.039275 0.018745 -0.043018
v 0.042000 0.017000 -0.038027
v 0.041540 0.017035 -0.038995
v 0.041073 0.017147 -0.039958
v 0.040140 0.017646 -0.041746
v 0.043428 0.017000 -0.035744
v 0.045000 0.017000 -0.032930
v 0.044961 0.017000 -0.033204
v 0.044850 0.017000 -0.033457
v 0.045923 0.016002 -0.033478
v 0.045699 0.016004 -0.033985
v 0.045633 0.016386 -0.033944
v 0.046000 0.016000 -0.032930
v 0.045849 0.016385 -0.033457
v 0.045449 0.016708 -0.033829
v 0.045640 0.016707 -0.033398
v 0.045173 0.016923 -0.033658
v 0.045328 0.016922 -0.033309
v 0.045938 0.016346 -0.032930
v 0.045707 0.016707 -0.032930
v 0.045346 0.016938 -0.032930
v 0.045753 0.016658 -0.032631
v 0.045701 0.016714 -0.032658
v 0.045870 0.016493 -0.032536
v 0.046000 0.016000 -0.032200
v 0.046000 0.016005 -0.032204
v 0.045935 0.016354 -0.032446
v 0.043000 0.024000 -0.028500
v 0.044500 0.023598 -0.028500
v 0.045598 0.022500 -0.028500
v 0.046000 0.021000 -0.028500
v 0.016251 0.024000 -0.036775
v 0.004000 0.024000 -0.028500
v 0.030709 0.024000 -0.034238
v 0.023466 0.024000 -0.035441
v 0.001000 0.021000 -0.028500
v 0.001402 0.022500 -0.028500
v 0.002500 0.023598 -0.028500
v 0.001000 0.019243 -0.028500
v 0.000772 0.018095 -0.028500
v 0.000121 0.017121 -0.028500
v -0.001121 0.015879 -0.037515
v -0.001121 0.015879 -0.028500
v 0.005000 0.018375 -0.028500
v 0.005812 0.018593 -0.028500
v 0.006407 0.019188 -0.028500
v 0.006625 0.020000 -0.028500
v 0.006407 0.020813 -0.028500
v 0.005812 0.021407 -0.028500
v 0.005000 0.021625 -0.028500
v 0.004187 0.021407 -0.028500
v 0.003593 0.020813 -0.028500
v 0.003375 0.020000 -0.028500
v 0.003593 0.019188 -0.028500
v 0.004187 0.018593 -0.028500
v 0.042000 0.018375 -0.028500
v 0.042813 0.018593 -0.028500
v 0.043407 0.019188 -0.028500
v 0.043625 0.020000 -0.028500
v 0.043407 0.020813 -0.028500
v 0.042813 0.021407 -0.028500
v 0.042000 0.021625 -0.028500
v 0.041188 0.021407 -0.028500
v 0.040593 0.020813 -0.028500
v 0.040375 0.020000 -0.028500
v 0.040593 0.019188 -0.028500
v 0.041188 0.018593 -0.028500
v 0.017000 0.020083 -0.028500
v 0.021441 0.020083 -0.028500
v 0.017000 0.021407 -0.028500
v 0.027000 0.021407 -0.028500
v 0.027000 0.016973 -0.028500
v 0.026953 0.015944 -0.028500
v 0.026731 0.014940 -0.028500
v 0.026349 0.014304 -0.028500
v 0.025779 0.013828 -0.028500
v 0.025055 0.013514 -0.028500
v 0.024271 0.013412 -0.028500
v 0.023306 0.013579 -0.028500
v 0.022477 0.014101 -0.028500
v 0.021834 0.015083 -0.028500
v 0.021550 0.016229 -0.028500
v 0.021328 0.015813 -0.028500
v 0.021052 0.015431 -0.028500
v 0.020421 0.014840 -0.028500
v 0.019722 0.014333 -0.028500
v 0.017000 0.012593 -0.028500
v 0.017000 0.014258 -0.028500
v 0.019080 0.015581 -0.028500
v 0.019780 0.016044 -0.028500
v 0.020458 0.016536 -0.028500
v 0.020819 0.016846 -0.028500
v 0.021127 0.017208 -0.028500
v 0.021285 0.017499 -0.028500
v 0.021393 0.017812 -0.028500
v 0.021434 0.018179 -0.028500
v 0.021441 0.018548 -0.028500
v -0.001759 0.014922 -0.037394
v -0.002000 0.013757 -0.037348
v -0.002000 0.013757 -0.028500
v -0.001772 0.014905 -0.028500
v -0.000922 0.014153 -0.039124
v -0.001004 0.013764 -0.039078
v -0.001417 0.013762 -0.038760
v -0.000708 0.014473 -0.039247
v -0.001303 0.014388 -0.038817
v -0.001733 0.013761 -0.038346
v -0.001582 0.014605 -0.038405
v -0.001931 0.013759 -0.037865
v -0.001737 0.014787 -0.037919
v -0.000999 0.014921 -0.038972
v -0.001173 0.015328 -0.038566
v -0.001214 0.015656 -0.038065
v 0.020859 0.019303 -0.062240
v 0.021227 0.019398 -0.061351
v 0.021227 0.015000 -0.061351
v 0.026282 0.015000 -0.059996
v 0.026282 0.019899 -0.059996
v 0.027049 0.019743 -0.060585
v 0.027636 0.015000 -0.061351
v 0.024915 0.020000 -0.059532
v 0.024432 0.015000 -0.059501
v 0.024432 0.019988 -0.059501
v 0.023470 0.019899 -0.059628
v 0.022582 0.015000 -0.059996
v 0.022582 0.019743 -0.059996
v 0.021843 0.019567 -0.060557
v 0.020732 0.019303 -0.063201
v 0.020732 0.015000 -0.063201
v 0.020879 0.019409 -0.064234
v 0.021227 0.015000 -0.065051
v 0.021227 0.019559 -0.065051
v 0.021814 0.019743 -0.065815
v 0.022582 0.015000 -0.066405
v 0.022582 0.019899 -0.066405
v 0.023949 0.020000 -0.066869
v 0.024432 0.015000 -0.066901
v 0.024432 0.019988 -0.066901
v 0.025393 0.019899 -0.066773
v 0.026282 0.015000 -0.066405
v 0.026282 0.019743 -0.066405
v 0.027636 0.015000 -0.065051
v 0.027636 0.019398 -0.065051
v 0.027018 0.019567 -0.065846
v 0.027636 0.019559 -0.061351
v 0.027984 0.019409 -0.062167
v 0.028132 0.015000 -0.063201
v 0.028132 0.019303 -0.063201
v 0.028004 0.019303 -0.064163
v 0.015637 0.019303 -0.101897
v 0.016006 0.019398 -0.101008
v 0.016006 0.015000 -0.101008
v 0.021061 0.015000 -0.099654
v 0.021061 0.019899 -0.099654
v 0.021828 0.019743 -0.100243
v 0.022415 0.015000 -0.101008
v 0.019693 0.020000 -0.099190
v 0.019211 0.015000 -0.099158
v 0.019211 0.019988 -0.099158
v 0.018249 0.019899 -0.099285
v 0.017361 0.015000 -0.099654
v 0.017361 0.019743 -0.099654
v 0.016622 0.019567 -0.100214
v 0.015511 0.019303 -0.102858
v 0.015511 0.015000 -0.102858
v 0.015658 0.019409 -0.103892
v 0.016006 0.015000 -0.104708
v 0.016006 0.019559 -0.104708
v 0.016593 0.019743 -0.105473
v 0.017361 0.015000 -0.106063
v 0.017361 0.019899 -0.106063
v 0.018728 0.020000 -0.106527
v 0.019211 0.015000 -0.106558
v 0.019211 0.019988 -0.106558
v 0.020172 0.019899 -0.106431
v 0.021061 0.015000 -0.106063
v 0.021061 0.019743 -0.106063
v 0.022415 0.015000 -0.104708
v 0.022415 0.019398 -0.104708
v 0.021797 0.019567 -0.105504
v 0.022415 0.019559 -0.101008
v 0.022763 0.019409 -0.101825
v 0.022911 0.015000 -0.102858
v 0.022911 0.019303 -0.102858
v 0.022783 0.019303 -0.103821
v 0.010416 0.019303 -0.141555
v 0.010785 0.019398 -0.140666
v 0.010785 0.015000 -0.140666
v 0.015839 0.015000 -0.139312
v 0.015839 0.019899 -0.139312
v 0.016607 0.019743 -0.139901
v 0.017194 0.015000 -0.140666
v 0.014472 0.020000 -0.138848
v 0.013989 0.015000 -0.138816
v 0.013989 0.019988 -0.138816
v 0.013028 0.019899 -0.138943
v 0.012139 0.015000 -0.139312
v 0.012139 0.019743 -0.139312
v 0.011401 0.019567 -0.139872
v 0.010289 0.019303 -0.142516
v 0.010289 0.015000 -0.142516
v 0.010437 0.019409 -0.143550
v 0.010785 0.015000 -0.144366
v 0.010785 0.019559 -0.144366
v 0.011372 0.019743 -0.145131
v 0.012139 0.015000 -0.145720
v 0.012139 0.019899 -0.145720
v 0.013507 0.020000 -0.146185
v 0.013989 0.015000 -0.146216
v 0.013989 0.019988 -0.146216
v 0.014951 0.019899 -0.146089
v 0.015839 0.015000 -0.145720
v 0.015839 0.019743 -0.145720
v 0.017194 0.015000 -0.144366
v 0.017194 0.019398 -0.144366
v 0.016576 0.019567 -0.145162
v 0.017194 0.019559 -0.140666
v 0.017542 0.019409 -0.141483
v 0.017689 0.015000 -0.142516
v 0.017689 0.019303 -0.142516
v 0.017562 0.019303 -0.143479
v -0.000189 0.015246 -0.039530
v -0.000488 0.015780 -0.039115
v -0.000594 0.016218 -0.038530
v -0.000084 0.015099 -0.039603
v 0.000436 0.015873 -0.039883
v 0.000542 0.015726 -0.039956
v 0.002655 0.016019 -0.041159
v 0.002675 0.016283 -0.041123
v 0.002754 0.016600 -0.040985
v 0.002977 0.016935 -0.040594
v 0.002822 0.016748 -0.040866
v 0.004905 0.016980 -0.041511
v 0.004828 0.016936 -0.041645
v 0.004674 0.016751 -0.041916
v 0.004606 0.016605 -0.042036
v 0.004527 0.016291 -0.042175
v 0.004506 0.016029 -0.042212
v 0.005895 0.016888 -0.042712
v 0.007981 0.019419 -0.043570
v 0.008034 0.020112 -0.043300
v 0.008258 0.020294 -0.043673
v 0.008000 0.018567 -0.043989
v 0.007115 0.017348 -0.043572
v 0.007030 0.017550 -0.043366
v 0.008092 0.019423 -0.043819
v 0.008389 0.020347 -0.043782
v 0.007404 0.017281 -0.043784
v 0.006568 0.016611 -0.043354
v 0.005892 0.016613 -0.042911
v 0.005951 0.016306 -0.043021
v 0.005578 0.016181 -0.042815
v 0.008367 0.018944 -0.044195
v 0.008304 0.018743 -0.044181
v 0.008302 0.018737 -0.044181
v 0.008574 0.019880 -0.044092
v 0.008264 0.019410 -0.044029
v 0.007853 0.018668 -0.043780
v 0.007768 0.018748 -0.043531
v 0.007009 0.017709 -0.043113
v 0.007023 0.017769 -0.042976
v 0.008027 0.018127 -0.044073
v 0.005961 0.017092 -0.042449
v 0.006016 0.017160 -0.042302
v 0.008648 0.020410 -0.043911
v 0.008893 0.021276 -0.043334
v 0.008893 0.021268 -0.043343
v 0.008727 0.021344 -0.043191
v 0.008885 0.021261 -0.043352
v 0.008588 0.020862 -0.043612
v 0.008747 0.020944 -0.043622
v 0.008927 0.021840 -0.042544
v 0.008605 0.022564 -0.041126
v 0.008971 0.022604 -0.041227
v 0.008628 0.023231 -0.039722
v 0.009005 0.023298 -0.039751
v 0.009021 0.023689 -0.038796
v 0.008076 0.022083 -0.040879
v 0.008072 0.021312 -0.042200
v 0.008054 0.020512 -0.043138
v 0.008069 0.020865 -0.042828
v 0.008574 0.021762 -0.042493
v 0.008554 0.021291 -0.043151
v 0.008445 0.020815 -0.043548
v 0.008207 0.020683 -0.043369
v 0.008261 0.021114 -0.043017
v 0.008271 0.021578 -0.042373
v 0.008287 0.022371 -0.041027
v 0.008299 0.023033 -0.039637
v 0.008910 0.021562 -0.042951
v 0.008079 0.022733 -0.039508
v 0.022066 0.023935 -0.036240
v 0.022015 0.023935 -0.036251
v 0.020449 0.023933 -0.036574
v 0.015368 0.023917 -0.037481
v 0.027816 0.023934 -0.035182
v 0.033669 0.023922 -0.034428
v 0.038108 0.021577 -0.040641
v 0.038076 0.022267 -0.038871
v 0.038444 0.021670 -0.040145
v 0.038421 0.022444 -0.038124
v 0.038726 0.022237 -0.038050
v 0.038380 0.020823 -0.042203
v 0.038228 0.020866 -0.042225
v 0.038142 0.021009 -0.041964
v 0.038457 0.021253 -0.041148
v 0.038141 0.021012 -0.041960
v 0.038119 0.021348 -0.041189
v 0.038929 0.020327 -0.041948
v 0.038933 0.020762 -0.040943
v 0.038781 0.020556 -0.042066
v 0.038744 0.021048 -0.041063
v 0.038654 0.020673 -0.042126
v 0.038530 0.020754 -0.042168
v 0.038738 0.021464 -0.040064
v 0.038931 0.021173 -0.039949
v 0.038928 0.021938 -0.037942
v 0.038957 0.019257 -0.043464
v 0.038771 0.019858 -0.043153
v 0.038903 0.019755 -0.043014
v 0.038692 0.019900 -0.043215
v 0.038499 0.020241 -0.043011
v 0.038722 0.019629 -0.043455
v 0.039223 0.018576 -0.043471
v 0.039157 0.018511 -0.043602
v 0.039154 0.018520 -0.043605
v 0.039120 0.018601 -0.043623
v 0.038986 0.018937 -0.043647
v 0.039720 0.017616 -0.043066
v 0.039432 0.018014 -0.043367
v 0.039168 0.018490 -0.043594
v 0.039968 0.017337 -0.042776
v 0.039761 0.017885 -0.042808
v 0.040327 0.017367 -0.042054
v 0.040359 0.017183 -0.042187
v 0.040971 0.016803 -0.041320
v 0.040683 0.016740 -0.041838
v 0.041579 0.016565 -0.040404
v 0.041579 0.016290 -0.040531
v 0.042473 0.016080 -0.039147
v 0.042768 0.016420 -0.038509
v 0.042846 0.016055 -0.038558
v 0.040253 0.017523 -0.041904
v 0.039096 0.019189 -0.043162
v 0.039264 0.018641 -0.043327
v 0.039039 0.019229 -0.043318
v 0.038995 0.019632 -0.042861
v 0.038855 0.019274 -0.043594
v 0.040902 0.017028 -0.041191
v 0.041472 0.016824 -0.040279
v 0.042582 0.016726 -0.038392
v 0.042313 0.016927 -0.038223
v 0.041812 0.016933 -0.039179
v 0.041299 0.017023 -0.040122
v 0.044276 0.016027 -0.036273
v 0.044205 0.016401 -0.036228
v 0.044020 0.016716 -0.036113
v 0.043747 0.016925 -0.035943
v 0.045738 0.010000 -0.033960
v 0.045933 0.010000 -0.033482
v 0.046000 0.010000 -0.032970
v 0.012989 0.015000 -0.144248
v 0.012257 0.015000 -0.143516
v 0.011989 0.015000 -0.142516
v 0.012257 0.015000 -0.141516
v 0.012989 0.015000 -0.140784
v 0.013989 0.015000 -0.140516
v 0.014989 0.015000 -0.140784
v 0.015722 0.015000 -0.141516
v 0.015989 0.015000 -0.142516
v 0.015722 0.015000 -0.143516
v 0.014989 0.015000 -0.144248
v 0.013989 0.015000 -0.144516
v 0.020943 0.015000 -0.103858
v 0.020211 0.015000 -0.104590
v 0.019211 0.015000 -0.104858
v 0.018211 0.015000 -0.104590
v 0.017478 0.015000 -0.103858
v 0.017211 0.015000 -0.102858
v 0.017478 0.015000 -0.101858
v 0.018211 0.015000 -0.101126
v 0.019211 0.015000 -0.100858
v 0.020211 0.015000 -0.101126
v 0.020943 0.015000 -0.101858
v 0.021211 0.015000 -0.102858
v 0.024432 0.015000 -0.065201
v 0.023432 0.015000 -0.064933
v 0.022700 0.015000 -0.064201
v 0.022432 0.015000 -0.063201
v 0.022700 0.015000 -0.062201
v 0.023432 0.015000 -0.061469
v 0.024432 0.015000 -0.061201
v 0.025432 0.015000 -0.061469
v 0.026164 0.015000 -0.062201
v 0.026432 0.015000 -0.063201
v 0.026164 0.015000 -0.064201
v 0.025432 0.015000 -0.064933
v 0.046000 0.010000 -0.028500
v -0.002000 0.010000 -0.028500
v -0.002000 0.010000 -0.037360
v -0.001873 0.011879 -0.038056
v -0.001887 0.010000 -0.038023
v -0.001566 0.011880 -0.038598
v -0.001561 0.010000 -0.038610
v -0.001020 0.010000 -0.039081
v -0.001013 0.011882 -0.039079
v 0.015882 0.010957 -0.157895
v 0.015997 0.010000 -0.157910
v 0.008066 0.010000 -0.156866
v 0.008181 0.010957 -0.156881
v 0.008520 0.011859 -0.156926
v 0.009063 0.012652 -0.156997
v 0.009779 0.013292 -0.157091
v 0.010625 0.013740 -0.157203
v 0.011554 0.013971 -0.157325
v 0.013438 0.013740 -0.157573
v 0.014284 0.013292 -0.157684
v 0.015000 0.012652 -0.157779
v 0.012510 0.013971 -0.157451
v 0.015543 0.011859 -0.157850
v 0.004281 0.015090 -0.150316
v 0.005394 0.016631 -0.150462
v 0.005370 0.016436 -0.152329
v 0.006495 0.017705 -0.150607
v 0.007183 0.018230 -0.150698
v 0.007106 0.017988 -0.152558
v 0.012815 0.020000 -0.151439
v 0.014010 0.019927 -0.151597
v 0.013733 0.019636 -0.153430
v 0.019134 0.017705 -0.152271
v 0.020236 0.016631 -0.152416
v 0.019776 0.016436 -0.154226
v 0.021349 0.015090 -0.152563
v 0.021594 0.014647 -0.152595
v 0.021094 0.014511 -0.154399
v 0.017874 0.010000 -0.157861
v 0.017705 0.011401 -0.157839
v 0.019643 0.010000 -0.157234
v 0.019427 0.011801 -0.157206
v 0.021133 0.010000 -0.156091
v 0.020878 0.012119 -0.156058
v 0.022196 0.010000 -0.154544
v 0.021916 0.012323 -0.154508
v 0.022729 0.010000 -0.152744
v 0.022441 0.012393 -0.152707
v 0.017209 0.012721 -0.157773
v 0.018789 0.013498 -0.157122
v 0.020127 0.014115 -0.155959
v 0.018925 0.015871 -0.155801
v 0.017767 0.014991 -0.156987
v 0.016414 0.013882 -0.157669
v 0.018447 0.018230 -0.152181
v 0.018039 0.017988 -0.153997
v 0.017341 0.017287 -0.155592
v 0.016420 0.016194 -0.156810
v 0.015367 0.014818 -0.157531
v 0.014128 0.015474 -0.157368
v 0.014827 0.017038 -0.156600
v 0.015467 0.018279 -0.155346
v 0.015985 0.019076 -0.153727
v 0.016330 0.019350 -0.151902
v 0.012770 0.015811 -0.157189
v 0.013081 0.017472 -0.156370
v 0.013413 0.018790 -0.155075
v 0.011620 0.019927 -0.151282
v 0.011413 0.019636 -0.153125
v 0.011296 0.018790 -0.154796
v 0.011282 0.017472 -0.156133
v 0.011370 0.015811 -0.157005
v 0.010012 0.015474 -0.156826
v 0.009535 0.017038 -0.155903
v 0.009242 0.018279 -0.154526
v 0.009160 0.019076 -0.152828
v 0.009299 0.019350 -0.150976
v 0.008773 0.014818 -0.156663
v 0.007942 0.016194 -0.155694
v 0.007368 0.017287 -0.154279
v 0.005784 0.015871 -0.154071
v 0.006596 0.014991 -0.155516
v 0.007726 0.013882 -0.156525
v 0.004036 0.014647 -0.150283
v 0.004052 0.014511 -0.152156
v 0.004582 0.014115 -0.153912
v 0.005574 0.013498 -0.155382
v 0.006931 0.012721 -0.156420
v 0.006435 0.011401 -0.156355
v 0.004936 0.011801 -0.155298
v 0.003831 0.012119 -0.153814
v 0.003229 0.012323 -0.152047
v 0.003188 0.012393 -0.150172
v 0.006266 0.010000 -0.156333
v 0.004719 0.010000 -0.155269
v 0.003576 0.010000 -0.153780
v 0.002949 0.010000 -0.152010
v 0.002900 0.010000 -0.150134
v 0.035743 0.010000 -0.053893
v 0.032052 0.017715 -0.054055
v 0.032423 0.017376 -0.054228
v 0.033413 0.016318 -0.054369
v 0.033968 0.015605 -0.054211
v 0.034316 0.015092 -0.054055
v 0.034731 0.014370 -0.053880
v 0.035568 0.012000 -0.053676
v 0.029252 0.019408 -0.052563
v 0.029103 0.019462 -0.052512
v 0.027731 0.019831 -0.052178
v 0.022201 0.019371 -0.053393
v 0.023720 0.019782 -0.052686
v 0.024576 0.019919 -0.052401
v 0.025743 0.019999 -0.052158
v 0.026898 0.019950 -0.052102
v 0.019328 0.017922 -0.055208
v 0.019044 0.017718 -0.055405
v 0.021766 0.019212 -0.053636
v 0.017005 0.015636 -0.056329
v 0.017745 0.016556 -0.056145
v 0.018338 0.017142 -0.055863
v 0.016598 0.014991 -0.056317
v 0.016069 0.013885 -0.056127
v 0.015703 0.012810 -0.055978
v 0.015303 0.010000 -0.055924
v 0.030941 0.018561 -0.053354
v 0.031973 0.017784 -0.054009
v 0.032476 0.018822 -0.049757
v 0.032854 0.018668 -0.049716
v 0.031949 0.018332 -0.051553
v 0.015386 0.010000 -0.054518
v 0.015227 0.010000 -0.052852
v 0.015473 0.012111 -0.053005
v 0.014801 0.010000 -0.051248
v 0.014401 0.010000 -0.050281
v 0.014629 0.012392 -0.050235
v 0.013154 0.010000 -0.048312
v 0.012791 0.010000 -0.047890
v 0.013033 0.012807 -0.047839
v 0.011954 0.010000 -0.047071
v 0.010886 0.013307 -0.046055
v 0.010627 0.010000 -0.046095
v 0.010641 0.010620 -0.046076
v 0.010856 0.013097 -0.046053
v 0.014079 0.010000 -0.049665
v 0.036770 0.010000 -0.050596
v 0.036329 0.010000 -0.051584
v 0.036512 0.012015 -0.050576
v 0.035917 0.011999 -0.052076
v 0.036090 0.014003 -0.050299
v 0.035313 0.014111 -0.051928
v 0.034318 0.016145 -0.051747
v 0.035151 0.017037 -0.049529
v 0.035470 0.016131 -0.049780
v 0.035515 0.015996 -0.049817
v 0.035816 0.015018 -0.050071
v 0.036081 0.014040 -0.050292
v 0.035146 0.017052 -0.049525
v 0.035105 0.017112 -0.049529
v 0.034846 0.017421 -0.049573
v 0.033832 0.016743 -0.051846
v 0.034461 0.017789 -0.049609
v 0.033316 0.017280 -0.051838
v 0.032774 0.017767 -0.051710
v 0.033719 0.018292 -0.049623
v 0.033935 0.018170 -0.049621
v 0.027904 0.019895 -0.051037
v 0.029970 0.019309 -0.051288
v 0.027569 0.020170 -0.049870
v 0.029247 0.019848 -0.049980
v 0.030467 0.019520 -0.049939
v 0.031207 0.019285 -0.049883
v 0.014996 0.019156 -0.047117
v 0.015906 0.017947 -0.048662
v 0.014930 0.019150 -0.047100
v 0.013934 0.019005 -0.046813
v 0.013222 0.018742 -0.046622
v 0.014761 0.017275 -0.048275
v 0.012964 0.018601 -0.046552
v 0.014054 0.016457 -0.047974
v 0.012081 0.017887 -0.046266
v 0.014285 0.016828 -0.048066
v 0.012088 0.017897 -0.046268
v 0.012089 0.017900 -0.046269
v 0.012452 0.018242 -0.046399
v 0.012179 0.017995 -0.046303
v 0.012088 0.017905 -0.046268
v 0.011305 0.015425 -0.046111
v 0.013788 0.015755 -0.047929
v 0.011756 0.016986 -0.046197
v 0.011998 0.017672 -0.046248
v 0.021444 0.019124 -0.052137
v 0.023582 0.019779 -0.051671
v 0.017951 0.016918 -0.053295
v 0.016924 0.015727 -0.053408
v 0.016515 0.015081 -0.053298
v 0.016102 0.014210 -0.053151
v 0.019491 0.018111 -0.052745
v 0.015323 0.014851 -0.050333
v 0.015564 0.015432 -0.050380
v 0.015763 0.015783 -0.050469
v 0.016157 0.016287 -0.050644
v 0.017124 0.017191 -0.050838
v 0.018810 0.018269 -0.050768
v 0.021040 0.019254 -0.050661
v 0.023425 0.019878 -0.050663
v 0.025742 0.020021 -0.051482
v 0.025741 0.020088 -0.050810
v 0.025739 0.020200 -0.050143
v 0.023250 0.020079 -0.049674
v 0.020563 0.019600 -0.049244
v 0.017938 0.018797 -0.048936
v 0.016726 0.018293 -0.048820
v 0.015266 0.019236 -0.047146
v 0.017620 0.019778 -0.047475
v 0.020285 0.020165 -0.048007
v 0.023105 0.020372 -0.048750
v 0.025703 0.020355 -0.049495
v 0.006161 0.010000 -0.043374
v 0.010009 0.020973 -0.043923
v 0.011272 0.022745 -0.041048
v 0.042607 0.010000 -0.039534
v 0.040809 0.013439 -0.042287
v 0.043322 0.013119 -0.038033
v 0.038296 0.013758 -0.046541
v 0.039569 0.010000 -0.045157
v 0.038715 0.010987 -0.046597
v 0.014875 0.019707 -0.046589
v 0.013602 0.019239 -0.046548
v 0.017507 0.020389 -0.046630
v 0.016176 0.020072 -0.046617
v 0.031373 0.020562 -0.046253
v 0.028766 0.021962 -0.042521
v 0.025163 0.022091 -0.042883
v 0.034040 0.019943 -0.046276
v 0.037290 0.017725 -0.046409
v 0.037672 0.016434 -0.046459
v 0.038009 0.015110 -0.046504
v 0.040389 0.016986 -0.042232
v 0.035887 0.021266 -0.042164
v 0.037627 0.021009 -0.042148
v 0.032351 0.021684 -0.042282
v 0.023023 0.021130 -0.046532
v 0.021564 0.022066 -0.043315
v 0.014390 0.021567 -0.043839
v 0.010875 0.021108 -0.043920
v 0.009140 0.020727 -0.043918
v 0.012085 0.017896 -0.046267
v 0.007326 0.015877 -0.043820
v 0.006947 0.012307 -0.043770
v 0.018862 0.020655 -0.046629
v 0.020237 0.020868 -0.046612
v 0.017963 0.021890 -0.043638
v 0.015689 0.022912 -0.040664
v 0.013989 0.010000 -0.144516
v 0.014989 0.010000 -0.144248
v 0.015722 0.010000 -0.143516
v 0.015989 0.010000 -0.142516
v 0.015722 0.010000 -0.141516
v 0.014989 0.010000 -0.140784
v 0.013989 0.010000 -0.140516
v 0.012989 0.010000 -0.140784
v 0.012257 0.010000 -0.141516
v 0.011989 0.010000 -0.142516
v 0.012257 0.010000 -0.143516
v 0.012989 0.010000 -0.144248
v 0.019211 0.010000 -0.104858
v 0.020211 0.010000 -0.104590
v 0.020943 0.010000 -0.103858
v 0.021211 0.010000 -0.102858
v 0.020943 0.010000 -0.101858
v 0.020211 0.010000 -0.101126
v 0.019211 0.010000 -0.100858
v 0.018211 0.010000 -0.101126
v 0.017478 0.010000 -0.101858
v 0.017211 0.010000 -0.102858
v 0.017478 0.010000 -0.103858
v 0.018211 0.010000 -0.104590
v 0.024432 0.010000 -0.065201
v 0.025432 0.010000 -0.064933
v 0.026164 0.010000 -0.064201
v 0.026432 0.010000 -0.063201
v 0.026164 0.010000 -0.062201
v 0.025432 0.010000 -0.061469
v 0.024432 0.010000 -0.061201
v 0.023432 0.010000 -0.061469
v 0.022700 0.010000 -0.062201
v 0.022432 0.010000 -0.063201
v 0.022700 0.010000 -0.064201
v 0.023432 0.010000 -0.064933
v 0.025895 -0.003917 -0.028500
v 0.022587 -0.003917 -0.028500
v 0.025895 -0.007082 -0.028500
v 0.022587 -0.006761 -0.028500
v 0.022621 -0.007479 -0.028500
v 0.022774 -0.008180 -0.028500
v 0.023010 -0.008619 -0.028500
v 0.023374 -0.008958 -0.028500
v 0.024271 -0.009224 -0.028500
v 0.024913 -0.009097 -0.028500
v 0.025438 -0.008709 -0.028500
v 0.023803 -0.009157 -0.028500
v 0.025812 -0.007940 -0.028500
v 0.022587 -0.003917 -0.028900
v 0.025895 -0.003917 -0.028900
v 0.025895 -0.007082 -0.028900
v 0.025438 -0.008709 -0.028900
v 0.025812 -0.007940 -0.028900
v 0.024271 -0.009224 -0.028900
v 0.024913 -0.009097 -0.028900
v 0.023374 -0.008958 -0.028900
v 0.023803 -0.009157 -0.028900
v 0.022774 -0.008180 -0.028900
v 0.023010 -0.008619 -0.028900
v 0.022587 -0.006761 -0.028900
v 0.022621 -0.007479 -0.028900
v 0.038493 -0.023870 -0.032536
v 0.038266 -0.023964 -0.032387
v 0.038000 -0.024000 -0.032710
v 0.038005 -0.024000 -0.032204
v 0.038000 -0.024000 -0.032200
v 0.038346 -0.023938 -0.032710
v 0.038707 -0.023707 -0.032710
v 0.038714 -0.023701 -0.032658
v 0.038866 -0.023500 -0.032700
v 0.038938 -0.023346 -0.032710
v 0.038938 -0.023346 -0.032700
v 0.039000 -0.023000 -0.032710
v 0.039000 -0.023000 -0.032700
v -0.000289 -0.016711 -0.032204
v -0.000293 -0.016707 -0.032200
v -0.000293 -0.016707 -0.037967
v 0.000414 -0.017000 -0.037967
v 0.000414 -0.017000 -0.032656
v 0.000034 -0.016925 -0.037967
v 0.000255 -0.016987 -0.032592
v -0.000055 -0.016883 -0.032405
v -0.000141 -0.016831 -0.037967
v 0.000225 -0.017018 -0.032554
v 0.000143 -0.017099 -0.032373
v 0.000121 -0.017121 -0.032200
v 0.001234 -0.017903 -0.032700
v 0.001074 -0.017969 -0.032669
v 0.000687 -0.017000 -0.032700
v 0.000907 -0.018039 -0.032554
v 0.000800 -0.018083 -0.032373
v 0.000772 -0.018095 -0.032200
v 0.001000 -0.019243 -0.032200
v 0.001031 -0.019243 -0.032373
v 0.001067 -0.019243 -0.032450
v 0.001146 -0.019243 -0.032554
v 0.001250 -0.019243 -0.032633
v 0.001327 -0.019243 -0.032669
v 0.001500 -0.019243 -0.032700
v 0.001500 -0.021000 -0.032700
v 0.001327 -0.021000 -0.032669
v 0.001250 -0.021000 -0.032633
v 0.001146 -0.021000 -0.032554
v 0.001067 -0.021000 -0.032450
v 0.001031 -0.021000 -0.032373
v 0.001000 -0.021000 -0.032200
v 0.001323 -0.021988 -0.032554
v 0.001492 -0.021925 -0.032669
v 0.004000 -0.023500 -0.032700
v 0.004000 -0.023673 -0.032669
v 0.003075 -0.023508 -0.032669
v 0.003135 -0.023345 -0.032700
v 0.002110 -0.022890 -0.032669
v 0.002232 -0.022768 -0.032700
v 0.001655 -0.021865 -0.032700
v 0.001185 -0.022038 -0.032200
v 0.001214 -0.022028 -0.032373
v 0.001402 -0.022500 -0.032200
v 0.001879 -0.023121 -0.032200
v 0.001901 -0.023099 -0.032373
v 0.002500 -0.023598 -0.032200
v 0.002972 -0.023786 -0.032373
v 0.002962 -0.023815 -0.032200
v 0.004000 -0.023969 -0.032373
v 0.004000 -0.024000 -0.032200
v 0.004000 -0.023854 -0.032554
v 0.003012 -0.023677 -0.032554
v 0.001982 -0.023018 -0.032554
v 0.008000 -0.023000 -0.036776
v 0.008062 -0.023346 -0.036776
v 0.008000 -0.023000 -0.032700
v 0.008062 -0.023346 -0.032700
v 0.008134 -0.023500 -0.032700
v 0.008293 -0.023707 -0.036776
v 0.008286 -0.023701 -0.032658
v 0.008507 -0.023870 -0.032536
v 0.008654 -0.023938 -0.036776
v 0.008734 -0.023964 -0.032387
v 0.009000 -0.024000 -0.036776
v 0.009000 -0.024000 -0.032200
v 0.008995 -0.024000 -0.032204
v 0.043000 -0.023500 -0.032700
v 0.043000 -0.023673 -0.032669
v 0.043000 -0.023854 -0.032554
v 0.043000 -0.023969 -0.032373
v 0.043000 -0.024000 -0.032200
v 0.005812 -0.021407 -0.032700
v 0.005000 -0.021625 -0.032700
v 0.004187 -0.021407 -0.032700
v 0.006407 -0.019188 -0.032700
v 0.007815 -0.018962 -0.032700
v 0.006625 -0.020000 -0.032700
v 0.008000 -0.020000 -0.032700
v 0.006407 -0.020812 -0.032700
v 0.003593 -0.020812 -0.032700
v 0.003375 -0.020000 -0.032700
v 0.003593 -0.019188 -0.032700
v 0.004187 -0.018593 -0.032700
v 0.005000 -0.018375 -0.032700
v 0.005000 -0.017000 -0.032700
v 0.005812 -0.018593 -0.032700
v 0.006038 -0.017185 -0.032700
v 0.007121 -0.017879 -0.032700
v 0.021550 -0.007771 -0.028900
v 0.027000 -0.002593 -0.028900
v 0.017000 -0.002593 -0.028900
v 0.021441 -0.003917 -0.028900
v 0.017000 -0.003917 -0.028900
v 0.025055 -0.010486 -0.028900
v 0.025779 -0.010172 -0.028900
v 0.026349 -0.009696 -0.028900
v 0.026731 -0.009060 -0.028900
v 0.026953 -0.008056 -0.028900
v 0.027000 -0.007027 -0.028900
v 0.021441 -0.005452 -0.028900
v 0.021434 -0.005821 -0.028900
v 0.021393 -0.006188 -0.028900
v 0.021285 -0.006501 -0.028900
v 0.021834 -0.008917 -0.028900
v 0.022477 -0.009899 -0.028900
v 0.023306 -0.010421 -0.028900
v 0.024271 -0.010588 -0.028900
v 0.021127 -0.006792 -0.028900
v 0.020819 -0.007154 -0.028900
v 0.021328 -0.008187 -0.028900
v 0.020458 -0.007464 -0.028900
v 0.017000 -0.009742 -0.028900
v 0.017000 -0.011407 -0.028900
v 0.019080 -0.008419 -0.028900
v 0.019722 -0.009667 -0.028900
v 0.019780 -0.007956 -0.028900
v 0.020421 -0.009160 -0.028900
v 0.021052 -0.008569 -0.028900
v 0.043407 -0.019188 -0.032700
v 0.045500 -0.016866 -0.032700
v 0.043625 -0.020000 -0.032700
v 0.045500 -0.021000 -0.032700
v 0.043407 -0.020812 -0.032700
v 0.041188 -0.021407 -0.032700
v 0.040593 -0.020812 -0.032700
v 0.040375 -0.020000 -0.032700
v 0.039000 -0.020000 -0.032700
v 0.040593 -0.019188 -0.032700
v 0.045345 -0.021865 -0.032700
v 0.044768 -0.022768 -0.032700
v 0.042813 -0.021407 -0.032700
v 0.043865 -0.023345 -0.032700
v 0.042000 -0.021625 -0.032700
v 0.039185 -0.018962 -0.032700
v 0.039879 -0.017879 -0.032700
v 0.041188 -0.018593 -0.032700
v 0.040962 -0.017185 -0.032700
v 0.042000 -0.018375 -0.032700
v 0.042000 -0.017000 -0.032700
v 0.042813 -0.018593 -0.032700
v 0.045000 -0.017000 -0.032700
v 0.045346 -0.016938 -0.032700
v 0.045750 -0.021000 -0.032633
v 0.045854 -0.021000 -0.032554
v 0.045677 -0.021988 -0.032554
v 0.045933 -0.021000 -0.032450
v 0.045969 -0.021000 -0.032373
v 0.045786 -0.022028 -0.032373
v 0.045673 -0.021000 -0.032669
v 0.045508 -0.021925 -0.032669
v 0.044890 -0.022890 -0.032669
v 0.043925 -0.023508 -0.032669
v 0.044038 -0.023815 -0.032200
v 0.044028 -0.023786 -0.032373
v 0.044500 -0.023598 -0.032200
v 0.045121 -0.023121 -0.032200
v 0.045099 -0.023099 -0.032373
v 0.045598 -0.022500 -0.032200
v 0.045815 -0.022038 -0.032200
v 0.046000 -0.021000 -0.032200
v 0.045018 -0.023018 -0.032554
v 0.043988 -0.023677 -0.032554
v 0.045921 -0.016002 -0.033482
v 0.046000 -0.016000 -0.032926
v 0.045938 -0.016346 -0.032926
v 0.045691 -0.016004 -0.033994
v 0.045890 -0.016249 -0.033473
v 0.045663 -0.016250 -0.033977
v 0.045748 -0.016572 -0.033432
v 0.045538 -0.016573 -0.033898
v 0.045707 -0.016707 -0.032926
v 0.045597 -0.016748 -0.033388
v 0.045346 -0.016938 -0.032926
v 0.045296 -0.016935 -0.033301
v 0.045000 -0.017000 -0.032926
v 0.044960 -0.017000 -0.033204
v 0.045442 -0.016708 -0.033837
v 0.045405 -0.016748 -0.033813
v 0.045140 -0.016935 -0.033646
v 0.044845 -0.017000 -0.033460
v 0.043547 -0.017000 -0.035422
v 0.044207 -0.017000 -0.034448
v 0.042000 -0.017000 -0.037176
v 0.042456 -0.017000 -0.036849
v 0.042861 -0.017000 -0.036378
v 0.041312 -0.017080 -0.037535
v 0.040796 -0.017252 -0.037557
v 0.040028 -0.017739 -0.037200
v 0.039000 -0.020000 -0.035270
v 0.039049 -0.019461 -0.035750
v 0.039284 -0.018727 -0.036386
v 0.039446 -0.018426 -0.036640
v 0.039000 -0.021280 -0.034406
v 0.039000 -0.022560 -0.033541
v 0.039000 -0.022872 -0.033196
v 0.038045 -0.023498 -0.034032
v 0.038057 -0.023119 -0.034368
v 0.038424 -0.023067 -0.034290
v 0.038414 -0.023431 -0.033973
v 0.038730 -0.022942 -0.034106
v 0.038722 -0.023267 -0.033828
v 0.038930 -0.022763 -0.033841
v 0.038927 -0.023027 -0.033618
v 0.038024 -0.023872 -0.033402
v 0.038399 -0.023794 -0.033374
v 0.038032 -0.023757 -0.033656
v 0.038715 -0.023590 -0.033298
v 0.038924 -0.023289 -0.033187
v 0.008255 -0.022780 -0.038249
v 0.008320 -0.022812 -0.038309
v 0.008315 -0.023189 -0.038031
v 0.008537 -0.022884 -0.038445
v 0.008669 -0.022911 -0.038495
v 0.008660 -0.023335 -0.038184
v 0.008885 -0.022934 -0.038539
v 0.009074 -0.022936 -0.038542
v 0.009061 -0.023375 -0.038227
v 0.008647 -0.023659 -0.037773
v 0.009043 -0.023714 -0.037806
v 0.008633 -0.023859 -0.037291
v 0.009023 -0.023927 -0.037310
v 0.008309 -0.023476 -0.037664
v 0.008301 -0.023652 -0.037234
v 0.008066 -0.022633 -0.037971
v 0.008084 -0.022960 -0.037790
v 0.008082 -0.023193 -0.037494
v 0.008080 -0.023336 -0.037147
v 0.008000 -0.022468 -0.037662
v 0.008000 -0.022688 -0.037504
v 0.008000 -0.022857 -0.037293
v 0.008000 -0.022963 -0.037044
v 0.008000 -0.020000 -0.038945
v 0.008000 -0.021237 -0.038310
v 0.007796 -0.018911 -0.039680
v 0.007550 -0.018420 -0.040003
v 0.007182 -0.017942 -0.040309
v 0.006714 -0.017538 -0.040553
v 0.006201 -0.017251 -0.040713
v 0.005634 -0.017068 -0.040783
v 0.005000 -0.017000 -0.040687
v 0.001085 -0.017000 -0.039060
v 0.001318 -0.017000 -0.039209
v 0.003093 -0.017000 -0.040126
v 0.000873 -0.017000 -0.038881
v 0.000549 -0.017000 -0.038464
v 0.000657 -0.016950 -0.039105
v 0.000210 -0.016293 -0.039570
v 0.000498 -0.016151 -0.039855
v 0.000307 -0.016577 -0.039469
v 0.000565 -0.016485 -0.039763
v 0.001136 -0.016922 -0.039545
v 0.000461 -0.016804 -0.039309
v 0.000698 -0.016758 -0.039584
v 0.000378 -0.016700 -0.039395
v 0.000981 -0.016706 -0.039830
v 0.000877 -0.016383 -0.040020
v 0.000841 -0.016011 -0.040088
v 0.000099 -0.016655 -0.039150
v -0.000023 -0.016416 -0.039245
v 0.000328 -0.016968 -0.038583
v 0.000121 -0.016875 -0.038694
v -0.000199 -0.016531 -0.038866
v -0.000058 -0.016726 -0.038790
v 0.000121 -0.017121 -0.028500
v -0.001121 -0.015879 -0.028500
v -0.001121 -0.015879 -0.037508
v -0.000501 -0.016499 -0.037853
v 0.001000 -0.019243 -0.028500
v 0.000772 -0.018095 -0.028500
v 0.001000 -0.021000 -0.028500
v 0.004000 -0.024000 -0.028500
v 0.002500 -0.023598 -0.028500
v 0.001402 -0.022500 -0.028500
v 0.043000 -0.024000 -0.028500
v 0.027532 -0.024000 -0.033884
v 0.016096 -0.024000 -0.035939
v 0.042000 -0.021625 -0.028500
v 0.042813 -0.021407 -0.028500
v 0.043407 -0.020812 -0.028500
v 0.043625 -0.020000 -0.028500
v 0.043407 -0.019188 -0.028500
v 0.042813 -0.018593 -0.028500
v 0.042000 -0.018375 -0.028500
v 0.041188 -0.018593 -0.028500
v 0.040593 -0.019188 -0.028500
v 0.040375 -0.020000 -0.028500
v 0.040593 -0.020812 -0.028500
v 0.041188 -0.021407 -0.028500
v 0.005000 -0.021625 -0.028500
v 0.005812 -0.021407 -0.028500
v 0.006407 -0.020812 -0.028500
v 0.006625 -0.020000 -0.028500
v 0.006407 -0.019188 -0.028500
v 0.005812 -0.018593 -0.028500
v 0.005000 -0.018375 -0.028500
v 0.004187 -0.018593 -0.028500
v 0.003593 -0.019188 -0.028500
v 0.003375 -0.020000 -0.028500
v 0.003593 -0.020812 -0.028500
v 0.004187 -0.021407 -0.028500
v 0.017000 -0.003917 -0.028500
v 0.021441 -0.003917 -0.028500
v 0.017000 -0.002593 -0.028500
v 0.027000 -0.002593 -0.028500
v 0.027000 -0.007027 -0.028500
v 0.026953 -0.008056 -0.028500
v 0.026731 -0.009060 -0.028500
v 0.026349 -0.009696 -0.028500
v 0.025779 -0.010172 -0.028500
v 0.025055 -0.010486 -0.028500
v 0.024271 -0.010588 -0.028500
v 0.023306 -0.010421 -0.028500
v 0.022477 -0.009899 -0.028500
v 0.021834 -0.008917 -0.028500
v 0.021550 -0.007771 -0.028500
v 0.021328 -0.008187 -0.028500
v 0.021052 -0.008569 -0.028500
v 0.020421 -0.009160 -0.028500
v 0.019722 -0.009667 -0.028500
v 0.017000 -0.011407 -0.028500
v 0.017000 -0.009742 -0.028500
v 0.019080 -0.008419 -0.028500
v 0.019780 -0.007956 -0.028500
v 0.020458 -0.007464 -0.028500
v 0.020819 -0.007154 -0.028500
v 0.021127 -0.006792 -0.028500
v 0.021285 -0.006501 -0.028500
v 0.021393 -0.006188 -0.028500
v 0.021434 -0.005821 -0.028500
v 0.021441 -0.005452 -0.028500
v -0.001760 -0.014922 -0.037389
v -0.001772 -0.014905 -0.028500
v -0.002000 -0.013757 -0.028500
v -0.002000 -0.013757 -0.037345
v -0.000911 -0.014153 -0.039126
v -0.000694 -0.014473 -0.039248
v -0.000989 -0.014923 -0.038974
v -0.000994 -0.013764 -0.039080
v -0.001296 -0.014388 -0.038819
v -0.001167 -0.015330 -0.038566
v -0.001578 -0.014605 -0.038406
v -0.001212 -0.015658 -0.038062
v -0.001736 -0.014787 -0.037917
v -0.001411 -0.013763 -0.038762
v -0.001730 -0.013761 -0.038348
v -0.001931 -0.013759 -0.037864
v 0.045753 -0.016658 -0.032631
v 0.045701 -0.016714 -0.032658
v 0.046000 -0.016000 -0.032200
v 0.046000 -0.016005 -0.032204
v 0.045935 -0.016354 -0.032446
v 0.045870 -0.016493 -0.032536
v 0.046000 -0.021000 -0.028500
v 0.045598 -0.022500 -0.028500
v 0.044500 -0.023598 -0.028500
v 0.012907 0.002000 -0.141891
v 0.013364 0.002000 -0.141434
v 0.013989 0.002000 -0.142516
v 0.013989 0.002000 -0.141266
v 0.014614 0.002000 -0.141434
v 0.013364 0.002000 -0.143599
v 0.012907 0.002000 -0.143141
v 0.012739 0.002000 -0.142516
v 0.015072 0.002000 -0.143141
v 0.014614 0.002000 -0.143599
v 0.013989 0.002000 -0.143766
v 0.015072 0.002000 -0.141891
v 0.015239 0.002000 -0.142516
v 0.018128 0.002000 -0.102233
v 0.018586 0.002000 -0.101776
v 0.019211 0.002000 -0.102858
v 0.019211 0.002000 -0.101608
v 0.019836 0.002000 -0.101776
v 0.018586 0.002000 -0.103941
v 0.018128 0.002000 -0.103483
v 0.017961 0.002000 -0.102858
v 0.020293 0.002000 -0.103483
v 0.019836 0.002000 -0.103941
v 0.019211 0.002000 -0.104108
v 0.020293 0.002000 -0.102233
v 0.020461 0.002000 -0.102858
v 0.023349 0.002000 -0.062576
v 0.023807 0.002000 -0.062118
v 0.024432 0.002000 -0.063201
v 0.024432 0.002000 -0.061951
v 0.025057 0.002000 -0.062118
v 0.023807 0.002000 -0.064283
v 0.023349 0.002000 -0.063826
v 0.023182 0.002000 -0.063201
v 0.025514 0.002000 -0.063826
v 0.025057 0.002000 -0.064283
v 0.024432 0.002000 -0.064451
v 0.025514 0.002000 -0.062576
v 0.025682 0.002000 -0.063201
v 0.045761 0.000239 -0.033944
v 0.045738 0.010000 -0.033960
v 0.045717 -0.012412 -0.033976
v 0.045749 -0.006093 -0.033954
v 0.044523 -0.016924 -0.034657
v 0.042135 -0.016964 -0.037401
v 0.042154 -0.016953 -0.037433
v 0.042702 -0.016942 -0.037077
v 0.043048 -0.016522 -0.037464
v 0.042409 -0.016608 -0.037857
v 0.042484 -0.016340 -0.037982
v 0.044793 -0.016712 -0.034835
v 0.043593 -0.016411 -0.036920
v 0.043787 -0.016039 -0.036808
v 0.044368 -0.016027 -0.035994
v 0.043855 -0.016925 -0.035637
v 0.044974 -0.016393 -0.034955
v 0.044298 -0.016402 -0.035945
v 0.044119 -0.016716 -0.035821
v 0.043417 -0.016721 -0.036790
v 0.042899 -0.016777 -0.037298
v 0.042348 -0.016737 -0.037755
v 0.043171 -0.016195 -0.037525
v 0.043495 -0.016045 -0.037200
v 0.043511 -0.016045 -0.037179
v 0.045042 -0.016015 -0.035000
v 0.043160 -0.016926 -0.036600
v 0.039331 -0.018522 -0.036908
v 0.039086 -0.019068 -0.036490
v 0.038887 -0.019152 -0.036738
v 0.038730 -0.020381 -0.035836
v 0.038425 -0.020506 -0.036021
v 0.041511 -0.016736 -0.038199
v 0.041507 -0.016530 -0.038350
v 0.040640 -0.016811 -0.038412
v 0.040598 -0.017036 -0.038243
v 0.040271 -0.016970 -0.038355
v 0.038620 -0.019173 -0.036929
v 0.038676 -0.018423 -0.037491
v 0.039337 -0.017949 -0.037717
v 0.039349 -0.017610 -0.037989
v 0.039888 -0.017444 -0.038024
v 0.040211 -0.017000 -0.038339
v 0.040227 -0.016991 -0.038344
v 0.038058 -0.020505 -0.036134
v 0.038229 -0.019409 -0.036861
v 0.038323 -0.019131 -0.037040
v 0.041496 -0.016903 -0.037997
v 0.040684 -0.017163 -0.038040
v 0.040039 -0.017541 -0.037825
v 0.039534 -0.018013 -0.037519
v 0.038953 -0.019636 -0.036042
v 0.038931 -0.020202 -0.035570
v 0.041460 -0.017013 -0.037761
v 0.040751 -0.017236 -0.037807
v 0.040162 -0.017581 -0.037590
v 0.039692 -0.018017 -0.037281
v 0.038058 -0.020558 -0.036098
v 0.038057 -0.021839 -0.035233
v 0.038424 -0.021787 -0.035156
v 0.038730 -0.021662 -0.034972
v 0.038930 -0.021483 -0.034706
v 0.015436 -0.023018 -0.037776
v 0.017464 -0.023038 -0.037455
v 0.016432 -0.023432 -0.037301
v 0.010176 -0.022952 -0.038435
v 0.011270 -0.022967 -0.038319
v 0.016370 -0.023740 -0.036894
v 0.016298 -0.023934 -0.036424
v 0.030811 -0.023763 -0.034367
v 0.032106 -0.023114 -0.034931
v 0.026197 -0.023096 -0.035797
v 0.023697 -0.023466 -0.035932
v 0.022156 -0.023076 -0.036570
v 0.021147 -0.023069 -0.036777
v 0.022106 -0.023076 -0.036581
v 0.022151 -0.023076 -0.036571
v 0.023620 -0.023756 -0.035535
v 0.008065 -0.021398 -0.038618
v 0.008251 -0.021542 -0.038896
v 0.008863 -0.020448 -0.039829
v 0.009049 -0.020452 -0.039836
v 0.008875 -0.021695 -0.039190
v 0.009062 -0.021698 -0.039195
v 0.008530 -0.021644 -0.039093
v 0.008021 -0.020091 -0.039124
v 0.008064 -0.020156 -0.039253
v 0.008247 -0.020297 -0.039531
v 0.008311 -0.020327 -0.039591
v 0.008523 -0.020397 -0.039729
v 0.006262 -0.017228 -0.041003
v 0.004939 -0.016947 -0.040999
v 0.006353 -0.017128 -0.041268
v 0.004883 -0.016794 -0.041284
v 0.004840 -0.016556 -0.041502
v 0.008425 -0.019066 -0.040479
v 0.008887 -0.019355 -0.040392
v 0.006841 -0.016852 -0.041582
v 0.007734 -0.017489 -0.041302
v 0.007679 -0.017840 -0.041086
v 0.007921 -0.017674 -0.041217
v 0.008436 -0.018344 -0.040895
v 0.004814 -0.016270 -0.041632
v 0.005867 -0.016464 -0.041717
v 0.006466 -0.016957 -0.041484
v 0.006215 -0.016583 -0.041687
v 0.006591 -0.016730 -0.041631
v 0.007839 -0.018975 -0.039842
v 0.007227 -0.017970 -0.040460
v 0.007911 -0.019026 -0.039999
v 0.007290 -0.017980 -0.040607
v 0.007461 -0.017946 -0.040876
v 0.008129 -0.019080 -0.040277
v 0.004938 -0.016946 -0.041002
v 0.002171 -0.016018 -0.040801
v 0.002180 -0.016020 -0.040806
v 0.002748 -0.016444 -0.040952
v 0.002302 -0.016041 -0.040867
v 0.003176 -0.016151 -0.041215
v 0.002954 -0.016931 -0.040459
v 0.002833 -0.016738 -0.040748
v 0.000574 -0.015727 -0.039945
v -0.000590 -0.016242 -0.038482
v -0.000062 -0.015099 -0.039600
v -0.000196 -0.015285 -0.039506
v -0.000490 -0.015815 -0.039077
v -0.002000 -0.001879 -0.037372
v -0.001880 -0.001879 -0.038053
v -0.001020 0.010000 -0.039081
v -0.001034 -0.001880 -0.039084
v -0.001555 -0.001880 -0.038629
v -0.001561 0.010000 -0.038610
v 0.015882 0.009043 -0.157895
v 0.013438 0.006260 -0.157573
v 0.012510 0.006029 -0.157451
v 0.011554 0.006029 -0.157325
v 0.010625 0.006260 -0.157203
v 0.009779 0.006708 -0.157091
v 0.015000 0.007348 -0.157779
v 0.009063 0.007348 -0.156997
v 0.008520 0.008141 -0.156926
v 0.014284 0.006708 -0.157684
v 0.015543 0.008141 -0.157850
v 0.008181 0.009043 -0.156881
v 0.036801 0.009580 -0.050573
v 0.036770 0.010000 -0.050596
v 0.039009 0.010000 -0.046227
v 0.041239 0.008099 -0.042213
v 0.041292 0.004697 -0.042242
v 0.036824 0.009156 -0.050541
v 0.041315 0.010000 -0.041893
v 0.013989 0.010000 -0.141266
v 0.014614 0.010000 -0.141434
v 0.015072 0.010000 -0.141891
v 0.015239 0.010000 -0.142516
v 0.015072 0.010000 -0.143141
v 0.014614 0.010000 -0.143599
v 0.013989 0.010000 -0.143766
v 0.013364 0.010000 -0.143599
v 0.012907 0.010000 -0.143141
v 0.012739 0.010000 -0.142516
v 0.012907 0.010000 -0.141891
v 0.013364 0.010000 -0.141434
v 0.019211 0.010000 -0.101608
v 0.019836 0.010000 -0.101776
v 0.020293 0.010000 -0.102233
v 0.020461 0.010000 -0.102858
v 0.020293 0.010000 -0.103483
v 0.019836 0.010000 -0.103941
v 0.019211 0.010000 -0.104108
v 0.018586 0.010000 -0.103941
v 0.018128 0.010000 -0.103483
v 0.017961 0.010000 -0.102858
v 0.018128 0.010000 -0.102233
v 0.018586 0.010000 -0.101776
v 0.024432 0.010000 -0.061951
v 0.025057 0.010000 -0.062118
v 0.025514 0.010000 -0.062576
v 0.025682 0.010000 -0.063201
v 0.025514 0.010000 -0.063826
v 0.025057 0.010000 -0.064283
v 0.024432 0.010000 -0.064451
v 0.023807 0.010000 -0.064283
v 0.023349 0.010000 -0.063826
v 0.023182 0.010000 -0.063201
v 0.023349 0.010000 -0.062576
v 0.023807 0.010000 -0.062118
v 0.025269 -0.004737 -0.047886
v 0.025371 -0.004722 -0.047894
v 0.025634 -0.007369 -0.046208
v 0.028386 -0.004099 -0.048171
v 0.034284 -0.001723 -0.048789
v 0.034622 -0.001303 -0.048926
v 0.038955 -0.011276 -0.042057
v 0.043027 -0.013602 -0.038027
v 0.007462 -0.008317 -0.043791
v 0.007619 -0.009370 -0.043812
v 0.007182 -0.006184 -0.043754
v 0.006763 -0.001838 -0.043699
v 0.009817 -0.011599 -0.043860
v 0.008775 -0.011222 -0.043852
v 0.013644 -0.017898 -0.040887
v 0.020584 -0.012663 -0.043337
v 0.016225 -0.012387 -0.043679
v 0.024950 -0.012722 -0.042824
v 0.029318 -0.012558 -0.042388
v 0.033654 -0.012183 -0.042131
v 0.037906 -0.011614 -0.042050
v 0.039778 -0.010505 -0.042074
v 0.043299 -0.008288 -0.038063
v 0.036585 0.004810 -0.049977
v 0.036828 0.007338 -0.050342
v 0.038894 0.003453 -0.046370
v 0.038419 0.000049 -0.046308
v 0.036358 0.003578 -0.049793
v 0.036519 0.004409 -0.049917
v 0.035289 0.000195 -0.049321
v 0.035374 0.000397 -0.049348
v 0.037654 -0.003219 -0.046207
v 0.035555 0.000850 -0.049408
v 0.036138 0.002663 -0.049659
v 0.035090 -0.000439 -0.049161
v 0.035261 0.000092 -0.049296
v 0.040183 -0.009464 -0.042096
v 0.035285 0.000187 -0.049320
v 0.034870 -0.000908 -0.049038
v 0.031102 -0.003231 -0.048450
v 0.033218 -0.002312 -0.048667
v 0.034181 -0.001809 -0.048763
v 0.034214 -0.001793 -0.048764
v 0.022202 -0.007283 -0.046387
v 0.018807 -0.006876 -0.046471
v 0.019367 -0.004741 -0.047502
v 0.021510 -0.004966 -0.047609
v 0.023773 -0.004920 -0.047762
v 0.025261 -0.004737 -0.047885
v 0.008335 -0.017647 -0.041225
v 0.011927 -0.011909 -0.043843
v 0.015519 -0.006170 -0.046461
v 0.015418 -0.003493 -0.047379
v 0.017261 -0.004228 -0.047427
v 0.013943 -0.002158 -0.047266
v 0.014073 -0.002367 -0.047286
v 0.007982 -0.010418 -0.043834
v 0.014500 -0.002856 -0.047334
v 0.014819 -0.003127 -0.047356
v 0.015310 -0.003438 -0.047376
v 0.013469 -0.001395 -0.047151
v 0.013865 -0.002016 -0.047252
v 0.013879 -0.002035 -0.047256
v 0.011467 0.003345 -0.046550
v 0.011851 0.002098 -0.046683
v 0.012413 0.000651 -0.046858
v 0.012636 0.000159 -0.046924
v 0.006550 0.002577 -0.043671
v 0.011159 0.004612 -0.046430
v 0.010758 0.007168 -0.046233
v 0.006555 0.007015 -0.043672
v 0.010627 0.010000 -0.046094
v 0.004817 0.010000 -0.042564
v 0.040341 -0.008411 -0.042117
v 0.040859 -0.004119 -0.042185
v 0.041181 0.000265 -0.042228
v 0.036123 0.009749 -0.052194
v 0.036246 0.010000 -0.051809
v 0.035741 0.009920 -0.053908
v 0.021349 0.004910 -0.152563
v 0.020236 0.003369 -0.152416
v 0.019776 0.003564 -0.154226
v 0.006495 0.002295 -0.150607
v 0.005394 0.003369 -0.150462
v 0.005370 0.003564 -0.152329
v 0.004281 0.004910 -0.150316
v 0.004036 0.005353 -0.150283
v 0.004052 0.005489 -0.152156
v 0.010012 0.004526 -0.156826
v 0.011370 0.004189 -0.157005
v 0.009535 0.002962 -0.155903
v 0.011282 0.002528 -0.156133
v 0.009242 0.001721 -0.154526
v 0.011296 0.001210 -0.154796
v 0.009160 0.000924 -0.152828
v 0.011413 0.000364 -0.153125
v 0.009299 0.000650 -0.150976
v 0.012770 0.004189 -0.157189
v 0.014128 0.004526 -0.157368
v 0.013081 0.002528 -0.156370
v 0.014827 0.002962 -0.156600
v 0.013413 0.001210 -0.155075
v 0.015467 0.001721 -0.155346
v 0.013733 0.000364 -0.153430
v 0.015985 0.000924 -0.153727
v 0.015367 0.005182 -0.157531
v 0.016420 0.003806 -0.156810
v 0.017341 0.002713 -0.155592
v 0.018039 0.002012 -0.153997
v 0.006435 0.008599 -0.156355
v 0.004936 0.008199 -0.155298
v 0.003831 0.007881 -0.153814
v 0.003229 0.007677 -0.152047
v 0.003188 0.007607 -0.150172
v 0.006931 0.007279 -0.156420
v 0.005574 0.006502 -0.155382
v 0.004582 0.005885 -0.153912
v 0.005784 0.004129 -0.154071
v 0.006596 0.005009 -0.155516
v 0.007726 0.006118 -0.156525
v 0.007183 0.001770 -0.150698
v 0.007106 0.002012 -0.152558
v 0.007368 0.002713 -0.154279
v 0.007942 0.003806 -0.155694
v 0.008773 0.005182 -0.156663
v 0.014010 0.000073 -0.151597
v 0.012815 -0.000000 -0.151439
v 0.011620 0.000073 -0.151282
v 0.019134 0.002295 -0.152271
v 0.018447 0.001770 -0.152181
v 0.016330 0.000650 -0.151902
v 0.018925 0.004129 -0.155801
v 0.017767 0.005009 -0.156987
v 0.016414 0.006118 -0.157669
v 0.021594 0.005353 -0.152595
v 0.021094 0.005489 -0.154399
v 0.020127 0.005885 -0.155959
v 0.018789 0.006502 -0.157122
v 0.017209 0.007279 -0.157773
v 0.017705 0.008599 -0.157839
v 0.019427 0.008199 -0.157206
v 0.020878 0.007881 -0.156058
v 0.021916 0.007677 -0.154508
v 0.022441 0.007607 -0.152707
v 0.014700 0.010000 -0.050969
v 0.013942 0.010000 -0.049434
v 0.015176 0.010000 -0.052563
v 0.012961 0.010000 -0.048084
v 0.011748 0.010000 -0.046897
v 0.015382 0.010000 -0.054259
v 0.015263 0.010000 -0.053037
v 0.031331 0.001420 -0.054189
v 0.032627 0.002486 -0.054305
v 0.033175 0.001772 -0.052309
v 0.033106 -0.000344 -0.050200
v 0.015404 0.008109 -0.053203
v 0.012570 0.003861 -0.047310
v 0.013698 0.000948 -0.047634
v 0.015052 -0.001329 -0.047936
v 0.017538 -0.002917 -0.048068
v 0.016216 -0.002324 -0.048013
v 0.021941 -0.003862 -0.048314
v 0.018959 -0.003378 -0.048136
v 0.024965 -0.003786 -0.048556
v 0.031930 -0.000985 -0.050081
v 0.030662 -0.001544 -0.049956
v 0.027928 -0.002386 -0.049686
v 0.024994 -0.002830 -0.049421
v 0.034020 0.000769 -0.050556
v 0.034983 0.002592 -0.050822
v 0.036317 0.007303 -0.051244
v 0.035836 0.004913 -0.051050
v 0.027327 -0.000157 -0.053850
v 0.025096 -0.000323 -0.053865
v 0.025352 0.000000 -0.056384
v 0.027157 0.000162 -0.056221
v 0.028217 0.000412 -0.056218
v 0.029441 0.000440 -0.053972
v 0.028763 0.000591 -0.056243
v 0.030808 0.001614 -0.056493
v 0.031745 0.002302 -0.056551
v 0.032467 0.002941 -0.056428
v 0.033891 0.003950 -0.054032
v 0.033745 0.004376 -0.055810
v 0.034021 0.004765 -0.055637
v 0.034946 0.005768 -0.053673
v 0.034782 0.006085 -0.055081
v 0.035628 0.007761 -0.053320
v 0.035256 0.007252 -0.054643
v 0.035499 0.008112 -0.054362
v 0.034309 0.003348 -0.052350
v 0.035300 0.005374 -0.052319
v 0.035914 0.007542 -0.052260
v 0.032101 0.000748 -0.052049
v 0.014472 0.004870 -0.049423
v 0.015164 0.005312 -0.050693
v 0.015517 0.002474 -0.049714
v 0.016166 0.003128 -0.051000
v 0.016741 0.000632 -0.049972
v 0.017350 0.001444 -0.051276
v 0.017728 -0.000234 -0.050018
v 0.018332 0.000576 -0.051308
v 0.019954 -0.001274 -0.050109
v 0.020361 -0.000458 -0.051338
v 0.022438 -0.001873 -0.050234
v 0.022646 -0.001096 -0.051390
v 0.025022 -0.001992 -0.050400
v 0.025048 -0.001288 -0.051480
v 0.027589 -0.001022 -0.051629
v 0.018201 -0.001789 -0.048967
v 0.017016 -0.001210 -0.048911
v 0.015968 -0.000301 -0.048849
v 0.014686 0.001741 -0.048583
v 0.013600 0.004382 -0.048287
v 0.022202 -0.002801 -0.049202
v 0.019483 -0.002256 -0.049034
v 0.031079 0.000168 -0.051937
v 0.029975 -0.000327 -0.051829
v 0.015885 0.006446 -0.056504
v 0.016311 0.005419 -0.056784
v 0.016896 0.004466 -0.055455
v 0.016574 0.004911 -0.056937
v 0.016714 0.004667 -0.057014
v 0.018044 0.002951 -0.055899
v 0.016025 0.006272 -0.055008
v 0.015458 0.008095 -0.056153
v 0.017798 0.003186 -0.057513
v 0.018743 0.002290 -0.057623
v 0.019351 0.001821 -0.055907
v 0.019399 0.001803 -0.057545
v 0.021107 0.000830 -0.055643
v 0.020944 0.000606 -0.054138
v 0.019154 0.001617 -0.054293
v 0.018010 0.002619 -0.054281
v 0.016865 0.004136 -0.053908
v 0.015949 0.006021 -0.053519
v 0.014563 0.007730 -0.050435
v 0.013850 0.007507 -0.049178
v 0.012961 0.007268 -0.048042
v 0.011917 0.007017 -0.047049
v 0.022960 -0.000059 -0.053982
v 0.020693 0.000173 -0.052692
v 0.018811 0.001198 -0.052746
v 0.017776 0.002112 -0.052726
v 0.016619 0.003686 -0.052410
v 0.015660 0.005698 -0.052070
v 0.021178 0.000840 -0.057171
v 0.021829 0.000591 -0.057033
v 0.022203 0.000469 -0.056955
v 0.025212 0.000001 -0.056405
vn -0.195032 -0.082513 -0.977320
vn -0.028545 0.093812 -0.995181
vn -0.219288 -0.074278 -0.972829
vn -0.013488 0.073308 -0.997218
vn -0.233131 -0.054095 -0.970939
vn -0.002306 0.050362 -0.998728
vn -0.242854 -0.031586 -0.969549
vn 0.004506 0.025919 -0.999654
vn -0.247610 -0.007098 -0.968834
vn 0.006330 0.000903 -0.999980
vn -0.247775 0.017978 -0.968651
vn 0.003047 -0.024087 -0.999705
vn -0.242516 0.042721 -0.969206
vn -0.004718 -0.047948 -0.998839
vn -0.217931 0.056692 -0.974316
vn -0.041737 -0.056800 -0.997513
vn -0.231098 0.092462 -0.968527
vn -0.046516 -0.082648 -0.995493
vn -0.212487 0.109870 -0.970967
vn -0.065434 -0.098043 -0.993029
vn -0.190917 0.123001 -0.973869
vn -0.086780 -0.110014 -0.990134
vn -0.167176 0.131898 -0.977065
vn -0.110297 -0.117199 -0.986965
vn -0.142586 0.136392 -0.980340
vn -0.134901 -0.119513 -0.983625
vn -0.117616 0.135597 -0.983758
vn -0.159717 -0.117094 -0.980194
vn -0.093620 0.130066 -0.987076
vn -0.184211 -0.109929 -0.976720
vn -0.070854 0.120191 -0.990219
vn -0.039949 0.120329 -0.991930
vn -0.064591 0.082521 -0.994494
vn -0.229875 -0.093495 -0.968719
vn -0.040003 0.074257 -0.996436
vn -0.245165 -0.073222 -0.966712
vn -0.026180 0.054263 -0.998183
vn -0.256165 -0.050515 -0.965312
vn -0.016405 0.031411 -0.999372
vn -0.262389 -0.026057 -0.964610
vn -0.011183 0.007153 -0.999912
vn -0.264065 -0.000678 -0.964505
vn -0.011249 -0.018018 -0.999774
vn -0.261290 0.024026 -0.964961
vn -0.016298 -0.043024 -0.998941
vn -0.253762 0.047825 -0.966084
vn -0.256457 0.078535 -0.963360
vn -0.001376 -0.078716 -0.996896
vn -0.027604 -0.092497 -0.995330
vn -0.212090 0.081872 -0.973814
vn -0.046268 -0.109464 -0.992913
vn -0.193698 0.098061 -0.976148
vn -0.067699 -0.122745 -0.990126
vn -0.172312 0.109781 -0.978906
vn -0.091373 -0.131589 -0.987084
vn -0.148887 0.117386 -0.981862
vn -0.115980 -0.135938 -0.983905
vn -0.124186 0.120223 -0.984949
vn -0.140948 -0.135454 -0.980707
vn -0.099110 0.117782 -0.988081
vn -0.165452 -0.130300 -0.977572
vn -0.075195 0.109664 -0.991120
vn -0.187980 -0.120494 -0.974754
vn -0.217790 -0.120076 -0.968581
vn 0.214176 -0.062870 0.974770
vn 0.007970 0.064145 0.997909
vn 0.235749 -0.048681 0.970594
vn -0.001202 0.040453 0.999181
vn 0.243742 -0.025315 0.969510
vn -0.005999 0.015572 0.999861
vn 0.247321 -0.000754 0.968933
vn -0.006102 -0.009693 0.999934
vn 0.245639 0.023999 0.969064
vn -0.001240 -0.034648 0.999399
vn 0.239077 0.048150 0.969806
vn 0.007836 -0.057910 0.998291
vn 0.227875 0.070932 0.971103
vn 0.021312 -0.078741 0.996667
vn 0.200199 0.077819 0.976660
vn 0.045652 0.062494 0.997001
vn 0.250572 -0.064200 0.965967
vn 0.023929 0.048298 0.998546
vn 0.260234 -0.040622 0.964691
vn 0.015738 0.025287 0.999556
vn 0.265046 -0.015560 0.964110
vn 0.012464 0.000940 0.999922
vn 0.264875 0.009741 0.964234
vn 0.013763 -0.023987 0.999618
vn 0.260006 0.034509 0.964990
vn 0.019961 -0.048348 0.998631
vn 0.250941 0.057811 0.966275
vn 0.030898 -0.071229 0.996981
vn 0.237503 0.078848 0.968181
vn 0.059188 -0.077756 0.995214
vn 0.026330 -0.108952 0.993698
vn 0.054721 -0.115874 0.991755
vn 0.188225 0.100961 0.976923
vn 0.076889 -0.127874 0.988805
vn 0.166619 0.111764 0.979667
vn 0.101376 -0.134950 0.985653
vn 0.142846 0.117787 0.982711
vn 0.126424 -0.137273 0.982432
vn 0.118090 0.118280 0.985933
vn 0.151403 -0.134639 0.979260
vn 0.093696 0.114082 0.989043
vn 0.175317 -0.127702 0.976195
vn 0.070064 0.105664 0.991930
vn 0.197379 -0.116325 0.973401
vn 0.048581 0.092058 0.994568
vn 0.216799 -0.100777 0.971001
vn 0.245733 -0.092868 0.964879
vn 0.232073 0.109516 0.966514
vn 0.203857 0.116019 0.972102
vn 0.070867 -0.100858 0.992374
vn 0.181357 0.127634 0.975100
vn 0.092975 -0.111222 0.989437
vn 0.157288 0.134964 0.978287
vn 0.116703 -0.116813 0.986273
vn 0.132125 0.137401 0.981664
vn 0.141080 -0.117886 0.982954
vn 0.107199 0.135241 0.984997
vn 0.165456 -0.114405 0.979559
vn 0.083255 0.127879 0.988289
vn 0.188850 -0.105263 0.976348
vn 0.061178 0.116282 0.991330
vn 0.210523 -0.091989 0.973251
vn 0.041823 0.101147 0.993992
vn 0.012225 0.092934 0.995597
vn 0.276249 -0.960325 -0.038243
vn 0.241803 -0.969879 -0.029432
vn 0.159548 -0.986912 -0.023417
vn 0.099320 -0.994998 -0.010665
vn 0.015416 -0.999871 -0.004432
vn -0.020306 -0.999783 0.004546
vn -0.129445 -0.991498 0.013216
vn -0.157936 -0.987188 0.022742
vn -0.235304 -0.971481 0.029256
vn -0.274311 -0.960851 0.038982
vn -0.316130 -0.947922 0.038802
vn -0.332092 -0.942019 0.048114
vn -0.466202 -0.882691 0.059261
vn -0.481553 -0.873944 0.065790
vn -0.500301 -0.863522 0.063471
vn -0.521485 -0.850329 0.070670
vn -0.629363 -0.773121 0.078652
vn -0.646191 -0.758075 0.088089
vn -0.686890 -0.721477 0.087481
vn -0.716114 -0.691359 0.095933
vn -0.760065 -0.642376 0.098254
vn -0.776472 -0.621132 0.106238
vn -0.845640 -0.522421 0.109400
vn -0.860972 -0.495307 0.115746
vn -0.872025 -0.476378 0.112415
vn -0.876157 -0.467463 0.117590
vn -0.940971 -0.316761 0.119315
vn -0.943144 -0.307261 0.126768
vn -0.953420 -0.275545 0.122743
vn -0.962822 -0.237591 0.128550
vn -0.981142 -0.145621 0.127101
vn -0.984340 -0.115451 0.133215
vn -0.991438 -0.021907 0.128729
vn -0.991093 0.018012 0.131949
vn -0.990535 0.050057 0.127805
vn -0.989055 0.060071 0.134763
vn -0.966874 0.222523 0.125055
vn -0.963965 0.232495 0.129299
vn -0.959398 0.253379 0.123910
vn -0.950424 0.283813 0.127061
vn -0.910453 0.397058 0.115845
vn -0.898623 0.421956 0.120123
vn -0.869640 0.480618 0.112836
vn -0.848001 0.517459 0.114591
vn -0.819483 0.563429 0.104861
vn -0.805142 0.582752 0.110209
vn -0.722361 0.685223 0.093082
vn -0.704436 0.703362 0.095137
vn -0.690286 0.718106 0.088482
vn -0.676371 0.730897 0.091165
vn -0.563477 0.823179 0.069787
vn -0.547990 0.833119 0.074962
vn -0.512463 0.856277 0.064592
vn -0.476280 0.876930 0.064427
vn -0.406405 0.912237 0.051554
vn -0.378476 0.924054 0.053657
vn -0.276727 0.960327 0.034559
vn -0.241216 0.969870 0.034158
vn -0.160193 0.986909 0.018678
vn -0.098685 0.995000 0.015404
vn -0.016036 0.999871 -0.000291
vn 0.020787 0.999784 -0.000864
vn 0.128459 0.991498 -0.020739
vn 0.158476 0.987182 -0.018915
vn 0.234888 0.971474 -0.032645
vn 0.275083 0.960842 -0.033347
vn 0.315343 0.947942 -0.044331
vn 0.333160 0.942044 -0.039470
vn 0.465684 0.882676 -0.063421
vn 0.482242 0.873905 -0.061095
vn 0.499673 0.863527 -0.068174
vn 0.521888 0.850403 -0.066694
vn 0.628257 0.773136 -0.086910
vn 0.647058 0.758000 -0.082169
vn 0.686210 0.721397 -0.093285
vn 0.716553 0.691348 -0.092683
vn 0.759611 0.642359 -0.101817
vn 0.777529 0.621108 -0.098349
vn 0.845140 0.522421 -0.113198
vn 0.861584 0.495324 -0.111031
vn 0.871396 0.476395 -0.117114
vn 0.876737 0.467463 -0.113185
vn 0.939801 0.316726 -0.128290
vn 0.943817 0.307261 -0.121659
vn 0.952696 0.275564 -0.128196
vn 0.963279 0.237614 -0.125029
vn 0.980573 0.145855 -0.131163
vn 0.985258 0.115622 -0.126088
vn 0.990970 0.022070 -0.132254
vn 0.991475 -0.017992 -0.129053
vn 0.989855 -0.050198 -0.132917
vn 0.990238 -0.060028 -0.125802
vn 0.966284 -0.222565 -0.129464
vn 0.964574 -0.232536 -0.124596
vn 0.958735 -0.253540 -0.128626
vn 0.950932 -0.283788 -0.123263
vn 0.909534 -0.396775 -0.123767
vn 0.899104 -0.421933 -0.116554
vn 0.869131 -0.480767 -0.116077
vn 0.848673 -0.517612 -0.108778
vn 0.818770 -0.563325 -0.110814
vn 0.806363 -0.582566 -0.101953
vn 0.721854 -0.685207 -0.097048
vn 0.704989 -0.703431 -0.090416
vn 0.689594 -0.718176 -0.093183
vn 0.676937 -0.730881 -0.087004
vn 0.562340 -0.823178 -0.078428
vn 0.548696 -0.833135 -0.069422
vn 0.511701 -0.856288 -0.070240
vn 0.476715 -0.876936 -0.061038
vn 0.405995 -0.912194 -0.055402
vn 0.379578 -0.924008 -0.046143
vn 0.051724 0.998629 -0.008002
vn 0.006022 0.999981 0.001217
vn -0.095189 0.995399 0.010936
vn -0.163685 0.986241 0.023143
vn -0.262025 0.964500 0.032906
vn -0.306366 0.951008 0.041522
vn -0.411655 0.909830 0.052442
vn -0.442176 0.894992 0.058906
vn -0.540038 0.838733 0.069907
vn -0.577750 0.812472 0.078072
vn -0.657145 0.748965 0.084920
vn -0.707218 0.700625 0.094698
vn -0.774154 0.624997 0.100327
vn -0.801980 0.587730 0.106775
vn -0.863145 0.492404 0.111884
vn -0.879225 0.461958 0.116443
vn -0.925754 0.358349 0.120689
vn -0.940908 0.314399 0.125882
vn -0.968152 0.216422 0.125867
vn -0.980367 0.147675 0.130661
vn -0.990545 0.047188 0.128819
vn -0.991291 0.000123 0.131693
vn -0.985257 -0.113555 0.127958
vn -0.980411 -0.148181 0.129756
vn -0.957693 -0.259285 0.124884
vn -0.944385 -0.303605 0.126338
vn -0.909530 -0.398493 0.118146
vn -0.879233 -0.461714 0.117347
vn -0.828819 -0.549088 0.107528
vn -0.801872 -0.587881 0.106756
vn -0.730908 -0.675905 0.094478
vn -0.707011 -0.700958 0.093773
vn -0.623878 -0.777319 0.080946
vn -0.587049 -0.805659 0.079294
vn -0.503495 -0.861573 0.064693
vn -0.442002 -0.895020 0.059788
vn -0.350577 -0.935473 0.044561
vn -0.306207 -0.951060 0.041504
vn -0.197751 -0.979952 0.024276
vn -0.163745 -0.986252 0.022251
vn -0.052033 -0.998629 0.005658
vn -0.005502 -0.999981 0.002735
vn 0.094774 -0.995399 -0.014073
vn 0.164094 -0.986242 -0.020010
vn 0.261613 -0.964500 -0.036030
vn 0.306746 -0.950984 -0.039197
vn 0.411324 -0.909773 -0.055907
vn 0.442355 -0.894992 -0.057545
vn 0.539730 -0.838732 -0.072248
vn 0.578282 -0.812463 -0.074119
vn 0.656744 -0.748955 -0.088052
vn 0.707548 -0.700709 -0.091557
vn 0.773633 -0.625134 -0.103436
vn 0.802289 -0.587730 -0.104432
vn 0.862850 -0.492122 -0.115347
vn 0.879556 -0.461663 -0.115103
vn 0.925446 -0.358348 -0.123028
vn 0.941368 -0.314578 -0.121930
vn 0.967709 -0.216561 -0.128996
vn 0.980807 -0.147489 -0.127534
vn 0.990151 -0.046791 -0.131954
vn 0.991598 0.000093 -0.129357
vn 0.984845 0.113189 -0.131411
vn 0.980685 0.147531 -0.128418
vn 0.957446 0.259051 -0.127240
vn 0.944904 0.303606 -0.122395
vn 0.909057 0.398634 -0.121268
vn 0.879578 0.461844 -0.114204
vn 0.828397 0.549105 -0.110647
vn 0.802164 0.587904 -0.104416
vn 0.730455 0.675904 -0.097921
vn 0.707046 0.701106 -0.092396
vn 0.623569 0.777319 -0.083290
vn 0.587557 0.805667 -0.075344
vn 0.503082 0.861573 -0.067831
vn 0.442499 0.894977 -0.056660
vn 0.350247 0.935442 -0.047707
vn 0.306589 0.951036 -0.039173
vn 0.197288 0.979953 -0.027731
vn 0.163917 0.986253 -0.020887
vn 0.164300 -0.376140 0.911880
vn 0.240903 -0.358848 0.901772
vn 0.180179 -0.699143 0.691907
vn 0.322508 -0.665320 0.673303
vn 0.168048 -0.915512 0.365510
vn 0.368206 -0.878445 0.304564
vn 0.312315 -0.325618 0.892430
vn 0.375252 -0.278578 0.884071
vn 0.454644 -0.602766 0.655723
vn 0.570953 -0.513652 0.640448
vn 0.540444 -0.763943 0.352577
vn 0.679094 -0.670714 0.298285
vn 0.427019 -0.219122 0.877291
vn 0.666251 -0.402029 0.628078
vn 0.818588 -0.519455 0.245112
vn 0.465300 -0.149910 0.872366
vn 0.488658 -0.074358 0.869301
vn 0.736536 -0.272781 0.618955
vn 0.778898 -0.131963 0.613110
vn 0.892899 -0.330179 0.306127
vn 0.949868 -0.169858 0.262484
vn 0.495947 0.004414 0.868342
vn 0.790928 0.014974 0.611726
vn 0.973686 0.037990 0.224706
vn 0.486858 0.082976 0.869531
vn 0.461876 0.157864 0.872782
vn 0.772830 0.160956 0.613862
vn 0.724711 0.300055 0.620292
vn 0.925207 0.229720 0.302026
vn 0.877038 0.395898 0.272157
vn 0.421931 0.225987 0.878012
vn 0.648962 0.425962 0.630400
vn 0.774330 0.580928 0.250870
vn 0.368648 0.284274 0.885035
vn 0.304844 0.330245 0.893313
vn 0.548874 0.533334 0.643655
vn 0.429254 0.617487 0.659129
vn 0.625100 0.701728 0.341801
vn 0.488395 0.810357 0.323714
vn 0.232831 0.361465 0.902847
vn 0.294435 0.674443 0.677078
vn 0.296724 0.901817 0.314134
vn 0.155665 0.376581 0.913211
vn 0.077224 0.375537 0.923584
vn 0.150893 0.702050 0.695958
vn 0.004919 0.699174 0.714935
vn 0.107110 0.905916 0.409687
vn -0.067767 0.915453 0.396679
vn 0.000789 0.358767 0.933427
vn -0.137173 0.665255 0.733907
vn -0.276836 0.878485 0.389391
vn -0.070587 0.325654 0.942850
vn -0.133519 0.278330 0.951160
vn -0.269334 0.602655 0.751177
vn -0.385814 0.513650 0.766362
vn -0.430724 0.764001 0.480395
vn -0.578761 0.670678 0.463925
vn -0.185388 0.218891 0.957976
vn -0.481200 0.402116 0.778941
vn -0.727159 0.519560 0.448662
vn -0.224232 0.150182 0.962894
vn -0.247641 0.074535 0.965981
vn -0.551692 0.273172 0.788044
vn -0.593783 0.131864 0.793747
vn -0.783064 0.330124 0.527094
vn -0.849282 0.169647 0.499940
vn -0.254669 -0.004344 0.967019
vn -0.605704 -0.014918 0.795550
vn -0.882321 -0.037931 0.469117
vn -0.245391 -0.082981 0.965866
vn -0.220269 -0.158027 0.962553
vn -0.587420 -0.160971 0.793112
vn -0.539603 -0.300166 0.786593
vn -0.815318 -0.229675 0.531513
vn -0.776630 -0.395893 0.490015
vn -0.180523 -0.226226 0.957201
vn -0.463856 -0.426167 0.776672
vn -0.683092 -0.580945 0.442592
vn -0.127313 -0.284334 0.950234
vn -0.062974 -0.329772 0.941958
vn -0.363763 -0.533468 0.763602
vn -0.243989 -0.617624 0.747670
vn -0.515518 -0.701901 0.491504
vn -0.388004 -0.810476 0.438840
vn 0.009008 -0.361255 0.932424
vn -0.109191 -0.674596 0.730067
vn -0.205267 -0.901839 0.380199
vn 0.085928 -0.376982 0.922226
vn 0.034402 -0.702004 0.711342
vn 0.002478 -0.906026 0.423215
vn 0.433910 -0.796326 -0.421410
vn 0.581383 -0.668346 -0.464012
vn 0.694370 -0.531430 -0.485214
vn 0.805903 -0.359119 -0.470695
vn 0.850077 -0.166491 -0.499650
vn 0.861724 0.012097 -0.507232
vn 0.852309 0.215549 -0.476558
vn 0.775065 0.398940 -0.490022
vn 0.680447 0.550732 -0.483411
vn 0.554918 0.707367 -0.437833
vn 0.384884 0.811932 -0.438897
vn 0.219779 0.879102 -0.422938
vn 0.027731 0.929320 -0.368234
vn -0.171600 0.915130 -0.364817
vn -0.344357 0.871848 -0.348281
vn -0.528099 0.796342 -0.294874
vn -0.681550 0.668395 -0.297889
vn -0.796421 0.531270 -0.288904
vn -0.900397 0.358986 -0.245793
vn -0.950448 0.166483 -0.262550
vn -0.963664 -0.011835 -0.266854
vn -0.946616 -0.215431 -0.239810
vn -0.875497 -0.399055 -0.272508
vn -0.782306 -0.550953 -0.290599
vn -0.649345 -0.707358 -0.279278
vn -0.485329 -0.811970 -0.324283
vn -0.321720 -0.879127 -0.351614
vn -0.122152 -0.929308 -0.348519
vn 0.071254 -0.915093 -0.396896
vn 0.242518 -0.871866 -0.425482
vn -0.143774 -0.702810 -0.696697
vn -0.287636 -0.676611 -0.677837
vn -0.422714 -0.621112 -0.659949
vn -0.543644 -0.538037 -0.644180
vn -0.644745 -0.431948 -0.630655
vn -0.721564 -0.306847 -0.620636
vn -0.770957 -0.167997 -0.614330
vn -0.790837 -0.022014 -0.611631
vn -0.780206 0.124857 -0.612935
vn -0.739561 0.266190 -0.618217
vn -0.670542 0.396091 -0.627284
vn -0.576291 0.508680 -0.639635
vn -0.460756 0.598930 -0.654971
vn -0.329145 0.662778 -0.672598
vn -0.187584 0.698119 -0.690972
vn -0.041517 0.702883 -0.710093
vn 0.102401 0.676711 -0.729092
vn 0.237581 0.621127 -0.746831
vn 0.358340 0.538031 -0.762965
vn 0.459428 0.431898 -0.776138
vn 0.536267 0.306569 -0.786405
vn 0.585635 0.168136 -0.792945
vn 0.605502 0.022131 -0.795536
vn 0.595074 -0.124861 -0.793912
vn 0.554351 -0.266194 -0.788566
vn 0.484847 -0.395927 -0.779849
vn 0.390656 -0.508409 -0.767404
vn 0.275574 -0.598762 -0.752026
vn 0.143838 -0.662762 -0.734886
vn 0.002387 -0.698202 -0.715897
vn -0.144656 -0.378118 -0.914386
vn -0.222158 -0.364462 -0.904330
vn -0.295102 -0.335577 -0.894597
vn -0.360524 -0.291742 -0.885951
vn -0.415276 -0.234838 -0.878861
vn -0.457540 -0.168409 -0.873095
vn -0.484986 -0.094007 -0.869454
vn -0.496148 -0.015440 -0.868101
vn -0.490783 0.063549 -0.868961
vn -0.469644 0.139606 -0.871748
vn -0.433354 0.209740 -0.876478
vn -0.383283 0.270696 -0.883073
vn -0.321690 0.319846 -0.891187
vn -0.251320 0.354921 -0.900483
vn -0.175365 0.374485 -0.910499
vn -0.096891 0.377808 -0.920800
vn -0.019397 0.364722 -0.930915
vn 0.053529 0.335546 -0.940502
vn 0.118818 0.291665 -0.949112
vn 0.173665 0.234962 -0.956365
vn 0.215418 0.168052 -0.961953
vn 0.242771 0.093828 -0.965535
vn 0.254375 0.015591 -0.966980
vn 0.249019 -0.063564 -0.966410
vn 0.228022 -0.139686 -0.963584
vn 0.192133 -0.209995 -0.958638
vn 0.141691 -0.270963 -0.952104
vn 0.080211 -0.320100 -0.943982
vn 0.009825 -0.355089 -0.934781
vn -0.066371 -0.374608 -0.924805
vn -0.532873 0.714264 0.453733
vn -0.384756 0.814511 0.434205
vn -0.627222 0.596943 0.500251
vn -0.729524 0.472404 0.494601
vn -0.824008 0.313318 0.472062
vn -0.834959 0.147012 0.530312
vn -0.868246 -0.015402 0.495895
vn -0.846122 -0.202068 0.493200
vn -0.790598 -0.369848 0.488023
vn -0.702220 -0.499195 0.507633
vn -0.610450 -0.641677 0.464329
vn -0.473116 -0.760647 0.444497
vn -0.328884 -0.823327 0.462566
vn -0.187856 -0.888452 0.418764
vn -0.013216 -0.930524 0.365993
vn 0.172602 -0.916264 0.361482
vn 0.324082 -0.870635 0.370089
vn 0.484043 -0.814509 0.319809
vn 0.632147 -0.714302 0.300270
vn 0.735362 -0.596981 0.320712
vn 0.832686 -0.472400 0.288915
vn 0.918062 -0.313296 0.242917
vn 0.943747 -0.146960 0.296218
vn 0.967028 0.015323 0.254207
vn 0.944940 0.202090 0.257386
vn 0.889968 0.369879 0.266732
vn 0.809684 0.499211 0.308545
vn 0.709877 0.641654 0.290438
vn 0.571955 0.760641 0.307071
vn 0.437423 0.823247 0.361837
vn 0.289886 0.888462 0.355810
vn 0.107493 0.930514 0.350127
vn -0.073211 0.916197 0.393983
vn -0.217181 0.870672 0.441320
vn 0.124273 0.709003 0.694169
vn 0.252866 0.690843 0.677344
vn 0.376132 0.649367 0.660944
vn 0.489326 0.585565 0.646276
vn 0.589360 0.502008 0.632963
vn 0.672625 0.401336 0.621696
vn 0.735675 0.286929 0.613559
vn 0.776996 0.162562 0.608154
vn 0.794764 0.033043 0.606019
vn 0.788960 -0.097970 0.606584
vn 0.759229 -0.225463 0.610522
vn 0.706761 -0.345337 0.617440
vn 0.633464 -0.453273 0.627110
vn 0.541722 -0.545918 0.639149
vn 0.434555 -0.620087 0.653188
vn 0.315710 -0.672994 0.668885
vn 0.189282 -0.702878 0.685664
vn 0.059575 -0.709026 0.702662
vn -0.068982 -0.691006 0.719550
vn -0.192023 -0.649367 0.735833
vn -0.305527 -0.585658 0.750772
vn -0.405742 -0.502041 0.763759
vn -0.488668 -0.401242 0.774732
vn -0.551710 -0.286875 0.783147
vn -0.593033 -0.162691 0.788571
vn -0.611037 -0.032938 0.790917
vn -0.605068 0.097928 0.790128
vn -0.575325 0.225480 0.786232
vn -0.522857 0.345258 0.779369
vn -0.449588 0.453425 0.769595
vn -0.357845 0.545897 0.757591
vn -0.250676 0.620041 0.743445
vn -0.131780 0.673064 0.727749
vn -0.005476 0.703001 0.711168
vn 0.134491 0.387431 0.912036
vn 0.204764 0.378099 0.902836
vn 0.272261 0.355988 0.893950
vn 0.334513 0.321889 0.885714
vn 0.389460 0.276815 0.878462
vn 0.435302 0.222076 0.872465
vn 0.470325 0.159884 0.867889
vn 0.493615 0.092206 0.864779
vn 0.504212 0.021520 0.863312
vn 0.501467 -0.049907 0.863736
vn 0.485877 -0.119767 0.865782
vn 0.457907 -0.185552 0.869420
vn 0.418361 -0.244832 0.874661
vn 0.368687 -0.295880 0.881207
vn 0.310501 -0.336856 0.888885
vn 0.245862 -0.366377 0.897396
vn 0.176978 -0.383467 0.906439
vn 0.106143 -0.387614 0.915691
vn 0.035834 -0.378299 0.924990
vn -0.031519 -0.355955 0.933971
vn -0.093587 -0.321586 0.942244
vn -0.148633 -0.276411 0.949476
vn -0.194639 -0.221942 0.955436
vn -0.229740 -0.159975 0.960014
vn -0.252957 -0.092390 0.963056
vn -0.263525 -0.021482 0.964413
vn -0.260782 0.049909 0.964107
vn -0.245338 0.119842 0.962002
vn -0.217255 0.185424 0.958342
vn -0.177742 0.244982 0.953096
vn -0.128065 0.295902 0.946594
vn -0.069919 0.336805 0.938975
vn -0.005169 0.366487 0.930409
vn 0.063638 0.383367 0.921401
vn 0.581712 0.660276 -0.475023
vn 0.835585 0.229897 -0.498944
vn 0.856694 -0.137901 -0.497051
vn 0.752512 -0.447343 -0.483332
vn -0.260098 -0.900199 -0.349273
vn -0.936200 -0.229746 -0.265982
vn -0.956276 0.137690 -0.258025
vn -0.851920 0.447378 -0.272186
vn -0.749499 0.598144 -0.283681
vn -0.093115 0.386661 -0.917509
vn -0.163931 0.385120 -0.908190
vn -0.233418 0.370642 -0.898967
vn -0.299077 0.343330 -0.890324
vn -0.023107 0.375234 -0.926642
vn 0.079796 0.688182 -0.721136
vn 0.043547 0.350829 -0.935427
vn 0.202074 0.644881 -0.737085
vn 0.329531 0.842145 -0.426850
vn -0.048632 0.708351 -0.704184
vn -0.178399 0.704417 -0.687001
vn -0.305216 0.676550 -0.670167
vn -0.424867 0.625418 -0.654478
vn -0.504725 -0.008380 -0.863239
vn -0.496719 -0.079718 -0.864243
vn -0.795502 -0.021957 -0.605554
vn -0.779350 -0.151831 -0.607915
vn -0.969338 -0.048933 -0.240810
vn -0.442745 -0.211130 -0.871436
vn -0.398716 -0.267158 -0.877298
vn -0.678623 -0.391893 -0.621201
vn -0.597209 -0.493991 -0.631914
vn -0.807953 -0.530067 -0.257374
vn -0.684778 -0.660431 -0.308074
vn -0.345129 -0.314245 -0.884384
vn -0.498536 -0.579445 -0.644752
vn -0.558915 -0.754556 -0.343887
vn -0.284185 -0.350727 -0.892317
vn -0.386047 -0.644855 -0.659643
vn -0.428787 -0.842119 -0.327072
vn -0.007152 -0.370540 -0.928789
vn 0.058547 -0.343368 -0.937374
vn 0.121452 -0.676482 -0.726376
vn 0.240949 -0.625442 -0.742136
vn 0.250067 -0.883005 -0.397201
vn 0.407907 -0.795773 -0.447613
vn 0.117779 -0.304114 -0.945327
vn 0.349204 -0.553015 -0.756459
vn 0.527194 -0.695146 -0.488711
vn 0.169186 -0.254863 -0.952062
vn 0.442328 -0.461760 -0.768845
vn 0.650501 -0.598153 -0.468039
vn 0.263817 0.008279 -0.964537
vn 0.255732 0.079274 -0.963492
vn 0.611223 0.021659 -0.791162
vn 0.595408 0.151739 -0.788964
vn 0.873864 0.048844 -0.483711
vn 0.202085 0.211326 -0.956297
vn 0.158162 0.267444 -0.950504
vn 0.494822 0.392214 -0.775447
vn 0.413212 0.493946 -0.765031
vn 0.713876 0.530037 -0.457649
vn 0.160862 0.900182 -0.404717
vn -0.015581 0.911691 -0.410581
vn -0.166289 0.917048 -0.362452
vn -0.344326 0.883010 -0.318956
vn -0.509839 0.795743 -0.326890
vn -0.635772 0.695103 -0.335598
vn -0.533099 0.553090 -0.640232
vn -0.358571 0.304385 -0.882483
vn -0.409827 0.254911 -0.875821
vn -0.626439 0.461880 -0.627887
vn -0.701401 0.355046 -0.618045
vn -0.451383 0.197006 -0.870312
vn -0.912036 0.284717 -0.295172
vn -0.755814 0.236003 -0.610777
vn -0.481619 0.132231 -0.866348
vn -0.499558 0.063026 -0.863985
vn -0.787436 0.108987 -0.606685
vn -0.875618 -0.374158 -0.305449
vn -0.739988 -0.276549 -0.613138
vn -0.475665 -0.147732 -0.867132
vn -0.263723 -0.688230 -0.675863
vn -0.217608 -0.375324 -0.900988
vn -0.091264 -0.911713 -0.400562
vn -0.135358 -0.708453 -0.692657
vn -0.147600 -0.386774 -0.910286
vn -0.076672 -0.385030 -0.919714
vn -0.005464 -0.704520 -0.709663
vn 0.066804 -0.917093 -0.393037
vn 0.517421 -0.354945 -0.778646
vn 0.210751 -0.196982 -0.957487
vn 0.804733 -0.284564 -0.520988
vn 0.571941 -0.235941 -0.785631
vn 0.240907 -0.132286 -0.961491
vn 0.259255 -0.062860 -0.963761
vn 0.603574 -0.108916 -0.789832
vn 0.766909 0.374316 -0.521285
vn 0.556258 0.276669 -0.783601
vn 0.234974 0.147674 -0.960718
vn 0.450836 0.754581 -0.476817
vn 0.314596 0.579154 -0.752070
vn 0.104728 0.314281 -0.943536
vn 0.233308 0.121925 0.964729
vn -0.056638 0.131757 0.989663
vn 0.051185 -0.001056 0.998689
vn -0.235267 -0.002246 0.971928
vn -0.176757 -0.028348 0.983846
vn -0.156238 -0.061842 0.985781
vn -0.138704 -0.119705 0.983073
vn -0.101631 -0.168512 0.980446
vn 0.022732 -0.212979 0.976792
vn 0.458060 -0.858291 0.231339
vn 0.601584 -0.397620 0.692817
vn -0.053662 -0.219965 0.974031
vn 0.457395 -0.099394 0.883692
vn -0.164138 0.095459 0.981808
vn 0.096574 0.201874 0.974639
vn 0.496898 -0.010252 0.867748
vn 0.151976 -0.140074 0.978408
vn 0.278722 -0.096669 0.955494
vn -0.000705 -0.158962 0.987284
vn 0.086709 -0.244324 0.965809
vn -0.132883 -0.175309 0.975504
vn -0.072194 -0.205869 0.975913
vn -0.265197 -0.078075 0.961028
vn -0.391634 -0.269027 0.879913
vn -0.356990 -0.003408 0.934102
vn -0.476577 -0.049286 0.877750
vn 0.895206 0.020829 -0.445166
vn 0.706928 0.022514 -0.706928
vn 0.679118 0.285690 -0.676151
vn 0.557056 0.018242 -0.830275
vn 0.250473 0.009984 -0.968072
vn 0.352419 0.166764 -0.920864
vn 0.000672 0.027380 -0.999625
vn 0.007964 0.448644 -0.893675
vn 0.122327 0.365174 -0.922867
vn 0.008862 0.017940 -0.999800
vn 0.251971 0.292911 -0.922342
vn 0.010469 0.008983 -0.999905
vn 0.012980 0.004324 -0.999906
vn 0.024763 0.000280 -0.999693
vn 0.999499 0.030624 -0.008000
vn 0.968046 0.042110 -0.247212
vn 0.966236 0.257611 0.005057
vn 0.834792 0.368269 -0.409268
vn 0.841700 0.539372 -0.024876
vn 0.709875 0.704327 -0.001095
vn 0.648939 0.618185 -0.443537
vn 0.539292 0.841539 -0.031250
vn 0.372086 0.808057 -0.456723
vn 0.257611 0.966236 0.005057
vn 0.049712 0.923467 -0.380444
vn 0.029489 0.999456 -0.014771
vn 0.021531 0.736775 -0.675795
vn 0.257807 0.655697 -0.709645
vn 0.492057 0.511865 -0.704183
vn 0.027773 0.988184 -0.150732
vn 0.000231 1.000000 -0.000001
vn 0.033322 0.945032 -0.325277
vn 0.141681 0.773088 -0.618272
vn 0.116561 0.438958 -0.890915
vn 0.050375 0.047856 -0.997583
vn -0.164093 0.132406 -0.977518
vn -0.000381 0.012299 -0.999924
vn -0.015495 0.336851 -0.941431
vn -0.482680 0.786509 -0.385258
vn -0.025477 0.687319 -0.725909
vn -0.276158 0.894017 -0.352803
vn -0.023894 0.932827 -0.359533
vn -0.165268 0.980976 -0.101845
vn -0.030624 0.999499 -0.008000
vn -0.000000 1.000000 -0.000502
vn -0.082995 0.993853 -0.073272
vn -0.755475 0.655042 -0.013317
vn -0.926126 0.377138 -0.007588
vn -0.844540 0.298772 -0.444396
vn -0.999484 0.032111 -0.000205
vn -0.933473 0.017297 -0.358230
vn -0.431020 0.902152 -0.018554
vn -0.010418 0.999715 -0.021498
vn 0.999668 0.025615 -0.002793
vn 0.927186 0.373357 -0.030517
vn 0.344547 0.011572 -0.938698
vn 0.401565 0.107619 -0.909485
vn 0.682667 0.728940 -0.051120
vn 0.318633 0.946346 -0.053872
vn 0.013534 0.997975 -0.062158
vn -0.518685 0.044535 -0.853805
vn -0.682905 0.034501 -0.729692
vn -0.632831 0.253100 -0.731755
vn -0.831734 0.064855 -0.551373
vn -0.960656 0.073875 -0.267737
vn -0.814344 0.360680 -0.454702
vn -0.017931 0.001618 -0.999838
vn -0.233633 0.011030 -0.972262
vn -0.332976 0.125814 -0.934504
vn -0.017940 0.008862 -0.999800
vn -0.292911 0.251971 -0.922342
vn -0.008983 0.010469 -0.999905
vn -0.171124 0.347516 -0.921927
vn -0.004324 0.012980 -0.999906
vn -0.257611 0.966236 0.005057
vn -0.345946 0.834063 -0.429721
vn -0.539372 0.841700 -0.024876
vn -0.704327 0.709875 -0.001095
vn -0.618185 0.648939 -0.443537
vn -0.841539 0.539292 -0.031250
vn -0.966236 0.257611 0.005057
vn -0.999143 0.040607 -0.007997
vn -0.511865 0.492057 -0.704183
vn -0.285457 0.655649 -0.699026
vn -0.018375 0.001007 -0.999831
vn -0.263895 0.021598 -0.964309
vn -0.554293 0.030430 -0.831765
vn -0.691071 0.055685 -0.720639
vn -0.855746 0.052169 -0.514759
vn -0.956183 0.090832 -0.278323
vn -0.993835 0.110719 -0.005775
vn -0.240897 0.969424 -0.046744
vn -0.660887 0.475095 -0.580959
vn -0.666689 0.290310 -0.686474
vn -0.899089 0.437694 -0.007921
vn -0.852698 0.392549 -0.344689
vn -0.753839 0.657012 -0.007820
vn -0.737418 0.522306 -0.428266
vn -0.022194 0.008566 -0.999717
vn -0.001477 0.902713 -0.430241
vn -0.122326 0.942742 -0.310281
vn -0.395377 0.130348 -0.909223
vn -0.470966 0.881850 -0.023041
vn -0.604364 0.796509 -0.017820
vn -0.692606 0.721316 -0.000020
vn -0.017045 0.999855 -0.000566
vn -0.410530 0.911838 -0.004182
vn -0.685798 0.726938 -0.035248
vn -0.367570 0.791113 -0.488910
vn -0.772178 0.543070 -0.329872
vn -0.925760 0.361517 -0.110785
vn -0.993696 0.032548 -0.107278
vn -0.822687 0.073593 -0.563711
vn -0.825527 -0.383387 -0.414150
vn -0.362277 -0.515845 -0.776311
vn -0.080465 -0.899513 -0.429421
vn 0.361444 -0.779036 -0.512310
vn 0.552947 -0.388528 -0.737086
vn -0.700074 0.707224 -0.098640
vn -0.391597 0.906273 -0.159125
vn 0.083702 0.936078 -0.341690
vn -0.041063 0.993055 -0.110252
vn 0.392516 0.557830 -0.731270
vn 0.761422 0.353431 -0.543437
vn 0.865098 -0.077355 -0.495603
vn 0.373907 -0.805534 -0.459682
vn -0.058789 -0.657463 -0.751190
vn -0.455533 -0.648308 -0.610071
vn -0.779036 -0.361444 -0.512310
vn -0.899513 0.080465 -0.429421
vn -0.515845 0.362277 -0.776311
vn 0.507126 0.721070 -0.472104
vn 0.646734 0.749927 -0.139084
vn 0.842950 0.391654 -0.368840
vn 0.897207 0.428743 -0.105823
vn 0.936078 -0.083702 -0.341690
vn 0.986767 0.050633 -0.154035
vn 0.640941 -0.450997 -0.621126
vn 0.029358 0.017862 -0.999409
vn 0.014453 0.062384 -0.997948
vn -0.383387 0.825527 -0.414150
vn 0.002242 0.121018 -0.992648
vn 0.073593 0.822687 -0.563711
vn 0.040988 0.958970 -0.280528
vn 0.331588 0.931940 -0.146755
vn 0.079111 0.033314 0.996309
vn -0.144054 -0.162443 0.976146
vn 0.025544 -0.385861 0.922203
vn 0.027067 0.156617 0.987288
vn 0.169934 0.284998 0.943344
vn -0.092065 0.281493 0.955137
vn -0.164331 0.241953 0.956271
vn -0.326484 0.249159 0.911772
vn -0.307724 0.096135 0.946606
vn -0.348255 0.035940 0.936711
vn -0.223466 0.001923 0.974710
vn 0.574304 -0.002111 0.818639
vn 0.503022 -0.040588 0.863320
vn 0.139780 -0.036177 0.989522
vn 0.562673 -0.266562 0.782524
vn 0.302701 0.152810 0.940756
vn 0.225658 0.256288 0.939891
vn 0.099310 0.320089 0.942168
vn -0.005710 0.390907 0.920412
vn 0.454734 -0.346762 0.820349
vn 0.255759 -0.268261 0.928775
vn -0.302336 0.179310 0.936184
vn 0.154291 -0.204728 0.966582
vn 0.409456 -0.395114 0.822332
vn 0.078748 0.134813 0.987737
vn 0.077290 -0.120305 0.989724
vn -0.236720 0.360401 0.902261
vn 0.157027 -0.230115 0.960411
vn -0.192861 0.223920 0.955335
vn -0.312160 0.272535 0.910099
vn -0.591122 0.663800 -0.458197
vn -0.615019 0.461725 -0.639188
vn -0.650486 0.268308 -0.710548
vn -0.421692 0.864009 -0.275071
vn -0.405375 0.841726 -0.356608
vn -0.494571 0.676972 -0.545076
vn -0.010408 0.999875 -0.011895
vn -0.240075 0.937459 -0.252060
vn -0.197407 0.975306 -0.099039
vn -0.010589 0.999940 -0.002751
vn -0.708468 0.459199 -0.535919
vn -0.690119 0.652045 -0.313963
vn -0.599486 0.789115 -0.133841
vn -0.396182 0.911830 -0.107726
vn -0.751684 0.553763 -0.358214
vn -0.498168 0.033621 -0.866429
vn -0.585567 0.236139 -0.775467
vn -0.497804 0.199574 -0.844015
vn -0.536344 0.488863 -0.688003
vn -0.371079 0.788839 -0.489931
vn -0.243117 0.883166 -0.401137
vn -0.006384 0.999951 -0.007596
vn -0.101886 0.980053 -0.170635
vn -0.007558 0.999886 -0.013095
vn -0.322261 0.766290 -0.555830
vn -0.415209 0.587872 -0.694268
vn -0.445985 0.443808 -0.777259
vn -0.070024 0.997544 -0.001509
vn -0.004809 0.999956 -0.008109
vn -0.236203 0.971703 -0.001382
vn -0.542171 0.840264 -0.002475
vn -0.687973 0.725731 -0.002702
vn -0.850820 0.525440 -0.004287
vn -0.942336 0.334667 -0.000932
vn -0.986694 0.162575 -0.002054
vn -0.999851 0.016374 -0.005461
vn -0.999910 0.011894 -0.006262
vn -0.999918 0.010999 -0.006490
vn -0.999662 0.024957 -0.007223
vn -0.999873 0.014801 -0.005946
vn -0.999739 0.021045 -0.008941
vn -0.999696 0.022314 -0.010507
vn -0.999773 0.018310 -0.010924
vn -0.999883 0.011885 -0.009681
vn 0.015324 0.976803 -0.213590
vn -0.380232 0.877210 -0.293132
vn -0.715021 0.664842 -0.216171
vn -0.931717 0.345174 -0.112957
vn 0.073004 0.950238 -0.302851
vn 0.461688 0.846395 -0.265442
vn 0.762382 0.617071 -0.194925
vn 0.948053 0.302872 -0.097287
vn 0.999766 0.020563 -0.006659
vn 0.999481 0.030458 -0.010449
vn 0.999554 0.027791 -0.010913
vn 0.998131 0.060366 -0.009457
vn 0.985455 0.169877 -0.004442
vn 0.956570 0.291498 -0.001813
vn 0.932510 0.361144 -0.000097
vn 0.799091 0.601202 -0.003093
vn 0.791011 0.611259 -0.025770
vn 0.851804 0.523667 -0.014254
vn 0.901422 0.432823 -0.010106
vn 0.092609 0.995592 -0.014812
vn 0.184448 0.982686 -0.017510
vn 0.471376 0.881898 -0.007760
vn 0.517648 0.855509 -0.012056
vn 0.028426 0.999439 -0.017683
vn 0.025631 0.999671 -0.001362
vn 0.032670 0.999423 -0.009280
vn 0.023038 0.999645 -0.013411
vn 0.951152 0.014658 -0.308375
vn 0.860742 0.025138 -0.508421
vn 0.778693 0.428546 -0.458241
vn 0.999703 0.004181 -0.024007
vn 0.890977 0.380208 -0.248197
vn 0.577551 0.742291 -0.339763
vn 0.694254 0.696819 -0.180153
vn 0.292289 0.940814 -0.171572
vn 0.386980 0.916950 -0.097206
vn 0.901441 0.425684 -0.078717
vn 0.675467 0.733936 -0.071287
vn 0.354135 0.933971 -0.047809
vn 0.645960 0.074576 -0.759720
vn 0.328190 0.060699 -0.942660
vn 0.739018 0.034415 -0.672807
vn 0.999997 0.000002 -0.002402
vn 0.965246 0.023708 -0.260267
vn 0.957370 0.051425 -0.284250
vn 0.009683 0.767661 0.640783
vn 0.424770 0.712661 0.558288
vn 0.709439 0.422850 0.563821
vn 0.903938 0.028623 0.426705
vn 0.003061 0.999716 -0.023637
vn -0.006727 0.865699 0.500519
vn 0.001680 0.999923 -0.012274
vn 0.002720 0.999882 -0.015143
vn -0.830704 0.113533 0.545014
vn -0.756655 0.450992 0.473370
vn -0.422850 0.709439 0.563821
vn -0.880345 0.043054 0.472376
vn -0.881433 0.298393 0.366110
vn -0.680269 0.542509 0.492868
vn -0.759003 0.651063 -0.005552
vn -0.739333 0.601708 0.302214
vn -0.053690 0.600199 0.798047
vn -0.037229 0.052935 0.997904
vn -0.410153 0.190567 0.891885
vn -0.105837 -0.009464 0.994338
vn -0.477017 -0.335652 0.812276
vn -0.344456 -0.742084 0.575031
vn 0.018771 -0.209921 0.977538
vn 0.444680 -0.632863 0.633833
vn 0.571358 -0.265090 0.776709
vn 0.770606 0.068934 0.633572
vn 0.574794 0.403676 0.711799
vn 0.090054 0.193908 0.976878
vn -0.053682 0.600356 0.797929
vn -0.329991 0.468971 0.819251
vn -0.615893 0.285881 0.734131
vn -0.301386 -0.026949 0.953121
vn -0.632863 -0.444680 0.633833
vn -0.321083 -0.692042 0.646516
vn 0.070890 -0.792472 0.605774
vn 0.122924 -0.175032 0.976859
vn 0.421141 -0.195584 0.885656
vn 0.425742 0.038084 0.904043
vn 0.068530 0.048197 0.996484
vn 0.023804 0.051233 0.998403
vn 0.004056 0.027212 0.999621
vn 0.171729 0.248419 0.953309
vn 0.015084 -0.056962 0.998262
vn -0.006971 -0.031445 0.999481
vn -0.058834 0.000506 0.998268
vn -0.045184 0.007305 0.998952
vn -0.045087 0.019532 0.998792
vn -0.056592 0.054239 0.996923
vn -0.090954 0.166255 0.981879
vn -0.001142 0.005055 0.999987
vn 0.001874 0.021926 0.999758
vn 0.077853 0.168628 0.982600
vn 0.094360 0.080278 0.992296
vn 0.129994 0.048083 0.990348
vn 0.256717 0.595190 0.761476
vn -0.495491 0.325009 0.805517
vn -0.450463 0.442975 0.775149
vn -0.399727 0.505325 0.764764
vn -0.329685 0.501937 0.799605
vn -0.002007 0.006020 0.999980
vn 0.020715 -0.009260 0.999743
vn 0.086887 -0.135244 0.986995
vn 0.069887 -0.099301 0.992600
vn 0.068451 -0.086179 0.993925
vn 0.086781 -0.081997 0.992847
vn 0.093005 -0.061478 0.993766
vn 0.111173 -0.045342 0.992766
vn 0.124913 -0.022668 0.991909
vn 0.130619 -0.006501 0.991411
vn 0.089594 -0.000329 0.995978
vn -0.922891 0.385030 -0.005001
vn -0.998714 0.048359 -0.015209
vn -0.935414 0.044706 0.350716
vn -0.923583 0.382577 0.025086
vn -0.597899 0.048173 -0.800122
vn -0.525234 0.003883 -0.850949
vn -0.701731 0.014465 -0.712295
vn -0.514637 0.018997 -0.857198
vn -0.705600 0.112942 -0.699552
vn -0.863091 0.033133 -0.503961
vn -0.843068 0.217931 -0.491672
vn -0.960443 0.068356 -0.269956
vn -0.918371 0.309099 -0.247090
vn -0.653051 0.224623 -0.723235
vn -0.746729 0.375118 -0.549256
vn -0.789219 0.556522 -0.259646
vn 0.529417 0.828128 -0.184180
vn -0.087554 0.961802 -0.259368
vn 0.857967 0.321653 -0.400539
vn -0.455915 0.272867 -0.847163
vn 0.035674 0.970339 -0.239100
vn -0.446718 0.654017 -0.610496
vn -0.816549 0.317359 -0.482215
vn -0.164243 0.764450 -0.623411
vn 0.015957 0.313066 -0.949597
vn -0.069853 0.915830 -0.395443
vn 0.002354 0.800946 -0.598732
vn 0.521151 0.267523 -0.810453
vn 0.139646 0.829372 -0.540963
vn 0.308593 0.801255 -0.512602
vn -0.387362 0.920461 0.051972
vn 0.927950 0.371420 0.030914
vn 0.238751 0.951197 0.195507
vn 0.816421 0.317470 0.482358
vn -0.118742 0.983356 0.137519
vn 0.006296 0.968363 0.249465
vn 0.455942 0.272662 0.847215
vn -0.122857 0.989601 0.074807
vn 0.048160 0.984958 0.165947
vn -0.015957 0.312995 0.949621
vn 0.059696 0.988115 0.141652
vn 0.052791 0.959417 0.277005
vn -0.521145 0.267357 0.810511
vn 0.129930 0.983671 0.124534
vn -0.857927 0.321477 0.400767
vn 0.157591 0.985758 0.058712
vn 0.125455 0.984154 0.125308
vn -0.325309 0.867859 -0.375492
vn 0.081975 0.979031 -0.186488
vn -0.927992 0.371299 -0.031108
vn -0.787886 0.607388 0.101566
vn 0.445124 0.894063 -0.050170
vn -0.444702 0.894274 0.050139
vn -0.157641 0.985749 -0.058720
vn 0.857943 0.321627 -0.400612
vn -0.455884 0.272654 -0.847248
vn 0.122882 0.989598 -0.074806
vn -0.006300 0.968364 -0.249464
vn -0.816516 0.317312 -0.482301
vn -0.048174 0.984949 -0.165996
vn 0.015771 0.313058 -0.949603
vn -0.059794 0.988110 -0.141642
vn -0.052791 0.959417 -0.277005
vn 0.521165 0.267474 -0.810459
vn -0.129591 0.983709 -0.124593
vn -0.125347 0.984165 -0.125327
vn -0.468096 0.881506 0.061917
vn 0.927998 0.371300 0.030909
vn 0.238738 0.951200 0.195504
vn 0.816485 0.317409 0.482291
vn -0.118748 0.983356 0.137515
vn 0.006451 0.968370 0.249437
vn 0.455913 0.272827 0.847177
vn -0.122857 0.989601 0.074809
vn 0.048085 0.984953 0.165998
vn -0.015960 0.313105 0.949585
vn 0.059696 0.988116 0.141646
vn 0.052947 0.959416 0.276978
vn -0.521217 0.267481 0.810424
vn 0.129932 0.983672 0.124530
vn -0.857942 0.321525 0.400695
vn 0.157556 0.985763 0.058714
vn 0.125351 0.984165 0.125322
vn 0.118626 0.983372 -0.137504
vn -0.238454 0.951259 -0.195565
vn -0.927973 0.371347 -0.031114
vn 0.387874 0.920244 -0.052002
vn 0.445258 0.893994 -0.050196
vn -0.446007 0.893613 0.050338
vn -0.157638 0.985752 -0.058676
vn 0.857912 0.321523 -0.400762
vn -0.455810 0.272726 -0.847265
vn 0.122884 0.989598 -0.074808
vn -0.006290 0.968365 -0.249459
vn -0.816496 0.317364 -0.482302
vn -0.048174 0.984949 -0.165995
vn 0.015771 0.313058 -0.949603
vn -0.059795 0.988111 -0.141640
vn -0.052791 0.959418 -0.277003
vn 0.521239 0.267424 -0.810429
vn -0.129593 0.983709 -0.124589
vn -0.125459 0.984154 -0.125304
vn 0.547124 0.835600 -0.049278
vn 0.927992 0.371299 0.031108
vn 0.191267 0.953792 0.231729
vn 0.816454 0.317373 0.482366
vn 0.434712 0.794063 0.424840
vn 0.516705 0.551212 0.655119
vn 0.456002 0.272690 0.847173
vn 0.009409 0.924951 0.379969
vn 0.147035 0.777256 0.611763
vn -0.015956 0.313119 0.949580
vn 0.147309 0.942418 0.300246
vn -0.147144 0.551378 0.821177
vn -0.521159 0.267482 0.810461
vn -0.153454 0.813833 0.560470
vn -0.857952 0.321599 0.400616
vn -0.079333 0.935611 0.344004
vn -0.326236 0.785081 0.526516
vn 0.118631 0.983372 -0.137501
vn -0.238738 0.951200 -0.195504
vn -0.927979 0.371348 -0.030915
vn 0.469000 0.881015 -0.062062
vn -0.019908 0.994015 0.107417
vn -0.633502 0.200888 -0.747207
vn -0.727513 0.364533 -0.581241
vn -0.756489 0.563357 -0.332195
vn -0.509832 0.020865 -0.860021
vn -0.603102 0.147453 -0.783916
vn -0.506581 0.020750 -0.861943
vn -0.494699 0.038951 -0.868191
vn -0.471357 0.299751 -0.829441
vn -0.418179 0.532673 -0.735789
vn -0.173731 0.936954 -0.303208
vn -0.297030 0.799695 -0.521786
vn -0.140348 0.980229 -0.139477
vn -0.302883 0.875627 -0.376216
vn -0.310719 0.820492 -0.479841
vn -0.441857 0.558809 -0.701780
vn -0.479156 0.336161 -0.810806
vn -0.498163 0.037942 -0.866253
vn -0.509728 0.675456 -0.532857
vn -0.915998 0.260362 -0.305221
vn -0.937201 0.189337 -0.292926
vn -0.826215 0.267380 -0.495859
vn -0.646512 0.200533 -0.736077
vn -0.624799 0.269831 -0.732678
vn -0.703550 0.473651 -0.529784
vn -0.818111 0.247530 -0.519060
vn -0.616184 0.313974 -0.722315
vn -0.490528 0.073365 -0.868332
vn -0.504489 0.078969 -0.859800
vn -0.550912 0.327355 -0.767681
vn -0.503561 0.081191 -0.860136
vn -0.499427 0.104143 -0.860074
vn -0.446518 0.183306 -0.875797
vn -0.473799 0.088372 -0.876187
vn -0.472946 0.085103 -0.876972
vn -0.423030 0.257990 -0.868612
vn -0.652781 0.221610 -0.724408
vn -0.783430 0.301389 -0.543509
vn -0.858676 0.415166 -0.300521
vn -0.753132 0.610934 -0.244033
vn -0.563952 0.821994 -0.079274
vn -0.486208 0.062211 -0.871626
vn -0.554397 0.744462 -0.372048
vn -0.381035 0.918266 -0.107700
vn -0.359387 0.409100 -0.838736
vn -0.115518 0.788585 -0.603978
vn -0.117159 0.787920 -0.604530
vn -0.289853 0.761949 -0.579154
vn -0.223367 0.688017 -0.690464
vn -0.388971 0.608998 -0.691247
vn -0.235606 0.628338 -0.741405
vn -0.098782 0.852777 -0.512849
vn -0.373355 0.819592 -0.434598
vn -0.040849 0.879631 -0.473900
vn -0.364099 0.852236 -0.375667
vn -0.036161 0.912855 -0.406680
vn 0.025870 0.933719 -0.357071
vn -0.922977 0.342889 -0.174756
vn -0.917660 0.340454 -0.204916
vn -0.952708 0.204822 -0.224489
vn -0.914928 0.321970 -0.243396
vn -0.474991 0.749091 -0.461785
vn -0.549519 0.639212 -0.537993
vn -0.601763 0.484020 -0.635300
vn -0.779686 0.397706 -0.483653
vn -0.728699 0.537469 -0.424410
vn -0.749341 0.561632 -0.350797
vn -0.695805 0.636324 -0.333086
vn -0.702152 0.653650 -0.282356
vn -0.105909 0.811445 -0.574752
vn -0.921440 0.357084 -0.153099
vn 0.044167 0.970072 -0.238768
vn 0.047943 0.970102 -0.237915
vn 0.025011 0.963839 -0.265308
vn 0.027836 0.953069 -0.301472
vn 0.052483 0.966670 -0.250587
vn 0.031285 0.963804 -0.264770
vn 0.146944 0.917703 -0.369092
vn 0.099040 0.937952 -0.332321
vn 0.447976 0.834289 -0.321372
vn 0.360882 0.881203 -0.305361
vn 0.699376 0.674409 -0.236740
vn 0.410367 0.790015 -0.455494
vn 0.305930 0.827160 -0.471396
vn 0.257377 0.880099 -0.398978
vn 0.467656 0.814790 -0.342660
vn 0.202361 0.899420 -0.387418
vn 0.194779 0.903366 -0.382088
vn 0.936830 0.312884 -0.156377
vn 0.946196 0.297801 -0.126602
vn 0.826960 0.501088 -0.255044
vn 0.763787 0.595324 -0.249438
vn 0.672193 0.653753 -0.347512
vn 0.523517 0.735640 -0.429842
vn 0.722026 0.644483 -0.251634
vn 0.906848 0.393206 -0.151713
vn 0.919615 0.371192 -0.128547
vn 0.796544 0.403396 -0.450320
vn 0.671775 0.595441 -0.440645
vn 0.828738 0.465217 -0.311072
vn 0.580845 0.678160 -0.450243
vn 0.469291 0.701460 -0.536395
vn 0.592685 0.563397 -0.575594
vn 0.851463 0.280687 -0.442974
vn 0.801784 0.163390 -0.574844
vn 0.793566 0.191477 -0.577573
vn 0.778786 0.259473 -0.571110
vn 0.723049 0.362162 -0.588250
vn 0.825278 0.183005 -0.534252
vn 0.814025 0.180630 -0.552029
vn 0.786093 0.228910 -0.574158
vn 0.829406 0.182255 -0.528080
vn 0.862756 0.400178 -0.309046
vn 0.816166 0.475498 -0.328290
vn 0.831678 0.314590 -0.457542
vn 0.823747 0.370835 -0.428861
vn 0.836131 0.124579 -0.534196
vn 0.815346 0.338075 -0.470017
vn 0.852243 0.082158 -0.516654
vn 0.843161 0.077865 -0.531993
vn 0.789688 0.384731 -0.477886
vn 0.859126 0.035284 -0.510546
vn 0.671183 0.725059 -0.154280
vn 0.933460 0.327579 -0.146097
vn 0.894515 0.388913 -0.220432
vn 0.874584 0.365785 -0.318282
vn 0.951757 0.276461 -0.133143
vn 0.649603 0.483393 -0.586811
vn 0.758080 0.571545 -0.314088
vn 0.668020 0.662624 -0.338642
vn 0.610726 0.705789 -0.358993
vn 0.353255 0.912462 -0.206456
vn 0.431893 0.883020 -0.183699
vn 0.602583 0.776775 -0.183068
vn 0.848253 0.022292 -0.529122
vn 0.777793 0.399831 -0.484947
vn 0.592020 0.716485 -0.369000
vn 0.321821 0.925332 -0.200481
vn 0.847522 -0.213506 -0.485923
vn 0.968792 0.000252 -0.247875
vn 0.999763 -0.000036 -0.021774
vn 0.527413 0.398575 0.750315
vn 0.831925 0.398513 0.386120
vn 0.913497 0.398577 -0.081606
vn 0.750315 0.398575 -0.527413
vn 0.386120 0.398513 -0.831925
vn -0.081606 0.398577 -0.913497
vn -0.527154 0.398468 -0.750555
vn -0.831993 0.398636 -0.385847
vn -0.913539 0.398543 0.081305
vn -0.750195 0.398511 0.527633
vn -0.386001 0.398531 0.831971
vn 0.081606 0.398577 0.913497
vn -0.750315 0.398575 0.527413
vn -0.386090 0.398677 0.831860
vn 0.081604 0.398628 0.913475
vn 0.527131 0.398557 0.750523
vn 0.831948 0.398748 0.385827
vn 0.913539 0.398543 -0.081305
vn 0.750195 0.398511 -0.527633
vn 0.386001 0.398531 -0.831971
vn -0.081606 0.398577 -0.913497
vn -0.527413 0.398575 -0.750315
vn -0.831925 0.398513 -0.386120
vn -0.913497 0.398577 0.081606
vn 0.081606 0.398577 0.913497
vn 0.527413 0.398575 0.750315
vn 0.831860 0.398677 0.386090
vn 0.913475 0.398628 -0.081604
vn 0.750284 0.398664 -0.527391
vn 0.386069 0.398790 -0.831815
vn -0.081604 0.398628 -0.913475
vn -0.527391 0.398664 -0.750284
vn -0.831880 0.398626 -0.386100
vn -0.913497 0.398577 0.081606
vn -0.750315 0.398575 0.527413
vn -0.386120 0.398513 0.831925
vn 0.171046 -0.001929 0.985261
vn -0.244358 0.033451 0.969108
vn -0.997212 -0.073799 -0.011039
vn -0.957600 -0.001904 -0.288094
vn -0.956161 0.017422 -0.292322
vn -0.771471 -0.001784 -0.636262
vn -0.726272 -0.152994 -0.670165
vn -0.469250 -0.448639 -0.760610
vn -0.530491 0.002918 -0.847685
vn -0.113261 0.003383 -0.993560
vn -0.080910 0.322028 -0.943266
vn -0.149687 0.052355 -0.987346
vn -0.175327 0.013587 -0.984416
vn -0.172908 0.025435 -0.984610
vn -0.168139 0.037861 -0.985036
vn -0.161042 0.049968 -0.985682
vn -0.150394 0.062699 -0.986636
vn -0.135249 0.075311 -0.987945
vn -0.092339 0.085959 -0.992010
vn -0.037727 0.119980 -0.992059
vn -0.022761 0.085693 -0.996062
vn -0.115193 0.086280 -0.989589
vn -0.021665 0.050312 -0.998499
vn -0.816726 0.568136 0.100897
vn -0.762133 0.639979 0.097875
vn -0.759458 0.616709 -0.207107
vn -0.587227 0.805887 0.075564
vn -0.491274 0.869806 0.045699
vn -0.575293 0.785139 -0.229335
vn -0.009400 0.997403 -0.071401
vn 0.161375 0.985643 -0.049652
vn 0.073973 0.947223 -0.311924
vn 0.577864 0.812348 -0.078511
vn 0.743941 0.660697 -0.100161
vn 0.659500 0.640212 -0.393940
vn 0.814483 0.569411 -0.111305
vn 0.908705 0.399180 -0.122105
vn 0.797825 0.439768 -0.412407
vn 0.158283 -0.600664 -0.783677
vn 0.190870 0.068097 -0.979250
vn 0.037645 -0.997002 -0.067600
vn 0.471541 0.132930 -0.871768
vn 0.211011 -0.957299 -0.197619
vn 0.708362 0.186993 -0.680630
vn 0.234266 -0.965837 -0.110809
vn 0.877525 0.223687 -0.424163
vn 0.753021 0.649982 -0.102384
vn 0.963970 0.232513 -0.129231
vn 0.165583 0.141871 -0.975938
vn 0.423251 0.268448 -0.865329
vn 0.641139 0.370969 -0.671806
vn 0.532240 0.533208 -0.657579
vn 0.344250 0.388153 -0.854886
vn 0.123464 0.207594 -0.970392
vn 0.482397 0.870504 -0.097546
vn 0.475634 0.785510 -0.395912
vn 0.388171 0.664483 -0.638581
vn 0.239201 0.485179 -0.841062
vn 0.067161 0.261123 -0.962966
vn -0.000395 0.299674 -0.954042
vn 0.114046 0.554022 -0.824653
vn 0.217038 0.757183 -0.616092
vn 0.298761 0.888645 -0.347925
vn 0.304637 0.949492 -0.075241
vn -0.075117 0.320707 -0.944195
vn -0.023876 0.590695 -0.806541
vn 0.028664 0.805936 -0.591308
vn -0.170261 0.985110 -0.023852
vn -0.167933 0.936769 -0.307021
vn -0.165499 0.807781 -0.565774
vn -0.166313 0.593182 -0.787702
vn -0.152457 0.323070 -0.934014
vn -0.228403 0.306683 -0.924001
vn -0.305196 0.561089 -0.769438
vn -0.354640 0.762709 -0.540837
vn -0.370772 0.891664 -0.259738
vn -0.348234 0.937378 0.007501
vn -0.297971 0.272334 -0.914903
vn -0.432702 0.496355 -0.752595
vn -0.527545 0.673265 -0.518084
vn -0.674164 0.544785 -0.498711
vn -0.540832 0.402817 -0.738403
vn -0.357781 0.222314 -0.906956
vn -0.904778 0.410017 0.115165
vn -0.879328 0.421861 -0.220942
vn -0.785923 0.384713 -0.484068
vn -0.623677 0.285908 -0.727518
vn -0.403608 0.159412 -0.900937
vn -0.433167 0.087240 -0.897082
vn -0.676416 0.152370 -0.720587
vn -0.856573 0.202122 -0.474794
vn -0.955354 0.232029 -0.182926
vn -0.949447 0.289289 0.121910
vn -0.437279 0.185219 -0.880046
vn -0.688715 0.144221 -0.710544
vn -0.876669 0.108632 -0.468669
vn -0.920039 0.354178 -0.167588
vn -0.947115 -0.296580 0.122531
vn 0.969033 0.210166 -0.129634
vn 0.517513 0.852895 -0.068915
vn 0.696431 0.711490 -0.093621
vn 0.773159 0.625552 -0.104451
vn 0.813113 0.571198 -0.112165
vn 0.860488 0.496273 -0.115211
vn 0.925454 0.358077 -0.123758
vn 0.965776 0.224688 -0.129585
vn 0.341250 0.938645 -0.049939
vn 0.257986 0.964819 -0.050670
vn 0.209291 0.977136 -0.037455
vn -0.272380 0.961560 0.034811
vn -0.206938 0.978229 0.015639
vn -0.095047 0.995395 0.012459
vn 0.013183 0.999908 -0.003049
vn 0.084050 0.996352 -0.014772
vn -0.511916 0.858708 0.023703
vn -0.530885 0.844618 0.069149
vn -0.466125 0.884343 0.025782
vn -0.812453 0.573685 0.103948
vn -0.730661 0.676502 0.092088
vn -0.691303 0.717286 0.087184
vn -0.903535 0.412701 0.115340
vn -0.914278 0.389600 0.110941
vn -0.977645 0.168669 0.125542
vn -0.931693 0.342319 0.121516
vn 0.471385 0.876872 -0.094299
vn 0.524088 0.844917 -0.106990
vn 0.356865 0.844546 -0.399236
vn 0.328366 0.840453 -0.431063
vn 0.435854 0.865110 -0.248225
vn -0.412956 -0.910632 -0.014707
vn -0.534488 -0.835217 -0.129361
vn -0.972306 0.185270 -0.142463
vn -0.414591 -0.900207 -0.133198
vn -0.528969 -0.813625 -0.241261
vn -0.901584 0.153518 -0.404448
vn -0.561772 -0.719889 -0.407641
vn -0.634366 -0.305548 -0.710085
vn -0.731111 0.120738 -0.671490
vn -0.340021 -0.843998 -0.414794
vn -0.597226 0.069297 -0.799074
vn -0.041488 -0.997022 -0.065009
vn -0.537263 0.051144 -0.841863
vn -0.526709 0.044941 -0.848857
vn -0.816576 -0.207743 -0.538559
vn 0.388318 -0.900147 -0.197346
vn 0.362193 -0.923995 -0.122680
vn 0.890881 0.174688 -0.419304
vn 0.935000 0.192965 -0.297556
vn 0.872532 0.205666 -0.443159
vn 0.885512 0.352295 -0.302915
vn 0.816698 0.459203 -0.349479
vn 0.740993 0.410330 -0.531563
vn 0.768653 0.342039 -0.540539
vn 0.799053 0.311906 -0.514032
vn 0.819032 0.326690 -0.471657
vn 0.836213 0.324967 -0.441751
vn 0.756566 0.288956 -0.586611
vn 0.679750 0.478742 -0.555649
vn 0.665704 0.504122 -0.550181
vn 0.723744 0.598767 -0.343035
vn 0.573355 0.610390 -0.546523
vn 0.631381 0.709159 -0.313770
vn 0.518902 0.796254 -0.310999
vn 0.352693 0.816054 -0.457890
vn 0.435869 0.740151 -0.512049
vn 0.160569 0.981580 -0.103531
vn 0.327683 0.927618 -0.179303
vn 0.090016 0.965379 -0.244826
vn 0.167973 0.948229 -0.269530
vn 0.304202 0.901024 -0.309221
vn 0.277052 0.892025 -0.357117
vn -0.348706 0.632516 -0.691612
vn -0.448578 0.591423 -0.670072
vn -0.283425 0.638590 -0.715453
vn -0.345142 0.585168 -0.733796
vn -0.410377 0.395254 -0.821806
vn -0.566696 0.461065 -0.682843
vn -0.441871 0.257576 -0.859305
vn -0.664057 0.211601 -0.717114
vn -0.539624 0.141951 -0.829853
vn -0.644963 0.304214 -0.701054
vn -0.573814 0.168145 -0.801539
vn -0.549642 0.222838 -0.805131
vn -0.489804 0.251114 -0.834886
vn -0.487633 0.194541 -0.851098
vn -0.463809 0.095953 -0.880724
vn -0.533326 0.080607 -0.842061
vn -0.688920 0.170228 -0.704565
vn -0.515164 0.099892 -0.851251
vn -0.512962 0.119937 -0.849991
vn -0.354411 0.927983 -0.115063
vn -0.201474 0.975777 -0.085254
vn -0.657483 0.737415 -0.154709
vn -0.779856 0.601579 -0.172993
vn -0.872586 0.455362 -0.176744
vn -0.928941 0.312771 -0.198096
vn -0.494405 0.858357 -0.137064
vn -0.842095 0.225495 -0.489927
vn -0.831082 0.319837 -0.454980
vn -0.792490 0.405682 -0.455392
vn -0.699078 0.562203 -0.441835
vn -0.548634 0.728374 -0.410454
vn -0.420135 0.845313 -0.330049
vn -0.309043 0.911541 -0.271265
vn -0.179856 0.963124 -0.200109
vn -0.039919 0.996059 -0.079200
vn -0.017991 0.985481 -0.168830
vn -0.029699 0.979403 -0.199718
vn -0.138378 0.957061 -0.254727
vn -0.249788 0.900838 -0.355101
vn -0.317954 0.830168 -0.457958
vn -0.369771 0.742149 -0.559003
vn -0.251651 0.711948 -0.655593
vn -0.245311 0.766030 -0.594155
vn -0.185593 0.871676 -0.453582
vn -0.079449 0.948649 -0.306190
vn -0.025588 0.965873 -0.257750
vn -0.356858 -0.712321 -0.604360
vn -0.196779 0.685973 -0.700513
vn -0.010858 0.920484 -0.390629
vn 0.300862 -0.938649 -0.168579
vn 0.862644 0.086155 -0.498421
vn 0.865390 0.050943 -0.498502
vn 0.854668 0.145936 -0.498243
vn 0.586275 -0.744100 -0.320307
vn 0.875835 0.153531 -0.457538
vn -0.211591 0.684528 -0.697603
vn -0.278960 0.559342 -0.780588
vn -0.178473 0.810786 -0.557471
vn -0.161055 0.794249 -0.585858
vn 0.161188 0.937151 -0.309460
vn 0.092431 0.962110 -0.256518
vn 0.037153 0.966273 -0.254825
vn 0.215372 0.900592 -0.377556
vn 0.767150 0.286870 -0.573749
vn 0.801976 0.221501 -0.554772
vn 0.813881 0.231562 -0.532895
vn 0.839037 0.149602 -0.523102
vn 0.126763 0.931847 -0.339989
vn 0.217434 0.883550 -0.414804
vn 0.071397 0.955178 -0.287293
vn -0.029694 0.947619 -0.318021
vn -0.006809 0.959367 -0.282079
vn -0.077513 0.891808 -0.445723
vn -0.095022 0.840286 -0.533751
vn -0.252231 0.593453 -0.764326
vn -0.463244 0.100306 -0.880536
vn -0.494022 0.042204 -0.868425
vn -0.502963 0.041975 -0.863288
vn -0.120508 0.883159 -0.453331
vn -0.066260 0.929313 -0.363301
vn -0.019039 0.946411 -0.322402
vn 0.013098 0.946182 -0.323370
vn -0.008459 -0.995471 0.094690
vn -0.156616 -0.962158 0.222988
vn -0.536883 -0.806078 0.248986
vn -0.072662 -0.997336 -0.006467
vn -0.272088 -0.943052 -0.191367
vn -0.093007 -0.975276 -0.200463
vn 0.012188 -0.990575 -0.136431
vn 0.145776 -0.967337 -0.207385
vn 0.042125 -0.998921 -0.019551
vn 0.635436 -0.770064 0.056766
vn 0.450546 -0.834692 0.316699
vn 0.043916 -0.994544 0.094619
vn -0.002743 -0.999525 0.030705
vn -0.072935 -0.991925 0.103760
vn -0.252416 -0.960500 0.117154
vn -0.060850 -0.998132 -0.005436
vn -0.272099 -0.943069 -0.191264
vn -0.093060 -0.975263 -0.200504
vn 0.012188 -0.990574 -0.136435
vn 0.021074 -0.999328 -0.030005
vn 0.263037 -0.957043 -0.121987
vn 0.018671 -0.999824 0.001662
vn 0.168551 -0.978538 0.118546
vn 0.014622 -0.999396 0.031517
vn -0.003175 -0.999363 0.035544
vn -0.057678 -0.994957 0.082055
vn -0.015488 -0.999854 0.007188
vn -0.626320 -0.777556 -0.055951
vn -0.423388 -0.855670 -0.297609
vn -0.024956 -0.998242 -0.053769
vn 0.019966 -0.974499 -0.223502
vn 0.005234 -0.999959 -0.007446
vn 0.396577 -0.899359 -0.184063
vn 0.723292 -0.687513 0.064614
vn 0.035595 -0.999053 0.025021
vn 0.061393 -0.989310 0.132276
vn 0.233308 0.121925 0.964729
vn -0.056638 0.131757 0.989663
vn 0.051185 -0.001056 0.998689
vn -0.235267 -0.002246 0.971928
vn -0.176757 -0.028348 0.983846
vn -0.156238 -0.061842 0.985781
vn -0.138704 -0.119705 0.983073
vn -0.101631 -0.168512 0.980446
vn 0.022732 -0.212979 0.976792
vn 0.458060 -0.858291 0.231339
vn 0.601584 -0.397620 0.692817
vn -0.053662 -0.219965 0.974031
vn 0.457395 -0.099394 0.883692
vn -0.164138 0.095459 0.981808
vn 0.096574 0.201874 0.974639
vn 0.496898 -0.010252 0.867748
vn 0.151976 -0.140074 0.978408
vn 0.278722 -0.096669 0.955494
vn -0.000705 -0.158962 0.987284
vn 0.086709 -0.244324 0.965809
vn -0.132883 -0.175309 0.975504
vn -0.072194 -0.205869 0.975913
vn -0.265197 -0.078075 0.961028
vn -0.391634 -0.269027 0.879913
vn -0.356990 -0.003408 0.934102
vn -0.476577 -0.049286 0.877750
vn 0.033323 -0.800319 -0.598647
vn 0.027996 -0.944082 -0.328520
vn 0.023257 -0.994052 -0.106391
vn 0.017254 -0.986094 -0.165292
vn 0.000000 -1.000000 -0.000476
vn 0.429324 -0.893195 -0.133729
vn 0.720314 -0.681705 -0.128161
vn 0.007178 -0.459607 -0.888093
vn 0.001419 -0.030414 -0.999536
vn 0.946775 -0.311949 -0.079409
vn 0.002716 -0.000629 -0.999996
vn 0.999934 -0.011164 -0.002824
vn 0.005302 -0.000098 -0.999986
vn -0.605763 -0.795429 -0.018535
vn -0.707107 -0.707107 -0.000000
vn -0.657567 -0.752745 -0.031312
vn -0.013843 -0.999904 -0.000302
vn -0.129304 -0.987186 -0.093508
vn -0.284701 -0.958544 -0.011739
vn -0.301199 -0.941706 -0.149896
vn -0.500271 -0.865810 -0.010058
vn -0.572773 -0.818984 -0.034587
vn -0.678004 -0.473600 -0.562151
vn -0.762252 -0.568449 -0.309575
vn -0.808585 -0.588359 -0.004843
vn -0.013785 -0.004178 -0.999896
vn -0.330448 -0.142566 -0.932994
vn -0.002668 -0.914323 -0.404976
vn -0.658690 -0.244083 -0.711724
vn -0.831928 -0.364286 -0.418559
vn -0.945887 -0.324328 -0.010465
vn -0.998774 -0.048846 -0.007994
vn -0.960204 -0.087783 -0.265146
vn -0.832022 -0.074124 -0.549768
vn -0.684008 -0.043952 -0.728149
vn -0.520240 -0.051280 -0.852479
vn -0.225209 -0.018973 -0.974126
vn -0.011515 -0.000989 -0.999933
vn -0.017784 -0.000629 -0.999842
vn -0.271515 -0.015963 -0.962302
vn -0.551954 -0.041008 -0.832865
vn -0.729692 -0.034501 -0.682905
vn -0.851964 -0.070284 -0.518861
vn -0.972252 -0.064077 -0.224989
vn -0.997785 -0.066043 -0.007986
vn -0.679118 -0.285690 -0.676151
vn -0.352419 -0.166764 -0.920864
vn -0.000672 -0.027380 -0.999625
vn -0.007964 -0.448644 -0.893675
vn -0.122327 -0.365174 -0.922867
vn -0.008862 -0.017940 -0.999800
vn -0.251971 -0.292911 -0.922342
vn -0.010465 -0.008980 -0.999905
vn -0.017800 -0.005929 -0.999824
vn -0.966236 -0.257611 0.005057
vn -0.834792 -0.368269 -0.409268
vn -0.841700 -0.539372 -0.024876
vn -0.709875 -0.704327 -0.001095
vn -0.648939 -0.618185 -0.443537
vn -0.539292 -0.841539 -0.031250
vn -0.372086 -0.808057 -0.456723
vn -0.257611 -0.966236 0.005057
vn -0.049712 -0.923467 -0.380444
vn -0.029489 -0.999456 -0.014771
vn -0.021531 -0.736775 -0.675795
vn -0.257807 -0.655697 -0.709645
vn -0.492057 -0.511865 -0.704183
vn -0.999937 -0.011207 -0.000370
vn -0.939150 -0.343435 -0.007032
vn -0.890145 -0.029897 -0.454695
vn -0.893697 -0.239511 -0.379393
vn -0.253038 -0.175908 -0.951330
vn -0.699394 -0.714626 -0.012602
vn -0.420371 -0.651605 -0.631427
vn -0.354892 -0.873292 -0.333784
vn -0.326771 -0.944986 -0.014889
vn -0.101345 -0.967233 -0.232786
vn -0.006720 -0.999875 -0.014314
vn -0.001065 -0.999999 -0.000001
vn -0.072883 -0.993487 -0.087586
vn 0.000381 -0.012299 -0.999924
vn 0.015495 -0.336851 -0.941431
vn 0.025477 -0.687319 -0.725909
vn 0.023894 -0.932827 -0.359533
vn 0.030624 -0.999499 -0.008000
vn -0.374187 0.805355 -0.459769
vn 0.058789 0.657463 -0.751190
vn 0.456004 0.648057 -0.609986
vn -0.791113 -0.367570 -0.488910
vn -0.926254 -0.341221 -0.160070
vn -0.936023 0.083766 -0.341825
vn -0.981707 -0.029673 -0.188073
vn -0.641105 0.450887 -0.621036
vn 0.718759 0.333629 -0.609982
vn 0.833414 -0.074583 -0.547594
vn 0.686290 -0.481980 -0.544702
vn 0.355794 -0.766114 -0.535239
vn -0.066688 -0.745498 -0.663164
vn -0.026283 -0.993490 -0.110842
vn -0.543070 -0.772178 -0.329872
vn -0.381581 -0.910195 -0.161061
vn -0.703319 -0.698520 -0.131954
vn 0.079111 0.033314 0.996309
vn -0.144054 -0.162443 0.976146
vn 0.025544 -0.385861 0.922203
vn 0.027067 0.156617 0.987288
vn 0.169934 0.284998 0.943344
vn -0.092065 0.281493 0.955137
vn -0.164331 0.241953 0.956271
vn -0.326484 0.249159 0.911772
vn -0.307724 0.096135 0.946606
vn -0.348255 0.035940 0.936711
vn -0.223466 0.001923 0.974710
vn 0.574304 -0.002111 0.818639
vn 0.503022 -0.040588 0.863320
vn 0.139780 -0.036177 0.989522
vn 0.562673 -0.266562 0.782524
vn 0.302701 0.152810 0.940756
vn 0.225658 0.256288 0.939891
vn 0.099310 0.320089 0.942168
vn -0.005710 0.390907 0.920412
vn 0.454734 -0.346762 0.820349
vn 0.255759 -0.268261 0.928775
vn -0.302336 0.179310 0.936184
vn 0.154291 -0.204728 0.966582
vn 0.409456 -0.395114 0.822332
vn 0.078748 0.134813 0.987737
vn 0.077290 -0.120305 0.989724
vn -0.236720 0.360401 0.902261
vn 0.157027 -0.230115 0.960411
vn -0.192861 0.223920 0.955335
vn -0.312160 0.272535 0.910099
vn -0.805534 -0.373907 -0.459682
vn 0.030134 -0.006189 -0.999527
vn -0.657216 0.058815 -0.751404
vn 0.014860 -0.000803 -0.999889
vn -0.648471 0.455420 -0.609982
vn 0.362686 0.515694 -0.776221
vn 0.825384 0.383493 -0.414337
vn 0.822629 -0.073618 -0.563793
vn 0.867205 -0.035014 -0.496719
vn 0.721070 -0.507126 -0.472104
vn 0.017937 -0.008860 -0.999800
vn 0.008980 -0.010465 -0.999905
vn -0.361719 0.778872 -0.512365
vn 0.004324 -0.012980 -0.999906
vn 0.080465 0.899513 -0.429421
vn 0.905295 -0.330459 -0.266904
vn 0.672008 -0.704178 -0.229214
vn 0.391654 -0.842950 -0.368840
vn 0.353079 -0.885017 -0.303447
vn -0.083702 -0.936078 -0.341690
vn 0.049237 -0.955866 -0.289647
vn -0.450997 -0.640941 -0.621126
vn 0.003625 -0.107942 -0.994151
vn 0.034688 -0.129432 -0.990981
vn 0.524813 -0.026313 -0.850811
vn 0.683657 -0.015467 -0.729640
vn 0.632831 -0.253100 -0.731755
vn 0.835022 -0.035120 -0.549094
vn 0.967345 -0.044882 -0.249458
vn 0.814344 -0.360680 -0.454702
vn 0.237965 -0.004634 -0.971263
vn 0.332976 -0.125814 -0.934504
vn 0.292911 -0.251971 -0.922342
vn 0.171124 -0.347516 -0.921927
vn 0.257611 -0.966236 0.005057
vn 0.345946 -0.834063 -0.429721
vn 0.539372 -0.841700 -0.024876
vn 0.704327 -0.709875 -0.001095
vn 0.618185 -0.648939 -0.443537
vn 0.841539 -0.539292 -0.031250
vn 0.966236 -0.257611 0.005057
vn 0.999371 -0.029026 -0.020386
vn 0.511865 -0.492057 -0.704183
vn 0.285457 -0.655649 -0.699026
vn 0.972013 -0.002199 -0.234916
vn 0.998121 -0.003371 -0.061185
vn 0.928219 -0.362623 -0.083147
vn 0.866353 -0.014379 -0.499225
vn 0.916700 -0.272136 -0.292580
vn 0.826294 -0.289879 -0.482916
vn 0.822443 -0.515332 -0.240873
vn 0.731206 -0.518881 -0.442831
vn 0.717883 -0.693558 -0.060180
vn 0.580242 -0.800790 -0.148507
vn 0.414136 -0.909196 -0.043059
vn 0.349922 -0.929541 -0.116230
vn 0.030284 -0.999535 -0.003688
vn 0.028784 -0.999534 -0.010184
vn 0.652205 -0.668247 -0.357875
vn 0.462437 -0.842821 -0.275327
vn 0.294916 -0.939655 -0.173414
vn 0.030649 -0.999338 -0.019587
vn 0.019209 -0.999726 -0.013397
vn 0.028063 -0.999431 -0.018695
vn 0.073064 -0.997312 -0.005539
vn 0.013974 -0.999790 -0.014970
vn 0.031801 -0.999216 -0.023572
vn 0.195142 -0.980719 -0.010467
vn 0.491543 -0.870763 -0.012546
vn 0.653457 -0.756696 -0.020134
vn 0.995605 -0.091721 -0.018913
vn 0.972818 -0.230155 -0.025564
vn 0.888155 -0.459158 -0.018845
vn 0.797960 -0.602541 -0.014323
vn 0.999237 -0.021894 -0.032353
vn 0.999303 -0.022210 -0.029994
vn 0.986676 -0.146756 -0.070230
vn 0.071346 -0.742118 -0.666461
vn 0.078274 -0.571294 -0.817005
vn 0.453536 -0.523943 -0.720963
vn 0.425766 -0.707508 -0.564053
vn 0.753944 -0.386140 -0.531474
vn 0.706002 -0.567174 -0.424116
vn 0.922165 -0.229497 -0.311357
vn 0.923064 -0.312263 -0.224598
vn 0.029366 -0.965395 -0.259134
vn 0.394789 -0.860913 -0.320890
vn 0.070656 -0.858532 -0.507869
vn 0.702467 -0.672961 -0.231653
vn 0.908589 -0.398681 -0.124575
vn -0.830420 -0.287022 -0.477516
vn -0.620041 -0.376103 -0.688546
vn -0.694429 -0.499599 -0.517850
vn -0.517274 -0.449146 -0.728488
vn -0.296824 -0.459700 -0.837002
vn -0.362063 -0.650158 -0.667986
vn -0.112228 -0.510483 -0.852533
vn 0.062674 -0.498961 -0.864355
vn 0.066768 -0.731686 -0.678364
vn -0.347217 -0.800227 -0.488955
vn 0.044364 -0.881336 -0.470403
vn -0.361247 -0.897100 -0.254386
vn 0.016132 -0.974538 -0.223640
vn -0.683776 -0.618847 -0.386624
vn -0.695284 -0.689871 -0.201641
vn -0.919755 -0.191084 -0.342838
vn -0.916348 -0.273104 -0.292783
vn -0.911685 -0.344762 -0.223540
vn -0.913753 -0.386843 -0.124128
vn -0.994926 -0.048033 -0.088406
vn -0.986168 -0.113890 -0.120427
vn -0.980615 -0.161428 -0.111067
vn -0.990896 -0.127332 -0.043729
vn -0.993121 -0.117087 -0.000890
vn -0.999952 -0.004738 -0.008549
vn -0.961888 -0.273425 -0.003240
vn -0.842650 -0.538449 -0.003610
vn -0.725208 -0.688528 -0.001832
vn -0.556811 -0.830614 -0.006427
vn -0.397957 -0.917384 -0.005985
vn -0.191791 -0.981431 -0.003026
vn -0.028347 -0.999579 -0.006175
vn -0.009147 -0.999856 -0.014327
vn -0.004654 -0.999951 -0.008767
vn -0.006356 -0.999866 -0.015093
vn -0.003307 -0.999990 -0.002974
vn -0.093080 -0.993630 -0.063533
vn -0.207774 -0.951140 -0.228392
vn -0.619356 -0.221203 -0.753304
vn -0.581575 -0.225187 -0.781704
vn -0.599705 -0.475891 -0.643337
vn -0.508266 -0.511113 -0.693131
vn -0.161316 -0.942672 -0.292141
vn -0.384055 -0.859615 -0.336991
vn -0.353251 -0.796094 -0.491375
vn -0.487385 -0.675937 -0.552779
vn -0.310705 -0.747341 -0.587320
vn -0.418403 -0.445717 -0.791376
vn -0.458105 -0.041648 -0.887922
vn -0.573256 -0.692962 -0.437244
vn -0.724560 -0.445012 -0.526286
vn -0.247773 -0.959516 -0.133933
vn -0.442452 -0.863628 -0.241625
vn -0.719419 -0.631377 -0.289481
vn -0.616183 -0.757480 -0.215736
vn -0.152697 -0.133944 0.979154
vn -0.400615 -0.322279 0.857697
vn -0.764420 -0.644667 -0.008197
vn -0.713581 -0.700039 -0.027340
vn -0.102961 -0.011584 0.994618
vn -0.235666 -0.116463 0.964831
vn -0.928877 -0.090094 0.359264
vn -0.002999 -0.385908 0.922532
vn -0.424770 -0.712661 0.558288
vn -0.709373 -0.422810 0.563934
vn 0.010938 -0.867140 0.497944
vn 0.008446 -0.998353 -0.056736
vn 0.002438 -0.999853 -0.016982
vn -0.008680 0.097068 0.995240
vn -0.445152 0.632634 0.633731
vn -0.691853 0.321139 0.646691
vn -0.792425 -0.070915 0.605834
vn -0.082845 -0.058182 0.994863
vn -0.098328 -0.211726 0.972370
vn 0.019382 -0.216665 0.976054
vn 0.009633 -0.013697 0.999860
vn 0.141957 -0.065957 0.987673
vn 0.022201 0.001987 0.999752
vn 0.152751 0.107429 0.982408
vn 0.122300 0.263224 0.956951
vn -0.070890 0.792472 0.605774
vn -0.562809 0.800244 0.207018
vn -0.446861 0.207622 0.870177
vn -0.518473 -0.046399 0.853834
vn -0.356468 -0.250703 0.900044
vn -0.106888 -0.230052 0.967291
vn 0.052644 -0.588745 0.806602
vn 0.212993 -0.302699 0.928982
vn 0.855930 -0.397300 0.330963
vn 0.932454 0.083446 0.351520
vn 0.517403 0.363371 0.774761
vn 0.321319 0.691880 0.646572
vn 0.000714 0.004788 0.999988
vn 0.171729 0.248419 0.953309
vn 0.001402 -0.005294 0.999985
vn -0.002641 -0.011913 0.999926
vn -0.055905 0.000481 0.998436
vn -0.038204 0.006176 0.999251
vn -0.020880 0.009046 0.999741
vn -0.025519 0.024458 0.999375
vn -0.018882 0.034514 0.999226
vn -0.005966 0.026400 0.999634
vn 0.000215 0.002512 0.999997
vn 0.012856 0.027845 0.999530
vn 0.012904 0.010978 0.999856
vn 0.129994 0.048083 0.990348
vn 0.256717 0.595190 0.761476
vn -0.495491 0.325009 0.805517
vn -0.450463 0.442975 0.775149
vn -0.399727 0.505325 0.764764
vn -0.329685 0.501937 0.799605
vn -0.006318 0.018950 0.999800
vn 0.011790 -0.005270 0.999917
vn 0.086887 -0.135244 0.986995
vn 0.069887 -0.099301 0.992600
vn 0.068451 -0.086179 0.993925
vn 0.086781 -0.081997 0.992847
vn 0.093005 -0.061478 0.993766
vn 0.111173 -0.045342 0.992766
vn 0.124913 -0.022668 0.991909
vn 0.130619 -0.006501 0.991411
vn 0.089594 -0.000329 0.995978
vn -0.924658 -0.380752 -0.005873
vn -0.352380 -0.145967 0.924403
vn -0.577522 -0.007125 0.816344
vn -0.999694 -0.017151 -0.017849
vn -0.502290 -0.009328 -0.864649
vn -0.497324 -0.010652 -0.867500
vn -0.647711 -0.209805 -0.732429
vn -0.503168 -0.010889 -0.864120
vn -0.697076 -0.152088 -0.700681
vn -0.758782 -0.400046 -0.514017
vn -0.832059 -0.258757 -0.490635
vn -0.801320 -0.542171 -0.252858
vn -0.906724 -0.343804 -0.244236
vn -0.689696 -0.005382 -0.724080
vn -0.869340 -0.009920 -0.494115
vn -0.967292 -0.021873 -0.252721
vn 0.664516 -0.081892 -0.742773
vn 0.363459 -0.096959 -0.926551
vn 1.000000 0.000000 0.000000
vn 0.976470 -0.030988 -0.213417
vn 0.960949 -0.030721 -0.275015
vn 0.774185 -0.044167 -0.631416
vn 0.855712 -0.013034 0.517288
vn 0.712679 -0.424781 0.558257
vn 0.422815 -0.709381 0.563920
vn 0.902078 0.103138 -0.419067
vn 0.572068 0.103188 -0.813690
vn 0.000000 1.000000 0.000000
vn 0.088766 0.103197 -0.990692
vn -0.418865 0.103160 -0.902170
vn 0.418628 0.103232 0.902271
vn 0.814040 0.103170 0.571572
vn 0.990692 0.103197 0.088766
vn -0.902363 0.103254 0.418426
vn -0.571923 0.103210 0.813789
vn -0.088242 0.103202 0.990738
vn -0.813437 0.103228 -0.572419
vn -0.990738 0.103202 -0.088242
vn 0.902271 0.103232 -0.418628
vn 0.571572 0.103170 -0.814040
vn 0.000000 1.000000 0.000000
vn 0.088766 0.103197 -0.990692
vn -0.419067 0.103138 -0.902078
vn 0.418426 0.103254 0.902363
vn 0.813789 0.103210 0.571923
vn 0.990738 0.103202 0.088242
vn -0.902170 0.103160 0.418865
vn -0.572419 0.103228 0.813437
vn -0.088242 0.103202 0.990738
vn -0.813690 0.103188 -0.572068
vn -0.990692 0.103197 -0.088766
vn 0.902363 0.103254 -0.418426
vn 0.571923 0.103210 -0.813789
vn 0.000000 1.000000 0.000000
vn 0.088242 0.103202 -0.990738
vn -0.418628 0.103232 -0.902271
vn 0.418865 0.103160 0.902170
vn 0.813437 0.103228 0.572419
vn 0.990738 0.103202 0.088242
vn -0.902078 0.103138 0.419067
vn -0.572068 0.103188 0.813690
vn -0.088766 0.103197 0.990692
vn -0.814040 0.103170 -0.571572
vn -0.990692 0.103197 -0.088766
vn 0.885284 0.006506 -0.465005
vn 0.850367 0.242678 -0.466888
vn 0.862009 -0.006366 -0.506853
vn 0.872064 -0.013853 -0.489197
vn 0.332187 -0.917048 -0.220624
vn 0.133978 -0.982427 -0.129952
vn 0.272116 -0.878853 -0.391881
vn 0.226762 -0.938130 -0.261707
vn 0.605013 -0.492205 -0.625854
vn 0.428877 -0.579513 -0.692986
vn 0.470994 -0.357810 -0.806310
vn 0.605394 -0.684449 -0.406236
vn 0.728998 -0.408894 -0.548969
vn 0.808955 -0.067157 -0.584022
vn 0.815779 -0.052976 -0.575932
vn 0.260434 -0.948217 -0.181821
vn 0.773442 -0.368893 -0.515466
vn 0.738968 -0.436458 -0.513256
vn 0.552528 -0.737947 -0.387487
vn 0.555539 -0.712095 -0.429298
vn 0.426850 -0.781124 -0.455681
vn 0.310951 -0.815710 -0.487777
vn 0.636215 -0.220654 -0.739285
vn 0.731678 -0.129826 -0.669173
vn 0.724864 -0.142910 -0.673906
vn 0.845694 -0.023352 -0.533157
vn 0.341567 -0.904166 -0.256547
vn 0.727748 -0.638204 -0.251155
vn 0.833328 -0.466159 -0.297088
vn 0.633456 -0.565481 -0.528171
vn 0.723171 -0.428951 -0.541317
vn 0.406739 -0.537189 -0.738912
vn 0.314328 -0.622689 -0.716559
vn 0.332764 -0.434525 -0.836933
vn 0.173391 -0.509555 -0.842787
vn 0.227072 -0.698387 -0.678744
vn 0.097228 -0.539130 -0.836591
vn 0.318378 -0.602853 -0.731576
vn 0.073994 -0.563296 -0.822935
vn 0.261568 -0.652953 -0.710798
vn 0.068378 -0.564163 -0.822827
vn 0.209028 -0.696255 -0.686685
vn 0.082464 -0.546564 -0.833347
vn 0.056123 -0.554918 -0.830010
vn 0.088522 -0.560732 -0.823252
vn 0.077502 -0.559206 -0.825398
vn 0.074586 -0.560715 -0.824643
vn 0.286964 -0.823816 -0.488855
vn 0.296283 -0.823831 -0.483239
vn 0.364503 -0.793592 -0.487185
vn 0.525413 -0.699358 -0.484603
vn 0.916933 -0.338849 -0.210748
vn 0.932555 -0.218337 -0.287525
vn 0.263493 -0.923939 -0.277325
vn 0.361513 -0.898761 -0.248068
vn 0.492908 -0.832923 -0.251557
vn 0.601403 -0.743342 -0.292844
vn 0.084440 -0.557752 -0.825701
vn 0.090461 -0.557494 -0.825238
vn 0.425097 -0.506826 -0.749947
vn 0.731403 -0.381836 -0.565023
vn 0.929888 -0.206076 -0.304697
vn 0.114451 -0.495171 -0.861224
vn 0.098316 -0.510013 -0.854529
vn 0.103650 -0.728966 -0.676658
vn 0.084624 -0.480224 -0.873054
vn 0.087691 -0.503365 -0.859613
vn 0.073308 -0.852899 -0.516904
vn 0.043496 -0.962034 -0.269441
vn 0.066803 -0.842833 -0.534014
vn 0.097035 -0.565230 -0.819206
vn 0.124253 -0.558775 -0.819959
vn 0.121821 -0.727489 -0.675218
vn 0.122962 -0.539722 -0.832815
vn 0.152076 -0.536249 -0.830247
vn 0.167675 -0.524052 -0.835018
vn 0.183629 -0.519222 -0.834679
vn 0.070252 -0.918267 -0.389680
vn -0.936832 -0.162759 -0.309604
vn -0.772676 -0.293386 -0.562935
vn -0.219019 -0.456212 -0.862497
vn 0.060514 -0.465817 -0.882809
vn -0.193092 -0.450744 -0.871519
vn 0.062854 -0.460805 -0.885273
vn -0.468716 -0.405645 -0.784702
vn -0.978649 -0.151134 -0.139299
vn -0.893754 -0.278238 -0.351834
vn -0.825697 -0.313455 -0.469010
vn -0.624524 -0.389706 -0.676831
vn -0.445283 -0.448033 -0.775235
vn -0.392776 -0.889624 -0.233017
vn -0.104213 -0.979452 -0.172663
vn -0.232686 -0.787247 -0.571051
vn -0.190734 -0.748226 -0.635436
vn -0.188009 -0.588944 -0.786001
vn -0.273955 -0.516383 -0.811355
vn 0.027303 -0.441919 -0.896640
vn -0.009144 -0.409374 -0.912321
vn -0.026321 -0.396235 -0.917772
vn -0.198965 -0.566636 -0.799585
vn -0.078536 -0.477699 -0.875006
vn 0.025287 -0.433374 -0.900859
vn -0.205731 -0.280639 -0.937505
vn -0.112642 -0.340137 -0.933605
vn -0.169216 -0.597928 -0.783485
vn -0.083938 -0.347095 -0.934066
vn -0.016511 -0.396676 -0.917810
vn -0.914460 -0.386848 -0.118795
vn -0.783571 -0.614018 -0.094859
vn -0.763701 -0.507507 -0.398996
vn -0.599327 -0.747765 -0.285751
vn -0.453497 -0.687180 -0.567560
vn -0.603957 -0.512761 -0.610174
vn -0.155957 -0.870144 -0.467469
vn -0.472505 -0.030745 -0.880791
vn -0.455833 -0.045504 -0.888901
vn -0.330296 -0.456801 -0.825977
vn -0.389333 -0.102020 -0.915430
vn -0.307986 -0.174392 -0.935271
vn -0.161712 -0.914514 -0.370828
vn -0.259178 -0.735276 -0.626256
vn -0.492267 -0.019406 -0.870228
vn -0.748074 -0.563905 -0.349852
vn -0.491856 -0.015180 -0.870545
vn -0.600018 -0.179747 -0.779532
vn -0.697969 -0.354382 -0.622296
vn -0.999956 -0.000007 -0.009420
vn -0.940258 0.000262 -0.340462
vn -0.536979 0.075177 -0.840239
vn -0.522771 -0.001394 -0.852472
vn -0.755952 0.000306 -0.654627
vn -0.807855 0.007486 -0.589333
vn -0.086913 -0.013391 -0.996126
vn -0.087530 -0.130604 -0.987563
vn -0.118493 -0.150849 -0.981430
vn -0.145786 -0.092723 -0.984961
vn -0.164966 -0.079989 -0.983050
vn -0.175817 -0.059596 -0.982617
vn -0.113235 -0.017111 -0.993421
vn -0.181427 -0.041598 -0.982524
vn -0.183381 -0.024778 -0.982730
vn -0.067224 -0.102067 -0.992504
vn -0.089934 -0.024028 -0.995658
vn -0.182531 -0.010069 -0.983149
vn 0.894387 0.018698 -0.446904
vn 0.083172 0.995736 -0.039910
vn 0.647466 0.682004 -0.340086
vn 0.884841 0.026773 -0.465124
vn 0.877198 -0.004116 -0.480111
vn 0.869422 -0.040784 -0.492384
vn 0.501127 0.820952 -0.273696
vn -0.003666 0.999156 -0.040915
vn -0.186617 0.945798 -0.265783
vn -0.435323 0.877325 -0.201978
vn -0.037927 0.999275 0.003378
vn -0.593561 0.688238 0.417149
vn -0.102993 0.969566 0.222111
vn 0.006385 0.997407 0.071687
vn 0.070672 0.992431 0.100429
vn 0.357224 0.919175 0.165854
vn 0.771450 0.632525 -0.069122
vn 0.013932 0.999855 -0.009795
vn 0.068552 0.986674 -0.147564
vn -0.003365 0.999289 -0.037560
vn -0.186788 0.945793 -0.265680
vn -0.435308 0.877275 -0.202226
vn -0.042150 0.999104 0.003777
vn -0.336246 0.911701 0.236092
vn -0.111845 0.964044 0.241060
vn 0.003477 0.999232 0.039037
vn 0.186788 0.945765 0.265780
vn 0.435494 0.877249 0.201939
vn 0.041801 0.999119 -0.003723
vn 0.348147 0.904860 -0.244993
vn 0.117788 0.960085 -0.253698
vn -0.000807 0.999959 -0.009060
vn -0.040254 0.997551 -0.057204
vn -0.361753 0.917020 -0.167957
vn -0.764502 0.640971 0.068499
vn -0.013295 0.999868 0.009347
vn -0.066461 0.987480 0.143062
vn 0.003681 0.999149 0.041086
vn 0.186623 0.945794 0.265792
vn 0.435344 0.877312 0.201987
vn 0.037290 0.999299 -0.003321
vn 0.602828 0.676098 -0.423662
vn 0.097148 0.972969 -0.209506
vn -0.165367 -0.603911 -0.779708
vn 0.039464 -0.597574 -0.800842
vn 0.049772 -0.527324 -0.848205
vn 0.086900 -0.566834 -0.819236
vn 0.253167 -0.487135 -0.835826
vn 0.332905 -0.439575 -0.834235
vn 0.257236 -0.470124 -0.844282
vn 0.807460 -0.063210 -0.586526
vn -0.440211 -0.051784 -0.896400
vn -0.416587 -0.070125 -0.906387
vn -0.466014 -0.036904 -0.884007
vn -0.495957 -0.019693 -0.868124
vn -0.086613 -0.350679 -0.932482
vn -0.192742 -0.264754 -0.944858
vn 0.070534 -0.472727 -0.878382
vn 0.082885 -0.518037 -0.851333
vn 0.036015 -0.471787 -0.880977
vn 0.106173 -0.543342 -0.832770
vn 0.104086 -0.553407 -0.826382
vn 0.085527 -0.555384 -0.827184
vn 0.119171 -0.535944 -0.835800
vn 0.481104 -0.342462 -0.807006
vn 0.848498 -0.031328 -0.528270
vn 0.808316 -0.173791 -0.562515
vn 0.837592 -0.115358 -0.533977
vn 0.840927 -0.081453 -0.534983
vn 0.752596 -0.161245 -0.638435
vn 0.766337 -0.176782 -0.617637
vn 0.755301 -0.262277 -0.600609
vn 0.631141 -0.238185 -0.738193
vn 0.558986 -0.361698 -0.746129
vn 0.686493 -0.193348 -0.700959
vn 0.674096 -0.249262 -0.695315
vn 0.673475 -0.293961 -0.678246
vn 0.527716 -0.321199 -0.786350
vn 0.496348 -0.355747 -0.791886
vn 0.637330 -0.227763 -0.736162
vn 0.523887 -0.332734 -0.784111
vn 0.366423 -0.447354 -0.815848
vn 0.108154 -0.557892 -0.822836
vn 0.162765 -0.534918 -0.829078
vn 0.182925 -0.525054 -0.831178
vn 0.213200 -0.507705 -0.834734
vn 0.002674 -0.481729 -0.876316
vn -0.044745 -0.420926 -0.905991
vn -0.090674 -0.434353 -0.896167
vn -0.071202 -0.493654 -0.866739
vn -0.012236 -0.519892 -0.854145
vn -0.002228 -0.548400 -0.836213
vn 0.014487 -0.437121 -0.899286
vn -0.035696 -0.405280 -0.913496
vn -0.092960 -0.364577 -0.926521
vn -0.140223 -0.334953 -0.931742
vn -0.149151 -0.375540 -0.914726
vn -0.373104 -0.117079 -0.920373
vn -0.324174 -0.167994 -0.930962
vn -0.308807 -0.169758 -0.935853
vn -0.270777 -0.214671 -0.938401
vn -0.178326 -0.284454 -0.941958
vn -0.205915 -0.278043 -0.938238
vn -0.431239 -0.084095 -0.898310
vn -0.419217 -0.076727 -0.904638
vn -0.380536 -0.118606 -0.917128
vn -0.500618 -0.032738 -0.865049
vn -0.478057 -0.067752 -0.875712
vn -0.473564 -0.055707 -0.878996
vn -0.431295 -0.094106 -0.897290
vn -0.511620 -0.011518 -0.859135
vn -0.522578 -0.027968 -0.852133
vn -0.528941 0.000788 -0.848659
vn -0.521181 0.007201 -0.853416
vn -0.258073 0.871582 -0.416826
vn -0.392246 0.652212 -0.648663
vn 0.762951 -0.120670 -0.635094
vn 0.816093 -0.082996 -0.571930
vn 0.859470 -0.037153 -0.509834
vn 0.955211 -0.079348 -0.285090
vn 0.027665 0.999583 -0.008257
vn 0.985378 -0.109038 -0.130920
vn 0.798016 -0.592825 -0.108301
vn 0.736349 -0.669306 -0.099088
vn 0.679876 -0.616813 -0.396624
vn -0.658379 -0.748419 0.080037
vn -0.734953 -0.671494 0.094555
vn -0.739084 -0.640101 -0.209823
vn -0.806500 -0.582246 0.102701
vn -0.909503 -0.398780 0.117379
vn -0.877318 -0.439915 -0.191801
vn -0.246498 -0.299726 -0.921631
vn -0.171817 -0.320768 -0.931443
vn -0.323547 -0.554140 -0.766972
vn -0.185707 -0.590746 -0.785196
vn -0.369028 -0.757187 -0.538967
vn -0.180844 -0.805881 -0.563783
vn -0.378632 -0.888639 -0.258763
vn -0.138078 -0.951874 -0.273625
vn -0.384510 -0.921898 0.047512
vn -0.094418 -0.323082 -0.941649
vn -0.018649 -0.306555 -0.951670
vn -0.043370 -0.593137 -0.803933
vn 0.095713 -0.561026 -0.822246
vn 0.013395 -0.807797 -0.589309
vn 0.202598 -0.762689 -0.614215
vn 0.088571 -0.932074 -0.351273
vn 0.291019 -0.891642 -0.346817
vn 0.051016 -0.272373 -0.960838
vn 0.223099 -0.496350 -0.838965
vn 0.375545 -0.673298 -0.636896
vn 0.496272 -0.785180 -0.370414
vn -0.437952 -0.068117 -0.896414
vn -0.681045 -0.133026 -0.720057
vn -0.860287 -0.187083 -0.474242
vn -0.957356 -0.223826 -0.182676
vn -0.960706 -0.248954 0.122746
vn -0.412619 -0.142025 -0.899763
vn -0.632776 -0.268530 -0.726283
vn -0.793107 -0.370948 -0.483093
vn -0.684337 -0.533175 -0.497400
vn -0.553874 -0.387976 -0.736681
vn -0.370510 -0.207619 -0.905327
vn -0.518750 -0.852518 0.064125
vn -0.561902 -0.785493 -0.259358
vn -0.540227 -0.664485 -0.516347
vn -0.448751 -0.485130 -0.750514
vn -0.314213 -0.261069 -0.912750
vn 0.188337 -0.981625 -0.030690
vn 0.037746 -0.999263 -0.006994
vn -0.166097 -0.985897 0.020484
vn 0.635178 -0.767336 -0.088003
vn 0.475013 -0.877623 -0.064344
vn 0.347584 -0.936319 -0.049924
vn 0.522069 -0.544906 -0.656141
vn 0.331194 -0.402874 -0.853231
vn 0.110825 -0.222245 -0.968672
vn 0.906071 -0.404838 -0.123050
vn 0.792224 -0.421744 -0.441037
vn 0.633965 -0.384686 -0.670898
vn 0.414060 -0.285948 -0.864169
vn 0.156459 -0.159410 -0.974735
vn 0.186111 -0.087160 -0.978655
vn 0.466998 -0.152199 -0.871062
vn 0.704620 -0.201989 -0.680229
vn 0.875543 -0.231842 -0.423879
vn 0.966248 -0.222418 -0.129979
vn -0.707383 0.648268 -0.281706
vn -0.746572 0.448992 -0.490954
vn -0.300679 0.950206 -0.081858
vn -0.607456 0.563673 -0.559705
vn -0.402725 0.766312 -0.500578
vn -0.030097 0.999547 -0.000479
vn -0.250001 0.967769 -0.030366
vn 0.491345 -0.819495 -0.294971
vn 0.690884 -0.656719 -0.302323
vn 0.631105 -0.594741 -0.497985
vn 0.354762 -0.617995 -0.701588
vn -0.978669 -0.137617 -0.152543
vn -0.590783 -0.090372 -0.801753
vn -0.545247 -0.154784 -0.823862
vn -0.459215 -0.231831 -0.857540
vn -0.215544 -0.445534 -0.868930
vn -0.300543 -0.369885 -0.879124
vn -0.100353 -0.552053 -0.827748
vn -0.161823 -0.496827 -0.852629
vn -0.058641 -0.609148 -0.790886
vn 0.247245 -0.667360 -0.702496
vn 0.171590 -0.714677 -0.678081
vn 0.082544 -0.713614 -0.695659
vn -0.022621 -0.696426 -0.717272
vn 0.528648 -0.506309 -0.681309
vn 0.690597 -0.375021 -0.618413
vn 0.867075 -0.161786 -0.471174
vn 0.799416 -0.295163 -0.523271
vn 0.169798 -0.952859 -0.251453
vn -0.025550 -0.968846 -0.246341
vn 0.029922 -0.999521 -0.007907
vn 0.119226 -0.992707 -0.017817
vn 0.245846 -0.968668 -0.035255
vn 0.331116 -0.898515 -0.288154
vn 0.435747 -0.898054 -0.060194
vn 0.513174 -0.855427 -0.069985
vn 0.651571 -0.753399 -0.088569
vn 0.761854 -0.639576 -0.102574
vn 0.810089 -0.520188 -0.270480
vn 0.779031 -0.618099 -0.105185
vn 0.869375 -0.480305 -0.116162
vn 0.899340 -0.359196 -0.249331
vn 0.917094 -0.379623 -0.121756
vn 0.952484 -0.216152 -0.214597
vn 0.948465 -0.291017 -0.125395
vn 0.981097 -0.142164 -0.131295
vn 0.769112 -0.457359 -0.446420
vn 0.861371 -0.325383 -0.390085
vn 0.922732 -0.160818 -0.350291
vn 0.469893 -0.699719 -0.538140
vn -0.782764 -0.195654 -0.590762
vn -0.842137 -0.250032 -0.477796
vn -0.721984 -0.305626 -0.620751
vn -0.787667 -0.371023 -0.491856
vn -0.618063 -0.435258 -0.654636
vn -0.678196 -0.515068 -0.524171
vn -0.405005 -0.610274 -0.680836
vn -0.452834 -0.701131 -0.550779
vn -0.273380 -0.696111 -0.663847
vn -0.315241 -0.787712 -0.529276
vn -0.144602 -0.767058 -0.625070
vn -0.179451 -0.867385 -0.464157
vn -0.008018 -0.807099 -0.590362
vn -0.028191 -0.906482 -0.421302
vn 0.123900 -0.862132 -0.491302
vn -0.277335 -0.571247 -0.772504
vn -0.366997 -0.494593 -0.787840
vn -0.539949 -0.345867 -0.767354
vn -0.638453 -0.233451 -0.733402
vn -0.695319 -0.146476 -0.703617
vn -0.121158 -0.674421 -0.728338
vn -0.186965 -0.616955 -0.764468
vn 0.354868 -0.790950 -0.498464
vn 0.245188 -0.842259 -0.480086
vn -0.932651 -0.340221 0.120051
vn -0.893280 -0.433985 0.117082
vn -0.858604 -0.510871 -0.042535
vn -0.862847 -0.492703 0.112861
vn -0.794679 -0.598434 0.101795
vn -0.732869 -0.678032 -0.056341
vn -0.926303 -0.373782 -0.047428
vn -0.979759 -0.155752 0.125756
vn -0.766553 -0.634350 0.099984
vn -0.654186 -0.751552 0.084916
vn -0.549911 -0.830021 -0.093078
vn -0.492679 -0.867900 0.063377
vn -0.419903 -0.903986 -0.080569
vn -0.392537 -0.889472 -0.233996
vn -0.540559 -0.802661 -0.252054
vn -0.738302 -0.634934 -0.227530
vn -0.856935 -0.474111 -0.202193
vn -0.924747 -0.303371 -0.229801
vn -0.913067 -0.146819 -0.380465
vn -0.824125 -0.085739 -0.559881
vn -0.733616 -0.057608 -0.677118
vn -0.631692 -0.026929 -0.774752
vn -0.210144 -0.938553 -0.273782
vn -0.350122 -0.854483 -0.383762
vn -0.502847 -0.762622 -0.406881
vn -0.718437 -0.582302 -0.380491
vn -0.832918 -0.427647 -0.351234
vn -0.888691 -0.305838 -0.341602
vn -0.455349 -0.888417 0.058077
vn -0.349949 -0.935910 0.040102
vn -0.200022 -0.979533 0.022492
vn -0.150264 -0.988504 0.016768
# 2524 vertices, 0 vertices normals

f 1//1 2//2 3//3
f 3//3 2//2 4//4
f 3//3 4//4 5//5
f 5//5 4//4 6//6
f 5//5 6//6 7//7
f 7//7 6//6 8//8
f 7//7 8//8 9//9
f 9//9 8//8 10//10
f 9//9 10//10 11//11
f 11//11 10//10 12//12
f 11//11 12//12 13//13
f 13//13 12//12 14//14
f 13//13 14//14 15//15
f 16//16 17//17 18//18
f 18//18 17//17 19//19
f 18//18 19//19 20//20
f 20//20 19//19 21//21
f 20//20 21//21 22//22
f 22//22 21//21 23//23
f 22//22 23//23 24//24
f 24//24 23//23 25//25
f 24//24 25//25 26//26
f 26//26 25//25 27//27
f 26//26 27//27 28//28
f 28//28 27//27 29//29
f 28//28 29//29 30//30
f 30//30 29//29 31//31
f 30//30 31//31 1//1
f 1//1 31//31 32//32
f 1//1 32//32 2//2
f 33//33 34//34 35//35
f 35//35 34//34 36//36
f 35//35 36//36 37//37
f 37//37 36//36 38//38
f 37//37 38//38 39//39
f 39//39 38//38 40//40
f 39//39 40//40 41//41
f 41//41 40//40 42//42
f 41//41 42//42 43//43
f 43//43 42//42 44//44
f 43//43 44//44 45//45
f 45//45 44//44 46//46
f 45//45 46//46 16//16
f 16//16 46//46 47//47
f 16//16 47//47 17//17
f 14//14 48//48 15//15
f 15//15 48//48 49//49
f 15//15 49//49 50//50
f 50//50 49//49 51//51
f 50//50 51//51 52//52
f 52//52 51//51 53//53
f 52//52 53//53 54//54
f 54//54 53//53 55//55
f 54//54 55//55 56//56
f 56//56 55//55 57//57
f 56//56 57//57 58//58
f 58//58 57//57 59//59
f 58//58 59//59 60//60
f 60//60 59//59 61//61
f 60//60 61//61 62//62
f 62//62 61//61 63//63
f 62//62 63//63 33//33
f 33//33 63//63 64//64
f 33//33 64//64 34//34
f 65//65 66//66 67//67
f 67//67 66//66 68//68
f 67//67 68//68 69//69
f 69//69 68//68 70//70
f 69//69 70//70 71//71
f 71//71 70//70 72//72
f 71//71 72//72 73//73
f 73//73 72//72 74//74
f 73//73 74//74 75//75
f 75//75 74//74 76//76
f 75//75 76//76 77//77
f 77//77 76//76 78//78
f 77//77 78//78 79//79
f 80//80 81//81 82//82
f 82//82 81//81 83//83
f 82//82 83//83 84//84
f 84//84 83//83 85//85
f 84//84 85//85 86//86
f 86//86 85//85 87//87
f 86//86 87//87 88//88
f 88//88 87//87 89//89
f 88//88 89//89 90//90
f 90//90 89//89 91//91
f 90//90 91//91 92//92
f 92//92 91//91 93//93
f 92//92 93//93 94//94
f 78//78 95//95 79//79
f 79//79 95//95 96//96
f 79//79 96//96 97//97
f 97//97 96//96 98//98
f 97//97 98//98 99//99
f 99//99 98//98 100//100
f 99//99 100//100 101//101
f 101//101 100//100 102//102
f 101//101 102//102 103//103
f 103//103 102//102 104//104
f 103//103 104//104 105//105
f 105//105 104//104 106//106
f 105//105 106//106 107//107
f 107//107 106//106 108//108
f 107//107 108//108 109//109
f 109//109 108//108 110//110
f 109//109 110//110 80//80
f 80//80 110//110 111//111
f 80//80 111//111 81//81
f 93//93 112//112 94//94
f 94//94 112//112 113//113
f 94//94 113//113 114//114
f 114//114 113//113 115//115
f 114//114 115//115 116//116
f 116//116 115//115 117//117
f 116//116 117//117 118//118
f 118//118 117//117 119//119
f 118//118 119//119 120//120
f 120//120 119//119 121//121
f 120//120 121//121 122//122
f 122//122 121//121 123//123
f 122//122 123//123 124//124
f 124//124 123//123 125//125
f 124//124 125//125 126//126
f 126//126 125//125 127//127
f 126//126 127//127 65//65
f 65//65 127//127 128//128
f 65//65 128//128 66//66
f 129//129 130//130 131//131
f 131//131 130//130 132//132
f 131//131 132//132 133//133
f 133//133 132//132 134//134
f 133//133 134//134 135//135
f 135//135 134//134 136//136
f 135//135 136//136 137//137
f 137//137 136//136 138//138
f 137//137 138//138 139//139
f 139//139 138//138 140//140
f 139//139 140//140 141//141
f 141//141 140//140 142//142
f 141//141 142//142 143//143
f 143//143 142//142 144//144
f 143//143 144//144 145//145
f 145//145 144//144 146//146
f 145//145 146//146 147//147
f 147//147 146//146 148//148
f 147//147 148//148 149//149
f 149//149 148//148 150//150
f 149//149 150//150 151//151
f 151//151 150//150 152//152
f 151//151 152//152 153//153
f 153//153 152//152 154//154
f 153//153 154//154 155//155
f 155//155 154//154 156//156
f 155//155 156//156 157//157
f 157//157 156//156 158//158
f 157//157 158//158 159//159
f 159//159 158//158 160//160
f 159//159 160//160 161//161
f 161//161 160//160 162//162
f 161//161 162//162 163//163
f 163//163 162//162 164//164
f 163//163 164//164 165//165
f 165//165 164//164 166//166
f 165//165 166//166 167//167
f 167//167 166//166 168//168
f 167//167 168//168 169//169
f 169//169 168//168 170//170
f 169//169 170//170 171//171
f 171//171 170//170 172//172
f 171//171 172//172 173//173
f 173//173 172//172 174//174
f 173//173 174//174 175//175
f 175//175 174//174 176//176
f 175//175 176//176 177//177
f 177//177 176//176 178//178
f 177//177 178//178 179//179
f 179//179 178//178 180//180
f 179//179 180//180 181//181
f 181//181 180//180 182//182
f 181//181 182//182 183//183
f 183//183 182//182 184//184
f 183//183 184//184 185//185
f 185//185 184//184 186//186
f 185//185 186//186 187//187
f 187//187 186//186 188//188
f 187//187 188//188 189//189
f 189//189 188//188 190//190
f 189//189 190//190 191//191
f 191//191 190//190 192//192
f 191//191 192//192 193//193
f 193//193 192//192 194//194
f 193//193 194//194 195//195
f 195//195 194//194 196//196
f 195//195 196//196 197//197
f 197//197 196//196 198//198
f 197//197 198//198 199//199
f 199//199 198//198 200//200
f 199//199 200//200 201//201
f 201//201 200//200 202//202
f 201//201 202//202 203//203
f 203//203 202//202 204//204
f 203//203 204//204 205//205
f 205//205 204//204 206//206
f 205//205 206//206 207//207
f 207//207 206//206 208//208
f 207//207 208//208 209//209
f 209//209 208//208 210//210
f 209//209 210//210 211//211
f 211//211 210//210 212//212
f 211//211 212//212 213//213
f 213//213 212//212 214//214
f 213//213 214//214 215//215
f 215//215 214//214 216//216
f 215//215 216//216 217//217
f 217//217 216//216 218//218
f 217//217 218//218 219//219
f 219//219 218//218 220//220
f 219//219 220//220 221//221
f 221//221 220//220 222//222
f 221//221 222//222 223//223
f 223//223 222//222 224//224
f 223//223 224//224 225//225
f 225//225 224//224 226//226
f 225//225 226//226 227//227
f 227//227 226//226 228//228
f 227//227 228//228 229//229
f 229//229 228//228 230//230
f 229//229 230//230 231//231
f 231//231 230//230 232//232
f 231//231 232//232 233//233
f 233//233 232//232 234//234
f 233//233 234//234 235//235
f 235//235 234//234 236//236
f 235//235 236//236 237//237
f 237//237 236//236 238//238
f 237//237 238//238 239//239
f 239//239 238//238 240//240
f 239//239 240//240 129//129
f 129//129 240//240 130//130
f 241//241 242//242 243//243
f 243//243 242//242 244//244
f 243//243 244//244 245//245
f 245//245 244//244 246//246
f 245//245 246//246 247//247
f 247//247 246//246 248//248
f 247//247 248//248 249//249
f 249//249 248//248 250//250
f 249//249 250//250 251//251
f 251//251 250//250 252//252
f 251//251 252//252 253//253
f 253//253 252//252 254//254
f 253//253 254//254 255//255
f 255//255 254//254 256//256
f 255//255 256//256 257//257
f 257//257 256//256 258//258
f 257//257 258//258 259//259
f 259//259 258//258 260//260
f 259//259 260//260 261//261
f 261//261 260//260 262//262
f 261//261 262//262 263//263
f 263//263 262//262 264//264
f 263//263 264//264 265//265
f 265//265 264//264 266//266
f 265//265 266//266 267//267
f 267//267 266//266 268//268
f 267//267 268//268 269//269
f 269//269 268//268 270//270
f 269//269 270//270 271//271
f 271//271 270//270 272//272
f 271//271 272//272 273//273
f 273//273 272//272 274//274
f 273//273 274//274 275//275
f 275//275 274//274 276//276
f 275//275 276//276 277//277
f 277//277 276//276 278//278
f 277//277 278//278 279//279
f 279//279 278//278 280//280
f 279//279 280//280 281//281
f 281//281 280//280 282//282
f 281//281 282//282 283//283
f 283//283 282//282 284//284
f 283//283 284//284 285//285
f 285//285 284//284 286//286
f 285//285 286//286 287//287
f 287//287 286//286 288//288
f 287//287 288//288 289//289
f 289//289 288//288 290//290
f 289//289 290//290 291//291
f 291//291 290//290 292//292
f 291//291 292//292 293//293
f 293//293 292//292 294//294
f 293//293 294//294 295//295
f 295//295 294//294 296//296
f 295//295 296//296 297//297
f 297//297 296//296 298//298
f 297//297 298//298 299//299
f 299//299 298//298 300//300
f 299//299 300//300 301//301
f 301//301 300//300 302//302
f 301//301 302//302 303//303
f 303//303 302//302 304//304
f 303//303 304//304 305//305
f 305//305 304//304 306//306
f 305//305 306//306 307//307
f 307//307 306//306 308//308
f 307//307 308//308 309//309
f 309//309 308//308 310//310
f 309//309 310//310 311//311
f 311//311 310//310 312//312
f 311//311 312//312 313//313
f 313//313 312//312 314//314
f 313//313 314//314 315//315
f 315//315 314//314 316//316
f 315//315 316//316 317//317
f 317//317 316//316 318//318
f 317//317 318//318 319//319
f 319//319 318//318 320//320
f 319//319 320//320 241//241
f 241//241 320//320 242//242
f 120//120 122//122 321//321
f 321//321 122//122 322//322
f 321//321 322//322 323//323
f 323//323 322//322 324//324
f 323//323 324//324 325//325
f 325//325 324//324 326//326
f 124//124 126//126 327//327
f 327//327 126//126 328//328
f 327//327 328//328 329//329
f 329//329 328//328 330//330
f 329//329 330//330 331//331
f 331//331 330//330 332//332
f 126//126 65//65 328//328
f 328//328 65//65 333//333
f 328//328 333//333 330//330
f 330//330 333//333 334//334
f 330//330 334//334 332//332
f 332//332 334//334 335//335
f 67//67 69//69 336//336
f 336//336 69//69 337//337
f 336//336 337//337 338//338
f 338//338 337//337 339//339
f 338//338 339//339 340//340
f 340//340 339//339 341//341
f 69//69 71//71 337//337
f 337//337 71//71 342//342
f 337//337 342//342 339//339
f 339//339 342//342 343//343
f 339//339 343//343 341//341
f 341//341 343//343 344//344
f 73//73 75//75 345//345
f 345//345 75//75 346//346
f 345//345 346//346 347//347
f 347//347 346//346 348//348
f 347//347 348//348 349//349
f 349//349 348//348 350//350
f 75//75 77//77 346//346
f 346//346 77//77 351//351
f 346//346 351//351 348//348
f 348//348 351//351 352//352
f 348//348 352//352 350//350
f 350//350 352//352 353//353
f 79//79 97//97 354//354
f 354//354 97//97 355//355
f 354//354 355//355 356//356
f 356//356 355//355 357//357
f 356//356 357//357 358//358
f 358//358 357//357 359//359
f 97//97 99//99 355//355
f 355//355 99//99 360//360
f 355//355 360//360 357//357
f 357//357 360//360 361//361
f 357//357 361//361 359//359
f 359//359 361//361 362//362
f 101//101 103//103 363//363
f 363//363 103//103 364//364
f 363//363 364//364 365//365
f 365//365 364//364 366//366
f 365//365 366//366 367//367
f 367//367 366//366 368//368
f 103//103 105//105 364//364
f 364//364 105//105 369//369
f 364//364 369//369 366//366
f 366//366 369//369 370//370
f 366//366 370//370 368//368
f 368//368 370//370 371//371
f 107//107 109//109 372//372
f 372//372 109//109 373//373
f 372//372 373//373 374//374
f 374//374 373//373 375//375
f 374//374 375//375 376//376
f 376//376 375//375 377//377
f 109//109 80//80 373//373
f 373//373 80//80 378//378
f 373//373 378//378 375//375
f 375//375 378//378 379//379
f 375//375 379//379 377//377
f 377//377 379//379 380//380
f 82//82 84//84 381//381
f 381//381 84//84 382//382
f 381//381 382//382 383//383
f 383//383 382//382 384//384
f 383//383 384//384 385//385
f 385//385 384//384 386//386
f 84//84 86//86 382//382
f 382//382 86//86 387//387
f 382//382 387//387 384//384
f 384//384 387//387 388//388
f 384//384 388//388 386//386
f 386//386 388//388 389//389
f 88//88 90//90 390//390
f 390//390 90//90 391//391
f 390//390 391//391 392//392
f 392//392 391//391 393//393
f 392//392 393//393 394//394
f 394//394 393//393 395//395
f 90//90 92//92 391//391
f 391//391 92//92 396//396
f 391//391 396//396 393//393
f 393//393 396//396 397//397
f 393//393 397//397 395//395
f 395//395 397//397 398//398
f 94//94 114//114 399//399
f 399//399 114//114 400//400
f 399//399 400//400 401//401
f 401//401 400//400 402//402
f 401//401 402//402 403//403
f 403//403 402//402 404//404
f 114//114 116//116 400//400
f 400//400 116//116 405//405
f 400//400 405//405 402//402
f 402//402 405//405 406//406
f 402//402 406//406 404//404
f 404//404 406//406 407//407
f 118//118 120//120 408//408
f 408//408 120//120 321//321
f 408//408 321//321 409//409
f 409//409 321//321 323//323
f 409//409 323//323 410//410
f 410//410 323//323 325//325
f 290//290 288//288 326//326
f 335//335 292//292 332//332
f 332//332 292//292 290//290
f 332//332 290//290 331//331
f 331//331 290//290 326//326
f 331//331 326//326 329//329
f 329//329 326//326 324//324
f 329//329 324//324 327//327
f 327//327 324//324 322//322
f 327//327 322//322 124//124
f 124//124 322//322 122//122
f 298//298 296//296 335//335
f 335//335 296//296 294//294
f 335//335 294//294 292//292
f 344//344 300//300 341//341
f 341//341 300//300 298//298
f 341//341 298//298 340//340
f 340//340 298//298 335//335
f 340//340 335//335 338//338
f 338//338 335//335 334//334
f 338//338 334//334 336//336
f 336//336 334//334 333//333
f 336//336 333//333 67//67
f 67//67 333//333 65//65
f 306//306 304//304 344//344
f 344//344 304//304 302//302
f 344//344 302//302 300//300
f 353//353 308//308 350//350
f 350//350 308//308 306//306
f 350//350 306//306 349//349
f 349//349 306//306 344//344
f 349//349 344//344 347//347
f 347//347 344//344 343//343
f 347//347 343//343 345//345
f 345//345 343//343 342//342
f 345//345 342//342 73//73
f 73//73 342//342 71//71
f 314//314 312//312 353//353
f 353//353 312//312 310//310
f 353//353 310//310 308//308
f 362//362 316//316 359//359
f 359//359 316//316 314//314
f 359//359 314//314 358//358
f 358//358 314//314 353//353
f 358//358 353//353 356//356
f 356//356 353//353 352//352
f 356//356 352//352 354//354
f 354//354 352//352 351//351
f 354//354 351//351 79//79
f 79//79 351//351 77//77
f 242//242 320//320 362//362
f 362//362 320//320 318//318
f 362//362 318//318 316//316
f 371//371 244//244 368//368
f 368//368 244//244 242//242
f 368//368 242//242 367//367
f 367//367 242//242 362//362
f 367//367 362//362 365//365
f 365//365 362//362 361//361
f 365//365 361//361 363//363
f 363//363 361//361 360//360
f 363//363 360//360 101//101
f 101//101 360//360 99//99
f 250//250 248//248 371//371
f 371//371 248//248 246//246
f 371//371 246//246 244//244
f 380//380 252//252 377//377
f 377//377 252//252 250//250
f 377//377 250//250 376//376
f 376//376 250//250 371//371
f 376//376 371//371 374//374
f 374//374 371//371 370//370
f 374//374 370//370 372//372
f 372//372 370//370 369//369
f 372//372 369//369 107//107
f 107//107 369//369 105//105
f 258//258 256//256 380//380
f 380//380 256//256 254//254
f 380//380 254//254 252//252
f 389//389 260//260 386//386
f 386//386 260//260 258//258
f 386//386 258//258 385//385
f 385//385 258//258 380//380
f 385//385 380//380 383//383
f 383//383 380//380 379//379
f 383//383 379//379 381//381
f 381//381 379//379 378//378
f 381//381 378//378 82//82
f 82//82 378//378 80//80
f 266//266 264//264 389//389
f 389//389 264//264 262//262
f 389//389 262//262 260//260
f 398//398 268//268 395//395
f 395//395 268//268 266//266
f 395//395 266//266 394//394
f 394//394 266//266 389//389
f 394//394 389//389 392//392
f 392//392 389//389 388//388
f 392//392 388//388 390//390
f 390//390 388//388 387//387
f 390//390 387//387 88//88
f 88//88 387//387 86//86
f 274//274 272//272 398//398
f 398//398 272//272 270//270
f 398//398 270//270 268//268
f 407//407 276//276 404//404
f 404//404 276//276 274//274
f 404//404 274//274 403//403
f 403//403 274//274 398//398
f 403//403 398//398 401//401
f 401//401 398//398 397//397
f 401//401 397//397 399//399
f 399//399 397//397 396//396
f 399//399 396//396 94//94
f 94//94 396//396 92//92
f 282//282 280//280 407//407
f 407//407 280//280 278//278
f 407//407 278//278 276//276
f 288//288 286//286 326//326
f 326//326 286//286 284//284
f 326//326 284//284 325//325
f 325//325 284//284 282//282
f 325//325 282//282 410//410
f 410//410 282//282 407//407
f 410//410 407//407 409//409
f 409//409 407//407 406//406
f 409//409 406//406 408//408
f 408//408 406//406 405//405
f 408//408 405//405 118//118
f 118//118 405//405 116//116
f 411//411 291//291 412//412
f 412//412 291//291 293//293
f 412//412 293//293 413//413
f 413//413 293//293 295//295
f 413//413 295//295 414//414
f 295//295 297//297 414//414
f 414//414 297//297 299//299
f 414//414 299//299 415//415
f 415//415 299//299 301//301
f 415//415 301//301 416//416
f 416//416 301//301 303//303
f 416//416 303//303 417//417
f 303//303 305//305 417//417
f 417//417 305//305 307//307
f 417//417 307//307 418//418
f 418//418 307//307 309//309
f 418//418 309//309 419//419
f 419//419 309//309 311//311
f 419//419 311//311 420//420
f 311//311 313//313 420//420
f 420//420 313//313 315//315
f 420//420 315//315 421//421
f 421//421 315//315 317//317
f 421//421 317//317 422//422
f 422//422 317//317 319//319
f 422//422 319//319 423//423
f 319//319 241//241 423//423
f 423//423 241//241 243//243
f 423//423 243//243 424//424
f 424//424 243//243 245//245
f 424//424 245//245 425//425
f 425//425 245//245 247//247
f 425//425 247//247 426//426
f 247//247 249//249 426//426
f 426//426 249//249 251//251
f 426//426 251//251 427//427
f 427//427 251//251 253//253
f 427//427 253//253 428//428
f 428//428 253//253 255//255
f 428//428 255//255 429//429
f 255//255 257//257 429//429
f 429//429 257//257 259//259
f 429//429 259//259 430//430
f 430//430 259//259 261//261
f 430//430 261//261 431//431
f 431//431 261//261 263//263
f 431//431 263//263 432//432
f 263//263 265//265 432//432
f 432//432 265//265 267//267
f 432//432 267//267 433//433
f 433//433 267//267 269//269
f 433//433 269//269 434//434
f 434//434 269//269 271//271
f 434//434 271//271 435//435
f 271//271 273//273 435//435
f 435//435 273//273 275//275
f 435//435 275//275 436//436
f 436//436 275//275 277//277
f 436//436 277//277 437//437
f 437//437 277//277 279//279
f 437//437 279//279 438//438
f 279//279 281//281 438//438
f 438//438 281//281 283//283
f 438//438 283//283 439//439
f 439//439 283//283 285//285
f 439//439 285//285 440//440
f 440//440 285//285 287//287
f 440//440 287//287 411//411
f 411//411 287//287 289//289
f 411//411 289//289 291//291
f 439//439 441//441 438//438
f 438//438 441//441 442//442
f 438//438 442//442 437//437
f 437//437 442//442 443//443
f 437//437 443//443 436//436
f 436//436 443//443 444//444
f 436//436 444//444 435//435
f 435//435 444//444 445//445
f 435//435 445//445 434//434
f 434//434 445//445 446//446
f 434//434 446//446 433//433
f 433//433 446//446 447//447
f 433//433 447//447 432//432
f 432//432 447//447 448//448
f 432//432 448//448 431//431
f 431//431 448//448 449//449
f 431//431 449//449 430//430
f 430//430 449//449 450//450
f 430//430 450//450 429//429
f 429//429 450//450 451//451
f 429//429 451//451 428//428
f 428//428 451//451 452//452
f 428//428 452//452 427//427
f 427//427 452//452 453//453
f 427//427 453//453 426//426
f 426//426 453//453 454//454
f 426//426 454//454 425//425
f 425//425 454//454 455//455
f 425//425 455//455 424//424
f 424//424 455//455 456//456
f 424//424 456//456 423//423
f 423//423 456//456 457//457
f 423//423 457//457 422//422
f 422//422 457//457 458//458
f 422//422 458//458 421//421
f 421//421 458//458 459//459
f 421//421 459//459 420//420
f 420//420 459//459 460//460
f 420//420 460//460 419//419
f 419//419 460//460 461//461
f 419//419 461//461 418//418
f 418//418 461//461 462//462
f 418//418 462//462 417//417
f 417//417 462//462 463//463
f 417//417 463//463 416//416
f 416//416 463//463 464//464
f 416//416 464//464 415//415
f 415//415 464//464 465//465
f 415//415 465//465 414//414
f 414//414 465//465 466//466
f 414//414 466//466 413//413
f 413//413 466//466 467//467
f 413//413 467//467 412//412
f 412//412 467//467 468//468
f 412//412 468//468 411//411
f 411//411 468//468 469//469
f 411//411 469//469 440//440
f 440//440 469//469 470//470
f 440//440 470//470 439//439
f 439//439 470//470 441//441
f 470//470 471//471 441//441
f 441//441 471//471 472//472
f 441//441 472//472 442//442
f 442//442 472//472 473//473
f 442//442 473//473 443//443
f 443//443 473//473 474//474
f 443//443 474//474 444//444
f 444//444 474//474 475//475
f 444//444 475//475 445//445
f 445//445 475//475 476//476
f 445//445 476//476 446//446
f 446//446 476//476 477//477
f 446//446 477//477 447//447
f 447//447 477//477 478//478
f 447//447 478//478 448//448
f 448//448 478//478 479//479
f 448//448 479//479 449//449
f 449//449 479//479 480//480
f 449//449 480//480 450//450
f 450//450 480//480 481//481
f 450//450 481//481 451//451
f 451//451 481//481 482//482
f 451//451 482//482 452//452
f 452//452 482//482 483//483
f 452//452 483//483 453//453
f 453//453 483//483 484//484
f 453//453 484//484 454//454
f 454//454 484//484 485//485
f 454//454 485//485 455//455
f 455//455 485//485 486//486
f 455//455 486//486 456//456
f 456//456 486//486 487//487
f 456//456 487//487 457//457
f 457//457 487//487 488//488
f 457//457 488//488 458//458
f 458//458 488//488 489//489
f 458//458 489//489 459//459
f 459//459 489//489 490//490
f 459//459 490//490 460//460
f 460//460 490//490 491//491
f 460//460 491//491 461//461
f 461//461 491//491 492//492
f 461//461 492//492 462//462
f 462//462 492//492 493//493
f 462//462 493//493 463//463
f 463//463 493//493 494//494
f 463//463 494//494 464//464
f 464//464 494//494 495//495
f 464//464 495//495 465//465
f 465//465 495//495 496//496
f 465//465 496//496 466//466
f 466//466 496//496 497//497
f 466//466 497//497 467//467
f 467//467 497//497 498//498
f 467//467 498//498 468//468
f 468//468 498//498 499//499
f 468//468 499//499 469//469
f 469//469 499//499 500//500
f 469//469 500//500 470//470
f 470//470 500//500 471//471
f 500//500 26//26 471//471
f 471//471 26//26 28//28
f 471//471 28//28 472//472
f 472//472 28//28 30//30
f 472//472 30//30 473//473
f 473//473 30//30 1//1
f 473//473 1//1 474//474
f 474//474 1//1 3//3
f 474//474 3//3 475//475
f 475//475 3//3 5//5
f 475//475 5//5 476//476
f 476//476 5//5 7//7
f 476//476 7//7 477//477
f 477//477 7//7 9//9
f 477//477 9//9 478//478
f 478//478 9//9 11//11
f 478//478 11//11 479//479
f 479//479 11//11 13//13
f 479//479 13//13 480//480
f 480//480 13//13 15//15
f 480//480 15//15 481//481
f 481//481 15//15 50//50
f 481//481 50//50 482//482
f 482//482 50//50 52//52
f 482//482 52//52 483//483
f 483//483 52//52 54//54
f 483//483 54//54 484//484
f 484//484 54//54 56//56
f 484//484 56//56 485//485
f 485//485 56//56 58//58
f 485//485 58//58 486//486
f 486//486 58//58 60//60
f 486//486 60//60 487//487
f 487//487 60//60 62//62
f 487//487 62//62 488//488
f 488//488 62//62 33//33
f 488//488 33//33 489//489
f 489//489 33//33 35//35
f 489//489 35//35 490//490
f 490//490 35//35 37//37
f 490//490 37//37 491//491
f 491//491 37//37 39//39
f 491//491 39//39 492//492
f 492//492 39//39 41//41
f 492//492 41//41 493//493
f 493//493 41//41 43//43
f 493//493 43//43 494//494
f 494//494 43//43 45//45
f 494//494 45//45 495//495
f 495//495 45//45 16//16
f 495//495 16//16 496//496
f 496//496 16//16 18//18
f 496//496 18//18 497//497
f 497//497 18//18 20//20
f 497//497 20//20 498//498
f 498//498 20//20 22//22
f 498//498 22//22 499//499
f 499//499 22//22 24//24
f 499//499 24//24 500//500
f 500//500 24//24 26//26
f 180//180 501//501 502//502
f 180//180 178//178 501//501
f 501//501 178//178 176//176
f 501//501 176//176 503//503
f 503//503 176//176 174//174
f 503//503 174//174 504//504
f 504//504 174//174 172//172
f 504//504 172//172 505//505
f 505//505 172//172 170//170
f 170//170 168//168 505//505
f 505//505 168//168 166//166
f 505//505 166//166 506//506
f 506//506 166//166 164//164
f 506//506 164//164 507//507
f 164//164 162//162 507//507
f 507//507 162//162 160//160
f 507//507 160//160 508//508
f 160//160 158//158 508//508
f 508//508 158//158 156//156
f 508//508 156//156 509//509
f 156//156 154//154 509//509
f 509//509 154//154 152//152
f 509//509 152//152 510//510
f 510//510 152//152 150//150
f 510//510 150//150 511//511
f 150//150 148//148 511//511
f 511//511 148//148 146//146
f 511//511 146//146 512//512
f 146//146 144//144 512//512
f 512//512 144//144 142//142
f 512//512 142//142 513//513
f 513//513 142//142 140//140
f 513//513 140//140 514//514
f 514//514 140//140 138//138
f 514//514 138//138 515//515
f 515//515 138//138 136//136
f 136//136 134//134 515//515
f 515//515 134//134 132//132
f 515//515 132//132 516//516
f 516//516 132//132 130//130
f 516//516 130//130 517//517
f 517//517 130//130 240//240
f 517//517 240//240 518//518
f 240//240 238//238 518//518
f 518//518 238//238 236//236
f 518//518 236//236 519//519
f 236//236 234//234 519//519
f 519//519 234//234 232//232
f 519//519 232//232 520//520
f 520//520 232//232 230//230
f 520//520 230//230 521//521
f 521//521 230//230 228//228
f 521//521 228//228 522//522
f 522//522 228//228 226//226
f 226//226 224//224 522//522
f 522//522 224//224 222//222
f 522//522 222//222 523//523
f 523//523 222//222 220//220
f 523//523 220//220 524//524
f 220//220 218//218 524//524
f 524//524 218//218 216//216
f 524//524 216//216 525//525
f 216//216 214//214 525//525
f 525//525 214//214 212//212
f 525//525 212//212 526//526
f 212//212 210//210 526//526
f 526//526 210//210 208//208
f 526//526 208//208 527//527
f 527//527 208//208 206//206
f 527//527 206//206 528//528
f 206//206 204//204 528//528
f 528//528 204//204 202//202
f 528//528 202//202 529//529
f 202//202 200//200 529//529
f 529//529 200//200 198//198
f 529//529 198//198 530//530
f 530//530 198//198 196//196
f 530//530 196//196 531//531
f 531//531 196//196 194//194
f 531//531 194//194 532//532
f 532//532 194//194 192//192
f 192//192 190//190 532//532
f 532//532 190//190 188//188
f 532//532 188//188 533//533
f 533//533 188//188 186//186
f 533//533 186//186 534//534
f 534//534 186//186 184//184
f 534//534 184//184 502//502
f 502//502 184//184 182//182
f 502//502 182//182 180//180
f 533//533 535//535 532//532
f 532//532 535//535 536//536
f 532//532 536//536 531//531
f 531//531 536//536 537//537
f 531//531 537//537 530//530
f 530//530 537//537 538//538
f 530//530 538//538 529//529
f 529//529 538//538 539//539
f 529//529 539//539 528//528
f 528//528 539//539 540//540
f 528//528 540//540 527//527
f 527//527 540//540 541//541
f 527//527 541//541 526//526
f 526//526 541//541 542//542
f 526//526 542//542 525//525
f 525//525 542//542 543//543
f 525//525 543//543 524//524
f 524//524 543//543 544//544
f 524//524 544//544 523//523
f 523//523 544//544 545//545
f 523//523 545//545 522//522
f 522//522 545//545 546//546
f 522//522 546//546 521//521
f 521//521 546//546 547//547
f 521//521 547//547 520//520
f 520//520 547//547 548//548
f 520//520 548//548 519//519
f 519//519 548//548 549//549
f 519//519 549//549 518//518
f 518//518 549//549 550//550
f 518//518 550//550 517//517
f 517//517 550//550 551//551
f 517//517 551//551 516//516
f 516//516 551//551 552//552
f 516//516 552//552 515//515
f 515//515 552//552 553//553
f 515//515 553//553 514//514
f 514//514 553//553 554//554
f 514//514 554//554 513//513
f 513//513 554//554 555//555
f 513//513 555//555 512//512
f 512//512 555//555 556//556
f 512//512 556//556 511//511
f 511//511 556//556 557//557
f 511//511 557//557 510//510
f 510//510 557//557 558//558
f 510//510 558//558 509//509
f 509//509 558//558 559//559
f 509//509 559//559 508//508
f 508//508 559//559 560//560
f 508//508 560//560 507//507
f 507//507 560//560 561//561
f 507//507 561//561 506//506
f 506//506 561//561 562//562
f 506//506 562//562 505//505
f 505//505 562//562 563//563
f 505//505 563//563 504//504
f 504//504 563//563 564//564
f 504//504 564//564 503//503
f 503//503 564//564 565//565
f 503//503 565//565 501//501
f 501//501 565//565 566//566
f 501//501 566//566 502//502
f 502//502 566//566 567//567
f 502//502 567//567 534//534
f 534//534 567//567 568//568
f 534//534 568//568 533//533
f 533//533 568//568 535//535
f 568//568 569//569 535//535
f 535//535 569//569 570//570
f 535//535 570//570 536//536
f 536//536 570//570 571//571
f 536//536 571//571 537//537
f 537//537 571//571 572//572
f 537//537 572//572 538//538
f 538//538 572//572 573//573
f 538//538 573//573 539//539
f 539//539 573//573 574//574
f 539//539 574//574 540//540
f 540//540 574//574 575//575
f 540//540 575//575 541//541
f 541//541 575//575 576//576
f 541//541 576//576 542//542
f 542//542 576//576 577//577
f 542//542 577//577 543//543
f 543//543 577//577 578//578
f 543//543 578//578 544//544
f 544//544 578//578 579//579
f 544//544 579//579 545//545
f 545//545 579//579 580//580
f 545//545 580//580 546//546
f 546//546 580//580 581//581
f 546//546 581//581 547//547
f 547//547 581//581 582//582
f 547//547 582//582 548//548
f 548//548 582//582 583//583
f 548//548 583//583 549//549
f 549//549 583//583 584//584
f 549//549 584//584 550//550
f 550//550 584//584 585//585
f 550//550 585//585 551//551
f 551//551 585//585 586//586
f 551//551 586//586 552//552
f 552//552 586//586 587//587
f 552//552 587//587 553//553
f 553//553 587//587 588//588
f 553//553 588//588 554//554
f 554//554 588//588 589//589
f 554//554 589//589 555//555
f 555//555 589//589 590//590
f 555//555 590//590 556//556
f 556//556 590//590 591//591
f 556//556 591//591 557//557
f 557//557 591//591 592//592
f 557//557 592//592 558//558
f 558//558 592//592 593//593
f 558//558 593//593 559//559
f 559//559 593//593 594//594
f 559//559 594//594 560//560
f 560//560 594//594 595//595
f 560//560 595//595 561//561
f 561//561 595//595 596//596
f 561//561 596//596 562//562
f 562//562 596//596 597//597
f 562//562 597//597 563//563
f 563//563 597//597 598//598
f 563//563 598//598 564//564
f 564//564 598//598 599//599
f 564//564 599//599 565//565
f 565//565 599//599 600//600
f 565//565 600//600 566//566
f 566//566 600//600 601//601
f 566//566 601//601 567//567
f 567//567 601//601 602//602
f 567//567 602//602 568//568
f 568//568 602//602 569//569
f 602//602 119//119 569//569
f 569//569 119//119 117//117
f 569//569 117//117 570//570
f 570//570 117//117 115//115
f 570//570 115//115 571//571
f 571//571 115//115 113//113
f 571//571 113//113 572//572
f 572//572 113//113 112//112
f 572//572 112//112 573//573
f 573//573 112//112 93//93
f 573//573 93//93 574//574
f 574//574 93//93 91//91
f 574//574 91//91 575//575
f 575//575 91//91 89//89
f 575//575 89//89 576//576
f 576//576 89//89 87//87
f 576//576 87//87 577//577
f 577//577 87//87 85//85
f 577//577 85//85 578//578
f 578//578 85//85 83//83
f 578//578 83//83 579//579
f 579//579 83//83 81//81
f 579//579 81//81 580//580
f 580//580 81//81 111//111
f 580//580 111//111 581//581
f 581//581 111//111 110//110
f 581//581 110//110 582//582
f 582//582 110//110 108//108
f 582//582 108//108 583//583
f 583//583 108//108 106//106
f 583//583 106//106 584//584
f 584//584 106//106 104//104
f 584//584 104//104 585//585
f 585//585 104//104 102//102
f 585//585 102//102 586//586
f 586//586 102//102 100//100
f 586//586 100//100 587//587
f 587//587 100//100 98//98
f 587//587 98//98 588//588
f 588//588 98//98 96//96
f 588//588 96//96 589//589
f 589//589 96//96 95//95
f 589//589 95//95 590//590
f 590//590 95//95 78//78
f 590//590 78//78 591//591
f 591//591 78//78 76//76
f 591//591 76//76 592//592
f 592//592 76//76 74//74
f 592//592 74//74 593//593
f 593//593 74//74 72//72
f 593//593 72//72 594//594
f 594//594 72//72 70//70
f 594//594 70//70 595//595
f 595//595 70//70 68//68
f 595//595 68//68 596//596
f 596//596 68//68 66//66
f 596//596 66//66 597//597
f 597//597 66//66 128//128
f 597//597 128//128 598//598
f 598//598 128//128 127//127
f 598//598 127//127 599//599
f 599//599 127//127 125//125
f 599//599 125//125 600//600
f 600//600 125//125 123//123
f 600//600 123//123 601//601
f 601//601 123//123 121//121
f 601//601 121//121 602//602
f 602//602 121//121 119//119
f 201//201 203//203 603//603
f 211//211 213//213 604//604
f 219//219 221//221 605//605
f 225//225 227//227 606//606
f 135//135 137//137 607//607
f 155//155 157//157 608//608
f 163//163 165//165 609//609
f 169//169 171//171 610//610
f 173//173 175//175 611//611
f 612//612 27//27 25//25
f 613//613 25//25 23//23
f 613//613 23//23 614//614
f 614//614 23//23 21//21
f 614//614 21//21 615//615
f 29//29 27//27 616//616
f 616//616 27//27 612//612
f 616//616 612//612 617//617
f 31//31 29//29 618//618
f 618//618 29//29 616//616
f 618//618 616//616 619//619
f 619//619 616//616 617//617
f 619//619 617//617 620//620
f 621//621 613//613 622//622
f 622//622 613//613 614//614
f 622//622 614//614 623//623
f 623//623 614//614 615//615
f 623//623 615//615 624//624
f 42//42 40//40 625//625
f 625//625 40//40 626//626
f 625//625 626//626 627//627
f 627//627 626//626 628//628
f 627//627 628//628 629//629
f 629//629 628//628 608//608
f 36//36 34//34 630//630
f 630//630 34//34 631//631
f 630//630 631//631 632//632
f 632//632 631//631 633//633
f 632//632 633//633 634//634
f 634//634 633//633 635//635
f 34//34 64//64 631//631
f 631//631 64//64 636//636
f 631//631 636//636 633//633
f 633//633 636//636 637//637
f 633//633 637//637 635//635
f 635//635 637//637 638//638
f 64//64 63//63 636//636
f 636//636 63//63 639//639
f 636//636 639//639 637//637
f 637//637 639//639 640//640
f 637//637 640//640 638//638
f 638//638 640//640 641//641
f 55//55 53//53 642//642
f 642//642 53//53 643//643
f 642//642 643//643 644//644
f 644//644 643//643 645//645
f 644//644 645//645 646//646
f 646//646 645//645 647//647
f 53//53 51//51 643//643
f 643//643 51//51 648//648
f 643//643 648//648 645//645
f 645//645 648//648 649//649
f 645//645 649//649 647//647
f 647//647 649//649 650//650
f 51//51 49//49 648//648
f 648//648 49//49 651//651
f 648//648 651//651 649//649
f 649//649 651//651 652//652
f 649//649 652//652 650//650
f 650//650 652//652 653//653
f 10//10 8//8 654//654
f 654//654 8//8 655//655
f 654//654 655//655 656//656
f 656//656 655//655 657//657
f 656//656 657//657 658//658
f 658//658 657//657 604//604
f 4//4 2//2 659//659
f 659//659 2//2 660//660
f 659//659 660//660 661//661
f 661//661 660//660 662//662
f 661//661 662//662 663//663
f 663//663 662//662 603//603
f 664//664 621//621 665//665
f 665//665 621//621 622//622
f 665//665 622//622 666//666
f 666//666 622//622 623//623
f 666//666 623//623 667//667
f 667//667 623//623 624//624
f 667//667 624//624 668//668
f 183//183 667//667 181//181
f 181//181 667//667 668//668
f 181//181 668//668 179//179
f 177//177 179//179 669//669
f 669//669 179//179 668//668
f 669//669 668//668 670//670
f 670//670 668//668 624//624
f 670//670 624//624 671//671
f 671//671 624//624 615//615
f 671//671 615//615 19//19
f 19//19 615//615 21//21
f 19//19 17//17 671//671
f 671//671 17//17 672//672
f 671//671 672//672 670//670
f 670//670 672//672 673//673
f 670//670 673//673 669//669
f 669//669 673//673 611//611
f 669//669 611//611 177//177
f 177//177 611//611 175//175
f 171//171 173//173 610//610
f 610//610 173//173 611//611
f 610//610 611//611 674//674
f 674//674 611//611 673//673
f 674//674 673//673 675//675
f 675//675 673//673 672//672
f 675//675 672//672 47//47
f 47//47 672//672 17//17
f 167//167 169//169 676//676
f 676//676 169//169 610//610
f 676//676 610//610 677//677
f 677//677 610//610 674//674
f 677//677 674//674 678//678
f 678//678 674//674 675//675
f 678//678 675//675 46//46
f 46//46 675//675 47//47
f 46//46 44//44 678//678
f 678//678 44//44 679//679
f 678//678 679//679 677//677
f 677//677 679//679 680//680
f 677//677 680//680 676//676
f 676//676 680//680 609//609
f 676//676 609//609 167//167
f 167//167 609//609 165//165
f 161//161 163//163 629//629
f 629//629 163//163 609//609
f 629//629 609//609 627//627
f 627//627 609//609 680//680
f 627//627 680//680 625//625
f 625//625 680//680 679//679
f 625//625 679//679 42//42
f 42//42 679//679 44//44
f 608//608 157//157 629//629
f 629//629 157//157 159//159
f 629//629 159//159 161//161
f 153//153 155//155 681//681
f 681//681 155//155 608//608
f 681//681 608//608 682//682
f 682//682 608//608 628//628
f 682//682 628//628 683//683
f 683//683 628//628 626//626
f 683//683 626//626 38//38
f 38//38 626//626 40//40
f 38//38 36//36 683//683
f 683//683 36//36 630//630
f 683//683 630//630 682//682
f 682//682 630//630 632//632
f 682//682 632//632 681//681
f 681//681 632//632 634//634
f 681//681 634//634 153//153
f 153//153 634//634 151//151
f 139//139 141//141 641//641
f 641//641 141//141 143//143
f 641//641 143//143 638//638
f 638//638 143//143 145//145
f 638//638 145//145 635//635
f 635//635 145//145 147//147
f 635//635 147//147 634//634
f 634//634 147//147 149//149
f 634//634 149//149 151//151
f 137//137 139//139 607//607
f 607//607 139//139 641//641
f 607//607 641//641 684//684
f 684//684 641//641 640//640
f 684//684 640//640 685//685
f 685//685 640//640 639//639
f 685//685 639//639 61//61
f 61//61 639//639 63//63
f 133//133 135//135 686//686
f 686//686 135//135 607//607
f 686//686 607//607 687//687
f 687//687 607//607 684//684
f 687//687 684//684 688//688
f 688//688 684//684 685//685
f 688//688 685//685 59//59
f 59//59 685//685 61//61
f 59//59 57//57 688//688
f 688//688 57//57 689//689
f 688//688 689//689 687//687
f 687//687 689//689 690//690
f 687//687 690//690 686//686
f 686//686 690//690 691//691
f 686//686 691//691 133//133
f 133//133 691//691 131//131
f 57//57 55//55 689//689
f 689//689 55//55 642//642
f 689//689 642//642 690//690
f 690//690 642//642 644//644
f 690//690 644//644 691//691
f 691//691 644//644 646//646
f 691//691 646//646 131//131
f 131//131 646//646 129//129
f 229//229 231//231 653//653
f 653//653 231//231 233//233
f 653//653 233//233 650//650
f 650//650 233//233 235//235
f 650//650 235//235 647//647
f 647//647 235//235 237//237
f 647//647 237//237 646//646
f 646//646 237//237 239//239
f 646//646 239//239 129//129
f 227//227 229//229 606//606
f 606//606 229//229 653//653
f 606//606 653//653 692//692
f 692//692 653//653 652//652
f 692//692 652//652 693//693
f 693//693 652//652 651//651
f 693//693 651//651 48//48
f 48//48 651//651 49//49
f 223//223 225//225 694//694
f 694//694 225//225 606//606
f 694//694 606//606 695//695
f 695//695 606//606 692//692
f 695//695 692//692 696//696
f 696//696 692//692 693//693
f 696//696 693//693 14//14
f 14//14 693//693 48//48
f 14//14 12//12 696//696
f 696//696 12//12 697//697
f 696//696 697//697 695//695
f 695//695 697//697 698//698
f 695//695 698//698 694//694
f 694//694 698//698 605//605
f 694//694 605//605 223//223
f 223//223 605//605 221//221
f 217//217 219//219 658//658
f 658//658 219//219 605//605
f 658//658 605//605 656//656
f 656//656 605//605 698//698
f 656//656 698//698 654//654
f 654//654 698//698 697//697
f 654//654 697//697 10//10
f 10//10 697//697 12//12
f 604//604 213//213 658//658
f 658//658 213//213 215//215
f 658//658 215//215 217//217
f 209//209 211//211 699//699
f 699//699 211//211 604//604
f 699//699 604//604 700//700
f 700//700 604//604 657//657
f 700//700 657//657 701//701
f 701//701 657//657 655//655
f 701//701 655//655 6//6
f 6//6 655//655 8//8
f 6//6 4//4 701//701
f 701//701 4//4 659//659
f 701//701 659//659 700//700
f 700//700 659//659 661//661
f 700//700 661//661 699//699
f 699//699 661//661 663//663
f 699//699 663//663 209//209
f 209//209 663//663 207//207
f 603//603 203//203 663//663
f 663//663 203//203 205//205
f 663//663 205//205 207//207
f 199//199 201//201 702//702
f 702//702 201//201 603//603
f 702//702 603//603 703//703
f 703//703 603//603 662//662
f 703//703 662//662 704//704
f 704//704 662//662 660//660
f 704//704 660//660 32//32
f 32//32 660//660 2//2
f 32//32 31//31 704//704
f 704//704 31//31 618//618
f 704//704 618//618 703//703
f 703//703 618//618 619//619
f 703//703 619//619 702//702
f 702//702 619//619 620//620
f 702//702 620//620 199//199
f 199//199 620//620 197//197
f 25//25 613//613 612//612
f 612//612 613//613 621//621
f 612//612 621//621 617//617
f 617//617 621//621 664//664
f 617//617 664//664 620//620
f 620//620 664//664 195//195
f 620//620 195//195 197//197
f 183//183 185//185 667//667
f 667//667 185//185 187//187
f 667//667 187//187 666//666
f 666//666 187//187 189//189
f 666//666 189//189 665//665
f 665//665 189//189 191//191
f 665//665 191//191 664//664
f 664//664 191//191 193//193
f 664//664 193//193 195//195
f 705//705 706//706 707//707
f 707//707 706//706 708//708
f 707//707 708//708 709//709
f 709//709 710//710 707//707
f 707//707 710//710 711//711
f 707//707 711//711 712//712
f 713//713 714//714 715//715
f 712//712 716//716 707//707
f 707//707 716//716 713//713
f 707//707 713//713 717//717
f 717//717 713//713 715//715
f 718//718 706//706 719//719
f 719//719 706//706 705//705
f 719//719 705//705 720//720
f 720//720 705//705 707//707
f 715//715 721//721 722//722
f 715//715 722//722 717//717
f 717//717 722//722 720//720
f 717//717 720//720 707//707
f 713//713 723//723 724//724
f 713//713 724//724 714//714
f 714//714 724//724 721//721
f 714//714 721//721 715//715
f 712//712 725//725 726//726
f 712//712 726//726 716//716
f 716//716 726//726 723//723
f 716//716 723//723 713//713
f 710//710 727//727 728//728
f 710//710 728//728 711//711
f 711//711 728//728 725//725
f 711//711 725//725 712//712
f 708//708 729//729 730//730
f 708//708 730//730 709//709
f 709//709 730//730 727//727
f 709//709 727//727 710//710
f 729//729 708//708 718//718
f 718//718 708//708 706//706
f 731//731 732//732 733//733
f 734//734 735//735 736//736
f 737//737 738//738 739//739
f 737//737 739//739 740//740
f 740//740 739//739 741//741
f 740//740 741//741 742//742
f 742//742 741//741 736//736
f 742//742 736//736 743//743
f 743//743 736//736 735//735
f 743//743 735//735 744//744
f 745//745 746//746 747//747
f 747//747 746//746 748//748
f 747//747 748//748 749//749
f 749//749 748//748 750//750
f 750//750 748//748 751//751
f 750//750 751//751 752//752
f 752//752 751//751 753//753
f 752//752 753//753 754//754
f 754//754 753//753 755//755
f 754//754 755//755 756//756
f 738//738 757//757 739//739
f 739//739 757//757 758//758
f 739//739 758//758 741//741
f 741//741 758//758 759//759
f 741//741 759//759 736//736
f 736//736 759//759 733//733
f 736//736 733//733 734//734
f 734//734 733//733 732//732
f 757//757 755//755 758//758
f 758//758 755//755 753//753
f 758//758 753//753 759//759
f 759//759 753//753 751//751
f 759//759 751//751 733//733
f 733//733 751//751 748//748
f 733//733 748//748 731//731
f 731//731 748//748 746//746
f 760//760 761//761 756//756
f 760//760 756//756 762//762
f 756//756 755//755 762//762
f 762//762 755//755 757//757
f 762//762 757//757 763//763
f 763//763 757//757 738//738
f 763//763 738//738 764//764
f 764//764 738//738 737//737
f 764//764 737//737 765//765
f 766//766 767//767 768//768
f 766//766 768//768 769//769
f 769//769 768//768 770//770
f 769//769 770//770 771//771
f 771//771 770//770 772//772
f 771//771 772//772 773//773
f 774//774 775//775 772//772
f 772//772 775//775 776//776
f 772//772 776//776 773//773
f 777//777 778//778 779//779
f 779//779 778//778 780//780
f 779//779 780//780 781//781
f 782//782 773//773 783//783
f 783//783 773//773 776//776
f 783//783 776//776 775//775
f 779//779 766//766 777//777
f 777//777 766//766 769//769
f 777//777 769//769 782//782
f 782//782 769//769 771//771
f 782//782 771//771 773//773
f 784//784 785//785 786//786
f 786//786 785//785 787//787
f 787//787 785//785 765//765
f 765//765 785//785 788//788
f 765//765 788//788 764//764
f 764//764 788//788 763//763
f 763//763 788//788 789//789
f 763//763 789//789 762//762
f 790//790 761//761 789//789
f 789//789 761//761 760//760
f 789//789 760//760 762//762
f 791//791 792//792 793//793
f 794//794 795//795 796//796
f 797//797 798//798 799//799
f 797//797 799//799 800//800
f 800//800 799//799 801//801
f 800//800 801//801 802//802
f 802//802 801//801 803//803
f 802//802 803//803 804//804
f 804//804 803//803 768//768
f 804//804 768//768 767//767
f 774//774 772//772 805//805
f 805//805 772//772 806//806
f 805//805 806//806 807//807
f 807//807 806//806 808//808
f 808//808 806//806 809//809
f 808//808 809//809 810//810
f 810//810 809//809 796//796
f 810//810 796//796 811//811
f 811//811 796//796 795//795
f 811//811 795//795 812//812
f 798//798 791//791 799//799
f 799//799 791//791 793//793
f 799//799 793//793 801//801
f 801//801 793//793 813//813
f 801//801 813//813 803//803
f 803//803 813//813 814//814
f 803//803 814//814 768//768
f 768//768 814//814 770//770
f 792//792 794//794 793//793
f 793//793 794//794 796//796
f 793//793 796//796 813//813
f 813//813 796//796 809//809
f 813//813 809//809 814//814
f 814//814 809//809 806//806
f 814//814 806//806 770//770
f 770//770 806//806 772//772
f 797//797 815//815 798//798
f 798//798 815//815 816//816
f 798//798 816//816 791//791
f 791//791 816//816 817//817
f 791//791 817//817 792//792
f 792//792 817//817 818//818
f 792//792 818//818 794//794
f 794//794 818//818 819//819
f 794//794 819//819 795//795
f 795//795 819//819 820//820
f 795//795 820//820 812//812
f 812//812 820//820 821//821
f 822//822 823//823 824//824
f 825//825 826//826 827//827
f 827//827 826//826 828//828
f 829//829 830//830 831//831
f 822//822 824//824 831//831
f 831//831 824//824 832//832
f 831//831 832//832 829//829
f 829//829 832//832 816//816
f 829//829 816//816 815//815
f 820//820 819//819 824//824
f 824//824 819//819 818//818
f 824//824 818//818 832//832
f 832//832 818//818 817//817
f 832//832 817//817 816//816
f 823//823 828//828 824//824
f 824//824 828//828 826//826
f 824//824 826//826 820//820
f 820//820 826//826 825//825
f 820//820 825//825 821//821
f 823//823 822//822 833//833
f 834//834 835//835 827//827
f 834//834 827//827 833//833
f 833//833 827//827 828//828
f 833//833 828//828 823//823
f 831//831 836//836 822//822
f 822//822 836//836 837//837
f 822//822 837//837 833//833
f 838//838 835//835 837//837
f 837//837 835//835 834//834
f 837//837 834//834 833//833
f 839//839 840//840 841//841
f 841//841 840//840 842//842
f 842//842 840//840 843//843
f 842//842 843//843 781//781
f 781//781 843//843 844//844
f 781//781 844//844 779//779
f 779//779 844//844 845//845
f 779//779 845//845 766//766
f 766//766 845//845 767//767
f 767//767 845//845 846//846
f 767//767 846//846 804//804
f 804//804 846//846 847//847
f 804//804 847//847 802//802
f 802//802 847//847 848//848
f 802//802 848//848 800//800
f 841//841 849//849 839//839
f 839//839 849//849 850//850
f 839//839 850//850 851//851
f 851//851 850//850 852//852
f 851//851 852//852 853//853
f 853//853 852//852 830//830
f 853//853 830//830 854//854
f 854//854 830//830 829//829
f 854//854 829//829 855//855
f 855//855 829//829 815//815
f 855//855 815//815 848//848
f 848//848 815//815 797//797
f 848//848 797//797 800//800
f 856//856 765//765 857//857
f 857//857 765//765 737//737
f 857//857 737//737 858//858
f 737//737 740//740 858//858
f 858//858 740//740 742//742
f 858//858 742//742 859//859
f 859//859 742//742 743//743
f 859//859 743//743 860//860
f 860//860 743//743 744//744
f 860//860 744//744 861//861
f 862//862 863//863 864//864
f 864//864 863//863 865//865
f 864//864 865//865 866//866
f 866//866 865//865 867//867
f 866//866 867//867 868//868
f 868//868 867//867 786//786
f 868//868 786//786 856//856
f 856//856 786//786 787//787
f 856//856 787//787 765//765
f 744//744 869//869 861//861
f 861//861 869//869 870//870
f 861//861 870//870 871//871
f 871//871 870//870 872//872
f 871//871 872//872 873//873
f 873//873 872//872 874//874
f 873//873 874//874 862//862
f 862//862 874//874 875//875
f 862//862 875//875 863//863
f 729//729 718//718 876//876
f 877//877 878//878 879//879
f 879//879 878//878 880//880
f 723//723 881//881 724//724
f 724//724 881//881 882//882
f 724//724 882//882 721//721
f 882//882 883//883 721//721
f 721//721 883//883 884//884
f 721//721 884//884 722//722
f 722//722 884//884 885//885
f 722//722 885//885 720//720
f 720//720 885//885 886//886
f 720//720 886//886 719//719
f 719//719 886//886 877//877
f 719//719 877//877 718//718
f 718//718 877//877 879//879
f 718//718 879//879 887//887
f 887//887 888//888 718//718
f 718//718 888//888 889//889
f 718//718 889//889 876//876
f 876//876 889//889 890//890
f 891//891 892//892 725//725
f 725//725 892//892 726//726
f 726//726 892//892 893//893
f 726//726 893//893 723//723
f 723//723 893//893 894//894
f 723//723 894//894 881//881
f 725//725 728//728 891//891
f 891//891 728//728 727//727
f 891//891 727//727 876//876
f 876//876 727//727 730//730
f 876//876 730//730 729//729
f 890//890 895//895 876//876
f 876//876 895//895 896//896
f 876//876 896//896 897//897
f 897//897 896//896 898//898
f 899//899 900//900 901//901
f 901//901 900//900 902//902
f 901//901 902//902 903//903
f 903//903 902//902 904//904
f 903//903 904//904 898//898
f 898//898 904//904 905//905
f 898//898 905//905 897//897
f 906//906 907//907 908//908
f 909//909 910//910 906//906
f 906//906 910//910 911//911
f 906//906 911//911 907//907
f 912//912 913//913 914//914
f 912//912 914//914 915//915
f 915//915 914//914 837//837
f 915//915 837//837 836//836
f 908//908 916//916 906//906
f 906//906 916//916 917//917
f 906//906 917//917 909//909
f 909//909 917//917 918//918
f 909//909 918//918 919//919
f 916//916 920//920 917//917
f 917//917 920//920 838//838
f 917//917 838//838 918//918
f 918//918 838//838 837//837
f 918//918 837//837 919//919
f 919//919 837//837 914//914
f 919//919 914//914 909//909
f 909//909 914//914 913//913
f 909//909 913//913 910//910
f 921//921 922//922 923//923
f 923//923 922//922 924//924
f 911//911 925//925 924//924
f 926//926 927//927 928//928
f 928//928 927//927 929//929
f 911//911 924//924 907//907
f 907//907 924//924 922//922
f 907//907 922//922 908//908
f 926//926 930//930 925//925
f 925//925 930//930 931//931
f 925//925 931//931 924//924
f 924//924 931//931 932//932
f 924//924 932//932 923//923
f 911//911 910//910 925//925
f 925//925 910//910 913//913
f 925//925 913//913 926//926
f 926//926 913//913 912//912
f 926//926 912//912 927//927
f 852//852 933//933 934//934
f 934//934 929//929 852//852
f 852//852 929//929 927//927
f 852//852 927//927 912//912
f 912//912 915//915 852//852
f 852//852 915//915 836//836
f 852//852 836//836 830//830
f 830//830 836//836 831//831
f 933//933 852//852 935//935
f 935//935 852//852 850//850
f 935//935 850//850 936//936
f 936//936 850//850 849//849
f 936//936 849//849 937//937
f 937//937 849//849 938//938
f 938//938 849//849 841//841
f 938//938 841//841 939//939
f 939//939 841//841 940//940
f 940//940 841//841 842//842
f 940//940 842//842 941//941
f 842//842 942//942 943//943
f 781//781 780//780 842//842
f 842//842 780//780 944//944
f 842//842 944//944 945//945
f 945//945 946//946 842//842
f 842//842 946//946 947//947
f 842//842 947//947 942//942
f 943//943 948//948 842//842
f 842//842 948//948 949//949
f 842//842 949//949 941//941
f 783//783 950//950 951//951
f 783//783 951//951 782//782
f 782//782 951//951 952//952
f 782//782 952//952 777//777
f 777//777 952//952 953//953
f 777//777 953//953 778//778
f 778//778 953//953 944//944
f 778//778 944//944 780//780
f 954//954 790//790 789//789
f 954//954 789//789 955//955
f 955//955 789//789 788//788
f 955//955 788//788 956//956
f 956//956 788//788 785//785
f 956//956 785//785 957//957
f 957//957 785//785 784//784
f 957//957 784//784 958//958
f 959//959 867//867 960//960
f 960//960 867//867 961//961
f 959//959 958//958 867//867
f 867//867 958//958 784//784
f 867//867 784//784 786//786
f 961//961 867//867 962//962
f 962//962 867//867 865//865
f 962//962 865//865 963//963
f 963//963 865//865 964//964
f 863//863 965//965 865//865
f 865//865 965//965 966//966
f 966//966 967//967 865//865
f 865//865 967//967 968//968
f 865//865 968//968 964//964
f 875//875 874//874 969//969
f 969//969 970//970 875//875
f 875//875 970//970 971//971
f 875//875 971//971 863//863
f 863//863 971//971 972//972
f 863//863 972//972 965//965
f 973//973 969//969 874//874
f 874//874 872//872 974//974
f 974//974 975//975 874//874
f 874//874 975//975 976//976
f 874//874 976//976 973//973
f 977//977 978//978 979//979
f 980//980 977//977 981//981
f 977//977 979//979 981//981
f 981//981 979//979 982//982
f 981//981 982//982 983//983
f 983//983 982//982 984//984
f 983//983 984//984 985//985
f 985//985 984//984 976//976
f 985//985 976//976 975//975
f 980//980 981//981 986//986
f 986//986 981//981 983//983
f 986//986 983//983 987//987
f 987//987 983//983 985//985
f 987//987 985//985 988//988
f 988//988 985//985 975//975
f 988//988 975//975 974//974
f 734//734 989//989 990//990
f 869//869 744//744 990//990
f 990//990 744//744 735//735
f 990//990 735//735 734//734
f 989//989 734//734 991//991
f 991//991 734//734 732//732
f 991//991 732//732 731//731
f 745//745 992//992 746//746
f 746//746 992//992 993//993
f 746//746 993//993 731//731
f 731//731 993//993 994//994
f 731//731 994//994 991//991
f 989//989 991//991 986//986
f 986//986 991//991 994//994
f 986//986 994//994 980//980
f 980//980 994//994 993//993
f 980//980 993//993 992//992
f 989//989 986//986 990//990
f 990//990 986//986 987//987
f 990//990 987//987 869//869
f 869//869 987//987 988//988
f 869//869 988//988 870//870
f 870//870 988//988 974//974
f 870//870 974//974 872//872
f 756//756 995//995 754//754
f 754//754 995//995 996//996
f 754//754 996//996 752//752
f 752//752 996//996 750//750
f 750//750 996//996 997//997
f 750//750 997//997 749//749
f 749//749 997//997 747//747
f 747//747 997//997 998//998
f 747//747 998//998 745//745
f 995//995 756//756 761//761
f 999//999 783//783 775//775
f 995//995 761//761 1000//1000
f 1000//1000 761//761 775//775
f 1000//1000 775//775 774//774
f 761//761 790//790 1001//1001
f 761//761 1001//1001 775//775
f 775//775 1001//1001 1002//1002
f 775//775 1002//1002 999//999
f 812//812 1003//1003 811//811
f 811//811 1003//1003 1004//1004
f 811//811 1004//1004 810//810
f 810//810 1004//1004 808//808
f 808//808 1004//1004 1005//1005
f 808//808 1005//1005 807//807
f 807//807 1005//1005 805//805
f 805//805 1005//1005 1000//1000
f 805//805 1000//1000 774//774
f 1003//1003 812//812 1006//1006
f 1006//1006 812//812 821//821
f 1006//1006 821//821 1007//1007
f 1007//1007 821//821 825//825
f 1007//1007 825//825 1008//1008
f 1008//1008 825//825 827//827
f 838//838 1009//1009 835//835
f 835//835 1009//1009 1010//1010
f 835//835 1010//1010 827//827
f 827//827 1010//1010 1008//1008
f 851//851 1011//1011 839//839
f 839//839 1011//1011 1012//1012
f 839//839 1012//1012 840//840
f 840//840 1012//1012 1013//1013
f 840//840 1013//1013 843//843
f 843//843 1013//1013 1014//1014
f 843//843 1014//1014 844//844
f 844//844 1014//1014 1015//1015
f 844//844 1015//1015 845//845
f 845//845 1015//1015 1016//1016
f 845//845 1016//1016 846//846
f 846//846 1016//1016 1017//1017
f 846//846 1017//1017 847//847
f 847//847 1017//1017 1018//1018
f 847//847 1018//1018 848//848
f 848//848 1018//1018 1019//1019
f 848//848 1019//1019 855//855
f 855//855 1019//1019 1020//1020
f 855//855 1020//1020 854//854
f 854//854 1020//1020 1021//1021
f 854//854 1021//1021 853//853
f 853//853 1021//1021 1022//1022
f 853//853 1022//1022 851//851
f 851//851 1022//1022 1011//1011
f 873//873 1023//1023 871//871
f 871//871 1023//1023 1024//1024
f 871//871 1024//1024 861//861
f 861//861 1024//1024 1025//1025
f 861//861 1025//1025 860//860
f 860//860 1025//1025 1026//1026
f 860//860 1026//1026 859//859
f 859//859 1026//1026 1027//1027
f 859//859 1027//1027 858//858
f 858//858 1027//1027 1028//1028
f 858//858 1028//1028 857//857
f 857//857 1028//1028 1029//1029
f 857//857 1029//1029 856//856
f 856//856 1029//1029 1030//1030
f 856//856 1030//1030 868//868
f 868//868 1030//1030 1031//1031
f 868//868 1031//1031 866//866
f 866//866 1031//1031 1032//1032
f 866//866 1032//1032 864//864
f 864//864 1032//1032 1033//1033
f 864//864 1033//1033 862//862
f 862//862 1033//1033 1034//1034
f 862//862 1034//1034 873//873
f 873//873 1034//1034 1023//1023
f 880//880 1035//1035 879//879
f 879//879 1035//1035 1036//1036
f 878//878 1037//1037 880//880
f 880//880 1037//1037 1035//1035
f 877//877 1038//1038 878//878
f 878//878 1038//1038 1037//1037
f 886//886 1039//1039 877//877
f 877//877 1039//1039 1038//1038
f 1039//1039 886//886 885//885
f 1039//1039 885//885 1040//1040
f 1040//1040 885//885 884//884
f 1040//1040 884//884 1041//1041
f 1041//1041 884//884 883//883
f 1041//1041 883//883 1042//1042
f 1042//1042 883//883 882//882
f 1042//1042 882//882 1043//1043
f 1043//1043 882//882 881//881
f 1043//1043 881//881 1044//1044
f 1044//1044 881//881 894//894
f 1044//1044 894//894 1045//1045
f 1045//1045 894//894 893//893
f 1045//1045 893//893 1046//1046
f 1046//1046 893//893 892//892
f 1046//1046 892//892 1047//1047
f 1047//1047 892//892 891//891
f 1047//1047 891//891 1048//1048
f 1048//1048 891//891 876//876
f 1048//1048 876//876 1049//1049
f 1049//1049 876//876 897//897
f 1049//1049 897//897 1050//1050
f 1050//1050 897//897 905//905
f 1050//1050 905//905 1051//1051
f 1051//1051 905//905 904//904
f 1051//1051 904//904 1052//1052
f 1052//1052 904//904 902//902
f 1052//1052 902//902 1053//1053
f 900//900 1054//1054 902//902
f 902//902 1054//1054 1053//1053
f 899//899 1055//1055 900//900
f 900//900 1055//1055 1054//1054
f 901//901 1056//1056 899//899
f 899//899 1056//1056 1055//1055
f 1056//1056 901//901 903//903
f 1056//1056 903//903 1057//1057
f 1057//1057 903//903 898//898
f 1057//1057 898//898 1058//1058
f 1058//1058 898//898 896//896
f 1058//1058 896//896 1059//1059
f 1059//1059 896//896 895//895
f 1059//1059 895//895 1060//1060
f 1060//1060 895//895 890//890
f 1060//1060 890//890 1061//1061
f 1061//1061 890//890 889//889
f 1061//1061 889//889 1062//1062
f 1062//1062 889//889 888//888
f 1062//1062 888//888 1063//1063
f 1063//1063 888//888 887//887
f 1063//1063 887//887 1064//1064
f 879//879 1036//1036 887//887
f 887//887 1036//1036 1064//1064
f 1065//1065 1066//1066 1067//1067
f 1067//1067 1068//1068 1065//1065
f 1065//1065 1068//1068 1010//1010
f 1065//1065 1010//1010 1009//1009
f 1069//1069 1070//1070 1071//1071
f 1072//1072 1069//1069 1073//1073
f 1069//1069 1071//1071 1073//1073
f 1073//1073 1071//1071 1074//1074
f 1073//1073 1074//1074 1075//1075
f 1075//1075 1074//1074 1076//1076
f 1075//1075 1076//1076 1077//1077
f 1077//1077 1076//1076 1066//1066
f 1077//1077 1066//1066 1065//1065
f 1072//1072 1073//1073 1078//1078
f 1078//1078 1073//1073 1075//1075
f 1078//1078 1075//1075 1079//1079
f 1079//1079 1075//1075 1077//1077
f 1079//1079 1077//1077 1080//1080
f 1080//1080 1077//1077 1065//1065
f 1080//1080 1065//1065 1009//1009
f 1081//1081 1082//1082 1083//1083
f 1084//1084 1085//1085 1086//1086
f 1084//1084 1086//1086 1087//1087
f 1085//1085 1084//1084 1088//1088
f 1088//1088 1084//1084 1089//1089
f 1088//1088 1089//1089 1090//1090
f 1090//1090 1089//1089 1091//1091
f 1091//1091 1089//1089 1092//1092
f 1091//1091 1092//1092 1093//1093
f 1083//1083 1082//1082 1092//1092
f 1092//1092 1082//1082 1094//1094
f 1092//1092 1094//1094 1093//1093
f 1081//1081 1083//1083 1095//1095
f 1095//1095 1083//1083 1096//1096
f 1095//1095 1096//1096 1097//1097
f 1097//1097 1096//1096 1098//1098
f 1097//1097 1098//1098 1099//1099
f 1099//1099 1098//1098 1100//1100
f 1100//1100 1098//1098 1101//1101
f 1100//1100 1101//1101 1102//1102
f 1102//1102 1101//1101 1103//1103
f 1103//1103 1101//1101 1104//1104
f 1103//1103 1104//1104 1105//1105
f 1105//1105 1104//1104 1106//1106
f 1106//1106 1104//1104 1107//1107
f 1106//1106 1107//1107 1108//1108
f 1109//1109 1110//1110 1107//1107
f 1107//1107 1110//1110 1111//1111
f 1107//1107 1111//1111 1108//1108
f 1086//1086 1112//1112 1087//1087
f 1087//1087 1112//1112 1113//1113
f 1087//1087 1113//1113 1114//1114
f 1114//1114 1113//1113 1115//1115
f 1114//1114 1115//1115 1109//1109
f 1109//1109 1115//1115 1116//1116
f 1109//1109 1116//1116 1110//1110
f 1117//1117 1118//1118 1119//1119
f 1120//1120 1121//1121 1122//1122
f 1120//1120 1122//1122 1123//1123
f 1121//1121 1120//1120 1124//1124
f 1124//1124 1120//1120 1125//1125
f 1124//1124 1125//1125 1126//1126
f 1126//1126 1125//1125 1127//1127
f 1127//1127 1125//1125 1128//1128
f 1127//1127 1128//1128 1129//1129
f 1119//1119 1118//1118 1128//1128
f 1128//1128 1118//1118 1130//1130
f 1128//1128 1130//1130 1129//1129
f 1117//1117 1119//1119 1131//1131
f 1131//1131 1119//1119 1132//1132
f 1131//1131 1132//1132 1133//1133
f 1133//1133 1132//1132 1134//1134
f 1133//1133 1134//1134 1135//1135
f 1135//1135 1134//1134 1136//1136
f 1136//1136 1134//1134 1137//1137
f 1136//1136 1137//1137 1138//1138
f 1138//1138 1137//1137 1139//1139
f 1139//1139 1137//1137 1140//1140
f 1139//1139 1140//1140 1141//1141
f 1141//1141 1140//1140 1142//1142
f 1142//1142 1140//1140 1143//1143
f 1142//1142 1143//1143 1144//1144
f 1145//1145 1146//1146 1143//1143
f 1143//1143 1146//1146 1147//1147
f 1143//1143 1147//1147 1144//1144
f 1122//1122 1148//1148 1123//1123
f 1123//1123 1148//1148 1149//1149
f 1123//1123 1149//1149 1150//1150
f 1150//1150 1149//1149 1151//1151
f 1150//1150 1151//1151 1145//1145
f 1145//1145 1151//1151 1152//1152
f 1145//1145 1152//1152 1146//1146
f 1153//1153 1154//1154 1155//1155
f 1156//1156 1157//1157 1158//1158
f 1156//1156 1158//1158 1159//1159
f 1157//1157 1156//1156 1160//1160
f 1160//1160 1156//1156 1161//1161
f 1160//1160 1161//1161 1162//1162
f 1162//1162 1161//1161 1163//1163
f 1163//1163 1161//1161 1164//1164
f 1163//1163 1164//1164 1165//1165
f 1155//1155 1154//1154 1164//1164
f 1164//1164 1154//1154 1166//1166
f 1164//1164 1166//1166 1165//1165
f 1153//1153 1155//1155 1167//1167
f 1167//1167 1155//1155 1168//1168
f 1167//1167 1168//1168 1169//1169
f 1169//1169 1168//1168 1170//1170
f 1169//1169 1170//1170 1171//1171
f 1171//1171 1170//1170 1172//1172
f 1172//1172 1170//1170 1173//1173
f 1172//1172 1173//1173 1174//1174
f 1174//1174 1173//1173 1175//1175
f 1175//1175 1173//1173 1176//1176
f 1175//1175 1176//1176 1177//1177
f 1177//1177 1176//1176 1178//1178
f 1178//1178 1176//1176 1179//1179
f 1178//1178 1179//1179 1180//1180
f 1181//1181 1182//1182 1179//1179
f 1179//1179 1182//1182 1183//1183
f 1179//1179 1183//1183 1180//1180
f 1158//1158 1184//1184 1159//1159
f 1159//1159 1184//1184 1185//1185
f 1159//1159 1185//1185 1186//1186
f 1186//1186 1185//1185 1187//1187
f 1186//1186 1187//1187 1181//1181
f 1181//1181 1187//1187 1188//1188
f 1181//1181 1188//1188 1182//1182
f 1189//1189 1190//1190 908//908
f 1191//1191 920//920 1190//1190
f 1190//1190 920//920 916//916
f 1190//1190 916//916 908//908
f 1080//1080 1009//1009 838//838
f 1192//1192 1072//1072 1078//1078
f 908//908 1193//1193 1189//1189
f 1189//1189 1193//1193 1194//1194
f 1189//1189 1194//1194 1192//1192
f 1192//1192 1078//1078 1189//1189
f 1189//1189 1078//1078 1079//1079
f 1189//1189 1079//1079 1190//1190
f 1190//1190 1079//1079 1080//1080
f 1190//1190 1080//1080 1191//1191
f 1191//1191 1080//1080 838//838
f 1191//1191 838//838 920//920
f 921//921 1194//1194 922//922
f 922//922 1194//1194 1193//1193
f 922//922 1193//1193 908//908
f 1195//1195 921//921 923//923
f 1195//1195 923//923 1196//1196
f 1196//1196 923//923 932//932
f 1196//1196 932//932 1197//1197
f 928//928 1198//1198 926//926
f 926//926 1198//1198 1199//1199
f 926//926 1199//1199 930//930
f 930//930 1199//1199 1197//1197
f 930//930 1197//1197 931//931
f 931//931 1197//1197 932//932
f 1200//1200 1201//1201 1198//1198
f 1198//1198 1201//1201 1202//1202
f 1198//1198 1202//1202 1199//1199
f 1199//1199 1202//1202 1203//1203
f 1199//1199 1203//1203 1197//1197
f 1197//1197 1203//1203 1204//1204
f 1197//1197 1204//1204 1196//1196
f 1196//1196 1204//1204 1205//1205
f 1196//1196 1205//1205 1195//1195
f 933//933 1200//1200 934//934
f 934//934 1200//1200 1198//1198
f 934//934 1198//1198 929//929
f 929//929 1198//1198 928//928
f 1206//1206 1202//1202 1201//1201
f 1207//1207 1208//1208 1209//1209
f 940//940 941//941 1208//1208
f 1210//1210 1211//1211 1212//1212
f 1213//1213 1209//1209 1214//1214
f 1215//1215 1216//1216 1217//1217
f 1217//1217 1216//1216 1218//1218
f 1217//1217 1218//1218 1219//1219
f 1220//1220 1221//1221 1210//1210
f 1210//1210 1221//1221 1222//1222
f 1202//1202 1206//1206 1203//1203
f 1203//1203 1206//1206 1217//1217
f 1203//1203 1217//1217 1204//1204
f 1204//1204 1217//1217 1219//1219
f 1204//1204 1219//1219 1205//1205
f 1223//1223 1220//1220 1224//1224
f 1224//1224 1220//1220 1210//1210
f 1224//1224 1210//1210 1225//1225
f 1225//1225 1210//1210 1212//1212
f 940//940 1208//1208 939//939
f 939//939 1208//1208 1207//1207
f 939//939 1207//1207 938//938
f 1209//1209 1213//1213 1207//1207
f 1207//1207 1213//1213 1226//1226
f 1207//1207 1226//1226 938//938
f 938//938 1226//1226 1227//1227
f 938//938 1227//1227 937//937
f 937//937 1227//1227 1228//1228
f 937//937 1228//1228 936//936
f 1222//1222 1229//1229 1210//1210
f 1210//1210 1229//1229 1215//1215
f 1210//1210 1215//1215 1211//1211
f 1211//1211 1215//1215 1217//1217
f 1211//1211 1217//1217 1212//1212
f 1212//1212 1217//1217 1206//1206
f 1212//1212 1206//1206 1230//1230
f 1230//1230 1206//1206 1201//1201
f 1230//1230 1201//1201 1231//1231
f 1231//1231 1201//1201 1200//1200
f 1231//1231 1200//1200 935//935
f 935//935 1200//1200 933//933
f 935//935 936//936 1231//1231
f 1231//1231 936//936 1228//1228
f 1231//1231 1228//1228 1230//1230
f 1230//1230 1228//1228 1227//1227
f 1230//1230 1227//1227 1212//1212
f 1212//1212 1227//1227 1226//1226
f 1212//1212 1226//1226 1225//1225
f 1225//1225 1226//1226 1213//1213
f 1225//1225 1213//1213 1224//1224
f 1224//1224 1213//1213 1214//1214
f 1224//1224 1214//1214 1223//1223
f 1223//1223 1214//1214 1232//1232
f 1233//1233 1234//1234 1235//1235
f 1235//1235 1234//1234 1236//1236
f 1235//1235 1236//1236 1237//1237
f 1237//1237 1236//1236 1238//1238
f 1237//1237 1238//1238 1232//1232
f 1239//1239 1240//1240 1241//1241
f 1241//1241 1240//1240 1242//1242
f 1241//1241 1242//1242 1243//1243
f 1243//1243 1242//1242 1244//1244
f 1244//1244 1242//1242 951//951
f 1244//1244 951//951 950//950
f 943//943 1245//1245 948//948
f 948//948 1245//1245 1246//1246
f 948//948 1246//1246 949//949
f 1208//1208 941//941 1247//1247
f 1247//1247 941//941 949//949
f 1247//1247 949//949 1248//1248
f 1248//1248 949//949 1246//1246
f 1249//1249 1235//1235 1250//1250
f 1250//1250 1235//1235 1237//1237
f 1250//1250 1237//1237 1251//1251
f 1251//1251 1237//1237 1232//1232
f 1251//1251 1232//1232 1214//1214
f 1214//1214 1209//1209 1251//1251
f 1251//1251 1209//1209 1252//1252
f 1251//1251 1252//1252 1250//1250
f 1250//1250 1252//1252 1253//1253
f 1250//1250 1253//1253 1249//1249
f 1249//1249 1253//1253 1254//1254
f 1249//1249 1254//1254 1255//1255
f 952//952 951//951 1256//1256
f 1256//1256 951//951 1242//1242
f 1256//1256 1242//1242 1255//1255
f 1255//1255 1242//1242 1240//1240
f 1255//1255 1240//1240 1249//1249
f 1249//1249 1240//1240 1239//1239
f 1249//1249 1239//1239 1235//1235
f 1235//1235 1239//1239 1257//1257
f 1235//1235 1257//1257 1233//1233
f 943//943 942//942 1245//1245
f 1245//1245 942//942 947//947
f 1245//1245 947//947 1258//1258
f 1258//1258 947//947 946//946
f 1258//1258 946//946 953//953
f 953//953 946//946 945//945
f 953//953 945//945 944//944
f 1209//1209 1208//1208 1252//1252
f 1252//1252 1208//1208 1247//1247
f 1252//1252 1247//1247 1253//1253
f 1253//1253 1247//1247 1248//1248
f 1253//1253 1248//1248 1254//1254
f 1254//1254 1248//1248 1246//1246
f 1254//1254 1246//1246 1255//1255
f 1255//1255 1246//1246 1245//1245
f 1255//1255 1245//1245 1256//1256
f 1256//1256 1245//1245 1258//1258
f 1256//1256 1258//1258 952//952
f 952//952 1258//1258 953//953
f 950//950 783//783 999//999
f 1259//1259 1260//1260 1002//1002
f 1002//1002 1260//1260 1261//1261
f 1002//1002 1261//1261 999//999
f 999//999 1261//1261 1262//1262
f 999//999 1262//1262 950//950
f 1259//1259 1002//1002 1263//1263
f 1263//1263 1002//1002 1001//1001
f 1263//1263 1001//1001 1264//1264
f 1264//1264 1001//1001 790//790
f 1264//1264 790//790 954//954
f 1265//1265 1266//1266 1267//1267
f 1267//1267 1266//1266 1268//1268
f 1267//1267 1268//1268 1269//1269
f 1270//1270 1271//1271 1272//1272
f 1270//1270 1272//1272 1273//1273
f 1273//1273 1272//1272 1274//1274
f 1273//1273 1274//1274 1275//1275
f 961//961 1276//1276 1277//1277
f 1277//1277 1276//1276 1278//1278
f 1277//1277 1278//1278 1279//1279
f 1279//1279 1278//1278 1280//1280
f 1279//1279 1280//1280 1273//1273
f 1273//1273 1280//1280 1281//1281
f 1273//1273 1281//1281 1270//1270
f 1273//1273 1282//1282 1279//1279
f 1279//1279 1282//1282 1283//1283
f 1279//1279 1283//1283 1277//1277
f 1277//1277 1283//1283 960//960
f 1277//1277 960//960 961//961
f 1266//1266 954//954 1268//1268
f 1268//1268 954//954 955//955
f 1268//1268 955//955 1269//1269
f 1269//1269 955//955 956//956
f 1269//1269 956//956 1284//1284
f 1284//1284 956//956 957//957
f 1284//1284 957//957 959//959
f 959//959 957//957 958//958
f 1275//1275 1265//1265 1273//1273
f 1273//1273 1265//1265 1267//1267
f 1273//1273 1267//1267 1282//1282
f 1282//1282 1267//1267 1269//1269
f 1282//1282 1269//1269 1283//1283
f 1283//1283 1269//1269 1284//1284
f 1283//1283 1284//1284 960//960
f 960//960 1284//1284 959//959
f 1285//1285 1286//1286 1287//1287
f 1288//1288 1289//1289 1271//1271
f 1289//1289 1288//1288 1290//1290
f 1291//1291 1292//1292 1293//1293
f 1294//1294 1295//1295 1285//1285
f 1296//1296 1297//1297 1291//1291
f 1291//1291 1297//1297 1298//1298
f 1291//1291 1298//1298 1292//1292
f 1299//1299 1300//1300 1301//1301
f 1302//1302 1303//1303 1304//1304
f 1304//1304 1303//1303 1305//1305
f 1304//1304 1305//1305 1306//1306
f 1306//1306 1305//1305 1307//1307
f 1307//1307 1305//1305 1308//1308
f 1307//1307 1308//1308 1309//1309
f 966//966 965//965 1310//1310
f 1310//1310 965//965 972//972
f 1310//1310 972//972 971//971
f 962//962 963//963 1311//1311
f 1299//1299 1296//1296 1300//1300
f 1300//1300 1296//1296 1291//1291
f 1300//1300 1291//1291 1312//1312
f 1312//1312 1291//1291 1313//1313
f 1312//1312 1313//1313 1311//1311
f 1311//1311 1313//1313 1314//1314
f 1311//1311 1314//1314 962//962
f 962//962 1314//1314 961//961
f 1271//1271 1270//1270 1288//1288
f 1288//1288 1270//1270 1286//1286
f 1288//1288 1286//1286 1290//1290
f 1290//1290 1286//1286 1285//1285
f 1290//1290 1285//1285 1315//1315
f 1315//1315 1285//1285 1295//1295
f 1270//1270 1281//1281 1286//1286
f 1286//1286 1281//1281 1280//1280
f 1286//1286 1280//1280 1287//1287
f 1287//1287 1280//1280 1278//1278
f 1287//1287 1278//1278 1276//1276
f 1304//1304 1299//1299 1302//1302
f 1302//1302 1299//1299 1301//1301
f 1302//1302 1301//1301 1303//1303
f 1303//1303 1301//1301 1316//1316
f 1303//1303 1316//1316 1305//1305
f 1305//1305 1316//1316 1317//1317
f 1305//1305 1317//1317 1308//1308
f 1308//1308 1317//1317 1318//1318
f 969//969 1319//1319 970//970
f 970//970 1319//1319 1320//1320
f 970//970 1320//1320 971//971
f 971//971 1320//1320 1321//1321
f 971//971 1321//1321 1310//1310
f 1293//1293 1294//1294 1291//1291
f 1291//1291 1294//1294 1285//1285
f 1291//1291 1285//1285 1313//1313
f 1313//1313 1285//1285 1287//1287
f 1313//1313 1287//1287 1314//1314
f 1314//1314 1287//1287 1276//1276
f 1314//1314 1276//1276 961//961
f 963//963 964//964 1311//1311
f 1311//1311 964//964 968//968
f 1311//1311 968//968 1312//1312
f 1312//1312 968//968 967//967
f 1312//1312 967//967 1300//1300
f 1300//1300 967//967 966//966
f 1300//1300 966//966 1301//1301
f 1301//1301 966//966 1310//1310
f 1301//1301 1310//1310 1316//1316
f 1316//1316 1310//1310 1321//1321
f 1316//1316 1321//1321 1317//1317
f 1317//1317 1321//1321 1320//1320
f 1317//1317 1320//1320 1318//1318
f 1318//1318 1320//1320 1319//1319
f 1322//1322 1309//1309 1308//1308
f 978//978 1322//1322 1323//1323
f 1322//1322 1308//1308 1323//1323
f 1323//1323 1308//1308 1318//1318
f 1323//1323 1318//1318 1324//1324
f 1324//1324 1318//1318 1319//1319
f 1324//1324 1319//1319 1325//1325
f 1325//1325 1319//1319 969//969
f 1325//1325 969//969 973//973
f 978//978 1323//1323 979//979
f 979//979 1323//1323 1324//1324
f 979//979 1324//1324 982//982
f 982//982 1324//1324 1325//1325
f 982//982 1325//1325 984//984
f 984//984 1325//1325 973//973
f 984//984 973//973 976//976
f 1326//1326 978//978 977//977
f 1326//1326 977//977 1327//1327
f 1327//1327 977//977 980//980
f 1327//1327 980//980 1328//1328
f 1329//1329 1173//1173 1330//1330
f 1330//1330 1173//1173 1170//1170
f 1330//1330 1170//1170 1331//1331
f 1331//1331 1170//1170 1168//1168
f 1331//1331 1168//1168 1332//1332
f 1332//1332 1168//1168 1155//1155
f 1332//1332 1155//1155 1333//1333
f 1333//1333 1155//1155 1164//1164
f 1333//1333 1164//1164 1334//1334
f 1334//1334 1164//1164 1161//1161
f 1334//1334 1161//1161 1335//1335
f 1335//1335 1161//1161 1156//1156
f 1335//1335 1156//1156 1336//1336
f 1336//1336 1156//1156 1159//1159
f 1336//1336 1159//1159 1337//1337
f 1337//1337 1159//1159 1186//1186
f 1337//1337 1186//1186 1338//1338
f 1338//1338 1186//1186 1181//1181
f 1338//1338 1181//1181 1339//1339
f 1339//1339 1181//1181 1179//1179
f 1339//1339 1179//1179 1340//1340
f 1340//1340 1179//1179 1176//1176
f 1340//1340 1176//1176 1329//1329
f 1329//1329 1176//1176 1173//1173
f 1341//1341 1145//1145 1342//1342
f 1342//1342 1145//1145 1143//1143
f 1342//1342 1143//1143 1343//1343
f 1343//1343 1143//1143 1140//1140
f 1343//1343 1140//1140 1344//1344
f 1344//1344 1140//1140 1137//1137
f 1344//1344 1137//1137 1345//1345
f 1345//1345 1137//1137 1134//1134
f 1345//1345 1134//1134 1346//1346
f 1346//1346 1134//1134 1132//1132
f 1346//1346 1132//1132 1347//1347
f 1347//1347 1132//1132 1119//1119
f 1347//1347 1119//1119 1348//1348
f 1348//1348 1119//1119 1128//1128
f 1348//1348 1128//1128 1349//1349
f 1349//1349 1128//1128 1125//1125
f 1349//1349 1125//1125 1350//1350
f 1350//1350 1125//1125 1120//1120
f 1350//1350 1120//1120 1351//1351
f 1351//1351 1120//1120 1123//1123
f 1351//1351 1123//1123 1352//1352
f 1352//1352 1123//1123 1150//1150
f 1352//1352 1150//1150 1341//1341
f 1341//1341 1150//1150 1145//1145
f 1353//1353 1104//1104 1354//1354
f 1354//1354 1104//1104 1101//1101
f 1354//1354 1101//1101 1355//1355
f 1355//1355 1101//1101 1098//1098
f 1355//1355 1098//1098 1356//1356
f 1356//1356 1098//1098 1096//1096
f 1356//1356 1096//1096 1357//1357
f 1357//1357 1096//1096 1083//1083
f 1357//1357 1083//1083 1358//1358
f 1358//1358 1083//1083 1092//1092
f 1358//1358 1092//1092 1359//1359
f 1359//1359 1092//1092 1089//1089
f 1359//1359 1089//1089 1360//1360
f 1360//1360 1089//1089 1084//1084
f 1360//1360 1084//1084 1361//1361
f 1361//1361 1084//1084 1087//1087
f 1361//1361 1087//1087 1362//1362
f 1362//1362 1087//1087 1114//1114
f 1362//1362 1114//1114 1363//1363
f 1363//1363 1114//1114 1109//1109
f 1363//1363 1109//1109 1364//1364
f 1364//1364 1109//1109 1107//1107
f 1364//1364 1107//1107 1353//1353
f 1353//1353 1107//1107 1104//1104
f 745//745 998//998 992//992
f 992//992 998//998 1365//1365
f 992//992 1365//1365 980//980
f 980//980 1365//1365 1328//1328
f 1035//1035 1015//1015 1014//1014
f 1038//1038 995//995 1000//1000
f 1054//1054 1013//1013 1012//1012
f 1064//1064 1036//1036 1035//1035
f 1013//1013 1054//1054 1014//1014
f 1014//1014 1054//1054 1055//1055
f 1014//1014 1055//1055 1035//1035
f 1067//1067 1366//1366 1022//1022
f 1022//1022 1366//1366 1011//1011
f 1017//1017 1000//1000 1018//1018
f 1018//1018 1000//1000 1005//1005
f 1018//1018 1005//1005 1019//1019
f 1038//1038 1000//1000 1037//1037
f 1037//1037 1000//1000 1017//1017
f 1037//1037 1017//1017 1035//1035
f 1035//1035 1017//1017 1016//1016
f 1035//1035 1016//1016 1015//1015
f 1005//1005 1004//1004 1019//1019
f 1019//1019 1004//1004 1003//1003
f 1019//1019 1003//1003 1020//1020
f 1020//1020 1003//1003 1006//1006
f 1020//1020 1006//1006 1021//1021
f 1041//1041 1042//1042 1033//1033
f 1055//1055 1056//1056 1035//1035
f 1035//1035 1056//1056 1057//1057
f 1035//1035 1057//1057 1058//1058
f 1068//1068 1067//1067 1010//1010
f 1010//1010 1067//1067 1022//1022
f 1010//1010 1022//1022 1008//1008
f 1008//1008 1022//1022 1021//1021
f 1008//1008 1021//1021 1007//1007
f 1007//1007 1021//1021 1006//1006
f 1041//1041 1033//1033 1040//1040
f 1032//1032 1031//1031 1038//1038
f 1038//1038 1031//1031 1030//1030
f 1038//1038 1030//1030 995//995
f 995//995 1030//1030 1029//1029
f 995//995 1029//1029 996//996
f 996//996 1029//1029 1028//1028
f 996//996 1028//1028 997//997
f 997//997 1028//1028 1027//1027
f 997//997 1027//1027 998//998
f 998//998 1027//1027 1026//1026
f 998//998 1026//1026 1365//1365
f 1365//1365 1026//1026 1025//1025
f 1365//1365 1025//1025 1024//1024
f 1045//1045 1046//1046 1054//1054
f 1044//1044 1045//1045 1365//1365
f 1365//1365 1045//1045 1054//1054
f 1365//1365 1054//1054 1366//1366
f 1366//1366 1054//1054 1012//1012
f 1366//1366 1012//1012 1011//1011
f 1049//1049 1050//1050 1048//1048
f 1048//1048 1050//1050 1051//1051
f 1048//1048 1051//1051 1052//1052
f 1032//1032 1038//1038 1033//1033
f 1033//1033 1038//1038 1039//1039
f 1033//1033 1039//1039 1040//1040
f 1058//1058 1059//1059 1035//1035
f 1035//1035 1059//1059 1060//1060
f 1035//1035 1060//1060 1061//1061
f 1061//1061 1062//1062 1035//1035
f 1035//1035 1062//1062 1063//1063
f 1035//1035 1063//1063 1064//1064
f 1042//1042 1043//1043 1033//1033
f 1033//1033 1043//1043 1044//1044
f 1033//1033 1044//1044 1034//1034
f 1034//1034 1044//1044 1365//1365
f 1034//1034 1365//1365 1023//1023
f 1023//1023 1365//1365 1024//1024
f 1046//1046 1047//1047 1054//1054
f 1054//1054 1047//1047 1048//1048
f 1054//1054 1048//1048 1053//1053
f 1053//1053 1048//1048 1052//1052
f 1066//1066 1367//1367 1067//1067
f 1067//1067 1367//1367 1366//1366
f 1368//1368 1367//1367 1066//1066
f 1367//1367 1368//1368 1369//1369
f 1369//1369 1368//1368 1370//1370
f 1369//1369 1370//1370 1371//1371
f 1372//1372 1371//1371 1373//1373
f 1373//1373 1371//1371 1370//1370
f 1373//1373 1370//1370 1070//1070
f 1066//1066 1076//1076 1368//1368
f 1368//1368 1076//1076 1074//1074
f 1368//1368 1074//1074 1370//1370
f 1370//1370 1074//1074 1071//1071
f 1370//1370 1071//1071 1070//1070
f 1374//1374 1375//1375 1376//1376
f 1376//1376 1377//1377 1374//1374
f 1374//1374 1377//1377 1378//1378
f 1374//1374 1378//1378 1379//1379
f 1379//1379 1380//1380 1374//1374
f 1374//1374 1380//1380 1381//1381
f 1374//1374 1381//1381 1382//1382
f 1383//1383 1384//1384 1385//1385
f 1382//1382 1386//1386 1374//1374
f 1374//1374 1386//1386 1383//1383
f 1374//1374 1383//1383 1387//1387
f 1387//1387 1383//1383 1385//1385
f 1388//1388 1389//1389 1390//1390
f 1391//1391 1392//1392 1393//1393
f 1394//1394 1395//1395 1396//1396
f 1397//1397 1398//1398 1399//1399
f 1400//1400 1401//1401 1402//1402
f 1375//1375 1374//1374 1403//1403
f 1403//1403 1374//1374 1404//1404
f 1403//1403 1404//1404 1405//1405
f 1405//1405 1404//1404 1406//1406
f 1405//1405 1406//1406 1407//1407
f 1407//1407 1406//1406 1408//1408
f 1407//1407 1408//1408 1409//1409
f 1409//1409 1408//1408 1410//1410
f 1409//1409 1410//1410 1411//1411
f 1411//1411 1410//1410 1412//1412
f 1374//1374 1387//1387 1404//1404
f 1404//1404 1387//1387 1413//1413
f 1404//1404 1413//1413 1406//1406
f 1406//1406 1413//1413 1414//1414
f 1406//1406 1414//1414 1408//1408
f 1408//1408 1414//1414 1415//1415
f 1408//1408 1415//1415 1410//1410
f 1410//1410 1415//1415 1402//1402
f 1410//1410 1402//1402 1412//1412
f 1412//1412 1402//1402 1401//1401
f 1398//1398 1400//1400 1399//1399
f 1399//1399 1400//1400 1402//1402
f 1399//1399 1402//1402 1416//1416
f 1416//1416 1402//1402 1415//1415
f 1416//1416 1415//1415 1417//1417
f 1417//1417 1415//1415 1414//1414
f 1417//1417 1414//1414 1418//1418
f 1418//1418 1414//1414 1413//1413
f 1418//1418 1413//1413 1385//1385
f 1385//1385 1413//1413 1387//1387
f 1419//1419 1397//1397 1420//1420
f 1420//1420 1397//1397 1399//1399
f 1420//1420 1399//1399 1421//1421
f 1421//1421 1399//1399 1416//1416
f 1421//1421 1416//1416 1422//1422
f 1422//1422 1416//1416 1417//1417
f 1422//1422 1417//1417 1423//1423
f 1423//1423 1417//1417 1418//1418
f 1423//1423 1418//1418 1384//1384
f 1384//1384 1418//1418 1385//1385
f 1384//1384 1383//1383 1423//1423
f 1423//1423 1383//1383 1424//1424
f 1423//1423 1424//1424 1422//1422
f 1422//1422 1424//1424 1425//1425
f 1422//1422 1425//1425 1421//1421
f 1421//1421 1425//1425 1426//1426
f 1421//1421 1426//1426 1420//1420
f 1420//1420 1426//1426 1427//1427
f 1420//1420 1427//1427 1419//1419
f 1419//1419 1427//1427 1428//1428
f 1383//1383 1386//1386 1424//1424
f 1424//1424 1386//1386 1429//1429
f 1424//1424 1429//1429 1425//1425
f 1425//1425 1429//1429 1430//1430
f 1425//1425 1430//1430 1426//1426
f 1426//1426 1430//1430 1431//1431
f 1426//1426 1431//1431 1427//1427
f 1427//1427 1431//1431 1396//1396
f 1427//1427 1396//1396 1428//1428
f 1428//1428 1396//1396 1395//1395
f 1432//1432 1394//1394 1433//1433
f 1433//1433 1394//1394 1396//1396
f 1433//1433 1396//1396 1434//1434
f 1434//1434 1396//1396 1431//1431
f 1434//1434 1431//1431 1435//1435
f 1435//1435 1431//1431 1430//1430
f 1435//1435 1430//1430 1436//1436
f 1436//1436 1430//1430 1429//1429
f 1436//1436 1429//1429 1382//1382
f 1382//1382 1429//1429 1386//1386
f 1382//1382 1381//1381 1436//1436
f 1436//1436 1381//1381 1437//1437
f 1436//1436 1437//1437 1435//1435
f 1435//1435 1437//1437 1438//1438
f 1435//1435 1438//1438 1434//1434
f 1434//1434 1438//1438 1439//1439
f 1434//1434 1439//1439 1433//1433
f 1433//1433 1439//1439 1440//1440
f 1433//1433 1440//1440 1432//1432
f 1432//1432 1440//1440 1441//1441
f 1381//1381 1380//1380 1437//1437
f 1437//1437 1380//1380 1442//1442
f 1437//1437 1442//1442 1438//1438
f 1438//1438 1442//1442 1443//1443
f 1438//1438 1443//1443 1439//1439
f 1439//1439 1443//1443 1444//1444
f 1439//1439 1444//1444 1440//1440
f 1440//1440 1444//1444 1393//1393
f 1440//1440 1393//1393 1441//1441
f 1441//1441 1393//1393 1392//1392
f 1389//1389 1391//1391 1390//1390
f 1390//1390 1391//1391 1393//1393
f 1390//1390 1393//1393 1445//1445
f 1445//1445 1393//1393 1444//1444
f 1445//1445 1444//1444 1446//1446
f 1446//1446 1444//1444 1443//1443
f 1446//1446 1443//1443 1447//1447
f 1447//1447 1443//1443 1442//1442
f 1447//1447 1442//1442 1379//1379
f 1379//1379 1442//1442 1380//1380
f 1448//1448 1388//1388 1449//1449
f 1449//1449 1388//1388 1390//1390
f 1449//1449 1390//1390 1450//1450
f 1450//1450 1390//1390 1445//1445
f 1450//1450 1445//1445 1451//1451
f 1451//1451 1445//1445 1446//1446
f 1451//1451 1446//1446 1452//1452
f 1452//1452 1446//1446 1447//1447
f 1452//1452 1447//1447 1378//1378
f 1378//1378 1447//1447 1379//1379
f 1378//1378 1377//1377 1452//1452
f 1452//1452 1377//1377 1453//1453
f 1452//1452 1453//1453 1451//1451
f 1451//1451 1453//1453 1454//1454
f 1451//1451 1454//1454 1450//1450
f 1450//1450 1454//1454 1455//1455
f 1450//1450 1455//1455 1449//1449
f 1449//1449 1455//1455 1456//1456
f 1449//1449 1456//1456 1448//1448
f 1448//1448 1456//1456 1457//1457
f 1377//1377 1376//1376 1453//1453
f 1453//1453 1376//1376 1458//1458
f 1453//1453 1458//1458 1454//1454
f 1454//1454 1458//1458 1459//1459
f 1454//1454 1459//1459 1455//1455
f 1455//1455 1459//1459 1460//1460
f 1455//1455 1460//1460 1456//1456
f 1456//1456 1460//1460 1461//1461
f 1456//1456 1461//1461 1457//1457
f 1457//1457 1461//1461 1462//1462
f 1463//1463 1411//1411 1412//1412
f 1397//1397 1464//1464 1465//1465
f 1397//1397 1465//1465 1398//1398
f 1398//1398 1465//1465 1466//1466
f 1398//1398 1466//1466 1400//1400
f 1466//1466 1467//1467 1400//1400
f 1400//1400 1467//1467 1468//1468
f 1400//1400 1468//1468 1401//1401
f 1401//1401 1468//1468 1469//1469
f 1401//1401 1469//1469 1412//1412
f 1412//1412 1469//1469 1470//1470
f 1412//1412 1470//1470 1463//1463
f 1152//1152 1187//1187 1146//1146
f 1146//1146 1187//1187 1185//1185
f 1471//1471 1113//1113 1112//1112
f 1112//1112 1086//1086 1471//1471
f 1471//1471 1086//1086 1085//1085
f 1471//1471 1085//1085 1472//1472
f 1472//1472 1085//1085 1473//1473
f 1093//1093 1474//1474 1091//1091
f 1091//1091 1474//1474 1475//1475
f 1091//1091 1475//1475 1090//1090
f 1090//1090 1475//1475 1476//1476
f 1090//1090 1476//1476 1088//1088
f 1088//1088 1476//1476 1477//1477
f 1088//1088 1477//1477 1085//1085
f 1085//1085 1477//1477 1478//1478
f 1085//1085 1478//1478 1473//1473
f 1479//1479 1082//1082 1480//1480
f 1480//1480 1082//1082 1081//1081
f 1480//1480 1081//1081 1095//1095
f 1093//1093 1094//1094 1474//1474
f 1474//1474 1094//1094 1082//1082
f 1474//1474 1082//1082 1481//1481
f 1481//1481 1082//1082 1479//1479
f 1131//1131 1391//1391 1480//1480
f 1482//1482 1483//1483 1389//1389
f 1389//1389 1483//1483 1391//1391
f 1391//1391 1483//1483 1484//1484
f 1391//1391 1484//1484 1480//1480
f 1389//1389 1388//1388 1482//1482
f 1482//1482 1388//1388 1448//1448
f 1482//1482 1448//1448 1485//1485
f 1485//1485 1448//1448 1457//1457
f 1485//1485 1457//1457 1486//1486
f 1486//1486 1457//1457 1487//1487
f 1487//1487 1457//1457 1462//1462
f 1487//1487 1462//1462 1488//1488
f 1122//1122 1121//1121 1110//1110
f 1122//1122 1110//1110 1148//1148
f 1471//1471 1489//1489 1113//1113
f 1113//1113 1489//1489 1490//1490
f 1113//1113 1490//1490 1115//1115
f 1115//1115 1490//1490 1464//1464
f 1115//1115 1464//1464 1116//1116
f 1116//1116 1464//1464 1151//1151
f 1116//1116 1151//1151 1110//1110
f 1110//1110 1151//1151 1149//1149
f 1110//1110 1149//1149 1148//1148
f 1105//1105 1106//1106 1121//1121
f 1106//1106 1108//1108 1121//1121
f 1121//1121 1108//1108 1111//1111
f 1121//1121 1111//1111 1110//1110
f 1100//1100 1102//1102 1118//1118
f 1100//1100 1118//1118 1099//1099
f 1131//1131 1480//1480 1117//1117
f 1117//1117 1480//1480 1095//1095
f 1117//1117 1095//1095 1118//1118
f 1118//1118 1095//1095 1097//1097
f 1118//1118 1097//1097 1099//1099
f 1105//1105 1121//1121 1103//1103
f 1103//1103 1121//1121 1124//1124
f 1103//1103 1124//1124 1102//1102
f 1102//1102 1124//1124 1126//1126
f 1102//1102 1126//1126 1127//1127
f 1127//1127 1129//1129 1102//1102
f 1102//1102 1129//1129 1130//1130
f 1102//1102 1130//1130 1118//1118
f 1185//1185 1184//1184 1146//1146
f 1146//1146 1184//1184 1158//1158
f 1146//1146 1158//1158 1157//1157
f 1141//1141 1142//1142 1157//1157
f 1142//1142 1144//1144 1157//1157
f 1157//1157 1144//1144 1147//1147
f 1157//1157 1147//1147 1146//1146
f 1136//1136 1138//1138 1154//1154
f 1136//1136 1154//1154 1135//1135
f 1141//1141 1157//1157 1139//1139
f 1139//1139 1157//1157 1160//1160
f 1139//1139 1160//1160 1138//1138
f 1138//1138 1160//1160 1162//1162
f 1138//1138 1162//1162 1163//1163
f 1163//1163 1165//1165 1138//1138
f 1138//1138 1165//1165 1166//1166
f 1138//1138 1166//1166 1154//1154
f 1180//1180 1183//1183 1428//1428
f 1428//1428 1183//1183 1182//1182
f 1428//1428 1182//1182 1419//1419
f 1419//1419 1182//1182 1188//1188
f 1419//1419 1188//1188 1397//1397
f 1397//1397 1188//1188 1187//1187
f 1397//1397 1187//1187 1464//1464
f 1464//1464 1187//1187 1152//1152
f 1464//1464 1152//1152 1151//1151
f 1175//1175 1177//1177 1395//1395
f 1395//1395 1177//1177 1428//1428
f 1428//1428 1177//1177 1178//1178
f 1428//1428 1178//1178 1180//1180
f 1171//1171 1441//1441 1169//1169
f 1169//1169 1441//1441 1392//1392
f 1169//1169 1392//1392 1167//1167
f 1167//1167 1392//1392 1391//1391
f 1167//1167 1391//1391 1153//1153
f 1153//1153 1391//1391 1131//1131
f 1153//1153 1131//1131 1154//1154
f 1154//1154 1131//1131 1133//1133
f 1154//1154 1133//1133 1135//1135
f 1171//1171 1172//1172 1441//1441
f 1441//1441 1172//1172 1174//1174
f 1441//1441 1174//1174 1432//1432
f 1432//1432 1174//1174 1175//1175
f 1432//1432 1175//1175 1394//1394
f 1394//1394 1175//1175 1395//1395
f 1491//1491 1492//1492 1493//1493
f 1494//1494 1495//1495 1496//1496
f 1497//1497 1498//1498 1499//1499
f 1500//1500 1501//1501 1502//1502
f 1501//1501 1503//1503 1504//1504
f 1505//1505 1506//1506 1503//1503
f 1503//1503 1506//1506 1507//1507
f 1503//1503 1507//1507 1504//1504
f 1500//1500 1502//1502 1508//1508
f 1509//1509 1510//1510 1511//1511
f 1511//1511 1510//1510 1512//1512
f 1511//1511 1512//1512 1513//1513
f 1513//1513 1512//1512 1514//1514
f 1515//1515 1516//1516 1517//1517
f 1517//1517 1518//1518 1515//1515
f 1515//1515 1518//1518 1519//1519
f 1515//1515 1519//1519 1514//1514
f 1514//1514 1519//1519 1520//1520
f 1514//1514 1520//1520 1513//1513
f 1521//1521 1516//1516 1522//1522
f 1522//1522 1516//1516 1515//1515
f 1522//1522 1515//1515 1523//1523
f 1523//1523 1515//1515 1524//1524
f 1523//1523 1524//1524 1525//1525
f 1525//1525 1524//1524 1526//1526
f 1493//1493 1492//1492 1527//1527
f 1527//1527 1492//1492 1528//1528
f 1527//1527 1528//1528 1526//1526
f 1526//1526 1528//1528 1529//1529
f 1526//1526 1529//1529 1525//1525
f 1472//1472 1530//1530 1531//1531
f 1531//1531 1530//1530 1532//1532
f 1532//1532 1533//1533 1531//1531
f 1531//1531 1533//1533 1534//1534
f 1531//1531 1534//1534 1493//1493
f 1493//1493 1534//1534 1535//1535
f 1493//1493 1535//1535 1491//1491
f 1536//1536 1537//1537 1538//1538
f 1538//1538 1537//1537 1539//1539
f 1539//1539 1537//1537 1540//1540
f 1540//1540 1537//1537 1541//1541
f 1540//1540 1541//1541 1542//1542
f 1543//1543 1544//1544 1545//1545
f 1545//1545 1544//1544 1546//1546
f 1545//1545 1546//1546 1547//1547
f 1542//1542 1541//1541 1548//1548
f 1548//1548 1541//1541 1545//1545
f 1548//1548 1545//1545 1549//1549
f 1549//1549 1545//1545 1547//1547
f 1549//1549 1547//1547 1550//1550
f 1501//1501 1504//1504 1502//1502
f 1502//1502 1504//1504 1551//1551
f 1502//1502 1551//1551 1552//1552
f 1552//1552 1551//1551 1553//1553
f 1552//1552 1553//1553 1543//1543
f 1543//1543 1553//1553 1554//1554
f 1543//1543 1554//1554 1544//1544
f 1555//1555 1556//1556 1475//1475
f 1557//1557 1484//1484 1483//1483
f 1488//1488 1494//1494 1487//1487
f 1487//1487 1494//1494 1496//1496
f 1487//1487 1496//1496 1486//1486
f 1557//1557 1483//1483 1558//1558
f 1558//1558 1483//1483 1482//1482
f 1558//1558 1482//1482 1559//1559
f 1559//1559 1482//1482 1485//1485
f 1559//1559 1485//1485 1560//1560
f 1475//1475 1474//1474 1555//1555
f 1555//1555 1474//1474 1481//1481
f 1555//1555 1481//1481 1561//1561
f 1561//1561 1481//1481 1479//1479
f 1561//1561 1479//1479 1557//1557
f 1557//1557 1479//1479 1480//1480
f 1557//1557 1480//1480 1484//1484
f 1485//1485 1486//1486 1560//1560
f 1560//1560 1486//1486 1496//1496
f 1560//1560 1496//1496 1499//1499
f 1499//1499 1496//1496 1495//1495
f 1499//1499 1495//1495 1497//1497
f 1499//1499 1562//1562 1560//1560
f 1560//1560 1562//1562 1563//1563
f 1560//1560 1563//1563 1559//1559
f 1559//1559 1563//1563 1564//1564
f 1559//1559 1564//1564 1558//1558
f 1558//1558 1564//1564 1565//1565
f 1558//1558 1565//1565 1557//1557
f 1557//1557 1565//1565 1566//1566
f 1557//1557 1566//1566 1561//1561
f 1561//1561 1566//1566 1567//1567
f 1561//1561 1567//1567 1555//1555
f 1555//1555 1567//1567 1568//1568
f 1555//1555 1568//1568 1556//1556
f 1556//1556 1568//1568 1569//1569
f 1556//1556 1569//1569 1570//1570
f 1570//1570 1569//1569 1571//1571
f 1572//1572 1571//1571 1573//1573
f 1573//1573 1571//1571 1569//1569
f 1573//1573 1569//1569 1574//1574
f 1574//1574 1569//1569 1568//1568
f 1574//1574 1568//1568 1575//1575
f 1575//1575 1568//1568 1567//1567
f 1575//1575 1567//1567 1576//1576
f 1576//1576 1567//1567 1566//1566
f 1498//1498 1508//1508 1499//1499
f 1499//1499 1508//1508 1502//1502
f 1499//1499 1502//1502 1562//1562
f 1562//1562 1502//1502 1552//1552
f 1562//1562 1552//1552 1563//1563
f 1563//1563 1552//1552 1543//1543
f 1563//1563 1543//1543 1564//1564
f 1564//1564 1543//1543 1545//1545
f 1564//1564 1545//1545 1565//1565
f 1565//1565 1545//1545 1541//1541
f 1565//1565 1541//1541 1566//1566
f 1566//1566 1541//1541 1537//1537
f 1566//1566 1537//1537 1576//1576
f 1576//1576 1537//1537 1536//1536
f 1510//1510 1463//1463 1512//1512
f 1512//1512 1463//1463 1470//1470
f 1512//1512 1470//1470 1514//1514
f 1514//1514 1470//1470 1469//1469
f 1514//1514 1469//1469 1515//1515
f 1526//1526 1464//1464 1527//1527
f 1527//1527 1464//1464 1490//1490
f 1527//1527 1490//1490 1493//1493
f 1493//1493 1490//1490 1489//1489
f 1493//1493 1489//1489 1531//1531
f 1531//1531 1489//1489 1471//1471
f 1531//1531 1471//1471 1472//1472
f 1469//1469 1468//1468 1515//1515
f 1515//1515 1468//1468 1467//1467
f 1515//1515 1467//1467 1524//1524
f 1524//1524 1467//1467 1466//1466
f 1524//1524 1466//1466 1526//1526
f 1526//1526 1466//1466 1465//1465
f 1526//1526 1465//1465 1464//1464
f 1472//1472 1473//1473 1530//1530
f 1530//1530 1473//1473 1478//1478
f 1530//1530 1478//1478 1477//1477
f 1536//1536 1577//1577 1576//1576
f 1576//1576 1577//1577 1578//1578
f 1576//1576 1578//1578 1575//1575
f 1575//1575 1578//1578 1579//1579
f 1575//1575 1579//1579 1574//1574
f 1574//1574 1579//1579 1580//1580
f 1574//1574 1580//1580 1573//1573
f 1573//1573 1580//1580 1581//1581
f 1573//1573 1581//1581 1572//1572
f 1572//1572 1581//1581 1532//1532
f 1572//1572 1532//1532 1571//1571
f 1571//1571 1532//1532 1530//1530
f 1571//1571 1530//1530 1570//1570
f 1570//1570 1530//1530 1477//1477
f 1570//1570 1477//1477 1556//1556
f 1556//1556 1477//1477 1476//1476
f 1556//1556 1476//1476 1475//1475
f 1506//1506 1505//1505 1582//1582
f 1215//1215 1553//1553 1551//1551
f 1234//1234 1233//1233 1583//1583
f 1243//1243 1244//1244 1584//1584
f 1322//1322 978//978 1326//1326
f 1585//1585 1586//1586 1587//1587
f 1588//1588 1589//1589 1590//1590
f 1590//1590 1589//1589 1509//1509
f 1591//1591 1538//1538 1592//1592
f 1592//1592 1538//1538 1539//1539
f 1592//1592 1539//1539 1540//1540
f 1593//1593 1578//1578 1594//1594
f 1594//1594 1578//1578 1577//1577
f 1594//1594 1577//1577 1591//1591
f 1591//1591 1577//1577 1536//1536
f 1591//1591 1536//1536 1538//1538
f 1595//1595 1533//1533 1596//1596
f 1596//1596 1533//1533 1532//1532
f 1596//1596 1532//1532 1597//1597
f 1492//1492 1491//1491 1598//1598
f 1598//1598 1491//1491 1535//1535
f 1598//1598 1535//1535 1595//1595
f 1595//1595 1535//1535 1534//1534
f 1595//1595 1534//1534 1533//1533
f 1271//1271 1289//1289 1529//1529
f 1529//1529 1289//1289 1525//1525
f 1521//1521 1295//1295 1599//1599
f 1599//1599 1295//1295 1294//1294
f 1599//1599 1294//1294 1293//1293
f 1289//1289 1290//1290 1525//1525
f 1525//1525 1290//1290 1315//1315
f 1525//1525 1315//1315 1523//1523
f 1523//1523 1315//1315 1295//1295
f 1523//1523 1295//1295 1522//1522
f 1522//1522 1295//1295 1521//1521
f 1600//1600 1517//1517 1599//1599
f 1599//1599 1517//1517 1516//1516
f 1599//1599 1516//1516 1521//1521
f 1588//1588 1519//1519 1601//1601
f 1601//1601 1519//1519 1518//1518
f 1509//1509 1511//1511 1590//1590
f 1590//1590 1511//1511 1513//1513
f 1590//1590 1513//1513 1588//1588
f 1588//1588 1513//1513 1520//1520
f 1588//1588 1520//1520 1519//1519
f 1585//1585 1587//1587 1326//1326
f 1326//1326 1587//1587 1309//1309
f 1326//1326 1309//1309 1322//1322
f 1293//1293 1292//1292 1599//1599
f 1599//1599 1292//1292 1298//1298
f 1599//1599 1298//1298 1600//1600
f 1600//1600 1298//1298 1297//1297
f 1297//1297 1296//1296 1600//1600
f 1600//1600 1296//1296 1299//1299
f 1600//1600 1299//1299 1602//1602
f 1602//1602 1299//1299 1304//1304
f 1602//1602 1304//1304 1586//1586
f 1586//1586 1304//1304 1306//1306
f 1586//1586 1306//1306 1587//1587
f 1587//1587 1306//1306 1307//1307
f 1587//1587 1307//1307 1309//1309
f 1603//1603 1265//1265 1604//1604
f 1604//1604 1265//1265 1275//1275
f 1604//1604 1275//1275 1274//1274
f 1529//1529 1528//1528 1271//1271
f 1271//1271 1528//1528 1604//1604
f 1271//1271 1604//1604 1272//1272
f 1272//1272 1604//1604 1274//1274
f 1263//1263 1264//1264 1605//1605
f 1605//1605 1264//1264 954//954
f 1605//1605 954//954 1603//1603
f 1603//1603 954//954 1266//1266
f 1603//1603 1266//1266 1265//1265
f 1606//1606 1607//1607 1597//1597
f 1597//1597 1607//1607 1261//1261
f 1597//1597 1261//1261 1260//1260
f 1584//1584 1608//1608 1609//1609
f 1243//1243 1584//1584 1241//1241
f 1241//1241 1584//1584 1609//1609
f 1241//1241 1609//1609 1239//1239
f 1583//1583 1233//1233 1609//1609
f 1609//1609 1233//1233 1257//1257
f 1609//1609 1257//1257 1239//1239
f 1610//1610 1238//1238 1583//1583
f 1583//1583 1238//1238 1236//1236
f 1583//1583 1236//1236 1234//1234
f 1548//1548 1220//1220 1542//1542
f 1542//1542 1220//1220 1223//1223
f 1542//1542 1223//1223 1540//1540
f 1540//1540 1223//1223 1232//1232
f 1540//1540 1232//1232 1592//1592
f 1550//1550 1547//1547 1611//1611
f 1611//1611 1547//1547 1546//1546
f 1611//1611 1546//1546 1544//1544
f 1215//1215 1229//1229 1553//1553
f 1553//1553 1229//1229 1222//1222
f 1553//1553 1222//1222 1554//1554
f 1548//1548 1549//1549 1220//1220
f 1220//1220 1549//1549 1550//1550
f 1220//1220 1550//1550 1221//1221
f 1221//1221 1550//1550 1611//1611
f 1221//1221 1611//1611 1222//1222
f 1222//1222 1611//1611 1544//1544
f 1222//1222 1544//1544 1554//1554
f 1216//1216 1612//1612 1218//1218
f 1218//1218 1612//1612 1219//1219
f 1192//1192 1194//1194 1582//1582
f 1192//1192 1582//1582 1072//1072
f 1069//1069 1072//1072 1070//1070
f 1070//1070 1072//1072 1582//1582
f 1070//1070 1582//1582 1373//1373
f 1373//1373 1582//1582 1372//1372
f 1194//1194 921//921 1582//1582
f 1582//1582 921//921 1195//1195
f 1582//1582 1195//1195 1205//1205
f 1219//1219 1612//1612 1205//1205
f 1205//1205 1612//1612 1613//1613
f 1205//1205 1613//1613 1582//1582
f 1582//1582 1613//1613 1507//1507
f 1582//1582 1507//1507 1506//1506
f 1216//1216 1215//1215 1612//1612
f 1612//1612 1215//1215 1551//1551
f 1612//1612 1551//1551 1613//1613
f 1613//1613 1551//1551 1504//1504
f 1613//1613 1504//1504 1507//1507
f 1579//1579 1578//1578 1614//1614
f 1614//1614 1578//1578 1593//1593
f 1614//1614 1593//1593 1608//1608
f 1608//1608 1593//1593 1594//1594
f 1608//1608 1594//1594 1609//1609
f 1609//1609 1594//1594 1591//1591
f 1609//1609 1591//1591 1583//1583
f 1583//1583 1591//1591 1592//1592
f 1583//1583 1592//1592 1610//1610
f 1610//1610 1592//1592 1232//1232
f 1610//1610 1232//1232 1238//1238
f 1606//1606 1615//1615 1607//1607
f 1607//1607 1615//1615 1616//1616
f 1607//1607 1616//1616 1261//1261
f 1261//1261 1616//1616 1617//1617
f 1261//1261 1617//1617 1262//1262
f 1528//1528 1492//1492 1604//1604
f 1604//1604 1492//1492 1598//1598
f 1604//1604 1598//1598 1603//1603
f 1603//1603 1598//1598 1595//1595
f 1603//1603 1595//1595 1605//1605
f 1605//1605 1595//1595 1596//1596
f 1605//1605 1596//1596 1263//1263
f 1263//1263 1596//1596 1597//1597
f 1263//1263 1597//1597 1259//1259
f 1259//1259 1597//1597 1260//1260
f 1585//1585 1589//1589 1586//1586
f 1586//1586 1589//1589 1588//1588
f 1586//1586 1588//1588 1602//1602
f 1602//1602 1588//1588 1601//1601
f 1602//1602 1601//1601 1600//1600
f 1600//1600 1601//1601 1518//1518
f 1600//1600 1518//1518 1517//1517
f 1532//1532 1581//1581 1597//1597
f 1597//1597 1581//1581 1580//1580
f 1597//1597 1580//1580 1606//1606
f 1606//1606 1580//1580 1579//1579
f 1606//1606 1579//1579 1615//1615
f 1615//1615 1579//1579 1614//1614
f 1615//1615 1614//1614 1616//1616
f 1616//1616 1614//1614 1608//1608
f 1616//1616 1608//1608 1617//1617
f 1617//1617 1608//1608 1584//1584
f 1617//1617 1584//1584 1262//1262
f 1262//1262 1584//1584 1244//1244
f 1262//1262 1244//1244 950//950
f 1340//1340 1618//1618 1339//1339
f 1339//1339 1618//1618 1619//1619
f 1339//1339 1619//1619 1338//1338
f 1338//1338 1619//1619 1620//1620
f 1338//1338 1620//1620 1337//1337
f 1337//1337 1620//1620 1621//1621
f 1337//1337 1621//1621 1336//1336
f 1336//1336 1621//1621 1622//1622
f 1336//1336 1622//1622 1335//1335
f 1335//1335 1622//1622 1623//1623
f 1335//1335 1623//1623 1334//1334
f 1334//1334 1623//1623 1624//1624
f 1334//1334 1624//1624 1333//1333
f 1333//1333 1624//1624 1625//1625
f 1333//1333 1625//1625 1332//1332
f 1332//1332 1625//1625 1626//1626
f 1332//1332 1626//1626 1331//1331
f 1331//1331 1626//1626 1627//1627
f 1331//1331 1627//1627 1330//1330
f 1330//1330 1627//1627 1628//1628
f 1330//1330 1628//1628 1329//1329
f 1329//1329 1628//1628 1629//1629
f 1329//1329 1629//1629 1340//1340
f 1340//1340 1629//1629 1618//1618
f 1343//1343 1630//1630 1342//1342
f 1342//1342 1630//1630 1631//1631
f 1342//1342 1631//1631 1341//1341
f 1341//1341 1631//1631 1632//1632
f 1341//1341 1632//1632 1352//1352
f 1352//1352 1632//1632 1633//1633
f 1352//1352 1633//1633 1351//1351
f 1351//1351 1633//1633 1634//1634
f 1351//1351 1634//1634 1350//1350
f 1350//1350 1634//1634 1635//1635
f 1350//1350 1635//1635 1349//1349
f 1349//1349 1635//1635 1636//1636
f 1349//1349 1636//1636 1348//1348
f 1348//1348 1636//1636 1637//1637
f 1348//1348 1637//1637 1347//1347
f 1347//1347 1637//1637 1638//1638
f 1347//1347 1638//1638 1346//1346
f 1346//1346 1638//1638 1639//1639
f 1346//1346 1639//1639 1345//1345
f 1345//1345 1639//1639 1640//1640
f 1345//1345 1640//1640 1344//1344
f 1344//1344 1640//1640 1641//1641
f 1344//1344 1641//1641 1343//1343
f 1343//1343 1641//1641 1630//1630
f 1353//1353 1642//1642 1364//1364
f 1364//1364 1642//1642 1643//1643
f 1364//1364 1643//1643 1363//1363
f 1363//1363 1643//1643 1644//1644
f 1363//1363 1644//1644 1362//1362
f 1362//1362 1644//1644 1645//1645
f 1362//1362 1645//1645 1361//1361
f 1361//1361 1645//1645 1646//1646
f 1361//1361 1646//1646 1360//1360
f 1360//1360 1646//1646 1647//1647
f 1360//1360 1647//1647 1359//1359
f 1359//1359 1647//1647 1648//1648
f 1359//1359 1648//1648 1358//1358
f 1358//1358 1648//1648 1649//1649
f 1358//1358 1649//1649 1357//1357
f 1357//1357 1649//1649 1650//1650
f 1357//1357 1650//1650 1356//1356
f 1356//1356 1650//1650 1651//1651
f 1356//1356 1651//1651 1355//1355
f 1355//1355 1651//1651 1652//1652
f 1355//1355 1652//1652 1354//1354
f 1354//1354 1652//1652 1653//1653
f 1354//1354 1653//1653 1353//1353
f 1353//1353 1653//1653 1642//1642
f 1405//1405 1619//1619 1403//1403
f 1403//1403 1619//1619 1618//1618
f 1646//1646 1645//1645 1463//1463
f 1463//1463 1645//1645 1644//1644
f 1463//1463 1644//1644 1411//1411
f 1411//1411 1644//1644 1643//1643
f 1411//1411 1643//1643 1642//1642
f 1411//1411 1631//1631 1409//1409
f 1409//1409 1631//1631 1630//1630
f 1409//1409 1630//1630 1407//1407
f 1407//1407 1630//1630 1405//1405
f 1629//1629 1376//1376 1618//1618
f 1618//1618 1376//1376 1375//1375
f 1618//1618 1375//1375 1403//1403
f 1628//1628 1462//1462 1629//1629
f 1629//1629 1462//1462 1461//1461
f 1629//1629 1461//1461 1460//1460
f 1628//1628 1627//1627 1462//1462
f 1462//1462 1627//1627 1626//1626
f 1462//1462 1626//1626 1641//1641
f 1641//1641 1640//1640 1462//1462
f 1462//1462 1640//1640 1639//1639
f 1462//1462 1639//1639 1488//1488
f 1488//1488 1639//1639 1638//1638
f 1488//1488 1638//1638 1637//1637
f 1460//1460 1459//1459 1629//1629
f 1629//1629 1459//1459 1458//1458
f 1629//1629 1458//1458 1376//1376
f 1623//1623 1630//1630 1624//1624
f 1624//1624 1630//1630 1641//1641
f 1624//1624 1641//1641 1625//1625
f 1625//1625 1641//1641 1626//1626
f 1623//1623 1622//1622 1630//1630
f 1630//1630 1622//1622 1621//1621
f 1630//1630 1621//1621 1405//1405
f 1405//1405 1621//1621 1620//1620
f 1405//1405 1620//1620 1619//1619
f 1635//1635 1634//1634 1642//1642
f 1642//1642 1634//1634 1633//1633
f 1642//1642 1633//1633 1411//1411
f 1411//1411 1633//1633 1632//1632
f 1411//1411 1632//1632 1631//1631
f 1635//1635 1642//1642 1636//1636
f 1636//1636 1642//1642 1653//1653
f 1636//1636 1653//1653 1637//1637
f 1637//1637 1653//1653 1652//1652
f 1637//1637 1652//1652 1488//1488
f 1652//1652 1651//1651 1488//1488
f 1488//1488 1651//1651 1650//1650
f 1488//1488 1650//1650 1494//1494
f 1494//1494 1650//1650 1649//1649
f 1494//1494 1649//1649 1495//1495
f 1646//1646 1463//1463 1647//1647
f 1647//1647 1463//1463 1510//1510
f 1647//1647 1510//1510 1509//1509
f 1500//1500 1508//1508 1649//1649
f 1508//1508 1498//1498 1649//1649
f 1649//1649 1498//1498 1497//1497
f 1649//1649 1497//1497 1495//1495
f 1367//1367 1369//1369 1371//1371
f 1366//1366 1503//1503 1501//1501
f 1371//1371 1372//1372 1367//1367
f 1367//1367 1372//1372 1582//1582
f 1367//1367 1582//1582 1366//1366
f 1366//1366 1582//1582 1505//1505
f 1366//1366 1505//1505 1503//1503
f 1501//1501 1500//1500 1366//1366
f 1366//1366 1500//1500 1649//1649
f 1366//1366 1649//1649 1365//1365
f 1365//1365 1649//1649 1648//1648
f 1365//1365 1648//1648 1647//1647
f 1509//1509 1589//1589 1647//1647
f 1647//1647 1589//1589 1585//1585
f 1647//1647 1585//1585 1365//1365
f 1365//1365 1585//1585 1326//1326
f 1365//1365 1326//1326 1328//1328
f 1328//1328 1326//1326 1327//1327
f 1654//1654 1655//1655 1656//1656
f 1656//1656 1655//1655 1657//1657
f 1656//1656 1657//1657 1658//1658
f 1658//1658 1659//1659 1656//1656
f 1656//1656 1659//1659 1660//1660
f 1656//1656 1660//1660 1661//1661
f 1662//1662 1663//1663 1664//1664
f 1661//1661 1665//1665 1656//1656
f 1656//1656 1665//1665 1662//1662
f 1656//1656 1662//1662 1666//1666
f 1666//1666 1662//1662 1664//1664
f 1667//1667 1655//1655 1668//1668
f 1668//1668 1655//1655 1654//1654
f 1668//1668 1654//1654 1669//1669
f 1669//1669 1654//1654 1656//1656
f 1664//1664 1670//1670 1671//1671
f 1664//1664 1671//1671 1666//1666
f 1666//1666 1671//1671 1669//1669
f 1666//1666 1669//1669 1656//1656
f 1662//1662 1672//1672 1673//1673
f 1662//1662 1673//1673 1663//1663
f 1663//1663 1673//1673 1670//1670
f 1663//1663 1670//1670 1664//1664
f 1661//1661 1674//1674 1675//1675
f 1661//1661 1675//1675 1665//1665
f 1665//1665 1675//1675 1672//1672
f 1665//1665 1672//1672 1662//1662
f 1659//1659 1676//1676 1677//1677
f 1659//1659 1677//1677 1660//1660
f 1660//1660 1677//1677 1674//1674
f 1660//1660 1674//1674 1661//1661
f 1657//1657 1678//1678 1679//1679
f 1657//1657 1679//1679 1658//1658
f 1658//1658 1679//1679 1676//1676
f 1658//1658 1676//1676 1659//1659
f 1678//1678 1657//1657 1667//1667
f 1667//1667 1657//1657 1655//1655
f 1680//1680 1681//1681 1682//1682
f 1682//1682 1681//1681 1683//1683
f 1682//1682 1683//1683 1684//1684
f 1682//1682 1685//1685 1680//1680
f 1680//1680 1685//1685 1686//1686
f 1680//1680 1686//1686 1687//1687
f 1687//1687 1686//1686 1688//1688
f 1688//1688 1686//1686 1689//1689
f 1688//1688 1689//1689 1690//1690
f 1690//1690 1689//1689 1691//1691
f 1690//1690 1691//1691 1692//1692
f 1693//1693 1694//1694 1695//1695
f 1696//1696 1697//1697 1698//1698
f 1698//1698 1697//1697 1699//1699
f 1698//1698 1699//1699 1700//1700
f 1693//1693 1695//1695 1700//1700
f 1700//1700 1695//1695 1701//1701
f 1700//1700 1701//1701 1698//1698
f 1699//1699 1702//1702 1700//1700
f 1700//1700 1702//1702 1703//1703
f 1700//1700 1703//1703 1693//1693
f 1693//1693 1703//1703 1704//1704
f 1693//1693 1704//1704 1694//1694
f 1705//1705 1706//1706 1707//1707
f 1707//1707 1706//1706 1697//1697
f 1697//1697 1706//1706 1699//1699
f 1699//1699 1706//1706 1708//1708
f 1699//1699 1708//1708 1702//1702
f 1702//1702 1708//1708 1709//1709
f 1702//1702 1709//1709 1703//1703
f 1703//1703 1709//1709 1710//1710
f 1703//1703 1710//1710 1704//1704
f 1711//1711 1710//1710 1712//1712
f 1712//1712 1710//1710 1709//1709
f 1712//1712 1709//1709 1713//1713
f 1713//1713 1709//1709 1708//1708
f 1713//1713 1708//1708 1714//1714
f 1714//1714 1708//1708 1715//1715
f 1715//1715 1708//1708 1706//1706
f 1715//1715 1706//1706 1716//1716
f 1716//1716 1706//1706 1705//1705
f 1716//1716 1705//1705 1717//1717
f 1717//1717 1718//1718 1716//1716
f 1716//1716 1718//1718 1719//1719
f 1716//1716 1719//1719 1715//1715
f 1715//1715 1719//1719 1720//1720
f 1715//1715 1720//1720 1714//1714
f 1714//1714 1720//1720 1721//1721
f 1714//1714 1721//1721 1713//1713
f 1713//1713 1721//1721 1722//1722
f 1713//1713 1722//1722 1712//1712
f 1712//1712 1722//1722 1723//1723
f 1712//1712 1723//1723 1711//1711
f 1711//1711 1723//1723 1724//1724
f 1722//1722 1721//1721 1725//1725
f 1720//1720 1719//1719 1726//1726
f 1727//1727 1728//1728 1729//1729
f 1727//1727 1729//1729 1730//1730
f 1730//1730 1729//1729 1731//1731
f 1730//1730 1731//1731 1732//1732
f 1732//1732 1731//1731 1726//1726
f 1732//1732 1726//1726 1733//1733
f 1733//1733 1726//1726 1719//1719
f 1733//1733 1719//1719 1718//1718
f 1724//1724 1723//1723 1734//1734
f 1734//1734 1723//1723 1735//1735
f 1734//1734 1735//1735 1736//1736
f 1736//1736 1735//1735 1737//1737
f 1737//1737 1735//1735 1738//1738
f 1737//1737 1738//1738 1739//1739
f 1739//1739 1738//1738 1740//1740
f 1739//1739 1740//1740 1741//1741
f 1741//1741 1740//1740 1742//1742
f 1741//1741 1742//1742 1743//1743
f 1728//1728 1744//1744 1729//1729
f 1729//1729 1744//1744 1745//1745
f 1729//1729 1745//1745 1731//1731
f 1731//1731 1745//1745 1746//1746
f 1731//1731 1746//1746 1726//1726
f 1726//1726 1746//1746 1725//1725
f 1726//1726 1725//1725 1720//1720
f 1720//1720 1725//1725 1721//1721
f 1744//1744 1742//1742 1745//1745
f 1745//1745 1742//1742 1740//1740
f 1745//1745 1740//1740 1746//1746
f 1746//1746 1740//1740 1738//1738
f 1746//1746 1738//1738 1725//1725
f 1725//1725 1738//1738 1735//1735
f 1725//1725 1735//1735 1722//1722
f 1722//1722 1735//1735 1723//1723
f 1747//1747 1748//1748 1749//1749
f 1749//1749 1748//1748 1750//1750
f 1750//1750 1748//1748 1751//1751
f 1751//1751 1748//1748 1752//1752
f 1751//1751 1752//1752 1753//1753
f 1753//1753 1752//1752 1754//1754
f 1754//1754 1752//1752 1755//1755
f 1754//1754 1755//1755 1756//1756
f 1757//1757 1758//1758 1755//1755
f 1755//1755 1758//1758 1759//1759
f 1755//1755 1759//1759 1756//1756
f 1759//1759 1758//1758 1743//1743
f 1759//1759 1743//1743 1756//1756
f 1743//1743 1742//1742 1756//1756
f 1756//1756 1742//1742 1744//1744
f 1756//1756 1744//1744 1754//1754
f 1754//1754 1744//1744 1728//1728
f 1754//1754 1728//1728 1753//1753
f 1753//1753 1728//1728 1727//1727
f 1753//1753 1727//1727 1751//1751
f 1688//1688 1760//1760 1761//1761
f 1688//1688 1761//1761 1687//1687
f 1687//1687 1761//1761 1762//1762
f 1687//1687 1762//1762 1680//1680
f 1680//1680 1762//1762 1763//1763
f 1680//1680 1763//1763 1681//1681
f 1764//1764 1684//1684 1763//1763
f 1763//1763 1684//1684 1683//1683
f 1763//1763 1683//1683 1681//1681
f 1765//1765 1751//1751 1766//1766
f 1766//1766 1751//1751 1727//1727
f 1766//1766 1727//1727 1767//1767
f 1768//1768 1769//1769 1770//1770
f 1770//1770 1769//1769 1771//1771
f 1770//1770 1771//1771 1772//1772
f 1772//1772 1771//1771 1749//1749
f 1772//1772 1749//1749 1765//1765
f 1765//1765 1749//1749 1750//1750
f 1765//1765 1750//1750 1751//1751
f 1773//1773 1718//1718 1774//1774
f 1774//1774 1718//1718 1717//1717
f 1774//1774 1717//1717 1775//1775
f 1775//1775 1717//1717 1705//1705
f 1775//1775 1705//1705 1776//1776
f 1776//1776 1705//1705 1707//1707
f 1776//1776 1707//1707 1777//1777
f 1777//1777 1707//1707 1778//1778
f 1777//1777 1778//1778 1779//1779
f 1779//1779 1778//1778 1780//1780
f 1779//1779 1780//1780 1768//1768
f 1768//1768 1780//1780 1781//1781
f 1768//1768 1781//1781 1769//1769
f 1727//1727 1730//1730 1767//1767
f 1767//1767 1730//1730 1732//1732
f 1767//1767 1732//1732 1773//1773
f 1773//1773 1732//1732 1733//1733
f 1773//1773 1733//1733 1718//1718
f 1678//1678 1667//1667 1782//1782
f 1783//1783 1784//1784 1785//1785
f 1785//1785 1784//1784 1786//1786
f 1672//1672 1787//1787 1673//1673
f 1673//1673 1787//1787 1788//1788
f 1673//1673 1788//1788 1670//1670
f 1788//1788 1789//1789 1670//1670
f 1670//1670 1789//1789 1790//1790
f 1670//1670 1790//1790 1671//1671
f 1671//1671 1790//1790 1791//1791
f 1671//1671 1791//1791 1669//1669
f 1669//1669 1791//1791 1792//1792
f 1669//1669 1792//1792 1668//1668
f 1668//1668 1792//1792 1783//1783
f 1668//1668 1783//1783 1667//1667
f 1667//1667 1783//1783 1785//1785
f 1667//1667 1785//1785 1793//1793
f 1793//1793 1794//1794 1667//1667
f 1667//1667 1794//1794 1795//1795
f 1667//1667 1795//1795 1782//1782
f 1782//1782 1795//1795 1796//1796
f 1797//1797 1798//1798 1674//1674
f 1674//1674 1798//1798 1675//1675
f 1675//1675 1798//1798 1799//1799
f 1675//1675 1799//1799 1672//1672
f 1672//1672 1799//1799 1800//1800
f 1672//1672 1800//1800 1787//1787
f 1674//1674 1677//1677 1797//1797
f 1797//1797 1677//1677 1676//1676
f 1797//1797 1676//1676 1782//1782
f 1782//1782 1676//1676 1679//1679
f 1782//1782 1679//1679 1678//1678
f 1796//1796 1801//1801 1782//1782
f 1782//1782 1801//1801 1802//1802
f 1782//1782 1802//1802 1803//1803
f 1803//1803 1802//1802 1804//1804
f 1805//1805 1806//1806 1807//1807
f 1807//1807 1806//1806 1808//1808
f 1807//1807 1808//1808 1809//1809
f 1809//1809 1808//1808 1810//1810
f 1809//1809 1810//1810 1804//1804
f 1804//1804 1810//1810 1811//1811
f 1804//1804 1811//1811 1803//1803
f 1812//1812 1813//1813 1814//1814
f 1814//1814 1813//1813 1815//1815
f 1814//1814 1815//1815 1816//1816
f 1817//1817 1690//1690 1818//1818
f 1818//1818 1690//1690 1692//1692
f 1818//1818 1692//1692 1819//1819
f 1819//1819 1692//1692 1820//1820
f 1819//1819 1820//1820 1821//1821
f 1815//1815 1822//1822 1816//1816
f 1816//1816 1822//1822 1823//1823
f 1816//1816 1823//1823 1824//1824
f 1824//1824 1823//1823 1825//1825
f 1824//1824 1825//1825 1826//1826
f 1826//1826 1825//1825 1760//1760
f 1826//1826 1760//1760 1817//1817
f 1817//1817 1760//1760 1688//1688
f 1817//1817 1688//1688 1690//1690
f 1820//1820 1827//1827 1821//1821
f 1821//1821 1827//1827 1828//1828
f 1821//1821 1828//1828 1829//1829
f 1829//1829 1828//1828 1830//1830
f 1829//1829 1830//1830 1831//1831
f 1831//1831 1830//1830 1832//1832
f 1831//1831 1832//1832 1833//1833
f 1833//1833 1832//1832 1834//1834
f 1833//1833 1834//1834 1812//1812
f 1812//1812 1834//1834 1835//1835
f 1812//1812 1835//1835 1813//1813
f 1836//1836 1837//1837 1838//1838
f 1839//1839 1840//1840 1841//1841
f 1815//1815 1842//1842 1843//1843
f 1815//1815 1843//1843 1822//1822
f 1822//1822 1843//1843 1844//1844
f 1822//1822 1844//1844 1823//1823
f 1823//1823 1844//1844 1845//1845
f 1823//1823 1845//1845 1825//1825
f 1825//1825 1845//1845 1761//1761
f 1825//1825 1761//1761 1760//1760
f 1764//1764 1763//1763 1846//1846
f 1846//1846 1763//1763 1847//1847
f 1846//1846 1847//1847 1848//1848
f 1848//1848 1847//1847 1849//1849
f 1849//1849 1847//1847 1850//1850
f 1849//1849 1850//1850 1851//1851
f 1851//1851 1850//1850 1841//1841
f 1851//1851 1841//1841 1852//1852
f 1852//1852 1841//1841 1840//1840
f 1852//1852 1840//1840 1853//1853
f 1842//1842 1836//1836 1843//1843
f 1843//1843 1836//1836 1838//1838
f 1843//1843 1838//1838 1844//1844
f 1844//1844 1838//1838 1854//1854
f 1844//1844 1854//1854 1845//1845
f 1845//1845 1854//1854 1855//1855
f 1845//1845 1855//1855 1761//1761
f 1761//1761 1855//1855 1762//1762
f 1837//1837 1839//1839 1838//1838
f 1838//1838 1839//1839 1841//1841
f 1838//1838 1841//1841 1854//1854
f 1854//1854 1841//1841 1850//1850
f 1854//1854 1850//1850 1855//1855
f 1855//1855 1850//1850 1847//1847
f 1855//1855 1847//1847 1762//1762
f 1762//1762 1847//1847 1763//1763
f 1856//1856 1857//1857 1858//1858
f 1859//1859 1860//1860 1861//1861
f 1861//1861 1860//1860 1862//1862
f 1861//1861 1862//1862 1863//1863
f 1859//1859 1856//1856 1860//1860
f 1860//1860 1856//1856 1858//1858
f 1860//1860 1858//1858 1862//1862
f 1862//1862 1858//1858 1864//1864
f 1862//1862 1864//1864 1865//1865
f 1865//1865 1864//1864 1866//1866
f 1865//1865 1866//1866 1867//1867
f 1867//1867 1866//1866 1868//1868
f 1867//1867 1868//1868 1869//1869
f 1863//1863 1862//1862 1870//1870
f 1870//1870 1862//1862 1865//1865
f 1870//1870 1865//1865 1871//1871
f 1871//1871 1865//1865 1867//1867
f 1871//1871 1867//1867 1872//1872
f 1872//1872 1867//1867 1869//1869
f 1872//1872 1869//1869 1873//1873
f 1874//1874 1875//1875 1832//1832
f 1832//1832 1875//1875 1873//1873
f 1876//1876 1877//1877 1832//1832
f 1832//1832 1877//1877 1878//1878
f 1832//1832 1878//1878 1874//1874
f 1873//1873 1869//1869 1832//1832
f 1832//1832 1869//1869 1868//1868
f 1832//1832 1868//1868 1834//1834
f 1876//1876 1832//1832 1879//1879
f 1879//1879 1832//1832 1830//1830
f 1879//1879 1830//1830 1880//1880
f 1880//1880 1830//1830 1828//1828
f 1880//1880 1828//1828 1881//1881
f 1827//1827 1820//1820 1882//1882
f 1882//1882 1883//1883 1827//1827
f 1827//1827 1883//1883 1884//1884
f 1827//1827 1884//1884 1828//1828
f 1828//1828 1884//1884 1885//1885
f 1828//1828 1885//1885 1881//1881
f 1886//1886 1882//1882 1820//1820
f 1820//1820 1692//1692 1691//1691
f 1886//1886 1820//1820 1887//1887
f 1887//1887 1820//1820 1691//1691
f 1887//1887 1691//1691 1888//1888
f 1889//1889 1890//1890 1891//1891
f 1889//1889 1891//1891 1892//1892
f 1892//1892 1891//1891 1893//1893
f 1892//1892 1893//1893 1894//1894
f 1894//1894 1893//1893 1895//1895
f 1894//1894 1895//1895 1896//1896
f 1896//1896 1895//1895 1887//1887
f 1896//1896 1887//1887 1888//1888
f 1682//1682 1897//1897 1898//1898
f 1898//1898 1897//1897 1899//1899
f 1682//1682 1898//1898 1685//1685
f 1685//1685 1898//1898 1900//1900
f 1685//1685 1900//1900 1686//1686
f 1686//1686 1900//1900 1901//1901
f 1686//1686 1901//1901 1689//1689
f 1691//1691 1689//1689 1888//1888
f 1888//1888 1689//1689 1901//1901
f 1888//1888 1901//1901 1896//1896
f 1896//1896 1901//1901 1900//1900
f 1896//1896 1900//1900 1894//1894
f 1894//1894 1900//1900 1898//1898
f 1894//1894 1898//1898 1892//1892
f 1892//1892 1898//1898 1899//1899
f 1892//1892 1899//1899 1889//1889
f 1902//1902 1903//1903 1904//1904
f 1905//1905 1906//1906 1907//1907
f 1908//1908 1909//1909 1910//1910
f 1906//1906 1908//1908 1907//1907
f 1907//1907 1908//1908 1910//1910
f 1907//1907 1910//1910 1911//1911
f 1911//1911 1910//1910 1912//1912
f 1911//1911 1912//1912 1913//1913
f 1913//1913 1912//1912 1914//1914
f 1913//1913 1914//1914 1755//1755
f 1755//1755 1914//1914 1757//1757
f 1903//1903 1905//1905 1904//1904
f 1904//1904 1905//1905 1907//1907
f 1904//1904 1907//1907 1915//1915
f 1915//1915 1907//1907 1911//1911
f 1915//1915 1911//1911 1916//1916
f 1916//1916 1911//1911 1913//1913
f 1916//1916 1913//1913 1752//1752
f 1752//1752 1913//1913 1755//1755
f 1917//1917 1902//1902 1918//1918
f 1918//1918 1902//1902 1904//1904
f 1918//1918 1904//1904 1919//1919
f 1919//1919 1904//1904 1915//1915
f 1919//1919 1915//1915 1920//1920
f 1920//1920 1915//1915 1916//1916
f 1920//1920 1916//1916 1748//1748
f 1748//1748 1916//1916 1752//1752
f 1921//1921 1917//1917 1922//1922
f 1922//1922 1917//1917 1918//1918
f 1922//1922 1918//1918 1923//1923
f 1923//1923 1918//1918 1919//1919
f 1923//1923 1919//1919 1924//1924
f 1924//1924 1919//1919 1920//1920
f 1924//1924 1920//1920 1747//1747
f 1747//1747 1920//1920 1748//1748
f 1747//1747 1749//1749 1771//1771
f 1771//1771 1925//1925 1926//1926
f 1771//1771 1926//1926 1747//1747
f 1747//1747 1926//1926 1921//1921
f 1747//1747 1921//1921 1924//1924
f 1924//1924 1921//1921 1922//1922
f 1924//1924 1922//1922 1923//1923
f 1771//1771 1769//1769 1925//1925
f 1925//1925 1769//1769 1927//1927
f 1927//1927 1769//1769 1928//1928
f 1928//1928 1769//1769 1781//1781
f 1928//1928 1781//1781 1929//1929
f 1929//1929 1781//1781 1930//1930
f 1930//1930 1781//1781 1780//1780
f 1930//1930 1780//1780 1931//1931
f 1931//1931 1780//1780 1932//1932
f 1932//1932 1780//1780 1778//1778
f 1932//1932 1778//1778 1933//1933
f 1707//1707 1697//1697 1696//1696
f 1934//1934 1935//1935 1778//1778
f 1778//1778 1935//1935 1936//1936
f 1778//1778 1936//1936 1933//1933
f 1707//1707 1696//1696 1778//1778
f 1934//1934 1778//1778 1937//1937
f 1937//1937 1778//1778 1696//1696
f 1937//1937 1696//1696 1938//1938
f 1934//1934 1937//1937 1939//1939
f 1940//1940 1941//1941 1942//1942
f 1942//1942 1941//1941 1943//1943
f 1944//1944 1935//1935 1934//1934
f 1939//1939 1945//1945 1946//1946
f 1946//1946 1945//1945 1947//1947
f 1946//1946 1947//1947 1943//1943
f 1943//1943 1947//1947 1942//1942
f 1934//1934 1939//1939 1944//1944
f 1944//1944 1939//1939 1946//1946
f 1944//1944 1946//1946 1948//1948
f 1948//1948 1946//1946 1943//1943
f 1948//1948 1943//1943 1949//1949
f 1949//1949 1943//1943 1941//1941
f 1949//1949 1941//1941 1950//1950
f 1945//1945 1951//1951 1947//1947
f 1947//1947 1951//1951 1942//1942
f 1942//1942 1951//1951 1952//1952
f 1942//1942 1952//1952 1940//1940
f 1937//1937 1938//1938 1939//1939
f 1939//1939 1938//1938 1953//1953
f 1939//1939 1953//1953 1945//1945
f 1945//1945 1953//1953 1954//1954
f 1945//1945 1954//1954 1951//1951
f 1695//1695 1955//1955 1701//1701
f 1701//1701 1955//1955 1956//1956
f 1701//1701 1956//1956 1698//1698
f 1938//1938 1696//1696 1953//1953
f 1953//1953 1696//1696 1698//1698
f 1953//1953 1698//1698 1954//1954
f 1954//1954 1698//1698 1956//1956
f 1954//1954 1956//1956 1951//1951
f 1951//1951 1956//1956 1955//1955
f 1951//1951 1955//1955 1952//1952
f 1704//1704 1957//1957 1694//1694
f 1694//1694 1957//1957 1958//1958
f 1958//1958 1959//1959 1694//1694
f 1694//1694 1959//1959 1960//1960
f 1694//1694 1960//1960 1695//1695
f 1711//1711 1961//1961 1710//1710
f 1710//1710 1961//1961 1962//1962
f 1710//1710 1962//1962 1704//1704
f 1704//1704 1962//1962 1957//1957
f 1961//1961 1711//1711 1963//1963
f 1963//1963 1711//1711 1724//1724
f 1743//1743 1964//1964 1741//1741
f 1741//1741 1964//1964 1965//1965
f 1741//1741 1965//1965 1739//1739
f 1739//1739 1965//1965 1737//1737
f 1737//1737 1965//1965 1966//1966
f 1737//1737 1966//1966 1736//1736
f 1736//1736 1966//1966 1734//1734
f 1734//1734 1966//1966 1963//1963
f 1734//1734 1963//1963 1724//1724
f 1764//1764 1967//1967 1684//1684
f 1684//1684 1967//1967 1964//1964
f 1684//1684 1964//1964 1758//1758
f 1758//1758 1964//1964 1743//1743
f 1682//1682 1684//1684 1968//1968
f 1968//1968 1684//1684 1758//1758
f 1968//1968 1758//1758 1969//1969
f 1969//1969 1758//1758 1757//1757
f 1826//1826 1970//1970 1824//1824
f 1824//1824 1970//1970 1971//1971
f 1824//1824 1971//1971 1816//1816
f 1816//1816 1971//1971 1972//1972
f 1816//1816 1972//1972 1814//1814
f 1814//1814 1972//1972 1973//1973
f 1814//1814 1973//1973 1812//1812
f 1812//1812 1973//1973 1974//1974
f 1812//1812 1974//1974 1833//1833
f 1833//1833 1974//1974 1975//1975
f 1833//1833 1975//1975 1831//1831
f 1831//1831 1975//1975 1976//1976
f 1831//1831 1976//1976 1829//1829
f 1829//1829 1976//1976 1977//1977
f 1829//1829 1977//1977 1821//1821
f 1821//1821 1977//1977 1978//1978
f 1821//1821 1978//1978 1819//1819
f 1819//1819 1978//1978 1979//1979
f 1819//1819 1979//1979 1818//1818
f 1818//1818 1979//1979 1980//1980
f 1818//1818 1980//1980 1817//1817
f 1817//1817 1980//1980 1981//1981
f 1817//1817 1981//1981 1826//1826
f 1826//1826 1981//1981 1970//1970
f 1766//1766 1982//1982 1765//1765
f 1765//1765 1982//1982 1983//1983
f 1765//1765 1983//1983 1772//1772
f 1772//1772 1983//1983 1984//1984
f 1772//1772 1984//1984 1770//1770
f 1770//1770 1984//1984 1985//1985
f 1770//1770 1985//1985 1768//1768
f 1768//1768 1985//1985 1986//1986
f 1768//1768 1986//1986 1779//1779
f 1779//1779 1986//1986 1987//1987
f 1779//1779 1987//1987 1777//1777
f 1777//1777 1987//1987 1988//1988
f 1777//1777 1988//1988 1776//1776
f 1776//1776 1988//1988 1989//1989
f 1776//1776 1989//1989 1775//1775
f 1775//1775 1989//1989 1990//1990
f 1775//1775 1990//1990 1774//1774
f 1774//1774 1990//1990 1991//1991
f 1774//1774 1991//1991 1773//1773
f 1773//1773 1991//1991 1992//1992
f 1773//1773 1992//1992 1767//1767
f 1767//1767 1992//1992 1993//1993
f 1767//1767 1993//1993 1766//1766
f 1766//1766 1993//1993 1982//1982
f 1786//1786 1994//1994 1785//1785
f 1785//1785 1994//1994 1995//1995
f 1784//1784 1996//1996 1786//1786
f 1786//1786 1996//1996 1994//1994
f 1783//1783 1997//1997 1784//1784
f 1784//1784 1997//1997 1996//1996
f 1792//1792 1998//1998 1783//1783
f 1783//1783 1998//1998 1997//1997
f 1998//1998 1792//1792 1791//1791
f 1998//1998 1791//1791 1999//1999
f 1999//1999 1791//1791 1790//1790
f 1999//1999 1790//1790 2000//2000
f 2000//2000 1790//1790 1789//1789
f 2000//2000 1789//1789 2001//2001
f 2001//2001 1789//1789 1788//1788
f 2001//2001 1788//1788 2002//2002
f 2002//2002 1788//1788 1787//1787
f 2002//2002 1787//1787 2003//2003
f 2003//2003 1787//1787 1800//1800
f 2003//2003 1800//1800 2004//2004
f 2004//2004 1800//1800 1799//1799
f 2004//2004 1799//1799 2005//2005
f 2005//2005 1799//1799 1798//1798
f 2005//2005 1798//1798 2006//2006
f 2006//2006 1798//1798 1797//1797
f 2006//2006 1797//1797 2007//2007
f 2007//2007 1797//1797 1782//1782
f 2007//2007 1782//1782 2008//2008
f 2008//2008 1782//1782 1803//1803
f 2008//2008 1803//1803 2009//2009
f 2009//2009 1803//1803 1811//1811
f 2009//2009 1811//1811 2010//2010
f 2010//2010 1811//1811 1810//1810
f 2010//2010 1810//1810 2011//2011
f 2011//2011 1810//1810 1808//1808
f 2011//2011 1808//1808 2012//2012
f 1806//1806 2013//2013 1808//1808
f 1808//1808 2013//2013 2012//2012
f 1805//1805 2014//2014 1806//1806
f 1806//1806 2014//2014 2013//2013
f 1807//1807 2015//2015 1805//1805
f 1805//1805 2015//2015 2014//2014
f 2015//2015 1807//1807 1809//1809
f 2015//2015 1809//1809 2016//2016
f 2016//2016 1809//1809 1804//1804
f 2016//2016 1804//1804 2017//2017
f 2017//2017 1804//1804 1802//1802
f 2017//2017 1802//1802 2018//2018
f 2018//2018 1802//1802 1801//1801
f 2018//2018 1801//1801 2019//2019
f 2019//2019 1801//1801 1796//1796
f 2019//2019 1796//1796 2020//2020
f 2020//2020 1796//1796 1795//1795
f 2020//2020 1795//1795 2021//2021
f 2021//2021 1795//1795 1794//1794
f 2021//2021 1794//1794 2022//2022
f 2022//2022 1794//1794 1793//1793
f 2022//2022 1793//1793 2023//2023
f 1785//1785 1995//1995 1793//1793
f 1793//1793 1995//1995 2023//2023
f 2024//2024 1959//1959 1958//1958
f 1958//1958 2025//2025 2024//2024
f 2024//2024 2025//2025 2026//2026
f 2024//2024 2026//2026 2027//2027
f 2028//2028 2029//2029 2030//2030
f 2031//2031 2028//2028 2032//2032
f 2028//2028 2030//2030 2032//2032
f 2032//2032 2030//2030 2033//2033
f 2032//2032 2033//2033 2034//2034
f 2034//2034 2033//2033 2035//2035
f 2034//2034 2035//2035 2036//2036
f 2036//2036 2035//2035 1959//1959
f 2036//2036 1959//1959 2024//2024
f 2031//2031 2032//2032 2037//2037
f 2037//2037 2032//2032 2034//2034
f 2037//2037 2034//2034 2038//2038
f 2038//2038 2034//2034 2036//2036
f 2038//2038 2036//2036 2039//2039
f 2039//2039 2036//2036 2024//2024
f 2039//2039 2024//2024 2027//2027
f 1868//1868 1866//1866 1834//1834
f 1834//1834 1866//1866 1835//1835
f 1858//1858 2040//2040 1864//1864
f 1864//1864 2040//2040 2041//2041
f 1864//1864 2041//2041 1866//1866
f 1866//1866 2041//2041 1813//1813
f 1866//1866 1813//1813 1835//1835
f 2042//2042 2043//2043 1857//1857
f 1857//1857 2043//2043 2044//2044
f 1857//1857 2044//2044 1858//1858
f 1858//1858 2044//2044 2045//2045
f 1858//1858 2045//2045 2040//2040
f 2043//2043 2042//2042 1853//1853
f 2043//2043 1853//1853 2044//2044
f 1815//1815 1813//1813 1842//1842
f 1842//1842 1813//1813 2041//2041
f 1842//1842 2041//2041 1836//1836
f 1836//1836 2041//2041 2040//2040
f 1836//1836 2040//2040 1837//1837
f 1837//1837 2040//2040 2045//2045
f 1837//1837 2045//2045 1839//1839
f 1839//1839 2045//2045 2044//2044
f 1839//1839 2044//2044 1840//1840
f 1840//1840 2044//2044 1853//1853
f 1853//1853 2046//2046 1852//1852
f 1852//1852 2046//2046 2047//2047
f 1852//1852 2047//2047 1851//1851
f 1851//1851 2047//2047 1849//1849
f 1849//1849 2047//2047 2048//2048
f 1849//1849 2048//2048 1848//1848
f 1848//1848 2048//2048 1846//1846
f 1846//1846 2048//2048 1967//1967
f 1846//1846 1967//1967 1764//1764
f 2049//2049 2050//2050 2051//2051
f 2051//2051 2050//2050 2052//2052
f 2051//2051 2052//2052 2053//2053
f 2054//2054 2055//2055 2051//2051
f 2051//2051 2055//2055 2056//2056
f 2051//2051 2056//2056 2049//2049
f 2057//2057 2058//2058 2051//2051
f 2051//2051 2058//2058 2059//2059
f 2051//2051 2059//2059 2054//2054
f 2053//2053 2060//2060 2051//2051
f 2051//2051 2060//2060 2061//2061
f 2051//2051 2061//2061 2057//2057
f 2062//2062 2063//2063 2064//2064
f 2064//2064 2063//2063 2065//2065
f 2064//2064 2065//2065 2066//2066
f 2067//2067 2068//2068 2064//2064
f 2064//2064 2068//2068 2069//2069
f 2064//2064 2069//2069 2062//2062
f 2070//2070 2071//2071 2064//2064
f 2064//2064 2071//2071 2072//2072
f 2064//2064 2072//2072 2067//2067
f 2066//2066 2073//2073 2064//2064
f 2064//2064 2073//2073 2074//2074
f 2064//2064 2074//2074 2070//2070
f 2075//2075 2076//2076 2077//2077
f 2077//2077 2076//2076 2078//2078
f 2077//2077 2078//2078 2079//2079
f 2080//2080 2081//2081 2077//2077
f 2077//2077 2081//2081 2082//2082
f 2077//2077 2082//2082 2075//2075
f 2083//2083 2084//2084 2077//2077
f 2077//2077 2084//2084 2085//2085
f 2077//2077 2085//2085 2080//2080
f 2079//2079 2086//2086 2077//2077
f 2077//2077 2086//2086 2087//2087
f 2077//2077 2087//2087 2083//2083
f 2088//2088 2089//2089 1327//1327
f 1859//1859 2090//2090 1856//1856
f 1856//1856 2090//2090 2091//2091
f 1856//1856 2091//2091 2088//2088
f 2088//2088 1327//1327 1856//1856
f 1856//1856 1327//1327 1328//1328
f 1856//1856 1328//1328 1857//1857
f 1871//1871 1872//1872 2092//2092
f 2093//2093 2094//2094 2095//2095
f 2096//2096 2097//2097 2098//2098
f 1863//1863 1870//1870 2099//2099
f 2100//2100 2101//2101 2102//2102
f 1872//1872 1873//1873 2092//2092
f 2092//2092 1873//1873 1875//1875
f 2092//2092 1875//1875 2103//2103
f 2103//2103 1875//1875 1874//1874
f 2103//2103 1874//1874 1878//1878
f 1861//1861 1863//1863 2104//2104
f 2104//2104 1863//1863 2099//2099
f 2104//2104 2099//2099 2105//2105
f 2105//2105 2099//2099 2106//2106
f 2100//2100 2107//2107 2096//2096
f 2096//2096 2107//2107 2108//2108
f 2096//2096 2108//2108 2097//2097
f 2097//2097 2108//2108 2109//2109
f 2098//2098 2110//2110 2096//2096
f 2096//2096 2110//2110 2111//2111
f 2096//2096 2111//2111 2100//2100
f 2100//2100 2111//2111 2112//2112
f 2100//2100 2112//2112 2101//2101
f 1859//1859 1861//1861 2113//2113
f 2113//2113 1861//1861 2104//2104
f 2113//2113 2104//2104 2102//2102
f 2102//2102 2104//2104 2105//2105
f 2102//2102 2105//2105 2100//2100
f 2100//2100 2105//2105 2106//2106
f 2100//2100 2106//2106 2107//2107
f 2107//2107 2106//2106 2114//2114
f 2107//2107 2114//2114 2108//2108
f 2108//2108 2114//2114 2095//2095
f 2108//2108 2095//2095 2109//2109
f 2109//2109 2095//2095 2094//2094
f 1876//1876 2093//2093 1877//1877
f 1877//1877 2093//2093 2095//2095
f 1877//1877 2095//2095 1878//1878
f 1878//1878 2095//2095 2114//2114
f 1878//1878 2114//2114 2103//2103
f 2103//2103 2114//2114 2106//2106
f 2103//2103 2106//2106 2092//2092
f 2092//2092 2106//2106 2099//2099
f 2092//2092 2099//2099 1871//1871
f 1871//1871 2099//2099 1870//1870
f 2115//2115 2116//2116 2117//2117
f 2117//2117 2118//2118 2119//2119
f 2093//2093 1876//1876 1879//1879
f 2097//2097 2120//2120 2098//2098
f 2098//2098 2120//2120 2121//2121
f 2121//2121 2120//2120 2122//2122
f 2122//2122 2120//2120 2123//2123
f 2122//2122 2123//2123 2124//2124
f 2125//2125 2126//2126 2127//2127
f 2127//2127 2126//2126 2128//2128
f 2127//2127 2128//2128 2129//2129
f 2129//2129 2128//2128 2130//2130
f 2129//2129 2130//2130 2123//2123
f 2123//2123 2130//2130 2131//2131
f 2123//2123 2131//2131 2124//2124
f 2132//2132 2133//2133 2125//2125
f 2125//2125 2133//2133 2134//2134
f 2125//2125 2134//2134 2126//2126
f 2097//2097 2109//2109 2120//2120
f 2120//2120 2109//2109 2135//2135
f 2120//2120 2135//2135 2123//2123
f 2123//2123 2135//2135 2136//2136
f 2123//2123 2136//2136 2129//2129
f 2129//2129 2136//2136 2137//2137
f 2129//2129 2137//2137 2127//2127
f 2127//2127 2137//2137 2138//2138
f 2127//2127 2138//2138 2125//2125
f 1883//1883 2139//2139 1884//1884
f 1884//1884 2139//2139 2116//2116
f 1884//1884 2116//2116 1885//1885
f 1885//1885 2116//2116 2115//2115
f 1885//1885 2115//2115 1881//1881
f 2117//2117 2116//2116 2118//2118
f 2118//2118 2116//2116 2139//2139
f 2118//2118 2139//2139 2140//2140
f 2140//2140 2139//2139 1883//1883
f 2140//2140 1883//1883 1882//1882
f 2109//2109 2094//2094 2135//2135
f 2135//2135 2094//2094 2141//2141
f 2135//2135 2141//2141 2136//2136
f 2136//2136 2141//2141 2142//2142
f 2136//2136 2142//2142 2137//2137
f 2137//2137 2142//2142 2143//2143
f 2137//2137 2143//2143 2138//2138
f 2138//2138 2143//2143 2144//2144
f 2145//2145 2132//2132 2119//2119
f 2119//2119 2132//2132 2125//2125
f 2119//2119 2125//2125 2117//2117
f 2117//2117 2125//2125 2138//2138
f 2117//2117 2138//2138 2115//2115
f 2115//2115 2138//2138 2144//2144
f 2115//2115 2144//2144 1881//1881
f 1881//1881 2144//2144 2143//2143
f 1881//1881 2143//2143 1880//1880
f 1880//1880 2143//2143 2142//2142
f 1880//1880 2142//2142 1879//1879
f 1879//1879 2142//2142 2141//2141
f 1879//1879 2141//2141 2093//2093
f 2093//2093 2141//2141 2094//2094
f 2140//2140 1882//1882 1886//1886
f 2146//2146 2145//2145 2119//2119
f 2146//2146 2119//2119 2147//2147
f 2147//2147 2119//2119 2118//2118
f 2147//2147 2118//2118 2148//2148
f 2148//2148 2118//2118 2140//2140
f 2148//2148 2140//2140 2149//2149
f 2149//2149 2140//2140 1886//1886
f 2149//2149 1886//1886 1887//1887
f 1887//1887 1895//1895 2149//2149
f 2149//2149 1895//1895 1893//1893
f 2149//2149 1893//1893 2148//2148
f 2148//2148 1893//1893 1891//1891
f 2148//2148 1891//1891 2147//2147
f 2147//2147 1891//1891 1890//1890
f 2147//2147 1890//1890 2146//2146
f 2150//2150 2151//2151 2152//2152
f 1910//1910 1909//1909 2153//2153
f 2150//2150 2152//2152 2154//2154
f 1910//1910 2155//2155 1912//1912
f 1912//1912 2155//2155 2156//2156
f 1912//1912 2156//2156 1914//1914
f 1914//1914 2156//2156 1969//1969
f 1914//1914 1969//1969 1757//1757
f 2157//2157 1899//1899 1897//1897
f 2158//2158 1890//1890 2157//2157
f 2157//2157 1890//1890 1889//1889
f 2157//2157 1889//1889 1899//1899
f 2158//2158 2157//2157 2159//2159
f 2159//2159 2157//2157 2160//2160
f 2159//2159 2160//2160 2161//2161
f 2162//2162 2163//2163 2160//2160
f 2160//2160 2163//2163 2164//2164
f 2160//2160 2164//2164 2161//2161
f 2151//2151 2162//2162 2152//2152
f 2152//2152 2162//2162 2160//2160
f 2152//2152 2160//2160 2165//2165
f 2165//2165 2160//2160 2157//2157
f 2165//2165 2157//2157 1968//1968
f 1968//1968 2157//2157 1897//1897
f 1968//1968 1897//1897 1682//1682
f 2153//2153 2154//2154 1910//1910
f 1910//1910 2154//2154 2152//2152
f 1910//1910 2152//2152 2155//2155
f 2155//2155 2152//2152 2165//2165
f 2155//2155 2165//2165 2156//2156
f 2156//2156 2165//2165 1968//1968
f 2156//2156 1968//1968 1969//1969
f 1917//1917 2166//2166 2167//2167
f 2168//2168 2169//2169 2170//2170
f 2170//2170 2169//2169 2171//2171
f 2170//2170 2171//2171 1908//1908
f 1908//1908 2171//2171 1909//1909
f 1908//1908 1906//1906 2170//2170
f 2170//2170 1906//1906 2172//2172
f 2170//2170 2172//2172 2168//2168
f 1906//1906 1905//1905 2172//2172
f 2172//2172 1905//1905 1903//1903
f 2172//2172 1903//1903 2167//2167
f 2167//2167 1903//1903 1902//1902
f 2167//2167 1902//1902 1917//1917
f 2173//2173 2174//2174 2166//2166
f 2166//2166 2174//2174 2175//2175
f 2166//2166 2175//2175 2167//2167
f 2167//2167 2175//2175 2176//2176
f 2167//2167 2176//2176 2172//2172
f 2172//2172 2176//2176 2177//2177
f 2172//2172 2177//2177 2168//2168
f 1925//1925 2173//2173 1926//1926
f 1926//1926 2173//2173 2166//2166
f 1926//1926 2166//2166 1921//1921
f 1921//1921 2166//2166 1917//1917
f 1930//1930 1931//1931 2178//2178
f 1932//1932 1933//1933 2179//2179
f 2180//2180 2181//2181 2182//2182
f 2177//2177 2183//2183 2168//2168
f 2168//2168 2183//2183 2184//2184
f 2168//2168 2184//2184 2169//2169
f 2185//2185 2186//2186 2187//2187
f 2187//2187 2186//2186 2188//2188
f 2187//2187 2188//2188 2183//2183
f 2183//2183 2188//2188 2189//2189
f 2183//2183 2189//2189 2184//2184
f 2190//2190 2191//2191 2192//2192
f 2192//2192 2191//2191 2193//2193
f 2192//2192 2193//2193 2194//2194
f 1927//1927 1928//1928 2195//2195
f 2195//2195 1928//1928 2196//2196
f 2195//2195 2196//2196 2197//2197
f 2196//2196 2198//2198 2197//2197
f 2197//2197 2198//2198 2199//2199
f 2197//2197 2199//2199 2200//2200
f 2194//2194 2185//2185 2192//2192
f 2192//2192 2185//2185 2187//2187
f 2192//2192 2187//2187 2199//2199
f 2199//2199 2187//2187 2183//2183
f 2199//2199 2183//2183 2200//2200
f 2200//2200 2183//2183 2177//2177
f 1931//1931 1932//1932 2178//2178
f 2178//2178 1932//1932 2179//2179
f 2178//2178 2179//2179 2180//2180
f 2180//2180 2179//2179 2201//2201
f 2180//2180 2201//2201 2181//2181
f 1925//1925 1927//1927 2173//2173
f 2173//2173 1927//1927 2195//2195
f 2173//2173 2195//2195 2174//2174
f 2174//2174 2195//2195 2197//2197
f 2174//2174 2197//2197 2175//2175
f 2175//2175 2197//2197 2200//2200
f 2175//2175 2200//2200 2176//2176
f 2176//2176 2200//2200 2177//2177
f 1928//1928 1929//1929 2196//2196
f 2196//2196 1929//1929 1930//1930
f 2196//2196 1930//1930 2198//2198
f 2198//2198 1930//1930 2178//2178
f 2198//2198 2178//2178 2199//2199
f 2199//2199 2178//2178 2180//2180
f 2199//2199 2180//2180 2192//2192
f 2192//2192 2180//2180 2182//2182
f 2192//2192 2182//2182 2190//2190
f 2202//2202 2203//2203 2204//2204
f 2202//2202 2204//2204 1950//1950
f 2203//2203 2205//2205 2204//2204
f 2204//2204 2205//2205 2206//2206
f 2204//2204 2206//2206 2190//2190
f 1933//1933 1936//1936 2179//2179
f 2179//2179 1936//1936 2207//2207
f 2179//2179 2207//2207 2201//2201
f 2201//2201 2207//2207 2208//2208
f 2201//2201 2208//2208 2181//2181
f 2181//2181 2208//2208 2204//2204
f 2181//2181 2204//2204 2182//2182
f 2182//2182 2204//2204 2190//2190
f 1950//1950 2204//2204 1949//1949
f 1949//1949 2204//2204 2208//2208
f 1949//1949 2208//2208 1948//1948
f 1948//1948 2208//2208 2207//2207
f 1948//1948 2207//2207 1944//1944
f 1944//1944 2207//2207 1936//1936
f 1944//1944 1936//1936 1935//1935
f 1940//1940 2209//2209 1941//1941
f 1941//1941 2209//2209 1950//1950
f 1695//1695 1960//1960 2210//2210
f 2211//2211 2209//2209 1940//1940
f 2029//2029 2211//2211 2212//2212
f 2212//2212 2211//2211 1940//1940
f 2212//2212 1940//1940 2213//2213
f 2213//2213 1940//1940 1952//1952
f 2213//2213 1952//1952 2210//2210
f 2210//2210 1952//1952 1955//1955
f 2210//2210 1955//1955 1695//1695
f 2029//2029 2212//2212 2030//2030
f 2030//2030 2212//2212 2213//2213
f 2030//2030 2213//2213 2033//2033
f 2033//2033 2213//2213 2210//2210
f 2033//2033 2210//2210 2035//2035
f 2035//2035 2210//2210 1960//1960
f 2035//2035 1960//1960 1959//1959
f 2023//2023 1995//1995 1994//1994
f 1962//1962 1961//1961 1994//1994
f 1985//1985 1984//1984 2013//2013
f 1962//1962 1994//1994 1957//1957
f 2013//2013 1984//1984 1964//1964
f 1994//1994 2016//2016 2017//2017
f 1964//1964 1980//1980 1979//1979
f 1992//1992 1991//1991 1961//1961
f 1961//1961 1991//1991 1990//1990
f 2026//2026 2025//2025 1994//1994
f 1994//1994 2025//2025 1958//1958
f 1994//1994 1958//1958 1957//1957
f 1984//1984 1983//1983 1964//1964
f 1964//1964 1983//1983 1982//1982
f 1964//1964 1982//1982 1965//1965
f 1965//1965 1982//1982 1993//1993
f 1965//1965 1993//1993 1966//1966
f 1966//1966 1993//1993 1992//1992
f 1966//1966 1992//1992 1963//1963
f 1963//1963 1992//1992 1961//1961
f 1990//1990 1989//1989 1961//1961
f 1961//1961 1989//1989 2014//2014
f 1961//1961 2014//2014 1994//1994
f 1994//1994 2014//2014 2015//2015
f 1994//1994 2015//2015 2016//2016
f 1365//1365 1974//1974 2046//2046
f 2046//2046 1974//1974 1973//1973
f 2046//2046 1973//1973 2047//2047
f 2047//2047 1973//1973 1972//1972
f 2047//2047 1972//1972 2048//2048
f 2048//2048 1972//1972 1971//1971
f 2048//2048 1971//1971 1967//1967
f 1967//1967 1971//1971 1970//1970
f 1967//1967 1970//1970 1964//1964
f 1964//1964 1970//1970 1981//1981
f 1964//1964 1981//1981 1980//1980
f 1989//1989 1988//1988 2014//2014
f 2014//2014 1988//1988 1987//1987
f 2014//2014 1987//1987 2013//2013
f 2013//2013 1987//1987 1986//1986
f 2013//2013 1986//1986 1985//1985
f 1977//1977 1976//1976 1365//1365
f 1365//1365 1976//1976 1975//1975
f 1365//1365 1975//1975 1974//1974
f 2017//2017 2018//2018 1994//1994
f 1994//1994 2018//2018 2019//2019
f 1994//1994 2019//2019 2020//2020
f 2020//2020 2021//2021 1994//1994
f 1994//1994 2021//2021 2022//2022
f 1994//1994 2022//2022 2023//2023
f 2008//2008 2009//2009 2007//2007
f 2007//2007 2009//2009 2010//2010
f 2007//2007 2010//2010 2011//2011
f 2001//2001 1978//1978 2000//2000
f 2000//2000 1978//1978 1977//1977
f 2000//2000 1977//1977 1999//1999
f 2001//2001 2002//2002 1978//1978
f 1978//1978 2002//2002 2003//2003
f 1978//1978 2003//2003 1979//1979
f 1979//1979 2003//2003 2004//2004
f 1979//1979 2004//2004 1964//1964
f 2004//2004 2005//2005 1964//1964
f 1964//1964 2005//2005 2006//2006
f 1964//1964 2006//2006 2013//2013
f 2013//2013 2006//2006 2007//2007
f 2013//2013 2007//2007 2012//2012
f 2012//2012 2007//2007 2011//2011
f 2026//2026 1994//1994 1366//1366
f 1366//1366 1994//1994 1996//1996
f 1366//1366 1996//1996 1365//1365
f 1365//1365 1996//1996 1997//1997
f 1365//1365 1997//1997 1977//1977
f 1977//1977 1997//1997 1998//1998
f 1977//1977 1998//1998 1999//1999
f 2027//2027 2026//2026 2214//2214
f 2214//2214 2026//2026 1366//1366
f 2214//2214 1366//1366 1367//1367
f 2027//2027 2214//2214 2215//2215
f 2216//2216 2217//2217 2218//2218
f 2216//2216 2218//2218 2219//2219
f 2219//2219 2218//2218 2215//2215
f 2219//2219 2215//2215 1369//1369
f 1369//1369 2215//2215 2214//2214
f 1369//1369 2214//2214 1367//1367
f 2217//2217 2031//2031 2037//2037
f 2217//2217 2037//2037 2218//2218
f 2218//2218 2037//2037 2038//2038
f 2218//2218 2038//2038 2215//2215
f 2215//2215 2038//2038 2039//2039
f 2215//2215 2039//2039 2027//2027
f 1376//1376 1375//1375 2220//2220
f 2221//2221 2222//2222 2223//2223
f 2224//2224 2225//2225 2226//2226
f 2226//2226 2225//2225 2227//2227
f 2226//2226 2227//2227 2228//2228
f 2224//2224 2226//2226 2223//2223
f 2223//2223 2226//2226 2229//2229
f 2223//2223 2229//2229 2221//2221
f 2220//2220 2230//2230 1376//1376
f 1376//1376 2230//2230 2226//2226
f 1376//1376 2226//2226 2231//2231
f 2231//2231 2226//2226 2228//2228
f 2232//2232 2233//2233 2234//2234
f 2235//2235 2088//2088 2236//2236
f 2237//2237 2232//2232 2236//2236
f 2236//2236 2232//2232 2234//2234
f 2236//2236 2234//2234 2235//2235
f 2235//2235 2234//2234 2238//2238
f 2235//2235 2238//2238 2088//2088
f 2088//2088 2238//2238 2089//2089
f 2046//2046 1853//1853 2042//2042
f 1857//1857 1328//1328 2042//2042
f 2042//2042 1328//1328 1365//1365
f 2042//2042 1365//1365 2046//2046
f 2052//2052 2239//2239 2053//2053
f 2053//2053 2239//2239 2240//2240
f 2053//2053 2240//2240 2060//2060
f 2060//2060 2240//2240 2241//2241
f 2060//2060 2241//2241 2061//2061
f 2061//2061 2241//2241 2242//2242
f 2061//2061 2242//2242 2057//2057
f 2057//2057 2242//2242 2243//2243
f 2057//2057 2243//2243 2058//2058
f 2058//2058 2243//2243 2244//2244
f 2058//2058 2244//2244 2059//2059
f 2059//2059 2244//2244 2245//2245
f 2059//2059 2245//2245 2054//2054
f 2054//2054 2245//2245 2246//2246
f 2054//2054 2246//2246 2055//2055
f 2055//2055 2246//2246 2247//2247
f 2055//2055 2247//2247 2056//2056
f 2056//2056 2247//2247 2248//2248
f 2056//2056 2248//2248 2049//2049
f 2049//2049 2248//2248 2249//2249
f 2049//2049 2249//2249 2050//2050
f 2050//2050 2249//2249 2250//2250
f 2050//2050 2250//2250 2052//2052
f 2052//2052 2250//2250 2239//2239
f 2065//2065 2251//2251 2066//2066
f 2066//2066 2251//2251 2252//2252
f 2066//2066 2252//2252 2073//2073
f 2073//2073 2252//2252 2253//2253
f 2073//2073 2253//2253 2074//2074
f 2074//2074 2253//2253 2254//2254
f 2074//2074 2254//2254 2070//2070
f 2070//2070 2254//2254 2255//2255
f 2070//2070 2255//2255 2071//2071
f 2071//2071 2255//2255 2256//2256
f 2071//2071 2256//2256 2072//2072
f 2072//2072 2256//2256 2257//2257
f 2072//2072 2257//2257 2067//2067
f 2067//2067 2257//2257 2258//2258
f 2067//2067 2258//2258 2068//2068
f 2068//2068 2258//2258 2259//2259
f 2068//2068 2259//2259 2069//2069
f 2069//2069 2259//2259 2260//2260
f 2069//2069 2260//2260 2062//2062
f 2062//2062 2260//2260 2261//2261
f 2062//2062 2261//2261 2063//2063
f 2063//2063 2261//2261 2262//2262
f 2063//2063 2262//2262 2065//2065
f 2065//2065 2262//2262 2251//2251
f 2078//2078 2263//2263 2079//2079
f 2079//2079 2263//2263 2264//2264
f 2079//2079 2264//2264 2086//2086
f 2086//2086 2264//2264 2265//2265
f 2086//2086 2265//2265 2087//2087
f 2087//2087 2265//2265 2266//2266
f 2087//2087 2266//2266 2083//2083
f 2083//2083 2266//2266 2267//2267
f 2083//2083 2267//2267 2084//2084
f 2084//2084 2267//2267 2268//2268
f 2084//2084 2268//2268 2085//2085
f 2085//2085 2268//2268 2269//2269
f 2085//2085 2269//2269 2080//2080
f 2080//2080 2269//2269 2270//2270
f 2080//2080 2270//2270 2081//2081
f 2081//2081 2270//2270 2271//2271
f 2081//2081 2271//2271 2082//2082
f 2082//2082 2271//2271 2272//2272
f 2082//2082 2272//2272 2075//2075
f 2075//2075 2272//2272 2273//2273
f 2075//2075 2273//2273 2076//2076
f 2076//2076 2273//2273 2274//2274
f 2076//2076 2274//2274 2078//2078
f 2078//2078 2274//2274 2263//2263
f 2275//2275 2276//2276 2277//2277
f 2277//2277 2276//2276 2278//2278
f 2279//2279 2280//2280 2281//2281
f 2282//2282 2101//2101 2112//2112
f 1950//1950 2283//2283 2284//2284
f 2211//2211 2029//2029 2285//2285
f 2217//2217 2286//2286 2031//2031
f 2031//2031 2286//2286 2285//2285
f 2031//2031 2285//2285 2028//2028
f 2028//2028 2285//2285 2029//2029
f 2283//2283 1950//1950 2285//2285
f 2285//2285 1950//1950 2209//2209
f 2285//2285 2209//2209 2211//2211
f 2206//2206 2205//2205 2284//2284
f 2205//2205 2203//2203 2284//2284
f 2284//2284 2203//2203 2202//2202
f 2284//2284 2202//2202 1950//1950
f 2186//2186 2185//2185 2287//2287
f 2191//2191 2288//2288 2193//2193
f 2193//2193 2288//2288 2287//2287
f 2193//2193 2287//2287 2194//2194
f 2194//2194 2287//2287 2185//2185
f 2169//2169 2184//2184 2289//2289
f 2290//2290 2151//2151 2291//2291
f 2291//2291 2151//2151 2150//2150
f 2291//2291 2150//2150 2289//2289
f 2289//2289 2150//2150 2154//2154
f 2289//2289 2154//2154 2169//2169
f 2169//2169 2154//2154 2153//2153
f 2169//2169 2153//2153 2171//2171
f 2171//2171 2153//2153 1909//1909
f 2164//2164 2163//2163 2290//2290
f 2290//2290 2163//2163 2162//2162
f 2290//2290 2162//2162 2151//2151
f 2164//2164 2290//2290 2161//2161
f 2161//2161 2290//2290 2292//2292
f 2161//2161 2292//2292 2159//2159
f 2159//2159 2292//2292 2293//2293
f 2159//2159 2293//2293 2158//2158
f 2158//2158 2293//2293 2294//2294
f 2158//2158 2294//2294 1890//1890
f 2130//2130 2128//2128 2294//2294
f 2294//2294 2128//2128 2126//2126
f 2126//2126 2134//2134 2294//2294
f 2294//2294 2134//2134 2133//2133
f 2294//2294 2133//2133 2132//2132
f 2132//2132 2145//2145 2294//2294
f 2294//2294 2145//2145 2146//2146
f 2294//2294 2146//2146 1890//1890
f 2281//2281 2121//2121 2122//2122
f 2281//2281 2122//2122 2295//2295
f 2295//2295 2122//2122 2124//2124
f 2295//2295 2124//2124 2131//2131
f 2112//2112 2111//2111 2296//2296
f 2111//2111 2110//2110 2296//2296
f 2296//2296 2110//2110 2098//2098
f 2296//2296 2098//2098 2121//2121
f 2101//2101 2282//2282 2102//2102
f 2102//2102 2282//2282 2297//2297
f 2102//2102 2297//2297 2113//2113
f 1859//1859 2113//2113 2090//2090
f 2090//2090 2113//2113 2297//2297
f 2090//2090 2297//2297 2091//2091
f 2298//2298 2299//2299 2300//2300
f 2300//2300 2299//2299 2237//2237
f 2300//2300 2237//2237 2236//2236
f 2301//2301 2302//2302 2300//2300
f 2300//2300 2302//2302 2303//2303
f 2300//2300 2303//2303 2298//2298
f 2304//2304 2305//2305 2306//2306
f 2306//2306 2305//2305 2307//2307
f 2306//2306 2307//2307 2301//2301
f 2301//2301 2307//2307 2308//2308
f 2301//2301 2308//2308 2302//2302
f 2309//2309 2310//2310 2311//2311
f 2311//2311 2310//2310 2312//2312
f 2121//2121 2281//2281 2296//2296
f 2296//2296 2281//2281 2280//2280
f 2296//2296 2280//2280 2313//2313
f 2314//2314 2315//2315 2295//2295
f 2295//2295 2315//2315 2316//2316
f 2295//2295 2316//2316 2281//2281
f 2281//2281 2316//2316 2317//2317
f 2281//2281 2317//2317 2279//2279
f 2318//2318 2319//2319 2320//2320
f 2320//2320 2321//2321 2318//2318
f 2318//2318 2321//2321 2322//2322
f 2318//2318 2322//2322 2277//2277
f 2277//2277 2322//2322 2323//2323
f 2277//2277 2323//2323 2275//2275
f 2189//2189 2188//2188 2324//2324
f 2324//2324 2188//2188 2186//2186
f 2324//2324 2186//2186 2325//2325
f 2325//2325 2186//2186 2287//2287
f 2325//2325 2287//2287 2326//2326
f 2326//2326 2287//2287 2327//2327
f 2326//2326 2327//2327 2328//2328
f 2329//2329 2330//2330 2331//2331
f 2331//2331 2330//2330 2332//2332
f 2331//2331 2332//2332 2288//2288
f 2288//2288 2332//2332 2333//2333
f 2288//2288 2333//2333 2287//2287
f 2287//2287 2333//2333 2334//2334
f 2287//2287 2334//2334 2327//2327
f 2191//2191 2190//2190 2288//2288
f 2288//2288 2190//2190 2206//2206
f 2288//2288 2206//2206 2331//2331
f 2331//2331 2206//2206 2284//2284
f 2331//2331 2284//2284 2329//2329
f 2285//2285 2335//2335 2283//2283
f 2283//2283 2335//2335 2336//2336
f 2283//2283 2336//2336 2284//2284
f 2284//2284 2336//2336 2337//2337
f 2284//2284 2337//2337 2329//2329
f 2338//2338 2339//2339 2286//2286
f 2286//2286 2339//2339 2340//2340
f 2286//2286 2340//2340 2285//2285
f 2285//2285 2340//2340 2341//2341
f 2285//2285 2341//2341 2335//2335
f 2342//2342 2343//2343 2338//2338
f 2343//2343 2342//2342 2344//2344
f 2344//2344 2342//2342 2345//2345
f 2344//2344 2345//2345 2346//2346
f 2217//2217 2216//2216 2347//2347
f 2338//2338 2286//2286 2342//2342
f 2342//2342 2286//2286 2217//2217
f 2342//2342 2217//2217 2345//2345
f 2345//2345 2217//2217 2347//2347
f 2345//2345 2347//2347 2346//2346
f 2312//2312 2304//2304 2311//2311
f 2311//2311 2304//2304 2306//2306
f 2311//2311 2306//2306 2348//2348
f 2348//2348 2306//2306 2301//2301
f 2348//2348 2301//2301 2349//2349
f 2349//2349 2301//2301 2300//2300
f 2349//2349 2300//2300 2350//2350
f 2350//2350 2300//2300 2236//2236
f 2131//2131 2130//2130 2295//2295
f 2295//2295 2130//2130 2294//2294
f 2295//2295 2294//2294 2314//2314
f 2314//2314 2294//2294 2293//2293
f 2314//2314 2293//2293 2278//2278
f 2278//2278 2293//2293 2292//2292
f 2278//2278 2292//2292 2277//2277
f 2277//2277 2292//2292 2290//2290
f 2277//2277 2290//2290 2318//2318
f 2318//2318 2290//2290 2291//2291
f 2318//2318 2291//2291 2319//2319
f 2328//2328 2320//2320 2326//2326
f 2326//2326 2320//2320 2319//2319
f 2326//2326 2319//2319 2325//2325
f 2325//2325 2319//2319 2291//2291
f 2325//2325 2291//2291 2324//2324
f 2324//2324 2291//2291 2289//2289
f 2324//2324 2289//2289 2189//2189
f 2189//2189 2289//2289 2184//2184
f 2313//2313 2309//2309 2296//2296
f 2296//2296 2309//2309 2311//2311
f 2296//2296 2311//2311 2112//2112
f 2112//2112 2311//2311 2348//2348
f 2112//2112 2348//2348 2282//2282
f 2282//2282 2348//2348 2349//2349
f 2282//2282 2349//2349 2297//2297
f 2297//2297 2349//2349 2350//2350
f 2297//2297 2350//2350 2091//2091
f 2091//2091 2350//2350 2236//2236
f 2091//2091 2236//2236 2088//2088
f 2233//2233 2232//2232 2351//2351
f 2233//2233 2351//2351 2352//2352
f 2352//2352 2351//2351 2353//2353
f 2352//2352 2353//2353 1463//1463
f 2354//2354 2355//2355 2356//2356
f 2357//2357 2358//2358 2359//2359
f 2360//2360 2361//2361 2362//2362
f 2224//2224 2223//2223 2363//2363
f 2363//2363 2223//2223 2364//2364
f 2363//2363 2364//2364 2365//2365
f 2365//2365 2364//2364 2366//2366
f 2365//2365 2366//2366 2367//2367
f 2367//2367 2366//2366 2368//2368
f 2367//2367 2368//2368 2369//2369
f 2369//2369 2368//2368 2370//2370
f 2369//2369 2370//2370 2371//2371
f 2222//2222 2221//2221 2372//2372
f 2372//2372 2221//2221 2373//2373
f 2372//2372 2373//2373 2374//2374
f 2374//2374 2373//2373 2375//2375
f 2374//2374 2375//2375 2376//2376
f 2376//2376 2375//2375 2377//2377
f 2376//2376 2377//2377 2378//2378
f 2378//2378 2377//2377 2379//2379
f 2221//2221 2229//2229 2373//2373
f 2373//2373 2229//2229 2380//2380
f 2373//2373 2380//2380 2375//2375
f 2375//2375 2380//2380 2381//2381
f 2375//2375 2381//2381 2377//2377
f 2377//2377 2381//2381 2382//2382
f 2377//2377 2382//2382 2379//2379
f 2379//2379 2382//2382 2383//2383
f 1376//1376 2231//2231 1458//1458
f 1458//1458 2231//2231 2384//2384
f 1458//1458 2384//2384 1459//1459
f 1459//1459 2384//2384 2385//2385
f 1459//1459 2385//2385 1460//1460
f 1460//1460 2385//2385 2386//2386
f 1460//1460 2386//2386 1461//1461
f 1461//1461 2386//2386 2387//2387
f 1461//1461 2387//2387 1462//1462
f 1462//1462 2387//2387 2388//2388
f 2231//2231 2228//2228 2384//2384
f 2384//2384 2228//2228 2389//2389
f 2384//2384 2389//2389 2385//2385
f 2385//2385 2389//2389 2390//2390
f 2385//2385 2390//2390 2386//2386
f 2386//2386 2390//2390 2391//2391
f 2386//2386 2391//2391 2387//2387
f 2387//2387 2391//2391 2362//2362
f 2387//2387 2362//2362 2388//2388
f 2388//2388 2362//2362 2361//2361
f 2358//2358 2360//2360 2359//2359
f 2359//2359 2360//2360 2362//2362
f 2359//2359 2362//2362 2392//2392
f 2392//2392 2362//2362 2391//2391
f 2392//2392 2391//2391 2393//2393
f 2393//2393 2391//2391 2390//2390
f 2393//2393 2390//2390 2394//2394
f 2394//2394 2390//2390 2389//2389
f 2394//2394 2389//2389 2227//2227
f 2227//2227 2389//2389 2228//2228
f 2395//2395 2357//2357 2396//2396
f 2396//2396 2357//2357 2359//2359
f 2396//2396 2359//2359 2397//2397
f 2397//2397 2359//2359 2392//2392
f 2397//2397 2392//2392 2398//2398
f 2398//2398 2392//2392 2393//2393
f 2398//2398 2393//2393 2399//2399
f 2399//2399 2393//2393 2394//2394
f 2399//2399 2394//2394 2225//2225
f 2225//2225 2394//2394 2227//2227
f 2225//2225 2224//2224 2399//2399
f 2399//2399 2224//2224 2363//2363
f 2399//2399 2363//2363 2398//2398
f 2398//2398 2363//2363 2365//2365
f 2398//2398 2365//2365 2397//2397
f 2397//2397 2365//2365 2367//2367
f 2397//2397 2367//2367 2396//2396
f 2396//2396 2367//2367 2369//2369
f 2396//2396 2369//2369 2395//2395
f 2395//2395 2369//2369 2371//2371
f 2400//2400 2401//2401 2370//2370
f 2370//2370 2401//2401 2402//2402
f 2370//2370 2402//2402 2371//2371
f 2403//2403 2404//2404 2383//2383
f 2383//2383 2404//2404 2405//2405
f 2383//2383 2405//2405 2379//2379
f 2379//2379 2405//2405 2400//2400
f 2379//2379 2400//2400 2378//2378
f 2378//2378 2400//2400 2370//2370
f 2378//2378 2370//2370 2376//2376
f 2376//2376 2370//2370 2368//2368
f 2376//2376 2368//2368 2374//2374
f 2374//2374 2368//2368 2366//2366
f 2374//2374 2366//2366 2372//2372
f 2372//2372 2366//2366 2364//2364
f 2372//2372 2364//2364 2222//2222
f 2222//2222 2364//2364 2223//2223
f 2355//2355 2403//2403 2356//2356
f 2356//2356 2403//2403 2383//2383
f 2356//2356 2383//2383 2406//2406
f 2406//2406 2383//2383 2382//2382
f 2406//2406 2382//2382 2407//2407
f 2407//2407 2382//2382 2381//2381
f 2407//2407 2381//2381 2408//2408
f 2408//2408 2381//2381 2380//2380
f 2408//2408 2380//2380 2226//2226
f 2226//2226 2380//2380 2229//2229
f 2409//2409 2354//2354 2410//2410
f 2410//2410 2354//2354 2356//2356
f 2410//2410 2356//2356 2411//2411
f 2411//2411 2356//2356 2406//2406
f 2411//2411 2406//2406 2412//2412
f 2412//2412 2406//2406 2407//2407
f 2412//2412 2407//2407 2413//2413
f 2413//2413 2407//2407 2408//2408
f 2413//2413 2408//2408 2230//2230
f 2230//2230 2408//2408 2226//2226
f 2230//2230 2220//2220 2413//2413
f 2413//2413 2220//2220 2414//2414
f 2413//2413 2414//2414 2412//2412
f 2412//2412 2414//2414 2415//2415
f 2412//2412 2415//2415 2411//2411
f 2411//2411 2415//2415 2416//2416
f 2411//2411 2416//2416 2410//2410
f 2410//2410 2416//2416 2417//2417
f 2410//2410 2417//2417 2409//2409
f 2409//2409 2417//2417 2418//2418
f 2220//2220 1375//1375 2414//2414
f 2414//2414 1375//1375 1403//1403
f 2414//2414 1403//1403 2415//2415
f 2415//2415 1403//1403 1405//1405
f 2415//2415 1405//1405 2416//2416
f 2416//2416 1405//1405 1407//1407
f 2416//2416 1407//1407 2417//2417
f 2417//2417 1407//1407 1409//1409
f 2417//2417 1409//1409 2418//2418
f 2418//2418 1409//1409 1411//1411
f 2419//2419 2420//2420 2274//2274
f 2251//2251 2272//2272 2252//2252
f 2252//2252 2272//2272 2253//2253
f 2419//2419 2274//2274 2421//2421
f 2260//2260 2241//2241 2240//2240
f 1463//1463 2265//2265 2352//2352
f 2352//2352 2265//2265 2264//2264
f 2352//2352 2264//2264 2233//2233
f 2422//2422 2423//2423 1366//1366
f 2273//2273 2272//2272 2424//2424
f 2424//2424 2272//2272 2251//2251
f 2424//2424 2251//2251 1488//1488
f 1488//1488 2251//2251 2262//2262
f 2241//2241 2260//2260 2242//2242
f 2242//2242 2260//2260 2259//2259
f 2242//2242 2259//2259 2258//2258
f 2420//2420 2422//2422 2274//2274
f 2274//2274 2422//2422 1366//1366
f 2274//2274 1366//1366 2263//2263
f 2263//2263 1366//1366 1365//1365
f 2263//2263 1365//1365 2264//2264
f 2262//2262 2261//2261 1488//1488
f 1488//1488 2261//2261 2260//2260
f 1488//1488 2260//2260 2239//2239
f 2239//2239 2260//2260 2240//2240
f 2239//2239 2250//2250 1488//1488
f 1488//1488 2250//2250 2249//2249
f 1488//1488 2249//2249 1462//1462
f 1411//1411 2257//2257 2256//2256
f 1328//1328 1327//1327 2089//2089
f 2273//2273 2424//2424 2274//2274
f 2274//2274 2424//2424 2425//2425
f 2274//2274 2425//2425 2421//2421
f 1403//1403 1375//1375 2245//2245
f 2245//2245 1375//1375 1376//1376
f 2245//2245 1376//1376 2246//2246
f 2246//2246 1376//1376 1458//1458
f 2246//2246 1458//1458 1459//1459
f 2253//2253 2272//2272 2254//2254
f 2254//2254 2272//2272 2271//2271
f 2254//2254 2271//2271 2270//2270
f 2269//2269 2268//2268 1411//1411
f 1411//1411 2268//2268 2267//2267
f 1411//1411 2267//2267 1463//1463
f 1463//1463 2267//2267 2266//2266
f 1463//1463 2266//2266 2265//2265
f 1328//1328 2089//2089 1365//1365
f 1365//1365 2089//2089 2238//2238
f 1365//1365 2238//2238 2264//2264
f 2264//2264 2238//2238 2234//2234
f 2264//2264 2234//2234 2233//2233
f 2249//2249 2248//2248 1462//1462
f 1462//1462 2248//2248 2247//2247
f 1462//1462 2247//2247 1461//1461
f 1461//1461 2247//2247 2246//2246
f 1461//1461 2246//2246 1460//1460
f 1460//1460 2246//2246 1459//1459
f 2258//2258 2257//2257 2242//2242
f 2242//2242 2257//2257 1411//1411
f 2242//2242 1411//1411 2243//2243
f 2243//2243 1411//1411 2244//2244
f 2219//2219 1369//1369 2216//2216
f 2216//2216 1369//1369 1367//1367
f 2216//2216 1367//1367 2347//2347
f 2347//2347 1367//1367 1366//1366
f 2347//2347 1366//1366 2346//2346
f 2346//2346 1366//1366 2423//2423
f 1411//1411 1409//1409 2244//2244
f 2244//2244 1409//1409 1407//1407
f 2244//2244 1407//1407 2245//2245
f 2245//2245 1407//1407 1405//1405
f 2245//2245 1405//1405 1403//1403
f 2256//2256 2255//2255 1411//1411
f 1411//1411 2255//2255 2254//2254
f 1411//1411 2254//2254 2269//2269
f 2269//2269 2254//2254 2270//2270
f 2426//2426 2427//2427 2428//2428
f 2280//2280 2279//2279 2429//2429
f 2419//2419 2421//2421 2430//2430
f 2430//2430 2421//2421 2425//2425
f 2430//2430 2425//2425 2424//2424
f 2431//2431 2338//2338 2343//2343
f 2432//2432 2340//2340 2431//2431
f 2431//2431 2340//2340 2339//2339
f 2431//2431 2339//2339 2338//2338
f 2329//2329 2337//2337 2433//2433
f 2337//2337 2336//2336 2433//2433
f 2433//2433 2336//2336 2335//2335
f 2433//2433 2335//2335 2432//2432
f 2432//2432 2335//2335 2341//2341
f 2432//2432 2341//2341 2340//2340
f 2434//2434 2327//2327 2435//2435
f 2435//2435 2327//2327 2334//2334
f 2334//2334 2333//2333 2435//2435
f 2435//2435 2333//2333 2332//2332
f 2435//2435 2332//2332 2433//2433
f 2433//2433 2332//2332 2330//2330
f 2433//2433 2330//2330 2329//2329
f 2436//2436 2320//2320 2437//2437
f 2437//2437 2320//2320 2328//2328
f 2275//2275 2323//2323 2438//2438
f 2438//2438 2323//2323 2322//2322
f 2438//2438 2322//2322 2436//2436
f 2436//2436 2322//2322 2321//2321
f 2436//2436 2321//2321 2320//2320
f 2439//2439 2314//2314 2440//2440
f 2440//2440 2314//2314 2278//2278
f 2440//2440 2278//2278 2441//2441
f 2441//2441 2278//2278 2276//2276
f 2441//2441 2276//2276 2442//2442
f 2279//2279 2317//2317 2429//2429
f 2429//2429 2317//2317 2316//2316
f 2429//2429 2316//2316 2439//2439
f 2439//2439 2316//2316 2315//2315
f 2439//2439 2315//2315 2314//2314
f 2304//2304 2312//2312 2443//2443
f 2304//2304 2443//2443 2305//2305
f 2312//2312 2310//2310 2443//2443
f 2443//2443 2310//2310 2309//2309
f 2443//2443 2309//2309 2313//2313
f 2308//2308 2307//2307 2444//2444
f 2445//2445 2298//2298 2446//2446
f 2446//2446 2298//2298 2303//2303
f 2446//2446 2303//2303 2444//2444
f 2444//2444 2303//2303 2302//2302
f 2444//2444 2302//2302 2308//2308
f 2232//2232 2237//2237 2445//2445
f 2445//2445 2237//2237 2299//2299
f 2445//2445 2299//2299 2298//2298
f 2447//2447 2448//2448 2449//2449
f 2449//2449 2450//2450 2447//2447
f 2447//2447 2450//2450 2451//2451
f 2447//2447 2451//2451 2452//2452
f 2452//2452 2451//2451 2453//2453
f 2452//2452 2453//2453 2426//2426
f 2453//2453 2454//2454 2426//2426
f 2426//2426 2454//2454 2455//2455
f 2426//2426 2455//2455 2427//2427
f 2427//2427 2455//2455 2456//2456
f 2427//2427 2456//2456 2457//2457
f 2456//2456 2458//2458 2457//2457
f 2457//2457 2458//2458 2459//2459
f 2457//2457 2459//2459 2460//2460
f 2460//2460 2459//2459 2461//2461
f 2460//2460 2461//2461 2462//2462
f 2462//2462 2461//2461 2463//2463
f 2462//2462 2463//2463 2464//2464
f 2428//2428 2427//2427 2465//2465
f 2465//2465 2427//2427 2457//2457
f 2465//2465 2457//2457 2466//2466
f 2466//2466 2457//2457 2460//2460
f 2466//2466 2460//2460 2467//2467
f 2467//2467 2460//2460 2462//2462
f 2467//2467 2462//2462 2351//2351
f 2351//2351 2462//2462 2464//2464
f 2351//2351 2464//2464 2353//2353
f 2468//2468 2443//2443 2429//2429
f 2429//2429 2443//2443 2313//2313
f 2429//2429 2313//2313 2280//2280
f 2351//2351 2232//2232 2467//2467
f 2467//2467 2232//2232 2445//2445
f 2467//2467 2445//2445 2466//2466
f 2466//2466 2445//2445 2446//2446
f 2466//2466 2446//2446 2465//2465
f 2465//2465 2446//2446 2444//2444
f 2465//2465 2444//2444 2428//2428
f 2469//2469 2470//2470 2471//2471
f 2471//2471 2470//2470 2472//2472
f 2471//2471 2472//2472 2473//2473
f 2473//2473 2472//2472 2474//2474
f 2473//2473 2474//2474 2475//2475
f 2475//2475 2474//2474 2476//2476
f 2475//2475 2476//2476 2477//2477
f 2477//2477 2476//2476 2478//2478
f 2477//2477 2478//2478 2479//2479
f 2479//2479 2478//2478 2480//2480
f 2479//2479 2480//2480 2481//2481
f 2481//2481 2480//2480 2482//2482
f 2481//2481 2482//2482 2483//2483
f 2477//2477 2484//2484 2475//2475
f 2475//2475 2484//2484 2485//2485
f 2475//2475 2485//2485 2473//2473
f 2473//2473 2485//2485 2486//2486
f 2473//2473 2486//2486 2471//2471
f 2471//2471 2486//2486 2487//2487
f 2471//2471 2487//2487 2469//2469
f 2469//2469 2487//2487 2488//2488
f 2431//2431 2488//2488 2432//2432
f 2432//2432 2488//2488 2487//2487
f 2432//2432 2487//2487 2433//2433
f 2433//2433 2487//2487 2486//2486
f 2433//2433 2486//2486 2435//2435
f 2435//2435 2486//2486 2485//2485
f 2435//2435 2485//2485 2434//2434
f 2434//2434 2485//2485 2484//2484
f 2276//2276 2275//2275 2442//2442
f 2442//2442 2275//2275 2438//2438
f 2442//2442 2438//2438 2489//2489
f 2489//2489 2438//2438 2436//2436
f 2489//2489 2436//2436 2490//2490
f 2490//2490 2436//2436 2437//2437
f 2468//2468 2429//2429 2491//2491
f 2491//2491 2429//2429 2439//2439
f 2491//2491 2439//2439 2492//2492
f 2492//2492 2439//2439 2440//2440
f 2492//2492 2440//2440 2483//2483
f 2483//2483 2440//2440 2441//2441
f 2483//2483 2441//2441 2481//2481
f 2481//2481 2441//2441 2442//2442
f 2481//2481 2442//2442 2479//2479
f 2479//2479 2442//2442 2489//2489
f 2479//2479 2489//2489 2477//2477
f 2477//2477 2489//2489 2490//2490
f 2477//2477 2490//2490 2484//2484
f 2484//2484 2490//2490 2437//2437
f 2484//2484 2437//2437 2434//2434
f 2434//2434 2437//2437 2328//2328
f 2434//2434 2328//2328 2327//2327
f 2493//2493 2494//2494 2495//2495
f 2494//2494 2496//2496 2495//2495
f 2495//2495 2496//2496 2497//2497
f 2495//2495 2497//2497 2498//2498
f 2495//2495 2499//2499 2493//2493
f 2493//2493 2499//2499 2430//2430
f 2493//2493 2430//2430 2500//2500
f 2500//2500 2430//2430 2424//2424
f 2500//2500 2424//2424 1488//1488
f 2497//2497 2501//2501 2498//2498
f 2498//2498 2501//2501 2502//2502
f 2498//2498 2502//2502 2503//2503
f 2503//2503 2502//2502 2504//2504
f 2503//2503 2504//2504 2505//2505
f 2505//2505 2506//2506 2503//2503
f 2503//2503 2506//2506 2507//2507
f 2503//2503 2507//2507 2498//2498
f 2498//2498 2507//2507 2508//2508
f 2498//2498 2508//2508 2495//2495
f 2495//2495 2508//2508 2509//2509
f 2495//2495 2509//2509 2499//2499
f 2499//2499 2509//2509 2510//2510
f 2499//2499 2510//2510 2430//2430
f 2430//2430 2510//2510 2511//2511
f 2430//2430 2511//2511 2419//2419
f 2419//2419 2511//2511 2512//2512
f 2419//2419 2512//2512 2420//2420
f 2420//2420 2512//2512 2513//2513
f 2420//2420 2513//2513 2422//2422
f 2422//2422 2513//2513 2514//2514
f 2422//2422 2514//2514 2423//2423
f 2423//2423 2514//2514 2344//2344
f 2423//2423 2344//2344 2346//2346
f 2505//2505 2515//2515 2506//2506
f 2506//2506 2515//2515 2516//2516
f 2506//2506 2516//2516 2507//2507
f 2507//2507 2516//2516 2517//2517
f 2507//2507 2517//2517 2508//2508
f 2508//2508 2517//2517 2518//2518
f 2508//2508 2518//2518 2509//2509
f 2509//2509 2518//2518 2519//2519
f 2509//2509 2519//2519 2510//2510
f 2510//2510 2519//2519 2520//2520
f 2510//2510 2520//2520 2511//2511
f 2504//2504 2521//2521 2505//2505
f 2505//2505 2521//2521 2522//2522
f 2505//2505 2522//2522 2515//2515
f 2515//2515 2522//2522 2523//2523
f 2515//2515 2523//2523 2448//2448
f 2448//2448 2523//2523 2524//2524
f 2448//2448 2524//2524 2449//2449
f 2307//2307 2305//2305 2444//2444
f 2444//2444 2305//2305 2443//2443
f 2444//2444 2443//2443 2428//2428
f 2428//2428 2443//2443 2468//2468
f 2428//2428 2468//2468 2426//2426
f 2426//2426 2468//2468 2491//2491
f 2426//2426 2491//2491 2452//2452
f 2452//2452 2491//2491 2492//2492
f 2452//2452 2492//2492 2447//2447
f 2447//2447 2492//2492 2483//2483
f 2447//2447 2483//2483 2448//2448
f 2448//2448 2483//2483 2482//2482
f 2448//2448 2482//2482 2515//2515
f 2515//2515 2482//2482 2480//2480
f 2515//2515 2480//2480 2516//2516
f 2516//2516 2480//2480 2478//2478
f 2516//2516 2478//2478 2517//2517
f 2517//2517 2478//2478 2476//2476
f 2517//2517 2476//2476 2518//2518
f 2518//2518 2476//2476 2474//2474
f 2518//2518 2474//2474 2519//2519
f 2519//2519 2474//2474 2472//2472
f 2519//2519 2472//2472 2520//2520
f 2520//2520 2472//2472 2470//2470
f 2520//2520 2470//2470 2511//2511
f 2511//2511 2470//2470 2469//2469
f 2511//2511 2469//2469 2512//2512
f 2512//2512 2469//2469 2488//2488
f 2512//2512 2488//2488 2513//2513
f 2513//2513 2488//2488 2431//2431
f 2513//2513 2431//2431 2514//2514
f 2514//2514 2431//2431 2343//2343
f 2514//2514 2343//2343 2344//2344
f 2464//2464 2418//2418 2353//2353
f 2353//2353 2418//2418 1411//1411
f 2353//2353 1411//1411 1463//1463
f 1488//1488 1462//1462 2500//2500
f 2500//2500 1462//1462 2388//2388
f 2500//2500 2388//2388 2493//2493
f 2493//2493 2388//2388 2361//2361
f 2501//2501 2360//2360 2358//2358
f 2501//2501 2358//2358 2502//2502
f 2501//2501 2497//2497 2360//2360
f 2360//2360 2497//2497 2496//2496
f 2360//2360 2496//2496 2361//2361
f 2361//2361 2496//2496 2494//2494
f 2361//2361 2494//2494 2493//2493
f 2358//2358 2357//2357 2502//2502
f 2502//2502 2357//2357 2395//2395
f 2502//2502 2395//2395 2504//2504
f 2504//2504 2395//2395 2371//2371
f 2504//2504 2371//2371 2521//2521
f 2402//2402 2523//2523 2371//2371
f 2371//2371 2523//2523 2522//2522
f 2371//2371 2522//2522 2521//2521
f 2354//2354 2456//2456 2355//2355
f 2355//2355 2456//2456 2455//2455
f 2355//2355 2455//2455 2403//2403
f 2403//2403 2455//2455 2454//2454
f 2403//2403 2454//2454 2404//2404
f 2404//2404 2454//2454 2453//2453
f 2404//2404 2453//2453 2405//2405
f 2405//2405 2453//2453 2451//2451
f 2405//2405 2451//2451 2400//2400
f 2400//2400 2451//2451 2450//2450
f 2400//2400 2450//2450 2401//2401
f 2401//2401 2450//2450 2449//2449
f 2401//2401 2449//2449 2402//2402
f 2402//2402 2449//2449 2524//2524
f 2402//2402 2524//2524 2523//2523
f 2464//2464 2463//2463 2418//2418
f 2418//2418 2463//2463 2461//2461
f 2418//2418 2461//2461 2409//2409
f 2409//2409 2461//2461 2459//2459
f 2409//2409 2459//2459 2354//2354
f 2354//2354 2459//2459 2458//2458
f 2354//2354 2458//2458 2456//2456
# 5108 faces, 0 coords texture

# End of File
