####
#
# OBJ File Generated by Meshlab
#
####
# Object handle_left.obj
#
# Vertices: 2366
# Faces: 4772
#
####
v 0.038346 -0.023938 -0.033464
v 0.038266 -0.023964 -0.032387
v 0.038000 -0.024000 -0.033464
v 0.038005 -0.024000 -0.032204
v 0.038000 -0.024000 -0.032200
v 0.038707 -0.023707 -0.033464
v 0.038938 -0.023346 -0.033464
v 0.038938 -0.023346 -0.032700
v 0.039000 -0.023000 -0.033464
v 0.039000 -0.023000 -0.032700
v 0.038866 -0.023500 -0.032700
v 0.038714 -0.023701 -0.032658
v 0.038493 -0.023870 -0.032536
v 0.043000 -0.023500 -0.032700
v 0.043000 -0.023673 -0.032669
v 0.043000 -0.023854 -0.032554
v 0.043000 -0.023969 -0.032373
v 0.043000 -0.024000 -0.032200
v 0.008995 -0.024000 -0.032204
v 0.009000 -0.024000 -0.032200
v 0.004000 -0.024000 -0.032200
v 0.008734 -0.023964 -0.032387
v 0.004000 -0.023969 -0.032373
v 0.004000 -0.023854 -0.032554
v 0.008507 -0.023870 -0.032536
v 0.004000 -0.023673 -0.032669
v 0.008286 -0.023701 -0.032658
v 0.004000 -0.023500 -0.032700
v 0.008134 -0.023500 -0.032700
v 0.008000 -0.023000 -0.032700
v 0.008000 -0.023000 -0.037616
v 0.008062 -0.023346 -0.037616
v 0.009000 -0.024000 -0.037616
v 0.008654 -0.023938 -0.037616
v 0.008293 -0.023707 -0.037616
v 0.008062 -0.023346 -0.032700
v 0.001067 -0.021000 -0.032450
v 0.001146 -0.021000 -0.032554
v 0.001323 -0.021988 -0.032554
v 0.001250 -0.021000 -0.032633
v 0.001327 -0.021000 -0.032669
v 0.001492 -0.021925 -0.032669
v 0.001402 -0.022500 -0.032200
v 0.001185 -0.022038 -0.032200
v 0.001214 -0.022028 -0.032373
v 0.001000 -0.021000 -0.032200
v 0.001031 -0.021000 -0.032373
v 0.001879 -0.023121 -0.032200
v 0.001901 -0.023099 -0.032373
v 0.002500 -0.023598 -0.032200
v 0.002972 -0.023786 -0.032373
v 0.002962 -0.023815 -0.032200
v 0.003135 -0.023345 -0.032700
v 0.003075 -0.023508 -0.032669
v 0.002110 -0.022890 -0.032669
v 0.002232 -0.022768 -0.032700
v 0.001655 -0.021865 -0.032700
v 0.001500 -0.021000 -0.032700
v 0.003012 -0.023677 -0.032554
v 0.001982 -0.023018 -0.032554
v 0.001500 -0.019243 -0.032700
v 0.001327 -0.019243 -0.032669
v 0.001250 -0.019243 -0.032633
v 0.001146 -0.019243 -0.032554
v 0.001067 -0.019243 -0.032450
v 0.001031 -0.019243 -0.032373
v 0.001000 -0.019243 -0.032200
v 0.000772 -0.018095 -0.032200
v 0.000800 -0.018083 -0.032373
v 0.000907 -0.018039 -0.032554
v 0.001074 -0.017969 -0.032669
v 0.001234 -0.017903 -0.032700
v 0.000687 -0.017000 -0.032700
v 0.000414 -0.017000 -0.032656
v 0.000255 -0.016987 -0.032592
v 0.000225 -0.017018 -0.032554
v 0.000143 -0.017099 -0.032373
v 0.000121 -0.017121 -0.032200
v 0.000032 -0.016924 -0.037987
v 0.000414 -0.017000 -0.037987
v -0.000055 -0.016883 -0.032405
v -0.000293 -0.016707 -0.037987
v -0.000289 -0.016711 -0.032204
v -0.000293 -0.016707 -0.032200
v 0.027000 -0.015199 -0.028900
v 0.027000 -0.013876 -0.028900
v 0.018180 -0.015199 -0.028900
v 0.017000 -0.013876 -0.028900
v 0.018180 -0.020124 -0.028900
v 0.017000 -0.020124 -0.028900
v 0.005812 -0.021407 -0.032700
v 0.005000 -0.021625 -0.032700
v 0.004187 -0.021407 -0.032700
v 0.006407 -0.019188 -0.032700
v 0.007815 -0.018962 -0.032700
v 0.006625 -0.020000 -0.032700
v 0.008000 -0.020000 -0.032700
v 0.006407 -0.020813 -0.032700
v 0.003593 -0.020813 -0.032700
v 0.003375 -0.020000 -0.032700
v 0.003593 -0.019188 -0.032700
v 0.004187 -0.018593 -0.032700
v 0.005000 -0.018375 -0.032700
v 0.005000 -0.017000 -0.032700
v 0.005812 -0.018593 -0.032700
v 0.006038 -0.017185 -0.032700
v 0.007121 -0.017879 -0.032700
v 0.000443 -0.016804 -0.039321
v 0.000085 -0.016655 -0.039159
v 0.000359 -0.016700 -0.039405
v 0.000287 -0.016577 -0.039478
v -0.000147 -0.016786 -0.038410
v -0.000065 -0.016725 -0.038802
v 0.000034 -0.016903 -0.038359
v 0.000115 -0.016875 -0.038707
v 0.000323 -0.016968 -0.038598
v 0.000188 -0.016293 -0.039577
v -0.000037 -0.016415 -0.039252
v -0.000207 -0.016530 -0.038876
v 0.000546 -0.017000 -0.038481
v 0.000642 -0.016950 -0.039120
v 0.000862 -0.017000 -0.038899
v 0.001070 -0.017000 -0.039082
v 0.001301 -0.017000 -0.039235
v 0.003150 -0.017000 -0.040290
v 0.005000 -0.017000 -0.041343
v 0.000674 -0.016758 -0.039598
v 0.000971 -0.016745 -0.039813
v 0.001113 -0.016923 -0.039565
v 0.000903 -0.016596 -0.039933
v 0.000825 -0.016276 -0.040069
v 0.000845 -0.016390 -0.040034
v 0.000538 -0.016485 -0.039775
v 0.000469 -0.016151 -0.039866
v 0.000805 -0.016010 -0.040104
v 0.001127 -0.016934 -0.039540
v 0.008000 -0.020000 -0.043070
v 0.007989 -0.019753 -0.043201
v 0.007871 -0.019130 -0.043314
v 0.007467 -0.018294 -0.043102
v 0.007110 -0.017868 -0.042873
v 0.006563 -0.017440 -0.042497
v 0.006082 -0.017203 -0.042151
v 0.008000 -0.021578 -0.041028
v 0.008000 -0.021587 -0.041012
v 0.008000 -0.020655 -0.042506
v 0.008000 -0.021004 -0.042000
v 0.008000 -0.021747 -0.040707
v 0.008000 -0.022379 -0.039356
v 0.008000 -0.022812 -0.038293
v 0.008000 -0.022935 -0.037972
v 0.008081 -0.023299 -0.038109
v 0.008303 -0.023606 -0.038225
v 0.008637 -0.023806 -0.038300
v 0.009028 -0.023871 -0.038325
v 0.039000 -0.020837 -0.039816
v 0.039000 -0.020000 -0.041781
v 0.039000 -0.020000 -0.032700
v 0.039000 -0.022953 -0.033769
v 0.039000 -0.021590 -0.037818
v 0.038924 -0.023312 -0.033883
v 0.038715 -0.023618 -0.033981
v 0.038399 -0.023826 -0.034047
v 0.038023 -0.023906 -0.034072
v 0.042000 -0.017000 -0.038027
v 0.042000 -0.017000 -0.032700
v 0.041540 -0.017035 -0.038996
v 0.040962 -0.017185 -0.032700
v 0.039879 -0.017879 -0.032700
v 0.040140 -0.017646 -0.041747
v 0.041050 -0.017154 -0.040005
v 0.039185 -0.018962 -0.032700
v 0.039224 -0.018862 -0.043054
v 0.039275 -0.018746 -0.043020
v 0.039380 -0.018538 -0.042909
v 0.039680 -0.018098 -0.042505
v 0.039973 -0.017789 -0.042037
v 0.039139 -0.019096 -0.043024
v 0.039059 -0.019407 -0.042799
v 0.043428 -0.017000 -0.035744
v 0.044850 -0.017000 -0.033457
v 0.044961 -0.017000 -0.033204
v 0.045000 -0.017000 -0.032930
v 0.045000 -0.017000 -0.032700
v 0.044500 -0.023598 -0.032200
v 0.044038 -0.023815 -0.032200
v 0.044028 -0.023786 -0.032373
v 0.045121 -0.023121 -0.032200
v 0.045099 -0.023099 -0.032373
v 0.045598 -0.022500 -0.032200
v 0.045786 -0.022028 -0.032373
v 0.045815 -0.022038 -0.032200
v 0.045969 -0.021000 -0.032373
v 0.046000 -0.021000 -0.032200
v 0.045345 -0.021865 -0.032700
v 0.045500 -0.021000 -0.032700
v 0.045673 -0.021000 -0.032669
v 0.045508 -0.021925 -0.032669
v 0.044890 -0.022890 -0.032669
v 0.044768 -0.022768 -0.032700
v 0.043925 -0.023508 -0.032669
v 0.043865 -0.023345 -0.032700
v 0.045854 -0.021000 -0.032554
v 0.045677 -0.021988 -0.032554
v 0.045018 -0.023018 -0.032554
v 0.043988 -0.023677 -0.032554
v 0.043407 -0.019188 -0.032700
v 0.045500 -0.016866 -0.032700
v 0.043625 -0.020000 -0.032700
v 0.043407 -0.020813 -0.032700
v 0.041188 -0.021407 -0.032700
v 0.040593 -0.020813 -0.032700
v 0.040375 -0.020000 -0.032700
v 0.040593 -0.019188 -0.032700
v 0.041188 -0.018593 -0.032700
v 0.042813 -0.021407 -0.032700
v 0.042000 -0.021625 -0.032700
v 0.042000 -0.018375 -0.032700
v 0.042813 -0.018593 -0.032700
v 0.045346 -0.016938 -0.032700
v 0.045173 -0.016923 -0.033658
v 0.045328 -0.016922 -0.033309
v 0.045449 -0.016708 -0.033829
v 0.045640 -0.016707 -0.033398
v 0.045633 -0.016386 -0.033944
v 0.045849 -0.016385 -0.033457
v 0.045699 -0.016004 -0.033985
v 0.045923 -0.016002 -0.033478
v 0.045346 -0.016938 -0.032930
v 0.045707 -0.016707 -0.032930
v 0.045938 -0.016346 -0.032930
v 0.046000 -0.016000 -0.032930
v 0.043000 -0.024000 -0.028500
v 0.004000 -0.024000 -0.028500
v 0.030709 -0.024000 -0.034238
v 0.016251 -0.024000 -0.036775
v 0.023466 -0.024000 -0.035441
v 0.001000 -0.021000 -0.028500
v 0.001402 -0.022500 -0.028500
v 0.002500 -0.023598 -0.028500
v 0.001000 -0.019243 -0.028500
v 0.000772 -0.018095 -0.028500
v 0.000121 -0.017121 -0.028500
v -0.001121 -0.015879 -0.037515
v -0.001121 -0.015879 -0.028500
v 0.018180 -0.020124 -0.028500
v 0.018180 -0.015199 -0.028500
v 0.027000 -0.015199 -0.028500
v 0.027000 -0.013876 -0.028500
v 0.017000 -0.013876 -0.028500
v 0.017000 -0.020124 -0.028500
v 0.042000 -0.018375 -0.028500
v 0.042813 -0.018593 -0.028500
v 0.043407 -0.019188 -0.028500
v 0.043625 -0.020000 -0.028500
v 0.043407 -0.020813 -0.028500
v 0.042813 -0.021407 -0.028500
v 0.042000 -0.021625 -0.028500
v 0.041188 -0.021407 -0.028500
v 0.040593 -0.020813 -0.028500
v 0.040375 -0.020000 -0.028500
v 0.040593 -0.019188 -0.028500
v 0.041188 -0.018593 -0.028500
v 0.005000 -0.018375 -0.028500
v 0.005812 -0.018593 -0.028500
v 0.006407 -0.019188 -0.028500
v 0.006625 -0.020000 -0.028500
v 0.006407 -0.020813 -0.028500
v 0.005812 -0.021407 -0.028500
v 0.005000 -0.021625 -0.028500
v 0.004187 -0.021407 -0.028500
v 0.003593 -0.020813 -0.028500
v 0.003375 -0.020000 -0.028500
v 0.003593 -0.019188 -0.028500
v 0.004187 -0.018593 -0.028500
v -0.001759 -0.014922 -0.037394
v -0.001772 -0.014905 -0.028500
v -0.002000 -0.013757 -0.028500
v -0.002000 -0.013757 -0.037348
v -0.001871 -0.013760 -0.038053
v -0.001214 -0.015656 -0.038065
v -0.001737 -0.014787 -0.037919
v -0.001562 -0.013762 -0.038597
v -0.001582 -0.014605 -0.038405
v -0.001303 -0.014388 -0.038817
v -0.001004 -0.013764 -0.039078
v -0.000922 -0.014153 -0.039124
v -0.001217 -0.015596 -0.038176
v -0.001112 -0.015156 -0.038759
v -0.000814 -0.014620 -0.039174
v -0.000708 -0.014473 -0.039247
v 0.028132 -0.015000 -0.063201
v 0.027636 -0.015000 -0.065051
v 0.027636 -0.019398 -0.065051
v 0.026282 -0.015000 -0.066405
v 0.027018 -0.019567 -0.065846
v 0.027596 -0.019409 -0.065118
v 0.024432 -0.015000 -0.066901
v 0.025394 -0.019899 -0.066773
v 0.026282 -0.019743 -0.066405
v 0.022582 -0.015000 -0.066405
v 0.023949 -0.020000 -0.066869
v 0.024433 -0.019988 -0.066901
v 0.020879 -0.019409 -0.064234
v 0.021227 -0.019559 -0.065051
v 0.021227 -0.015000 -0.065051
v 0.021814 -0.019743 -0.065815
v 0.022582 -0.019899 -0.066405
v 0.020732 -0.019303 -0.063201
v 0.020732 -0.015000 -0.063201
v 0.020858 -0.019303 -0.062242
v 0.021227 -0.015000 -0.061351
v 0.021267 -0.019409 -0.061283
v 0.021844 -0.019567 -0.060556
v 0.022582 -0.015000 -0.059996
v 0.022582 -0.019743 -0.059996
v 0.023471 -0.019899 -0.059627
v 0.024432 -0.015000 -0.059501
v 0.024430 -0.019988 -0.059501
v 0.024915 -0.020000 -0.059532
v 0.026282 -0.015000 -0.059996
v 0.026282 -0.019899 -0.059996
v 0.027050 -0.019743 -0.060586
v 0.027636 -0.015000 -0.061351
v 0.027636 -0.019559 -0.061351
v 0.028100 -0.019290 -0.063684
v 0.028132 -0.019303 -0.063201
v 0.027984 -0.019409 -0.062167
v 0.022911 -0.015000 -0.102858
v 0.022415 -0.015000 -0.104708
v 0.022415 -0.019398 -0.104708
v 0.021061 -0.015000 -0.106063
v 0.021797 -0.019567 -0.105504
v 0.022375 -0.019409 -0.104776
v 0.019211 -0.015000 -0.106558
v 0.020173 -0.019899 -0.106431
v 0.021061 -0.019743 -0.106063
v 0.017361 -0.015000 -0.106063
v 0.018728 -0.020000 -0.106527
v 0.019212 -0.019988 -0.106558
v 0.015658 -0.019409 -0.103892
v 0.016006 -0.019559 -0.104708
v 0.016006 -0.015000 -0.104708
v 0.016593 -0.019743 -0.105473
v 0.017361 -0.019899 -0.106063
v 0.015511 -0.019303 -0.102858
v 0.015511 -0.015000 -0.102858
v 0.015637 -0.019303 -0.101900
v 0.016006 -0.015000 -0.101008
v 0.016046 -0.019409 -0.100940
v 0.016623 -0.019567 -0.100213
v 0.017361 -0.015000 -0.099654
v 0.017361 -0.019743 -0.099654
v 0.018250 -0.019899 -0.099285
v 0.019211 -0.015000 -0.099158
v 0.019209 -0.019988 -0.099158
v 0.019693 -0.020000 -0.099190
v 0.021061 -0.015000 -0.099654
v 0.021061 -0.019899 -0.099654
v 0.021829 -0.019743 -0.100244
v 0.022415 -0.015000 -0.101008
v 0.022415 -0.019559 -0.101008
v 0.022879 -0.019290 -0.103341
v 0.022911 -0.019303 -0.102858
v 0.022763 -0.019409 -0.101825
v 0.017689 -0.015000 -0.142516
v 0.017194 -0.015000 -0.144366
v 0.017194 -0.019398 -0.144366
v 0.015839 -0.015000 -0.145720
v 0.016576 -0.019567 -0.145162
v 0.017154 -0.019409 -0.144434
v 0.013989 -0.015000 -0.146216
v 0.014951 -0.019899 -0.146089
v 0.015839 -0.019743 -0.145720
v 0.012139 -0.015000 -0.145720
v 0.013507 -0.020000 -0.146185
v 0.013991 -0.019988 -0.146216
v 0.010437 -0.019409 -0.143550
v 0.010785 -0.019559 -0.144366
v 0.010785 -0.015000 -0.144366
v 0.011372 -0.019743 -0.145131
v 0.012139 -0.019899 -0.145720
v 0.010289 -0.019303 -0.142516
v 0.010289 -0.015000 -0.142516
v 0.010416 -0.019303 -0.141558
v 0.010785 -0.015000 -0.140666
v 0.010825 -0.019409 -0.140598
v 0.011402 -0.019567 -0.139871
v 0.012139 -0.015000 -0.139312
v 0.012139 -0.019743 -0.139312
v 0.013029 -0.019899 -0.138943
v 0.013989 -0.015000 -0.138816
v 0.013988 -0.019988 -0.138816
v 0.014472 -0.020000 -0.138848
v 0.015839 -0.015000 -0.139312
v 0.015839 -0.019899 -0.139312
v 0.016608 -0.019743 -0.139902
v 0.017194 -0.015000 -0.140666
v 0.017194 -0.019559 -0.140666
v 0.017658 -0.019290 -0.142999
v 0.017689 -0.019303 -0.142516
v 0.017542 -0.019409 -0.141483
v -0.000084 -0.015099 -0.039603
v 0.000542 -0.015726 -0.039956
v -0.000594 -0.016218 -0.038530
v -0.000488 -0.015780 -0.039115
v -0.000189 -0.015246 -0.039530
v 0.002655 -0.016019 -0.041159
v 0.002675 -0.016283 -0.041123
v 0.002977 -0.016935 -0.040594
v 0.002822 -0.016748 -0.040866
v 0.004905 -0.016980 -0.041511
v 0.004828 -0.016936 -0.041645
v 0.004674 -0.016751 -0.041916
v 0.002754 -0.016600 -0.040985
v 0.004654 -0.016713 -0.041952
v 0.004606 -0.016605 -0.042036
v 0.004527 -0.016291 -0.042175
v 0.004506 -0.016029 -0.042212
v 0.007768 -0.018748 -0.043531
v 0.007853 -0.018668 -0.043780
v 0.007030 -0.017550 -0.043366
v 0.007115 -0.017348 -0.043572
v 0.006592 -0.016626 -0.043368
v 0.007251 -0.017129 -0.043709
v 0.007425 -0.017303 -0.043796
v 0.008027 -0.018127 -0.044075
v 0.008000 -0.018567 -0.043989
v 0.008302 -0.018737 -0.044181
v 0.008535 -0.019663 -0.044143
v 0.008264 -0.019410 -0.044029
v 0.008648 -0.020410 -0.043911
v 0.008389 -0.020347 -0.043782
v 0.008258 -0.020294 -0.043673
v 0.007023 -0.017769 -0.042976
v 0.006016 -0.017160 -0.042302
v 0.005961 -0.017092 -0.042449
v 0.007009 -0.017709 -0.043113
v 0.005895 -0.016888 -0.042712
v 0.005892 -0.016613 -0.042911
v 0.005596 -0.016186 -0.042825
v 0.008092 -0.019423 -0.043819
v 0.008034 -0.020112 -0.043300
v 0.007981 -0.019419 -0.043570
v 0.008963 -0.022454 -0.041510
v 0.008973 -0.022637 -0.041163
v 0.008605 -0.022564 -0.041126
v 0.009005 -0.023298 -0.039751
v 0.008628 -0.023231 -0.039722
v 0.009014 -0.023503 -0.039260
v 0.008928 -0.021840 -0.042544
v 0.008727 -0.021344 -0.043191
v 0.008907 -0.021492 -0.043048
v 0.008895 -0.021291 -0.043314
v 0.008588 -0.020862 -0.043612
v 0.008757 -0.020974 -0.043600
v 0.008893 -0.021269 -0.043343
v 0.008034 -0.020112 -0.043300
v 0.008076 -0.022083 -0.040879
v 0.008072 -0.021312 -0.042200
v 0.008069 -0.020865 -0.042828
v 0.008054 -0.020512 -0.043138
v 0.008445 -0.020815 -0.043548
v 0.008554 -0.021291 -0.043151
v 0.008574 -0.021762 -0.042493
v 0.008207 -0.020683 -0.043369
v 0.008261 -0.021114 -0.043017
v 0.008271 -0.021578 -0.042373
v 0.008299 -0.023033 -0.039637
v 0.008287 -0.022371 -0.041027
v 0.008079 -0.022733 -0.039508
v 0.033242 -0.023923 -0.034472
v 0.030781 -0.023930 -0.034760
v 0.027631 -0.023935 -0.035210
v 0.022066 -0.023935 -0.036240
v 0.021031 -0.023934 -0.036456
v 0.015221 -0.023917 -0.037504
v 0.038228 -0.020866 -0.042225
v 0.038381 -0.020822 -0.042203
v 0.038141 -0.021012 -0.041960
v 0.038457 -0.021253 -0.041148
v 0.038133 -0.021046 -0.041884
v 0.038421 -0.022444 -0.038124
v 0.038081 -0.022143 -0.039201
v 0.038530 -0.020754 -0.042168
v 0.038654 -0.020673 -0.042126
v 0.038744 -0.021048 -0.041063
v 0.038738 -0.021464 -0.040064
v 0.038444 -0.021670 -0.040145
v 0.038933 -0.020762 -0.040943
v 0.038929 -0.020327 -0.041948
v 0.038781 -0.020556 -0.042066
v 0.038931 -0.021173 -0.039949
v 0.038726 -0.022237 -0.038050
v 0.038928 -0.021938 -0.037942
v 0.041875 -0.016198 -0.040080
v 0.042846 -0.016055 -0.038558
v 0.042768 -0.016420 -0.038509
v 0.040932 -0.016589 -0.041486
v 0.041609 -0.016281 -0.040486
v 0.041578 -0.016567 -0.040404
v 0.040358 -0.017185 -0.042188
v 0.040383 -0.016960 -0.042247
v 0.040394 -0.016952 -0.042233
v 0.039581 -0.017799 -0.043218
v 0.040166 -0.017145 -0.042530
v 0.040346 -0.016990 -0.042296
v 0.038781 -0.019464 -0.043531
v 0.039047 -0.018780 -0.043647
v 0.039222 -0.018579 -0.043473
v 0.039158 -0.018511 -0.043602
v 0.038691 -0.019901 -0.043217
v 0.038507 -0.020212 -0.043046
v 0.040252 -0.017524 -0.041905
v 0.039281 -0.018699 -0.043177
v 0.039735 -0.018002 -0.042660
v 0.038994 -0.019632 -0.042863
v 0.039095 -0.019190 -0.043164
v 0.038770 -0.019858 -0.043156
v 0.038902 -0.019755 -0.043017
v 0.039038 -0.019229 -0.043320
v 0.038956 -0.019258 -0.043466
v 0.039263 -0.018643 -0.043329
v 0.041472 -0.016825 -0.040279
v 0.042582 -0.016726 -0.038392
v 0.042313 -0.016927 -0.038223
v 0.041812 -0.016933 -0.039179
v 0.041299 -0.017024 -0.040123
v 0.039760 -0.017887 -0.042810
v 0.040326 -0.017368 -0.042054
v 0.043747 -0.016925 -0.035943
v 0.044020 -0.016716 -0.036113
v 0.044205 -0.016401 -0.036228
v 0.044276 -0.016027 -0.036273
v 0.044500 -0.023598 -0.028500
v 0.045598 -0.022500 -0.028500
v 0.046000 -0.021000 -0.028500
v 0.046000 -0.016005 -0.032204
v 0.046000 -0.016000 -0.032200
v 0.045964 -0.016266 -0.032387
v 0.045870 -0.016493 -0.032536
v 0.045701 -0.016714 -0.032658
v 0.046000 -0.010000 -0.032970
v 0.045933 -0.010000 -0.033482
v 0.045738 -0.010000 -0.033960
v 0.015722 -0.015000 -0.141516
v 0.014989 -0.015000 -0.140784
v 0.013989 -0.015000 -0.140516
v 0.012989 -0.015000 -0.140784
v 0.012257 -0.015000 -0.141516
v 0.011989 -0.015000 -0.142516
v 0.012257 -0.015000 -0.143516
v 0.012989 -0.015000 -0.144248
v 0.013989 -0.015000 -0.144516
v 0.014989 -0.015000 -0.144248
v 0.015722 -0.015000 -0.143516
v 0.015989 -0.015000 -0.142516
v 0.020943 -0.015000 -0.101858
v 0.020211 -0.015000 -0.101126
v 0.019211 -0.015000 -0.100858
v 0.018211 -0.015000 -0.101126
v 0.017478 -0.015000 -0.101858
v 0.017211 -0.015000 -0.102858
v 0.017478 -0.015000 -0.103858
v 0.018211 -0.015000 -0.104590
v 0.019211 -0.015000 -0.104858
v 0.020211 -0.015000 -0.104590
v 0.020943 -0.015000 -0.103858
v 0.021211 -0.015000 -0.102858
v 0.026164 -0.015000 -0.062201
v 0.025432 -0.015000 -0.061469
v 0.024432 -0.015000 -0.061201
v 0.023432 -0.015000 -0.061469
v 0.022700 -0.015000 -0.062201
v 0.022432 -0.015000 -0.063201
v 0.022700 -0.015000 -0.064201
v 0.023432 -0.015000 -0.064933
v 0.024432 -0.015000 -0.065201
v 0.025432 -0.015000 -0.064933
v 0.026164 -0.015000 -0.064201
v 0.026432 -0.015000 -0.063201
v -0.002000 -0.010000 -0.028500
v 0.046000 -0.010000 -0.028500
v -0.002000 -0.010000 -0.037360
v -0.001887 -0.010000 -0.038023
v -0.001873 -0.011879 -0.038056
v -0.001561 -0.010000 -0.038610
v -0.001566 -0.011880 -0.038598
v -0.001020 -0.010000 -0.039081
v -0.001013 -0.011882 -0.039079
v 0.008066 -0.010000 -0.156866
v 0.015997 -0.010000 -0.157910
v 0.008101 -0.010534 -0.156870
v 0.015850 -0.011083 -0.157890
v 0.015409 -0.012097 -0.157832
v 0.014757 -0.012906 -0.157747
v 0.013881 -0.013538 -0.157631
v 0.008391 -0.011586 -0.156909
v 0.008952 -0.012520 -0.156982
v 0.012868 -0.013911 -0.157498
v 0.011785 -0.013992 -0.157355
v 0.009744 -0.013267 -0.157087
v 0.010722 -0.013776 -0.157215
v 0.017829 -0.010000 -0.157869
v 0.019613 -0.010000 -0.157250
v 0.019397 -0.011795 -0.157222
v 0.021117 -0.010000 -0.156108
v 0.020862 -0.012116 -0.156074
v 0.022191 -0.010000 -0.154555
v 0.021912 -0.012322 -0.154518
v 0.022729 -0.010000 -0.152744
v 0.022441 -0.012393 -0.152707
v 0.017662 -0.011391 -0.157847
v 0.017169 -0.012700 -0.157782
v 0.016380 -0.013853 -0.157678
v 0.015341 -0.014782 -0.157541
v 0.014111 -0.015433 -0.157379
v 0.012763 -0.015768 -0.157202
v 0.011374 -0.015768 -0.157019
v 0.010025 -0.015433 -0.156842
v 0.008795 -0.014782 -0.156680
v 0.007756 -0.013853 -0.156543
v 0.006967 -0.012700 -0.156439
v 0.006475 -0.011391 -0.156374
v 0.006307 -0.010000 -0.156352
v 0.021594 -0.014647 -0.152595
v 0.021089 -0.014509 -0.154410
v 0.021349 -0.015090 -0.152563
v 0.019772 -0.016434 -0.154236
v 0.020236 -0.016631 -0.152416
v 0.019134 -0.017705 -0.152271
v 0.018036 -0.017985 -0.154008
v 0.014010 -0.019927 -0.151597
v 0.015983 -0.019072 -0.153737
v 0.016330 -0.019350 -0.151902
v 0.018447 -0.018230 -0.152181
v 0.012815 -0.020000 -0.151439
v 0.011412 -0.019632 -0.153135
v 0.013731 -0.019632 -0.153441
v 0.011620 -0.019927 -0.151282
v 0.009299 -0.019350 -0.150976
v 0.009160 -0.019072 -0.152839
v 0.007183 -0.018230 -0.150698
v 0.007107 -0.017985 -0.152569
v 0.006495 -0.017705 -0.150607
v 0.005371 -0.016434 -0.152340
v 0.005394 -0.016631 -0.150462
v 0.004281 -0.015090 -0.150316
v 0.004053 -0.014509 -0.152167
v 0.004036 -0.014647 -0.150283
v 0.003188 -0.012393 -0.150172
v 0.003231 -0.012322 -0.152058
v 0.002900 -0.010000 -0.150134
v 0.002952 -0.010000 -0.152022
v 0.020113 -0.014108 -0.155976
v 0.018913 -0.015862 -0.155818
v 0.017331 -0.017276 -0.155609
v 0.015460 -0.018266 -0.155363
v 0.013409 -0.018776 -0.155093
v 0.011296 -0.018776 -0.154815
v 0.009244 -0.018266 -0.154545
v 0.007373 -0.017276 -0.154298
v 0.005791 -0.015862 -0.154090
v 0.004591 -0.014108 -0.153932
v 0.003842 -0.012116 -0.153834
v 0.003587 -0.010000 -0.153800
v 0.018762 -0.013485 -0.157138
v 0.017744 -0.014973 -0.157004
v 0.016402 -0.016172 -0.156828
v 0.014815 -0.017012 -0.156619
v 0.013075 -0.017444 -0.156390
v 0.011282 -0.017444 -0.156154
v 0.009542 -0.017012 -0.155924
v 0.007955 -0.016172 -0.155716
v 0.006613 -0.014973 -0.155539
v 0.005595 -0.013485 -0.155405
v 0.004960 -0.011795 -0.155321
v 0.004744 -0.010000 -0.155293
v 0.016598 -0.014991 -0.056317
v 0.016069 -0.013885 -0.056127
v 0.015303 -0.010000 -0.055924
v 0.015484 -0.011874 -0.055906
v 0.015703 -0.012810 -0.055978
v 0.018338 -0.017142 -0.055863
v 0.017745 -0.016556 -0.056145
v 0.017005 -0.015636 -0.056329
v 0.019044 -0.017718 -0.055405
v 0.022201 -0.019371 -0.053393
v 0.023720 -0.019782 -0.052686
v 0.026898 -0.019950 -0.052102
v 0.025743 -0.019999 -0.052158
v 0.024576 -0.019919 -0.052401
v 0.029103 -0.019462 -0.052512
v 0.027731 -0.019831 -0.052178
v 0.032052 -0.017715 -0.054055
v 0.031973 -0.017784 -0.054009
v 0.030941 -0.018561 -0.053354
v 0.034316 -0.015092 -0.054055
v 0.033968 -0.015605 -0.054211
v 0.033413 -0.016318 -0.054369
v 0.032423 -0.017376 -0.054228
v 0.034731 -0.014370 -0.053880
v 0.035568 -0.012000 -0.053676
v 0.035743 -0.010000 -0.053893
v 0.021766 -0.019212 -0.053636
v 0.019328 -0.017922 -0.055208
v 0.015473 -0.012111 -0.053005
v 0.025739 -0.020200 -0.050143
v 0.025741 -0.020088 -0.050810
v 0.027904 -0.019894 -0.051037
v 0.017715 -0.019795 -0.047491
v 0.017938 -0.018797 -0.048935
v 0.020563 -0.019600 -0.049243
v 0.014996 -0.019156 -0.047117
v 0.014984 -0.019153 -0.047115
v 0.015906 -0.017948 -0.048661
v 0.015011 -0.019160 -0.047118
v 0.016725 -0.018293 -0.048819
v 0.015439 -0.019283 -0.047166
v 0.020545 -0.020193 -0.048068
v 0.023250 -0.020079 -0.049674
v 0.023454 -0.020383 -0.048852
v 0.025703 -0.020355 -0.049495
v 0.025740 -0.020353 -0.049504
v 0.027237 -0.020216 -0.049822
v 0.028841 -0.019940 -0.049973
v 0.029970 -0.019309 -0.051287
v 0.030466 -0.019520 -0.049940
v 0.033971 -0.018148 -0.049621
v 0.033807 -0.018245 -0.049622
v 0.033316 -0.017280 -0.051838
v 0.033719 -0.018292 -0.049623
v 0.032773 -0.017768 -0.051710
v 0.033704 -0.018299 -0.049623
v 0.031949 -0.018332 -0.051553
v 0.032874 -0.018660 -0.049714
v 0.030769 -0.019427 -0.049919
v 0.033832 -0.016743 -0.051846
v 0.034596 -0.017669 -0.049601
v 0.034350 -0.017880 -0.049615
v 0.034318 -0.016145 -0.051747
v 0.035156 -0.017023 -0.049532
v 0.035146 -0.017052 -0.049524
v 0.035142 -0.017060 -0.049523
v 0.035122 -0.017089 -0.049526
v 0.034845 -0.017422 -0.049573
v 0.036519 -0.011973 -0.050580
v 0.036176 -0.013650 -0.050367
v 0.035313 -0.014111 -0.051928
v 0.035816 -0.015018 -0.050071
v 0.035575 -0.015810 -0.049866
v 0.035917 -0.011999 -0.052076
v 0.036329 -0.010000 -0.051584
v 0.036770 -0.010000 -0.050596
v 0.015386 -0.010000 -0.054518
v 0.015227 -0.010000 -0.052852
v 0.014801 -0.010000 -0.051248
v 0.014629 -0.012392 -0.050235
v 0.014401 -0.010000 -0.050281
v 0.011954 -0.010000 -0.047071
v 0.012790 -0.010000 -0.047889
v 0.013033 -0.012807 -0.047839
v 0.013154 -0.010000 -0.048312
v 0.014079 -0.010000 -0.049665
v 0.010634 -0.010378 -0.046083
v 0.010627 -0.010000 -0.046095
v 0.010819 -0.012823 -0.046051
v 0.013787 -0.015755 -0.047928
v 0.011306 -0.015429 -0.046111
v 0.010886 -0.013307 -0.046055
v 0.012089 -0.017901 -0.046269
v 0.012088 -0.017897 -0.046269
v 0.014053 -0.016457 -0.047973
v 0.012079 -0.017883 -0.046265
v 0.011970 -0.017596 -0.046242
v 0.011756 -0.016985 -0.046197
v 0.014060 -0.019035 -0.046847
v 0.013095 -0.018675 -0.046587
v 0.014760 -0.017275 -0.048274
v 0.012201 -0.018015 -0.046311
v 0.014284 -0.016829 -0.048066
v 0.012088 -0.017905 -0.046268
v 0.023582 -0.019779 -0.051671
v 0.021444 -0.019124 -0.052137
v 0.016924 -0.015727 -0.053408
v 0.017951 -0.016918 -0.053294
v 0.016515 -0.015081 -0.053297
v 0.019491 -0.018111 -0.052745
v 0.023425 -0.019878 -0.050663
v 0.021040 -0.019254 -0.050661
v 0.018810 -0.018269 -0.050768
v 0.017124 -0.017191 -0.050838
v 0.016157 -0.016287 -0.050643
v 0.015763 -0.015783 -0.050469
v 0.015322 -0.014851 -0.050333
v 0.016102 -0.014210 -0.053151
v 0.015564 -0.015433 -0.050380
v 0.025742 -0.020021 -0.051482
v 0.028766 -0.021962 -0.042521
v 0.043322 -0.013119 -0.038033
v 0.005977 -0.010000 -0.043263
v 0.007326 -0.015877 -0.043820
v 0.006948 -0.012307 -0.043770
v 0.010876 -0.021108 -0.043920
v 0.010010 -0.020974 -0.043923
v 0.011273 -0.022745 -0.041048
v 0.014390 -0.021567 -0.043839
v 0.021564 -0.022066 -0.043315
v 0.015689 -0.022912 -0.040664
v 0.017963 -0.021890 -0.043638
v 0.035887 -0.021266 -0.042164
v 0.032351 -0.021684 -0.042282
v 0.037627 -0.021009 -0.042148
v 0.037290 -0.017725 -0.046409
v 0.037672 -0.016434 -0.046459
v 0.040809 -0.013439 -0.042287
v 0.042607 -0.010000 -0.039534
v 0.039569 -0.010000 -0.045157
v 0.038715 -0.010987 -0.046596
v 0.038009 -0.015110 -0.046503
v 0.038296 -0.013758 -0.046541
v 0.034040 -0.019943 -0.046276
v 0.031373 -0.020563 -0.046253
v 0.025163 -0.022091 -0.042883
v 0.023023 -0.021130 -0.046531
v 0.020237 -0.020868 -0.046612
v 0.014875 -0.019708 -0.046589
v 0.009140 -0.020727 -0.043918
v 0.013602 -0.019239 -0.046548
v 0.016176 -0.020072 -0.046616
v 0.017507 -0.020389 -0.046630
v 0.018862 -0.020655 -0.046629
v 0.013989 -0.010000 -0.144516
v 0.014989 -0.010000 -0.144248
v 0.015722 -0.010000 -0.143516
v 0.015989 -0.010000 -0.142516
v 0.015722 -0.010000 -0.141516
v 0.014989 -0.010000 -0.140784
v 0.013989 -0.010000 -0.140516
v 0.012989 -0.010000 -0.140784
v 0.012257 -0.010000 -0.141516
v 0.011989 -0.010000 -0.142516
v 0.012257 -0.010000 -0.143516
v 0.012989 -0.010000 -0.144248
v 0.019211 -0.010000 -0.104858
v 0.020211 -0.010000 -0.104590
v 0.020943 -0.010000 -0.103858
v 0.021211 -0.010000 -0.102858
v 0.020943 -0.010000 -0.101858
v 0.020211 -0.010000 -0.101126
v 0.019211 -0.010000 -0.100858
v 0.018211 -0.010000 -0.101126
v 0.017478 -0.010000 -0.101858
v 0.017211 -0.010000 -0.102858
v 0.017478 -0.010000 -0.103858
v 0.018211 -0.010000 -0.104590
v 0.024432 -0.010000 -0.065201
v 0.025432 -0.010000 -0.064933
v 0.026164 -0.010000 -0.064201
v 0.026432 -0.010000 -0.063201
v 0.026164 -0.010000 -0.062201
v 0.025432 -0.010000 -0.061469
v 0.024432 -0.010000 -0.061201
v 0.023432 -0.010000 -0.061469
v 0.022700 -0.010000 -0.062201
v 0.022432 -0.010000 -0.063201
v 0.022700 -0.010000 -0.064201
v 0.023432 -0.010000 -0.064933
v 0.039000 0.023000 -0.032700
v 0.039000 0.023000 -0.032710
v 0.038938 0.023346 -0.032710
v 0.038346 0.023938 -0.032710
v 0.038714 0.023701 -0.032658
v 0.038707 0.023707 -0.032710
v 0.038866 0.023500 -0.032700
v 0.038938 0.023346 -0.032700
v 0.038000 0.024000 -0.032200
v 0.038005 0.024000 -0.032204
v 0.038000 0.024000 -0.032710
v 0.038266 0.023964 -0.032387
v 0.038493 0.023870 -0.032536
v 0.000225 0.017018 -0.032554
v 0.000255 0.016987 -0.032592
v -0.000055 0.016883 -0.032405
v -0.000289 0.016711 -0.032204
v -0.000293 0.016707 -0.032200
v 0.000121 0.017121 -0.032200
v 0.000143 0.017099 -0.032373
v 0.000414 0.017000 -0.032656
v 0.000414 0.017000 -0.037967
v 0.000032 0.016924 -0.037967
v -0.000293 0.016707 -0.037967
v -0.000141 0.016831 -0.037967
v 0.001234 0.017903 -0.032700
v 0.000687 0.017000 -0.032700
v 0.000907 0.018039 -0.032554
v 0.001074 0.017969 -0.032669
v 0.001327 0.019243 -0.032669
v 0.001500 0.019243 -0.032700
v 0.000800 0.018083 -0.032373
v 0.001031 0.019243 -0.032373
v 0.001067 0.019243 -0.032450
v 0.001146 0.019243 -0.032554
v 0.001250 0.019243 -0.032633
v 0.000772 0.018095 -0.032200
v 0.001000 0.019243 -0.032200
v 0.001500 0.021000 -0.032700
v 0.001327 0.021000 -0.032669
v 0.001250 0.021000 -0.032633
v 0.001146 0.021000 -0.032554
v 0.001067 0.021000 -0.032450
v 0.001031 0.021000 -0.032373
v 0.001000 0.021000 -0.032200
v 0.001323 0.021988 -0.032554
v 0.001214 0.022028 -0.032373
v 0.002500 0.023598 -0.032200
v 0.002962 0.023815 -0.032200
v 0.002972 0.023786 -0.032373
v 0.004000 0.024000 -0.032200
v 0.004000 0.023969 -0.032373
v 0.001879 0.023121 -0.032200
v 0.001901 0.023099 -0.032373
v 0.001402 0.022500 -0.032200
v 0.001185 0.022038 -0.032200
v 0.001655 0.021865 -0.032700
v 0.001492 0.021925 -0.032669
v 0.002110 0.022890 -0.032669
v 0.002232 0.022768 -0.032700
v 0.003075 0.023508 -0.032669
v 0.003135 0.023345 -0.032700
v 0.004000 0.023673 -0.032669
v 0.004000 0.023500 -0.032700
v 0.001982 0.023018 -0.032554
v 0.003012 0.023677 -0.032554
v 0.004000 0.023854 -0.032554
v 0.043000 0.024000 -0.032200
v 0.043000 0.023969 -0.032373
v 0.043000 0.023854 -0.032554
v 0.043000 0.023673 -0.032669
v 0.043000 0.023500 -0.032700
v 0.008000 0.023000 -0.036776
v 0.008000 0.023000 -0.032700
v 0.008062 0.023346 -0.032700
v 0.008134 0.023500 -0.032700
v 0.008286 0.023701 -0.032658
v 0.008293 0.023707 -0.036776
v 0.008654 0.023938 -0.036776
v 0.008507 0.023870 -0.032536
v 0.008734 0.023964 -0.032387
v 0.009000 0.024000 -0.036776
v 0.008995 0.024000 -0.032204
v 0.009000 0.024000 -0.032200
v 0.008062 0.023346 -0.036776
v 0.045598 0.022500 -0.032200
v 0.045815 0.022038 -0.032200
v 0.045786 0.022028 -0.032373
v 0.046000 0.021000 -0.032200
v 0.045969 0.021000 -0.032373
v 0.045121 0.023121 -0.032200
v 0.045099 0.023099 -0.032373
v 0.044500 0.023598 -0.032200
v 0.044028 0.023786 -0.032373
v 0.044038 0.023815 -0.032200
v 0.043865 0.023345 -0.032700
v 0.043925 0.023508 -0.032669
v 0.044890 0.022890 -0.032669
v 0.044768 0.022768 -0.032700
v 0.045508 0.021925 -0.032669
v 0.045345 0.021865 -0.032700
v 0.045673 0.021000 -0.032669
v 0.045500 0.021000 -0.032700
v 0.043988 0.023677 -0.032554
v 0.045018 0.023018 -0.032554
v 0.045677 0.021988 -0.032554
v 0.045854 0.021000 -0.032554
v 0.027000 0.008801 -0.028900
v 0.027000 0.010124 -0.028900
v 0.018180 0.008801 -0.028900
v 0.017000 0.010124 -0.028900
v 0.018180 0.003876 -0.028900
v 0.017000 0.003876 -0.028900
v 0.006407 0.019188 -0.032700
v 0.006625 0.020000 -0.032700
v 0.008000 0.020000 -0.032700
v 0.006407 0.020813 -0.032700
v 0.005812 0.021407 -0.032700
v 0.005000 0.021625 -0.032700
v 0.004187 0.021407 -0.032700
v 0.003593 0.020813 -0.032700
v 0.007815 0.018962 -0.032700
v 0.007121 0.017879 -0.032700
v 0.005812 0.018593 -0.032700
v 0.006038 0.017185 -0.032700
v 0.005000 0.018375 -0.032700
v 0.005000 0.017000 -0.032700
v 0.004187 0.018593 -0.032700
v 0.003593 0.019188 -0.032700
v 0.003375 0.020000 -0.032700
v 0.040593 0.019188 -0.032700
v 0.039185 0.018962 -0.032700
v 0.040375 0.020000 -0.032700
v 0.039000 0.020000 -0.032700
v 0.040593 0.020813 -0.032700
v 0.041188 0.021407 -0.032700
v 0.042813 0.021407 -0.032700
v 0.043407 0.020813 -0.032700
v 0.043625 0.020000 -0.032700
v 0.043407 0.019188 -0.032700
v 0.042000 0.021625 -0.032700
v 0.045500 0.016866 -0.032700
v 0.045346 0.016938 -0.032700
v 0.042813 0.018593 -0.032700
v 0.045000 0.017000 -0.032700
v 0.042000 0.018375 -0.032700
v 0.042000 0.017000 -0.032700
v 0.041188 0.018593 -0.032700
v 0.040962 0.017185 -0.032700
v 0.039879 0.017879 -0.032700
v 0.045000 0.017000 -0.032926
v 0.044207 0.017000 -0.034448
v 0.043547 0.017000 -0.035422
v 0.044960 0.017000 -0.033204
v 0.044845 0.017000 -0.033460
v 0.042861 0.017000 -0.036378
v 0.042456 0.017000 -0.036849
v 0.042000 0.017000 -0.037176
v 0.039000 0.020000 -0.035270
v 0.039049 0.019461 -0.035750
v 0.039284 0.018727 -0.036386
v 0.039446 0.018426 -0.036640
v 0.040028 0.017739 -0.037200
v 0.040796 0.017252 -0.037557
v 0.041312 0.017080 -0.037535
v 0.039000 0.021280 -0.034406
v 0.039000 0.022560 -0.033541
v 0.039000 0.022872 -0.033196
v 0.008080 0.023336 -0.037147
v 0.008000 0.022963 -0.037044
v 0.008086 0.022655 -0.038014
v 0.008000 0.022468 -0.037662
v 0.008084 0.022960 -0.037790
v 0.008000 0.022688 -0.037504
v 0.008320 0.022812 -0.038309
v 0.008315 0.023189 -0.038031
v 0.008082 0.023193 -0.037494
v 0.008000 0.022857 -0.037293
v 0.008301 0.023652 -0.037234
v 0.008633 0.023859 -0.037291
v 0.008647 0.023659 -0.037773
v 0.008309 0.023476 -0.037664
v 0.008660 0.023335 -0.038184
v 0.008669 0.022911 -0.038495
v 0.009074 0.022936 -0.038543
v 0.009061 0.023375 -0.038227
v 0.009043 0.023714 -0.037806
v 0.009023 0.023927 -0.037310
v 0.038032 0.023757 -0.033656
v 0.038024 0.023872 -0.033402
v 0.038399 0.023794 -0.033374
v 0.038057 0.023119 -0.034368
v 0.038045 0.023498 -0.034032
v 0.038414 0.023431 -0.033973
v 0.038424 0.023067 -0.034290
v 0.038722 0.023267 -0.033828
v 0.038730 0.022942 -0.034106
v 0.038927 0.023027 -0.033618
v 0.038930 0.022763 -0.033841
v 0.038924 0.023289 -0.033187
v 0.038715 0.023590 -0.033298
v 0.008000 0.021237 -0.038310
v 0.008000 0.020000 -0.038945
v 0.005000 0.017000 -0.040687
v 0.005634 0.017068 -0.040783
v 0.006714 0.017538 -0.040553
v 0.006201 0.017251 -0.040713
v 0.007796 0.018911 -0.039680
v 0.007550 0.018420 -0.040003
v 0.007182 0.017942 -0.040309
v 0.003093 0.017000 -0.040126
v 0.001318 0.017000 -0.039209
v 0.001085 0.017000 -0.039060
v 0.000873 0.017000 -0.038881
v 0.000549 0.017000 -0.038464
v 0.001136 0.016922 -0.039545
v 0.000307 0.016577 -0.039469
v 0.000379 0.016702 -0.039394
v 0.000565 0.016485 -0.039763
v 0.000698 0.016758 -0.039584
v 0.000498 0.016151 -0.039855
v 0.000210 0.016293 -0.039570
v 0.000981 0.016706 -0.039830
v 0.000877 0.016383 -0.040020
v 0.000841 0.016011 -0.040087
v 0.000461 0.016804 -0.039309
v 0.000659 0.016951 -0.039103
v 0.000099 0.016655 -0.039150
v -0.000058 0.016726 -0.038790
v 0.000121 0.016875 -0.038694
v -0.000023 0.016416 -0.039245
v -0.000199 0.016531 -0.038866
v 0.000328 0.016968 -0.038583
v 0.045346 0.016938 -0.032926
v 0.045296 0.016935 -0.033301
v 0.045140 0.016935 -0.033646
v 0.045597 0.016748 -0.033388
v 0.045405 0.016748 -0.033813
v 0.045707 0.016707 -0.032926
v 0.045938 0.016346 -0.032926
v 0.045748 0.016572 -0.033432
v 0.045890 0.016249 -0.033473
v 0.046000 0.016000 -0.032926
v 0.045921 0.016002 -0.033482
v 0.045442 0.016708 -0.033837
v 0.045538 0.016573 -0.033898
v 0.045663 0.016250 -0.033977
v 0.045691 0.016004 -0.033994
v 0.045870 0.016493 -0.032536
v 0.045964 0.016266 -0.032387
v 0.046000 0.016005 -0.032204
v 0.046000 0.016000 -0.032200
v 0.045701 0.016714 -0.032658
v -0.000501 0.016499 -0.037853
v -0.001121 0.015879 -0.037508
v -0.001121 0.015879 -0.028500
v 0.000121 0.017121 -0.028500
v 0.001000 0.019243 -0.028500
v 0.000772 0.018095 -0.028500
v 0.001000 0.021000 -0.028500
v 0.004000 0.024000 -0.028500
v 0.002500 0.023598 -0.028500
v 0.001402 0.022500 -0.028500
v 0.043000 0.024000 -0.028500
v 0.027532 0.024000 -0.033884
v 0.016096 0.024000 -0.035939
v 0.046000 0.021000 -0.028500
v 0.045598 0.022500 -0.028500
v 0.044500 0.023598 -0.028500
v 0.018180 0.003876 -0.028500
v 0.018180 0.008801 -0.028500
v 0.027000 0.008801 -0.028500
v 0.027000 0.010124 -0.028500
v 0.017000 0.010124 -0.028500
v 0.017000 0.003876 -0.028500
v 0.005000 0.021625 -0.028500
v 0.005812 0.021407 -0.028500
v 0.006407 0.020813 -0.028500
v 0.006625 0.020000 -0.028500
v 0.006407 0.019188 -0.028500
v 0.005812 0.018593 -0.028500
v 0.005000 0.018375 -0.028500
v 0.004187 0.018593 -0.028500
v 0.003593 0.019188 -0.028500
v 0.003375 0.020000 -0.028500
v 0.003593 0.020813 -0.028500
v 0.004187 0.021407 -0.028500
v 0.042000 0.021625 -0.028500
v 0.042813 0.021407 -0.028500
v 0.043407 0.020813 -0.028500
v 0.043625 0.020000 -0.028500
v 0.043407 0.019188 -0.028500
v 0.042813 0.018593 -0.028500
v 0.042000 0.018375 -0.028500
v 0.041188 0.018593 -0.028500
v 0.040593 0.019188 -0.028500
v 0.040375 0.020000 -0.028500
v 0.040593 0.020813 -0.028500
v 0.041188 0.021407 -0.028500
v -0.001760 0.014922 -0.037389
v -0.002000 0.013757 -0.037345
v -0.002000 0.013757 -0.028500
v -0.001772 0.014905 -0.028500
v -0.000911 0.014153 -0.039126
v -0.000994 0.013764 -0.039080
v -0.001536 0.013762 -0.038626
v -0.000694 0.014473 -0.039248
v -0.001296 0.014388 -0.038819
v -0.000827 0.014659 -0.039154
v -0.001578 0.014605 -0.038406
v -0.001117 0.015190 -0.038727
v -0.001736 0.014787 -0.037917
v -0.001214 0.015619 -0.038134
v -0.001875 0.013760 -0.038040
v 0.043417 0.016721 -0.036790
v 0.044119 0.016716 -0.035821
v 0.044298 0.016402 -0.035945
v 0.043048 0.016522 -0.037464
v 0.042409 0.016608 -0.037857
v 0.042348 0.016737 -0.037755
v 0.044974 0.016393 -0.034955
v 0.042484 0.016340 -0.037982
v 0.043003 0.016242 -0.037657
v 0.043132 0.016207 -0.037557
v 0.043317 0.016141 -0.037394
v 0.043593 0.016411 -0.036920
v 0.043786 0.016039 -0.036807
v 0.043494 0.016045 -0.037200
v 0.044523 0.016924 -0.034657
v 0.044793 0.016712 -0.034835
v 0.042899 0.016777 -0.037298
v 0.042155 0.016953 -0.037434
v 0.042135 0.016964 -0.037401
v 0.042702 0.016942 -0.037077
v 0.045041 0.016015 -0.034999
v 0.044367 0.016027 -0.035994
v 0.043160 0.016926 -0.036600
v 0.043855 0.016925 -0.035637
v 0.038730 0.020381 -0.035836
v 0.038620 0.019173 -0.036929
v 0.038425 0.020506 -0.036021
v 0.038215 0.019455 -0.036830
v 0.038058 0.020558 -0.036098
v 0.039125 0.017835 -0.037854
v 0.038620 0.018515 -0.037434
v 0.038323 0.019131 -0.037040
v 0.040598 0.017036 -0.038243
v 0.040749 0.016769 -0.038419
v 0.040234 0.016988 -0.038347
v 0.039220 0.017735 -0.037914
v 0.039337 0.017949 -0.037716
v 0.040004 0.017116 -0.038276
v 0.039888 0.017444 -0.038024
v 0.040217 0.016997 -0.038342
v 0.040227 0.016991 -0.038345
v 0.041511 0.016736 -0.038199
v 0.041272 0.016594 -0.038392
v 0.041558 0.016517 -0.038338
v 0.041460 0.017013 -0.037761
v 0.040751 0.017236 -0.037807
v 0.041496 0.016903 -0.037997
v 0.040684 0.017163 -0.038040
v 0.040038 0.017541 -0.037825
v 0.039534 0.018013 -0.037519
v 0.038887 0.019152 -0.036738
v 0.040162 0.017581 -0.037590
v 0.039692 0.018017 -0.037281
v 0.039331 0.018522 -0.036908
v 0.039086 0.019068 -0.036489
v 0.038953 0.019636 -0.036042
v 0.038931 0.020202 -0.035570
v 0.038930 0.021483 -0.034706
v 0.038730 0.021662 -0.034972
v 0.038424 0.021787 -0.035156
v 0.038057 0.021839 -0.035233
v 0.010748 0.022960 -0.038376
v 0.030811 0.023763 -0.034367
v 0.016298 0.023934 -0.036424
v 0.011270 0.022967 -0.038319
v 0.016432 0.023432 -0.037301
v 0.016299 0.023027 -0.037644
v 0.022156 0.023076 -0.036570
v 0.023697 0.023466 -0.035932
v 0.026195 0.023096 -0.035797
v 0.016370 0.023740 -0.036894
v 0.023620 0.023756 -0.035535
v 0.032107 0.023113 -0.034930
v 0.008021 0.020091 -0.039124
v 0.008065 0.021398 -0.038618
v 0.008064 0.020156 -0.039253
v 0.008251 0.021542 -0.038896
v 0.008247 0.020297 -0.039531
v 0.008530 0.021644 -0.039093
v 0.008875 0.021695 -0.039190
v 0.009062 0.021698 -0.039195
v 0.008311 0.020327 -0.039591
v 0.008523 0.020397 -0.039729
v 0.008863 0.020448 -0.039829
v 0.009049 0.020452 -0.039836
v 0.007839 0.018975 -0.039842
v 0.006840 0.016852 -0.041582
v 0.006591 0.016730 -0.041631
v 0.006466 0.016957 -0.041484
v 0.006215 0.016582 -0.041687
v 0.005846 0.016457 -0.041717
v 0.008427 0.018330 -0.040903
v 0.007920 0.017674 -0.041217
v 0.007679 0.017840 -0.041086
v 0.007721 0.017477 -0.041308
v 0.007911 0.019026 -0.039999
v 0.007290 0.017980 -0.040607
v 0.007227 0.017970 -0.040460
v 0.007461 0.017946 -0.040876
v 0.008129 0.019080 -0.040277
v 0.008425 0.019066 -0.040479
v 0.008884 0.019344 -0.040398
v 0.006353 0.017128 -0.041268
v 0.006262 0.017228 -0.041003
v 0.004938 0.016946 -0.041002
v 0.004883 0.016794 -0.041284
v 0.004840 0.016556 -0.041502
v 0.004814 0.016270 -0.041632
v 0.002192 0.016020 -0.040811
v 0.002171 0.016018 -0.040800
v 0.002748 0.016444 -0.040952
v 0.003283 0.016160 -0.041250
v 0.002954 0.016931 -0.040459
v 0.002833 0.016738 -0.040748
v 0.000574 0.015727 -0.039945
v 0.000439 0.015913 -0.039851
v -0.000062 0.015099 -0.039600
v -0.000196 0.015285 -0.039506
v -0.000490 0.015815 -0.039077
v -0.000590 0.016242 -0.038482
v 0.045738 -0.010000 -0.033960
v 0.045761 -0.000239 -0.033944
v 0.045751 0.006093 -0.033954
v 0.045718 0.012412 -0.033976
v 0.015072 -0.002000 -0.141891
v 0.014614 -0.002000 -0.141434
v 0.013989 -0.002000 -0.142516
v 0.013989 -0.002000 -0.141266
v 0.013364 -0.002000 -0.141434
v 0.014614 -0.002000 -0.143599
v 0.015072 -0.002000 -0.143141
v 0.015239 -0.002000 -0.142516
v 0.012907 -0.002000 -0.143141
v 0.013364 -0.002000 -0.143599
v 0.013989 -0.002000 -0.143766
v 0.012907 -0.002000 -0.141891
v 0.012739 -0.002000 -0.142516
v 0.020293 -0.002000 -0.102233
v 0.019836 -0.002000 -0.101776
v 0.019211 -0.002000 -0.102858
v 0.019211 -0.002000 -0.101608
v 0.018586 -0.002000 -0.101776
v 0.019836 -0.002000 -0.103941
v 0.020293 -0.002000 -0.103483
v 0.020461 -0.002000 -0.102858
v 0.018128 -0.002000 -0.103483
v 0.018586 -0.002000 -0.103941
v 0.019211 -0.002000 -0.104108
v 0.018128 -0.002000 -0.102233
v 0.017961 -0.002000 -0.102858
v 0.025514 -0.002000 -0.062576
v 0.025057 -0.002000 -0.062118
v 0.024432 -0.002000 -0.063201
v 0.024432 -0.002000 -0.061951
v 0.023807 -0.002000 -0.062118
v 0.025057 -0.002000 -0.064283
v 0.025514 -0.002000 -0.063826
v 0.025682 -0.002000 -0.063201
v 0.023349 -0.002000 -0.063826
v 0.023807 -0.002000 -0.064283
v 0.024432 -0.002000 -0.064451
v 0.023349 -0.002000 -0.062576
v 0.023182 -0.002000 -0.063201
v -0.002000 0.001879 -0.037372
v -0.001880 0.001879 -0.038053
v -0.001887 -0.010000 -0.038023
v -0.001555 0.001880 -0.038629
v -0.001561 -0.010000 -0.038610
v -0.001034 0.001880 -0.039084
v -0.001020 -0.010000 -0.039081
v 0.013644 0.017899 -0.040887
v 0.043300 0.008287 -0.038063
v 0.018806 0.006877 -0.046471
v 0.017220 0.004215 -0.047427
v 0.015519 0.006170 -0.046461
v 0.015481 0.003523 -0.047380
v 0.013286 0.001084 -0.047104
v 0.007463 0.008316 -0.043791
v 0.007621 0.009371 -0.043812
v 0.004817 -0.010000 -0.042564
v 0.006554 -0.007015 -0.043672
v 0.010627 -0.010000 -0.046095
v 0.006550 -0.002578 -0.043671
v 0.012636 -0.000160 -0.046925
v 0.012335 -0.000833 -0.046837
v 0.006762 0.001838 -0.043699
v 0.011628 -0.002786 -0.046609
v 0.011079 -0.005001 -0.046397
v 0.014247 0.002592 -0.047309
v 0.014073 0.002366 -0.047287
v 0.014017 0.002281 -0.047279
v 0.013881 0.002039 -0.047256
v 0.013879 0.002035 -0.047256
v 0.013865 0.002014 -0.047252
v 0.008774 0.011221 -0.043852
v 0.009817 0.011599 -0.043860
v 0.015418 0.003493 -0.047379
v 0.022202 0.007283 -0.046387
v 0.021302 0.004957 -0.047598
v 0.019081 0.004689 -0.047491
v 0.025741 0.004661 -0.047925
v 0.025279 0.004734 -0.047886
v 0.025634 0.007368 -0.046208
v 0.025261 0.004737 -0.047885
v 0.023552 0.004937 -0.047745
v 0.029319 0.012558 -0.042388
v 0.033655 0.012184 -0.042131
v 0.028204 0.004146 -0.048154
v 0.030882 0.003314 -0.048428
v 0.033271 0.002286 -0.048671
v 0.037906 0.011614 -0.042050
v 0.034198 0.001800 -0.048762
v 0.034257 0.001756 -0.048775
v 0.034241 0.001773 -0.048769
v 0.038955 0.011276 -0.042057
v 0.034214 0.001792 -0.048764
v 0.039778 0.010505 -0.042074
v 0.035056 0.000524 -0.049139
v 0.034511 0.001454 -0.048879
v 0.035278 -0.000156 -0.049313
v 0.035285 -0.000187 -0.049320
v 0.040181 0.009465 -0.042096
v 0.037654 0.003219 -0.046207
v 0.036844 -0.007914 -0.050415
v 0.036682 -0.005494 -0.050082
v 0.038897 -0.003452 -0.046370
v 0.036210 -0.002937 -0.049700
v 0.038421 -0.000048 -0.046308
v 0.035575 -0.000905 -0.049416
v 0.035296 -0.000218 -0.049327
v 0.043026 0.013604 -0.038027
v 0.008335 0.017647 -0.041225
v 0.011927 0.011909 -0.043843
v 0.007984 0.010419 -0.043834
v 0.014595 0.002944 -0.047342
v 0.007182 0.006183 -0.043754
v 0.010739 -0.007355 -0.046222
v 0.036824 -0.009156 -0.050541
v 0.041292 -0.004697 -0.042242
v 0.041183 -0.000265 -0.042228
v 0.040861 0.004119 -0.042186
v 0.040340 0.008411 -0.042117
v 0.024950 0.012721 -0.042824
v 0.020584 0.012663 -0.043337
v 0.016225 0.012388 -0.043679
v 0.015423 0.003495 -0.047379
v 0.035741 -0.009920 -0.053908
v 0.036123 -0.009749 -0.052194
v 0.036246 -0.010000 -0.051809
v 0.036801 -0.009580 -0.050573
v 0.036770 -0.010000 -0.050596
v 0.039009 -0.010000 -0.046227
v 0.041239 -0.008099 -0.042213
v 0.041315 -0.010000 -0.041893
v 0.013989 -0.010000 -0.141266
v 0.014614 -0.010000 -0.141434
v 0.015072 -0.010000 -0.141891
v 0.015239 -0.010000 -0.142516
v 0.015072 -0.010000 -0.143141
v 0.014614 -0.010000 -0.143599
v 0.013989 -0.010000 -0.143766
v 0.013364 -0.010000 -0.143599
v 0.012907 -0.010000 -0.143141
v 0.012739 -0.010000 -0.142516
v 0.012907 -0.010000 -0.141891
v 0.013364 -0.010000 -0.141434
v 0.019211 -0.010000 -0.101608
v 0.019836 -0.010000 -0.101776
v 0.020293 -0.010000 -0.102233
v 0.020461 -0.010000 -0.102858
v 0.020293 -0.010000 -0.103483
v 0.019836 -0.010000 -0.103941
v 0.019211 -0.010000 -0.104108
v 0.018586 -0.010000 -0.103941
v 0.018128 -0.010000 -0.103483
v 0.017961 -0.010000 -0.102858
v 0.018128 -0.010000 -0.102233
v 0.018586 -0.010000 -0.101776
v 0.024432 -0.010000 -0.061951
v 0.025057 -0.010000 -0.062118
v 0.025514 -0.010000 -0.062576
v 0.025682 -0.010000 -0.063201
v 0.025514 -0.010000 -0.063826
v 0.025057 -0.010000 -0.064283
v 0.024432 -0.010000 -0.064451
v 0.023807 -0.010000 -0.064283
v 0.023349 -0.010000 -0.063826
v 0.023182 -0.010000 -0.063201
v 0.023349 -0.010000 -0.062576
v 0.023807 -0.010000 -0.062118
v 0.015968 -0.009508 -0.157906
v 0.009288 -0.007112 -0.157027
v 0.010170 -0.006468 -0.157143
v 0.008217 -0.008905 -0.156886
v 0.008668 -0.007881 -0.156945
v 0.011194 -0.006090 -0.157278
v 0.012290 -0.006008 -0.157422
v 0.013364 -0.006232 -0.157563
v 0.014324 -0.006736 -0.157690
v 0.015123 -0.007494 -0.157795
v 0.015684 -0.008442 -0.157869
v 0.015660 -0.005699 -0.052069
v 0.015949 -0.006022 -0.053519
v 0.015404 -0.008110 -0.053203
v 0.035628 -0.007761 -0.053320
v 0.015388 -0.010000 -0.054531
v 0.015263 -0.010000 -0.053037
v 0.015230 -0.010000 -0.052845
v 0.014799 -0.010000 -0.051234
v 0.014563 -0.007731 -0.050435
v 0.034983 -0.002592 -0.050822
v 0.035836 -0.004913 -0.051050
v 0.036317 -0.007303 -0.051244
v 0.034020 -0.000768 -0.050556
v 0.033106 0.000344 -0.050200
v 0.030661 0.001544 -0.049956
v 0.027928 0.002386 -0.049686
v 0.024965 0.003786 -0.048556
v 0.024993 0.002830 -0.049421
v 0.018958 0.003378 -0.048135
v 0.017537 0.002917 -0.048068
v 0.015052 0.001329 -0.047936
v 0.016216 0.002323 -0.048013
v 0.012570 -0.003862 -0.047310
v 0.013697 -0.000949 -0.047634
v 0.011916 -0.007018 -0.047049
v 0.011966 -0.010000 -0.047082
v 0.029440 -0.000440 -0.053972
v 0.031331 -0.001420 -0.054189
v 0.030528 -0.001435 -0.056444
v 0.032401 -0.002878 -0.056447
v 0.032627 -0.002486 -0.054305
v 0.033222 -0.003728 -0.056104
v 0.033891 -0.003950 -0.054032
v 0.032201 -0.002693 -0.056493
v 0.031741 -0.002298 -0.056551
v 0.030838 -0.001633 -0.056498
v 0.035649 -0.008900 -0.054139
v 0.035500 -0.008114 -0.054361
v 0.034946 -0.005768 -0.053673
v 0.034903 -0.006347 -0.054978
v 0.034115 -0.004906 -0.055575
v 0.027588 0.001023 -0.051629
v 0.025048 0.001288 -0.051480
v 0.025021 0.001992 -0.050400
v 0.029974 0.000327 -0.051829
v 0.035914 -0.007542 -0.052260
v 0.035300 -0.005374 -0.052319
v 0.034309 -0.003348 -0.052350
v 0.033175 -0.001772 -0.052309
v 0.032101 -0.000748 -0.052049
v 0.031929 0.000985 -0.050081
v 0.031078 -0.000168 -0.051937
v 0.014089 -0.010000 -0.049684
v 0.013850 -0.007508 -0.049178
v 0.015164 -0.005313 -0.050693
v 0.014472 -0.004870 -0.049423
v 0.016166 -0.003128 -0.051000
v 0.015516 -0.002475 -0.049714
v 0.017350 -0.001444 -0.051276
v 0.016741 -0.000633 -0.049972
v 0.018331 -0.000576 -0.051308
v 0.017727 0.000234 -0.050018
v 0.020360 0.000458 -0.051338
v 0.019954 0.001274 -0.050109
v 0.018200 0.001789 -0.048967
v 0.019482 0.002255 -0.049034
v 0.022645 0.001096 -0.051390
v 0.022437 0.001872 -0.050234
v 0.013150 -0.010000 -0.048310
v 0.012961 -0.007269 -0.048042
v 0.013600 -0.004383 -0.048287
v 0.014686 -0.001742 -0.048583
v 0.015968 0.000301 -0.048849
v 0.017015 0.001210 -0.048911
v 0.022201 0.002801 -0.049202
v 0.021940 0.003862 -0.048314
v 0.015671 -0.007134 -0.056342
v 0.016024 -0.006273 -0.055008
v 0.016816 -0.004498 -0.057069
v 0.016896 -0.004466 -0.055455
v 0.017878 -0.003099 -0.057536
v 0.018044 -0.002951 -0.055899
v 0.018063 -0.002906 -0.057577
v 0.018747 -0.002286 -0.057623
v 0.019350 -0.001821 -0.055907
v 0.019396 -0.001805 -0.057545
v 0.019685 -0.001617 -0.057486
v 0.021106 -0.000830 -0.055643
v 0.021178 -0.000841 -0.057171
v 0.016865 -0.004137 -0.053908
v 0.016619 -0.003687 -0.052410
v 0.018010 -0.002620 -0.054281
v 0.017776 -0.002113 -0.052726
v 0.019154 -0.001618 -0.054293
v 0.018811 -0.001199 -0.052746
v 0.020943 -0.000607 -0.054138
v 0.020692 -0.000174 -0.052692
v 0.029088 -0.000714 -0.056266
v 0.028763 -0.000591 -0.056243
v 0.027326 0.000157 -0.053850
v 0.027978 -0.000345 -0.056213
v 0.025096 0.000323 -0.053865
v 0.025317 -0.000000 -0.056389
v 0.022959 0.000058 -0.053982
v 0.022518 -0.000377 -0.056891
v 0.021829 -0.000590 -0.057033
v 0.019614 -0.010000 -0.157250
v 0.017829 -0.010000 -0.157869
v 0.022191 -0.010000 -0.154555
v 0.021117 -0.010000 -0.156108
v 0.006307 -0.010000 -0.156352
v 0.002952 -0.010000 -0.152022
v 0.003587 -0.010000 -0.153800
v 0.004744 -0.010000 -0.155293
v 0.004960 -0.008205 -0.155321
v 0.003842 -0.007884 -0.153833
v 0.003231 -0.007678 -0.152058
v 0.003188 -0.007607 -0.150172
v 0.006474 -0.008609 -0.156374
v 0.006967 -0.007300 -0.156439
v 0.007756 -0.006147 -0.156543
v 0.008795 -0.005218 -0.156680
v 0.010025 -0.004567 -0.156841
v 0.011374 -0.004231 -0.157019
v 0.012763 -0.004231 -0.157202
v 0.014111 -0.004567 -0.157379
v 0.015341 -0.005218 -0.157541
v 0.016380 -0.006147 -0.157678
v 0.017169 -0.007300 -0.157782
v 0.017662 -0.008609 -0.157847
v 0.004036 -0.005353 -0.150283
v 0.004053 -0.005491 -0.152167
v 0.004281 -0.004910 -0.150316
v 0.005371 -0.003566 -0.152340
v 0.005394 -0.003369 -0.150462
v 0.006495 -0.002295 -0.150607
v 0.007107 -0.002015 -0.152569
v 0.007183 -0.001770 -0.150698
v 0.009299 -0.000650 -0.150976
v 0.009160 -0.000928 -0.152839
v 0.011620 -0.000073 -0.151282
v 0.011412 -0.000368 -0.153135
v 0.012815 -0.000000 -0.151439
v 0.013731 -0.000368 -0.153441
v 0.014010 -0.000073 -0.151597
v 0.016330 -0.000650 -0.151902
v 0.015983 -0.000928 -0.153737
v 0.018447 -0.001770 -0.152181
v 0.018036 -0.002015 -0.154008
v 0.019134 -0.002295 -0.152271
v 0.019772 -0.003566 -0.154236
v 0.020236 -0.003369 -0.152416
v 0.021349 -0.004910 -0.152563
v 0.021089 -0.005491 -0.154410
v 0.021594 -0.005353 -0.152595
v 0.022441 -0.007607 -0.152707
v 0.021912 -0.007678 -0.154518
v 0.004591 -0.005892 -0.153932
v 0.005791 -0.004138 -0.154090
v 0.007373 -0.002724 -0.154298
v 0.009244 -0.001734 -0.154545
v 0.011296 -0.001224 -0.154815
v 0.013409 -0.001224 -0.155093
v 0.015460 -0.001734 -0.155363
v 0.017331 -0.002724 -0.155609
v 0.018913 -0.004138 -0.155818
v 0.020113 -0.005892 -0.155976
v 0.020862 -0.007884 -0.156074
v 0.005595 -0.006515 -0.155405
v 0.006613 -0.005027 -0.155539
v 0.007955 -0.003828 -0.155715
v 0.009542 -0.002988 -0.155924
v 0.011282 -0.002556 -0.156154
v 0.013075 -0.002556 -0.156389
v 0.014815 -0.002988 -0.156619
v 0.016402 -0.003828 -0.156828
v 0.017744 -0.005027 -0.157004
v 0.018762 -0.006515 -0.157138
v 0.019397 -0.008205 -0.157222
v 0.028800 -0.021164 -0.051168
v 0.029903 -0.021358 -0.051313
v 0.031041 -0.020346 -0.051463
v 0.031907 -0.020453 -0.051577
v 0.033065 -0.019076 -0.051729
v 0.033711 -0.019192 -0.051814
v 0.034783 -0.017409 -0.051955
v 0.035256 -0.017618 -0.052018
v 0.036120 -0.015419 -0.052131
v 0.036487 -0.015784 -0.052180
v 0.037017 -0.013192 -0.052250
v 0.037363 -0.013754 -0.052295
v 0.037435 -0.010825 -0.052305
v 0.037855 -0.011596 -0.052360
v 0.037357 -0.008422 -0.052294
v 0.014769 -0.011578 -0.049321
v 0.014496 -0.012808 -0.049285
v 0.015342 -0.013912 -0.049396
v 0.015205 -0.014904 -0.049378
v 0.016382 -0.016075 -0.049533
v 0.016283 -0.016833 -0.049520
v 0.017846 -0.017972 -0.049726
v 0.017695 -0.018529 -0.049706
v 0.019669 -0.019521 -0.049966
v 0.019391 -0.019935 -0.049929
v 0.021771 -0.020654 -0.050242
v 0.021314 -0.021003 -0.050182
v 0.024061 -0.021321 -0.050544
v 0.023400 -0.021695 -0.050457
v 0.026439 -0.021494 -0.050857
v 0.025576 -0.021990 -0.050743
v 0.027768 -0.021876 -0.051032
v 0.023327 0.001164 -0.050447
v 0.022223 0.001358 -0.050302
v 0.021085 0.000346 -0.050152
v 0.020220 0.000453 -0.050038
v 0.019061 -0.000924 -0.049886
v 0.018415 -0.000808 -0.049801
v 0.017343 -0.002591 -0.049660
v 0.016871 -0.002382 -0.049597
v 0.016007 -0.004581 -0.049484
v 0.015639 -0.004216 -0.049435
v 0.015109 -0.006808 -0.049365
v 0.014763 -0.006246 -0.049320
v 0.014691 -0.009175 -0.049310
v 0.014271 -0.008404 -0.049255
v 0.014182 -0.010617 -0.049243
v 0.037945 -0.009383 -0.052372
v 0.037630 -0.007192 -0.052330
v 0.036785 -0.006088 -0.052219
v 0.036922 -0.005096 -0.052237
v 0.035744 -0.003925 -0.052082
v 0.035843 -0.003167 -0.052095
v 0.034280 -0.002028 -0.051889
v 0.034432 -0.001471 -0.051909
v 0.032457 -0.000479 -0.051649
v 0.032735 -0.000065 -0.051686
v 0.030355 0.000654 -0.051373
v 0.030812 0.001003 -0.051433
v 0.028065 0.001321 -0.051071
v 0.028727 0.001695 -0.051158
v 0.025688 0.001494 -0.050758
v 0.026551 0.001990 -0.050872
v 0.024358 0.001876 -0.050583
v 0.001717 -0.011578 -0.148465
v 0.001129 -0.010617 -0.148388
v 0.001638 -0.009175 -0.148455
v 0.001219 -0.008404 -0.148400
v 0.002057 -0.006808 -0.148510
v 0.001710 -0.006246 -0.148464
v 0.002954 -0.004581 -0.148628
v 0.002587 -0.004216 -0.148580
v 0.004291 -0.002591 -0.148804
v 0.003818 -0.002382 -0.148742
v 0.006009 -0.000924 -0.149030
v 0.005362 -0.000808 -0.148945
v 0.008033 0.000346 -0.149297
v 0.007167 0.000453 -0.149183
v 0.010274 0.001164 -0.149592
v 0.024304 -0.008422 -0.151439
v 0.024892 -0.009383 -0.151516
v 0.024383 -0.010825 -0.151449
v 0.024802 -0.011596 -0.151504
v 0.023964 -0.013192 -0.151394
v 0.024311 -0.013754 -0.151440
v 0.023067 -0.015419 -0.151276
v 0.023434 -0.015784 -0.151324
v 0.021730 -0.017409 -0.151100
v 0.022203 -0.017618 -0.151162
v 0.020012 -0.019076 -0.150874
v 0.020659 -0.019192 -0.150959
v 0.017989 -0.020346 -0.150607
v 0.018854 -0.020453 -0.150721
v 0.015747 -0.021164 -0.150312
v 0.009171 0.001358 -0.149446
v 0.011305 0.001876 -0.149727
v 0.012635 0.001494 -0.149903
v 0.013498 0.001990 -0.150016
v 0.015012 0.001321 -0.150216
v 0.015674 0.001695 -0.150303
v 0.017302 0.000654 -0.150517
v 0.017759 0.001003 -0.150577
v 0.019405 -0.000479 -0.150794
v 0.019683 -0.000065 -0.150830
v 0.021228 -0.002028 -0.151034
v 0.021379 -0.001471 -0.151054
v 0.022692 -0.003925 -0.151227
v 0.022791 -0.003167 -0.151240
v 0.023732 -0.006088 -0.151364
v 0.023869 -0.005096 -0.151382
v 0.024577 -0.007192 -0.151475
v 0.016850 -0.021358 -0.150458
v 0.014716 -0.021876 -0.150176
v 0.013386 -0.021494 -0.150001
v 0.012523 -0.021990 -0.149888
v 0.011009 -0.021321 -0.149688
v 0.010347 -0.021695 -0.149601
v 0.008719 -0.020654 -0.149387
v 0.008262 -0.021003 -0.149327
v 0.006616 -0.019521 -0.149110
v 0.006338 -0.019935 -0.149074
v 0.004793 -0.017972 -0.148870
v 0.004642 -0.018529 -0.148850
v 0.003330 -0.016075 -0.148677
v 0.003231 -0.016833 -0.148664
v 0.002289 -0.013912 -0.148540
v 0.002152 -0.014904 -0.148522
v 0.001444 -0.012808 -0.148429
v 0.036132 0.000662 -0.055159
v 0.023863 0.000662 -0.148355
v 0.034012 0.002419 -0.054880
v 0.021742 0.002419 -0.148076
v 0.031607 0.003753 -0.054563
v 0.019338 0.003753 -0.147759
v 0.030541 0.004173 -0.054423
v 0.018271 0.004173 -0.147619
v 0.029001 0.004619 -0.054220
v 0.016731 0.004619 -0.147416
v 0.026738 0.004961 -0.053922
v 0.014469 0.004961 -0.147118
v 0.026281 0.004987 -0.053862
v 0.014011 0.004987 -0.147058
v 0.023540 0.004845 -0.053501
v 0.011271 0.004845 -0.146697
v 0.022863 0.004730 -0.053412
v 0.010593 0.004730 -0.146608
v 0.020872 0.004197 -0.053150
v 0.008602 0.004197 -0.146346
v 0.019179 0.003495 -0.052927
v 0.006909 0.003495 -0.146123
v 0.018367 0.003066 -0.052820
v 0.006098 0.003066 -0.146016
v 0.016111 0.001490 -0.052523
v 0.003842 0.001490 -0.145719
v 0.015937 0.001340 -0.052500
v 0.003667 0.001340 -0.145696
v 0.014181 -0.000478 -0.052269
v 0.001911 -0.000478 -0.145465
v 0.013359 -0.001588 -0.052161
v 0.001089 -0.001588 -0.145357
v 0.012642 -0.002769 -0.052066
v 0.000372 -0.002769 -0.145262
v 0.011620 -0.005089 -0.051932
v -0.000650 -0.005089 -0.145128
v 0.011546 -0.005307 -0.051922
v -0.000723 -0.005307 -0.145118
v 0.010932 -0.008005 -0.051841
v -0.001337 -0.008005 -0.145037
v 0.010838 -0.008924 -0.051829
v -0.001431 -0.008924 -0.145025
v 0.010820 -0.010771 -0.051827
v -0.001450 -0.010771 -0.145022
v 0.011068 -0.012833 -0.051859
v -0.001202 -0.012833 -0.145055
v 0.011213 -0.013510 -0.051878
v -0.001057 -0.013510 -0.145074
v 0.012099 -0.016130 -0.051995
v -0.000171 -0.016130 -0.145191
v 0.012292 -0.016549 -0.052020
v 0.000023 -0.016549 -0.145216
v 0.013447 -0.018542 -0.052172
v 0.001177 -0.018542 -0.145368
v 0.014429 -0.019819 -0.052302
v 0.002159 -0.019819 -0.145498
v 0.015211 -0.020662 -0.052405
v 0.002941 -0.020662 -0.145600
v 0.017331 -0.022419 -0.052684
v 0.005062 -0.022419 -0.145880
v 0.019736 -0.023753 -0.053000
v 0.007466 -0.023753 -0.146196
v 0.020802 -0.024173 -0.053141
v 0.008533 -0.024173 -0.146337
v 0.022342 -0.024619 -0.053344
v 0.010073 -0.024619 -0.146539
v 0.024605 -0.024961 -0.053641
v 0.012336 -0.024961 -0.146837
v 0.025062 -0.024987 -0.053702
v 0.012793 -0.024987 -0.146897
v 0.027803 -0.024845 -0.054062
v 0.015534 -0.024845 -0.147258
v 0.028481 -0.024730 -0.054152
v 0.016211 -0.024730 -0.147347
v 0.030471 -0.024197 -0.054414
v 0.018202 -0.024197 -0.147610
v 0.032165 -0.023495 -0.054637
v 0.019895 -0.023495 -0.147832
v 0.032976 -0.023066 -0.054743
v 0.020706 -0.023066 -0.147939
v 0.035232 -0.021490 -0.055040
v 0.022962 -0.021490 -0.148236
v 0.035406 -0.021340 -0.055063
v 0.023137 -0.021340 -0.148259
v 0.037162 -0.019522 -0.055295
v 0.024893 -0.019522 -0.148490
v 0.037984 -0.018412 -0.055403
v 0.025715 -0.018412 -0.148599
v 0.038701 -0.017231 -0.055497
v 0.026432 -0.017231 -0.148693
v 0.039723 -0.014911 -0.055632
v 0.027454 -0.014911 -0.148828
v 0.039797 -0.014693 -0.055641
v 0.027527 -0.014693 -0.148837
v 0.040411 -0.011995 -0.055722
v 0.028142 -0.011995 -0.148918
v 0.040505 -0.011076 -0.055735
v 0.028235 -0.011076 -0.148931
v 0.040524 -0.009229 -0.055737
v 0.028254 -0.009229 -0.148933
v 0.040276 -0.007167 -0.055704
v 0.028006 -0.007167 -0.148900
v 0.040130 -0.006490 -0.055685
v 0.027861 -0.006490 -0.148881
v 0.039245 -0.003870 -0.055569
v 0.026975 -0.003870 -0.148765
v 0.039051 -0.003451 -0.055543
v 0.026781 -0.003451 -0.148739
v 0.037897 -0.001458 -0.055391
v 0.025627 -0.001458 -0.148587
v 0.036915 -0.000181 -0.055262
v 0.024645 -0.000181 -0.148458
v 0.029348 -0.001199 -0.053257
v 0.016817 -0.001199 -0.148436
v 0.031084 -0.002135 -0.053486
v 0.018554 -0.002135 -0.148665
v 0.032590 -0.003414 -0.053684
v 0.020060 -0.003414 -0.148863
v 0.033236 -0.004166 -0.053769
v 0.020705 -0.004166 -0.148948
v 0.033799 -0.004982 -0.053843
v 0.021269 -0.004982 -0.149022
v 0.034659 -0.006768 -0.053956
v 0.022129 -0.006768 -0.149135
v 0.035132 -0.008696 -0.054019
v 0.022601 -0.008696 -0.149197
v 0.035216 -0.009687 -0.054030
v 0.022685 -0.009687 -0.149208
v 0.035197 -0.010681 -0.054027
v 0.022666 -0.010681 -0.149206
v 0.034851 -0.012636 -0.053982
v 0.022320 -0.012636 -0.149160
v 0.034110 -0.014476 -0.053884
v 0.021579 -0.014476 -0.149063
v 0.033600 -0.015328 -0.053817
v 0.021070 -0.015328 -0.148996
v 0.033005 -0.016121 -0.053739
v 0.020475 -0.016121 -0.148917
v 0.031586 -0.017498 -0.053552
v 0.019056 -0.017498 -0.148731
v 0.029914 -0.018547 -0.053332
v 0.017384 -0.018547 -0.148511
v 0.029006 -0.018933 -0.053212
v 0.016476 -0.018933 -0.148391
v 0.028063 -0.019222 -0.053088
v 0.015532 -0.019222 -0.148267
v 0.026112 -0.019495 -0.052831
v 0.013582 -0.019495 -0.148010
v 0.024148 -0.019352 -0.052573
v 0.011618 -0.019352 -0.147751
v 0.023188 -0.019127 -0.052446
v 0.010658 -0.019127 -0.147625
v 0.022257 -0.018801 -0.052324
v 0.009726 -0.018801 -0.147502
v 0.020520 -0.017865 -0.052095
v 0.007989 -0.017865 -0.147274
v 0.019014 -0.016586 -0.051897
v 0.006483 -0.016586 -0.147075
v 0.018369 -0.015834 -0.051812
v 0.005838 -0.015834 -0.146990
v 0.017805 -0.015018 -0.051738
v 0.005274 -0.015018 -0.146916
v 0.016945 -0.013232 -0.051624
v 0.004415 -0.013232 -0.146803
v 0.016472 -0.011304 -0.051562
v 0.003942 -0.011304 -0.146741
v 0.016388 -0.010313 -0.051551
v 0.003858 -0.010313 -0.146730
v 0.016408 -0.009319 -0.051554
v 0.003877 -0.009319 -0.146732
v 0.016753 -0.007364 -0.051599
v 0.004223 -0.007364 -0.146778
v 0.017495 -0.005524 -0.051697
v 0.004964 -0.005524 -0.146875
v 0.018004 -0.004672 -0.051764
v 0.005473 -0.004672 -0.146942
v 0.018599 -0.003879 -0.051842
v 0.006068 -0.003879 -0.147021
v 0.020018 -0.002502 -0.052029
v 0.007487 -0.002502 -0.147208
v 0.021690 -0.001453 -0.052249
v 0.009159 -0.001453 -0.147428
v 0.022598 -0.001067 -0.052369
v 0.010068 -0.001067 -0.147547
v 0.023541 -0.000778 -0.052493
v 0.011011 -0.000778 -0.147671
v 0.025492 -0.000505 -0.052750
v 0.012961 -0.000505 -0.147928
v 0.027456 -0.000648 -0.053008
v 0.014925 -0.000648 -0.148187
v 0.028416 -0.000873 -0.053135
v 0.015886 -0.000873 -0.148313
v 0.007062 -0.018888 -0.149015
v 0.005360 -0.017442 -0.148791
v 0.007479 -0.018350 -0.148633
v 0.005880 -0.016992 -0.148422
v 0.007805 -0.017991 -0.148021
v 0.006275 -0.016691 -0.147820
v 0.003994 -0.015671 -0.148611
v 0.003022 -0.013652 -0.148483
v 0.004597 -0.015328 -0.148253
v 0.003684 -0.013431 -0.148133
v 0.005046 -0.015099 -0.147658
v 0.004173 -0.013283 -0.147543
v 0.002488 -0.011473 -0.148413
v 0.003182 -0.011384 -0.148067
v 0.003693 -0.011325 -0.147480
v 0.002415 -0.009230 -0.148404
v 0.002806 -0.007021 -0.148455
v 0.003113 -0.009277 -0.148058
v 0.003480 -0.007201 -0.148106
v 0.003627 -0.009308 -0.147471
v 0.003978 -0.007321 -0.147518
v 0.003643 -0.004942 -0.148565
v 0.004267 -0.005248 -0.148210
v 0.004731 -0.005452 -0.147617
v 0.004891 -0.003084 -0.148729
v 0.006495 -0.001528 -0.148941
v 0.005440 -0.003502 -0.148364
v 0.006946 -0.002040 -0.148563
v 0.005853 -0.003781 -0.147764
v 0.007295 -0.002382 -0.147954
v 0.008384 -0.000343 -0.149189
v 0.008721 -0.000926 -0.148796
v 0.008994 -0.001316 -0.148178
v 0.010476 0.000421 -0.149465
v 0.012680 0.000729 -0.149755
v 0.010687 -0.000209 -0.149055
v 0.012758 0.000080 -0.149328
v 0.010875 -0.000630 -0.148426
v 0.012857 -0.000353 -0.148686
v 0.014899 0.000568 -0.150047
v 0.014843 -0.000071 -0.149602
v 0.014852 -0.000498 -0.148949
v 0.017037 -0.000055 -0.150328
v 0.018999 -0.001112 -0.150587
v 0.016851 -0.000656 -0.149867
v 0.018695 -0.001650 -0.150110
v 0.016774 -0.001058 -0.149202
v 0.018539 -0.002009 -0.149434
v 0.020701 -0.002558 -0.150811
v 0.020294 -0.003008 -0.150320
v 0.020069 -0.003309 -0.149636
v 0.022067 -0.004329 -0.150991
v 0.023039 -0.006348 -0.151119
v 0.021577 -0.004672 -0.150489
v 0.022490 -0.006569 -0.150609
v 0.021297 -0.004901 -0.149798
v 0.022171 -0.006717 -0.149913
v 0.023573 -0.008527 -0.151189
v 0.022992 -0.008616 -0.150675
v 0.022651 -0.008675 -0.149976
v 0.023646 -0.010770 -0.151199
v 0.023255 -0.012979 -0.151147
v 0.023061 -0.010723 -0.150684
v 0.022694 -0.012799 -0.150636
v 0.022717 -0.010692 -0.149985
v 0.022365 -0.012679 -0.149938
v 0.022418 -0.015058 -0.151037
v 0.021907 -0.014752 -0.150532
v 0.021612 -0.014548 -0.149839
v 0.021170 -0.016916 -0.150873
v 0.019566 -0.018472 -0.150662
v 0.020734 -0.016498 -0.150378
v 0.019228 -0.017960 -0.150180
v 0.020490 -0.016219 -0.149691
v 0.019049 -0.017618 -0.149502
v 0.017677 -0.019657 -0.150413
v 0.017453 -0.019074 -0.149946
v 0.017350 -0.018684 -0.149278
v 0.015585 -0.020421 -0.150137
v 0.013381 -0.020729 -0.149847
v 0.015487 -0.019791 -0.149687
v 0.013416 -0.020080 -0.149415
v 0.015469 -0.019370 -0.149030
v 0.013487 -0.019647 -0.148769
v 0.011162 -0.020568 -0.149555
v 0.011331 -0.019929 -0.149140
v 0.011491 -0.019502 -0.148507
v 0.009024 -0.019945 -0.149274
v 0.009323 -0.019344 -0.148876
v 0.009569 -0.018942 -0.148254
v 0.017777 -0.015099 -0.050962
v 0.016903 -0.013283 -0.050847
v 0.016423 -0.011325 -0.050784
v 0.016357 -0.009308 -0.050775
v 0.016708 -0.007321 -0.050821
v 0.017461 -0.005452 -0.050920
v 0.018583 -0.003781 -0.051068
v 0.020025 -0.002382 -0.051258
v 0.021724 -0.001316 -0.051482
v 0.023605 -0.000630 -0.051729
v 0.025587 -0.000353 -0.051990
v 0.027582 -0.000498 -0.052253
v 0.029504 -0.001058 -0.052506
v 0.031269 -0.002009 -0.052738
v 0.032799 -0.003309 -0.052940
v 0.034027 -0.004901 -0.053101
v 0.034901 -0.006717 -0.053216
v 0.035381 -0.008675 -0.053280
v 0.035447 -0.010692 -0.053288
v 0.035096 -0.012679 -0.053242
v 0.034343 -0.014548 -0.053143
v 0.033221 -0.016219 -0.052995
v 0.031779 -0.017618 -0.052805
v 0.030080 -0.018684 -0.052582
v 0.028199 -0.019370 -0.052334
v 0.026217 -0.019647 -0.052073
v 0.024222 -0.019502 -0.051810
v 0.022300 -0.018942 -0.051557
v 0.020535 -0.017991 -0.051325
v 0.019005 -0.016691 -0.051124
v 0.022223 -0.019344 -0.050893
v 0.024231 -0.019929 -0.051157
v 0.026316 -0.020080 -0.051432
v 0.028387 -0.019791 -0.051704
v 0.030353 -0.019074 -0.051963
v 0.032128 -0.017960 -0.052197
v 0.033634 -0.016498 -0.052395
v 0.034806 -0.014752 -0.052549
v 0.035593 -0.012799 -0.052653
v 0.035960 -0.010723 -0.052701
v 0.035892 -0.008616 -0.052692
v 0.035390 -0.006569 -0.052626
v 0.034477 -0.004672 -0.052506
v 0.033193 -0.003008 -0.052337
v 0.031595 -0.001650 -0.052127
v 0.029751 -0.000656 -0.051884
v 0.027742 -0.000071 -0.051619
v 0.025657 0.000080 -0.051345
v 0.023587 -0.000209 -0.051072
v 0.021621 -0.000926 -0.050814
v 0.019846 -0.002040 -0.050580
v 0.018339 -0.003502 -0.050381
v 0.017167 -0.005248 -0.050227
v 0.016380 -0.007201 -0.050124
v 0.016013 -0.009277 -0.050075
v 0.016082 -0.011384 -0.050084
v 0.016584 -0.013431 -0.050150
v 0.017496 -0.015328 -0.050270
v 0.018780 -0.016992 -0.050440
v 0.020379 -0.018350 -0.050650
v 0.022037 -0.019945 -0.050431
v 0.024175 -0.020568 -0.050712
v 0.026394 -0.020729 -0.051005
v 0.028598 -0.020421 -0.051295
v 0.030690 -0.019657 -0.051570
v 0.032579 -0.018472 -0.051819
v 0.034183 -0.016916 -0.052030
v 0.035430 -0.015058 -0.052194
v 0.036268 -0.012979 -0.052305
v 0.036659 -0.010770 -0.052356
v 0.036585 -0.008527 -0.052346
v 0.036051 -0.006348 -0.052276
v 0.035080 -0.004329 -0.052148
v 0.033714 -0.002558 -0.051968
v 0.032012 -0.001112 -0.051744
v 0.030050 -0.000055 -0.051486
v 0.027912 0.000568 -0.051204
v 0.025693 0.000729 -0.050912
v 0.023489 0.000421 -0.050622
v 0.021397 -0.000343 -0.050347
v 0.019507 -0.001528 -0.050098
v 0.017904 -0.003084 -0.049887
v 0.016656 -0.004942 -0.049723
v 0.015819 -0.007021 -0.049612
v 0.015428 -0.009230 -0.049561
v 0.015501 -0.011473 -0.049571
v 0.016035 -0.013652 -0.049641
v 0.017007 -0.015671 -0.049769
v 0.018373 -0.017442 -0.049949
v 0.020075 -0.018888 -0.050173
v -0.000114 -0.016037 -0.146356
v 0.001213 -0.018412 -0.146531
v -0.000986 -0.013457 -0.146241
v -0.001374 -0.010759 -0.146190
v -0.001263 -0.008036 -0.146205
v -0.000658 -0.005379 -0.146285
v 0.000421 -0.002880 -0.146427
v 0.001936 -0.000623 -0.146626
v 0.003837 0.001315 -0.146876
v 0.006059 0.002867 -0.147169
v 0.008526 0.003981 -0.147494
v 0.011153 0.004619 -0.147840
v 0.013852 0.004759 -0.148195
v 0.016531 0.004397 -0.148548
v 0.019098 0.003544 -0.148885
v 0.021466 0.002230 -0.149197
v 0.023554 0.000500 -0.149472
v 0.025291 -0.001588 -0.149701
v 0.026619 -0.003963 -0.149876
v 0.027491 -0.006543 -0.149990
v 0.027878 -0.009241 -0.150041
v 0.027767 -0.011964 -0.150027
v 0.027162 -0.014621 -0.149947
v 0.026084 -0.017120 -0.149805
v 0.024568 -0.019377 -0.149606
v 0.022667 -0.021315 -0.149355
v 0.020445 -0.022867 -0.149063
v 0.017979 -0.023981 -0.148738
v 0.015351 -0.024619 -0.148392
v 0.012652 -0.024759 -0.148037
v 0.009974 -0.024397 -0.147684
v 0.007407 -0.023544 -0.147346
v 0.005039 -0.022230 -0.147035
v 0.002951 -0.020500 -0.146760
v 0.007537 -0.022948 -0.148345
v 0.009991 -0.023763 -0.148668
v 0.012552 -0.024109 -0.149005
v 0.015132 -0.023976 -0.149345
v 0.017644 -0.023366 -0.149676
v 0.020002 -0.022301 -0.149986
v 0.022126 -0.020817 -0.150266
v 0.023943 -0.018965 -0.150505
v 0.025392 -0.016807 -0.150696
v 0.026423 -0.014418 -0.150832
v 0.027001 -0.011878 -0.150908
v 0.027107 -0.009274 -0.150922
v 0.026737 -0.006695 -0.150873
v 0.025903 -0.004229 -0.150763
v 0.024634 -0.001959 -0.150596
v 0.022973 0.000037 -0.150377
v 0.020977 0.001692 -0.150115
v 0.018713 0.002948 -0.149817
v 0.016259 0.003763 -0.149493
v 0.013699 0.004109 -0.149156
v 0.011119 0.003976 -0.148817
v 0.008607 0.003366 -0.148486
v 0.006249 0.002301 -0.148176
v 0.004125 0.000817 -0.147896
v 0.002308 -0.001035 -0.147657
v 0.000859 -0.003193 -0.147466
v -0.000173 -0.005582 -0.147330
v -0.000751 -0.008122 -0.147254
v -0.000857 -0.010726 -0.147240
v -0.000486 -0.013305 -0.147289
v 0.000347 -0.015771 -0.147399
v 0.001616 -0.018041 -0.147566
v 0.003277 -0.020037 -0.147784
v 0.005273 -0.021692 -0.148047
v 0.007837 -0.022055 -0.149041
v 0.010122 -0.022814 -0.149341
v 0.012506 -0.023137 -0.149655
v 0.014909 -0.023012 -0.149972
v 0.017247 -0.022444 -0.150279
v 0.019443 -0.021453 -0.150569
v 0.021420 -0.020071 -0.150829
v 0.023112 -0.018347 -0.151052
v 0.024461 -0.016338 -0.151229
v 0.025422 -0.014113 -0.151356
v 0.025960 -0.011748 -0.151427
v 0.026059 -0.009324 -0.151439
v 0.025714 -0.006923 -0.151394
v 0.024938 -0.004626 -0.151292
v 0.023756 -0.002513 -0.151136
v 0.022210 -0.000654 -0.150933
v 0.020351 0.000886 -0.150688
v 0.018243 0.002055 -0.150411
v 0.015959 0.002814 -0.150110
v 0.013574 0.003137 -0.149796
v 0.011172 0.003012 -0.149480
v 0.008833 0.002444 -0.149172
v 0.006638 0.001453 -0.148883
v 0.004660 0.000071 -0.148622
v 0.002968 -0.001653 -0.148400
v 0.001619 -0.003662 -0.148222
v 0.000659 -0.005887 -0.148096
v 0.000121 -0.008252 -0.148025
v 0.000022 -0.010676 -0.148012
v 0.000367 -0.013077 -0.148057
v 0.001143 -0.015374 -0.148159
v 0.002325 -0.017487 -0.148315
v 0.003871 -0.019346 -0.148518
v 0.005730 -0.020886 -0.148763
v 0.030548 -0.023981 -0.053266
v 0.037137 -0.019377 -0.054133
v 0.039732 -0.014621 -0.054475
v 0.040447 -0.009241 -0.054569
v 0.029100 0.004397 -0.053075
v 0.014506 -0.000623 -0.051154
v 0.011911 -0.005379 -0.050812
v 0.011196 -0.010759 -0.050718
v 0.011583 -0.013457 -0.050769
v 0.020830 -0.022055 -0.050349
v 0.018723 -0.020886 -0.050071
v 0.016864 -0.019346 -0.049827
v 0.015318 -0.017487 -0.049623
v 0.023115 -0.022814 -0.050650
v 0.022814 -0.023763 -0.051266
v 0.025499 -0.023137 -0.050964
v 0.025375 -0.024109 -0.051603
v 0.025221 -0.024759 -0.052565
v 0.020360 -0.022948 -0.050943
v 0.018097 -0.021692 -0.050645
v 0.016100 -0.020037 -0.050382
v 0.014440 -0.018041 -0.050164
v 0.014612 -0.003662 -0.049530
v 0.015961 -0.001653 -0.049708
v 0.013682 -0.003193 -0.050064
v 0.015131 -0.001035 -0.050255
v 0.012990 -0.002880 -0.050954
v 0.019631 0.001453 -0.050191
v 0.021826 0.002444 -0.050480
v 0.019072 0.002301 -0.050773
v 0.021430 0.003366 -0.051084
v 0.018628 0.002867 -0.051697
v 0.021095 0.003981 -0.052021
v 0.024165 0.003012 -0.050788
v 0.023942 0.003976 -0.051414
v 0.023722 0.004619 -0.052367
v 0.026567 0.003137 -0.051104
v 0.026522 0.004109 -0.051754
v 0.026421 0.004759 -0.052723
v 0.035203 -0.000654 -0.052241
v 0.036749 -0.002513 -0.052445
v 0.035796 0.000037 -0.052975
v 0.037457 -0.001959 -0.053194
v 0.036123 0.000500 -0.054000
v 0.037860 -0.001588 -0.054229
v 0.037931 -0.004626 -0.052600
v 0.038726 -0.004229 -0.053361
v 0.039188 -0.003963 -0.054403
v 0.038707 -0.006923 -0.052702
v 0.039560 -0.006695 -0.053471
v 0.040060 -0.006543 -0.054518
v 0.037454 -0.016338 -0.052538
v 0.036105 -0.018347 -0.052360
v 0.038215 -0.016807 -0.053294
v 0.036766 -0.018965 -0.053103
v 0.038653 -0.017120 -0.054333
v 0.032436 -0.021453 -0.051877
v 0.030240 -0.022444 -0.051588
v 0.032825 -0.022301 -0.052584
v 0.030467 -0.023366 -0.052274
v 0.033015 -0.022867 -0.053591
v 0.022543 -0.024397 -0.052212
v 0.019976 -0.023544 -0.051874
v 0.017608 -0.022230 -0.051562
v 0.015520 -0.020500 -0.051287
v 0.013783 -0.018412 -0.051059
v 0.012455 -0.016037 -0.050884
v 0.013171 -0.015771 -0.049996
v 0.014136 -0.015374 -0.049468
v 0.013360 -0.013077 -0.049365
v 0.012337 -0.013305 -0.049887
v 0.011966 -0.010726 -0.049838
v 0.013015 -0.010676 -0.049320
v 0.011306 -0.008036 -0.050733
v 0.012072 -0.008122 -0.049852
v 0.013114 -0.008252 -0.049333
v 0.013652 -0.005887 -0.049404
v 0.012651 -0.005582 -0.049928
v 0.016407 0.001315 -0.051404
v 0.016948 0.000817 -0.050494
v 0.017653 0.000071 -0.049931
v 0.029083 0.003763 -0.052091
v 0.028952 0.002814 -0.051418
v 0.031667 0.003544 -0.053413
v 0.031537 0.002948 -0.052414
v 0.031236 0.002055 -0.051719
v 0.033344 0.000886 -0.051996
v 0.033800 0.001692 -0.052712
v 0.034035 0.002230 -0.053725
v 0.039930 -0.009274 -0.053519
v 0.039052 -0.009324 -0.052748
v 0.040337 -0.011964 -0.054555
v 0.039825 -0.011878 -0.053506
v 0.038953 -0.011748 -0.052735
v 0.038415 -0.014113 -0.052664
v 0.039246 -0.014418 -0.053429
v 0.035236 -0.021315 -0.053883
v 0.034949 -0.020817 -0.052864
v 0.034413 -0.020071 -0.052137
v 0.027920 -0.024619 -0.052920
v 0.027955 -0.023976 -0.051943
v 0.027902 -0.023012 -0.051280
vn 0.426002 -0.903095 -0.054230
vn 0.080718 -0.967690 -0.238875
vn 0.018073 -0.997797 -0.063834
vn 0.036408 -0.989660 -0.138734
vn 0.000000 -1.000000 -0.000456
vn 0.750134 -0.659834 -0.043799
vn 0.931801 -0.362244 -0.022953
vn 0.281839 -0.099706 -0.954267
vn 0.999570 -0.029299 -0.000751
vn 0.375348 -0.006955 -0.926858
vn 0.026670 -0.046315 -0.998571
vn 0.166649 -0.602624 -0.780431
vn 0.085515 -0.821886 -0.563197
vn 0.000381 -0.012299 -0.999924
vn 0.015495 -0.336851 -0.941431
vn 0.025477 -0.687319 -0.725909
vn 0.016819 -0.929733 -0.367851
vn 0.031734 -0.999453 -0.009282
vn -0.081565 -0.993819 -0.075300
vn 0.000000 -1.000000 0.000000
vn -0.029489 -0.999456 -0.014771
vn -0.128712 -0.977823 -0.165216
vn -0.049712 -0.923467 -0.380444
vn -0.021531 -0.736775 -0.675795
vn -0.289858 -0.860164 -0.419642
vn -0.009152 -0.435896 -0.899950
vn -0.510882 -0.765839 -0.390501
vn -0.000289 -0.025523 -0.999674
vn -0.298858 -0.204720 -0.932080
vn -0.920418 -0.030913 -0.389712
vn -0.999798 -0.020067 -0.000813
vn -0.938777 -0.344408 -0.009021
vn -0.008134 -0.999571 -0.028139
vn -0.418181 -0.908127 -0.020719
vn -0.719424 -0.694315 -0.018852
vn -0.914505 -0.245087 -0.321890
vn -0.851964 -0.070284 -0.518861
vn -0.729692 -0.034501 -0.682905
vn -0.679118 -0.285690 -0.676151
vn -0.551954 -0.041008 -0.832865
vn -0.271515 -0.015963 -0.962302
vn -0.352419 -0.166764 -0.920864
vn -0.841700 -0.539372 -0.024876
vn -0.965884 -0.258857 0.007844
vn -0.858291 -0.344469 -0.380365
vn -0.999065 -0.042703 -0.006751
vn -0.971204 -0.044423 -0.234071
vn -0.709875 -0.704327 -0.001095
vn -0.648939 -0.618185 -0.443537
vn -0.539292 -0.841539 -0.031250
vn -0.372086 -0.808057 -0.456723
vn -0.257611 -0.966236 0.005057
vn -0.009618 -0.023222 -0.999684
vn -0.135721 -0.392592 -0.909643
vn -0.251971 -0.292911 -0.922342
vn -0.010469 -0.008983 -0.999905
vn -0.017802 -0.005930 -0.999824
vn -0.017780 -0.000629 -0.999842
vn -0.257807 -0.655697 -0.709645
vn -0.492057 -0.511865 -0.704183
vn -0.011515 -0.000989 -0.999933
vn -0.225209 -0.018973 -0.974126
vn -0.520240 -0.051280 -0.852479
vn -0.684008 -0.043952 -0.728149
vn -0.832022 -0.074124 -0.549768
vn -0.960204 -0.087783 -0.265146
vn -0.997015 -0.076193 -0.012470
vn -0.945887 -0.324328 -0.010465
vn -0.831928 -0.364286 -0.418559
vn -0.658690 -0.244083 -0.711724
vn -0.364781 -0.151642 -0.918662
vn -0.018553 -0.007161 -0.999802
vn -0.001501 -0.917530 -0.397665
vn -0.135114 -0.981997 -0.132006
vn -0.301041 -0.941826 -0.149456
vn -0.678004 -0.473600 -0.562151
vn -0.762252 -0.568449 -0.309575
vn -0.808585 -0.588359 -0.004843
vn -0.331016 -0.943617 -0.003800
vn -0.014032 -0.999902 -0.000286
vn -0.500350 -0.865749 -0.011332
vn -0.673699 -0.738407 -0.029738
vn -0.605729 -0.795457 -0.018477
vn -0.707107 -0.707107 -0.000000
vn -0.038779 0.517052 0.855075
vn -0.041933 -0.158477 0.986472
vn -0.126434 0.113213 0.985493
vn 0.090185 -0.288684 0.953167
vn -0.147412 0.070638 0.986549
vn 0.560372 0.052916 0.826549
vn -0.373907 0.805534 -0.459682
vn 0.058789 0.657463 -0.751190
vn 0.455533 0.648308 -0.610071
vn -0.791113 -0.367570 -0.488910
vn -0.925978 -0.361602 -0.108666
vn -0.936078 0.083702 -0.341690
vn -0.992679 -0.032515 -0.116326
vn -0.640941 0.450997 -0.621126
vn 0.718943 0.333564 -0.609800
vn 0.833449 -0.074556 -0.547545
vn 0.686290 -0.481980 -0.544702
vn 0.355794 -0.766114 -0.535239
vn -0.066688 -0.745498 -0.663164
vn -0.021340 -0.993239 -0.114110
vn -0.543070 -0.772178 -0.329872
vn -0.388072 -0.915893 -0.102668
vn -0.714678 -0.689731 -0.116217
vn -0.388862 -0.859324 -0.332187
vn -0.580043 -0.691236 -0.430980
vn -0.496205 -0.675200 -0.545789
vn -0.611272 -0.517289 -0.598965
vn -0.694597 -0.696792 -0.178928
vn -0.593730 -0.748761 -0.294689
vn -0.464917 -0.878498 -0.109968
vn -0.426357 -0.858834 -0.283942
vn -0.239798 -0.962174 -0.129296
vn -0.631815 -0.224354 -0.741940
vn -0.729444 -0.438468 -0.525030
vn -0.747297 -0.592802 -0.300224
vn -0.094043 -0.993587 -0.062772
vn -0.211236 -0.951154 -0.225135
vn -0.003359 -0.999990 -0.002928
vn -0.009699 -0.999858 -0.013777
vn -0.004217 -0.999965 -0.007261
vn -0.006723 -0.999912 -0.011455
vn -0.100362 -0.994949 -0.001786
vn -0.371816 -0.787568 -0.491416
vn -0.307860 -0.791639 -0.527759
vn -0.247796 -0.876911 -0.411854
vn -0.402422 -0.612398 -0.680460
vn -0.501293 -0.222356 -0.836220
vn -0.445985 -0.443808 -0.777259
vn -0.535954 -0.480907 -0.693889
vn -0.598396 -0.178943 -0.780962
vn -0.499947 -0.102809 -0.859932
vn -0.096805 -0.981483 -0.165286
vn -0.999890 -0.014547 -0.003053
vn -0.986675 -0.162629 -0.004957
vn -0.941853 -0.335965 -0.006377
vn -0.849990 -0.526783 -0.004024
vn -0.616825 -0.787090 -0.004099
vn -0.545036 -0.838399 -0.004821
vn -0.272264 -0.962221 -0.001881
vn -0.999643 -0.023139 -0.013341
vn -0.999910 -0.011894 -0.006262
vn -0.999927 -0.008930 -0.008080
vn -0.999867 -0.013720 -0.008800
vn -0.999901 -0.012677 -0.006063
vn -0.999748 -0.020481 -0.009188
vn -0.999567 -0.027326 -0.010915
vn -0.999847 -0.016869 -0.004684
vn -0.910308 -0.389217 -0.140886
vn -0.677948 -0.695585 -0.237800
vn -0.360119 -0.887352 -0.287959
vn 0.014768 -0.957797 -0.287066
vn 0.999834 -0.016903 -0.006782
vn 0.994172 -0.107561 -0.007304
vn 0.985738 -0.040674 -0.163300
vn 0.999265 -0.036436 -0.011871
vn 0.999666 -0.024338 -0.008651
vn 0.901003 -0.413608 -0.130851
vn 0.672371 -0.706577 -0.220604
vn 0.388358 -0.881882 -0.267325
vn 0.046571 -0.949612 -0.309948
vn 0.044818 -0.998884 -0.014931
vn 0.049041 -0.962282 -0.267596
vn 0.188003 -0.982107 -0.010965
vn 0.403878 -0.902669 -0.148562
vn 0.705244 -0.698016 -0.124116
vn 0.528649 -0.848821 -0.005744
vn 0.402594 -0.915377 -0.001576
vn 0.926396 -0.361668 -0.104817
vn 0.950229 -0.311548 -0.001344
vn 0.901454 -0.432867 -0.002606
vn 0.849863 -0.526970 -0.005947
vn 0.819652 -0.572838 -0.005253
vn 0.702302 -0.711874 -0.002769
vn 0.948282 -0.305038 -0.087822
vn 0.980050 -0.198583 -0.008157
vn 0.027951 -0.999457 -0.017432
vn 0.034822 -0.999167 -0.021267
vn 0.034255 -0.999345 -0.011712
vn 0.032183 -0.999468 -0.005276
vn 0.003689 -0.109830 -0.993944
vn 0.539372 -0.841700 -0.024876
vn 0.258857 -0.965884 0.007844
vn 0.326781 -0.855866 -0.400883
vn 0.704327 -0.709875 -0.001095
vn 0.618185 -0.648939 -0.443537
vn 0.841539 -0.539292 -0.031250
vn 0.808057 -0.372086 -0.456723
vn 0.966236 -0.257611 0.005057
vn 0.923467 -0.049712 -0.380444
vn 0.999924 -0.011022 -0.005521
vn 0.023222 -0.009618 -0.999684
vn 0.025523 -0.000289 -0.999674
vn 0.435896 -0.009152 -0.899950
vn 0.392592 -0.135721 -0.909643
vn 0.292911 -0.251971 -0.922342
vn 0.008983 -0.010469 -0.999905
vn 0.171124 -0.347516 -0.921927
vn 0.004324 -0.012980 -0.999906
vn 0.736775 -0.021531 -0.675795
vn 0.655697 -0.257807 -0.709645
vn 0.511865 -0.492057 -0.704183
vn 0.285457 -0.655649 -0.699026
vn -0.805534 -0.373907 -0.459682
vn 0.020182 -0.006831 -0.999773
vn -0.657463 0.058789 -0.751190
vn -0.648308 0.455533 -0.610071
vn 0.362277 0.515845 -0.776311
vn 0.825527 0.383387 -0.414150
vn 0.822687 -0.073593 -0.563711
vn 0.772178 -0.543070 -0.329872
vn 0.367570 -0.791113 -0.488910
vn -0.361444 0.779036 -0.512310
vn 0.080465 0.899513 -0.429421
vn -0.083702 -0.936078 -0.341690
vn -0.450997 -0.640941 -0.621126
vn 0.035290 -0.131680 -0.990664
vn 0.365712 -0.904228 -0.220515
vn 0.379254 -0.917045 -0.123269
vn 0.631568 -0.677694 -0.376634
vn 0.678107 -0.706486 -0.202603
vn 0.806397 -0.349220 -0.477252
vn 0.888451 -0.379883 -0.257572
vn 0.871310 -0.015253 -0.490496
vn 0.973311 -0.012811 -0.229131
vn 0.422729 -0.904909 -0.049388
vn 0.738621 -0.670094 -0.073566
vn 0.931017 -0.356235 -0.079397
vn 0.998148 -0.011733 -0.059690
vn 0.007162 -0.567789 0.823143
vn -0.007258 -0.933941 0.357355
vn 0.001642 -0.999927 -0.011948
vn 0.002483 -0.999861 -0.016479
vn 0.002607 -0.999891 -0.014544
vn -0.871820 -0.119152 0.475114
vn -0.709439 -0.422850 0.563821
vn -0.424770 -0.712661 0.558288
vn -0.921892 -0.072355 0.380630
vn -0.783157 -0.387025 0.486700
vn -0.627243 -0.550209 0.551214
vn -0.761275 -0.648374 -0.008490
vn -0.767515 -0.617188 0.173203
vn -0.022263 0.002667 0.999749
vn -0.011710 0.041943 0.999051
vn -0.013646 0.045488 0.998872
vn -0.002257 -0.034118 0.999415
vn 0.011575 -0.009263 0.999890
vn 0.015394 0.005815 0.999865
vn 0.053690 -0.600199 0.798047
vn -0.241601 -0.520228 0.819141
vn -0.217689 -0.152883 0.963970
vn -0.792472 -0.070890 0.605774
vn -0.692042 0.321083 0.646516
vn -0.444680 0.632863 0.633833
vn -0.014755 0.165017 0.986180
vn 0.024430 0.052632 0.998315
vn 0.248251 0.174681 0.952816
vn 0.425885 0.038082 0.903975
vn 0.364091 -0.169165 0.915872
vn 0.036477 -0.051866 0.997988
vn 0.004224 -0.047243 0.998874
vn -0.349168 -0.751507 0.559750
vn -0.480906 -0.338220 0.808911
vn -0.518396 -0.046373 0.853883
vn -0.101740 0.047250 0.993688
vn -0.046539 0.066267 0.996716
vn -0.070890 0.792472 0.605774
vn 0.321083 0.692042 0.646516
vn 0.517234 0.363434 0.774845
vn 0.828928 0.074121 0.554422
vn 0.720473 -0.334424 0.607519
vn 0.121687 -0.172937 0.977387
vn -0.925171 -0.379481 -0.007232
vn -0.839430 -0.347718 0.417672
vn -0.946998 -0.045259 0.318036
vn -0.998717 -0.048808 -0.013471
vn -0.956465 -0.043466 -0.288593
vn -0.779297 -0.608920 -0.148026
vn -0.905869 -0.332694 -0.262137
vn -0.763408 -0.033392 -0.645053
vn -0.834301 -0.267674 -0.481967
vn -0.689194 -0.120969 -0.714408
vn -0.526823 -0.003878 -0.849966
vn -0.517255 -0.010905 -0.855762
vn -0.789497 -0.437861 -0.430085
vn -0.730100 -0.352400 -0.585464
vn -0.625295 -0.180147 -0.759311
vn -0.508804 -0.014981 -0.860752
vn -0.943141 -0.321235 0.085396
vn -0.790335 -0.365492 0.491718
vn -0.240141 -0.961257 0.135338
vn -0.469574 -0.305647 0.828299
vn -0.030357 -0.960461 0.276754
vn 0.219613 -0.975581 -0.003507
vn -0.015954 -0.312959 0.949633
vn 0.052819 -0.959396 0.277073
vn 0.130016 -0.983662 0.124519
vn 0.455944 -0.272649 0.847218
vn 0.020490 -0.971943 0.234322
vn 0.065189 -0.995594 0.067396
vn -0.132156 -0.985732 0.104243
vn -0.118161 -0.983377 0.137867
vn 0.854565 -0.275984 0.439945
vn 0.006973 -0.968195 0.250100
vn -0.130316 -0.988125 0.081404
vn -0.387912 -0.917710 0.085628
vn 0.924754 -0.379742 -0.025009
vn 0.733453 -0.631155 -0.252369
vn 0.816803 -0.321043 -0.479337
vn -0.243163 -0.966537 -0.081714
vn 0.530567 -0.520230 -0.669223
vn 0.469520 -0.305729 -0.828300
vn 0.139646 -0.829372 -0.540963
vn 0.002355 -0.800936 -0.598746
vn 0.015774 -0.313172 -0.949566
vn -0.071460 -0.960267 -0.269777
vn -0.128368 -0.776643 -0.616723
vn -0.455978 -0.272819 -0.847144
vn 0.023097 -0.954953 -0.295856
vn -0.450309 -0.649290 -0.612898
vn -0.854651 -0.275918 -0.439819
vn -0.334553 -0.862436 -0.379839
vn 0.446185 -0.893515 -0.050497
vn -0.819227 -0.530677 -0.217370
vn 0.289537 -0.949008 -0.124708
vn -0.943141 -0.321235 0.085396
vn -0.790446 -0.365486 0.491544
vn -0.240719 -0.961082 0.135559
vn -0.469540 -0.305807 0.828260
vn -0.030471 -0.960460 0.276745
vn 0.219498 -0.975607 -0.003504
vn -0.015957 -0.313068 0.949597
vn 0.052976 -0.959395 0.277047
vn 0.130019 -0.983662 0.124515
vn 0.455915 -0.272810 0.847181
vn 0.020366 -0.971944 0.234331
vn 0.065212 -0.995591 0.067417
vn -0.132162 -0.985732 0.104240
vn -0.118166 -0.983377 0.137864
vn 0.854631 -0.275966 0.439828
vn 0.007129 -0.968201 0.250072
vn -0.130317 -0.988125 0.081406
vn -0.469980 -0.879715 0.072248
vn 0.924763 -0.379719 -0.025015
vn -0.388692 -0.920717 0.034610
vn 0.816847 -0.320888 -0.479366
vn -0.195500 -0.980667 -0.008443
vn 0.030198 -0.960481 -0.276703
vn 0.469414 -0.305642 -0.828392
vn -0.129674 -0.983700 -0.124579
vn -0.052847 -0.959375 -0.277141
vn 0.015774 -0.313101 -0.949589
vn -0.065308 -0.995589 -0.067359
vn -0.020482 -0.971951 -0.234289
vn -0.455947 -0.272607 -0.847230
vn 0.130295 -0.988127 -0.081417
vn -0.006972 -0.968197 -0.250093
vn -0.854598 -0.275883 -0.439944
vn 0.118266 -0.983363 -0.137876
vn 0.487145 -0.871139 -0.061700
vn 0.397950 -0.913464 -0.084970
vn 0.050395 -0.991033 -0.123748
vn -0.943149 -0.321258 0.085228
vn -0.790368 -0.365541 0.491628
vn 0.050494 -0.994700 0.089566
vn -0.469411 -0.305769 0.828347
vn -0.541021 -0.501132 0.675398
vn -0.421183 -0.763762 0.489154
vn -0.015956 -0.313124 0.949578
vn -0.001039 -0.813598 0.581427
vn -0.153454 -0.813833 0.560470
vn 0.456001 -0.272699 0.847171
vn 0.158964 -0.667687 0.727272
vn 0.028679 -0.894408 0.446331
vn -0.125839 -0.980377 0.151740
vn 0.434712 -0.794063 0.424840
vn 0.854577 -0.275846 0.440009
vn 0.516705 -0.551212 0.655119
vn 0.009409 -0.924951 0.379969
vn 0.543079 -0.810896 0.217975
vn 0.924759 -0.379716 -0.025213
vn -0.390249 -0.920049 0.034854
vn 0.816868 -0.320833 -0.479368
vn -0.195501 -0.980667 -0.008443
vn 0.030226 -0.960478 -0.276711
vn 0.469496 -0.305565 -0.828374
vn -0.129676 -0.983700 -0.124574
vn -0.052819 -0.959396 -0.277072
vn 0.015774 -0.313099 -0.949590
vn -0.065308 -0.995589 -0.067358
vn -0.020489 -0.971941 -0.234330
vn -0.455877 -0.272653 -0.847252
vn 0.130290 -0.988128 -0.081415
vn -0.006967 -0.968196 -0.250094
vn -0.854624 -0.275990 -0.439827
vn 0.118266 -0.983363 -0.137876
vn -0.470565 -0.865762 0.170366
vn 0.399028 -0.912996 -0.084939
vn 0.050470 -0.991026 -0.123771
vn -0.510067 -0.024334 -0.859790
vn -0.504791 -0.028753 -0.862762
vn -0.752677 -0.537893 -0.379668
vn -0.695424 -0.312915 -0.646892
vn -0.607951 -0.170783 -0.775390
vn -0.495927 -0.036045 -0.867616
vn -0.467212 -0.326392 -0.821694
vn -0.172985 -0.937722 -0.301255
vn -0.291216 -0.808618 -0.511205
vn -0.145780 -0.977046 -0.155338
vn -0.287266 -0.870017 -0.400685
vn -0.303581 -0.844436 -0.441323
vn -0.414547 -0.543447 -0.729942
vn -0.416865 -0.636056 -0.649351
vn -0.447272 -0.498911 -0.742318
vn -0.489202 -0.278873 -0.826385
vn -0.494132 -0.034441 -0.868704
vn -0.877114 -0.432495 -0.208852
vn -0.793638 -0.340551 -0.504146
vn -0.710453 -0.464066 -0.529054
vn -0.625878 -0.280669 -0.727669
vn -0.510278 -0.091503 -0.855128
vn -0.502224 -0.073226 -0.861632
vn -0.488223 -0.070422 -0.869873
vn -0.485882 -0.063108 -0.871743
vn -0.640247 -0.181053 -0.746527
vn -0.458130 -0.137137 -0.878243
vn -0.427938 -0.229582 -0.874163
vn -0.622993 -0.234667 -0.746198
vn -0.373935 -0.387294 -0.842719
vn -0.576543 -0.353415 -0.736679
vn -0.821246 -0.250614 -0.512589
vn -0.622713 -0.780716 -0.052071
vn -0.402925 -0.909358 -0.103536
vn -0.487397 -0.805853 -0.336222
vn -0.724505 -0.620562 -0.299993
vn -0.549754 -0.638452 -0.538655
vn -0.536252 -0.356597 -0.765031
vn -0.501237 -0.095475 -0.860026
vn -0.828073 -0.232141 -0.510299
vn -0.927478 -0.197359 -0.317544
vn -0.937342 -0.230656 -0.261128
vn -0.056663 -0.886781 -0.458703
vn -0.048518 -0.900977 -0.431146
vn -0.404956 -0.811673 -0.420947
vn -0.056830 -0.908504 -0.413993
vn -0.399794 -0.842830 -0.360281
vn 0.025324 -0.933637 -0.357325
vn -0.104247 -0.837592 -0.536257
vn -0.338762 -0.728149 -0.595852
vn -0.105660 -0.811810 -0.574282
vn -0.116093 -0.786198 -0.606972
vn -0.433440 -0.539754 -0.721662
vn -0.285033 -0.599830 -0.747636
vn -0.189424 -0.682920 -0.705506
vn -0.969525 -0.131390 -0.206782
vn -0.928306 -0.328968 -0.173287
vn -0.932682 -0.305891 -0.191143
vn -0.937401 -0.273073 -0.216126
vn -0.942091 -0.193094 -0.274188
vn -0.582886 -0.542730 -0.604722
vn -0.484806 -0.700399 -0.523837
vn -0.429814 -0.769257 -0.472762
vn -0.794098 -0.381745 -0.472948
vn -0.754998 -0.512275 -0.409331
vn -0.712772 -0.599663 -0.363815
vn -0.704498 -0.650623 -0.283500
vn -0.740033 -0.598786 -0.306278
vn -0.919332 -0.360285 -0.158186
vn 0.057598 -0.956272 -0.286751
vn 0.057025 -0.963626 -0.261099
vn 0.045881 -0.969424 -0.241064
vn 0.038242 -0.968527 -0.245954
vn 0.032189 -0.965986 -0.256583
vn 0.027960 -0.955825 -0.292602
vn 0.342043 -0.800762 -0.491718
vn 0.445892 -0.787969 -0.424599
vn 0.250690 -0.882882 -0.397082
vn 0.475983 -0.810116 -0.342274
vn 0.153718 -0.915022 -0.372970
vn 0.416214 -0.858771 -0.298795
vn 0.108828 -0.933798 -0.340848
vn 0.545415 -0.723035 -0.423962
vn 0.672210 -0.653789 -0.347409
vn 0.740085 -0.620148 -0.260174
vn 0.746245 -0.621278 -0.239022
vn 0.408942 -0.848935 -0.334778
vn 0.922039 -0.356822 -0.150072
vn 0.933086 -0.327025 -0.149683
vn 0.832235 -0.487644 -0.263796
vn 0.956848 -0.270669 -0.105738
vn 0.758249 -0.615924 -0.213764
vn 0.936830 -0.329959 -0.116088
vn 0.841786 -0.123853 -0.525411
vn 0.852691 -0.072900 -0.517305
vn 0.770551 -0.429069 -0.471329
vn 0.835860 -0.117327 -0.536258
vn 0.839451 -0.113544 -0.531441
vn 0.804030 -0.383662 -0.454245
vn 0.827747 -0.364002 -0.427010
vn 0.837121 -0.140871 -0.528568
vn 0.833515 -0.133941 -0.536016
vn 0.805940 -0.209105 -0.553838
vn 0.823344 -0.156985 -0.545399
vn 0.827392 -0.137534 -0.544524
vn 0.651604 -0.484348 -0.583797
vn 0.740368 -0.333519 -0.583627
vn 0.826125 -0.299299 -0.477428
vn 0.796479 -0.181297 -0.576848
vn 0.593591 -0.652486 -0.471075
vn 0.503839 -0.664364 -0.552057
vn 0.706951 -0.681504 -0.189136
vn 0.896875 -0.416996 -0.147407
vn 0.828730 -0.545039 -0.127040
vn 0.916237 -0.352522 -0.190364
vn 0.920502 -0.348580 -0.176546
vn 0.726960 -0.546995 -0.415120
vn 0.824609 -0.471064 -0.313239
vn 0.859907 -0.389865 -0.329491
vn 0.787873 -0.385700 -0.480095
vn 0.876609 -0.334062 -0.346351
vn 0.703264 -0.638501 -0.312627
vn 0.585400 -0.735275 -0.341582
vn 0.278577 -0.945935 -0.166135
vn 0.397367 -0.900855 -0.174814
vn 0.538571 -0.833511 -0.123289
vn 0.850677 -0.396644 -0.344997
vn 0.794246 -0.516069 -0.320697
vn 0.317980 -0.927137 -0.198258
vn 0.589818 -0.719007 -0.367619
vn 0.776177 -0.404308 -0.483822
vn 0.855913 -0.030110 -0.516243
vn 0.422850 -0.709439 0.563821
vn 0.712661 -0.424770 0.558288
vn 0.824279 -0.035740 0.565054
vn 0.987271 -0.022977 -0.157379
vn 1.000000 0.000000 0.000000
vn 0.944930 -0.027248 -0.326135
vn 0.699170 -0.044687 -0.713558
vn 0.435331 -0.106882 -0.893903
vn 0.999878 -0.000033 -0.015595
vn 0.971773 -0.000324 -0.235917
vn 0.838064 0.256775 -0.481368
vn -0.750195 -0.398511 -0.527633
vn -0.386001 -0.398531 -0.831971
vn 0.081606 -0.398577 -0.913497
vn 0.527413 -0.398575 -0.750315
vn 0.831925 -0.398513 -0.386120
vn 0.913497 -0.398577 0.081606
vn 0.750315 -0.398575 0.527413
vn 0.386120 -0.398513 0.831925
vn -0.081606 -0.398577 0.913497
vn -0.527154 -0.398468 0.750555
vn -0.831993 -0.398636 0.385847
vn -0.913539 -0.398543 -0.081305
vn -0.750315 -0.398575 -0.527413
vn -0.386120 -0.398513 -0.831925
vn 0.081606 -0.398577 -0.913497
vn 0.527154 -0.398468 -0.750555
vn 0.831993 -0.398636 -0.385847
vn 0.913539 -0.398543 0.081305
vn 0.750195 -0.398511 0.527633
vn 0.385971 -0.398695 0.831907
vn -0.081604 -0.398628 0.913475
vn -0.527391 -0.398664 0.750284
vn -0.831880 -0.398626 0.386100
vn -0.913497 -0.398577 -0.081606
vn -0.750315 -0.398575 -0.527413
vn -0.386090 -0.398677 -0.831860
vn 0.081604 -0.398628 -0.913475
vn 0.527391 -0.398664 -0.750284
vn 0.831815 -0.398790 -0.386069
vn 0.913475 -0.398628 0.081604
vn 0.750284 -0.398664 0.527391
vn 0.386100 -0.398626 0.831880
vn -0.081606 -0.398577 0.913497
vn -0.527413 -0.398575 0.750315
vn -0.831925 -0.398513 0.386120
vn -0.913497 -0.398577 -0.081606
vn -0.264004 -0.001874 0.964520
vn 0.171093 -0.031430 0.984753
vn -0.998072 0.059050 -0.019138
vn -0.915857 0.240307 -0.321649
vn -0.932160 -0.001269 -0.362045
vn -0.805478 0.043241 -0.591046
vn -0.765849 -0.002201 -0.643017
vn -0.484511 0.426821 -0.763592
vn -0.530795 -0.002868 -0.847495
vn -0.166894 -0.108753 -0.979959
vn -0.088537 -0.317144 -0.944236
vn -0.148799 -0.003141 -0.988862
vn -0.089863 -0.013347 -0.995865
vn -0.092123 -0.024202 -0.995454
vn -0.097093 -0.036594 -0.994602
vn -0.110308 -0.045835 -0.992840
vn -0.187854 -0.023864 -0.981907
vn -0.178522 -0.037172 -0.983234
vn -0.118747 -0.088270 -0.988993
vn -0.143342 -0.102664 -0.984334
vn -0.206408 -0.100556 -0.973285
vn -0.184389 -0.134055 -0.973668
vn 0.031095 0.991521 -0.126172
vn 0.108969 0.978085 -0.177415
vn 0.462360 -0.151198 -0.873706
vn 0.196171 0.966147 -0.167563
vn 0.702006 -0.201601 -0.683041
vn 0.292993 0.948381 -0.121359
vn 0.874648 -0.231875 -0.425704
vn 0.956575 0.261464 -0.128842
vn 0.962361 -0.238146 -0.130949
vn 0.180774 -0.085923 -0.979764
vn 0.151267 -0.157485 -0.975867
vn 0.106869 -0.220703 -0.969469
vn 0.046656 -0.269475 -0.961877
vn -0.015583 -0.322808 -0.946336
vn -0.093120 -0.315180 -0.944452
vn -0.169575 -0.313921 -0.934183
vn -0.243299 -0.294284 -0.924231
vn -0.310452 -0.256414 -0.915353
vn -0.366987 -0.203725 -0.907644
vn -0.408825 -0.138826 -0.901992
vn -0.433886 -0.065418 -0.898590
vn -0.048279 0.992926 -0.108478
vn 0.927580 -0.352128 -0.124905
vn 0.791326 -0.421476 -0.442901
vn 0.825212 -0.553597 -0.112046
vn 0.679342 -0.616412 -0.398159
vn 0.743938 -0.660696 -0.100184
vn 0.564027 -0.822215 -0.076392
vn 0.495635 -0.784804 -0.372061
vn 0.147079 -0.985339 -0.086461
vn 0.290381 -0.891133 -0.348655
vn 0.338681 -0.937207 -0.083297
vn 0.496070 -0.864274 -0.083336
vn -0.002676 -0.998953 -0.045680
vn -0.138311 -0.951333 -0.275382
vn 0.088186 -0.931349 -0.353288
vn -0.159322 -0.987159 -0.011535
vn -0.331771 -0.943347 0.004919
vn -0.378613 -0.888106 -0.260616
vn -0.490087 -0.871150 0.030207
vn -0.561677 -0.785060 -0.261150
vn -0.615510 -0.784111 0.079479
vn -0.738882 -0.639806 -0.211427
vn -0.770700 -0.629396 0.099409
vn -0.816692 -0.568137 0.101167
vn -0.877118 -0.439554 -0.193539
vn -0.918068 -0.378375 0.118255
vn -0.950938 -0.284268 0.122102
vn -0.957081 -0.223403 -0.184626
vn -0.765951 -0.635217 0.099086
vn -0.156380 0.986987 -0.037455
vn 0.631704 -0.383628 -0.673632
vn 0.520054 -0.543455 -0.658938
vn 0.373772 -0.671685 -0.639636
vn 0.201404 -0.760868 -0.616860
vn 0.012722 -0.805763 -0.592101
vn -0.180960 -0.803893 -0.566577
vn -0.368691 -0.755266 -0.541886
vn -0.539424 -0.662798 -0.519346
vn -0.683215 -0.531775 -0.500432
vn -0.791752 -0.369769 -0.486209
vn -0.858706 -0.186372 -0.477377
vn -0.853211 0.004091 -0.521549
vn 0.409784 -0.283887 -0.866882
vn 0.327536 -0.399897 -0.856039
vn 0.220113 -0.492768 -0.841861
vn 0.093563 -0.556936 -0.825269
vn -0.044296 -0.588757 -0.807095
vn -0.185780 -0.586307 -0.788499
vn -0.322448 -0.549994 -0.770412
vn -0.446686 -0.481668 -0.753968
vn -0.551120 -0.385011 -0.740293
vn -0.629415 -0.266162 -0.730065
vn -0.677299 -0.131857 -0.723795
vn -0.082000 0.992038 -0.095586
vn -0.875868 -0.469126 0.113032
vn -0.912774 -0.392731 0.112278
vn -0.751877 0.651949 0.098201
vn -0.983201 -0.131628 0.126448
vn -0.950066 -0.289468 0.116547
vn -0.691303 -0.717286 0.087183
vn -0.759842 -0.643635 0.091511
vn -0.758867 -0.643960 0.097143
vn -0.532413 -0.843730 0.068229
vn -0.272706 -0.961628 0.030038
vn -0.196250 -0.980419 0.016292
vn 0.078559 -0.996823 -0.013135
vn -0.014904 -0.999889 0.000552
vn -0.110252 -0.993846 0.010697
vn 0.327136 -0.943482 -0.053150
vn 0.215972 -0.975542 -0.040913
vn 0.520750 -0.850901 -0.069193
vn 0.551025 -0.825400 -0.122825
vn 0.472744 -0.876461 -0.091263
vn 0.859156 -0.497847 -0.118318
vn 0.813548 -0.570878 -0.110629
vn 0.773467 -0.625161 -0.104513
vn 0.696488 -0.711336 -0.094369
vn 0.918512 -0.375541 -0.123714
vn 0.964382 -0.231323 -0.128285
vn 0.907778 -0.401243 -0.122240
vn -0.468341 -0.882791 0.036572
vn -0.484570 -0.874226 0.030342
vn -0.967731 -0.174143 -0.182131
vn -0.028887 -0.977329 -0.209744
vn -0.037890 -0.991140 -0.127302
vn 0.142042 -0.978890 -0.146963
vn -0.248477 -0.781594 -0.572163
vn -0.340400 -0.784368 -0.518551
vn -0.276954 -0.862642 -0.423255
vn -0.251648 -0.672251 -0.696241
vn -0.286354 -0.655231 -0.699052
vn -0.484405 -0.578609 -0.656174
vn -0.341694 -0.640782 -0.687491
vn -0.369939 -0.715444 -0.592692
vn -0.282025 -0.714887 -0.639843
vn -0.189658 -0.871888 -0.451488
vn -0.169826 -0.936132 -0.307921
vn -0.062030 -0.949787 -0.306687
vn -0.065881 -0.962273 -0.263988
vn 0.034544 -0.967800 -0.249340
vn 0.075616 -0.966388 -0.245716
vn 0.199417 -0.947838 -0.248670
vn 0.320307 -0.919645 -0.227281
vn 0.181545 -0.944833 -0.272638
vn 0.483746 -0.709837 -0.511977
vn 0.432461 -0.749852 -0.500699
vn 0.607267 -0.714156 -0.348150
vn 0.489049 -0.742826 -0.457210
vn 0.535256 -0.800006 -0.271094
vn 0.288566 -0.855389 -0.430161
vn 0.422807 -0.870440 -0.252129
vn 0.367935 -0.846232 -0.385376
vn 0.284718 -0.890478 -0.354944
vn 0.707511 -0.619942 -0.339264
vn 0.602316 -0.596696 -0.530254
vn 0.454377 -0.723623 -0.519530
vn 0.815603 -0.467652 -0.340725
vn 0.743376 -0.403636 -0.533357
vn 0.740055 -0.409746 -0.533316
vn 0.764221 -0.279498 -0.581247
vn 0.703288 -0.439217 -0.558994
vn 0.618604 -0.547391 -0.563642
vn 0.883415 -0.159366 -0.440659
vn 0.846645 -0.253665 -0.467810
vn 0.879455 -0.352631 -0.319703
vn 0.811767 -0.329500 -0.482145
vn 0.771022 -0.352195 -0.530551
vn 0.933350 -0.233907 -0.272295
vn 0.321884 0.941555 -0.099322
vn 0.327855 0.930158 -0.165279
vn -0.035629 0.999365 -0.000670
vn -0.310796 0.948849 -0.055601
vn -0.669447 0.711740 -0.212761
vn -0.866390 -0.140767 -0.479117
vn -0.528969 0.813625 -0.241261
vn -0.487540 0.636138 -0.598025
vn -0.524019 0.684582 -0.506707
vn -0.725475 -0.102297 -0.680604
vn -0.747895 0.408396 -0.523321
vn -0.725615 0.512154 -0.459544
vn -0.528007 -0.041782 -0.848211
vn -0.025233 0.998897 -0.039605
vn -0.532278 -0.053872 -0.844854
vn -0.697847 -0.161829 -0.697725
vn -0.522910 -0.084548 -0.848184
vn -0.556939 -0.069998 -0.827598
vn -0.578286 -0.157746 -0.800439
vn -0.514171 -0.100633 -0.851763
vn -0.670404 -0.213175 -0.710714
vn -0.511417 -0.124215 -0.850308
vn -0.512862 -0.120103 -0.850028
vn -0.515111 -0.099733 -0.851301
vn -0.335589 -0.588672 -0.735422
vn -0.422865 -0.334287 -0.842281
vn -0.572615 -0.417264 -0.705693
vn -0.487848 -0.258504 -0.833774
vn -0.654923 -0.288823 -0.698325
vn -0.495942 -0.173562 -0.850834
vn -0.197416 -0.978988 -0.051079
vn -0.369919 -0.925367 -0.082802
vn -0.772306 -0.613528 -0.164701
vn -0.634841 -0.758287 -0.148251
vn -0.876555 -0.446086 -0.180715
vn -0.486983 -0.863750 -0.129551
vn -0.185576 -0.967932 -0.169319
vn -0.319622 -0.917525 -0.236622
vn -0.432029 -0.844906 -0.315412
vn -0.561221 -0.725218 -0.398861
vn -0.690494 -0.559341 -0.458645
vn -0.762833 -0.413187 -0.497356
vn -0.867968 -0.246829 -0.430937
vn -0.934912 -0.315922 -0.161655
vn -0.831787 -0.333213 -0.443958
vn -0.017525 -0.999224 -0.035261
vn 0.089415 -0.961040 -0.261547
vn 0.863874 -0.036530 -0.502382
vn -0.353810 0.715761 -0.602084
vn -0.500423 -0.044906 -0.864616
vn -0.515626 -0.042274 -0.855770
vn -0.126463 -0.782255 -0.609987
vn -0.156893 -0.714132 -0.682203
vn -0.009397 -0.930548 -0.366050
vn -0.087386 -0.862354 -0.498708
vn 0.015682 -0.962114 -0.272195
vn 0.013858 -0.955919 -0.293305
vn -0.049167 -0.926772 -0.372394
vn 0.084358 -0.943015 -0.321880
vn 0.105679 -0.950273 -0.292938
vn 0.201402 -0.887999 -0.413395
vn 0.774322 -0.277657 -0.568623
vn 0.804304 -0.240137 -0.543534
vn 0.860641 -0.092026 -0.500828
vn 0.300862 0.938649 -0.168579
vn 0.551809 0.780682 -0.293329
vn 0.872695 -0.121453 -0.472919
vn 0.837710 -0.187581 -0.512890
vn 0.861772 -0.170741 -0.477699
vn 0.218875 -0.901087 -0.374347
vn 0.149087 -0.940882 -0.304162
vn 0.035992 -0.966576 -0.253840
vn -0.014337 -0.952103 -0.305442
vn -0.108255 -0.916557 -0.384973
vn -0.179251 -0.756376 -0.629098
vn -0.290364 -0.527747 -0.798231
vn -0.250826 -0.608717 -0.752695
vn -0.213053 -0.788709 -0.576668
vn -0.134899 -0.863181 -0.486540
vn -0.153262 -0.889662 -0.430131
vn 0.008492 0.995435 0.095062
vn -0.053291 0.991951 0.114862
vn -0.471312 0.817302 0.331487
vn -0.742163 0.666957 0.066052
vn -0.037001 0.999168 -0.017160
vn -0.051379 0.995996 -0.073152
vn -0.003459 0.999244 -0.038723
vn 0.043590 0.994625 -0.093918
vn 0.014628 0.999840 -0.010282
vn 0.635436 0.770064 -0.056766
vn 0.305004 0.941771 0.141561
vn 0.069078 0.992759 0.098273
vn 0.018253 0.978733 0.204323
vn -0.106722 0.967335 0.229941
vn -0.402893 0.870330 0.283202
vn -0.022110 0.999754 0.001975
vn -0.311163 0.939319 -0.144420
vn -0.124503 0.976282 -0.177121
vn -0.003460 0.999244 -0.038728
vn 0.076730 0.983241 -0.165380
vn 0.237228 0.957019 -0.166849
vn 0.059704 0.998202 -0.005314
vn 0.301692 0.943083 0.139913
vn 0.082768 0.989577 0.117844
vn 0.003898 0.999040 0.043632
vn -0.042226 0.994957 0.090980
vn -0.013968 0.999854 0.009819
vn -0.626320 0.777556 0.055951
vn -0.292137 0.946716 -0.135589
vn -0.036566 0.997976 -0.052020
vn -0.000813 0.999958 -0.009102
vn 0.073652 0.984578 -0.158689
vn 0.486635 0.803851 -0.342067
vn 0.038017 0.999271 -0.003396
vn 0.311163 0.939319 0.144420
vn 0.124503 0.976282 0.177121
vn 0.004804 0.000161 -0.999988
vn 0.999302 0.036080 -0.009731
vn 0.891482 0.442714 -0.096252
vn 0.332361 0.933078 -0.137481
vn 0.024626 0.367857 -0.929556
vn 0.654808 0.743326 -0.136724
vn 0.001440 0.016795 -0.999858
vn 0.005779 0.001549 -0.999982
vn 0.000000 1.000000 0.000000
vn 0.016909 0.986019 -0.165770
vn 0.017568 0.994287 -0.105288
vn 0.017360 0.939871 -0.341087
vn 0.024264 0.680657 -0.732200
vn -0.660887 0.475095 -0.580959
vn -0.240967 0.969399 -0.046913
vn -0.471028 0.881815 -0.023120
vn -0.554533 0.832120 -0.008329
vn -0.700741 0.713416 -0.000009
vn -0.752560 0.658503 -0.005278
vn -0.758273 0.530496 -0.378941
vn -0.122610 0.942384 -0.311253
vn -0.017760 0.999842 -0.000563
vn -0.373186 0.927737 -0.006034
vn -0.688276 0.724544 -0.036224
vn -0.559770 0.828294 -0.024208
vn -0.022194 0.008566 -0.999717
vn -0.001482 0.902079 -0.431569
vn -0.666689 0.290310 -0.686474
vn -0.395377 0.130348 -0.909223
vn -0.263895 0.021598 -0.964309
vn -0.018375 0.001007 -0.999831
vn -0.853971 0.353697 -0.381619
vn -0.956183 0.090832 -0.278323
vn -0.855746 0.052169 -0.514759
vn -0.691071 0.055685 -0.720639
vn -0.554293 0.030430 -0.831765
vn -0.898173 0.439517 -0.010462
vn -0.996926 0.078244 -0.004081
vn -0.013613 0.000805 -0.999907
vn -0.226003 0.013735 -0.974030
vn -0.518685 0.044535 -0.853805
vn -0.682905 0.034501 -0.729692
vn -0.831734 0.064855 -0.551373
vn -0.960656 0.073875 -0.267737
vn -0.997854 0.064244 -0.012652
vn -0.632831 0.253100 -0.731755
vn -0.814344 0.360680 -0.454702
vn -0.539372 0.841700 -0.024876
vn -0.258857 0.965884 0.007844
vn -0.326781 0.855866 -0.400883
vn -0.031734 0.999453 -0.009282
vn -0.016819 0.929733 -0.367851
vn -0.704327 0.709875 -0.001095
vn -0.618185 0.648939 -0.443537
vn -0.841539 0.539292 -0.031250
vn -0.966236 0.257611 0.005057
vn -0.023222 0.009618 -0.999684
vn -0.359230 0.141877 -0.922402
vn -0.292911 0.251971 -0.922342
vn -0.008983 0.010469 -0.999905
vn -0.171124 0.347516 -0.921927
vn -0.004324 0.012980 -0.999906
vn -0.015495 0.336851 -0.941431
vn -0.000381 0.012299 -0.999924
vn -0.511865 0.492057 -0.704183
vn -0.285457 0.655649 -0.699026
vn -0.025477 0.687319 -0.725909
vn 0.029489 0.999456 -0.014771
vn 0.049712 0.923467 -0.380444
vn 0.021531 0.736775 -0.675795
vn 0.009152 0.435896 -0.899950
vn 0.000289 0.025523 -0.999674
vn -0.998867 0.047599 -0.000209
vn -0.970492 0.009646 -0.240939
vn -0.809002 0.286200 -0.513426
vn -0.137052 0.115529 -0.983804
vn -0.454070 0.777268 -0.435516
vn -0.755582 0.654983 -0.009689
vn -0.430654 0.902417 -0.013436
vn -0.251301 0.888650 -0.383599
vn -0.157199 0.980807 -0.115349
vn -0.009047 0.999657 -0.024577
vn -0.077518 0.993692 -0.081033
vn -0.000000 1.000000 -0.000584
vn -0.925957 0.377593 -0.005307
vn 0.841700 0.539372 -0.024876
vn 0.965884 0.258857 0.007844
vn 0.855866 0.326781 -0.400883
vn 0.999453 0.031734 -0.009282
vn 0.929733 0.016819 -0.367851
vn 0.709875 0.704327 -0.001095
vn 0.648939 0.618185 -0.443537
vn 0.539292 0.841539 -0.031250
vn 0.372086 0.808057 -0.456723
vn 0.257611 0.966236 0.005057
vn 0.009618 0.023222 -0.999684
vn 0.135721 0.392592 -0.909643
vn 0.251971 0.292911 -0.922342
vn 0.010469 0.008983 -0.999905
vn 0.347516 0.171124 -0.921927
vn 0.012980 0.004324 -0.999906
vn 0.336851 0.015495 -0.941431
vn 0.012299 0.000381 -0.999924
vn 0.257807 0.655697 -0.709645
vn 0.492057 0.511865 -0.704183
vn 0.655649 0.285457 -0.699026
vn 0.687319 0.025477 -0.725909
vn -0.038779 0.517052 0.855075
vn -0.041933 -0.158477 0.986472
vn -0.126434 0.113213 0.985493
vn 0.090185 -0.288684 0.953167
vn -0.147412 0.070638 0.986549
vn 0.560372 0.052916 0.826549
vn -0.721070 0.507126 -0.472104
vn -0.822687 0.073593 -0.563711
vn -0.983016 0.065327 -0.171501
vn -0.825527 -0.383387 -0.414150
vn -0.362277 -0.515845 -0.776311
vn -0.080465 -0.899513 -0.429421
vn 0.361444 -0.779036 -0.512310
vn 0.552947 -0.388528 -0.737086
vn -0.906039 0.375487 -0.195200
vn -0.727272 0.670461 -0.146825
vn -0.391654 0.842950 -0.368840
vn -0.381770 0.910646 -0.158038
vn 0.083702 0.936078 -0.341690
vn -0.026213 0.992223 -0.121681
vn 0.392516 0.557830 -0.731270
vn 0.761422 0.353431 -0.543437
vn 0.865098 -0.077355 -0.495603
vn 0.791113 0.367570 -0.488910
vn 0.863753 0.365715 -0.346676
vn 0.936078 -0.083702 -0.341690
vn 0.880672 0.044152 -0.471665
vn 0.640941 -0.450997 -0.621126
vn 0.373907 -0.805534 -0.459682
vn -0.455533 -0.648308 -0.610071
vn -0.779036 -0.361444 -0.512310
vn -0.899513 0.080465 -0.429421
vn -0.515845 0.362277 -0.776311
vn -0.058789 -0.657463 -0.751190
vn 0.039803 0.016215 -0.999076
vn 0.014203 0.061303 -0.998018
vn -0.383387 0.825527 -0.414150
vn 0.002204 0.118943 -0.992899
vn 0.073593 0.822687 -0.563711
vn 0.049552 0.961982 -0.268582
vn 0.543070 0.772178 -0.329872
vn 0.395809 0.884704 -0.246238
vn 0.693712 0.676394 -0.247496
vn 0.025510 0.999674 -0.001398
vn 0.026909 0.999477 -0.017957
vn 0.034501 0.999116 -0.024019
vn 0.029216 0.999547 -0.007164
vn 0.021739 0.999686 -0.012436
vn 0.017862 0.999747 -0.013657
vn 0.021437 0.999564 -0.020328
vn 0.073064 0.997312 -0.005539
vn 0.997678 0.054778 -0.040475
vn 0.975085 0.220821 -0.021150
vn 0.926326 0.376082 -0.021966
vn 0.813990 0.580619 -0.017376
vn 0.603586 0.797160 -0.014808
vn 0.451226 0.892335 -0.011565
vn 0.193311 0.981099 -0.008751
vn 0.999230 0.021969 -0.032521
vn 0.999632 0.016410 -0.021590
vn 0.999210 0.033787 -0.020946
vn -0.901956 0.414677 -0.120492
vn -0.991921 0.122023 -0.034672
vn -0.930005 0.183932 -0.318213
vn -0.994911 0.050557 -0.087158
vn -0.929273 0.250192 -0.271765
vn -0.985140 0.124147 -0.118689
vn -0.715243 0.347998 -0.606074
vn -0.729232 0.471146 -0.496228
vn -0.911493 0.341340 -0.229492
vn -0.980983 0.171343 -0.091181
vn -0.642304 0.739010 -0.203248
vn -0.332105 0.915100 -0.228689
vn -0.353065 0.822336 -0.446215
vn -0.683776 0.618847 -0.386624
vn -0.364497 0.655747 -0.661164
vn -0.367796 0.462545 -0.806708
vn 0.033558 0.499182 -0.865847
vn 0.066260 0.699829 -0.711231
vn 0.052160 0.839103 -0.541466
vn 0.024760 0.952690 -0.302933
vn 0.062958 0.859106 -0.507910
vn 0.031390 0.965559 -0.258284
vn 0.406396 0.853324 -0.326620
vn 0.085718 0.559236 -0.824565
vn 0.070535 0.737714 -0.671419
vn 0.418899 0.712255 -0.563220
vn 0.391346 0.537209 -0.747164
vn 0.724494 0.536908 -0.432247
vn 0.702609 0.412839 -0.579573
vn 0.915309 0.306498 -0.261280
vn 0.934835 0.204993 -0.289934
vn 0.924113 0.350983 -0.151084
vn 0.713103 0.651839 -0.258050
vn -0.999954 0.004702 -0.008400
vn -0.995829 0.091135 -0.004338
vn -0.028376 0.999578 -0.006290
vn -0.191801 0.981429 -0.003079
vn -0.556811 0.830614 -0.006427
vn -0.397957 0.917384 -0.005985
vn -0.938354 0.345648 -0.004428
vn -0.843318 0.537387 -0.005517
vn -0.725208 0.688528 -0.001832
vn -0.004217 0.999929 -0.011170
vn -0.008023 0.999854 -0.015098
vn -0.005931 0.999950 -0.008047
vn -0.010063 0.999878 -0.011960
vn -0.004196 0.999989 -0.002107
vn -0.198069 0.911872 -0.359526
vn -0.604804 0.461613 -0.648942
vn -0.487385 0.675937 -0.552779
vn -0.513634 0.443049 -0.734771
vn -0.365053 0.764112 -0.531854
vn -0.556253 0.253073 -0.791541
vn -0.644956 0.280318 -0.710952
vn -0.345114 0.677944 -0.649067
vn -0.440490 0.381986 -0.812438
vn -0.475608 0.026732 -0.879251
vn -0.401587 0.841096 -0.362332
vn -0.236403 0.937450 -0.255542
vn -0.582985 0.665499 -0.466090
vn -0.651072 0.710277 -0.267603
vn -0.435717 0.868924 -0.234780
vn -0.698854 0.464310 -0.544077
vn -0.746985 0.574945 -0.333844
vn -0.204938 0.974414 -0.092290
vn 0.353003 0.934361 -0.048568
vn 0.370130 0.924852 -0.087477
vn 0.286387 0.943630 -0.165965
vn 0.640678 0.751968 -0.155164
vn 0.461352 0.840985 -0.282664
vn 0.691314 0.718505 -0.076393
vn 0.904410 0.419746 -0.076527
vn 0.812551 0.536437 -0.228026
vn 0.917566 0.298484 -0.262641
vn 0.999724 0.001024 -0.023459
vn 0.961895 0.002491 -0.273409
vn 0.652205 0.668247 -0.357875
vn 0.744861 0.506192 -0.434685
vn 0.835125 0.282424 -0.472021
vn 0.862787 0.024833 -0.504958
vn 0.826700 0.069739 -0.558305
vn 0.949142 0.040419 -0.312242
vn 0.987365 0.023455 -0.156718
vn 0.999999 0.000001 -0.001012
vn 0.482414 0.036321 -0.875190
vn -0.709440 0.704652 -0.012634
vn -0.781755 0.623425 -0.014136
vn -0.739419 0.616279 0.271035
vn -0.680269 0.542509 0.492868
vn -0.756430 0.059369 0.651374
vn -0.881433 0.298393 0.366110
vn -0.903064 0.087591 0.420479
vn -0.007326 0.942716 0.333515
vn -0.422850 0.709439 0.563821
vn -0.756655 0.450992 0.473370
vn 0.003442 0.272857 0.962049
vn 0.008446 0.998353 -0.056736
vn 0.001920 0.999922 -0.012306
vn 0.872357 0.013287 0.488689
vn 0.709439 0.422850 0.563821
vn 0.424770 0.712661 0.558288
vn -0.003999 0.000479 0.999992
vn -0.044720 0.160175 0.986075
vn -0.001329 0.004429 0.999989
vn -0.000833 -0.012593 0.999920
vn 0.026302 -0.021048 0.999432
vn 0.004690 0.001772 0.999987
vn 0.008680 -0.097068 0.995240
vn -0.122306 -0.263492 0.956877
vn -0.014156 -0.009961 0.999850
vn -0.518551 -0.046368 0.853788
vn -0.100486 0.046688 0.993842
vn -0.012531 0.017818 0.999763
vn -0.019382 0.216665 0.976054
vn 0.023125 0.049793 0.998492
vn 0.574794 0.403676 0.711799
vn 0.770606 0.068934 0.633572
vn 0.571358 -0.265090 0.776709
vn 0.444680 -0.632863 0.633833
vn 0.070890 -0.792472 0.605774
vn -0.321083 -0.692042 0.646516
vn -0.632863 -0.444680 0.633833
vn -0.120654 -0.010789 0.992636
vn -0.319003 0.148072 0.936115
vn -0.134287 0.190843 0.972392
vn -0.001835 0.020520 0.999788
vn 0.097311 0.209440 0.972967
vn 0.295875 0.208088 0.932286
vn 0.425742 0.038084 0.904043
vn 0.325044 -0.150955 0.933573
vn 0.562242 -0.800575 0.207276
vn -0.922746 0.385369 -0.005570
vn -0.999963 0.007041 -0.004983
vn -0.827597 0.014889 0.561126
vn -0.923580 0.382576 0.025204
vn -0.612282 0.034065 -0.789906
vn -0.514766 0.002112 -0.857328
vn -0.799150 0.005337 -0.601108
vn -0.494629 0.006287 -0.869081
vn -0.678494 0.117617 -0.725129
vn -0.638621 0.180586 -0.748032
vn -0.816274 0.205447 -0.539896
vn -0.733621 0.326791 -0.595825
vn -0.914663 0.301230 -0.269541
vn -0.799540 0.515627 -0.308001
vn -0.957350 0.010150 -0.288753
vn 0.539737 0.735792 -0.409017
vn 0.596138 0.688551 -0.412938
vn 0.757826 0.381423 -0.529355
vn 0.578154 0.531955 -0.618677
vn 0.433828 0.533480 -0.726080
vn 0.342395 0.781085 -0.522180
vn 0.763398 0.399634 -0.507461
vn 0.512175 0.322115 -0.796190
vn 0.564393 0.286240 -0.774291
vn 0.666180 0.200794 -0.718252
vn 0.725928 0.155976 -0.669850
vn 0.710170 0.437765 -0.551380
vn 0.808093 0.055184 -0.586464
vn 0.786504 0.066749 -0.613968
vn 0.309926 0.928235 -0.205730
vn 0.564403 0.733397 -0.378917
vn 0.445125 0.763850 -0.467330
vn 0.272506 0.877336 -0.394997
vn 0.133759 0.982507 -0.129572
vn 0.274134 0.924206 -0.265882
vn 0.833268 0.029400 -0.552086
vn 0.840048 0.028618 -0.541757
vn 0.250272 0.949183 -0.190828
vn 0.357265 0.900207 -0.248978
vn 0.737912 0.414843 -0.532345
vn 0.354913 0.592161 -0.723452
vn 0.422654 0.524966 -0.738766
vn 0.086565 0.560246 -0.823790
vn 0.089017 0.558108 -0.824980
vn 0.076364 0.564144 -0.822138
vn 0.072044 0.562085 -0.823935
vn 0.073500 0.561336 -0.824318
vn 0.227504 0.692558 -0.684547
vn 0.158288 0.513347 -0.843457
vn 0.140819 0.518044 -0.843683
vn 0.082434 0.546989 -0.833071
vn 0.313221 0.657676 -0.685095
vn 0.056715 0.556822 -0.828694
vn 0.241140 0.706696 -0.665156
vn 0.063093 0.564772 -0.822832
vn 0.050947 0.556825 -0.829066
vn 0.301127 0.678070 -0.670480
vn 0.308456 0.448229 -0.839015
vn 0.368504 0.416732 -0.830987
vn 0.262499 0.936025 -0.234416
vn 0.374565 0.890770 -0.257351
vn 0.290139 0.841782 -0.455218
vn 0.309851 0.816684 -0.486846
vn 0.373655 0.792772 -0.481555
vn 0.521653 0.706520 -0.478234
vn 0.644704 0.580264 -0.497645
vn 0.466141 0.839153 -0.280239
vn 0.622373 0.739618 -0.256158
vn 0.759775 0.604695 -0.238926
vn 0.846957 0.473112 -0.242547
vn 0.904630 0.327300 -0.272981
vn 0.929619 0.223514 -0.293001
vn 0.929903 0.205934 -0.304749
vn 0.731844 0.381513 -0.564671
vn 0.424305 0.507169 -0.750163
vn 0.090672 0.557505 -0.825207
vn 0.074504 0.482029 -0.872982
vn 0.063643 0.855024 -0.514668
vn 0.039651 0.971026 -0.235663
vn 0.105527 0.517475 -0.849167
vn 0.100701 0.716247 -0.690543
vn 0.105231 0.507574 -0.855158
vn 0.133908 0.537150 -0.832790
vn 0.122857 0.753865 -0.645441
vn 0.123858 0.564056 -0.816394
vn 0.073916 0.871094 -0.485522
vn 0.076125 0.903838 -0.421048
vn 0.096292 0.572871 -0.813970
vn -0.973753 0.158899 -0.162962
vn -0.917675 0.187891 -0.350099
vn -0.862919 0.287955 -0.415275
vn -0.735962 0.317048 -0.598197
vn -0.836165 0.299260 -0.459643
vn -0.488567 0.406485 -0.772057
vn -0.214466 0.451775 -0.865970
vn 0.062387 0.468576 -0.881218
vn -0.590149 0.408066 -0.696567
vn -0.351192 0.446018 -0.823245
vn -0.193650 0.447908 -0.872856
vn 0.043825 0.451998 -0.890942
vn -0.906482 0.406310 -0.114903
vn -0.004731 0.402900 -0.915232
vn -0.017033 0.396398 -0.917921
vn -0.142482 0.600088 -0.787142
vn -0.035285 0.386602 -0.921571
vn -0.116387 0.334426 -0.935208
vn 0.018980 0.436172 -0.899663
vn -0.051387 0.462729 -0.885009
vn -0.243525 0.588525 -0.770931
vn -0.027463 0.398423 -0.916791
vn -0.794303 0.486568 -0.363778
vn -0.610188 0.721268 -0.327785
vn -0.777287 0.625703 -0.065726
vn -0.446649 0.693420 -0.565397
vn -0.620886 0.534541 -0.573382
vn -0.305643 0.512168 -0.802662
vn 0.014022 0.444848 -0.895497
vn -0.300789 0.779107 -0.550016
vn -0.338181 0.908683 -0.244803
vn -0.111492 0.963137 -0.244821
vn -0.170546 0.808522 -0.563211
vn -0.202378 0.554608 -0.807127
vn -0.218606 0.250286 -0.943169
vn -0.384513 0.104564 -0.917178
vn -0.434318 0.064543 -0.898444
vn -0.347473 0.469869 -0.811471
vn -0.307731 0.186788 -0.932959
vn -0.128666 0.936242 -0.326949
vn -0.246339 0.748445 -0.615749
vn -0.467198 0.029782 -0.883651
vn -0.586936 0.149704 -0.795673
vn -0.489801 0.010651 -0.871769
vn -0.617819 0.188747 -0.763331
vn -0.718952 0.377863 -0.583376
vn -0.751109 0.593241 -0.289656
vn 0.850367 -0.242678 -0.466888
vn 0.882663 -0.001875 -0.470002
vn 0.866282 0.018131 -0.499227
vn 0.857637 0.010430 -0.514150
vn -0.902271 -0.103232 -0.418628
vn -0.571572 -0.103170 -0.814040
vn 0.000000 -1.000000 0.000000
vn -0.088766 -0.103197 -0.990692
vn 0.419067 -0.103138 -0.902078
vn -0.418426 -0.103254 0.902363
vn -0.813789 -0.103210 0.571923
vn -0.990738 -0.103202 0.088242
vn 0.902170 -0.103160 0.418865
vn 0.572419 -0.103228 0.813437
vn 0.088242 -0.103202 0.990738
vn 0.813690 -0.103188 -0.572068
vn 0.990692 -0.103197 -0.088766
vn -0.902078 -0.103138 -0.419067
vn -0.572068 -0.103188 -0.813690
vn 0.000000 -1.000000 0.000000
vn -0.088766 -0.103197 -0.990692
vn 0.418865 -0.103160 -0.902170
vn -0.418628 -0.103232 0.902271
vn -0.814040 -0.103170 0.571572
vn -0.990692 -0.103197 0.088766
vn 0.902363 -0.103254 0.418426
vn 0.571923 -0.103210 0.813789
vn 0.088242 -0.103202 0.990738
vn 0.813437 -0.103228 -0.572419
vn 0.990738 -0.103202 -0.088242
vn -0.902170 -0.103160 -0.418865
vn -0.572419 -0.103228 -0.813437
vn 0.000000 -1.000000 0.000000
vn -0.088242 -0.103202 -0.990738
vn 0.418426 -0.103254 -0.902363
vn -0.419067 -0.103138 0.902078
vn -0.813690 -0.103188 0.572068
vn -0.990692 -0.103197 0.088766
vn 0.902271 -0.103232 0.418628
vn 0.571572 -0.103170 0.814040
vn 0.088766 -0.103197 0.990692
vn 0.813789 -0.103210 -0.571923
vn 0.990738 -0.103202 -0.088242
vn -0.999830 0.000029 -0.018417
vn -0.941892 0.000386 -0.335915
vn -0.922486 -0.006674 -0.385973
vn -0.771363 0.000563 -0.636396
vn -0.736640 -0.026120 -0.675781
vn -0.519137 0.006644 -0.854665
vn -0.525681 -0.056756 -0.848786
vn 0.060347 0.463097 -0.884251
vn 0.836799 0.033224 -0.546502
vn -0.038915 0.447376 -0.893499
vn -0.127163 0.380533 -0.915983
vn -0.073371 0.391700 -0.917163
vn -0.102441 0.354866 -0.929288
vn -0.445452 0.058394 -0.893400
vn -0.454853 0.038223 -0.889746
vn -0.394936 0.092901 -0.913999
vn -0.158856 -0.951410 -0.263786
vn -0.517679 -0.004017 -0.855566
vn -0.252608 -0.878583 -0.405315
vn -0.512887 0.009432 -0.858404
vn -0.454852 0.111794 -0.883522
vn -0.476825 0.079204 -0.875422
vn -0.490267 0.037804 -0.870752
vn -0.487719 0.054995 -0.871267
vn -0.510860 0.017021 -0.859495
vn -0.306521 0.176116 -0.935429
vn -0.346895 0.160990 -0.923984
vn -0.361919 0.124926 -0.923801
vn -0.376400 0.127175 -0.917687
vn -0.392967 0.105339 -0.913499
vn -0.396560 0.101448 -0.912386
vn -0.194481 0.264265 -0.944638
vn -0.062030 0.363542 -0.929510
vn -0.174016 0.296245 -0.939126
vn 0.021152 0.508612 -0.860736
vn -0.070302 0.467181 -0.881362
vn -0.121584 0.420160 -0.899268
vn 0.057203 0.575283 -0.815952
vn -0.037760 0.587322 -0.808472
vn 0.071673 0.538118 -0.839816
vn 0.016159 0.529784 -0.847979
vn -0.038370 0.510484 -0.859031
vn 0.095525 0.552799 -0.827821
vn 0.095142 0.550753 -0.829228
vn 0.081801 0.567093 -0.819582
vn 0.124062 0.571491 -0.811176
vn 0.133395 0.550063 -0.824400
vn 0.108634 0.537178 -0.836444
vn 0.190660 0.520626 -0.832224
vn 0.242009 0.493004 -0.835691
vn 0.163300 0.514867 -0.841573
vn 0.247666 0.474376 -0.844766
vn 0.191268 0.520378 -0.832240
vn 0.443380 0.368540 -0.817063
vn 0.400460 0.411479 -0.818729
vn 0.341936 0.444903 -0.827732
vn 0.479016 0.358285 -0.801358
vn 0.622459 0.241869 -0.744342
vn 0.676948 0.189018 -0.711346
vn 0.724100 0.169019 -0.668664
vn 0.861263 0.063577 -0.504167
vn 0.803537 0.186687 -0.565222
vn 0.836474 0.094529 -0.539793
vn 0.745210 0.224375 -0.627948
vn 0.772884 0.151222 -0.616265
vn 0.670347 0.254559 -0.697019
vn 0.560009 0.360011 -0.746178
vn 0.798090 0.056217 -0.599910
vn 0.033456 0.431029 -0.901718
vn -0.019440 0.409424 -0.912137
vn -0.310557 0.167028 -0.935765
vn -0.246353 0.242823 -0.938268
vn -0.486070 0.018248 -0.873729
vn -0.541858 0.002657 -0.840466
vn 0.883345 -0.016272 -0.468441
vn 0.877746 0.006011 -0.479088
vn 0.861155 0.038747 -0.506863
vn 0.821684 0.079837 -0.564324
vn 0.788183 0.088665 -0.609021
vn 0.104072 0.537672 -0.836707
vn 0.080644 0.509175 -0.856876
vn 0.020195 0.461372 -0.886977
vn -0.162355 0.309716 -0.936866
vn 0.989440 0.057373 -0.133105
vn 0.944434 0.081514 -0.318434
vn 0.057040 -0.998164 -0.020371
vn 0.903825 0.013222 -0.427698
vn 0.069449 -0.996993 -0.034376
vn 0.666976 -0.657452 -0.350572
vn 0.884841 -0.026773 -0.465124
vn 0.501127 -0.820952 -0.273696
vn 0.014678 -0.986381 -0.163821
vn -0.138385 -0.944463 -0.298060
vn -0.386290 -0.881412 -0.271833
vn -0.062209 -0.998048 -0.005541
vn -0.670289 -0.673875 0.310813
vn -0.180907 -0.949216 0.257413
vn -0.008595 -0.995296 0.096502
vn 0.044752 -0.994331 0.096454
vn 0.575927 -0.710481 0.404382
vn 0.771450 -0.632525 0.069122
vn 0.037759 -0.999133 -0.017541
vn 0.211373 -0.930017 -0.300649
vn 0.014679 -0.986380 -0.163825
vn -0.138503 -0.944420 -0.298140
vn -0.386323 -0.881468 -0.271606
vn -0.049292 -0.998775 -0.004417
vn -0.372679 -0.911686 0.173029
vn -0.097964 -0.985405 0.139211
vn -0.002817 -0.999496 0.031629
vn 0.138217 -0.944483 0.298073
vn 0.029622 -0.999344 0.020818
vn 0.042383 -0.999094 0.003775
vn 0.575253 -0.773206 -0.266901
vn 0.211168 -0.930031 -0.300748
vn 0.030061 -0.940841 -0.337511
vn -0.027294 -0.997895 -0.058826
vn -0.551702 -0.738625 -0.387373
vn -0.764502 -0.640971 -0.068499
vn -0.014746 -0.999868 0.006850
vn -0.090683 -0.987492 0.128984
vn -0.003226 -0.999347 0.036000
vn 0.138390 -0.944459 0.298070
vn 0.009823 -0.999928 0.006912
vn 0.833613 -0.547336 0.074247
vn 0.464831 -0.858763 -0.215542
vn 0.005185 -0.999959 -0.007378
vn -0.112238 0.002984 -0.993677
vn -0.163696 0.036604 -0.985831
vn -0.148271 0.040671 -0.988110
vn -0.170812 0.013228 -0.985215
vn -0.168671 0.024577 -0.985366
vn -0.147884 0.145618 -0.978226
vn -0.112224 0.126581 -0.985588
vn -0.088812 0.098867 -0.991130
vn -0.076467 0.069882 -0.994620
vn -0.072198 0.044334 -0.996405
vn -0.073026 0.023361 -0.997056
vn -0.906999 0.283001 -0.311871
vn -0.929093 0.332236 -0.162500
vn -0.972594 0.162659 -0.166141
vn 0.951589 0.181963 -0.247725
vn -0.428739 -0.903309 -0.014703
vn -0.242245 -0.969949 -0.022702
vn -0.638228 -0.747704 -0.183316
vn -0.406943 -0.901566 -0.146891
vn -0.922395 0.108740 -0.370626
vn 0.703846 0.367084 -0.608153
vn 0.807087 0.263760 -0.528243
vn 0.882083 0.125642 -0.454030
vn 0.554255 0.485335 -0.676203
vn 0.358029 0.615370 -0.702236
vn 0.195012 0.700512 -0.686479
vn 0.097590 0.725034 -0.681764
vn -0.053955 0.598638 -0.799201
vn -0.016121 0.678115 -0.734779
vn -0.151256 0.528701 -0.835223
vn -0.199618 0.453071 -0.868838
vn -0.434665 0.233338 -0.869839
vn -0.282268 0.388404 -0.877193
vn -0.582096 0.093413 -0.807737
vn -0.539610 0.169950 -0.824584
vn -0.640159 0.043799 -0.766993
vn -0.479955 -0.671413 -0.564667
vn 0.326398 0.899091 -0.291718
vn 0.494588 0.816790 -0.297048
vn 0.458868 0.886251 -0.063248
vn 0.726893 0.679403 -0.100193
vn 0.669988 0.680152 -0.297504
vn 0.781098 0.615189 -0.106905
vn 0.808872 0.516271 -0.281407
vn 0.761772 0.639978 -0.100655
vn 0.648439 0.756146 -0.088149
vn 0.582627 0.808939 -0.078501
vn 0.985246 0.111153 -0.130138
vn 0.962328 0.240022 -0.127725
vn 0.891735 0.357157 -0.277935
vn 0.926883 0.354638 -0.122963
vn 0.858841 0.499413 -0.113922
vn 0.151904 0.872168 -0.465025
vn 0.005111 0.884082 -0.467305
vn -0.024816 0.786999 -0.616454
vn 0.226883 0.825537 -0.516733
vn 0.912319 0.176435 -0.369518
vn 0.853666 0.318491 -0.412090
vn 0.763473 0.449016 -0.464213
vn 0.627493 0.591878 -0.505899
vn 0.458170 0.723645 -0.516157
vn 0.278138 0.685458 -0.672894
vn 0.345139 0.796520 -0.496422
vn -0.727009 -0.547647 -0.414173
vn -0.825785 0.082667 -0.557894
vn -0.854330 0.241110 -0.460419
vn -0.784332 0.197258 -0.588143
vn -0.787806 0.371261 -0.491454
vn -0.722075 0.306124 -0.620400
vn -0.676708 0.508659 -0.532289
vn -0.616596 0.425413 -0.662445
vn -0.458570 0.703611 -0.542812
vn -0.393366 0.618301 -0.680416
vn -0.324288 0.770183 -0.549232
vn -0.266767 0.707269 -0.654680
vn -0.283197 0.562410 -0.776849
vn -0.203175 0.625041 -0.753686
vn -0.189405 0.875604 -0.444345
vn -0.143630 0.762117 -0.631306
vn -0.651751 -0.544206 -0.528263
vn -0.734887 0.057815 -0.675721
vn -0.696872 0.149357 -0.701471
vn -0.638378 0.234381 -0.733171
vn -0.538315 0.333582 -0.773912
vn -0.374046 0.469180 -0.799975
vn -0.119316 0.668450 -0.734124
vn -0.085141 0.580088 -0.810092
vn -0.956494 0.264296 0.123563
vn -0.929729 0.367347 -0.025700
vn -0.858697 0.500265 0.111240
vn -0.858276 0.511121 -0.046028
vn -0.784133 0.612184 0.101815
vn -0.744594 0.664150 -0.066973
vn -0.683411 0.724565 0.089185
vn -0.623835 0.777405 0.080449
vn -0.580011 0.810469 -0.082020
vn -0.502535 0.862075 0.065461
vn -0.485008 0.872411 0.060552
vn -0.413085 0.905764 -0.094616
vn -0.440972 0.895753 0.056306
vn -0.856737 0.475386 -0.200024
vn -0.833116 0.428073 -0.350245
vn -0.736013 0.635905 -0.232184
vn -0.716558 0.579895 -0.387641
vn -0.539245 0.804833 -0.247907
vn -0.504754 0.764673 -0.400622
vn -0.367291 0.880077 -0.300935
vn -0.373397 0.830492 -0.413350
vn 0.425190 0.903188 -0.058857
vn 0.311158 0.949161 -0.047682
vn 0.149994 0.946510 -0.285694
vn 0.196291 0.980122 -0.028831
vn -0.000098 0.964596 -0.263732
vn -0.004545 0.999987 -0.002258
vn -0.193620 0.955874 -0.220944
vn -0.198821 0.979765 0.023059
vn -0.334961 0.941238 0.043262
vn 0.011569 -0.999642 -0.024116
vn 0.014977 -0.995506 -0.093509
vn 0.091288 -0.994593 -0.049503
vn 0.055974 -0.996697 -0.058847
vn -0.076064 -0.987491 -0.138118
vn -0.293389 -0.955209 -0.038701
vn -0.218741 -0.970195 -0.104281
vn -0.143202 -0.980358 -0.135614
vn -0.672785 0.151262 -0.724210
vn -0.854906 0.201608 -0.478005
vn -0.955058 0.231814 -0.184735
vn -0.963453 0.238284 0.122389
vn -0.428162 0.085683 -0.899631
vn -0.398503 0.157391 -0.903561
vn -0.354850 0.221617 -0.908277
vn -0.294110 0.269424 -0.917011
vn -0.229850 0.322985 -0.918069
vn -0.154531 0.315088 -0.936397
vn -0.078038 0.313840 -0.946263
vn -0.003902 0.293795 -0.955861
vn 0.063334 0.256824 -0.964381
vn 0.119465 0.203881 -0.971679
vn 0.161357 0.138899 -0.977073
vn 0.186349 0.065252 -0.980314
vn -0.908927 0.400151 0.117179
vn -0.879024 0.421481 -0.222871
vn -0.800072 0.591253 0.101515
vn -0.759218 0.616441 -0.208779
vn -0.751205 0.653039 0.096076
vn -0.660394 0.746440 0.081892
vn -0.575059 0.784795 -0.231095
vn -0.518857 0.852323 0.065823
vn -0.382093 0.922920 0.047153
vn -0.370695 0.891155 -0.261586
vn -0.161616 0.986680 0.018540
vn -0.168086 0.936121 -0.308909
vn -0.000859 0.999978 -0.006516
vn 0.073724 0.946649 -0.313719
vn 0.158154 0.987158 -0.022500
vn 0.363939 0.930012 -0.051239
vn 0.298290 0.888096 -0.349726
vn 0.500365 0.862911 -0.070849
vn 0.474956 0.785032 -0.397670
vn 0.636089 0.766555 -0.088227
vn 0.658977 0.639775 -0.395521
vn 0.740116 0.665077 -0.099508
vn 0.793292 0.599276 -0.107494
vn 0.797143 0.439526 -0.413980
vn 0.908634 0.399422 -0.121849
vn 0.962116 0.239689 -0.129932
vn 0.876737 0.223482 -0.425898
vn -0.784512 0.383658 -0.487184
vn -0.672976 0.543489 -0.501720
vn -0.526617 0.671688 -0.521066
vn -0.354113 0.760840 -0.543807
vn -0.165567 0.805749 -0.568644
vn 0.028279 0.803755 -0.594288
vn 0.215801 0.755291 -0.618842
vn 0.386600 0.662813 -0.641264
vn 0.530398 0.531745 -0.660246
vn 0.638863 0.369698 -0.674669
vn 0.705772 0.186341 -0.683493
vn -0.620371 0.283853 -0.731142
vn -0.537858 0.400026 -0.742084
vn -0.430415 0.492848 -0.756204
vn -0.304040 0.556973 -0.772878
vn -0.166090 0.588759 -0.791061
vn -0.024678 0.586522 -0.809557
vn 0.112050 0.550059 -0.827575
vn 0.236288 0.481394 -0.844054
vn 0.340574 0.384843 -0.857849
vn 0.418963 0.266185 -0.868111
vn 0.467021 0.132102 -0.874323
vn 0.108046 0.103544 0.988739
vn 0.177691 -0.129258 0.975561
vn 0.082381 0.106935 0.990847
vn 0.200273 -0.117939 0.972616
vn 0.060953 0.095242 0.993586
vn 0.220473 -0.102532 0.969989
vn 0.042452 0.079255 0.995950
vn 0.237444 -0.083638 0.967794
vn 0.027481 0.059655 0.997841
vn 0.250104 -0.062013 0.966231
vn 0.015742 0.037516 0.999172
vn 0.258066 -0.038094 0.965376
vn 0.008966 0.012725 0.999879
vn 0.262040 -0.013506 0.964963
vn 0.025906 -0.011060 0.999603
vn 0.234067 0.010913 0.972159
vn -0.002495 -0.036770 0.999321
vn 0.240130 0.036254 0.970063
vn 0.006146 -0.060470 0.998151
vn 0.230642 0.058703 0.971266
vn 0.019787 -0.082093 0.996428
vn 0.216759 0.079000 0.973024
vn 0.036845 -0.100476 0.994257
vn 0.198963 0.096412 0.975253
vn 0.057104 -0.115410 0.991675
vn 0.178027 0.109764 0.977885
vn 0.079558 -0.126651 0.988752
vn 0.154637 0.118386 0.980853
vn 0.103612 -0.132690 0.985727
vn 0.129643 0.123288 0.983866
vn 0.128214 -0.134182 0.982627
vn 0.155261 -0.147647 0.976778
vn 0.151476 -0.103075 0.983072
vn 0.080847 0.129330 0.988300
vn 0.176849 -0.107327 0.978369
vn 0.058164 0.117776 0.991335
vn 0.198062 -0.095352 0.975540
vn 0.038331 0.102364 0.994008
vn 0.216930 -0.079300 0.972961
vn 0.021888 0.083372 0.996278
vn 0.232402 -0.059849 0.970777
vn 0.008936 0.061598 0.998061
vn 0.243149 -0.037142 0.969278
vn 0.000118 0.038231 0.999269
vn 0.249761 -0.012927 0.968221
vn -0.003453 0.013566 0.999902
vn -0.019588 -0.012674 0.999728
vn 0.278070 0.012570 0.960478
vn 0.261249 0.036661 0.964575
vn 0.019060 -0.036083 0.999167
vn 0.252154 0.060586 0.965789
vn 0.028807 -0.058688 0.997861
vn 0.239100 0.082118 0.967516
vn 0.042682 -0.078967 0.995963
vn 0.221778 0.100671 0.969887
vn 0.060263 -0.095919 0.993563
vn 0.201384 0.115608 0.972666
vn 0.081207 -0.109311 0.990685
vn 0.179077 0.126169 0.975711
vn 0.104658 -0.118580 0.987414
vn 0.155005 0.132491 0.978989
vn 0.129465 -0.122613 0.983974
vn 0.130390 0.134072 0.982356
vn 0.102961 0.147710 0.983657
vn -0.026455 0.017862 -0.999490
vn -0.266068 -0.002663 -0.963951
vn -0.013444 -0.004593 -0.999899
vn -0.264022 0.022826 -0.964246
vn -0.016619 -0.028724 -0.999449
vn -0.257147 0.047284 -0.965215
vn -0.024144 -0.052346 -0.998337
vn -0.246026 0.069771 -0.966749
vn -0.036190 -0.074066 -0.996596
vn -0.230627 0.089895 -0.968881
vn -0.053140 -0.092657 -0.994279
vn -0.212343 0.106529 -0.971371
vn -0.073003 -0.108256 -0.991439
vn -0.190947 0.119361 -0.974316
vn -0.101428 -0.101087 -0.989694
vn -0.232991 -0.018136 -0.972310
vn 0.007661 0.002587 -0.999967
vn -0.245452 0.004459 -0.969399
vn 0.005251 -0.022681 -0.999729
vn -0.242682 0.028915 -0.969675
vn -0.001374 -0.047298 -0.998880
vn -0.234921 0.052244 -0.970609
vn -0.012482 -0.069952 -0.997472
vn -0.222293 0.073643 -0.972195
vn -0.027848 -0.089811 -0.995569
vn -0.205890 0.092296 -0.974213
vn -0.046447 -0.106502 -0.993227
vn -0.185897 0.107525 -0.976668
vn -0.067857 -0.119015 -0.990571
vn -0.158420 0.101710 -0.982119
vn -0.172475 0.144118 -0.974414
vn -0.144505 0.137371 -0.979922
vn -0.121990 -0.116524 -0.985668
vn -0.119283 0.137899 -0.983237
vn -0.146222 -0.116399 -0.982380
vn -0.094386 0.133180 -0.986587
vn -0.170006 -0.111120 -0.979158
vn -0.070832 0.123813 -0.989774
vn -0.192308 -0.100380 -0.976187
vn -0.049707 0.110679 -0.992612
vn -0.212547 -0.085953 -0.973363
vn -0.031409 0.093532 -0.995121
vn -0.229672 -0.067517 -0.970923
vn -0.016561 0.073499 -0.997158
vn -0.242899 -0.045762 -0.968972
vn -0.006135 0.050741 -0.998693
vn 0.016746 0.030178 -0.999404
vn -0.085423 -0.144086 -0.985871
vn -0.114272 -0.136996 -0.983958
vn -0.137292 0.116990 -0.983598
vn -0.139361 -0.137560 -0.980640
vn -0.112984 0.116232 -0.986775
vn -0.164072 -0.133074 -0.977431
vn -0.089188 0.110512 -0.989865
vn -0.187565 -0.123881 -0.974409
vn -0.066690 0.100856 -0.992663
vn -0.209043 -0.110584 -0.971634
vn -0.046622 0.086203 -0.995186
vn -0.227296 -0.093367 -0.969339
vn -0.029687 0.067527 -0.997276
vn -0.241617 -0.073022 -0.967620
vn -0.016261 0.045660 -0.998825
vn -0.252167 -0.050727 -0.966353
vn -0.274459 -0.030411 -0.961118
vn 0.673855 0.733742 -0.086844
vn 0.646148 0.758184 -0.087462
vn 0.581315 0.810295 -0.074128
vn 0.530001 0.844920 -0.072180
vn 0.458484 0.886810 -0.057964
vn 0.425374 0.903165 -0.057870
vn 0.325374 0.944780 -0.039019
vn 0.296579 0.954128 -0.040992
vn 0.221327 0.974814 -0.027423
vn 0.180565 0.983202 -0.026632
vn 0.138979 0.990174 -0.015488
vn 0.120644 0.992489 -0.020264
vn -0.024038 0.999697 0.005278
vn -0.042971 0.999071 0.003263
vn -0.063249 0.997940 0.010723
vn -0.089043 0.995981 0.009706
vn -0.218345 0.975315 0.032949
vn -0.241868 0.969881 0.028824
vn -0.293000 0.955210 0.041525
vn -0.333512 0.941798 0.042256
vn -0.393717 0.917665 0.053654
vn -0.419350 0.906380 0.051189
vn -0.523610 0.849005 0.070872
vn -0.550442 0.831928 0.070068
vn -0.567494 0.819759 0.077105
vn -0.576336 0.813889 0.073635
vn -0.699709 0.707855 0.096687
vn -0.707612 0.700774 0.090561
vn -0.729486 0.676820 0.098816
vn -0.755805 0.647465 0.097715
vn -0.811946 0.573472 0.108967
vn -0.829546 0.548365 0.105585
vn -0.876195 0.467501 0.117154
vn -0.894501 0.431677 0.116287
vn -0.907255 0.402483 0.122047
vn -0.912054 0.393467 0.115507
vn -0.962701 0.237844 0.128983
vn -0.965726 0.227622 0.124743
vn -0.969744 0.206591 0.130064
vn -0.976267 0.175723 0.126588
vn -0.989363 0.055978 0.134265
vn -0.991269 0.028716 0.128690
vn -0.990546 -0.037114 0.132063
vn -0.988686 -0.079468 0.127223
vn -0.982163 -0.133583 0.132328
vn -0.979742 -0.156634 0.124784
vn -0.949720 -0.286163 0.127055
vn -0.942708 -0.310623 0.121715
vn -0.935401 -0.330549 0.125545
vn -0.929761 -0.347956 0.120293
vn -0.868280 -0.481665 0.118697
vn -0.860599 -0.497152 0.110491
vn -0.837747 -0.534205 0.113158
vn -0.815725 -0.568705 0.105678
vn -0.768063 -0.632026 0.103066
vn -0.749884 -0.654727 0.094903
vn -0.673480 -0.733639 0.090540
vn -0.646768 -0.758184 0.082749
vn -0.580693 -0.810295 0.078855
vn -0.530631 -0.844915 0.067452
vn -0.457871 -0.886806 0.062678
vn -0.425849 -0.903170 0.054193
vn -0.324365 -0.944787 0.046522
vn -0.297082 -0.954128 0.037164
vn -0.220893 -0.974812 0.030797
vn -0.181284 -0.983206 0.021004
vn -0.138226 -0.990178 0.021004
vn -0.121774 -0.992489 0.011651
vn 0.024592 -0.999697 -0.001123
vn 0.042353 -0.999071 -0.007970
vn 0.063849 -0.997941 -0.006009
vn 0.088497 -0.995983 -0.013668
vn 0.219486 -0.975303 -0.024689
vn 0.241174 -0.969859 -0.034772
vn 0.293758 -0.955212 -0.035723
vn 0.333031 -0.941818 -0.045496
vn 0.394208 -0.917656 -0.050080
vn 0.418438 -0.906320 -0.059110
vn 0.524219 -0.848937 -0.067081
vn 0.549821 -0.831928 -0.074786
vn 0.568113 -0.819759 -0.072403
vn 0.575756 -0.813889 -0.078043
vn 0.700870 -0.707876 -0.087707
vn 0.706927 -0.700787 -0.095670
vn 0.730195 -0.676830 -0.093357
vn 0.755329 -0.647479 -0.101232
vn 0.812482 -0.573472 -0.104896
vn 0.828621 -0.548346 -0.112716
vn 0.876671 -0.467482 -0.113618
vn 0.894112 -0.431694 -0.119184
vn 0.907920 -0.402504 -0.116928
vn 0.910889 -0.393427 -0.124484
vn 0.963299 -0.237769 -0.124584
vn 0.965073 -0.227764 -0.129454
vn 0.970329 -0.206756 -0.125351
vn 0.975755 -0.175778 -0.130403
vn 0.990398 -0.056051 -0.126373
vn 0.990799 -0.028713 -0.132264
vn 0.990979 0.036987 -0.128813
vn 0.987919 0.079512 -0.133018
vn 0.982915 0.133810 -0.126384
vn 0.978611 0.156906 -0.133044
vn 0.950251 0.286134 -0.123086
vn 0.942147 0.310442 -0.126430
vn 0.936028 0.330530 -0.120837
vn 0.929117 0.348220 -0.124436
vn 0.869381 0.481727 -0.110071
vn 0.859942 0.497029 -0.116025
vn 0.838570 0.534076 -0.107533
vn 0.815301 0.568673 -0.109061
vn 0.768486 0.632126 -0.099230
vn 0.748774 0.654867 -0.102402
vn -0.397343 -0.916109 0.053501
vn -0.439444 -0.896532 0.055848
vn -0.526726 -0.847070 0.070938
vn -0.584486 -0.807898 0.075352
vn -0.661869 -0.744350 0.088726
vn -0.696318 -0.712007 0.090482
vn -0.771800 -0.627409 0.103362
vn -0.793309 -0.599914 0.103751
vn -0.855196 -0.505662 0.113778
vn -0.877828 -0.465320 0.113555
vn -0.919634 -0.373131 0.122661
vn -0.943742 -0.307095 0.122650
vn -0.969258 -0.209398 0.129197
vn -0.978333 -0.163036 0.127611
vn -0.989965 -0.050223 0.132086
vn -0.991412 -0.015662 0.129831
vn -0.986528 0.097895 0.131071
vn -0.981353 0.144118 0.127189
vn -0.961324 0.243787 0.128161
vn -0.942488 0.310987 0.122492
vn -0.906162 0.405284 0.120898
vn -0.886688 0.447698 0.115547
vn -0.830208 0.546279 0.111056
vn -0.811254 0.574984 0.106111
vn -0.741031 0.664170 0.098749
vn -0.710095 0.698138 0.091480
vn -0.635717 0.767196 0.085287
vn -0.581286 0.810242 0.074930
vn -0.496703 0.865332 0.066983
vn -0.456029 0.888017 0.058844
vn -0.352797 0.934457 0.048204
vn -0.320964 0.946179 0.041561
vn -0.212566 0.976711 0.029177
vn -0.167798 0.985617 0.020080
vn -0.067182 0.997686 0.010439
vn 0.001970 0.999996 -0.001853
vn 0.102416 0.994671 -0.011891
vn 0.148077 0.988760 -0.020686
vn 0.258717 0.965413 -0.032309
vn 0.291670 0.955720 -0.039090
vn 0.397560 0.916149 -0.051150
vn 0.438779 0.896605 -0.059774
vn 0.527073 0.847111 -0.067798
vn 0.584073 0.807898 -0.078487
vn 0.662366 0.744273 -0.085615
vn 0.696117 0.711901 -0.092834
vn 0.772252 0.627409 -0.099919
vn 0.792972 0.600126 -0.105088
vn 0.855381 0.505873 -0.111427
vn 0.877378 0.465185 -0.117518
vn 0.920103 0.372988 -0.119540
vn 0.943337 0.307074 -0.125779
vn 0.969635 0.209562 -0.126062
vn 0.977986 0.163279 -0.129937
vn 0.990436 0.049892 -0.128638
vn 0.991239 0.015332 -0.131188
vn 0.986836 -0.097895 -0.128728
vn 0.980861 -0.143925 -0.131139
vn 0.961737 -0.243787 -0.125017
vn 0.942027 -0.311136 -0.125614
vn 0.906575 -0.405283 -0.117755
vn 0.886478 -0.447498 -0.117903
vn 0.830813 -0.546046 -0.107624
vn 0.811074 -0.574985 -0.107474
vn 0.741339 -0.664170 -0.096410
vn 0.709563 -0.698151 -0.095421
vn 0.636119 -0.767205 -0.082154
vn 0.580863 -0.810249 -0.078065
vn 0.497115 -0.865332 -0.063856
vn 0.455633 -0.888063 -0.061175
vn 0.353158 -0.934494 -0.044736
vn 0.320798 -0.946174 -0.042927
vn 0.212927 -0.976700 -0.026839
vn 0.167311 -0.985611 -0.024037
vn 0.067594 -0.997686 -0.007305
vn -0.002383 -0.999996 -0.001280
vn -0.102003 -0.994671 0.015022
vn -0.148348 -0.988765 0.018338
vn -0.258099 -0.965458 0.035729
vn -0.291757 -0.955749 0.037721
vn 0.085028 0.316634 -0.944729
vn 0.145891 0.266612 -0.952698
vn 0.295984 0.585362 -0.754814
vn 0.408125 0.490985 -0.769654
vn 0.461600 0.765223 -0.448731
vn 0.632771 0.639804 -0.436178
vn 0.195057 0.204806 -0.959170
vn 0.230299 0.133997 -0.963850
vn 0.498408 0.375189 -0.781552
vn 0.562848 0.242970 -0.790043
vn 0.718473 0.463576 -0.518549
vn 0.809775 0.315491 -0.494701
vn 0.250230 0.057310 -0.966489
vn 0.598726 0.100219 -0.794659
vn 0.875951 0.115399 -0.468393
vn 0.254141 -0.021649 -0.966925
vn 0.241839 -0.099695 -0.965181
vn 0.604608 -0.046838 -0.795145
vn 0.579422 -0.192015 -0.792086
vn 0.840833 -0.083359 -0.534837
vn 0.829368 -0.254567 -0.497338
vn 0.213145 -0.173566 -0.961480
vn 0.524864 -0.328717 -0.785151
vn 0.767344 -0.453033 -0.453812
vn 0.169827 -0.239734 -0.955869
vn 0.113985 -0.295450 -0.948534
vn 0.443975 -0.451227 -0.774132
vn 0.339589 -0.554087 -0.760044
vn 0.621381 -0.598610 -0.505522
vn 0.513193 -0.727486 -0.455408
vn 0.048359 -0.338545 -0.939707
vn 0.215706 -0.632420 -0.743986
vn 0.347688 -0.848521 -0.398905
vn -0.025296 -0.366571 -0.930046
vn -0.102901 -0.378544 -0.919845
vn 0.078285 -0.682929 -0.726278
vn -0.065978 -0.704094 -0.707035
vn 0.143199 -0.885126 -0.442771
vn -0.018212 -0.922635 -0.385244
vn -0.181203 -0.374241 -0.909456
vn -0.211690 -0.694227 -0.687922
vn -0.221861 -0.919731 -0.323841
vn -0.257057 -0.352919 -0.899650
vn -0.326743 -0.316382 -0.890585
vn -0.352314 -0.653798 -0.669644
vn -0.481359 -0.585509 -0.652283
vn -0.410399 -0.833516 -0.369897
vn -0.561996 -0.765262 -0.313902
vn -0.387533 -0.266549 -0.882480
vn -0.593577 -0.491110 -0.637556
vn -0.724176 -0.639660 -0.257689
vn -0.436769 -0.204772 -0.875957
vn -0.472209 -0.134257 -0.871203
vn -0.683790 -0.375170 -0.625843
vn -0.748179 -0.243159 -0.617335
vn -0.828234 -0.463597 -0.314810
vn -0.910258 -0.315812 -0.267756
vn -0.492015 -0.057545 -0.868683
vn -0.784071 -0.100298 -0.612513
vn -0.967351 -0.115340 -0.225672
vn -0.495694 0.021619 -0.868228
vn -0.483188 0.099732 -0.869818
vn -0.789671 0.046896 -0.611736
vn -0.764689 0.192064 -0.615111
vn -0.950549 0.083536 -0.299130
vn -0.929802 0.254573 -0.265819
vn -0.454616 0.173597 -0.873607
vn -0.710277 0.328824 -0.622400
vn -0.858574 0.453103 -0.239893
vn -0.411419 0.239798 -0.879336
vn -0.355732 0.295287 -0.886713
vn -0.629235 0.451276 -0.632782
vn -0.524727 0.554056 -0.646284
vn -0.731173 0.598587 -0.327230
vn -0.613667 0.727491 -0.306872
vn -0.289802 0.338104 -0.895377
vn -0.401027 0.632447 -0.662712
vn -0.439174 0.848485 -0.295294
vn -0.216393 0.366223 -0.905016
vn -0.138616 0.377777 -0.915462
vn -0.263642 0.682977 -0.681202
vn -0.119205 0.704086 -0.700038
vn -0.252877 0.885085 -0.390739
vn -0.082023 0.922583 -0.376978
vn -0.060325 0.373392 -0.925710
vn 0.026494 0.694264 -0.719232
vn 0.130479 0.919762 -0.370152
vn 0.015337 0.352870 -0.935547
vn 0.166904 0.653976 -0.737874
vn 0.300688 0.833537 -0.463468
vn 0.830819 0.494562 0.255240
vn 0.911433 0.312517 0.267624
vn 0.953492 0.138454 0.267738
vn 0.969441 -0.064438 0.236712
vn 0.928965 -0.257822 0.265617
vn 0.861677 -0.423036 0.280272
vn 0.755770 -0.598898 0.264825
vn 0.610933 -0.729613 0.307287
vn 0.460211 -0.822887 0.333261
vn 0.271259 -0.904640 0.328701
vn 0.078568 -0.922740 0.377329
vn -0.097442 -0.908469 0.406435
vn -0.298634 -0.864745 0.403775
vn -0.464316 -0.763264 0.449263
vn -0.598515 -0.646966 0.472456
vn -0.736549 -0.494527 0.461453
vn -0.810894 -0.312558 0.494730
vn -0.851500 -0.138417 0.505755
vn -0.875249 0.064510 0.479352
vn -0.828766 0.257747 0.496703
vn -0.759964 0.423197 0.493314
vn -0.661519 0.598960 0.451265
vn -0.510547 0.729540 0.455097
vn -0.358217 0.822811 0.441205
vn -0.176943 0.904553 0.387911
vn 0.021828 0.922718 0.384857
vn 0.199361 0.908440 0.367412
vn 0.392972 0.864721 0.312779
vn 0.564808 0.763351 0.313507
vn 0.700338 0.646975 0.301578
vn 0.358871 0.651307 0.668589
vn 0.218846 0.692796 0.687125
vn 0.073290 0.704059 0.706349
vn -0.071577 0.684846 0.725163
vn -0.209186 0.635848 0.742926
vn -0.333586 0.558233 0.759669
vn -0.439386 0.456522 0.773646
vn -0.522008 0.335380 0.784237
vn -0.577479 0.199050 0.791768
vn -0.603925 0.054126 0.795201
vn -0.600214 -0.092999 0.794414
vn -0.565469 -0.236295 0.790196
vn -0.502187 -0.369023 0.782068
vn -0.413372 -0.485781 0.770156
vn -0.302130 -0.581248 0.755558
vn -0.173472 -0.651272 0.738750
vn -0.033536 -0.693023 0.720135
vn 0.111981 -0.704339 0.700975
vn 0.256724 -0.684967 0.681845
vn 0.394312 -0.635732 0.663599
vn 0.518866 -0.558242 0.647413
vn 0.624595 -0.456747 0.633454
vn 0.707171 -0.335243 0.622512
vn 0.762908 -0.199158 0.615068
vn 0.789021 -0.054083 0.611981
vn 0.784905 0.093115 0.612580
vn 0.750731 0.236217 0.616932
vn 0.687771 0.368998 0.625149
vn 0.598465 0.485721 0.637114
vn 0.487218 0.581246 0.651745
vn 0.267215 0.348757 0.898312
vn 0.192208 0.371825 0.908186
vn 0.114095 0.378721 0.918451
vn 0.036031 0.368570 0.928901
vn -0.038158 0.343025 0.938551
vn -0.105636 0.302626 0.947237
vn -0.162972 0.248266 0.954884
vn -0.207557 0.183356 0.960885
vn -0.237978 0.110464 0.964968
vn -0.252841 0.032484 0.966962
vn -0.251739 -0.046407 0.966682
vn -0.234082 -0.123497 0.964341
vn -0.200883 -0.195330 0.959944
vn -0.153734 -0.258631 0.953665
vn -0.094576 -0.310492 0.945859
vn -0.025554 -0.348668 0.936898
vn 0.049538 -0.371701 0.927030
vn 0.127594 -0.378647 0.916704
vn 0.205513 -0.368941 0.906447
vn 0.279663 -0.343275 0.896633
vn 0.346925 -0.302188 0.887877
vn 0.404132 -0.248008 0.880437
vn 0.449075 -0.183046 0.874543
vn 0.480077 -0.110453 0.870245
vn 0.495049 -0.032918 0.868241
vn 0.493141 0.046428 0.868710
vn 0.475455 0.123540 0.871023
vn 0.442287 0.195110 0.875394
vn 0.395258 0.258475 0.881454
vn 0.335758 0.310426 0.889327
vn -0.887656 -0.375532 -0.266537
vn -0.799779 -0.531962 -0.278155
vn -0.928313 -0.225858 -0.295335
vn -0.959772 -0.069595 -0.272019
vn -0.965003 0.113448 -0.236428
vn -0.914842 0.270321 -0.299985
vn -0.862939 0.428274 -0.268175
vn -0.760431 0.585140 -0.281702
vn -0.636728 0.710282 -0.300127
vn -0.507963 0.787807 -0.348330
vn -0.354886 0.871894 -0.337426
vn -0.178887 0.916161 -0.358676
vn -0.031236 0.909245 -0.415087
vn 0.129914 0.902327 -0.411008
vn 0.312169 0.859302 -0.405155
vn 0.467011 0.763903 -0.445369
vn 0.575191 0.656093 -0.488566
vn 0.700496 0.531990 -0.475701
vn 0.788370 0.375580 -0.487249
vn 0.820306 0.225752 -0.525484
vn 0.856724 0.069482 -0.511074
vn 0.870814 -0.113452 -0.478342
vn 0.806094 -0.270223 -0.526489
vn 0.764243 -0.428241 -0.482226
vn 0.661647 -0.585264 -0.468710
vn 0.537430 -0.710361 -0.454485
vn 0.400577 -0.787879 -0.467745
vn 0.255485 -0.871941 -0.417668
vn 0.079972 -0.916201 -0.392657
vn -0.077233 -0.909277 -0.408963
vn -0.231850 -0.902369 -0.363284
vn -0.406368 -0.859307 -0.310574
vn -0.566380 -0.763887 -0.309337
vn -0.682006 -0.656182 -0.322944
vn -0.377784 -0.648702 -0.660655
vn -0.254805 -0.690554 -0.676912
vn -0.126353 -0.708911 -0.693887
vn 0.003362 -0.703190 -0.710994
vn 0.129898 -0.673631 -0.727563
vn 0.248998 -0.621115 -0.743112
vn 0.356244 -0.547350 -0.757296
vn 0.448373 -0.454902 -0.769433
vn 0.521914 -0.347076 -0.779195
vn 0.575018 -0.227356 -0.785916
vn 0.604972 -0.099893 -0.789956
vn 0.611202 0.030893 -0.790871
vn 0.593728 0.160730 -0.788450
vn 0.552592 0.285041 -0.783195
vn 0.489627 0.399581 -0.774984
vn 0.407020 0.500533 -0.764069
vn 0.307315 0.584408 -0.751016
vn 0.193968 0.648801 -0.735822
vn 0.070909 0.690565 -0.719786
vn -0.057555 0.708881 -0.702976
vn -0.187234 0.703150 -0.685947
vn -0.313826 0.673602 -0.669159
vn -0.432788 0.621018 -0.653476
vn -0.540083 0.547342 -0.639318
vn -0.632312 0.454948 -0.627060
vn -0.705878 0.347068 -0.617479
vn -0.758562 0.227343 -0.610654
vn -0.788650 0.099879 -0.606676
vn -0.795032 -0.030985 -0.605775
vn -0.777438 -0.160674 -0.608090
vn -0.736524 -0.284925 -0.613474
vn -0.673531 -0.399598 -0.621834
vn -0.590801 -0.500518 -0.632800
vn -0.491172 -0.584422 -0.645911
vn -0.279630 -0.352837 -0.892924
vn -0.212700 -0.376337 -0.901737
vn -0.142633 -0.387073 -0.910950
vn -0.071791 -0.384581 -0.920295
vn -0.002510 -0.368962 -0.929441
vn 0.062553 -0.340764 -0.938066
vn 0.121672 -0.301120 -0.945792
vn 0.172357 -0.251009 -0.952516
vn 0.213050 -0.192616 -0.957867
vn 0.242401 -0.127524 -0.961759
vn 0.259549 -0.057939 -0.963990
vn 0.263706 0.013356 -0.964511
vn 0.254748 0.084183 -0.963336
vn 0.233278 0.152543 -0.960371
vn 0.199466 0.215381 -0.955942
vn 0.154681 0.270920 -0.950093
vn 0.100584 0.317004 -0.943076
vn 0.039001 0.352571 -0.934972
vn -0.027990 0.376412 -0.926029
vn -0.098016 0.387087 -0.916819
vn -0.168814 0.384371 -0.907613
vn -0.238068 0.368892 -0.898467
vn -0.303425 0.340871 -0.889798
vn -0.362281 0.301134 -0.882083
vn -0.413011 0.251160 -0.875409
vn -0.453926 0.192601 -0.869975
vn -0.483286 0.127584 -0.866116
vn -0.500431 0.058074 -0.863826
vn -0.504465 -0.013389 -0.863328
vn -0.495394 -0.084349 -0.864563
vn -0.473470 -0.152197 -0.867561
vn -0.439672 -0.215102 -0.872021
vn -0.395278 -0.270885 -0.877711
vn -0.341374 -0.317197 -0.884788
vn 0.324501 -0.876559 0.355449
vn 0.740434 -0.605670 0.291411
vn 0.921377 -0.286489 0.262657
vn 0.965601 0.037597 0.257295
vn 0.261096 0.900066 0.348869
vn -0.639707 0.605636 0.473266
vn -0.821939 0.286427 0.492316
vn -0.866333 -0.037624 0.498047
vn -0.842017 -0.218603 0.493174
vn -0.026956 -0.358052 0.933312
vn -0.089735 -0.324525 0.941611
vn -0.145282 -0.280078 0.948920
vn -0.192019 -0.226157 0.954977
vn 0.040749 -0.379212 0.924412
vn -0.060055 -0.692906 0.718522
vn 0.111024 -0.387645 0.915098
vn 0.068587 -0.709453 0.701408
vn 0.014747 -0.924250 0.381502
vn -0.183836 -0.653032 0.734680
vn -0.298212 -0.590816 0.749671
vn -0.399164 -0.508345 0.763056
vn -0.483462 -0.408718 0.774089
vn -0.219652 0.181106 0.958621
vn -0.180896 0.241231 0.953459
vn -0.527317 0.337364 0.779822
vn -0.455365 0.446365 0.770325
vn -0.754591 0.460113 0.467856
vn -0.074155 0.334310 0.939541
vn -0.009842 0.364760 0.931050
vn -0.258505 0.615594 0.744458
vn -0.140424 0.669924 0.729029
vn -0.397842 0.817754 0.415933
vn -0.221507 0.876553 0.427305
vn 0.058726 0.382410 0.922125
vn -0.014360 0.701629 0.712397
vn -0.062259 0.902829 0.425470
vn 0.129533 0.387407 0.912763
vn 0.115325 0.709568 0.695136
vn 0.084484 0.924260 0.372299
vn 0.386176 0.280139 0.878857
vn 0.432567 0.226234 0.872757
vn 0.583171 0.508427 0.633572
vn 0.667319 0.408820 0.622536
vn 0.704924 0.655199 0.271655
vn 0.814568 0.504075 0.287031
vn 0.468438 0.164593 0.868029
vn 0.732008 0.295253 0.613996
vn 0.882774 0.358833 0.303231
vn 0.492655 0.097114 0.864789
vn 0.774818 0.171531 0.608469
vn 0.940932 0.218530 0.258632
vn 0.460167 -0.181135 0.869158
vn 0.421488 -0.240872 0.874259
vn 0.711079 -0.337224 0.616966
vn 0.639177 -0.446243 0.626355
vn 0.850014 -0.460111 0.256465
vn 0.314783 -0.334470 0.888280
vn 0.250525 -0.364832 0.896736
vn 0.442332 -0.615546 0.652262
vn 0.324292 -0.669951 0.667833
vn 0.491913 -0.817752 0.298836
vn -0.161938 -0.900055 0.404569
vn -0.317603 -0.832311 0.454298
vn -0.461743 -0.767373 0.444896
vn -0.610751 -0.655213 0.444611
vn -0.712547 -0.504120 0.487996
vn -0.774333 -0.358767 0.521243
vn -0.548049 -0.295257 0.782602
vn -0.227623 -0.164495 0.959755
vn -0.251752 -0.097162 0.962902
vn -0.590982 -0.171548 0.788233
vn -0.610551 -0.042065 0.790859
vn -0.263320 -0.026508 0.964344
vn -0.840007 0.133140 0.525986
vn -0.606281 0.088897 0.790266
vn -0.261515 0.045051 0.964147
vn -0.246719 0.114878 0.962254
vn -0.578194 0.216740 0.786585
vn -0.513709 0.705572 0.488131
vn -0.364722 0.539968 0.758560
vn -0.131806 0.292648 0.947093
vn 0.243942 0.692923 0.678491
vn 0.200004 0.379216 0.903434
vn 0.424417 0.832342 0.356479
vn 0.367685 0.652948 0.662168
vn 0.267540 0.357788 0.894656
vn 0.330176 0.324407 0.886422
vn 0.482207 0.590891 0.646780
vn 0.561217 0.767346 0.310186
vn 0.794455 0.042038 0.605866
vn 0.503842 0.026486 0.863390
vn 0.947555 -0.133158 0.290532
vn 0.790126 -0.088785 0.606480
vn 0.502123 -0.044996 0.863625
vn 0.487361 -0.115032 0.865591
vn 0.762015 -0.216812 0.610185
vn 0.622528 -0.705574 0.338562
vn 0.548563 -0.540067 0.638284
vn 0.372438 -0.292784 0.880663
vn 0.170305 -0.902785 0.394938
vn 0.198245 -0.701672 0.684365
vn 0.181933 -0.382712 0.905777
# 2366 vertices, 0 vertices normals

f 1//1 2//2 3//3
f 3//3 2//2 4//4
f 3//3 4//4 5//5
f 6//6 7//7 8//8
f 8//8 7//7 9//9
f 8//8 9//9 10//10
f 8//8 11//11 6//6
f 6//6 11//11 12//12
f 6//6 12//12 1//1
f 1//1 12//12 13//13
f 1//1 13//13 2//2
f 11//11 14//14 15//15
f 11//11 15//15 12//12
f 12//12 15//15 16//16
f 12//12 16//16 13//13
f 13//13 16//16 17//17
f 13//13 17//17 2//2
f 18//18 5//5 17//17
f 17//17 5//5 4//4
f 17//17 4//4 2//2
f 19//19 20//20 21//21
f 19//19 21//21 22//22
f 21//21 23//23 22//22
f 22//22 23//23 24//24
f 22//22 24//24 25//25
f 25//25 24//24 26//26
f 25//25 26//26 27//27
f 27//27 26//26 28//28
f 27//27 28//28 29//29
f 30//30 31//31 32//32
f 20//20 19//19 33//33
f 33//33 19//19 22//22
f 33//33 22//22 34//34
f 22//22 25//25 34//34
f 34//34 25//25 27//27
f 34//34 27//27 35//35
f 35//35 27//27 29//29
f 35//35 29//29 32//32
f 32//32 29//29 36//36
f 32//32 36//36 30//30
f 37//37 38//38 39//39
f 40//40 41//41 42//42
f 43//43 44//44 45//45
f 45//45 44//44 46//46
f 45//45 46//46 47//47
f 43//43 45//45 48//48
f 48//48 45//45 49//49
f 48//48 49//49 50//50
f 50//50 49//49 51//51
f 50//50 51//51 52//52
f 52//52 51//51 23//23
f 52//52 23//23 21//21
f 53//53 28//28 26//26
f 26//26 54//54 53//53
f 53//53 54//54 55//55
f 53//53 55//55 56//56
f 56//56 55//55 42//42
f 56//56 42//42 57//57
f 57//57 42//42 41//41
f 57//57 41//41 58//58
f 26//26 24//24 54//54
f 54//54 24//24 59//59
f 54//54 59//59 55//55
f 55//55 59//59 60//60
f 55//55 60//60 42//42
f 42//42 60//60 39//39
f 42//42 39//39 40//40
f 40//40 39//39 38//38
f 24//24 23//23 59//59
f 59//59 23//23 51//51
f 59//59 51//51 60//60
f 60//60 51//51 49//49
f 60//60 49//49 39//39
f 39//39 49//49 45//45
f 39//39 45//45 37//37
f 37//37 45//45 47//47
f 61//61 58//58 62//62
f 62//62 58//58 41//41
f 62//62 41//41 63//63
f 63//63 41//41 40//40
f 63//63 40//40 64//64
f 64//64 40//40 38//38
f 64//64 38//38 65//65
f 65//65 38//38 37//37
f 65//65 37//37 66//66
f 66//66 37//37 47//47
f 66//66 47//47 67//67
f 67//67 47//47 46//46
f 67//67 68//68 66//66
f 66//66 68//68 69//69
f 66//66 69//69 65//65
f 65//65 69//69 70//70
f 65//65 70//70 64//64
f 64//64 70//70 63//63
f 63//63 70//70 71//71
f 63//63 71//71 62//62
f 62//62 71//71 72//72
f 62//62 72//72 61//61
f 73//73 72//72 74//74
f 74//74 72//72 71//71
f 74//74 71//71 75//75
f 75//75 71//71 70//70
f 75//75 70//70 76//76
f 76//76 70//70 69//69
f 76//76 69//69 77//77
f 77//77 69//69 68//68
f 77//77 68//68 78//78
f 79//79 80//80 74//74
f 74//74 75//75 79//79
f 79//79 75//75 81//81
f 79//79 81//81 82//82
f 82//82 81//81 83//83
f 82//82 83//83 84//84
f 75//75 76//76 81//81
f 81//81 76//76 77//77
f 81//81 77//77 83//83
f 83//83 77//77 78//78
f 83//83 78//78 84//84
f 85//85 86//86 87//87
f 87//87 86//86 88//88
f 87//87 88//88 89//89
f 89//89 88//88 90//90
f 91//91 29//29 92//92
f 92//92 29//29 28//28
f 92//92 28//28 93//93
f 94//94 95//95 96//96
f 96//96 95//95 97//97
f 96//96 97//97 98//98
f 98//98 97//97 30//30
f 98//98 30//30 91//91
f 91//91 30//30 36//36
f 91//91 36//36 29//29
f 99//99 58//58 100//100
f 100//100 58//58 61//61
f 100//100 61//61 101//101
f 101//101 61//61 72//72
f 101//101 72//72 102//102
f 102//102 72//72 73//73
f 102//102 73//73 103//103
f 103//103 73//73 104//104
f 103//103 104//104 105//105
f 105//105 104//104 106//106
f 105//105 106//106 94//94
f 94//94 106//106 107//107
f 94//94 107//107 95//95
f 28//28 53//53 93//93
f 93//93 53//53 56//56
f 93//93 56//56 99//99
f 99//99 56//56 57//57
f 99//99 57//57 58//58
f 108//108 109//109 110//110
f 110//110 109//109 111//111
f 112//112 113//113 114//114
f 114//114 113//113 115//115
f 114//114 115//115 116//116
f 117//117 111//111 118//118
f 118//118 111//111 109//109
f 118//118 109//109 119//119
f 120//120 80//80 116//116
f 116//116 80//80 79//79
f 116//116 79//79 114//114
f 114//114 79//79 82//82
f 114//114 82//82 112//112
f 112//112 82//82 119//119
f 112//112 119//119 113//113
f 113//113 119//119 109//109
f 113//113 109//109 115//115
f 115//115 109//109 108//108
f 115//115 108//108 116//116
f 116//116 108//108 121//121
f 116//116 121//121 120//120
f 120//120 121//121 122//122
f 73//73 74//74 80//80
f 123//123 124//124 104//104
f 104//104 124//124 125//125
f 104//104 125//125 126//126
f 73//73 80//80 104//104
f 123//123 104//104 122//122
f 122//122 104//104 80//80
f 122//122 80//80 120//120
f 127//127 128//128 129//129
f 123//123 122//122 121//121
f 128//128 127//127 130//130
f 131//131 132//132 133//133
f 133//133 132//132 130//130
f 127//127 108//108 110//110
f 130//130 127//127 133//133
f 133//133 127//127 110//110
f 133//133 110//110 111//111
f 111//111 117//117 133//133
f 133//133 117//117 134//134
f 133//133 134//134 131//131
f 131//131 134//134 135//135
f 108//108 127//127 121//121
f 121//121 127//127 129//129
f 121//121 129//129 123//123
f 123//123 129//129 136//136
f 123//123 136//136 124//124
f 137//137 97//97 138//138
f 138//138 97//97 95//95
f 138//138 95//95 139//139
f 139//139 95//95 140//140
f 140//140 95//95 107//107
f 140//140 107//107 141//141
f 141//141 107//107 106//106
f 141//141 106//106 142//142
f 104//104 126//126 106//106
f 106//106 126//126 143//143
f 106//106 143//143 142//142
f 144//144 145//145 97//97
f 137//137 146//146 97//97
f 97//97 146//146 147//147
f 97//97 147//147 144//144
f 145//145 148//148 97//97
f 97//97 148//148 149//149
f 97//97 149//149 150//150
f 150//150 151//151 97//97
f 97//97 151//151 31//31
f 97//97 31//31 30//30
f 31//31 151//151 152//152
f 31//31 152//152 32//32
f 32//32 152//152 153//153
f 32//32 153//153 35//35
f 35//35 153//153 154//154
f 35//35 154//154 34//34
f 34//34 154//154 155//155
f 34//34 155//155 33//33
f 156//156 157//157 158//158
f 158//158 10//10 9//9
f 9//9 159//159 158//158
f 158//158 159//159 160//160
f 158//158 160//160 156//156
f 159//159 9//9 7//7
f 159//159 7//7 161//161
f 161//161 7//7 6//6
f 161//161 6//6 162//162
f 162//162 6//6 1//1
f 162//162 1//1 163//163
f 163//163 1//1 3//3
f 163//163 3//3 164//164
f 165//165 166//166 167//167
f 167//167 166//166 168//168
f 169//169 170//170 168//168
f 168//168 170//170 171//171
f 168//168 171//171 167//167
f 172//172 173//173 174//174
f 174//174 175//175 172//172
f 172//172 175//175 176//176
f 172//172 176//176 169//169
f 169//169 176//176 177//177
f 169//169 177//177 170//170
f 178//178 173//173 179//179
f 179//179 173//173 172//172
f 179//179 172//172 157//157
f 157//157 172//172 158//158
f 165//165 180//180 166//166
f 166//166 180//180 181//181
f 181//181 182//182 166//166
f 166//166 182//182 183//183
f 166//166 183//183 184//184
f 185//185 186//186 187//187
f 187//187 186//186 18//18
f 187//187 18//18 17//17
f 185//185 187//187 188//188
f 188//188 187//187 189//189
f 188//188 189//189 190//190
f 190//190 189//189 191//191
f 190//190 191//191 192//192
f 192//192 191//191 193//193
f 192//192 193//193 194//194
f 195//195 196//196 197//197
f 197//197 198//198 195//195
f 195//195 198//198 199//199
f 195//195 199//199 200//200
f 200//200 199//199 201//201
f 200//200 201//201 202//202
f 202//202 201//201 15//15
f 202//202 15//15 14//14
f 197//197 203//203 198//198
f 198//198 203//203 204//204
f 198//198 204//204 199//199
f 199//199 204//204 205//205
f 199//199 205//205 201//201
f 201//201 205//205 206//206
f 201//201 206//206 15//15
f 15//15 206//206 16//16
f 203//203 193//193 204//204
f 204//204 193//193 191//191
f 204//204 191//191 205//205
f 205//205 191//191 189//189
f 205//205 189//189 206//206
f 206//206 189//189 187//187
f 206//206 187//187 16//16
f 16//16 187//187 17//17
f 207//207 208//208 209//209
f 209//209 208//208 196//196
f 209//209 196//196 210//210
f 211//211 8//8 212//212
f 212//212 8//8 10//10
f 212//212 10//10 213//213
f 213//213 10//10 158//158
f 213//213 158//158 214//214
f 214//214 158//158 172//172
f 214//214 172//172 215//215
f 196//196 195//195 210//210
f 210//210 195//195 200//200
f 210//210 200//200 216//216
f 216//216 200//200 202//202
f 216//216 202//202 217//217
f 217//217 202//202 14//14
f 217//217 14//14 211//211
f 211//211 14//14 11//11
f 211//211 11//11 8//8
f 172//172 169//169 215//215
f 215//215 169//169 168//168
f 215//215 168//168 218//218
f 218//218 168//168 166//166
f 218//218 166//166 219//219
f 219//219 166//166 184//184
f 219//219 184//184 207//207
f 207//207 184//184 220//220
f 207//207 220//220 208//208
f 182//182 181//181 221//221
f 183//183 182//182 222//222
f 182//182 221//221 222//222
f 222//222 221//221 223//223
f 222//222 223//223 224//224
f 224//224 223//223 225//225
f 224//224 225//225 226//226
f 226//226 225//225 227//227
f 226//226 227//227 228//228
f 183//183 222//222 229//229
f 229//229 222//222 224//224
f 229//229 224//224 230//230
f 230//230 224//224 226//226
f 230//230 226//226 231//231
f 231//231 226//226 228//228
f 231//231 228//228 232//232
f 18//18 233//233 5//5
f 5//5 233//233 234//234
f 234//234 21//21 20//20
f 234//234 20//20 5//5
f 5//5 20//20 235//235
f 5//5 235//235 3//3
f 33//33 236//236 20//20
f 20//20 236//236 237//237
f 20//20 237//237 235//235
f 46//46 44//44 238//238
f 238//238 44//44 239//239
f 44//44 43//43 239//239
f 239//239 43//43 48//48
f 239//239 48//48 240//240
f 21//21 234//234 52//52
f 52//52 234//234 240//240
f 52//52 240//240 50//50
f 50//50 240//240 48//48
f 67//67 46//46 241//241
f 241//241 46//46 238//238
f 67//67 241//241 68//68
f 68//68 241//241 242//242
f 68//68 242//242 78//78
f 78//78 242//242 243//243
f 244//244 82//82 84//84
f 78//78 243//243 84//84
f 84//84 243//243 245//245
f 84//84 245//245 244//244
f 89//89 246//246 87//87
f 87//87 246//246 247//247
f 87//87 247//247 85//85
f 85//85 247//247 248//248
f 85//85 248//248 86//86
f 86//86 248//248 249//249
f 86//86 249//249 88//88
f 88//88 249//249 250//250
f 88//88 250//250 90//90
f 90//90 250//250 251//251
f 90//90 251//251 89//89
f 89//89 251//251 246//246
f 252//252 218//218 253//253
f 253//253 218//218 219//219
f 253//253 219//219 254//254
f 254//254 219//219 207//207
f 254//254 207//207 255//255
f 255//255 207//207 209//209
f 255//255 209//209 256//256
f 256//256 209//209 210//210
f 256//256 210//210 257//257
f 257//257 210//210 216//216
f 257//257 216//216 258//258
f 258//258 216//216 217//217
f 258//258 217//217 259//259
f 259//259 217//217 211//211
f 259//259 211//211 260//260
f 260//260 211//211 212//212
f 260//260 212//212 261//261
f 261//261 212//212 213//213
f 261//261 213//213 262//262
f 262//262 213//213 214//214
f 262//262 214//214 263//263
f 263//263 214//214 215//215
f 263//263 215//215 252//252
f 252//252 215//215 218//218
f 264//264 103//103 265//265
f 265//265 103//103 105//105
f 265//265 105//105 266//266
f 266//266 105//105 94//94
f 266//266 94//94 267//267
f 267//267 94//94 96//96
f 267//267 96//96 268//268
f 268//268 96//96 98//98
f 268//268 98//98 269//269
f 269//269 98//98 91//91
f 269//269 91//91 270//270
f 270//270 91//91 92//92
f 270//270 92//92 271//271
f 271//271 92//92 93//93
f 271//271 93//93 272//272
f 272//272 93//93 99//99
f 272//272 99//99 273//273
f 273//273 99//99 100//100
f 273//273 100//100 274//274
f 274//274 100//100 101//101
f 274//274 101//101 275//275
f 275//275 101//101 102//102
f 275//275 102//102 264//264
f 264//264 102//102 103//103
f 276//276 244//244 245//245
f 245//245 277//277 276//276
f 276//276 277//277 278//278
f 276//276 278//278 279//279
f 276//276 279//279 280//280
f 281//281 244//244 282//282
f 282//282 244//244 276//276
f 276//276 280//280 282//282
f 282//282 280//280 283//283
f 282//282 283//283 284//284
f 284//284 283//283 285//285
f 285//285 283//283 286//286
f 285//285 286//286 287//287
f 281//281 282//282 288//288
f 288//288 282//282 284//284
f 288//288 284//284 289//289
f 289//289 284//284 285//285
f 289//289 285//285 290//290
f 290//290 285//285 287//287
f 290//290 287//287 291//291
f 292//292 293//293 294//294
f 295//295 296//296 293//293
f 293//293 296//296 297//297
f 293//293 297//297 294//294
f 298//298 299//299 295//295
f 295//295 299//299 300//300
f 295//295 300//300 296//296
f 301//301 302//302 298//298
f 298//298 302//302 303//303
f 298//298 303//303 299//299
f 304//304 305//305 306//306
f 306//306 305//305 307//307
f 306//306 307//307 301//301
f 301//301 307//307 308//308
f 301//301 308//308 302//302
f 304//304 306//306 309//309
f 309//309 306//306 310//310
f 309//309 310//310 311//311
f 311//311 310//310 312//312
f 311//311 312//312 313//313
f 313//313 312//312 314//314
f 314//314 312//312 315//315
f 314//314 315//315 316//316
f 316//316 315//315 317//317
f 317//317 315//315 318//318
f 317//317 318//318 319//319
f 319//319 318//318 320//320
f 320//320 318//318 321//321
f 320//320 321//321 322//322
f 322//322 321//321 323//323
f 323//323 321//321 324//324
f 323//323 324//324 325//325
f 294//294 326//326 292//292
f 292//292 326//326 327//327
f 292//292 327//327 324//324
f 324//324 327//327 328//328
f 324//324 328//328 325//325
f 329//329 330//330 331//331
f 332//332 333//333 330//330
f 330//330 333//333 334//334
f 330//330 334//334 331//331
f 335//335 336//336 332//332
f 332//332 336//336 337//337
f 332//332 337//337 333//333
f 338//338 339//339 335//335
f 335//335 339//339 340//340
f 335//335 340//340 336//336
f 341//341 342//342 343//343
f 343//343 342//342 344//344
f 343//343 344//344 338//338
f 338//338 344//344 345//345
f 338//338 345//345 339//339
f 341//341 343//343 346//346
f 346//346 343//343 347//347
f 346//346 347//347 348//348
f 348//348 347//347 349//349
f 348//348 349//349 350//350
f 350//350 349//349 351//351
f 351//351 349//349 352//352
f 351//351 352//352 353//353
f 353//353 352//352 354//354
f 354//354 352//352 355//355
f 354//354 355//355 356//356
f 356//356 355//355 357//357
f 357//357 355//355 358//358
f 357//357 358//358 359//359
f 359//359 358//358 360//360
f 360//360 358//358 361//361
f 360//360 361//361 362//362
f 331//331 363//363 329//329
f 329//329 363//363 364//364
f 329//329 364//364 361//361
f 361//361 364//364 365//365
f 361//361 365//365 362//362
f 366//366 367//367 368//368
f 369//369 370//370 367//367
f 367//367 370//370 371//371
f 367//367 371//371 368//368
f 372//372 373//373 369//369
f 369//369 373//373 374//374
f 369//369 374//374 370//370
f 375//375 376//376 372//372
f 372//372 376//376 377//377
f 372//372 377//377 373//373
f 378//378 379//379 380//380
f 380//380 379//379 381//381
f 380//380 381//381 375//375
f 375//375 381//381 382//382
f 375//375 382//382 376//376
f 378//378 380//380 383//383
f 383//383 380//380 384//384
f 383//383 384//384 385//385
f 385//385 384//384 386//386
f 385//385 386//386 387//387
f 387//387 386//386 388//388
f 388//388 386//386 389//389
f 388//388 389//389 390//390
f 390//390 389//389 391//391
f 391//391 389//389 392//392
f 391//391 392//392 393//393
f 393//393 392//392 394//394
f 394//394 392//392 395//395
f 394//394 395//395 396//396
f 396//396 395//395 397//397
f 397//397 395//395 398//398
f 397//397 398//398 399//399
f 368//368 400//400 366//366
f 366//366 400//400 401//401
f 366//366 401//401 398//398
f 398//398 401//401 402//402
f 398//398 402//402 399//399
f 403//403 404//404 117//117
f 244//244 281//281 82//82
f 82//82 281//281 405//405
f 281//281 288//288 405//405
f 405//405 288//288 289//289
f 405//405 289//289 406//406
f 406//406 289//289 290//290
f 406//406 290//290 407//407
f 407//407 290//290 291//291
f 291//291 403//403 407//407
f 407//407 403//403 117//117
f 407//407 117//117 406//406
f 406//406 117//117 118//118
f 406//406 118//118 405//405
f 405//405 118//118 119//119
f 405//405 119//119 82//82
f 117//117 404//404 134//134
f 134//134 404//404 135//135
f 135//135 408//408 409//409
f 125//125 124//124 136//136
f 125//125 136//136 410//410
f 410//410 136//136 129//129
f 410//410 129//129 411//411
f 126//126 125//125 412//412
f 412//412 125//125 410//410
f 412//412 410//410 413//413
f 413//413 410//410 411//411
f 413//413 411//411 414//414
f 129//129 128//128 411//411
f 411//411 128//128 130//130
f 411//411 130//130 415//415
f 415//415 130//130 132//132
f 415//415 132//132 409//409
f 409//409 132//132 131//131
f 409//409 131//131 135//135
f 414//414 411//411 416//416
f 416//416 411//411 415//415
f 416//416 415//415 417//417
f 417//417 415//415 409//409
f 417//417 409//409 418//418
f 418//418 409//409 408//408
f 418//418 408//408 419//419
f 139//139 140//140 420//420
f 421//421 422//422 423//423
f 424//424 425//425 423//423
f 426//426 427//427 428//428
f 429//429 430//430 431//431
f 430//430 432//432 431//431
f 431//431 432//432 433//433
f 431//431 433//433 434//434
f 140//140 141//141 435//435
f 435//435 141//141 142//142
f 436//436 437//437 438//438
f 438//438 437//437 439//439
f 440//440 439//439 416//416
f 419//419 441//441 418//418
f 418//418 441//441 440//440
f 418//418 440//440 417//417
f 417//417 440//440 416//416
f 427//427 429//429 428//428
f 428//428 429//429 431//431
f 428//428 431//431 442//442
f 442//442 431//431 434//434
f 442//442 434//434 443//443
f 420//420 140//140 438//438
f 438//438 140//140 435//435
f 438//438 435//435 436//436
f 436//436 435//435 142//142
f 436//436 142//142 143//143
f 137//137 138//138 443//443
f 443//443 138//138 444//444
f 443//443 444//444 442//442
f 442//442 444//444 421//421
f 442//442 421//421 428//428
f 428//428 421//421 423//423
f 428//428 423//423 426//426
f 426//426 423//423 425//425
f 143//143 126//126 436//436
f 436//436 126//126 412//412
f 436//436 412//412 437//437
f 437//437 412//412 413//413
f 437//437 413//413 439//439
f 439//439 413//413 414//414
f 439//439 414//414 416//416
f 138//138 139//139 444//444
f 444//444 139//139 420//420
f 444//444 420//420 421//421
f 421//421 420//420 438//438
f 421//421 438//438 422//422
f 422//422 438//438 439//439
f 422//422 439//439 423//423
f 423//423 439//439 440//440
f 423//423 440//440 424//424
f 424//424 440//440 441//441
f 445//445 446//446 447//447
f 447//447 446//446 448//448
f 447//447 448//448 449//449
f 449//449 448//448 450//450
f 449//449 450//450 154//154
f 154//154 450//450 155//155
f 451//451 452//452 453//453
f 453//453 452//452 454//454
f 433//433 432//432 455//455
f 455//455 432//432 456//456
f 455//455 456//456 452//452
f 452//452 456//456 457//457
f 452//452 457//457 454//454
f 146//146 137//137 458//458
f 148//148 145//145 459//459
f 459//459 145//145 144//144
f 459//459 144//144 460//460
f 460//460 144//144 147//147
f 460//460 147//147 461//461
f 461//461 147//147 146//146
f 461//461 146//146 462//462
f 462//462 146//146 458//458
f 433//433 455//455 463//463
f 463//463 455//455 452//452
f 463//463 452//452 464//464
f 464//464 452//452 451//451
f 464//464 451//451 465//465
f 434//434 433//433 466//466
f 466//466 433//433 463//463
f 466//466 463//463 467//467
f 467//467 463//463 464//464
f 467//467 464//464 468//468
f 468//468 464//464 465//465
f 468//468 465//465 447//447
f 447//447 465//465 451//451
f 447//447 451//451 445//445
f 154//154 153//153 449//449
f 449//449 153//153 469//469
f 449//449 469//469 447//447
f 447//447 469//469 470//470
f 447//447 470//470 468//468
f 148//148 459//459 149//149
f 149//149 459//459 471//471
f 149//149 471//471 150//150
f 150//150 471//471 152//152
f 150//150 152//152 151//151
f 458//458 434//434 462//462
f 462//462 434//434 466//466
f 462//462 466//466 461//461
f 461//461 466//466 467//467
f 461//461 467//467 460//460
f 460//460 467//467 468//468
f 460//460 468//468 459//459
f 459//459 468//468 470//470
f 459//459 470//470 471//471
f 471//471 470//470 469//469
f 471//471 469//469 152//152
f 152//152 469//469 153//153
f 164//164 3//3 472//472
f 472//472 3//3 235//235
f 472//472 235//235 473//473
f 473//473 235//235 474//474
f 474//474 235//235 237//237
f 474//474 237//237 475//475
f 475//475 237//237 476//476
f 476//476 237//237 236//236
f 476//476 236//236 477//477
f 477//477 236//236 33//33
f 477//477 33//33 155//155
f 478//478 479//479 480//480
f 480//480 479//479 481//481
f 480//480 481//481 482//482
f 163//163 164//164 483//483
f 483//483 164//164 484//484
f 479//479 485//485 481//481
f 481//481 485//485 486//486
f 481//481 486//486 487//487
f 488//488 483//483 489//489
f 489//489 483//483 484//484
f 489//489 484//484 482//482
f 157//157 490//490 491//491
f 491//491 490//490 487//487
f 491//491 487//487 492//492
f 492//492 487//487 486//486
f 482//482 481//481 489//489
f 489//489 481//481 487//487
f 489//489 487//487 488//488
f 488//488 487//487 490//490
f 488//488 490//490 493//493
f 493//493 490//490 157//157
f 493//493 157//157 156//156
f 162//162 494//494 161//161
f 161//161 494//494 495//495
f 161//161 495//495 159//159
f 159//159 495//495 160//160
f 156//156 160//160 493//493
f 493//493 160//160 495//495
f 493//493 495//495 488//488
f 488//488 495//495 494//494
f 488//488 494//494 483//483
f 483//483 494//494 162//162
f 483//483 162//162 163//163
f 496//496 497//497 498//498
f 499//499 500//500 501//501
f 501//501 500//500 496//496
f 502//502 503//503 504//504
f 505//505 506//506 502//502
f 502//502 506//506 507//507
f 502//502 507//507 503//503
f 508//508 509//509 510//510
f 510//510 509//509 511//511
f 510//510 511//511 505//505
f 508//508 512//512 513//513
f 513//513 512//512 479//479
f 513//513 479//479 478//478
f 514//514 170//170 177//177
f 175//175 515//515 516//516
f 514//514 177//177 516//516
f 516//516 177//177 176//176
f 516//516 176//176 175//175
f 157//157 491//491 179//179
f 179//179 491//491 517//517
f 179//179 517//517 178//178
f 178//178 517//517 518//518
f 178//178 518//518 173//173
f 173//173 518//518 515//515
f 173//173 515//515 174//174
f 174//174 515//515 175//175
f 519//519 486//486 485//485
f 492//492 486//486 520//520
f 520//520 486//486 519//519
f 520//520 519//519 521//521
f 521//521 519//519 522//522
f 521//521 522//522 523//523
f 524//524 502//502 501//501
f 501//501 502//502 504//504
f 501//501 504//504 499//499
f 525//525 526//526 527//527
f 527//527 526//526 165//165
f 527//527 165//165 167//167
f 496//496 498//498 501//501
f 501//501 498//498 525//525
f 501//501 525//525 524//524
f 524//524 525//525 527//527
f 524//524 527//527 528//528
f 528//528 527//527 167//167
f 528//528 167//167 171//171
f 491//491 492//492 517//517
f 517//517 492//492 520//520
f 517//517 520//520 518//518
f 518//518 520//520 521//521
f 518//518 521//521 515//515
f 515//515 521//521 523//523
f 515//515 523//523 516//516
f 516//516 523//523 529//529
f 516//516 529//529 514//514
f 514//514 529//529 530//530
f 171//171 170//170 528//528
f 528//528 170//170 514//514
f 528//528 514//514 524//524
f 524//524 514//514 530//530
f 524//524 530//530 502//502
f 502//502 530//530 529//529
f 502//502 529//529 505//505
f 505//505 529//529 523//523
f 505//505 523//523 510//510
f 510//510 523//523 522//522
f 510//510 522//522 508//508
f 508//508 522//522 519//519
f 508//508 519//519 512//512
f 512//512 519//519 485//485
f 512//512 485//485 479//479
f 180//180 165//165 526//526
f 181//181 180//180 531//531
f 180//180 526//526 531//531
f 531//531 526//526 525//525
f 531//531 525//525 532//532
f 532//532 525//525 498//498
f 532//532 498//498 533//533
f 533//533 498//498 497//497
f 533//533 497//497 534//534
f 181//181 531//531 221//221
f 221//221 531//531 532//532
f 221//221 532//532 223//223
f 223//223 532//532 533//533
f 223//223 533//533 225//225
f 225//225 533//533 534//534
f 225//225 534//534 227//227
f 18//18 186//186 233//233
f 233//233 186//186 535//535
f 186//186 185//185 535//535
f 535//535 185//185 188//188
f 535//535 188//188 536//536
f 194//194 537//537 192//192
f 192//192 537//537 536//536
f 192//192 536//536 190//190
f 190//190 536//536 188//188
f 538//538 539//539 194//194
f 538//538 194//194 540//540
f 194//194 193//193 540//540
f 540//540 193//193 203//203
f 540//540 203//203 541//541
f 541//541 203//203 197//197
f 541//541 197//197 542//542
f 542//542 197//197 196//196
f 542//542 196//196 208//208
f 542//542 230//230 231//231
f 183//183 229//229 184//184
f 184//184 229//229 220//220
f 230//230 542//542 229//229
f 229//229 542//542 208//208
f 229//229 208//208 220//220
f 539//539 538//538 232//232
f 232//232 538//538 540//540
f 232//232 540//540 231//231
f 231//231 540//540 541//541
f 231//231 541//541 542//542
f 543//543 232//232 228//228
f 543//543 228//228 544//544
f 544//544 228//228 227//227
f 544//544 227//227 545//545
f 546//546 398//398 547//547
f 547//547 398//398 395//395
f 547//547 395//395 548//548
f 548//548 395//395 392//392
f 548//548 392//392 549//549
f 549//549 392//392 389//389
f 549//549 389//389 550//550
f 550//550 389//389 386//386
f 550//550 386//386 551//551
f 551//551 386//386 384//384
f 551//551 384//384 552//552
f 552//552 384//384 380//380
f 552//552 380//380 553//553
f 553//553 380//380 375//375
f 553//553 375//375 554//554
f 554//554 375//375 372//372
f 554//554 372//372 555//555
f 555//555 372//372 369//369
f 555//555 369//369 556//556
f 556//556 369//369 367//367
f 556//556 367//367 557//557
f 557//557 367//367 366//366
f 557//557 366//366 546//546
f 546//546 366//366 398//398
f 558//558 361//361 559//559
f 559//559 361//361 358//358
f 559//559 358//358 560//560
f 560//560 358//358 355//355
f 560//560 355//355 561//561
f 561//561 355//355 352//352
f 561//561 352//352 562//562
f 562//562 352//352 349//349
f 562//562 349//349 563//563
f 563//563 349//349 347//347
f 563//563 347//347 564//564
f 564//564 347//347 343//343
f 564//564 343//343 565//565
f 565//565 343//343 338//338
f 565//565 338//338 566//566
f 566//566 338//338 335//335
f 566//566 335//335 567//567
f 567//567 335//335 332//332
f 567//567 332//332 568//568
f 568//568 332//332 330//330
f 568//568 330//330 569//569
f 569//569 330//330 329//329
f 569//569 329//329 558//558
f 558//558 329//329 361//361
f 570//570 324//324 571//571
f 571//571 324//324 321//321
f 571//571 321//321 572//572
f 572//572 321//321 318//318
f 572//572 318//318 573//573
f 573//573 318//318 315//315
f 573//573 315//315 574//574
f 574//574 315//315 312//312
f 574//574 312//312 575//575
f 575//575 312//312 310//310
f 575//575 310//310 576//576
f 576//576 310//310 306//306
f 576//576 306//306 577//577
f 577//577 306//306 301//301
f 577//577 301//301 578//578
f 578//578 301//301 298//298
f 578//578 298//298 579//579
f 579//579 298//298 295//295
f 579//579 295//295 580//580
f 580//580 295//295 293//293
f 580//580 293//293 581//581
f 581//581 293//293 292//292
f 581//581 292//292 570//570
f 570//570 292//292 324//324
f 250//250 264//264 251//251
f 251//251 264//264 265//265
f 251//251 265//265 266//266
f 248//248 259//259 260//260
f 233//233 246//246 251//251
f 272//272 239//239 271//271
f 271//271 239//239 240//240
f 271//271 240//240 270//270
f 270//270 240//240 234//234
f 270//270 234//234 269//269
f 269//269 234//234 233//233
f 269//269 233//233 268//268
f 268//268 233//233 251//251
f 268//268 251//251 267//267
f 267//267 251//251 266//266
f 582//582 278//278 275//275
f 275//275 278//278 277//277
f 248//248 260//260 249//249
f 249//249 260//260 261//261
f 249//249 261//261 262//262
f 263//263 252//252 583//583
f 277//277 245//245 275//275
f 275//275 245//245 243//243
f 275//275 243//243 274//274
f 274//274 243//243 242//242
f 274//274 242//242 273//273
f 273//273 242//242 241//241
f 273//273 241//241 272//272
f 272//272 241//241 238//238
f 272//272 238//238 239//239
f 262//262 263//263 249//249
f 249//249 263//263 583//583
f 249//249 583//583 250//250
f 250//250 583//583 582//582
f 250//250 582//582 264//264
f 264//264 582//582 275//275
f 252//252 253//253 583//583
f 583//583 253//253 254//254
f 583//583 254//254 537//537
f 537//537 254//254 255//255
f 537//537 255//255 536//536
f 536//536 255//255 256//256
f 536//536 256//256 535//535
f 535//535 256//256 257//257
f 535//535 257//257 233//233
f 233//233 257//257 258//258
f 233//233 258//258 246//246
f 246//246 258//258 259//259
f 246//246 259//259 247//247
f 247//247 259//259 248//248
f 582//582 584//584 278//278
f 278//278 584//584 279//279
f 584//584 585//585 586//586
f 586//586 585//585 587//587
f 586//586 587//587 588//588
f 588//588 587//587 589//589
f 588//588 589//589 590//590
f 280//280 279//279 584//584
f 584//584 586//586 280//280
f 280//280 586//586 588//588
f 280//280 588//588 283//283
f 283//283 588//588 590//590
f 283//283 590//590 286//286
f 591//591 592//592 593//593
f 593//593 592//592 594//594
f 593//593 594//594 595//595
f 595//595 596//596 593//593
f 593//593 596//596 597//597
f 593//593 597//597 598//598
f 598//598 597//597 599//599
f 597//597 600//600 599//599
f 599//599 600//600 601//601
f 599//599 601//601 602//602
f 602//602 601//601 603//603
f 604//604 605//605 606//606
f 605//605 607//607 608//608
f 607//607 609//609 610//610
f 609//609 611//611 612//612
f 592//592 604//604 613//613
f 592//592 613//613 594//594
f 594//594 613//613 614//614
f 594//594 614//614 595//595
f 595//595 614//614 615//615
f 595//595 615//615 596//596
f 596//596 615//615 616//616
f 596//596 616//616 597//597
f 616//616 617//617 597//597
f 597//597 617//617 618//618
f 597//597 618//618 600//600
f 600//600 618//618 619//619
f 600//600 619//619 601//601
f 601//601 619//619 620//620
f 601//601 620//620 603//603
f 603//603 620//620 621//621
f 603//603 621//621 602//602
f 602//602 621//621 622//622
f 602//602 622//622 599//599
f 599//599 622//622 623//623
f 599//599 623//623 598//598
f 598//598 623//623 624//624
f 598//598 624//624 593//593
f 593//593 624//624 625//625
f 593//593 625//625 591//591
f 609//609 612//612 610//610
f 610//610 612//612 626//626
f 610//610 626//626 627//627
f 627//627 626//626 628//628
f 627//627 628//628 629//629
f 628//628 630//630 629//629
f 629//629 630//630 631//631
f 629//629 631//631 632//632
f 633//633 634//634 635//635
f 635//635 634//634 632//632
f 635//635 632//632 636//636
f 636//636 632//632 631//631
f 637//637 638//638 633//633
f 633//633 638//638 639//639
f 633//633 639//639 634//634
f 637//637 640//640 638//638
f 638//638 640//640 641//641
f 638//638 641//641 642//642
f 642//642 641//641 643//643
f 642//642 643//643 644//644
f 644//644 643//643 645//645
f 644//644 645//645 646//646
f 645//645 647//647 646//646
f 646//646 647//647 648//648
f 646//646 648//648 649//649
f 648//648 650//650 649//649
f 649//649 650//650 651//651
f 649//649 651//651 652//652
f 652//652 651//651 653//653
f 652//652 653//653 654//654
f 607//607 610//610 608//608
f 608//608 610//610 627//627
f 608//608 627//627 655//655
f 655//655 627//627 629//629
f 655//655 629//629 656//656
f 656//656 629//629 632//632
f 656//656 632//632 657//657
f 657//657 632//632 634//634
f 657//657 634//634 658//658
f 658//658 634//634 639//639
f 658//658 639//639 659//659
f 659//659 639//639 638//638
f 659//659 638//638 660//660
f 660//660 638//638 642//642
f 660//660 642//642 661//661
f 661//661 642//642 644//644
f 661//661 644//644 662//662
f 662//662 644//644 646//646
f 662//662 646//646 663//663
f 663//663 646//646 649//649
f 663//663 649//649 664//664
f 664//664 649//649 652//652
f 664//664 652//652 665//665
f 665//665 652//652 654//654
f 665//665 654//654 666//666
f 605//605 608//608 606//606
f 606//606 608//608 655//655
f 606//606 655//655 667//667
f 667//667 655//655 656//656
f 667//667 656//656 668//668
f 668//668 656//656 657//657
f 668//668 657//657 669//669
f 669//669 657//657 658//658
f 669//669 658//658 670//670
f 670//670 658//658 659//659
f 670//670 659//659 671//671
f 671//671 659//659 660//660
f 671//671 660//660 672//672
f 672//672 660//660 661//661
f 672//672 661//661 673//673
f 673//673 661//661 662//662
f 673//673 662//662 674//674
f 674//674 662//662 663//663
f 674//674 663//663 675//675
f 675//675 663//663 664//664
f 675//675 664//664 676//676
f 676//676 664//664 665//665
f 676//676 665//665 677//677
f 677//677 665//665 666//666
f 677//677 666//666 678//678
f 604//604 606//606 613//613
f 613//613 606//606 667//667
f 613//613 667//667 614//614
f 614//614 667//667 668//668
f 614//614 668//668 615//615
f 615//615 668//668 669//669
f 615//615 669//669 616//616
f 616//616 669//669 670//670
f 616//616 670//670 617//617
f 617//617 670//670 671//671
f 617//617 671//671 618//618
f 618//618 671//671 672//672
f 618//618 672//672 619//619
f 619//619 672//672 673//673
f 619//619 673//673 620//620
f 620//620 673//673 674//674
f 620//620 674//674 621//621
f 621//621 674//674 675//675
f 621//621 675//675 622//622
f 622//622 675//675 676//676
f 622//622 676//676 623//623
f 623//623 676//676 677//677
f 623//623 677//677 624//624
f 624//624 677//677 678//678
f 624//624 678//678 625//625
f 650//650 679//679 651//651
f 651//651 679//679 680//680
f 681//681 653//653 682//682
f 682//682 653//653 651//651
f 682//682 651//651 683//683
f 683//683 651//651 680//680
f 684//684 685//685 645//645
f 645//645 685//685 686//686
f 645//645 686//686 647//647
f 647//647 686//686 679//679
f 647//647 679//679 648//648
f 648//648 679//679 650//650
f 385//385 645//645 383//383
f 383//383 645//645 643//643
f 383//383 643//643 378//378
f 378//378 643//643 641//641
f 378//378 641//641 379//379
f 346//346 348//348 687//687
f 688//688 313//313 314//314
f 314//314 316//316 688//688
f 688//688 316//316 317//317
f 688//688 317//317 689//689
f 689//689 317//317 319//319
f 322//322 690//690 320//320
f 320//320 690//690 691//691
f 320//320 691//691 319//319
f 319//319 691//691 692//692
f 319//319 692//692 689//689
f 323//323 693//693 322//322
f 322//322 693//693 694//694
f 322//322 694//694 690//690
f 695//695 696//696 328//328
f 323//323 325//325 693//693
f 693//693 325//325 328//328
f 693//693 328//328 697//697
f 697//697 328//328 696//696
f 695//695 364//364 363//363
f 401//401 400//400 631//631
f 631//631 400//400 368//368
f 631//631 368//368 636//636
f 698//698 699//699 628//628
f 628//628 699//699 700//700
f 628//628 700//700 630//630
f 630//630 700//700 701//701
f 630//630 701//701 631//631
f 698//698 628//628 702//702
f 702//702 628//628 626//626
f 702//702 626//626 703//703
f 626//626 612//612 703//703
f 703//703 612//612 611//611
f 703//703 611//611 704//704
f 307//307 350//350 308//308
f 308//308 350//350 351//351
f 308//308 351//351 353//353
f 688//688 705//705 313//313
f 313//313 705//705 706//706
f 313//313 706//706 311//311
f 311//311 706//706 687//687
f 311//311 687//687 309//309
f 309//309 687//687 348//348
f 309//309 348//348 304//304
f 304//304 348//348 350//350
f 304//304 350//350 305//305
f 305//305 350//350 307//307
f 353//353 354//354 308//308
f 308//308 354//354 356//356
f 308//308 356//356 302//302
f 302//302 356//356 357//357
f 302//302 357//357 303//303
f 303//303 357//357 359//359
f 303//303 359//359 299//299
f 299//299 359//359 300//300
f 360//360 297//297 359//359
f 359//359 297//297 296//296
f 359//359 296//296 300//300
f 328//328 327//327 695//695
f 695//695 327//327 326//326
f 695//695 326//326 364//364
f 364//364 326//326 294//294
f 364//364 294//294 365//365
f 365//365 294//294 297//297
f 365//365 297//297 362//362
f 362//362 297//297 360//360
f 344//344 387//387 345//345
f 345//345 387//387 388//388
f 345//345 388//388 390//390
f 344//344 342//342 387//387
f 387//387 342//342 341//341
f 387//387 341//341 385//385
f 385//385 341//341 346//346
f 385//385 346//346 645//645
f 645//645 346//346 687//687
f 645//645 687//687 684//684
f 390//390 391//391 345//345
f 345//345 391//391 393//393
f 345//345 393//393 339//339
f 339//339 393//393 394//394
f 339//339 394//394 340//340
f 340//340 394//394 396//396
f 340//340 396//396 336//336
f 336//336 396//396 337//337
f 397//397 334//334 396//396
f 396//396 334//334 333//333
f 396//396 333//333 337//337
f 701//701 695//695 631//631
f 631//631 695//695 363//363
f 631//631 363//363 401//401
f 401//401 363//363 331//331
f 401//401 331//331 402//402
f 402//402 331//331 334//334
f 402//402 334//334 399//399
f 399//399 334//334 397//397
f 636//636 368//368 635//635
f 635//635 368//368 371//371
f 635//635 371//371 370//370
f 370//370 374//374 635//635
f 635//635 374//374 373//373
f 635//635 373//373 633//633
f 633//633 373//373 377//377
f 633//633 377//377 637//637
f 637//637 377//377 376//376
f 637//637 376//376 640//640
f 640//640 376//376 382//382
f 640//640 382//382 641//641
f 641//641 382//382 381//381
f 641//641 381//381 379//379
f 682//682 683//683 707//707
f 708//708 709//709 710//710
f 711//711 712//712 713//713
f 714//714 715//715 716//716
f 714//714 716//716 717//717
f 717//717 716//716 718//718
f 717//717 718//718 719//719
f 711//711 713//713 720//720
f 720//720 713//713 721//721
f 720//720 721//721 722//722
f 722//722 721//721 723//723
f 723//723 721//721 708//708
f 723//723 708//708 724//724
f 724//724 708//708 725//725
f 725//725 708//708 710//710
f 725//725 710//710 726//726
f 726//726 710//710 727//727
f 726//726 727//727 728//728
f 729//729 730//730 731//731
f 731//731 730//730 732//732
f 731//731 732//732 733//733
f 733//733 732//732 734//734
f 733//733 734//734 735//735
f 735//735 734//734 736//736
f 735//735 736//736 727//727
f 727//727 736//736 737//737
f 727//727 737//737 728//728
f 738//738 739//739 731//731
f 731//731 739//739 740//740
f 731//731 740//740 729//729
f 741//741 742//742 743//743
f 743//743 744//744 741//741
f 741//741 744//744 745//745
f 741//741 745//745 738//738
f 738//738 745//745 746//746
f 738//738 746//746 739//739
f 747//747 748//748 749//749
f 749//749 748//748 750//750
f 749//749 750//750 741//741
f 741//741 750//750 751//751
f 741//741 751//751 742//742
f 749//749 752//752 747//747
f 747//747 752//752 753//753
f 747//747 753//753 754//754
f 681//681 682//682 755//755
f 755//755 682//682 707//707
f 755//755 707//707 756//756
f 756//756 707//707 757//757
f 757//757 707//707 758//758
f 757//757 758//758 759//759
f 760//760 761//761 762//762
f 762//762 761//761 763//763
f 762//762 763//763 758//758
f 758//758 763//763 764//764
f 758//758 764//764 759//759
f 765//765 766//766 760//760
f 765//765 760//760 767//767
f 768//768 769//769 770//770
f 771//771 772//772 773//773
f 772//772 774//774 773//773
f 773//773 774//774 775//775
f 773//773 775//775 776//776
f 715//715 777//777 716//716
f 716//716 777//777 778//778
f 716//716 778//778 779//779
f 779//779 778//778 780//780
f 779//779 780//780 781//781
f 781//781 780//780 782//782
f 781//781 782//782 771//771
f 783//783 784//784 688//688
f 785//785 686//686 685//685
f 785//785 685//685 786//786
f 686//686 785//785 679//679
f 679//679 785//785 787//787
f 679//679 787//787 680//680
f 685//685 684//684 786//786
f 786//786 684//684 687//687
f 786//786 687//687 788//788
f 788//788 687//687 706//706
f 788//788 706//706 784//784
f 784//784 706//706 705//705
f 784//784 705//705 688//688
f 709//709 708//708 789//789
f 789//789 708//708 721//721
f 789//789 721//721 790//790
f 790//790 721//721 713//713
f 790//790 713//713 791//791
f 791//791 713//713 712//712
f 791//791 712//712 792//792
f 711//711 719//719 712//712
f 712//712 719//719 718//718
f 712//712 718//718 792//792
f 792//792 718//718 716//716
f 792//792 716//716 793//793
f 793//793 716//716 779//779
f 793//793 779//779 794//794
f 794//794 779//779 781//781
f 767//767 760//760 770//770
f 770//770 760//760 762//762
f 770//770 762//762 768//768
f 768//768 762//762 758//758
f 768//768 758//758 795//795
f 795//795 758//758 707//707
f 795//795 707//707 796//796
f 796//796 707//707 683//683
f 796//796 683//683 680//680
f 680//680 787//787 796//796
f 796//796 787//787 797//797
f 796//796 797//797 795//795
f 795//795 797//797 773//773
f 795//795 773//773 768//768
f 768//768 773//773 776//776
f 768//768 776//776 769//769
f 741//741 698//698 749//749
f 749//749 698//698 702//702
f 749//749 702//702 752//752
f 752//752 702//702 703//703
f 752//752 703//703 753//753
f 753//753 703//703 704//704
f 710//710 694//694 727//727
f 727//727 694//694 693//693
f 727//727 693//693 735//735
f 735//735 693//693 697//697
f 735//735 697//697 733//733
f 697//697 696//696 733//733
f 733//733 696//696 695//695
f 733//733 695//695 731//731
f 731//731 695//695 701//701
f 731//731 701//701 738//738
f 738//738 701//701 700//700
f 738//738 700//700 741//741
f 741//741 700//700 699//699
f 741//741 699//699 698//698
f 688//688 689//689 783//783
f 783//783 689//689 692//692
f 783//783 692//692 798//798
f 798//798 692//692 691//691
f 798//798 691//691 690//690
f 771//771 773//773 781//781
f 781//781 773//773 797//797
f 781//781 797//797 794//794
f 794//794 797//797 787//787
f 794//794 787//787 793//793
f 793//793 787//787 785//785
f 793//793 785//785 792//792
f 792//792 785//785 786//786
f 792//792 786//786 791//791
f 791//791 786//786 788//788
f 791//791 788//788 790//790
f 790//790 788//788 784//784
f 790//790 784//784 789//789
f 789//789 784//784 783//783
f 789//789 783//783 709//709
f 709//709 783//783 798//798
f 709//709 798//798 710//710
f 710//710 798//798 690//690
f 710//710 690//690 694//694
f 725//725 726//726 799//799
f 534//534 497//497 800//800
f 590//590 589//589 801//801
f 801//801 766//766 765//765
f 408//408 135//135 404//404
f 419//419 408//408 801//801
f 441//441 419//419 802//802
f 802//802 419//419 801//801
f 802//802 801//801 803//803
f 803//803 801//801 765//765
f 408//408 404//404 801//801
f 801//801 404//404 403//403
f 801//801 403//403 291//291
f 291//291 287//287 801//801
f 801//801 287//287 286//286
f 801//801 286//286 590//590
f 426//426 425//425 802//802
f 802//802 425//425 424//424
f 802//802 424//424 441//441
f 776//776 775//775 429//429
f 771//771 782//782 772//772
f 772//772 782//782 429//429
f 772//772 429//429 774//774
f 774//774 429//429 775//775
f 432//432 430//430 778//778
f 778//778 430//430 429//429
f 778//778 429//429 780//780
f 780//780 429//429 782//782
f 804//804 454//454 805//805
f 805//805 454//454 457//457
f 448//448 446//446 806//806
f 806//806 446//446 445//445
f 806//806 445//445 807//807
f 807//807 445//445 451//451
f 807//807 451//451 804//804
f 804//804 451//451 453//453
f 804//804 453//453 454//454
f 448//448 806//806 450//450
f 450//450 806//806 477//477
f 450//450 477//477 155//155
f 475//475 476//476 808//808
f 808//808 476//476 809//809
f 808//808 809//809 810//810
f 811//811 472//472 812//812
f 812//812 472//472 473//473
f 812//812 473//473 799//799
f 482//482 484//484 811//811
f 811//811 484//484 164//164
f 811//811 164//164 472//472
f 813//813 478//478 480//480
f 734//734 732//732 478//478
f 478//478 732//732 730//730
f 730//730 729//729 478//478
f 478//478 729//729 740//740
f 478//478 740//740 513//513
f 814//814 511//511 509//509
f 740//740 739//739 513//513
f 513//513 739//739 746//746
f 513//513 746//746 508//508
f 508//508 746//746 745//745
f 508//508 745//745 509//509
f 509//509 745//745 744//744
f 509//509 744//744 814//814
f 814//814 744//744 743//743
f 511//511 814//814 505//505
f 505//505 814//814 815//815
f 505//505 815//815 506//506
f 800//800 497//497 816//816
f 816//816 497//497 496//496
f 816//816 496//496 500//500
f 500//500 499//499 816//816
f 816//816 499//499 504//504
f 816//816 504//504 503//503
f 227//227 534//534 545//545
f 545//545 534//534 800//800
f 545//545 800//800 817//817
f 817//817 800//800 816//816
f 817//817 816//816 818//818
f 818//818 816//816 819//819
f 743//743 742//742 814//814
f 814//814 742//742 751//751
f 814//814 751//751 815//815
f 815//815 751//751 750//750
f 815//815 750//750 820//820
f 820//820 750//750 748//748
f 820//820 748//748 821//821
f 821//821 748//748 747//747
f 478//478 813//813 734//734
f 734//734 813//813 822//822
f 734//734 822//822 736//736
f 736//736 822//822 737//737
f 737//737 822//822 823//823
f 737//737 823//823 728//728
f 473//473 474//474 799//799
f 799//799 474//474 824//824
f 799//799 824//824 725//725
f 722//722 723//723 824//824
f 824//824 723//723 724//724
f 824//824 724//724 725//725
f 824//824 825//825 722//722
f 722//722 825//825 826//826
f 722//722 826//826 720//720
f 714//714 717//717 827//827
f 456//456 432//432 828//828
f 828//828 432//432 778//778
f 828//828 778//778 829//829
f 829//829 778//778 777//777
f 829//829 777//777 827//827
f 827//827 777//777 715//715
f 827//827 715//715 714//714
f 429//429 427//427 776//776
f 776//776 427//427 426//426
f 776//776 426//426 769//769
f 769//769 426//426 802//802
f 769//769 802//802 770//770
f 770//770 802//802 803//803
f 770//770 803//803 767//767
f 767//767 803//803 765//765
f 830//830 807//807 827//827
f 827//827 807//807 804//804
f 827//827 804//804 829//829
f 829//829 804//804 805//805
f 829//829 805//805 828//828
f 828//828 805//805 457//457
f 828//828 457//457 456//456
f 831//831 832//832 810//810
f 474//474 475//475 824//824
f 824//824 475//475 808//808
f 824//824 808//808 825//825
f 825//825 808//808 810//810
f 825//825 810//810 826//826
f 826//826 810//810 832//832
f 826//826 832//832 720//720
f 720//720 832//832 831//831
f 720//720 831//831 711//711
f 726//726 728//728 799//799
f 799//799 728//728 823//823
f 799//799 823//823 812//812
f 812//812 823//823 822//822
f 812//812 822//822 811//811
f 811//811 822//822 813//813
f 811//811 813//813 482//482
f 482//482 813//813 480//480
f 754//754 818//818 747//747
f 747//747 818//818 819//819
f 747//747 819//819 821//821
f 821//821 819//819 816//816
f 821//821 816//816 820//820
f 820//820 816//816 503//503
f 820//820 503//503 815//815
f 815//815 503//503 507//507
f 815//815 507//507 506//506
f 717//717 719//719 827//827
f 827//827 719//719 711//711
f 827//827 711//711 830//830
f 830//830 711//711 831//831
f 830//830 831//831 807//807
f 807//807 831//831 810//810
f 807//807 810//810 806//806
f 806//806 810//810 809//809
f 806//806 809//809 477//477
f 477//477 809//809 476//476
f 232//232 543//543 539//539
f 539//539 543//543 583//583
f 539//539 583//583 194//194
f 194//194 583//583 537//537
f 833//833 554//554 834//834
f 834//834 554//554 555//555
f 834//834 555//555 835//835
f 835//835 555//555 556//556
f 835//835 556//556 836//836
f 836//836 556//556 557//557
f 836//836 557//557 837//837
f 837//837 557//557 546//546
f 837//837 546//546 838//838
f 838//838 546//546 547//547
f 838//838 547//547 839//839
f 839//839 547//547 548//548
f 839//839 548//548 840//840
f 840//840 548//548 549//549
f 840//840 549//549 841//841
f 841//841 549//549 550//550
f 841//841 550//550 842//842
f 842//842 550//550 551//551
f 842//842 551//551 843//843
f 843//843 551//551 552//552
f 843//843 552//552 844//844
f 844//844 552//552 553//553
f 844//844 553//553 833//833
f 833//833 553//553 554//554
f 845//845 566//566 846//846
f 846//846 566//566 567//567
f 846//846 567//567 847//847
f 847//847 567//567 568//568
f 847//847 568//568 848//848
f 848//848 568//568 569//569
f 848//848 569//569 849//849
f 849//849 569//569 558//558
f 849//849 558//558 850//850
f 850//850 558//558 559//559
f 850//850 559//559 851//851
f 851//851 559//559 560//560
f 851//851 560//560 852//852
f 852//852 560//560 561//561
f 852//852 561//561 853//853
f 853//853 561//561 562//562
f 853//853 562//562 854//854
f 854//854 562//562 563//563
f 854//854 563//563 855//855
f 855//855 563//563 564//564
f 855//855 564//564 856//856
f 856//856 564//564 565//565
f 856//856 565//565 845//845
f 845//845 565//565 566//566
f 857//857 578//578 858//858
f 858//858 578//578 579//579
f 858//858 579//579 859//859
f 859//859 579//579 580//580
f 859//859 580//580 860//860
f 860//860 580//580 581//581
f 860//860 581//581 861//861
f 861//861 581//581 570//570
f 861//861 570//570 862//862
f 862//862 570//570 571//571
f 862//862 571//571 863//863
f 863//863 571//571 572//572
f 863//863 572//572 864//864
f 864//864 572//572 573//573
f 864//864 573//573 865//865
f 865//865 573//573 574//574
f 865//865 574//574 866//866
f 866//866 574//574 575//575
f 866//866 575//575 867//867
f 867//867 575//575 576//576
f 867//867 576//576 868//868
f 868//868 576//576 577//577
f 868//868 577//577 857//857
f 857//857 577//577 578//578
f 864//864 582//582 863//863
f 863//863 582//582 583//583
f 863//863 583//583 862//862
f 755//755 851//851 681//681
f 681//681 851//851 852//852
f 850//850 851//851 866//866
f 866//866 851//851 755//755
f 866//866 755//755 865//865
f 865//865 755//755 864//864
f 607//607 605//605 834//834
f 834//834 605//605 604//604
f 834//834 604//604 833//833
f 852//852 853//853 681//681
f 681//681 853//853 854//854
f 681//681 854//854 839//839
f 867//867 848//848 866//866
f 866//866 848//848 849//849
f 866//866 849//849 850//850
f 839//839 840//840 681//681
f 681//681 840//840 841//841
f 681//681 841//841 653//653
f 678//678 666//666 654//654
f 625//625 844//844 591//591
f 591//591 844//844 833//833
f 591//591 833//833 592//592
f 592//592 833//833 604//604
f 835//835 611//611 834//834
f 834//834 611//611 609//609
f 834//834 609//609 607//607
f 704//704 611//611 859//859
f 859//859 860//860 704//704
f 704//704 860//860 861//861
f 704//704 861//861 753//753
f 753//753 861//861 862//862
f 753//753 862//862 754//754
f 754//754 862//862 818//818
f 755//755 756//756 864//864
f 864//864 756//756 757//757
f 864//864 757//757 759//759
f 625//625 678//678 844//844
f 844//844 678//678 654//654
f 844//844 654//654 843//843
f 843//843 654//654 653//653
f 843//843 653//653 842//842
f 842//842 653//653 841//841
f 759//759 764//764 864//864
f 864//864 764//764 763//763
f 864//864 763//763 582//582
f 582//582 763//763 761//761
f 582//582 761//761 760//760
f 587//587 585//585 589//589
f 589//589 585//585 584//584
f 589//589 584//584 801//801
f 801//801 584//584 582//582
f 801//801 582//582 766//766
f 766//766 582//582 760//760
f 846//846 847//847 838//838
f 838//838 847//847 848//848
f 838//838 848//848 837//837
f 837//837 848//848 611//611
f 837//837 611//611 836//836
f 836//836 611//611 835//835
f 867//867 868//868 848//848
f 848//848 868//868 857//857
f 848//848 857//857 611//611
f 611//611 857//857 858//858
f 611//611 858//858 859//859
f 854//854 855//855 839//839
f 839//839 855//855 856//856
f 839//839 856//856 838//838
f 838//838 856//856 845//845
f 838//838 845//845 846//846
f 818//818 862//862 817//817
f 817//817 862//862 583//583
f 817//817 583//583 545//545
f 545//545 583//583 543//543
f 545//545 543//543 544//544
f 869//869 870//870 871//871
f 872//872 873//873 874//874
f 874//874 873//873 875//875
f 874//874 875//875 871//871
f 871//871 875//875 876//876
f 871//871 876//876 869//869
f 877//877 878//878 879//879
f 879//879 878//878 880//880
f 879//879 880//880 872//872
f 872//872 880//880 881//881
f 872//872 881//881 873//873
f 882//882 883//883 884//884
f 885//885 886//886 887//887
f 885//885 887//887 884//884
f 884//884 887//887 888//888
f 884//884 888//888 882//882
f 889//889 890//890 883//883
f 883//883 890//890 891//891
f 892//892 886//886 893//893
f 893//893 886//886 885//885
f 893//893 885//885 891//891
f 891//891 885//885 884//884
f 891//891 884//884 883//883
f 894//894 895//895 889//889
f 883//883 896//896 889//889
f 889//889 896//896 897//897
f 889//889 897//897 894//894
f 894//894 897//897 898//898
f 894//894 898//898 899//899
f 896//896 900//900 901//901
f 901//901 902//902 896//896
f 896//896 902//902 903//903
f 896//896 903//903 897//897
f 897//897 903//903 904//904
f 897//897 904//904 898//898
f 888//888 887//887 905//905
f 883//883 882//882 896//896
f 896//896 882//882 888//888
f 896//896 888//888 900//900
f 900//900 888//888 905//905
f 900//900 905//905 901//901
f 901//901 905//905 906//906
f 907//907 899//899 908//908
f 908//908 899//899 898//898
f 908//908 898//898 909//909
f 909//909 898//898 904//904
f 909//909 904//904 910//910
f 910//910 904//904 903//903
f 910//910 903//903 911//911
f 911//911 903//903 902//902
f 911//911 902//902 912//912
f 912//912 902//902 901//901
f 912//912 901//901 913//913
f 913//913 901//901 906//906
f 909//909 910//910 914//914
f 911//911 912//912 915//915
f 916//916 917//917 918//918
f 918//918 917//917 919//919
f 918//918 919//919 920//920
f 916//916 918//918 921//921
f 921//921 918//918 922//922
f 921//921 922//922 923//923
f 923//923 922//922 915//915
f 923//923 915//915 924//924
f 924//924 915//915 912//912
f 924//924 912//912 913//913
f 925//925 907//907 908//908
f 908//908 926//926 925//925
f 925//925 926//926 927//927
f 925//925 927//927 928//928
f 928//928 927//927 929//929
f 928//928 929//929 930//930
f 930//930 929//929 931//931
f 930//930 931//931 932//932
f 908//908 909//909 926//926
f 926//926 909//909 914//914
f 926//926 914//914 927//927
f 927//927 914//914 933//933
f 927//927 933//933 929//929
f 929//929 933//933 934//934
f 929//929 934//934 931//931
f 931//931 934//934 935//935
f 910//910 911//911 914//914
f 914//914 911//911 915//915
f 914//914 915//915 933//933
f 933//933 915//915 922//922
f 933//933 922//922 934//934
f 934//934 922//922 918//918
f 934//934 918//918 935//935
f 935//935 918//918 920//920
f 878//878 877//877 936//936
f 878//878 936//936 880//880
f 936//936 937//937 880//880
f 880//880 937//937 938//938
f 880//880 938//938 881//881
f 881//881 938//938 939//939
f 881//881 939//939 873//873
f 873//873 939//939 940//940
f 873//873 940//940 875//875
f 941//941 942//942 943//943
f 944//944 945//945 946//946
f 946//946 945//945 947//947
f 945//945 948//948 947//947
f 947//947 948//948 949//949
f 947//947 949//949 950//950
f 950//950 949//949 951//951
f 950//950 951//951 952//952
f 944//944 946//946 943//943
f 943//943 946//946 953//953
f 943//943 953//953 941//941
f 944//944 932//932 931//931
f 944//944 931//931 945//945
f 945//945 931//931 935//935
f 945//945 935//935 948//948
f 948//948 935//935 920//920
f 948//948 920//920 949//949
f 919//919 952//952 920//920
f 920//920 952//952 951//951
f 920//920 951//951 949//949
f 954//954 955//955 956//956
f 956//956 955//955 957//957
f 956//956 957//957 958//958
f 954//954 956//956 959//959
f 959//959 956//956 960//960
f 959//959 960//960 961//961
f 961//961 960//960 962//962
f 961//961 962//962 963//963
f 963//963 962//962 937//937
f 963//963 937//937 936//936
f 964//964 940//940 939//939
f 939//939 965//965 964//964
f 964//964 965//965 966//966
f 964//964 966//966 967//967
f 967//967 966//966 968//968
f 967//967 968//968 969//969
f 969//969 968//968 970//970
f 969//969 970//970 971//971
f 939//939 938//938 965//965
f 965//965 938//938 972//972
f 965//965 972//972 966//966
f 966//966 972//972 973//973
f 966//966 973//973 968//968
f 968//968 973//973 974//974
f 968//968 974//974 970//970
f 970//970 974//974 975//975
f 938//938 937//937 972//972
f 972//972 937//937 962//962
f 972//972 962//962 973//973
f 973//973 962//962 960//960
f 973//973 960//960 974//974
f 974//974 960//960 956//956
f 974//974 956//956 975//975
f 975//975 956//956 958//958
f 976//976 977//977 978//978
f 978//978 977//977 979//979
f 978//978 979//979 980//980
f 980//980 979//979 981//981
f 982//982 983//983 984//984
f 984//984 983//983 942//942
f 942//942 983//983 985//985
f 942//942 985//985 943//943
f 943//943 985//985 986//986
f 943//943 986//986 944//944
f 944//944 986//986 932//932
f 932//932 986//986 987//987
f 932//932 987//987 930//930
f 930//930 987//987 988//988
f 930//930 988//988 928//928
f 928//928 988//988 989//989
f 928//928 989//989 925//925
f 984//984 990//990 982//982
f 982//982 990//990 991//991
f 982//982 991//991 992//992
f 992//992 991//991 993//993
f 992//992 993//993 994//994
f 994//994 993//993 995//995
f 994//994 995//995 996//996
f 996//996 995//995 895//895
f 996//996 895//895 997//997
f 997//997 895//895 894//894
f 997//997 894//894 998//998
f 998//998 894//894 899//899
f 998//998 899//899 989//989
f 989//989 899//899 907//907
f 989//989 907//907 925//925
f 999//999 1000//1000 1001//1001
f 1001//1001 1000//1000 1002//1002
f 1001//1001 1002//1002 1003//1003
f 1003//1003 1002//1002 869//869
f 1003//1003 869//869 1004//1004
f 1005//1005 967//967 1006//1006
f 1006//1006 967//967 969//969
f 1006//1006 969//969 1007//1007
f 1007//1007 969//969 971//971
f 1007//1007 971//971 1008//1008
f 869//869 876//876 1004//1004
f 1004//1004 876//876 875//875
f 1004//1004 875//875 1009//1009
f 1009//1009 875//875 940//940
f 1009//1009 940//940 1005//1005
f 1005//1005 940//940 964//964
f 1005//1005 964//964 967//967
f 971//971 1010//1010 1008//1008
f 1008//1008 1010//1010 1011//1011
f 1008//1008 1011//1011 1012//1012
f 1012//1012 1011//1011 1013//1013
f 1012//1012 1013//1013 1014//1014
f 1014//1014 1013//1013 1015//1015
f 1014//1014 1015//1015 1016//1016
f 1016//1016 1015//1015 1017//1017
f 1016//1016 1017//1017 999//999
f 999//999 1017//1017 1018//1018
f 999//999 1018//1018 1000//1000
f 1015//1015 1013//1013 1019//1019
f 1015//1015 1020//1020 1021//1021
f 1019//1019 1022//1022 1015//1015
f 1015//1015 1022//1022 1023//1023
f 1015//1015 1023//1023 1020//1020
f 1021//1021 1024//1024 1015//1015
f 1015//1015 1024//1024 1025//1025
f 1015//1015 1025//1025 1026//1026
f 1027//1027 1002//1002 1028//1028
f 1028//1028 1002//1002 1000//1000
f 1028//1028 1000//1000 1029//1029
f 1029//1029 1000//1000 1030//1030
f 1030//1030 1000//1000 1018//1018
f 1030//1030 1018//1018 1031//1031
f 1031//1031 1018//1018 1017//1017
f 1031//1031 1017//1017 1032//1032
f 1032//1032 1017//1017 1033//1033
f 1033//1033 1017//1017 1015//1015
f 1033//1033 1015//1015 1026//1026
f 1027//1027 1034//1034 1002//1002
f 1002//1002 1034//1034 1035//1035
f 1035//1035 1036//1036 1002//1002
f 1002//1002 1036//1036 870//870
f 1002//1002 870//870 869//869
f 1037//1037 1038//1038 953//953
f 953//953 1038//1038 941//941
f 1039//1039 1040//1040 1041//1041
f 1041//1041 1040//1040 1042//1042
f 1043//1043 1039//1039 1044//1044
f 1044//1044 1039//1039 1041//1041
f 1044//1044 1041//1041 1045//1045
f 1045//1045 1041//1041 1042//1042
f 1045//1045 1042//1042 1046//1046
f 946//946 947//947 1047//1047
f 1047//1047 947//947 1048//1048
f 1047//1047 1048//1048 1049//1049
f 953//953 946//946 1037//1037
f 1037//1037 946//946 1047//1047
f 1037//1037 1047//1047 1050//1050
f 1050//1050 1047//1047 1049//1049
f 1050//1050 1049//1049 1051//1051
f 1052//1052 1043//1043 1051//1051
f 1051//1051 1043//1043 1044//1044
f 1051//1051 1044//1044 1050//1050
f 1050//1050 1044//1044 1045//1045
f 1050//1050 1045//1045 1037//1037
f 1037//1037 1045//1045 1046//1046
f 1037//1037 1046//1046 1038//1038
f 1053//1053 1052//1052 1054//1054
f 1054//1054 1052//1052 1051//1051
f 1054//1054 1051//1051 1055//1055
f 1055//1055 1051//1051 1049//1049
f 1055//1055 1049//1049 1056//1056
f 1056//1056 1049//1049 1048//1048
f 1056//1056 1048//1048 950//950
f 950//950 1048//1048 947//947
f 1057//1057 1058//1058 1059//1059
f 1060//1060 1061//1061 1062//1062
f 1060//1060 1062//1062 1063//1063
f 1063//1063 1062//1062 1064//1064
f 1063//1063 1064//1064 1065//1065
f 1065//1065 1064//1064 1066//1066
f 1065//1065 1066//1066 1067//1067
f 1035//1035 1067//1067 1036//1036
f 1036//1036 1067//1067 1066//1066
f 1036//1036 1066//1066 1068//1068
f 1068//1068 1066//1066 1064//1064
f 1068//1068 1064//1064 1069//1069
f 1069//1069 1064//1064 1062//1062
f 1069//1069 1062//1062 1059//1059
f 1059//1059 1062//1062 1061//1061
f 1059//1059 1061//1061 1057//1057
f 1058//1058 879//879 872//872
f 1058//1058 872//872 1059//1059
f 1059//1059 872//872 874//874
f 1059//1059 874//874 1069//1069
f 1069//1069 874//874 871//871
f 1069//1069 871//871 1068//1068
f 1068//1068 871//871 870//870
f 1068//1068 870//870 1036//1036
f 1070//1070 1071//1071 984//984
f 984//984 942//942 1070//1070
f 1070//1070 942//942 941//941
f 1070//1070 941//941 1040//1040
f 1040//1040 941//941 1038//1038
f 1040//1040 1038//1038 1042//1042
f 1042//1042 1038//1038 1046//1046
f 1072//1072 995//995 1073//1073
f 1073//1073 995//995 993//993
f 991//991 1074//1074 993//993
f 993//993 1074//1074 1075//1075
f 993//993 1075//1075 1073//1073
f 1076//1076 1077//1077 991//991
f 991//991 1077//1077 1078//1078
f 991//991 1078//1078 1074//1074
f 991//991 990//990 1076//1076
f 1076//1076 990//990 984//984
f 1076//1076 984//984 1071//1071
f 995//995 1072//1072 1079//1079
f 1079//1079 1080//1080 995//995
f 995//995 1080//1080 1081//1081
f 995//995 1081//1081 1082//1082
f 1082//1082 1083//1083 995//995
f 995//995 1083//1083 890//890
f 995//995 890//890 895//895
f 895//895 890//890 889//889
f 1081//1081 1080//1080 1084//1084
f 1085//1085 1086//1086 1087//1087
f 1087//1087 1086//1086 1088//1088
f 1085//1085 1087//1087 1089//1089
f 1085//1085 1089//1089 1090//1090
f 1084//1084 1091//1091 1088//1088
f 1088//1088 1091//1091 1092//1092
f 1088//1088 1092//1092 1087//1087
f 1087//1087 1092//1092 1093//1093
f 1087//1087 1093//1093 1089//1089
f 1086//1086 1094//1094 1088//1088
f 1088//1088 1094//1094 1095//1095
f 1088//1088 1095//1095 1084//1084
f 1084//1084 1095//1095 1082//1082
f 1084//1084 1082//1082 1081//1081
f 1096//1096 1097//1097 1098//1098
f 1085//1085 1090//1090 1096//1096
f 1096//1096 1090//1090 1099//1099
f 1096//1096 1099//1099 1097//1097
f 1097//1097 1099//1099 1100//1100
f 1083//1083 1082//1082 1101//1101
f 1101//1101 1082//1082 1095//1095
f 1101//1101 1095//1095 1098//1098
f 1098//1098 1095//1095 1094//1094
f 1098//1098 1094//1094 1096//1096
f 1096//1096 1094//1094 1086//1086
f 1096//1096 1086//1086 1085//1085
f 1100//1100 892//892 1097//1097
f 1097//1097 892//892 893//893
f 1097//1097 893//893 1098//1098
f 1098//1098 893//893 891//891
f 1098//1098 891//891 1101//1101
f 1101//1101 891//891 890//890
f 1101//1101 890//890 1083//1083
f 1022//1022 1019//1019 1102//1102
f 1023//1023 1022//1022 1103//1103
f 1023//1023 1103//1103 1104//1104
f 1104//1104 1103//1103 1105//1105
f 1104//1104 1105//1105 1106//1106
f 1022//1022 1102//1102 1103//1103
f 1103//1103 1102//1102 1107//1107
f 1103//1103 1107//1107 1105//1105
f 1105//1105 1107//1107 1108//1108
f 1105//1105 1108//1108 1109//1109
f 1109//1109 1108//1108 1110//1110
f 1110//1110 1108//1108 1111//1111
f 1110//1110 1111//1111 1112//1112
f 1106//1106 1105//1105 1113//1113
f 1113//1113 1105//1105 1109//1109
f 1113//1113 1109//1109 1114//1114
f 1114//1114 1109//1109 1110//1110
f 1114//1114 1110//1110 1115//1115
f 1115//1115 1110//1110 1112//1112
f 1115//1115 1112//1112 1116//1116
f 1117//1117 1118//1118 1111//1111
f 1111//1111 1118//1118 1119//1119
f 1111//1111 1119//1119 1120//1120
f 1111//1111 1108//1108 1117//1117
f 1117//1117 1108//1108 1107//1107
f 1117//1117 1107//1107 1121//1121
f 1121//1121 1107//1107 1010//1010
f 1010//1010 1107//1107 1102//1102
f 1010//1010 1102//1102 1011//1011
f 1011//1011 1102//1102 1019//1019
f 1011//1011 1019//1019 1013//1013
f 1010//1010 971//971 970//970
f 1010//1010 970//970 1121//1121
f 1121//1121 970//970 975//975
f 1121//1121 975//975 1117//1117
f 1117//1117 975//975 958//958
f 1117//1117 958//958 1118//1118
f 957//957 1120//1120 958//958
f 958//958 1120//1120 1119//1119
f 958//958 1119//1119 1118//1118
f 1122//1122 1123//1123 1124//1124
f 892//892 1122//1122 886//886
f 886//886 1122//1122 1124//1124
f 886//886 1124//1124 887//887
f 887//887 1124//1124 1125//1125
f 1126//1126 906//906 1127//1127
f 1127//1127 906//906 905//905
f 1127//1127 905//905 1125//1125
f 1125//1125 905//905 887//887
f 913//913 906//906 1128//1128
f 1128//1128 906//906 1126//1126
f 919//919 917//917 1129//1129
f 1129//1129 917//917 1130//1130
f 917//917 916//916 1130//1130
f 1130//1130 916//916 921//921
f 1130//1130 921//921 1131//1131
f 913//913 1128//1128 924//924
f 924//924 1128//1128 1131//1131
f 924//924 1131//1131 923//923
f 923//923 1131//1131 921//921
f 1132//1132 936//936 877//877
f 1132//1132 877//877 1129//1129
f 1129//1129 877//877 952//952
f 1129//1129 952//952 919//919
f 877//877 879//879 1133//1133
f 877//877 1133//1133 952//952
f 952//952 1133//1133 1134//1134
f 952//952 1134//1134 950//950
f 957//957 955//955 1135//1135
f 1135//1135 955//955 1136//1136
f 955//955 954//954 1136//1136
f 1136//1136 954//954 959//959
f 1136//1136 959//959 1137//1137
f 936//936 1132//1132 963//963
f 963//963 1132//1132 1137//1137
f 963//963 1137//1137 961//961
f 961//961 1137//1137 959//959
f 980//980 1138//1138 978//978
f 978//978 1138//1138 1139//1139
f 978//978 1139//1139 976//976
f 976//976 1139//1139 1140//1140
f 976//976 1140//1140 977//977
f 977//977 1140//1140 1141//1141
f 977//977 1141//1141 979//979
f 979//979 1141//1141 1142//1142
f 979//979 1142//1142 981//981
f 981//981 1142//1142 1143//1143
f 981//981 1143//1143 980//980
f 980//980 1143//1143 1138//1138
f 1144//1144 987//987 1145//1145
f 1145//1145 987//987 986//986
f 1145//1145 986//986 1146//1146
f 1146//1146 986//986 985//985
f 1146//1146 985//985 1147//1147
f 1147//1147 985//985 983//983
f 1147//1147 983//983 1148//1148
f 1148//1148 983//983 982//982
f 1148//1148 982//982 1149//1149
f 1149//1149 982//982 992//992
f 1149//1149 992//992 1150//1150
f 1150//1150 992//992 994//994
f 1150//1150 994//994 1151//1151
f 1151//1151 994//994 996//996
f 1151//1151 996//996 1152//1152
f 1152//1152 996//996 997//997
f 1152//1152 997//997 1153//1153
f 1153//1153 997//997 998//998
f 1153//1153 998//998 1154//1154
f 1154//1154 998//998 989//989
f 1154//1154 989//989 1155//1155
f 1155//1155 989//989 988//988
f 1155//1155 988//988 1144//1144
f 1144//1144 988//988 987//987
f 1156//1156 1009//1009 1157//1157
f 1157//1157 1009//1009 1005//1005
f 1157//1157 1005//1005 1158//1158
f 1158//1158 1005//1005 1006//1006
f 1158//1158 1006//1006 1159//1159
f 1159//1159 1006//1006 1007//1007
f 1159//1159 1007//1007 1160//1160
f 1160//1160 1007//1007 1008//1008
f 1160//1160 1008//1008 1161//1161
f 1161//1161 1008//1008 1012//1012
f 1161//1161 1012//1012 1162//1162
f 1162//1162 1012//1012 1014//1014
f 1162//1162 1014//1014 1163//1163
f 1163//1163 1014//1014 1016//1016
f 1163//1163 1016//1016 1164//1164
f 1164//1164 1016//1016 999//999
f 1164//1164 999//999 1165//1165
f 1165//1165 999//999 1001//1001
f 1165//1165 1001//1001 1166//1166
f 1166//1166 1001//1001 1003//1003
f 1166//1166 1003//1003 1167//1167
f 1167//1167 1003//1003 1004//1004
f 1167//1167 1004//1004 1156//1156
f 1156//1156 1004//1004 1009//1009
f 1168//1168 1169//1169 1170//1170
f 1170//1170 1171//1171 1168//1168
f 1168//1168 1171//1171 1124//1124
f 1168//1168 1124//1124 1123//1123
f 1172//1172 1173//1173 1174//1174
f 1175//1175 1176//1176 1177//1177
f 1177//1177 1176//1176 1178//1178
f 1177//1177 1178//1178 1179//1179
f 1179//1179 1178//1178 1180//1180
f 1179//1179 1180//1180 1181//1181
f 1181//1181 1180//1180 1168//1168
f 1181//1181 1168//1168 1123//1123
f 1175//1175 1172//1172 1176//1176
f 1176//1176 1172//1172 1174//1174
f 1176//1176 1174//1174 1178//1178
f 1178//1178 1174//1174 1182//1182
f 1178//1178 1182//1182 1180//1180
f 1180//1180 1182//1182 1169//1169
f 1180//1180 1169//1169 1168//1168
f 1183//1183 1184//1184 1185//1185
f 1186//1186 1187//1187 1188//1188
f 1185//1185 1184//1184 1189//1189
f 1190//1190 1187//1187 1191//1191
f 1191//1191 1187//1187 1186//1186
f 1191//1191 1186//1186 1192//1192
f 1192//1192 1186//1186 1193//1193
f 1194//1194 1195//1195 1196//1196
f 1021//1021 1020//1020 1197//1197
f 1198//1198 1113//1113 1114//1114
f 1196//1196 1193//1193 1194//1194
f 1194//1194 1193//1193 1186//1186
f 1194//1194 1186//1186 1199//1199
f 1199//1199 1186//1186 1188//1188
f 1199//1199 1188//1188 1200//1200
f 1201//1201 1026//1026 1025//1025
f 1202//1202 1200//1200 1201//1201
f 1200//1200 1202//1202 1199//1199
f 1199//1199 1202//1202 1183//1183
f 1199//1199 1183//1183 1194//1194
f 1194//1194 1183//1183 1185//1185
f 1194//1194 1185//1185 1195//1195
f 1115//1115 1116//1116 1189//1189
f 1189//1189 1116//1116 1203//1203
f 1189//1189 1203//1203 1185//1185
f 1185//1185 1203//1203 1204//1204
f 1185//1185 1204//1204 1195//1195
f 1106//1106 1197//1197 1104//1104
f 1104//1104 1197//1197 1020//1020
f 1104//1104 1020//1020 1023//1023
f 1025//1025 1024//1024 1205//1205
f 1205//1205 1024//1024 1021//1021
f 1205//1205 1021//1021 1206//1206
f 1206//1206 1021//1021 1197//1197
f 1206//1206 1197//1197 1198//1198
f 1198//1198 1197//1197 1106//1106
f 1198//1198 1106//1106 1113//1113
f 1201//1201 1025//1025 1202//1202
f 1202//1202 1025//1025 1205//1205
f 1202//1202 1205//1205 1183//1183
f 1183//1183 1205//1205 1206//1206
f 1183//1183 1206//1206 1184//1184
f 1184//1184 1206//1206 1198//1198
f 1184//1184 1198//1198 1189//1189
f 1189//1189 1198//1198 1114//1114
f 1189//1189 1114//1114 1115//1115
f 1207//1207 1208//1208 1209//1209
f 1209//1209 1208//1208 1210//1210
f 1209//1209 1210//1210 1211//1211
f 1212//1212 1213//1213 1208//1208
f 1208//1208 1213//1213 1214//1214
f 1208//1208 1214//1214 1210//1210
f 1215//1215 1216//1216 1217//1217
f 1218//1218 1219//1219 1220//1220
f 1220//1220 1219//1219 1221//1221
f 1220//1220 1221//1221 1222//1222
f 1222//1222 1221//1221 1215//1215
f 1222//1222 1215//1215 1223//1223
f 1223//1223 1215//1215 1217//1217
f 1224//1224 1188//1188 1187//1187
f 1216//1216 1215//1215 1225//1225
f 1225//1225 1215//1215 1224//1224
f 1225//1225 1224//1224 1226//1226
f 1226//1226 1224//1224 1187//1187
f 1226//1226 1187//1187 1190//1190
f 1026//1026 1201//1201 1033//1033
f 1033//1033 1201//1201 1227//1227
f 1033//1033 1227//1227 1032//1032
f 1032//1032 1227//1227 1228//1228
f 1032//1032 1228//1228 1031//1031
f 1200//1200 1188//1188 1229//1229
f 1229//1229 1188//1188 1224//1224
f 1229//1229 1224//1224 1230//1230
f 1230//1230 1224//1224 1215//1215
f 1230//1230 1215//1215 1231//1231
f 1231//1231 1215//1215 1221//1221
f 1231//1231 1221//1221 1232//1232
f 1232//1232 1221//1221 1219//1219
f 1232//1232 1219//1219 1233//1233
f 1228//1228 1234//1234 1031//1031
f 1031//1031 1234//1234 1235//1235
f 1031//1031 1235//1235 1030//1030
f 1030//1030 1235//1235 1236//1236
f 1030//1030 1236//1236 1029//1029
f 1029//1029 1236//1236 1237//1237
f 1029//1029 1237//1237 1028//1028
f 1218//1218 1212//1212 1219//1219
f 1219//1219 1212//1212 1208//1208
f 1219//1219 1208//1208 1233//1233
f 1233//1233 1208//1208 1207//1207
f 1233//1233 1207//1207 1238//1238
f 1238//1238 1207//1207 1239//1239
f 1238//1238 1239//1239 1027//1027
f 1201//1201 1200//1200 1227//1227
f 1227//1227 1200//1200 1229//1229
f 1227//1227 1229//1229 1228//1228
f 1228//1228 1229//1229 1230//1230
f 1228//1228 1230//1230 1234//1234
f 1234//1234 1230//1230 1231//1231
f 1234//1234 1231//1231 1235//1235
f 1235//1235 1231//1231 1232//1232
f 1235//1235 1232//1232 1236//1236
f 1236//1236 1232//1232 1233//1233
f 1236//1236 1233//1233 1237//1237
f 1237//1237 1233//1233 1238//1238
f 1237//1237 1238//1238 1028//1028
f 1028//1028 1238//1238 1027//1027
f 1240//1240 1034//1034 1027//1027
f 1067//1067 1035//1035 1034//1034
f 1027//1027 1239//1239 1240//1240
f 1240//1240 1239//1239 1207//1207
f 1240//1240 1207//1207 1241//1241
f 1241//1241 1207//1207 1209//1209
f 1241//1241 1209//1209 1242//1242
f 1242//1242 1209//1209 1211//1211
f 1242//1242 1211//1211 1243//1243
f 1034//1034 1240//1240 1067//1067
f 1067//1067 1240//1240 1241//1241
f 1067//1067 1241//1241 1065//1065
f 1065//1065 1241//1241 1242//1242
f 1065//1065 1242//1242 1063//1063
f 1063//1063 1242//1242 1243//1243
f 1063//1063 1243//1243 1060//1060
f 1244//1244 1053//1053 1054//1054
f 1245//1245 1057//1057 1061//1061
f 1133//1133 879//879 1058//1058
f 1056//1056 950//950 1246//1246
f 1246//1246 950//950 1134//1134
f 1246//1246 1134//1134 1133//1133
f 1244//1244 1054//1054 1247//1247
f 1247//1247 1054//1054 1248//1248
f 1247//1247 1248//1248 1249//1249
f 1249//1249 1248//1248 1250//1250
f 1250//1250 1248//1248 1251//1251
f 1250//1250 1251//1251 1252//1252
f 1054//1054 1055//1055 1248//1248
f 1248//1248 1055//1055 1253//1253
f 1248//1248 1253//1253 1251//1251
f 1251//1251 1253//1253 1254//1254
f 1251//1251 1254//1254 1252//1252
f 1252//1252 1254//1254 1245//1245
f 1252//1252 1245//1245 1255//1255
f 1255//1255 1245//1245 1061//1061
f 1255//1255 1061//1061 1060//1060
f 1055//1055 1056//1056 1253//1253
f 1253//1253 1056//1056 1246//1246
f 1253//1253 1246//1246 1254//1254
f 1254//1254 1246//1246 1133//1133
f 1254//1254 1133//1133 1245//1245
f 1245//1245 1133//1133 1058//1058
f 1245//1245 1058//1058 1057//1057
f 1070//1070 1040//1040 1039//1039
f 1071//1071 1070//1070 1256//1256
f 1256//1256 1070//1070 1257//1257
f 1256//1256 1257//1257 1258//1258
f 1258//1258 1257//1257 1259//1259
f 1258//1258 1259//1259 1260//1260
f 1070//1070 1039//1039 1257//1257
f 1257//1257 1039//1039 1043//1043
f 1257//1257 1043//1043 1259//1259
f 1259//1259 1043//1043 1052//1052
f 1259//1259 1052//1052 1261//1261
f 1261//1261 1052//1052 1262//1262
f 1262//1262 1052//1052 1053//1053
f 1262//1262 1053//1053 1263//1263
f 1260//1260 1259//1259 1264//1264
f 1264//1264 1259//1259 1261//1261
f 1264//1264 1261//1261 1265//1265
f 1265//1265 1261//1261 1262//1262
f 1265//1265 1262//1262 1266//1266
f 1266//1266 1262//1262 1263//1263
f 1266//1266 1263//1263 1267//1267
f 1077//1077 1076//1076 1268//1268
f 1269//1269 1270//1270 1271//1271
f 1271//1271 1270//1270 1272//1272
f 1271//1271 1272//1272 1273//1273
f 1274//1274 1275//1275 1276//1276
f 1276//1276 1275//1275 1277//1277
f 1278//1278 1279//1279 1268//1268
f 1268//1268 1279//1279 1280//1280
f 1268//1268 1280//1280 1077//1077
f 1077//1077 1280//1280 1078//1078
f 1281//1281 1282//1282 1276//1276
f 1276//1276 1282//1282 1283//1283
f 1276//1276 1283//1283 1274//1274
f 1274//1274 1283//1283 1284//1284
f 1282//1282 1264//1264 1283//1283
f 1283//1283 1264//1264 1265//1265
f 1283//1283 1265//1265 1284//1284
f 1284//1284 1265//1265 1266//1266
f 1284//1284 1266//1266 1267//1267
f 1278//1278 1282//1282 1279//1279
f 1279//1279 1282//1282 1281//1281
f 1279//1279 1281//1281 1285//1285
f 1285//1285 1281//1281 1276//1276
f 1285//1285 1276//1276 1271//1271
f 1271//1271 1276//1276 1277//1277
f 1271//1271 1277//1277 1269//1269
f 1073//1073 1075//1075 1286//1286
f 1286//1286 1075//1075 1074//1074
f 1072//1072 1073//1073 1287//1287
f 1287//1287 1073//1073 1286//1286
f 1287//1287 1286//1286 1288//1288
f 1076//1076 1071//1071 1268//1268
f 1268//1268 1071//1071 1256//1256
f 1268//1268 1256//1256 1278//1278
f 1278//1278 1256//1256 1258//1258
f 1278//1278 1258//1258 1282//1282
f 1282//1282 1258//1258 1260//1260
f 1282//1282 1260//1260 1264//1264
f 1078//1078 1280//1280 1074//1074
f 1074//1074 1280//1280 1279//1279
f 1074//1074 1279//1279 1286//1286
f 1286//1286 1279//1279 1285//1285
f 1286//1286 1285//1285 1288//1288
f 1288//1288 1285//1285 1271//1271
f 1288//1288 1271//1271 1289//1289
f 1289//1289 1271//1271 1273//1273
f 1289//1289 1273//1273 1290//1290
f 1291//1291 1292//1292 1293//1293
f 1289//1289 1290//1290 1294//1294
f 1079//1079 1072//1072 1287//1287
f 1080//1080 1079//1079 1295//1295
f 1079//1079 1287//1287 1295//1295
f 1295//1295 1287//1287 1288//1288
f 1295//1295 1288//1288 1296//1296
f 1296//1296 1288//1288 1289//1289
f 1296//1296 1289//1289 1293//1293
f 1293//1293 1289//1289 1294//1294
f 1293//1293 1294//1294 1291//1291
f 1080//1080 1295//1295 1084//1084
f 1084//1084 1295//1295 1296//1296
f 1084//1084 1296//1296 1091//1091
f 1091//1091 1296//1296 1293//1293
f 1091//1091 1293//1293 1092//1092
f 1092//1092 1293//1293 1292//1292
f 1092//1092 1292//1292 1093//1093
f 1093//1093 1297//1297 1089//1089
f 1089//1089 1297//1297 1298//1298
f 1089//1089 1298//1298 1090//1090
f 1297//1297 1299//1299 1300//1300
f 1301//1301 1302//1302 1100//1100
f 892//892 1100//1100 1122//1122
f 1122//1122 1100//1100 1302//1302
f 1122//1122 1302//1302 1123//1123
f 1100//1100 1099//1099 1301//1301
f 1301//1301 1099//1099 1090//1090
f 1301//1301 1090//1090 1300//1300
f 1300//1300 1090//1090 1298//1298
f 1300//1300 1298//1298 1297//1297
f 1123//1123 1302//1302 1181//1181
f 1181//1181 1302//1302 1301//1301
f 1181//1181 1301//1301 1179//1179
f 1179//1179 1301//1301 1300//1300
f 1179//1179 1300//1300 1177//1177
f 1177//1177 1300//1300 1299//1299
f 1177//1177 1299//1299 1175//1175
f 544//544 1303//1303 1304//1304
f 1304//1304 1305//1305 1112//1112
f 1112//1112 1305//1305 1306//1306
f 1112//1112 1306//1306 1116//1116
f 1304//1304 1112//1112 544//544
f 544//544 1112//1112 1111//1111
f 544//544 1111//1111 543//543
f 1307//1307 1308//1308 1309//1309
f 1309//1309 1308//1308 1310//1310
f 1309//1309 1310//1310 1311//1311
f 1312//1312 1313//1313 1309//1309
f 1309//1309 1313//1313 1314//1314
f 1309//1309 1314//1314 1307//1307
f 1315//1315 1316//1316 1309//1309
f 1309//1309 1316//1316 1317//1317
f 1309//1309 1317//1317 1312//1312
f 1311//1311 1318//1318 1309//1309
f 1309//1309 1318//1318 1319//1319
f 1309//1309 1319//1319 1315//1315
f 1320//1320 1321//1321 1322//1322
f 1322//1322 1321//1321 1323//1323
f 1322//1322 1323//1323 1324//1324
f 1325//1325 1326//1326 1322//1322
f 1322//1322 1326//1326 1327//1327
f 1322//1322 1327//1327 1320//1320
f 1328//1328 1329//1329 1322//1322
f 1322//1322 1329//1329 1330//1330
f 1322//1322 1330//1330 1325//1325
f 1324//1324 1331//1331 1322//1322
f 1322//1322 1331//1331 1332//1332
f 1322//1322 1332//1332 1328//1328
f 1333//1333 1334//1334 1335//1335
f 1335//1335 1334//1334 1336//1336
f 1335//1335 1336//1336 1337//1337
f 1338//1338 1339//1339 1335//1335
f 1335//1335 1339//1339 1340//1340
f 1335//1335 1340//1340 1333//1333
f 1341//1341 1342//1342 1335//1335
f 1335//1335 1342//1342 1343//1343
f 1335//1335 1343//1343 1338//1338
f 1337//1337 1344//1344 1335//1335
f 1335//1335 1344//1344 1345//1345
f 1335//1335 1345//1345 1341//1341
f 957//957 1135//1135 1120//1120
f 1120//1120 1135//1135 583//583
f 1120//1120 583//583 1111//1111
f 1111//1111 583//583 543//543
f 1140//1140 1139//1139 1138//1138
f 1161//1161 1162//1162 583//583
f 1143//1143 1142//1142 1148//1148
f 1148//1148 1149//1149 1143//1143
f 1143//1143 1149//1149 582//582
f 1143//1143 582//582 1138//1138
f 1138//1138 582//582 583//583
f 1138//1138 583//583 1140//1140
f 1149//1149 1150//1150 582//582
f 582//582 1150//1150 1151//1151
f 582//582 1151//1151 1170//1170
f 1132//1132 1145//1145 1146//1146
f 1165//1165 1166//1166 1141//1141
f 1154//1154 1128//1128 1153//1153
f 1153//1153 1128//1128 1126//1126
f 1153//1153 1126//1126 1152//1152
f 1145//1145 1132//1132 1144//1144
f 1144//1144 1132//1132 1129//1129
f 1144//1144 1129//1129 1155//1155
f 1155//1155 1129//1129 1130//1130
f 1155//1155 1130//1130 1154//1154
f 1154//1154 1130//1130 1131//1131
f 1154//1154 1131//1131 1128//1128
f 583//583 1162//1162 1140//1140
f 1140//1140 1162//1162 1163//1163
f 1140//1140 1163//1163 1141//1141
f 1141//1141 1163//1163 1164//1164
f 1141//1141 1164//1164 1165//1165
f 1171//1171 1170//1170 1124//1124
f 1124//1124 1170//1170 1151//1151
f 1124//1124 1151//1151 1125//1125
f 1125//1125 1151//1151 1152//1152
f 1125//1125 1152//1152 1127//1127
f 1127//1127 1152//1152 1126//1126
f 1166//1166 1132//1132 1141//1141
f 1141//1141 1132//1132 1146//1146
f 1141//1141 1146//1146 1142//1142
f 1142//1142 1146//1146 1147//1147
f 1142//1142 1147//1147 1148//1148
f 1166//1166 1167//1167 1132//1132
f 1132//1132 1167//1167 1156//1156
f 1132//1132 1156//1156 1137//1137
f 1137//1137 1156//1156 1157//1157
f 1137//1137 1157//1157 1136//1136
f 1136//1136 1157//1157 1158//1158
f 1136//1136 1158//1158 1135//1135
f 1135//1135 1158//1158 1159//1159
f 1135//1135 1159//1159 583//583
f 583//583 1159//1159 1160//1160
f 583//583 1160//1160 1161//1161
f 1170//1170 1169//1169 582//582
f 582//582 1169//1169 1346//1346
f 582//582 1346//1346 584//584
f 584//584 1346//1346 1347//1347
f 584//584 1347//1347 1348//1348
f 1348//1348 1347//1347 1349//1349
f 1348//1348 1349//1349 1350//1350
f 1350//1350 1349//1349 1351//1351
f 1350//1350 1351//1351 1352//1352
f 1346//1346 1169//1169 1182//1182
f 1346//1346 1182//1182 1347//1347
f 1347//1347 1182//1182 1174//1174
f 1347//1347 1174//1174 1349//1349
f 1349//1349 1174//1174 1173//1173
f 1349//1349 1173//1173 1351//1351
f 1353//1353 1247//1247 1249//1249
f 1203//1203 1116//1116 1306//1306
f 1354//1354 1306//1306 1305//1305
f 1355//1355 1356//1356 1357//1357
f 1357//1357 1356//1356 1358//1358
f 1359//1359 1360//1360 1361//1361
f 1362//1362 1363//1363 1364//1364
f 1362//1362 1352//1352 1363//1363
f 1363//1363 1352//1352 1351//1351
f 1363//1363 1351//1351 1365//1365
f 1366//1366 1367//1367 1368//1368
f 1368//1368 1367//1367 1369//1369
f 1368//1368 1369//1369 1370//1370
f 1371//1371 1372//1372 1361//1361
f 1361//1361 1372//1372 1373//1373
f 1361//1361 1373//1373 1374//1374
f 1374//1374 1375//1375 1361//1361
f 1361//1361 1375//1375 1376//1376
f 1361//1361 1376//1376 1359//1359
f 1377//1377 1378//1378 1379//1379
f 1380//1380 1381//1381 1355//1355
f 1355//1355 1381//1381 1382//1382
f 1355//1355 1382//1382 1356//1356
f 1383//1383 1384//1384 1385//1385
f 1385//1385 1384//1384 1386//1386
f 1385//1385 1386//1386 1380//1380
f 1380//1380 1386//1386 1387//1387
f 1380//1380 1387//1387 1381//1381
f 1388//1388 1389//1389 1390//1390
f 1390//1390 1389//1389 1391//1391
f 1391//1391 1389//1389 1392//1392
f 1392//1392 1389//1389 1393//1393
f 1392//1392 1393//1393 1394//1394
f 1395//1395 1396//1396 1397//1397
f 1397//1397 1396//1396 1393//1393
f 1393//1393 1396//1396 1398//1398
f 1393//1393 1398//1398 1394//1394
f 1399//1399 1400//1400 1401//1401
f 1400//1400 1399//1399 1402//1402
f 1402//1402 1399//1399 1403//1403
f 1403//1403 1399//1399 1404//1404
f 1403//1403 1404//1404 1405//1405
f 1406//1406 1407//1407 1408//1408
f 1408//1408 1407//1407 1409//1409
f 1408//1408 1409//1409 1410//1410
f 1410//1410 1409//1409 1411//1411
f 1410//1410 1411//1411 1405//1405
f 1405//1405 1411//1411 1412//1412
f 1405//1405 1412//1412 1403//1403
f 1203//1203 1306//1306 1204//1204
f 1204//1204 1306//1306 1354//1354
f 1204//1204 1354//1354 1195//1195
f 1195//1195 1354//1354 1413//1413
f 1195//1195 1413//1413 1196//1196
f 1404//1404 1192//1192 1193//1193
f 1225//1225 1399//1399 1397//1397
f 1397//1397 1399//1399 1401//1401
f 1397//1397 1401//1401 1395//1395
f 1225//1225 1226//1226 1399//1399
f 1399//1399 1226//1226 1190//1190
f 1399//1399 1190//1190 1404//1404
f 1404//1404 1190//1190 1191//1191
f 1404//1404 1191//1191 1192//1192
f 1222//1222 1223//1223 1393//1393
f 1393//1393 1223//1223 1217//1217
f 1393//1393 1217//1217 1397//1397
f 1397//1397 1217//1217 1216//1216
f 1397//1397 1216//1216 1225//1225
f 1388//1388 1060//1060 1389//1389
f 1389//1389 1060//1060 1243//1243
f 1389//1389 1243//1243 1211//1211
f 1211//1211 1210//1210 1389//1389
f 1389//1389 1210//1210 1214//1214
f 1389//1389 1214//1214 1213//1213
f 1213//1213 1212//1212 1389//1389
f 1389//1389 1212//1212 1218//1218
f 1389//1389 1218//1218 1393//1393
f 1393//1393 1218//1218 1220//1220
f 1393//1393 1220//1220 1222//1222
f 1353//1353 1267//1267 1263//1263
f 1247//1247 1353//1353 1244//1244
f 1244//1244 1353//1353 1263//1263
f 1244//1244 1263//1263 1053//1053
f 1277//1277 1275//1275 1414//1414
f 1414//1414 1275//1275 1274//1274
f 1414//1414 1274//1274 1353//1353
f 1353//1353 1274//1274 1284//1284
f 1353//1353 1284//1284 1267//1267
f 1270//1270 1269//1269 1378//1378
f 1378//1378 1269//1269 1277//1277
f 1378//1378 1277//1277 1415//1415
f 1416//1416 1290//1290 1377//1377
f 1377//1377 1290//1290 1273//1273
f 1377//1377 1273//1273 1378//1378
f 1378//1378 1273//1273 1272//1272
f 1378//1378 1272//1272 1270//1270
f 1292//1292 1291//1291 1416//1416
f 1416//1416 1291//1291 1294//1294
f 1416//1416 1294//1294 1290//1290
f 1379//1379 1417//1417 1377//1377
f 1377//1377 1417//1417 1371//1371
f 1377//1377 1371//1371 1416//1416
f 1416//1416 1371//1371 1361//1361
f 1416//1416 1361//1361 1292//1292
f 1292//1292 1361//1361 1360//1360
f 1292//1292 1360//1360 1093//1093
f 1297//1297 1418//1418 1299//1299
f 1299//1299 1418//1418 1175//1175
f 1366//1366 1368//1368 1359//1359
f 1359//1359 1368//1368 1418//1418
f 1359//1359 1418//1418 1360//1360
f 1360//1360 1418//1418 1297//1297
f 1360//1360 1297//1297 1093//1093
f 1172//1172 1175//1175 1173//1173
f 1173//1173 1175//1175 1418//1418
f 1173//1173 1418//1418 1351//1351
f 1351//1351 1418//1418 1368//1368
f 1351//1351 1368//1368 1365//1365
f 1365//1365 1368//1368 1370//1370
f 1365//1365 1370//1370 1363//1363
f 1363//1363 1370//1370 1419//1419
f 1363//1363 1419//1419 1364//1364
f 1420//1420 1406//1406 1421//1421
f 1421//1421 1406//1406 1408//1408
f 1421//1421 1408//1408 1422//1422
f 1422//1422 1408//1408 1410//1410
f 1422//1422 1410//1410 1423//1423
f 1423//1423 1410//1410 1405//1405
f 1423//1423 1405//1405 1424//1424
f 1424//1424 1405//1405 1404//1404
f 1390//1390 1383//1383 1388//1388
f 1388//1388 1383//1383 1385//1385
f 1388//1388 1385//1385 1425//1425
f 1425//1425 1385//1385 1380//1380
f 1425//1425 1380//1380 1426//1426
f 1426//1426 1380//1380 1355//1355
f 1426//1426 1355//1355 1427//1427
f 1427//1427 1355//1355 1357//1357
f 1427//1427 1357//1357 1415//1415
f 1415//1415 1357//1357 1358//1358
f 1415//1415 1358//1358 1378//1378
f 1378//1378 1358//1358 1428//1428
f 1378//1378 1428//1428 1379//1379
f 1277//1277 1414//1414 1415//1415
f 1415//1415 1414//1414 1353//1353
f 1415//1415 1353//1353 1427//1427
f 1427//1427 1353//1353 1249//1249
f 1427//1427 1249//1249 1426//1426
f 1426//1426 1249//1249 1250//1250
f 1426//1426 1250//1250 1425//1425
f 1425//1425 1250//1250 1252//1252
f 1425//1425 1252//1252 1388//1388
f 1388//1388 1252//1252 1255//1255
f 1388//1388 1255//1255 1060//1060
f 1193//1193 1196//1196 1404//1404
f 1404//1404 1196//1196 1413//1413
f 1404//1404 1413//1413 1424//1424
f 1424//1424 1413//1413 1354//1354
f 1424//1424 1354//1354 1423//1423
f 1423//1423 1354//1354 1305//1305
f 1423//1423 1305//1305 1422//1422
f 1422//1422 1305//1305 1304//1304
f 1422//1422 1304//1304 1421//1421
f 704//704 1429//1429 1430//1430
f 704//704 1430//1430 1431//1431
f 1431//1431 1430//1430 1432//1432
f 1431//1431 1432//1432 1433//1433
f 1434//1434 1435//1435 1436//1436
f 1434//1434 1433//1433 1432//1432
f 1432//1432 1420//1420 1434//1434
f 1434//1434 1420//1420 1421//1421
f 1434//1434 1421//1421 1435//1435
f 1435//1435 1421//1421 1304//1304
f 1435//1435 1304//1304 1436//1436
f 1436//1436 1304//1304 1303//1303
f 1437//1437 1310//1310 1438//1438
f 1438//1438 1310//1310 1308//1308
f 1438//1438 1308//1308 1439//1439
f 1439//1439 1308//1308 1307//1307
f 1439//1439 1307//1307 1440//1440
f 1440//1440 1307//1307 1314//1314
f 1440//1440 1314//1314 1441//1441
f 1441//1441 1314//1314 1313//1313
f 1441//1441 1313//1313 1442//1442
f 1442//1442 1313//1313 1312//1312
f 1442//1442 1312//1312 1443//1443
f 1443//1443 1312//1312 1317//1317
f 1443//1443 1317//1317 1444//1444
f 1444//1444 1317//1317 1316//1316
f 1444//1444 1316//1316 1445//1445
f 1445//1445 1316//1316 1315//1315
f 1445//1445 1315//1315 1446//1446
f 1446//1446 1315//1315 1319//1319
f 1446//1446 1319//1319 1447//1447
f 1447//1447 1319//1319 1318//1318
f 1447//1447 1318//1318 1448//1448
f 1448//1448 1318//1318 1311//1311
f 1448//1448 1311//1311 1437//1437
f 1437//1437 1311//1311 1310//1310
f 1449//1449 1323//1323 1450//1450
f 1450//1450 1323//1323 1321//1321
f 1450//1450 1321//1321 1451//1451
f 1451//1451 1321//1321 1320//1320
f 1451//1451 1320//1320 1452//1452
f 1452//1452 1320//1320 1327//1327
f 1452//1452 1327//1327 1453//1453
f 1453//1453 1327//1327 1326//1326
f 1453//1453 1326//1326 1454//1454
f 1454//1454 1326//1326 1325//1325
f 1454//1454 1325//1325 1455//1455
f 1455//1455 1325//1325 1330//1330
f 1455//1455 1330//1330 1456//1456
f 1456//1456 1330//1330 1329//1329
f 1456//1456 1329//1329 1457//1457
f 1457//1457 1329//1329 1328//1328
f 1457//1457 1328//1328 1458//1458
f 1458//1458 1328//1328 1332//1332
f 1458//1458 1332//1332 1459//1459
f 1459//1459 1332//1332 1331//1331
f 1459//1459 1331//1331 1460//1460
f 1460//1460 1331//1331 1324//1324
f 1460//1460 1324//1324 1449//1449
f 1449//1449 1324//1324 1323//1323
f 1461//1461 1336//1336 1462//1462
f 1462//1462 1336//1336 1334//1334
f 1462//1462 1334//1334 1463//1463
f 1463//1463 1334//1334 1333//1333
f 1463//1463 1333//1333 1464//1464
f 1464//1464 1333//1333 1340//1340
f 1464//1464 1340//1340 1465//1465
f 1465//1465 1340//1340 1339//1339
f 1465//1465 1339//1339 1466//1466
f 1466//1466 1339//1339 1338//1338
f 1466//1466 1338//1338 1467//1467
f 1467//1467 1338//1338 1343//1343
f 1467//1467 1343//1343 1468//1468
f 1468//1468 1343//1343 1342//1342
f 1468//1468 1342//1342 1469//1469
f 1469//1469 1342//1342 1341//1341
f 1469//1469 1341//1341 1470//1470
f 1470//1470 1341//1341 1345//1345
f 1470//1470 1345//1345 1471//1471
f 1471//1471 1345//1345 1344//1344
f 1471//1471 1344//1344 1472//1472
f 1472//1472 1344//1344 1337//1337
f 1472//1472 1337//1337 1461//1461
f 1461//1461 1337//1337 1336//1336
f 1473//1473 592//592 591//591
f 1473//1473 1474//1474 1475//1475
f 591//591 1476//1476 1473//1473
f 1473//1473 1476//1476 1477//1477
f 1473//1473 1477//1477 1474//1474
f 1478//1478 1479//1479 1475//1475
f 1475//1475 1479//1479 1480//1480
f 1475//1475 1480//1480 1481//1481
f 1481//1481 1482//1482 1475//1475
f 1475//1475 1482//1482 1483//1483
f 1475//1475 1483//1483 1473//1473
f 1484//1484 1485//1485 1486//1486
f 1487//1487 1430//1430 1429//1429
f 1488//1488 1489//1489 1486//1486
f 1490//1490 1491//1491 1492//1492
f 1493//1493 1409//1409 1494//1494
f 1494//1494 1409//1409 1407//1407
f 1494//1494 1407//1407 1495//1495
f 1495//1495 1407//1407 1406//1406
f 1495//1495 1406//1406 1420//1420
f 1402//1402 1403//1403 1496//1496
f 1496//1496 1403//1403 1412//1412
f 1496//1496 1412//1412 1493//1493
f 1493//1493 1412//1412 1411//1411
f 1493//1493 1411//1411 1409//1409
f 1497//1497 1401//1401 1496//1496
f 1496//1496 1401//1401 1400//1400
f 1496//1496 1400//1400 1402//1402
f 1398//1398 1396//1396 1497//1497
f 1497//1497 1396//1396 1395//1395
f 1497//1497 1395//1395 1401//1401
f 1498//1498 1391//1391 1392//1392
f 1383//1383 1390//1390 1499//1499
f 1499//1499 1390//1390 1391//1391
f 1386//1386 1384//1384 1500//1500
f 1500//1500 1384//1384 1501//1501
f 1381//1381 1502//1502 1382//1382
f 1382//1382 1502//1502 1503//1503
f 1382//1382 1503//1503 1356//1356
f 1356//1356 1503//1503 1358//1358
f 1372//1372 1371//1371 1504//1504
f 1504//1504 1371//1371 1417//1417
f 1504//1504 1417//1417 1505//1505
f 1505//1505 1417//1417 1379//1379
f 1505//1505 1379//1379 1503//1503
f 1503//1503 1379//1379 1428//1428
f 1503//1503 1428//1428 1358//1358
f 1376//1376 1375//1375 1504//1504
f 1504//1504 1375//1375 1374//1374
f 1504//1504 1374//1374 1372//1372
f 1372//1372 1374//1374 1373//1373
f 1506//1506 1367//1367 1507//1507
f 1507//1507 1367//1367 1366//1366
f 1507//1507 1366//1366 1504//1504
f 1504//1504 1366//1366 1359//1359
f 1504//1504 1359//1359 1376//1376
f 1419//1419 1370//1370 1506//1506
f 1506//1506 1370//1370 1369//1369
f 1506//1506 1369//1369 1367//1367
f 1506//1506 1508//1508 1419//1419
f 1419//1419 1508//1508 1509//1509
f 1419//1419 1509//1509 1364//1364
f 1510//1510 1511//1511 1512//1512
f 1513//1513 1514//1514 1515//1515
f 1515//1515 1514//1514 1516//1516
f 1513//1513 1517//1517 1514//1514
f 1514//1514 1517//1517 1518//1518
f 1514//1514 1518//1518 1511//1511
f 1511//1511 1518//1518 1519//1519
f 1511//1511 1519//1519 1512//1512
f 1429//1429 1520//1520 1487//1487
f 1487//1487 1520//1520 1521//1521
f 1487//1487 1521//1521 1522//1522
f 1522//1522 1521//1521 1523//1523
f 1522//1522 1523//1523 1516//1516
f 1516//1516 1523//1523 1524//1524
f 1516//1516 1524//1524 1515//1515
f 1499//1499 1525//1525 1526//1526
f 1384//1384 1383//1383 1501//1501
f 1501//1501 1383//1383 1499//1499
f 1501//1501 1499//1499 1527//1527
f 1527//1527 1499//1499 1526//1526
f 1391//1391 1498//1498 1499//1499
f 1499//1499 1498//1498 1528//1528
f 1499//1499 1528//1528 1525//1525
f 1495//1495 1529//1529 1494//1494
f 1494//1494 1529//1529 1530//1530
f 1494//1494 1530//1530 1493//1493
f 1493//1493 1530//1530 1531//1531
f 1493//1493 1531//1531 1496//1496
f 1496//1496 1531//1531 1532//1532
f 1496//1496 1532//1532 1497//1497
f 1497//1497 1532//1532 1533//1533
f 1497//1497 1533//1533 1534//1534
f 1534//1534 1533//1533 1535//1535
f 1510//1510 1535//1535 1511//1511
f 1511//1511 1535//1535 1533//1533
f 1511//1511 1533//1533 1514//1514
f 1514//1514 1533//1533 1532//1532
f 1514//1514 1532//1532 1516//1516
f 1516//1516 1532//1532 1531//1531
f 1516//1516 1531//1531 1522//1522
f 1522//1522 1531//1531 1530//1530
f 1522//1522 1530//1530 1487//1487
f 1487//1487 1530//1530 1529//1529
f 1487//1487 1529//1529 1430//1430
f 1430//1430 1529//1529 1495//1495
f 1430//1430 1495//1495 1432//1432
f 1432//1432 1495//1495 1420//1420
f 1491//1491 1536//1536 1492//1492
f 1492//1492 1536//1536 1537//1537
f 1492//1492 1537//1537 1538//1538
f 1538//1538 1537//1537 1539//1539
f 1538//1538 1539//1539 1540//1540
f 1540//1540 1539//1539 1541//1541
f 1540//1540 1541//1541 1542//1542
f 1542//1542 1541//1541 1543//1543
f 1542//1542 1543//1543 1544//1544
f 1544//1544 1543//1543 1545//1545
f 1544//1544 1545//1545 1546//1546
f 1546//1546 1545//1545 1547//1547
f 1547//1547 1545//1545 1548//1548
f 1547//1547 1548//1548 1549//1549
f 1526//1526 1550//1550 1551//1551
f 1536//1536 1552//1552 1537//1537
f 1537//1537 1552//1552 1553//1553
f 1537//1537 1553//1553 1539//1539
f 1539//1539 1553//1553 1554//1554
f 1539//1539 1554//1554 1541//1541
f 1541//1541 1554//1554 1555//1555
f 1541//1541 1555//1555 1543//1543
f 1543//1543 1555//1555 1556//1556
f 1543//1543 1556//1556 1545//1545
f 1545//1545 1556//1556 1557//1557
f 1545//1545 1557//1557 1548//1548
f 1502//1502 1549//1549 1503//1503
f 1503//1503 1549//1549 1548//1548
f 1503//1503 1548//1548 1505//1505
f 1505//1505 1548//1548 1557//1557
f 1505//1505 1557//1557 1504//1504
f 1504//1504 1557//1557 1556//1556
f 1504//1504 1556//1556 1507//1507
f 1507//1507 1556//1556 1555//1555
f 1507//1507 1555//1555 1506//1506
f 1506//1506 1555//1555 1554//1554
f 1506//1506 1554//1554 1508//1508
f 1508//1508 1554//1554 1553//1553
f 1508//1508 1553//1553 1509//1509
f 1509//1509 1553//1553 1552//1552
f 1526//1526 1551//1551 1527//1527
f 1527//1527 1551//1551 1558//1558
f 1527//1527 1558//1558 1501//1501
f 1501//1501 1558//1558 1559//1559
f 1501//1501 1559//1559 1500//1500
f 1500//1500 1559//1559 1387//1387
f 1500//1500 1387//1387 1386//1386
f 1560//1560 1561//1561 1562//1562
f 1562//1562 1561//1561 1563//1563
f 1562//1562 1563//1563 1564//1564
f 1564//1564 1563//1563 1565//1565
f 1564//1564 1565//1565 1566//1566
f 1566//1566 1565//1565 1567//1567
f 1567//1567 1565//1565 1568//1568
f 1567//1567 1568//1568 1569//1569
f 1569//1569 1568//1568 1570//1570
f 1570//1570 1568//1568 1571//1571
f 1570//1570 1571//1571 1572//1572
f 1485//1485 1484//1484 1573//1573
f 1573//1573 1484//1484 1574//1574
f 1573//1573 1574//1574 1575//1575
f 1575//1575 1574//1574 1576//1576
f 1575//1575 1576//1576 1577//1577
f 1577//1577 1576//1576 1578//1578
f 1577//1577 1578//1578 1579//1579
f 1579//1579 1578//1578 1580//1580
f 1579//1579 1580//1580 1550//1550
f 1512//1512 1581//1581 1510//1510
f 1510//1510 1581//1581 1582//1582
f 1510//1510 1582//1582 1583//1583
f 1583//1583 1582//1582 1584//1584
f 1583//1583 1584//1584 1585//1585
f 1585//1585 1584//1584 1586//1586
f 1585//1585 1586//1586 1587//1587
f 1587//1587 1586//1586 1588//1588
f 1587//1587 1588//1588 1571//1571
f 1571//1571 1588//1588 1589//1589
f 1571//1571 1589//1589 1572//1572
f 1489//1489 1490//1490 1486//1486
f 1486//1486 1490//1490 1492//1492
f 1486//1486 1492//1492 1484//1484
f 1484//1484 1492//1492 1538//1538
f 1484//1484 1538//1538 1574//1574
f 1574//1574 1538//1538 1540//1540
f 1574//1574 1540//1540 1576//1576
f 1576//1576 1540//1540 1542//1542
f 1576//1576 1542//1542 1578//1578
f 1578//1578 1542//1542 1544//1544
f 1578//1578 1544//1544 1580//1580
f 1580//1580 1544//1544 1546//1546
f 1580//1580 1546//1546 1550//1550
f 1550//1550 1546//1546 1547//1547
f 1550//1550 1547//1547 1551//1551
f 1551//1551 1547//1547 1549//1549
f 1551//1551 1549//1549 1558//1558
f 1558//1558 1549//1549 1502//1502
f 1558//1558 1502//1502 1559//1559
f 1559//1559 1502//1502 1381//1381
f 1559//1559 1381//1381 1387//1387
f 681//681 1488//1488 1560//1560
f 1560//1560 1488//1488 1486//1486
f 1560//1560 1486//1486 1561//1561
f 1561//1561 1486//1486 1485//1485
f 1561//1561 1485//1485 1563//1563
f 1563//1563 1485//1485 1573//1573
f 1563//1563 1573//1573 1565//1565
f 1565//1565 1573//1573 1575//1575
f 1565//1565 1575//1575 1568//1568
f 1568//1568 1575//1575 1577//1577
f 1568//1568 1577//1577 1571//1571
f 1571//1571 1577//1577 1579//1579
f 1571//1571 1579//1579 1587//1587
f 1587//1587 1579//1579 1550//1550
f 1587//1587 1550//1550 1585//1585
f 1585//1585 1550//1550 1526//1526
f 1585//1585 1526//1526 1583//1583
f 1583//1583 1526//1526 1525//1525
f 1583//1583 1525//1525 1510//1510
f 1510//1510 1525//1525 1528//1528
f 1510//1510 1528//1528 1535//1535
f 1535//1535 1528//1528 1498//1498
f 1535//1535 1498//1498 1534//1534
f 1534//1534 1498//1498 1392//1392
f 1534//1534 1392//1392 1497//1497
f 1497//1497 1392//1392 1394//1394
f 1497//1497 1394//1394 1398//1398
f 1450//1450 1451//1451 1467//1467
f 1463//1463 1464//1464 704//704
f 704//704 1464//1464 1465//1465
f 704//704 1465//1465 611//611
f 1590//1590 1442//1442 1591//1591
f 1591//1591 1442//1442 1443//1443
f 1591//1591 1443//1443 592//592
f 1451//1451 1452//1452 1467//1467
f 1467//1467 1452//1452 611//611
f 1467//1467 611//611 1466//1466
f 1466//1466 611//611 1465//1465
f 653//653 1446//1446 1447//1447
f 1438//1438 1439//1439 1455//1455
f 1455//1455 1439//1439 1440//1440
f 1455//1455 1440//1440 1590//1590
f 1590//1590 1440//1440 1441//1441
f 1590//1590 1441//1441 1442//1442
f 1449//1449 1469//1469 1460//1460
f 1460//1460 1469//1469 1459//1459
f 681//681 653//653 1469//1469
f 1452//1452 1453//1453 611//611
f 611//611 1453//1453 1454//1454
f 611//611 1454//1454 1592//1592
f 1592//1592 1454//1454 1455//1455
f 1592//1592 1455//1455 1593//1593
f 1593//1593 1455//1455 1590//1590
f 592//592 1443//1443 591//591
f 591//591 1443//1443 1444//1444
f 591//591 1444//1444 1594//1594
f 1595//1595 1444//1444 653//653
f 653//653 1444//1444 1445//1445
f 653//653 1445//1445 1446//1446
f 1457//1457 1448//1448 1437//1437
f 1459//1459 1469//1469 1458//1458
f 1458//1458 1469//1469 653//653
f 1458//1458 653//653 1457//1457
f 1457//1457 653//653 1447//1447
f 1457//1457 1447//1447 1448//1448
f 1450//1450 1467//1467 1449//1449
f 1449//1449 1467//1467 1468//1468
f 1449//1449 1468//1468 1469//1469
f 1463//1463 704//704 1462//1462
f 1462//1462 704//704 1431//1431
f 1462//1462 1431//1431 1433//1433
f 1595//1595 1596//1596 1444//1444
f 1444//1444 1596//1596 1597//1597
f 1444//1444 1597//1597 1594//1594
f 1438//1438 1455//1455 1437//1437
f 1437//1437 1455//1455 1456//1456
f 1437//1437 1456//1456 1457//1457
f 1509//1509 1552//1552 582//582
f 582//582 1552//1552 1472//1472
f 582//582 1472//1472 583//583
f 583//583 1472//1472 1461//1461
f 583//583 1461//1461 1462//1462
f 1552//1552 1536//1536 1472//1472
f 1472//1472 1536//1536 1491//1491
f 1472//1472 1491//1491 1490//1490
f 1433//1433 1434//1434 1462//1462
f 1462//1462 1434//1434 1436//1436
f 1462//1462 1436//1436 583//583
f 583//583 1436//1436 1303//1303
f 583//583 1303//1303 543//543
f 543//543 1303//1303 544//544
f 1469//1469 1470//1470 681//681
f 681//681 1470//1470 1471//1471
f 681//681 1471//1471 1488//1488
f 1488//1488 1471//1471 1472//1472
f 1488//1488 1472//1472 1489//1489
f 1489//1489 1472//1472 1490//1490
f 584//584 1348//1348 1350//1350
f 1350//1350 1352//1352 584//584
f 584//584 1352//1352 1362//1362
f 584//584 1362//1362 582//582
f 582//582 1362//1362 1364//1364
f 582//582 1364//1364 1509//1509
f 1594//1594 1597//1597 1598//1598
f 1597//1597 1596//1596 1599//1599
f 1596//1596 1595//1595 1600//1600
f 1595//1595 653//653 1601//1601
f 591//591 1594//1594 1602//1602
f 591//591 1602//1602 1476//1476
f 1476//1476 1602//1602 1603//1603
f 1476//1476 1603//1603 1477//1477
f 1477//1477 1603//1603 1604//1604
f 1477//1477 1604//1604 1474//1474
f 1474//1474 1604//1604 1605//1605
f 1474//1474 1605//1605 1475//1475
f 1605//1605 1606//1606 1475//1475
f 1475//1475 1606//1606 1607//1607
f 1475//1475 1607//1607 1478//1478
f 1478//1478 1607//1607 1608//1608
f 1478//1478 1608//1608 1479//1479
f 1479//1479 1608//1608 1609//1609
f 1479//1479 1609//1609 1480//1480
f 1480//1480 1609//1609 1610//1610
f 1480//1480 1610//1610 1481//1481
f 1481//1481 1610//1610 1611//1611
f 1481//1481 1611//1611 1482//1482
f 1482//1482 1611//1611 1612//1612
f 1482//1482 1612//1612 1483//1483
f 1483//1483 1612//1612 1613//1613
f 1483//1483 1613//1613 1473//1473
f 1473//1473 1613//1613 1591//1591
f 1473//1473 1591//1591 592//592
f 1595//1595 1601//1601 1600//1600
f 1600//1600 1601//1601 1614//1614
f 1600//1600 1614//1614 1615//1615
f 1615//1615 1614//1614 1616//1616
f 1615//1615 1616//1616 1617//1617
f 1616//1616 1618//1618 1617//1617
f 1617//1617 1618//1618 1619//1619
f 1617//1617 1619//1619 1620//1620
f 1619//1619 1621//1621 1620//1620
f 1620//1620 1621//1621 1622//1622
f 1620//1620 1622//1622 1623//1623
f 1623//1623 1622//1622 1624//1624
f 1623//1623 1624//1624 1625//1625
f 1625//1625 1624//1624 1626//1626
f 1625//1625 1626//1626 1627//1627
f 1626//1626 1628//1628 1627//1627
f 1627//1627 1628//1628 1629//1629
f 1627//1627 1629//1629 1630//1630
f 1630//1630 1629//1629 1631//1631
f 1630//1630 1631//1631 1632//1632
f 1632//1632 1631//1631 1633//1633
f 1632//1632 1633//1633 1634//1634
f 1633//1633 1635//1635 1634//1634
f 1634//1634 1635//1635 1636//1636
f 1634//1634 1636//1636 1637//1637
f 1636//1636 1638//1638 1637//1637
f 1637//1637 1638//1638 1639//1639
f 1637//1637 1639//1639 1640//1640
f 1640//1640 1639//1639 611//611
f 1640//1640 611//611 1592//1592
f 1596//1596 1600//1600 1599//1599
f 1599//1599 1600//1600 1615//1615
f 1599//1599 1615//1615 1641//1641
f 1641//1641 1615//1615 1617//1617
f 1641//1641 1617//1617 1642//1642
f 1642//1642 1617//1617 1620//1620
f 1642//1642 1620//1620 1643//1643
f 1643//1643 1620//1620 1623//1623
f 1643//1643 1623//1623 1644//1644
f 1644//1644 1623//1623 1625//1625
f 1644//1644 1625//1625 1645//1645
f 1645//1645 1625//1625 1627//1627
f 1645//1645 1627//1627 1646//1646
f 1646//1646 1627//1627 1630//1630
f 1646//1646 1630//1630 1647//1647
f 1647//1647 1630//1630 1632//1632
f 1647//1647 1632//1632 1648//1648
f 1648//1648 1632//1632 1634//1634
f 1648//1648 1634//1634 1649//1649
f 1649//1649 1634//1634 1637//1637
f 1649//1649 1637//1637 1650//1650
f 1650//1650 1637//1637 1640//1640
f 1650//1650 1640//1640 1651//1651
f 1651//1651 1640//1640 1592//1592
f 1651//1651 1592//1592 1593//1593
f 1597//1597 1599//1599 1598//1598
f 1598//1598 1599//1599 1641//1641
f 1598//1598 1641//1641 1652//1652
f 1652//1652 1641//1641 1642//1642
f 1652//1652 1642//1642 1653//1653
f 1653//1653 1642//1642 1643//1643
f 1653//1653 1643//1643 1654//1654
f 1654//1654 1643//1643 1644//1644
f 1654//1654 1644//1644 1655//1655
f 1655//1655 1644//1644 1645//1645
f 1655//1655 1645//1645 1656//1656
f 1656//1656 1645//1645 1646//1646
f 1656//1656 1646//1646 1657//1657
f 1657//1657 1646//1646 1647//1647
f 1657//1657 1647//1647 1658//1658
f 1658//1658 1647//1647 1648//1648
f 1658//1658 1648//1648 1659//1659
f 1659//1659 1648//1648 1649//1649
f 1659//1659 1649//1649 1660//1660
f 1660//1660 1649//1649 1650//1650
f 1660//1660 1650//1650 1661//1661
f 1661//1661 1650//1650 1651//1651
f 1661//1661 1651//1651 1662//1662
f 1662//1662 1651//1651 1593//1593
f 1662//1662 1593//1593 1590//1590
f 1594//1594 1598//1598 1602//1602
f 1602//1602 1598//1598 1652//1652
f 1602//1602 1652//1652 1603//1603
f 1603//1603 1652//1652 1653//1653
f 1603//1603 1653//1653 1604//1604
f 1604//1604 1653//1653 1654//1654
f 1604//1604 1654//1654 1605//1605
f 1605//1605 1654//1654 1655//1655
f 1605//1605 1655//1655 1606//1606
f 1606//1606 1655//1655 1656//1656
f 1606//1606 1656//1656 1607//1607
f 1607//1607 1656//1656 1657//1657
f 1607//1607 1657//1657 1608//1608
f 1608//1608 1657//1657 1658//1658
f 1608//1608 1658//1658 1609//1609
f 1609//1609 1658//1658 1659//1659
f 1609//1609 1659//1659 1610//1610
f 1610//1610 1659//1659 1660//1660
f 1610//1610 1660//1660 1611//1611
f 1611//1611 1660//1660 1661//1661
f 1611//1611 1661//1661 1612//1612
f 1612//1612 1661//1661 1662//1662
f 1612//1612 1662//1662 1613//1613
f 1613//1613 1662//1662 1590//1590
f 1613//1613 1590//1590 1591//1591
f 1429//1429 704//704 611//611
f 1429//1429 611//611 1520//1520
f 1520//1520 611//611 1639//1639
f 1520//1520 1639//1639 1521//1521
f 1521//1521 1639//1639 1523//1523
f 1523//1523 1639//1639 1638//1638
f 1523//1523 1638//1638 1524//1524
f 1524//1524 1638//1638 1636//1636
f 1524//1524 1636//1636 1515//1515
f 1582//1582 1581//1581 1629//1629
f 1629//1629 1581//1581 1512//1512
f 1629//1629 1512//1512 1631//1631
f 1631//1631 1512//1512 1519//1519
f 1631//1631 1519//1519 1633//1633
f 1633//1633 1519//1519 1518//1518
f 1633//1633 1518//1518 1635//1635
f 1635//1635 1518//1518 1517//1517
f 1635//1635 1517//1517 1636//1636
f 1636//1636 1517//1517 1513//1513
f 1636//1636 1513//1513 1515//1515
f 1582//1582 1629//1629 1584//1584
f 1584//1584 1629//1629 1628//1628
f 1584//1584 1628//1628 1586//1586
f 1628//1628 1626//1626 1586//1586
f 1586//1586 1626//1626 1624//1624
f 1586//1586 1624//1624 1588//1588
f 1588//1588 1624//1624 1622//1622
f 1570//1570 1572//1572 1622//1622
f 1622//1622 1572//1572 1589//1589
f 1622//1622 1589//1589 1588//1588
f 1570//1570 1622//1622 1569//1569
f 1569//1569 1622//1622 1621//1621
f 1569//1569 1621//1621 1567//1567
f 1567//1567 1621//1621 1619//1619
f 1567//1567 1619//1619 1566//1566
f 1566//1566 1619//1619 1618//1618
f 1566//1566 1618//1618 1564//1564
f 1564//1564 1618//1618 1616//1616
f 1564//1564 1616//1616 1562//1562
f 1562//1562 1616//1616 1614//1614
f 1562//1562 1614//1614 1560//1560
f 1614//1614 1601//1601 1560//1560
f 1560//1560 1601//1601 653//653
f 1560//1560 653//653 681//681
f 1663//1663 1664//1664 1665//1665
f 1665//1665 1664//1664 1666//1666
f 1665//1665 1666//1666 1667//1667
f 1667//1667 1666//1666 1668//1668
f 1667//1667 1668//1668 1669//1669
f 1669//1669 1668//1668 1670//1670
f 1669//1669 1670//1670 1671//1671
f 1671//1671 1670//1670 1672//1672
f 1671//1671 1672//1672 1673//1673
f 1673//1673 1672//1672 1674//1674
f 1673//1673 1674//1674 1675//1675
f 1675//1675 1674//1674 1676//1676
f 1675//1675 1676//1676 1677//1677
f 1678//1678 1679//1679 1680//1680
f 1680//1680 1679//1679 1681//1681
f 1680//1680 1681//1681 1682//1682
f 1682//1682 1681//1681 1683//1683
f 1682//1682 1683//1683 1684//1684
f 1684//1684 1683//1683 1685//1685
f 1684//1684 1685//1685 1686//1686
f 1686//1686 1685//1685 1687//1687
f 1686//1686 1687//1687 1688//1688
f 1688//1688 1687//1687 1689//1689
f 1688//1688 1689//1689 1690//1690
f 1690//1690 1689//1689 1691//1691
f 1690//1690 1691//1691 1692//1692
f 1692//1692 1691//1691 1693//1693
f 1692//1692 1693//1693 1663//1663
f 1663//1663 1693//1693 1694//1694
f 1663//1663 1694//1694 1664//1664
f 1695//1695 1696//1696 1697//1697
f 1697//1697 1696//1696 1698//1698
f 1697//1697 1698//1698 1699//1699
f 1699//1699 1698//1698 1700//1700
f 1699//1699 1700//1700 1701//1701
f 1701//1701 1700//1700 1702//1702
f 1701//1701 1702//1702 1703//1703
f 1703//1703 1702//1702 1704//1704
f 1703//1703 1704//1704 1705//1705
f 1705//1705 1704//1704 1706//1706
f 1705//1705 1706//1706 1707//1707
f 1707//1707 1706//1706 1708//1708
f 1707//1707 1708//1708 1678//1678
f 1678//1678 1708//1708 1709//1709
f 1678//1678 1709//1709 1679//1679
f 1676//1676 1710//1710 1677//1677
f 1677//1677 1710//1710 1711//1711
f 1677//1677 1711//1711 1712//1712
f 1712//1712 1711//1711 1713//1713
f 1712//1712 1713//1713 1714//1714
f 1714//1714 1713//1713 1715//1715
f 1714//1714 1715//1715 1716//1716
f 1716//1716 1715//1715 1717//1717
f 1716//1716 1717//1717 1718//1718
f 1718//1718 1717//1717 1719//1719
f 1718//1718 1719//1719 1720//1720
f 1720//1720 1719//1719 1721//1721
f 1720//1720 1721//1721 1722//1722
f 1722//1722 1721//1721 1723//1723
f 1722//1722 1723//1723 1724//1724
f 1724//1724 1723//1723 1725//1725
f 1724//1724 1725//1725 1695//1695
f 1695//1695 1725//1725 1726//1726
f 1695//1695 1726//1726 1696//1696
f 1727//1727 1728//1728 1729//1729
f 1729//1729 1728//1728 1730//1730
f 1729//1729 1730//1730 1731//1731
f 1731//1731 1730//1730 1732//1732
f 1731//1731 1732//1732 1733//1733
f 1733//1733 1732//1732 1734//1734
f 1733//1733 1734//1734 1735//1735
f 1735//1735 1734//1734 1736//1736
f 1735//1735 1736//1736 1737//1737
f 1737//1737 1736//1736 1738//1738
f 1737//1737 1738//1738 1739//1739
f 1739//1739 1738//1738 1740//1740
f 1739//1739 1740//1740 1741//1741
f 1742//1742 1743//1743 1744//1744
f 1744//1744 1743//1743 1745//1745
f 1744//1744 1745//1745 1746//1746
f 1746//1746 1745//1745 1747//1747
f 1746//1746 1747//1747 1748//1748
f 1748//1748 1747//1747 1749//1749
f 1748//1748 1749//1749 1750//1750
f 1750//1750 1749//1749 1751//1751
f 1750//1750 1751//1751 1752//1752
f 1752//1752 1751//1751 1753//1753
f 1752//1752 1753//1753 1754//1754
f 1754//1754 1753//1753 1755//1755
f 1754//1754 1755//1755 1756//1756
f 1740//1740 1757//1757 1741//1741
f 1741//1741 1757//1757 1758//1758
f 1741//1741 1758//1758 1759//1759
f 1759//1759 1758//1758 1760//1760
f 1759//1759 1760//1760 1761//1761
f 1761//1761 1760//1760 1762//1762
f 1761//1761 1762//1762 1763//1763
f 1763//1763 1762//1762 1764//1764
f 1763//1763 1764//1764 1765//1765
f 1765//1765 1764//1764 1766//1766
f 1765//1765 1766//1766 1767//1767
f 1767//1767 1766//1766 1768//1768
f 1767//1767 1768//1768 1769//1769
f 1769//1769 1768//1768 1770//1770
f 1769//1769 1770//1770 1771//1771
f 1771//1771 1770//1770 1772//1772
f 1771//1771 1772//1772 1742//1742
f 1742//1742 1772//1772 1773//1773
f 1742//1742 1773//1773 1743//1743
f 1755//1755 1774//1774 1756//1756
f 1756//1756 1774//1774 1775//1775
f 1756//1756 1775//1775 1776//1776
f 1776//1776 1775//1775 1777//1777
f 1776//1776 1777//1777 1778//1778
f 1778//1778 1777//1777 1779//1779
f 1778//1778 1779//1779 1780//1780
f 1780//1780 1779//1779 1781//1781
f 1780//1780 1781//1781 1782//1782
f 1782//1782 1781//1781 1783//1783
f 1782//1782 1783//1783 1784//1784
f 1784//1784 1783//1783 1785//1785
f 1784//1784 1785//1785 1786//1786
f 1786//1786 1785//1785 1787//1787
f 1786//1786 1787//1787 1788//1788
f 1788//1788 1787//1787 1789//1789
f 1788//1788 1789//1789 1727//1727
f 1727//1727 1789//1789 1790//1790
f 1727//1727 1790//1790 1728//1728
f 1791//1791 1792//1792 1793//1793
f 1793//1793 1792//1792 1794//1794
f 1793//1793 1794//1794 1795//1795
f 1795//1795 1794//1794 1796//1796
f 1795//1795 1796//1796 1797//1797
f 1797//1797 1796//1796 1798//1798
f 1797//1797 1798//1798 1799//1799
f 1799//1799 1798//1798 1800//1800
f 1799//1799 1800//1800 1801//1801
f 1801//1801 1800//1800 1802//1802
f 1801//1801 1802//1802 1803//1803
f 1803//1803 1802//1802 1804//1804
f 1803//1803 1804//1804 1805//1805
f 1805//1805 1804//1804 1806//1806
f 1805//1805 1806//1806 1807//1807
f 1807//1807 1806//1806 1808//1808
f 1807//1807 1808//1808 1809//1809
f 1809//1809 1808//1808 1810//1810
f 1809//1809 1810//1810 1811//1811
f 1811//1811 1810//1810 1812//1812
f 1811//1811 1812//1812 1813//1813
f 1813//1813 1812//1812 1814//1814
f 1813//1813 1814//1814 1815//1815
f 1815//1815 1814//1814 1816//1816
f 1815//1815 1816//1816 1817//1817
f 1817//1817 1816//1816 1818//1818
f 1817//1817 1818//1818 1819//1819
f 1819//1819 1818//1818 1820//1820
f 1819//1819 1820//1820 1821//1821
f 1821//1821 1820//1820 1822//1822
f 1821//1821 1822//1822 1823//1823
f 1823//1823 1822//1822 1824//1824
f 1823//1823 1824//1824 1825//1825
f 1825//1825 1824//1824 1826//1826
f 1825//1825 1826//1826 1827//1827
f 1827//1827 1826//1826 1828//1828
f 1827//1827 1828//1828 1829//1829
f 1829//1829 1828//1828 1830//1830
f 1829//1829 1830//1830 1831//1831
f 1831//1831 1830//1830 1832//1832
f 1831//1831 1832//1832 1833//1833
f 1833//1833 1832//1832 1834//1834
f 1833//1833 1834//1834 1835//1835
f 1835//1835 1834//1834 1836//1836
f 1835//1835 1836//1836 1837//1837
f 1837//1837 1836//1836 1838//1838
f 1837//1837 1838//1838 1839//1839
f 1839//1839 1838//1838 1840//1840
f 1839//1839 1840//1840 1841//1841
f 1841//1841 1840//1840 1842//1842
f 1841//1841 1842//1842 1843//1843
f 1843//1843 1842//1842 1844//1844
f 1843//1843 1844//1844 1845//1845
f 1845//1845 1844//1844 1846//1846
f 1845//1845 1846//1846 1847//1847
f 1847//1847 1846//1846 1848//1848
f 1847//1847 1848//1848 1849//1849
f 1849//1849 1848//1848 1850//1850
f 1849//1849 1850//1850 1851//1851
f 1851//1851 1850//1850 1852//1852
f 1851//1851 1852//1852 1853//1853
f 1853//1853 1852//1852 1854//1854
f 1853//1853 1854//1854 1855//1855
f 1855//1855 1854//1854 1856//1856
f 1855//1855 1856//1856 1857//1857
f 1857//1857 1856//1856 1858//1858
f 1857//1857 1858//1858 1859//1859
f 1859//1859 1858//1858 1860//1860
f 1859//1859 1860//1860 1861//1861
f 1861//1861 1860//1860 1862//1862
f 1861//1861 1862//1862 1863//1863
f 1863//1863 1862//1862 1864//1864
f 1863//1863 1864//1864 1865//1865
f 1865//1865 1864//1864 1866//1866
f 1865//1865 1866//1866 1867//1867
f 1867//1867 1866//1866 1868//1868
f 1867//1867 1868//1868 1869//1869
f 1869//1869 1868//1868 1870//1870
f 1869//1869 1870//1870 1871//1871
f 1871//1871 1870//1870 1872//1872
f 1871//1871 1872//1872 1873//1873
f 1873//1873 1872//1872 1874//1874
f 1873//1873 1874//1874 1875//1875
f 1875//1875 1874//1874 1876//1876
f 1875//1875 1876//1876 1877//1877
f 1877//1877 1876//1876 1878//1878
f 1877//1877 1878//1878 1879//1879
f 1879//1879 1878//1878 1880//1880
f 1879//1879 1880//1880 1881//1881
f 1881//1881 1880//1880 1882//1882
f 1881//1881 1882//1882 1883//1883
f 1883//1883 1882//1882 1884//1884
f 1883//1883 1884//1884 1885//1885
f 1885//1885 1884//1884 1886//1886
f 1885//1885 1886//1886 1887//1887
f 1887//1887 1886//1886 1888//1888
f 1887//1887 1888//1888 1889//1889
f 1889//1889 1888//1888 1890//1890
f 1889//1889 1890//1890 1891//1891
f 1891//1891 1890//1890 1892//1892
f 1891//1891 1892//1892 1893//1893
f 1893//1893 1892//1892 1894//1894
f 1893//1893 1894//1894 1895//1895
f 1895//1895 1894//1894 1896//1896
f 1895//1895 1896//1896 1897//1897
f 1897//1897 1896//1896 1898//1898
f 1897//1897 1898//1898 1899//1899
f 1899//1899 1898//1898 1900//1900
f 1899//1899 1900//1900 1901//1901
f 1901//1901 1900//1900 1902//1902
f 1901//1901 1902//1902 1791//1791
f 1791//1791 1902//1902 1792//1792
f 1903//1903 1904//1904 1905//1905
f 1905//1905 1904//1904 1906//1906
f 1905//1905 1906//1906 1907//1907
f 1907//1907 1906//1906 1908//1908
f 1907//1907 1908//1908 1909//1909
f 1909//1909 1908//1908 1910//1910
f 1909//1909 1910//1910 1911//1911
f 1911//1911 1910//1910 1912//1912
f 1911//1911 1912//1912 1913//1913
f 1913//1913 1912//1912 1914//1914
f 1913//1913 1914//1914 1915//1915
f 1915//1915 1914//1914 1916//1916
f 1915//1915 1916//1916 1917//1917
f 1917//1917 1916//1916 1918//1918
f 1917//1917 1918//1918 1919//1919
f 1919//1919 1918//1918 1920//1920
f 1919//1919 1920//1920 1921//1921
f 1921//1921 1920//1920 1922//1922
f 1921//1921 1922//1922 1923//1923
f 1923//1923 1922//1922 1924//1924
f 1923//1923 1924//1924 1925//1925
f 1925//1925 1924//1924 1926//1926
f 1925//1925 1926//1926 1927//1927
f 1927//1927 1926//1926 1928//1928
f 1927//1927 1928//1928 1929//1929
f 1929//1929 1928//1928 1930//1930
f 1929//1929 1930//1930 1931//1931
f 1931//1931 1930//1930 1932//1932
f 1931//1931 1932//1932 1933//1933
f 1933//1933 1932//1932 1934//1934
f 1933//1933 1934//1934 1935//1935
f 1935//1935 1934//1934 1936//1936
f 1935//1935 1936//1936 1937//1937
f 1937//1937 1936//1936 1938//1938
f 1937//1937 1938//1938 1939//1939
f 1939//1939 1938//1938 1940//1940
f 1939//1939 1940//1940 1941//1941
f 1941//1941 1940//1940 1942//1942
f 1941//1941 1942//1942 1943//1943
f 1943//1943 1942//1942 1944//1944
f 1943//1943 1944//1944 1945//1945
f 1945//1945 1944//1944 1946//1946
f 1945//1945 1946//1946 1947//1947
f 1947//1947 1946//1946 1948//1948
f 1947//1947 1948//1948 1949//1949
f 1949//1949 1948//1948 1950//1950
f 1949//1949 1950//1950 1951//1951
f 1951//1951 1950//1950 1952//1952
f 1951//1951 1952//1952 1953//1953
f 1953//1953 1952//1952 1954//1954
f 1953//1953 1954//1954 1955//1955
f 1955//1955 1954//1954 1956//1956
f 1955//1955 1956//1956 1957//1957
f 1957//1957 1956//1956 1958//1958
f 1957//1957 1958//1958 1959//1959
f 1959//1959 1958//1958 1960//1960
f 1959//1959 1960//1960 1961//1961
f 1961//1961 1960//1960 1962//1962
f 1961//1961 1962//1962 1963//1963
f 1963//1963 1962//1962 1964//1964
f 1963//1963 1964//1964 1965//1965
f 1965//1965 1964//1964 1966//1966
f 1965//1965 1966//1966 1967//1967
f 1967//1967 1966//1966 1968//1968
f 1967//1967 1968//1968 1969//1969
f 1969//1969 1968//1968 1970//1970
f 1969//1969 1970//1970 1971//1971
f 1971//1971 1970//1970 1972//1972
f 1971//1971 1972//1972 1973//1973
f 1973//1973 1972//1972 1974//1974
f 1973//1973 1974//1974 1975//1975
f 1975//1975 1974//1974 1976//1976
f 1975//1975 1976//1976 1977//1977
f 1977//1977 1976//1976 1978//1978
f 1977//1977 1978//1978 1979//1979
f 1979//1979 1978//1978 1980//1980
f 1979//1979 1980//1980 1981//1981
f 1981//1981 1980//1980 1982//1982
f 1981//1981 1982//1982 1903//1903
f 1903//1903 1982//1982 1904//1904
f 1782//1782 1784//1784 1983//1983
f 1983//1983 1784//1784 1984//1984
f 1983//1983 1984//1984 1985//1985
f 1985//1985 1984//1984 1986//1986
f 1985//1985 1986//1986 1987//1987
f 1987//1987 1986//1986 1988//1988
f 1786//1786 1788//1788 1989//1989
f 1989//1989 1788//1788 1990//1990
f 1989//1989 1990//1990 1991//1991
f 1991//1991 1990//1990 1992//1992
f 1991//1991 1992//1992 1993//1993
f 1993//1993 1992//1992 1994//1994
f 1788//1788 1727//1727 1990//1990
f 1990//1990 1727//1727 1995//1995
f 1990//1990 1995//1995 1992//1992
f 1992//1992 1995//1995 1996//1996
f 1992//1992 1996//1996 1994//1994
f 1994//1994 1996//1996 1997//1997
f 1729//1729 1731//1731 1998//1998
f 1998//1998 1731//1731 1999//1999
f 1998//1998 1999//1999 2000//2000
f 2000//2000 1999//1999 2001//2001
f 2000//2000 2001//2001 2002//2002
f 2002//2002 2001//2001 2003//2003
f 1731//1731 1733//1733 1999//1999
f 1999//1999 1733//1733 2004//2004
f 1999//1999 2004//2004 2001//2001
f 2001//2001 2004//2004 2005//2005
f 2001//2001 2005//2005 2003//2003
f 2003//2003 2005//2005 2006//2006
f 1735//1735 1737//1737 2007//2007
f 2007//2007 1737//1737 2008//2008
f 2007//2007 2008//2008 2009//2009
f 2009//2009 2008//2008 2010//2010
f 2009//2009 2010//2010 2011//2011
f 2011//2011 2010//2010 2012//2012
f 1737//1737 1739//1739 2008//2008
f 2008//2008 1739//1739 2013//2013
f 2008//2008 2013//2013 2010//2010
f 2010//2010 2013//2013 2014//2014
f 2010//2010 2014//2014 2012//2012
f 2012//2012 2014//2014 2015//2015
f 1741//1741 1759//1759 2016//2016
f 2016//2016 1759//1759 2017//2017
f 2016//2016 2017//2017 2018//2018
f 2018//2018 2017//2017 2019//2019
f 2018//2018 2019//2019 2020//2020
f 2020//2020 2019//2019 2021//2021
f 1759//1759 1761//1761 2017//2017
f 2017//2017 1761//1761 2022//2022
f 2017//2017 2022//2022 2019//2019
f 2019//2019 2022//2022 2023//2023
f 2019//2019 2023//2023 2021//2021
f 2021//2021 2023//2023 2024//2024
f 1763//1763 1765//1765 2025//2025
f 2025//2025 1765//1765 2026//2026
f 2025//2025 2026//2026 2027//2027
f 2027//2027 2026//2026 2028//2028
f 2027//2027 2028//2028 2029//2029
f 2029//2029 2028//2028 2030//2030
f 1765//1765 1767//1767 2026//2026
f 2026//2026 1767//1767 2031//2031
f 2026//2026 2031//2031 2028//2028
f 2028//2028 2031//2031 2032//2032
f 2028//2028 2032//2032 2030//2030
f 2030//2030 2032//2032 2033//2033
f 1769//1769 1771//1771 2034//2034
f 2034//2034 1771//1771 2035//2035
f 2034//2034 2035//2035 2036//2036
f 2036//2036 2035//2035 2037//2037
f 2036//2036 2037//2037 2038//2038
f 2038//2038 2037//2037 2039//2039
f 1771//1771 1742//1742 2035//2035
f 2035//2035 1742//1742 2040//2040
f 2035//2035 2040//2040 2037//2037
f 2037//2037 2040//2040 2041//2041
f 2037//2037 2041//2041 2039//2039
f 2039//2039 2041//2041 2042//2042
f 1744//1744 1746//1746 2043//2043
f 2043//2043 1746//1746 2044//2044
f 2043//2043 2044//2044 2045//2045
f 2045//2045 2044//2044 2046//2046
f 2045//2045 2046//2046 2047//2047
f 2047//2047 2046//2046 2048//2048
f 1746//1746 1748//1748 2044//2044
f 2044//2044 1748//1748 2049//2049
f 2044//2044 2049//2049 2046//2046
f 2046//2046 2049//2049 2050//2050
f 2046//2046 2050//2050 2048//2048
f 2048//2048 2050//2050 2051//2051
f 1750//1750 1752//1752 2052//2052
f 2052//2052 1752//1752 2053//2053
f 2052//2052 2053//2053 2054//2054
f 2054//2054 2053//2053 2055//2055
f 2054//2054 2055//2055 2056//2056
f 2056//2056 2055//2055 2057//2057
f 1752//1752 1754//1754 2053//2053
f 2053//2053 1754//1754 2058//2058
f 2053//2053 2058//2058 2055//2055
f 2055//2055 2058//2058 2059//2059
f 2055//2055 2059//2059 2057//2057
f 2057//2057 2059//2059 2060//2060
f 1756//1756 1776//1776 2061//2061
f 2061//2061 1776//1776 2062//2062
f 2061//2061 2062//2062 2063//2063
f 2063//2063 2062//2062 2064//2064
f 2063//2063 2064//2064 2065//2065
f 2065//2065 2064//2064 2066//2066
f 1776//1776 1778//1778 2062//2062
f 2062//2062 1778//1778 2067//2067
f 2062//2062 2067//2067 2064//2064
f 2064//2064 2067//2067 2068//2068
f 2064//2064 2068//2068 2066//2066
f 2066//2066 2068//2068 2069//2069
f 1780//1780 1782//1782 2070//2070
f 2070//2070 1782//1782 1983//1983
f 2070//2070 1983//1983 2071//2071
f 2071//2071 1983//1983 1985//1985
f 2071//2071 1985//1985 2072//2072
f 2072//2072 1985//1985 1987//1987
f 1952//1952 1950//1950 1988//1988
f 1997//1997 1954//1954 1994//1994
f 1994//1994 1954//1954 1952//1952
f 1994//1994 1952//1952 1993//1993
f 1993//1993 1952//1952 1988//1988
f 1993//1993 1988//1988 1991//1991
f 1991//1991 1988//1988 1986//1986
f 1991//1991 1986//1986 1989//1989
f 1989//1989 1986//1986 1984//1984
f 1989//1989 1984//1984 1786//1786
f 1786//1786 1984//1984 1784//1784
f 1960//1960 1958//1958 1997//1997
f 1997//1997 1958//1958 1956//1956
f 1997//1997 1956//1956 1954//1954
f 2006//2006 1962//1962 2003//2003
f 2003//2003 1962//1962 1960//1960
f 2003//2003 1960//1960 2002//2002
f 2002//2002 1960//1960 1997//1997
f 2002//2002 1997//1997 2000//2000
f 2000//2000 1997//1997 1996//1996
f 2000//2000 1996//1996 1998//1998
f 1998//1998 1996//1996 1995//1995
f 1998//1998 1995//1995 1729//1729
f 1729//1729 1995//1995 1727//1727
f 1968//1968 1966//1966 2006//2006
f 2006//2006 1966//1966 1964//1964
f 2006//2006 1964//1964 1962//1962
f 2015//2015 1970//1970 2012//2012
f 2012//2012 1970//1970 1968//1968
f 2012//2012 1968//1968 2011//2011
f 2011//2011 1968//1968 2006//2006
f 2011//2011 2006//2006 2009//2009
f 2009//2009 2006//2006 2005//2005
f 2009//2009 2005//2005 2007//2007
f 2007//2007 2005//2005 2004//2004
f 2007//2007 2004//2004 1735//1735
f 1735//1735 2004//2004 1733//1733
f 1976//1976 1974//1974 2015//2015
f 2015//2015 1974//1974 1972//1972
f 2015//2015 1972//1972 1970//1970
f 2024//2024 1978//1978 2021//2021
f 2021//2021 1978//1978 1976//1976
f 2021//2021 1976//1976 2020//2020
f 2020//2020 1976//1976 2015//2015
f 2020//2020 2015//2015 2018//2018
f 2018//2018 2015//2015 2014//2014
f 2018//2018 2014//2014 2016//2016
f 2016//2016 2014//2014 2013//2013
f 2016//2016 2013//2013 1741//1741
f 1741//1741 2013//2013 1739//1739
f 1904//1904 1982//1982 2024//2024
f 2024//2024 1982//1982 1980//1980
f 2024//2024 1980//1980 1978//1978
f 2033//2033 1906//1906 2030//2030
f 2030//2030 1906//1906 1904//1904
f 2030//2030 1904//1904 2029//2029
f 2029//2029 1904//1904 2024//2024
f 2029//2029 2024//2024 2027//2027
f 2027//2027 2024//2024 2023//2023
f 2027//2027 2023//2023 2025//2025
f 2025//2025 2023//2023 2022//2022
f 2025//2025 2022//2022 1763//1763
f 1763//1763 2022//2022 1761//1761
f 1912//1912 1910//1910 2033//2033
f 2033//2033 1910//1910 1908//1908
f 2033//2033 1908//1908 1906//1906
f 2042//2042 1914//1914 2039//2039
f 2039//2039 1914//1914 1912//1912
f 2039//2039 1912//1912 2038//2038
f 2038//2038 1912//1912 2033//2033
f 2038//2038 2033//2033 2036//2036
f 2036//2036 2033//2033 2032//2032
f 2036//2036 2032//2032 2034//2034
f 2034//2034 2032//2032 2031//2031
f 2034//2034 2031//2031 1769//1769
f 1769//1769 2031//2031 1767//1767
f 1920//1920 1918//1918 2042//2042
f 2042//2042 1918//1918 1916//1916
f 2042//2042 1916//1916 1914//1914
f 2051//2051 1922//1922 2048//2048
f 2048//2048 1922//1922 1920//1920
f 2048//2048 1920//1920 2047//2047
f 2047//2047 1920//1920 2042//2042
f 2047//2047 2042//2042 2045//2045
f 2045//2045 2042//2042 2041//2041
f 2045//2045 2041//2041 2043//2043
f 2043//2043 2041//2041 2040//2040
f 2043//2043 2040//2040 1744//1744
f 1744//1744 2040//2040 1742//1742
f 1928//1928 1926//1926 2051//2051
f 2051//2051 1926//1926 1924//1924
f 2051//2051 1924//1924 1922//1922
f 2060//2060 1930//1930 2057//2057
f 2057//2057 1930//1930 1928//1928
f 2057//2057 1928//1928 2056//2056
f 2056//2056 1928//1928 2051//2051
f 2056//2056 2051//2051 2054//2054
f 2054//2054 2051//2051 2050//2050
f 2054//2054 2050//2050 2052//2052
f 2052//2052 2050//2050 2049//2049
f 2052//2052 2049//2049 1750//1750
f 1750//1750 2049//2049 1748//1748
f 1936//1936 1934//1934 2060//2060
f 2060//2060 1934//1934 1932//1932
f 2060//2060 1932//1932 1930//1930
f 2069//2069 1938//1938 2066//2066
f 2066//2066 1938//1938 1936//1936
f 2066//2066 1936//1936 2065//2065
f 2065//2065 1936//1936 2060//2060
f 2065//2065 2060//2060 2063//2063
f 2063//2063 2060//2060 2059//2059
f 2063//2063 2059//2059 2061//2061
f 2061//2061 2059//2059 2058//2058
f 2061//2061 2058//2058 1756//1756
f 1756//1756 2058//2058 1754//1754
f 1944//1944 1942//1942 2069//2069
f 2069//2069 1942//1942 1940//1940
f 2069//2069 1940//1940 1938//1938
f 1950//1950 1948//1948 1988//1988
f 1988//1988 1948//1948 1946//1946
f 1988//1988 1946//1946 1987//1987
f 1987//1987 1946//1946 1944//1944
f 1987//1987 1944//1944 2072//2072
f 2072//2072 1944//1944 2069//2069
f 2072//2072 2069//2069 2071//2071
f 2071//2071 2069//2069 2068//2068
f 2071//2071 2068//2068 2070//2070
f 2070//2070 2068//2068 2067//2067
f 2070//2070 2067//2067 1780//1780
f 1780//1780 2067//2067 1778//1778
f 2073//2073 1953//1953 2074//2074
f 2074//2074 1953//1953 1955//1955
f 2074//2074 1955//1955 2075//2075
f 2075//2075 1955//1955 1957//1957
f 2075//2075 1957//1957 2076//2076
f 1957//1957 1959//1959 2076//2076
f 2076//2076 1959//1959 1961//1961
f 2076//2076 1961//1961 2077//2077
f 2077//2077 1961//1961 1963//1963
f 2077//2077 1963//1963 2078//2078
f 2078//2078 1963//1963 1965//1965
f 2078//2078 1965//1965 2079//2079
f 1965//1965 1967//1967 2079//2079
f 2079//2079 1967//1967 1969//1969
f 2079//2079 1969//1969 2080//2080
f 2080//2080 1969//1969 1971//1971
f 2080//2080 1971//1971 2081//2081
f 2081//2081 1971//1971 1973//1973
f 2081//2081 1973//1973 2082//2082
f 1973//1973 1975//1975 2082//2082
f 2082//2082 1975//1975 1977//1977
f 2082//2082 1977//1977 2083//2083
f 2083//2083 1977//1977 1979//1979
f 2083//2083 1979//1979 2084//2084
f 2084//2084 1979//1979 1981//1981
f 2084//2084 1981//1981 2085//2085
f 1981//1981 1903//1903 2085//2085
f 2085//2085 1903//1903 1905//1905
f 2085//2085 1905//1905 2086//2086
f 2086//2086 1905//1905 1907//1907
f 2086//2086 1907//1907 2087//2087
f 2087//2087 1907//1907 1909//1909
f 2087//2087 1909//1909 2088//2088
f 1909//1909 1911//1911 2088//2088
f 2088//2088 1911//1911 1913//1913
f 2088//2088 1913//1913 2089//2089
f 2089//2089 1913//1913 1915//1915
f 2089//2089 1915//1915 2090//2090
f 2090//2090 1915//1915 1917//1917
f 2090//2090 1917//1917 2091//2091
f 1917//1917 1919//1919 2091//2091
f 2091//2091 1919//1919 1921//1921
f 2091//2091 1921//1921 2092//2092
f 2092//2092 1921//1921 1923//1923
f 2092//2092 1923//1923 2093//2093
f 2093//2093 1923//1923 1925//1925
f 2093//2093 1925//1925 2094//2094
f 1925//1925 1927//1927 2094//2094
f 2094//2094 1927//1927 1929//1929
f 2094//2094 1929//1929 2095//2095
f 2095//2095 1929//1929 1931//1931
f 2095//2095 1931//1931 2096//2096
f 2096//2096 1931//1931 1933//1933
f 2096//2096 1933//1933 2097//2097
f 1933//1933 1935//1935 2097//2097
f 2097//2097 1935//1935 1937//1937
f 2097//2097 1937//1937 2098//2098
f 2098//2098 1937//1937 1939//1939
f 2098//2098 1939//1939 2099//2099
f 2099//2099 1939//1939 1941//1941
f 2099//2099 1941//1941 2100//2100
f 1941//1941 1943//1943 2100//2100
f 2100//2100 1943//1943 1945//1945
f 2100//2100 1945//1945 2101//2101
f 2101//2101 1945//1945 1947//1947
f 2101//2101 1947//1947 2102//2102
f 2102//2102 1947//1947 1949//1949
f 2102//2102 1949//1949 2073//2073
f 2073//2073 1949//1949 1951//1951
f 2073//2073 1951//1951 1953//1953
f 2101//2101 2103//2103 2100//2100
f 2100//2100 2103//2103 2104//2104
f 2100//2100 2104//2104 2099//2099
f 2099//2099 2104//2104 2105//2105
f 2099//2099 2105//2105 2098//2098
f 2098//2098 2105//2105 2106//2106
f 2098//2098 2106//2106 2097//2097
f 2097//2097 2106//2106 2107//2107
f 2097//2097 2107//2107 2096//2096
f 2096//2096 2107//2107 2108//2108
f 2096//2096 2108//2108 2095//2095
f 2095//2095 2108//2108 2109//2109
f 2095//2095 2109//2109 2094//2094
f 2094//2094 2109//2109 2110//2110
f 2094//2094 2110//2110 2093//2093
f 2093//2093 2110//2110 2111//2111
f 2093//2093 2111//2111 2092//2092
f 2092//2092 2111//2111 2112//2112
f 2092//2092 2112//2112 2091//2091
f 2091//2091 2112//2112 2113//2113
f 2091//2091 2113//2113 2090//2090
f 2090//2090 2113//2113 2114//2114
f 2090//2090 2114//2114 2089//2089
f 2089//2089 2114//2114 2115//2115
f 2089//2089 2115//2115 2088//2088
f 2088//2088 2115//2115 2116//2116
f 2088//2088 2116//2116 2087//2087
f 2087//2087 2116//2116 2117//2117
f 2087//2087 2117//2117 2086//2086
f 2086//2086 2117//2117 2118//2118
f 2086//2086 2118//2118 2085//2085
f 2085//2085 2118//2118 2119//2119
f 2085//2085 2119//2119 2084//2084
f 2084//2084 2119//2119 2120//2120
f 2084//2084 2120//2120 2083//2083
f 2083//2083 2120//2120 2121//2121
f 2083//2083 2121//2121 2082//2082
f 2082//2082 2121//2121 2122//2122
f 2082//2082 2122//2122 2081//2081
f 2081//2081 2122//2122 2123//2123
f 2081//2081 2123//2123 2080//2080
f 2080//2080 2123//2123 2124//2124
f 2080//2080 2124//2124 2079//2079
f 2079//2079 2124//2124 2125//2125
f 2079//2079 2125//2125 2078//2078
f 2078//2078 2125//2125 2126//2126
f 2078//2078 2126//2126 2077//2077
f 2077//2077 2126//2126 2127//2127
f 2077//2077 2127//2127 2076//2076
f 2076//2076 2127//2127 2128//2128
f 2076//2076 2128//2128 2075//2075
f 2075//2075 2128//2128 2129//2129
f 2075//2075 2129//2129 2074//2074
f 2074//2074 2129//2129 2130//2130
f 2074//2074 2130//2130 2073//2073
f 2073//2073 2130//2130 2131//2131
f 2073//2073 2131//2131 2102//2102
f 2102//2102 2131//2131 2132//2132
f 2102//2102 2132//2132 2101//2101
f 2101//2101 2132//2132 2103//2103
f 2132//2132 2133//2133 2103//2103
f 2103//2103 2133//2133 2134//2134
f 2103//2103 2134//2134 2104//2104
f 2104//2104 2134//2134 2135//2135
f 2104//2104 2135//2135 2105//2105
f 2105//2105 2135//2135 2136//2136
f 2105//2105 2136//2136 2106//2106
f 2106//2106 2136//2136 2137//2137
f 2106//2106 2137//2137 2107//2107
f 2107//2107 2137//2137 2138//2138
f 2107//2107 2138//2138 2108//2108
f 2108//2108 2138//2138 2139//2139
f 2108//2108 2139//2139 2109//2109
f 2109//2109 2139//2139 2140//2140
f 2109//2109 2140//2140 2110//2110
f 2110//2110 2140//2140 2141//2141
f 2110//2110 2141//2141 2111//2111
f 2111//2111 2141//2141 2142//2142
f 2111//2111 2142//2142 2112//2112
f 2112//2112 2142//2142 2143//2143
f 2112//2112 2143//2143 2113//2113
f 2113//2113 2143//2143 2144//2144
f 2113//2113 2144//2144 2114//2114
f 2114//2114 2144//2144 2145//2145
f 2114//2114 2145//2145 2115//2115
f 2115//2115 2145//2145 2146//2146
f 2115//2115 2146//2146 2116//2116
f 2116//2116 2146//2146 2147//2147
f 2116//2116 2147//2147 2117//2117
f 2117//2117 2147//2147 2148//2148
f 2117//2117 2148//2148 2118//2118
f 2118//2118 2148//2148 2149//2149
f 2118//2118 2149//2149 2119//2119
f 2119//2119 2149//2149 2150//2150
f 2119//2119 2150//2150 2120//2120
f 2120//2120 2150//2150 2151//2151
f 2120//2120 2151//2151 2121//2121
f 2121//2121 2151//2151 2152//2152
f 2121//2121 2152//2152 2122//2122
f 2122//2122 2152//2152 2153//2153
f 2122//2122 2153//2153 2123//2123
f 2123//2123 2153//2153 2154//2154
f 2123//2123 2154//2154 2124//2124
f 2124//2124 2154//2154 2155//2155
f 2124//2124 2155//2155 2125//2125
f 2125//2125 2155//2155 2156//2156
f 2125//2125 2156//2156 2126//2126
f 2126//2126 2156//2156 2157//2157
f 2126//2126 2157//2157 2127//2127
f 2127//2127 2157//2157 2158//2158
f 2127//2127 2158//2158 2128//2128
f 2128//2128 2158//2158 2159//2159
f 2128//2128 2159//2159 2129//2129
f 2129//2129 2159//2159 2160//2160
f 2129//2129 2160//2160 2130//2130
f 2130//2130 2160//2160 2161//2161
f 2130//2130 2161//2161 2131//2131
f 2131//2131 2161//2161 2162//2162
f 2131//2131 2162//2162 2132//2132
f 2132//2132 2162//2162 2133//2133
f 2162//2162 1688//1688 2133//2133
f 2133//2133 1688//1688 1690//1690
f 2133//2133 1690//1690 2134//2134
f 2134//2134 1690//1690 1692//1692
f 2134//2134 1692//1692 2135//2135
f 2135//2135 1692//1692 1663//1663
f 2135//2135 1663//1663 2136//2136
f 2136//2136 1663//1663 1665//1665
f 2136//2136 1665//1665 2137//2137
f 2137//2137 1665//1665 1667//1667
f 2137//2137 1667//1667 2138//2138
f 2138//2138 1667//1667 1669//1669
f 2138//2138 1669//1669 2139//2139
f 2139//2139 1669//1669 1671//1671
f 2139//2139 1671//1671 2140//2140
f 2140//2140 1671//1671 1673//1673
f 2140//2140 1673//1673 2141//2141
f 2141//2141 1673//1673 1675//1675
f 2141//2141 1675//1675 2142//2142
f 2142//2142 1675//1675 1677//1677
f 2142//2142 1677//1677 2143//2143
f 2143//2143 1677//1677 1712//1712
f 2143//2143 1712//1712 2144//2144
f 2144//2144 1712//1712 1714//1714
f 2144//2144 1714//1714 2145//2145
f 2145//2145 1714//1714 1716//1716
f 2145//2145 1716//1716 2146//2146
f 2146//2146 1716//1716 1718//1718
f 2146//2146 1718//1718 2147//2147
f 2147//2147 1718//1718 1720//1720
f 2147//2147 1720//1720 2148//2148
f 2148//2148 1720//1720 1722//1722
f 2148//2148 1722//1722 2149//2149
f 2149//2149 1722//1722 1724//1724
f 2149//2149 1724//1724 2150//2150
f 2150//2150 1724//1724 1695//1695
f 2150//2150 1695//1695 2151//2151
f 2151//2151 1695//1695 1697//1697
f 2151//2151 1697//1697 2152//2152
f 2152//2152 1697//1697 1699//1699
f 2152//2152 1699//1699 2153//2153
f 2153//2153 1699//1699 1701//1701
f 2153//2153 1701//1701 2154//2154
f 2154//2154 1701//1701 1703//1703
f 2154//2154 1703//1703 2155//2155
f 2155//2155 1703//1703 1705//1705
f 2155//2155 1705//1705 2156//2156
f 2156//2156 1705//1705 1707//1707
f 2156//2156 1707//1707 2157//2157
f 2157//2157 1707//1707 1678//1678
f 2157//2157 1678//1678 2158//2158
f 2158//2158 1678//1678 1680//1680
f 2158//2158 1680//1680 2159//2159
f 2159//2159 1680//1680 1682//1682
f 2159//2159 1682//1682 2160//2160
f 2160//2160 1682//1682 1684//1684
f 2160//2160 1684//1684 2161//2161
f 2161//2161 1684//1684 1686//1686
f 2161//2161 1686//1686 2162//2162
f 2162//2162 1686//1686 1688//1688
f 1842//1842 2163//2163 2164//2164
f 1842//1842 1840//1840 2163//2163
f 2163//2163 1840//1840 1838//1838
f 2163//2163 1838//1838 2165//2165
f 2165//2165 1838//1838 1836//1836
f 2165//2165 1836//1836 2166//2166
f 2166//2166 1836//1836 1834//1834
f 2166//2166 1834//1834 2167//2167
f 2167//2167 1834//1834 1832//1832
f 1832//1832 1830//1830 2167//2167
f 2167//2167 1830//1830 1828//1828
f 2167//2167 1828//1828 2168//2168
f 2168//2168 1828//1828 1826//1826
f 2168//2168 1826//1826 2169//2169
f 1826//1826 1824//1824 2169//2169
f 2169//2169 1824//1824 1822//1822
f 2169//2169 1822//1822 2170//2170
f 1822//1822 1820//1820 2170//2170
f 2170//2170 1820//1820 1818//1818
f 2170//2170 1818//1818 2171//2171
f 1818//1818 1816//1816 2171//2171
f 2171//2171 1816//1816 1814//1814
f 2171//2171 1814//1814 2172//2172
f 2172//2172 1814//1814 1812//1812
f 2172//2172 1812//1812 2173//2173
f 1812//1812 1810//1810 2173//2173
f 2173//2173 1810//1810 1808//1808
f 2173//2173 1808//1808 2174//2174
f 1808//1808 1806//1806 2174//2174
f 2174//2174 1806//1806 1804//1804
f 2174//2174 1804//1804 2175//2175
f 2175//2175 1804//1804 1802//1802
f 2175//2175 1802//1802 2176//2176
f 2176//2176 1802//1802 1800//1800
f 2176//2176 1800//1800 2177//2177
f 2177//2177 1800//1800 1798//1798
f 1798//1798 1796//1796 2177//2177
f 2177//2177 1796//1796 1794//1794
f 2177//2177 1794//1794 2178//2178
f 2178//2178 1794//1794 1792//1792
f 2178//2178 1792//1792 2179//2179
f 2179//2179 1792//1792 1902//1902
f 2179//2179 1902//1902 2180//2180
f 1902//1902 1900//1900 2180//2180
f 2180//2180 1900//1900 1898//1898
f 2180//2180 1898//1898 2181//2181
f 1898//1898 1896//1896 2181//2181
f 2181//2181 1896//1896 1894//1894
f 2181//2181 1894//1894 2182//2182
f 2182//2182 1894//1894 1892//1892
f 2182//2182 1892//1892 2183//2183
f 2183//2183 1892//1892 1890//1890
f 2183//2183 1890//1890 2184//2184
f 2184//2184 1890//1890 1888//1888
f 1888//1888 1886//1886 2184//2184
f 2184//2184 1886//1886 1884//1884
f 2184//2184 1884//1884 2185//2185
f 2185//2185 1884//1884 1882//1882
f 2185//2185 1882//1882 2186//2186
f 1882//1882 1880//1880 2186//2186
f 2186//2186 1880//1880 1878//1878
f 2186//2186 1878//1878 2187//2187
f 1878//1878 1876//1876 2187//2187
f 2187//2187 1876//1876 1874//1874
f 2187//2187 1874//1874 2188//2188
f 1874//1874 1872//1872 2188//2188
f 2188//2188 1872//1872 1870//1870
f 2188//2188 1870//1870 2189//2189
f 2189//2189 1870//1870 1868//1868
f 2189//2189 1868//1868 2190//2190
f 1868//1868 1866//1866 2190//2190
f 2190//2190 1866//1866 1864//1864
f 2190//2190 1864//1864 2191//2191
f 1864//1864 1862//1862 2191//2191
f 2191//2191 1862//1862 1860//1860
f 2191//2191 1860//1860 2192//2192
f 2192//2192 1860//1860 1858//1858
f 2192//2192 1858//1858 2193//2193
f 2193//2193 1858//1858 1856//1856
f 2193//2193 1856//1856 2194//2194
f 2194//2194 1856//1856 1854//1854
f 1854//1854 1852//1852 2194//2194
f 2194//2194 1852//1852 1850//1850
f 2194//2194 1850//1850 2195//2195
f 2195//2195 1850//1850 1848//1848
f 2195//2195 1848//1848 2196//2196
f 2196//2196 1848//1848 1846//1846
f 2196//2196 1846//1846 2164//2164
f 2164//2164 1846//1846 1844//1844
f 2164//2164 1844//1844 1842//1842
f 2195//2195 2197//2197 2194//2194
f 2194//2194 2197//2197 2198//2198
f 2194//2194 2198//2198 2193//2193
f 2193//2193 2198//2198 2199//2199
f 2193//2193 2199//2199 2192//2192
f 2192//2192 2199//2199 2200//2200
f 2192//2192 2200//2200 2191//2191
f 2191//2191 2200//2200 2201//2201
f 2191//2191 2201//2201 2190//2190
f 2190//2190 2201//2201 2202//2202
f 2190//2190 2202//2202 2189//2189
f 2189//2189 2202//2202 2203//2203
f 2189//2189 2203//2203 2188//2188
f 2188//2188 2203//2203 2204//2204
f 2188//2188 2204//2204 2187//2187
f 2187//2187 2204//2204 2205//2205
f 2187//2187 2205//2205 2186//2186
f 2186//2186 2205//2205 2206//2206
f 2186//2186 2206//2206 2185//2185
f 2185//2185 2206//2206 2207//2207
f 2185//2185 2207//2207 2184//2184
f 2184//2184 2207//2207 2208//2208
f 2184//2184 2208//2208 2183//2183
f 2183//2183 2208//2208 2209//2209
f 2183//2183 2209//2209 2182//2182
f 2182//2182 2209//2209 2210//2210
f 2182//2182 2210//2210 2181//2181
f 2181//2181 2210//2210 2211//2211
f 2181//2181 2211//2211 2180//2180
f 2180//2180 2211//2211 2212//2212
f 2180//2180 2212//2212 2179//2179
f 2179//2179 2212//2212 2213//2213
f 2179//2179 2213//2213 2178//2178
f 2178//2178 2213//2213 2214//2214
f 2178//2178 2214//2214 2177//2177
f 2177//2177 2214//2214 2215//2215
f 2177//2177 2215//2215 2176//2176
f 2176//2176 2215//2215 2216//2216
f 2176//2176 2216//2216 2175//2175
f 2175//2175 2216//2216 2217//2217
f 2175//2175 2217//2217 2174//2174
f 2174//2174 2217//2217 2218//2218
f 2174//2174 2218//2218 2173//2173
f 2173//2173 2218//2218 2219//2219
f 2173//2173 2219//2219 2172//2172
f 2172//2172 2219//2219 2220//2220
f 2172//2172 2220//2220 2171//2171
f 2171//2171 2220//2220 2221//2221
f 2171//2171 2221//2221 2170//2170
f 2170//2170 2221//2221 2222//2222
f 2170//2170 2222//2222 2169//2169
f 2169//2169 2222//2222 2223//2223
f 2169//2169 2223//2223 2168//2168
f 2168//2168 2223//2223 2224//2224
f 2168//2168 2224//2224 2167//2167
f 2167//2167 2224//2224 2225//2225
f 2167//2167 2225//2225 2166//2166
f 2166//2166 2225//2225 2226//2226
f 2166//2166 2226//2226 2165//2165
f 2165//2165 2226//2226 2227//2227
f 2165//2165 2227//2227 2163//2163
f 2163//2163 2227//2227 2228//2228
f 2163//2163 2228//2228 2164//2164
f 2164//2164 2228//2228 2229//2229
f 2164//2164 2229//2229 2196//2196
f 2196//2196 2229//2229 2230//2230
f 2196//2196 2230//2230 2195//2195
f 2195//2195 2230//2230 2197//2197
f 2230//2230 2231//2231 2197//2197
f 2197//2197 2231//2231 2232//2232
f 2197//2197 2232//2232 2198//2198
f 2198//2198 2232//2232 2233//2233
f 2198//2198 2233//2233 2199//2199
f 2199//2199 2233//2233 2234//2234
f 2199//2199 2234//2234 2200//2200
f 2200//2200 2234//2234 2235//2235
f 2200//2200 2235//2235 2201//2201
f 2201//2201 2235//2235 2236//2236
f 2201//2201 2236//2236 2202//2202
f 2202//2202 2236//2236 2237//2237
f 2202//2202 2237//2237 2203//2203
f 2203//2203 2237//2237 2238//2238
f 2203//2203 2238//2238 2204//2204
f 2204//2204 2238//2238 2239//2239
f 2204//2204 2239//2239 2205//2205
f 2205//2205 2239//2239 2240//2240
f 2205//2205 2240//2240 2206//2206
f 2206//2206 2240//2240 2241//2241
f 2206//2206 2241//2241 2207//2207
f 2207//2207 2241//2241 2242//2242
f 2207//2207 2242//2242 2208//2208
f 2208//2208 2242//2242 2243//2243
f 2208//2208 2243//2243 2209//2209
f 2209//2209 2243//2243 2244//2244
f 2209//2209 2244//2244 2210//2210
f 2210//2210 2244//2244 2245//2245
f 2210//2210 2245//2245 2211//2211
f 2211//2211 2245//2245 2246//2246
f 2211//2211 2246//2246 2212//2212
f 2212//2212 2246//2246 2247//2247
f 2212//2212 2247//2247 2213//2213
f 2213//2213 2247//2247 2248//2248
f 2213//2213 2248//2248 2214//2214
f 2214//2214 2248//2248 2249//2249
f 2214//2214 2249//2249 2215//2215
f 2215//2215 2249//2249 2250//2250
f 2215//2215 2250//2250 2216//2216
f 2216//2216 2250//2250 2251//2251
f 2216//2216 2251//2251 2217//2217
f 2217//2217 2251//2251 2252//2252
f 2217//2217 2252//2252 2218//2218
f 2218//2218 2252//2252 2253//2253
f 2218//2218 2253//2253 2219//2219
f 2219//2219 2253//2253 2254//2254
f 2219//2219 2254//2254 2220//2220
f 2220//2220 2254//2254 2255//2255
f 2220//2220 2255//2255 2221//2221
f 2221//2221 2255//2255 2256//2256
f 2221//2221 2256//2256 2222//2222
f 2222//2222 2256//2256 2257//2257
f 2222//2222 2257//2257 2223//2223
f 2223//2223 2257//2257 2258//2258
f 2223//2223 2258//2258 2224//2224
f 2224//2224 2258//2258 2259//2259
f 2224//2224 2259//2259 2225//2225
f 2225//2225 2259//2259 2260//2260
f 2225//2225 2260//2260 2226//2226
f 2226//2226 2260//2260 2261//2261
f 2226//2226 2261//2261 2227//2227
f 2227//2227 2261//2261 2262//2262
f 2227//2227 2262//2262 2228//2228
f 2228//2228 2262//2262 2263//2263
f 2228//2228 2263//2263 2229//2229
f 2229//2229 2263//2263 2264//2264
f 2229//2229 2264//2264 2230//2230
f 2230//2230 2264//2264 2231//2231
f 2264//2264 1781//1781 2231//2231
f 2231//2231 1781//1781 1779//1779
f 2231//2231 1779//1779 2232//2232
f 2232//2232 1779//1779 1777//1777
f 2232//2232 1777//1777 2233//2233
f 2233//2233 1777//1777 1775//1775
f 2233//2233 1775//1775 2234//2234
f 2234//2234 1775//1775 1774//1774
f 2234//2234 1774//1774 2235//2235
f 2235//2235 1774//1774 1755//1755
f 2235//2235 1755//1755 2236//2236
f 2236//2236 1755//1755 1753//1753
f 2236//2236 1753//1753 2237//2237
f 2237//2237 1753//1753 1751//1751
f 2237//2237 1751//1751 2238//2238
f 2238//2238 1751//1751 1749//1749
f 2238//2238 1749//1749 2239//2239
f 2239//2239 1749//1749 1747//1747
f 2239//2239 1747//1747 2240//2240
f 2240//2240 1747//1747 1745//1745
f 2240//2240 1745//1745 2241//2241
f 2241//2241 1745//1745 1743//1743
f 2241//2241 1743//1743 2242//2242
f 2242//2242 1743//1743 1773//1773
f 2242//2242 1773//1773 2243//2243
f 2243//2243 1773//1773 1772//1772
f 2243//2243 1772//1772 2244//2244
f 2244//2244 1772//1772 1770//1770
f 2244//2244 1770//1770 2245//2245
f 2245//2245 1770//1770 1768//1768
f 2245//2245 1768//1768 2246//2246
f 2246//2246 1768//1768 1766//1766
f 2246//2246 1766//1766 2247//2247
f 2247//2247 1766//1766 1764//1764
f 2247//2247 1764//1764 2248//2248
f 2248//2248 1764//1764 1762//1762
f 2248//2248 1762//1762 2249//2249
f 2249//2249 1762//1762 1760//1760
f 2249//2249 1760//1760 2250//2250
f 2250//2250 1760//1760 1758//1758
f 2250//2250 1758//1758 2251//2251
f 2251//2251 1758//1758 1757//1757
f 2251//2251 1757//1757 2252//2252
f 2252//2252 1757//1757 1740//1740
f 2252//2252 1740//1740 2253//2253
f 2253//2253 1740//1740 1738//1738
f 2253//2253 1738//1738 2254//2254
f 2254//2254 1738//1738 1736//1736
f 2254//2254 1736//1736 2255//2255
f 2255//2255 1736//1736 1734//1734
f 2255//2255 1734//1734 2256//2256
f 2256//2256 1734//1734 1732//1732
f 2256//2256 1732//1732 2257//2257
f 2257//2257 1732//1732 1730//1730
f 2257//2257 1730//1730 2258//2258
f 2258//2258 1730//1730 1728//1728
f 2258//2258 1728//1728 2259//2259
f 2259//2259 1728//1728 1790//1790
f 2259//2259 1790//1790 2260//2260
f 2260//2260 1790//1790 1789//1789
f 2260//2260 1789//1789 2261//2261
f 2261//2261 1789//1789 1787//1787
f 2261//2261 1787//1787 2262//2262
f 2262//2262 1787//1787 1785//1785
f 2262//2262 1785//1785 2263//2263
f 2263//2263 1785//1785 1783//1783
f 2263//2263 1783//1783 2264//2264
f 2264//2264 1783//1783 1781//1781
f 1863//1863 1865//1865 2265//2265
f 1873//1873 1875//1875 2266//2266
f 1881//1881 1883//1883 2267//2267
f 1887//1887 1889//1889 2268//2268
f 1797//1797 1799//1799 2269//2269
f 1817//1817 1819//1819 2270//2270
f 1825//1825 1827//1827 2271//2271
f 1831//1831 1833//1833 2272//2272
f 1835//1835 1837//1837 2273//2273
f 2274//2274 1689//1689 1687//1687
f 2275//2275 1687//1687 1685//1685
f 2275//2275 1685//1685 2276//2276
f 2276//2276 1685//1685 1683//1683
f 2276//2276 1683//1683 2277//2277
f 1691//1691 1689//1689 2278//2278
f 2278//2278 1689//1689 2274//2274
f 2278//2278 2274//2274 2279//2279
f 1693//1693 1691//1691 2280//2280
f 2280//2280 1691//1691 2278//2278
f 2280//2280 2278//2278 2281//2281
f 2281//2281 2278//2278 2279//2279
f 2281//2281 2279//2279 2282//2282
f 2283//2283 2275//2275 2284//2284
f 2284//2284 2275//2275 2276//2276
f 2284//2284 2276//2276 2285//2285
f 2285//2285 2276//2276 2277//2277
f 2285//2285 2277//2277 2286//2286
f 1704//1704 1702//1702 2287//2287
f 2287//2287 1702//1702 2288//2288
f 2287//2287 2288//2288 2289//2289
f 2289//2289 2288//2288 2290//2290
f 2289//2289 2290//2290 2291//2291
f 2291//2291 2290//2290 2270//2270
f 1698//1698 1696//1696 2292//2292
f 2292//2292 1696//1696 2293//2293
f 2292//2292 2293//2293 2294//2294
f 2294//2294 2293//2293 2295//2295
f 2294//2294 2295//2295 2296//2296
f 2296//2296 2295//2295 2297//2297
f 1696//1696 1726//1726 2293//2293
f 2293//2293 1726//1726 2298//2298
f 2293//2293 2298//2298 2295//2295
f 2295//2295 2298//2298 2299//2299
f 2295//2295 2299//2299 2297//2297
f 2297//2297 2299//2299 2300//2300
f 1726//1726 1725//1725 2298//2298
f 2298//2298 1725//1725 2301//2301
f 2298//2298 2301//2301 2299//2299
f 2299//2299 2301//2301 2302//2302
f 2299//2299 2302//2302 2300//2300
f 2300//2300 2302//2302 2303//2303
f 1717//1717 1715//1715 2304//2304
f 2304//2304 1715//1715 2305//2305
f 2304//2304 2305//2305 2306//2306
f 2306//2306 2305//2305 2307//2307
f 2306//2306 2307//2307 2308//2308
f 2308//2308 2307//2307 2309//2309
f 1715//1715 1713//1713 2305//2305
f 2305//2305 1713//1713 2310//2310
f 2305//2305 2310//2310 2307//2307
f 2307//2307 2310//2310 2311//2311
f 2307//2307 2311//2311 2309//2309
f 2309//2309 2311//2311 2312//2312
f 1713//1713 1711//1711 2310//2310
f 2310//2310 1711//1711 2313//2313
f 2310//2310 2313//2313 2311//2311
f 2311//2311 2313//2313 2314//2314
f 2311//2311 2314//2314 2312//2312
f 2312//2312 2314//2314 2315//2315
f 1672//1672 1670//1670 2316//2316
f 2316//2316 1670//1670 2317//2317
f 2316//2316 2317//2317 2318//2318
f 2318//2318 2317//2317 2319//2319
f 2318//2318 2319//2319 2320//2320
f 2320//2320 2319//2319 2266//2266
f 1666//1666 1664//1664 2321//2321
f 2321//2321 1664//1664 2322//2322
f 2321//2321 2322//2322 2323//2323
f 2323//2323 2322//2322 2324//2324
f 2323//2323 2324//2324 2325//2325
f 2325//2325 2324//2324 2265//2265
f 2326//2326 2283//2283 2327//2327
f 2327//2327 2283//2283 2284//2284
f 2327//2327 2284//2284 2328//2328
f 2328//2328 2284//2284 2285//2285
f 2328//2328 2285//2285 2329//2329
f 2329//2329 2285//2285 2286//2286
f 2329//2329 2286//2286 2330//2330
f 1845//1845 2329//2329 1843//1843
f 1843//1843 2329//2329 2330//2330
f 1843//1843 2330//2330 1841//1841
f 1839//1839 1841//1841 2331//2331
f 2331//2331 1841//1841 2330//2330
f 2331//2331 2330//2330 2332//2332
f 2332//2332 2330//2330 2286//2286
f 2332//2332 2286//2286 2333//2333
f 2333//2333 2286//2286 2277//2277
f 2333//2333 2277//2277 1681//1681
f 1681//1681 2277//2277 1683//1683
f 1681//1681 1679//1679 2333//2333
f 2333//2333 1679//1679 2334//2334
f 2333//2333 2334//2334 2332//2332
f 2332//2332 2334//2334 2335//2335
f 2332//2332 2335//2335 2331//2331
f 2331//2331 2335//2335 2273//2273
f 2331//2331 2273//2273 1839//1839
f 1839//1839 2273//2273 1837//1837
f 1833//1833 1835//1835 2272//2272
f 2272//2272 1835//1835 2273//2273
f 2272//2272 2273//2273 2336//2336
f 2336//2336 2273//2273 2335//2335
f 2336//2336 2335//2335 2337//2337
f 2337//2337 2335//2335 2334//2334
f 2337//2337 2334//2334 1709//1709
f 1709//1709 2334//2334 1679//1679
f 1829//1829 1831//1831 2338//2338
f 2338//2338 1831//1831 2272//2272
f 2338//2338 2272//2272 2339//2339
f 2339//2339 2272//2272 2336//2336
f 2339//2339 2336//2336 2340//2340
f 2340//2340 2336//2336 2337//2337
f 2340//2340 2337//2337 1708//1708
f 1708//1708 2337//2337 1709//1709
f 1708//1708 1706//1706 2340//2340
f 2340//2340 1706//1706 2341//2341
f 2340//2340 2341//2341 2339//2339
f 2339//2339 2341//2341 2342//2342
f 2339//2339 2342//2342 2338//2338
f 2338//2338 2342//2342 2271//2271
f 2338//2338 2271//2271 1829//1829
f 1829//1829 2271//2271 1827//1827
f 1823//1823 1825//1825 2291//2291
f 2291//2291 1825//1825 2271//2271
f 2291//2291 2271//2271 2289//2289
f 2289//2289 2271//2271 2342//2342
f 2289//2289 2342//2342 2287//2287
f 2287//2287 2342//2342 2341//2341
f 2287//2287 2341//2341 1704//1704
f 1704//1704 2341//2341 1706//1706
f 2270//2270 1819//1819 2291//2291
f 2291//2291 1819//1819 1821//1821
f 2291//2291 1821//1821 1823//1823
f 1815//1815 1817//1817 2343//2343
f 2343//2343 1817//1817 2270//2270
f 2343//2343 2270//2270 2344//2344
f 2344//2344 2270//2270 2290//2290
f 2344//2344 2290//2290 2345//2345
f 2345//2345 2290//2290 2288//2288
f 2345//2345 2288//2288 1700//1700
f 1700//1700 2288//2288 1702//1702
f 1700//1700 1698//1698 2345//2345
f 2345//2345 1698//1698 2292//2292
f 2345//2345 2292//2292 2344//2344
f 2344//2344 2292//2292 2294//2294
f 2344//2344 2294//2294 2343//2343
f 2343//2343 2294//2294 2296//2296
f 2343//2343 2296//2296 1815//1815
f 1815//1815 2296//2296 1813//1813
f 1801//1801 1803//1803 2303//2303
f 2303//2303 1803//1803 1805//1805
f 2303//2303 1805//1805 2300//2300
f 2300//2300 1805//1805 1807//1807
f 2300//2300 1807//1807 2297//2297
f 2297//2297 1807//1807 1809//1809
f 2297//2297 1809//1809 2296//2296
f 2296//2296 1809//1809 1811//1811
f 2296//2296 1811//1811 1813//1813
f 1799//1799 1801//1801 2269//2269
f 2269//2269 1801//1801 2303//2303
f 2269//2269 2303//2303 2346//2346
f 2346//2346 2303//2303 2302//2302
f 2346//2346 2302//2302 2347//2347
f 2347//2347 2302//2302 2301//2301
f 2347//2347 2301//2301 1723//1723
f 1723//1723 2301//2301 1725//1725
f 1795//1795 1797//1797 2348//2348
f 2348//2348 1797//1797 2269//2269
f 2348//2348 2269//2269 2349//2349
f 2349//2349 2269//2269 2346//2346
f 2349//2349 2346//2346 2350//2350
f 2350//2350 2346//2346 2347//2347
f 2350//2350 2347//2347 1721//1721
f 1721//1721 2347//2347 1723//1723
f 1721//1721 1719//1719 2350//2350
f 2350//2350 1719//1719 2351//2351
f 2350//2350 2351//2351 2349//2349
f 2349//2349 2351//2351 2352//2352
f 2349//2349 2352//2352 2348//2348
f 2348//2348 2352//2352 2353//2353
f 2348//2348 2353//2353 1795//1795
f 1795//1795 2353//2353 1793//1793
f 1719//1719 1717//1717 2351//2351
f 2351//2351 1717//1717 2304//2304
f 2351//2351 2304//2304 2352//2352
f 2352//2352 2304//2304 2306//2306
f 2352//2352 2306//2306 2353//2353
f 2353//2353 2306//2306 2308//2308
f 2353//2353 2308//2308 1793//1793
f 1793//1793 2308//2308 1791//1791
f 1891//1891 1893//1893 2315//2315
f 2315//2315 1893//1893 1895//1895
f 2315//2315 1895//1895 2312//2312
f 2312//2312 1895//1895 1897//1897
f 2312//2312 1897//1897 2309//2309
f 2309//2309 1897//1897 1899//1899
f 2309//2309 1899//1899 2308//2308
f 2308//2308 1899//1899 1901//1901
f 2308//2308 1901//1901 1791//1791
f 1889//1889 1891//1891 2268//2268
f 2268//2268 1891//1891 2315//2315
f 2268//2268 2315//2315 2354//2354
f 2354//2354 2315//2315 2314//2314
f 2354//2354 2314//2314 2355//2355
f 2355//2355 2314//2314 2313//2313
f 2355//2355 2313//2313 1710//1710
f 1710//1710 2313//2313 1711//1711
f 1885//1885 1887//1887 2356//2356
f 2356//2356 1887//1887 2268//2268
f 2356//2356 2268//2268 2357//2357
f 2357//2357 2268//2268 2354//2354
f 2357//2357 2354//2354 2358//2358
f 2358//2358 2354//2354 2355//2355
f 2358//2358 2355//2355 1676//1676
f 1676//1676 2355//2355 1710//1710
f 1676//1676 1674//1674 2358//2358
f 2358//2358 1674//1674 2359//2359
f 2358//2358 2359//2359 2357//2357
f 2357//2357 2359//2359 2360//2360
f 2357//2357 2360//2360 2356//2356
f 2356//2356 2360//2360 2267//2267
f 2356//2356 2267//2267 1885//1885
f 1885//1885 2267//2267 1883//1883
f 1879//1879 1881//1881 2320//2320
f 2320//2320 1881//1881 2267//2267
f 2320//2320 2267//2267 2318//2318
f 2318//2318 2267//2267 2360//2360
f 2318//2318 2360//2360 2316//2316
f 2316//2316 2360//2360 2359//2359
f 2316//2316 2359//2359 1672//1672
f 1672//1672 2359//2359 1674//1674
f 2266//2266 1875//1875 2320//2320
f 2320//2320 1875//1875 1877//1877
f 2320//2320 1877//1877 1879//1879
f 1871//1871 1873//1873 2361//2361
f 2361//2361 1873//1873 2266//2266
f 2361//2361 2266//2266 2362//2362
f 2362//2362 2266//2266 2319//2319
f 2362//2362 2319//2319 2363//2363
f 2363//2363 2319//2319 2317//2317
f 2363//2363 2317//2317 1668//1668
f 1668//1668 2317//2317 1670//1670
f 1668//1668 1666//1666 2363//2363
f 2363//2363 1666//1666 2321//2321
f 2363//2363 2321//2321 2362//2362
f 2362//2362 2321//2321 2323//2323
f 2362//2362 2323//2323 2361//2361
f 2361//2361 2323//2323 2325//2325
f 2361//2361 2325//2325 1871//1871
f 1871//1871 2325//2325 1869//1869
f 2265//2265 1865//1865 2325//2325
f 2325//2325 1865//1865 1867//1867
f 2325//2325 1867//1867 1869//1869
f 1861//1861 1863//1863 2364//2364
f 2364//2364 1863//1863 2265//2265
f 2364//2364 2265//2265 2365//2365
f 2365//2365 2265//2265 2324//2324
f 2365//2365 2324//2324 2366//2366
f 2366//2366 2324//2324 2322//2322
f 2366//2366 2322//2322 1694//1694
f 1694//1694 2322//2322 1664//1664
f 1694//1694 1693//1693 2366//2366
f 2366//2366 1693//1693 2280//2280
f 2366//2366 2280//2280 2365//2365
f 2365//2365 2280//2280 2281//2281
f 2365//2365 2281//2281 2364//2364
f 2364//2364 2281//2281 2282//2282
f 2364//2364 2282//2282 1861//1861
f 1861//1861 2282//2282 1859//1859
f 1687//1687 2275//2275 2274//2274
f 2274//2274 2275//2275 2283//2283
f 2274//2274 2283//2283 2279//2279
f 2279//2279 2283//2283 2326//2326
f 2279//2279 2326//2326 2282//2282
f 2282//2282 2326//2326 1857//1857
f 2282//2282 1857//1857 1859//1859
f 1845//1845 1847//1847 2329//2329
f 2329//2329 1847//1847 1849//1849
f 2329//2329 1849//1849 2328//2328
f 2328//2328 1849//1849 1851//1851
f 2328//2328 1851//1851 2327//2327
f 2327//2327 1851//1851 1853//1853
f 2327//2327 1853//1853 2326//2326
f 2326//2326 1853//1853 1855//1855
f 2326//2326 1855//1855 1857//1857
# 4772 faces, 0 coords texture

# End of File
