####
#
# OBJ File Generated by Meshlab
#
####
# Object leader_finger_right_thumb.obj
#
# Vertices: 1692
# Faces: 3388
#
####
v 0.000000 0.007173 -0.019465
v 0.000000 0.007173 -0.022774
v 0.000000 0.004008 -0.019465
v 0.000000 0.004328 -0.022774
v 0.000000 0.003610 -0.022739
v 0.000000 0.002909 -0.022586
v 0.000000 0.002470 -0.022351
v 0.000000 0.002132 -0.021986
v 0.000000 0.001866 -0.021089
v 0.000000 0.001992 -0.020448
v 0.000000 0.002381 -0.019922
v 0.000000 0.001933 -0.021557
v 0.000000 0.003150 -0.019549
v 0.003000 -0.004402 0.010500
v 0.003000 -0.004000 0.012000
v 0.003000 -0.005375 0.009478
v 0.003000 -0.004402 0.013500
v 0.003000 -0.005375 0.014522
v 0.003000 -0.009598 0.013500
v 0.003000 -0.010000 0.012000
v 0.003000 -0.008625 0.014522
v 0.003000 -0.009598 0.010500
v 0.003000 -0.008625 0.009478
v 0.003000 -0.004402 -0.001500
v 0.003000 -0.004000 0.000000
v 0.003000 -0.005375 -0.002522
v 0.003000 -0.004402 0.001500
v 0.003000 -0.005375 0.002522
v 0.003000 -0.009598 0.001500
v 0.003000 -0.010000 -0.000000
v 0.003000 -0.008625 0.002522
v 0.003000 -0.009598 -0.001500
v 0.003000 -0.008625 -0.002522
v 0.003000 0.009598 -0.013500
v 0.003000 0.010000 -0.012000
v 0.003000 0.008625 -0.014522
v 0.003000 0.009598 -0.010500
v 0.003000 0.008625 -0.009478
v 0.003000 0.004402 -0.010500
v 0.003000 0.004000 -0.012000
v 0.003000 0.005375 -0.009478
v 0.003000 0.004402 -0.013500
v 0.003000 0.005375 -0.014522
v 0.003000 0.009598 -0.001500
v 0.003000 0.010000 0.000000
v 0.003000 0.008625 -0.002522
v 0.003000 0.009598 0.001500
v 0.003000 0.008625 0.002522
v 0.003000 0.004402 0.001500
v 0.003000 0.004000 -0.000000
v 0.003000 0.005375 0.002522
v 0.003000 0.004402 -0.001500
v 0.003000 0.005375 -0.002522
v 0.003000 -0.004402 -0.013500
v 0.003000 -0.004000 -0.012000
v 0.003000 -0.005375 -0.014522
v 0.003000 -0.004402 -0.010500
v 0.003000 -0.005375 -0.009478
v 0.003000 -0.009598 -0.010500
v 0.003000 -0.010000 -0.012000
v 0.003000 -0.008625 -0.009478
v 0.003000 -0.009598 -0.013500
v 0.003000 -0.008625 -0.014522
v 0.003000 0.009598 0.010500
v 0.003000 0.010000 0.012000
v 0.003000 0.008625 0.009478
v 0.003000 0.009598 0.013500
v 0.003000 0.008625 0.014522
v 0.003000 0.004402 0.013500
v 0.003000 0.004000 0.012000
v 0.003000 0.005375 0.014522
v 0.003000 0.004402 0.010500
v 0.003000 0.005375 0.009478
v 0.002800 0.005375 0.002522
v 0.002800 0.005375 -0.000000
v 0.002800 0.005375 -0.002522
v 0.002800 0.008625 -0.002522
v 0.002800 0.008625 -0.000000
v 0.002800 0.008625 0.002522
v 0.002800 -0.008625 0.002522
v 0.002800 -0.008625 -0.000000
v 0.002800 -0.008625 -0.002522
v 0.002800 -0.005375 -0.002522
v 0.002800 -0.005375 -0.000000
v 0.002800 -0.005375 0.002522
v 0.002800 0.005375 0.014522
v 0.002800 0.005375 0.012000
v 0.002800 0.005375 0.009478
v 0.002800 0.008625 0.009478
v 0.002800 0.008625 0.012000
v 0.002800 0.008625 0.014522
v 0.002800 -0.008625 -0.009478
v 0.002800 -0.008625 -0.012000
v 0.002800 -0.008625 -0.014522
v 0.002800 -0.005375 -0.014522
v 0.002800 -0.005375 -0.012000
v 0.002800 -0.005375 -0.009478
v 0.002800 -0.008625 0.014522
v 0.002800 -0.008625 0.012000
v 0.002800 -0.008625 0.009478
v 0.002800 -0.005375 0.009478
v 0.002800 -0.005375 0.012000
v 0.002800 -0.005375 0.014522
v 0.002800 0.005375 -0.009478
v 0.002800 0.005375 -0.012000
v 0.002800 0.005375 -0.014522
v 0.002800 0.008625 -0.014522
v 0.002800 0.008625 -0.012000
v 0.002800 0.008625 -0.009478
v 0.000400 0.007173 -0.022774
v 0.000400 0.007173 -0.019465
v 0.000400 0.004008 -0.019465
v 0.000400 0.002381 -0.019922
v 0.000400 0.003150 -0.019549
v 0.000400 0.001866 -0.021089
v 0.000400 0.001992 -0.020448
v 0.000400 0.002132 -0.021986
v 0.000400 0.001933 -0.021557
v 0.000400 0.002909 -0.022586
v 0.000400 0.002470 -0.022351
v 0.000400 0.004328 -0.022774
v 0.000400 0.003610 -0.022739
v 0.002800 -0.008500 0.014598
v 0.002800 -0.005500 0.009402
v 0.005500 -0.005500 0.014598
v 0.005500 -0.004402 0.013500
v 0.005500 -0.004000 0.012000
v 0.005500 -0.004402 0.010500
v 0.005500 -0.005500 0.009402
v 0.002800 -0.008500 0.009402
v 0.005500 -0.007000 0.009000
v 0.002800 -0.007000 0.009000
v 0.005500 -0.008500 0.009402
v 0.005500 -0.009598 0.010500
v 0.005500 -0.010000 0.012000
v 0.005500 -0.009598 0.013500
v 0.005500 -0.008500 0.014598
v 0.005500 -0.007000 0.015000
v 0.002800 -0.007000 0.015000
v 0.002800 -0.005500 0.014598
v 0.002800 -0.008500 0.002598
v 0.002800 -0.005500 -0.002598
v 0.005500 -0.005500 0.002598
v 0.005500 -0.004402 0.001500
v 0.005500 -0.004000 -0.000000
v 0.005500 -0.004402 -0.001500
v 0.005500 -0.005500 -0.002598
v 0.002800 -0.008500 -0.002598
v 0.005500 -0.007000 -0.003000
v 0.002800 -0.007000 -0.003000
v 0.005500 -0.008500 -0.002598
v 0.005500 -0.009598 -0.001500
v 0.005500 -0.010000 -0.000000
v 0.005500 -0.009598 0.001500
v 0.005500 -0.008500 0.002598
v 0.005500 -0.007000 0.003000
v 0.002800 -0.007000 0.003000
v 0.002800 -0.005500 0.002598
v 0.002800 0.005500 -0.009402
v 0.002800 0.008500 -0.014598
v 0.005500 0.008500 -0.009402
v 0.005500 0.009598 -0.010500
v 0.005500 0.010000 -0.012000
v 0.005500 0.009598 -0.013500
v 0.005500 0.008500 -0.014598
v 0.002800 0.005500 -0.014598
v 0.005500 0.007000 -0.015000
v 0.002800 0.007000 -0.015000
v 0.005500 0.005500 -0.014598
v 0.005500 0.004402 -0.013500
v 0.005500 0.004000 -0.012000
v 0.005500 0.004402 -0.010500
v 0.005500 0.005500 -0.009402
v 0.005500 0.007000 -0.009000
v 0.002800 0.007000 -0.009000
v 0.002800 0.008500 -0.009402
v 0.002800 0.005500 0.002598
v 0.002800 0.008500 -0.002598
v 0.005500 0.008500 0.002598
v 0.005500 0.009598 0.001500
v 0.005500 0.010000 -0.000000
v 0.005500 0.009598 -0.001500
v 0.005500 0.008500 -0.002598
v 0.002800 0.005500 -0.002598
v 0.005500 0.007000 -0.003000
v 0.002800 0.007000 -0.003000
v 0.005500 0.005500 -0.002598
v 0.005500 0.004402 -0.001500
v 0.005500 0.004000 -0.000000
v 0.005500 0.004402 0.001500
v 0.005500 0.005500 0.002598
v 0.005500 0.007000 0.003000
v 0.002800 0.007000 0.003000
v 0.002800 0.008500 0.002598
v 0.002800 -0.008500 -0.009402
v 0.002800 -0.005500 -0.014598
v 0.005500 -0.005500 -0.009402
v 0.005500 -0.004402 -0.010500
v 0.005500 -0.004000 -0.012000
v 0.005500 -0.004402 -0.013500
v 0.005500 -0.005500 -0.014598
v 0.002800 -0.008500 -0.014598
v 0.005500 -0.007000 -0.015000
v 0.002800 -0.007000 -0.015000
v 0.005500 -0.008500 -0.014598
v 0.005500 -0.009598 -0.013500
v 0.005500 -0.010000 -0.012000
v 0.005500 -0.009598 -0.010500
v 0.005500 -0.008500 -0.009402
v 0.005500 -0.007000 -0.009000
v 0.002800 -0.007000 -0.009000
v 0.002800 -0.005500 -0.009402
v 0.002800 0.005500 0.014598
v 0.002800 0.008500 0.009402
v 0.005500 0.008500 0.014598
v 0.005500 0.009598 0.013500
v 0.005500 0.010000 0.012000
v 0.005500 0.009598 0.010500
v 0.005500 0.008500 0.009402
v 0.002800 0.005500 0.009402
v 0.005500 0.007000 0.009000
v 0.002800 0.007000 0.009000
v 0.005500 0.005500 0.009402
v 0.005500 0.004402 0.010500
v 0.005500 0.004000 0.012000
v 0.005500 0.004402 0.013500
v 0.005500 0.005500 0.014598
v 0.005500 0.007000 0.015000
v 0.002800 0.007000 0.015000
v 0.002800 0.008500 0.014598
v 0.005500 -0.010000 0.021000
v 0.005500 0.010000 0.021000
v 0.000500 -0.010000 0.021000
v 0.000500 0.010000 0.021000
v 0.002800 0.005593 0.000813
v 0.002800 0.006187 0.001407
v 0.002800 0.007000 0.001625
v 0.002800 0.007812 0.001407
v 0.002800 0.008407 0.000813
v 0.002800 0.008407 -0.000813
v 0.002800 0.007812 -0.001407
v 0.002800 0.007000 -0.001625
v 0.002800 0.006187 -0.001407
v 0.002800 0.005593 -0.000813
v 0.002800 -0.008407 0.000813
v 0.002800 -0.007812 0.001407
v 0.002800 -0.007000 0.001625
v 0.002800 -0.006187 0.001407
v 0.002800 -0.005593 0.000813
v 0.002800 -0.005593 -0.000813
v 0.002800 -0.006187 -0.001407
v 0.002800 -0.007000 -0.001625
v 0.002800 -0.007812 -0.001407
v 0.002800 -0.008407 -0.000813
v 0.002800 0.008407 0.012812
v 0.002800 0.007812 0.013407
v 0.002800 0.007000 0.013625
v 0.002800 0.006187 0.013407
v 0.002800 0.005593 0.012812
v 0.002800 0.005593 0.011188
v 0.002800 0.006187 0.010593
v 0.002800 0.007000 0.010375
v 0.002800 0.007812 0.010593
v 0.002800 0.008407 0.011188
v 0.002800 -0.005593 -0.011188
v 0.002800 -0.006187 -0.010593
v 0.002800 -0.007000 -0.010375
v 0.002800 -0.007812 -0.010593
v 0.002800 -0.008407 -0.011188
v 0.002800 -0.008407 -0.012812
v 0.002800 -0.007812 -0.013407
v 0.002800 -0.007000 -0.013625
v 0.002800 -0.006187 -0.013407
v 0.002800 -0.005593 -0.012812
v 0.002800 -0.005593 0.012812
v 0.002800 -0.006187 0.013407
v 0.002800 -0.007000 0.013625
v 0.002800 -0.007812 0.013407
v 0.002800 -0.008407 0.012812
v 0.002800 -0.008407 0.011188
v 0.002800 -0.007812 0.010593
v 0.002800 -0.007000 0.010375
v 0.002800 -0.006187 0.010593
v 0.002800 -0.005593 0.011188
v 0.002800 0.008407 -0.011188
v 0.002800 0.007812 -0.010593
v 0.002800 0.007000 -0.010375
v 0.002800 0.006187 -0.010593
v 0.002800 0.005593 -0.011188
v 0.002800 0.005593 -0.012812
v 0.002800 0.006187 -0.013407
v 0.002800 0.007000 -0.013625
v 0.002800 0.007812 -0.013407
v 0.002800 0.008407 -0.012812
v 0.000400 -0.008496 -0.018360
v 0.000400 -0.000570 -0.018360
v 0.000400 -0.003864 -0.019540
v 0.000400 -0.000570 -0.019540
v 0.000400 -0.008496 -0.019540
v 0.000400 -0.005188 -0.019540
v 0.000400 -0.005188 -0.028360
v 0.000400 -0.003864 -0.028360
v 0.000400 0.003319 -0.023811
v 0.000400 0.008496 -0.018360
v 0.000400 0.008496 -0.028360
v 0.000400 0.007173 -0.023920
v 0.000400 0.007173 -0.028360
v 0.000400 0.000604 -0.020306
v 0.000400 0.000917 -0.019581
v 0.000400 0.001393 -0.019011
v 0.000400 0.002029 -0.018630
v 0.000400 0.003033 -0.018407
v 0.000400 0.004062 -0.018360
v 0.000400 0.005638 -0.023920
v 0.000400 0.005268 -0.023927
v 0.000400 0.004901 -0.023967
v 0.000400 0.004588 -0.024075
v 0.000400 0.002172 -0.023527
v 0.000400 0.001190 -0.022883
v 0.000400 0.000668 -0.022055
v 0.000400 0.000501 -0.021089
v 0.000400 0.004297 -0.024233
v 0.000400 0.003935 -0.024541
v 0.000400 0.002902 -0.024032
v 0.000400 0.003626 -0.024902
v 0.000400 0.001347 -0.028360
v 0.000400 -0.000317 -0.028360
v 0.000400 0.002671 -0.026280
v 0.000400 0.001422 -0.025639
v 0.000400 0.003133 -0.025580
v 0.000400 0.001930 -0.024939
v 0.000400 0.002520 -0.024309
v -0.004098 0.018421 -0.045762
v -0.004098 0.019135 -0.046468
v 0.005500 0.019135 -0.046468
v 0.005500 0.020182 -0.047749
v -0.004098 0.019975 -0.047467
v 0.005500 0.021099 -0.049249
v -0.004098 0.021099 -0.049249
v -0.004098 0.021190 -0.049428
v 0.005500 0.021370 -0.049807
v -0.004098 0.022023 -0.051579
v 0.005500 0.022148 -0.052053
v 0.005500 0.022239 -0.052457
v -0.004098 0.022239 -0.052457
v 0.005500 0.022486 -0.054405
v -0.004098 0.022447 -0.053847
v 0.005500 0.022471 -0.055853
v -0.004098 0.022471 -0.055853
v -0.004098 0.022447 -0.056153
v 0.005500 0.022373 -0.056779
v -0.004098 0.022023 -0.058421
v 0.005500 0.021813 -0.059088
v 0.005500 0.021778 -0.059186
v -0.004098 0.021778 -0.059186
v 0.005500 0.020825 -0.061250
v -0.004098 0.021190 -0.060572
v 0.005500 0.020212 -0.062209
v -0.004098 0.020212 -0.062209
v -0.004098 0.019975 -0.062533
v 0.005500 0.019447 -0.063186
v -0.004098 0.018421 -0.064238
v 0.005500 0.017889 -0.064696
v -0.004098 0.017889 -0.064696
v 0.005500 0.017727 -0.064826
v -0.004098 0.016580 -0.065628
v 0.005500 0.015728 -0.066110
v 0.005500 0.014980 -0.066465
v -0.004098 0.014980 -0.066465
v -0.004098 0.014516 -0.066656
v 0.005500 0.013522 -0.066994
v -0.004098 0.012297 -0.067287
v 0.005500 0.011702 -0.067384
v -0.004098 0.011702 -0.067384
v 0.005500 0.011188 -0.067443
v -0.004098 0.010000 -0.067500
v 0.005500 0.008812 -0.067443
v -0.004098 0.008298 -0.067384
v 0.005500 0.008298 -0.067384
v -0.004098 0.007703 -0.067287
v 0.005500 0.006478 -0.066994
v -0.004098 0.005484 -0.066656
v 0.005500 0.005020 -0.066465
v -0.004098 0.005020 -0.066465
v 0.005500 0.004272 -0.066110
v -0.004098 0.003420 -0.065628
v 0.005500 0.002273 -0.064826
v -0.004098 0.002111 -0.064696
v 0.005500 0.002111 -0.064696
v -0.004098 0.001579 -0.064238
v 0.005500 0.000553 -0.063186
v -0.004098 0.000025 -0.062533
v 0.005500 -0.000212 -0.062209
v -0.004098 -0.000212 -0.062209
v 0.005500 -0.000825 -0.061250
v -0.004098 -0.001190 -0.060572
v 0.005500 -0.001813 -0.059088
v -0.004098 -0.001778 -0.059186
v -0.004098 -0.002023 -0.058421
v 0.005500 -0.002373 -0.056779
v -0.004098 -0.002447 -0.056153
v 0.005500 -0.002471 -0.055853
v -0.004098 -0.002471 -0.055853
v 0.005500 -0.002486 -0.054405
v -0.004098 -0.002447 -0.053847
v 0.005500 -0.002239 -0.052457
v -0.004098 -0.002239 -0.052457
v 0.005500 -0.002148 -0.052053
v -0.004098 -0.002023 -0.051579
v 0.005500 -0.001370 -0.049807
v -0.004098 -0.001190 -0.049428
v 0.005500 -0.001099 -0.049249
v -0.004098 -0.001099 -0.049249
v 0.005500 -0.000182 -0.047749
v -0.004098 0.000025 -0.047467
v 0.005500 0.000865 -0.046468
v -0.004098 0.000865 -0.046468
v 0.005500 0.001374 -0.045953
v -0.004098 0.001579 -0.045762
v 0.005500 0.003242 -0.044484
v -0.004098 0.003420 -0.044372
v 0.005500 0.018626 -0.045953
v 0.005500 0.016758 -0.044484
v -0.004098 0.016580 -0.044372
v 0.005500 0.016495 -0.044320
v -0.004098 0.014516 -0.043344
v 0.005500 0.014646 -0.043395
v -0.004098 0.013372 -0.042964
v 0.005500 0.013372 -0.042964
v -0.004098 0.012297 -0.042713
v 0.005500 0.012366 -0.042726
v -0.004098 0.010000 -0.042500
v 0.005500 0.010000 -0.042500
v -0.004098 0.007703 -0.042713
v 0.005500 0.007634 -0.042726
v -0.004098 0.006628 -0.042964
v 0.005500 0.006628 -0.042964
v -0.004098 0.005484 -0.043344
v 0.005500 0.005354 -0.043395
v 0.005500 0.003505 -0.044320
v 0.000500 0.010692 0.020876
v 0.005500 0.010692 0.020876
v 0.000500 0.011000 0.020732
v 0.005500 0.011000 0.020732
v 0.000500 0.011414 0.020414
v 0.005500 0.011414 0.020414
v 0.000500 0.011732 0.020000
v 0.005500 0.011732 0.020000
v 0.000500 0.011876 0.019692
v 0.005500 0.011876 0.019692
v 0.000500 0.012000 0.019000
v 0.005500 0.012000 0.019000
v 0.005933 0.011750 0.019000
v 0.005933 0.011750 -0.015000
v 0.005854 0.011854 0.019000
v 0.005854 0.011854 -0.015000
v 0.005750 0.011933 0.019000
v 0.005750 0.011933 -0.015000
v 0.005673 0.011969 0.019000
v 0.005673 0.011969 -0.015000
v 0.005500 0.012000 -0.015000
v 0.006000 0.011500 -0.015000
v 0.005969 0.011673 -0.015000
v 0.006000 0.011500 -0.006000
v 0.006000 0.011500 0.006000
v 0.006000 0.011500 0.018000
v 0.005969 0.011673 0.019000
v 0.006000 0.011500 0.019000
v 0.005673 0.010682 0.020847
v 0.005673 0.011847 0.019682
v 0.005854 0.011739 0.019642
v 0.005969 0.011570 0.019579
v 0.005969 0.011183 0.020183
v 0.006000 0.011061 0.020061
v 0.006000 0.011407 0.019519
v 0.005969 0.010579 0.020570
v 0.006000 0.010519 0.020407
v 0.006000 0.010000 0.020500
v 0.005969 0.010000 0.020673
v 0.005933 0.010000 0.020750
v 0.005854 0.010642 0.020739
v 0.005673 0.010000 0.020969
v 0.005750 0.010000 0.020933
v 0.005854 0.010000 0.020854
v 0.005854 0.011311 0.020311
v 0.005673 0.011392 0.020392
v 0.005673 -0.010000 0.020969
v 0.005750 -0.010000 0.020933
v 0.005854 -0.010000 0.020854
v 0.005933 -0.010000 0.020750
v 0.005969 -0.010000 0.020673
v 0.006000 -0.010000 0.020500
v 0.005500 -0.011732 0.020000
v 0.005500 -0.011876 0.019692
v 0.005673 -0.011847 0.019682
v 0.005500 -0.012000 0.019000
v 0.005673 -0.010682 0.020847
v 0.005500 -0.010692 0.020876
v 0.005500 -0.011000 0.020732
v 0.005854 -0.010642 0.020739
v 0.005969 -0.010579 0.020570
v 0.005969 -0.011183 0.020183
v 0.006000 -0.011061 0.020061
v 0.006000 -0.010519 0.020407
v 0.005969 -0.011570 0.019579
v 0.006000 -0.011407 0.019519
v 0.006000 -0.011500 0.019000
v 0.005969 -0.011673 0.019000
v 0.005933 -0.011750 0.019000
v 0.005854 -0.011739 0.019642
v 0.005673 -0.011969 0.019000
v 0.005750 -0.011933 0.019000
v 0.005854 -0.011854 0.019000
v 0.005854 -0.011311 0.020311
v 0.005673 -0.011392 0.020392
v 0.005500 -0.011414 0.020414
v 0.006000 -0.005250 0.008969
v 0.006000 -0.003969 0.010250
v 0.006000 -0.003500 0.012000
v 0.006000 -0.003969 0.013750
v 0.006000 -0.005250 0.015031
v 0.006000 -0.007000 0.015500
v 0.006000 -0.008750 0.015031
v 0.006000 -0.010031 0.013750
v 0.006000 -0.010500 0.012000
v 0.006000 -0.010031 0.010250
v 0.006000 -0.008750 0.008969
v 0.006000 -0.007000 0.008500
v 0.006000 -0.005250 -0.003031
v 0.006000 -0.003969 -0.001750
v 0.006000 -0.003500 -0.000000
v 0.006000 -0.003969 0.001750
v 0.006000 -0.005250 0.003031
v 0.006000 -0.007000 0.003500
v 0.006000 -0.008750 0.003031
v 0.006000 -0.010031 0.001750
v 0.005500 -0.010000 0.000000
v 0.006000 -0.010500 0.000000
v 0.006000 -0.010031 -0.001750
v 0.006000 -0.008750 -0.003031
v 0.006000 -0.007000 -0.003500
v 0.006000 0.008750 -0.015031
v 0.006000 0.010031 -0.013750
v 0.006000 0.010500 -0.012000
v 0.006000 0.010031 -0.010250
v 0.006000 0.008750 -0.008969
v 0.006000 0.007000 -0.008500
v 0.006000 0.005250 -0.008969
v 0.006000 0.003969 -0.010250
v 0.006000 0.003500 -0.012000
v 0.006000 0.003969 -0.013750
v 0.006000 0.005250 -0.015031
v 0.006000 0.007000 -0.015500
v 0.006000 0.010000 -0.068000
v 0.006000 0.011236 -0.067941
v 0.005969 0.011219 -0.067769
v 0.006000 0.013663 -0.067473
v 0.005969 0.013614 -0.067307
v 0.006000 0.015957 -0.066555
v 0.005969 0.015878 -0.066401
v 0.006000 0.018036 -0.065219
v 0.005969 0.017929 -0.065083
v 0.006000 0.019825 -0.063513
v 0.005969 0.019694 -0.063400
v 0.006000 0.021258 -0.061500
v 0.005969 0.021108 -0.061413
v 0.006000 0.022285 -0.059252
v 0.005969 0.022121 -0.059195
v 0.006000 0.022868 -0.056850
v 0.005969 0.022696 -0.056825
v 0.006000 0.022985 -0.054381
v 0.005969 0.022812 -0.054390
v 0.006000 0.022634 -0.051935
v 0.005969 0.022465 -0.051976
v 0.006000 0.021825 -0.049600
v 0.005969 0.021668 -0.049671
v 0.006000 0.020589 -0.047459
v 0.005969 0.020449 -0.047560
v 0.006000 0.018971 -0.045591
v 0.005969 0.018852 -0.045717
v 0.006000 0.017028 -0.044064
v 0.005969 0.016935 -0.044209
v 0.006000 0.014832 -0.042931
v 0.005969 0.014767 -0.043092
v 0.006000 0.012460 -0.042235
v 0.005969 0.012428 -0.042405
v 0.006000 0.010000 -0.042000
v 0.005969 0.010000 -0.042173
v 0.006000 0.007540 -0.042235
v 0.005969 0.007572 -0.042405
v 0.006000 0.005168 -0.042931
v 0.005969 0.005233 -0.043092
v 0.006000 0.002972 -0.044064
v 0.005969 0.003065 -0.044209
v 0.006000 0.001029 -0.045591
v 0.005969 0.001148 -0.045717
v 0.006000 -0.000589 -0.047459
v 0.005969 -0.000449 -0.047560
v 0.006000 -0.001825 -0.049600
v 0.005969 -0.001668 -0.049671
v 0.006000 -0.002634 -0.051935
v 0.005969 -0.002465 -0.051976
v 0.006000 -0.002985 -0.054381
v 0.005969 -0.002812 -0.054390
v 0.006000 -0.002868 -0.056850
v 0.005969 -0.002696 -0.056825
v 0.006000 -0.002285 -0.059252
v 0.005969 -0.002121 -0.059195
v 0.006000 -0.001258 -0.061500
v 0.005969 -0.001108 -0.061413
v 0.006000 0.000175 -0.063513
v 0.005969 0.000306 -0.063400
v 0.006000 0.001964 -0.065219
v 0.005969 0.002071 -0.065083
v 0.006000 0.004043 -0.066555
v 0.005969 0.004122 -0.066401
v 0.006000 0.006337 -0.067473
v 0.005969 0.006386 -0.067307
v 0.006000 0.008764 -0.067941
v 0.005969 0.008781 -0.067769
v 0.005673 0.007629 -0.042696
v 0.005673 0.005343 -0.043367
v 0.005673 0.003225 -0.044458
v 0.005673 0.001353 -0.045931
v 0.005673 -0.000207 -0.047731
v 0.005673 -0.001399 -0.049794
v 0.005673 -0.002178 -0.052046
v 0.005673 -0.000852 -0.061265
v 0.005673 -0.001842 -0.059098
v 0.005673 -0.002403 -0.056783
v 0.005673 -0.002517 -0.054404
v 0.005673 0.000530 -0.063206
v 0.005673 0.004258 -0.066138
v 0.005673 0.002254 -0.064850
v 0.005673 0.006470 -0.067023
v 0.005673 0.011191 -0.067474
v 0.005673 0.008809 -0.067474
v 0.005673 0.013530 -0.067023
v 0.005673 0.017746 -0.064850
v 0.005673 0.015742 -0.066138
v 0.005673 0.019470 -0.063206
v 0.005673 0.020852 -0.061265
v 0.005673 0.021842 -0.059098
v 0.005673 0.022403 -0.056783
v 0.005673 0.022517 -0.054404
v 0.005673 0.022178 -0.052046
v 0.005673 0.021399 -0.049794
v 0.005673 0.020207 -0.047731
v 0.005673 0.018647 -0.045931
v 0.005673 0.016775 -0.044458
v 0.005673 0.010000 -0.042469
v 0.005673 0.012371 -0.042696
v 0.005673 0.014657 -0.043367
v 0.005854 0.010000 -0.042354
v 0.005854 0.007607 -0.042582
v 0.005854 0.005300 -0.043259
v 0.005854 0.003163 -0.044361
v 0.005854 0.001273 -0.045847
v 0.005854 -0.000301 -0.047664
v 0.005854 -0.001504 -0.049746
v 0.005854 -0.002290 -0.052018
v 0.005854 -0.002632 -0.054398
v 0.005854 -0.002518 -0.056800
v 0.005854 -0.001951 -0.059136
v 0.005854 -0.000952 -0.061323
v 0.005854 0.000442 -0.063282
v 0.005854 0.002182 -0.064941
v 0.005854 0.004205 -0.066241
v 0.005854 0.006437 -0.067134
v 0.005854 0.008798 -0.067589
v 0.005854 0.011202 -0.067589
v 0.005854 0.013563 -0.067134
v 0.005854 0.015795 -0.066241
v 0.005854 0.017818 -0.064941
v 0.005854 0.019558 -0.063282
v 0.005854 0.020952 -0.061323
v 0.005854 0.021951 -0.059136
v 0.005854 0.022518 -0.056800
v 0.005854 0.022632 -0.054398
v 0.005854 0.022290 -0.052018
v 0.005854 0.021504 -0.049746
v 0.005854 0.020301 -0.047664
v 0.005854 0.018727 -0.045847
v 0.005854 0.016837 -0.044361
v 0.005854 0.014700 -0.043259
v 0.005854 0.012393 -0.042582
v 0.006000 0.008750 -0.003031
v 0.006000 0.010031 -0.001750
v 0.006000 0.010500 -0.000000
v 0.006000 0.010031 0.001750
v 0.006000 0.008750 0.003031
v 0.006000 0.007000 0.003500
v 0.006000 0.005250 0.003031
v 0.006000 0.003969 0.001750
v 0.005500 0.004000 0.000000
v 0.006000 0.003500 0.000000
v 0.006000 0.003969 -0.001750
v 0.006000 0.005250 -0.003031
v 0.006000 0.007000 -0.003500
v 0.006000 -0.005250 -0.015031
v 0.006000 -0.003969 -0.013750
v 0.006000 -0.003500 -0.012000
v 0.006000 -0.003969 -0.010250
v 0.006000 -0.005250 -0.008969
v 0.006000 -0.007000 -0.008500
v 0.006000 -0.008750 -0.008969
v 0.006000 -0.010031 -0.010250
v 0.006000 -0.010500 -0.012000
v 0.006000 -0.010031 -0.013750
v 0.006000 -0.008750 -0.015031
v 0.006000 -0.007000 -0.015500
v 0.006000 0.008750 0.008969
v 0.006000 0.010031 0.010250
v 0.006000 0.010500 0.012000
v 0.006000 0.010031 0.013750
v 0.006000 0.008750 0.015031
v 0.006000 0.007000 0.015500
v 0.006000 0.005250 0.015031
v 0.006000 0.003969 0.013750
v 0.006000 0.003500 0.012000
v 0.006000 0.003969 0.010250
v 0.006000 0.005250 0.008969
v 0.006000 0.007000 0.008500
v 0.005500 -0.012000 -0.015000
v 0.005673 -0.011969 -0.015000
v 0.005750 -0.011933 -0.015000
v 0.005854 -0.011854 -0.015000
v 0.005933 -0.011750 -0.015000
v 0.005969 -0.011673 -0.015000
v 0.006000 -0.011500 -0.015000
v 0.006000 -0.011500 -0.006000
v 0.006000 -0.011500 0.006000
v 0.006000 -0.011500 0.018000
v 0.000500 -0.012000 0.019000
v 0.000500 -0.011876 0.019692
v 0.000500 -0.011732 0.020000
v 0.000500 -0.011414 0.020414
v 0.000500 -0.011000 0.020732
v 0.000500 -0.010692 0.020876
v 0.000500 0.012000 -0.015000
v 0.000327 0.011969 0.019000
v 0.000327 0.011969 -0.015000
v 0.000250 0.011933 0.019000
v 0.000250 0.011933 -0.015000
v 0.000146 0.011854 0.019000
v 0.000146 0.011854 -0.015000
v 0.000067 0.011750 0.019000
v 0.000067 0.011750 -0.015000
v 0.000000 0.011500 0.019000
v 0.000031 0.011673 0.019000
v 0.000000 0.011500 0.017063
v 0.000000 0.011500 0.006000
v 0.000000 0.011500 -0.006000
v 0.000031 0.011673 -0.015000
v 0.000000 0.011500 -0.015000
v 0.000067 0.010000 0.020750
v 0.000146 0.010000 0.020854
v 0.000146 0.010642 0.020739
v 0.000250 0.010000 0.020933
v 0.000327 0.010000 0.020969
v 0.000327 0.010682 0.020847
v 0.000146 0.011739 0.019642
v 0.000031 0.011570 0.019579
v 0.000000 0.010000 0.020500
v 0.000031 0.010000 0.020673
v 0.000031 0.010579 0.020570
v 0.000000 0.010519 0.020407
v 0.000031 0.011183 0.020183
v 0.000000 0.011061 0.020061
v 0.000000 0.011407 0.019519
v 0.000327 0.011847 0.019682
v 0.000327 0.011392 0.020392
v 0.000146 0.011311 0.020311
v 0.000000 0.008560 0.020500
v 0.000000 0.002529 0.020500
v 0.000000 -0.010000 0.020500
v 0.000031 -0.010000 0.020673
v 0.000000 -0.008560 0.020500
v 0.000000 -0.000443 0.020500
v 0.000067 -0.010000 0.020750
v 0.000146 -0.010000 0.020854
v 0.000250 -0.010000 0.020933
v 0.000327 -0.010000 0.020969
v 0.000067 -0.011750 0.019000
v 0.000146 -0.011854 0.019000
v 0.000146 -0.011739 0.019642
v 0.000250 -0.011933 0.019000
v 0.000327 -0.011969 0.019000
v 0.000327 -0.011847 0.019682
v 0.000146 -0.010642 0.020739
v 0.000031 -0.010579 0.020570
v 0.000000 -0.011500 0.019000
v 0.000031 -0.011673 0.019000
v 0.000031 -0.011570 0.019579
v 0.000000 -0.011407 0.019519
v 0.000031 -0.011183 0.020183
v 0.000000 -0.011061 0.020061
v 0.000000 -0.010519 0.020407
v 0.000327 -0.010682 0.020847
v 0.000327 -0.011392 0.020392
v 0.000146 -0.011311 0.020311
v 0.000000 -0.011500 -0.006000
v 0.000000 -0.011500 -0.015000
v 0.000031 -0.011673 -0.015000
v 0.000000 -0.011500 0.017063
v 0.000000 -0.011500 0.006000
v 0.000067 -0.011750 -0.015000
v 0.000146 -0.011854 -0.015000
v 0.000250 -0.011933 -0.015000
v 0.000327 -0.011969 -0.015000
v 0.000500 -0.012000 -0.015000
v 0.000000 0.007000 -0.001625
v 0.000000 0.007812 -0.001407
v 0.000000 0.008407 -0.000813
v 0.000000 0.008625 -0.000000
v 0.000000 0.008407 0.000813
v 0.000000 0.007812 0.001407
v 0.000000 0.007000 0.001625
v 0.000000 0.006187 0.001407
v 0.000000 0.005593 0.000813
v 0.000000 0.005375 0.000000
v 0.000000 0.005593 -0.000813
v 0.000000 0.006187 -0.001407
v 0.000000 -0.007000 -0.001625
v 0.000000 -0.006187 -0.001407
v 0.000000 -0.005593 -0.000813
v 0.000000 -0.005375 -0.000000
v 0.000000 -0.005593 0.000813
v 0.000000 -0.006187 0.001407
v 0.000000 -0.007000 0.001625
v 0.000000 -0.007812 0.001407
v 0.000000 -0.008407 0.000813
v 0.000000 -0.008625 0.000000
v 0.000000 -0.008407 -0.000813
v 0.000000 -0.007812 -0.001407
v 0.000000 0.007000 0.010375
v 0.000000 0.007812 0.010593
v 0.000000 0.008407 0.011188
v 0.000000 0.008625 0.012000
v 0.000000 0.008407 0.012812
v 0.000000 0.007812 0.013407
v 0.000000 0.007000 0.013625
v 0.000000 0.006187 0.013407
v 0.000000 0.005593 0.012812
v 0.000000 0.005375 0.012000
v 0.000000 0.005593 0.011188
v 0.000000 0.006187 0.010593
v 0.000000 -0.007000 -0.013625
v 0.000000 -0.006187 -0.013407
v 0.000000 -0.005593 -0.012812
v 0.000000 -0.005375 -0.012000
v 0.000000 -0.005593 -0.011188
v 0.000000 -0.006187 -0.010593
v 0.000000 -0.007000 -0.010375
v 0.000000 -0.007812 -0.010593
v 0.000000 -0.008407 -0.011188
v 0.000000 -0.008625 -0.012000
v 0.000000 -0.008407 -0.012812
v 0.000000 -0.007812 -0.013407
v 0.000000 -0.007000 0.010375
v 0.000000 -0.006187 0.010593
v 0.000000 -0.005593 0.011188
v 0.000000 -0.005375 0.012000
v 0.000000 -0.005593 0.012812
v 0.000000 -0.006187 0.013407
v 0.000000 -0.007000 0.013625
v 0.000000 -0.007812 0.013407
v 0.000000 -0.008407 0.012812
v 0.000000 -0.008625 0.012000
v 0.000000 -0.008407 0.011188
v 0.000000 -0.007812 0.010593
v 0.000000 0.007000 -0.013625
v 0.000000 0.007812 -0.013407
v 0.000000 0.008407 -0.012812
v 0.000000 0.008625 -0.012000
v 0.000000 0.008407 -0.011188
v 0.000000 0.007812 -0.010593
v 0.000000 0.007000 -0.010375
v 0.000000 0.006187 -0.010593
v 0.000000 0.005593 -0.011188
v 0.000000 0.005375 -0.012000
v 0.000000 0.005593 -0.012812
v 0.000000 0.006187 -0.013407
v 0.000000 -0.005188 -0.019540
v 0.000000 -0.008496 -0.019540
v 0.000000 -0.008496 -0.018360
v 0.000000 -0.000570 -0.018360
v 0.000000 -0.000570 -0.019540
v 0.000000 -0.003864 -0.019540
v 0.000000 -0.003864 -0.028360
v 0.000000 -0.005188 -0.028360
v 0.000000 0.007173 -0.023920
v 0.000000 0.005638 -0.023920
v 0.000000 0.004901 -0.023967
v 0.000000 0.005268 -0.023927
v 0.000000 0.004297 -0.024233
v 0.000000 0.004588 -0.024075
v 0.000000 0.003626 -0.024902
v 0.000000 0.003935 -0.024541
v 0.000000 0.002671 -0.026280
v 0.000000 0.003133 -0.025580
v 0.000000 0.001347 -0.028360
v 0.000000 -0.000317 -0.028360
v 0.000000 0.001422 -0.025639
v 0.000000 0.002520 -0.024309
v 0.000000 0.001930 -0.024939
v 0.000000 0.003319 -0.023811
v 0.000000 0.002902 -0.024032
v 0.000000 0.001190 -0.022883
v 0.000000 0.002172 -0.023527
v 0.000000 0.000501 -0.021089
v 0.000000 0.000668 -0.022055
v 0.000000 0.000917 -0.019581
v 0.000000 0.000604 -0.020306
v 0.000000 0.002029 -0.018630
v 0.000000 0.001393 -0.019011
v 0.000000 0.004062 -0.018360
v 0.000000 0.003033 -0.018407
v 0.000000 0.008496 -0.018360
v 0.000000 0.008496 -0.028360
v 0.000000 0.007173 -0.028360
v -0.009912 0.014577 -0.066814
v -0.009912 0.012328 -0.067453
v -0.009912 0.020110 -0.062635
v -0.009912 0.018535 -0.064363
v -0.009912 0.022615 -0.056169
v -0.009912 0.022186 -0.058467
v -0.009912 0.021341 -0.049353
v -0.009912 0.022186 -0.051533
v -0.009912 -0.002186 -0.051533
v -0.009912 -0.001341 -0.049353
v -0.009912 -0.002186 -0.058467
v -0.009912 -0.002615 -0.056169
v -0.009912 0.001465 -0.064363
v -0.009912 -0.000110 -0.062635
v -0.009912 0.007672 -0.067453
v -0.009912 0.005423 -0.066814
v -0.009912 0.003331 -0.065772
v -0.009912 -0.001341 -0.060647
v -0.009912 -0.002615 -0.053831
v -0.009912 0.001465 -0.045637
v -0.009912 -0.000110 -0.047365
v -0.009912 0.007672 -0.042547
v -0.009912 0.005423 -0.043186
v -0.009912 0.003331 -0.044228
v -0.009912 0.012328 -0.042547
v -0.009912 0.010000 -0.042331
v -0.009912 0.018535 -0.045637
v -0.009912 0.016669 -0.044228
v -0.009912 0.014577 -0.043186
v -0.009912 0.020110 -0.047365
v -0.009912 0.022615 -0.053831
v -0.009912 0.021341 -0.060647
v -0.009912 0.016669 -0.065772
v -0.009912 0.010000 -0.067669
v -0.015706 0.010000 -0.068176
v -0.015706 0.007579 -0.067952
v -0.015706 0.005240 -0.067286
v -0.015706 0.003064 -0.066203
v -0.015706 0.001123 -0.064737
v -0.015706 -0.000515 -0.062940
v -0.015706 -0.001795 -0.060873
v -0.015706 -0.002673 -0.058606
v -0.015706 -0.003120 -0.056216
v -0.015706 -0.003120 -0.053784
v -0.015706 -0.002673 -0.051394
v -0.015706 -0.001795 -0.049127
v -0.015706 -0.000515 -0.047060
v -0.015706 0.001123 -0.045263
v -0.015706 0.003064 -0.043797
v -0.015706 0.005240 -0.042714
v -0.015706 0.007579 -0.042048
v -0.015706 0.010000 -0.041824
v -0.015706 0.012421 -0.042048
v -0.015706 0.014760 -0.042714
v -0.015706 0.016936 -0.043797
v -0.015706 0.018877 -0.045263
v -0.015706 0.020515 -0.047060
v -0.015706 0.021795 -0.049127
v -0.015706 0.022673 -0.051394
v -0.015706 0.023120 -0.053784
v -0.015706 0.023120 -0.056216
v -0.015706 0.022673 -0.058606
v -0.015706 0.021795 -0.060873
v -0.015706 0.020515 -0.062940
v -0.015706 0.018877 -0.064737
v -0.015706 0.016936 -0.066203
v -0.015706 0.014760 -0.067286
v -0.015706 0.012421 -0.067952
v -0.021462 0.023484 -0.051164
v -0.021462 0.023959 -0.053706
v -0.021462 0.024019 -0.055000
v -0.021462 0.023959 -0.056294
v -0.021462 0.023484 -0.058836
v -0.021462 0.022549 -0.061249
v -0.021462 0.021187 -0.063448
v -0.021462 0.019445 -0.065360
v -0.021462 0.017380 -0.066919
v -0.021462 0.015064 -0.068072
v -0.021462 0.012576 -0.068780
v -0.021462 0.010000 -0.069019
v -0.021462 0.007424 -0.068780
v -0.021462 0.004936 -0.068072
v -0.021462 0.002620 -0.066919
v -0.021462 0.000555 -0.065360
v -0.021462 -0.001187 -0.063448
v -0.021462 -0.002549 -0.061249
v -0.021462 -0.003484 -0.058836
v -0.021462 -0.003959 -0.056294
v -0.021462 -0.003959 -0.053706
v -0.021462 -0.003484 -0.051164
v -0.021462 -0.002549 -0.048751
v -0.021462 -0.001187 -0.046552
v -0.021462 0.000555 -0.044640
v -0.021462 0.002620 -0.043081
v -0.021462 0.004936 -0.041928
v -0.021462 0.007424 -0.041220
v -0.021462 0.010000 -0.040981
v -0.021462 0.012576 -0.041220
v -0.021462 0.015064 -0.041928
v -0.021462 0.017380 -0.043081
v -0.021462 0.019445 -0.044640
v -0.021462 0.021187 -0.046552
v -0.021462 0.022549 -0.048751
v 0.000146 0.011992 -0.018575
v 0.000327 0.012108 -0.018566
v 0.000031 0.011812 -0.018589
v 0.000000 0.011640 -0.018602
v 0.000031 0.012405 -0.023198
v 0.000000 0.012235 -0.023228
v 0.000031 0.013458 -0.027724
v 0.000000 0.013291 -0.027771
v 0.000031 0.014959 -0.032121
v 0.000000 0.014798 -0.032185
v 0.000031 0.016417 -0.035403
v 0.000000 0.016262 -0.035480
v 0.000500 0.016710 -0.035259
v 0.000327 0.016683 -0.035273
v 0.000500 0.015263 -0.032000
v 0.000327 0.015234 -0.032012
v 0.000500 0.014749 -0.030650
v 0.000327 0.013742 -0.027642
v 0.000500 0.013772 -0.027634
v 0.000500 0.013109 -0.025033
v 0.000327 0.012697 -0.023145
v 0.000500 0.012727 -0.023140
v 0.000500 0.012138 -0.018563
v 0.000146 0.016579 -0.035324
v 0.000146 0.015127 -0.032054
v 0.000146 0.013631 -0.027674
v 0.000146 0.012583 -0.023166
v 0.006000 0.022283 -0.044747
v 0.005969 0.022416 -0.044636
v 0.005969 0.020679 -0.042422
v 0.006000 0.020540 -0.042525
v 0.005969 0.018231 -0.038740
v 0.006000 0.018083 -0.038829
v 0.005969 0.016146 -0.034842
v 0.006000 0.015989 -0.034916
v 0.005969 0.014442 -0.030762
v 0.006000 0.014279 -0.030821
v 0.005969 0.013135 -0.026538
v 0.006000 0.012968 -0.026581
v 0.005969 0.012238 -0.022208
v 0.006000 0.012067 -0.022235
v 0.005969 0.011759 -0.017813
v 0.006000 0.011586 -0.017823
v 0.005854 0.011939 -0.017802
v 0.005500 0.012085 -0.017793
v 0.005673 0.012054 -0.017795
v 0.005500 0.012197 -0.019253
v 0.005673 0.012531 -0.022162
v 0.005500 0.012561 -0.022157
v 0.005500 0.013109 -0.025033
v 0.005673 0.013422 -0.026464
v 0.005500 0.013452 -0.026456
v 0.005673 0.014720 -0.030661
v 0.005500 0.014749 -0.030650
v 0.005673 0.016413 -0.034715
v 0.005500 0.016441 -0.034701
v 0.005500 0.017090 -0.036014
v 0.005673 0.018485 -0.038588
v 0.005500 0.018512 -0.038572
v 0.005500 0.020094 -0.041036
v 0.005673 0.020918 -0.042246
v 0.005500 0.020943 -0.042228
v 0.005673 0.022644 -0.044447
v 0.005500 0.022667 -0.044427
v 0.005854 0.022555 -0.044521
v 0.005854 0.020825 -0.042315
v 0.005854 0.018386 -0.038648
v 0.005854 0.016309 -0.034764
v 0.005854 0.014611 -0.030700
v 0.005854 0.013310 -0.026493
v 0.005854 0.012417 -0.022180
v 0.006000 -0.003250 -0.006000
v 0.006000 0.000250 -0.006000
v 0.006000 0.000250 0.006000
v 0.006000 0.000250 0.018000
v 0.006000 -0.011000 0.018000
v 0.006000 -0.003250 0.018000
v 0.006000 0.003500 0.000000
v 0.006000 0.010500 0.000000
v 0.006000 0.000250 -0.028750
v 0.006000 0.013628 -0.070583
v 0.006000 0.010932 -0.070973
v 0.006000 0.023782 -0.046872
v 0.006000 0.008209 -0.070899
v 0.006000 0.005538 -0.070365
v 0.006000 0.002997 -0.069386
v 0.006000 0.000658 -0.067990
v 0.006000 0.016219 -0.069742
v 0.006000 0.018629 -0.068474
v 0.006000 0.020790 -0.066815
v 0.006000 0.022637 -0.064813
v 0.006000 0.024119 -0.062528
v 0.006000 0.025191 -0.060024
v 0.006000 0.025823 -0.057374
v 0.006000 0.025996 -0.054656
v 0.006000 0.025706 -0.051948
v 0.006000 0.024961 -0.049328
v 0.006000 -0.003250 -0.028750
v 0.006000 -0.001410 -0.066217
v 0.006000 -0.003147 -0.064119
v 0.006000 -0.010885 -0.029193
v 0.006000 -0.009969 -0.037368
v 0.006000 -0.008645 -0.045487
v 0.006000 -0.006916 -0.053529
v 0.006000 -0.005406 -0.059318
v 0.006000 -0.004503 -0.061757
v 0.006000 -0.011391 -0.020982
v 0.006000 -0.011000 -0.006000
v 0.006000 -0.003500 0.000000
v 0.006000 -0.003250 0.006000
v 0.006000 -0.011000 0.006000
v 0.006000 -0.010500 0.000000
v 0.005854 -0.011744 -0.020995
v 0.005673 -0.011860 -0.020999
v 0.005673 -0.005858 -0.059445
v 0.005673 -0.007372 -0.053639
v 0.005500 -0.005888 -0.059453
v 0.005500 -0.007402 -0.053646
v 0.005500 -0.008320 -0.049624
v 0.005673 -0.009106 -0.045574
v 0.005500 -0.009136 -0.045579
v 0.005673 -0.010434 -0.037432
v 0.005500 -0.010465 -0.037436
v 0.005673 -0.011353 -0.029233
v 0.005500 -0.011384 -0.029236
v 0.005500 -0.011689 -0.025121
v 0.005500 -0.011891 -0.021000
v 0.005969 -0.011564 -0.020988
v 0.005969 -0.011058 -0.029208
v 0.005969 -0.010141 -0.037391
v 0.005969 -0.008815 -0.045519
v 0.005969 -0.007084 -0.053570
v 0.005969 -0.005573 -0.059365
v 0.005854 -0.005747 -0.059414
v 0.005854 -0.007259 -0.053612
v 0.005854 -0.008992 -0.045552
v 0.005854 -0.010320 -0.037416
v 0.005854 -0.011238 -0.029223
v 0.000031 -0.010923 -0.030683
v 0.000000 -0.010751 -0.030667
v 0.000000 -0.009702 -0.039231
v 0.000031 -0.011521 -0.022066
v 0.000000 -0.011348 -0.022059
v 0.000146 -0.011701 -0.022074
v 0.000327 -0.011817 -0.022079
v 0.000500 -0.011848 -0.022080
v 0.000327 -0.011218 -0.030711
v 0.000500 -0.011249 -0.030714
v 0.000500 -0.011689 -0.025121
v 0.000327 -0.008971 -0.046279
v 0.000500 -0.009001 -0.046285
v 0.000500 -0.010197 -0.039305
v 0.000009 -0.008606 -0.046209
v 0.000031 -0.008680 -0.046223
v 0.000031 -0.009873 -0.039257
v 0.000146 -0.008858 -0.046257
v 0.000146 -0.010052 -0.039284
v 0.000327 -0.010166 -0.039301
v 0.000500 -0.010465 -0.037436
v 0.000146 -0.011103 -0.030700
v 0.000000 -0.008511 -0.046190
v 0.000000 0.008560 0.006000
v 0.000000 0.008560 0.017063
v 0.000000 0.015515 -0.035256
v 0.000000 0.012475 -0.034650
v 0.000000 0.008560 -0.015993
v 0.000000 0.009378 -0.034509
v 0.000000 -0.008560 0.017063
v 0.000000 -0.008560 -0.006000
v 0.000000 -0.008560 -0.015993
v 0.000000 -0.000443 -0.015993
v 0.000000 -0.004521 -0.040529
v 0.000000 -0.002173 -0.038505
v 0.000000 -0.000471 -0.037376
v 0.000000 -0.006537 -0.042884
v 0.000000 -0.008174 -0.045516
v 0.000000 0.003298 -0.035626
v 0.000000 0.000453 -0.036859
v 0.000000 0.006296 -0.034837
v 0.000000 0.002529 -0.015993
v 0.000000 0.008625 -0.000000
v 0.000000 0.008560 -0.006000
v 0.000000 0.002529 0.006000
v 0.000000 0.002529 -0.006000
v 0.000000 0.005375 0.000000
v 0.000000 -0.000443 -0.006000
v 0.000000 -0.005375 -0.000000
v 0.000000 -0.000443 0.006000
v 0.000000 -0.008560 0.006000
v 0.000000 -0.008625 0.000000
v 0.000000 0.002529 0.017063
v 0.000000 -0.000443 0.017063
v -0.002502 -0.006729 -0.056295
v -0.004000 -0.005888 -0.059453
v -0.002909 -0.006465 -0.057339
v -0.000074 -0.008269 -0.049748
v 0.000181 -0.008396 -0.049265
v 0.000218 -0.008624 -0.048020
v 0.000071 -0.008543 -0.047984
v -0.000041 -0.008420 -0.047945
v -0.000204 -0.008212 -0.049705
v -0.002935 -0.006516 -0.057058
v -0.002963 -0.006500 -0.057123
v -0.003458 -0.006215 -0.058245
v -0.003984 -0.005897 -0.059418
v -0.000079 -0.008346 -0.047925
v -0.000151 -0.008210 -0.048279
v -0.000319 -0.008053 -0.049293
v -0.000310 -0.008121 -0.049661
v -0.000384 -0.008001 -0.049618
v -0.000727 -0.007802 -0.051353
v -0.001716 -0.007190 -0.054065
v -0.001892 -0.007093 -0.054528
v -0.001255 -0.007463 -0.053018
v -0.001393 -0.007369 -0.053172
v -0.000751 -0.007748 -0.051123
v -0.000803 -0.007716 -0.051309
v -0.001326 -0.007407 -0.052977
v -0.001173 -0.007502 -0.053059
v -0.002546 -0.006722 -0.056272
v -0.002588 -0.006710 -0.056248
v -0.001084 -0.007523 -0.053099
v -0.000874 -0.007597 -0.052827
v 0.000068 -0.008285 -0.049784
v 0.000061 0.017263 -0.036597
v -0.000222 0.017983 -0.037845
v -0.001201 0.019477 -0.040193
v -0.001281 0.019415 -0.040189
v -0.000014 0.016513 -0.035916
v -0.001318 0.019379 -0.040192
v -0.001450 0.019479 -0.040386
v -0.001718 0.019845 -0.040878
v -0.000108 0.016989 -0.036713
v -0.000049 0.017137 -0.036644
v -0.000327 0.017879 -0.037870
v -0.000368 0.017818 -0.037892
v -0.000430 0.017821 -0.038019
v -0.000383 0.017721 -0.037867
v 0.000187 0.017845 -0.037421
v 0.000052 0.018098 -0.037867
v -0.000092 0.018058 -0.037844
v -0.000837 0.019342 -0.039908
v -0.001112 0.019526 -0.040210
v -0.002781 0.021428 -0.042876
v -0.002524 0.021038 -0.042375
v -0.004000 0.022667 -0.044427
v -0.002980 0.021438 -0.042925
v -0.002694 0.021088 -0.042487
v -0.002568 0.021013 -0.042363
v -0.002609 0.020984 -0.042355
v 0.000210 0.017350 -0.036577
v -0.021838 0.025416 -0.060447
v -0.021838 0.026115 -0.057763
v -0.021244 0.026263 -0.057789
v -0.021244 0.013949 -0.071021
v -0.021244 0.013476 -0.071130
v -0.021838 0.013445 -0.070983
v -0.021838 0.010694 -0.071336
v -0.021244 -0.006380 -0.053011
v -0.021244 -0.005968 -0.050842
v -0.021838 -0.005823 -0.050880
v -0.021838 0.013445 -0.039017
v -0.021838 0.010694 -0.038664
v -0.021244 0.010700 -0.038515
v -0.021838 0.026115 -0.052237
v -0.021838 0.025416 -0.049553
v -0.021244 0.025557 -0.049503
v -0.021838 0.022721 -0.044728
v -0.021244 0.023579 -0.045627
v -0.021838 0.024274 -0.047026
v -0.021244 0.024405 -0.046953
v -0.021244 0.025428 -0.049149
v -0.021838 0.018573 -0.041077
v -0.021244 0.018651 -0.040950
v -0.021838 0.020802 -0.042726
v -0.021244 0.020901 -0.042614
v -0.021244 0.022838 -0.044634
v -0.021244 0.013476 -0.038870
v -0.021244 0.013949 -0.038979
v -0.021838 0.016096 -0.039829
v -0.021244 0.016152 -0.039690
v -0.021244 0.017668 -0.040390
v -0.021838 0.005212 -0.039366
v -0.021244 0.006051 -0.038979
v -0.021838 0.007923 -0.038782
v -0.021244 0.007904 -0.038634
v -0.021244 0.010000 -0.038500
v -0.021838 0.000278 -0.041854
v -0.021244 0.002332 -0.040390
v -0.021838 0.002639 -0.040400
v -0.021244 0.002572 -0.040267
v -0.021244 0.005168 -0.039223
v -0.021838 -0.001804 -0.043687
v -0.021244 -0.000942 -0.042650
v -0.021244 0.000189 -0.041734
v -0.021838 -0.003546 -0.045844
v -0.021244 -0.003579 -0.045627
v -0.021244 -0.001912 -0.043583
v -0.021838 -0.004899 -0.048265
v -0.021244 -0.005428 -0.049149
v -0.021244 -0.005035 -0.048204
v -0.021244 -0.003670 -0.045760
v -0.021244 -0.006441 -0.053601
v -0.021838 -0.006291 -0.053613
v -0.021244 -0.006441 -0.056399
v -0.021838 -0.006291 -0.056387
v -0.021244 -0.006380 -0.056989
v -0.021244 -0.005968 -0.059158
v -0.021838 -0.005823 -0.059120
v -0.021244 -0.005428 -0.060851
v -0.021838 -0.004899 -0.061735
v -0.021244 -0.005035 -0.061796
v -0.021244 -0.003670 -0.064240
v -0.021838 -0.003546 -0.064156
v -0.021244 -0.003579 -0.064373
v -0.021838 -0.001804 -0.066313
v -0.021244 -0.001912 -0.066417
v -0.021838 0.000278 -0.068146
v -0.021244 0.000189 -0.068266
v -0.021244 -0.000942 -0.067350
v -0.021838 0.005212 -0.070634
v -0.021244 0.005168 -0.070777
v -0.021838 0.002639 -0.069600
v -0.021244 0.002572 -0.069733
v -0.021244 0.002332 -0.069610
v -0.021244 0.010700 -0.071485
v -0.021244 0.010000 -0.071500
v -0.021838 0.007923 -0.071218
v -0.021244 0.007904 -0.071366
v -0.021244 0.006051 -0.071021
v -0.021244 0.016152 -0.070310
v -0.021838 0.016096 -0.070171
v -0.021244 0.017668 -0.069610
v -0.021838 0.018573 -0.068923
v -0.021244 0.018651 -0.069050
v -0.021244 0.020901 -0.067386
v -0.021838 0.020802 -0.067274
v -0.021244 0.020942 -0.067350
v -0.021838 0.022721 -0.065272
v -0.021244 0.022838 -0.065366
v -0.021244 0.025557 -0.060497
v -0.021244 0.025428 -0.060851
v -0.021838 0.024274 -0.062974
v -0.021244 0.024405 -0.063047
v -0.021244 0.023579 -0.064373
v -0.021244 0.026263 -0.052211
v -0.021244 0.026380 -0.053011
v -0.021838 0.026350 -0.055000
v -0.021244 0.026500 -0.055000
v -0.021244 0.026380 -0.056989
v -0.022289 0.000523 -0.067813
v -0.022289 -0.001506 -0.066027
v -0.022289 -0.003204 -0.063924
v -0.022289 -0.004522 -0.061564
v -0.022289 -0.005423 -0.059016
v -0.022289 -0.005879 -0.056352
v -0.022289 -0.005879 -0.053648
v -0.022289 -0.005423 -0.050984
v -0.022289 0.002825 -0.069230
v -0.022289 0.005333 -0.070238
v -0.022289 0.007976 -0.070808
v -0.022289 0.010676 -0.070923
v -0.022289 0.013358 -0.070579
v -0.022289 0.015942 -0.069788
v -0.022289 0.018356 -0.068571
v -0.022289 0.020529 -0.066963
v -0.022289 0.022399 -0.065012
v -0.022289 0.023913 -0.062772
v -0.022289 0.025027 -0.060309
v -0.022289 0.025708 -0.057693
v -0.022289 0.025937 -0.055000
v -0.022289 0.025708 -0.052307
v -0.022289 0.025027 -0.049691
v -0.022289 0.023913 -0.047228
v -0.022289 0.022399 -0.044988
v -0.022289 0.020529 -0.043037
v -0.022289 0.018356 -0.041429
v -0.022289 0.015942 -0.040212
v -0.022289 0.013358 -0.039421
v -0.022289 0.010676 -0.039077
v -0.022289 0.007976 -0.039192
v -0.022289 0.005333 -0.039762
v -0.022289 0.002825 -0.040770
v -0.022289 0.000523 -0.042187
v -0.022289 -0.001506 -0.043973
v -0.022289 -0.003204 -0.046076
v -0.022289 -0.004522 -0.048436
v -0.022490 0.000867 -0.067349
v -0.022490 -0.001088 -0.065627
v -0.022490 -0.002725 -0.063601
v -0.022490 -0.003996 -0.061326
v -0.022490 -0.004863 -0.058870
v -0.022490 -0.005304 -0.056303
v -0.022490 -0.005304 -0.053697
v -0.022490 -0.004863 -0.051130
v -0.022490 -0.003996 -0.048674
v -0.022490 0.003085 -0.068714
v -0.022490 0.005503 -0.069686
v -0.022490 0.008049 -0.070235
v -0.022490 0.010652 -0.070345
v -0.022490 0.013236 -0.070014
v -0.022490 0.015727 -0.069251
v -0.022490 0.018053 -0.068079
v -0.022490 0.020147 -0.066530
v -0.022490 0.021950 -0.064649
v -0.022490 0.023409 -0.062490
v -0.022490 0.024482 -0.060117
v -0.022490 0.025138 -0.057596
v -0.022490 0.025359 -0.055000
v -0.022490 0.025138 -0.052404
v -0.022490 0.024482 -0.049883
v -0.022490 0.023409 -0.047510
v -0.022490 0.021950 -0.045351
v -0.022490 0.020147 -0.043470
v -0.022490 0.018053 -0.041921
v -0.022490 0.015727 -0.040749
v -0.022490 0.013236 -0.039986
v -0.022490 0.010652 -0.039655
v -0.022490 0.008049 -0.039765
v -0.022490 0.005503 -0.040314
v -0.022490 0.003085 -0.041286
v -0.022490 0.000867 -0.042651
v -0.022490 -0.001088 -0.044373
v -0.022490 -0.002725 -0.046399
v -0.022392 0.001226 -0.066863
v -0.022392 -0.000652 -0.065209
v -0.022392 -0.002225 -0.063262
v -0.022392 -0.003445 -0.061078
v -0.022392 -0.004279 -0.058718
v -0.022392 -0.004702 -0.056251
v -0.022392 -0.004702 -0.053749
v -0.022392 -0.004279 -0.051282
v -0.022392 -0.003445 -0.048922
v -0.022392 -0.002225 -0.046738
v -0.022392 0.003357 -0.068175
v -0.022392 0.005679 -0.069108
v -0.022392 0.008126 -0.069635
v -0.022392 0.010626 -0.069742
v -0.022392 0.013109 -0.069424
v -0.022392 0.015501 -0.068691
v -0.022392 0.017736 -0.067564
v -0.022392 0.019748 -0.066076
v -0.022392 0.021480 -0.064269
v -0.022392 0.022881 -0.062196
v -0.022392 0.023912 -0.059915
v -0.022392 0.024543 -0.057494
v -0.022392 0.024755 -0.055000
v -0.022392 0.024543 -0.052506
v -0.022392 0.023912 -0.050085
v -0.022392 0.022881 -0.047804
v -0.022392 0.021480 -0.045731
v -0.022392 0.019748 -0.043924
v -0.022392 0.017736 -0.042436
v -0.022392 0.015501 -0.041309
v -0.022392 0.013109 -0.040576
v -0.022392 0.010626 -0.040258
v -0.022392 0.008126 -0.040365
v -0.022392 0.005679 -0.040892
v -0.022392 0.003357 -0.041825
v -0.022392 0.001226 -0.043137
v -0.022392 -0.000652 -0.044791
v -0.022020 0.001515 -0.066473
v -0.022020 -0.000302 -0.064874
v -0.022020 -0.001822 -0.062991
v -0.022020 -0.003003 -0.060878
v -0.022020 -0.003809 -0.058596
v -0.022020 -0.004218 -0.056210
v -0.022020 -0.004218 -0.053790
v -0.022020 -0.003809 -0.051404
v -0.022020 -0.003003 -0.049122
v -0.022020 -0.001822 -0.047009
v -0.022020 -0.000302 -0.045126
v -0.022020 0.003576 -0.067742
v -0.022020 0.005822 -0.068644
v -0.022020 0.008188 -0.069154
v -0.022020 0.010606 -0.069257
v -0.022020 0.013006 -0.068949
v -0.022020 0.015320 -0.068240
v -0.022020 0.017482 -0.067151
v -0.022020 0.019427 -0.065712
v -0.022020 0.021102 -0.063964
v -0.022020 0.022457 -0.061959
v -0.022020 0.023454 -0.059754
v -0.022020 0.024064 -0.057412
v -0.022020 0.024269 -0.055000
v -0.022020 0.024064 -0.052588
v -0.022020 0.023454 -0.050246
v -0.022020 0.022457 -0.048041
v -0.022020 0.021102 -0.046036
v -0.022020 0.019427 -0.044288
v -0.022020 0.017482 -0.042849
v -0.022020 0.015320 -0.041760
v -0.022020 0.013006 -0.041051
v -0.022020 0.010606 -0.040743
v -0.022020 0.008188 -0.040846
v -0.022020 0.005822 -0.041356
v -0.022020 0.003576 -0.042258
v -0.022020 0.001515 -0.043527
v 0.005500 0.023579 -0.045627
v 0.005673 0.024186 -0.046634
v 0.005500 0.024213 -0.046618
v 0.005673 0.025399 -0.049162
v 0.005500 0.025428 -0.049151
v 0.005673 0.026167 -0.051858
v 0.005500 0.026197 -0.051852
v 0.005500 0.026380 -0.053011
v 0.005673 0.026465 -0.054646
v 0.005500 0.026496 -0.054645
v 0.005500 0.026380 -0.056989
v 0.005673 0.026287 -0.057444
v 0.005500 0.026317 -0.057448
v 0.005673 0.025636 -0.060171
v 0.005500 0.025666 -0.060181
v 0.005500 0.025428 -0.060851
v 0.005673 0.024533 -0.062748
v 0.005500 0.024560 -0.062763
v 0.005500 0.023579 -0.064373
v 0.005673 0.023008 -0.065101
v 0.005500 0.023032 -0.065120
v 0.005673 0.021106 -0.067161
v 0.005500 0.021127 -0.067184
v 0.005673 0.016401 -0.070174
v 0.005500 0.017668 -0.069610
v 0.005673 0.018882 -0.068869
v 0.005500 0.018899 -0.068895
v 0.005500 0.020942 -0.067350
v 0.005673 0.010960 -0.071441
v 0.005500 0.013741 -0.071070
v 0.005673 0.013734 -0.071040
v 0.005500 0.013949 -0.071021
v 0.005500 0.016413 -0.070203
v 0.005673 0.008157 -0.071366
v 0.005500 0.010000 -0.071500
v 0.005500 0.010961 -0.071472
v 0.005500 0.002332 -0.069610
v 0.005500 0.002778 -0.069836
v 0.005673 0.002792 -0.069808
v 0.005500 0.005399 -0.070846
v 0.005673 0.005408 -0.070816
v 0.005500 0.006051 -0.071021
v 0.005500 0.008153 -0.071396
v 0.005500 0.000366 -0.068396
v 0.005673 0.000384 -0.068370
v 0.005500 -0.000942 -0.067350
v 0.005673 -0.001744 -0.066546
v 0.005500 -0.001766 -0.066567
v 0.005673 -0.003532 -0.064386
v 0.005500 -0.003558 -0.064404
v 0.005673 -0.004928 -0.061955
v 0.005500 -0.004957 -0.061968
v 0.005500 -0.005428 -0.060851
v 0.005969 -0.004660 -0.061830
v 0.005969 -0.003289 -0.064218
v 0.005969 -0.001533 -0.066338
v 0.005969 0.000557 -0.068130
v 0.005969 0.002921 -0.069542
v 0.005969 0.005490 -0.070532
v 0.005969 0.008190 -0.071071
v 0.005969 0.010942 -0.071146
v 0.005969 0.013667 -0.070752
v 0.005969 0.016286 -0.069901
v 0.005969 0.018722 -0.068619
v 0.005969 0.020906 -0.066942
v 0.005969 0.022774 -0.064919
v 0.005969 0.024271 -0.062609
v 0.005969 0.025355 -0.060078
v 0.005969 0.025994 -0.057400
v 0.005969 0.026169 -0.054652
v 0.005969 0.025876 -0.051915
v 0.005969 0.025123 -0.049266
v 0.005969 0.023931 -0.046784
v 0.005854 0.024086 -0.046693
v 0.005854 0.025291 -0.049202
v 0.005854 0.026053 -0.051880
v 0.005854 0.026350 -0.054648
v 0.005854 0.026172 -0.057427
v 0.005854 0.025527 -0.060135
v 0.005854 0.024431 -0.062694
v 0.005854 0.022916 -0.065030
v 0.005854 0.021028 -0.067076
v 0.005854 0.018820 -0.068771
v 0.005854 0.016356 -0.070068
v 0.005854 0.013708 -0.070928
v 0.005854 0.010953 -0.071326
v 0.005854 0.008170 -0.071251
v 0.005854 0.005440 -0.070705
v 0.005854 0.002842 -0.069704
v 0.005854 0.000452 -0.068277
v 0.005854 -0.001662 -0.066465
v 0.005854 -0.003438 -0.064320
v 0.005854 -0.004824 -0.061906
v -0.000142 0.015231 -0.036272
v -0.002945 0.021054 -0.042560
v -0.002945 0.019052 -0.041035
v -0.001700 0.019370 -0.040544
v -0.000727 0.017483 -0.038410
v -0.000142 0.000945 -0.037793
v -0.000142 0.003643 -0.036624
v -0.000142 0.006486 -0.035876
v -0.000142 0.009410 -0.035564
v -0.000142 0.012348 -0.035698
v -0.000142 -0.001546 -0.039355
v -0.000142 -0.003773 -0.041274
v -0.000142 -0.005685 -0.043508
v -0.000142 -0.007239 -0.046005
v -0.000727 -0.006135 -0.046580
v -0.000727 -0.007220 -0.049109
v -0.001700 -0.006300 -0.049424
v -0.001700 -0.006954 -0.051946
v -0.002945 -0.006636 -0.054553
v -0.002945 -0.006378 -0.052050
v -0.004000 -0.006372 -0.057049
v -0.004000 -0.006494 -0.054557
v -0.004000 -0.006380 -0.053011
v -0.004000 -0.006239 -0.052075
v -0.002945 -0.005746 -0.049614
v -0.004000 -0.005612 -0.049660
v -0.002945 -0.001788 -0.043253
v -0.004000 -0.003310 -0.045248
v -0.002945 -0.003424 -0.045165
v -0.004000 -0.003579 -0.045627
v -0.002945 -0.004754 -0.047301
v -0.004000 -0.004628 -0.047367
v -0.004000 -0.005428 -0.049149
v -0.004000 0.000202 -0.041724
v -0.004000 -0.000942 -0.042650
v -0.004000 -0.001687 -0.043353
v -0.002945 0.000118 -0.041610
v -0.002945 0.002250 -0.040273
v -0.004000 0.002316 -0.040398
v -0.002945 0.004559 -0.039273
v -0.004000 0.004606 -0.039407
v -0.004000 0.006051 -0.038979
v -0.002945 0.006993 -0.038632
v -0.004000 0.007019 -0.038772
v -0.002945 0.009495 -0.038366
v -0.004000 0.009500 -0.038508
v -0.002945 0.016843 -0.039830
v -0.004000 0.014439 -0.039108
v -0.002945 0.014477 -0.038972
v -0.004000 0.013949 -0.038979
v -0.002945 0.012009 -0.038480
v -0.004000 0.011992 -0.038621
v -0.004000 0.010000 -0.038500
v -0.004000 0.018975 -0.041154
v -0.004000 0.017668 -0.040390
v -0.004000 0.016784 -0.039959
v -0.001700 -0.005273 -0.047030
v -0.001700 -0.003897 -0.044818
v -0.001700 -0.002203 -0.042839
v -0.001700 -0.000230 -0.041139
v -0.001700 0.001977 -0.039755
v -0.001700 0.004368 -0.038719
v -0.001700 0.006887 -0.038056
v -0.001700 0.009478 -0.037781
v -0.001700 0.012080 -0.037899
v -0.001700 0.014635 -0.038408
v -0.001700 0.017083 -0.039296
v -0.004000 0.020960 -0.042666
v -0.000727 0.014896 -0.037471
v -0.000727 0.012197 -0.036933
v -0.000727 0.009448 -0.036808
v -0.000727 0.006711 -0.037100
v -0.000727 0.004050 -0.037800
v -0.000727 0.001525 -0.038894
v -0.000727 -0.000807 -0.040356
v -0.000727 -0.002892 -0.042153
v -0.000727 -0.004681 -0.044244
vn -0.964745 0.121927 0.233241
vn -0.989666 0.131736 -0.056632
vn -0.998689 -0.001069 0.051174
vn -0.971943 -0.002310 -0.235205
vn -0.983848 -0.028428 -0.176736
vn -0.985789 -0.061656 -0.156267
vn -0.983076 -0.119887 -0.138522
vn -0.980429 -0.168685 -0.101514
vn -0.976835 -0.212809 0.022497
vn -0.231967 -0.858061 0.458173
vn -0.693246 -0.397032 0.601478
vn -0.974031 -0.219965 -0.053662
vn -0.883511 -0.099642 0.457689
vn 0.090398 -0.822335 0.561777
vn 0.343050 -0.935591 0.083579
vn 0.868737 -0.414931 0.270422
vn 0.587665 -0.740088 -0.326986
vn 0.476606 -0.690616 -0.543963
vn 0.090398 0.822335 -0.561777
vn 0.343050 0.935591 -0.083579
vn 0.868737 0.414931 -0.270422
vn 0.587665 0.740088 0.326986
vn 0.476606 0.690616 0.543963
vn 0.090398 -0.822335 0.561777
vn 0.343050 -0.935591 0.083579
vn 0.868737 -0.414931 0.270422
vn 0.587665 -0.740088 -0.326986
vn 0.476606 -0.690616 -0.543963
vn 0.090398 0.822335 -0.561777
vn 0.343050 0.935591 -0.083579
vn 0.868737 0.414931 -0.270422
vn 0.587665 0.740088 0.326986
vn 0.476606 0.690616 0.543963
vn 0.090398 -0.822335 0.561777
vn 0.343050 -0.935591 0.083579
vn 0.868737 -0.414931 0.270422
vn 0.587665 -0.740088 -0.326986
vn 0.476606 -0.690616 -0.543963
vn 0.090398 0.822335 -0.561777
vn 0.343050 0.935591 -0.083579
vn 0.868737 0.414931 -0.270422
vn 0.587665 0.740088 0.326986
vn 0.476606 0.690616 0.543963
vn 0.090398 -0.822335 0.561777
vn 0.343050 -0.935591 0.083579
vn 0.868737 -0.414931 0.270422
vn 0.587665 -0.740088 -0.326986
vn 0.476606 -0.690616 -0.543963
vn 0.090398 0.822335 -0.561777
vn 0.343050 0.935591 -0.083579
vn 0.868737 0.414931 -0.270422
vn 0.587665 0.740088 0.326986
vn 0.476606 0.690616 0.543963
vn 0.090398 -0.822335 0.561777
vn 0.343050 -0.935591 0.083579
vn 0.868737 -0.414931 0.270422
vn 0.587665 -0.740088 -0.326986
vn 0.476606 -0.690616 -0.543963
vn 0.090398 0.822335 -0.561777
vn 0.343050 0.935591 -0.083579
vn 0.868737 0.414931 -0.270422
vn 0.587665 0.740088 0.326986
vn 0.476606 0.690616 0.543963
vn 0.090398 -0.822335 0.561777
vn 0.343050 -0.935591 0.083579
vn 0.868737 -0.414931 0.270422
vn 0.587665 -0.740088 -0.326986
vn 0.476606 -0.690616 -0.543963
vn 0.090398 0.822335 -0.561777
vn 0.343050 0.935591 -0.083579
vn 0.868737 0.414931 -0.270422
vn 0.587665 0.740088 0.326986
vn 0.476606 0.690616 0.543963
vn 0.831948 0.554213 -0.026665
vn 0.123055 0.990046 0.068310
vn 0.964344 0.264346 0.012719
vn 0.831948 -0.554213 0.026665
vn 0.123055 -0.990046 -0.068310
vn 0.964408 -0.264115 -0.012708
vn 0.831948 0.554213 -0.026665
vn 0.123055 0.990046 0.068310
vn 0.964408 0.264115 0.012708
vn 0.831948 -0.554213 0.026665
vn 0.123055 -0.990046 -0.068310
vn 0.964344 -0.264346 -0.012719
vn 0.831989 0.554151 -0.026662
vn 0.123170 0.990027 0.068374
vn 0.964373 0.264241 0.012714
vn 0.831989 -0.554151 0.026662
vn 0.123170 -0.990027 -0.068374
vn 0.964436 -0.264009 -0.012703
vn 0.831989 0.554151 -0.026662
vn 0.123170 0.990027 0.068374
vn 0.964436 0.264009 0.012703
vn 0.831989 -0.554151 0.026662
vn 0.123170 -0.990027 -0.068374
vn 0.964373 -0.264241 -0.012714
vn 0.831989 0.554151 -0.026662
vn 0.123170 0.990027 0.068374
vn 0.964436 0.264009 0.012703
vn 0.831989 -0.554151 0.026662
vn 0.123170 -0.990027 -0.068374
vn 0.964373 -0.264241 -0.012714
vn 0.831989 0.554151 -0.026662
vn 0.123170 0.990027 0.068374
vn 0.964373 0.264241 0.012714
vn 0.831989 -0.554151 0.026662
vn 0.123170 -0.990027 -0.068374
vn 0.964436 -0.264009 -0.012703
vn -0.981785 0.095513 -0.164240
vn -0.974619 0.201963 0.096587
vn -0.867789 -0.010374 0.496824
vn -0.978382 -0.140114 0.152109
vn -0.955547 -0.096509 0.278597
vn -0.987301 -0.158860 -0.000806
vn -0.965868 -0.244146 0.086558
vn -0.975513 -0.175536 -0.132523
vn -0.975932 -0.205788 -0.072165
vn -0.961103 -0.077869 -0.264986
vn -0.879886 -0.268987 -0.391722
vn -0.934132 -0.003506 -0.356910
vn -0.877925 -0.049694 -0.476212
vn 0.361670 0.253510 -0.897178
vn 0.361468 -0.253532 0.897253
vn 0.156495 -0.439031 -0.884738
vn 0.171709 -0.830311 -0.530189
vn 0.171457 -0.983620 -0.055624
vn 0.171449 -0.879640 0.443664
vn 0.163894 -0.534874 0.828884
vn 0.592068 0.228685 0.772760
vn 0.161099 -0.057718 0.985249
vn 0.394884 0.081748 0.915087
vn 0.156495 0.439031 0.884738
vn 0.171709 0.830311 0.530189
vn 0.171457 0.983620 0.055624
vn 0.171449 0.879640 -0.443664
vn 0.163894 0.534874 -0.828884
vn 0.161099 0.057718 -0.985249
vn 0.394822 -0.081750 -0.915113
vn 0.592170 -0.228663 -0.772688
vn 0.361595 0.253518 -0.897205
vn 0.361393 -0.253539 0.897281
vn 0.156495 -0.439031 -0.884738
vn 0.171709 -0.830311 -0.530189
vn 0.171457 -0.983620 -0.055624
vn 0.171449 -0.879640 0.443664
vn 0.163894 -0.534874 0.828884
vn 0.592068 0.228685 0.772760
vn 0.161099 -0.057718 0.985249
vn 0.394884 0.081748 0.915087
vn 0.156495 0.439031 0.884738
vn 0.171709 0.830311 0.530189
vn 0.000000 0.996034 0.088979
vn 0.171449 0.879640 -0.443664
vn 0.163894 0.534874 -0.828884
vn 0.161099 0.057718 -0.985249
vn 0.394822 -0.081750 -0.915113
vn 0.592170 -0.228663 -0.772688
vn 0.361468 0.253532 -0.897253
vn 0.361670 -0.253510 0.897178
vn 0.156495 -0.439031 -0.884738
vn 0.171709 -0.830311 -0.530189
vn 0.171457 -0.983620 -0.055624
vn 0.171449 -0.879640 0.443664
vn 0.163894 -0.534874 0.828884
vn 0.592170 0.228663 0.772688
vn 0.161099 -0.057718 0.985249
vn 0.394822 0.081750 0.915113
vn 0.156495 0.439031 0.884738
vn 0.171709 0.830311 0.530189
vn 0.171457 0.983620 0.055624
vn 0.171449 0.879640 -0.443664
vn 0.163894 0.534874 -0.828884
vn 0.161099 0.057718 -0.985249
vn 0.394884 -0.081748 -0.915087
vn 0.592068 -0.228685 -0.772760
vn 0.361393 0.253539 -0.897281
vn 0.361595 -0.253518 0.897205
vn 0.156495 -0.439031 -0.884738
vn 0.171709 -0.830311 -0.530189
vn 0.171457 -0.983620 -0.055624
vn 0.171449 -0.879640 0.443664
vn 0.163894 -0.534874 0.828884
vn 0.592170 0.228663 0.772688
vn 0.161099 -0.057718 0.985249
vn 0.394822 0.081750 0.915113
vn 0.156495 0.439031 0.884738
vn 0.171709 0.830311 0.530189
vn 0.000000 0.996034 0.088979
vn 0.171449 0.879640 -0.443664
vn 0.163894 0.534874 -0.828884
vn 0.161099 0.057718 -0.985249
vn 0.394884 -0.081748 -0.915087
vn 0.592068 -0.228685 -0.772760
vn 0.361670 0.253510 -0.897178
vn 0.361468 -0.253532 0.897253
vn 0.156495 -0.439031 -0.884738
vn 0.171709 -0.830311 -0.530189
vn 0.171457 -0.983620 -0.055624
vn 0.171449 -0.879640 0.443664
vn 0.163894 -0.534874 0.828884
vn 0.592068 0.228685 0.772760
vn 0.161099 -0.057718 0.985249
vn 0.394884 0.081748 0.915087
vn 0.156495 0.439031 0.884738
vn 0.171709 0.830311 0.530189
vn 0.171457 0.983620 0.055624
vn 0.171449 0.879640 -0.443664
vn 0.163894 0.534874 -0.828884
vn 0.161099 0.057718 -0.985249
vn 0.394822 -0.081750 -0.915113
vn 0.592170 -0.228663 -0.772688
vn 0.361468 0.253532 -0.897253
vn 0.361670 -0.253510 0.897178
vn 0.156495 -0.439031 -0.884738
vn 0.171709 -0.830311 -0.530189
vn 0.171457 -0.983620 -0.055624
vn 0.171449 -0.879640 0.443664
vn 0.163894 -0.534874 0.828884
vn 0.592170 0.228663 0.772688
vn 0.161099 -0.057718 0.985249
vn 0.394822 0.081750 0.915113
vn 0.156495 0.439031 0.884738
vn 0.171709 0.830311 0.530189
vn 0.171457 0.983620 0.055624
vn 0.171449 0.879640 -0.443664
vn 0.163894 0.534874 -0.828884
vn 0.161099 0.057718 -0.985249
vn 0.394884 -0.081748 -0.915087
vn 0.592068 -0.228685 -0.772760
vn 0.011415 -0.005805 0.999918
vn 0.003145 0.006089 0.999977
vn -0.003047 -0.005993 0.999977
vn -0.011415 0.005805 0.999918
vn 0.266607 0.874287 -0.405638
vn 0.531450 0.487005 -0.693099
vn 0.531237 0.075456 -0.843857
vn 0.338551 -0.396165 -0.853485
vn 0.240326 -0.793859 -0.558597
vn 0.266798 -0.874089 0.405940
vn 0.531395 -0.486862 0.693242
vn 0.531356 -0.075480 0.843779
vn 0.338341 0.396050 0.853622
vn 0.240204 0.794257 0.558084
vn 0.266798 0.874089 -0.405940
vn 0.531395 0.486862 -0.693242
vn 0.531356 0.075480 -0.843779
vn 0.338341 -0.396050 -0.853622
vn 0.240204 -0.794257 -0.558084
vn 0.266607 -0.874287 0.405638
vn 0.531450 -0.487005 0.693099
vn 0.531237 -0.075456 0.843857
vn 0.338551 0.396165 0.853485
vn 0.240326 0.793859 0.558597
vn 0.240359 -0.793984 -0.558406
vn 0.338599 -0.396474 -0.853323
vn 0.531237 0.075456 -0.843857
vn 0.531332 0.487511 -0.692834
vn 0.266805 0.874168 -0.405765
vn 0.240237 0.794382 0.557892
vn 0.338389 0.396359 0.853459
vn 0.531356 -0.075480 0.843779
vn 0.531277 -0.487368 0.692977
vn 0.266996 -0.873970 0.406067
vn 0.240237 -0.794382 -0.557892
vn 0.338389 -0.396359 -0.853459
vn 0.531356 0.075480 -0.843779
vn 0.531277 0.487368 -0.692977
vn 0.266996 0.873970 -0.406067
vn 0.240359 0.793984 0.558406
vn 0.338599 0.396474 0.853323
vn 0.531237 -0.075456 0.843857
vn 0.531332 -0.487511 0.692834
vn 0.266805 -0.874168 0.405765
vn 0.240237 -0.794382 -0.557892
vn 0.338389 -0.396359 -0.853459
vn 0.531356 0.075480 -0.843779
vn 0.531277 0.487368 -0.692977
vn 0.266996 0.873970 -0.406067
vn 0.240359 0.793984 0.558406
vn 0.338599 0.396474 0.853323
vn 0.531237 -0.075456 0.843857
vn 0.531332 -0.487511 0.692834
vn 0.266805 -0.874168 0.405765
vn 0.240359 -0.793984 -0.558406
vn 0.338599 -0.396474 -0.853323
vn 0.531237 0.075456 -0.843857
vn 0.531332 0.487511 -0.692834
vn 0.266805 0.874168 -0.405765
vn 0.240237 0.794382 0.557892
vn 0.338389 0.396359 0.853459
vn 0.531356 -0.075480 0.843779
vn 0.531277 -0.487368 0.692977
vn 0.266996 -0.873970 0.406067
vn -0.975978 0.062174 -0.208810
vn -0.901434 -0.032137 -0.431721
vn -0.993407 -0.091850 0.068606
vn -0.922966 -0.224157 0.312870
vn -0.823594 0.099588 0.558369
vn -0.922390 0.379643 0.071194
vn -0.987790 0.149213 0.044798
vn -0.855248 -0.516766 0.038787
vn -0.996305 0.033280 0.079172
vn -0.976121 -0.162527 -0.144129
vn -0.922090 -0.386132 0.025543
vn -0.987275 0.156698 0.027087
vn -0.943280 0.285194 0.169960
vn -0.955052 0.281801 -0.091999
vn -0.956356 0.241824 -0.164025
vn -0.911854 0.248812 -0.326519
vn -0.946596 0.096250 -0.307722
vn -0.936792 0.036030 -0.348026
vn -0.974710 0.001923 -0.223465
vn -0.818640 -0.002110 0.574303
vn -0.864024 -0.039551 0.501894
vn -0.989501 -0.036079 0.139948
vn -0.781993 -0.266848 0.563275
vn -0.940770 0.152909 0.302607
vn -0.939986 0.256044 0.225541
vn -0.942229 0.319935 0.099226
vn -0.920569 0.390533 -0.006015
vn -0.819939 -0.347119 0.455201
vn -0.928747 -0.268573 0.255536
vn -0.936082 0.179045 -0.302808
vn -0.966540 -0.204796 0.154461
vn -0.822140 -0.395260 0.409702
vn -0.987738 0.134814 0.078728
vn -0.989716 -0.120349 0.077318
vn -0.902257 0.360408 -0.236725
vn -0.960443 -0.230076 0.156890
vn -0.955367 0.223850 -0.192785
vn -0.910042 0.272862 -0.312040
vn -0.010171 -0.631787 -0.775075
vn -0.005805 -0.750165 -0.661225
vn 0.001220 -0.740988 -0.671517
vn 0.002769 -0.803326 -0.595533
vn -0.009975 -0.812818 -0.582432
vn 0.002023 -0.858421 -0.512941
vn -0.015098 -0.850004 -0.526561
vn -0.007896 -0.925830 -0.377859
vn 0.001481 -0.934857 -0.355022
vn -0.010514 -0.944694 -0.327784
vn 0.002905 -0.950135 -0.311826
vn 0.002362 -0.985722 -0.168367
vn -0.006131 -0.986484 -0.163743
vn 0.002322 -0.995825 -0.091254
vn -0.010597 -0.997184 -0.074238
vn 0.001638 -0.999697 0.024562
vn -0.014751 -0.999891 0.000000
vn -0.007091 -0.987126 0.159787
vn 0.001447 -0.981199 0.192993
vn -0.010899 -0.976067 0.217198
vn 0.001576 -0.970797 0.239898
vn 0.004074 -0.921257 0.388933
vn -0.006730 -0.923564 0.383385
vn 0.001331 -0.898377 0.439222
vn -0.011675 -0.890711 0.454421
vn 0.001306 -0.832228 0.554432
vn -0.014446 -0.850012 0.526566
vn -0.006686 -0.758280 0.651895
vn 0.002554 -0.733799 0.679361
vn -0.010859 -0.717002 0.696987
vn -0.001983 -0.681762 0.731572
vn -0.007077 -0.603799 0.797105
vn -0.000800 -0.559950 0.828526
vn -0.009496 -0.529282 0.848393
vn 0.003160 -0.512749 0.858533
vn 0.001061 -0.408016 0.912974
vn -0.014248 -0.445785 0.895027
vn -0.006612 -0.305328 0.952224
vn 0.002467 -0.271373 0.962471
vn -0.010712 -0.244989 0.969467
vn -0.000117 -0.183419 0.983035
vn -0.006196 -0.094994 0.995459
vn -0.000109 -0.037884 0.999282
vn -0.010414 -0.014140 0.999846
vn 0.001532 0.037537 0.999294
vn -0.011909 0.094334 0.995469
vn -0.000117 0.183419 0.983035
vn -0.006742 0.238829 0.971038
vn 0.002467 0.271373 0.962471
vn -0.010841 0.299273 0.954106
vn -0.000336 0.373435 0.927656
vn -0.005703 0.442711 0.896646
vn 0.000566 0.495133 0.868817
vn -0.010580 0.513938 0.857762
vn 0.001013 0.559758 0.828655
vn -0.012901 0.603440 0.797304
vn 0.000425 0.681877 0.731467
vn -0.007188 0.712475 0.701660
vn 0.002024 0.734115 0.679022
vn -0.011195 0.754411 0.656307
vn -0.000212 0.813643 0.581365
vn -0.005422 0.848305 0.529481
vn 0.001039 0.879281 0.476302
vn -0.010790 0.888327 0.459085
vn -0.000269 0.940898 0.338689
vn -0.013787 0.932397 0.361173
vn -0.007587 0.975028 0.221951
vn 0.002763 0.981133 0.193314
vn -0.011844 0.986234 0.164931
vn 0.000381 0.998696 0.051060
vn -0.005405 0.999981 0.002912
vn 0.001966 0.998830 -0.048310
vn -0.010701 0.997484 -0.070086
vn -0.001809 0.989524 -0.144358
vn -0.012369 0.982399 -0.186387
vn 0.000137 0.955747 -0.294190
vn -0.007632 0.944903 -0.327260
vn 0.002879 0.934938 -0.354798
vn -0.012828 0.927338 -0.374004
vn 0.001593 0.868053 -0.496469
vn -0.005651 0.851061 -0.525037
vn 0.002369 0.828051 -0.560647
vn -0.011076 0.814708 -0.579766
vn 0.000059 0.759139 -0.650928
vn -0.011658 0.735641 -0.677271
vn 0.001171 0.656271 -0.754524
vn -0.007654 0.629277 -0.777143
vn 0.002882 0.605758 -0.795644
vn -0.010129 0.522196 -0.852766
vn 0.003926 -0.640485 -0.767960
vn 0.001416 -0.605651 -0.795729
vn -0.012722 -0.514251 -0.857545
vn 0.001303 -0.452217 -0.891907
vn -0.009469 -0.392880 -0.919541
vn 0.002932 -0.377880 -0.925850
vn -0.005686 -0.286085 -0.958187
vn 0.000471 -0.264868 -0.964284
vn -0.012900 -0.140818 -0.989951
vn 0.002960 -0.118594 -0.992938
vn -0.011066 -0.008531 -0.999902
vn 0.002965 0.030319 -0.999536
vn -0.007786 0.123842 -0.992271
vn 0.002092 0.158443 -0.987366
vn -0.011132 0.266219 -0.963848
vn 0.000108 0.292663 -0.956216
vn -0.012026 0.396542 -0.917938
vn 0.002516 0.417408 -0.908716
vn 0.004318 0.458279 -0.888798
vn -0.005880 0.225702 0.974179
vn 0.004503 0.299379 0.954124
vn -0.014277 0.508567 0.860904
vn 0.009077 0.565449 0.824733
vn -0.011771 0.679612 0.733478
vn 0.011771 0.733478 0.679612
vn -0.009077 0.824733 0.565449
vn 0.014277 0.860904 0.508567
vn -0.007383 0.954741 0.297348
vn 0.005880 0.974179 0.225702
vn -0.003047 0.999989 0.003574
vn 0.011488 0.999928 0.003461
vn 0.932386 0.361462 0.001433
vn 0.908396 0.418110 0.000523
vn 0.738159 0.674625 0.001573
vn 0.683774 0.729692 0.001589
vn 0.562090 0.827067 0.003768
vn 0.506875 0.862019 0.001212
vn 0.298572 0.954377 0.004346
vn 0.237451 0.971395 0.002962
vn 0.003165 0.999994 0.001220
vn 0.999798 0.020088 0.000146
vn 0.968909 0.247395 0.003453
vn 0.999930 0.011798 0.000032
vn 0.999564 0.029538 0.000000
vn 0.999929 0.011931 -0.000053
vn 0.969767 0.243742 0.011885
vn 0.999996 0.002699 0.000165
vn 0.361139 0.348316 0.865017
vn 0.436016 0.822649 0.364881
vn 0.729513 0.634642 0.255031
vn 0.922135 0.359395 0.143184
vn 0.921339 0.295003 0.253193
vn 0.993024 0.076600 0.089637
vn 0.999991 0.003912 0.001620
vn 0.919673 0.168904 0.354503
vn 0.999993 0.001206 0.003649
vn 0.999775 0.000049 0.021208
vn 0.954571 0.001379 0.297982
vn 0.827281 0.003830 0.561775
vn 0.673980 0.288465 0.680102
vn 0.226362 0.003442 0.974037
vn 0.506545 0.007223 0.862183
vn 0.674909 0.002651 0.737896
vn 0.702348 0.514173 0.492273
vn 0.425885 0.624574 0.654621
vn 0.297319 -0.007262 0.954750
vn 0.561671 -0.006301 0.827337
vn 0.737896 -0.002651 0.674909
vn 0.862249 -0.004392 0.506466
vn 0.974185 -0.001096 0.225749
vn 0.999971 -0.000035 0.007675
vn 0.009077 -0.824733 0.565449
vn 0.004503 -0.954124 0.299379
vn 0.361139 -0.865017 0.348316
vn 0.003106 -0.999989 0.003633
vn 0.436016 -0.364881 0.822649
vn 0.005880 -0.225702 0.974179
vn 0.014277 -0.508567 0.860904
vn 0.729513 -0.255031 0.634642
vn 0.922135 -0.143184 0.359395
vn 0.921339 -0.253193 0.295003
vn 0.999626 -0.020801 0.017776
vn 0.999629 -0.010419 0.025167
vn 0.919673 -0.354503 0.168904
vn 0.999267 -0.036337 0.012009
vn 0.999107 -0.042184 0.002583
vn 0.960139 -0.279522 0.000691
vn 0.827031 -0.562151 0.002287
vn 0.673980 -0.680102 0.288465
vn 0.226093 -0.974103 0.002042
vn 0.505977 -0.862536 0.004330
vn 0.674625 -0.738159 0.001573
vn 0.702348 -0.492273 0.514173
vn 0.425885 -0.654621 0.624574
vn 0.011771 -0.679612 0.733478
vn 0.986307 -0.093640 0.135759
vn 0.979242 -0.183092 0.086960
vn 0.978859 -0.203878 -0.016392
vn 0.979243 -0.166849 -0.115085
vn 0.986306 -0.070756 -0.148975
vn 0.976039 0.017439 -0.216897
vn 0.997415 0.040800 -0.059152
vn 0.981549 0.172722 -0.082034
vn 0.987753 0.155522 0.012504
vn 0.981549 0.157398 0.108566
vn 0.987057 0.068803 0.144863
vn 0.997331 -0.005851 0.072777
vn 0.986307 -0.093640 0.135759
vn 0.979242 -0.183092 0.086960
vn 0.705967 -0.705967 -0.056760
vn 0.979243 -0.166849 -0.115085
vn 0.986306 -0.070756 -0.148975
vn 0.976039 0.017439 -0.216897
vn 0.997415 0.040800 -0.059152
vn 0.981549 0.172722 -0.082034
vn 0.705390 0.705390 -0.069648
vn 0.705967 0.705967 0.056760
vn 0.981549 0.157398 0.108566
vn 0.987057 0.068803 0.144863
vn 0.997331 -0.005851 0.072777
vn 0.997449 -0.040534 0.058766
vn 0.989174 -0.132556 0.062957
vn 0.991594 -0.128973 -0.010369
vn 0.985149 -0.141338 -0.097489
vn 0.988385 -0.065200 -0.137277
vn 0.998426 0.004494 -0.055901
vn 0.992417 0.069792 -0.101183
vn 0.993081 0.106075 -0.050380
vn 0.999676 0.025377 0.002040
vn 0.998042 0.051483 0.035511
vn 0.998875 0.020343 0.042833
vn 0.999957 -0.000745 0.009272
vn 0.999957 0.000000 0.009261
vn 0.999951 -0.001410 0.009801
vn 0.936360 -0.043472 0.348340
vn 0.999955 -0.002391 0.009206
vn 0.924506 -0.118878 0.362155
vn 0.999975 -0.003021 0.006345
vn 0.924479 -0.185301 0.333171
vn 0.999956 -0.005539 0.007519
vn 0.924436 -0.245094 0.292141
vn 0.999956 -0.006869 0.006341
vn 0.924439 -0.295997 0.240414
vn 0.999956 -0.007956 0.004933
vn 0.924562 -0.335857 0.179961
vn 0.999956 -0.008762 0.003346
vn 0.924573 -0.363806 0.113179
vn 0.999956 -0.009265 0.001631
vn 0.924548 -0.378716 0.042251
vn 0.999955 -0.009442 -0.000152
vn 0.924574 -0.379807 -0.030147
vn 0.999955 -0.009284 -0.001945
vn 0.924538 -0.367332 -0.101472
vn 0.999975 -0.006481 -0.002716
vn 0.924333 -0.341913 -0.169420
vn 0.999955 -0.007889 -0.005251
vn 0.924568 -0.303221 -0.230718
vn 0.999962 -0.006243 -0.006148
vn 0.924537 -0.254124 -0.283993
vn 0.999983 -0.003307 -0.004804
vn 0.924463 -0.195888 -0.327103
vn 0.999991 -0.001658 -0.003790
vn 0.924557 -0.130321 -0.358067
vn 0.999996 -0.000655 -0.002904
vn 0.924588 -0.060221 -0.376179
vn 0.999992 -0.000128 -0.004048
vn 0.924661 0.012025 -0.380602
vn 1.000000 0.000151 -0.000942
vn 0.924528 0.083923 -0.371760
vn 0.999995 0.001039 -0.002853
vn 0.924510 0.152791 -0.349194
vn 0.999995 0.001629 -0.002719
vn 0.924469 0.216142 -0.314071
vn 0.999994 0.002379 -0.002658
vn 0.924587 0.271514 -0.267242
vn 0.999998 0.001460 -0.001110
vn 0.924434 0.317450 -0.211300
vn 0.999990 0.004061 -0.002012
vn 0.924372 0.351873 -0.147382
vn 0.999973 0.007060 -0.001950
vn 0.924630 0.372797 -0.077982
vn 0.999929 0.011838 -0.000938
vn 0.924535 0.381049 -0.006103
vn 0.999565 0.029314 0.003274
vn 0.924571 0.375223 0.066150
vn 0.999849 0.016584 0.005162
vn 0.924563 0.355943 0.135968
vn 0.999954 0.008443 0.004526
vn 0.924491 0.323974 0.200890
vn 0.999955 0.007393 0.006007
vn 0.924406 0.280233 0.258735
vn 0.999898 0.009175 0.010938
vn 0.924468 0.226076 0.306998
vn 0.999956 0.004554 0.008190
vn 0.924501 0.163815 0.344185
vn 0.999956 0.002930 0.008929
vn 0.924554 0.095734 0.368830
vn 0.999956 0.001507 0.009233
vn 0.925919 0.025587 0.376854
vn 0.329864 0.153583 -0.931451
vn 0.311605 0.345040 -0.885353
vn 0.391168 0.482416 -0.783749
vn 0.338544 0.629350 -0.699505
vn 0.302878 0.768183 -0.564056
vn 0.371490 0.836691 -0.402421
vn 0.334675 0.912552 -0.235034
vn 0.327736 0.830307 0.450754
vn 0.382023 0.882525 0.274243
vn 0.357732 0.926891 0.113585
vn 0.350757 0.934845 -0.055086
vn 0.316143 0.721492 0.616038
vn 0.335880 0.455133 0.824645
vn 0.400085 0.580431 0.709247
vn 0.303354 0.279925 0.910834
vn 0.347516 -0.060981 0.935689
vn 0.376524 0.106111 0.920310
vn 0.303098 -0.251954 0.919049
vn 0.344847 -0.569760 0.745958
vn 0.362617 -0.409940 0.836934
vn 0.352681 -0.699069 0.622028
vn 0.322757 -0.817137 0.477613
vn 0.407822 -0.856863 0.315385
vn 0.331932 -0.929616 0.160111
vn 0.306439 -0.951249 -0.034943
vn 0.382603 -0.901956 -0.200225
vn 0.343293 -0.865509 -0.364752
vn 0.302469 -0.785160 -0.540405
vn 0.365925 -0.655718 -0.660403
vn 0.338415 -0.519842 -0.784372
vn 0.381885 -0.029446 -0.923741
vn 0.356220 -0.196394 -0.913530
vn 0.351254 -0.358468 -0.864940
vn 0.707895 0.004788 -0.706302
vn 0.708631 0.138112 -0.691930
vn 0.707705 0.266956 -0.654132
vn 0.707678 0.385993 -0.591778
vn 0.708117 0.490698 -0.507726
vn 0.707904 0.578040 -0.405885
vn 0.707732 0.644590 -0.289170
vn 0.707056 0.688351 -0.162002
vn 0.707269 0.706355 -0.028857
vn 0.707552 0.698783 0.105228
vn 0.706922 0.666791 0.235905
vn 0.707560 0.609615 0.357391
vn 0.708039 0.530635 0.465949
vn 0.707883 0.432862 0.558151
vn 0.707814 0.319370 0.630081
vn 0.707727 0.194408 0.679212
vn 0.707924 0.062413 0.703526
vn 0.708196 -0.071861 0.702349
vn 0.708086 -0.203430 0.676188
vn 0.707927 -0.327810 0.625604
vn 0.708134 -0.440190 0.552068
vn 0.707891 -0.536966 0.458866
vn 0.707267 -0.614637 0.349278
vn 0.707374 -0.669501 0.226695
vn 0.707325 -0.700352 0.095904
vn 0.706834 -0.706334 -0.038443
vn 0.707063 -0.686097 -0.171271
vn 0.707287 -0.641017 -0.298064
vn 0.708086 -0.572381 -0.413515
vn 0.707934 -0.483964 -0.514401
vn 0.707890 -0.377823 -0.596775
vn 0.708224 -0.257921 -0.657188
vn 0.707695 -0.128989 -0.694643
vn 0.988385 -0.086287 0.125098
vn 0.985149 -0.155098 0.073664
vn 0.705967 -0.705967 -0.056760
vn 0.985149 -0.141338 -0.097489
vn 0.988385 -0.065200 -0.137277
vn 0.998426 0.004494 -0.055901
vn 0.992417 0.069792 -0.101183
vn 0.993081 0.106075 -0.050380
vn 0.705390 0.705390 -0.069648
vn 0.705967 0.705967 0.056760
vn 0.993081 0.096664 0.066675
vn 0.992416 0.052736 0.111034
vn 0.998426 -0.004494 0.055901
vn 0.998614 -0.029886 0.043328
vn 0.996728 -0.073008 0.034675
vn 0.992019 -0.125685 -0.010105
vn 0.979243 -0.166849 -0.115085
vn 0.986306 -0.070756 -0.148975
vn 0.976039 0.017439 -0.216897
vn 0.997415 0.040800 -0.059152
vn 0.981549 0.172722 -0.082034
vn 0.993446 0.113939 0.009161
vn 0.991644 0.106196 0.073249
vn 0.999709 0.010353 0.021799
vn 0.998686 -0.004107 0.051084
vn 0.988385 -0.086287 0.125098
vn 0.985149 -0.155098 0.073664
vn 0.994413 -0.105216 -0.008459
vn 0.985149 -0.141338 -0.097489
vn 0.988385 -0.065200 -0.137277
vn 0.998426 0.004494 -0.055901
vn 0.992417 0.069792 -0.101183
vn 0.993081 0.106075 -0.050380
vn 0.999082 0.042694 0.003433
vn 0.993081 0.096664 0.066675
vn 0.992416 0.052736 0.111034
vn 0.998426 -0.004494 0.055901
vn 0.010779 -0.999938 -0.002650
vn 0.286916 -0.957950 -0.003234
vn 0.558299 -0.829635 -0.002936
vn 0.735309 -0.677731 -0.001364
vn 0.859198 -0.511639 -0.002163
vn 0.972449 -0.233116 -0.000708
vn 0.999120 -0.041941 -0.000305
vn 0.999478 -0.032318 0.000000
vn 0.997950 -0.064005 0.000000
vn 0.998941 -0.046014 0.000000
vn -0.011488 -0.999928 0.003461
vn -0.005880 -0.974179 0.225702
vn -0.014277 -0.860904 0.508567
vn -0.011771 -0.733478 0.679612
vn -0.009077 -0.565449 0.824733
vn -0.007383 -0.297348 0.954741
vn -0.009973 0.999936 0.005318
vn -0.225684 0.974194 0.003449
vn -0.291544 0.956547 0.004441
vn -0.505977 0.862536 0.004330
vn -0.559927 0.828534 0.003606
vn -0.674625 0.738159 0.001573
vn -0.736530 0.676403 0.001786
vn -0.908565 0.417743 0.001145
vn -0.926468 0.376369 0.001815
vn -0.999953 0.009729 0.000368
vn -0.968550 0.248692 0.008004
vn -0.999929 0.011886 -0.000052
vn -0.999254 0.038617 0.000000
vn -0.999903 0.013942 0.000038
vn -0.965906 0.258863 0.004037
vn -0.999952 0.009826 0.000169
vn -0.862249 0.004392 0.506466
vn -0.737896 0.002651 0.674909
vn -0.729513 0.255031 0.634642
vn -0.561671 0.006301 0.827337
vn -0.297319 0.007262 0.954750
vn -0.436016 0.364881 0.822649
vn -0.673980 0.680102 0.288465
vn -0.919673 0.354503 0.168904
vn -0.999942 0.000832 0.010768
vn -0.971292 0.000964 0.237888
vn -0.933847 0.127565 0.334151
vn -0.999926 0.005415 0.010916
vn -0.921339 0.253193 0.295003
vn -0.999932 0.008857 0.007569
vn -0.999926 0.011558 0.003820
vn -0.387898 0.842784 0.373163
vn -0.425885 0.654621 0.624574
vn -0.702348 0.492273 0.514173
vn -0.999988 0.000000 0.004855
vn -0.999979 0.000000 0.006534
vn -0.999964 -0.000400 0.008427
vn -0.961431 -0.001116 0.275044
vn -0.999963 0.000000 0.008587
vn -0.999909 0.000000 0.013499
vn -0.827281 -0.003830 0.561775
vn -0.674909 -0.002651 0.737896
vn -0.506545 -0.007223 0.862183
vn -0.225672 -0.005784 0.974186
vn -0.862573 -0.505927 0.002629
vn -0.738159 -0.674625 0.001573
vn -0.729513 -0.634642 0.255031
vn -0.562090 -0.827067 0.003768
vn -0.298572 -0.954377 0.004346
vn -0.436016 -0.822649 0.364881
vn -0.673980 -0.288465 0.680102
vn -0.919673 -0.168904 0.354503
vn -0.999929 -0.011869 0.000767
vn -0.970219 -0.242230 0.000615
vn -0.933847 -0.334151 0.127565
vn -0.999965 -0.007470 0.003706
vn -0.921339 -0.295003 0.253193
vn -0.993024 -0.076600 0.089637
vn -0.999972 -0.002366 0.007160
vn -0.387898 -0.373163 0.842784
vn -0.425885 -0.624574 0.654621
vn -0.702348 -0.514173 0.492273
vn -0.999979 -0.006518 0.000000
vn -0.999980 -0.006336 -0.000060
vn -0.964665 -0.263478 -0.000810
vn -0.999973 -0.007376 0.000000
vn -0.999825 -0.018696 0.000000
vn -0.830172 -0.557501 -0.002537
vn -0.678286 -0.734796 -0.001861
vn -0.512775 -0.858512 -0.004359
vn -0.225707 -0.974189 -0.003605
vn -0.003427 -0.999989 -0.003227
vn -0.719937 0.061813 0.691281
vn -0.718184 -0.292973 0.631173
vn -0.543200 -0.686651 0.483161
vn 0.000000 -0.996029 0.089026
vn -0.543044 -0.761582 -0.353690
vn -0.718184 -0.399923 -0.569450
vn -0.981178 -0.017205 -0.192336
vn -0.809048 0.247364 -0.533153
vn -0.779560 0.512469 -0.360086
vn 0.000000 0.996029 -0.089026
vn -0.779344 0.568399 0.263716
vn -0.982212 0.107955 0.153640
vn -0.988300 0.013590 0.151918
vn -0.851474 -0.220703 0.475691
vn -0.858388 -0.419744 0.294932
vn 0.000000 -0.996029 0.089026
vn -0.858228 -0.465596 -0.216020
vn -0.989393 -0.083516 -0.118859
vn -0.719937 -0.061813 -0.691281
vn -0.718184 0.292973 -0.631173
vn -0.543200 0.686651 -0.483161
vn 0.000000 0.996029 -0.089026
vn -0.543044 0.761582 0.353690
vn -0.718184 0.399923 0.569450
vn -0.719937 0.061813 0.691281
vn -0.718161 -0.293217 0.631086
vn -0.543143 -0.686795 0.483021
vn -0.980439 -0.196040 0.017544
vn -0.472332 -0.799353 -0.371398
vn -0.642897 -0.440630 -0.626521
vn -0.970621 -0.021438 -0.239655
vn -0.764101 0.271720 -0.585080
vn -0.749823 0.541451 -0.380260
vn -0.984561 0.174343 -0.015602
vn -0.779486 0.568192 0.263740
vn -0.982199 0.108096 0.153623
vn -0.964004 0.023690 0.264829
vn -0.771409 -0.268031 0.577138
vn -0.820423 -0.467896 0.328602
vn -0.993436 -0.113934 0.010196
vn -0.858328 -0.465407 -0.216030
vn -0.989385 -0.083624 -0.118843
vn -0.719937 -0.061813 -0.691281
vn -0.718161 0.293217 -0.631086
vn -0.543143 0.686795 -0.483021
vn -0.976167 0.216157 -0.019344
vn -0.378483 0.839427 0.390018
vn -0.526733 0.488998 0.695294
vn -0.988300 0.013590 0.151918
vn -0.851555 -0.220825 0.475490
vn -0.994661 -0.084452 0.059311
vn -0.760067 -0.647259 0.057924
vn -0.842154 -0.489114 -0.227033
vn -0.983904 -0.102835 -0.146145
vn -0.631830 -0.069033 -0.772027
vn -0.643008 0.322705 -0.694551
vn -0.472223 0.721017 -0.507089
vn -0.994761 0.101821 -0.009112
vn -0.543256 0.761397 0.353763
vn -0.718058 0.400379 0.569289
vn -0.489568 0.077659 0.868500
vn -0.526845 -0.358143 0.770823
vn -0.378387 -0.757146 0.532498
vn -0.992925 -0.118271 0.010584
vn -0.543256 -0.761397 -0.353763
vn -0.718058 -0.400379 -0.569289
vn -0.981178 -0.017205 -0.192336
vn -0.809109 0.247526 -0.532986
vn -0.983259 0.149112 -0.104721
vn -0.559428 0.825579 -0.073882
vn -0.709372 0.639318 0.296754
vn -0.950224 0.179295 0.254808
vn -0.999118 0.033586 0.025193
vn -0.999702 0.014178 0.019874
vn -0.967619 0.018738 -0.251719
vn -0.996257 -0.024669 -0.082850
vn -0.999572 -0.005159 0.028805
vn -0.970809 -0.235776 0.044028
vn -0.999331 -0.035041 0.010520
vn -0.998904 0.046680 0.003504
vn -0.953302 0.248418 0.171766
vn -0.999814 -0.000071 0.019293
vn -0.998473 -0.009763 0.054371
vn -0.998652 -0.002529 0.051844
vn -0.997900 -0.035714 0.054030
vn -0.998222 -0.022512 0.055195
vn -0.996275 -0.067545 0.053602
vn -0.996727 -0.055552 0.058736
vn -0.989875 -0.119419 0.076720
vn -0.994796 -0.083301 0.058667
vn -0.996886 -0.032186 0.071986
vn -0.999479 0.030609 -0.010203
vn -0.973624 0.190700 -0.125257
vn -0.948266 0.222672 -0.226294
vn -0.952591 0.238611 -0.188773
vn -0.761827 0.594852 0.256458
vn -0.805132 0.325397 -0.495863
vn -0.995226 0.063258 0.074319
vn -0.684210 0.253046 0.683977
vn -0.997108 0.075720 0.006442
vn -0.982597 0.168632 0.077884
vn -0.980499 0.172522 -0.094118
vn -0.963322 0.261716 -0.059289
vn -0.997098 0.030238 -0.069870
vn -0.985463 0.117513 -0.122689
vn -0.947888 0.002741 -0.318592
vn -0.971497 0.037984 -0.233988
vn -0.975984 -0.212680 -0.047151
vn -0.971491 -0.229191 0.060644
vn -0.999036 0.043429 0.006470
vn -0.056366 -0.361886 0.930517
vn -0.057225 -0.184166 0.981228
vn -0.056740 -0.797450 0.600711
vn -0.057132 -0.673166 0.737282
vn -0.057119 -0.994209 0.091030
vn -0.057032 -0.960474 0.272464
vn -0.057501 -0.893265 -0.445837
vn -0.056943 -0.960064 -0.273923
vn -0.055234 0.961151 -0.270441
vn -0.057893 0.893954 -0.444404
vn -0.055498 0.959666 0.275612
vn -0.057691 0.994011 0.092814
vn -0.055782 0.671132 0.739236
vn -0.057521 0.796225 0.602260
vn -0.056081 0.181678 0.981758
vn -0.057388 0.359882 0.931231
vn -0.058562 0.517847 0.853466
vn -0.058696 0.889085 0.453963
vn -0.058841 0.994972 -0.081040
vn -0.055053 0.675204 -0.735573
vn -0.059042 0.803753 -0.592027
vn -0.054872 0.187332 -0.980763
vn -0.059208 0.372316 -0.926216
vn -0.058416 0.526250 -0.848321
vn -0.056948 -0.182573 -0.981542
vn -0.058408 0.000729 -0.998293
vn -0.056931 -0.672064 -0.738301
vn -0.058392 -0.524880 -0.849171
vn -0.058399 -0.359861 -0.931176
vn -0.058319 -0.794641 -0.604272
vn -0.058300 -0.993618 -0.096566
vn -0.058312 -0.896141 0.439922
vn -0.058423 -0.531408 0.845099
vn -0.058465 -0.007982 0.998258
vn -0.116582 -0.001464 0.993180
vn -0.116560 0.181048 0.976543
vn -0.116509 0.357423 0.926647
vn -0.116538 0.521570 0.845212
vn -0.116561 0.668037 0.734942
vn -0.116553 0.791724 0.599657
vn -0.116533 0.888392 0.444048
vn -0.116545 0.954876 0.273183
vn -0.116576 0.988809 0.093101
vn -0.116546 0.989084 -0.090161
vn -0.116544 0.955665 -0.270410
vn -0.116566 0.889710 -0.441394
vn -0.116533 0.793450 -0.597376
vn -0.116559 0.670236 -0.732938
vn -0.116538 0.524078 -0.843659
vn -0.116525 0.360063 -0.925622
vn -0.116575 0.183984 -0.975992
vn -0.116582 0.001464 -0.993180
vn -0.116560 -0.181048 -0.976543
vn -0.116509 -0.357423 -0.926647
vn -0.116538 -0.521570 -0.845212
vn -0.116561 -0.668037 -0.734942
vn -0.116553 -0.791724 -0.599657
vn -0.116533 -0.888392 -0.444048
vn -0.116545 -0.954876 -0.273183
vn -0.120441 -0.988702 -0.089237
vn -0.115665 -0.987903 0.103289
vn -0.116544 -0.955665 0.270410
vn -0.116566 -0.889710 0.441394
vn -0.116533 -0.793450 0.597376
vn -0.116559 -0.670236 0.732938
vn -0.116538 -0.524078 0.843659
vn -0.116525 -0.360063 0.925622
vn -0.116575 -0.183984 0.975992
vn -0.165703 -0.954438 -0.248174
vn -0.181116 -0.973192 -0.141757
vn -0.170919 -0.985279 -0.003557
vn -0.170991 -0.973757 0.150195
vn -0.174096 -0.939705 0.294356
vn -0.173688 -0.869839 0.461750
vn -0.173200 -0.770594 0.613340
vn -0.172511 -0.645163 0.744315
vn -0.171643 -0.497698 0.850197
vn -0.170544 -0.333588 0.927164
vn -0.169293 -0.157965 0.972824
vn -0.167951 0.023038 0.985526
vn -0.166300 0.203547 0.964838
vn -0.164543 0.376933 0.911508
vn -0.179227 0.535728 0.825151
vn -0.174245 0.682486 0.709825
vn -0.173914 0.801089 0.572722
vn -0.173479 0.892546 0.416252
vn -0.172824 0.953842 0.245595
vn -0.171929 0.982864 0.066471
vn -0.170953 0.978569 -0.114798
vn -0.169773 0.941127 -0.292331
vn -0.168414 0.871750 -0.460097
vn -0.166908 0.772899 -0.612183
vn -0.165202 0.647752 -0.743725
vn -0.179246 0.499485 -0.847576
vn -0.174290 0.331156 -0.927339
vn -0.174026 0.155510 -0.972384
vn -0.173659 -0.025364 -0.984479
vn -0.173005 -0.205605 -0.963222
vn -0.172204 -0.378596 -0.909401
vn -0.171320 -0.539003 -0.824697
vn -0.170177 -0.681286 -0.711961
vn -0.168820 -0.800439 -0.575150
vn -0.167356 -0.892515 -0.418819
vn -0.735890 0.674691 0.057087
vn -0.384713 0.918517 0.091223
vn -0.935086 0.353316 0.027985
vn -0.999990 0.004533 0.000469
vn -0.924280 0.376747 0.061391
vn -0.999980 0.006184 0.001221
vn -0.924358 0.368505 0.098820
vn -0.999875 0.015129 0.004604
vn -0.924490 0.357588 0.132095
vn -0.999908 0.012592 0.005074
vn -0.929209 0.328606 0.169081
vn -0.997762 0.045606 0.048906
vn -0.004374 0.901358 0.433053
vn -0.348464 0.846253 0.403025
vn -0.008215 0.921234 0.388921
vn -0.351588 0.870711 0.343873
vn -0.005193 0.950675 0.310147
vn -0.293649 0.916542 0.271516
vn -0.008411 0.962440 0.271363
vn -0.002115 0.977293 0.211884
vn -0.354524 0.918361 0.175860
vn -0.002816 0.990013 0.140945
vn -0.002924 0.996245 0.086527
vn -0.673478 0.663974 0.324910
vn -0.700312 0.666904 0.254563
vn -0.707273 0.680370 0.191994
vn -0.708046 0.695437 0.122629
vn 0.999950 0.007984 0.006059
vn 0.923689 0.309150 0.226327
vn 0.924504 0.307853 0.224764
vn 0.999949 0.008275 0.005730
vn 0.924273 0.324449 0.201126
vn 0.999970 0.006723 0.003877
vn 0.924474 0.341736 0.169012
vn 0.999983 0.005323 0.002425
vn 0.924410 0.356438 0.135712
vn 1.000000 0.000830 0.000286
vn 0.924239 0.368178 0.101131
vn 0.999899 0.013794 0.003320
vn 0.924506 0.375521 0.065366
vn 0.999955 0.009355 0.001324
vn 0.916416 0.398975 0.031645
vn 0.999917 0.012890 0.000838
vn 0.652626 0.755400 0.058733
vn 0.007254 0.999060 0.042734
vn 0.302923 0.950106 0.074403
vn 0.006772 0.992996 0.117957
vn 0.301646 0.942889 0.141315
vn 0.006036 0.986103 0.166028
vn 0.003098 0.975715 0.219021
vn 0.365734 0.903611 0.222994
vn 0.003907 0.957026 0.289975
vn 0.383049 0.873346 0.300899
vn 0.003884 0.939148 0.343492
vn 0.338415 0.855679 0.391521
vn 0.000858 0.915574 0.402148
vn 0.000681 0.882857 0.469642
vn 0.303465 0.821492 0.482763
vn 0.001382 0.856873 0.515526
vn 0.002028 0.832712 0.553703
vn 0.363495 0.763217 0.534201
vn 0.005068 0.806174 0.591657
vn 0.401863 0.729720 0.553187
vn 0.001407 0.787483 0.616334
vn 0.708520 0.566732 0.420493
vn 0.719270 0.565407 0.403690
vn 0.707474 0.605256 0.364891
vn 0.706919 0.637823 0.305691
vn 0.706965 0.664043 0.243410
vn 0.707962 0.683311 0.178536
vn 0.707746 0.697449 0.112516
vn 1.000000 0.000000 0.000000
vn 1.000000 0.000000 0.000000
vn 1.000000 0.000000 0.000000
vn 1.000000 0.000000 0.000000
vn 1.000000 0.000000 0.000000
vn 1.000000 0.000000 0.000000
vn 1.000000 0.000000 0.000000
vn 1.000000 0.000000 0.000000
vn 1.000000 0.000000 0.000000
vn 0.999950 0.002544 -0.009662
vn 0.999961 0.000765 -0.008778
vn 0.999950 0.008472 0.005279
vn 0.999929 -0.000993 -0.011840
vn 0.999949 -0.002530 -0.009756
vn 0.999949 -0.004158 -0.009205
vn 0.999970 -0.004358 -0.006441
vn 0.999900 0.005872 -0.012879
vn 0.999949 0.005709 -0.008377
vn 0.999949 0.007045 -0.007283
vn 0.999949 0.008171 -0.005977
vn 0.999949 0.009054 -0.004500
vn 0.999949 0.009669 -0.002893
vn 0.999949 0.009998 -0.001207
vn 0.999950 0.010030 0.000504
vn 0.999950 0.009769 0.002190
vn 0.999899 0.013119 0.005409
vn 1.000000 0.000000 0.000000
vn 0.999950 -0.006914 -0.007197
vn 0.999995 -0.002623 -0.001933
vn 0.999983 -0.005858 -0.000558
vn 0.999983 -0.005690 -0.000831
vn 0.999986 -0.005265 -0.001040
vn 0.999989 -0.004525 -0.001095
vn 0.999996 -0.002743 -0.000804
vn 0.999992 -0.003631 -0.001709
vn 0.999986 -0.005260 -0.000228
vn 1.000000 0.000000 0.000000
vn 1.000000 0.000000 0.000000
vn 1.000000 0.000000 0.000000
vn 1.000000 0.000000 0.000000
vn 1.000000 0.000000 0.000000
vn 0.735862 -0.676523 -0.028691
vn 0.443604 -0.895271 -0.041310
vn 0.420676 -0.867574 -0.265231
vn 0.408622 -0.887355 -0.213612
vn 0.004368 -0.965878 -0.258961
vn 0.002893 -0.971692 -0.236233
vn 0.015082 -0.978090 -0.207636
vn 0.439176 -0.881812 -0.171851
vn 0.008604 -0.985131 -0.171588
vn 0.382175 -0.914389 -0.133551
vn 0.010192 -0.991318 -0.131092
vn 0.403565 -0.910969 -0.085267
vn 0.005778 -0.995680 -0.092668
vn 0.016500 -0.998118 -0.059068
vn 0.004511 -0.999628 -0.026880
vn 0.922672 -0.385247 -0.016164
vn 0.924404 -0.380249 -0.029784
vn 0.924529 -0.377978 -0.048760
vn 0.924219 -0.375802 -0.067770
vn 0.924016 -0.372860 -0.084679
vn 0.930334 -0.352844 -0.099903
vn 0.686881 -0.697968 -0.202570
vn 0.699275 -0.696286 -0.161866
vn 0.706823 -0.695333 -0.130055
vn 0.706741 -0.701053 -0.095088
vn 0.707417 -0.704265 -0.059757
vn -0.924308 -0.379572 -0.039747
vn -0.999927 -0.012066 -0.001050
vn -0.999996 -0.002956 -0.000406
vn -0.923138 -0.383913 -0.020656
vn -0.999909 -0.013509 -0.000535
vn -0.679094 -0.733193 -0.035488
vn -0.424420 -0.904494 -0.041932
vn -0.008525 -0.999329 -0.035631
vn -0.432208 -0.897949 -0.082970
vn -0.002269 -0.994596 -0.103793
vn -0.016308 -0.997368 -0.070653
vn -0.381292 -0.911155 -0.156246
vn -0.005439 -0.982979 -0.183635
vn -0.003297 -0.986735 -0.162303
vn -0.984187 -0.175551 -0.023620
vn -0.871486 -0.485388 -0.070072
vn -0.914505 -0.399990 -0.060736
vn -0.739087 -0.664518 -0.110295
vn -0.712469 -0.694330 -0.101463
vn -0.444164 -0.887330 -0.123950
vn -0.018933 -0.992408 -0.121525
vn -0.707095 -0.703760 -0.068837
vn -0.998464 -0.054690 0.008848
vn -1.000000 0.000000 0.000000
vn -1.000000 0.000000 0.000000
vn -0.998591 0.010931 0.051932
vn -0.999865 0.001587 0.016351
vn -1.000000 0.000000 0.000000
vn -0.999967 -0.000444 0.008102
vn -1.000000 0.000000 0.000000
vn -1.000000 0.000000 0.000000
vn -1.000000 0.000000 0.000000
vn -1.000000 0.000000 0.000000
vn -0.999419 -0.024714 0.023454
vn -0.999921 -0.007563 0.009996
vn -0.999992 -0.002133 0.003403
vn -0.999442 -0.027409 0.019070
vn -0.999306 -0.032751 0.017721
vn -0.999957 -0.003246 0.008687
vn -0.999878 -0.006580 0.014171
vn -0.999637 -0.005512 0.026374
vn -1.000000 0.000000 0.000000
vn -1.000000 0.000000 0.000000
vn -1.000000 0.000000 0.000000
vn -1.000000 0.000000 0.000000
vn -1.000000 0.000000 0.000000
vn -1.000000 0.000000 0.000000
vn -1.000000 0.000000 0.000000
vn -1.000000 0.000000 0.000000
vn -1.000000 0.000000 0.000000
vn -1.000000 0.000000 0.000000
vn -1.000000 0.000000 0.000000
vn -1.000000 0.000000 0.000000
vn -1.000000 0.000000 0.000000
vn -0.146900 -0.972381 -0.181372
vn -0.000165 -0.962626 -0.270833
vn 0.002374 -0.968044 -0.250768
vn -0.281313 -0.949638 -0.138021
vn -0.006313 -0.979848 -0.199644
vn -0.364330 -0.919282 -0.148942
vn -0.654444 -0.751975 -0.078970
vn -0.769808 -0.637848 -0.023348
vn -0.553757 -0.831645 -0.041478
vn -0.207211 -0.976916 -0.051944
vn -0.138356 -0.972812 -0.185726
vn -0.132782 -0.971533 -0.196194
vn -0.127927 -0.970311 -0.205261
vn -0.929652 -0.367077 0.031652
vn -0.939822 -0.317706 0.125690
vn -0.893459 -0.441333 0.083405
vn -0.784559 -0.618642 0.041824
vn -0.860897 -0.494357 0.120282
vn -0.720476 -0.690696 0.062077
vn -0.461039 -0.883105 0.086996
vn -0.407680 -0.912322 -0.038286
vn -0.557755 -0.829750 0.020593
vn -0.654692 -0.751116 0.084869
vn -0.858163 -0.496936 0.128884
vn -0.736229 -0.661692 0.141880
vn -0.694041 -0.706397 0.138962
vn -0.414860 -0.907830 -0.061129
vn -0.391621 -0.918470 -0.055193
vn -0.395829 -0.917172 -0.045991
vn -0.213091 -0.964917 -0.153389
vn -0.000114 -0.970175 -0.242405
vn -0.001078 -0.975401 -0.220436
vn -0.621331 0.643245 0.447419
vn -0.489160 0.655264 0.575631
vn -0.364226 0.675780 0.640829
vn -0.575612 0.520723 0.630490
vn -0.991144 0.056539 0.120152
vn -0.694578 0.422187 0.582512
vn -0.754122 0.310789 0.578541
vn -0.467518 0.531607 0.706272
vn -0.926403 0.140187 0.349463
vn -0.850159 0.396439 0.346505
vn -0.710703 0.469718 0.523705
vn -0.839378 0.286873 0.461680
vn -0.836674 0.215615 0.503475
vn -0.863835 0.300441 0.404381
vn -0.006164 0.877950 0.478713
vn -0.002296 0.856342 0.516403
vn -0.213016 0.802260 0.557676
vn -0.000453 0.831295 0.555831
vn -0.263928 0.736094 0.623304
vn -0.001653 0.798162 0.602441
vn -0.268621 0.683654 0.678572
vn -0.004057 0.770644 0.637254
vn -0.289460 0.637659 0.713865
vn -0.285100 0.651677 0.702876
vn -0.496951 0.527656 0.688926
vn -0.419829 0.563579 0.711423
vn -0.353222 0.797416 0.489246
vn -0.474067 0.831336 -0.290070
vn -0.483764 0.863249 -0.144129
vn -0.007669 0.975770 -0.218665
vn -0.003069 0.300745 -0.953700
vn -0.005410 0.142021 -0.989849
vn -0.480850 0.188577 -0.856284
vn -0.473346 0.040192 -0.879959
vn -0.010545 -0.990282 0.138674
vn -0.010028 -0.969438 0.245133
vn -0.490304 -0.843022 0.221172
vn -0.473996 0.182313 0.861446
vn -0.482526 0.033429 0.875243
vn -0.010621 0.090411 0.995848
vn -0.472956 0.867981 0.151399
vn -0.478943 0.826443 0.295982
vn -0.005416 0.963428 0.267911
vn -0.469919 0.686194 0.555260
vn -0.009178 0.819561 0.572918
vn -0.504165 0.757074 0.415520
vn -0.007274 0.876719 0.480948
vn -0.002733 0.906579 0.422028
vn -0.485561 0.455092 0.746406
vn -0.010829 0.550912 0.834493
vn -0.473115 0.579184 0.663858
vn -0.009251 0.645317 0.763859
vn -0.005768 0.736695 0.676201
vn -0.006597 0.155653 0.987790
vn -0.016467 0.287405 0.957667
vn -0.487238 0.326257 0.810034
vn -0.010155 0.351047 0.936303
vn -0.009137 0.447166 0.894404
vn -0.472503 -0.260178 0.842050
vn -0.012277 -0.235234 0.971861
vn -0.497523 -0.105961 0.860955
vn -0.011257 -0.135954 0.990651
vn -0.004754 -0.067118 0.997734
vn -0.474575 -0.509703 0.717622
vn -0.009463 -0.527464 0.849525
vn -0.517581 -0.374279 0.769432
vn -0.009374 -0.387605 0.921778
vn -0.009639 -0.347175 0.937751
vn -0.473002 -0.635403 0.610354
vn -0.014603 -0.667206 0.744730
vn -0.006204 -0.584493 0.811375
vn -0.473449 -0.731825 0.490181
vn -0.015938 -0.783118 0.621669
vn -0.005597 -0.752707 0.658332
vn -0.485182 -0.798309 0.356793
vn -0.010227 -0.942424 0.334265
vn -0.010388 -0.895736 0.444465
vn -0.006499 -0.865029 0.501679
vn -0.010425 -0.999784 0.018001
vn -0.474324 -0.877441 0.071511
vn -0.009320 -0.999495 -0.030368
vn -0.482202 -0.872580 -0.078009
vn -0.010746 -0.985564 -0.168964
vn -0.009601 -0.974789 -0.222923
vn -0.500012 -0.839341 -0.213293
vn -0.007540 -0.938738 -0.344550
vn -0.471596 -0.802753 -0.364945
vn -0.005808 -0.887660 -0.460462
vn -0.005418 -0.869005 -0.494774
vn -0.517554 -0.715757 -0.468859
vn -0.005410 -0.774111 -0.633027
vn -0.456450 -0.647623 -0.610113
vn -0.004004 -0.735969 -0.677003
vn -0.481010 -0.520428 -0.705538
vn -0.006963 -0.553855 -0.832584
vn -0.004698 -0.647482 -0.762067
vn -0.484931 -0.252401 -0.837338
vn -0.007502 -0.334604 -0.942329
vn -0.474055 -0.393195 -0.787826
vn -0.002860 -0.370653 -0.928767
vn -0.009688 -0.513882 -0.857806
vn -0.005980 0.105844 -0.994365
vn -0.009134 -0.024797 -0.999651
vn -0.492615 -0.113094 -0.862868
vn -0.007209 -0.101525 -0.994807
vn -0.004000 -0.195600 -0.980676
vn -0.007301 0.372504 -0.928002
vn -0.501855 0.317062 -0.804744
vn -0.008411 0.467419 -0.883996
vn -0.470362 0.463821 -0.750753
vn -0.005915 0.566746 -0.823871
vn -0.006010 0.599248 -0.800541
vn -0.517560 0.555834 -0.650524
vn -0.010578 0.717661 -0.696312
vn -0.453984 0.687859 -0.566346
vn -0.002833 0.750969 -0.660332
vn -0.002897 0.968612 -0.248562
vn -0.009353 0.917841 -0.396837
vn -0.484754 0.763715 -0.426325
vn -0.007164 0.893701 -0.448606
vn -0.004349 0.838871 -0.544313
vn -0.006137 0.973548 0.228401
vn -0.008761 0.994418 0.105146
vn -0.495211 0.868766 -0.003402
vn -0.007339 0.999788 0.019223
vn -0.003627 0.997624 -0.068800
vn -0.834094 -0.322831 -0.447289
vn -0.834036 -0.393836 -0.386364
vn -0.833906 -0.453629 -0.314360
vn -0.834073 -0.499979 -0.233115
vn -0.834118 -0.532125 -0.145227
vn -0.833833 -0.549453 -0.053142
vn -0.833964 -0.550344 0.040328
vn -0.834104 -0.535407 0.132701
vn -0.834153 -0.242518 -0.495352
vn -0.834093 -0.155388 -0.529286
vn -0.833936 -0.063771 -0.548165
vn -0.834093 0.029917 -0.550812
vn -0.834019 0.122541 -0.537955
vn -0.834029 0.211625 -0.509520
vn -0.834113 0.294704 -0.466268
vn -0.834044 0.369330 -0.409837
vn -0.834008 0.433304 -0.341582
vn -0.833916 0.484904 -0.263537
vn -0.833823 0.522597 -0.177852
vn -0.833965 0.544938 -0.086863
vn -0.833967 0.551777 0.006434
vn -0.833949 0.542780 0.099594
vn -0.833942 0.518143 0.189917
vn -0.834028 0.478464 0.274719
vn -0.834027 0.425182 0.351595
vn -0.833993 0.359722 0.418397
vn -0.833928 0.283848 0.473280
vn -0.833993 0.199713 0.514364
vn -0.834070 0.109959 0.540589
vn -0.834129 0.016986 0.551307
vn -0.834097 -0.076479 0.546291
vn -0.834124 -0.167704 0.525465
vn -0.834132 -0.254056 0.489571
vn -0.833928 -0.333323 0.439840
vn -0.834051 -0.402739 0.377041
vn -0.834078 -0.460614 0.303561
vn -0.834011 -0.505375 0.221409
vn -0.995910 -0.047721 -0.076719
vn -0.995914 -0.059985 -0.067499
vn -0.995911 -0.070545 -0.056427
vn -0.995909 -0.079102 -0.043690
vn -0.995913 -0.085294 -0.029708
vn -0.995910 -0.089122 -0.014843
vn -0.995905 -0.090410 0.000430
vn -0.995912 -0.088959 0.015663
vn -0.995911 -0.085037 0.030506
vn -0.995909 -0.034083 -0.083684
vn -0.995908 -0.019470 -0.088251
vn -0.995918 -0.004258 -0.090165
vn -0.995912 0.011081 -0.089646
vn -0.995912 0.026043 -0.086495
vn -0.995910 0.040286 -0.080872
vn -0.995913 0.053374 -0.072858
vn -0.995912 0.064922 -0.062808
vn -0.995910 0.074617 -0.050941
vn -0.995910 0.082145 -0.037614
vn -0.995916 0.087264 -0.023152
vn -0.995912 0.089968 -0.008067
vn -0.995913 0.090031 0.007232
vn -0.995911 0.087529 0.022350
vn -0.995911 0.082490 0.036829
vn -0.995911 0.075078 0.050241
vn -0.995910 0.065520 0.062211
vn -0.995912 0.054066 0.072364
vn -0.995915 0.041020 0.080436
vn -0.995917 0.026823 0.086201
vn -0.995908 0.011910 0.089589
vn -0.995912 -0.003412 0.090263
vn -0.995911 -0.018617 0.088405
vn -0.995913 -0.033299 0.083954
vn -0.995908 -0.047011 0.077178
vn -0.995911 -0.059374 0.068083
vn -0.995914 -0.069991 0.057065
vn -0.995910 -0.078674 0.044428
vn -0.919359 0.238885 0.312590
vn -0.919333 0.288324 0.267761
vn -0.919409 0.329223 0.215173
vn -0.919408 0.360887 0.156366
vn -0.919383 0.382176 0.093143
vn -0.919436 0.392297 0.027227
vn -0.919464 0.391188 -0.039469
vn -0.919362 0.379120 -0.105082
vn -0.919379 0.355866 -0.167634
vn -0.919401 0.322369 -0.225345
vn -0.919368 0.182581 0.348464
vn -0.919452 0.120968 0.374131
vn -0.919422 0.056074 0.389255
vn -0.919319 -0.010501 0.393373
vn -0.919402 -0.076886 0.385730
vn -0.919493 -0.140885 0.366992
vn -0.919452 -0.200862 0.338028
vn -0.919428 -0.255174 0.299229
vn -0.919466 -0.302000 0.251749
vn -0.919500 -0.340140 0.197042
vn -0.919467 -0.368600 0.136801
vn -0.919426 -0.386515 0.072539
vn -0.919456 -0.393145 0.006140
vn -0.919469 -0.388499 -0.060367
vn -0.919503 -0.372618 -0.125178
vn -0.919477 -0.346180 -0.186337
vn -0.919494 -0.309674 -0.242142
vn -0.919463 -0.264356 -0.291040
vn -0.919410 -0.211433 -0.331636
vn -0.919385 -0.152358 -0.362653
vn -0.919416 -0.088896 -0.383108
vn -0.919430 -0.022832 -0.392590
vn -0.919451 0.043876 -0.390749
vn -0.919402 0.109258 -0.377840
vn -0.919373 0.171554 -0.354008
vn -0.919413 0.228931 -0.319798
vn -0.919321 0.279797 -0.276699
vn -0.613217 0.463681 0.639503
vn -0.613584 0.566719 0.549859
vn -0.615001 0.651887 0.443641
vn -0.616604 0.717386 0.324279
vn -0.618635 0.760967 0.195498
vn -0.621387 0.781088 0.061482
vn -0.624486 0.777560 -0.073599
vn -0.628067 0.750522 -0.205547
vn -0.632029 0.701004 -0.330351
vn -0.636507 0.630743 -0.443872
vn -0.640943 0.542297 -0.543236
vn -0.679968 0.320468 0.659503
vn -0.643018 0.241040 0.726931
vn -0.637846 0.113128 0.761810
vn -0.633580 -0.019849 0.773423
vn -0.629556 -0.153421 0.761657
vn -0.625451 -0.283239 0.727040
vn -0.622096 -0.405486 0.669759
vn -0.619417 -0.516205 0.591486
vn -0.617236 -0.611649 0.494879
vn -0.615393 -0.688901 0.383024
vn -0.614013 -0.745540 0.259149
vn -0.613463 -0.779459 0.126911
vn -0.629040 -0.777351 -0.005749
vn -0.653183 -0.746517 -0.126747
vn -0.639485 -0.730094 -0.240877
vn -0.634782 -0.681190 -0.364736
vn -0.630573 -0.610969 -0.478638
vn -0.626391 -0.521838 -0.579067
vn -0.623263 -0.415549 -0.662467
vn -0.620573 -0.296177 -0.726064
vn -0.618042 -0.167386 -0.768118
vn -0.615949 -0.032666 -0.787109
vn -0.614408 0.103513 -0.782169
vn -0.613611 0.236691 -0.753299
vn -0.613200 0.362927 -0.701620
vn -0.677656 0.445879 -0.584786
vn 0.002222 0.825447 0.564475
vn 0.442378 0.765700 0.466911
vn 0.001570 0.893666 0.448731
vn 0.382235 0.854390 0.352015
vn 0.002106 0.935448 0.353458
vn 0.410669 0.890529 0.195726
vn 0.000665 0.972182 0.234224
vn 0.002337 0.996168 0.087429
vn 0.431994 0.901460 0.027396
vn 0.000869 0.999799 -0.020020
vn 0.002688 0.996654 -0.081696
vn 0.437670 0.891333 -0.118194
vn 0.001138 0.972251 -0.233936
vn 0.406301 0.874835 -0.263786
vn 0.000200 0.965209 -0.261479
vn 0.001784 0.913464 -0.406915
vn 0.435642 0.800528 -0.411547
vn 0.000686 0.875605 -0.483027
vn 0.002835 0.828057 -0.560637
vn 0.446225 0.716535 -0.536153
vn 0.002566 0.753497 -0.657446
vn 0.368481 0.635423 -0.678571
vn 0.000712 0.726498 -0.687169
vn 0.423228 0.356778 -0.832819
vn 0.002662 0.448601 -0.893728
vn 0.444564 0.491925 -0.748580
vn 0.001052 0.567524 -0.823356
vn 0.001955 0.610058 -0.792355
vn 0.408756 0.076319 -0.909447
vn 0.002521 0.159582 -0.987181
vn 0.427366 0.220052 -0.876890
vn 0.002935 0.308635 -0.951176
vn 0.000914 0.337394 -0.941363
vn 0.435733 -0.090253 -0.895540
vn 0.002219 -0.042666 -0.999087
vn 0.000643 0.110188 -0.993911
vn 0.001006 -0.521473 -0.853267
vn 0.000436 -0.380065 -0.924960
vn 0.379256 -0.394633 -0.836917
vn 0.001135 -0.355009 -0.934862
vn 0.443494 -0.234908 -0.864946
vn 0.002895 -0.213121 -0.977022
vn 0.000770 -0.140521 -0.990077
vn 0.001946 -0.584527 -0.811372
vn 0.438964 -0.517164 -0.734746
vn 0.002911 -0.664868 -0.746955
vn 0.445345 -0.626781 -0.639386
vn 0.001339 -0.758805 -0.651316
vn 0.381361 -0.744322 -0.548224
vn 0.001923 -0.821853 -0.569696
vn 0.405898 -0.817734 -0.408114
vn 0.000631 -0.886261 -0.463185
vn 0.003607 -0.939838 -0.341603
vn 0.909289 -0.380675 -0.168169
vn 0.924033 -0.320240 -0.208828
vn 0.923971 -0.280298 -0.260213
vn 0.923898 -0.232217 -0.304118
vn 0.923989 -0.177162 -0.338906
vn 0.924058 -0.116996 -0.363909
vn 0.924160 -0.053588 -0.378229
vn 0.924068 0.011313 -0.382061
vn 0.924133 0.075999 -0.374435
vn 0.924054 0.138471 -0.356300
vn 0.923852 0.197139 -0.328077
vn 0.923838 0.249919 -0.289938
vn 0.923895 0.295406 -0.243215
vn 0.923912 0.332314 -0.189617
vn 0.924031 0.359398 -0.130385
vn 0.923867 0.376705 -0.067544
vn 0.924020 0.382335 -0.002731
vn 0.924048 0.377191 0.062153
vn 0.923894 0.361532 0.125356
vn 0.923725 0.335914 0.184103
vn 0.705111 0.614493 0.353860
vn 0.705733 0.664072 0.246880
vn 0.706549 0.695543 0.130416
vn 0.706927 0.707208 0.010538
vn 0.706788 0.698888 -0.109571
vn 0.706423 0.670545 -0.226576
vn 0.707668 0.621217 -0.336595
vn 0.707188 0.555544 -0.437328
vn 0.707166 0.473359 -0.525212
vn 0.707448 0.377209 -0.597688
vn 0.706713 0.270722 -0.653657
vn 0.706530 0.155957 -0.690285
vn 0.706437 0.036590 -0.706830
vn 0.707227 -0.083805 -0.702002
vn 0.706520 -0.201777 -0.678318
vn 0.705997 -0.314179 -0.634712
vn 0.706331 -0.417077 -0.571964
vn 0.706652 -0.507860 -0.492668
vn 0.706167 -0.584438 -0.399700
vn 0.707569 -0.641291 -0.296802
vn -0.945975 0.074178 0.315641
vn -0.162515 0.634626 0.755539
vn -0.313014 0.523064 0.792733
vn -0.527367 0.416952 0.740294
vn -0.782723 0.246546 0.571455
vn -0.961456 -0.132418 0.240974
vn -0.954411 -0.101545 0.280693
vn -0.954409 -0.058054 0.292801
vn -0.954397 -0.013260 0.298245
vn -0.954383 0.031899 0.296877
vn -0.944674 -0.200176 0.259848
vn -0.954413 -0.214369 0.207704
vn -0.954422 -0.243203 0.173003
vn -0.963381 -0.235501 0.128205
vn -0.833057 -0.493277 0.250386
vn -0.810484 -0.553550 0.191565
vn -0.599096 -0.763039 0.242602
vn -0.457919 -0.872811 0.168854
vn -0.249142 -0.968291 0.018452
vn -0.332389 -0.927739 0.169756
vn -0.006758 -0.990522 -0.137186
vn -0.004549 -0.999966 0.006843
vn -0.012347 -0.994686 0.102212
vn -0.007737 -0.977536 0.210625
vn -0.277964 -0.905022 0.321979
vn -0.004018 -0.959928 0.280218
vn -0.276619 -0.672344 0.686612
vn -0.007841 -0.771249 0.636485
vn -0.320678 -0.755240 0.571644
vn -0.012105 -0.847814 0.530155
vn -0.303566 -0.834674 0.459528
vn -0.007384 -0.881427 0.472263
vn -0.003411 -0.920185 0.391468
vn -0.009588 -0.556429 0.830840
vn -0.003371 -0.644729 0.764404
vn -0.005249 -0.727207 0.686398
vn -0.330242 -0.547806 0.768666
vn -0.302485 -0.441668 0.844649
vn -0.010348 -0.463326 0.886127
vn -0.283994 -0.307821 0.908071
vn -0.004410 -0.351437 0.936201
vn -0.007986 -0.225901 0.974118
vn -0.312134 -0.158924 0.936651
vn -0.008222 -0.109352 0.993969
vn -0.278242 -0.017362 0.960354
vn -0.009800 -0.090863 0.995815
vn -0.276467 0.405801 0.871144
vn -0.007694 0.319091 0.947693
vn -0.319497 0.268980 0.908609
vn -0.010350 0.199543 0.979834
vn -0.303445 0.135798 0.943123
vn -0.007355 0.121317 0.992587
vn -0.003847 0.040306 0.999180
vn -0.009564 0.577586 0.816274
vn -0.003406 0.483679 0.875239
vn -0.004698 0.384776 0.922998
vn -0.576863 -0.724948 0.376402
vn -0.576968 -0.659839 0.481374
vn -0.577123 -0.579582 0.575337
vn -0.577030 -0.486205 0.656232
vn -0.576935 -0.381854 0.722034
vn -0.576980 -0.268576 0.771337
vn -0.577025 -0.149147 0.802993
vn -0.577122 -0.026304 0.816234
vn -0.577007 0.096975 0.810962
vn -0.576956 0.218150 0.787104
vn -0.546585 0.331920 0.768814
vn -0.005458 0.684216 0.729259
vn -0.819056 0.146657 0.554653
vn -0.820272 0.066332 0.568115
vn -0.820253 -0.020089 0.571649
vn -0.820171 -0.106125 0.562190
vn -0.820188 -0.189644 0.539747
vn -0.820194 -0.268863 0.504970
vn -0.820182 -0.341870 0.458724
vn -0.820139 -0.407233 0.401913
vn -0.820160 -0.463173 0.335870
# 1692 vertices, 0 vertices normals

f 1//1 2//2 3//3
f 3//3 2//2 4//4
f 3//3 4//4 5//5
f 5//5 6//6 3//3
f 3//3 6//6 7//7
f 3//3 7//7 8//8
f 9//9 10//10 11//11
f 8//8 12//12 3//3
f 3//3 12//12 9//9
f 3//3 9//9 13//13
f 13//13 9//9 11//11
f 14//14 15//15 16//16
f 16//16 15//15 17//17
f 16//16 17//17 18//18
f 19//19 20//20 21//21
f 21//21 20//20 22//22
f 21//21 22//22 23//23
f 24//24 25//25 26//26
f 26//26 25//25 27//27
f 26//26 27//27 28//28
f 29//29 30//30 31//31
f 31//31 30//30 32//32
f 31//31 32//32 33//33
f 34//34 35//35 36//36
f 36//36 35//35 37//37
f 36//36 37//37 38//38
f 39//39 40//40 41//41
f 41//41 40//40 42//42
f 41//41 42//42 43//43
f 44//44 45//45 46//46
f 46//46 45//45 47//47
f 46//46 47//47 48//48
f 49//49 50//50 51//51
f 51//51 50//50 52//52
f 51//51 52//52 53//53
f 54//54 55//55 56//56
f 56//56 55//55 57//57
f 56//56 57//57 58//58
f 59//59 60//60 61//61
f 61//61 60//60 62//62
f 61//61 62//62 63//63
f 64//64 65//65 66//66
f 66//66 65//65 67//67
f 66//66 67//67 68//68
f 69//69 70//70 71//71
f 71//71 70//70 72//72
f 71//71 72//72 73//73
f 74//74 51//51 75//75
f 75//75 51//51 53//53
f 75//75 53//53 76//76
f 77//77 46//46 78//78
f 78//78 46//46 48//48
f 78//78 48//48 79//79
f 80//80 31//31 81//81
f 81//81 31//31 33//33
f 81//81 33//33 82//82
f 83//83 26//26 84//84
f 84//84 26//26 28//28
f 84//84 28//28 85//85
f 86//86 71//71 87//87
f 87//87 71//71 73//73
f 87//87 73//73 88//88
f 89//89 66//66 90//90
f 90//90 66//66 68//68
f 90//90 68//68 91//91
f 92//92 61//61 93//93
f 93//93 61//61 63//63
f 93//93 63//63 94//94
f 95//95 56//56 96//96
f 96//96 56//56 58//58
f 96//96 58//58 97//97
f 98//98 21//21 99//99
f 99//99 21//21 23//23
f 99//99 23//23 100//100
f 101//101 16//16 102//102
f 102//102 16//16 18//18
f 102//102 18//18 103//103
f 104//104 41//41 105//105
f 105//105 41//41 43//43
f 105//105 43//43 106//106
f 107//107 36//36 108//108
f 108//108 36//36 38//38
f 108//108 38//38 109//109
f 110//110 2//2 111//111
f 111//111 2//2 1//1
f 111//111 1//1 112//112
f 112//112 1//1 3//3
f 11//11 113//113 114//114
f 11//11 114//114 13//13
f 13//13 114//114 112//112
f 13//13 112//112 3//3
f 9//9 115//115 116//116
f 9//9 116//116 10//10
f 10//10 116//116 113//113
f 10//10 113//113 11//11
f 8//8 117//117 118//118
f 8//8 118//118 12//12
f 12//12 118//118 115//115
f 12//12 115//115 9//9
f 6//6 119//119 120//120
f 6//6 120//120 7//7
f 7//7 120//120 117//117
f 7//7 117//117 8//8
f 4//4 121//121 122//122
f 4//4 122//122 5//5
f 5//5 122//122 119//119
f 5//5 119//119 6//6
f 121//121 4//4 110//110
f 110//110 4//4 2//2
f 21//21 98//98 123//123
f 16//16 101//101 124//124
f 125//125 18//18 126//126
f 126//126 18//18 17//17
f 126//126 17//17 127//127
f 127//127 17//17 15//15
f 127//127 15//15 128//128
f 128//128 15//15 14//14
f 128//128 14//14 129//129
f 130//130 100//100 23//23
f 14//14 16//16 129//129
f 129//129 16//16 124//124
f 129//129 124//124 131//131
f 131//131 124//124 132//132
f 131//131 132//132 133//133
f 132//132 130//130 133//133
f 133//133 130//130 23//23
f 133//133 23//23 134//134
f 134//134 23//23 22//22
f 134//134 22//22 135//135
f 135//135 22//22 20//20
f 135//135 20//20 136//136
f 136//136 20//20 19//19
f 136//136 19//19 137//137
f 19//19 21//21 137//137
f 137//137 21//21 123//123
f 137//137 123//123 138//138
f 138//138 123//123 139//139
f 138//138 139//139 125//125
f 125//125 139//139 140//140
f 125//125 140//140 18//18
f 18//18 140//140 103//103
f 31//31 80//80 141//141
f 26//26 83//83 142//142
f 143//143 28//28 144//144
f 144//144 28//28 27//27
f 144//144 27//27 145//145
f 145//145 27//27 25//25
f 145//145 25//25 146//146
f 146//146 25//25 24//24
f 146//146 24//24 147//147
f 148//148 82//82 33//33
f 24//24 26//26 147//147
f 147//147 26//26 142//142
f 147//147 142//142 149//149
f 149//149 142//142 150//150
f 149//149 150//150 151//151
f 150//150 148//148 151//151
f 151//151 148//148 33//33
f 151//151 33//33 152//152
f 152//152 33//33 32//32
f 152//152 32//32 153//153
f 153//153 32//32 30//30
f 153//153 30//30 154//154
f 154//154 30//30 29//29
f 154//154 29//29 155//155
f 29//29 31//31 155//155
f 155//155 31//31 141//141
f 155//155 141//141 156//156
f 156//156 141//141 157//157
f 156//156 157//157 143//143
f 143//143 157//157 158//158
f 143//143 158//158 28//28
f 28//28 158//158 85//85
f 41//41 104//104 159//159
f 36//36 107//107 160//160
f 161//161 38//38 162//162
f 162//162 38//38 37//37
f 162//162 37//37 163//163
f 163//163 37//37 35//35
f 163//163 35//35 164//164
f 164//164 35//35 34//34
f 164//164 34//34 165//165
f 166//166 106//106 43//43
f 34//34 36//36 165//165
f 165//165 36//36 160//160
f 165//165 160//160 167//167
f 167//167 160//160 168//168
f 167//167 168//168 169//169
f 168//168 166//166 169//169
f 169//169 166//166 43//43
f 169//169 43//43 170//170
f 170//170 43//43 42//42
f 170//170 42//42 171//171
f 171//171 42//42 40//40
f 171//171 40//40 172//172
f 172//172 40//40 39//39
f 172//172 39//39 173//173
f 39//39 41//41 173//173
f 173//173 41//41 159//159
f 173//173 159//159 174//174
f 174//174 159//159 175//175
f 174//174 175//175 161//161
f 161//161 175//175 176//176
f 161//161 176//176 38//38
f 38//38 176//176 109//109
f 51//51 74//74 177//177
f 46//46 77//77 178//178
f 179//179 48//48 180//180
f 180//180 48//48 47//47
f 180//180 47//47 181//181
f 181//181 47//47 45//45
f 181//181 45//45 182//182
f 182//182 45//45 44//44
f 182//182 44//44 183//183
f 184//184 76//76 53//53
f 44//44 46//46 183//183
f 183//183 46//46 178//178
f 183//183 178//178 185//185
f 185//185 178//178 186//186
f 185//185 186//186 187//187
f 186//186 184//184 187//187
f 187//187 184//184 53//53
f 187//187 53//53 188//188
f 188//188 53//53 52//52
f 188//188 52//52 189//189
f 189//189 52//52 50//50
f 189//189 50//50 190//190
f 190//190 50//50 49//49
f 190//190 49//49 191//191
f 49//49 51//51 191//191
f 191//191 51//51 177//177
f 191//191 177//177 192//192
f 192//192 177//177 193//193
f 192//192 193//193 179//179
f 179//179 193//193 194//194
f 179//179 194//194 48//48
f 48//48 194//194 79//79
f 61//61 92//92 195//195
f 56//56 95//95 196//196
f 197//197 58//58 198//198
f 198//198 58//58 57//57
f 198//198 57//57 199//199
f 199//199 57//57 55//55
f 199//199 55//55 200//200
f 200//200 55//55 54//54
f 200//200 54//54 201//201
f 202//202 94//94 63//63
f 54//54 56//56 201//201
f 201//201 56//56 196//196
f 201//201 196//196 203//203
f 203//203 196//196 204//204
f 203//203 204//204 205//205
f 204//204 202//202 205//205
f 205//205 202//202 63//63
f 205//205 63//63 206//206
f 206//206 63//63 62//62
f 206//206 62//62 207//207
f 207//207 62//62 60//60
f 207//207 60//60 208//208
f 208//208 60//60 59//59
f 208//208 59//59 209//209
f 59//59 61//61 209//209
f 209//209 61//61 195//195
f 209//209 195//195 210//210
f 210//210 195//195 211//211
f 210//210 211//211 197//197
f 197//197 211//211 212//212
f 197//197 212//212 58//58
f 58//58 212//212 97//97
f 71//71 86//86 213//213
f 66//66 89//89 214//214
f 215//215 68//68 216//216
f 216//216 68//68 67//67
f 216//216 67//67 217//217
f 217//217 67//67 65//65
f 217//217 65//65 218//218
f 218//218 65//65 64//64
f 218//218 64//64 219//219
f 220//220 88//88 73//73
f 64//64 66//66 219//219
f 219//219 66//66 214//214
f 219//219 214//214 221//221
f 221//221 214//214 222//222
f 221//221 222//222 223//223
f 222//222 220//220 223//223
f 223//223 220//220 73//73
f 223//223 73//73 224//224
f 224//224 73//73 72//72
f 224//224 72//72 225//225
f 225//225 72//72 70//70
f 225//225 70//70 226//226
f 226//226 70//70 69//69
f 226//226 69//69 227//227
f 69//69 71//71 227//227
f 227//227 71//71 213//213
f 227//227 213//213 228//228
f 228//228 213//213 229//229
f 228//228 229//229 215//215
f 215//215 229//229 230//230
f 215//215 230//230 68//68
f 68//68 230//230 91//91
f 231//231 232//232 233//233
f 233//233 232//232 234//234
f 74//74 75//75 235//235
f 74//74 235//235 177//177
f 177//177 235//235 236//236
f 177//177 236//236 193//193
f 193//193 236//236 237//237
f 193//193 237//237 194//194
f 194//194 237//237 238//238
f 194//194 238//238 79//79
f 79//79 238//238 239//239
f 79//79 239//239 78//78
f 77//77 78//78 240//240
f 77//77 240//240 178//178
f 178//178 240//240 241//241
f 178//178 241//241 186//186
f 186//186 241//241 242//242
f 186//186 242//242 184//184
f 184//184 242//242 243//243
f 184//184 243//243 76//76
f 76//76 243//243 244//244
f 76//76 244//244 75//75
f 80//80 81//81 245//245
f 80//80 245//245 141//141
f 141//141 245//245 246//246
f 141//141 246//246 157//157
f 157//157 246//246 247//247
f 157//157 247//247 158//158
f 158//158 247//247 248//248
f 158//158 248//248 85//85
f 85//85 248//248 249//249
f 85//85 249//249 84//84
f 83//83 84//84 250//250
f 83//83 250//250 142//142
f 142//142 250//250 251//251
f 142//142 251//251 150//150
f 150//150 251//251 252//252
f 150//150 252//252 148//148
f 148//148 252//252 253//253
f 148//148 253//253 82//82
f 82//82 253//253 254//254
f 82//82 254//254 81//81
f 255//255 90//90 91//91
f 255//255 91//91 256//256
f 256//256 91//91 230//230
f 256//256 230//230 257//257
f 257//257 230//230 229//229
f 257//257 229//229 258//258
f 258//258 229//229 213//213
f 258//258 213//213 259//259
f 259//259 213//213 86//86
f 259//259 86//86 87//87
f 260//260 87//87 88//88
f 260//260 88//88 261//261
f 261//261 88//88 220//220
f 261//261 220//220 262//262
f 262//262 220//220 222//222
f 262//262 222//222 263//263
f 263//263 222//222 214//214
f 263//263 214//214 264//264
f 264//264 214//214 89//89
f 264//264 89//89 90//90
f 265//265 96//96 97//97
f 265//265 97//97 266//266
f 266//266 97//97 212//212
f 266//266 212//212 267//267
f 267//267 212//212 211//211
f 267//267 211//211 268//268
f 268//268 211//211 195//195
f 268//268 195//195 269//269
f 269//269 195//195 92//92
f 269//269 92//92 93//93
f 270//270 93//93 94//94
f 270//270 94//94 271//271
f 271//271 94//94 202//202
f 271//271 202//202 272//272
f 272//272 202//202 204//204
f 272//272 204//204 273//273
f 273//273 204//204 196//196
f 273//273 196//196 274//274
f 274//274 196//196 95//95
f 274//274 95//95 96//96
f 275//275 102//102 103//103
f 275//275 103//103 276//276
f 276//276 103//103 140//140
f 276//276 140//140 277//277
f 277//277 140//140 139//139
f 277//277 139//139 278//278
f 278//278 139//139 123//123
f 278//278 123//123 279//279
f 279//279 123//123 98//98
f 279//279 98//98 99//99
f 280//280 99//99 100//100
f 280//280 100//100 281//281
f 281//281 100//100 130//130
f 281//281 130//130 282//282
f 282//282 130//130 132//132
f 282//282 132//132 283//283
f 283//283 132//132 124//124
f 283//283 124//124 284//284
f 284//284 124//124 101//101
f 284//284 101//101 102//102
f 285//285 108//108 109//109
f 285//285 109//109 286//286
f 286//286 109//109 176//176
f 286//286 176//176 287//287
f 287//287 176//176 175//175
f 287//287 175//175 288//288
f 288//288 175//175 159//159
f 288//288 159//159 289//289
f 289//289 159//159 104//104
f 289//289 104//104 105//105
f 290//290 105//105 106//106
f 290//290 106//106 291//291
f 291//291 106//106 166//166
f 291//291 166//166 292//292
f 292//292 166//166 168//168
f 292//292 168//168 293//293
f 293//293 168//168 160//160
f 293//293 160//160 294//294
f 294//294 160//160 107//107
f 294//294 107//107 108//108
f 295//295 296//296 297//297
f 297//297 296//296 298//298
f 299//299 295//295 300//300
f 300//300 295//295 297//297
f 300//300 297//297 301//301
f 301//301 297//297 302//302
f 121//121 110//110 303//303
f 304//304 305//305 306//306
f 306//306 305//305 307//307
f 115//115 308//308 116//116
f 116//116 308//308 309//309
f 116//116 309//309 113//113
f 309//309 310//310 113//113
f 113//113 310//310 311//311
f 113//113 311//311 114//114
f 114//114 311//311 312//312
f 114//114 312//312 112//112
f 112//112 312//312 313//313
f 112//112 313//313 111//111
f 111//111 313//313 304//304
f 111//111 304//304 110//110
f 110//110 304//304 306//306
f 110//110 306//306 314//314
f 314//314 315//315 110//110
f 110//110 315//315 316//316
f 110//110 316//316 303//303
f 303//303 316//316 317//317
f 318//318 319//319 117//117
f 117//117 319//319 118//118
f 118//118 319//319 320//320
f 118//118 320//320 115//115
f 115//115 320//320 321//321
f 115//115 321//321 308//308
f 117//117 120//120 318//318
f 318//318 120//120 119//119
f 318//318 119//119 303//303
f 303//303 119//119 122//122
f 303//303 122//122 121//121
f 317//317 322//322 303//303
f 303//303 322//322 323//323
f 303//303 323//323 324//324
f 324//324 323//323 325//325
f 326//326 327//327 328//328
f 328//328 327//327 329//329
f 328//328 329//329 330//330
f 330//330 329//329 331//331
f 330//330 331//331 325//325
f 325//325 331//331 332//332
f 325//325 332//332 324//324
f 333//333 334//334 335//335
f 335//335 334//334 336//336
f 336//336 334//334 337//337
f 336//336 337//337 338//338
f 337//337 339//339 338//338
f 338//338 339//339 340//340
f 338//338 340//340 341//341
f 341//341 340//340 342//342
f 341//341 342//342 343//343
f 343//343 342//342 344//344
f 344//344 342//342 345//345
f 344//344 345//345 346//346
f 346//346 345//345 347//347
f 346//346 347//347 348//348
f 347//347 349//349 348//348
f 348//348 349//349 350//350
f 348//348 350//350 351//351
f 351//351 350//350 352//352
f 351//351 352//352 353//353
f 353//353 352//352 354//354
f 354//354 352//352 355//355
f 354//354 355//355 356//356
f 356//356 355//355 357//357
f 356//356 357//357 358//358
f 357//357 359//359 358//358
f 358//358 359//359 360//360
f 358//358 360//360 361//361
f 361//361 360//360 362//362
f 361//361 362//362 363//363
f 363//363 362//362 364//364
f 363//363 364//364 365//365
f 365//365 364//364 366//366
f 365//365 366//366 367//367
f 367//367 366//366 368//368
f 366//366 369//369 368//368
f 368//368 369//369 370//370
f 368//368 370//370 371//371
f 371//371 370//370 372//372
f 371//371 372//372 373//373
f 373//373 372//372 374//374
f 373//373 374//374 375//375
f 375//375 374//374 376//376
f 375//375 376//376 377//377
f 377//377 376//376 378//378
f 377//377 378//378 379//379
f 379//379 378//378 380//380
f 379//379 380//380 381//381
f 381//381 380//380 382//382
f 381//381 382//382 383//383
f 383//383 382//382 384//384
f 383//383 384//384 385//385
f 385//385 384//384 386//386
f 385//385 386//386 387//387
f 387//387 386//386 388//388
f 387//387 388//388 389//389
f 389//389 388//388 390//390
f 389//389 390//390 391//391
f 391//391 390//390 392//392
f 391//391 392//392 393//393
f 393//393 392//392 394//394
f 393//393 394//394 395//395
f 395//395 394//394 396//396
f 395//395 396//396 397//397
f 396//396 398//398 397//397
f 397//397 398//398 399//399
f 397//397 399//399 400//400
f 400//400 399//399 401//401
f 400//400 401//401 402//402
f 402//402 401//401 403//403
f 402//402 403//403 404//404
f 404//404 403//403 405//405
f 404//404 405//405 406//406
f 406//406 405//405 407//407
f 406//406 407//407 408//408
f 408//408 407//407 409//409
f 408//408 409//409 410//410
f 410//410 409//409 411//411
f 410//410 411//411 412//412
f 412//412 411//411 413//413
f 412//412 413//413 414//414
f 414//414 413//413 415//415
f 414//414 415//415 416//416
f 416//416 415//415 417//417
f 416//416 417//417 418//418
f 418//418 417//417 419//419
f 418//418 419//419 420//420
f 420//420 419//419 421//421
f 335//335 422//422 333//333
f 333//333 422//422 423//423
f 333//333 423//423 424//424
f 424//424 423//423 425//425
f 424//424 425//425 426//426
f 426//426 425//425 427//427
f 426//426 427//427 428//428
f 428//428 427//427 429//429
f 428//428 429//429 430//430
f 430//430 429//429 431//431
f 430//430 431//431 432//432
f 432//432 431//431 433//433
f 432//432 433//433 434//434
f 434//434 433//433 435//435
f 434//434 435//435 436//436
f 436//436 435//435 437//437
f 436//436 437//437 438//438
f 438//438 437//437 439//439
f 438//438 439//439 421//421
f 421//421 439//439 440//440
f 421//421 440//440 420//420
f 234//234 232//232 441//441
f 441//441 232//232 442//442
f 441//441 442//442 443//443
f 443//443 442//442 444//444
f 443//443 444//444 445//445
f 445//445 444//444 446//446
f 445//445 446//446 447//447
f 447//447 446//446 448//448
f 447//447 448//448 449//449
f 449//449 448//448 450//450
f 449//449 450//450 451//451
f 451//451 450//450 452//452
f 453//453 454//454 455//455
f 455//455 454//454 456//456
f 455//455 456//456 457//457
f 457//457 456//456 458//458
f 457//457 458//458 459//459
f 459//459 458//458 460//460
f 459//459 460//460 452//452
f 452//452 460//460 461//461
f 462//462 463//463 464//464
f 464//464 463//463 454//454
f 464//464 454//454 465//465
f 465//465 454//454 453//453
f 465//465 453//453 466//466
f 466//466 453//453 467//467
f 466//466 467//467 468//468
f 444//444 442//442 469//469
f 469//469 442//442 232//232
f 470//470 450//450 448//448
f 452//452 450//450 459//459
f 459//459 450//450 470//470
f 459//459 470//470 457//457
f 457//457 470//470 471//471
f 457//457 471//471 455//455
f 455//455 471//471 453//453
f 453//453 471//471 472//472
f 453//453 472//472 467//467
f 473//473 474//474 475//475
f 476//476 477//477 474//474
f 478//478 477//477 479//479
f 479//479 477//477 476//476
f 479//479 476//476 480//480
f 480//480 476//476 481//481
f 232//232 482//482 469//469
f 469//469 482//482 483//483
f 469//469 483//483 481//481
f 481//481 483//483 484//484
f 481//481 484//484 480//480
f 474//474 473//473 476//476
f 476//476 473//473 485//485
f 476//476 485//485 481//481
f 481//481 485//485 486//486
f 481//481 486//486 469//469
f 469//469 486//486 446//446
f 469//469 446//446 444//444
f 468//468 467//467 475//475
f 475//475 467//467 472//472
f 475//475 472//472 473//473
f 473//473 472//472 471//471
f 473//473 471//471 485//485
f 485//485 471//471 470//470
f 485//485 470//470 486//486
f 486//486 470//470 448//448
f 486//486 448//448 446//446
f 232//232 231//231 482//482
f 482//482 231//231 487//487
f 482//482 487//487 483//483
f 483//483 487//487 488//488
f 483//483 488//488 484//484
f 484//484 488//488 489//489
f 484//484 489//489 480//480
f 480//480 489//489 490//490
f 480//480 490//490 479//479
f 479//479 490//490 491//491
f 479//479 491//491 478//478
f 478//478 491//491 492//492
f 493//493 494//494 495//495
f 495//495 494//494 496//496
f 497//497 498//498 499//499
f 231//231 498//498 487//487
f 487//487 498//498 497//497
f 487//487 497//497 488//488
f 488//488 497//497 500//500
f 488//488 500//500 489//489
f 489//489 500//500 490//490
f 490//490 500//500 501//501
f 490//490 501//501 491//491
f 502//502 503//503 504//504
f 505//505 506//506 503//503
f 507//507 506//506 508//508
f 508//508 506//506 505//505
f 508//508 505//505 509//509
f 509//509 505//505 510//510
f 496//496 511//511 495//495
f 495//495 511//511 512//512
f 495//495 512//512 510//510
f 510//510 512//512 513//513
f 510//510 513//513 509//509
f 503//503 502//502 505//505
f 505//505 502//502 514//514
f 505//505 514//514 510//510
f 510//510 514//514 515//515
f 510//510 515//515 495//495
f 495//495 515//515 516//516
f 495//495 516//516 493//493
f 492//492 491//491 504//504
f 504//504 491//491 501//501
f 504//504 501//501 502//502
f 502//502 501//501 500//500
f 502//502 500//500 514//514
f 514//514 500//500 497//497
f 514//514 497//497 515//515
f 515//515 497//497 499//499
f 515//515 499//499 516//516
f 129//129 517//517 128//128
f 128//128 517//517 518//518
f 128//128 518//518 127//127
f 127//127 518//518 519//519
f 127//127 519//519 126//126
f 126//126 519//519 520//520
f 126//126 520//520 125//125
f 125//125 520//520 521//521
f 125//125 521//521 138//138
f 138//138 521//521 522//522
f 138//138 522//522 137//137
f 137//137 522//522 523//523
f 137//137 523//523 136//136
f 136//136 523//523 524//524
f 136//136 524//524 135//135
f 135//135 524//524 525//525
f 135//135 525//525 134//134
f 134//134 525//525 526//526
f 134//134 526//526 133//133
f 133//133 526//526 527//527
f 133//133 527//527 131//131
f 131//131 527//527 528//528
f 131//131 528//528 129//129
f 129//129 528//528 517//517
f 147//147 529//529 146//146
f 146//146 529//529 530//530
f 146//146 530//530 145//145
f 145//145 530//530 531//531
f 145//145 531//531 144//144
f 144//144 531//531 532//532
f 144//144 532//532 143//143
f 143//143 532//532 533//533
f 143//143 533//533 156//156
f 156//156 533//533 534//534
f 156//156 534//534 155//155
f 155//155 534//534 535//535
f 155//155 535//535 154//154
f 154//154 535//535 536//536
f 154//154 536//536 537//537
f 537//537 536//536 538//538
f 537//537 538//538 152//152
f 152//152 538//538 539//539
f 152//152 539//539 151//151
f 151//151 539//539 540//540
f 151//151 540//540 149//149
f 149//149 540//540 541//541
f 149//149 541//541 147//147
f 147//147 541//541 529//529
f 165//165 542//542 164//164
f 164//164 542//542 543//543
f 164//164 543//543 163//163
f 163//163 543//543 544//544
f 163//163 544//544 162//162
f 162//162 544//544 545//545
f 162//162 545//545 161//161
f 161//161 545//545 546//546
f 161//161 546//546 174//174
f 174//174 546//546 547//547
f 174//174 547//547 173//173
f 173//173 547//547 548//548
f 173//173 548//548 172//172
f 172//172 548//548 549//549
f 172//172 549//549 171//171
f 171//171 549//549 550//550
f 171//171 550//550 170//170
f 170//170 550//550 551//551
f 170//170 551//551 169//169
f 169//169 551//551 552//552
f 169//169 552//552 167//167
f 167//167 552//552 553//553
f 167//167 553//553 165//165
f 165//165 553//553 542//542
f 554//554 555//555 556//556
f 556//556 555//555 557//557
f 556//556 557//557 558//558
f 558//558 557//557 559//559
f 558//558 559//559 560//560
f 560//560 559//559 561//561
f 560//560 561//561 562//562
f 562//562 561//561 563//563
f 562//562 563//563 564//564
f 564//564 563//563 565//565
f 564//564 565//565 566//566
f 566//566 565//565 567//567
f 566//566 567//567 568//568
f 568//568 567//567 569//569
f 568//568 569//569 570//570
f 570//570 569//569 571//571
f 570//570 571//571 572//572
f 572//572 571//571 573//573
f 572//572 573//573 574//574
f 574//574 573//573 575//575
f 574//574 575//575 576//576
f 576//576 575//575 577//577
f 576//576 577//577 578//578
f 578//578 577//577 579//579
f 578//578 579//579 580//580
f 580//580 579//579 581//581
f 580//580 581//581 582//582
f 582//582 581//581 583//583
f 582//582 583//583 584//584
f 584//584 583//583 585//585
f 584//584 585//585 586//586
f 586//586 585//585 587//587
f 586//586 587//587 588//588
f 588//588 587//587 589//589
f 588//588 589//589 590//590
f 590//590 589//589 591//591
f 590//590 591//591 592//592
f 592//592 591//591 593//593
f 592//592 593//593 594//594
f 594//594 593//593 595//595
f 594//594 595//595 596//596
f 596//596 595//595 597//597
f 596//596 597//597 598//598
f 598//598 597//597 599//599
f 598//598 599//599 600//600
f 600//600 599//599 601//601
f 600//600 601//601 602//602
f 602//602 601//601 603//603
f 602//602 603//603 604//604
f 604//604 603//603 605//605
f 604//604 605//605 606//606
f 606//606 605//605 607//607
f 606//606 607//607 608//608
f 608//608 607//607 609//609
f 608//608 609//609 610//610
f 610//610 609//609 611//611
f 610//610 611//611 612//612
f 612//612 611//611 613//613
f 612//612 613//613 614//614
f 614//614 613//613 615//615
f 614//614 615//615 616//616
f 616//616 615//615 617//617
f 616//616 617//617 618//618
f 618//618 617//617 619//619
f 618//618 619//619 620//620
f 620//620 619//619 554//554
f 620//620 554//554 556//556
f 621//621 622//622 437//437
f 437//437 622//622 439//439
f 439//439 622//622 440//440
f 440//440 622//622 623//623
f 440//440 623//623 420//420
f 420//420 623//623 624//624
f 420//420 624//624 418//418
f 418//418 624//624 416//416
f 416//416 624//624 625//625
f 416//416 625//625 414//414
f 414//414 625//625 412//412
f 412//412 625//625 626//626
f 412//412 626//626 410//410
f 410//410 626//626 627//627
f 410//410 627//627 408//408
f 628//628 397//397 629//629
f 629//629 397//397 400//400
f 629//629 400//400 630//630
f 630//630 400//400 402//402
f 630//630 402//402 631//631
f 631//631 402//402 404//404
f 631//631 404//404 627//627
f 627//627 404//404 406//406
f 627//627 406//406 408//408
f 632//632 393//393 628//628
f 628//628 393//393 395//395
f 628//628 395//395 397//397
f 633//633 387//387 634//634
f 634//634 387//387 389//389
f 634//634 389//389 632//632
f 632//632 389//389 391//391
f 632//632 391//391 393//393
f 635//635 383//383 633//633
f 633//633 383//383 385//385
f 633//633 385//385 387//387
f 636//636 377//377 637//637
f 637//637 377//377 379//379
f 637//637 379//379 635//635
f 635//635 379//379 381//381
f 635//635 381//381 383//383
f 638//638 373//373 636//636
f 636//636 373//373 375//375
f 636//636 375//375 377//377
f 363//363 365//365 639//639
f 639//639 365//365 367//367
f 639//639 367//367 640//640
f 640//640 367//367 368//368
f 640//640 368//368 638//638
f 638//638 368//368 371//371
f 638//638 371//371 373//373
f 363//363 639//639 361//361
f 361//361 639//639 641//641
f 361//361 641//641 358//358
f 358//358 641//641 642//642
f 358//358 642//642 356//356
f 356//356 642//642 354//354
f 354//354 642//642 643//643
f 354//354 643//643 353//353
f 353//353 643//643 644//644
f 353//353 644//644 351//351
f 351//351 644//644 348//348
f 348//348 644//644 645//645
f 348//348 645//645 346//346
f 346//346 645//645 344//344
f 344//344 645//645 646//646
f 344//344 646//646 343//343
f 343//343 646//646 647//647
f 343//343 647//647 341//341
f 341//341 647//647 338//338
f 338//338 647//647 648//648
f 338//338 648//648 336//336
f 336//336 648//648 335//335
f 335//335 648//648 649//649
f 335//335 649//649 422//422
f 422//422 649//649 650//650
f 422//422 650//650 423//423
f 437//437 435//435 621//621
f 621//621 435//435 433//433
f 621//621 433//433 651//651
f 651//651 433//433 431//431
f 651//651 431//431 652//652
f 652//652 431//431 429//429
f 652//652 429//429 653//653
f 653//653 429//429 427//427
f 653//653 427//427 650//650
f 650//650 427//427 425//425
f 650//650 425//425 423//423
f 651//651 654//654 621//621
f 621//621 654//654 655//655
f 621//621 655//655 622//622
f 622//622 655//655 656//656
f 622//622 656//656 623//623
f 623//623 656//656 657//657
f 623//623 657//657 624//624
f 624//624 657//657 658//658
f 624//624 658//658 625//625
f 625//625 658//658 659//659
f 625//625 659//659 626//626
f 626//626 659//659 660//660
f 626//626 660//660 627//627
f 627//627 660//660 661//661
f 627//627 661//661 631//631
f 631//631 661//661 662//662
f 631//631 662//662 630//630
f 630//630 662//662 663//663
f 630//630 663//663 629//629
f 629//629 663//663 664//664
f 629//629 664//664 628//628
f 628//628 664//664 665//665
f 628//628 665//665 632//632
f 632//632 665//665 666//666
f 632//632 666//666 634//634
f 634//634 666//666 667//667
f 634//634 667//667 633//633
f 633//633 667//667 668//668
f 633//633 668//668 635//635
f 635//635 668//668 669//669
f 635//635 669//669 637//637
f 637//637 669//669 670//670
f 637//637 670//670 636//636
f 636//636 670//670 671//671
f 636//636 671//671 638//638
f 638//638 671//671 672//672
f 638//638 672//672 640//640
f 640//640 672//672 673//673
f 640//640 673//673 639//639
f 639//639 673//673 674//674
f 639//639 674//674 641//641
f 641//641 674//674 675//675
f 641//641 675//675 642//642
f 642//642 675//675 676//676
f 642//642 676//676 643//643
f 643//643 676//676 677//677
f 643//643 677//677 644//644
f 644//644 677//677 678//678
f 644//644 678//678 645//645
f 645//645 678//678 679//679
f 645//645 679//679 646//646
f 646//646 679//679 680//680
f 646//646 680//680 647//647
f 647//647 680//680 681//681
f 647//647 681//681 648//648
f 648//648 681//681 682//682
f 648//648 682//682 649//649
f 649//649 682//682 683//683
f 649//649 683//683 650//650
f 650//650 683//683 684//684
f 650//650 684//684 653//653
f 653//653 684//684 685//685
f 653//653 685//685 652//652
f 652//652 685//685 686//686
f 652//652 686//686 651//651
f 651//651 686//686 654//654
f 654//654 588//588 655//655
f 655//655 588//588 590//590
f 655//655 590//590 656//656
f 656//656 590//590 592//592
f 656//656 592//592 657//657
f 657//657 592//592 594//594
f 657//657 594//594 658//658
f 658//658 594//594 596//596
f 658//658 596//596 659//659
f 659//659 596//596 598//598
f 659//659 598//598 660//660
f 660//660 598//598 600//600
f 660//660 600//600 661//661
f 661//661 600//600 602//602
f 661//661 602//602 662//662
f 662//662 602//602 604//604
f 662//662 604//604 663//663
f 663//663 604//604 606//606
f 663//663 606//606 664//664
f 664//664 606//606 608//608
f 664//664 608//608 665//665
f 665//665 608//608 610//610
f 665//665 610//610 666//666
f 666//666 610//610 612//612
f 666//666 612//612 667//667
f 667//667 612//612 614//614
f 667//667 614//614 668//668
f 668//668 614//614 616//616
f 668//668 616//616 669//669
f 669//669 616//616 618//618
f 669//669 618//618 670//670
f 670//670 618//618 620//620
f 670//670 620//620 671//671
f 671//671 620//620 556//556
f 671//671 556//556 672//672
f 672//672 556//556 558//558
f 672//672 558//558 673//673
f 673//673 558//558 560//560
f 673//673 560//560 674//674
f 674//674 560//560 562//562
f 674//674 562//562 675//675
f 675//675 562//562 564//564
f 675//675 564//564 676//676
f 676//676 564//564 566//566
f 676//676 566//566 677//677
f 677//677 566//566 568//568
f 677//677 568//568 678//678
f 678//678 568//568 570//570
f 678//678 570//570 679//679
f 679//679 570//570 572//572
f 679//679 572//572 680//680
f 680//680 572//572 574//574
f 680//680 574//574 681//681
f 681//681 574//574 576//576
f 681//681 576//576 682//682
f 682//682 576//576 578//578
f 682//682 578//578 683//683
f 683//683 578//578 580//580
f 683//683 580//580 684//684
f 684//684 580//580 582//582
f 684//684 582//582 685//685
f 685//685 582//582 584//584
f 685//685 584//584 686//686
f 686//686 584//584 586//586
f 686//686 586//586 654//654
f 654//654 586//586 588//588
f 183//183 687//687 182//182
f 182//182 687//687 688//688
f 182//182 688//688 181//181
f 181//181 688//688 689//689
f 181//181 689//689 180//180
f 180//180 689//689 690//690
f 180//180 690//690 179//179
f 179//179 690//690 691//691
f 179//179 691//691 192//192
f 192//192 691//691 692//692
f 192//192 692//692 191//191
f 191//191 692//692 693//693
f 191//191 693//693 190//190
f 190//190 693//693 694//694
f 190//190 694//694 695//695
f 695//695 694//694 696//696
f 695//695 696//696 188//188
f 188//188 696//696 697//697
f 188//188 697//697 187//187
f 187//187 697//697 698//698
f 187//187 698//698 185//185
f 185//185 698//698 699//699
f 185//185 699//699 183//183
f 183//183 699//699 687//687
f 201//201 700//700 200//200
f 200//200 700//700 701//701
f 200//200 701//701 199//199
f 199//199 701//701 702//702
f 199//199 702//702 198//198
f 198//198 702//702 703//703
f 198//198 703//703 197//197
f 197//197 703//703 704//704
f 197//197 704//704 210//210
f 210//210 704//704 705//705
f 210//210 705//705 209//209
f 209//209 705//705 706//706
f 209//209 706//706 208//208
f 208//208 706//706 707//707
f 208//208 707//707 207//207
f 207//207 707//707 708//708
f 207//207 708//708 206//206
f 206//206 708//708 709//709
f 206//206 709//709 205//205
f 205//205 709//709 710//710
f 205//205 710//710 203//203
f 203//203 710//710 711//711
f 203//203 711//711 201//201
f 201//201 711//711 700//700
f 219//219 712//712 218//218
f 218//218 712//712 713//713
f 218//218 713//713 217//217
f 217//217 713//713 714//714
f 217//217 714//714 216//216
f 216//216 714//714 715//715
f 216//216 715//715 215//215
f 215//215 715//715 716//716
f 215//215 716//716 228//228
f 228//228 716//716 717//717
f 228//228 717//717 227//227
f 227//227 717//717 718//718
f 227//227 718//718 226//226
f 226//226 718//718 719//719
f 226//226 719//719 225//225
f 225//225 719//719 720//720
f 225//225 720//720 224//224
f 224//224 720//720 721//721
f 224//224 721//721 223//223
f 223//223 721//721 722//722
f 223//223 722//722 221//221
f 221//221 722//722 723//723
f 221//221 723//723 219//219
f 219//219 723//723 712//712
f 496//496 724//724 511//511
f 511//511 724//724 725//725
f 511//511 725//725 512//512
f 512//512 725//725 726//726
f 512//512 726//726 513//513
f 513//513 726//726 727//727
f 513//513 727//727 509//509
f 509//509 727//727 728//728
f 509//509 728//728 508//508
f 508//508 728//728 729//729
f 730//730 731//731 729//729
f 729//729 731//731 732//732
f 729//729 732//732 508//508
f 508//508 732//732 733//733
f 508//508 733//733 507//507
f 734//734 496//496 735//735
f 735//735 496//496 494//494
f 735//735 494//494 736//736
f 736//736 494//494 493//493
f 736//736 493//493 737//737
f 737//737 493//493 516//516
f 737//737 516//516 738//738
f 738//738 516//516 499//499
f 738//738 499//499 739//739
f 739//739 499//499 498//498
f 739//739 498//498 233//233
f 233//233 498//498 231//231
f 451//451 740//740 741//741
f 741//741 740//740 742//742
f 741//741 742//742 743//743
f 743//743 742//742 744//744
f 743//743 744//744 745//745
f 745//745 744//744 746//746
f 745//745 746//746 747//747
f 747//747 746//746 748//748
f 749//749 750//750 751//751
f 751//751 750//750 747//747
f 751//751 747//747 752//752
f 752//752 747//747 748//748
f 752//752 748//748 753//753
f 753//753 748//748 754//754
f 753//753 754//754 755//755
f 756//756 757//757 758//758
f 759//759 760//760 761//761
f 743//743 745//745 762//762
f 747//747 750//750 763//763
f 764//764 765//765 766//766
f 764//764 766//766 767//767
f 767//767 766//766 768//768
f 767//767 768//768 769//769
f 769//769 768//768 763//763
f 769//769 763//763 770//770
f 770//770 763//763 750//750
f 770//770 750//750 749//749
f 451//451 741//741 449//449
f 449//449 741//741 771//771
f 449//449 771//771 447//447
f 447//447 771//771 445//445
f 445//445 771//771 772//772
f 445//445 772//772 443//443
f 443//443 772//772 761//761
f 443//443 761//761 441//441
f 441//441 761//761 760//760
f 441//441 760//760 234//234
f 765//765 756//756 766//766
f 766//766 756//756 758//758
f 766//766 758//758 768//768
f 768//768 758//758 773//773
f 768//768 773//773 763//763
f 763//763 773//773 762//762
f 763//763 762//762 747//747
f 747//747 762//762 745//745
f 757//757 759//759 758//758
f 758//758 759//759 761//761
f 758//758 761//761 773//773
f 773//773 761//761 772//772
f 773//773 772//772 762//762
f 762//762 772//772 771//771
f 762//762 771//771 743//743
f 743//743 771//771 741//741
f 764//764 774//774 765//765
f 765//765 774//774 775//775
f 776//776 777//777 778//778
f 778//778 777//777 779//779
f 775//775 779//779 765//765
f 765//765 779//779 777//777
f 765//765 777//777 756//756
f 756//756 777//777 780//780
f 756//756 780//780 757//757
f 757//757 780//780 781//781
f 757//757 781//781 759//759
f 759//759 781//781 782//782
f 759//759 782//782 760//760
f 760//760 782//782 783//783
f 760//760 783//783 234//234
f 234//234 783//783 233//233
f 784//784 785//785 786//786
f 787//787 788//788 789//789
f 782//782 781//781 790//790
f 780//780 777//777 791//791
f 792//792 793//793 794//794
f 792//792 794//794 795//795
f 795//795 794//794 796//796
f 795//795 796//796 797//797
f 797//797 796//796 791//791
f 797//797 791//791 798//798
f 798//798 791//791 777//777
f 798//798 777//777 776//776
f 233//233 783//783 739//739
f 739//739 783//783 799//799
f 739//739 799//799 738//738
f 738//738 799//799 737//737
f 737//737 799//799 800//800
f 737//737 800//800 736//736
f 736//736 800//800 789//789
f 736//736 789//789 735//735
f 735//735 789//789 788//788
f 735//735 788//788 734//734
f 793//793 784//784 794//794
f 794//794 784//784 786//786
f 794//794 786//786 796//796
f 796//796 786//786 801//801
f 796//796 801//801 791//791
f 791//791 801//801 790//790
f 791//791 790//790 780//780
f 780//780 790//790 781//781
f 785//785 787//787 786//786
f 786//786 787//787 789//789
f 786//786 789//789 801//801
f 801//801 789//789 800//800
f 801//801 800//800 790//790
f 790//790 800//800 799//799
f 790//790 799//799 782//782
f 782//782 799//799 783//783
f 802//802 803//803 804//804
f 793//793 792//792 805//805
f 802//802 804//804 806//806
f 805//805 806//806 793//793
f 793//793 806//806 804//804
f 793//793 804//804 784//784
f 784//784 804//804 807//807
f 784//784 807//807 785//785
f 785//785 807//807 808//808
f 785//785 808//808 787//787
f 787//787 808//808 809//809
f 787//787 809//809 788//788
f 788//788 809//809 810//810
f 788//788 810//810 734//734
f 734//734 810//810 811//811
f 812//812 242//242 813//813
f 813//813 242//242 241//241
f 813//813 241//241 814//814
f 814//814 241//241 240//240
f 814//814 240//240 815//815
f 815//815 240//240 78//78
f 815//815 78//78 816//816
f 816//816 78//78 239//239
f 816//816 239//239 817//817
f 817//817 239//239 238//238
f 817//817 238//238 818//818
f 818//818 238//238 237//237
f 818//818 237//237 819//819
f 819//819 237//237 236//236
f 819//819 236//236 820//820
f 820//820 236//236 235//235
f 820//820 235//235 821//821
f 821//821 235//235 75//75
f 821//821 75//75 822//822
f 822//822 75//75 244//244
f 822//822 244//244 823//823
f 823//823 244//244 243//243
f 823//823 243//243 812//812
f 812//812 243//243 242//242
f 824//824 252//252 825//825
f 825//825 252//252 251//251
f 825//825 251//251 826//826
f 826//826 251//251 250//250
f 826//826 250//250 827//827
f 827//827 250//250 84//84
f 827//827 84//84 828//828
f 828//828 84//84 249//249
f 828//828 249//249 829//829
f 829//829 249//249 248//248
f 829//829 248//248 830//830
f 830//830 248//248 247//247
f 830//830 247//247 831//831
f 831//831 247//247 246//246
f 831//831 246//246 832//832
f 832//832 246//246 245//245
f 832//832 245//245 833//833
f 833//833 245//245 81//81
f 833//833 81//81 834//834
f 834//834 81//81 254//254
f 834//834 254//254 835//835
f 835//835 254//254 253//253
f 835//835 253//253 824//824
f 824//824 253//253 252//252
f 836//836 262//262 837//837
f 837//837 262//262 263//263
f 837//837 263//263 838//838
f 838//838 263//263 264//264
f 838//838 264//264 839//839
f 839//839 264//264 90//90
f 839//839 90//90 840//840
f 840//840 90//90 255//255
f 840//840 255//255 841//841
f 841//841 255//255 256//256
f 841//841 256//256 842//842
f 842//842 256//256 257//257
f 842//842 257//257 843//843
f 843//843 257//257 258//258
f 843//843 258//258 844//844
f 844//844 258//258 259//259
f 844//844 259//259 845//845
f 845//845 259//259 87//87
f 845//845 87//87 846//846
f 846//846 87//87 260//260
f 846//846 260//260 847//847
f 847//847 260//260 261//261
f 847//847 261//261 836//836
f 836//836 261//261 262//262
f 848//848 272//272 849//849
f 849//849 272//272 273//273
f 849//849 273//273 850//850
f 850//850 273//273 274//274
f 850//850 274//274 851//851
f 851//851 274//274 96//96
f 851//851 96//96 852//852
f 852//852 96//96 265//265
f 852//852 265//265 853//853
f 853//853 265//265 266//266
f 853//853 266//266 854//854
f 854//854 266//266 267//267
f 854//854 267//267 855//855
f 855//855 267//267 268//268
f 855//855 268//268 856//856
f 856//856 268//268 269//269
f 856//856 269//269 857//857
f 857//857 269//269 93//93
f 857//857 93//93 858//858
f 858//858 93//93 270//270
f 858//858 270//270 859//859
f 859//859 270//270 271//271
f 859//859 271//271 848//848
f 848//848 271//271 272//272
f 860//860 282//282 861//861
f 861//861 282//282 283//283
f 861//861 283//283 862//862
f 862//862 283//283 284//284
f 862//862 284//284 863//863
f 863//863 284//284 102//102
f 863//863 102//102 864//864
f 864//864 102//102 275//275
f 864//864 275//275 865//865
f 865//865 275//275 276//276
f 865//865 276//276 866//866
f 866//866 276//276 277//277
f 866//866 277//277 867//867
f 867//867 277//277 278//278
f 867//867 278//278 868//868
f 868//868 278//278 279//279
f 868//868 279//279 869//869
f 869//869 279//279 99//99
f 869//869 99//99 870//870
f 870//870 99//99 280//280
f 870//870 280//280 871//871
f 871//871 280//280 281//281
f 871//871 281//281 860//860
f 860//860 281//281 282//282
f 872//872 292//292 873//873
f 873//873 292//292 293//293
f 873//873 293//293 874//874
f 874//874 293//293 294//294
f 874//874 294//294 875//875
f 875//875 294//294 108//108
f 875//875 108//108 876//876
f 876//876 108//108 285//285
f 876//876 285//285 877//877
f 877//877 285//285 286//286
f 877//877 286//286 878//878
f 878//878 286//286 287//287
f 878//878 287//287 879//879
f 879//879 287//287 288//288
f 879//879 288//288 880//880
f 880//880 288//288 289//289
f 880//880 289//289 881//881
f 881//881 289//289 105//105
f 881//881 105//105 882//882
f 882//882 105//105 290//290
f 882//882 290//290 883//883
f 883//883 290//290 291//291
f 883//883 291//291 872//872
f 872//872 291//291 292//292
f 300//300 884//884 299//299
f 299//299 884//884 885//885
f 299//299 885//885 295//295
f 295//295 885//885 886//886
f 295//295 886//886 296//296
f 296//296 886//886 887//887
f 296//296 887//887 298//298
f 298//298 887//887 888//888
f 298//298 888//888 297//297
f 297//297 888//888 889//889
f 297//297 889//889 302//302
f 302//302 889//889 890//890
f 302//302 890//890 301//301
f 301//301 890//890 891//891
f 301//301 891//891 300//300
f 300//300 891//891 884//884
f 306//306 892//892 314//314
f 314//314 892//892 893//893
f 894//894 316//316 315//315
f 894//894 315//315 895//895
f 895//895 315//315 314//314
f 895//895 314//314 893//893
f 896//896 322//322 317//317
f 896//896 317//317 897//897
f 897//897 317//317 316//316
f 897//897 316//316 894//894
f 898//898 325//325 323//323
f 898//898 323//323 899//899
f 899//899 323//323 322//322
f 899//899 322//322 896//896
f 900//900 328//328 330//330
f 900//900 330//330 901//901
f 901//901 330//330 325//325
f 901//901 325//325 898//898
f 328//328 900//900 326//326
f 326//326 900//900 902//902
f 326//326 902//902 327//327
f 327//327 902//902 903//903
f 327//327 903//903 329//329
f 329//329 903//903 904//904
f 905//905 332//332 331//331
f 905//905 331//331 906//906
f 906//906 331//331 329//329
f 906//906 329//329 904//904
f 907//907 303//303 324//324
f 907//907 324//324 908//908
f 908//908 324//324 332//332
f 908//908 332//332 905//905
f 909//909 319//319 318//318
f 909//909 318//318 910//910
f 910//910 318//318 303//303
f 910//910 303//303 907//907
f 911//911 321//321 320//320
f 911//911 320//320 912//912
f 912//912 320//320 319//319
f 912//912 319//319 909//909
f 913//913 309//309 308//308
f 913//913 308//308 914//914
f 914//914 308//308 321//321
f 914//914 321//321 911//911
f 915//915 311//311 310//310
f 915//915 310//310 916//916
f 916//916 310//310 309//309
f 916//916 309//309 913//913
f 917//917 313//313 312//312
f 917//917 312//312 918//918
f 918//918 312//312 311//311
f 918//918 311//311 915//915
f 313//313 917//917 304//304
f 304//304 917//917 919//919
f 304//304 919//919 305//305
f 305//305 919//919 920//920
f 305//305 920//920 307//307
f 307//307 920//920 921//921
f 307//307 921//921 306//306
f 306//306 921//921 892//892
f 922//922 923//923 372//372
f 924//924 925//925 362//362
f 926//926 927//927 352//352
f 928//928 929//929 342//342
f 930//930 931//931 411//411
f 932//932 933//933 401//401
f 934//934 935//935 392//392
f 936//936 937//937 382//382
f 392//392 390//390 934//934
f 934//934 390//390 388//388
f 934//934 388//388 938//938
f 938//938 388//388 386//386
f 938//938 386//386 937//937
f 937//937 386//386 384//384
f 937//937 384//384 382//382
f 401//401 399//399 932//932
f 932//932 399//399 398//398
f 932//932 398//398 939//939
f 939//939 398//398 396//396
f 939//939 396//396 935//935
f 935//935 396//396 394//394
f 935//935 394//394 392//392
f 411//411 409//409 930//930
f 930//930 409//409 407//407
f 930//930 407//407 940//940
f 940//940 407//407 405//405
f 940//940 405//405 933//933
f 933//933 405//405 403//403
f 933//933 403//403 401//401
f 941//941 417//417 942//942
f 942//942 417//417 415//415
f 942//942 415//415 931//931
f 931//931 415//415 413//413
f 931//931 413//413 411//411
f 943//943 436//436 944//944
f 944//944 436//436 438//438
f 944//944 438//438 945//945
f 945//945 438//438 421//421
f 945//945 421//421 941//941
f 941//941 421//421 419//419
f 941//941 419//419 417//417
f 946//946 430//430 947//947
f 947//947 430//430 432//432
f 947//947 432//432 943//943
f 943//943 432//432 434//434
f 943//943 434//434 436//436
f 948//948 333//333 949//949
f 949//949 333//333 424//424
f 949//949 424//424 950//950
f 950//950 424//424 426//426
f 950//950 426//426 946//946
f 946//946 426//426 428//428
f 946//946 428//428 430//430
f 342//342 340//340 928//928
f 928//928 340//340 339//339
f 928//928 339//339 951//951
f 951//951 339//339 337//337
f 951//951 337//337 948//948
f 948//948 337//337 334//334
f 948//948 334//334 333//333
f 352//352 350//350 926//926
f 926//926 350//350 349//349
f 926//926 349//349 952//952
f 952//952 349//349 347//347
f 952//952 347//347 929//929
f 929//929 347//347 345//345
f 929//929 345//345 342//342
f 362//362 360//360 924//924
f 924//924 360//360 359//359
f 924//924 359//359 953//953
f 953//953 359//359 357//357
f 953//953 357//357 927//927
f 927//927 357//357 355//355
f 927//927 355//355 352//352
f 372//372 370//370 922//922
f 922//922 370//370 369//369
f 922//922 369//369 954//954
f 954//954 369//369 366//366
f 954//954 366//366 925//925
f 925//925 366//366 364//364
f 925//925 364//364 362//362
f 382//382 380//380 936//936
f 936//936 380//380 378//378
f 936//936 378//378 955//955
f 955//955 378//378 376//376
f 955//955 376//376 923//923
f 923//923 376//376 374//374
f 923//923 374//374 372//372
f 955//955 956//956 936//936
f 936//936 956//956 957//957
f 936//936 957//957 937//937
f 937//937 957//957 958//958
f 937//937 958//958 938//938
f 938//938 958//958 959//959
f 938//938 959//959 934//934
f 934//934 959//959 960//960
f 934//934 960//960 935//935
f 935//935 960//960 961//961
f 935//935 961//961 939//939
f 939//939 961//961 962//962
f 939//939 962//962 932//932
f 932//932 962//962 963//963
f 932//932 963//963 933//933
f 933//933 963//963 964//964
f 933//933 964//964 940//940
f 940//940 964//964 965//965
f 940//940 965//965 930//930
f 930//930 965//965 966//966
f 930//930 966//966 931//931
f 931//931 966//966 967//967
f 931//931 967//967 942//942
f 942//942 967//967 968//968
f 942//942 968//968 941//941
f 941//941 968//968 969//969
f 941//941 969//969 945//945
f 945//945 969//969 970//970
f 945//945 970//970 944//944
f 944//944 970//970 971//971
f 944//944 971//971 943//943
f 943//943 971//971 972//972
f 943//943 972//972 947//947
f 947//947 972//972 973//973
f 947//947 973//973 946//946
f 946//946 973//973 974//974
f 946//946 974//974 950//950
f 950//950 974//974 975//975
f 950//950 975//975 949//949
f 949//949 975//975 976//976
f 949//949 976//976 948//948
f 948//948 976//976 977//977
f 948//948 977//977 951//951
f 951//951 977//977 978//978
f 951//951 978//978 928//928
f 928//928 978//978 979//979
f 928//928 979//979 929//929
f 929//929 979//979 980//980
f 929//929 980//980 952//952
f 952//952 980//980 981//981
f 952//952 981//981 926//926
f 926//926 981//981 982//982
f 926//926 982//982 927//927
f 927//927 982//982 983//983
f 927//927 983//983 953//953
f 953//953 983//983 984//984
f 953//953 984//984 924//924
f 924//924 984//984 985//985
f 924//924 985//985 925//925
f 925//925 985//985 986//986
f 925//925 986//986 954//954
f 954//954 986//986 987//987
f 954//954 987//987 922//922
f 922//922 987//987 988//988
f 922//922 988//988 923//923
f 923//923 988//988 989//989
f 923//923 989//989 955//955
f 955//955 989//989 956//956
f 990//990 991//991 981//981
f 981//981 991//991 992//992
f 981//981 992//992 982//982
f 982//982 992//992 993//993
f 982//982 993//993 983//983
f 983//983 993//993 994//994
f 983//983 994//994 984//984
f 984//984 994//994 995//995
f 984//984 995//995 985//985
f 985//985 995//995 996//996
f 985//985 996//996 986//986
f 986//986 996//996 997//997
f 986//986 997//997 987//987
f 987//987 997//997 998//998
f 987//987 998//998 988//988
f 988//988 998//998 999//999
f 988//988 999//999 989//989
f 989//989 999//999 1000//1000
f 989//989 1000//1000 956//956
f 956//956 1000//1000 1001//1001
f 956//956 1001//1001 957//957
f 957//957 1001//1001 1002//1002
f 957//957 1002//1002 958//958
f 958//958 1002//1002 1003//1003
f 958//958 1003//1003 959//959
f 959//959 1003//1003 1004//1004
f 959//959 1004//1004 960//960
f 960//960 1004//1004 1005//1005
f 960//960 1005//1005 961//961
f 961//961 1005//1005 1006//1006
f 961//961 1006//1006 962//962
f 962//962 1006//1006 1007//1007
f 962//962 1007//1007 963//963
f 963//963 1007//1007 1008//1008
f 963//963 1008//1008 964//964
f 964//964 1008//1008 1009//1009
f 964//964 1009//1009 965//965
f 965//965 1009//1009 1010//1010
f 965//965 1010//1010 966//966
f 966//966 1010//1010 1011//1011
f 966//966 1011//1011 967//967
f 967//967 1011//1011 1012//1012
f 967//967 1012//1012 968//968
f 968//968 1012//1012 1013//1013
f 968//968 1013//1013 969//969
f 969//969 1013//1013 1014//1014
f 969//969 1014//1014 970//970
f 970//970 1014//1014 1015//1015
f 970//970 1015//1015 971//971
f 971//971 1015//1015 1016//1016
f 971//971 1016//1016 972//972
f 972//972 1016//1016 1017//1017
f 972//972 1017//1017 973//973
f 973//973 1017//1017 1018//1018
f 973//973 1018//1018 974//974
f 974//974 1018//1018 1019//1019
f 974//974 1019//1019 975//975
f 975//975 1019//1019 1020//1020
f 975//975 1020//1020 976//976
f 976//976 1020//1020 1021//1021
f 976//976 1021//1021 977//977
f 977//977 1021//1021 1022//1022
f 977//977 1022//1022 978//978
f 978//978 1022//1022 1023//1023
f 978//978 1023//1023 979//979
f 979//979 1023//1023 1024//1024
f 979//979 1024//1024 980//980
f 980//980 1024//1024 990//990
f 980//980 990//990 981//981
f 452//452 461//461 451//451
f 451//451 461//461 740//740
f 748//748 746//746 1025//1025
f 744//744 742//742 1026//1026
f 755//755 754//754 1027//1027
f 755//755 1027//1027 1028//1028
f 1028//1028 1027//1027 1029//1029
f 1028//1028 1029//1029 1030//1030
f 1030//1030 1029//1029 1031//1031
f 1030//1030 1031//1031 1032//1032
f 1032//1032 1031//1031 1033//1033
f 1032//1032 1033//1033 1034//1034
f 1034//1034 1033//1033 1035//1035
f 1034//1034 1035//1035 1036//1036
f 1037//1037 1038//1038 1039//1039
f 1039//1039 1038//1038 1040//1040
f 1039//1039 1040//1040 1041//1041
f 1041//1041 1040//1040 1042//1042
f 1041//1041 1042//1042 1043//1043
f 1043//1043 1042//1042 1044//1044
f 1044//1044 1042//1042 1045//1045
f 1044//1044 1045//1045 1046//1046
f 1046//1046 1045//1045 1026//1026
f 1046//1046 1026//1026 1047//1047
f 1047//1047 1026//1026 742//742
f 1047//1047 742//742 740//740
f 1038//1038 1048//1048 1040//1040
f 1040//1040 1048//1048 1049//1049
f 1040//1040 1049//1049 1042//1042
f 1042//1042 1049//1049 1050//1050
f 1042//1042 1050//1050 1045//1045
f 1045//1045 1050//1050 1051//1051
f 1045//1045 1051//1051 1026//1026
f 1026//1026 1051//1051 1025//1025
f 1026//1026 1025//1025 744//744
f 744//744 1025//1025 746//746
f 1048//1048 1035//1035 1049//1049
f 1049//1049 1035//1035 1033//1033
f 1049//1049 1033//1033 1050//1050
f 1050//1050 1033//1033 1031//1031
f 1050//1050 1031//1031 1051//1051
f 1051//1051 1031//1031 1029//1029
f 1051//1051 1029//1029 1025//1025
f 1025//1025 1029//1029 1027//1027
f 1025//1025 1027//1027 748//748
f 748//748 1027//1027 754//754
f 1052//1052 1053//1053 1054//1054
f 1052//1052 1054//1054 1055//1055
f 1055//1055 1054//1054 1056//1056
f 1055//1055 1056//1056 1057//1057
f 1057//1057 1056//1056 1058//1058
f 1057//1057 1058//1058 1059//1059
f 1059//1059 1058//1058 1060//1060
f 1059//1059 1060//1060 1061//1061
f 1061//1061 1060//1060 1062//1062
f 1061//1061 1062//1062 1063//1063
f 1063//1063 1062//1062 1064//1064
f 1063//1063 1064//1064 1065//1065
f 1065//1065 1064//1064 1066//1066
f 1065//1065 1066//1066 1067//1067
f 462//462 1067//1067 463//463
f 463//463 1067//1067 1066//1066
f 463//463 1066//1066 454//454
f 454//454 1066//1066 456//456
f 460//460 458//458 1068//1068
f 1069//1069 1070//1070 1071//1071
f 1071//1071 1070//1070 1072//1072
f 1071//1071 1072//1072 1073//1073
f 1073//1073 1072//1072 1074//1074
f 1074//1074 1072//1072 1075//1075
f 1074//1074 1075//1075 1076//1076
f 1076//1076 1075//1075 1077//1077
f 1076//1076 1077//1077 1078//1078
f 1078//1078 1077//1077 1079//1079
f 1078//1078 1079//1079 1080//1080
f 1080//1080 1079//1079 1081//1081
f 1081//1081 1079//1079 1082//1082
f 1081//1081 1082//1082 1083//1083
f 1083//1083 1082//1082 1084//1084
f 1084//1084 1082//1082 1085//1085
f 1084//1084 1085//1085 1086//1086
f 1086//1086 1085//1085 1087//1087
f 1086//1086 1087//1087 1088//1088
f 1053//1053 1089//1089 1054//1054
f 1054//1054 1089//1089 1090//1090
f 1054//1054 1090//1090 1056//1056
f 1056//1056 1090//1090 1091//1091
f 1056//1056 1091//1091 1058//1058
f 1058//1058 1091//1091 1092//1092
f 1058//1058 1092//1092 1060//1060
f 1060//1060 1092//1092 1093//1093
f 1060//1060 1093//1093 1062//1062
f 1062//1062 1093//1093 1094//1094
f 1062//1062 1094//1094 1064//1064
f 1064//1064 1094//1094 1095//1095
f 1064//1064 1095//1095 1066//1066
f 1066//1066 1095//1095 1068//1068
f 1066//1066 1068//1068 456//456
f 456//456 1068//1068 458//458
f 1089//1089 1087//1087 1090//1090
f 1090//1090 1087//1087 1085//1085
f 1090//1090 1085//1085 1091//1091
f 1091//1091 1085//1085 1082//1082
f 1091//1091 1082//1082 1092//1092
f 1092//1092 1082//1082 1079//1079
f 1092//1092 1079//1079 1093//1093
f 1093//1093 1079//1079 1077//1077
f 1093//1093 1077//1077 1094//1094
f 1094//1094 1077//1077 1075//1075
f 1094//1094 1075//1075 1095//1095
f 1095//1095 1075//1075 1072//1072
f 1095//1095 1072//1072 1068//1068
f 1068//1068 1072//1072 1070//1070
f 1068//1068 1070//1070 460//460
f 460//460 1070//1070 1069//1069
f 460//460 1069//1069 461//461
f 1096//1096 1097//1097 1098//1098
f 477//477 478//478 1099//1099
f 503//503 506//506 1100//1100
f 1100//1100 506//506 507//507
f 1101//1101 492//492 1100//1100
f 1100//1100 492//492 504//504
f 1100//1100 504//504 503//503
f 474//474 477//477 475//475
f 475//475 477//477 1099//1099
f 475//475 1099//1099 468//468
f 468//468 1099//1099 466//466
f 465//465 713//713 712//712
f 713//713 465//465 714//714
f 714//714 465//465 466//466
f 714//714 466//466 715//715
f 723//723 722//722 1098//1098
f 1098//1098 722//722 721//721
f 1098//1098 721//721 720//720
f 720//720 719//719 1099//1099
f 719//719 718//718 1099//1099
f 1099//1099 718//718 717//717
f 1099//1099 717//717 466//466
f 466//466 717//717 716//716
f 466//466 716//716 715//715
f 698//698 1097//1097 699//699
f 699//699 1097//1097 464//464
f 699//699 464//464 687//687
f 698//698 697//697 1097//1097
f 1097//1097 697//697 1102//1102
f 1097//1097 1102//1102 1098//1098
f 1098//1098 1102//1102 694//694
f 1098//1098 694//694 693//693
f 465//465 692//692 691//691
f 712//712 723//723 465//465
f 465//465 723//723 1098//1098
f 465//465 1098//1098 692//692
f 692//692 1098//1098 693//693
f 691//691 690//690 465//465
f 465//465 690//690 1103//1103
f 465//465 1103//1103 464//464
f 464//464 1103//1103 688//688
f 464//464 688//688 687//687
f 553//553 552//552 1104//1104
f 1104//1104 552//552 551//551
f 553//553 1065//1065 542//542
f 542//542 1065//1065 1067//1067
f 542//542 1067//1067 543//543
f 543//543 1067//1067 462//462
f 543//543 462//462 544//544
f 544//544 462//462 464//464
f 544//544 464//464 545//545
f 1097//1097 550//550 549//549
f 549//549 548//548 1097//1097
f 1097//1097 548//548 547//547
f 1097//1097 547//547 464//464
f 464//464 547//547 546//546
f 464//464 546//546 545//545
f 559//559 557//557 1105//1105
f 1104//1104 593//593 591//591
f 1105//1105 557//557 1106//1106
f 591//591 589//589 1104//1104
f 1104//1104 589//589 1061//1061
f 1104//1104 1061//1061 553//553
f 553//553 1061//1061 1063//1063
f 553//553 1063//1063 1065//1065
f 575//575 1107//1107 577//577
f 577//577 1107//1107 1052//1052
f 577//577 1052//1052 579//579
f 579//579 1052//1052 1055//1055
f 579//579 1055//1055 581//581
f 581//581 1055//1055 1057//1057
f 581//581 1057//1057 583//583
f 583//583 1057//1057 1059//1059
f 583//583 1059//1059 585//585
f 585//585 1059//1059 1061//1061
f 585//585 1061//1061 587//587
f 587//587 1061//1061 589//589
f 557//557 555//555 1106//1106
f 1106//1106 555//555 554//554
f 1106//1106 554//554 1108//1108
f 1108//1108 554//554 619//619
f 1108//1108 619//619 1109//1109
f 1109//1109 619//619 617//617
f 1109//1109 617//617 1110//1110
f 1110//1110 617//617 615//615
f 1110//1110 615//615 1111//1111
f 1105//1105 1112//1112 559//559
f 559//559 1112//1112 1113//1113
f 559//559 1113//1113 561//561
f 561//561 1113//1113 1114//1114
f 561//561 1114//1114 563//563
f 563//563 1114//1114 1115//1115
f 563//563 1115//1115 565//565
f 565//565 1115//1115 1116//1116
f 565//565 1116//1116 567//567
f 567//567 1116//1116 1117//1117
f 567//567 1117//1117 569//569
f 569//569 1117//1117 1118//1118
f 569//569 1118//1118 571//571
f 571//571 1118//1118 1119//1119
f 571//571 1119//1119 573//573
f 573//573 1119//1119 1120//1120
f 573//573 1120//1120 575//575
f 575//575 1120//1120 1121//1121
f 575//575 1121//1121 1107//1107
f 603//603 601//601 1122//1122
f 615//615 613//613 1111//1111
f 1111//1111 613//613 611//611
f 1111//1111 611//611 1123//1123
f 1123//1123 611//611 609//609
f 1123//1123 609//609 1124//1124
f 1124//1124 609//609 607//607
f 1124//1124 607//607 605//605
f 601//601 599//599 1122//1122
f 1122//1122 599//599 597//597
f 1122//1122 597//597 1104//1104
f 1104//1104 597//597 595//595
f 1104//1104 595//595 593//593
f 1122//1122 1125//1125 1126//1126
f 1126//1126 1127//1127 1122//1122
f 1122//1122 1127//1127 1128//1128
f 1122//1122 1128//1128 1129//1129
f 605//605 603//603 1124//1124
f 1124//1124 603//603 1122//1122
f 1124//1124 1122//1122 1130//1130
f 1130//1130 1122//1122 1129//1129
f 704//704 703//703 1096//1096
f 711//711 710//710 1122//1122
f 1122//1122 710//710 1131//1131
f 1122//1122 1131//1131 1125//1125
f 710//710 709//709 1131//1131
f 1131//1131 709//709 708//708
f 1131//1131 708//708 1132//1132
f 708//708 707//707 1132//1132
f 1132//1132 707//707 706//706
f 1132//1132 706//706 1096//1096
f 1096//1096 706//706 705//705
f 1096//1096 705//705 704//704
f 702//702 701//701 1122//1122
f 1122//1122 701//701 700//700
f 1122//1122 700//700 711//711
f 551//551 550//550 1104//1104
f 1104//1104 550//550 1097//1097
f 1104//1104 1097//1097 1122//1122
f 1122//1122 1097//1097 1096//1096
f 1122//1122 1096//1096 702//702
f 702//702 1096//1096 703//703
f 1133//1133 1134//1134 532//532
f 532//532 1134//1134 533//533
f 1135//1135 1132//1132 1136//1136
f 1136//1136 1132//1132 539//539
f 1136//1136 536//536 1135//1135
f 1135//1135 536//536 535//535
f 1135//1135 535//535 1134//1134
f 1134//1134 535//535 534//534
f 1134//1134 534//534 533//533
f 720//720 1099//1099 1098//1098
f 1098//1098 1099//1099 1134//1134
f 1098//1098 1134//1134 1096//1096
f 1096//1096 1134//1134 1133//1133
f 1096//1096 1133//1133 530//530
f 530//530 529//529 1096//1096
f 1096//1096 529//529 541//541
f 1096//1096 541//541 1132//1132
f 1132//1132 541//541 540//540
f 1132//1132 540//540 539//539
f 1135//1135 526//526 525//525
f 1135//1135 525//525 1100//1100
f 525//525 524//524 1100//1100
f 1100//1100 524//524 523//523
f 1100//1100 523//523 1101//1101
f 1101//1101 523//523 522//522
f 522//522 521//521 1101//1101
f 1101//1101 521//521 520//520
f 1101//1101 520//520 519//519
f 478//478 492//492 1099//1099
f 1099//1099 492//492 1101//1101
f 1099//1099 1101//1101 1134//1134
f 1134//1134 1101//1101 519//519
f 1134//1134 519//519 518//518
f 518//518 517//517 1134//1134
f 1134//1134 517//517 528//528
f 1134//1134 528//528 1135//1135
f 1135//1135 528//528 527//527
f 1135//1135 527//527 526//526
f 507//507 733//733 1100//1100
f 1100//1100 733//733 732//732
f 1100//1100 732//732 1135//1135
f 1135//1135 732//732 731//731
f 1135//1135 731//731 1132//1132
f 1132//1132 731//731 730//730
f 1132//1132 730//730 1131//1131
f 728//728 727//727 1137//1137
f 726//726 725//725 1138//1138
f 1139//1139 1140//1140 1141//1141
f 1141//1141 1140//1140 1142//1142
f 1142//1142 1140//1140 1143//1143
f 1143//1143 1140//1140 1144//1144
f 1143//1143 1144//1144 1145//1145
f 1145//1145 1144//1144 1146//1146
f 1145//1145 1146//1146 1147//1147
f 1147//1147 1146//1146 1148//1148
f 1147//1147 1148//1148 1149//1149
f 1149//1149 1148//1148 1150//1150
f 1150//1150 1148//1148 1138//1138
f 1150//1150 1138//1138 1151//1151
f 1151//1151 1138//1138 725//725
f 1151//1151 725//725 724//724
f 1131//1131 730//730 729//729
f 729//729 1152//1152 1131//1131
f 1131//1131 1152//1152 1153//1153
f 1131//1131 1153//1153 1125//1125
f 1125//1125 1153//1153 1154//1154
f 1125//1125 1154//1154 1126//1126
f 1126//1126 1154//1154 1155//1155
f 1126//1126 1155//1155 1127//1127
f 1127//1127 1155//1155 1156//1156
f 1127//1127 1156//1156 1128//1128
f 1128//1128 1156//1156 1157//1157
f 1128//1128 1157//1157 1129//1129
f 1139//1139 1158//1158 1140//1140
f 1140//1140 1158//1158 1159//1159
f 1140//1140 1159//1159 1144//1144
f 1144//1144 1159//1159 1160//1160
f 1144//1144 1160//1160 1146//1146
f 1146//1146 1160//1160 1161//1161
f 1146//1146 1161//1161 1148//1148
f 1148//1148 1161//1161 1162//1162
f 1148//1148 1162//1162 1138//1138
f 1138//1138 1162//1162 1137//1137
f 1138//1138 1137//1137 726//726
f 726//726 1137//1137 727//727
f 1158//1158 1157//1157 1159//1159
f 1159//1159 1157//1157 1156//1156
f 1159//1159 1156//1156 1160//1160
f 1160//1160 1156//1156 1155//1155
f 1160//1160 1155//1155 1161//1161
f 1161//1161 1155//1155 1154//1154
f 1161//1161 1154//1154 1162//1162
f 1162//1162 1154//1154 1153//1153
f 1162//1162 1153//1153 1137//1137
f 1137//1137 1153//1153 1152//1152
f 1137//1137 1152//1152 728//728
f 728//728 1152//1152 729//729
f 724//724 496//496 811//811
f 811//811 496//496 734//734
f 1163//1163 1164//1164 1165//1165
f 1166//1166 1167//1167 1164//1164
f 803//803 1167//1167 804//804
f 804//804 1167//1167 1166//1166
f 804//804 1166//1166 807//807
f 807//807 1166//1166 1168//1168
f 807//807 1168//1168 808//808
f 808//808 1168//1168 809//809
f 809//809 1168//1168 1169//1169
f 809//809 1169//1169 810//810
f 810//810 1169//1169 1170//1170
f 810//810 1170//1170 811//811
f 1171//1171 1172//1172 1173//1173
f 1174//1174 1175//1175 1176//1176
f 1177//1177 1178//1178 1179//1179
f 1179//1179 1178//1178 1180//1180
f 1179//1179 1180//1180 1181//1181
f 1181//1181 1180//1180 1174//1174
f 1181//1181 1174//1174 1182//1182
f 1182//1182 1174//1174 1176//1176
f 1182//1182 1176//1176 1183//1183
f 1164//1164 1163//1163 1166//1166
f 1166//1166 1163//1163 1184//1184
f 1166//1166 1184//1184 1168//1168
f 1168//1168 1184//1184 1171//1171
f 1168//1168 1171//1171 1169//1169
f 1169//1169 1171//1171 1173//1173
f 1169//1169 1173//1173 1170//1170
f 1185//1185 1177//1177 1165//1165
f 1165//1165 1177//1177 1179//1179
f 1165//1165 1179//1179 1163//1163
f 1163//1163 1179//1179 1181//1181
f 1163//1163 1181//1181 1184//1184
f 1184//1184 1181//1181 1182//1182
f 1184//1184 1182//1182 1171//1171
f 1171//1171 1182//1182 1183//1183
f 1171//1171 1183//1183 1172//1172
f 838//838 839//839 1186//1186
f 749//749 751//751 1187//1187
f 1036//1036 1188//1188 1034//1034
f 1034//1034 1188//1188 1189//1189
f 1034//1034 1189//1189 1032//1032
f 1190//1190 755//755 1028//1028
f 1032//1032 1189//1189 1030//1030
f 1030//1030 1189//1189 1191//1191
f 1030//1030 1191//1191 1028//1028
f 767//767 769//769 1187//1187
f 1187//1187 769//769 770//770
f 1187//1187 770//770 749//749
f 776//776 1192//1192 798//798
f 798//798 1192//1192 795//795
f 798//798 795//795 797//797
f 803//803 802//802 1193//1193
f 1194//1194 1165//1165 1164//1164
f 1195//1195 887//887 1194//1194
f 1194//1194 887//887 886//886
f 1194//1194 886//886 1165//1165
f 886//886 885//885 1165//1165
f 1165//1165 885//885 884//884
f 1165//1165 884//884 891//891
f 1196//1196 1165//1165 1197//1197
f 1197//1197 1165//1165 891//891
f 1197//1197 891//891 1198//1198
f 1198//1198 891//891 890//890
f 1198//1198 890//890 888//888
f 888//888 890//890 889//889
f 1196//1196 1199//1199 1165//1165
f 1165//1165 1199//1199 1200//1200
f 1165//1165 1200//1200 1185//1185
f 904//904 903//903 909//909
f 903//903 902//902 1201//1201
f 1201//1201 1202//1202 903//903
f 903//903 1202//1202 1198//1198
f 903//903 1198//1198 1195//1195
f 1195//1195 1198//1198 888//888
f 1195//1195 888//888 887//887
f 915//915 916//916 1195//1195
f 1195//1195 916//916 913//913
f 913//913 914//914 1195//1195
f 1195//1195 914//914 911//911
f 1195//1195 911//911 903//903
f 903//903 911//911 912//912
f 903//903 912//912 909//909
f 1191//1191 920//920 919//919
f 892//892 921//921 893//893
f 893//893 921//921 1201//1201
f 920//920 1191//1191 921//921
f 921//921 1191//1191 1203//1203
f 921//921 1203//1203 1201//1201
f 902//902 900//900 1201//1201
f 1201//1201 900//900 901//901
f 1201//1201 901//901 898//898
f 1028//1028 1191//1191 1190//1190
f 1190//1190 1191//1191 919//919
f 1190//1190 919//919 1204//1204
f 1204//1204 919//919 917//917
f 1204//1204 917//917 918//918
f 898//898 899//899 1201//1201
f 1201//1201 899//899 896//896
f 1201//1201 896//896 897//897
f 897//897 894//894 1201//1201
f 1201//1201 894//894 895//895
f 1201//1201 895//895 893//893
f 1186//1186 1205//1205 816//816
f 823//823 812//812 1206//1206
f 812//812 813//813 1206//1206
f 1206//1206 813//813 814//814
f 1206//1206 814//814 1205//1205
f 816//816 817//817 1186//1186
f 1186//1186 817//817 818//818
f 1186//1186 818//818 1207//1207
f 1207//1207 818//818 819//819
f 822//822 1208//1208 1209//1209
f 1209//1209 1208//1208 1207//1207
f 1209//1209 1207//1207 820//820
f 820//820 1207//1207 819//819
f 825//825 1210//1210 824//824
f 824//824 1210//1210 1193//1193
f 824//824 1193//1193 835//835
f 835//835 1193//1193 834//834
f 825//825 826//826 1210//1210
f 1210//1210 826//826 1211//1211
f 1210//1210 1211//1211 1212//1212
f 830//830 1213//1213 829//829
f 829//829 1213//1213 1212//1212
f 829//829 1212//1212 828//828
f 828//828 1212//1212 1211//1211
f 830//830 831//831 1213//1213
f 1213//1213 831//831 832//832
f 1213//1213 832//832 1214//1214
f 838//838 1186//1186 837//837
f 843//843 1215//1215 842//842
f 842//842 1215//1215 1187//1187
f 842//842 1187//1187 841//841
f 841//841 1187//1187 840//840
f 843//843 844//844 1215//1215
f 1215//1215 844//844 845//845
f 1215//1215 845//845 1207//1207
f 845//845 846//846 1207//1207
f 1207//1207 846//846 847//847
f 1207//1207 847//847 1186//1186
f 1186//1186 847//847 836//836
f 1186//1186 836//836 837//837
f 850//850 851//851 1195//1195
f 1194//1194 857//857 858//858
f 1195//1195 851//851 1210//1210
f 1164//1164 1167//1167 1194//1194
f 1194//1194 1167//1167 803//803
f 1194//1194 803//803 857//857
f 857//857 803//803 1193//1193
f 857//857 1193//1193 856//856
f 856//856 1193//1193 855//855
f 851//851 852//852 1210//1210
f 1210//1210 852//852 853//853
f 1210//1210 853//853 1193//1193
f 1193//1193 853//853 854//854
f 1193//1193 854//854 855//855
f 858//858 859//859 1194//1194
f 1194//1194 859//859 848//848
f 1194//1194 848//848 1195//1195
f 1195//1195 848//848 849//849
f 1195//1195 849//849 850//850
f 864//864 865//865 1216//1216
f 1213//1213 869//869 870//870
f 869//869 1192//1192 868//868
f 868//868 1192//1192 867//867
f 1216//1216 865//865 1192//1192
f 1192//1192 865//865 866//866
f 1192//1192 866//866 867//867
f 1212//1212 862//862 1216//1216
f 1216//1216 862//862 863//863
f 1216//1216 863//863 864//864
f 870//870 871//871 1213//1213
f 1213//1213 871//871 860//860
f 1213//1213 860//860 1212//1212
f 1212//1212 860//860 861//861
f 1212//1212 861//861 862//862
f 834//834 1193//1193 1214//1214
f 1214//1214 1193//1193 802//802
f 1214//1214 802//802 1213//1213
f 1213//1213 802//802 806//806
f 1213//1213 806//806 869//869
f 869//869 806//806 805//805
f 869//869 805//805 1192//1192
f 1192//1192 805//805 792//792
f 1192//1192 792//792 795//795
f 876//876 877//877 1206//1206
f 840//840 1187//1187 839//839
f 839//839 1187//1187 751//751
f 839//839 751//751 1186//1186
f 1186//1186 751//751 752//752
f 1186//1186 752//752 1205//1205
f 1205//1205 752//752 753//753
f 1205//1205 753//753 1206//1206
f 1206//1206 753//753 875//875
f 1206//1206 875//875 876//876
f 753//753 755//755 875//875
f 875//875 755//755 1190//1190
f 875//875 1190//1190 874//874
f 874//874 1190//1190 873//873
f 877//877 878//878 1206//1206
f 1206//1206 878//878 1208//1208
f 1206//1206 1208//1208 823//823
f 823//823 1208//1208 822//822
f 881//881 1204//1204 880//880
f 880//880 1204//1204 1208//1208
f 880//880 1208//1208 879//879
f 879//879 1208//1208 878//878
f 881//881 882//882 1204//1204
f 1204//1204 882//882 883//883
f 1204//1204 883//883 1190//1190
f 1190//1190 883//883 872//872
f 1190//1190 872//872 873//873
f 907//907 908//908 910//910
f 910//910 908//908 905//905
f 910//910 905//905 909//909
f 909//909 905//905 906//906
f 909//909 906//906 904//904
f 1216//1216 1215//1215 1212//1212
f 1212//1212 1215//1215 1207//1207
f 1212//1212 1207//1207 1210//1210
f 1210//1210 1207//1207 1208//1208
f 1210//1210 1208//1208 1195//1195
f 1195//1195 1208//1208 1204//1204
f 1195//1195 1204//1204 915//915
f 915//915 1204//1204 918//918
f 776//776 778//778 1192//1192
f 1192//1192 778//778 779//779
f 1192//1192 779//779 1216//1216
f 1216//1216 779//779 775//775
f 1216//1216 775//775 1215//1215
f 1215//1215 775//775 774//774
f 1215//1215 774//774 1187//1187
f 1187//1187 774//774 764//764
f 1187//1187 764//764 767//767
f 1217//1217 1218//1218 1219//1219
f 1220//1220 1221//1221 1222//1222
f 1222//1222 1221//1221 1175//1175
f 1222//1222 1175//1175 1174//1174
f 1180//1180 1178//1178 1223//1223
f 1223//1223 1178//1178 1224//1224
f 1223//1223 1224//1224 1225//1225
f 1226//1226 1227//1227 1217//1217
f 1217//1217 1227//1227 1228//1228
f 1217//1217 1228//1228 1229//1229
f 1178//1178 1177//1177 1230//1230
f 1230//1230 1177//1177 1185//1185
f 1185//1185 1231//1231 1230//1230
f 1230//1230 1231//1231 1232//1232
f 1230//1230 1232//1232 1233//1233
f 1233//1233 1232//1232 1234//1234
f 1233//1233 1234//1234 1235//1235
f 1236//1236 1237//1237 1238//1238
f 1236//1236 1238//1238 1239//1239
f 1234//1234 1240//1240 1235//1235
f 1235//1235 1240//1240 1241//1241
f 1235//1235 1241//1241 1238//1238
f 1238//1238 1241//1241 1242//1242
f 1238//1238 1242//1242 1239//1239
f 1178//1178 1230//1230 1224//1224
f 1224//1224 1230//1230 1233//1233
f 1224//1224 1233//1233 1225//1225
f 1225//1225 1233//1233 1235//1235
f 1225//1225 1235//1235 1243//1243
f 1243//1243 1235//1235 1238//1238
f 1243//1243 1238//1238 1244//1244
f 1244//1244 1238//1238 1237//1237
f 1244//1244 1237//1237 1245//1245
f 1217//1217 1219//1219 1246//1246
f 1246//1246 1219//1219 1247//1247
f 1246//1246 1247//1247 1220//1220
f 1220//1220 1247//1247 1248//1248
f 1220//1220 1248//1248 1221//1221
f 1229//1229 1218//1218 1217//1217
f 1245//1245 1226//1226 1244//1244
f 1244//1244 1226//1226 1217//1217
f 1244//1244 1217//1217 1243//1243
f 1243//1243 1217//1217 1246//1246
f 1243//1243 1246//1246 1225//1225
f 1225//1225 1246//1246 1220//1220
f 1225//1225 1220//1220 1223//1223
f 1223//1223 1220//1220 1222//1222
f 1223//1223 1222//1222 1180//1180
f 1180//1180 1222//1222 1174//1174
f 1249//1249 1048//1048 1038//1038
f 1250//1250 1251//1251 1252//1252
f 1253//1253 1036//1036 1035//1035
f 1254//1254 1252//1252 1255//1255
f 1255//1255 1252//1252 1256//1256
f 1253//1253 1035//1035 1257//1257
f 1048//1048 1249//1249 1258//1258
f 1258//1258 1249//1249 1259//1259
f 1258//1258 1259//1259 1260//1260
f 1261//1261 1262//1262 1260//1260
f 1260//1260 1262//1262 1257//1257
f 1260//1260 1257//1257 1258//1258
f 1258//1258 1257//1257 1035//1035
f 1258//1258 1035//1035 1048//1048
f 1263//1263 1264//1264 1265//1265
f 1265//1265 1264//1264 1266//1266
f 1265//1265 1266//1266 1267//1267
f 1267//1267 1266//1266 1268//1268
f 1267//1267 1268//1268 1269//1269
f 1269//1269 1268//1268 1270//1270
f 1270//1270 1271//1271 1269//1269
f 1269//1269 1271//1271 1272//1272
f 1269//1269 1272//1272 1273//1273
f 1273//1273 1272//1272 1274//1274
f 1255//1255 1261//1261 1254//1254
f 1254//1254 1261//1261 1260//1260
f 1254//1254 1260//1260 1252//1252
f 1252//1252 1260//1260 1259//1259
f 1252//1252 1259//1259 1250//1250
f 1250//1250 1259//1259 1249//1249
f 1250//1250 1249//1249 1275//1275
f 1275//1275 1249//1249 1038//1038
f 1275//1275 1038//1038 1037//1037
f 1037//1037 1263//1263 1275//1275
f 1275//1275 1263//1263 1265//1265
f 1275//1275 1265//1265 1250//1250
f 1250//1250 1265//1265 1267//1267
f 1250//1250 1267//1267 1251//1251
f 1251//1251 1267//1267 1269//1269
f 1251//1251 1269//1269 1252//1252
f 1252//1252 1269//1269 1273//1273
f 1252//1252 1273//1273 1256//1256
f 1256//1256 1273//1273 1274//1274
f 1276//1276 1277//1277 1278//1278
f 1279//1279 1280//1280 1281//1281
f 1281//1281 1280//1280 1282//1282
f 1283//1283 1284//1284 1285//1285
f 1286//1286 1287//1287 1288//1288
f 1289//1289 1290//1290 1291//1291
f 1292//1292 1293//1293 1294//1294
f 1294//1294 1293//1293 1295//1295
f 1294//1294 1295//1295 1290//1290
f 1290//1290 1295//1295 1296//1296
f 1290//1290 1296//1296 1291//1291
f 1297//1297 1298//1298 1299//1299
f 1299//1299 1298//1298 1300//1300
f 1299//1299 1300//1300 1292//1292
f 1292//1292 1300//1300 1301//1301
f 1292//1292 1301//1301 1293//1293
f 1288//1288 1302//1302 1286//1286
f 1286//1286 1302//1302 1303//1303
f 1286//1286 1303//1303 1304//1304
f 1304//1304 1303//1303 1305//1305
f 1304//1304 1305//1305 1297//1297
f 1297//1297 1305//1305 1306//1306
f 1297//1297 1306//1306 1298//1298
f 1307//1307 1308//1308 1309//1309
f 1309//1309 1308//1308 1310//1310
f 1309//1309 1310//1310 1287//1287
f 1287//1287 1310//1310 1311//1311
f 1287//1287 1311//1311 1288//1288
f 1312//1312 1313//1313 1314//1314
f 1314//1314 1313//1313 1315//1315
f 1314//1314 1315//1315 1307//1307
f 1307//1307 1315//1315 1316//1316
f 1307//1307 1316//1316 1308//1308
f 1317//1317 1318//1318 1312//1312
f 1312//1312 1318//1318 1319//1319
f 1312//1312 1319//1319 1313//1313
f 1320//1320 1321//1321 1317//1317
f 1317//1317 1321//1321 1322//1322
f 1317//1317 1322//1322 1318//1318
f 1285//1285 1284//1284 1323//1323
f 1284//1284 1324//1324 1323//1323
f 1323//1323 1324//1324 1325//1325
f 1323//1323 1325//1325 1320//1320
f 1320//1320 1325//1325 1326//1326
f 1320//1320 1326//1326 1321//1321
f 1327//1327 1328//1328 1329//1329
f 1329//1329 1328//1328 1330//1330
f 1329//1329 1330//1330 1331//1331
f 1331//1331 1330//1330 1332//1332
f 1332//1332 1330//1330 1333//1333
f 1332//1332 1333//1333 1334//1334
f 1334//1334 1333//1333 1335//1335
f 1334//1334 1335//1335 1336//1336
f 1336//1336 1335//1335 1337//1337
f 1337//1337 1335//1335 1338//1338
f 1337//1337 1338//1338 1339//1339
f 1339//1339 1338//1338 1340//1340
f 1339//1339 1340//1340 1341//1341
f 1342//1342 1343//1343 1340//1340
f 1340//1340 1343//1343 1344//1344
f 1340//1340 1344//1344 1341//1341
f 1345//1345 1346//1346 1347//1347
f 1347//1347 1346//1346 1348//1348
f 1347//1347 1348//1348 1349//1349
f 1280//1280 1350//1350 1282//1282
f 1282//1282 1350//1350 1351//1351
f 1282//1282 1351//1351 1352//1352
f 1352//1352 1351//1351 1353//1353
f 1352//1352 1353//1353 1345//1345
f 1345//1345 1353//1353 1354//1354
f 1345//1345 1354//1354 1346//1346
f 1279//1279 1281//1281 1355//1355
f 1355//1355 1281//1281 1356//1356
f 1355//1355 1356//1356 1357//1357
f 1357//1357 1356//1356 1358//1358
f 1357//1357 1358//1358 1359//1359
f 1359//1359 1358//1358 1360//1360
f 1360//1360 1358//1358 1361//1361
f 1360//1360 1361//1361 1362//1362
f 1362//1362 1361//1361 1363//1363
f 1362//1362 1363//1363 1364//1364
f 1278//1278 1365//1365 1276//1276
f 1276//1276 1365//1365 1366//1366
f 1276//1276 1366//1366 1367//1367
f 1367//1367 1366//1366 1368//1368
f 1367//1367 1368//1368 1363//1363
f 1363//1363 1368//1368 1369//1369
f 1363//1363 1369//1369 1364//1364
f 1291//1291 1370//1370 1289//1289
f 1289//1289 1370//1370 1371//1371
f 1289//1289 1371//1371 1372//1372
f 1372//1372 1371//1371 1373//1373
f 1372//1372 1373//1373 1277//1277
f 1277//1277 1373//1373 1374//1374
f 1277//1277 1374//1374 1278//1278
f 1375//1375 1342//1342 1376//1376
f 1376//1376 1342//1342 1340//1340
f 1376//1376 1340//1340 1377//1377
f 1377//1377 1340//1340 1338//1338
f 1377//1377 1338//1338 1378//1378
f 1378//1378 1338//1338 1335//1335
f 1378//1378 1335//1335 1379//1379
f 1379//1379 1335//1335 1333//1333
f 1379//1379 1333//1333 1380//1380
f 1380//1380 1333//1333 1330//1330
f 1380//1380 1330//1330 1381//1381
f 1381//1381 1330//1330 1328//1328
f 1381//1381 1328//1328 1382//1382
f 1347//1347 1383//1383 1345//1345
f 1345//1345 1383//1383 1384//1384
f 1345//1345 1384//1384 1352//1352
f 1352//1352 1384//1384 1385//1385
f 1352//1352 1385//1385 1282//1282
f 1282//1282 1385//1385 1386//1386
f 1282//1282 1386//1386 1281//1281
f 1281//1281 1386//1386 1387//1387
f 1281//1281 1387//1387 1356//1356
f 1356//1356 1387//1387 1388//1388
f 1356//1356 1388//1388 1358//1358
f 1358//1358 1388//1388 1389//1389
f 1358//1358 1389//1389 1361//1361
f 1361//1361 1389//1389 1390//1390
f 1361//1361 1390//1390 1363//1363
f 1363//1363 1390//1390 1391//1391
f 1363//1363 1391//1391 1367//1367
f 1367//1367 1391//1391 1392//1392
f 1367//1367 1392//1392 1276//1276
f 1276//1276 1392//1392 1393//1393
f 1276//1276 1393//1393 1277//1277
f 1277//1277 1393//1393 1394//1394
f 1277//1277 1394//1394 1372//1372
f 1372//1372 1394//1394 1395//1395
f 1372//1372 1395//1395 1289//1289
f 1289//1289 1395//1395 1396//1396
f 1289//1289 1396//1396 1290//1290
f 1290//1290 1396//1396 1397//1397
f 1290//1290 1397//1397 1294//1294
f 1294//1294 1397//1397 1398//1398
f 1294//1294 1398//1398 1292//1292
f 1292//1292 1398//1398 1399//1399
f 1292//1292 1399//1399 1299//1299
f 1299//1299 1399//1399 1400//1400
f 1299//1299 1400//1400 1297//1297
f 1297//1297 1400//1400 1401//1401
f 1297//1297 1401//1401 1304//1304
f 1304//1304 1401//1401 1402//1402
f 1304//1304 1402//1402 1286//1286
f 1286//1286 1402//1402 1403//1403
f 1286//1286 1403//1403 1287//1287
f 1287//1287 1403//1403 1404//1404
f 1287//1287 1404//1404 1309//1309
f 1309//1309 1404//1404 1405//1405
f 1309//1309 1405//1405 1307//1307
f 1307//1307 1405//1405 1406//1406
f 1307//1307 1406//1406 1314//1314
f 1314//1314 1406//1406 1407//1407
f 1314//1314 1407//1407 1312//1312
f 1312//1312 1407//1407 1408//1408
f 1312//1312 1408//1408 1317//1317
f 1317//1317 1408//1408 1409//1409
f 1317//1317 1409//1409 1320//1320
f 1320//1320 1409//1409 1410//1410
f 1320//1320 1410//1410 1323//1323
f 1323//1323 1410//1410 1411//1411
f 1323//1323 1411//1411 1285//1285
f 1412//1412 1375//1375 1413//1413
f 1413//1413 1375//1375 1376//1376
f 1413//1413 1376//1376 1414//1414
f 1414//1414 1376//1376 1377//1377
f 1414//1414 1377//1377 1415//1415
f 1415//1415 1377//1377 1378//1378
f 1415//1415 1378//1378 1416//1416
f 1416//1416 1378//1378 1379//1379
f 1416//1416 1379//1379 1417//1417
f 1417//1417 1379//1379 1380//1380
f 1417//1417 1380//1380 1418//1418
f 1418//1418 1380//1380 1381//1381
f 1418//1418 1381//1381 1419//1419
f 1419//1419 1381//1381 1382//1382
f 1419//1419 1382//1382 1420//1420
f 1383//1383 1421//1421 1384//1384
f 1384//1384 1421//1421 1422//1422
f 1384//1384 1422//1422 1385//1385
f 1385//1385 1422//1422 1423//1423
f 1385//1385 1423//1423 1386//1386
f 1386//1386 1423//1423 1424//1424
f 1386//1386 1424//1424 1387//1387
f 1387//1387 1424//1424 1425//1425
f 1387//1387 1425//1425 1388//1388
f 1388//1388 1425//1425 1426//1426
f 1388//1388 1426//1426 1389//1389
f 1389//1389 1426//1426 1427//1427
f 1389//1389 1427//1427 1390//1390
f 1390//1390 1427//1427 1428//1428
f 1390//1390 1428//1428 1391//1391
f 1391//1391 1428//1428 1429//1429
f 1391//1391 1429//1429 1392//1392
f 1392//1392 1429//1429 1430//1430
f 1392//1392 1430//1430 1393//1393
f 1393//1393 1430//1430 1431//1431
f 1393//1393 1431//1431 1394//1394
f 1394//1394 1431//1431 1432//1432
f 1394//1394 1432//1432 1395//1395
f 1395//1395 1432//1432 1433//1433
f 1395//1395 1433//1433 1396//1396
f 1396//1396 1433//1433 1434//1434
f 1396//1396 1434//1434 1397//1397
f 1397//1397 1434//1434 1435//1435
f 1397//1397 1435//1435 1398//1398
f 1398//1398 1435//1435 1436//1436
f 1398//1398 1436//1436 1399//1399
f 1399//1399 1436//1436 1437//1437
f 1399//1399 1437//1437 1400//1400
f 1400//1400 1437//1437 1438//1438
f 1400//1400 1438//1438 1401//1401
f 1401//1401 1438//1438 1439//1439
f 1401//1401 1439//1439 1402//1402
f 1402//1402 1439//1439 1440//1440
f 1402//1402 1440//1440 1403//1403
f 1403//1403 1440//1440 1441//1441
f 1403//1403 1441//1441 1404//1404
f 1404//1404 1441//1441 1442//1442
f 1404//1404 1442//1442 1405//1405
f 1405//1405 1442//1442 1443//1443
f 1405//1405 1443//1443 1406//1406
f 1406//1406 1443//1443 1444//1444
f 1406//1406 1444//1444 1407//1407
f 1407//1407 1444//1444 1445//1445
f 1407//1407 1445//1445 1408//1408
f 1408//1408 1445//1445 1446//1446
f 1408//1408 1446//1446 1409//1409
f 1409//1409 1446//1446 1447//1447
f 1409//1409 1447//1447 1410//1410
f 1410//1410 1447//1447 1448//1448
f 1410//1410 1448//1448 1411//1411
f 1449//1449 1412//1412 1450//1450
f 1450//1450 1412//1412 1413//1413
f 1450//1450 1413//1413 1451//1451
f 1451//1451 1413//1413 1414//1414
f 1451//1451 1414//1414 1452//1452
f 1452//1452 1414//1414 1415//1415
f 1452//1452 1415//1415 1453//1453
f 1453//1453 1415//1415 1416//1416
f 1453//1453 1416//1416 1454//1454
f 1454//1454 1416//1416 1417//1417
f 1454//1454 1417//1417 1455//1455
f 1455//1455 1417//1417 1418//1418
f 1455//1455 1418//1418 1456//1456
f 1456//1456 1418//1418 1419//1419
f 1456//1456 1419//1419 1457//1457
f 1457//1457 1419//1419 1420//1420
f 1457//1457 1420//1420 1458//1458
f 1421//1421 1459//1459 1422//1422
f 1422//1422 1459//1459 1460//1460
f 1422//1422 1460//1460 1423//1423
f 1423//1423 1460//1460 1461//1461
f 1423//1423 1461//1461 1424//1424
f 1424//1424 1461//1461 1462//1462
f 1424//1424 1462//1462 1425//1425
f 1425//1425 1462//1462 1463//1463
f 1425//1425 1463//1463 1426//1426
f 1426//1426 1463//1463 1464//1464
f 1426//1426 1464//1464 1427//1427
f 1427//1427 1464//1464 1465//1465
f 1427//1427 1465//1465 1428//1428
f 1428//1428 1465//1465 1466//1466
f 1428//1428 1466//1466 1429//1429
f 1429//1429 1466//1466 1467//1467
f 1429//1429 1467//1467 1430//1430
f 1430//1430 1467//1467 1468//1468
f 1430//1430 1468//1468 1431//1431
f 1431//1431 1468//1468 1469//1469
f 1431//1431 1469//1469 1432//1432
f 1432//1432 1469//1469 1470//1470
f 1432//1432 1470//1470 1433//1433
f 1433//1433 1470//1470 1471//1471
f 1433//1433 1471//1471 1434//1434
f 1434//1434 1471//1471 1472//1472
f 1434//1434 1472//1472 1435//1435
f 1435//1435 1472//1472 1473//1473
f 1435//1435 1473//1473 1436//1436
f 1436//1436 1473//1473 1474//1474
f 1436//1436 1474//1474 1437//1437
f 1437//1437 1474//1474 1475//1475
f 1437//1437 1475//1475 1438//1438
f 1438//1438 1475//1475 1476//1476
f 1438//1438 1476//1476 1439//1439
f 1439//1439 1476//1476 1477//1477
f 1439//1439 1477//1477 1440//1440
f 1440//1440 1477//1477 1478//1478
f 1440//1440 1478//1478 1441//1441
f 1441//1441 1478//1478 1479//1479
f 1441//1441 1479//1479 1442//1442
f 1442//1442 1479//1479 1480//1480
f 1442//1442 1480//1480 1443//1443
f 1443//1443 1480//1480 1481//1481
f 1443//1443 1481//1481 1444//1444
f 1444//1444 1481//1481 1482//1482
f 1444//1444 1482//1482 1445//1445
f 1445//1445 1482//1482 1483//1483
f 1445//1445 1483//1483 1446//1446
f 1446//1446 1483//1483 1484//1484
f 1446//1446 1484//1484 1447//1447
f 1447//1447 1484//1484 1485//1485
f 1447//1447 1485//1485 1448//1448
f 1486//1486 1449//1449 1487//1487
f 1487//1487 1449//1449 1450//1450
f 1487//1487 1450//1450 1488//1488
f 1488//1488 1450//1450 1451//1451
f 1488//1488 1451//1451 1489//1489
f 1489//1489 1451//1451 1452//1452
f 1489//1489 1452//1452 1490//1490
f 1490//1490 1452//1452 1453//1453
f 1490//1490 1453//1453 1491//1491
f 1491//1491 1453//1453 1454//1454
f 1491//1491 1454//1454 1492//1492
f 1492//1492 1454//1454 1455//1455
f 1492//1492 1455//1455 1493//1493
f 1493//1493 1455//1455 1456//1456
f 1493//1493 1456//1456 1494//1494
f 1494//1494 1456//1456 1457//1457
f 1494//1494 1457//1457 1495//1495
f 1495//1495 1457//1457 1458//1458
f 1495//1495 1458//1458 1496//1496
f 1459//1459 1497//1497 1460//1460
f 1460//1460 1497//1497 1498//1498
f 1460//1460 1498//1498 1461//1461
f 1461//1461 1498//1498 1499//1499
f 1461//1461 1499//1499 1462//1462
f 1462//1462 1499//1499 1500//1500
f 1462//1462 1500//1500 1463//1463
f 1463//1463 1500//1500 1501//1501
f 1463//1463 1501//1501 1464//1464
f 1464//1464 1501//1501 1502//1502
f 1464//1464 1502//1502 1465//1465
f 1465//1465 1502//1502 1503//1503
f 1465//1465 1503//1503 1466//1466
f 1466//1466 1503//1503 1504//1504
f 1466//1466 1504//1504 1467//1467
f 1467//1467 1504//1504 1505//1505
f 1467//1467 1505//1505 1468//1468
f 1468//1468 1505//1505 1506//1506
f 1468//1468 1506//1506 1469//1469
f 1469//1469 1506//1506 1507//1507
f 1469//1469 1507//1507 1470//1470
f 1470//1470 1507//1507 1508//1508
f 1470//1470 1508//1508 1471//1471
f 1471//1471 1508//1508 1509//1509
f 1471//1471 1509//1509 1472//1472
f 1472//1472 1509//1509 1510//1510
f 1472//1472 1510//1510 1473//1473
f 1473//1473 1510//1510 1511//1511
f 1473//1473 1511//1511 1474//1474
f 1474//1474 1511//1511 1512//1512
f 1474//1474 1512//1512 1475//1475
f 1475//1475 1512//1512 1513//1513
f 1475//1475 1513//1513 1476//1476
f 1476//1476 1513//1513 1514//1514
f 1476//1476 1514//1514 1477//1477
f 1477//1477 1514//1514 1515//1515
f 1477//1477 1515//1515 1478//1478
f 1478//1478 1515//1515 1516//1516
f 1478//1478 1516//1516 1479//1479
f 1479//1479 1516//1516 1517//1517
f 1479//1479 1517//1517 1480//1480
f 1480//1480 1517//1517 1518//1518
f 1480//1480 1518//1518 1481//1481
f 1481//1481 1518//1518 1519//1519
f 1481//1481 1519//1519 1482//1482
f 1482//1482 1519//1519 1520//1520
f 1482//1482 1520//1520 1483//1483
f 1483//1483 1520//1520 1521//1521
f 1483//1483 1521//1521 1484//1484
f 1484//1484 1521//1521 1522//1522
f 1484//1484 1522//1522 1485//1485
f 1004//1004 1486//1486 1005//1005
f 1005//1005 1486//1486 1487//1487
f 1005//1005 1487//1487 1006//1006
f 1006//1006 1487//1487 1488//1488
f 1006//1006 1488//1488 1007//1007
f 1007//1007 1488//1488 1489//1489
f 1007//1007 1489//1489 1008//1008
f 1008//1008 1489//1489 1490//1490
f 1008//1008 1490//1490 1009//1009
f 1009//1009 1490//1490 1491//1491
f 1009//1009 1491//1491 1010//1010
f 1010//1010 1491//1491 1492//1492
f 1010//1010 1492//1492 1011//1011
f 1011//1011 1492//1492 1493//1493
f 1011//1011 1493//1493 1012//1012
f 1012//1012 1493//1493 1494//1494
f 1012//1012 1494//1494 1013//1013
f 1013//1013 1494//1494 1495//1495
f 1013//1013 1495//1495 1014//1014
f 1014//1014 1495//1495 1496//1496
f 1014//1014 1496//1496 1015//1015
f 1327//1327 1283//1283 1328//1328
f 1328//1328 1283//1283 1285//1285
f 1328//1328 1285//1285 1382//1382
f 1382//1382 1285//1285 1411//1411
f 1382//1382 1411//1411 1420//1420
f 1420//1420 1411//1411 1448//1448
f 1420//1420 1448//1448 1458//1458
f 1458//1458 1448//1448 1485//1485
f 1458//1458 1485//1485 1496//1496
f 1496//1496 1485//1485 1522//1522
f 1496//1496 1522//1522 1015//1015
f 1015//1015 1522//1522 1521//1521
f 1015//1015 1521//1521 1016//1016
f 1016//1016 1521//1521 1520//1520
f 1016//1016 1520//1520 1017//1017
f 1017//1017 1520//1520 1519//1519
f 1017//1017 1519//1519 1018//1018
f 1018//1018 1519//1519 1518//1518
f 1018//1018 1518//1518 1019//1019
f 1019//1019 1518//1518 1517//1517
f 1019//1019 1517//1517 1020//1020
f 1020//1020 1517//1517 1516//1516
f 1020//1020 1516//1516 1021//1021
f 1021//1021 1516//1516 1515//1515
f 1021//1021 1515//1515 1022//1022
f 1022//1022 1515//1515 1514//1514
f 1022//1022 1514//1514 1023//1023
f 1023//1023 1514//1514 1513//1513
f 1023//1023 1513//1513 1024//1024
f 1024//1024 1513//1513 1512//1512
f 1024//1024 1512//1512 990//990
f 990//990 1512//1512 1511//1511
f 990//990 1511//1511 991//991
f 991//991 1511//1511 1510//1510
f 991//991 1510//1510 992//992
f 992//992 1510//1510 1509//1509
f 992//992 1509//1509 993//993
f 993//993 1509//1509 1508//1508
f 993//993 1508//1508 994//994
f 994//994 1508//1508 1507//1507
f 994//994 1507//1507 995//995
f 995//995 1507//1507 1506//1506
f 995//995 1506//1506 996//996
f 996//996 1506//1506 1505//1505
f 996//996 1505//1505 997//997
f 997//997 1505//1505 1504//1504
f 997//997 1504//1504 998//998
f 998//998 1504//1504 1503//1503
f 998//998 1503//1503 999//999
f 999//999 1503//1503 1502//1502
f 999//999 1502//1502 1000//1000
f 1000//1000 1502//1502 1501//1501
f 1000//1000 1501//1501 1001//1001
f 1001//1001 1501//1501 1500//1500
f 1001//1001 1500//1500 1002//1002
f 1002//1002 1500//1500 1499//1499
f 1002//1002 1499//1499 1003//1003
f 1003//1003 1499//1499 1498//1498
f 1003//1003 1498//1498 1004//1004
f 1004//1004 1498//1498 1497//1497
f 1004//1004 1497//1497 1486//1486
f 1486//1486 1497//1497 1459//1459
f 1486//1486 1459//1459 1449//1449
f 1449//1449 1459//1459 1421//1421
f 1449//1449 1421//1421 1412//1412
f 1412//1412 1421//1421 1383//1383
f 1412//1412 1383//1383 1375//1375
f 1375//1375 1383//1383 1347//1347
f 1375//1375 1347//1347 1342//1342
f 1342//1342 1347//1347 1349//1349
f 1342//1342 1349//1349 1343//1343
f 1266//1266 1264//1264 1083//1083
f 1083//1083 1264//1264 1263//1263
f 1083//1083 1263//1263 1081//1081
f 1081//1081 1263//1263 1037//1037
f 1081//1081 1037//1037 1080//1080
f 1080//1080 1037//1037 1039//1039
f 1080//1080 1039//1039 1078//1078
f 1078//1078 1039//1039 1041//1041
f 1078//1078 1041//1041 1076//1076
f 1076//1076 1041//1041 1043//1043
f 1076//1076 1043//1043 1074//1074
f 1074//1074 1043//1043 1044//1044
f 1074//1074 1044//1044 1073//1073
f 1073//1073 1044//1044 1046//1046
f 1073//1073 1046//1046 1071//1071
f 1071//1071 1046//1046 1047//1047
f 1071//1071 1047//1047 1069//1069
f 1069//1069 1047//1047 740//740
f 1069//1069 740//740 461//461
f 1083//1083 1084//1084 1266//1266
f 1266//1266 1084//1084 1086//1086
f 1266//1266 1086//1086 1268//1268
f 1268//1268 1086//1086 1088//1088
f 1268//1268 1088//1088 1270//1270
f 1088//1088 1087//1087 1523//1523
f 1523//1523 1087//1087 1524//1524
f 1523//1523 1524//1524 1525//1525
f 1525//1525 1524//1524 1526//1526
f 1525//1525 1526//1526 1527//1527
f 1527//1527 1526//1526 1528//1528
f 1527//1527 1528//1528 1529//1529
f 1529//1529 1528//1528 1530//1530
f 1530//1530 1528//1528 1531//1531
f 1530//1530 1531//1531 1532//1532
f 1532//1532 1531//1531 1533//1533
f 1533//1533 1531//1531 1534//1534
f 1533//1533 1534//1534 1535//1535
f 1535//1535 1534//1534 1536//1536
f 1535//1535 1536//1536 1537//1537
f 1537//1537 1536//1536 1538//1538
f 1538//1538 1536//1536 1539//1539
f 1538//1538 1539//1539 1540//1540
f 1540//1540 1539//1539 1541//1541
f 1541//1541 1539//1539 1542//1542
f 1541//1541 1542//1542 1543//1543
f 1543//1543 1542//1542 1544//1544
f 1543//1543 1544//1544 1545//1545
f 1546//1546 1547//1547 1548//1548
f 1548//1548 1547//1547 1549//1549
f 1548//1548 1549//1549 1544//1544
f 1544//1544 1549//1549 1550//1550
f 1544//1544 1550//1550 1545//1545
f 1551//1551 1552//1552 1553//1553
f 1553//1553 1552//1552 1554//1554
f 1553//1553 1554//1554 1546//1546
f 1546//1546 1554//1554 1555//1555
f 1546//1546 1555//1555 1547//1547
f 1556//1556 1557//1557 1551//1551
f 1551//1551 1557//1557 1558//1558
f 1551//1551 1558//1558 1552//1552
f 1559//1559 1560//1560 1561//1561
f 1561//1561 1560//1560 1562//1562
f 1561//1561 1562//1562 1563//1563
f 1563//1563 1562//1562 1564//1564
f 1563//1563 1564//1564 1556//1556
f 1556//1556 1564//1564 1565//1565
f 1556//1556 1565//1565 1557//1557
f 1559//1559 1561//1561 1566//1566
f 1566//1566 1561//1561 1567//1567
f 1566//1566 1567//1567 1568//1568
f 1568//1568 1567//1567 1569//1569
f 1568//1568 1569//1569 1570//1570
f 1570//1570 1569//1569 1571//1571
f 1570//1570 1571//1571 1572//1572
f 1572//1572 1571//1571 1573//1573
f 1572//1572 1573//1573 1574//1574
f 1574//1574 1573//1573 1575//1575
f 1575//1575 1573//1573 1139//1139
f 1575//1575 1139//1139 1141//1141
f 1130//1130 1129//1129 1157//1157
f 1157//1157 1576//1576 1130//1130
f 1130//1130 1576//1576 1577//1577
f 1130//1130 1577//1577 1124//1124
f 1124//1124 1577//1577 1578//1578
f 1124//1124 1578//1578 1123//1123
f 1123//1123 1578//1578 1579//1579
f 1123//1123 1579//1579 1111//1111
f 1111//1111 1579//1579 1580//1580
f 1111//1111 1580//1580 1110//1110
f 1110//1110 1580//1580 1581//1581
f 1110//1110 1581//1581 1109//1109
f 1109//1109 1581//1581 1582//1582
f 1109//1109 1582//1582 1108//1108
f 1108//1108 1582//1582 1583//1583
f 1108//1108 1583//1583 1106//1106
f 1106//1106 1583//1583 1584//1584
f 1106//1106 1584//1584 1105//1105
f 1105//1105 1584//1584 1585//1585
f 1105//1105 1585//1585 1112//1112
f 1112//1112 1585//1585 1586//1586
f 1112//1112 1586//1586 1113//1113
f 1113//1113 1586//1586 1587//1587
f 1113//1113 1587//1587 1114//1114
f 1114//1114 1587//1587 1588//1588
f 1114//1114 1588//1588 1115//1115
f 1115//1115 1588//1588 1589//1589
f 1115//1115 1589//1589 1116//1116
f 1116//1116 1589//1589 1590//1590
f 1116//1116 1590//1590 1117//1117
f 1117//1117 1590//1590 1591//1591
f 1117//1117 1591//1591 1118//1118
f 1118//1118 1591//1591 1592//1592
f 1118//1118 1592//1592 1119//1119
f 1119//1119 1592//1592 1593//1593
f 1119//1119 1593//1593 1120//1120
f 1120//1120 1593//1593 1594//1594
f 1120//1120 1594//1594 1121//1121
f 1121//1121 1594//1594 1595//1595
f 1121//1121 1595//1595 1107//1107
f 1107//1107 1595//1595 1053//1053
f 1107//1107 1053//1053 1052//1052
f 1087//1087 1089//1089 1524//1524
f 1524//1524 1089//1089 1596//1596
f 1524//1524 1596//1596 1526//1526
f 1526//1526 1596//1596 1597//1597
f 1526//1526 1597//1597 1528//1528
f 1528//1528 1597//1597 1598//1598
f 1528//1528 1598//1598 1531//1531
f 1531//1531 1598//1598 1599//1599
f 1531//1531 1599//1599 1534//1534
f 1534//1534 1599//1599 1600//1600
f 1534//1534 1600//1600 1536//1536
f 1536//1536 1600//1600 1601//1601
f 1536//1536 1601//1601 1539//1539
f 1539//1539 1601//1601 1602//1602
f 1539//1539 1602//1602 1542//1542
f 1542//1542 1602//1602 1603//1603
f 1542//1542 1603//1603 1544//1544
f 1544//1544 1603//1603 1604//1604
f 1544//1544 1604//1604 1548//1548
f 1548//1548 1604//1604 1605//1605
f 1548//1548 1605//1605 1546//1546
f 1546//1546 1605//1605 1606//1606
f 1546//1546 1606//1606 1553//1553
f 1553//1553 1606//1606 1607//1607
f 1553//1553 1607//1607 1551//1551
f 1551//1551 1607//1607 1608//1608
f 1551//1551 1608//1608 1556//1556
f 1556//1556 1608//1608 1609//1609
f 1556//1556 1609//1609 1563//1563
f 1563//1563 1609//1609 1610//1610
f 1563//1563 1610//1610 1561//1561
f 1561//1561 1610//1610 1611//1611
f 1561//1561 1611//1611 1567//1567
f 1567//1567 1611//1611 1612//1612
f 1567//1567 1612//1612 1569//1569
f 1569//1569 1612//1612 1613//1613
f 1569//1569 1613//1613 1571//1571
f 1571//1571 1613//1613 1614//1614
f 1571//1571 1614//1614 1573//1573
f 1573//1573 1614//1614 1615//1615
f 1573//1573 1615//1615 1139//1139
f 1139//1139 1615//1615 1158//1158
f 1089//1089 1053//1053 1596//1596
f 1596//1596 1053//1053 1595//1595
f 1596//1596 1595//1595 1597//1597
f 1597//1597 1595//1595 1594//1594
f 1597//1597 1594//1594 1598//1598
f 1598//1598 1594//1594 1593//1593
f 1598//1598 1593//1593 1599//1599
f 1599//1599 1593//1593 1592//1592
f 1599//1599 1592//1592 1600//1600
f 1600//1600 1592//1592 1591//1591
f 1600//1600 1591//1591 1601//1601
f 1601//1601 1591//1591 1590//1590
f 1601//1601 1590//1590 1602//1602
f 1602//1602 1590//1590 1589//1589
f 1602//1602 1589//1589 1603//1603
f 1603//1603 1589//1589 1588//1588
f 1603//1603 1588//1588 1604//1604
f 1604//1604 1588//1588 1587//1587
f 1604//1604 1587//1587 1605//1605
f 1605//1605 1587//1587 1586//1586
f 1605//1605 1586//1586 1606//1606
f 1606//1606 1586//1586 1585//1585
f 1606//1606 1585//1585 1607//1607
f 1607//1607 1585//1585 1584//1584
f 1607//1607 1584//1584 1608//1608
f 1608//1608 1584//1584 1583//1583
f 1608//1608 1583//1583 1609//1609
f 1609//1609 1583//1583 1582//1582
f 1609//1609 1582//1582 1610//1610
f 1610//1610 1582//1582 1581//1581
f 1610//1610 1581//1581 1611//1611
f 1611//1611 1581//1581 1580//1580
f 1611//1611 1580//1580 1612//1612
f 1612//1612 1580//1580 1579//1579
f 1612//1612 1579//1579 1613//1613
f 1613//1613 1579//1579 1578//1578
f 1613//1613 1578//1578 1614//1614
f 1614//1614 1578//1578 1577//1577
f 1614//1614 1577//1577 1615//1615
f 1615//1615 1577//1577 1576//1576
f 1615//1615 1576//1576 1158//1158
f 1158//1158 1576//1576 1157//1157
f 1147//1147 1176//1176 1145//1145
f 1145//1145 1176//1176 1175//1175
f 1145//1145 1175//1175 1143//1143
f 724//724 811//811 1151//1151
f 1151//1151 811//811 1170//1170
f 1151//1151 1170//1170 1150//1150
f 1150//1150 1170//1170 1173//1173
f 1150//1150 1173//1173 1149//1149
f 1149//1149 1173//1173 1172//1172
f 1149//1149 1172//1172 1147//1147
f 1147//1147 1172//1172 1183//1183
f 1147//1147 1183//1183 1176//1176
f 1175//1175 1221//1221 1143//1143
f 1143//1143 1221//1221 1248//1248
f 1143//1143 1248//1248 1142//1142
f 1142//1142 1248//1248 1247//1247
f 1142//1142 1247//1247 1141//1141
f 1141//1141 1247//1247 1219//1219
f 1141//1141 1219//1219 1218//1218
f 1253//1253 1257//1257 1616//1616
f 1272//1272 1271//1271 1617//1617
f 1617//1617 1271//1271 1270//1270
f 1272//1272 1617//1617 1274//1274
f 1274//1274 1617//1617 1618//1618
f 1274//1274 1618//1618 1256//1256
f 1256//1256 1618//1618 1619//1619
f 1256//1256 1619//1619 1255//1255
f 1255//1255 1619//1619 1620//1620
f 1255//1255 1620//1620 1261//1261
f 1621//1621 1201//1201 1622//1622
f 1622//1622 1201//1201 1203//1203
f 1622//1622 1203//1203 1623//1623
f 1623//1623 1203//1203 1191//1191
f 1623//1623 1191//1191 1624//1624
f 1624//1624 1191//1191 1189//1189
f 1624//1624 1189//1189 1625//1625
f 1625//1625 1189//1189 1188//1188
f 1625//1625 1188//1188 1616//1616
f 1616//1616 1188//1188 1036//1036
f 1616//1616 1036//1036 1253//1253
f 1197//1197 1198//1198 1621//1621
f 1621//1621 1198//1198 1202//1202
f 1621//1621 1202//1202 1201//1201
f 1621//1621 1626//1626 1197//1197
f 1197//1197 1626//1626 1627//1627
f 1197//1197 1627//1627 1196//1196
f 1196//1196 1627//1627 1628//1628
f 1196//1196 1628//1628 1199//1199
f 1199//1199 1628//1628 1629//1629
f 1199//1199 1629//1629 1200//1200
f 1630//1630 1631//1631 1231//1231
f 1240//1240 1234//1234 1631//1631
f 1631//1631 1234//1234 1232//1232
f 1631//1631 1232//1232 1231//1231
f 1241//1241 1632//1632 1242//1242
f 1242//1242 1632//1632 1633//1633
f 1242//1242 1633//1633 1239//1239
f 1239//1239 1633//1633 1236//1236
f 1245//1245 1237//1237 1634//1634
f 1634//1634 1237//1237 1236//1236
f 1634//1634 1236//1236 1635//1635
f 1636//1636 1218//1218 1229//1229
f 1229//1229 1228//1228 1636//1636
f 1636//1636 1228//1228 1227//1227
f 1636//1636 1227//1227 1226//1226
f 1637//1637 1636//1636 1634//1634
f 1634//1634 1636//1636 1226//1226
f 1634//1634 1226//1226 1245//1245
f 1637//1637 1634//1634 1638//1638
f 1638//1638 1634//1634 1635//1635
f 1638//1638 1635//1635 1639//1639
f 1639//1639 1635//1635 1640//1640
f 1639//1639 1640//1640 1641//1641
f 1642//1642 1643//1643 1644//1644
f 1644//1644 1643//1643 1645//1645
f 1644//1644 1645//1645 1646//1646
f 1646//1646 1645//1645 1647//1647
f 1646//1646 1647//1647 1640//1640
f 1640//1640 1647//1647 1648//1648
f 1640//1640 1648//1648 1641//1641
f 1649//1649 1650//1650 1642//1642
f 1642//1642 1650//1650 1651//1651
f 1642//1642 1651//1651 1643//1643
f 1642//1642 1652//1652 1649//1649
f 1649//1649 1652//1652 1653//1653
f 1649//1649 1653//1653 1654//1654
f 1654//1654 1653//1653 1655//1655
f 1654//1654 1655//1655 1656//1656
f 1656//1656 1655//1655 1657//1657
f 1657//1657 1655//1655 1658//1658
f 1657//1657 1658//1658 1659//1659
f 1659//1659 1658//1658 1660//1660
f 1659//1659 1660//1660 1661//1661
f 1662//1662 1663//1663 1664//1664
f 1664//1664 1663//1663 1665//1665
f 1664//1664 1665//1665 1666//1666
f 1666//1666 1665//1665 1667//1667
f 1666//1666 1667//1667 1660//1660
f 1660//1660 1667//1667 1668//1668
f 1660//1660 1668//1668 1661//1661
f 1669//1669 1670//1670 1662//1662
f 1662//1662 1670//1670 1671//1671
f 1662//1662 1671//1671 1663//1663
f 1236//1236 1633//1633 1635//1635
f 1635//1635 1633//1633 1632//1632
f 1635//1635 1632//1632 1640//1640
f 1640//1640 1632//1632 1672//1672
f 1640//1640 1672//1672 1646//1646
f 1646//1646 1672//1672 1673//1673
f 1646//1646 1673//1673 1644//1644
f 1644//1644 1673//1673 1674//1674
f 1644//1644 1674//1674 1642//1642
f 1642//1642 1674//1674 1675//1675
f 1642//1642 1675//1675 1652//1652
f 1652//1652 1675//1675 1676//1676
f 1652//1652 1676//1676 1653//1653
f 1653//1653 1676//1676 1677//1677
f 1653//1653 1677//1677 1655//1655
f 1655//1655 1677//1677 1678//1678
f 1655//1655 1678//1678 1658//1658
f 1658//1658 1678//1678 1679//1679
f 1658//1658 1679//1679 1660//1660
f 1660//1660 1679//1679 1680//1680
f 1660//1660 1680//1680 1666//1666
f 1666//1666 1680//1680 1681//1681
f 1666//1666 1681//1681 1664//1664
f 1664//1664 1681//1681 1682//1682
f 1664//1664 1682//1682 1662//1662
f 1270//1270 1683//1683 1617//1617
f 1617//1617 1683//1683 1669//1669
f 1617//1617 1669//1669 1618//1618
f 1618//1618 1669//1669 1662//1662
f 1618//1618 1662//1662 1619//1619
f 1619//1619 1662//1662 1682//1682
f 1619//1619 1682//1682 1620//1620
f 1620//1620 1682//1682 1681//1681
f 1620//1620 1681//1681 1684//1684
f 1684//1684 1681//1681 1680//1680
f 1684//1684 1680//1680 1685//1685
f 1685//1685 1680//1680 1679//1679
f 1685//1685 1679//1679 1686//1686
f 1686//1686 1679//1679 1678//1678
f 1686//1686 1678//1678 1687//1687
f 1687//1687 1678//1678 1677//1677
f 1687//1687 1677//1677 1688//1688
f 1688//1688 1677//1677 1676//1676
f 1688//1688 1676//1676 1689//1689
f 1689//1689 1676//1676 1675//1675
f 1689//1689 1675//1675 1690//1690
f 1690//1690 1675//1675 1674//1674
f 1690//1690 1674//1674 1691//1691
f 1691//1691 1674//1674 1673//1673
f 1691//1691 1673//1673 1692//1692
f 1692//1692 1673//1673 1672//1672
f 1692//1692 1672//1672 1630//1630
f 1630//1630 1672//1672 1632//1632
f 1630//1630 1632//1632 1631//1631
f 1631//1631 1632//1632 1241//1241
f 1631//1631 1241//1241 1240//1240
f 1185//1185 1200//1200 1231//1231
f 1231//1231 1200//1200 1629//1629
f 1231//1231 1629//1629 1630//1630
f 1630//1630 1629//1629 1628//1628
f 1630//1630 1628//1628 1692//1692
f 1692//1692 1628//1628 1627//1627
f 1692//1692 1627//1627 1691//1691
f 1691//1691 1627//1627 1626//1626
f 1691//1691 1626//1626 1690//1690
f 1690//1690 1626//1626 1621//1621
f 1690//1690 1621//1621 1689//1689
f 1689//1689 1621//1621 1622//1622
f 1689//1689 1622//1622 1688//1688
f 1688//1688 1622//1622 1623//1623
f 1688//1688 1623//1623 1687//1687
f 1687//1687 1623//1623 1624//1624
f 1687//1687 1624//1624 1686//1686
f 1686//1686 1624//1624 1625//1625
f 1686//1686 1625//1625 1685//1685
f 1685//1685 1625//1625 1616//1616
f 1685//1685 1616//1616 1684//1684
f 1684//1684 1616//1616 1257//1257
f 1684//1684 1257//1257 1620//1620
f 1620//1620 1257//1257 1262//1262
f 1620//1620 1262//1262 1261//1261
f 1656//1656 1657//1657 1308//1308
f 1270//1270 1088//1088 1523//1523
f 1308//1308 1657//1657 1310//1310
f 1310//1310 1657//1657 1659//1659
f 1310//1310 1659//1659 1311//1311
f 1308//1308 1316//1316 1656//1656
f 1656//1656 1316//1316 1315//1315
f 1656//1656 1315//1315 1654//1654
f 1654//1654 1315//1315 1313//1313
f 1654//1654 1313//1313 1649//1649
f 1649//1649 1313//1313 1319//1319
f 1649//1649 1319//1319 1650//1650
f 1650//1650 1319//1319 1318//1318
f 1650//1650 1318//1318 1651//1651
f 1651//1651 1318//1318 1322//1322
f 1651//1651 1322//1322 1643//1643
f 1643//1643 1322//1322 1321//1321
f 1643//1643 1321//1321 1645//1645
f 1645//1645 1321//1321 1326//1326
f 1645//1645 1326//1326 1647//1647
f 1647//1647 1326//1326 1325//1325
f 1647//1647 1325//1325 1648//1648
f 1648//1648 1325//1325 1324//1324
f 1648//1648 1324//1324 1641//1641
f 1641//1641 1324//1324 1284//1284
f 1641//1641 1284//1284 1639//1639
f 1639//1639 1284//1284 1283//1283
f 1639//1639 1283//1283 1638//1638
f 1329//1329 1636//1636 1637//1637
f 1638//1638 1283//1283 1637//1637
f 1637//1637 1283//1283 1327//1327
f 1637//1637 1327//1327 1329//1329
f 1575//1575 1141//1141 1218//1218
f 1574//1574 1575//1575 1334//1334
f 1334//1334 1575//1575 1218//1218
f 1334//1334 1218//1218 1332//1332
f 1332//1332 1218//1218 1636//1636
f 1332//1332 1636//1636 1331//1331
f 1331//1331 1636//1636 1329//1329
f 1558//1558 1280//1280 1552//1552
f 1552//1552 1280//1280 1279//1279
f 1552//1552 1279//1279 1554//1554
f 1334//1334 1336//1336 1574//1574
f 1574//1574 1336//1336 1337//1337
f 1574//1574 1337//1337 1572//1572
f 1572//1572 1337//1337 1339//1339
f 1572//1572 1339//1339 1570//1570
f 1570//1570 1339//1339 1341//1341
f 1570//1570 1341//1341 1568//1568
f 1568//1568 1341//1341 1344//1344
f 1568//1568 1344//1344 1566//1566
f 1566//1566 1344//1344 1343//1343
f 1566//1566 1343//1343 1559//1559
f 1559//1559 1343//1343 1349//1349
f 1559//1559 1349//1349 1560//1560
f 1560//1560 1349//1349 1348//1348
f 1560//1560 1348//1348 1562//1562
f 1562//1562 1348//1348 1346//1346
f 1562//1562 1346//1346 1564//1564
f 1564//1564 1346//1346 1354//1354
f 1564//1564 1354//1354 1565//1565
f 1565//1565 1354//1354 1353//1353
f 1565//1565 1353//1353 1557//1557
f 1557//1557 1353//1353 1351//1351
f 1557//1557 1351//1351 1558//1558
f 1558//1558 1351//1351 1350//1350
f 1558//1558 1350//1350 1280//1280
f 1554//1554 1279//1279 1555//1555
f 1555//1555 1279//1279 1355//1355
f 1555//1555 1355//1355 1547//1547
f 1547//1547 1355//1355 1357//1357
f 1547//1547 1357//1357 1549//1549
f 1357//1357 1359//1359 1549//1549
f 1549//1549 1359//1359 1360//1360
f 1549//1549 1360//1360 1550//1550
f 1550//1550 1360//1360 1362//1362
f 1550//1550 1362//1362 1545//1545
f 1545//1545 1362//1362 1364//1364
f 1545//1545 1364//1364 1543//1543
f 1543//1543 1364//1364 1541//1541
f 1541//1541 1364//1364 1369//1369
f 1541//1541 1369//1369 1540//1540
f 1540//1540 1369//1369 1368//1368
f 1540//1540 1368//1368 1538//1538
f 1538//1538 1368//1368 1366//1366
f 1538//1538 1366//1366 1537//1537
f 1537//1537 1366//1366 1365//1365
f 1537//1537 1365//1365 1535//1535
f 1535//1535 1365//1365 1278//1278
f 1535//1535 1278//1278 1533//1533
f 1533//1533 1278//1278 1374//1374
f 1533//1533 1374//1374 1532//1532
f 1532//1532 1374//1374 1373//1373
f 1532//1532 1373//1373 1530//1530
f 1530//1530 1373//1373 1371//1371
f 1530//1530 1371//1371 1529//1529
f 1371//1371 1370//1370 1529//1529
f 1529//1529 1370//1370 1291//1291
f 1529//1529 1291//1291 1527//1527
f 1527//1527 1291//1291 1296//1296
f 1527//1527 1296//1296 1525//1525
f 1525//1525 1296//1296 1295//1295
f 1525//1525 1295//1295 1523//1523
f 1523//1523 1295//1295 1293//1293
f 1523//1523 1293//1293 1270//1270
f 1270//1270 1293//1293 1301//1301
f 1270//1270 1301//1301 1683//1683
f 1683//1683 1301//1301 1300//1300
f 1683//1683 1300//1300 1669//1669
f 1669//1669 1300//1300 1298//1298
f 1669//1669 1298//1298 1670//1670
f 1670//1670 1298//1298 1306//1306
f 1670//1670 1306//1306 1671//1671
f 1671//1671 1306//1306 1305//1305
f 1671//1671 1305//1305 1663//1663
f 1663//1663 1305//1305 1303//1303
f 1663//1663 1303//1303 1665//1665
f 1665//1665 1303//1303 1302//1302
f 1665//1665 1302//1302 1667//1667
f 1667//1667 1302//1302 1288//1288
f 1667//1667 1288//1288 1668//1668
f 1668//1668 1288//1288 1311//1311
f 1668//1668 1311//1311 1661//1661
f 1661//1661 1311//1311 1659//1659
# 3388 faces, 0 coords texture

# End of File
