####
#
# OBJ File Generated by Meshlab
#
####
# Object leader_finger_left_index.obj
#
# Vertices: 1594
# Faces: 3192
#
####
v 0.003000 -0.004402 0.010500
v 0.003000 -0.004000 0.012000
v 0.003000 -0.005375 0.009478
v 0.003000 -0.004402 0.013500
v 0.003000 -0.005375 0.014522
v 0.003000 -0.009598 0.013500
v 0.003000 -0.010000 0.012000
v 0.003000 -0.008625 0.014522
v 0.003000 -0.009598 0.010500
v 0.003000 -0.008625 0.009478
v 0.003000 -0.004402 -0.001500
v 0.003000 -0.004000 0.000000
v 0.003000 -0.005375 -0.002522
v 0.003000 -0.004402 0.001500
v 0.003000 -0.005375 0.002522
v 0.003000 -0.009598 0.001500
v 0.003000 -0.010000 -0.000000
v 0.003000 -0.008625 0.002522
v 0.003000 -0.009598 -0.001500
v 0.003000 -0.008625 -0.002522
v 0.003000 0.009598 -0.013500
v 0.003000 0.010000 -0.012000
v 0.003000 0.008625 -0.014522
v 0.003000 0.009598 -0.010500
v 0.003000 0.008625 -0.009478
v 0.003000 0.004402 -0.010500
v 0.003000 0.004000 -0.012000
v 0.003000 0.005375 -0.009478
v 0.003000 0.004402 -0.013500
v 0.003000 0.005375 -0.014522
v 0.003000 0.009598 -0.001500
v 0.003000 0.010000 0.000000
v 0.003000 0.008625 -0.002522
v 0.003000 0.009598 0.001500
v 0.003000 0.008625 0.002522
v 0.003000 0.004402 0.001500
v 0.003000 0.004000 -0.000000
v 0.003000 0.005375 0.002522
v 0.003000 0.004402 -0.001500
v 0.003000 0.005375 -0.002522
v 0.003000 -0.004402 -0.013500
v 0.003000 -0.004000 -0.012000
v 0.003000 -0.005375 -0.014522
v 0.003000 -0.004402 -0.010500
v 0.003000 -0.005375 -0.009478
v 0.003000 -0.009598 -0.010500
v 0.003000 -0.010000 -0.012000
v 0.003000 -0.008625 -0.009478
v 0.003000 -0.009598 -0.013500
v 0.003000 -0.008625 -0.014522
v 0.003000 0.009598 0.010500
v 0.003000 0.010000 0.012000
v 0.003000 0.008625 0.009478
v 0.003000 0.009598 0.013500
v 0.003000 0.008625 0.014522
v 0.003000 0.004402 0.013500
v 0.003000 0.004000 0.012000
v 0.003000 0.005375 0.014522
v 0.003000 0.004402 0.010500
v 0.003000 0.005375 0.009478
v 0.002800 -0.008625 0.002522
v 0.002800 -0.008625 -0.000000
v 0.002800 -0.008625 -0.002522
v 0.002800 -0.005375 -0.002522
v 0.002800 -0.005375 -0.000000
v 0.002800 -0.005375 0.002522
v 0.002800 0.005375 -0.009478
v 0.002800 0.005375 -0.012000
v 0.002800 0.005375 -0.014522
v 0.002800 0.008625 -0.014522
v 0.002800 0.008625 -0.012000
v 0.002800 0.008625 -0.009478
v 0.002800 0.005375 0.014522
v 0.002800 0.005375 0.012000
v 0.002800 0.005375 0.009478
v 0.002800 0.008625 0.009478
v 0.002800 0.008625 0.012000
v 0.002800 0.008625 0.014522
v 0.002800 -0.008625 0.014522
v 0.002800 -0.008625 0.012000
v 0.002800 -0.008625 0.009478
v 0.002800 -0.005375 0.009478
v 0.002800 -0.005375 0.012000
v 0.002800 -0.005375 0.014522
v 0.002800 0.005375 0.002522
v 0.002800 0.005375 -0.000000
v 0.002800 0.005375 -0.002522
v 0.002800 0.008625 -0.002522
v 0.002800 0.008625 -0.000000
v 0.002800 0.008625 0.002522
v 0.002800 -0.008625 -0.009478
v 0.002800 -0.008625 -0.012000
v 0.002800 -0.008625 -0.014522
v 0.002800 -0.005375 -0.014522
v 0.002800 -0.005375 -0.012000
v 0.002800 -0.005375 -0.009478
v 0.002800 -0.008500 0.014598
v 0.002800 -0.005500 0.009402
v 0.013500 -0.005500 0.014598
v 0.013500 -0.004402 0.013500
v 0.013500 -0.004000 0.012000
v 0.013500 -0.004402 0.010500
v 0.013500 -0.005500 0.009402
v 0.002800 -0.008500 0.009402
v 0.013500 -0.007000 0.009000
v 0.002800 -0.007000 0.009000
v 0.013500 -0.008500 0.009402
v 0.013500 -0.009598 0.010500
v 0.013500 -0.010000 0.012000
v 0.013500 -0.009598 0.013500
v 0.013500 -0.008500 0.014598
v 0.013500 -0.007000 0.015000
v 0.002800 -0.007000 0.015000
v 0.002800 -0.005500 0.014598
v 0.002800 -0.008500 0.002598
v 0.002800 -0.005500 -0.002598
v 0.013500 -0.005500 0.002598
v 0.013500 -0.004402 0.001500
v 0.013500 -0.004000 -0.000000
v 0.013500 -0.004402 -0.001500
v 0.013500 -0.005500 -0.002598
v 0.002800 -0.008500 -0.002598
v 0.013500 -0.007000 -0.003000
v 0.002800 -0.007000 -0.003000
v 0.013500 -0.008500 -0.002598
v 0.013500 -0.009598 -0.001500
v 0.013500 -0.010000 -0.000000
v 0.013500 -0.009598 0.001500
v 0.013500 -0.008500 0.002598
v 0.013500 -0.007000 0.003000
v 0.002800 -0.007000 0.003000
v 0.002800 -0.005500 0.002598
v 0.002800 0.005500 -0.009402
v 0.002800 0.008500 -0.014598
v 0.013500 0.008500 -0.009402
v 0.013500 0.009598 -0.010500
v 0.013500 0.010000 -0.012000
v 0.013500 0.009598 -0.013500
v 0.013500 0.008500 -0.014598
v 0.002800 0.005500 -0.014598
v 0.013500 0.007000 -0.015000
v 0.002800 0.007000 -0.015000
v 0.013500 0.005500 -0.014598
v 0.013500 0.004402 -0.013500
v 0.013500 0.004000 -0.012000
v 0.013500 0.004402 -0.010500
v 0.013500 0.005500 -0.009402
v 0.013500 0.007000 -0.009000
v 0.002800 0.007000 -0.009000
v 0.002800 0.008500 -0.009402
v 0.002800 0.005500 0.002598
v 0.002800 0.008500 -0.002598
v 0.013500 0.008500 0.002598
v 0.013500 0.009598 0.001500
v 0.013500 0.010000 -0.000000
v 0.013500 0.009598 -0.001500
v 0.013500 0.008500 -0.002598
v 0.002800 0.005500 -0.002598
v 0.013500 0.007000 -0.003000
v 0.002800 0.007000 -0.003000
v 0.013500 0.005500 -0.002598
v 0.013500 0.004402 -0.001500
v 0.013500 0.004000 -0.000000
v 0.013500 0.004402 0.001500
v 0.013500 0.005500 0.002598
v 0.013500 0.007000 0.003000
v 0.002800 0.007000 0.003000
v 0.002800 0.008500 0.002598
v 0.002800 -0.008500 -0.009402
v 0.002800 -0.005500 -0.014598
v 0.013500 -0.005500 -0.009402
v 0.013500 -0.004402 -0.010500
v 0.013500 -0.004000 -0.012000
v 0.013500 -0.004402 -0.013500
v 0.013500 -0.005500 -0.014598
v 0.002800 -0.008500 -0.014598
v 0.013500 -0.007000 -0.015000
v 0.002800 -0.007000 -0.015000
v 0.013500 -0.008500 -0.014598
v 0.013500 -0.009598 -0.013500
v 0.013500 -0.010000 -0.012000
v 0.013500 -0.009598 -0.010500
v 0.013500 -0.008500 -0.009402
v 0.013500 -0.007000 -0.009000
v 0.002800 -0.007000 -0.009000
v 0.002800 -0.005500 -0.009402
v 0.002800 0.005500 0.014598
v 0.002800 0.008500 0.009402
v 0.013500 0.008500 0.014598
v 0.013500 0.009598 0.013500
v 0.013500 0.010000 0.012000
v 0.013500 0.009598 0.010500
v 0.013500 0.008500 0.009402
v 0.002800 0.005500 0.009402
v 0.013500 0.007000 0.009000
v 0.002800 0.007000 0.009000
v 0.013500 0.005500 0.009402
v 0.013500 0.004402 0.010500
v 0.013500 0.004000 0.012000
v 0.013500 0.004402 0.013500
v 0.013500 0.005500 0.014598
v 0.013500 0.007000 0.015000
v 0.002800 0.007000 0.015000
v 0.002800 0.008500 0.014598
v 0.013500 -0.010000 0.021000
v 0.013500 0.010000 0.021000
v 0.000500 -0.010000 0.021000
v 0.000500 0.010000 0.021000
v 0.000400 -0.003363 -0.018866
v 0.000400 -0.003363 -0.028866
v 0.000400 -0.004686 -0.018866
v 0.000400 -0.004686 -0.028866
v 0.000400 0.003363 -0.018866
v 0.000400 0.004686 -0.018866
v 0.000400 0.003363 -0.027686
v 0.000400 0.004686 -0.028866
v 0.000400 -0.001562 -0.027686
v 0.000400 -0.001562 -0.028866
v 0.002800 -0.008407 0.000813
v 0.002800 -0.007812 0.001407
v 0.002800 -0.007000 0.001625
v 0.002800 -0.006187 0.001407
v 0.002800 -0.005593 0.000813
v 0.002800 -0.005593 -0.000813
v 0.002800 -0.006187 -0.001407
v 0.002800 -0.007000 -0.001625
v 0.002800 -0.007812 -0.001407
v 0.002800 -0.008407 -0.000813
v 0.002800 0.008407 -0.011188
v 0.002800 0.007812 -0.010593
v 0.002800 0.007000 -0.010375
v 0.002800 0.006187 -0.010593
v 0.002800 0.005593 -0.011188
v 0.002800 0.005593 -0.012812
v 0.002800 0.006187 -0.013407
v 0.002800 0.007000 -0.013625
v 0.002800 0.007812 -0.013407
v 0.002800 0.008407 -0.012812
v 0.002800 0.008407 0.012812
v 0.002800 0.007812 0.013407
v 0.002800 0.007000 0.013625
v 0.002800 0.006187 0.013407
v 0.002800 0.005593 0.012812
v 0.002800 0.005593 0.011188
v 0.002800 0.006187 0.010593
v 0.002800 0.007000 0.010375
v 0.002800 0.007812 0.010593
v 0.002800 0.008407 0.011188
v 0.002800 -0.005593 0.012812
v 0.002800 -0.006187 0.013407
v 0.002800 -0.007000 0.013625
v 0.002800 -0.007812 0.013407
v 0.002800 -0.008407 0.012812
v 0.002800 -0.008407 0.011188
v 0.002800 -0.007812 0.010593
v 0.002800 -0.007000 0.010375
v 0.002800 -0.006187 0.010593
v 0.002800 -0.005593 0.011188
v 0.002800 0.005593 0.000813
v 0.002800 0.006187 0.001407
v 0.002800 0.007000 0.001625
v 0.002800 0.007812 0.001407
v 0.002800 0.008407 0.000813
v 0.002800 0.008407 -0.000813
v 0.002800 0.007812 -0.001407
v 0.002800 0.007000 -0.001625
v 0.002800 0.006187 -0.001407
v 0.002800 0.005593 -0.000813
v 0.002800 -0.005593 -0.011188
v 0.002800 -0.006187 -0.010593
v 0.002800 -0.007000 -0.010375
v 0.002800 -0.007812 -0.010593
v 0.002800 -0.008407 -0.011188
v 0.002800 -0.008407 -0.012812
v 0.002800 -0.007812 -0.013407
v 0.002800 -0.007000 -0.013625
v 0.002800 -0.006187 -0.013407
v 0.002800 -0.005593 -0.012812
v 0.013500 0.010000 -0.043500
v 0.003902 0.011093 -0.043552
v 0.013500 0.012244 -0.043721
v 0.003902 0.013240 -0.043966
v 0.013500 0.013240 -0.043966
v 0.013500 0.014401 -0.044375
v 0.003902 0.015270 -0.044778
v 0.013500 0.016217 -0.045326
v 0.003902 0.016217 -0.045326
v 0.013500 0.016389 -0.045438
v 0.003902 0.017109 -0.045960
v 0.013500 0.018132 -0.046868
v 0.003902 0.018691 -0.047469
v 0.013500 0.018691 -0.047469
v 0.013500 0.019562 -0.048611
v 0.003902 0.019959 -0.049250
v 0.013500 0.020461 -0.050223
v 0.003902 0.020461 -0.050223
v 0.013500 0.020625 -0.050599
v 0.003902 0.020868 -0.051239
v 0.013500 0.021279 -0.052756
v 0.003902 0.021383 -0.053363
v 0.013500 0.021383 -0.053363
v 0.013500 0.021500 -0.055000
v 0.003902 0.021487 -0.055547
v 0.013500 0.021383 -0.056637
v 0.003902 0.021383 -0.056637
v 0.013500 0.021279 -0.057244
v 0.003902 0.021176 -0.057711
v 0.013500 0.020625 -0.059401
v 0.003902 0.020461 -0.059777
v 0.013500 0.020461 -0.059777
v 0.013500 0.019562 -0.061389
v 0.003902 0.019368 -0.061671
v 0.013500 0.018691 -0.062531
v 0.003902 0.018691 -0.062531
v 0.013500 0.018132 -0.063132
v 0.003902 0.017936 -0.063323
v 0.013500 0.016389 -0.064562
v 0.003902 0.016217 -0.064674
v 0.013500 0.016217 -0.064674
v 0.013500 0.014401 -0.065625
v 0.003902 0.014274 -0.065676
v 0.013500 0.013240 -0.066034
v 0.003902 0.013240 -0.066034
v 0.013500 0.012244 -0.066279
v 0.003902 0.012176 -0.066292
v 0.013500 0.010000 -0.066500
v 0.003902 0.010000 -0.066500
v 0.013500 0.007756 -0.066279
v 0.003902 0.007824 -0.066292
v 0.013500 0.006760 -0.066034
v 0.003902 0.006760 -0.066034
v 0.013500 0.005599 -0.065625
v 0.003902 0.005726 -0.065676
v 0.013500 0.003783 -0.064674
v 0.003902 0.003783 -0.064674
v 0.013500 0.003611 -0.064562
v 0.003902 0.002064 -0.063323
v 0.013500 0.001868 -0.063132
v 0.013500 0.001309 -0.062531
v 0.003902 0.001309 -0.062531
v 0.013500 0.000438 -0.061389
v 0.003902 0.000632 -0.061671
v 0.013500 -0.000461 -0.059777
v 0.003902 -0.000461 -0.059777
v 0.013500 -0.000625 -0.059401
v 0.003902 -0.001176 -0.057711
v 0.013500 -0.001279 -0.057244
v 0.013500 -0.001383 -0.056637
v 0.003902 -0.001383 -0.056637
v 0.013500 -0.001500 -0.055000
v 0.003902 -0.001487 -0.055547
v 0.013500 -0.001383 -0.053363
v 0.003902 -0.001383 -0.053363
v 0.013500 -0.001279 -0.052756
v 0.003902 -0.000868 -0.051239
v 0.013500 -0.000625 -0.050599
v 0.013500 -0.000461 -0.050223
v 0.003902 -0.000461 -0.050223
v 0.013500 0.000438 -0.048611
v 0.003902 0.000041 -0.049250
v 0.013500 0.001309 -0.047469
v 0.003902 0.001309 -0.047469
v 0.013500 0.001868 -0.046868
v 0.003902 0.002891 -0.045960
v 0.013500 0.003611 -0.045438
v 0.013500 0.003783 -0.045326
v 0.003902 0.003783 -0.045326
v 0.013500 0.005599 -0.044375
v 0.003902 0.004730 -0.044778
v 0.013500 0.006760 -0.043966
v 0.003902 0.006760 -0.043966
v 0.013500 0.007756 -0.043721
v 0.003902 0.008907 -0.043552
v 0.003902 0.010000 -0.043500
v 0.000500 0.010692 0.020876
v 0.013500 0.010692 0.020876
v 0.000500 0.011000 0.020732
v 0.013500 0.011000 0.020732
v 0.000500 0.011414 0.020414
v 0.013500 0.011414 0.020414
v 0.000500 0.011732 0.020000
v 0.013500 0.011732 0.020000
v 0.000500 0.011876 0.019692
v 0.013500 0.011876 0.019692
v 0.000500 0.012000 0.019000
v 0.013500 0.012000 0.019000
v 0.014000 0.011500 -0.006000
v 0.014000 0.011500 -0.015000
v 0.013969 0.011673 -0.015000
v 0.014000 0.011500 0.006000
v 0.013969 0.011673 0.019000
v 0.014000 0.011500 0.019000
v 0.014000 0.011500 0.018000
v 0.013500 0.012000 -0.015000
v 0.013673 0.011969 -0.015000
v 0.013673 0.011969 0.019000
v 0.013750 0.011933 -0.015000
v 0.013750 0.011933 0.019000
v 0.013854 0.011854 -0.015000
v 0.013854 0.011854 0.019000
v 0.013933 0.011750 -0.015000
v 0.013933 0.011750 0.019000
v 0.013673 0.010682 0.020847
v 0.013673 0.011847 0.019682
v 0.013854 0.011739 0.019642
v 0.013969 0.011570 0.019579
v 0.013969 0.011183 0.020183
v 0.014000 0.011061 0.020061
v 0.014000 0.011407 0.019519
v 0.013969 0.010579 0.020570
v 0.014000 0.010519 0.020407
v 0.014000 0.010000 0.020500
v 0.013969 0.010000 0.020673
v 0.013933 0.010000 0.020750
v 0.013854 0.010642 0.020739
v 0.013673 0.010000 0.020969
v 0.013750 0.010000 0.020933
v 0.013854 0.010000 0.020854
v 0.013854 0.011311 0.020311
v 0.013673 0.011392 0.020392
v 0.013673 -0.010000 0.020969
v 0.013750 -0.010000 0.020933
v 0.013854 -0.010000 0.020854
v 0.013933 -0.010000 0.020750
v 0.013969 -0.010000 0.020673
v 0.014000 -0.010000 0.020500
v 0.013500 -0.011732 0.020000
v 0.013500 -0.011876 0.019692
v 0.013673 -0.011847 0.019682
v 0.013500 -0.012000 0.019000
v 0.013673 -0.010682 0.020847
v 0.013500 -0.010692 0.020876
v 0.013500 -0.011000 0.020732
v 0.013854 -0.010642 0.020739
v 0.013969 -0.010579 0.020570
v 0.013969 -0.011183 0.020183
v 0.014000 -0.011061 0.020061
v 0.014000 -0.010519 0.020407
v 0.013969 -0.011570 0.019579
v 0.014000 -0.011407 0.019519
v 0.014000 -0.011500 0.019000
v 0.013969 -0.011673 0.019000
v 0.013933 -0.011750 0.019000
v 0.013854 -0.011739 0.019642
v 0.013673 -0.011969 0.019000
v 0.013750 -0.011933 0.019000
v 0.013854 -0.011854 0.019000
v 0.013854 -0.011311 0.020311
v 0.013673 -0.011392 0.020392
v 0.013500 -0.011414 0.020414
v 0.014000 -0.005250 0.008969
v 0.014000 -0.003969 0.010250
v 0.014000 -0.003500 0.012000
v 0.014000 -0.003969 0.013750
v 0.014000 -0.005250 0.015031
v 0.014000 -0.007000 0.015500
v 0.014000 -0.008750 0.015031
v 0.014000 -0.010031 0.013750
v 0.014000 -0.010500 0.012000
v 0.014000 -0.010031 0.010250
v 0.014000 -0.008750 0.008969
v 0.014000 -0.007000 0.008500
v 0.014000 -0.005250 -0.003031
v 0.014000 -0.003969 -0.001750
v 0.014000 -0.003500 -0.000000
v 0.014000 -0.003969 0.001750
v 0.014000 -0.005250 0.003031
v 0.014000 -0.007000 0.003500
v 0.014000 -0.008750 0.003031
v 0.014000 -0.010031 0.001750
v 0.013500 -0.010000 0.000000
v 0.014000 -0.010500 0.000000
v 0.014000 -0.010031 -0.001750
v 0.014000 -0.008750 -0.003031
v 0.014000 -0.007000 -0.003500
v 0.014000 0.008750 -0.015031
v 0.014000 0.010031 -0.013750
v 0.014000 0.010500 -0.012000
v 0.014000 0.010031 -0.010250
v 0.014000 0.008750 -0.008969
v 0.014000 0.007000 -0.008500
v 0.014000 0.005250 -0.008969
v 0.014000 0.003969 -0.010250
v 0.014000 0.003500 -0.012000
v 0.014000 0.003969 -0.013750
v 0.014000 0.005250 -0.015031
v 0.014000 0.007000 -0.015500
v 0.013969 0.010000 -0.066827
v 0.014000 0.012341 -0.066769
v 0.013969 0.012307 -0.066600
v 0.014000 0.014592 -0.066087
v 0.013969 0.014526 -0.065927
v 0.014000 0.016667 -0.064978
v 0.013969 0.016571 -0.064834
v 0.014000 0.018485 -0.063485
v 0.013969 0.018363 -0.063363
v 0.014000 0.019978 -0.061667
v 0.013969 0.019834 -0.061571
v 0.014000 0.021087 -0.059592
v 0.013969 0.020927 -0.059526
v 0.014000 0.021769 -0.057341
v 0.013969 0.021600 -0.057307
v 0.014000 0.022000 -0.055000
v 0.013969 0.021827 -0.055000
v 0.014000 0.021769 -0.052659
v 0.013969 0.021600 -0.052693
v 0.014000 0.021087 -0.050408
v 0.013969 0.020927 -0.050474
v 0.014000 0.019978 -0.048333
v 0.013969 0.019834 -0.048429
v 0.014000 0.018485 -0.046515
v 0.013969 0.018363 -0.046637
v 0.014000 0.016667 -0.045022
v 0.013969 0.016571 -0.045166
v 0.014000 0.014592 -0.043913
v 0.013969 0.014526 -0.044073
v 0.014000 0.012341 -0.043231
v 0.013969 0.012307 -0.043400
v 0.014000 0.010000 -0.043000
v 0.013969 0.010000 -0.043173
v 0.014000 0.007659 -0.043231
v 0.013969 0.007693 -0.043400
v 0.014000 0.005408 -0.043913
v 0.013969 0.005474 -0.044073
v 0.014000 0.003333 -0.045022
v 0.013969 0.003429 -0.045166
v 0.014000 0.001515 -0.046515
v 0.013969 0.001637 -0.046637
v 0.014000 0.000022 -0.048333
v 0.013969 0.000166 -0.048429
v 0.014000 -0.001087 -0.050408
v 0.013969 -0.000927 -0.050474
v 0.014000 -0.001769 -0.052659
v 0.013969 -0.001600 -0.052693
v 0.014000 -0.002000 -0.055000
v 0.013969 -0.001827 -0.055000
v 0.014000 -0.001769 -0.057341
v 0.013969 -0.001600 -0.057307
v 0.014000 -0.001087 -0.059592
v 0.013969 -0.000927 -0.059526
v 0.014000 0.000022 -0.061667
v 0.013969 0.000166 -0.061571
v 0.014000 0.001515 -0.063485
v 0.013969 0.001637 -0.063363
v 0.014000 0.003333 -0.064978
v 0.013969 0.003429 -0.064834
v 0.014000 0.005408 -0.066087
v 0.013969 0.005474 -0.065927
v 0.014000 0.007659 -0.066769
v 0.013969 0.007693 -0.066600
v 0.014000 0.010000 -0.067000
v 0.013673 0.007750 -0.043691
v 0.013673 0.005587 -0.044347
v 0.013673 0.001846 -0.046846
v 0.013673 0.003594 -0.045412
v 0.013673 0.000412 -0.048594
v 0.013673 -0.001309 -0.052750
v 0.013673 -0.000653 -0.050587
v 0.013673 -0.001531 -0.055000
v 0.013673 -0.000653 -0.059413
v 0.013673 -0.001309 -0.057250
v 0.013673 0.000412 -0.061406
v 0.013673 0.001846 -0.063154
v 0.013673 0.003594 -0.064588
v 0.013673 0.012250 -0.066309
v 0.013673 0.010000 -0.066531
v 0.013673 0.007750 -0.066309
v 0.013673 0.005587 -0.065653
v 0.013673 0.014413 -0.065653
v 0.013673 0.018154 -0.063154
v 0.013673 0.016406 -0.064588
v 0.013673 0.019588 -0.061406
v 0.013673 0.021309 -0.057250
v 0.013673 0.020653 -0.059413
v 0.013673 0.021531 -0.055000
v 0.013673 0.020653 -0.050587
v 0.013673 0.021309 -0.052750
v 0.013673 0.019588 -0.048594
v 0.013673 0.018154 -0.046846
v 0.013673 0.016406 -0.045412
v 0.013673 0.010000 -0.043469
v 0.013673 0.012250 -0.043691
v 0.013673 0.014413 -0.044347
v 0.013854 0.010000 -0.043354
v 0.013854 0.007728 -0.043577
v 0.013854 0.005543 -0.044240
v 0.013854 0.003530 -0.045316
v 0.013854 0.001765 -0.046765
v 0.013854 0.000316 -0.048530
v 0.013854 -0.000760 -0.050543
v 0.013854 -0.001423 -0.052728
v 0.013854 -0.001646 -0.055000
v 0.013854 -0.001423 -0.057272
v 0.013854 -0.000760 -0.059457
v 0.013854 0.000316 -0.061470
v 0.013854 0.001765 -0.063235
v 0.013854 0.003530 -0.064684
v 0.013854 0.005543 -0.065760
v 0.013854 0.007728 -0.066423
v 0.013854 0.010000 -0.066646
v 0.013854 0.012272 -0.066423
v 0.013854 0.014457 -0.065760
v 0.013854 0.016470 -0.064684
v 0.013854 0.018235 -0.063235
v 0.013854 0.019684 -0.061470
v 0.013854 0.020760 -0.059457
v 0.013854 0.021423 -0.057272
v 0.013854 0.021646 -0.055000
v 0.013854 0.021423 -0.052728
v 0.013854 0.020760 -0.050543
v 0.013854 0.019684 -0.048530
v 0.013854 0.018235 -0.046765
v 0.013854 0.016470 -0.045316
v 0.013854 0.014457 -0.044240
v 0.013854 0.012272 -0.043577
v 0.014000 0.008750 -0.003031
v 0.014000 0.010031 -0.001750
v 0.014000 0.010500 -0.000000
v 0.014000 0.010031 0.001750
v 0.014000 0.008750 0.003031
v 0.014000 0.007000 0.003500
v 0.014000 0.005250 0.003031
v 0.014000 0.003969 0.001750
v 0.013500 0.004000 0.000000
v 0.014000 0.003500 0.000000
v 0.014000 0.003969 -0.001750
v 0.014000 0.005250 -0.003031
v 0.014000 0.007000 -0.003500
v 0.014000 -0.005250 -0.015031
v 0.014000 -0.003969 -0.013750
v 0.014000 -0.003500 -0.012000
v 0.014000 -0.003969 -0.010250
v 0.014000 -0.005250 -0.008969
v 0.014000 -0.007000 -0.008500
v 0.014000 -0.008750 -0.008969
v 0.014000 -0.010031 -0.010250
v 0.014000 -0.010500 -0.012000
v 0.014000 -0.010031 -0.013750
v 0.014000 -0.008750 -0.015031
v 0.014000 -0.007000 -0.015500
v 0.014000 0.008750 0.008969
v 0.014000 0.010031 0.010250
v 0.014000 0.010500 0.012000
v 0.014000 0.010031 0.013750
v 0.014000 0.008750 0.015031
v 0.014000 0.007000 0.015500
v 0.014000 0.005250 0.015031
v 0.014000 0.003969 0.013750
v 0.014000 0.003500 0.012000
v 0.014000 0.003969 0.010250
v 0.014000 0.005250 0.008969
v 0.014000 0.007000 0.008500
v 0.013500 -0.012000 -0.015000
v 0.013673 -0.011969 -0.015000
v 0.013750 -0.011933 -0.015000
v 0.013854 -0.011854 -0.015000
v 0.013933 -0.011750 -0.015000
v 0.013969 -0.011673 -0.015000
v 0.014000 -0.011500 -0.015000
v 0.014000 -0.011500 -0.006000
v 0.014000 -0.011500 0.006000
v 0.014000 -0.011500 0.018000
v 0.000500 -0.012000 0.019000
v 0.000500 -0.011876 0.019692
v 0.000500 -0.011732 0.020000
v 0.000500 -0.011414 0.020414
v 0.000500 -0.011000 0.020732
v 0.000500 -0.010692 0.020876
v 0.000500 0.012000 -0.015000
v 0.000327 0.011969 0.019000
v 0.000327 0.011969 -0.015000
v 0.000250 0.011933 0.019000
v 0.000250 0.011933 -0.015000
v 0.000146 0.011854 0.019000
v 0.000146 0.011854 -0.015000
v 0.000067 0.011750 0.019000
v 0.000067 0.011750 -0.015000
v 0.000031 0.011673 0.019000
v 0.000031 0.011673 -0.015000
v 0.000000 0.011500 -0.015000
v 0.000000 0.011500 -0.006000
v 0.000000 0.011500 0.006000
v 0.000000 0.011500 0.017063
v 0.000000 0.011500 0.019000
v 0.000067 0.010000 0.020750
v 0.000146 0.010000 0.020854
v 0.000146 0.010642 0.020739
v 0.000250 0.010000 0.020933
v 0.000327 0.010000 0.020969
v 0.000327 0.010682 0.020847
v 0.000146 0.011739 0.019642
v 0.000031 0.011570 0.019579
v 0.000000 0.010000 0.020500
v 0.000031 0.010000 0.020673
v 0.000031 0.010579 0.020570
v 0.000000 0.010519 0.020407
v 0.000031 0.011183 0.020183
v 0.000000 0.011061 0.020061
v 0.000000 0.011407 0.019519
v 0.000327 0.011847 0.019682
v 0.000327 0.011392 0.020392
v 0.000146 0.011311 0.020311
v 0.000000 0.005031 0.020500
v 0.000000 -0.010000 0.020500
v 0.000031 -0.010000 0.020673
v 0.000000 -0.007000 0.020500
v 0.000000 -0.002462 0.020500
v 0.000067 -0.010000 0.020750
v 0.000146 -0.010000 0.020854
v 0.000250 -0.010000 0.020933
v 0.000327 -0.010000 0.020969
v 0.000067 -0.011750 0.019000
v 0.000146 -0.011854 0.019000
v 0.000146 -0.011739 0.019642
v 0.000250 -0.011933 0.019000
v 0.000327 -0.011969 0.019000
v 0.000327 -0.011847 0.019682
v 0.000146 -0.010642 0.020739
v 0.000031 -0.010579 0.020570
v 0.000000 -0.011500 0.019000
v 0.000031 -0.011673 0.019000
v 0.000031 -0.011570 0.019579
v 0.000000 -0.011407 0.019519
v 0.000031 -0.011183 0.020183
v 0.000000 -0.011061 0.020061
v 0.000000 -0.010519 0.020407
v 0.000327 -0.010682 0.020847
v 0.000327 -0.011392 0.020392
v 0.000146 -0.011311 0.020311
v 0.000000 -0.011500 -0.006000
v 0.000000 -0.011500 -0.015000
v 0.000031 -0.011673 -0.015000
v 0.000000 -0.011500 0.017063
v 0.000000 -0.011500 0.006000
v 0.000067 -0.011750 -0.015000
v 0.000146 -0.011854 -0.015000
v 0.000250 -0.011933 -0.015000
v 0.000327 -0.011969 -0.015000
v 0.000500 -0.012000 -0.015000
v 0.000000 -0.004686 -0.018866
v 0.000000 -0.003363 -0.018866
v 0.000000 -0.003363 -0.028866
v 0.000000 -0.004686 -0.028866
v 0.000000 -0.001562 -0.027686
v 0.000000 0.003363 -0.027686
v 0.000000 0.003363 -0.018866
v 0.000000 0.004686 -0.018866
v 0.000000 0.004686 -0.028866
v 0.000000 -0.001562 -0.028866
v 0.000000 -0.007000 -0.001625
v 0.000000 -0.006187 -0.001407
v 0.000000 -0.005593 -0.000813
v 0.000000 -0.005375 -0.000000
v 0.000000 -0.005593 0.000813
v 0.000000 -0.006187 0.001407
v 0.000000 -0.007000 0.001625
v 0.000000 -0.007812 0.001407
v 0.000000 -0.008407 0.000813
v 0.000000 -0.008625 0.000000
v 0.000000 -0.008407 -0.000813
v 0.000000 -0.007812 -0.001407
v 0.000000 0.007000 -0.013625
v 0.000000 0.007812 -0.013407
v 0.000000 0.008407 -0.012812
v 0.000000 0.008625 -0.012000
v 0.000000 0.008407 -0.011188
v 0.000000 0.007812 -0.010593
v 0.000000 0.007000 -0.010375
v 0.000000 0.006187 -0.010593
v 0.000000 0.005593 -0.011188
v 0.000000 0.005375 -0.012000
v 0.000000 0.005593 -0.012812
v 0.000000 0.006187 -0.013407
v 0.000000 0.007000 0.010375
v 0.000000 0.007812 0.010593
v 0.000000 0.008407 0.011188
v 0.000000 0.008625 0.012000
v 0.000000 0.008407 0.012812
v 0.000000 0.007812 0.013407
v 0.000000 0.007000 0.013625
v 0.000000 0.006187 0.013407
v 0.000000 0.005593 0.012812
v 0.000000 0.005375 0.012000
v 0.000000 0.005593 0.011188
v 0.000000 0.006187 0.010593
v 0.000000 -0.007000 0.010375
v 0.000000 -0.006187 0.010593
v 0.000000 -0.005593 0.011188
v 0.000000 -0.005375 0.012000
v 0.000000 -0.005593 0.012812
v 0.000000 -0.006187 0.013407
v 0.000000 -0.007000 0.013625
v 0.000000 -0.007812 0.013407
v 0.000000 -0.008407 0.012812
v 0.000000 -0.008625 0.012000
v 0.000000 -0.008407 0.011188
v 0.000000 -0.007812 0.010593
v 0.000000 0.007000 -0.001625
v 0.000000 0.007812 -0.001407
v 0.000000 0.008407 -0.000813
v 0.000000 0.008625 -0.000000
v 0.000000 0.008407 0.000813
v 0.000000 0.007812 0.001407
v 0.000000 0.007000 0.001625
v 0.000000 0.006187 0.001407
v 0.000000 0.005593 0.000813
v 0.000000 0.005375 0.000000
v 0.000000 0.005593 -0.000813
v 0.000000 0.006187 -0.001407
v 0.000000 -0.007000 -0.013625
v 0.000000 -0.006187 -0.013407
v 0.000000 -0.005593 -0.012812
v 0.000000 -0.005375 -0.012000
v 0.000000 -0.005593 -0.011188
v 0.000000 -0.006187 -0.010593
v 0.000000 -0.007000 -0.010375
v 0.000000 -0.007812 -0.010593
v 0.000000 -0.008407 -0.011188
v 0.000000 -0.008625 -0.012000
v 0.000000 -0.008407 -0.012812
v 0.000000 -0.007812 -0.013407
v -0.001912 0.001947 -0.063445
v -0.001912 0.003691 -0.064817
v -0.001912 0.005663 -0.065833
v -0.001912 0.007792 -0.066458
v -0.001912 -0.001340 -0.057751
v -0.001912 -0.000615 -0.059848
v -0.001912 0.000495 -0.061769
v -0.001912 -0.001027 -0.051183
v -0.001912 -0.001550 -0.053339
v -0.001912 -0.001656 -0.055555
v -0.001912 0.002787 -0.045827
v -0.001912 0.001181 -0.047358
v -0.001912 -0.000106 -0.049165
v -0.001912 0.008891 -0.043384
v -0.001912 0.006712 -0.043804
v -0.001912 0.004653 -0.044628
v -0.001912 0.017213 -0.045827
v -0.001912 0.015347 -0.044628
v -0.001912 0.013288 -0.043804
v -0.001912 0.011109 -0.043384
v -0.001912 0.020106 -0.049165
v -0.001912 0.018819 -0.047358
v -0.001912 0.021340 -0.057751
v -0.001912 0.021656 -0.055555
v -0.001912 0.021550 -0.053339
v -0.001912 0.021027 -0.051183
v -0.001912 0.019505 -0.061769
v -0.001912 0.020615 -0.059848
v -0.001912 0.014337 -0.065833
v -0.001912 0.016309 -0.064817
v -0.001912 0.018053 -0.063445
v -0.001912 0.010000 -0.066669
v -0.001912 0.012208 -0.066458
v -0.007706 0.010000 -0.067176
v -0.007706 0.007696 -0.066956
v -0.007706 0.005475 -0.066304
v -0.007706 0.003417 -0.065243
v -0.007706 0.001598 -0.063812
v -0.007706 0.000082 -0.062063
v -0.007706 -0.001076 -0.060058
v -0.007706 -0.001833 -0.057871
v -0.007706 -0.002162 -0.055579
v -0.007706 -0.002052 -0.053267
v -0.007706 -0.001506 -0.051018
v -0.007706 -0.000545 -0.048912
v -0.007706 0.000798 -0.047026
v -0.007706 0.002473 -0.045429
v -0.007706 0.004421 -0.044177
v -0.007706 0.006570 -0.043317
v -0.007706 0.008843 -0.042879
v -0.007706 0.011157 -0.042879
v -0.007706 0.013430 -0.043317
v -0.007706 0.015579 -0.044177
v -0.007706 0.017527 -0.045429
v -0.007706 0.019202 -0.047026
v -0.007706 0.020545 -0.048912
v -0.007706 0.021506 -0.051018
v -0.007706 0.022052 -0.053267
v -0.007706 0.022162 -0.055579
v -0.007706 0.021833 -0.057871
v -0.007706 0.021076 -0.060058
v -0.007706 0.019918 -0.062063
v -0.007706 0.018402 -0.063812
v -0.007706 0.016583 -0.065243
v -0.007706 0.014525 -0.066304
v -0.007706 0.012304 -0.066956
v -0.013462 -0.000605 -0.062552
v -0.013462 -0.001842 -0.060408
v -0.013462 -0.002349 -0.059121
v -0.013462 -0.002652 -0.058069
v -0.013462 -0.003004 -0.055619
v -0.013462 -0.002886 -0.053147
v -0.013462 -0.002303 -0.050742
v -0.013462 -0.001275 -0.048491
v -0.013462 0.000161 -0.046474
v -0.013462 0.001952 -0.044766
v -0.013462 0.004034 -0.043428
v -0.013462 0.006332 -0.042508
v -0.013462 0.008762 -0.042040
v -0.013462 0.011238 -0.042040
v -0.013462 0.013668 -0.042508
v -0.013462 0.015966 -0.043428
v -0.013462 0.018048 -0.044766
v -0.013462 0.019839 -0.046474
v -0.013462 0.021275 -0.048491
v -0.013462 0.022303 -0.050742
v -0.013462 0.022886 -0.053147
v -0.013462 0.023004 -0.055619
v -0.013462 0.022652 -0.058069
v -0.013462 0.021842 -0.060408
v -0.013462 0.020605 -0.062552
v -0.013462 0.018984 -0.064422
v -0.013462 0.017039 -0.065952
v -0.013462 0.014839 -0.067086
v -0.013462 0.012464 -0.067784
v -0.013462 0.010000 -0.068019
v -0.013462 0.007536 -0.067784
v -0.013462 0.005161 -0.067086
v -0.013462 0.002961 -0.065952
v -0.013462 0.001016 -0.064422
v 0.000146 0.011993 -0.018750
v 0.000327 0.012108 -0.018741
v 0.000031 0.011813 -0.018763
v 0.000000 0.011640 -0.018776
v 0.000031 0.012406 -0.023600
v 0.000000 0.012235 -0.023629
v 0.000031 0.013459 -0.028357
v 0.000000 0.013292 -0.028403
v 0.000031 0.014963 -0.032992
v 0.000000 0.014801 -0.033053
v 0.000031 0.016426 -0.036462
v -0.000000 0.016269 -0.036535
v 0.000500 0.016722 -0.036324
v 0.000327 0.016694 -0.036337
v 0.000500 0.015269 -0.032876
v 0.000327 0.015240 -0.032887
v 0.000500 0.014652 -0.031152
v 0.000327 0.013745 -0.028279
v 0.000500 0.013775 -0.028271
v 0.000500 0.013069 -0.025339
v 0.000327 0.012697 -0.023550
v 0.000500 0.012728 -0.023544
v 0.000500 0.012139 -0.018739
v 0.000146 0.016589 -0.036386
v 0.000146 0.015132 -0.032928
v 0.000146 0.013633 -0.028310
v 0.000146 0.012584 -0.023569
v 0.014000 0.021932 -0.045910
v 0.013969 0.022070 -0.045805
v 0.013969 0.020382 -0.043453
v 0.014000 0.020238 -0.043550
v 0.013969 0.018007 -0.039574
v 0.014000 0.017855 -0.039657
v 0.013969 0.015988 -0.035497
v 0.014000 0.015830 -0.035567
v 0.013969 0.014342 -0.031256
v 0.014000 0.014178 -0.031312
v 0.013969 0.013082 -0.026886
v 0.014000 0.012914 -0.026926
v 0.013969 0.012217 -0.022420
v 0.014000 0.012046 -0.022445
v 0.013969 0.011756 -0.017894
v 0.014000 0.011583 -0.017904
v 0.013854 0.011936 -0.017884
v 0.013500 0.012082 -0.017876
v 0.013673 0.012051 -0.017877
v 0.013500 0.012190 -0.019379
v 0.013673 0.012510 -0.022376
v 0.013500 0.012541 -0.022372
v 0.013500 0.013069 -0.025339
v 0.013673 0.013370 -0.026816
v 0.013500 0.013400 -0.026809
v 0.013673 0.014623 -0.031162
v 0.013500 0.014652 -0.031152
v 0.013673 0.016259 -0.035378
v 0.013500 0.016288 -0.035365
v 0.013500 0.016916 -0.036735
v 0.013673 0.018266 -0.039430
v 0.013500 0.018293 -0.039415
v 0.013500 0.019828 -0.042009
v 0.013673 0.020627 -0.043288
v 0.013500 0.020653 -0.043270
v 0.013673 0.022305 -0.045626
v 0.013500 0.022330 -0.045607
v 0.013854 0.022213 -0.045696
v 0.013854 0.020531 -0.043352
v 0.013854 0.018165 -0.039486
v 0.013854 0.016154 -0.035424
v 0.013854 0.014513 -0.031199
v 0.013854 0.013257 -0.026843
v 0.013854 0.012396 -0.022393
v 0.014000 -0.011000 0.018000
v 0.014000 0.000750 0.018000
v 0.014000 0.000750 0.006000
v 0.014000 0.000750 -0.006000
v 0.014000 0.003500 0.000000
v 0.014000 0.010500 0.000000
v 0.014000 0.000750 -0.029250
v 0.014000 0.012086 -0.069854
v 0.014000 0.009491 -0.069991
v 0.014000 0.006910 -0.069678
v 0.014000 0.004422 -0.068924
v 0.014000 0.002102 -0.067752
v 0.014000 0.000019 -0.066197
v 0.014000 0.023322 -0.048107
v 0.014000 0.024312 -0.050511
v 0.014000 0.014620 -0.069271
v 0.014000 0.017014 -0.068259
v 0.014000 0.019198 -0.066849
v 0.014000 0.021106 -0.065083
v 0.014000 0.022680 -0.063014
v 0.014000 0.023873 -0.060705
v 0.014000 0.024649 -0.058224
v 0.014000 0.024986 -0.055646
v 0.014000 0.024873 -0.053049
v 0.014000 -0.002750 -0.029250
v 0.014000 -0.001765 -0.064306
v 0.014000 -0.003195 -0.062135
v 0.014000 -0.004228 -0.059750
v 0.014000 -0.005693 -0.055096
v 0.014000 -0.010199 -0.034130
v 0.014000 -0.009052 -0.041192
v 0.014000 -0.007548 -0.048187
v 0.014000 -0.011000 -0.006000
v 0.014000 -0.011416 -0.019878
v 0.014000 -0.002750 -0.006000
v 0.014000 -0.010988 -0.027019
v 0.014000 -0.010500 0.000000
v 0.014000 -0.011000 0.006000
v 0.014000 -0.002750 0.006000
v 0.014000 -0.003500 0.000000
v 0.014000 -0.002750 0.018000
v 0.013854 -0.011769 -0.019890
v 0.013673 -0.011885 -0.019894
v 0.013673 -0.004673 -0.059898
v 0.013673 -0.006143 -0.055229
v 0.013500 -0.004702 -0.059908
v 0.013500 -0.006172 -0.055238
v 0.013500 -0.006959 -0.052476
v 0.013673 -0.008004 -0.048297
v 0.013500 -0.008034 -0.048304
v 0.013500 -0.009270 -0.042694
v 0.013673 -0.009513 -0.041279
v 0.013500 -0.009543 -0.041285
v 0.013673 -0.010664 -0.034194
v 0.013500 -0.010695 -0.034198
v 0.013673 -0.011455 -0.027059
v 0.013500 -0.011486 -0.027062
v 0.013500 -0.011787 -0.022764
v 0.013500 -0.011916 -0.019895
v 0.013969 -0.011589 -0.019884
v 0.013969 -0.011160 -0.027034
v 0.013969 -0.010371 -0.034154
v 0.013969 -0.009222 -0.041224
v 0.013969 -0.007716 -0.048227
v 0.013969 -0.005859 -0.055145
v 0.013969 -0.004392 -0.059804
v 0.013854 -0.004564 -0.059862
v 0.013854 -0.006032 -0.055197
v 0.013854 -0.007892 -0.048270
v 0.013854 -0.009399 -0.041257
v 0.013854 -0.010550 -0.034178
v 0.013854 -0.011340 -0.027049
v 0.000146 -0.011746 -0.020512
v 0.000031 -0.011566 -0.020505
v 0.000009 -0.007908 -0.047090
v 0.000031 -0.007982 -0.047107
v 0.000031 -0.009127 -0.041722
v 0.000000 -0.008957 -0.041689
v 0.000000 -0.007814 -0.047068
v 0.000031 -0.010296 -0.034693
v 0.000000 -0.010125 -0.034669
v 0.000031 -0.011110 -0.027615
v 0.000000 -0.010937 -0.027600
v 0.000000 -0.011393 -0.020498
v 0.000500 -0.011893 -0.020517
v 0.000327 -0.011862 -0.020516
v 0.000500 -0.011787 -0.022764
v 0.000327 -0.011404 -0.027641
v 0.000500 -0.011435 -0.027644
v 0.000500 -0.010882 -0.032774
v 0.000327 -0.010589 -0.034734
v 0.000500 -0.010620 -0.034739
v 0.000327 -0.009418 -0.041777
v 0.000500 -0.009448 -0.041783
v 0.000500 -0.009270 -0.042694
v 0.000327 -0.008271 -0.047174
v 0.000500 -0.008301 -0.047181
v 0.000146 -0.011289 -0.027631
v 0.000146 -0.010475 -0.034718
v 0.000146 -0.009304 -0.041756
v 0.000146 -0.008158 -0.047148
v 0.000000 -0.007000 0.017063
v 0.000000 -0.010062 0.017063
v 0.000000 0.006634 -0.035793
v 0.000000 0.005031 -0.016246
v 0.000000 0.009670 -0.035503
v 0.000000 0.012714 -0.035690
v 0.000000 0.015692 -0.036349
v 0.000000 0.005031 -0.006000
v 0.000000 0.005031 0.006000
v 0.000000 0.005375 0.000000
v 0.000000 0.008625 -0.000000
v 0.000000 0.005031 0.017063
v 0.000000 -0.010062 -0.016246
v 0.000000 -0.007000 -0.016246
v 0.000000 -0.005932 -0.043757
v 0.000000 -0.007491 -0.046378
v 0.000000 -0.002462 -0.016246
v 0.000000 -0.002498 -0.040031
v 0.000000 -0.003984 -0.041410
v 0.000000 0.003681 -0.036552
v 0.000000 0.000882 -0.037763
v 0.000000 -0.001694 -0.039396
v 0.000000 -0.008625 0.000000
v 0.000000 -0.010062 0.006000
v 0.000000 -0.010062 -0.006000
v 0.000000 -0.007000 -0.006000
v 0.000000 -0.002462 -0.006000
v 0.000000 -0.005375 -0.000000
v 0.000000 -0.002462 0.006000
v 0.000000 -0.007000 0.006000
v 0.000000 -0.002462 0.017063
v -0.002499 -0.005669 -0.056865
v -0.004000 -0.004702 -0.059908
v -0.002866 -0.005389 -0.057796
v -0.000071 -0.007451 -0.050538
v 0.000184 -0.007595 -0.050073
v 0.000219 -0.007866 -0.048862
v 0.000072 -0.007786 -0.048823
v -0.000039 -0.007664 -0.048779
v -0.000201 -0.007396 -0.050493
v -0.002963 -0.005407 -0.057665
v -0.003417 -0.005106 -0.058659
v -0.002939 -0.005423 -0.057612
v -0.000078 -0.007591 -0.048756
v -0.000150 -0.007441 -0.049104
v -0.000317 -0.007250 -0.050082
v -0.000308 -0.007306 -0.050444
v -0.000381 -0.007187 -0.050396
v -0.000724 -0.006926 -0.052090
v -0.001718 -0.006212 -0.054719
v -0.001897 -0.006096 -0.055174
v -0.001252 -0.006527 -0.053700
v -0.001378 -0.006436 -0.053808
v -0.000751 -0.006879 -0.051868
v -0.000801 -0.006841 -0.052042
v -0.001323 -0.006472 -0.053656
v -0.001170 -0.006564 -0.053744
v -0.002543 -0.005663 -0.056841
v -0.002586 -0.005653 -0.056816
v -0.001081 -0.006583 -0.053785
v -0.000859 -0.006676 -0.053495
v 0.000071 -0.007465 -0.050576
v -0.000220 0.017922 -0.038921
v -0.001198 0.019334 -0.041294
v -0.001279 0.019272 -0.041287
v -0.000049 0.017113 -0.037710
v -0.001348 0.019197 -0.041294
v -0.001315 0.019235 -0.041289
v -0.001696 0.019650 -0.041951
v -0.001700 0.019655 -0.041958
v -0.000034 0.016645 -0.037217
v -0.000108 0.016963 -0.037775
v -0.000510 0.017910 -0.039338
v -0.000421 0.017739 -0.039066
v -0.000366 0.017756 -0.038964
v -0.000325 0.017817 -0.038944
v 0.000061 0.017240 -0.037666
v 0.000190 0.017795 -0.038491
v 0.000054 0.018038 -0.038947
v -0.000090 0.017998 -0.038922
v -0.000824 0.019200 -0.040989
v -0.001109 0.019383 -0.041313
v -0.002760 0.021152 -0.043996
v -0.002522 0.020803 -0.043510
v -0.004000 0.022330 -0.045607
v -0.002972 0.021168 -0.044059
v -0.002719 0.020878 -0.043665
v -0.002565 0.020777 -0.043497
v -0.002607 0.020748 -0.043487
v 0.000210 0.017328 -0.037648
v -0.013838 -0.005345 -0.054586
v -0.013838 -0.005183 -0.057257
v -0.013244 -0.005332 -0.057279
v -0.013838 -0.003082 -0.046969
v -0.013838 -0.004278 -0.049363
v -0.013244 -0.004417 -0.049308
v -0.013244 0.010000 -0.039500
v -0.013244 0.010418 -0.039506
v -0.013838 0.010414 -0.039655
v -0.013838 0.024561 -0.050141
v -0.013838 0.023496 -0.047686
v -0.013244 0.023627 -0.047615
v -0.013838 0.019546 -0.067021
v -0.013838 0.021489 -0.065180
v -0.013244 0.021601 -0.065280
v -0.013838 0.012257 -0.070183
v -0.013838 0.014859 -0.069561
v -0.013244 0.014907 -0.069703
v -0.013838 0.004363 -0.069278
v -0.013838 0.006928 -0.070040
v -0.013244 0.006898 -0.070186
v -0.013838 -0.000180 -0.066489
v -0.013244 -0.001943 -0.064880
v -0.013838 -0.002021 -0.064546
v -0.013244 -0.002138 -0.064639
v -0.013838 -0.003496 -0.062314
v -0.013838 0.001969 -0.068082
v -0.013244 0.000889 -0.067540
v -0.013244 -0.000280 -0.066601
v -0.013244 0.004308 -0.069417
v -0.013244 0.004294 -0.069412
v -0.013244 0.001891 -0.068210
v -0.013244 0.012279 -0.070332
v -0.013244 0.011943 -0.070378
v -0.013838 0.009586 -0.070345
v -0.013244 0.009582 -0.070494
v -0.013244 0.008057 -0.070378
v -0.013244 0.019639 -0.067138
v -0.013244 0.019111 -0.067540
v -0.013838 0.017314 -0.068496
v -0.013244 0.017385 -0.068627
v -0.013244 0.015706 -0.069412
v -0.013838 0.024278 -0.060637
v -0.013244 0.024025 -0.061600
v -0.013838 0.023082 -0.063031
v -0.013244 0.023210 -0.063109
v -0.013244 0.021943 -0.064880
v -0.013244 0.025469 -0.054027
v -0.013244 0.025494 -0.055418
v -0.013838 0.025345 -0.055414
v -0.013244 0.025225 -0.057904
v -0.013838 0.025040 -0.058072
v -0.013244 0.025186 -0.058102
v -0.013244 0.024417 -0.060692
v -0.013244 0.025332 -0.052721
v -0.013838 0.025183 -0.052743
v -0.013244 0.024741 -0.050210
v -0.013244 0.024703 -0.050093
v -0.013838 0.020180 -0.043511
v -0.013244 0.020610 -0.043701
v -0.013838 0.022021 -0.045454
v -0.013244 0.022138 -0.045361
v -0.013244 0.023087 -0.046695
v -0.013838 0.018031 -0.041918
v -0.013838 0.015637 -0.040722
v -0.013244 0.015692 -0.040583
v -0.013244 0.017467 -0.041417
v -0.013244 0.018109 -0.041790
v -0.013244 0.020280 -0.043399
v -0.013838 0.013072 -0.039960
v -0.013244 0.013102 -0.039814
v -0.013244 0.013855 -0.039987
v -0.013244 0.007721 -0.039668
v -0.013838 0.007743 -0.039817
v -0.013244 0.006145 -0.039987
v -0.013838 0.005141 -0.040439
v -0.013244 0.005093 -0.040297
v -0.013244 0.002615 -0.041373
v -0.013838 0.002686 -0.041504
v -0.013244 0.002533 -0.041417
v -0.013838 0.000454 -0.042979
v -0.013244 0.000361 -0.042862
v -0.013244 -0.003210 -0.046891
v -0.013244 -0.003087 -0.046695
v -0.013838 -0.001489 -0.044820
v -0.013244 -0.001601 -0.044720
v -0.013244 -0.000610 -0.043701
v -0.013244 -0.005494 -0.054582
v -0.013244 -0.005469 -0.054027
v -0.013838 -0.005040 -0.051928
v -0.013244 -0.005186 -0.051898
v -0.013244 -0.004741 -0.050210
v -0.013244 -0.003627 -0.062385
v -0.013244 -0.004025 -0.061600
v -0.013838 -0.004561 -0.059859
v -0.013244 -0.004703 -0.059907
v -0.013244 -0.005225 -0.057904
v -0.014289 0.015485 -0.041107
v -0.014289 0.017814 -0.042270
v -0.014289 0.019906 -0.043821
v -0.014289 0.021697 -0.045711
v -0.014289 0.023132 -0.047883
v -0.014289 0.024169 -0.050272
v -0.014289 0.024775 -0.052804
v -0.014289 0.024931 -0.055403
v -0.014289 0.012989 -0.040365
v -0.014289 0.010403 -0.040069
v -0.014289 0.007804 -0.040225
v -0.014289 0.005272 -0.040831
v -0.014289 0.002883 -0.041868
v -0.014289 0.000711 -0.043303
v -0.014289 -0.001179 -0.045094
v -0.014289 -0.002730 -0.047186
v -0.014289 -0.003893 -0.049515
v -0.014289 -0.004635 -0.052011
v -0.014289 -0.004931 -0.054597
v -0.014289 -0.004775 -0.057196
v -0.014289 -0.004169 -0.059728
v -0.014289 -0.003132 -0.062117
v -0.014289 -0.001697 -0.064289
v -0.014289 0.000094 -0.066179
v -0.014289 0.002186 -0.067730
v -0.014289 0.004515 -0.068893
v -0.014289 0.007011 -0.069635
v -0.014289 0.009597 -0.069931
v -0.014289 0.012196 -0.069775
v -0.014289 0.014728 -0.069169
v -0.014289 0.017117 -0.068132
v -0.014289 0.019289 -0.066697
v -0.014289 0.021179 -0.064906
v -0.014289 0.022730 -0.062814
v -0.014289 0.023893 -0.060485
v -0.014289 0.024635 -0.057989
v -0.014490 0.015273 -0.041644
v -0.014490 0.017512 -0.042763
v -0.014490 0.019523 -0.044253
v -0.014490 0.021244 -0.046070
v -0.014490 0.022624 -0.048158
v -0.014490 0.023620 -0.050455
v -0.014490 0.024203 -0.052889
v -0.014490 0.024354 -0.055387
v -0.014490 0.024068 -0.057874
v -0.014490 0.012874 -0.040932
v -0.014490 0.010387 -0.040646
v -0.014490 0.007889 -0.040797
v -0.014490 0.005455 -0.041380
v -0.014490 0.003158 -0.042376
v -0.014490 0.001070 -0.043756
v -0.014490 -0.000747 -0.045477
v -0.014490 -0.002237 -0.047488
v -0.014490 -0.003356 -0.049727
v -0.014490 -0.004068 -0.052126
v -0.014490 -0.004354 -0.054613
v -0.014490 -0.004203 -0.057111
v -0.014490 -0.003620 -0.059545
v -0.014490 -0.002624 -0.061842
v -0.014490 -0.001244 -0.063930
v -0.014490 0.000477 -0.065747
v -0.014490 0.002488 -0.067237
v -0.014490 0.004727 -0.068356
v -0.014490 0.007126 -0.069068
v -0.014490 0.009613 -0.069354
v -0.014490 0.012111 -0.069203
v -0.014490 0.014545 -0.068620
v -0.014490 0.016842 -0.067624
v -0.014490 0.018930 -0.066244
v -0.014490 0.020747 -0.064523
v -0.014490 0.022237 -0.062512
v -0.014490 0.023356 -0.060273
v -0.014392 0.015051 -0.042206
v -0.014392 0.017196 -0.043278
v -0.014392 0.019122 -0.044705
v -0.014392 0.020771 -0.046446
v -0.014392 0.022093 -0.048446
v -0.014392 0.023048 -0.050646
v -0.014392 0.023605 -0.052978
v -0.014392 0.023750 -0.055371
v -0.014392 0.023477 -0.057753
v -0.014392 0.022794 -0.060051
v -0.014392 0.012753 -0.041523
v -0.014392 0.010371 -0.041250
v -0.014392 0.007978 -0.041395
v -0.014392 0.005646 -0.041952
v -0.014392 0.003446 -0.042907
v -0.014392 0.001446 -0.044229
v -0.014392 -0.000295 -0.045878
v -0.014392 -0.001722 -0.047804
v -0.014392 -0.002794 -0.049949
v -0.014392 -0.003477 -0.052247
v -0.014392 -0.003750 -0.054629
v -0.014392 -0.003605 -0.057022
v -0.014392 -0.003048 -0.059354
v -0.014392 -0.002093 -0.061554
v -0.014392 -0.000771 -0.063554
v -0.014392 0.000878 -0.065295
v -0.014392 0.002804 -0.066722
v -0.014392 0.004949 -0.067794
v -0.014392 0.007247 -0.068477
v -0.014392 0.009629 -0.068750
v -0.014392 0.012022 -0.068605
v -0.014392 0.014354 -0.068048
v -0.014392 0.016554 -0.067093
v -0.014392 0.018554 -0.065771
v -0.014392 0.020295 -0.064122
v -0.014392 0.021722 -0.062196
v -0.014020 0.014873 -0.042658
v -0.014020 0.016942 -0.043691
v -0.014020 0.018800 -0.045069
v -0.014020 0.020391 -0.046748
v -0.014020 0.021666 -0.048678
v -0.014020 0.022587 -0.050799
v -0.014020 0.023125 -0.053049
v -0.014020 0.023265 -0.055358
v -0.014020 0.023001 -0.057656
v -0.014020 0.022342 -0.059873
v -0.014020 0.021309 -0.061942
v -0.014020 0.012656 -0.041999
v -0.014020 0.010358 -0.041735
v -0.014020 0.008049 -0.041875
v -0.014020 0.005799 -0.042413
v -0.014020 0.003677 -0.043334
v -0.014020 0.001748 -0.044609
v -0.014020 0.000069 -0.046200
v -0.014020 -0.001309 -0.048058
v -0.014020 -0.002342 -0.050127
v -0.014020 -0.003001 -0.052344
v -0.014020 -0.003265 -0.054642
v -0.014020 -0.003125 -0.056951
v -0.014020 -0.002587 -0.059201
v -0.014020 -0.001666 -0.061322
v -0.014020 -0.000391 -0.063252
v -0.014020 0.001200 -0.064931
v -0.014020 0.003058 -0.066309
v -0.014020 0.005127 -0.067342
v -0.014020 0.007344 -0.068001
v -0.014020 0.009642 -0.068265
v -0.014020 0.011951 -0.068125
v -0.014020 0.014201 -0.067587
v -0.014020 0.016323 -0.066666
v -0.014020 0.018252 -0.065391
v -0.014020 0.019931 -0.063800
v 0.013969 -0.003347 -0.062217
v 0.013500 0.023087 -0.046695
v 0.013673 0.023739 -0.047891
v 0.013500 0.023766 -0.047877
v 0.013500 0.024741 -0.050210
v 0.013673 0.024760 -0.050370
v 0.013500 0.024789 -0.050361
v 0.013673 0.025338 -0.052988
v 0.013500 0.025368 -0.052984
v 0.013500 0.025469 -0.054027
v 0.013673 0.025455 -0.055666
v 0.013500 0.025486 -0.055668
v 0.013500 0.025225 -0.057904
v 0.013673 0.025108 -0.058325
v 0.013500 0.025138 -0.058331
v 0.013673 0.024307 -0.060883
v 0.013500 0.024335 -0.060895
v 0.013500 0.024025 -0.061600
v 0.013673 0.023076 -0.063265
v 0.013500 0.023102 -0.063281
v 0.013500 0.021943 -0.064880
v 0.013673 0.021453 -0.065398
v 0.013500 0.021476 -0.065419
v 0.013673 0.019486 -0.067219
v 0.013500 0.019505 -0.067244
v 0.013500 0.011943 -0.070378
v 0.013500 0.012156 -0.070349
v 0.013673 0.012152 -0.070319
v 0.013500 0.014774 -0.069747
v 0.013673 0.014764 -0.069717
v 0.013500 0.015706 -0.069412
v 0.013673 0.017234 -0.068674
v 0.013500 0.017248 -0.068701
v 0.013500 0.019111 -0.067540
v 0.013500 0.009474 -0.070491
v 0.013673 0.009475 -0.070460
v 0.013500 0.008057 -0.070378
v 0.013673 0.006813 -0.070137
v 0.013500 0.006807 -0.070168
v 0.013500 0.004294 -0.069412
v 0.013673 0.004248 -0.069360
v 0.013500 0.004236 -0.069388
v 0.013673 0.001855 -0.068151
v 0.013500 0.001839 -0.068177
v 0.013500 0.000889 -0.067540
v 0.013673 -0.000293 -0.066547
v 0.013500 -0.000314 -0.066570
v 0.013500 -0.001943 -0.064880
v 0.013673 -0.002132 -0.064597
v 0.013500 -0.002157 -0.064616
v 0.013673 -0.003607 -0.062358
v 0.013500 -0.003634 -0.062373
v 0.013500 -0.004025 -0.061600
v 0.013969 -0.001900 -0.064413
v 0.013969 -0.000096 -0.066326
v 0.013969 0.002011 -0.067899
v 0.013969 0.004358 -0.069085
v 0.013969 0.006874 -0.069848
v 0.013969 0.009485 -0.070164
v 0.013969 0.012110 -0.070026
v 0.013969 0.014673 -0.069436
v 0.013969 0.017095 -0.068412
v 0.013969 0.019304 -0.066986
v 0.013969 0.021234 -0.065199
v 0.013969 0.022826 -0.063107
v 0.013969 0.024033 -0.060770
v 0.013969 0.024818 -0.058261
v 0.013969 0.025159 -0.055654
v 0.013969 0.025044 -0.053027
v 0.013969 0.024478 -0.050459
v 0.013969 0.023476 -0.048027
v 0.013854 -0.003506 -0.062303
v 0.013854 -0.002042 -0.064525
v 0.013854 -0.000217 -0.066461
v 0.013854 0.001916 -0.068053
v 0.013854 0.004291 -0.069253
v 0.013854 0.006837 -0.070024
v 0.013854 0.009479 -0.070345
v 0.013854 0.012136 -0.070204
v 0.013854 0.014729 -0.069607
v 0.013854 0.017180 -0.068572
v 0.013854 0.019415 -0.067128
v 0.013854 0.021367 -0.065321
v 0.013854 0.022979 -0.063203
v 0.013854 0.024200 -0.060839
v 0.013854 0.024995 -0.058300
v 0.013854 0.025339 -0.055661
v 0.013854 0.025223 -0.053003
v 0.013854 0.024650 -0.050405
v 0.013854 0.023636 -0.047945
v -0.000727 -0.006425 -0.049894
v -0.000142 0.015384 -0.037359
v -0.002945 0.020843 -0.043726
v -0.002945 0.018952 -0.042173
v -0.001700 0.017099 -0.040408
v -0.001700 0.019287 -0.041693
v -0.000142 -0.001061 -0.040240
v -0.000142 0.001375 -0.038696
v -0.000142 0.004023 -0.037551
v -0.000142 0.006816 -0.036832
v -0.000142 0.009688 -0.036558
v -0.000142 0.012567 -0.036735
v -0.000142 -0.003228 -0.042146
v -0.000142 -0.005070 -0.044365
v -0.000142 -0.006544 -0.046845
v -0.000727 -0.005428 -0.047395
v -0.001700 -0.005496 -0.050183
v -0.001700 -0.006057 -0.052658
v -0.004000 -0.005225 -0.057904
v -0.004000 -0.005281 -0.057596
v -0.002945 -0.005641 -0.055183
v -0.004000 -0.005338 -0.052763
v -0.004000 -0.005469 -0.054027
v -0.004000 -0.005499 -0.055181
v -0.004000 -0.004741 -0.050210
v -0.004000 -0.004801 -0.050399
v -0.002945 -0.004937 -0.050356
v -0.002945 -0.005478 -0.052742
v -0.004000 -0.003903 -0.048147
v -0.002945 -0.004030 -0.048084
v -0.004000 -0.003087 -0.046695
v -0.002945 -0.002780 -0.045981
v -0.004000 -0.002664 -0.046063
v -0.002945 -0.001218 -0.044099
v -0.004000 -0.001116 -0.044198
v -0.002945 0.004931 -0.040202
v -0.004000 0.002752 -0.041299
v -0.002945 0.002686 -0.041174
v -0.004000 0.002533 -0.041417
v -0.002945 0.000619 -0.042483
v -0.004000 0.000704 -0.042597
v -0.004000 -0.000610 -0.043701
v -0.004000 0.010000 -0.039500
v -0.004000 0.009738 -0.039502
v -0.002945 0.009736 -0.039360
v -0.004000 0.007325 -0.039733
v -0.002945 0.007300 -0.039593
v -0.004000 0.006145 -0.039987
v -0.004000 0.004977 -0.040336
v -0.004000 0.012158 -0.039651
v -0.002945 0.012177 -0.039511
v -0.004000 0.013855 -0.039987
v -0.002945 0.014566 -0.040039
v -0.004000 0.014524 -0.040175
v -0.002945 0.016843 -0.040934
v -0.004000 0.016781 -0.041062
v -0.004000 0.020744 -0.043828
v -0.004000 0.020610 -0.043701
v -0.004000 0.018871 -0.042290
v -0.004000 0.017467 -0.041417
v -0.001700 -0.004555 -0.047825
v -0.001700 -0.003259 -0.045644
v -0.001700 -0.001638 -0.043691
v -0.001700 0.000268 -0.042015
v -0.001700 0.002412 -0.040656
v -0.001700 0.004741 -0.039648
v -0.001700 0.007199 -0.039016
v -0.001700 0.009726 -0.038775
v -0.001700 0.012259 -0.038931
v -0.001700 0.014737 -0.039479
v -0.000727 -0.004053 -0.045083
v -0.000727 -0.002335 -0.043013
v -0.000727 -0.000315 -0.041236
v -0.000727 0.001957 -0.039796
v -0.000727 0.004426 -0.038728
v -0.000727 0.007031 -0.038058
v -0.000727 0.009709 -0.037802
v -0.000727 0.012394 -0.037967
v -0.000727 0.015021 -0.038549
v -0.000727 0.017524 -0.039533
vn 0.021607 -0.825523 0.563955
vn 0.086628 -0.992289 0.088644
vn 0.457263 -0.665733 0.589670
vn 0.170403 -0.901322 -0.398222
vn 0.142348 -0.721464 -0.677663
vn 0.021607 0.825523 -0.563955
vn 0.086628 0.992289 -0.088644
vn 0.457263 0.665733 -0.589670
vn 0.170403 0.901322 0.398222
vn 0.142348 0.721464 0.677663
vn 0.021607 -0.825523 0.563955
vn 0.086628 -0.992289 0.088644
vn 0.457263 -0.665733 0.589670
vn 0.170403 -0.901322 -0.398222
vn 0.142348 -0.721464 -0.677663
vn 0.021607 0.825523 -0.563955
vn 0.086628 0.992289 -0.088644
vn 0.457263 0.665733 -0.589670
vn 0.170403 0.901322 0.398222
vn 0.142348 0.721464 0.677663
vn 0.021607 -0.825523 0.563955
vn 0.086628 -0.992289 0.088644
vn 0.457263 -0.665733 0.589670
vn 0.170403 -0.901322 -0.398222
vn 0.142348 -0.721464 -0.677663
vn 0.021607 0.825523 -0.563955
vn 0.086628 0.992289 -0.088644
vn 0.457263 0.665733 -0.589670
vn 0.170403 0.901322 0.398222
vn 0.142348 0.721464 0.677663
vn 0.021607 -0.825523 0.563955
vn 0.086628 -0.992289 0.088644
vn 0.457263 -0.665733 0.589670
vn 0.170403 -0.901322 -0.398222
vn 0.142348 -0.721464 -0.677663
vn 0.021607 0.825523 -0.563955
vn 0.086628 0.992289 -0.088644
vn 0.457263 0.665733 -0.589670
vn 0.170403 0.901322 0.398222
vn 0.142348 0.721464 0.677663
vn 0.021607 -0.825523 0.563955
vn 0.086628 -0.992289 0.088644
vn 0.457263 -0.665733 0.589670
vn 0.170403 -0.901322 -0.398222
vn 0.142348 -0.721464 -0.677663
vn 0.021607 0.825523 -0.563955
vn 0.086628 0.992289 -0.088644
vn 0.457263 0.665733 -0.589670
vn 0.170403 0.901322 0.398222
vn 0.142348 0.721464 0.677663
vn 0.021607 -0.825523 0.563955
vn 0.086628 -0.992289 0.088644
vn 0.457263 -0.665733 0.589670
vn 0.170403 -0.901322 -0.398222
vn 0.142348 -0.721464 -0.677663
vn 0.021607 0.825523 -0.563955
vn 0.086628 0.992289 -0.088644
vn 0.457263 0.665733 -0.589670
vn 0.170403 0.901322 0.398222
vn 0.142348 0.721464 0.677663
vn 0.831948 0.554213 -0.026665
vn 0.123055 0.990046 0.068310
vn 0.964408 0.264115 0.012708
vn 0.831948 -0.554213 0.026665
vn 0.123055 -0.990046 -0.068310
vn 0.964344 -0.264346 -0.012719
vn 0.831989 0.554151 -0.026662
vn 0.123170 0.990027 0.068374
vn 0.964373 0.264241 0.012714
vn 0.831989 -0.554151 0.026662
vn 0.123170 -0.990027 -0.068374
vn 0.964436 -0.264009 -0.012703
vn 0.831989 0.554151 -0.026662
vn 0.123170 0.990027 0.068374
vn 0.964373 0.264241 0.012714
vn 0.831989 -0.554151 0.026662
vn 0.123170 -0.990027 -0.068374
vn 0.964436 -0.264009 -0.012703
vn 0.831989 0.554151 -0.026662
vn 0.123170 0.990027 0.068374
vn 0.964436 0.264009 0.012703
vn 0.831989 -0.554151 0.026662
vn 0.123170 -0.990027 -0.068374
vn 0.964373 -0.264241 -0.012714
vn 0.831948 0.554213 -0.026665
vn 0.123055 0.990046 0.068310
vn 0.964344 0.264346 0.012719
vn 0.831948 -0.554213 0.026665
vn 0.123055 -0.990046 -0.068310
vn 0.964408 -0.264115 -0.012708
vn 0.831989 0.554151 -0.026662
vn 0.123170 0.990027 0.068374
vn 0.964436 0.264009 0.012703
vn 0.831989 -0.554151 0.026662
vn 0.123170 -0.990027 -0.068374
vn 0.964373 -0.264241 -0.012714
vn 0.097655 0.269979 -0.957901
vn 0.097593 -0.269980 0.957907
vn 0.044632 -0.429494 -0.901966
vn 0.047917 -0.829551 -0.556371
vn 0.047651 -0.995657 -0.079984
vn 0.047649 -0.902240 0.428593
vn 0.046276 -0.565388 0.823526
vn 0.183094 0.277819 0.943024
vn 0.046804 -0.080145 0.995684
vn 0.107826 0.088460 0.990226
vn 0.044632 0.429494 0.901966
vn 0.047917 0.829551 0.556371
vn 0.047651 0.995657 0.079984
vn 0.047649 0.902240 -0.428593
vn 0.046276 0.565388 -0.823526
vn 0.046804 0.080145 -0.995684
vn 0.107806 -0.088460 -0.990229
vn 0.183141 -0.277816 -0.943015
vn 0.097632 0.269979 -0.957904
vn 0.097570 -0.269981 0.957909
vn 0.044632 -0.429494 -0.901966
vn 0.047917 -0.829551 -0.556371
vn 0.047651 -0.995657 -0.079984
vn 0.047649 -0.902240 0.428593
vn 0.046276 -0.565388 0.823526
vn 0.183094 0.277819 0.943024
vn 0.046804 -0.080145 0.995684
vn 0.107826 0.088460 0.990226
vn 0.044632 0.429494 0.901966
vn 0.047917 0.829551 0.556371
vn 0.000000 0.996034 0.088979
vn 0.047649 0.902240 -0.428593
vn 0.046276 0.565388 -0.823526
vn 0.046804 0.080145 -0.995684
vn 0.107806 -0.088460 -0.990229
vn 0.183141 -0.277816 -0.943015
vn 0.097593 0.269980 -0.957907
vn 0.097655 -0.269979 0.957901
vn 0.044632 -0.429494 -0.901966
vn 0.047917 -0.829551 -0.556371
vn 0.047651 -0.995657 -0.079984
vn 0.047649 -0.902240 0.428593
vn 0.046276 -0.565388 0.823526
vn 0.183141 0.277816 0.943015
vn 0.046804 -0.080145 0.995684
vn 0.107806 0.088460 0.990229
vn 0.044632 0.429494 0.901966
vn 0.047917 0.829551 0.556371
vn 0.047651 0.995657 0.079984
vn 0.047649 0.902240 -0.428593
vn 0.046276 0.565388 -0.823526
vn 0.046804 0.080145 -0.995684
vn 0.107826 -0.088460 -0.990226
vn 0.183094 -0.277819 -0.943024
vn 0.097570 0.269981 -0.957909
vn 0.097632 -0.269979 0.957904
vn 0.044632 -0.429494 -0.901966
vn 0.047917 -0.829551 -0.556371
vn 0.047651 -0.995657 -0.079984
vn 0.047649 -0.902240 0.428593
vn 0.046276 -0.565388 0.823526
vn 0.183141 0.277816 0.943015
vn 0.046804 -0.080145 0.995684
vn 0.107806 0.088460 0.990229
vn 0.044632 0.429494 0.901966
vn 0.047917 0.829551 0.556371
vn 0.000000 0.996034 0.088979
vn 0.047649 0.902240 -0.428593
vn 0.046276 0.565388 -0.823526
vn 0.046804 0.080145 -0.995684
vn 0.107826 -0.088460 -0.990226
vn 0.183094 -0.277819 -0.943024
vn 0.097655 0.269979 -0.957901
vn 0.097593 -0.269980 0.957907
vn 0.044632 -0.429494 -0.901966
vn 0.047917 -0.829551 -0.556371
vn 0.047651 -0.995657 -0.079984
vn 0.047649 -0.902240 0.428593
vn 0.046276 -0.565388 0.823526
vn 0.183094 0.277819 0.943024
vn 0.046804 -0.080145 0.995684
vn 0.107826 0.088460 0.990226
vn 0.044632 0.429494 0.901966
vn 0.047917 0.829551 0.556371
vn 0.047651 0.995657 0.079984
vn 0.047649 0.902240 -0.428593
vn 0.046276 0.565388 -0.823526
vn 0.046804 0.080145 -0.995684
vn 0.107806 -0.088460 -0.990229
vn 0.183141 -0.277816 -0.943015
vn 0.097593 0.269980 -0.957907
vn 0.097655 -0.269979 0.957901
vn 0.044632 -0.429494 -0.901966
vn 0.047917 -0.829551 -0.556371
vn 0.047651 -0.995657 -0.079984
vn 0.047649 -0.902240 0.428593
vn 0.046276 -0.565388 0.823526
vn 0.183141 0.277816 0.943015
vn 0.046804 -0.080145 0.995684
vn 0.107806 0.088460 0.990229
vn 0.044632 0.429494 0.901966
vn 0.047917 0.829551 0.556371
vn 0.047651 0.995657 0.079984
vn 0.047649 0.902240 -0.428593
vn 0.046276 0.565388 -0.823526
vn 0.046804 0.080145 -0.995684
vn 0.107826 -0.088460 -0.990226
vn 0.183094 -0.277819 -0.943024
vn 0.004570 -0.005917 0.999972
vn 0.001223 0.006030 0.999981
vn -0.001184 -0.005993 0.999981
vn -0.004570 0.005917 0.999972
vn -0.954413 -0.288560 -0.076353
vn -0.957031 -0.289352 0.019141
vn -0.957031 0.289352 -0.019141
vn -0.954413 0.288560 0.076353
vn -0.855075 0.517052 -0.038779
vn -0.986472 -0.158477 -0.041933
vn -0.985493 0.113213 -0.126434
vn -0.953167 -0.288684 0.090185
vn -0.986549 0.070638 -0.147412
vn -0.826549 0.052916 0.560372
vn 0.266798 0.874089 -0.405940
vn 0.531395 0.486862 -0.693242
vn 0.531356 0.075480 -0.843779
vn 0.338341 -0.396050 -0.853622
vn 0.240204 -0.794257 -0.558084
vn 0.266607 -0.874287 0.405638
vn 0.531450 -0.487005 0.693099
vn 0.531237 -0.075456 0.843857
vn 0.338551 0.396165 0.853485
vn 0.240326 0.793859 0.558597
vn 0.240359 -0.793984 -0.558406
vn 0.338599 -0.396474 -0.853323
vn 0.531237 0.075456 -0.843857
vn 0.531332 0.487511 -0.692834
vn 0.266805 0.874168 -0.405765
vn 0.240237 0.794382 0.557892
vn 0.338389 0.396359 0.853459
vn 0.531356 -0.075480 0.843779
vn 0.531277 -0.487368 0.692977
vn 0.266996 -0.873970 0.406067
vn 0.240359 -0.793984 -0.558406
vn 0.338599 -0.396474 -0.853323
vn 0.531237 0.075456 -0.843857
vn 0.531332 0.487511 -0.692834
vn 0.266805 0.874168 -0.405765
vn 0.240237 0.794382 0.557892
vn 0.338389 0.396359 0.853459
vn 0.531356 -0.075480 0.843779
vn 0.531277 -0.487368 0.692977
vn 0.266996 -0.873970 0.406067
vn 0.240237 -0.794382 -0.557892
vn 0.338389 -0.396359 -0.853459
vn 0.531356 0.075480 -0.843779
vn 0.531277 0.487368 -0.692977
vn 0.266996 0.873970 -0.406067
vn 0.240359 0.793984 0.558406
vn 0.338599 0.396474 0.853323
vn 0.531237 -0.075456 0.843857
vn 0.531332 -0.487511 0.692834
vn 0.266805 -0.874168 0.405765
vn 0.266607 0.874287 -0.405638
vn 0.531450 0.487005 -0.693099
vn 0.531237 0.075456 -0.843857
vn 0.338551 -0.396165 -0.853485
vn 0.240326 -0.793859 -0.558597
vn 0.266798 -0.874089 0.405940
vn 0.531395 -0.486862 0.693242
vn 0.531356 -0.075480 0.843779
vn 0.338341 0.396050 0.853622
vn 0.240204 0.794257 0.558084
vn 0.240237 -0.794382 -0.557892
vn 0.338389 -0.396359 -0.853459
vn 0.531356 0.075480 -0.843779
vn 0.531277 0.487368 -0.692977
vn 0.266996 0.873970 -0.406067
vn 0.240359 0.793984 0.558406
vn 0.338599 0.396474 0.853323
vn 0.531237 -0.075456 0.843857
vn 0.531332 -0.487511 0.692834
vn 0.266805 -0.874168 0.405765
vn -0.000640 0.000589 -1.000000
vn -0.009663 -0.109599 -0.993929
vn 0.002972 -0.160559 -0.987022
vn -0.008685 -0.271854 -0.962299
vn 0.000631 -0.290156 -0.956979
vn 0.002764 -0.398695 -0.917079
vn -0.010925 -0.420354 -0.907294
vn -0.001987 -0.481057 -0.876687
vn -0.012747 -0.540817 -0.841044
vn -0.001003 -0.612852 -0.790197
vn -0.007703 -0.648621 -0.761072
vn 0.002972 -0.673200 -0.739455
vn -0.008860 -0.751607 -0.659552
vn 0.001103 -0.773107 -0.634275
vn 0.002519 -0.831322 -0.555785
vn -0.011006 -0.844454 -0.535515
vn -0.002174 -0.884078 -0.467334
vn -0.006430 -0.910254 -0.414000
vn -0.000309 -0.945356 -0.326039
vn -0.009535 -0.952462 -0.304509
vn 0.002877 -0.967604 -0.252455
vn -0.009153 -0.989421 -0.144786
vn 0.001747 -0.995184 -0.098014
vn 0.002720 -0.999819 -0.018847
vn -0.011173 -0.999917 0.006409
vn -0.000108 -0.995280 0.097046
vn -0.011677 -0.989320 0.145289
vn 0.000472 -0.969747 0.244110
vn -0.007647 -0.958718 0.284257
vn 0.002877 -0.948779 0.315926
vn -0.009671 -0.909110 0.416445
vn 0.002885 -0.881847 0.471526
vn 0.002584 -0.851328 0.524628
vn -0.011549 -0.837679 0.546040
vn 0.000020 -0.777174 0.629285
vn -0.005834 -0.751253 0.659989
vn 0.001327 -0.678210 0.734867
vn -0.009572 -0.665847 0.746026
vn 0.002934 -0.622966 0.782243
vn -0.010300 -0.536381 0.843913
vn 0.004395 -0.471523 0.881843
vn 0.002277 -0.432606 0.901580
vn -0.012086 -0.410029 0.911992
vn 0.000209 -0.302017 0.953303
vn -0.005750 -0.272074 0.962259
vn 0.002110 -0.165572 0.986196
vn -0.009675 -0.152473 0.988260
vn 0.002975 -0.031228 0.999508
vn -0.011068 0.008815 0.999900
vn 0.002987 0.123508 0.992339
vn -0.012803 0.147131 0.989034
vn 0.000543 0.272855 0.962055
vn -0.005738 0.294917 0.955506
vn 0.003512 0.394734 0.918789
vn -0.009532 0.406946 0.913402
vn 0.001351 0.465109 0.885253
vn -0.013111 0.527974 0.849159
vn 0.001405 0.622870 0.782324
vn -0.010021 0.651918 0.758224
vn 0.004066 0.661237 0.750166
vn 0.001087 0.757837 0.652443
vn -0.005877 0.767393 0.641150
vn 0.003077 0.828752 0.559608
vn -0.009560 0.836308 0.548176
vn 0.001255 0.874290 0.485401
vn -0.012400 0.903747 0.427887
vn 0.001436 0.948711 0.316140
vn -0.010190 0.959082 0.282946
vn 0.003050 0.964290 0.264830
vn 0.001615 0.991872 0.127226
vn -0.005992 0.992791 0.119711
vn 0.003392 0.999718 0.023507
vn -0.009733 0.999912 0.009048
vn 0.002868 0.997280 -0.073648
vn -0.011839 0.991450 -0.129947
vn 0.001502 0.967686 -0.252153
vn -0.010395 0.959219 -0.282473
vn 0.002181 0.951689 -0.307057
vn 0.002381 0.897845 -0.440305
vn -0.006201 0.897695 -0.440574
vn 0.003283 0.853684 -0.520782
vn -0.010077 0.846302 -0.532608
vn 0.002949 0.793641 -0.608380
vn -0.011448 0.762792 -0.646543
vn 0.001625 0.673494 -0.739191
vn -0.010694 0.652670 -0.757567
vn 0.001450 0.627285 -0.778788
vn 0.003276 0.506807 -0.862053
vn -0.006574 0.512844 -0.858457
vn 0.002770 0.436995 -0.899460
vn -0.010572 0.424859 -0.905198
vn 0.002920 0.329739 -0.944067
vn -0.011074 0.290041 -0.956950
vn 0.001677 0.161018 -0.986950
vn -0.011018 0.138238 -0.990338
vn -0.007526 0.000000 -0.999972
vn -0.002309 0.225702 0.974194
vn 0.001759 0.300022 0.953931
vn -0.005655 0.507690 0.861521
vn 0.003537 0.565813 0.824526
vn -0.004640 0.677165 0.735817
vn 0.004640 0.735817 0.677165
vn -0.003537 0.824526 0.565813
vn 0.005655 0.861521 0.507690
vn -0.002914 0.954180 0.299218
vn 0.002309 0.974194 0.225702
vn -0.001184 0.999993 0.003574
vn 0.004600 0.999983 0.003529
vn 0.999984 0.005654 0.000000
vn 0.999798 0.020075 0.000140
vn 0.963539 0.267569 0.000491
vn 0.999896 0.014436 0.000000
vn 0.970352 0.241696 0.000864
vn 0.999996 0.002822 0.000173
vn 0.999984 0.005737 0.000000
vn 0.001232 0.999999 0.001164
vn 0.237749 0.971323 0.002843
vn 0.298572 0.954377 0.004346
vn 0.506923 0.861990 0.001160
vn 0.562090 0.827067 0.003768
vn 0.684020 0.729462 0.001523
vn 0.738159 0.674625 0.001573
vn 0.827551 0.561391 0.000584
vn 0.862573 0.505927 0.002629
vn 0.361139 0.348316 0.865017
vn 0.436016 0.822649 0.364881
vn 0.729513 0.634642 0.255031
vn 0.922135 0.359395 0.143184
vn 0.921339 0.295003 0.253193
vn 0.993024 0.076600 0.089637
vn 0.999990 0.004073 0.001686
vn 0.919673 0.168904 0.354503
vn 0.999992 0.001250 0.003782
vn 0.999775 0.000049 0.021225
vn 0.954571 0.001379 0.297982
vn 0.827281 0.003830 0.561775
vn 0.673980 0.288465 0.680102
vn 0.226362 0.003442 0.974037
vn 0.506545 0.007223 0.862183
vn 0.674909 0.002651 0.737896
vn 0.702348 0.514173 0.492273
vn 0.425885 0.624574 0.654621
vn 0.297319 -0.007262 0.954750
vn 0.561671 -0.006301 0.827337
vn 0.737896 -0.002651 0.674909
vn 0.862249 -0.004392 0.506466
vn 0.974185 -0.001096 0.225749
vn 0.999971 -0.000034 0.007561
vn 0.003537 -0.824526 0.565813
vn 0.001759 -0.953931 0.300022
vn 0.361139 -0.865017 0.348316
vn 0.001207 -0.999993 0.003597
vn 0.436016 -0.364881 0.822649
vn 0.002309 -0.225702 0.974194
vn 0.005655 -0.507690 0.861521
vn 0.729513 -0.255031 0.634642
vn 0.922135 -0.143184 0.359395
vn 0.921339 -0.253193 0.295003
vn 0.999626 -0.020801 0.017776
vn 0.999629 -0.010419 0.025167
vn 0.919673 -0.354503 0.168904
vn 0.999267 -0.036337 0.012009
vn 0.999107 -0.042184 0.002583
vn 0.960139 -0.279522 0.000691
vn 0.827031 -0.562151 0.002287
vn 0.673980 -0.680102 0.288465
vn 0.226093 -0.974103 0.002042
vn 0.505977 -0.862536 0.004330
vn 0.674625 -0.738159 0.001573
vn 0.702348 -0.492273 0.514173
vn 0.425885 -0.654621 0.624574
vn 0.004640 -0.677165 0.735817
vn 0.987748 -0.088608 0.128463
vn 0.983494 -0.163444 0.077628
vn 0.992035 -0.125555 -0.010095
vn 0.983494 -0.148944 -0.102735
vn 0.987747 -0.066953 -0.140969
vn 0.997547 0.005609 -0.069770
vn 0.987057 0.091056 -0.132011
vn 0.981549 0.172722 -0.082034
vn 0.987753 0.155522 0.012504
vn 0.981549 0.157398 0.108566
vn 0.987057 0.068803 0.144863
vn 0.997547 -0.005609 0.069770
vn 0.987748 -0.088608 0.128463
vn 0.983494 -0.163444 0.077628
vn 0.705967 -0.705967 -0.056760
vn 0.983494 -0.148944 -0.102735
vn 0.987747 -0.066953 -0.140969
vn 0.997547 0.005609 -0.069770
vn 0.987057 0.091056 -0.132011
vn 0.981549 0.172722 -0.082034
vn 0.705390 0.705390 -0.069648
vn 0.705967 0.705967 0.056760
vn 0.981549 0.157398 0.108566
vn 0.987057 0.068803 0.144863
vn 0.997547 -0.005609 0.069770
vn 0.997564 -0.039609 0.057424
vn 0.989449 -0.130869 0.062156
vn 0.991594 -0.128973 -0.010369
vn 0.985149 -0.141338 -0.097489
vn 0.988385 -0.065200 -0.137277
vn 0.998316 0.004649 -0.057817
vn 0.991725 0.072893 -0.105679
vn 0.991988 0.114112 -0.054198
vn 0.999584 0.028735 0.002310
vn 0.997978 0.052317 0.036086
vn 0.998902 0.020100 0.042321
vn 0.999957 -0.000745 0.009272
vn 0.924608 -0.012397 0.380719
vn 0.999955 -0.001548 0.009367
vn 0.924433 -0.086541 0.371395
vn 0.999975 -0.002471 0.006565
vn 0.924690 -0.157079 0.346807
vn 0.999956 -0.004929 0.007921
vn 0.924677 -0.221778 0.309495
vn 0.999956 -0.006385 0.006814
vn 0.924637 -0.277926 0.260392
vn 0.999956 -0.007606 0.005449
vn 0.924707 -0.323248 0.201067
vn 0.999956 -0.008549 0.003870
vn 0.924552 -0.356624 0.134253
vn 0.999956 -0.009174 0.002136
vn 0.924462 -0.376183 0.062104
vn 0.999955 -0.009456 0.000307
vn 0.924608 -0.380719 -0.012397
vn 0.999975 -0.006918 -0.001143
vn 0.924433 -0.371395 -0.086541
vn 0.999956 -0.008731 -0.003287
vn 0.924690 -0.346807 -0.157079
vn 0.999956 -0.007924 -0.004931
vn 0.924677 -0.309495 -0.221778
vn 0.999964 -0.006193 -0.005803
vn 0.924637 -0.260392 -0.277926
vn 0.999985 -0.003231 -0.004510
vn 0.924707 -0.201067 -0.323248
vn 0.999992 -0.001618 -0.003574
vn 0.924552 -0.134253 -0.356624
vn 0.999996 -0.000641 -0.002754
vn 0.924462 -0.062104 -0.376183
vn 0.999992 -0.000126 -0.003874
vn 0.924608 0.012397 -0.380719
vn 1.000000 0.000149 -0.000901
vn 0.924433 0.086541 -0.371395
vn 0.999996 0.001047 -0.002780
vn 0.924690 0.157079 -0.346807
vn 0.999995 0.001652 -0.002655
vn 0.924677 0.221778 -0.309495
vn 0.999994 0.002434 -0.002597
vn 0.924637 0.277926 -0.260392
vn 0.999990 0.003669 -0.002629
vn 0.924707 0.323248 -0.201067
vn 0.999998 0.001746 -0.000791
vn 0.924552 0.356624 -0.134253
vn 0.999968 0.007796 -0.001815
vn 0.924462 0.376183 -0.062104
vn 0.999990 0.004379 -0.000142
vn 0.924608 0.380719 0.012397
vn 0.999840 0.017627 0.002913
vn 0.924433 0.371395 0.086541
vn 0.999954 0.009003 0.003389
vn 0.924690 0.346807 0.157079
vn 0.999954 0.008109 0.005046
vn 0.924677 0.309495 0.221778
vn 0.999897 0.010448 0.009791
vn 0.924637 0.260392 0.277926
vn 0.999956 0.005445 0.007601
vn 0.924707 0.201067 0.323248
vn 0.999956 0.003866 0.008539
vn 0.924552 0.134253 0.356624
vn 0.999956 0.002133 0.009160
vn 0.924462 0.062104 0.376183
vn 0.999955 0.000307 0.009438
vn 0.330069 0.158567 -0.930543
vn 0.317058 0.355988 -0.879060
vn 0.333694 0.646948 -0.685644
vn 0.399134 0.493931 -0.772479
vn 0.307554 0.784883 -0.537931
vn 0.342348 0.915526 -0.211210
vn 0.382305 0.846425 -0.370684
vn 0.304566 0.952374 -0.014954
vn 0.334212 0.875931 0.347918
vn 0.370075 0.914686 0.162464
vn 0.353482 0.783548 0.510982
vn 0.359819 0.673606 0.645589
vn 0.343669 0.533019 0.773164
vn 0.330069 -0.158567 0.930543
vn 0.382038 0.030343 0.923648
vn 0.355892 0.202673 0.912285
vn 0.352152 0.369396 0.859962
vn 0.317058 -0.355988 0.879060
vn 0.333694 -0.646948 0.685644
vn 0.399134 -0.493931 0.772479
vn 0.307554 -0.784883 0.537931
vn 0.342348 -0.915526 0.211210
vn 0.382305 -0.846425 0.370684
vn 0.304566 -0.952374 0.014954
vn 0.334212 -0.875931 -0.347918
vn 0.370075 -0.914686 -0.162464
vn 0.353482 -0.783548 -0.510982
vn 0.359819 -0.673606 -0.645589
vn 0.343669 -0.533019 -0.773164
vn 0.382038 -0.030343 -0.923648
vn 0.355892 -0.202673 -0.912285
vn 0.352152 -0.369396 -0.859962
vn 0.707992 0.004927 -0.706203
vn 0.708467 0.142402 -0.691228
vn 0.707998 0.274755 -0.650576
vn 0.707622 0.396641 -0.584763
vn 0.707520 0.503183 -0.496207
vn 0.708212 0.589690 -0.388203
vn 0.708391 0.653946 -0.265588
vn 0.708063 0.693525 -0.132928
vn 0.707992 0.706203 0.004927
vn 0.708467 0.691228 0.142402
vn 0.707998 0.650576 0.274755
vn 0.707622 0.584763 0.396641
vn 0.707520 0.496207 0.503183
vn 0.708212 0.388203 0.589690
vn 0.708391 0.265588 0.653946
vn 0.708063 0.132928 0.693525
vn 0.707992 -0.004927 0.706203
vn 0.708467 -0.142402 0.691228
vn 0.707998 -0.274755 0.650576
vn 0.707622 -0.396641 0.584763
vn 0.707520 -0.503183 0.496207
vn 0.708212 -0.589690 0.388203
vn 0.708391 -0.653946 0.265588
vn 0.708063 -0.693525 0.132928
vn 0.707992 -0.706203 -0.004927
vn 0.708467 -0.691228 -0.142402
vn 0.707998 -0.650576 -0.274755
vn 0.707622 -0.584763 -0.396641
vn 0.707520 -0.496207 -0.503183
vn 0.708212 -0.388203 -0.589690
vn 0.708391 -0.265588 -0.653946
vn 0.708063 -0.132928 -0.693525
vn 0.988385 -0.086287 0.125098
vn 0.985149 -0.155098 0.073664
vn 0.705967 -0.705967 -0.056760
vn 0.985149 -0.141338 -0.097489
vn 0.988385 -0.065200 -0.137277
vn 0.998316 0.004649 -0.057817
vn 0.991725 0.072893 -0.105679
vn 0.991988 0.114112 -0.054198
vn 0.705390 0.705390 -0.069648
vn 0.705967 0.705967 0.056760
vn 0.991989 0.103988 0.071726
vn 0.991725 0.055079 0.115968
vn 0.998316 -0.004649 0.057817
vn 0.999895 -0.008224 0.011923
vn 0.997179 -0.067801 0.032202
vn 0.997204 -0.074492 -0.005989
vn 0.983494 -0.148944 -0.102735
vn 0.987747 -0.066953 -0.140969
vn 0.997547 0.005609 -0.069770
vn 0.987057 0.091056 -0.132011
vn 0.981549 0.172722 -0.082034
vn 0.992891 0.118643 0.009539
vn 0.989797 0.117292 0.080903
vn 0.993481 0.048909 0.102977
vn 0.999759 -0.001760 0.021888
vn 0.988385 -0.086287 0.125098
vn 0.985149 -0.155098 0.073664
vn 0.994413 -0.105216 -0.008459
vn 0.985149 -0.141338 -0.097489
vn 0.988385 -0.065200 -0.137277
vn 0.998316 0.004649 -0.057817
vn 0.991725 0.072893 -0.105679
vn 0.991988 0.114112 -0.054198
vn 0.998781 0.049198 0.003956
vn 0.991989 0.103988 0.071726
vn 0.991725 0.055079 0.115968
vn 0.998316 -0.004649 0.057817
vn 0.004360 -0.999988 -0.002135
vn 0.289026 -0.957318 -0.002579
vn 0.558988 -0.829172 -0.002382
vn 0.735854 -0.677140 -0.001074
vn 0.859788 -0.510649 -0.001777
vn 0.972390 -0.233362 -0.000564
vn 0.999093 -0.042575 -0.000258
vn 0.999478 -0.032318 0.000000
vn 0.997950 -0.064005 0.000000
vn 0.998941 -0.046014 0.000000
vn -0.004600 -0.999983 0.003529
vn -0.002309 -0.974194 0.225702
vn -0.005655 -0.861521 0.507690
vn -0.004640 -0.735817 0.677165
vn -0.003537 -0.565813 0.824526
vn -0.002914 -0.299218 0.954180
vn -0.003943 0.999978 0.005361
vn -0.225684 0.974194 0.003449
vn -0.291406 0.956589 0.004429
vn -0.505977 0.862536 0.004330
vn -0.559611 0.828748 0.003600
vn -0.674625 0.738159 0.001573
vn -0.736438 0.676503 0.001794
vn -0.827031 0.562151 0.002287
vn -0.860472 0.509492 0.002527
vn -0.960139 0.279522 0.000691
vn -0.971650 0.236423 0.000697
vn -0.999944 0.010555 0.000179
vn -0.999990 0.004530 0.000000
vn -0.999936 0.011349 0.000000
vn -0.999987 0.005164 0.000000
vn -0.999998 0.001744 0.000066
vn -0.862249 0.004392 0.506466
vn -0.737896 0.002651 0.674909
vn -0.729513 0.255031 0.634642
vn -0.561671 0.006301 0.827337
vn -0.297319 0.007262 0.954750
vn -0.436016 0.364881 0.822649
vn -0.673980 0.680102 0.288465
vn -0.919673 0.354503 0.168904
vn -0.999788 0.000664 0.020567
vn -0.971994 0.000919 0.235003
vn -0.933847 0.127565 0.334151
vn -0.999274 0.016928 0.034123
vn -0.921339 0.253193 0.295003
vn -0.993024 0.089637 0.076600
vn -0.998030 0.059569 0.019687
vn -0.387898 0.842784 0.373163
vn -0.425885 0.654621 0.624574
vn -0.702348 0.492273 0.514173
vn -0.999989 0.000000 0.004635
vn -0.999989 -0.000124 0.004698
vn -0.960249 -0.001163 0.279144
vn -0.999963 0.000000 0.008587
vn -0.999874 0.000000 0.015888
vn -0.827281 -0.003830 0.561775
vn -0.674909 -0.002651 0.737896
vn -0.506545 -0.007223 0.862183
vn -0.225672 -0.005784 0.974186
vn -0.862573 -0.505927 0.002629
vn -0.738159 -0.674625 0.001573
vn -0.729513 -0.634642 0.255031
vn -0.562090 -0.827067 0.003768
vn -0.298572 -0.954377 0.004346
vn -0.436016 -0.822649 0.364881
vn -0.673980 -0.288465 0.680102
vn -0.919673 -0.168904 0.354503
vn -0.999753 -0.022198 0.001434
vn -0.970219 -0.242230 0.000615
vn -0.933847 -0.334151 0.127565
vn -0.999928 -0.010761 0.005339
vn -0.921339 -0.295003 0.253193
vn -0.993024 -0.076600 0.089637
vn -0.999955 -0.002986 0.009035
vn -0.387898 -0.373163 0.842784
vn -0.425885 -0.624574 0.654621
vn -0.702348 -0.514173 0.492273
vn -0.999919 -0.012742 0.000000
vn -0.999930 -0.011840 -0.000087
vn -0.964270 -0.264921 -0.000592
vn -0.999815 -0.019239 0.000000
vn -0.999550 -0.029997 0.000000
vn -0.829525 -0.558467 -0.001922
vn -0.677475 -0.735544 -0.001350
vn -0.511399 -0.859337 -0.003292
vn -0.225705 -0.974192 -0.002638
vn -0.001253 -0.999996 -0.002438
vn -0.988123 0.148555 -0.039308
vn -0.949898 -0.311879 -0.020631
vn -0.995754 -0.088992 0.023547
vn -0.999004 0.044530 0.002946
vn -0.998749 0.005947 -0.049645
vn -0.997695 0.065353 -0.018246
vn -0.997752 0.064185 -0.019255
vn -0.988965 -0.147823 -0.009779
vn -0.994838 -0.063406 0.079232
vn -0.999802 0.007032 0.018617
vn -0.971254 0.021209 0.237098
vn -0.810651 -0.246433 0.531146
vn -0.782909 -0.509040 0.357676
vn 0.000000 -0.996029 0.089026
vn -0.782694 -0.564598 -0.261953
vn -0.973831 -0.130664 -0.185959
vn -0.951398 -0.027428 -0.306739
vn -0.770862 0.268195 -0.577792
vn -0.690817 0.591314 -0.416077
vn 0.000000 0.996029 -0.089026
vn -0.690670 0.655890 0.304605
vn -0.953560 0.173109 0.246490
vn -0.974976 0.019799 0.221425
vn -0.954925 -0.125081 0.269209
vn -0.666732 -0.609626 0.428748
vn -0.978521 -0.205325 0.018375
vn -0.781076 -0.566296 -0.263114
vn -0.983929 -0.102722 -0.146058
vn -0.720078 -0.061825 -0.691133
vn -0.733772 0.286166 -0.616187
vn -0.589839 0.660833 -0.464101
vn -0.678026 0.732112 -0.065517
vn -0.463102 0.803921 0.373158
vn -0.584438 0.466953 0.663617
vn -0.983115 0.016297 0.182261
vn -0.809932 -0.247140 0.531913
vn -0.780986 -0.510858 0.359285
vn -0.984846 -0.172743 0.015459
vn -0.751662 -0.598140 -0.277910
vn -0.975493 -0.126578 -0.179978
vn -0.631984 -0.069050 -0.771899
vn -0.663858 0.315004 -0.678281
vn -0.526546 0.695716 -0.488599
vn -0.703360 0.708004 -0.063360
vn -0.589839 0.732460 0.339988
vn -0.733911 0.390881 0.555506
vn -0.971254 0.021209 0.237098
vn -0.810712 -0.246594 0.530977
vn -0.782836 -0.509199 0.357609
vn -0.985206 -0.170690 0.015275
vn -0.753768 -0.596059 -0.276674
vn -0.960900 -0.159344 -0.226454
vn -0.925769 -0.033674 -0.376587
vn -0.713327 0.295305 -0.635578
vn -0.645022 0.625058 -0.439601
vn -0.949136 0.313612 -0.028065
vn -0.690848 0.655683 0.304646
vn -0.953528 0.173332 0.246456
vn -0.983115 0.016297 0.182261
vn -0.809872 -0.246978 0.532081
vn -0.781059 -0.510699 0.359352
vn 0.000000 -0.996029 0.089026
vn -0.780934 -0.566502 -0.263092
vn -0.983940 -0.102587 -0.146074
vn -0.720078 -0.061825 -0.691133
vn -0.733778 0.285935 -0.616288
vn -0.589906 0.660684 -0.464229
vn 0.000000 0.996029 -0.089026
vn -0.589634 0.732655 0.339925
vn -0.734017 0.390443 0.555673
vn -0.928592 0.033065 0.369627
vn -0.715679 -0.294184 0.633451
vn -0.724202 -0.564323 0.396323
vn -0.983132 -0.182167 0.016302
vn -0.782835 -0.564392 -0.261975
vn -0.973813 -0.130831 -0.185932
vn -0.951398 -0.027428 -0.306739
vn -0.770893 0.268394 -0.577658
vn -0.690741 0.591471 -0.415979
vn -0.942383 0.333205 -0.029819
vn -0.598660 0.726423 0.337513
vn -0.896270 0.255137 0.362774
vn -0.056900 0.688389 0.723107
vn -0.058450 0.538936 0.840317
vn -0.058468 0.370134 0.927136
vn -0.056963 0.188117 0.980493
vn -0.056954 0.970049 0.236138
vn -0.058421 0.907707 0.415518
vn -0.058381 0.812651 0.579819
vn -0.056926 0.943753 -0.325715
vn -0.058382 0.988252 -0.141245
vn -0.058406 0.997124 0.048301
vn -0.056951 0.617795 -0.784274
vn -0.058418 0.755000 -0.653117
vn -0.058444 0.865033 -0.498299
vn -0.056960 0.095775 -0.993772
vn -0.058428 0.282013 -0.957630
vn -0.058403 0.458120 -0.886970
vn -0.054841 -0.613690 -0.787640
vn -0.059416 -0.445215 -0.893450
vn -0.058427 -0.280320 -0.958127
vn -0.058423 -0.094079 -0.993849
vn -0.056962 -0.864191 -0.499930
vn -0.058456 -0.753856 -0.654434
vn -0.054831 -0.971404 0.231013
vn -0.059375 -0.997663 0.033819
vn -0.058403 -0.987997 -0.143004
vn -0.058356 -0.943160 -0.327176
vn -0.056915 -0.813683 0.578517
vn -0.058419 -0.908442 0.413909
vn -0.056951 -0.371758 0.926581
vn -0.058438 -0.540469 0.839332
vn -0.058414 -0.689515 0.721912
vn -0.058423 -0.000845 0.998292
vn -0.058435 -0.189797 0.980083
vn -0.116638 -0.001611 0.993173
vn -0.116656 0.186306 0.975542
vn -0.116610 0.367598 0.922645
vn -0.116575 0.535633 0.836366
vn -0.116598 0.684216 0.719898
vn -0.116626 0.807961 0.577579
vn -0.120621 0.904355 0.409380
vn -0.115302 0.968352 0.221357
vn -0.116591 0.991980 0.048800
vn -0.116598 0.983295 -0.139770
vn -0.116607 0.939123 -0.323187
vn -0.116598 0.860977 -0.495100
vn -0.116603 0.751672 -0.649148
vn -0.116635 0.615217 -0.779682
vn -0.116651 0.456522 -0.882032
vn -0.116661 0.281327 -0.952494
vn -0.116649 0.096015 -0.988521
vn -0.116639 -0.092775 -0.988832
vn -0.116662 -0.278137 -0.953431
vn -0.116645 -0.453610 -0.883534
vn -0.116633 -0.612626 -0.781720
vn -0.116605 -0.749524 -0.651627
vn -0.116576 -0.859373 -0.497884
vn -0.116621 -0.938029 -0.326344
vn -0.116607 -0.982830 -0.142996
vn -0.116594 -0.992133 0.045579
vn -0.116610 -0.965602 0.232410
vn -0.116539 -0.904046 0.411241
vn -0.116598 -0.809959 0.574779
vn -0.116590 -0.686556 0.717668
vn -0.116601 -0.538357 0.834611
vn -0.116616 -0.370620 0.921434
vn -0.116642 -0.189611 0.974906
vn -0.167067 0.816511 0.552629
vn -0.180988 0.874162 0.450648
vn -0.171057 0.929983 0.325378
vn -0.171102 0.970811 0.168076
vn -0.174308 0.984490 0.019883
vn -0.174108 0.970574 -0.166348
vn -0.173642 0.921842 -0.346491
vn -0.172977 0.839877 -0.514476
vn -0.172157 0.727766 -0.663866
vn -0.171132 0.589408 -0.789501
vn -0.169985 0.429762 -0.886798
vn -0.168667 0.254647 -0.952211
vn -0.167085 0.070277 -0.983435
vn -0.165471 -0.116570 -0.979301
vn -0.179264 -0.298160 -0.937531
vn -0.174238 -0.475003 -0.862562
vn -0.173975 -0.629364 -0.757387
vn -0.173491 -0.761148 -0.624944
vn -0.172923 -0.865555 -0.470012
vn -0.172210 -0.938819 -0.298265
vn -0.171204 -0.978429 -0.115614
vn -0.170110 -0.982861 0.071043
vn -0.168662 -0.951966 0.255567
vn -0.167120 -0.886832 0.430813
vn -0.165489 -0.789764 0.590666
vn -0.179247 -0.662823 0.727005
vn -0.174246 -0.509519 0.842632
vn -0.174054 -0.341292 0.923702
vn -0.173616 -0.160763 0.971603
vn -0.173026 0.025618 0.984584
vn -0.172219 0.211134 0.962166
vn -0.171174 0.389110 0.905148
vn -0.170079 0.553119 0.815557
vn -0.168702 0.697244 0.696700
vn -0.735043 0.675821 0.054565
vn -0.384459 0.919036 0.086968
vn -0.935314 0.352810 0.026683
vn -0.999997 0.002337 0.000231
vn -0.924555 0.376540 0.058435
vn -0.999953 0.009518 0.001790
vn -0.924409 0.369564 0.094291
vn -0.999974 0.006885 0.001993
vn -0.924397 0.359906 0.126326
vn -0.999897 0.013419 0.005136
vn -0.928724 0.335124 0.158630
vn -0.996972 0.054237 0.055722
vn -0.001519 0.905335 0.424695
vn -0.347941 0.854703 0.385253
vn -0.003060 0.930051 0.367419
vn -0.345094 0.878950 0.329175
vn -0.000535 0.951193 0.308596
vn -0.293363 0.920395 0.258479
vn -0.002328 0.963188 0.268820
vn -0.000262 0.979012 0.203802
vn -0.357237 0.918878 0.167468
vn -0.001128 0.991202 0.132354
vn -0.001237 0.996572 0.082722
vn -0.672714 0.671406 0.310919
vn -0.700810 0.670629 0.243152
vn -0.707328 0.682701 0.183322
vn -0.706515 0.697928 0.117187
vn 0.999948 0.008417 0.005813
vn 0.923591 0.319667 0.211642
vn 0.924347 0.316982 0.212379
vn 0.999948 0.008567 0.005456
vn 0.924495 0.330909 0.189228
vn 0.999969 0.006899 0.003677
vn 0.924576 0.346329 0.158792
vn 0.999982 0.005459 0.002309
vn 0.924437 0.359448 0.127332
vn 1.000000 0.000863 0.000277
vn 0.924195 0.369964 0.094821
vn 0.999903 0.013577 0.003052
vn 0.924351 0.376590 0.061282
vn 0.999956 0.009332 0.001234
vn 0.916328 0.399332 0.029603
vn 0.999916 0.012923 0.000786
vn 0.652482 0.755811 0.054918
vn 0.002908 0.999177 0.040458
vn 0.305592 0.949621 0.069523
vn 0.002836 0.993723 0.111835
vn 0.305090 0.943110 0.132153
vn 0.002644 0.987862 0.155310
vn 0.001232 0.981770 0.190071
vn 0.367532 0.906252 0.208874
vn 0.001588 0.967345 0.253459
vn 0.383137 0.879522 0.282218
vn -0.000013 0.948714 0.316135
vn 0.340058 0.865557 0.367657
vn 0.000513 0.924753 0.380566
vn 0.001955 0.896188 0.443671
vn 0.305637 0.836835 0.454195
vn 0.002402 0.881413 0.472340
vn 0.000804 0.859986 0.510316
vn 0.365406 0.782933 0.503482
vn 0.002461 0.828875 0.559429
vn 0.407538 0.751460 0.518865
vn 0.000763 0.812620 0.582794
vn 0.708250 0.585698 0.394132
vn 0.718443 0.581710 0.381383
vn 0.707822 0.617274 0.343454
vn 0.707123 0.646107 0.287269
vn 0.707053 0.669273 0.228365
vn 0.708001 0.686098 0.167345
vn 0.707667 0.698644 0.105375
vn 1.000000 0.000000 0.000000
vn 1.000000 0.000000 0.000000
vn 1.000000 0.000000 0.000000
vn 1.000000 0.000000 0.000000
vn 1.000000 0.000000 0.000000
vn 1.000000 0.000000 0.000000
vn 1.000000 0.000000 0.000000
vn 0.999950 0.001679 -0.009861
vn 0.999950 -0.000049 -0.010040
vn 0.999949 -0.001785 -0.009912
vn 0.999949 -0.003480 -0.009479
vn 0.999949 -0.005075 -0.008755
vn 0.999970 -0.005009 -0.005962
vn 0.999949 0.008866 0.004920
vn 0.999949 0.009582 0.003317
vn 0.999900 0.004751 -0.013334
vn 0.999949 0.005002 -0.008822
vn 0.999949 0.006447 -0.007823
vn 0.999949 0.007691 -0.006584
vn 0.999949 0.008702 -0.005150
vn 0.999949 0.009440 -0.003562
vn 0.999949 0.009884 -0.001875
vn 0.999950 0.010026 -0.000140
vn 0.999899 0.014025 0.002258
vn 1.000000 0.000000 0.000000
vn 0.999950 -0.007628 -0.006407
vn 0.999997 -0.002284 -0.001323
vn 0.999994 -0.003317 -0.001243
vn 0.999991 -0.004096 -0.001209
vn 0.999996 -0.002649 -0.000385
vn 0.999986 -0.005267 -0.001040
vn 0.999988 -0.004816 -0.001206
vn 1.000000 0.000000 0.000000
vn 0.999950 -0.009960 -0.000424
vn 1.000000 0.000000 0.000000
vn 0.999960 -0.008884 -0.000834
vn 1.000000 0.000000 0.000000
vn 1.000000 0.000000 0.000000
vn 1.000000 0.000000 0.000000
vn 1.000000 0.000000 0.000000
vn 1.000000 0.000000 0.000000
vn 0.736610 -0.675724 -0.028332
vn 0.442225 -0.895990 -0.040475
vn 0.418137 -0.851868 -0.315408
vn 0.404410 -0.877377 -0.258189
vn 0.002998 -0.948185 -0.317705
vn 0.001490 -0.957172 -0.289517
vn 0.004259 -0.966934 -0.254991
vn 0.419811 -0.881598 -0.215742
vn 0.001698 -0.974569 -0.224079
vn 0.006051 -0.978084 -0.208125
vn 0.433259 -0.884785 -0.171588
vn 0.002390 -0.986323 -0.164808
vn 0.382285 -0.914453 -0.132792
vn 0.003625 -0.991731 -0.128287
vn 0.394922 -0.914874 -0.083918
vn 0.001909 -0.996098 -0.088232
vn 0.006152 -0.998361 -0.056904
vn 0.001981 -0.999708 -0.024080
vn 0.922707 -0.385169 -0.016000
vn 0.924140 -0.380930 -0.029279
vn 0.924402 -0.378335 -0.048417
vn 0.924216 -0.375836 -0.067623
vn 0.924269 -0.371813 -0.086501
vn 0.924326 -0.367455 -0.102945
vn 0.924426 -0.361160 -0.122474
vn 0.691475 -0.681523 -0.239559
vn 0.697437 -0.689118 -0.196721
vn 0.707649 -0.687124 -0.164601
vn 0.707289 -0.694922 -0.129713
vn 0.706623 -0.701259 -0.094446
vn 0.707370 -0.704395 -0.058771
vn -0.678208 -0.734112 -0.033367
vn -0.923139 -0.383980 -0.019344
vn -0.984220 -0.174547 -0.029044
vn -0.869877 -0.485444 -0.087515
vn -0.914571 -0.397069 -0.076790
vn -0.999976 -0.006753 -0.001211
vn -0.998100 -0.060939 0.009060
vn -0.924200 -0.377729 -0.056341
vn -0.999985 -0.005516 -0.000728
vn -0.924190 -0.380115 -0.037233
vn -0.999765 -0.021625 -0.001752
vn -0.999683 -0.025160 -0.000931
vn -0.003257 -0.999482 -0.032016
vn -0.413404 -0.909695 -0.039395
vn -0.005031 -0.997790 -0.066251
vn -0.422192 -0.903198 -0.077375
vn -0.000393 -0.995150 -0.098370
vn -0.005640 -0.993451 -0.114118
vn -0.435342 -0.892152 -0.120586
vn -0.002348 -0.987333 -0.158647
vn -0.387443 -0.907393 -0.162865
vn -0.002643 -0.985313 -0.170738
vn -0.002110 -0.977369 -0.211530
vn -0.404384 -0.894487 -0.190699
vn -0.000678 -0.972811 -0.231599
vn -0.706073 -0.705202 -0.064429
vn -0.706796 -0.700347 -0.099764
vn -0.714082 -0.687996 -0.129413
vn -0.735204 -0.663949 -0.136554
vn -1.000000 0.000000 0.000000
vn -1.000000 0.000000 0.000000
vn -0.999972 -0.001480 0.007351
vn -1.000000 0.000000 0.000000
vn -0.999987 -0.000213 0.005057
vn -0.999729 0.002657 0.023120
vn -0.998650 0.011670 0.050620
vn -1.000000 0.000000 0.000000
vn -1.000000 0.000000 0.000000
vn -1.000000 0.000000 0.000000
vn -1.000000 0.000000 0.000000
vn -1.000000 0.000000 0.000000
vn -1.000000 0.000000 0.000000
vn -1.000000 0.000000 0.000000
vn -0.999737 -0.019057 0.012744
vn -0.999983 -0.005230 0.002671
vn -1.000000 0.000000 0.000000
vn -0.999988 -0.003176 0.003612
vn -0.999640 -0.019463 0.018451
vn -0.999802 -0.006911 0.018636
vn -0.999804 -0.009700 0.017267
vn -0.999893 -0.008136 0.012125
vn -1.000000 0.000000 0.000000
vn -1.000000 0.000000 0.000000
vn -1.000000 0.000000 0.000000
vn -1.000000 0.000000 0.000000
vn -1.000000 0.000000 0.000000
vn -1.000000 0.000000 0.000000
vn -1.000000 0.000000 0.000000
vn -1.000000 0.000000 0.000000
vn -1.000000 0.000000 0.000000
vn -0.144182 -0.963500 -0.225564
vn -0.001150 -0.940124 -0.340830
vn -0.000188 -0.954921 -0.296859
vn -0.282324 -0.943129 -0.175502
vn 0.000388 -0.970990 -0.239119
vn -0.365208 -0.912522 -0.184190
vn -0.655990 -0.747146 -0.107008
vn -0.769938 -0.636410 -0.046668
vn -0.553614 -0.829552 -0.073181
vn -0.124261 -0.966910 -0.222811
vn -0.110640 -0.961618 -0.251096
vn -0.208040 -0.973764 -0.092207
vn -0.929533 -0.368254 0.018896
vn -0.940047 -0.320332 0.117045
vn -0.893791 -0.443093 0.069323
vn -0.784611 -0.619663 0.020088
vn -0.860447 -0.498646 0.104801
vn -0.719799 -0.693176 0.037358
vn -0.462541 -0.884884 0.055095
vn -0.405546 -0.910947 -0.075558
vn -0.554332 -0.832203 -0.012428
vn -0.654329 -0.753926 0.058739
vn -0.857510 -0.501832 0.113317
vn -0.736273 -0.665843 0.120639
vn -0.694445 -0.710034 0.116609
vn -0.412983 -0.905440 -0.098098
vn -0.383708 -0.918399 -0.096495
vn -0.395112 -0.914816 -0.083660
vn -0.214620 -0.957480 -0.192797
vn -0.001471 -0.961321 -0.275428
vn -0.001941 -0.965925 -0.258814
vn -0.490488 0.669894 0.557371
vn -0.360835 0.697616 0.618975
vn -0.574169 0.541410 0.614170
vn -0.879109 0.363031 0.308829
vn -0.719449 0.374444 0.584965
vn -0.783695 0.309885 0.538324
vn -0.604630 0.469518 0.643408
vn -0.457428 0.562262 0.688927
vn -0.987652 0.085620 0.131198
vn -0.917140 0.159751 0.365149
vn -0.761191 0.316367 0.566127
vn -0.853886 0.317799 0.412168
vn -0.833305 0.283581 0.474537
vn -0.753252 0.441649 0.487399
vn -0.622234 0.652944 0.431844
vn -0.002272 0.877398 0.479758
vn -0.005497 0.870626 0.491915
vn -0.216688 0.816387 0.535311
vn -0.000967 0.847885 0.530180
vn -0.261243 0.757392 0.598423
vn -0.000838 0.822057 0.569404
vn -0.264007 0.710583 0.652206
vn -0.003663 0.803240 0.595645
vn -0.288397 0.665857 0.688085
vn -0.282662 0.678950 0.677590
vn -0.493890 0.552577 0.671365
vn -0.418216 0.589714 0.690892
vn -0.352682 0.809116 0.470050
vn -0.473889 -0.880347 0.020473
vn -0.482311 -0.865892 -0.132693
vn -0.016031 -0.995957 -0.088395
vn -0.473887 -0.752416 0.457495
vn -0.484799 -0.814965 0.317493
vn -0.017493 -0.914315 0.404625
vn -0.018085 -0.055586 0.998290
vn -0.018316 0.089283 0.995838
vn -0.480062 0.019640 0.877015
vn -0.473149 0.834446 0.282543
vn -0.485234 0.766873 0.420063
vn -0.007161 0.894439 0.447133
vn -0.473623 0.550041 -0.687849
vn -0.481438 0.658589 -0.578341
vn -0.008454 0.709867 -0.704285
vn -0.474117 0.133040 -0.870352
vn -0.483972 0.280742 -0.828828
vn -0.007684 0.275813 -0.961181
vn -0.473179 -0.319770 -0.820883
vn -0.485538 -0.171146 -0.857299
vn -0.007044 -0.229040 -0.973391
vn -0.474683 -0.595959 -0.647695
vn -0.006330 -0.723306 -0.690499
vn -0.517273 -0.677834 -0.522466
vn -0.009192 -0.824119 -0.566343
vn -0.472211 -0.773896 -0.422020
vn -0.470139 -0.461092 -0.752571
vn -0.005338 -0.532094 -0.846669
vn -0.003973 -0.669057 -0.743201
vn -0.005735 -0.284911 -0.958537
vn -0.005547 -0.371644 -0.928359
vn -0.001882 -0.480268 -0.877120
vn -0.002962 0.222998 -0.974815
vn -0.010745 0.065285 -0.997809
vn -0.483656 -0.023012 -0.874956
vn -0.006450 0.016339 -0.999846
vn -0.005073 -0.102290 -0.994742
vn -0.003105 0.675300 -0.737537
vn -0.010398 0.558650 -0.829339
vn -0.492269 0.412517 -0.766486
vn -0.006673 0.497771 -0.867283
vn -0.004686 0.406091 -0.913821
vn -0.471468 0.820966 -0.322076
vn -0.009952 0.899237 -0.437349
vn -0.500073 0.735301 -0.457450
vn -0.006816 0.854665 -0.519135
vn -0.004180 0.806024 -0.591868
vn -0.009391 0.997514 0.069839
vn -0.004057 0.999133 -0.041437
vn -0.472788 0.880190 -0.041669
vn -0.006557 0.993360 -0.114861
vn -0.517132 0.835954 -0.183726
vn -0.009517 0.963191 -0.268648
vn -0.003243 0.951284 -0.308298
vn -0.003197 0.980046 0.198745
vn -0.471694 0.872296 0.128857
vn -0.005698 0.952050 0.305890
vn -0.005946 0.918891 0.394468
vn -0.474156 0.581373 0.661197
vn -0.030696 0.723613 0.689523
vn -0.486544 0.684461 0.542945
vn -0.018305 0.763693 0.645320
vn -0.007146 0.835281 0.549776
vn -0.483465 0.454608 0.748060
vn -0.495037 0.322231 0.806911
vn -0.017705 0.369253 0.929160
vn -0.017441 0.449426 0.893148
vn -0.020081 0.562240 0.826730
vn -0.010689 0.616358 0.787394
vn -0.472627 0.173823 0.863950
vn -0.012418 0.156383 0.987618
vn -0.028434 0.281910 0.959019
vn -0.014511 -0.127780 0.991696
vn -0.502189 -0.121277 0.856212
vn -0.024154 -0.248057 0.968444
vn -0.470222 -0.280711 0.836715
vn -0.010443 -0.377412 0.925987
vn -0.027104 -0.406006 0.913468
vn -0.517408 -0.396344 0.758420
vn -0.018681 -0.547332 0.836707
vn -0.454771 -0.547300 0.702600
vn -0.011646 -0.604387 0.796606
vn -0.013078 -0.884531 0.466299
vn -0.027135 -0.808773 0.587495
vn -0.480557 -0.657403 0.580418
vn -0.018793 -0.768016 0.640154
vn -0.017603 -0.690110 0.723490
vn -0.013645 -0.999592 -0.025083
vn -0.032013 -0.992971 0.113947
vn -0.489175 -0.854227 0.176079
vn -0.015045 -0.982330 0.186552
vn -0.019882 -0.958103 0.285735
vn -0.003180 -0.843537 -0.537062
vn -0.008164 -0.914238 -0.405095
vn -0.497323 -0.824314 -0.270509
vn -0.018518 -0.957287 -0.288546
vn -0.019456 -0.972347 -0.232727
vn -0.833947 0.196461 0.515690
vn -0.833979 0.282985 0.473707
vn -0.833910 0.361039 0.417426
vn -0.833963 0.427946 0.348378
vn -0.834059 0.481820 0.268690
vn -0.834117 0.521059 0.180962
vn -0.833773 0.545100 0.087687
vn -0.833924 0.551819 -0.008215
vn -0.834053 0.103868 0.541819
vn -0.833924 0.008215 0.551819
vn -0.833773 -0.087687 0.545100
vn -0.834117 -0.180962 0.521059
vn -0.834059 -0.268690 0.481820
vn -0.833963 -0.348378 0.427946
vn -0.833910 -0.417426 0.361039
vn -0.833979 -0.473707 0.282985
vn -0.833947 -0.515690 0.196461
vn -0.834053 -0.541819 0.103868
vn -0.833924 -0.551819 0.008215
vn -0.833773 -0.545100 -0.087687
vn -0.834117 -0.521059 -0.180962
vn -0.834059 -0.481820 -0.268690
vn -0.833963 -0.427946 -0.348378
vn -0.833910 -0.361039 -0.417426
vn -0.833979 -0.282985 -0.473707
vn -0.833947 -0.196461 -0.515690
vn -0.834053 -0.103868 -0.541819
vn -0.833924 -0.008215 -0.551819
vn -0.833773 0.087687 -0.545100
vn -0.834117 0.180962 -0.521059
vn -0.834059 0.268690 -0.481820
vn -0.833963 0.348378 -0.427946
vn -0.833910 0.417426 -0.361039
vn -0.833979 0.473707 -0.282985
vn -0.833947 0.515690 -0.196461
vn -0.834053 0.541819 -0.103868
vn -0.995889 0.026225 0.086697
vn -0.995890 0.040871 0.080823
vn -0.995888 0.054303 0.072511
vn -0.995889 0.066062 0.061974
vn -0.995888 0.075831 0.049557
vn -0.995888 0.083277 0.035667
vn -0.995896 0.088123 0.020634
vn -0.995886 0.090477 0.004984
vn -0.995888 0.089949 -0.010750
vn -0.995888 0.010750 0.089949
vn -0.995886 -0.004984 0.090477
vn -0.995896 -0.020634 0.088123
vn -0.995888 -0.035667 0.083277
vn -0.995888 -0.049557 0.075831
vn -0.995889 -0.061974 0.066062
vn -0.995888 -0.072511 0.054303
vn -0.995890 -0.080823 0.040871
vn -0.995889 -0.086697 0.026225
vn -0.995888 -0.089949 0.010750
vn -0.995886 -0.090477 -0.004984
vn -0.995896 -0.088123 -0.020634
vn -0.995888 -0.083277 -0.035667
vn -0.995888 -0.075831 -0.049557
vn -0.995889 -0.066062 -0.061974
vn -0.995888 -0.054303 -0.072511
vn -0.995890 -0.040871 -0.080823
vn -0.995889 -0.026225 -0.086697
vn -0.995888 -0.010750 -0.089949
vn -0.995886 0.004984 -0.090477
vn -0.995896 0.020634 -0.088123
vn -0.995888 0.035667 -0.083277
vn -0.995888 0.049557 -0.075831
vn -0.995889 0.061974 -0.066062
vn -0.995888 0.072511 -0.054303
vn -0.995890 0.080823 -0.040871
vn -0.995889 0.086697 -0.026225
vn -0.919481 -0.150220 -0.363301
vn -0.919493 -0.211028 -0.331663
vn -0.919563 -0.265275 -0.289884
vn -0.919537 -0.311642 -0.239438
vn -0.919561 -0.348395 -0.181737
vn -0.919424 -0.375003 -0.118462
vn -0.919463 -0.389778 -0.051585
vn -0.919523 -0.392675 0.016859
vn -0.919482 -0.383863 0.084864
vn -0.919481 -0.363301 0.150220
vn -0.919482 -0.084864 -0.383863
vn -0.919523 -0.016859 -0.392675
vn -0.919463 0.051585 -0.389778
vn -0.919424 0.118462 -0.375003
vn -0.919514 0.181770 -0.348502
vn -0.919519 0.239485 -0.311659
vn -0.919563 0.289884 -0.265275
vn -0.919493 0.331663 -0.211028
vn -0.919481 0.363301 -0.150220
vn -0.919482 0.383863 -0.084864
vn -0.919523 0.392675 -0.016859
vn -0.919463 0.389778 0.051585
vn -0.919424 0.375003 0.118462
vn -0.919561 0.348395 0.181737
vn -0.919537 0.311642 0.239438
vn -0.919563 0.265275 0.289884
vn -0.919493 0.211028 0.331663
vn -0.919481 0.150220 0.363301
vn -0.919482 0.084864 0.383863
vn -0.919523 0.016859 0.392675
vn -0.919463 -0.051585 0.389778
vn -0.919424 -0.118462 0.375003
vn -0.919514 -0.181770 0.348502
vn -0.919519 -0.239485 0.311659
vn -0.919563 -0.289884 0.265275
vn -0.919493 -0.331663 0.211028
vn -0.613147 -0.282107 -0.737880
vn -0.613333 -0.408179 -0.676175
vn -0.614360 -0.520866 -0.592672
vn -0.615960 -0.616527 -0.490396
vn -0.618184 -0.691973 -0.372855
vn -0.620972 -0.744951 -0.243806
vn -0.623913 -0.774020 -0.107819
vn -0.627387 -0.778103 0.030663
vn -0.631370 -0.757218 0.167308
vn -0.636007 -0.712223 0.297041
vn -0.640360 -0.645339 0.416504
vn -0.677108 -0.136508 -0.723112
vn -0.640557 -0.037878 -0.766976
vn -0.635661 0.098843 -0.765614
vn -0.631210 0.233847 -0.739520
vn -0.627065 0.362624 -0.689415
vn -0.623479 0.480621 -0.616666
vn -0.620429 0.583899 -0.523574
vn -0.618020 0.668941 -0.413000
vn -0.616288 0.732739 -0.288589
vn -0.614873 0.773315 -0.154645
vn -0.613863 0.789264 -0.015321
vn -0.613276 0.779982 0.124586
vn -0.631792 0.733007 0.252070
vn -0.646941 0.671338 0.361624
vn -0.635527 0.613745 0.468425
vn -0.631166 0.523553 0.572295
vn -0.627169 0.415811 0.658605
vn -0.623974 0.293617 0.724186
vn -0.620714 0.161508 0.767222
vn -0.618127 0.023095 0.785739
vn -0.616018 -0.116445 0.779078
vn -0.614783 -0.252842 0.747069
vn -0.613709 -0.381449 0.691273
vn -0.613224 -0.497982 0.613164
vn -0.677164 -0.557954 0.479724
vn 0.924004 -0.341514 -0.172001
vn 0.002691 0.844806 0.535066
vn 0.418102 0.804524 0.421820
vn 0.000525 0.910864 0.412706
vn 0.002717 0.924652 0.380805
vn 0.425244 0.858711 0.285977
vn 0.001325 0.974465 0.224534
vn 0.408179 0.901871 0.141485
vn 0.001178 0.986750 0.162242
vn 0.002993 0.999378 0.035144
vn 0.428389 0.903080 -0.030478
vn 0.000529 0.996771 -0.080293
vn 0.003183 0.990977 -0.133992
vn 0.436187 0.882095 -0.177904
vn 0.001100 0.958533 -0.284978
vn 0.406910 0.853721 -0.324939
vn 0.001232 0.940825 -0.338891
vn 0.002661 0.885128 -0.465340
vn 0.431499 0.768898 -0.471810
vn 0.000705 0.833489 -0.552536
vn 0.003331 0.790313 -0.612694
vn 0.442772 0.674493 -0.590772
vn 0.001139 0.692338 -0.721573
vn 0.378629 0.576803 -0.723836
vn 0.001288 0.657323 -0.753608
vn 0.001093 0.051099 -0.998693
vn 0.001342 0.209093 -0.977895
vn 0.367575 0.140993 -0.919244
vn 0.001153 0.245687 -0.969348
vn 0.446128 0.291340 -0.846222
vn 0.003305 0.378265 -0.925691
vn 0.434238 0.428929 -0.792122
vn 0.001941 0.463504 -0.886092
vn 0.001571 0.538299 -0.842752
vn 0.001786 -0.021099 -0.999776
vn 0.441935 -0.020040 -0.896823
vn 0.003141 -0.133285 -0.991073
vn 0.413585 -0.183937 -0.891692
vn 0.000590 -0.263561 -0.964643
vn 0.001179 -0.369659 -0.929167
vn 0.420304 -0.322608 -0.848097
vn 0.001572 -0.482344 -0.875980
vn 0.408597 -0.461341 -0.787536
vn -0.002525 -0.483352 -0.875422
vn 0.002873 -0.608216 -0.793766
vn 0.425112 -0.596876 -0.680455
vn 0.000702 -0.697914 -0.716181
vn 0.002905 -0.732765 -0.680475
vn 0.432722 -0.697172 -0.571580
vn 0.001108 -0.831568 -0.555422
vn 0.407916 -0.791514 -0.455093
vn 0.000931 -0.858900 -0.512143
vn 0.002893 -0.920961 -0.389643
vn 0.923822 -0.307011 -0.228687
vn 0.924032 -0.262592 -0.277867
vn 0.924077 -0.210628 -0.318933
vn 0.924127 -0.152395 -0.350378
vn 0.924045 -0.089574 -0.371642
vn 0.924114 -0.024113 -0.381356
vn 0.924023 0.042124 -0.380009
vn 0.923875 0.107218 -0.367368
vn 0.924094 0.168778 -0.342875
vn 0.924018 0.225585 -0.308711
vn 0.923856 0.275754 -0.265426
vn 0.923935 0.317284 -0.213717
vn 0.923923 0.349464 -0.155696
vn 0.924107 0.370653 -0.092968
vn 0.923975 0.381457 -0.027591
vn 0.923779 0.380966 0.038697
vn 0.924050 0.367929 0.103727
vn 0.923972 0.344647 0.165813
vn 0.706266 -0.624961 -0.332582
vn 0.706818 -0.557742 -0.435123
vn 0.706731 -0.474288 -0.524959
vn 0.706757 -0.376567 -0.598909
vn 0.706440 -0.267611 -0.655231
vn 0.706258 -0.150439 -0.691786
vn 0.706437 -0.028824 -0.707189
vn 0.706177 0.093788 -0.701796
vn 0.706589 0.213377 -0.674687
vn 0.706888 0.326495 -0.627463
vn 0.706312 0.430391 -0.562038
vn 0.706524 0.520716 -0.479248
vn 0.706492 0.595687 -0.382134
vn 0.707018 0.652234 -0.273342
vn 0.707282 0.689376 -0.156568
vn 0.706893 0.706446 -0.035174
vn 0.707210 0.701609 0.087171
vn 0.706301 0.676854 0.207383
vn 0.706373 0.630835 0.321069
vn -0.810426 -0.558702 0.176242
vn -0.945029 0.080901 0.316820
vn -0.168966 0.676163 0.717115
vn -0.282655 0.563140 0.776517
vn -0.571128 0.351265 0.741907
vn -0.460185 0.456236 0.761629
vn -0.961499 -0.168880 0.216794
vn -0.954439 -0.143319 0.261737
vn -0.954429 -0.100776 0.280907
vn -0.954421 -0.055762 0.293209
vn -0.954423 -0.009351 0.298310
vn -0.954428 0.037284 0.296104
vn -0.944683 -0.240049 0.223498
vn -0.954425 -0.246293 0.168560
vn -0.963384 -0.238377 0.122752
vn -0.833171 -0.498850 0.238693
vn -0.599248 -0.769580 0.220563
vn -0.458698 -0.877446 0.140303
vn -0.006235 -0.971345 -0.237591
vn -0.022385 -0.994790 -0.099460
vn -0.242286 -0.970139 -0.011282
vn -0.024908 -0.983958 0.176652
vn -0.005938 -0.995901 0.090253
vn -0.008925 -0.998415 -0.055575
vn -0.006587 -0.932171 0.361959
vn -0.006604 -0.971268 0.237897
vn -0.280124 -0.912999 0.296586
vn -0.348159 -0.926962 0.139739
vn -0.013564 -0.902032 0.431457
vn -0.305043 -0.845065 0.439106
vn -0.019264 -0.858519 0.512419
vn -0.315222 -0.767121 0.558714
vn -0.013836 -0.789793 0.613217
vn -0.277435 -0.680452 0.678244
vn -0.008176 -0.743886 0.668256
vn -0.285776 -0.305722 0.908222
vn -0.014221 -0.401314 0.915830
vn -0.324609 -0.428243 0.843349
vn -0.022732 -0.533310 0.845615
vn -0.302757 -0.552661 0.776469
vn -0.012796 -0.578590 0.815518
vn -0.005935 -0.658329 0.752707
vn -0.008646 0.055147 0.998441
vn -0.007266 -0.081033 0.996685
vn -0.279600 -0.003989 0.960108
vn -0.020538 -0.131256 0.991136
vn -0.309209 -0.152252 0.938727
vn -0.014103 -0.231156 0.972814
vn -0.011242 -0.344219 0.938822
vn -0.013420 0.118717 0.992837
vn -0.304565 0.152831 0.940150
vn -0.015956 0.217755 0.975873
vn -0.316168 0.290668 0.903078
vn -0.013863 0.333601 0.942613
vn -0.277128 0.431291 0.858597
vn -0.007772 0.401822 0.915685
vn -0.007272 0.739460 0.673161
vn -0.018910 0.639890 0.768234
vn -0.012469 0.587626 0.809036
vn -0.006485 0.505667 0.862704
vn -0.577104 -0.733222 0.359635
vn -0.577027 -0.668252 0.469552
vn -0.577113 -0.586789 0.567996
vn -0.577110 -0.491059 0.652538
vn -0.577175 -0.383307 0.721072
vn -0.577141 -0.266241 0.772026
vn -0.577210 -0.142481 0.804069
vn -0.577209 -0.015395 0.816452
vn -0.577230 0.112098 0.808851
vn -0.577106 0.236769 0.781594
vn -0.820361 -0.468812 0.327450
vn -0.820311 -0.412113 0.396552
vn -0.820340 -0.345206 0.455933
vn -0.820355 -0.269869 0.504171
vn -0.820303 -0.188013 0.540143
vn -0.820331 -0.101465 0.562817
vn -0.820326 -0.012476 0.571760
vn -0.820370 0.076871 0.566643
vn -0.818330 0.159379 0.552208
vn -0.799660 0.221901 0.557946
# 1594 vertices, 0 vertices normals

f 1//1 2//2 3//3
f 3//3 2//2 4//4
f 3//3 4//4 5//5
f 6//6 7//7 8//8
f 8//8 7//7 9//9
f 8//8 9//9 10//10
f 11//11 12//12 13//13
f 13//13 12//12 14//14
f 13//13 14//14 15//15
f 16//16 17//17 18//18
f 18//18 17//17 19//19
f 18//18 19//19 20//20
f 21//21 22//22 23//23
f 23//23 22//22 24//24
f 23//23 24//24 25//25
f 26//26 27//27 28//28
f 28//28 27//27 29//29
f 28//28 29//29 30//30
f 31//31 32//32 33//33
f 33//33 32//32 34//34
f 33//33 34//34 35//35
f 36//36 37//37 38//38
f 38//38 37//37 39//39
f 38//38 39//39 40//40
f 41//41 42//42 43//43
f 43//43 42//42 44//44
f 43//43 44//44 45//45
f 46//46 47//47 48//48
f 48//48 47//47 49//49
f 48//48 49//49 50//50
f 51//51 52//52 53//53
f 53//53 52//52 54//54
f 53//53 54//54 55//55
f 56//56 57//57 58//58
f 58//58 57//57 59//59
f 58//58 59//59 60//60
f 61//61 18//18 62//62
f 62//62 18//18 20//20
f 62//62 20//20 63//63
f 64//64 13//13 65//65
f 65//65 13//13 15//15
f 65//65 15//15 66//66
f 67//67 28//28 68//68
f 68//68 28//28 30//30
f 68//68 30//30 69//69
f 70//70 23//23 71//71
f 71//71 23//23 25//25
f 71//71 25//25 72//72
f 73//73 58//58 74//74
f 74//74 58//58 60//60
f 74//74 60//60 75//75
f 76//76 53//53 77//77
f 77//77 53//53 55//55
f 77//77 55//55 78//78
f 79//79 8//8 80//80
f 80//80 8//8 10//10
f 80//80 10//10 81//81
f 82//82 3//3 83//83
f 83//83 3//3 5//5
f 83//83 5//5 84//84
f 85//85 38//38 86//86
f 86//86 38//38 40//40
f 86//86 40//40 87//87
f 88//88 33//33 89//89
f 89//89 33//33 35//35
f 89//89 35//35 90//90
f 91//91 48//48 92//92
f 92//92 48//48 50//50
f 92//92 50//50 93//93
f 94//94 43//43 95//95
f 95//95 43//43 45//45
f 95//95 45//45 96//96
f 8//8 79//79 97//97
f 3//3 82//82 98//98
f 99//99 5//5 100//100
f 100//100 5//5 4//4
f 100//100 4//4 101//101
f 101//101 4//4 2//2
f 101//101 2//2 102//102
f 102//102 2//2 1//1
f 102//102 1//1 103//103
f 104//104 81//81 10//10
f 1//1 3//3 103//103
f 103//103 3//3 98//98
f 103//103 98//98 105//105
f 105//105 98//98 106//106
f 105//105 106//106 107//107
f 106//106 104//104 107//107
f 107//107 104//104 10//10
f 107//107 10//10 108//108
f 108//108 10//10 9//9
f 108//108 9//9 109//109
f 109//109 9//9 7//7
f 109//109 7//7 110//110
f 110//110 7//7 6//6
f 110//110 6//6 111//111
f 6//6 8//8 111//111
f 111//111 8//8 97//97
f 111//111 97//97 112//112
f 112//112 97//97 113//113
f 112//112 113//113 99//99
f 99//99 113//113 114//114
f 99//99 114//114 5//5
f 5//5 114//114 84//84
f 18//18 61//61 115//115
f 13//13 64//64 116//116
f 117//117 15//15 118//118
f 118//118 15//15 14//14
f 118//118 14//14 119//119
f 119//119 14//14 12//12
f 119//119 12//12 120//120
f 120//120 12//12 11//11
f 120//120 11//11 121//121
f 122//122 63//63 20//20
f 11//11 13//13 121//121
f 121//121 13//13 116//116
f 121//121 116//116 123//123
f 123//123 116//116 124//124
f 123//123 124//124 125//125
f 124//124 122//122 125//125
f 125//125 122//122 20//20
f 125//125 20//20 126//126
f 126//126 20//20 19//19
f 126//126 19//19 127//127
f 127//127 19//19 17//17
f 127//127 17//17 128//128
f 128//128 17//17 16//16
f 128//128 16//16 129//129
f 16//16 18//18 129//129
f 129//129 18//18 115//115
f 129//129 115//115 130//130
f 130//130 115//115 131//131
f 130//130 131//131 117//117
f 117//117 131//131 132//132
f 117//117 132//132 15//15
f 15//15 132//132 66//66
f 28//28 67//67 133//133
f 23//23 70//70 134//134
f 135//135 25//25 136//136
f 136//136 25//25 24//24
f 136//136 24//24 137//137
f 137//137 24//24 22//22
f 137//137 22//22 138//138
f 138//138 22//22 21//21
f 138//138 21//21 139//139
f 140//140 69//69 30//30
f 21//21 23//23 139//139
f 139//139 23//23 134//134
f 139//139 134//134 141//141
f 141//141 134//134 142//142
f 141//141 142//142 143//143
f 142//142 140//140 143//143
f 143//143 140//140 30//30
f 143//143 30//30 144//144
f 144//144 30//30 29//29
f 144//144 29//29 145//145
f 145//145 29//29 27//27
f 145//145 27//27 146//146
f 146//146 27//27 26//26
f 146//146 26//26 147//147
f 26//26 28//28 147//147
f 147//147 28//28 133//133
f 147//147 133//133 148//148
f 148//148 133//133 149//149
f 148//148 149//149 135//135
f 135//135 149//149 150//150
f 135//135 150//150 25//25
f 25//25 150//150 72//72
f 38//38 85//85 151//151
f 33//33 88//88 152//152
f 153//153 35//35 154//154
f 154//154 35//35 34//34
f 154//154 34//34 155//155
f 155//155 34//34 32//32
f 155//155 32//32 156//156
f 156//156 32//32 31//31
f 156//156 31//31 157//157
f 158//158 87//87 40//40
f 31//31 33//33 157//157
f 157//157 33//33 152//152
f 157//157 152//152 159//159
f 159//159 152//152 160//160
f 159//159 160//160 161//161
f 160//160 158//158 161//161
f 161//161 158//158 40//40
f 161//161 40//40 162//162
f 162//162 40//40 39//39
f 162//162 39//39 163//163
f 163//163 39//39 37//37
f 163//163 37//37 164//164
f 164//164 37//37 36//36
f 164//164 36//36 165//165
f 36//36 38//38 165//165
f 165//165 38//38 151//151
f 165//165 151//151 166//166
f 166//166 151//151 167//167
f 166//166 167//167 153//153
f 153//153 167//167 168//168
f 153//153 168//168 35//35
f 35//35 168//168 90//90
f 48//48 91//91 169//169
f 43//43 94//94 170//170
f 171//171 45//45 172//172
f 172//172 45//45 44//44
f 172//172 44//44 173//173
f 173//173 44//44 42//42
f 173//173 42//42 174//174
f 174//174 42//42 41//41
f 174//174 41//41 175//175
f 176//176 93//93 50//50
f 41//41 43//43 175//175
f 175//175 43//43 170//170
f 175//175 170//170 177//177
f 177//177 170//170 178//178
f 177//177 178//178 179//179
f 178//178 176//176 179//179
f 179//179 176//176 50//50
f 179//179 50//50 180//180
f 180//180 50//50 49//49
f 180//180 49//49 181//181
f 181//181 49//49 47//47
f 181//181 47//47 182//182
f 182//182 47//47 46//46
f 182//182 46//46 183//183
f 46//46 48//48 183//183
f 183//183 48//48 169//169
f 183//183 169//169 184//184
f 184//184 169//169 185//185
f 184//184 185//185 171//171
f 171//171 185//185 186//186
f 171//171 186//186 45//45
f 45//45 186//186 96//96
f 58//58 73//73 187//187
f 53//53 76//76 188//188
f 189//189 55//55 190//190
f 190//190 55//55 54//54
f 190//190 54//54 191//191
f 191//191 54//54 52//52
f 191//191 52//52 192//192
f 192//192 52//52 51//51
f 192//192 51//51 193//193
f 194//194 75//75 60//60
f 51//51 53//53 193//193
f 193//193 53//53 188//188
f 193//193 188//188 195//195
f 195//195 188//188 196//196
f 195//195 196//196 197//197
f 196//196 194//194 197//197
f 197//197 194//194 60//60
f 197//197 60//60 198//198
f 198//198 60//60 59//59
f 198//198 59//59 199//199
f 199//199 59//59 57//57
f 199//199 57//57 200//200
f 200//200 57//57 56//56
f 200//200 56//56 201//201
f 56//56 58//58 201//201
f 201//201 58//58 187//187
f 201//201 187//187 202//202
f 202//202 187//187 203//203
f 202//202 203//203 189//189
f 189//189 203//203 204//204
f 189//189 204//204 55//55
f 55//55 204//204 78//78
f 205//205 206//206 207//207
f 207//207 206//206 208//208
f 209//209 210//210 211//211
f 211//211 210//210 212//212
f 213//213 214//214 215//215
f 215//215 214//214 216//216
f 215//215 216//216 217//217
f 217//217 216//216 218//218
f 61//61 62//62 219//219
f 61//61 219//219 115//115
f 115//115 219//219 220//220
f 115//115 220//220 131//131
f 131//131 220//220 221//221
f 131//131 221//221 132//132
f 132//132 221//221 222//222
f 132//132 222//222 66//66
f 66//66 222//222 223//223
f 66//66 223//223 65//65
f 64//64 65//65 224//224
f 64//64 224//224 116//116
f 116//116 224//224 225//225
f 116//116 225//225 124//124
f 124//124 225//225 226//226
f 124//124 226//226 122//122
f 122//122 226//226 227//227
f 122//122 227//227 63//63
f 63//63 227//227 228//228
f 63//63 228//228 62//62
f 229//229 71//71 72//72
f 229//229 72//72 230//230
f 230//230 72//72 150//150
f 230//230 150//150 231//231
f 231//231 150//150 149//149
f 231//231 149//149 232//232
f 232//232 149//149 133//133
f 232//232 133//133 233//233
f 233//233 133//133 67//67
f 233//233 67//67 68//68
f 234//234 68//68 69//69
f 234//234 69//69 235//235
f 235//235 69//69 140//140
f 235//235 140//140 236//236
f 236//236 140//140 142//142
f 236//236 142//142 237//237
f 237//237 142//142 134//134
f 237//237 134//134 238//238
f 238//238 134//134 70//70
f 238//238 70//70 71//71
f 239//239 77//77 78//78
f 239//239 78//78 240//240
f 240//240 78//78 204//204
f 240//240 204//204 241//241
f 241//241 204//204 203//203
f 241//241 203//203 242//242
f 242//242 203//203 187//187
f 242//242 187//187 243//243
f 243//243 187//187 73//73
f 243//243 73//73 74//74
f 244//244 74//74 75//75
f 244//244 75//75 245//245
f 245//245 75//75 194//194
f 245//245 194//194 246//246
f 246//246 194//194 196//196
f 246//246 196//196 247//247
f 247//247 196//196 188//188
f 247//247 188//188 248//248
f 248//248 188//188 76//76
f 248//248 76//76 77//77
f 249//249 83//83 84//84
f 249//249 84//84 250//250
f 250//250 84//84 114//114
f 250//250 114//114 251//251
f 251//251 114//114 113//113
f 251//251 113//113 252//252
f 252//252 113//113 97//97
f 252//252 97//97 253//253
f 253//253 97//97 79//79
f 253//253 79//79 80//80
f 254//254 80//80 81//81
f 254//254 81//81 255//255
f 255//255 81//81 104//104
f 255//255 104//104 256//256
f 256//256 104//104 106//106
f 256//256 106//106 257//257
f 257//257 106//106 98//98
f 257//257 98//98 258//258
f 258//258 98//98 82//82
f 258//258 82//82 83//83
f 85//85 86//86 259//259
f 85//85 259//259 151//151
f 151//151 259//259 260//260
f 151//151 260//260 167//167
f 167//167 260//260 261//261
f 167//167 261//261 168//168
f 168//168 261//261 262//262
f 168//168 262//262 90//90
f 90//90 262//262 263//263
f 90//90 263//263 89//89
f 88//88 89//89 264//264
f 88//88 264//264 152//152
f 152//152 264//264 265//265
f 152//152 265//265 160//160
f 160//160 265//265 266//266
f 160//160 266//266 158//158
f 158//158 266//266 267//267
f 158//158 267//267 87//87
f 87//87 267//267 268//268
f 87//87 268//268 86//86
f 269//269 95//95 96//96
f 269//269 96//96 270//270
f 270//270 96//96 186//186
f 270//270 186//186 271//271
f 271//271 186//186 185//185
f 271//271 185//185 272//272
f 272//272 185//185 169//169
f 272//272 169//169 273//273
f 273//273 169//169 91//91
f 273//273 91//91 92//92
f 274//274 92//92 93//93
f 274//274 93//93 275//275
f 275//275 93//93 176//176
f 275//275 176//176 276//276
f 276//276 176//176 178//178
f 276//276 178//178 277//277
f 277//277 178//178 170//170
f 277//277 170//170 278//278
f 278//278 170//170 94//94
f 278//278 94//94 95//95
f 279//279 280//280 281//281
f 281//281 280//280 282//282
f 281//281 282//282 283//283
f 283//283 282//282 284//284
f 284//284 282//282 285//285
f 284//284 285//285 286//286
f 286//286 285//285 287//287
f 286//286 287//287 288//288
f 288//288 287//287 289//289
f 288//288 289//289 290//290
f 290//290 289//289 291//291
f 290//290 291//291 292//292
f 292//292 291//291 293//293
f 293//293 291//291 294//294
f 293//293 294//294 295//295
f 295//295 294//294 296//296
f 295//295 296//296 297//297
f 297//297 296//296 298//298
f 297//297 298//298 299//299
f 299//299 298//298 300//300
f 299//299 300//300 301//301
f 301//301 300//300 302//302
f 302//302 300//300 303//303
f 302//302 303//303 304//304
f 304//304 303//303 305//305
f 304//304 305//305 306//306
f 306//306 305//305 307//307
f 306//306 307//307 308//308
f 308//308 307//307 309//309
f 308//308 309//309 310//310
f 310//310 309//309 311//311
f 311//311 309//309 312//312
f 311//311 312//312 313//313
f 313//313 312//312 314//314
f 313//313 314//314 315//315
f 315//315 314//314 316//316
f 315//315 316//316 317//317
f 317//317 316//316 318//318
f 317//317 318//318 319//319
f 319//319 318//318 320//320
f 320//320 318//318 321//321
f 320//320 321//321 322//322
f 322//322 321//321 323//323
f 322//322 323//323 324//324
f 324//324 323//323 325//325
f 324//324 325//325 326//326
f 326//326 325//325 327//327
f 326//326 327//327 328//328
f 328//328 327//327 329//329
f 328//328 329//329 330//330
f 330//330 329//329 331//331
f 330//330 331//331 332//332
f 332//332 331//331 333//333
f 332//332 333//333 334//334
f 334//334 333//333 335//335
f 334//334 335//335 336//336
f 336//336 335//335 337//337
f 336//336 337//337 338//338
f 338//338 337//337 339//339
f 339//339 337//337 340//340
f 339//339 340//340 341//341
f 341//341 340//340 342//342
f 341//341 342//342 343//343
f 343//343 342//342 344//344
f 343//343 344//344 345//345
f 345//345 344//344 346//346
f 345//345 346//346 347//347
f 347//347 346//346 348//348
f 348//348 346//346 349//349
f 348//348 349//349 350//350
f 350//350 349//349 351//351
f 350//350 351//351 352//352
f 352//352 351//351 353//353
f 352//352 353//353 354//354
f 354//354 353//353 355//355
f 354//354 355//355 356//356
f 356//356 355//355 357//357
f 357//357 355//355 358//358
f 357//357 358//358 359//359
f 359//359 358//358 360//360
f 359//359 360//360 361//361
f 361//361 360//360 362//362
f 361//361 362//362 363//363
f 363//363 362//362 364//364
f 363//363 364//364 365//365
f 365//365 364//364 366//366
f 366//366 364//364 367//367
f 366//366 367//367 368//368
f 368//368 367//367 369//369
f 368//368 369//369 370//370
f 370//370 369//369 371//371
f 370//370 371//371 372//372
f 372//372 371//371 373//373
f 372//372 373//373 279//279
f 279//279 373//373 374//374
f 279//279 374//374 280//280
f 208//208 206//206 375//375
f 375//375 206//206 376//376
f 375//375 376//376 377//377
f 377//377 376//376 378//378
f 377//377 378//378 379//379
f 379//379 378//378 380//380
f 379//379 380//380 381//381
f 381//381 380//380 382//382
f 381//381 382//382 383//383
f 383//383 382//382 384//384
f 383//383 384//384 385//385
f 385//385 384//384 386//386
f 387//387 388//388 389//389
f 387//387 389//389 390//390
f 391//391 392//392 393//393
f 394//394 386//386 395//395
f 395//395 386//386 396//396
f 395//395 396//396 397//397
f 397//397 396//396 398//398
f 397//397 398//398 399//399
f 399//399 398//398 400//400
f 399//399 400//400 401//401
f 401//401 400//400 402//402
f 401//401 402//402 389//389
f 389//389 402//402 391//391
f 389//389 391//391 390//390
f 390//390 391//391 393//393
f 378//378 376//376 403//403
f 403//403 376//376 206//206
f 404//404 384//384 382//382
f 386//386 384//384 396//396
f 396//396 384//384 404//404
f 396//396 404//404 398//398
f 398//398 404//404 405//405
f 398//398 405//405 400//400
f 400//400 405//405 402//402
f 402//402 405//405 406//406
f 402//402 406//406 391//391
f 407//407 408//408 409//409
f 410//410 411//411 408//408
f 412//412 411//411 413//413
f 413//413 411//411 410//410
f 413//413 410//410 414//414
f 414//414 410//410 415//415
f 206//206 416//416 403//403
f 403//403 416//416 417//417
f 403//403 417//417 415//415
f 415//415 417//417 418//418
f 415//415 418//418 414//414
f 408//408 407//407 410//410
f 410//410 407//407 419//419
f 410//410 419//419 415//415
f 415//415 419//419 420//420
f 415//415 420//420 403//403
f 403//403 420//420 380//380
f 403//403 380//380 378//378
f 392//392 391//391 409//409
f 409//409 391//391 406//406
f 409//409 406//406 407//407
f 407//407 406//406 405//405
f 407//407 405//405 419//419
f 419//419 405//405 404//404
f 419//419 404//404 420//420
f 420//420 404//404 382//382
f 420//420 382//382 380//380
f 206//206 205//205 416//416
f 416//416 205//205 421//421
f 416//416 421//421 417//417
f 417//417 421//421 422//422
f 417//417 422//422 418//418
f 418//418 422//422 423//423
f 418//418 423//423 414//414
f 414//414 423//423 424//424
f 414//414 424//424 413//413
f 413//413 424//424 425//425
f 413//413 425//425 412//412
f 412//412 425//425 426//426
f 427//427 428//428 429//429
f 429//429 428//428 430//430
f 431//431 432//432 433//433
f 205//205 432//432 421//421
f 421//421 432//432 431//431
f 421//421 431//431 422//422
f 422//422 431//431 434//434
f 422//422 434//434 423//423
f 423//423 434//434 424//424
f 424//424 434//434 435//435
f 424//424 435//435 425//425
f 436//436 437//437 438//438
f 439//439 440//440 437//437
f 441//441 440//440 442//442
f 442//442 440//440 439//439
f 442//442 439//439 443//443
f 443//443 439//439 444//444
f 430//430 445//445 429//429
f 429//429 445//445 446//446
f 429//429 446//446 444//444
f 444//444 446//446 447//447
f 444//444 447//447 443//443
f 437//437 436//436 439//439
f 439//439 436//436 448//448
f 439//439 448//448 444//444
f 444//444 448//448 449//449
f 444//444 449//449 429//429
f 429//429 449//449 450//450
f 429//429 450//450 427//427
f 426//426 425//425 438//438
f 438//438 425//425 435//435
f 438//438 435//435 436//436
f 436//436 435//435 434//434
f 436//436 434//434 448//448
f 448//448 434//434 431//431
f 448//448 431//431 449//449
f 449//449 431//431 433//433
f 449//449 433//433 450//450
f 103//103 451//451 102//102
f 102//102 451//451 452//452
f 102//102 452//452 101//101
f 101//101 452//452 453//453
f 101//101 453//453 100//100
f 100//100 453//453 454//454
f 100//100 454//454 99//99
f 99//99 454//454 455//455
f 99//99 455//455 112//112
f 112//112 455//455 456//456
f 112//112 456//456 111//111
f 111//111 456//456 457//457
f 111//111 457//457 110//110
f 110//110 457//457 458//458
f 110//110 458//458 109//109
f 109//109 458//458 459//459
f 109//109 459//459 108//108
f 108//108 459//459 460//460
f 108//108 460//460 107//107
f 107//107 460//460 461//461
f 107//107 461//461 105//105
f 105//105 461//461 462//462
f 105//105 462//462 103//103
f 103//103 462//462 451//451
f 121//121 463//463 120//120
f 120//120 463//463 464//464
f 120//120 464//464 119//119
f 119//119 464//464 465//465
f 119//119 465//465 118//118
f 118//118 465//465 466//466
f 118//118 466//466 117//117
f 117//117 466//466 467//467
f 117//117 467//467 130//130
f 130//130 467//467 468//468
f 130//130 468//468 129//129
f 129//129 468//468 469//469
f 129//129 469//469 128//128
f 128//128 469//469 470//470
f 128//128 470//470 471//471
f 471//471 470//470 472//472
f 471//471 472//472 126//126
f 126//126 472//472 473//473
f 126//126 473//473 125//125
f 125//125 473//473 474//474
f 125//125 474//474 123//123
f 123//123 474//474 475//475
f 123//123 475//475 121//121
f 121//121 475//475 463//463
f 139//139 476//476 138//138
f 138//138 476//476 477//477
f 138//138 477//477 137//137
f 137//137 477//477 478//478
f 137//137 478//478 136//136
f 136//136 478//478 479//479
f 136//136 479//479 135//135
f 135//135 479//479 480//480
f 135//135 480//480 148//148
f 148//148 480//480 481//481
f 148//148 481//481 147//147
f 147//147 481//481 482//482
f 147//147 482//482 146//146
f 146//146 482//482 483//483
f 146//146 483//483 145//145
f 145//145 483//483 484//484
f 145//145 484//484 144//144
f 144//144 484//484 485//485
f 144//144 485//485 143//143
f 143//143 485//485 486//486
f 143//143 486//486 141//141
f 141//141 486//486 487//487
f 141//141 487//487 139//139
f 139//139 487//487 476//476
f 488//488 489//489 490//490
f 490//490 489//489 491//491
f 490//490 491//491 492//492
f 492//492 491//491 493//493
f 492//492 493//493 494//494
f 494//494 493//493 495//495
f 494//494 495//495 496//496
f 496//496 495//495 497//497
f 496//496 497//497 498//498
f 498//498 497//497 499//499
f 498//498 499//499 500//500
f 500//500 499//499 501//501
f 500//500 501//501 502//502
f 502//502 501//501 503//503
f 502//502 503//503 504//504
f 504//504 503//503 505//505
f 504//504 505//505 506//506
f 506//506 505//505 507//507
f 506//506 507//507 508//508
f 508//508 507//507 509//509
f 508//508 509//509 510//510
f 510//510 509//509 511//511
f 510//510 511//511 512//512
f 512//512 511//511 513//513
f 512//512 513//513 514//514
f 514//514 513//513 515//515
f 514//514 515//515 516//516
f 516//516 515//515 517//517
f 516//516 517//517 518//518
f 518//518 517//517 519//519
f 518//518 519//519 520//520
f 520//520 519//519 521//521
f 520//520 521//521 522//522
f 522//522 521//521 523//523
f 522//522 523//523 524//524
f 524//524 523//523 525//525
f 524//524 525//525 526//526
f 526//526 525//525 527//527
f 526//526 527//527 528//528
f 528//528 527//527 529//529
f 528//528 529//529 530//530
f 530//530 529//529 531//531
f 530//530 531//531 532//532
f 532//532 531//531 533//533
f 532//532 533//533 534//534
f 534//534 533//533 535//535
f 534//534 535//535 536//536
f 536//536 535//535 537//537
f 536//536 537//537 538//538
f 538//538 537//537 539//539
f 538//538 539//539 540//540
f 540//540 539//539 541//541
f 540//540 541//541 542//542
f 542//542 541//541 543//543
f 542//542 543//543 544//544
f 544//544 543//543 545//545
f 544//544 545//545 546//546
f 546//546 545//545 547//547
f 546//546 547//547 548//548
f 548//548 547//547 549//549
f 548//548 549//549 550//550
f 550//550 549//549 551//551
f 550//550 551//551 488//488
f 488//488 551//551 489//489
f 370//370 552//552 553//553
f 554//554 365//365 555//555
f 555//555 365//365 366//366
f 555//555 366//366 553//553
f 553//553 366//366 368//368
f 553//553 368//368 370//370
f 556//556 361//361 554//554
f 554//554 361//361 363//363
f 554//554 363//363 365//365
f 557//557 356//356 558//558
f 558//558 356//356 357//357
f 558//558 357//357 556//556
f 556//556 357//357 359//359
f 556//556 359//359 361//361
f 559//559 352//352 557//557
f 557//557 352//352 354//354
f 557//557 354//354 356//356
f 343//343 345//345 560//560
f 560//560 345//345 347//347
f 560//560 347//347 561//561
f 561//561 347//347 348//348
f 561//561 348//348 559//559
f 559//559 348//348 350//350
f 559//559 350//350 352//352
f 343//343 560//560 341//341
f 341//341 560//560 562//562
f 341//341 562//562 339//339
f 339//339 562//562 563//563
f 339//339 563//563 338//338
f 338//338 563//563 564//564
f 338//338 564//564 336//336
f 565//565 326//326 566//566
f 566//566 326//326 328//328
f 566//566 328//328 567//567
f 567//567 328//328 330//330
f 567//567 330//330 568//568
f 568//568 330//330 332//332
f 568//568 332//332 564//564
f 564//564 332//332 334//334
f 564//564 334//334 336//336
f 569//569 322//322 565//565
f 565//565 322//322 324//324
f 565//565 324//324 326//326
f 570//570 317//317 571//571
f 571//571 317//317 319//319
f 571//571 319//319 569//569
f 569//569 319//319 320//320
f 569//569 320//320 322//322
f 572//572 313//313 570//570
f 570//570 313//313 315//315
f 570//570 315//315 317//317
f 573//573 308//308 574//574
f 574//574 308//308 310//310
f 574//574 310//310 572//572
f 572//572 310//310 311//311
f 572//572 311//311 313//313
f 575//575 304//304 573//573
f 573//573 304//304 306//306
f 573//573 306//306 308//308
f 295//295 297//297 576//576
f 576//576 297//297 299//299
f 576//576 299//299 577//577
f 577//577 299//299 301//301
f 577//577 301//301 575//575
f 575//575 301//301 302//302
f 575//575 302//302 304//304
f 295//295 576//576 293//293
f 293//293 576//576 578//578
f 293//293 578//578 292//292
f 292//292 578//578 579//579
f 292//292 579//579 290//290
f 290//290 579//579 580//580
f 290//290 580//580 288//288
f 370//370 372//372 552//552
f 552//552 372//372 279//279
f 552//552 279//279 581//581
f 581//581 279//279 281//281
f 581//581 281//281 582//582
f 582//582 281//281 283//283
f 582//582 283//283 583//583
f 583//583 283//283 284//284
f 583//583 284//284 580//580
f 580//580 284//284 286//286
f 580//580 286//286 288//288
f 581//581 584//584 552//552
f 552//552 584//584 585//585
f 552//552 585//585 553//553
f 553//553 585//585 586//586
f 553//553 586//586 555//555
f 555//555 586//586 587//587
f 555//555 587//587 554//554
f 554//554 587//587 588//588
f 554//554 588//588 556//556
f 556//556 588//588 589//589
f 556//556 589//589 558//558
f 558//558 589//589 590//590
f 558//558 590//590 557//557
f 557//557 590//590 591//591
f 557//557 591//591 559//559
f 559//559 591//591 592//592
f 559//559 592//592 561//561
f 561//561 592//592 593//593
f 561//561 593//593 560//560
f 560//560 593//593 594//594
f 560//560 594//594 562//562
f 562//562 594//594 595//595
f 562//562 595//595 563//563
f 563//563 595//595 596//596
f 563//563 596//596 564//564
f 564//564 596//596 597//597
f 564//564 597//597 568//568
f 568//568 597//597 598//598
f 568//568 598//598 567//567
f 567//567 598//598 599//599
f 567//567 599//599 566//566
f 566//566 599//599 600//600
f 566//566 600//600 565//565
f 565//565 600//600 601//601
f 565//565 601//601 569//569
f 569//569 601//601 602//602
f 569//569 602//602 571//571
f 571//571 602//602 603//603
f 571//571 603//603 570//570
f 570//570 603//603 604//604
f 570//570 604//604 572//572
f 572//572 604//604 605//605
f 572//572 605//605 574//574
f 574//574 605//605 606//606
f 574//574 606//606 573//573
f 573//573 606//606 607//607
f 573//573 607//607 575//575
f 575//575 607//607 608//608
f 575//575 608//608 577//577
f 577//577 608//608 609//609
f 577//577 609//609 576//576
f 576//576 609//609 610//610
f 576//576 610//610 578//578
f 578//578 610//610 611//611
f 578//578 611//611 579//579
f 579//579 611//611 612//612
f 579//579 612//612 580//580
f 580//580 612//612 613//613
f 580//580 613//613 583//583
f 583//583 613//613 614//614
f 583//583 614//614 582//582
f 582//582 614//614 615//615
f 582//582 615//615 581//581
f 581//581 615//615 584//584
f 584//584 520//520 585//585
f 585//585 520//520 522//522
f 585//585 522//522 586//586
f 586//586 522//522 524//524
f 586//586 524//524 587//587
f 587//587 524//524 526//526
f 587//587 526//526 588//588
f 588//588 526//526 528//528
f 588//588 528//528 589//589
f 589//589 528//528 530//530
f 589//589 530//530 590//590
f 590//590 530//530 532//532
f 590//590 532//532 591//591
f 591//591 532//532 534//534
f 591//591 534//534 592//592
f 592//592 534//534 536//536
f 592//592 536//536 593//593
f 593//593 536//536 538//538
f 593//593 538//538 594//594
f 594//594 538//538 540//540
f 594//594 540//540 595//595
f 595//595 540//540 542//542
f 595//595 542//542 596//596
f 596//596 542//542 544//544
f 596//596 544//544 597//597
f 597//597 544//544 546//546
f 597//597 546//546 598//598
f 598//598 546//546 548//548
f 598//598 548//548 599//599
f 599//599 548//548 550//550
f 599//599 550//550 600//600
f 600//600 550//550 488//488
f 600//600 488//488 601//601
f 601//601 488//488 490//490
f 601//601 490//490 602//602
f 602//602 490//490 492//492
f 602//602 492//492 603//603
f 603//603 492//492 494//494
f 603//603 494//494 604//604
f 604//604 494//494 496//496
f 604//604 496//496 605//605
f 605//605 496//496 498//498
f 605//605 498//498 606//606
f 606//606 498//498 500//500
f 606//606 500//500 607//607
f 607//607 500//500 502//502
f 607//607 502//502 608//608
f 608//608 502//502 504//504
f 608//608 504//504 609//609
f 609//609 504//504 506//506
f 609//609 506//506 610//610
f 610//610 506//506 508//508
f 610//610 508//508 611//611
f 611//611 508//508 510//510
f 611//611 510//510 612//612
f 612//612 510//510 512//512
f 612//612 512//512 613//613
f 613//613 512//512 514//514
f 613//613 514//514 614//614
f 614//614 514//514 516//516
f 614//614 516//516 615//615
f 615//615 516//516 518//518
f 615//615 518//518 584//584
f 584//584 518//518 520//520
f 157//157 616//616 156//156
f 156//156 616//616 617//617
f 156//156 617//617 155//155
f 155//155 617//617 618//618
f 155//155 618//618 154//154
f 154//154 618//618 619//619
f 154//154 619//619 153//153
f 153//153 619//619 620//620
f 153//153 620//620 166//166
f 166//166 620//620 621//621
f 166//166 621//621 165//165
f 165//165 621//621 622//622
f 165//165 622//622 164//164
f 164//164 622//622 623//623
f 164//164 623//623 624//624
f 624//624 623//623 625//625
f 624//624 625//625 162//162
f 162//162 625//625 626//626
f 162//162 626//626 161//161
f 161//161 626//626 627//627
f 161//161 627//627 159//159
f 159//159 627//627 628//628
f 159//159 628//628 157//157
f 157//157 628//628 616//616
f 175//175 629//629 174//174
f 174//174 629//629 630//630
f 174//174 630//630 173//173
f 173//173 630//630 631//631
f 173//173 631//631 172//172
f 172//172 631//631 632//632
f 172//172 632//632 171//171
f 171//171 632//632 633//633
f 171//171 633//633 184//184
f 184//184 633//633 634//634
f 184//184 634//634 183//183
f 183//183 634//634 635//635
f 183//183 635//635 182//182
f 182//182 635//635 636//636
f 182//182 636//636 181//181
f 181//181 636//636 637//637
f 181//181 637//637 180//180
f 180//180 637//637 638//638
f 180//180 638//638 179//179
f 179//179 638//638 639//639
f 179//179 639//639 177//177
f 177//177 639//639 640//640
f 177//177 640//640 175//175
f 175//175 640//640 629//629
f 193//193 641//641 192//192
f 192//192 641//641 642//642
f 192//192 642//642 191//191
f 191//191 642//642 643//643
f 191//191 643//643 190//190
f 190//190 643//643 644//644
f 190//190 644//644 189//189
f 189//189 644//644 645//645
f 189//189 645//645 202//202
f 202//202 645//645 646//646
f 202//202 646//646 201//201
f 201//201 646//646 647//647
f 201//201 647//647 200//200
f 200//200 647//647 648//648
f 200//200 648//648 199//199
f 199//199 648//648 649//649
f 199//199 649//649 198//198
f 198//198 649//649 650//650
f 198//198 650//650 197//197
f 197//197 650//650 651//651
f 197//197 651//651 195//195
f 195//195 651//651 652//652
f 195//195 652//652 193//193
f 193//193 652//652 641//641
f 430//430 653//653 445//445
f 445//445 653//653 654//654
f 445//445 654//654 446//446
f 446//446 654//654 655//655
f 446//446 655//655 447//447
f 447//447 655//655 656//656
f 447//447 656//656 443//443
f 443//443 656//656 657//657
f 443//443 657//657 442//442
f 442//442 657//657 658//658
f 659//659 660//660 658//658
f 658//658 660//660 661//661
f 658//658 661//661 442//442
f 442//442 661//661 662//662
f 442//442 662//662 441//441
f 663//663 430//430 664//664
f 664//664 430//430 428//428
f 664//664 428//428 665//665
f 665//665 428//428 427//427
f 665//665 427//427 666//666
f 666//666 427//427 450//450
f 666//666 450//450 667//667
f 667//667 450//450 433//433
f 667//667 433//433 668//668
f 668//668 433//433 432//432
f 668//668 432//432 207//207
f 207//207 432//432 205//205
f 385//385 669//669 670//670
f 670//670 669//669 671//671
f 670//670 671//671 672//672
f 672//672 671//671 673//673
f 672//672 673//673 674//674
f 674//674 673//673 675//675
f 674//674 675//675 676//676
f 676//676 675//675 677//677
f 676//676 677//677 678//678
f 678//678 677//677 679//679
f 680//680 681//681 679//679
f 679//679 681//681 682//682
f 679//679 682//682 678//678
f 678//678 682//682 683//683
f 678//678 683//683 684//684
f 685//685 686//686 687//687
f 688//688 689//689 690//690
f 672//672 674//674 691//691
f 676//676 678//678 692//692
f 693//693 694//694 695//695
f 693//693 695//695 696//696
f 696//696 695//695 697//697
f 696//696 697//697 698//698
f 698//698 697//697 692//692
f 698//698 692//692 699//699
f 699//699 692//692 678//678
f 699//699 678//678 684//684
f 385//385 670//670 383//383
f 383//383 670//670 700//700
f 383//383 700//700 381//381
f 381//381 700//700 379//379
f 379//379 700//700 701//701
f 379//379 701//701 377//377
f 377//377 701//701 690//690
f 377//377 690//690 375//375
f 375//375 690//690 689//689
f 375//375 689//689 208//208
f 694//694 685//685 695//695
f 695//695 685//685 687//687
f 695//695 687//687 697//697
f 697//697 687//687 702//702
f 697//697 702//702 692//692
f 692//692 702//702 691//691
f 692//692 691//691 676//676
f 676//676 691//691 674//674
f 686//686 688//688 687//687
f 687//687 688//688 690//690
f 687//687 690//690 702//702
f 702//702 690//690 701//701
f 702//702 701//701 691//691
f 691//691 701//701 700//700
f 691//691 700//700 672//672
f 672//672 700//700 670//670
f 694//694 693//693 703//703
f 704//704 705//705 706//706
f 706//706 705//705 707//707
f 703//703 707//707 694//694
f 694//694 707//707 705//705
f 694//694 705//705 685//685
f 685//685 705//705 708//708
f 685//685 708//708 686//686
f 686//686 708//708 709//709
f 686//686 709//709 688//688
f 688//688 709//709 710//710
f 688//688 710//710 689//689
f 689//689 710//710 711//711
f 689//689 711//711 208//208
f 208//208 711//711 207//207
f 712//712 713//713 714//714
f 715//715 716//716 717//717
f 710//710 709//709 718//718
f 708//708 705//705 719//719
f 720//720 721//721 722//722
f 720//720 722//722 723//723
f 723//723 722//722 724//724
f 723//723 724//724 725//725
f 725//725 724//724 719//719
f 725//725 719//719 726//726
f 726//726 719//719 705//705
f 726//726 705//705 704//704
f 207//207 711//711 668//668
f 668//668 711//711 727//727
f 668//668 727//727 667//667
f 667//667 727//727 666//666
f 666//666 727//727 728//728
f 666//666 728//728 665//665
f 665//665 728//728 717//717
f 665//665 717//717 664//664
f 664//664 717//717 716//716
f 664//664 716//716 663//663
f 721//721 712//712 722//722
f 722//722 712//712 714//714
f 722//722 714//714 724//724
f 724//724 714//714 729//729
f 724//724 729//729 719//719
f 719//719 729//729 718//718
f 719//719 718//718 708//708
f 708//708 718//718 709//709
f 713//713 715//715 714//714
f 714//714 715//715 717//717
f 714//714 717//717 729//729
f 729//729 717//717 728//728
f 729//729 728//728 718//718
f 718//718 728//728 727//727
f 718//718 727//727 710//710
f 710//710 727//727 711//711
f 730//730 731//731 732//732
f 721//721 720//720 733//733
f 730//730 732//732 734//734
f 733//733 734//734 721//721
f 721//721 734//734 732//732
f 721//721 732//732 712//712
f 712//712 732//732 735//735
f 712//712 735//735 713//713
f 713//713 735//735 736//736
f 713//713 736//736 715//715
f 715//715 736//736 737//737
f 715//715 737//737 716//716
f 716//716 737//737 738//738
f 716//716 738//738 663//663
f 663//663 738//738 739//739
f 211//211 740//740 209//209
f 209//209 740//740 741//741
f 209//209 741//741 210//210
f 210//210 741//741 742//742
f 210//210 742//742 212//212
f 212//212 742//742 743//743
f 212//212 743//743 211//211
f 211//211 743//743 740//740
f 217//217 744//744 215//215
f 215//215 744//744 745//745
f 215//215 745//745 213//213
f 213//213 745//745 746//746
f 213//213 746//746 214//214
f 214//214 746//746 747//747
f 214//214 747//747 216//216
f 216//216 747//747 748//748
f 216//216 748//748 218//218
f 218//218 748//748 749//749
f 218//218 749//749 217//217
f 217//217 749//749 744//744
f 750//750 226//226 751//751
f 751//751 226//226 225//225
f 751//751 225//225 752//752
f 752//752 225//225 224//224
f 752//752 224//224 753//753
f 753//753 224//224 65//65
f 753//753 65//65 754//754
f 754//754 65//65 223//223
f 754//754 223//223 755//755
f 755//755 223//223 222//222
f 755//755 222//222 756//756
f 756//756 222//222 221//221
f 756//756 221//221 757//757
f 757//757 221//221 220//220
f 757//757 220//220 758//758
f 758//758 220//220 219//219
f 758//758 219//219 759//759
f 759//759 219//219 62//62
f 759//759 62//62 760//760
f 760//760 62//62 228//228
f 760//760 228//228 761//761
f 761//761 228//228 227//227
f 761//761 227//227 750//750
f 750//750 227//227 226//226
f 762//762 236//236 763//763
f 763//763 236//236 237//237
f 763//763 237//237 764//764
f 764//764 237//237 238//238
f 764//764 238//238 765//765
f 765//765 238//238 71//71
f 765//765 71//71 766//766
f 766//766 71//71 229//229
f 766//766 229//229 767//767
f 767//767 229//229 230//230
f 767//767 230//230 768//768
f 768//768 230//230 231//231
f 768//768 231//231 769//769
f 769//769 231//231 232//232
f 769//769 232//232 770//770
f 770//770 232//232 233//233
f 770//770 233//233 771//771
f 771//771 233//233 68//68
f 771//771 68//68 772//772
f 772//772 68//68 234//234
f 772//772 234//234 773//773
f 773//773 234//234 235//235
f 773//773 235//235 762//762
f 762//762 235//235 236//236
f 774//774 246//246 775//775
f 775//775 246//246 247//247
f 775//775 247//247 776//776
f 776//776 247//247 248//248
f 776//776 248//248 777//777
f 777//777 248//248 77//77
f 777//777 77//77 778//778
f 778//778 77//77 239//239
f 778//778 239//239 779//779
f 779//779 239//239 240//240
f 779//779 240//240 780//780
f 780//780 240//240 241//241
f 780//780 241//241 781//781
f 781//781 241//241 242//242
f 781//781 242//242 782//782
f 782//782 242//242 243//243
f 782//782 243//243 783//783
f 783//783 243//243 74//74
f 783//783 74//74 784//784
f 784//784 74//74 244//244
f 784//784 244//244 785//785
f 785//785 244//244 245//245
f 785//785 245//245 774//774
f 774//774 245//245 246//246
f 786//786 256//256 787//787
f 787//787 256//256 257//257
f 787//787 257//257 788//788
f 788//788 257//257 258//258
f 788//788 258//258 789//789
f 789//789 258//258 83//83
f 789//789 83//83 790//790
f 790//790 83//83 249//249
f 790//790 249//249 791//791
f 791//791 249//249 250//250
f 791//791 250//250 792//792
f 792//792 250//250 251//251
f 792//792 251//251 793//793
f 793//793 251//251 252//252
f 793//793 252//252 794//794
f 794//794 252//252 253//253
f 794//794 253//253 795//795
f 795//795 253//253 80//80
f 795//795 80//80 796//796
f 796//796 80//80 254//254
f 796//796 254//254 797//797
f 797//797 254//254 255//255
f 797//797 255//255 786//786
f 786//786 255//255 256//256
f 798//798 266//266 799//799
f 799//799 266//266 265//265
f 799//799 265//265 800//800
f 800//800 265//265 264//264
f 800//800 264//264 801//801
f 801//801 264//264 89//89
f 801//801 89//89 802//802
f 802//802 89//89 263//263
f 802//802 263//263 803//803
f 803//803 263//263 262//262
f 803//803 262//262 804//804
f 804//804 262//262 261//261
f 804//804 261//261 805//805
f 805//805 261//261 260//260
f 805//805 260//260 806//806
f 806//806 260//260 259//259
f 806//806 259//259 807//807
f 807//807 259//259 86//86
f 807//807 86//86 808//808
f 808//808 86//86 268//268
f 808//808 268//268 809//809
f 809//809 268//268 267//267
f 809//809 267//267 798//798
f 798//798 267//267 266//266
f 810//810 276//276 811//811
f 811//811 276//276 277//277
f 811//811 277//277 812//812
f 812//812 277//277 278//278
f 812//812 278//278 813//813
f 813//813 278//278 95//95
f 813//813 95//95 814//814
f 814//814 95//95 269//269
f 814//814 269//269 815//815
f 815//815 269//269 270//270
f 815//815 270//270 816//816
f 816//816 270//270 271//271
f 816//816 271//271 817//817
f 817//817 271//271 272//272
f 817//817 272//272 818//818
f 818//818 272//272 273//273
f 818//818 273//273 819//819
f 819//819 273//273 92//92
f 819//819 92//92 820//820
f 820//820 92//92 274//274
f 820//820 274//274 821//821
f 821//821 274//274 275//275
f 821//821 275//275 810//810
f 810//810 275//275 276//276
f 822//822 337//337 823//823
f 823//823 337//337 335//335
f 823//823 335//335 824//824
f 824//824 335//335 333//333
f 824//824 333//333 825//825
f 826//826 346//346 827//827
f 827//827 346//346 344//344
f 827//827 344//344 828//828
f 828//828 344//344 342//342
f 828//828 342//342 822//822
f 822//822 342//342 340//340
f 822//822 340//340 337//337
f 829//829 355//355 830//830
f 830//830 355//355 353//353
f 830//830 353//353 831//831
f 831//831 353//353 351//351
f 831//831 351//351 826//826
f 826//826 351//351 349//349
f 826//826 349//349 346//346
f 832//832 364//364 833//833
f 833//833 364//364 362//362
f 833//833 362//362 834//834
f 834//834 362//362 360//360
f 834//834 360//360 829//829
f 829//829 360//360 358//358
f 829//829 358//358 355//355
f 835//835 373//373 836//836
f 836//836 373//373 371//371
f 836//836 371//371 837//837
f 837//837 371//371 369//369
f 837//837 369//369 832//832
f 832//832 369//369 367//367
f 832//832 367//367 364//364
f 838//838 287//287 839//839
f 839//839 287//287 285//285
f 839//839 285//285 840//840
f 840//840 285//285 282//282
f 840//840 282//282 841//841
f 841//841 282//282 280//280
f 841//841 280//280 835//835
f 835//835 280//280 374//374
f 835//835 374//374 373//373
f 842//842 294//294 843//843
f 843//843 294//294 291//291
f 843//843 291//291 838//838
f 838//838 291//291 289//289
f 838//838 289//289 287//287
f 844//844 305//305 845//845
f 845//845 305//305 303//303
f 845//845 303//303 846//846
f 846//846 303//303 300//300
f 846//846 300//300 847//847
f 847//847 300//300 298//298
f 847//847 298//298 842//842
f 842//842 298//298 296//296
f 842//842 296//296 294//294
f 848//848 312//312 849//849
f 849//849 312//312 309//309
f 849//849 309//309 844//844
f 844//844 309//309 307//307
f 844//844 307//307 305//305
f 850//850 321//321 851//851
f 851//851 321//321 318//318
f 851//851 318//318 852//852
f 852//852 318//318 316//316
f 852//852 316//316 848//848
f 848//848 316//316 314//314
f 848//848 314//314 312//312
f 333//333 331//331 825//825
f 825//825 331//331 329//329
f 825//825 329//329 853//853
f 853//853 329//329 327//327
f 853//853 327//327 854//854
f 854//854 327//327 325//325
f 854//854 325//325 850//850
f 850//850 325//325 323//323
f 850//850 323//323 321//321
f 853//853 855//855 825//825
f 825//825 855//855 856//856
f 825//825 856//856 824//824
f 824//824 856//856 857//857
f 824//824 857//857 823//823
f 823//823 857//857 858//858
f 823//823 858//858 822//822
f 822//822 858//858 859//859
f 822//822 859//859 828//828
f 828//828 859//859 860//860
f 828//828 860//860 827//827
f 827//827 860//860 861//861
f 827//827 861//861 826//826
f 826//826 861//861 862//862
f 826//826 862//862 831//831
f 831//831 862//862 863//863
f 831//831 863//863 830//830
f 830//830 863//863 864//864
f 830//830 864//864 829//829
f 829//829 864//864 865//865
f 829//829 865//865 834//834
f 834//834 865//865 866//866
f 834//834 866//866 833//833
f 833//833 866//866 867//867
f 833//833 867//867 832//832
f 832//832 867//867 868//868
f 832//832 868//868 837//837
f 837//837 868//868 869//869
f 837//837 869//869 836//836
f 836//836 869//869 870//870
f 836//836 870//870 835//835
f 835//835 870//870 871//871
f 835//835 871//871 841//841
f 841//841 871//871 872//872
f 841//841 872//872 840//840
f 840//840 872//872 873//873
f 840//840 873//873 839//839
f 839//839 873//873 874//874
f 839//839 874//874 838//838
f 838//838 874//874 875//875
f 838//838 875//875 843//843
f 843//843 875//875 876//876
f 843//843 876//876 842//842
f 842//842 876//876 877//877
f 842//842 877//877 847//847
f 847//847 877//877 878//878
f 847//847 878//878 846//846
f 846//846 878//878 879//879
f 846//846 879//879 845//845
f 845//845 879//879 880//880
f 845//845 880//880 844//844
f 844//844 880//880 881//881
f 844//844 881//881 849//849
f 849//849 881//881 882//882
f 849//849 882//882 848//848
f 848//848 882//882 883//883
f 848//848 883//883 852//852
f 852//852 883//883 884//884
f 852//852 884//884 851//851
f 851//851 884//884 885//885
f 851//851 885//885 850//850
f 850//850 885//885 886//886
f 850//850 886//886 854//854
f 854//854 886//886 887//887
f 854//854 887//887 853//853
f 853//853 887//887 855//855
f 888//888 889//889 861//861
f 861//861 889//889 890//890
f 861//861 890//890 862//862
f 862//862 890//890 891//891
f 862//862 891//891 863//863
f 863//863 891//891 892//892
f 863//863 892//892 864//864
f 864//864 892//892 893//893
f 864//864 893//893 865//865
f 865//865 893//893 894//894
f 865//865 894//894 866//866
f 866//866 894//894 895//895
f 866//866 895//895 867//867
f 867//867 895//895 896//896
f 867//867 896//896 868//868
f 868//868 896//896 897//897
f 868//868 897//897 869//869
f 869//869 897//897 898//898
f 869//869 898//898 870//870
f 870//870 898//898 899//899
f 870//870 899//899 871//871
f 871//871 899//899 900//900
f 871//871 900//900 872//872
f 872//872 900//900 901//901
f 872//872 901//901 873//873
f 873//873 901//901 902//902
f 873//873 902//902 874//874
f 874//874 902//902 903//903
f 874//874 903//903 875//875
f 875//875 903//903 904//904
f 875//875 904//904 876//876
f 876//876 904//904 905//905
f 876//876 905//905 877//877
f 877//877 905//905 906//906
f 877//877 906//906 878//878
f 878//878 906//906 907//907
f 878//878 907//907 879//879
f 879//879 907//907 908//908
f 879//879 908//908 880//880
f 880//880 908//908 909//909
f 880//880 909//909 881//881
f 881//881 909//909 910//910
f 881//881 910//910 882//882
f 882//882 910//910 911//911
f 882//882 911//911 883//883
f 883//883 911//911 912//912
f 883//883 912//912 884//884
f 884//884 912//912 913//913
f 884//884 913//913 885//885
f 885//885 913//913 914//914
f 885//885 914//914 886//886
f 886//886 914//914 915//915
f 886//886 915//915 887//887
f 887//887 915//915 916//916
f 887//887 916//916 855//855
f 855//855 916//916 917//917
f 855//855 917//917 856//856
f 856//856 917//917 918//918
f 856//856 918//918 857//857
f 857//857 918//918 919//919
f 857//857 919//919 858//858
f 858//858 919//919 920//920
f 858//858 920//920 859//859
f 859//859 920//920 921//921
f 859//859 921//921 860//860
f 860//860 921//921 888//888
f 860//860 888//888 861//861
f 386//386 394//394 385//385
f 385//385 394//394 669//669
f 677//677 675//675 922//922
f 673//673 671//671 923//923
f 680//680 679//679 924//924
f 680//680 924//924 925//925
f 925//925 924//924 926//926
f 925//925 926//926 927//927
f 927//927 926//926 928//928
f 927//927 928//928 929//929
f 929//929 928//928 930//930
f 929//929 930//930 931//931
f 931//931 930//930 932//932
f 931//931 932//932 933//933
f 934//934 935//935 936//936
f 936//936 935//935 937//937
f 936//936 937//937 938//938
f 938//938 937//937 939//939
f 938//938 939//939 940//940
f 940//940 939//939 941//941
f 941//941 939//939 942//942
f 941//941 942//942 943//943
f 943//943 942//942 923//923
f 943//943 923//923 944//944
f 944//944 923//923 671//671
f 944//944 671//671 669//669
f 935//935 945//945 937//937
f 937//937 945//945 946//946
f 937//937 946//946 939//939
f 939//939 946//946 947//947
f 939//939 947//947 942//942
f 942//942 947//947 948//948
f 942//942 948//948 923//923
f 923//923 948//948 922//922
f 923//923 922//922 673//673
f 673//673 922//922 675//675
f 945//945 932//932 946//946
f 946//946 932//932 930//930
f 946//946 930//930 947//947
f 947//947 930//930 928//928
f 947//947 928//928 948//948
f 948//948 928//928 926//926
f 948//948 926//926 922//922
f 922//922 926//926 924//924
f 922//922 924//924 677//677
f 677//677 924//924 679//679
f 949//949 950//950 951//951
f 949//949 951//951 952//952
f 952//952 951//951 953//953
f 952//952 953//953 954//954
f 954//954 953//953 955//955
f 954//954 955//955 956//956
f 956//956 955//955 957//957
f 956//956 957//957 958//958
f 958//958 957//957 959//959
f 958//958 959//959 960//960
f 960//960 959//959 961//961
f 960//960 961//961 962//962
f 962//962 961//961 963//963
f 962//962 963//963 964//964
f 388//388 964//964 389//389
f 389//389 964//964 963//963
f 389//389 963//963 401//401
f 401//401 963//963 399//399
f 395//395 397//397 965//965
f 966//966 967//967 968//968
f 968//968 967//967 969//969
f 968//968 969//969 970//970
f 970//970 969//969 971//971
f 971//971 969//969 972//972
f 971//971 972//972 973//973
f 973//973 972//972 974//974
f 973//973 974//974 975//975
f 975//975 974//974 976//976
f 975//975 976//976 977//977
f 977//977 976//976 978//978
f 978//978 976//976 979//979
f 978//978 979//979 980//980
f 980//980 979//979 981//981
f 981//981 979//979 982//982
f 981//981 982//982 983//983
f 983//983 982//982 984//984
f 983//983 984//984 985//985
f 950//950 986//986 951//951
f 951//951 986//986 987//987
f 951//951 987//987 953//953
f 953//953 987//987 988//988
f 953//953 988//988 955//955
f 955//955 988//988 989//989
f 955//955 989//989 957//957
f 957//957 989//989 990//990
f 957//957 990//990 959//959
f 959//959 990//990 991//991
f 959//959 991//991 961//961
f 961//961 991//991 992//992
f 961//961 992//992 963//963
f 963//963 992//992 965//965
f 963//963 965//965 399//399
f 399//399 965//965 397//397
f 986//986 984//984 987//987
f 987//987 984//984 982//982
f 987//987 982//982 988//988
f 988//988 982//982 979//979
f 988//988 979//979 989//989
f 989//989 979//979 976//976
f 989//989 976//976 990//990
f 990//990 976//976 974//974
f 990//990 974//974 991//991
f 991//991 974//974 972//972
f 991//991 972//972 992//992
f 992//992 972//972 969//969
f 992//992 969//969 965//965
f 965//965 969//969 967//967
f 965//965 967//967 395//395
f 395//395 967//967 966//966
f 395//395 966//966 394//394
f 440//440 441//441 993//993
f 426//426 438//438 993//993
f 993//993 438//438 437//437
f 993//993 437//437 440//440
f 408//408 411//411 409//409
f 409//409 411//411 994//994
f 409//409 994//994 392//392
f 392//392 994//994 393//393
f 390//390 642//642 641//641
f 652//652 651//651 995//995
f 995//995 651//651 650//650
f 642//642 390//390 643//643
f 643//643 390//390 393//393
f 643//643 393//393 644//644
f 994//994 649//649 648//648
f 648//648 647//647 994//994
f 994//994 647//647 646//646
f 994//994 646//646 393//393
f 393//393 646//646 645//645
f 393//393 645//645 644//644
f 627//627 626//626 996//996
f 627//627 996//996 628//628
f 628//628 996//996 387//387
f 628//628 387//387 616//616
f 997//997 623//623 995//995
f 995//995 623//623 622//622
f 390//390 621//621 620//620
f 641//641 652//652 390//390
f 390//390 652//652 995//995
f 390//390 995//995 621//621
f 621//621 995//995 622//622
f 620//620 619//619 390//390
f 390//390 619//619 998//998
f 390//390 998//998 387//387
f 387//387 998//998 617//617
f 387//387 617//617 616//616
f 487//487 486//486 999//999
f 999//999 486//486 485//485
f 487//487 962//962 476//476
f 476//476 962//962 964//964
f 476//476 964//964 477//477
f 477//477 964//964 388//388
f 477//477 388//388 478//478
f 478//478 388//388 387//387
f 478//478 387//387 479//479
f 996//996 484//484 483//483
f 483//483 482//482 996//996
f 996//996 482//482 481//481
f 996//996 481//481 387//387
f 387//387 481//481 480//480
f 387//387 480//480 479//479
f 523//523 999//999 525//525
f 525//525 999//999 527//527
f 523//523 521//521 999//999
f 999//999 521//521 958//958
f 999//999 958//958 487//487
f 487//487 958//958 960//960
f 487//487 960//960 962//962
f 491//491 489//489 1000//1000
f 1000//1000 489//489 1001//1001
f 1001//1001 489//489 551//551
f 1001//1001 551//551 1002//1002
f 1002//1002 551//551 549//549
f 1002//1002 549//549 1003//1003
f 1003//1003 549//549 547//547
f 1003//1003 547//547 1004//1004
f 1004//1004 547//547 545//545
f 1004//1004 545//545 1005//1005
f 521//521 519//519 958//958
f 958//958 519//519 517//517
f 958//958 517//517 956//956
f 956//956 517//517 515//515
f 956//956 515//515 954//954
f 954//954 515//515 513//513
f 954//954 513//513 952//952
f 952//952 513//513 511//511
f 952//952 511//511 949//949
f 949//949 511//511 509//509
f 949//949 509//509 1006//1006
f 1006//1006 509//509 507//507
f 1006//1006 507//507 1007//1007
f 1007//1007 507//507 505//505
f 1000//1000 1008//1008 491//491
f 491//491 1008//1008 1009//1009
f 491//491 1009//1009 493//493
f 493//493 1009//1009 1010//1010
f 493//493 1010//1010 495//495
f 495//495 1010//1010 1011//1011
f 495//495 1011//1011 497//497
f 497//497 1011//1011 1012//1012
f 497//497 1012//1012 499//499
f 499//499 1012//1012 1013//1013
f 499//499 1013//1013 501//501
f 501//501 1013//1013 1014//1014
f 501//501 1014//1014 503//503
f 503//503 1014//1014 1015//1015
f 503//503 1015//1015 505//505
f 505//505 1015//1015 1016//1016
f 505//505 1016//1016 1007//1007
f 535//535 533//533 1017//1017
f 1017//1017 533//533 531//531
f 1017//1017 531//531 999//999
f 999//999 531//531 529//529
f 999//999 529//529 527//527
f 545//545 543//543 1005//1005
f 1005//1005 543//543 541//541
f 1005//1005 541//541 1018//1018
f 1018//1018 541//541 539//539
f 1018//1018 539//539 1019//1019
f 1019//1019 539//539 537//537
f 537//537 535//535 1019//1019
f 1019//1019 535//535 1017//1017
f 1019//1019 1017//1017 1020//1020
f 1020//1020 1017//1017 1021//1021
f 1022//1022 1023//1023 1017//1017
f 1017//1017 1023//1023 1024//1024
f 1017//1017 1024//1024 1021//1021
f 635//635 634//634 1025//1025
f 640//640 639//639 1026//1026
f 639//639 638//638 1026//1026
f 1026//1026 638//638 637//637
f 1026//1026 637//637 1025//1025
f 1025//1025 637//637 636//636
f 1025//1025 636//636 635//635
f 633//633 632//632 1027//1027
f 633//633 1027//1027 634//634
f 1026//1026 1028//1028 640//640
f 640//640 1028//1028 1022//1022
f 640//640 1022//1022 629//629
f 629//629 1022//1022 1017//1017
f 629//629 1017//1017 630//630
f 630//630 1017//1017 631//631
f 485//485 484//484 999//999
f 999//999 484//484 996//996
f 999//999 996//996 1017//1017
f 1017//1017 996//996 1027//1027
f 1017//1017 1027//1027 631//631
f 631//631 1027//1027 632//632
f 634//634 1027//1027 1025//1025
f 1025//1025 1027//1027 475//475
f 1025//1025 475//475 474//474
f 474//474 473//473 1025//1025
f 1025//1025 473//473 1029//1029
f 1025//1025 1029//1029 1030//1030
f 1029//1029 470//470 1030//1030
f 1030//1030 470//470 469//469
f 1030//1030 469//469 468//468
f 468//468 467//467 1031//1031
f 1031//1031 467//467 466//466
f 1032//1032 464//464 1027//1027
f 1027//1027 464//464 463//463
f 1027//1027 463//463 475//475
f 626//626 997//997 996//996
f 996//996 997//997 995//995
f 996//996 995//995 1027//1027
f 1027//1027 995//995 1031//1031
f 1027//1027 1031//1031 1032//1032
f 1032//1032 1031//1031 466//466
f 468//468 1031//1031 1030//1030
f 1030//1030 1031//1031 462//462
f 1030//1030 462//462 461//461
f 461//461 460//460 1030//1030
f 1030//1030 460//460 459//459
f 1030//1030 459//459 993//993
f 993//993 459//459 458//458
f 993//993 458//458 457//457
f 455//455 454//454 1033//1033
f 455//455 1033//1033 456//456
f 453//453 452//452 1031//1031
f 1031//1031 452//452 451//451
f 1031//1031 451//451 462//462
f 457//457 456//456 993//993
f 993//993 456//456 1033//1033
f 993//993 1033//1033 426//426
f 426//426 1033//1033 994//994
f 426//426 994//994 412//412
f 412//412 994//994 411//411
f 454//454 453//453 1033//1033
f 1033//1033 453//453 1031//1031
f 1033//1033 1031//1031 994//994
f 994//994 1031//1031 995//995
f 994//994 995//995 649//649
f 649//649 995//995 650//650
f 441//441 662//662 993//993
f 993//993 662//662 661//661
f 993//993 661//661 1030//1030
f 1030//1030 661//661 660//660
f 1030//1030 660//660 1025//1025
f 1025//1025 660//660 659//659
f 1025//1025 659//659 1026//1026
f 657//657 656//656 1034//1034
f 655//655 654//654 1035//1035
f 1036//1036 1037//1037 1038//1038
f 1038//1038 1037//1037 1039//1039
f 1039//1039 1037//1037 1040//1040
f 1040//1040 1037//1037 1041//1041
f 1040//1040 1041//1041 1042//1042
f 1042//1042 1041//1041 1043//1043
f 1043//1043 1041//1041 1044//1044
f 1043//1043 1044//1044 1045//1045
f 1045//1045 1044//1044 1046//1046
f 1045//1045 1046//1046 1047//1047
f 1047//1047 1046//1046 1048//1048
f 1047//1047 1048//1048 1049//1049
f 1049//1049 1048//1048 1050//1050
f 1050//1050 1048//1048 1035//1035
f 1050//1050 1035//1035 1051//1051
f 1051//1051 1035//1035 654//654
f 1051//1051 654//654 653//653
f 1026//1026 659//659 658//658
f 658//658 1052//1052 1026//1026
f 1026//1026 1052//1052 1053//1053
f 1026//1026 1053//1053 1028//1028
f 1028//1028 1053//1053 1054//1054
f 1028//1028 1054//1054 1022//1022
f 1022//1022 1054//1054 1055//1055
f 1022//1022 1055//1055 1023//1023
f 1023//1023 1055//1055 1056//1056
f 1023//1023 1056//1056 1024//1024
f 1024//1024 1056//1056 1057//1057
f 1024//1024 1057//1057 1021//1021
f 1021//1021 1057//1057 1058//1058
f 1021//1021 1058//1058 1020//1020
f 1036//1036 1059//1059 1037//1037
f 1037//1037 1059//1059 1060//1060
f 1037//1037 1060//1060 1041//1041
f 1041//1041 1060//1060 1061//1061
f 1041//1041 1061//1061 1044//1044
f 1044//1044 1061//1061 1062//1062
f 1044//1044 1062//1062 1046//1046
f 1046//1046 1062//1062 1063//1063
f 1046//1046 1063//1063 1048//1048
f 1048//1048 1063//1063 1064//1064
f 1048//1048 1064//1064 1035//1035
f 1035//1035 1064//1064 1034//1034
f 1035//1035 1034//1034 655//655
f 655//655 1034//1034 656//656
f 1059//1059 1058//1058 1060//1060
f 1060//1060 1058//1058 1057//1057
f 1060//1060 1057//1057 1061//1061
f 1061//1061 1057//1057 1056//1056
f 1061//1061 1056//1056 1062//1062
f 1062//1062 1056//1056 1055//1055
f 1062//1062 1055//1055 1063//1063
f 1063//1063 1055//1055 1054//1054
f 1063//1063 1054//1054 1064//1064
f 1064//1064 1054//1054 1053//1053
f 1064//1064 1053//1053 1034//1034
f 1034//1034 1053//1053 1052//1052
f 1034//1034 1052//1052 657//657
f 657//657 1052//1052 658//658
f 653//653 430//430 739//739
f 739//739 430//430 663//663
f 737//737 736//736 1065//1065
f 735//735 732//732 1066//1066
f 1067//1067 1068//1068 1069//1069
f 1070//1070 1071//1071 1067//1067
f 1067//1067 1069//1069 1070//1070
f 1070//1070 1069//1069 1072//1072
f 1070//1070 1072//1072 1073//1073
f 1073//1073 1072//1072 1074//1074
f 1073//1073 1074//1074 1075//1075
f 1075//1075 1074//1074 1066//1066
f 1075//1075 1066//1066 1076//1076
f 1076//1076 1066//1066 732//732
f 1076//1076 732//732 731//731
f 739//739 738//738 1077//1077
f 1077//1077 738//738 1078//1078
f 1077//1077 1078//1078 1079//1079
f 1079//1079 1078//1078 1080//1080
f 1079//1079 1080//1080 1081//1081
f 1081//1081 1080//1080 1082//1082
f 1082//1082 1080//1080 1083//1083
f 1082//1082 1083//1083 1084//1084
f 1084//1084 1083//1083 1085//1085
f 1084//1084 1085//1085 1086//1086
f 1086//1086 1085//1085 1087//1087
f 1087//1087 1085//1085 1088//1088
f 1087//1087 1088//1088 1089//1089
f 738//738 737//737 1078//1078
f 1078//1078 737//737 1065//1065
f 1078//1078 1065//1065 1080//1080
f 1080//1080 1065//1065 1090//1090
f 1080//1080 1090//1090 1083//1083
f 1083//1083 1090//1090 1091//1091
f 1083//1083 1091//1091 1085//1085
f 1085//1085 1091//1091 1092//1092
f 1085//1085 1092//1092 1088//1088
f 1088//1088 1092//1092 1093//1093
f 736//736 735//735 1065//1065
f 1065//1065 735//735 1066//1066
f 1065//1065 1066//1066 1090//1090
f 1090//1090 1066//1066 1074//1074
f 1090//1090 1074//1074 1091//1091
f 1091//1091 1074//1074 1072//1072
f 1091//1091 1072//1072 1092//1092
f 1092//1092 1072//1072 1069//1069
f 1092//1092 1069//1069 1093//1093
f 1093//1093 1069//1069 1068//1068
f 791//791 792//792 1094//1094
f 726//726 704//704 1095//1095
f 704//704 706//706 1094//1094
f 1096//1096 1097//1097 1098//1098
f 1098//1098 1097//1097 925//925
f 925//925 927//927 1098//1098
f 1098//1098 927//927 929//929
f 1098//1098 929//929 1099//1099
f 1099//1099 929//929 931//931
f 1099//1099 931//931 1100//1100
f 1100//1100 931//931 933//933
f 767//767 768//768 1101//1101
f 1101//1101 768//768 769//769
f 680//680 765//765 681//681
f 681//681 765//765 766//766
f 681//681 766//766 767//767
f 769//769 770//770 1101//1101
f 1101//1101 770//770 771//771
f 1101//1101 771//771 1097//1097
f 1097//1097 771//771 772//772
f 772//772 773//773 1097//1097
f 1097//1097 773//773 762//762
f 1097//1097 762//762 925//925
f 925//925 762//762 763//763
f 925//925 763//763 680//680
f 680//680 763//763 764//764
f 680//680 764//764 765//765
f 809//809 798//798 1101//1101
f 767//767 1101//1101 681//681
f 681//681 1101//1101 798//798
f 681//681 798//798 799//799
f 805//805 806//806 1102//1102
f 1102//1102 806//806 1103//1103
f 1102//1102 1103//1103 1101//1101
f 1101//1101 1103//1103 808//808
f 1101//1101 808//808 809//809
f 799//799 800//800 681//681
f 681//681 800//800 1104//1104
f 681//681 1104//1104 682//682
f 1104//1104 802//802 682//682
f 682//682 802//802 803//803
f 682//682 803//803 1102//1102
f 1102//1102 803//803 804//804
f 1102//1102 804//804 805//805
f 779//779 780//780 1105//1105
f 1105//1105 780//780 781//781
f 778//778 683//683 777//777
f 777//777 683//683 682//682
f 777//777 682//682 776//776
f 784//784 1102//1102 783//783
f 783//783 1102//1102 1105//1105
f 783//783 1105//1105 782//782
f 782//782 1105//1105 781//781
f 784//784 785//785 1102//1102
f 1102//1102 785//785 774//774
f 1102//1102 774//774 682//682
f 682//682 774//774 775//775
f 682//682 775//775 776//776
f 778//778 779//779 683//683
f 683//683 779//779 1105//1105
f 683//683 1105//1105 684//684
f 684//684 1105//1105 703//703
f 698//698 699//699 696//696
f 696//696 699//699 684//684
f 696//696 684//684 693//693
f 693//693 684//684 703//703
f 725//725 726//726 723//723
f 723//723 726//726 1095//1095
f 723//723 1095//1095 720//720
f 1075//1075 1106//1106 1073//1073
f 1073//1073 1106//1106 1107//1107
f 1073//1073 1107//1107 1070//1070
f 1108//1108 1109//1109 743//743
f 1071//1071 1070//1070 1109//1109
f 1109//1109 1070//1070 1107//1107
f 1109//1109 1107//1107 743//743
f 743//743 1107//1107 740//740
f 740//740 1107//1107 741//741
f 741//741 1107//1107 1110//1110
f 741//741 1110//1110 742//742
f 742//742 1110//1110 1111//1111
f 742//742 1111//1111 743//743
f 743//743 1111//1111 1112//1112
f 743//743 1112//1112 1108//1108
f 747//747 746//746 1110//1110
f 1096//1096 1113//1113 749//749
f 749//749 1113//1113 1114//1114
f 746//746 745//745 1110//1110
f 1110//1110 745//745 744//744
f 1110//1110 744//744 1111//1111
f 1111//1111 744//744 749//749
f 1111//1111 749//749 1115//1115
f 1115//1115 749//749 1114//1114
f 758//758 1116//1116 1117//1117
f 1117//1117 1116//1116 1118//1118
f 1116//1116 760//760 1118//1118
f 1118//1118 760//760 761//761
f 1118//1118 761//761 1119//1119
f 1119//1119 761//761 750//750
f 1119//1119 750//750 1120//1120
f 1120//1120 750//750 751//751
f 751//751 752//752 1120//1120
f 1120//1120 752//752 1121//1121
f 1120//1120 1121//1121 1122//1122
f 1121//1121 754//754 1122//1122
f 1122//1122 754//754 755//755
f 1122//1122 755//755 1123//1123
f 1123//1123 755//755 756//756
f 1123//1123 756//756 1117//1117
f 1117//1117 756//756 757//757
f 1117//1117 757//757 758//758
f 704//704 1094//1094 1095//1095
f 1095//1095 1094//1094 792//792
f 1095//1095 792//792 793//793
f 793//793 794//794 1095//1095
f 1095//1095 794//794 795//795
f 1095//1095 795//795 1117//1117
f 790//790 1124//1124 789//789
f 789//789 1124//1124 1122//1122
f 789//789 1122//1122 788//788
f 795//795 796//796 1117//1117
f 1117//1117 796//796 797//797
f 1117//1117 797//797 1123//1123
f 1123//1123 797//797 786//786
f 1123//1123 786//786 1122//1122
f 1122//1122 786//786 787//787
f 1122//1122 787//787 788//788
f 1106//1106 1118//1118 819//819
f 819//819 1118//1118 818//818
f 812//812 813//813 1110//1110
f 1110//1110 813//813 1120//1120
f 813//813 814//814 1120//1120
f 1120//1120 814//814 815//815
f 1120//1120 815//815 1119//1119
f 1119//1119 815//815 816//816
f 1119//1119 816//816 1118//1118
f 1118//1118 816//816 817//817
f 1118//1118 817//817 818//818
f 819//819 820//820 1106//1106
f 1106//1106 820//820 821//821
f 1106//1106 821//821 1107//1107
f 1107//1107 821//821 810//810
f 1107//1107 810//810 1110//1110
f 1110//1110 810//810 811//811
f 1110//1110 811//811 812//812
f 1075//1075 1076//1076 1106//1106
f 1106//1106 1076//1076 731//731
f 1106//1106 731//731 1118//1118
f 1118//1118 731//731 730//730
f 1118//1118 730//730 1117//1117
f 1117//1117 730//730 734//734
f 1117//1117 734//734 1095//1095
f 1095//1095 734//734 733//733
f 1095//1095 733//733 720//720
f 706//706 707//707 1094//1094
f 1094//1094 707//707 1124//1124
f 1094//1094 1124//1124 791//791
f 791//791 1124//1124 790//790
f 707//707 703//703 1124//1124
f 1124//1124 703//703 1105//1105
f 1124//1124 1105//1105 1122//1122
f 1122//1122 1105//1105 1102//1102
f 1122//1122 1102//1102 1120//1120
f 1120//1120 1102//1102 1101//1101
f 1120//1120 1101//1101 1110//1110
f 1110//1110 1101//1101 1097//1097
f 1110//1110 1097//1097 747//747
f 747//747 1097//1097 1096//1096
f 747//747 1096//1096 748//748
f 748//748 1096//1096 749//749
f 1125//1125 1126//1126 1127//1127
f 1128//1128 1129//1129 1130//1130
f 1130//1130 1129//1129 1089//1089
f 1130//1130 1089//1089 1088//1088
f 1093//1093 1068//1068 1131//1131
f 1131//1131 1068//1068 1132//1132
f 1131//1131 1132//1132 1133//1133
f 1134//1134 1135//1135 1125//1125
f 1134//1134 1125//1125 1136//1136
f 1068//1068 1067//1067 1137//1137
f 1137//1137 1067//1067 1071//1071
f 1071//1071 1138//1138 1137//1137
f 1137//1137 1138//1138 1139//1139
f 1137//1137 1139//1139 1140//1140
f 1140//1140 1139//1139 1141//1141
f 1140//1140 1141//1141 1142//1142
f 1143//1143 1144//1144 1145//1145
f 1143//1143 1145//1145 1146//1146
f 1141//1141 1147//1147 1142//1142
f 1142//1142 1147//1147 1148//1148
f 1142//1142 1148//1148 1145//1145
f 1145//1145 1148//1148 1149//1149
f 1145//1145 1149//1149 1146//1146
f 1068//1068 1137//1137 1132//1132
f 1132//1132 1137//1137 1140//1140
f 1132//1132 1140//1140 1133//1133
f 1133//1133 1140//1140 1142//1142
f 1133//1133 1142//1142 1150//1150
f 1150//1150 1142//1142 1145//1145
f 1150//1150 1145//1145 1151//1151
f 1151//1151 1145//1145 1144//1144
f 1151//1151 1144//1144 1152//1152
f 1125//1125 1127//1127 1153//1153
f 1153//1153 1127//1127 1154//1154
f 1153//1153 1154//1154 1128//1128
f 1128//1128 1154//1154 1155//1155
f 1128//1128 1155//1155 1129//1129
f 1135//1135 1126//1126 1125//1125
f 1152//1152 1136//1136 1151//1151
f 1151//1151 1136//1136 1125//1125
f 1151//1151 1125//1125 1150//1150
f 1150//1150 1125//1125 1153//1153
f 1150//1150 1153//1153 1133//1133
f 1133//1133 1153//1153 1128//1128
f 1133//1133 1128//1128 1131//1131
f 1131//1131 1128//1128 1130//1130
f 1131//1131 1130//1130 1093//1093
f 1093//1093 1130//1130 1088//1088
f 1156//1156 1157//1157 1158//1158
f 1159//1159 932//932 945//945
f 1160//1160 1161//1161 1162//1162
f 1162//1162 1161//1161 1158//1158
f 1162//1162 1158//1158 1163//1163
f 933//933 932//932 1164//1164
f 1164//1164 932//932 1159//1159
f 1164//1164 1159//1159 1165//1165
f 1166//1166 1167//1167 1168//1168
f 1168//1168 1167//1167 1165//1165
f 1168//1168 1165//1165 1169//1169
f 1169//1169 1165//1165 1159//1159
f 1169//1169 1159//1159 1170//1170
f 1170//1170 1159//1159 945//945
f 1170//1170 945//945 935//935
f 1171//1171 1172//1172 1173//1173
f 1173//1173 1172//1172 1174//1174
f 1173//1173 1174//1174 1175//1175
f 1175//1175 1174//1174 1176//1176
f 1175//1175 1176//1176 1177//1177
f 1177//1177 1176//1176 1178//1178
f 1178//1178 1179//1179 1177//1177
f 1177//1177 1179//1179 1180//1180
f 1177//1177 1180//1180 1181//1181
f 1181//1181 1180//1180 1182//1182
f 1160//1160 1166//1166 1161//1161
f 1161//1161 1166//1166 1168//1168
f 1161//1161 1168//1168 1158//1158
f 1158//1158 1168//1168 1169//1169
f 1158//1158 1169//1169 1156//1156
f 1156//1156 1169//1169 1170//1170
f 1156//1156 1170//1170 1183//1183
f 1183//1183 1170//1170 935//935
f 1183//1183 935//935 934//934
f 934//934 1171//1171 1183//1183
f 1183//1183 1171//1171 1173//1173
f 1183//1183 1173//1173 1156//1156
f 1156//1156 1173//1173 1175//1175
f 1156//1156 1175//1175 1157//1157
f 1157//1157 1175//1175 1177//1177
f 1157//1157 1177//1177 1158//1158
f 1158//1158 1177//1177 1181//1181
f 1158//1158 1181//1181 1163//1163
f 1163//1163 1181//1181 1182//1182
f 1184//1184 1185//1185 1186//1186
f 1187//1187 1188//1188 1189//1189
f 1190//1190 1191//1191 1192//1192
f 1193//1193 1194//1194 1195//1195
f 1196//1196 1197//1197 1198//1198
f 1199//1199 1200//1200 1201//1201
f 1202//1202 1203//1203 1204//1204
f 1205//1205 1206//1206 1207//1207
f 1207//1207 1206//1206 1208//1208
f 1207//1207 1208//1208 1209//1209
f 1210//1210 1211//1211 1205//1205
f 1205//1205 1211//1211 1212//1212
f 1205//1205 1212//1212 1206//1206
f 1204//1204 1213//1213 1202//1202
f 1202//1202 1213//1213 1214//1214
f 1202//1202 1214//1214 1210//1210
f 1210//1210 1214//1214 1215//1215
f 1210//1210 1215//1215 1211//1211
f 1201//1201 1216//1216 1199//1199
f 1199//1199 1216//1216 1217//1217
f 1199//1199 1217//1217 1218//1218
f 1218//1218 1217//1217 1219//1219
f 1218//1218 1219//1219 1203//1203
f 1203//1203 1219//1219 1220//1220
f 1203//1203 1220//1220 1204//1204
f 1198//1198 1221//1221 1196//1196
f 1196//1196 1221//1221 1222//1222
f 1196//1196 1222//1222 1223//1223
f 1223//1223 1222//1222 1224//1224
f 1223//1223 1224//1224 1200//1200
f 1200//1200 1224//1224 1225//1225
f 1200//1200 1225//1225 1201//1201
f 1226//1226 1227//1227 1228//1228
f 1228//1228 1227//1227 1229//1229
f 1228//1228 1229//1229 1197//1197
f 1197//1197 1229//1229 1230//1230
f 1197//1197 1230//1230 1198//1198
f 1231//1231 1232//1232 1233//1233
f 1233//1233 1232//1232 1234//1234
f 1233//1233 1234//1234 1235//1235
f 1235//1235 1234//1234 1236//1236
f 1235//1235 1236//1236 1226//1226
f 1226//1226 1236//1236 1237//1237
f 1226//1226 1237//1237 1227//1227
f 1238//1238 1239//1239 1240//1240
f 1240//1240 1239//1239 1193//1193
f 1240//1240 1193//1193 1241//1241
f 1241//1241 1193//1193 1195//1195
f 1242//1242 1243//1243 1244//1244
f 1244//1244 1243//1243 1245//1245
f 1244//1244 1245//1245 1194//1194
f 1194//1194 1245//1245 1246//1246
f 1194//1194 1246//1246 1195//1195
f 1247//1247 1248//1248 1249//1249
f 1249//1249 1250//1250 1247//1247
f 1247//1247 1250//1250 1251//1251
f 1247//1247 1251//1251 1242//1242
f 1242//1242 1251//1251 1252//1252
f 1242//1242 1252//1252 1243//1243
f 1192//1192 1191//1191 1253//1253
f 1253//1253 1191//1191 1254//1254
f 1253//1253 1254//1254 1255//1255
f 1190//1190 1192//1192 1256//1256
f 1256//1256 1192//1192 1257//1257
f 1256//1256 1257//1257 1258//1258
f 1258//1258 1257//1257 1259//1259
f 1258//1258 1259//1259 1260//1260
f 1260//1260 1259//1259 1261//1261
f 1261//1261 1259//1259 1262//1262
f 1261//1261 1262//1262 1263//1263
f 1263//1263 1262//1262 1264//1264
f 1263//1263 1264//1264 1265//1265
f 1189//1189 1266//1266 1187//1187
f 1187//1187 1266//1266 1267//1267
f 1187//1187 1267//1267 1268//1268
f 1268//1268 1267//1267 1269//1269
f 1268//1268 1269//1269 1264//1264
f 1264//1264 1269//1269 1270//1270
f 1264//1264 1270//1270 1265//1265
f 1186//1186 1271//1271 1184//1184
f 1184//1184 1271//1271 1272//1272
f 1184//1184 1272//1272 1273//1273
f 1273//1273 1272//1272 1274//1274
f 1273//1273 1274//1274 1188//1188
f 1188//1188 1274//1274 1275//1275
f 1188//1188 1275//1275 1189//1189
f 1208//1208 1276//1276 1209//1209
f 1209//1209 1276//1276 1277//1277
f 1209//1209 1277//1277 1278//1278
f 1278//1278 1277//1277 1279//1279
f 1278//1278 1279//1279 1185//1185
f 1185//1185 1279//1279 1280//1280
f 1185//1185 1280//1280 1186//1186
f 1281//1281 1248//1248 1282//1282
f 1282//1282 1248//1248 1247//1247
f 1282//1282 1247//1247 1283//1283
f 1283//1283 1247//1247 1242//1242
f 1283//1283 1242//1242 1284//1284
f 1284//1284 1242//1242 1244//1244
f 1284//1284 1244//1244 1285//1285
f 1285//1285 1244//1244 1194//1194
f 1285//1285 1194//1194 1286//1286
f 1286//1286 1194//1194 1193//1193
f 1286//1286 1193//1193 1287//1287
f 1287//1287 1193//1193 1239//1239
f 1287//1287 1239//1239 1288//1288
f 1253//1253 1289//1289 1192//1192
f 1192//1192 1289//1289 1290//1290
f 1192//1192 1290//1290 1257//1257
f 1257//1257 1290//1290 1291//1291
f 1257//1257 1291//1291 1259//1259
f 1259//1259 1291//1291 1292//1292
f 1259//1259 1292//1292 1262//1262
f 1262//1262 1292//1292 1293//1293
f 1262//1262 1293//1293 1264//1264
f 1264//1264 1293//1293 1294//1294
f 1264//1264 1294//1294 1268//1268
f 1268//1268 1294//1294 1295//1295
f 1268//1268 1295//1295 1187//1187
f 1187//1187 1295//1295 1296//1296
f 1187//1187 1296//1296 1188//1188
f 1188//1188 1296//1296 1297//1297
f 1188//1188 1297//1297 1273//1273
f 1273//1273 1297//1297 1298//1298
f 1273//1273 1298//1298 1184//1184
f 1184//1184 1298//1298 1299//1299
f 1184//1184 1299//1299 1185//1185
f 1185//1185 1299//1299 1300//1300
f 1185//1185 1300//1300 1278//1278
f 1278//1278 1300//1300 1301//1301
f 1278//1278 1301//1301 1209//1209
f 1209//1209 1301//1301 1302//1302
f 1209//1209 1302//1302 1207//1207
f 1207//1207 1302//1302 1303//1303
f 1207//1207 1303//1303 1205//1205
f 1205//1205 1303//1303 1304//1304
f 1205//1205 1304//1304 1210//1210
f 1210//1210 1304//1304 1305//1305
f 1210//1210 1305//1305 1202//1202
f 1202//1202 1305//1305 1306//1306
f 1202//1202 1306//1306 1203//1203
f 1203//1203 1306//1306 1307//1307
f 1203//1203 1307//1307 1218//1218
f 1218//1218 1307//1307 1308//1308
f 1218//1218 1308//1308 1199//1199
f 1199//1199 1308//1308 1309//1309
f 1199//1199 1309//1309 1200//1200
f 1200//1200 1309//1309 1310//1310
f 1200//1200 1310//1310 1223//1223
f 1223//1223 1310//1310 1311//1311
f 1223//1223 1311//1311 1196//1196
f 1196//1196 1311//1311 1312//1312
f 1196//1196 1312//1312 1197//1197
f 1197//1197 1312//1312 1313//1313
f 1197//1197 1313//1313 1228//1228
f 1228//1228 1313//1313 1314//1314
f 1228//1228 1314//1314 1226//1226
f 1226//1226 1314//1314 1315//1315
f 1226//1226 1315//1315 1235//1235
f 1235//1235 1315//1315 1316//1316
f 1235//1235 1316//1316 1233//1233
f 1317//1317 1281//1281 1318//1318
f 1318//1318 1281//1281 1282//1282
f 1318//1318 1282//1282 1319//1319
f 1319//1319 1282//1282 1283//1283
f 1319//1319 1283//1283 1320//1320
f 1320//1320 1283//1283 1284//1284
f 1320//1320 1284//1284 1321//1321
f 1321//1321 1284//1284 1285//1285
f 1321//1321 1285//1285 1322//1322
f 1322//1322 1285//1285 1286//1286
f 1322//1322 1286//1286 1323//1323
f 1323//1323 1286//1286 1287//1287
f 1323//1323 1287//1287 1324//1324
f 1324//1324 1287//1287 1288//1288
f 1324//1324 1288//1288 1325//1325
f 1289//1289 1326//1326 1290//1290
f 1290//1290 1326//1326 1327//1327
f 1290//1290 1327//1327 1291//1291
f 1291//1291 1327//1327 1328//1328
f 1291//1291 1328//1328 1292//1292
f 1292//1292 1328//1328 1329//1329
f 1292//1292 1329//1329 1293//1293
f 1293//1293 1329//1329 1330//1330
f 1293//1293 1330//1330 1294//1294
f 1294//1294 1330//1330 1331//1331
f 1294//1294 1331//1331 1295//1295
f 1295//1295 1331//1331 1332//1332
f 1295//1295 1332//1332 1296//1296
f 1296//1296 1332//1332 1333//1333
f 1296//1296 1333//1333 1297//1297
f 1297//1297 1333//1333 1334//1334
f 1297//1297 1334//1334 1298//1298
f 1298//1298 1334//1334 1335//1335
f 1298//1298 1335//1335 1299//1299
f 1299//1299 1335//1335 1336//1336
f 1299//1299 1336//1336 1300//1300
f 1300//1300 1336//1336 1337//1337
f 1300//1300 1337//1337 1301//1301
f 1301//1301 1337//1337 1338//1338
f 1301//1301 1338//1338 1302//1302
f 1302//1302 1338//1338 1339//1339
f 1302//1302 1339//1339 1303//1303
f 1303//1303 1339//1339 1340//1340
f 1303//1303 1340//1340 1304//1304
f 1304//1304 1340//1340 1341//1341
f 1304//1304 1341//1341 1305//1305
f 1305//1305 1341//1341 1342//1342
f 1305//1305 1342//1342 1306//1306
f 1306//1306 1342//1342 1343//1343
f 1306//1306 1343//1343 1307//1307
f 1307//1307 1343//1343 1344//1344
f 1307//1307 1344//1344 1308//1308
f 1308//1308 1344//1344 1345//1345
f 1308//1308 1345//1345 1309//1309
f 1309//1309 1345//1345 1346//1346
f 1309//1309 1346//1346 1310//1310
f 1310//1310 1346//1346 1347//1347
f 1310//1310 1347//1347 1311//1311
f 1311//1311 1347//1347 1348//1348
f 1311//1311 1348//1348 1312//1312
f 1312//1312 1348//1348 1349//1349
f 1312//1312 1349//1349 1313//1313
f 1313//1313 1349//1349 1350//1350
f 1313//1313 1350//1350 1314//1314
f 1314//1314 1350//1350 1351//1351
f 1314//1314 1351//1351 1315//1315
f 1315//1315 1351//1351 1352//1352
f 1315//1315 1352//1352 1316//1316
f 1353//1353 1317//1317 1354//1354
f 1354//1354 1317//1317 1318//1318
f 1354//1354 1318//1318 1355//1355
f 1355//1355 1318//1318 1319//1319
f 1355//1355 1319//1319 1356//1356
f 1356//1356 1319//1319 1320//1320
f 1356//1356 1320//1320 1357//1357
f 1357//1357 1320//1320 1321//1321
f 1357//1357 1321//1321 1358//1358
f 1358//1358 1321//1321 1322//1322
f 1358//1358 1322//1322 1359//1359
f 1359//1359 1322//1322 1323//1323
f 1359//1359 1323//1323 1360//1360
f 1360//1360 1323//1323 1324//1324
f 1360//1360 1324//1324 1361//1361
f 1361//1361 1324//1324 1325//1325
f 1361//1361 1325//1325 1362//1362
f 1326//1326 1363//1363 1327//1327
f 1327//1327 1363//1363 1364//1364
f 1327//1327 1364//1364 1328//1328
f 1328//1328 1364//1364 1365//1365
f 1328//1328 1365//1365 1329//1329
f 1329//1329 1365//1365 1366//1366
f 1329//1329 1366//1366 1330//1330
f 1330//1330 1366//1366 1367//1367
f 1330//1330 1367//1367 1331//1331
f 1331//1331 1367//1367 1368//1368
f 1331//1331 1368//1368 1332//1332
f 1332//1332 1368//1368 1369//1369
f 1332//1332 1369//1369 1333//1333
f 1333//1333 1369//1369 1370//1370
f 1333//1333 1370//1370 1334//1334
f 1334//1334 1370//1370 1371//1371
f 1334//1334 1371//1371 1335//1335
f 1335//1335 1371//1371 1372//1372
f 1335//1335 1372//1372 1336//1336
f 1336//1336 1372//1372 1373//1373
f 1336//1336 1373//1373 1337//1337
f 1337//1337 1373//1373 1374//1374
f 1337//1337 1374//1374 1338//1338
f 1338//1338 1374//1374 1375//1375
f 1338//1338 1375//1375 1339//1339
f 1339//1339 1375//1375 1376//1376
f 1339//1339 1376//1376 1340//1340
f 1340//1340 1376//1376 1377//1377
f 1340//1340 1377//1377 1341//1341
f 1341//1341 1377//1377 1378//1378
f 1341//1341 1378//1378 1342//1342
f 1342//1342 1378//1378 1379//1379
f 1342//1342 1379//1379 1343//1343
f 1343//1343 1379//1379 1380//1380
f 1343//1343 1380//1380 1344//1344
f 1344//1344 1380//1380 1381//1381
f 1344//1344 1381//1381 1345//1345
f 1345//1345 1381//1381 1382//1382
f 1345//1345 1382//1382 1346//1346
f 1346//1346 1382//1382 1383//1383
f 1346//1346 1383//1383 1347//1347
f 1347//1347 1383//1383 1384//1384
f 1347//1347 1384//1384 1348//1348
f 1348//1348 1384//1384 1385//1385
f 1348//1348 1385//1385 1349//1349
f 1349//1349 1385//1385 1386//1386
f 1349//1349 1386//1386 1350//1350
f 1350//1350 1386//1386 1387//1387
f 1350//1350 1387//1387 1351//1351
f 1351//1351 1387//1387 1388//1388
f 1351//1351 1388//1388 1352//1352
f 1389//1389 1353//1353 1390//1390
f 1390//1390 1353//1353 1354//1354
f 1390//1390 1354//1354 1391//1391
f 1391//1391 1354//1354 1355//1355
f 1391//1391 1355//1355 1392//1392
f 1392//1392 1355//1355 1356//1356
f 1392//1392 1356//1356 1393//1393
f 1393//1393 1356//1356 1357//1357
f 1393//1393 1357//1357 1394//1394
f 1394//1394 1357//1357 1358//1358
f 1394//1394 1358//1358 1395//1395
f 1395//1395 1358//1358 1359//1359
f 1395//1395 1359//1359 1396//1396
f 1396//1396 1359//1359 1360//1360
f 1396//1396 1360//1360 1397//1397
f 1397//1397 1360//1360 1361//1361
f 1397//1397 1361//1361 1398//1398
f 1398//1398 1361//1361 1362//1362
f 1398//1398 1362//1362 1399//1399
f 1363//1363 1400//1400 1364//1364
f 1364//1364 1400//1400 1401//1401
f 1364//1364 1401//1401 1365//1365
f 1365//1365 1401//1401 1402//1402
f 1365//1365 1402//1402 1366//1366
f 1366//1366 1402//1402 1403//1403
f 1366//1366 1403//1403 1367//1367
f 1367//1367 1403//1403 1404//1404
f 1367//1367 1404//1404 1368//1368
f 1368//1368 1404//1404 1405//1405
f 1368//1368 1405//1405 1369//1369
f 1369//1369 1405//1405 1406//1406
f 1369//1369 1406//1406 1370//1370
f 1370//1370 1406//1406 1407//1407
f 1370//1370 1407//1407 1371//1371
f 1371//1371 1407//1407 1408//1408
f 1371//1371 1408//1408 1372//1372
f 1372//1372 1408//1408 1409//1409
f 1372//1372 1409//1409 1373//1373
f 1373//1373 1409//1409 1410//1410
f 1373//1373 1410//1410 1374//1374
f 1374//1374 1410//1410 1411//1411
f 1374//1374 1411//1411 1375//1375
f 1375//1375 1411//1411 1412//1412
f 1375//1375 1412//1412 1376//1376
f 1376//1376 1412//1412 1413//1413
f 1376//1376 1413//1413 1377//1377
f 1377//1377 1413//1413 1414//1414
f 1377//1377 1414//1414 1378//1378
f 1378//1378 1414//1414 1415//1415
f 1378//1378 1415//1415 1379//1379
f 1379//1379 1415//1415 1416//1416
f 1379//1379 1416//1416 1380//1380
f 1380//1380 1416//1416 1417//1417
f 1380//1380 1417//1417 1381//1381
f 1381//1381 1417//1417 1418//1418
f 1381//1381 1418//1418 1382//1382
f 1382//1382 1418//1418 1419//1419
f 1382//1382 1419//1419 1383//1383
f 1383//1383 1419//1419 1420//1420
f 1383//1383 1420//1420 1384//1384
f 1384//1384 1420//1420 1421//1421
f 1384//1384 1421//1421 1385//1385
f 1385//1385 1421//1421 1422//1422
f 1385//1385 1422//1422 1386//1386
f 1386//1386 1422//1422 1423//1423
f 1386//1386 1423//1423 1387//1387
f 1387//1387 1423//1423 1424//1424
f 1387//1387 1424//1424 1388//1388
f 902//902 1389//1389 903//903
f 903//903 1389//1389 1390//1390
f 903//903 1390//1390 904//904
f 904//904 1390//1390 1391//1391
f 904//904 1391//1391 905//905
f 905//905 1391//1391 1392//1392
f 905//905 1392//1392 906//906
f 906//906 1392//1392 1393//1393
f 906//906 1393//1393 907//907
f 907//907 1393//1393 1394//1394
f 907//907 1394//1394 908//908
f 908//908 1394//1394 1395//1395
f 908//908 1395//1395 909//909
f 909//909 1395//1395 1396//1396
f 909//909 1396//1396 910//910
f 910//910 1396//1396 1397//1397
f 910//910 1397//1397 911//911
f 911//911 1397//1397 1398//1398
f 911//911 1398//1398 912//912
f 912//912 1398//1398 1399//1399
f 912//912 1399//1399 913//913
f 1238//1238 1231//1231 1239//1239
f 1239//1239 1231//1231 1233//1233
f 1239//1239 1233//1233 1288//1288
f 1288//1288 1233//1233 1316//1316
f 1288//1288 1316//1316 1325//1325
f 1325//1325 1316//1316 1352//1352
f 1325//1325 1352//1352 1362//1362
f 1362//1362 1352//1352 1388//1388
f 1362//1362 1388//1388 1399//1399
f 1399//1399 1388//1388 1424//1424
f 1399//1399 1424//1424 913//913
f 913//913 1424//1424 1423//1423
f 913//913 1423//1423 914//914
f 914//914 1423//1423 1422//1422
f 914//914 1422//1422 915//915
f 915//915 1422//1422 1421//1421
f 915//915 1421//1421 916//916
f 916//916 1421//1421 1420//1420
f 916//916 1420//1420 917//917
f 917//917 1420//1420 1419//1419
f 917//917 1419//1419 918//918
f 918//918 1419//1419 1418//1418
f 918//918 1418//1418 919//919
f 919//919 1418//1418 1417//1417
f 919//919 1417//1417 920//920
f 920//920 1417//1417 1416//1416
f 920//920 1416//1416 921//921
f 921//921 1416//1416 1415//1415
f 921//921 1415//1415 888//888
f 888//888 1415//1415 1414//1414
f 888//888 1414//1414 889//889
f 889//889 1414//1414 1413//1413
f 889//889 1413//1413 890//890
f 890//890 1413//1413 1412//1412
f 890//890 1412//1412 891//891
f 891//891 1412//1412 1411//1411
f 891//891 1411//1411 892//892
f 892//892 1411//1411 1410//1410
f 892//892 1410//1410 893//893
f 893//893 1410//1410 1409//1409
f 893//893 1409//1409 894//894
f 894//894 1409//1409 1408//1408
f 894//894 1408//1408 895//895
f 895//895 1408//1408 1407//1407
f 895//895 1407//1407 896//896
f 896//896 1407//1407 1406//1406
f 896//896 1406//1406 897//897
f 897//897 1406//1406 1405//1405
f 897//897 1405//1405 898//898
f 898//898 1405//1405 1404//1404
f 898//898 1404//1404 899//899
f 899//899 1404//1404 1403//1403
f 899//899 1403//1403 900//900
f 900//900 1403//1403 1402//1402
f 900//900 1402//1402 901//901
f 901//901 1402//1402 1401//1401
f 901//901 1401//1401 902//902
f 902//902 1401//1401 1400//1400
f 902//902 1400//1400 1389//1389
f 1389//1389 1400//1400 1363//1363
f 1389//1389 1363//1363 1353//1353
f 1353//1353 1363//1363 1326//1326
f 1353//1353 1326//1326 1317//1317
f 1317//1317 1326//1326 1289//1289
f 1317//1317 1289//1289 1281//1281
f 1281//1281 1289//1289 1253//1253
f 1281//1281 1253//1253 1248//1248
f 1248//1248 1253//1253 1255//1255
f 1248//1248 1255//1255 1249//1249
f 669//669 394//394 966//966
f 669//669 966//966 944//944
f 944//944 966//966 968//968
f 944//944 968//968 943//943
f 943//943 968//968 970//970
f 943//943 970//970 941//941
f 970//970 971//971 941//941
f 941//941 971//971 973//973
f 941//941 973//973 940//940
f 940//940 973//973 975//975
f 940//940 975//975 938//938
f 938//938 975//975 936//936
f 936//936 975//975 977//977
f 936//936 977//977 934//934
f 981//981 1171//1171 980//980
f 980//980 1171//1171 934//934
f 980//980 934//934 978//978
f 978//978 934//934 977//977
f 985//985 1178//1178 1176//1176
f 985//985 1176//1176 983//983
f 983//983 1176//1176 1174//1174
f 983//983 1174//1174 981//981
f 981//981 1174//1174 1172//1172
f 981//981 1172//1172 1171//1171
f 1020//1020 1058//1058 1425//1425
f 985//985 984//984 1426//1426
f 1426//1426 984//984 1427//1427
f 1426//1426 1427//1427 1428//1428
f 1428//1428 1427//1427 1429//1429
f 1429//1429 1427//1427 1430//1430
f 1429//1429 1430//1430 1431//1431
f 1431//1431 1430//1430 1432//1432
f 1431//1431 1432//1432 1433//1433
f 1433//1433 1432//1432 1434//1434
f 1434//1434 1432//1432 1435//1435
f 1434//1434 1435//1435 1436//1436
f 1436//1436 1435//1435 1437//1437
f 1437//1437 1435//1435 1438//1438
f 1437//1437 1438//1438 1439//1439
f 1439//1439 1438//1438 1440//1440
f 1439//1439 1440//1440 1441//1441
f 1441//1441 1440//1440 1442//1442
f 1442//1442 1440//1440 1443//1443
f 1442//1442 1443//1443 1444//1444
f 1444//1444 1443//1443 1445//1445
f 1445//1445 1443//1443 1446//1446
f 1445//1445 1446//1446 1447//1447
f 1447//1447 1446//1446 1448//1448
f 1447//1447 1448//1448 1449//1449
f 1450//1450 1451//1451 1452//1452
f 1452//1452 1451//1451 1453//1453
f 1452//1452 1453//1453 1454//1454
f 1454//1454 1453//1453 1455//1455
f 1454//1454 1455//1455 1456//1456
f 1456//1456 1455//1455 1457//1457
f 1456//1456 1457//1457 1448//1448
f 1448//1448 1457//1457 1458//1458
f 1448//1448 1458//1458 1449//1449
f 1450//1450 1452//1452 1459//1459
f 1459//1459 1452//1452 1460//1460
f 1459//1459 1460//1460 1461//1461
f 1461//1461 1460//1460 1462//1462
f 1461//1461 1462//1462 1463//1463
f 1463//1463 1462//1462 1464//1464
f 1464//1464 1462//1462 1465//1465
f 1464//1464 1465//1465 1466//1466
f 1466//1466 1465//1465 1467//1467
f 1466//1466 1467//1467 1468//1468
f 1468//1468 1467//1467 1469//1469
f 1469//1469 1467//1467 1470//1470
f 1469//1469 1470//1470 1471//1471
f 1471//1471 1470//1470 1472//1472
f 1472//1472 1470//1470 1473//1473
f 1472//1472 1473//1473 1474//1474
f 1474//1474 1473//1473 1475//1475
f 1474//1474 1475//1475 1476//1476
f 1476//1476 1475//1475 1477//1477
f 1477//1477 1475//1475 1036//1036
f 1477//1477 1036//1036 1038//1038
f 1020//1020 1425//1425 1019//1019
f 1019//1019 1425//1425 1478//1478
f 1019//1019 1478//1478 1018//1018
f 1018//1018 1478//1478 1479//1479
f 1018//1018 1479//1479 1005//1005
f 1005//1005 1479//1479 1480//1480
f 1005//1005 1480//1480 1004//1004
f 1004//1004 1480//1480 1481//1481
f 1004//1004 1481//1481 1003//1003
f 1003//1003 1481//1481 1482//1482
f 1003//1003 1482//1482 1002//1002
f 1002//1002 1482//1482 1483//1483
f 1002//1002 1483//1483 1001//1001
f 1001//1001 1483//1483 1484//1484
f 1001//1001 1484//1484 1000//1000
f 1000//1000 1484//1484 1485//1485
f 1000//1000 1485//1485 1008//1008
f 1008//1008 1485//1485 1486//1486
f 1008//1008 1486//1486 1009//1009
f 1009//1009 1486//1486 1487//1487
f 1009//1009 1487//1487 1010//1010
f 1010//1010 1487//1487 1488//1488
f 1010//1010 1488//1488 1011//1011
f 1011//1011 1488//1488 1489//1489
f 1011//1011 1489//1489 1012//1012
f 1012//1012 1489//1489 1490//1490
f 1012//1012 1490//1490 1013//1013
f 1013//1013 1490//1490 1491//1491
f 1013//1013 1491//1491 1014//1014
f 1014//1014 1491//1491 1492//1492
f 1014//1014 1492//1492 1015//1015
f 1015//1015 1492//1492 1493//1493
f 1015//1015 1493//1493 1016//1016
f 1016//1016 1493//1493 1494//1494
f 1016//1016 1494//1494 1007//1007
f 1007//1007 1494//1494 1495//1495
f 1007//1007 1495//1495 1006//1006
f 1006//1006 1495//1495 950//950
f 1006//1006 950//950 949//949
f 1059//1059 1036//1036 1496//1496
f 1496//1496 1036//1036 1475//1475
f 1496//1496 1475//1475 1497//1497
f 1497//1497 1475//1475 1473//1473
f 1497//1497 1473//1473 1498//1498
f 1498//1498 1473//1473 1470//1470
f 1498//1498 1470//1470 1499//1499
f 1499//1499 1470//1470 1467//1467
f 1499//1499 1467//1467 1500//1500
f 1500//1500 1467//1467 1465//1465
f 1500//1500 1465//1465 1501//1501
f 1501//1501 1465//1465 1462//1462
f 1501//1501 1462//1462 1502//1502
f 1502//1502 1462//1462 1460//1460
f 1502//1502 1460//1460 1503//1503
f 1503//1503 1460//1460 1452//1452
f 1503//1503 1452//1452 1504//1504
f 1504//1504 1452//1452 1454//1454
f 1504//1504 1454//1454 1505//1505
f 1505//1505 1454//1454 1456//1456
f 1505//1505 1456//1456 1506//1506
f 1506//1506 1456//1456 1448//1448
f 1506//1506 1448//1448 1507//1507
f 1507//1507 1448//1448 1446//1446
f 1507//1507 1446//1446 1508//1508
f 1508//1508 1446//1446 1443//1443
f 1508//1508 1443//1443 1509//1509
f 1509//1509 1443//1443 1440//1440
f 1509//1509 1440//1440 1510//1510
f 1510//1510 1440//1440 1438//1438
f 1510//1510 1438//1438 1511//1511
f 1511//1511 1438//1438 1435//1435
f 1511//1511 1435//1435 1512//1512
f 1512//1512 1435//1435 1432//1432
f 1512//1512 1432//1432 1513//1513
f 1513//1513 1432//1432 1430//1430
f 1513//1513 1430//1430 1514//1514
f 1514//1514 1430//1430 1427//1427
f 1514//1514 1427//1427 986//986
f 986//986 1427//1427 984//984
f 1058//1058 1059//1059 1425//1425
f 1425//1425 1059//1059 1496//1496
f 1425//1425 1496//1496 1478//1478
f 1478//1478 1496//1496 1497//1497
f 1478//1478 1497//1497 1479//1479
f 1479//1479 1497//1497 1498//1498
f 1479//1479 1498//1498 1480//1480
f 1480//1480 1498//1498 1499//1499
f 1480//1480 1499//1499 1481//1481
f 1481//1481 1499//1499 1500//1500
f 1481//1481 1500//1500 1482//1482
f 1482//1482 1500//1500 1501//1501
f 1482//1482 1501//1501 1483//1483
f 1483//1483 1501//1501 1502//1502
f 1483//1483 1502//1502 1484//1484
f 1484//1484 1502//1502 1503//1503
f 1484//1484 1503//1503 1485//1485
f 1485//1485 1503//1503 1504//1504
f 1485//1485 1504//1504 1486//1486
f 1486//1486 1504//1504 1505//1505
f 1486//1486 1505//1505 1487//1487
f 1487//1487 1505//1505 1506//1506
f 1487//1487 1506//1506 1488//1488
f 1488//1488 1506//1506 1507//1507
f 1488//1488 1507//1507 1489//1489
f 1489//1489 1507//1507 1508//1508
f 1489//1489 1508//1508 1490//1490
f 1490//1490 1508//1508 1509//1509
f 1490//1490 1509//1509 1491//1491
f 1491//1491 1509//1509 1510//1510
f 1491//1491 1510//1510 1492//1492
f 1492//1492 1510//1510 1511//1511
f 1492//1492 1511//1511 1493//1493
f 1493//1493 1511//1511 1512//1512
f 1493//1493 1512//1512 1494//1494
f 1494//1494 1512//1512 1513//1513
f 1494//1494 1513//1513 1495//1495
f 1495//1495 1513//1513 1514//1514
f 1495//1495 1514//1514 950//950
f 950//950 1514//1514 986//986
f 1129//1129 1040//1040 1089//1089
f 1089//1089 1040//1040 1042//1042
f 1089//1089 1042//1042 1087//1087
f 1087//1087 1042//1042 1043//1043
f 1087//1087 1043//1043 1086//1086
f 1086//1086 1043//1043 1045//1045
f 1086//1086 1045//1045 1084//1084
f 1084//1084 1045//1045 1047//1047
f 653//653 739//739 1051//1051
f 1051//1051 739//739 1077//1077
f 1051//1051 1077//1077 1050//1050
f 1050//1050 1077//1077 1079//1079
f 1050//1050 1079//1079 1049//1049
f 1049//1049 1079//1079 1081//1081
f 1049//1049 1081//1081 1047//1047
f 1047//1047 1081//1081 1082//1082
f 1047//1047 1082//1082 1084//1084
f 1129//1129 1155//1155 1040//1040
f 1040//1040 1155//1155 1154//1154
f 1040//1040 1154//1154 1039//1039
f 1039//1039 1154//1154 1127//1127
f 1039//1039 1127//1127 1038//1038
f 1038//1038 1127//1127 1126//1126
f 1148//1148 1147//1147 1515//1515
f 1164//1164 1165//1165 1516//1516
f 1517//1517 1179//1179 1178//1178
f 1518//1518 1182//1182 1517//1517
f 1517//1517 1182//1182 1180//1180
f 1517//1517 1180//1180 1179//1179
f 1519//1519 1160//1160 1520//1520
f 1520//1520 1160//1160 1162//1162
f 1520//1520 1162//1162 1163//1163
f 1521//1521 1114//1114 1522//1522
f 1522//1522 1114//1114 1113//1113
f 1522//1522 1113//1113 1523//1523
f 1523//1523 1113//1113 1096//1096
f 1523//1523 1096//1096 1524//1524
f 1524//1524 1096//1096 1098//1098
f 1524//1524 1098//1098 1525//1525
f 1525//1525 1098//1098 1099//1099
f 1525//1525 1099//1099 1526//1526
f 1526//1526 1099//1099 1100//1100
f 1526//1526 1100//1100 1516//1516
f 1516//1516 1100//1100 933//933
f 1516//1516 933//933 1164//1164
f 1112//1112 1111//1111 1521//1521
f 1521//1521 1111//1111 1115//1115
f 1521//1521 1115//1115 1114//1114
f 1521//1521 1527//1527 1112//1112
f 1112//1112 1527//1527 1528//1528
f 1112//1112 1528//1528 1108//1108
f 1108//1108 1528//1528 1529//1529
f 1108//1108 1529//1529 1109//1109
f 1530//1530 1515//1515 1138//1138
f 1147//1147 1141//1141 1515//1515
f 1515//1515 1141//1141 1139//1139
f 1515//1515 1139//1139 1138//1138
f 1148//1148 1531//1531 1149//1149
f 1149//1149 1531//1531 1532//1532
f 1149//1149 1532//1532 1146//1146
f 1146//1146 1532//1532 1143//1143
f 1126//1126 1135//1135 1533//1533
f 1533//1533 1135//1135 1134//1134
f 1533//1533 1134//1134 1534//1534
f 1534//1534 1134//1134 1136//1136
f 1534//1534 1136//1136 1535//1535
f 1535//1535 1136//1136 1152//1152
f 1535//1535 1152//1152 1144//1144
f 1536//1536 1537//1537 1535//1535
f 1535//1535 1537//1537 1538//1538
f 1535//1535 1538//1538 1534//1534
f 1539//1539 1540//1540 1541//1541
f 1541//1541 1540//1540 1536//1536
f 1541//1541 1536//1536 1542//1542
f 1542//1542 1536//1536 1535//1535
f 1542//1542 1535//1535 1143//1143
f 1143//1143 1535//1535 1144//1144
f 1539//1539 1541//1541 1543//1543
f 1543//1543 1541//1541 1544//1544
f 1543//1543 1544//1544 1545//1545
f 1545//1545 1544//1544 1546//1546
f 1545//1545 1546//1546 1547//1547
f 1547//1547 1546//1546 1548//1548
f 1547//1547 1548//1548 1549//1549
f 1550//1550 1551//1551 1552//1552
f 1552//1552 1551//1551 1553//1553
f 1552//1552 1553//1553 1554//1554
f 1554//1554 1553//1553 1555//1555
f 1554//1554 1555//1555 1548//1548
f 1548//1548 1555//1555 1556//1556
f 1548//1548 1556//1556 1549//1549
f 1557//1557 1558//1558 1559//1559
f 1559//1559 1558//1558 1560//1560
f 1559//1559 1560//1560 1561//1561
f 1561//1561 1560//1560 1562//1562
f 1561//1561 1562//1562 1550//1550
f 1550//1550 1562//1562 1563//1563
f 1550//1550 1563//1563 1551//1551
f 1557//1557 1559//1559 1564//1564
f 1564//1564 1559//1559 1565//1565
f 1564//1564 1565//1565 1566//1566
f 1566//1566 1565//1565 1567//1567
f 1566//1566 1567//1567 1568//1568
f 1568//1568 1567//1567 1569//1569
f 1568//1568 1569//1569 1570//1570
f 1178//1178 1571//1571 1517//1517
f 1517//1517 1571//1571 1572//1572
f 1517//1517 1572//1572 1518//1518
f 1518//1518 1572//1572 1573//1573
f 1518//1518 1573//1573 1569//1569
f 1569//1569 1573//1573 1574//1574
f 1569//1569 1574//1574 1570//1570
f 1143//1143 1532//1532 1542//1542
f 1542//1542 1532//1532 1531//1531
f 1542//1542 1531//1531 1541//1541
f 1541//1541 1531//1531 1575//1575
f 1541//1541 1575//1575 1544//1544
f 1544//1544 1575//1575 1576//1576
f 1544//1544 1576//1576 1546//1546
f 1546//1546 1576//1576 1577//1577
f 1546//1546 1577//1577 1548//1548
f 1548//1548 1577//1577 1578//1578
f 1548//1548 1578//1578 1554//1554
f 1554//1554 1578//1578 1579//1579
f 1554//1554 1579//1579 1552//1552
f 1552//1552 1579//1579 1580//1580
f 1552//1552 1580//1580 1550//1550
f 1550//1550 1580//1580 1581//1581
f 1550//1550 1581//1581 1561//1561
f 1561//1561 1581//1581 1582//1582
f 1561//1561 1582//1582 1559//1559
f 1559//1559 1582//1582 1583//1583
f 1559//1559 1583//1583 1565//1565
f 1565//1565 1583//1583 1584//1584
f 1565//1565 1584//1584 1567//1567
f 1567//1567 1584//1584 1519//1519
f 1567//1567 1519//1519 1569//1569
f 1569//1569 1519//1519 1520//1520
f 1569//1569 1520//1520 1518//1518
f 1518//1518 1520//1520 1163//1163
f 1518//1518 1163//1163 1182//1182
f 1148//1148 1515//1515 1531//1531
f 1531//1531 1515//1515 1530//1530
f 1531//1531 1530//1530 1575//1575
f 1575//1575 1530//1530 1585//1585
f 1575//1575 1585//1585 1576//1576
f 1576//1576 1585//1585 1586//1586
f 1576//1576 1586//1586 1577//1577
f 1577//1577 1586//1586 1587//1587
f 1577//1577 1587//1587 1578//1578
f 1578//1578 1587//1587 1588//1588
f 1578//1578 1588//1588 1579//1579
f 1579//1579 1588//1588 1589//1589
f 1579//1579 1589//1589 1580//1580
f 1580//1580 1589//1589 1590//1590
f 1580//1580 1590//1590 1581//1581
f 1581//1581 1590//1590 1591//1591
f 1581//1581 1591//1591 1582//1582
f 1582//1582 1591//1591 1592//1592
f 1582//1582 1592//1592 1583//1583
f 1583//1583 1592//1592 1593//1593
f 1583//1583 1593//1593 1584//1584
f 1584//1584 1593//1593 1594//1594
f 1584//1584 1594//1594 1519//1519
f 1519//1519 1594//1594 1166//1166
f 1519//1519 1166//1166 1160//1160
f 1071//1071 1109//1109 1138//1138
f 1138//1138 1109//1109 1529//1529
f 1138//1138 1529//1529 1530//1530
f 1530//1530 1529//1529 1528//1528
f 1530//1530 1528//1528 1585//1585
f 1585//1585 1528//1528 1527//1527
f 1585//1585 1527//1527 1586//1586
f 1586//1586 1527//1527 1521//1521
f 1586//1586 1521//1521 1587//1587
f 1587//1587 1521//1521 1522//1522
f 1587//1587 1522//1522 1588//1588
f 1588//1588 1522//1522 1523//1523
f 1588//1588 1523//1523 1589//1589
f 1589//1589 1523//1523 1524//1524
f 1589//1589 1524//1524 1590//1590
f 1590//1590 1524//1524 1525//1525
f 1590//1590 1525//1525 1591//1591
f 1591//1591 1525//1525 1526//1526
f 1591//1591 1526//1526 1592//1592
f 1592//1592 1526//1526 1516//1516
f 1592//1592 1516//1516 1593//1593
f 1593//1593 1516//1516 1165//1165
f 1593//1593 1165//1165 1594//1594
f 1594//1594 1165//1165 1167//1167
f 1594//1594 1167//1167 1166//1166
f 1178//1178 985//985 1426//1426
f 1537//1537 1536//1536 1274//1274
f 1274//1274 1536//1536 1540//1540
f 1274//1274 1540//1540 1275//1275
f 1275//1275 1540//1540 1539//1539
f 1275//1275 1539//1539 1189//1189
f 1189//1189 1539//1539 1543//1543
f 1189//1189 1543//1543 1266//1266
f 1266//1266 1543//1543 1545//1545
f 1266//1266 1545//1545 1267//1267
f 1267//1267 1545//1545 1547//1547
f 1267//1267 1547//1547 1269//1269
f 1269//1269 1547//1547 1549//1549
f 1269//1269 1549//1549 1270//1270
f 1270//1270 1549//1549 1556//1556
f 1270//1270 1556//1556 1265//1265
f 1265//1265 1556//1556 1555//1555
f 1265//1265 1555//1555 1263//1263
f 1263//1263 1555//1555 1553//1553
f 1263//1263 1553//1553 1261//1261
f 1261//1261 1553//1553 1551//1551
f 1261//1261 1551//1551 1260//1260
f 1260//1260 1551//1551 1563//1563
f 1260//1260 1563//1563 1258//1258
f 1258//1258 1563//1563 1562//1562
f 1258//1258 1562//1562 1256//1256
f 1274//1274 1272//1272 1537//1537
f 1537//1537 1272//1272 1271//1271
f 1537//1537 1271//1271 1538//1538
f 1538//1538 1271//1271 1186//1186
f 1538//1538 1186//1186 1534//1534
f 1534//1534 1186//1186 1533//1533
f 1277//1277 1126//1126 1279//1279
f 1279//1279 1126//1126 1533//1533
f 1279//1279 1533//1533 1280//1280
f 1280//1280 1533//1533 1186//1186
f 1038//1038 1126//1126 1477//1477
f 1477//1477 1126//1126 1277//1277
f 1477//1477 1277//1277 1476//1476
f 1476//1476 1277//1277 1276//1276
f 1476//1476 1276//1276 1474//1474
f 1474//1474 1276//1276 1208//1208
f 1474//1474 1208//1208 1472//1472
f 1472//1472 1208//1208 1206//1206
f 1472//1472 1206//1206 1471//1471
f 1471//1471 1206//1206 1212//1212
f 1471//1471 1212//1212 1469//1469
f 1469//1469 1212//1212 1211//1211
f 1469//1469 1211//1211 1468//1468
f 1468//1468 1211//1211 1466//1466
f 1466//1466 1211//1211 1215//1215
f 1466//1466 1215//1215 1464//1464
f 1464//1464 1215//1215 1214//1214
f 1464//1464 1214//1214 1463//1463
f 1214//1214 1213//1213 1463//1463
f 1463//1463 1213//1213 1204//1204
f 1463//1463 1204//1204 1461//1461
f 1461//1461 1204//1204 1220//1220
f 1461//1461 1220//1220 1459//1459
f 1459//1459 1220//1220 1219//1219
f 1459//1459 1219//1219 1450//1450
f 1450//1450 1219//1219 1217//1217
f 1450//1450 1217//1217 1451//1451
f 1451//1451 1217//1217 1216//1216
f 1451//1451 1216//1216 1453//1453
f 1453//1453 1216//1216 1201//1201
f 1453//1453 1201//1201 1455//1455
f 1455//1455 1201//1201 1225//1225
f 1455//1455 1225//1225 1457//1457
f 1457//1457 1225//1225 1224//1224
f 1457//1457 1224//1224 1458//1458
f 1458//1458 1224//1224 1222//1222
f 1458//1458 1222//1222 1449//1449
f 1449//1449 1222//1222 1221//1221
f 1449//1449 1221//1221 1447//1447
f 1447//1447 1221//1221 1198//1198
f 1447//1447 1198//1198 1445//1445
f 1445//1445 1198//1198 1230//1230
f 1445//1445 1230//1230 1444//1444
f 1444//1444 1230//1230 1229//1229
f 1444//1444 1229//1229 1442//1442
f 1442//1442 1229//1229 1227//1227
f 1442//1442 1227//1227 1441//1441
f 1441//1441 1227//1227 1237//1237
f 1441//1441 1237//1237 1439//1439
f 1439//1439 1237//1237 1236//1236
f 1439//1439 1236//1236 1437//1437
f 1437//1437 1236//1236 1234//1234
f 1437//1437 1234//1234 1436//1436
f 1436//1436 1234//1234 1232//1232
f 1436//1436 1232//1232 1434//1434
f 1434//1434 1232//1232 1231//1231
f 1434//1434 1231//1231 1433//1433
f 1433//1433 1231//1231 1238//1238
f 1433//1433 1238//1238 1431//1431
f 1431//1431 1238//1238 1240//1240
f 1431//1431 1240//1240 1429//1429
f 1429//1429 1240//1240 1428//1428
f 1562//1562 1560//1560 1256//1256
f 1256//1256 1560//1560 1558//1558
f 1256//1256 1558//1558 1190//1190
f 1190//1190 1558//1558 1557//1557
f 1190//1190 1557//1557 1191//1191
f 1191//1191 1557//1557 1564//1564
f 1191//1191 1564//1564 1254//1254
f 1254//1254 1564//1564 1566//1566
f 1254//1254 1566//1566 1255//1255
f 1255//1255 1566//1566 1568//1568
f 1255//1255 1568//1568 1249//1249
f 1249//1249 1568//1568 1570//1570
f 1249//1249 1570//1570 1250//1250
f 1250//1250 1570//1570 1574//1574
f 1250//1250 1574//1574 1251//1251
f 1251//1251 1574//1574 1573//1573
f 1251//1251 1573//1573 1252//1252
f 1252//1252 1573//1573 1572//1572
f 1252//1252 1572//1572 1243//1243
f 1243//1243 1572//1572 1571//1571
f 1243//1243 1571//1571 1245//1245
f 1245//1245 1571//1571 1178//1178
f 1245//1245 1178//1178 1246//1246
f 1246//1246 1178//1178 1426//1426
f 1246//1246 1426//1426 1195//1195
f 1195//1195 1426//1426 1428//1428
f 1195//1195 1428//1428 1241//1241
f 1241//1241 1428//1428 1240//1240
# 3192 faces, 0 coords texture

# End of File
