####
#
# OBJ File Generated by Meshlab
#
####
# Object leader_finger_left_thumb.obj
#
# Vertices: 1616
# Faces: 3256
#
####
v 0.002800 -0.005375 -0.014522
v 0.003000 -0.005375 -0.014522
v 0.002800 -0.005375 -0.012000
v 0.003000 -0.005375 -0.009478
v 0.002800 -0.005375 -0.009478
v 0.002800 -0.008625 -0.009478
v 0.003000 -0.008625 -0.009478
v 0.002800 -0.008625 -0.012000
v 0.003000 -0.008625 -0.014522
v 0.002800 -0.008625 -0.014522
v 0.002800 0.008625 0.009478
v 0.003000 0.008625 0.009478
v 0.002800 0.008625 0.012000
v 0.003000 0.008625 0.014522
v 0.002800 0.008625 0.014522
v 0.002800 0.005375 0.014522
v 0.003000 0.005375 0.014522
v 0.002800 0.005375 0.012000
v 0.003000 0.005375 0.009478
v 0.002800 0.005375 0.009478
v 0.002800 0.008625 -0.014522
v 0.003000 0.008625 -0.014522
v 0.002800 0.008625 -0.012000
v 0.003000 0.008625 -0.009478
v 0.002800 0.008625 -0.009478
v 0.002800 0.005375 -0.009478
v 0.003000 0.005375 -0.009478
v 0.002800 0.005375 -0.012000
v 0.003000 0.005375 -0.014522
v 0.002800 0.005375 -0.014522
v 0.002800 -0.005375 0.009478
v 0.003000 -0.005375 0.009478
v 0.002800 -0.005375 0.012000
v 0.003000 -0.005375 0.014522
v 0.002800 -0.005375 0.014522
v 0.002800 -0.008625 0.014522
v 0.003000 -0.008625 0.014522
v 0.002800 -0.008625 0.012000
v 0.003000 -0.008625 0.009478
v 0.002800 -0.008625 0.009478
v 0.002800 0.008625 -0.002522
v 0.003000 0.008625 -0.002522
v 0.002800 0.008625 0.000000
v 0.003000 0.008625 0.002522
v 0.002800 0.008625 0.002522
v 0.002800 0.005375 0.002522
v 0.003000 0.005375 0.002522
v 0.002800 0.005375 0.000000
v 0.003000 0.005375 -0.002522
v 0.002800 0.005375 -0.002522
v 0.002800 -0.005375 -0.002522
v 0.003000 -0.005375 -0.002522
v 0.002800 -0.005375 0.000000
v 0.003000 -0.005375 0.002522
v 0.002800 -0.005375 0.002522
v 0.002800 -0.008625 0.002522
v 0.003000 -0.008625 0.002522
v 0.002800 -0.008625 -0.000000
v 0.003000 -0.008625 -0.002522
v 0.002800 -0.008625 -0.002522
v 0.003000 0.004000 0.012000
v 0.003000 0.004402 0.010500
v 0.003000 0.004402 0.013500
v 0.003000 0.010000 0.012000
v 0.003000 0.009598 0.013500
v 0.003000 0.009598 0.010500
v 0.003000 0.004000 0.000000
v 0.003000 0.004402 -0.001500
v 0.003000 0.004402 0.001500
v 0.003000 0.010000 -0.000000
v 0.003000 0.009598 0.001500
v 0.003000 0.009598 -0.001500
v 0.003000 -0.010000 -0.012000
v 0.003000 -0.009598 -0.013500
v 0.003000 -0.009598 -0.010500
v 0.003000 -0.004000 -0.012000
v 0.003000 -0.004402 -0.010500
v 0.003000 -0.004402 -0.013500
v 0.003000 -0.010000 -0.000000
v 0.003000 -0.009598 -0.001500
v 0.003000 -0.009598 0.001500
v 0.003000 -0.004000 -0.000000
v 0.003000 -0.004402 0.001500
v 0.003000 -0.004402 -0.001500
v 0.003000 0.004402 -0.010500
v 0.003000 0.004000 -0.012000
v 0.003000 0.004402 -0.013500
v 0.003000 0.010000 -0.012000
v 0.003000 0.009598 -0.010500
v 0.003000 0.009598 -0.013500
v 0.003000 -0.010000 0.012000
v 0.003000 -0.009598 0.010500
v 0.003000 -0.009598 0.013500
v 0.003000 -0.004402 0.010500
v 0.003000 -0.004000 0.012000
v 0.003000 -0.004402 0.013500
v 0.000400 -0.006982 -0.018360
v 0.000400 0.000945 -0.018360
v 0.000400 -0.002350 -0.019540
v 0.000400 0.000945 -0.019540
v 0.000400 -0.006982 -0.019540
v 0.000400 -0.003673 -0.019540
v 0.000400 -0.003673 -0.028360
v 0.000400 -0.002350 -0.028360
v 0.000400 0.005658 -0.018360
v 0.000400 0.006982 -0.018360
v 0.000400 0.005658 -0.027180
v 0.000400 0.006982 -0.028360
v 0.000400 0.000733 -0.027180
v 0.000400 0.000733 -0.028360
v 0.002800 -0.008407 -0.012812
v 0.002800 -0.007812 -0.013407
v 0.002800 -0.008500 -0.014598
v 0.002800 -0.007000 -0.013625
v 0.002800 -0.007000 -0.015000
v 0.002800 -0.006187 -0.013407
v 0.002800 -0.005500 -0.014598
v 0.002800 -0.005593 -0.012812
v 0.002800 -0.008407 -0.011188
v 0.002800 -0.008500 -0.009402
v 0.002800 -0.007812 -0.010593
v 0.002800 -0.007000 -0.009000
v 0.002800 -0.007000 -0.010375
v 0.002800 -0.005500 -0.009402
v 0.002800 -0.006187 -0.010593
v 0.002800 -0.005593 -0.011188
v 0.002800 0.005593 0.011188
v 0.002800 0.006187 0.010593
v 0.002800 0.005500 0.009402
v 0.002800 0.007000 0.010375
v 0.002800 0.007000 0.009000
v 0.002800 0.007812 0.010593
v 0.002800 0.008500 0.009402
v 0.002800 0.008407 0.011188
v 0.002800 0.005593 0.012812
v 0.002800 0.005500 0.014598
v 0.002800 0.006187 0.013407
v 0.002800 0.007000 0.015000
v 0.002800 0.007000 0.013625
v 0.002800 0.008500 0.014598
v 0.002800 0.007812 0.013407
v 0.002800 0.008407 0.012812
v 0.002800 0.005593 -0.012812
v 0.002800 0.006187 -0.013407
v 0.002800 0.005500 -0.014598
v 0.002800 0.007000 -0.013625
v 0.002800 0.007000 -0.015000
v 0.002800 0.007812 -0.013407
v 0.002800 0.008500 -0.014598
v 0.002800 0.008407 -0.012812
v 0.002800 0.005593 -0.011188
v 0.002800 0.005500 -0.009402
v 0.002800 0.006187 -0.010593
v 0.002800 0.007000 -0.009000
v 0.002800 0.007000 -0.010375
v 0.002800 0.008500 -0.009402
v 0.002800 0.007812 -0.010593
v 0.002800 0.008407 -0.011188
v 0.002800 -0.005593 0.011188
v 0.002800 -0.005500 0.009402
v 0.002800 -0.006187 0.010593
v 0.002800 -0.007000 0.009000
v 0.002800 -0.007000 0.010375
v 0.002800 -0.008500 0.009402
v 0.002800 -0.007812 0.010593
v 0.002800 -0.008407 0.011188
v 0.002800 -0.008407 0.012812
v 0.002800 -0.008500 0.014598
v 0.002800 -0.007812 0.013407
v 0.002800 -0.007000 0.015000
v 0.002800 -0.007000 0.013625
v 0.002800 -0.005500 0.014598
v 0.002800 -0.006187 0.013407
v 0.002800 -0.005593 0.012812
v 0.002800 0.008407 -0.000813
v 0.002800 0.008500 -0.002598
v 0.002800 0.007812 -0.001407
v 0.002800 0.007000 -0.003000
v 0.002800 0.007000 -0.001625
v 0.002800 0.005500 -0.002598
v 0.002800 0.006187 -0.001407
v 0.002800 0.005593 -0.000813
v 0.002800 0.005593 0.000813
v 0.002800 0.005500 0.002598
v 0.002800 0.006187 0.001407
v 0.002800 0.007000 0.003000
v 0.002800 0.007000 0.001625
v 0.002800 0.008500 0.002598
v 0.002800 0.007812 0.001407
v 0.002800 0.008407 0.000813
v 0.002800 -0.008407 -0.000813
v 0.002800 -0.007812 -0.001407
v 0.002800 -0.008500 -0.002598
v 0.002800 -0.007000 -0.001625
v 0.002800 -0.007000 -0.003000
v 0.002800 -0.006187 -0.001407
v 0.002800 -0.005500 -0.002598
v 0.002800 -0.005593 -0.000813
v 0.002800 -0.008407 0.000813
v 0.002800 -0.008500 0.002598
v 0.002800 -0.007812 0.001407
v 0.002800 -0.007000 0.003000
v 0.002800 -0.007000 0.001625
v 0.002800 -0.005500 0.002598
v 0.002800 -0.006187 0.001407
v 0.002800 -0.005593 0.000813
v 0.000500 -0.010000 0.021000
v 0.005500 -0.010000 0.021000
v 0.000500 0.010000 0.021000
v 0.005500 0.010000 0.021000
v 0.005500 0.008500 0.014598
v 0.005500 0.009598 0.013500
v 0.005500 0.010000 0.012000
v 0.005500 0.009598 0.010500
v 0.005500 0.008500 0.009402
v 0.005500 0.005500 0.009402
v 0.005500 0.004402 0.010500
v 0.005500 0.004000 0.012000
v 0.005500 0.004402 0.013500
v 0.005500 0.005500 0.014598
v 0.005500 0.007000 0.009000
v 0.005500 0.007000 0.015000
v 0.005500 0.008500 0.002598
v 0.005500 0.009598 0.001500
v 0.005500 0.010000 -0.000000
v 0.005500 0.009598 -0.001500
v 0.005500 0.008500 -0.002598
v 0.005500 0.005500 -0.002598
v 0.005500 0.004402 -0.001500
v 0.005500 0.004000 0.000000
v 0.005500 0.004402 0.001500
v 0.005500 0.005500 0.002598
v 0.005500 0.007000 -0.003000
v 0.005500 0.007000 0.003000
v 0.005500 -0.005500 -0.009402
v 0.005500 -0.004402 -0.010500
v 0.005500 -0.004000 -0.012000
v 0.005500 -0.004402 -0.013500
v 0.005500 -0.005500 -0.014598
v 0.005500 -0.008500 -0.014598
v 0.005500 -0.009598 -0.013500
v 0.005500 -0.010000 -0.012000
v 0.005500 -0.009598 -0.010500
v 0.005500 -0.008500 -0.009402
v 0.005500 -0.007000 -0.015000
v 0.005500 -0.007000 -0.009000
v 0.005500 -0.005500 0.002598
v 0.005500 -0.004402 0.001500
v 0.005500 -0.004000 -0.000000
v 0.005500 -0.004402 -0.001500
v 0.005500 -0.005500 -0.002598
v 0.005500 -0.008500 -0.002598
v 0.005500 -0.009598 -0.001500
v 0.005500 -0.010000 -0.000000
v 0.005500 -0.009598 0.001500
v 0.005500 -0.008500 0.002598
v 0.005500 -0.007000 -0.003000
v 0.005500 -0.007000 0.003000
v 0.005500 0.008500 -0.009402
v 0.005500 0.009598 -0.010500
v 0.005500 0.010000 -0.012000
v 0.005500 0.009598 -0.013500
v 0.005500 0.008500 -0.014598
v 0.005500 0.005500 -0.014598
v 0.005500 0.004402 -0.013500
v 0.005500 0.004000 -0.012000
v 0.005500 0.004402 -0.010500
v 0.005500 0.005500 -0.009402
v 0.005500 0.007000 -0.015000
v 0.005500 0.007000 -0.009000
v 0.005500 -0.005500 0.014598
v 0.005500 -0.004402 0.013500
v 0.005500 -0.004000 0.012000
v 0.005500 -0.004402 0.010500
v 0.005500 -0.005500 0.009402
v 0.005500 -0.008500 0.009402
v 0.005500 -0.009598 0.010500
v 0.005500 -0.010000 0.012000
v 0.005500 -0.009598 0.013500
v 0.005500 -0.008500 0.014598
v 0.005500 -0.007000 0.009000
v 0.005500 -0.007000 0.015000
v 0.005500 -0.010692 0.020876
v 0.000500 -0.010692 0.020876
v 0.005500 -0.011000 0.020732
v 0.000500 -0.011000 0.020732
v 0.005500 -0.011414 0.020414
v 0.000500 -0.011414 0.020414
v 0.005500 -0.011732 0.020000
v 0.000500 -0.011732 0.020000
v 0.005500 -0.011876 0.019692
v 0.000500 -0.011876 0.019692
v 0.005500 -0.012000 0.019000
v 0.000500 -0.012000 0.019000
v -0.004098 -0.003420 -0.065628
v -0.004098 -0.005020 -0.066465
v 0.005500 -0.005020 -0.066465
v -0.004098 -0.005484 -0.066656
v 0.005500 -0.006478 -0.066994
v -0.004098 -0.007703 -0.067287
v 0.005500 -0.008298 -0.067384
v -0.004098 -0.008298 -0.067384
v 0.005500 -0.008812 -0.067443
v -0.004098 -0.010000 -0.067500
v 0.005500 -0.011188 -0.067443
v -0.004098 -0.011702 -0.067384
v 0.005500 -0.011702 -0.067384
v -0.004098 -0.012297 -0.067287
v 0.005500 -0.013522 -0.066994
v -0.004098 -0.014516 -0.066656
v 0.005500 -0.014980 -0.066465
v -0.004098 -0.014980 -0.066465
v 0.005500 -0.015728 -0.066110
v -0.004098 -0.016580 -0.065628
v 0.005500 -0.017727 -0.064826
v -0.004098 -0.017889 -0.064696
v 0.005500 -0.017889 -0.064696
v -0.004098 -0.018421 -0.064238
v 0.005500 -0.019447 -0.063186
v -0.004098 -0.019975 -0.062533
v 0.005500 -0.020212 -0.062209
v -0.004098 -0.020212 -0.062209
v 0.005500 -0.020825 -0.061250
v -0.004098 -0.021190 -0.060572
v 0.005500 -0.021813 -0.059088
v 0.005500 0.000212 -0.062209
v -0.004098 -0.000025 -0.062533
v 0.005500 -0.000553 -0.063186
v -0.004098 -0.001579 -0.064238
v 0.005500 -0.002111 -0.064696
v -0.004098 -0.002111 -0.064696
v 0.005500 -0.002273 -0.064826
v 0.005500 -0.004272 -0.066110
v 0.005500 0.002471 -0.055853
v -0.004098 0.002471 -0.055853
v -0.004098 0.002447 -0.056153
v 0.005500 0.002373 -0.056779
v -0.004098 0.002023 -0.058421
v 0.005500 0.001813 -0.059088
v -0.004098 0.001778 -0.059186
v 0.005500 0.000825 -0.061250
v -0.004098 0.001190 -0.060572
v -0.004098 0.000212 -0.062209
v -0.004098 0.002023 -0.051579
v 0.005500 0.001370 -0.049807
v -0.004098 0.001190 -0.049428
v 0.005500 0.001099 -0.049249
v -0.004098 0.001099 -0.049249
v -0.004098 0.002447 -0.053847
v 0.005500 0.002486 -0.054405
v -0.004098 0.002239 -0.052457
v 0.005500 0.002239 -0.052457
v 0.005500 0.002148 -0.052053
v 0.005500 -0.003505 -0.044320
v -0.004098 -0.003420 -0.044372
v 0.005500 -0.003242 -0.044484
v -0.004098 -0.001579 -0.045762
v -0.004098 -0.000025 -0.047467
v 0.005500 0.000182 -0.047749
v -0.004098 -0.000865 -0.046468
v 0.005500 -0.000865 -0.046468
v 0.005500 -0.001374 -0.045953
v -0.004098 -0.021778 -0.059186
v -0.004098 -0.022023 -0.058421
v 0.005500 -0.022373 -0.056779
v -0.004098 -0.022447 -0.056153
v 0.005500 -0.022471 -0.055853
v -0.004098 -0.022471 -0.055853
v 0.005500 -0.022486 -0.054405
v -0.004098 -0.022447 -0.053847
v 0.005500 -0.022239 -0.052457
v -0.004098 -0.022239 -0.052457
v 0.005500 -0.022148 -0.052053
v -0.004098 -0.022023 -0.051579
v 0.005500 -0.021370 -0.049807
v -0.004098 -0.021190 -0.049428
v 0.005500 -0.021099 -0.049249
v -0.004098 -0.021099 -0.049249
v 0.005500 -0.020182 -0.047749
v -0.004098 -0.019975 -0.047467
v 0.005500 -0.019135 -0.046468
v -0.004098 -0.019135 -0.046468
v 0.005500 -0.018626 -0.045953
v -0.004098 -0.018421 -0.045762
v 0.005500 -0.016758 -0.044484
v -0.004098 -0.016580 -0.044372
v 0.005500 -0.016495 -0.044320
v -0.004098 -0.016495 -0.044320
v 0.005500 -0.014646 -0.043395
v -0.004098 -0.014516 -0.043344
v 0.005500 -0.013372 -0.042964
v -0.004098 -0.013372 -0.042964
v 0.005500 -0.012366 -0.042726
v -0.004098 -0.012297 -0.042713
v 0.005500 -0.010000 -0.042500
v -0.004098 -0.010000 -0.042500
v 0.005500 -0.007634 -0.042726
v -0.004098 -0.007703 -0.042713
v 0.005500 -0.006628 -0.042964
v -0.004098 -0.006628 -0.042964
v 0.005500 -0.005354 -0.043395
v -0.004098 -0.005484 -0.043344
v -0.004098 -0.003505 -0.044320
v 0.000500 -0.012000 -0.015000
v 0.000327 -0.011969 -0.015000
v 0.000327 -0.011969 0.019000
v 0.000250 -0.011933 -0.015000
v 0.000250 -0.011933 0.019000
v 0.000146 -0.011854 -0.015000
v 0.000146 -0.011854 0.019000
v 0.000067 -0.011750 -0.015000
v 0.000067 -0.011750 0.019000
v 0.000000 -0.011500 -0.015000
v 0.000031 -0.011673 -0.015000
v 0.000000 -0.011500 -0.006000
v 0.000000 -0.011500 0.006000
v 0.000000 -0.011500 0.017063
v 0.000031 -0.011673 0.019000
v 0.000000 -0.011500 0.019000
v 0.000250 -0.010000 0.020933
v 0.000146 -0.010000 0.020854
v 0.000146 -0.010642 0.020739
v 0.000067 -0.010000 0.020750
v 0.000031 -0.010000 0.020673
v 0.000031 -0.010579 0.020570
v 0.000146 -0.011739 0.019642
v 0.000327 -0.011847 0.019682
v 0.000327 -0.010682 0.020847
v 0.000327 -0.010000 0.020969
v 0.000327 -0.011392 0.020392
v 0.000000 -0.011407 0.019519
v 0.000031 -0.011570 0.019579
v 0.000031 -0.011183 0.020183
v 0.000000 -0.011061 0.020061
v 0.000000 -0.010519 0.020407
v 0.000000 -0.010000 0.020500
v 0.000146 -0.011311 0.020311
v 0.000000 0.003160 0.020500
v 0.000067 0.010000 0.020750
v 0.000000 0.007803 0.020500
v 0.000031 0.010000 0.020673
v 0.000000 0.010000 0.020500
v 0.000000 -0.007803 0.020500
v 0.000000 -0.002321 0.020500
v 0.000327 0.010000 0.020969
v 0.000250 0.010000 0.020933
v 0.000146 0.010000 0.020854
v 0.000250 0.011933 0.019000
v 0.000146 0.011854 0.019000
v 0.000146 0.011739 0.019642
v 0.000067 0.011750 0.019000
v 0.000031 0.011673 0.019000
v 0.000031 0.011570 0.019579
v 0.000146 0.010642 0.020739
v 0.000327 0.010682 0.020847
v 0.000500 0.011732 0.020000
v 0.000500 0.011876 0.019692
v 0.000327 0.011847 0.019682
v 0.000500 0.012000 0.019000
v 0.000327 0.011969 0.019000
v 0.000500 0.011414 0.020414
v 0.000327 0.011392 0.020392
v 0.000500 0.011000 0.020732
v 0.000500 0.010692 0.020876
v 0.000000 0.010519 0.020407
v 0.000031 0.010579 0.020570
v 0.000031 0.011183 0.020183
v 0.000000 0.011061 0.020061
v 0.000000 0.011407 0.019519
v 0.000000 0.011500 0.019000
v 0.000146 0.011311 0.020311
v 0.000000 -0.003673 -0.028360
v 0.000000 -0.003673 -0.019540
v 0.000000 -0.002350 -0.028360
v 0.000000 -0.002350 -0.019540
v 0.000000 -0.002321 -0.019540
v 0.000000 0.000945 -0.019540
v 0.000000 0.000945 -0.018360
v 0.000000 -0.002321 -0.018360
v 0.000000 -0.006982 -0.018360
v 0.000000 -0.006982 -0.019540
v 0.000000 0.000733 -0.028360
v 0.000000 0.000733 -0.027180
v 0.000000 0.003160 -0.028360
v 0.000000 0.006982 -0.028360
v 0.000000 0.006982 -0.018360
v 0.000000 0.005658 -0.018360
v 0.000000 0.005658 -0.027180
v 0.000000 0.003160 -0.027180
v 0.000000 -0.007000 -0.013625
v 0.000000 -0.007812 -0.013407
v 0.000000 -0.008407 -0.012812
v 0.000000 -0.008625 -0.012000
v 0.000000 -0.008407 -0.011188
v 0.000000 -0.007812 -0.010593
v 0.000000 -0.007000 -0.010375
v 0.000000 -0.006187 -0.010593
v 0.000000 -0.005593 -0.011188
v 0.000000 -0.005375 -0.012000
v 0.000000 -0.005593 -0.012812
v 0.000000 -0.006187 -0.013407
v 0.000000 0.007000 0.010375
v 0.000000 0.006187 0.010593
v 0.000000 0.005593 0.011188
v 0.000000 0.005375 0.012000
v 0.000000 0.005593 0.012812
v 0.000000 0.006187 0.013407
v 0.000000 0.007000 0.013625
v 0.000000 0.007812 0.013407
v 0.000000 0.008407 0.012812
v 0.000000 0.008625 0.012000
v 0.000000 0.008407 0.011188
v 0.000000 0.007812 0.010593
v 0.000000 0.007000 -0.013625
v 0.000000 0.006187 -0.013407
v 0.000000 0.005593 -0.012812
v 0.000000 0.005375 -0.012000
v 0.000000 0.005593 -0.011188
v 0.000000 0.006187 -0.010593
v 0.000000 0.007000 -0.010375
v 0.000000 0.007812 -0.010593
v 0.000000 0.008407 -0.011188
v 0.000000 0.008625 -0.012000
v 0.000000 0.008407 -0.012812
v 0.000000 0.007812 -0.013407
v 0.000000 -0.007000 0.010375
v 0.000000 -0.007812 0.010593
v 0.000000 -0.008407 0.011188
v 0.000000 -0.008625 0.012000
v 0.000000 -0.008407 0.012812
v 0.000000 -0.007812 0.013407
v 0.000000 -0.007000 0.013625
v 0.000000 -0.006187 0.013407
v 0.000000 -0.005593 0.012812
v 0.000000 -0.005375 0.012000
v 0.000000 -0.005593 0.011188
v 0.000000 -0.006187 0.010593
v 0.000000 0.007000 -0.001625
v 0.000000 0.006187 -0.001407
v 0.000000 0.005593 -0.000813
v 0.000000 0.005375 0.000000
v 0.000000 0.005593 0.000813
v 0.000000 0.006187 0.001407
v 0.000000 0.007000 0.001625
v 0.000000 0.007812 0.001407
v 0.000000 0.008407 0.000813
v 0.000000 0.008625 0.000000
v 0.000000 0.008407 -0.000813
v 0.000000 0.007812 -0.001407
v 0.000000 -0.007000 -0.001625
v 0.000000 -0.007812 -0.001407
v 0.000000 -0.008407 -0.000813
v 0.000000 -0.008625 -0.000000
v 0.000000 -0.008407 0.000813
v 0.000000 -0.007812 0.001407
v 0.000000 -0.007000 0.001625
v 0.000000 -0.006187 0.001407
v 0.000000 -0.005593 0.000813
v 0.000000 -0.005375 0.000000
v 0.000000 -0.005593 -0.000813
v 0.000000 -0.006187 -0.001407
v 0.005500 0.012000 0.019000
v 0.005500 0.011876 0.019692
v 0.005500 0.011732 0.020000
v 0.005500 0.011414 0.020414
v 0.005500 0.011000 0.020732
v 0.005500 0.010692 0.020876
v 0.000000 0.011500 -0.015000
v 0.000000 0.011500 -0.006000
v 0.000031 0.011673 -0.015000
v 0.000067 0.011750 -0.015000
v 0.000000 0.011500 0.017063
v 0.000000 0.011500 0.006000
v 0.000146 0.011854 -0.015000
v 0.000250 0.011933 -0.015000
v 0.000327 0.011969 -0.015000
v 0.000500 0.012000 -0.015000
v 0.005500 -0.012000 -0.015000
v 0.005673 -0.011969 0.019000
v 0.005673 -0.011969 -0.015000
v 0.005750 -0.011933 0.019000
v 0.005750 -0.011933 -0.015000
v 0.005854 -0.011854 0.019000
v 0.005854 -0.011854 -0.015000
v 0.005933 -0.011750 0.019000
v 0.005933 -0.011750 -0.015000
v 0.006000 -0.011500 0.019000
v 0.005969 -0.011673 0.019000
v 0.006000 -0.011500 0.018000
v 0.006000 -0.011500 0.006000
v 0.006000 -0.011500 -0.006000
v 0.005969 -0.011673 -0.015000
v 0.006000 -0.011500 -0.015000
v 0.005933 -0.010000 0.020750
v 0.005854 -0.010000 0.020854
v 0.005854 -0.010642 0.020739
v 0.005750 -0.010000 0.020933
v 0.005673 -0.010000 0.020969
v 0.005673 -0.010682 0.020847
v 0.005854 -0.011739 0.019642
v 0.005969 -0.011570 0.019579
v 0.006000 -0.010000 0.020500
v 0.005969 -0.010000 0.020673
v 0.005969 -0.010579 0.020570
v 0.006000 -0.010519 0.020407
v 0.005969 -0.011183 0.020183
v 0.006000 -0.011061 0.020061
v 0.006000 -0.011407 0.019519
v 0.005673 -0.011847 0.019682
v 0.005673 -0.011392 0.020392
v 0.005854 -0.011311 0.020311
v 0.005673 0.010000 0.020969
v 0.005750 0.010000 0.020933
v 0.005854 0.010000 0.020854
v 0.005933 0.010000 0.020750
v 0.005969 0.010000 0.020673
v 0.006000 0.010000 0.020500
v 0.005933 0.011750 0.019000
v 0.005854 0.011854 0.019000
v 0.005854 0.011739 0.019642
v 0.005750 0.011933 0.019000
v 0.005673 0.011969 0.019000
v 0.005673 0.011847 0.019682
v 0.005854 0.010642 0.020739
v 0.005969 0.010579 0.020570
v 0.006000 0.011500 0.019000
v 0.005969 0.011673 0.019000
v 0.005969 0.011570 0.019579
v 0.006000 0.011407 0.019519
v 0.005969 0.011183 0.020183
v 0.006000 0.011061 0.020061
v 0.006000 0.010519 0.020407
v 0.005673 0.010682 0.020847
v 0.005673 0.011392 0.020392
v 0.005854 0.011311 0.020311
v 0.005933 0.011750 -0.015000
v 0.005854 0.011854 -0.015000
v 0.005750 0.011933 -0.015000
v 0.005673 0.011969 -0.015000
v 0.005500 0.012000 -0.015000
v 0.006000 0.011500 -0.015000
v 0.005969 0.011673 -0.015000
v 0.006000 0.011500 -0.006000
v 0.006000 0.011500 0.006000
v 0.006000 0.011500 0.018000
v 0.006000 0.005250 0.015031
v 0.006000 0.003969 0.013750
v 0.006000 0.003500 0.012000
v 0.006000 0.003969 0.010250
v 0.006000 0.005250 0.008969
v 0.006000 0.007000 0.008500
v 0.006000 0.008750 0.008969
v 0.006000 0.010031 0.010250
v 0.006000 0.010500 0.012000
v 0.006000 0.010031 0.013750
v 0.006000 0.008750 0.015031
v 0.006000 0.007000 0.015500
v 0.006000 0.005250 0.003031
v 0.006000 0.003969 0.001750
v 0.006000 0.003500 0.000000
v 0.006000 0.003969 -0.001750
v 0.006000 0.005250 -0.003031
v 0.006000 0.007000 -0.003500
v 0.006000 0.008750 -0.003031
v 0.006000 0.010031 -0.001750
v 0.006000 0.010500 -0.000000
v 0.006000 0.010031 0.001750
v 0.006000 0.008750 0.003031
v 0.006000 0.007000 0.003500
v 0.006000 -0.008750 -0.008969
v 0.006000 -0.010031 -0.010250
v 0.006000 -0.010500 -0.012000
v 0.006000 -0.010031 -0.013750
v 0.006000 -0.008750 -0.015031
v 0.006000 -0.007000 -0.015500
v 0.006000 -0.005250 -0.015031
v 0.006000 -0.003969 -0.013750
v 0.006000 -0.003500 -0.012000
v 0.006000 -0.003969 -0.010250
v 0.006000 -0.005250 -0.008969
v 0.006000 -0.007000 -0.008500
v 0.006000 -0.010000 -0.068000
v 0.006000 -0.008764 -0.067941
v 0.005969 -0.008781 -0.067769
v 0.006000 -0.006337 -0.067473
v 0.005969 -0.006386 -0.067307
v 0.006000 -0.004043 -0.066555
v 0.005969 -0.004122 -0.066401
v 0.006000 -0.001964 -0.065219
v 0.005969 -0.002071 -0.065083
v 0.006000 -0.000175 -0.063513
v 0.005969 -0.000306 -0.063400
v 0.006000 0.001258 -0.061500
v 0.005969 0.001108 -0.061413
v 0.006000 0.002285 -0.059252
v 0.005969 0.002121 -0.059195
v 0.006000 0.002868 -0.056850
v 0.005969 0.002696 -0.056825
v 0.006000 0.002985 -0.054381
v 0.005969 0.002812 -0.054390
v 0.006000 0.002634 -0.051935
v 0.005969 0.002465 -0.051976
v 0.006000 0.001825 -0.049600
v 0.005969 0.001668 -0.049671
v 0.006000 0.000589 -0.047459
v 0.005969 0.000449 -0.047560
v 0.006000 -0.001029 -0.045591
v 0.005969 -0.001148 -0.045717
v 0.006000 -0.002972 -0.044064
v 0.005969 -0.003065 -0.044209
v 0.006000 -0.005168 -0.042931
v 0.005969 -0.005233 -0.043092
v 0.006000 -0.007540 -0.042235
v 0.005969 -0.007572 -0.042405
v 0.006000 -0.010000 -0.042000
v 0.005969 -0.010000 -0.042173
v 0.006000 -0.012460 -0.042235
v 0.005969 -0.012428 -0.042405
v 0.006000 -0.014832 -0.042931
v 0.005969 -0.014767 -0.043092
v 0.006000 -0.017028 -0.044064
v 0.005969 -0.016935 -0.044209
v 0.006000 -0.018971 -0.045591
v 0.005969 -0.018852 -0.045717
v 0.006000 -0.020589 -0.047459
v 0.005969 -0.020449 -0.047560
v 0.006000 -0.021825 -0.049600
v 0.005969 -0.021668 -0.049671
v 0.006000 -0.022634 -0.051935
v 0.005969 -0.022465 -0.051976
v 0.006000 -0.022985 -0.054381
v 0.005969 -0.022812 -0.054390
v 0.006000 -0.022868 -0.056850
v 0.005969 -0.022696 -0.056825
v 0.006000 -0.022285 -0.059252
v 0.005969 -0.022121 -0.059195
v 0.006000 -0.021258 -0.061500
v 0.005969 -0.021108 -0.061413
v 0.006000 -0.019825 -0.063513
v 0.005969 -0.019694 -0.063400
v 0.006000 -0.018036 -0.065219
v 0.005969 -0.017929 -0.065083
v 0.006000 -0.015957 -0.066555
v 0.005969 -0.015878 -0.066401
v 0.006000 -0.013663 -0.067473
v 0.005969 -0.013614 -0.067307
v 0.006000 -0.011236 -0.067941
v 0.005969 -0.011219 -0.067769
v 0.005673 -0.012371 -0.042696
v 0.005673 -0.014657 -0.043367
v 0.005673 -0.016775 -0.044458
v 0.005673 -0.018647 -0.045931
v 0.005673 -0.020207 -0.047731
v 0.005673 -0.021399 -0.049794
v 0.005673 -0.022178 -0.052046
v 0.005673 -0.020852 -0.061265
v 0.005673 -0.021842 -0.059098
v 0.005673 -0.022403 -0.056783
v 0.005673 -0.022517 -0.054404
v 0.005673 -0.019470 -0.063206
v 0.005673 -0.015742 -0.066138
v 0.005673 -0.017746 -0.064850
v 0.005673 -0.013530 -0.067023
v 0.005673 -0.008809 -0.067474
v 0.005673 -0.011191 -0.067474
v 0.005673 -0.006470 -0.067023
v 0.005673 -0.002254 -0.064850
v 0.005673 -0.004258 -0.066138
v 0.005673 -0.000530 -0.063206
v 0.005673 0.000852 -0.061265
v 0.005673 0.001842 -0.059098
v 0.005673 0.002403 -0.056783
v 0.005673 0.002517 -0.054404
v 0.005673 0.002178 -0.052046
v 0.005673 0.001399 -0.049794
v 0.005673 0.000207 -0.047731
v 0.005673 -0.001353 -0.045931
v 0.005673 -0.003225 -0.044458
v 0.005673 -0.010000 -0.042469
v 0.005673 -0.007629 -0.042696
v 0.005673 -0.005343 -0.043367
v 0.005854 -0.010000 -0.042354
v 0.005854 -0.012393 -0.042582
v 0.005854 -0.014700 -0.043259
v 0.005854 -0.016837 -0.044361
v 0.005854 -0.018727 -0.045847
v 0.005854 -0.020301 -0.047664
v 0.005854 -0.021504 -0.049746
v 0.005854 -0.022290 -0.052018
v 0.005854 -0.022632 -0.054398
v 0.005854 -0.022518 -0.056800
v 0.005854 -0.021951 -0.059136
v 0.005854 -0.020952 -0.061323
v 0.005854 -0.019558 -0.063282
v 0.005854 -0.017818 -0.064941
v 0.005854 -0.015795 -0.066241
v 0.005854 -0.013563 -0.067134
v 0.005854 -0.011202 -0.067589
v 0.005854 -0.008798 -0.067589
v 0.005854 -0.006437 -0.067134
v 0.005854 -0.004205 -0.066241
v 0.005854 -0.002182 -0.064941
v 0.005854 -0.000442 -0.063282
v 0.005854 0.000952 -0.061323
v 0.005854 0.001951 -0.059136
v 0.005854 0.002518 -0.056800
v 0.005854 0.002632 -0.054398
v 0.005854 0.002290 -0.052018
v 0.005854 0.001504 -0.049746
v 0.005854 0.000301 -0.047664
v 0.005854 -0.001273 -0.045847
v 0.005854 -0.003163 -0.044361
v 0.005854 -0.005300 -0.043259
v 0.005854 -0.007607 -0.042582
v 0.006000 -0.008750 0.003031
v 0.006000 -0.010031 0.001750
v 0.006000 -0.010500 -0.000000
v 0.006000 -0.010031 -0.001750
v 0.006000 -0.008750 -0.003031
v 0.006000 -0.007000 -0.003500
v 0.006000 -0.005250 -0.003031
v 0.006000 -0.003969 -0.001750
v 0.006000 -0.003500 -0.000000
v 0.006000 -0.003969 0.001750
v 0.006000 -0.005250 0.003031
v 0.006000 -0.007000 0.003500
v 0.006000 0.005250 -0.008969
v 0.006000 0.003969 -0.010250
v 0.006000 0.003500 -0.012000
v 0.006000 0.003969 -0.013750
v 0.006000 0.005250 -0.015031
v 0.006000 0.007000 -0.015500
v 0.006000 0.008750 -0.015031
v 0.006000 0.010031 -0.013750
v 0.006000 0.010500 -0.012000
v 0.006000 0.010031 -0.010250
v 0.006000 0.008750 -0.008969
v 0.006000 0.007000 -0.008500
v 0.006000 -0.008750 0.015031
v 0.006000 -0.010031 0.013750
v 0.006000 -0.010500 0.012000
v 0.006000 -0.010031 0.010250
v 0.006000 -0.008750 0.008969
v 0.006000 -0.007000 0.008500
v 0.006000 -0.005250 0.008969
v 0.006000 -0.003969 0.010250
v 0.006000 -0.003500 0.012000
v 0.006000 -0.003969 0.013750
v 0.006000 -0.005250 0.015031
v 0.006000 -0.007000 0.015500
v 0.000327 -0.012108 -0.018566
v 0.000500 -0.012138 -0.018563
v 0.000327 -0.012697 -0.023145
v 0.000500 -0.012727 -0.023140
v 0.000500 -0.013109 -0.025033
v 0.000327 -0.013742 -0.027642
v 0.000500 -0.013772 -0.027634
v 0.000500 -0.014749 -0.030650
v 0.000327 -0.015234 -0.032012
v 0.000500 -0.015263 -0.032000
v 0.000327 -0.016683 -0.035273
v 0.000500 -0.016710 -0.035259
v 0.000000 -0.014798 -0.032185
v 0.000000 -0.016262 -0.035480
v 0.000031 -0.016417 -0.035403
v 0.000031 -0.014959 -0.032121
v 0.000031 -0.013458 -0.027724
v 0.000000 -0.013291 -0.027771
v 0.000031 -0.012405 -0.023198
v 0.000000 -0.012235 -0.023228
v 0.000031 -0.011812 -0.018589
v 0.000000 -0.011640 -0.018602
v 0.000146 -0.011992 -0.018575
v 0.000146 -0.012583 -0.023166
v 0.000146 -0.013631 -0.027674
v 0.000146 -0.015127 -0.032054
v 0.000146 -0.016579 -0.035324
v 0.005854 -0.011939 -0.017802
v 0.005673 -0.012054 -0.017795
v 0.005673 -0.022644 -0.044447
v 0.005673 -0.020918 -0.042246
v 0.005500 -0.022667 -0.044427
v 0.005500 -0.020943 -0.042228
v 0.005500 -0.020094 -0.041036
v 0.005673 -0.018485 -0.038588
v 0.005500 -0.018512 -0.038572
v 0.005500 -0.017090 -0.036014
v 0.005673 -0.016413 -0.034715
v 0.005500 -0.016441 -0.034701
v 0.005673 -0.014720 -0.030661
v 0.005500 -0.014749 -0.030650
v 0.005673 -0.013422 -0.026464
v 0.005500 -0.013452 -0.026456
v 0.005500 -0.013109 -0.025033
v 0.005673 -0.012531 -0.022162
v 0.005500 -0.012561 -0.022157
v 0.005500 -0.012197 -0.019253
v 0.005500 -0.012085 -0.017793
v 0.006000 -0.011586 -0.017823
v 0.005969 -0.011759 -0.017813
v 0.005969 -0.012238 -0.022208
v 0.006000 -0.012067 -0.022235
v 0.005969 -0.013135 -0.026538
v 0.006000 -0.012968 -0.026581
v 0.005969 -0.014442 -0.030762
v 0.006000 -0.014279 -0.030821
v 0.005969 -0.016146 -0.034842
v 0.006000 -0.015989 -0.034916
v 0.005969 -0.018231 -0.038740
v 0.006000 -0.018083 -0.038829
v 0.005969 -0.020679 -0.042422
v 0.006000 -0.020540 -0.042525
v 0.005969 -0.022416 -0.044636
v 0.006000 -0.022283 -0.044747
v 0.005854 -0.012417 -0.022180
v 0.005854 -0.013310 -0.026493
v 0.005854 -0.014611 -0.030700
v 0.005854 -0.016309 -0.034764
v 0.005854 -0.018386 -0.038648
v 0.005854 -0.020825 -0.042315
v 0.005854 -0.022555 -0.044521
v -0.009912 -0.005423 -0.066814
v -0.009912 -0.007672 -0.067453
v -0.009912 0.000110 -0.062635
v -0.009912 -0.001465 -0.064363
v -0.009912 0.002615 -0.056169
v -0.009912 0.002186 -0.058467
v -0.009912 0.001341 -0.049353
v -0.009912 0.002186 -0.051533
v -0.009912 -0.003331 -0.044228
v -0.009912 -0.001465 -0.045637
v -0.009912 -0.018535 -0.045637
v -0.009912 -0.016669 -0.044228
v -0.009912 -0.022186 -0.051533
v -0.009912 -0.021341 -0.049353
v -0.009912 -0.022186 -0.058467
v -0.009912 -0.022615 -0.056169
v -0.009912 -0.018535 -0.064363
v -0.009912 -0.020110 -0.062635
v -0.009912 -0.012328 -0.067453
v -0.009912 -0.014577 -0.066814
v -0.009912 -0.016669 -0.065772
v -0.009912 -0.021341 -0.060647
v -0.009912 -0.022615 -0.053831
v -0.009912 -0.020110 -0.047365
v -0.009912 -0.012328 -0.042547
v -0.009912 -0.014577 -0.043186
v -0.009912 -0.007672 -0.042547
v -0.009912 -0.010000 -0.042331
v -0.009912 -0.005423 -0.043186
v -0.009912 0.000110 -0.047365
v -0.009912 0.002615 -0.053831
v -0.009912 0.001341 -0.060647
v -0.009912 -0.003331 -0.065772
v -0.009912 -0.010000 -0.067669
v -0.015706 -0.010000 -0.068176
v -0.015706 -0.012421 -0.067952
v -0.015706 -0.014760 -0.067286
v -0.015706 -0.016936 -0.066203
v -0.015706 -0.018877 -0.064737
v -0.015706 -0.020515 -0.062940
v -0.015706 -0.021795 -0.060873
v -0.015706 -0.022673 -0.058606
v -0.015706 -0.023120 -0.056216
v -0.015706 -0.023120 -0.053784
v -0.015706 -0.022673 -0.051394
v -0.015706 -0.021795 -0.049127
v -0.015706 -0.020515 -0.047060
v -0.015706 -0.018877 -0.045263
v -0.015706 -0.016936 -0.043797
v -0.015706 -0.014760 -0.042714
v -0.015706 -0.012421 -0.042048
v -0.015706 -0.010000 -0.041824
v -0.015706 -0.007579 -0.042048
v -0.015706 -0.005240 -0.042714
v -0.015706 -0.003064 -0.043797
v -0.015706 -0.001123 -0.045263
v -0.015706 0.000515 -0.047060
v -0.015706 0.001795 -0.049127
v -0.015706 0.002673 -0.051394
v -0.015706 0.003120 -0.053784
v -0.015706 0.003120 -0.056216
v -0.015706 0.002673 -0.058606
v -0.015706 0.001795 -0.060873
v -0.015706 0.000515 -0.062940
v -0.015706 -0.001123 -0.064737
v -0.015706 -0.003064 -0.066203
v -0.015706 -0.005240 -0.067286
v -0.015706 -0.007579 -0.067952
v -0.021462 -0.023484 -0.058836
v -0.021462 -0.023959 -0.056294
v -0.021462 -0.024019 -0.055000
v -0.021462 -0.023959 -0.053706
v -0.021462 -0.023484 -0.051164
v -0.021462 -0.022549 -0.048751
v -0.021462 -0.021187 -0.046552
v -0.021462 -0.019445 -0.044640
v -0.021462 -0.017380 -0.043081
v -0.021462 -0.015064 -0.041928
v -0.021462 -0.012576 -0.041220
v -0.021462 -0.010000 -0.040981
v -0.021462 -0.007424 -0.041220
v -0.021462 -0.004936 -0.041928
v -0.021462 -0.002620 -0.043081
v -0.021462 -0.000555 -0.044640
v -0.021462 0.001187 -0.046552
v -0.021462 0.002549 -0.048751
v -0.021462 0.003484 -0.051164
v -0.021462 0.003959 -0.053706
v -0.021462 0.003959 -0.056294
v -0.021462 0.003484 -0.058836
v -0.021462 0.002549 -0.061249
v -0.021462 0.001187 -0.063448
v -0.021462 -0.000555 -0.065360
v -0.021462 -0.002620 -0.066919
v -0.021462 -0.004936 -0.068072
v -0.021462 -0.007424 -0.068780
v -0.021462 -0.010000 -0.069019
v -0.021462 -0.012576 -0.068780
v -0.021462 -0.015064 -0.068072
v -0.021462 -0.017380 -0.066919
v -0.021462 -0.019445 -0.065360
v -0.021462 -0.021187 -0.063448
v -0.021462 -0.022549 -0.061249
v 0.000000 0.009702 -0.039231
v 0.000000 0.008511 -0.046190
v 0.000000 0.008174 -0.045516
v 0.000000 -0.015515 -0.035256
v 0.000000 0.007803 0.017063
v 0.000000 -0.007803 0.017063
v 0.000000 -0.007803 0.006000
v 0.000000 -0.007803 -0.006000
v 0.000000 -0.007803 -0.015993
v 0.000000 -0.012475 -0.034650
v 0.000000 -0.009378 -0.034509
v 0.000000 -0.000453 -0.036859
v 0.000000 -0.003298 -0.035626
v 0.000000 -0.006296 -0.034837
v 0.000000 -0.002321 -0.015993
v 0.000000 0.003160 -0.015993
v 0.000000 0.004521 -0.040529
v 0.000000 0.002173 -0.038505
v 0.000000 0.007803 -0.015993
v 0.000000 0.011348 -0.022059
v 0.000000 0.010751 -0.030667
v 0.000000 0.006537 -0.042884
v 0.000000 -0.002321 -0.006000
v 0.000000 0.003160 0.017063
v 0.000000 0.003160 0.006000
v 0.000000 0.007803 0.006000
v 0.000000 0.003160 -0.006000
v 0.000000 0.007803 -0.006000
v 0.000000 -0.002321 0.006000
v 0.000000 -0.002321 0.017063
v -0.000092 -0.018058 -0.037844
v -0.000358 -0.018727 -0.038928
v 0.000331 -0.017523 -0.036834
v -0.000311 -0.017561 -0.037621
v -0.000368 -0.017818 -0.037892
v -0.000327 -0.017879 -0.037870
v -0.001640 -0.020248 -0.041258
v -0.001020 -0.019558 -0.040240
v -0.001112 -0.019526 -0.040210
v -0.001201 -0.019477 -0.040193
v -0.002524 -0.021038 -0.042375
v -0.004000 -0.022667 -0.044427
v -0.001351 -0.019341 -0.040198
v -0.001361 -0.019354 -0.040216
v -0.001318 -0.019379 -0.040192
v -0.001281 -0.019415 -0.040189
v -0.000108 -0.016989 -0.036713
v -0.000049 -0.017137 -0.036644
v 0.000061 -0.017263 -0.036597
v 0.000210 -0.017350 -0.036577
v 0.000459 -0.017092 -0.036017
v -0.000222 -0.017983 -0.037845
v -0.001445 -0.019472 -0.040378
v -0.001722 -0.019850 -0.040885
v -0.002568 -0.021013 -0.042363
v -0.002609 -0.020984 -0.042355
v -0.002697 -0.021092 -0.042491
v -0.002968 -0.021422 -0.042906
v -0.003492 -0.022055 -0.043687
v 0.005854 0.011744 -0.020995
v 0.005969 0.011564 -0.020988
v 0.006000 0.005406 -0.059318
v 0.005969 0.005573 -0.059365
v 0.005969 0.007084 -0.053570
v 0.006000 0.006916 -0.053529
v 0.005969 0.008815 -0.045519
v 0.006000 0.008645 -0.045487
v 0.005969 0.010141 -0.037391
v 0.006000 0.009969 -0.037368
v 0.005969 0.011058 -0.029208
v 0.006000 0.010885 -0.029193
v 0.006000 0.011391 -0.020982
v 0.005500 0.011891 -0.021000
v 0.005673 0.011860 -0.020999
v 0.005500 0.011689 -0.025121
v 0.005673 0.011353 -0.029233
v 0.005500 0.011384 -0.029236
v 0.005673 0.010434 -0.037432
v 0.005500 0.010465 -0.037436
v 0.005673 0.009106 -0.045574
v 0.005500 0.009136 -0.045579
v 0.005500 0.008320 -0.049624
v 0.005673 0.007372 -0.053639
v 0.005500 0.007402 -0.053646
v 0.005673 0.005858 -0.059445
v 0.005500 0.005888 -0.059453
v 0.005854 0.011238 -0.029223
v 0.005854 0.010320 -0.037416
v 0.005854 0.008992 -0.045552
v 0.005854 0.007259 -0.053612
v 0.005854 0.005747 -0.059414
v -0.000729 0.007800 -0.051352
v -0.000312 0.008118 -0.049660
v -0.000205 0.008211 -0.049705
v -0.000950 0.007626 -0.051811
v -0.000803 0.007716 -0.051309
v -0.000066 0.008318 -0.047551
v 0.000031 0.008680 -0.046223
v -0.000735 0.007759 -0.051063
v -0.000626 0.007829 -0.050655
v -0.000384 0.008001 -0.049618
v -0.000081 0.008342 -0.047924
v -0.001895 0.007091 -0.054538
v -0.001794 0.007147 -0.054272
v -0.001257 0.007462 -0.053017
v -0.001705 0.007196 -0.054036
v -0.002502 0.006729 -0.056295
v -0.004000 0.005888 -0.059453
v -0.003984 0.005897 -0.059418
v -0.001866 0.007023 -0.055186
v -0.002966 0.006499 -0.057129
v -0.002935 0.006516 -0.057057
v -0.002547 0.006721 -0.056271
v -0.002588 0.006710 -0.056248
v 0.000068 0.008285 -0.049784
v -0.000502 0.007840 -0.051782
v -0.000075 0.008269 -0.049748
v -0.001085 0.007523 -0.053098
v -0.001174 0.007501 -0.053059
v -0.000043 0.008417 -0.047944
v 0.000069 0.008541 -0.047984
v 0.000216 0.008624 -0.048019
v 0.000266 0.008491 -0.048817
v 0.000146 0.008858 -0.046257
v 0.000327 0.008971 -0.046279
v 0.000500 0.009001 -0.046285
v -0.000992 0.007524 -0.053135
v 0.000327 0.010166 -0.039301
v 0.000500 0.010197 -0.039305
v 0.000327 0.011218 -0.030711
v 0.000500 0.011249 -0.030714
v 0.000500 0.010465 -0.037436
v 0.000327 0.011817 -0.022079
v 0.000500 0.011848 -0.022080
v 0.000500 0.011689 -0.025121
v 0.000146 0.011701 -0.022074
v 0.000031 0.011521 -0.022066
v 0.000031 0.010923 -0.030683
v 0.000146 0.010052 -0.039284
v 0.000031 0.009873 -0.039257
v 0.000146 0.011103 -0.030700
v 0.006000 0.003250 0.018000
v 0.006000 -0.000250 0.018000
v 0.006000 -0.000250 -0.028750
v 0.006000 -0.010932 -0.070973
v 0.006000 -0.013628 -0.070583
v 0.006000 -0.016219 -0.069742
v 0.006000 -0.018629 -0.068474
v 0.006000 -0.020790 -0.066815
v 0.006000 -0.022637 -0.064813
v 0.006000 -0.024119 -0.062528
v 0.006000 -0.025191 -0.060024
v 0.006000 -0.025823 -0.057374
v 0.006000 -0.025996 -0.054656
v 0.006000 -0.025706 -0.051948
v 0.006000 -0.024961 -0.049328
v 0.006000 -0.023782 -0.046872
v 0.006000 -0.000250 -0.006000
v 0.006000 -0.000250 0.006000
v 0.006000 0.011000 0.018000
v 0.006000 0.011000 -0.006000
v 0.006000 0.003250 -0.006000
v 0.006000 0.003250 -0.028750
v 0.006000 0.003147 -0.064119
v 0.006000 0.004503 -0.061757
v 0.006000 0.001410 -0.066217
v 0.006000 -0.000658 -0.067990
v 0.006000 -0.002997 -0.069386
v 0.006000 -0.005538 -0.070365
v 0.006000 -0.008209 -0.070899
v 0.006000 0.011000 0.006000
v 0.006000 0.003250 0.006000
v -0.021838 -0.025416 -0.049553
v -0.021838 -0.026115 -0.052237
v -0.021244 -0.026263 -0.052211
v -0.021838 -0.010694 -0.038664
v -0.021838 -0.013445 -0.039017
v -0.021244 -0.013476 -0.038870
v -0.021244 0.006380 -0.056989
v -0.021244 0.005968 -0.059158
v -0.021838 0.005823 -0.059120
v -0.021838 -0.013445 -0.070983
v -0.021838 -0.010694 -0.071336
v -0.021244 -0.010700 -0.071485
v -0.021838 -0.026115 -0.057763
v -0.021838 -0.025416 -0.060447
v -0.021244 -0.025557 -0.060497
v -0.021838 -0.022721 -0.065272
v -0.021244 -0.023579 -0.064373
v -0.021838 -0.024274 -0.062974
v -0.021244 -0.024405 -0.063047
v -0.021244 -0.025428 -0.060851
v -0.021838 -0.018573 -0.068923
v -0.021244 -0.018651 -0.069050
v -0.021838 -0.020802 -0.067274
v -0.021244 -0.020901 -0.067386
v -0.021244 -0.022838 -0.065366
v -0.021244 -0.013476 -0.071130
v -0.021244 -0.013949 -0.071021
v -0.021838 -0.016096 -0.070171
v -0.021244 -0.016152 -0.070310
v -0.021244 -0.017668 -0.069610
v -0.021838 -0.005212 -0.070634
v -0.021244 -0.006051 -0.071021
v -0.021838 -0.007923 -0.071218
v -0.021244 -0.007904 -0.071366
v -0.021244 -0.010000 -0.071500
v -0.021838 -0.000278 -0.068146
v -0.021244 -0.002332 -0.069610
v -0.021838 -0.002639 -0.069600
v -0.021244 -0.002572 -0.069733
v -0.021244 -0.005168 -0.070777
v -0.021838 0.001804 -0.066313
v -0.021244 0.000942 -0.067350
v -0.021244 -0.000189 -0.068266
v -0.021838 0.003546 -0.064156
v -0.021244 0.003579 -0.064373
v -0.021244 0.001912 -0.066417
v -0.021838 0.004899 -0.061735
v -0.021244 0.005428 -0.060851
v -0.021244 0.005035 -0.061796
v -0.021244 0.003670 -0.064240
v -0.021244 0.006441 -0.056399
v -0.021838 0.006291 -0.056387
v -0.021244 0.006441 -0.053601
v -0.021838 0.006291 -0.053613
v -0.021244 0.006380 -0.053011
v -0.021244 0.005968 -0.050842
v -0.021838 0.005823 -0.050880
v -0.021244 0.005428 -0.049149
v -0.021838 0.004899 -0.048265
v -0.021244 0.005035 -0.048204
v -0.021244 0.003670 -0.045760
v -0.021838 0.003546 -0.045844
v -0.021244 0.003579 -0.045627
v -0.021838 0.001804 -0.043687
v -0.021244 0.001912 -0.043583
v -0.021838 -0.000278 -0.041854
v -0.021244 -0.000189 -0.041734
v -0.021244 0.000942 -0.042650
v -0.021838 -0.005212 -0.039366
v -0.021244 -0.005168 -0.039223
v -0.021838 -0.002639 -0.040400
v -0.021244 -0.002572 -0.040267
v -0.021244 -0.002332 -0.040390
v -0.021244 -0.010700 -0.038515
v -0.021244 -0.010000 -0.038500
v -0.021838 -0.007923 -0.038782
v -0.021244 -0.007904 -0.038634
v -0.021244 -0.006051 -0.038979
v -0.021838 -0.018573 -0.041077
v -0.021244 -0.017668 -0.040390
v -0.021838 -0.016096 -0.039829
v -0.021244 -0.016152 -0.039690
v -0.021244 -0.013949 -0.038979
v -0.021838 -0.022721 -0.044728
v -0.021244 -0.022838 -0.044634
v -0.021838 -0.020802 -0.042726
v -0.021244 -0.020901 -0.042614
v -0.021244 -0.018651 -0.040950
v -0.021244 -0.025557 -0.049503
v -0.021244 -0.025428 -0.049149
v -0.021838 -0.024274 -0.047026
v -0.021244 -0.024405 -0.046953
v -0.021244 -0.023579 -0.045627
v -0.021244 -0.026263 -0.057789
v -0.021244 -0.026380 -0.056989
v -0.021838 -0.026350 -0.055000
v -0.021244 -0.026500 -0.055000
v -0.021244 -0.026380 -0.053011
v -0.022289 -0.000523 -0.042187
v -0.022289 0.001506 -0.043973
v -0.022289 0.003204 -0.046076
v -0.022289 0.004522 -0.048436
v -0.022289 0.005423 -0.050984
v -0.022289 0.005879 -0.053648
v -0.022289 0.005879 -0.056352
v -0.022289 0.005423 -0.059016
v -0.022289 -0.002825 -0.040770
v -0.022289 -0.005333 -0.039762
v -0.022289 -0.007976 -0.039192
v -0.022289 -0.010676 -0.039077
v -0.022289 -0.013358 -0.039421
v -0.022289 -0.015942 -0.040212
v -0.022289 -0.018356 -0.041429
v -0.022289 -0.020529 -0.043037
v -0.022289 -0.022399 -0.044988
v -0.022289 -0.023913 -0.047228
v -0.022289 -0.025027 -0.049691
v -0.022289 -0.025708 -0.052307
v -0.022289 -0.025937 -0.055000
v -0.022289 -0.025708 -0.057693
v -0.022289 -0.025027 -0.060309
v -0.022289 -0.023913 -0.062772
v -0.022289 -0.022399 -0.065012
v -0.022289 -0.020529 -0.066963
v -0.022289 -0.018356 -0.068571
v -0.022289 -0.015942 -0.069788
v -0.022289 -0.013358 -0.070579
v -0.022289 -0.010676 -0.070923
v -0.022289 -0.007976 -0.070808
v -0.022289 -0.005333 -0.070238
v -0.022289 -0.002825 -0.069230
v -0.022289 -0.000523 -0.067813
v -0.022289 0.001506 -0.066027
v -0.022289 0.003204 -0.063924
v -0.022289 0.004522 -0.061564
v -0.022490 -0.000867 -0.042651
v -0.022490 0.001088 -0.044373
v -0.022490 0.002725 -0.046399
v -0.022490 0.003996 -0.048674
v -0.022490 0.004863 -0.051130
v -0.022490 0.005304 -0.053697
v -0.022490 0.005304 -0.056303
v -0.022490 0.004863 -0.058870
v -0.022490 0.003996 -0.061326
v -0.022490 -0.003085 -0.041286
v -0.022490 -0.005503 -0.040314
v -0.022490 -0.008049 -0.039765
v -0.022490 -0.010652 -0.039655
v -0.022490 -0.013236 -0.039986
v -0.022490 -0.015727 -0.040749
v -0.022490 -0.018053 -0.041921
v -0.022490 -0.020147 -0.043470
v -0.022490 -0.021950 -0.045351
v -0.022490 -0.023409 -0.047510
v -0.022490 -0.024482 -0.049883
v -0.022490 -0.025138 -0.052404
v -0.022490 -0.025359 -0.055000
v -0.022490 -0.025138 -0.057596
v -0.022490 -0.024482 -0.060117
v -0.022490 -0.023409 -0.062490
v -0.022490 -0.021950 -0.064649
v -0.022490 -0.020147 -0.066530
v -0.022490 -0.018053 -0.068079
v -0.022490 -0.015727 -0.069251
v -0.022490 -0.013236 -0.070014
v -0.022490 -0.010652 -0.070345
v -0.022490 -0.008049 -0.070235
v -0.022490 -0.005503 -0.069686
v -0.022490 -0.003085 -0.068714
v -0.022490 -0.000867 -0.067349
v -0.022490 0.001088 -0.065627
v -0.022490 0.002725 -0.063601
v -0.022392 -0.001226 -0.043137
v -0.022392 0.000652 -0.044791
v -0.022392 0.002225 -0.046738
v -0.022392 0.003445 -0.048922
v -0.022392 0.004279 -0.051282
v -0.022392 0.004702 -0.053749
v -0.022392 0.004702 -0.056251
v -0.022392 0.004279 -0.058718
v -0.022392 0.003445 -0.061078
v -0.022392 0.002225 -0.063262
v -0.022392 -0.003357 -0.041825
v -0.022392 -0.005679 -0.040892
v -0.022392 -0.008126 -0.040365
v -0.022392 -0.010626 -0.040258
v -0.022392 -0.013109 -0.040576
v -0.022392 -0.015501 -0.041309
v -0.022392 -0.017736 -0.042436
v -0.022392 -0.019748 -0.043924
v -0.022392 -0.021480 -0.045731
v -0.022392 -0.022881 -0.047804
v -0.022392 -0.023912 -0.050085
v -0.022392 -0.024543 -0.052506
v -0.022392 -0.024755 -0.055000
v -0.022392 -0.024543 -0.057494
v -0.022392 -0.023912 -0.059915
v -0.022392 -0.022881 -0.062196
v -0.022392 -0.021480 -0.064269
v -0.022392 -0.019748 -0.066076
v -0.022392 -0.017736 -0.067564
v -0.022392 -0.015501 -0.068691
v -0.022392 -0.013109 -0.069424
v -0.022392 -0.010626 -0.069742
v -0.022392 -0.008126 -0.069635
v -0.022392 -0.005679 -0.069108
v -0.022392 -0.003357 -0.068175
v -0.022392 -0.001226 -0.066863
v -0.022392 0.000652 -0.065209
v -0.022020 -0.001515 -0.043527
v -0.022020 0.000302 -0.045126
v -0.022020 0.001822 -0.047009
v -0.022020 0.003003 -0.049122
v -0.022020 0.003809 -0.051404
v -0.022020 0.004218 -0.053790
v -0.022020 0.004218 -0.056210
v -0.022020 0.003809 -0.058596
v -0.022020 0.003003 -0.060878
v -0.022020 0.001822 -0.062991
v -0.022020 0.000302 -0.064874
v -0.022020 -0.003576 -0.042258
v -0.022020 -0.005822 -0.041356
v -0.022020 -0.008188 -0.040846
v -0.022020 -0.010606 -0.040743
v -0.022020 -0.013006 -0.041051
v -0.022020 -0.015320 -0.041760
v -0.022020 -0.017482 -0.042849
v -0.022020 -0.019427 -0.044288
v -0.022020 -0.021102 -0.046036
v -0.022020 -0.022457 -0.048041
v -0.022020 -0.023454 -0.050246
v -0.022020 -0.024064 -0.052588
v -0.022020 -0.024269 -0.055000
v -0.022020 -0.024064 -0.057412
v -0.022020 -0.023454 -0.059754
v -0.022020 -0.022457 -0.061959
v -0.022020 -0.021102 -0.063964
v -0.022020 -0.019427 -0.065712
v -0.022020 -0.017482 -0.067151
v -0.022020 -0.015320 -0.068240
v -0.022020 -0.013006 -0.068949
v -0.022020 -0.010606 -0.069257
v -0.022020 -0.008188 -0.069154
v -0.022020 -0.005822 -0.068644
v -0.022020 -0.003576 -0.067742
v -0.022020 -0.001515 -0.066473
v -0.000727 0.007220 -0.049109
v -0.002945 0.006636 -0.054553
v -0.004000 0.006372 -0.057049
v -0.004000 0.006380 -0.053011
v -0.004000 0.006239 -0.052075
v -0.002945 0.006378 -0.052050
v -0.004000 0.005428 -0.049149
v -0.004000 0.004628 -0.047367
v -0.002945 0.004754 -0.047301
v -0.004000 -0.020942 -0.042650
v -0.004000 -0.020960 -0.042666
v -0.002945 -0.021054 -0.042560
v -0.000727 -0.017483 -0.038410
v -0.000727 -0.014896 -0.037471
v -0.001700 -0.019370 -0.040544
v -0.001700 -0.017083 -0.039296
v -0.002945 -0.019052 -0.041035
v -0.004000 -0.018975 -0.041154
v -0.004000 -0.017668 -0.040390
v -0.002945 -0.016843 -0.039830
v -0.004000 -0.016784 -0.039959
v -0.002945 -0.014477 -0.038972
v -0.004000 -0.014439 -0.039108
v -0.004000 -0.006051 -0.038979
v -0.004000 -0.007019 -0.038772
v -0.002945 -0.006993 -0.038632
v -0.004000 -0.009500 -0.038508
v -0.002945 -0.009495 -0.038366
v -0.004000 -0.010000 -0.038500
v -0.002945 -0.012009 -0.038480
v -0.004000 -0.011992 -0.038621
v -0.004000 -0.013949 -0.038979
v -0.004000 -0.004606 -0.039407
v -0.002945 -0.004559 -0.039273
v -0.004000 -0.002332 -0.040390
v -0.002945 -0.002250 -0.040273
v -0.004000 -0.002316 -0.040398
v -0.002945 -0.000118 -0.041610
v -0.004000 -0.000202 -0.041724
v -0.004000 0.000942 -0.042650
v -0.002945 0.001788 -0.043253
v -0.004000 0.001687 -0.043353
v -0.002945 0.003424 -0.045165
v -0.004000 0.003310 -0.045248
v -0.004000 0.003579 -0.045627
v -0.004000 0.006494 -0.054557
v -0.004000 0.006380 -0.056989
v -0.001700 0.006954 -0.051946
v -0.001700 0.006300 -0.049424
v -0.000142 -0.015231 -0.036272
v -0.000142 -0.012348 -0.035698
v -0.000142 -0.009410 -0.035564
v -0.000142 -0.006486 -0.035876
v -0.000142 -0.003643 -0.036624
v -0.000142 -0.000945 -0.037793
v -0.000142 0.001546 -0.039355
v -0.000142 0.003773 -0.041274
v -0.000142 0.005685 -0.043508
v -0.000142 0.007239 -0.046005
v -0.001700 -0.014635 -0.038408
v -0.001700 -0.012080 -0.037899
v -0.001700 -0.009478 -0.037781
v -0.001700 -0.006887 -0.038056
v -0.001700 -0.004368 -0.038719
v -0.001700 -0.001977 -0.039755
v -0.001700 0.000230 -0.041139
v -0.001700 0.002203 -0.042839
v -0.001700 0.003897 -0.044818
v -0.001700 0.005273 -0.047030
v -0.004000 0.005612 -0.049660
v -0.002945 0.005746 -0.049614
v -0.000727 -0.012197 -0.036933
v -0.000727 -0.009448 -0.036808
v -0.000727 -0.006711 -0.037100
v -0.000727 -0.004050 -0.037800
v -0.000727 -0.001525 -0.038894
v -0.000727 0.000807 -0.040356
v -0.000727 0.002892 -0.042153
v -0.000727 0.004681 -0.044244
v -0.000727 0.006135 -0.046580
v 0.005969 -0.023931 -0.046784
v 0.005969 -0.025123 -0.049266
v 0.005969 -0.025876 -0.051915
v 0.005969 -0.026169 -0.054652
v 0.005969 -0.025994 -0.057400
v 0.005969 -0.025355 -0.060078
v 0.005969 -0.024271 -0.062609
v 0.005969 -0.022774 -0.064919
v 0.005969 -0.020906 -0.066942
v 0.005969 -0.018722 -0.068619
v 0.005969 -0.016286 -0.069901
v 0.005969 -0.013667 -0.070752
v 0.005969 -0.010942 -0.071146
v 0.005969 -0.008190 -0.071071
v 0.005969 -0.005490 -0.070532
v 0.005969 -0.002921 -0.069542
v 0.005969 -0.000557 -0.068130
v 0.005969 0.001533 -0.066338
v 0.005969 0.003289 -0.064218
v 0.005969 0.004660 -0.061830
v 0.005500 0.005428 -0.060851
v 0.005673 0.004928 -0.061955
v 0.005500 0.004957 -0.061968
v 0.005500 0.003579 -0.064373
v 0.005673 0.003532 -0.064386
v 0.005500 0.003558 -0.064404
v 0.005673 0.001744 -0.066546
v 0.005500 0.001766 -0.066567
v 0.005500 0.000942 -0.067350
v 0.005673 -0.000384 -0.068370
v 0.005500 -0.000366 -0.068396
v 0.005500 -0.002332 -0.069610
v 0.005673 -0.002792 -0.069808
v 0.005500 -0.002778 -0.069836
v 0.005673 -0.005408 -0.070816
v 0.005500 -0.005399 -0.070846
v 0.005500 -0.006051 -0.071021
v 0.005673 -0.008157 -0.071366
v 0.005500 -0.008153 -0.071396
v 0.005500 -0.010000 -0.071500
v 0.005673 -0.010960 -0.071441
v 0.005500 -0.010961 -0.071472
v 0.005673 -0.013734 -0.071040
v 0.005500 -0.013741 -0.071070
v 0.005673 -0.018882 -0.068869
v 0.005500 -0.017668 -0.069610
v 0.005673 -0.016401 -0.070174
v 0.005500 -0.016413 -0.070203
v 0.005500 -0.013949 -0.071021
v 0.005673 -0.023008 -0.065101
v 0.005500 -0.021127 -0.067184
v 0.005673 -0.021106 -0.067161
v 0.005500 -0.020942 -0.067350
v 0.005500 -0.018899 -0.068895
v 0.005673 -0.024533 -0.062748
v 0.005500 -0.023579 -0.064373
v 0.005500 -0.023032 -0.065120
v 0.005500 -0.026380 -0.056989
v 0.005500 -0.026317 -0.057448
v 0.005673 -0.026287 -0.057444
v 0.005500 -0.025666 -0.060181
v 0.005673 -0.025636 -0.060171
v 0.005500 -0.025428 -0.060851
v 0.005500 -0.024560 -0.062763
v 0.005500 -0.026496 -0.054645
v 0.005673 -0.026465 -0.054646
v 0.005500 -0.026380 -0.053011
v 0.005673 -0.026167 -0.051858
v 0.005500 -0.026197 -0.051852
v 0.005673 -0.025399 -0.049162
v 0.005500 -0.025428 -0.049149
v 0.005673 -0.024186 -0.046634
v 0.005500 -0.024213 -0.046618
v 0.005500 -0.023579 -0.045627
v 0.005854 0.004824 -0.061906
v 0.005854 0.003438 -0.064320
v 0.005854 0.001662 -0.066465
v 0.005854 -0.000452 -0.068277
v 0.005854 -0.002842 -0.069704
v 0.005854 -0.005440 -0.070705
v 0.005854 -0.008170 -0.071251
v 0.005854 -0.010953 -0.071326
v 0.005854 -0.013708 -0.070928
v 0.005854 -0.016356 -0.070068
v 0.005854 -0.018820 -0.068771
v 0.005854 -0.021028 -0.067076
v 0.005854 -0.022916 -0.065030
v 0.005854 -0.024431 -0.062694
v 0.005854 -0.025527 -0.060135
v 0.005854 -0.026172 -0.057427
v 0.005854 -0.026350 -0.054648
v 0.005854 -0.026053 -0.051880
v 0.005854 -0.025291 -0.049202
v 0.005854 -0.024086 -0.046693
vn 0.831989 -0.554151 0.026662
vn 0.688076 -0.607927 0.396203
vn 0.123170 -0.990027 -0.068374
vn 0.655576 -0.593214 -0.467244
vn 0.964373 -0.264241 -0.012714
vn 0.831989 0.554151 -0.026662
vn 0.688076 0.607927 -0.396203
vn 0.123170 0.990027 0.068374
vn 0.655576 0.593214 0.467244
vn 0.964436 0.264009 0.012703
vn 0.831989 -0.554151 0.026662
vn 0.688076 -0.607927 0.396203
vn 0.123170 -0.990027 -0.068374
vn 0.655576 -0.593214 -0.467244
vn 0.964436 -0.264009 -0.012703
vn 0.831989 0.554151 -0.026662
vn 0.688076 0.607927 -0.396203
vn 0.123170 0.990027 0.068374
vn 0.655576 0.593214 0.467244
vn 0.964373 0.264241 0.012714
vn 0.831989 -0.554151 0.026662
vn 0.688076 -0.607927 0.396203
vn 0.123170 -0.990027 -0.068374
vn 0.655576 -0.593214 -0.467244
vn 0.964436 -0.264009 -0.012703
vn 0.831989 0.554151 -0.026662
vn 0.868737 0.414931 -0.270422
vn 0.123170 0.990027 0.068374
vn 0.476606 0.690616 0.543963
vn 0.964373 0.264241 0.012714
vn 0.831989 -0.554151 0.026662
vn 0.868737 -0.414931 0.270422
vn 0.123170 -0.990027 -0.068374
vn 0.476606 -0.690616 -0.543963
vn 0.964373 -0.264241 -0.012714
vn 0.831989 0.554151 -0.026662
vn 0.688076 0.607927 -0.396203
vn 0.123170 0.990027 0.068374
vn 0.655576 0.593214 0.467244
vn 0.964436 0.264009 0.012703
vn 0.831948 -0.554213 0.026665
vn 0.688076 -0.607927 0.396203
vn 0.123055 -0.990046 -0.068310
vn 0.655576 -0.593214 -0.467244
vn 0.964408 -0.264115 -0.012708
vn 0.831948 0.554213 -0.026665
vn 0.688076 0.607927 -0.396203
vn 0.123055 0.990046 0.068310
vn 0.655576 0.593214 0.467244
vn 0.964344 0.264346 0.012719
vn 0.831948 -0.554213 0.026665
vn 0.688076 -0.607927 0.396203
vn 0.123055 -0.990046 -0.068310
vn 0.655576 -0.593214 -0.467244
vn 0.964344 -0.264346 -0.012719
vn 0.831948 0.554213 -0.026665
vn 0.688076 0.607927 -0.396203
vn 0.123055 0.990046 0.068310
vn 0.655576 0.593214 0.467244
vn 0.964408 0.264115 0.012708
vn 0.106171 0.990404 -0.088476
vn 0.351329 0.856390 0.378370
vn 0.633727 0.638738 -0.436353
vn 0.106171 -0.990404 0.088476
vn 0.351329 -0.856390 -0.378370
vn 0.633727 -0.638738 0.436353
vn 0.106171 0.990404 -0.088476
vn 0.351329 0.856390 0.378370
vn 0.633727 0.638738 -0.436353
vn 0.106171 -0.990404 0.088476
vn 0.351329 -0.856390 -0.378370
vn 0.633727 -0.638738 0.436353
vn 0.106171 0.990404 -0.088476
vn 0.351329 0.856390 0.378370
vn 0.633727 0.638738 -0.436353
vn 0.106171 -0.990404 0.088476
vn 0.351329 -0.856390 -0.378370
vn 0.633727 -0.638738 0.436353
vn 0.106171 0.990404 -0.088476
vn 0.351329 0.856390 0.378370
vn 0.633727 0.638738 -0.436353
vn 0.106171 -0.990404 0.088476
vn 0.351329 -0.856390 -0.378370
vn 0.633727 -0.638738 0.436353
vn 0.090398 0.822335 -0.561777
vn 0.343050 0.935591 -0.083579
vn 0.587665 0.740088 0.326986
vn 0.106171 -0.990404 0.088476
vn 0.351329 -0.856390 -0.378370
vn 0.633727 -0.638738 0.436353
vn 0.106171 0.990404 -0.088476
vn 0.351329 0.856390 0.378370
vn 0.633727 0.638738 -0.436353
vn 0.090398 -0.822335 0.561777
vn 0.343050 -0.935591 0.083579
vn 0.587665 -0.740088 -0.326986
vn -0.945123 0.060204 -0.321120
vn -0.946778 -0.033747 -0.320112
vn -0.995150 -0.092051 0.034691
vn -0.812565 -0.197284 0.548467
vn -0.823596 0.099558 0.558370
vn -0.922317 0.379808 0.071246
vn -0.987773 0.149323 0.044797
vn -0.855075 -0.517052 0.038779
vn -0.855248 0.516766 -0.038787
vn -0.986491 -0.158360 -0.041934
vn -0.988928 0.113538 -0.095555
vn -0.947074 -0.286717 0.144376
vn -0.973644 0.069708 -0.217158
vn -0.903288 0.057820 0.425122
vn 0.240359 0.793984 0.558406
vn 0.338599 0.396474 0.853323
vn 0.592068 0.228685 0.772760
vn 0.531237 -0.075456 0.843857
vn 0.394884 0.081748 0.915087
vn 0.531332 -0.487511 0.692834
vn 0.361468 -0.253532 0.897253
vn 0.266805 -0.874168 0.405765
vn 0.266996 0.873970 -0.406067
vn 0.361670 0.253510 -0.897178
vn 0.531277 0.487368 -0.692977
vn 0.394822 -0.081750 -0.915113
vn 0.531356 0.075480 -0.843779
vn 0.592170 -0.228663 -0.772688
vn 0.338389 -0.396359 -0.853459
vn 0.240237 -0.794382 -0.557892
vn 0.240237 0.794382 0.557892
vn 0.338389 0.396359 0.853459
vn 0.592170 0.228663 0.772688
vn 0.531356 -0.075480 0.843779
vn 0.394822 0.081750 0.915113
vn 0.531277 -0.487368 0.692977
vn 0.361670 -0.253510 0.897178
vn 0.266996 -0.873970 0.406067
vn 0.266805 0.874168 -0.405765
vn 0.361468 0.253532 -0.897253
vn 0.531332 0.487511 -0.692834
vn 0.394884 -0.081748 -0.915087
vn 0.531237 0.075456 -0.843857
vn 0.592068 -0.228685 -0.772760
vn 0.338599 -0.396474 -0.853323
vn 0.240359 -0.793984 -0.558406
vn 0.240237 0.794382 0.557892
vn 0.338389 0.396359 0.853459
vn 0.592170 0.228663 0.772688
vn 0.531356 -0.075480 0.843779
vn 0.394822 0.081750 0.915113
vn 0.531277 -0.487368 0.692977
vn 0.361670 -0.253510 0.897178
vn 0.266996 -0.873970 0.406067
vn 0.266805 0.874168 -0.405765
vn 0.361468 0.253532 -0.897253
vn 0.531332 0.487511 -0.692834
vn 0.394884 -0.081748 -0.915087
vn 0.531237 0.075456 -0.843857
vn 0.592068 -0.228685 -0.772760
vn 0.338599 -0.396474 -0.853323
vn 0.240359 -0.793984 -0.558406
vn 0.266805 -0.874168 0.405765
vn 0.361468 -0.253532 0.897253
vn 0.531332 -0.487511 0.692834
vn 0.394884 0.081748 0.915087
vn 0.531237 -0.075456 0.843857
vn 0.592068 0.228685 0.772760
vn 0.338599 0.396474 0.853323
vn 0.240359 0.793984 0.558406
vn 0.266996 0.873970 -0.406067
vn 0.361670 0.253510 -0.897178
vn 0.531277 0.487368 -0.692977
vn 0.394822 -0.081750 -0.915113
vn 0.531356 0.075480 -0.843779
vn 0.592170 -0.228663 -0.772688
vn 0.338389 -0.396359 -0.853459
vn 0.240237 -0.794382 -0.557892
vn 0.266798 -0.874089 0.405940
vn 0.361595 -0.253518 0.897205
vn 0.531395 -0.486862 0.693242
vn 0.394822 0.081750 0.915113
vn 0.531356 -0.075480 0.843779
vn 0.592170 0.228663 0.772688
vn 0.338341 0.396050 0.853622
vn 0.240204 0.794257 0.558084
vn 0.266607 0.874287 -0.405638
vn 0.361393 0.253539 -0.897281
vn 0.531450 0.487005 -0.693099
vn 0.394884 -0.081748 -0.915087
vn 0.531237 0.075456 -0.843857
vn 0.592068 -0.228685 -0.772760
vn 0.338551 -0.396165 -0.853485
vn 0.240326 -0.793859 -0.558597
vn 0.240326 0.793859 0.558597
vn 0.338551 0.396165 0.853485
vn 0.592068 0.228685 0.772760
vn 0.531237 -0.075456 0.843857
vn 0.394884 0.081748 0.915087
vn 0.531450 -0.487005 0.693099
vn 0.361393 -0.253539 0.897281
vn 0.266607 -0.874287 0.405638
vn 0.266798 0.874089 -0.405940
vn 0.361595 0.253518 -0.897205
vn 0.531395 0.486862 -0.693242
vn 0.394822 -0.081750 -0.915113
vn 0.531356 0.075480 -0.843779
vn 0.592170 -0.228663 -0.772688
vn 0.338341 -0.396050 -0.853622
vn 0.240204 -0.794257 -0.558084
vn -0.005988 -0.011594 0.999915
vn 0.005993 -0.003047 0.999977
vn -0.005993 0.003047 0.999977
vn 0.005805 0.011415 0.999918
vn 0.156495 -0.439031 -0.884738
vn 0.171709 -0.830311 -0.530189
vn 0.171457 -0.983620 -0.055624
vn 0.171449 -0.879640 0.443664
vn 0.163894 -0.534874 0.828884
vn 0.156495 0.439031 0.884738
vn 0.171709 0.830311 0.530189
vn 0.171457 0.983620 0.055624
vn 0.171449 0.879640 -0.443664
vn 0.163894 0.534874 -0.828884
vn 0.161099 -0.057718 0.985249
vn 0.161099 0.057718 -0.985249
vn 0.156495 -0.439031 -0.884738
vn 0.171709 -0.830311 -0.530189
vn 0.171457 -0.983620 -0.055624
vn 0.171449 -0.879640 0.443664
vn 0.163894 -0.534874 0.828884
vn 0.156495 0.439031 0.884738
vn 0.171709 0.830311 0.530189
vn 0.171457 0.983620 0.055624
vn 0.171449 0.879640 -0.443664
vn 0.163894 0.534874 -0.828884
vn 0.161099 -0.057718 0.985249
vn 0.161099 0.057718 -0.985249
vn 0.156495 -0.439031 -0.884738
vn 0.171709 -0.830311 -0.530189
vn 0.171457 -0.983620 -0.055624
vn 0.171449 -0.879640 0.443664
vn 0.163894 -0.534874 0.828884
vn 0.156495 0.439031 0.884738
vn 0.171709 0.830311 0.530189
vn 0.171457 0.983620 0.055624
vn 0.171449 0.879640 -0.443664
vn 0.163894 0.534874 -0.828884
vn 0.161099 -0.057718 0.985249
vn 0.161099 0.057718 -0.985249
vn 0.156495 -0.439031 -0.884738
vn 0.171709 -0.830311 -0.530189
vn 0.171457 -0.983620 -0.055624
vn 0.171449 -0.879640 0.443664
vn 0.163894 -0.534874 0.828884
vn 0.156495 0.439031 0.884738
vn 0.171709 0.830311 0.530189
vn 0.171457 0.983620 0.055624
vn 0.171449 0.879640 -0.443664
vn 0.163894 0.534874 -0.828884
vn 0.161099 -0.057718 0.985249
vn 0.161099 0.057718 -0.985249
vn 0.156495 -0.439031 -0.884738
vn 0.171709 -0.830311 -0.530189
vn 0.171457 -0.983620 -0.055624
vn 0.171449 -0.879640 0.443664
vn 0.163894 -0.534874 0.828884
vn 0.156495 0.439031 0.884738
vn 0.171709 0.830311 0.530189
vn 0.171457 0.983620 0.055624
vn 0.171449 0.879640 -0.443664
vn 0.163894 0.534874 -0.828884
vn 0.161099 -0.057718 0.985249
vn 0.161099 0.057718 -0.985249
vn 0.156495 -0.439031 -0.884738
vn 0.171709 -0.830311 -0.530189
vn 0.171457 -0.983620 -0.055624
vn 0.171449 -0.879640 0.443664
vn 0.163894 -0.534874 0.828884
vn 0.156495 0.439031 0.884738
vn 0.171709 0.830311 0.530189
vn 0.171457 0.983620 0.055624
vn 0.171449 0.879640 -0.443664
vn 0.163894 0.534874 -0.828884
vn 0.161099 -0.057718 0.985249
vn 0.161099 0.057718 -0.985249
vn 0.005880 -0.225702 0.974179
vn -0.004503 -0.299379 0.954124
vn 0.014277 -0.508567 0.860904
vn -0.009077 -0.565449 0.824733
vn 0.011771 -0.679612 0.733478
vn -0.011771 -0.733478 0.679612
vn 0.009077 -0.824733 0.565449
vn -0.014277 -0.860904 0.508567
vn 0.007383 -0.954741 0.297348
vn -0.005880 -0.974179 0.225702
vn 0.005879 -0.999959 0.006896
vn -0.005993 -0.999980 0.001805
vn -0.009496 -0.529282 0.848393
vn -0.014248 -0.445785 0.895027
vn 0.001061 -0.408016 0.912974
vn -0.006612 -0.305328 0.952224
vn 0.002467 -0.271373 0.962471
vn -0.010712 -0.244989 0.969467
vn -0.000117 -0.183419 0.983035
vn -0.006196 -0.094994 0.995459
vn -0.000109 -0.037884 0.999282
vn -0.010414 -0.014140 0.999846
vn 0.001532 0.037537 0.999294
vn -0.011909 0.094334 0.995469
vn -0.000117 0.183419 0.983035
vn -0.006742 0.238829 0.971038
vn 0.002467 0.271373 0.962471
vn -0.010841 0.299273 0.954106
vn -0.000336 0.373435 0.927656
vn -0.005703 0.442711 0.896646
vn 0.000566 0.495133 0.868817
vn -0.010580 0.513938 0.857762
vn 0.001013 0.559758 0.828655
vn -0.012901 0.603440 0.797304
vn 0.000425 0.681877 0.731467
vn -0.007188 0.712475 0.701660
vn 0.002024 0.734115 0.679022
vn -0.011195 0.754411 0.656307
vn -0.000212 0.813643 0.581365
vn -0.005422 0.848305 0.529481
vn 0.001039 0.879281 0.476302
vn -0.010790 0.888327 0.459085
vn -0.000269 0.940898 0.338689
vn 0.001306 -0.832228 0.554432
vn -0.006686 -0.758280 0.651895
vn 0.002554 -0.733799 0.679361
vn -0.010859 -0.717002 0.696987
vn -0.001983 -0.681762 0.731572
vn -0.007077 -0.603799 0.797105
vn -0.000800 -0.559950 0.828526
vn 0.003160 -0.512749 0.858533
vn 0.001638 -0.999697 0.024562
vn -0.014751 -0.999891 0.000000
vn -0.007091 -0.987126 0.159787
vn 0.001447 -0.981199 0.192993
vn -0.011027 -0.976383 0.215765
vn 0.001602 -0.946276 0.323356
vn -0.006930 -0.923893 0.382587
vn 0.002407 -0.899483 0.436949
vn -0.011675 -0.890711 0.454421
vn -0.014446 -0.850012 0.526566
vn -0.010514 -0.944694 -0.327784
vn 0.001481 -0.934857 -0.355022
vn -0.007896 -0.925830 -0.377859
vn 0.002023 -0.858421 -0.512941
vn -0.015098 -0.850004 -0.526561
vn -0.010597 -0.997184 -0.074238
vn 0.002322 -0.995825 -0.091254
vn -0.006131 -0.986484 -0.163743
vn 0.002362 -0.985722 -0.168367
vn 0.002905 -0.950135 -0.311826
vn 0.000863 -0.452217 -0.891907
vn -0.009107 -0.594244 -0.804233
vn 0.001416 -0.605651 -0.795729
vn -0.010171 -0.631787 -0.775075
vn -0.009975 -0.812818 -0.582432
vn 0.002769 -0.803326 -0.595533
vn -0.005805 -0.750165 -0.661225
vn 0.001220 -0.740988 -0.671517
vn 0.003926 -0.640485 -0.767960
vn -0.013787 0.932397 0.361173
vn -0.007587 0.975028 0.221951
vn 0.002763 0.981133 0.193314
vn -0.011844 0.986234 0.164931
vn 0.000381 0.998696 0.051060
vn -0.005405 0.999981 0.002912
vn 0.001966 0.998830 -0.048310
vn -0.010701 0.997484 -0.070086
vn -0.001809 0.989524 -0.144358
vn -0.012369 0.982399 -0.186387
vn 0.000137 0.955747 -0.294190
vn -0.007632 0.944903 -0.327260
vn 0.002879 0.934938 -0.354798
vn -0.012828 0.927338 -0.374004
vn 0.001593 0.868053 -0.496469
vn -0.005651 0.851061 -0.525037
vn 0.002369 0.828051 -0.560647
vn -0.011076 0.814708 -0.579766
vn 0.000059 0.759139 -0.650928
vn -0.011658 0.735641 -0.677271
vn 0.001171 0.656271 -0.754524
vn -0.007654 0.629277 -0.777143
vn 0.002882 0.605758 -0.795644
vn -0.014141 0.596326 -0.802618
vn 0.003437 0.460799 -0.887498
vn -0.006190 0.446384 -0.894820
vn 0.002193 0.415520 -0.909581
vn -0.011822 0.394026 -0.919023
vn 0.000108 0.292663 -0.956216
vn -0.011132 0.266219 -0.963848
vn 0.002092 0.158443 -0.987366
vn -0.007786 0.123842 -0.992271
vn 0.002965 0.030319 -0.999536
vn -0.011066 -0.008531 -0.999902
vn 0.002960 -0.118594 -0.992938
vn -0.012900 -0.140818 -0.989951
vn 0.000471 -0.264868 -0.964284
vn -0.005686 -0.286085 -0.958187
vn 0.002932 -0.377880 -0.925850
vn -0.009676 -0.390495 -0.920554
vn -0.015527 -0.445777 -0.895010
vn -0.005693 -0.999968 0.005567
vn -0.242892 -0.970047 0.003503
vn -0.298572 -0.954377 0.004346
vn -0.507324 -0.861753 0.002071
vn -0.562090 -0.827067 0.003768
vn -0.686124 -0.727480 0.002612
vn -0.738159 -0.674625 0.001573
vn -0.907970 -0.419035 0.000797
vn -0.931685 -0.363265 0.001447
vn -0.999978 -0.006588 0.000073
vn -0.969343 -0.245672 0.004500
vn -0.999922 -0.012526 0.000034
vn -0.999561 -0.029637 0.000000
vn -0.999906 -0.013706 -0.000060
vn -0.968550 -0.248692 0.008004
vn -0.999969 -0.007861 0.000298
vn -0.506545 -0.007223 0.862183
vn -0.674909 -0.002651 0.737896
vn -0.673980 -0.288465 0.680102
vn -0.906477 -0.001956 0.422251
vn -0.968337 -0.007339 0.249539
vn -0.919673 -0.168904 0.354503
vn -0.729513 -0.634642 0.255031
vn -0.436016 -0.822649 0.364881
vn -0.361139 -0.348316 0.865017
vn -0.226362 -0.003442 0.974037
vn -0.425885 -0.624574 0.654621
vn -0.999957 -0.008615 0.003566
vn -0.922135 -0.359395 0.143184
vn -0.921339 -0.295003 0.253193
vn -0.993024 -0.076600 0.089637
vn -0.999977 -0.002142 0.006482
vn -0.999965 -0.000288 0.008412
vn -0.702348 -0.514173 0.492273
vn -0.999919 0.000000 0.012729
vn -0.934236 0.002202 0.356649
vn -0.999835 -0.000152 0.018169
vn -0.968337 0.007339 0.249539
vn -0.999965 0.000288 0.008412
vn -0.999940 0.000081 0.010910
vn -0.999479 0.000000 0.032267
vn -0.297319 0.007262 0.954750
vn -0.561671 0.006301 0.827337
vn -0.737896 0.002651 0.674909
vn -0.505977 0.862536 0.004330
vn -0.674625 0.738159 0.001573
vn -0.673980 0.680102 0.288465
vn -0.908565 0.417743 0.001145
vn -0.968550 0.248692 0.008004
vn -0.919673 0.354503 0.168904
vn -0.729513 0.255031 0.634642
vn -0.436016 0.364881 0.822649
vn -0.009077 0.824733 0.565449
vn -0.004503 0.954124 0.299379
vn -0.361139 0.865017 0.348316
vn -0.005990 0.999958 0.007007
vn -0.226093 0.974103 0.002042
vn -0.011771 0.679612 0.733478
vn -0.425885 0.654621 0.624574
vn -0.014277 0.508567 0.860904
vn -0.005880 0.225702 0.974179
vn -0.999894 0.005580 0.013478
vn -0.922135 0.143184 0.359395
vn -0.921339 0.253193 0.295003
vn -0.999947 0.007847 0.006706
vn -0.999947 0.009774 0.003230
vn -0.999969 0.007861 0.000298
vn -0.702348 0.492273 0.514173
vn -0.997614 0.068849 0.005164
vn -0.999026 0.035298 0.026486
vn -0.997151 -0.072256 0.021677
vn -0.036226 -0.999342 0.001643
vn -0.999658 0.000000 0.026155
vn -0.999648 -0.009014 0.024949
vn -0.997620 -0.040388 -0.055892
vn -0.980618 0.000000 -0.195931
vn -0.987402 0.038833 -0.153392
vn -0.999740 0.013238 0.018562
vn -0.999884 0.010616 0.010917
vn -0.998814 0.021288 -0.043784
vn -0.998673 0.000000 0.051496
vn -0.999525 -0.028800 0.011007
vn -0.941192 -0.337135 -0.022318
vn -0.997604 0.066267 -0.019895
vn -0.951466 0.304713 -0.043150
vn -0.999445 0.000000 -0.033300
vn -0.934757 0.031656 0.353875
vn -0.468196 0.508323 0.722772
vn -0.916369 0.363060 0.168686
vn -0.563326 0.822946 -0.073646
vn -0.980776 0.159614 -0.112256
vn -0.966093 0.108793 -0.234153
vn -0.719937 -0.061813 -0.691281
vn -0.979827 -0.115004 -0.163439
vn -0.789667 -0.556506 -0.258315
vn -0.983864 -0.178208 0.015948
vn -0.723864 -0.564613 0.396526
vn -0.703359 -0.299409 0.644702
vn -0.719937 0.061813 0.691281
vn -0.973627 0.131289 0.186584
vn -0.744378 0.605689 0.281144
vn -0.975729 0.218109 -0.019519
vn -0.708401 0.577598 -0.405646
vn -0.742848 0.281982 -0.607177
vn -0.956859 -0.025888 -0.289396
vn -0.599763 -0.460319 -0.654516
vn -0.952069 -0.277404 -0.128888
vn -0.984846 -0.172743 0.015459
vn -0.780986 -0.510858 0.359285
vn -0.966093 -0.108793 0.234153
vn -0.489568 0.077659 0.868500
vn -0.928229 0.214077 0.304239
vn -0.659283 0.682005 0.316568
vn -0.971193 0.237344 -0.021240
vn -0.744379 0.546458 -0.383776
vn -0.793072 0.256569 -0.552457
vn -0.972181 -0.020870 -0.233299
vn -0.685648 -0.418758 -0.595422
vn -0.965879 -0.234880 -0.109131
vn -0.978521 -0.205325 0.018375
vn -0.666732 -0.609626 0.428748
vn -0.907393 -0.177092 0.381151
vn -0.978223 0.018493 0.206732
vn -0.685648 0.418758 0.595422
vn -0.965879 0.234880 0.109131
vn -0.984846 0.172743 -0.015459
vn -0.751565 0.539577 -0.379483
vn -0.950038 0.131522 -0.283071
vn -0.631830 -0.069033 -0.772027
vn -0.969574 -0.140872 -0.200203
vn -0.761812 -0.587584 -0.272741
vn -0.986439 -0.163476 0.014630
vn -0.789668 -0.502085 0.352613
vn -0.814029 -0.244647 0.526787
vn -0.719937 0.061813 0.691281
vn -0.973646 0.131119 0.186606
vn -0.744220 0.605897 0.281114
vn -0.978840 0.203817 -0.018217
vn -0.744455 0.546298 -0.383856
vn -0.793023 0.256391 -0.552610
vn -0.972181 -0.020870 -0.233299
vn -0.685820 -0.418268 -0.595570
vn -0.965853 -0.234987 -0.109132
vn -0.986807 -0.161258 0.014413
vn -0.781059 -0.510699 0.359352
vn -0.966095 -0.108703 0.234187
vn -0.978223 0.018493 0.206732
vn -0.685820 0.418268 0.595570
vn -0.965853 0.234987 0.109132
vn -0.986807 0.161258 -0.014413
vn -0.781059 0.510699 -0.359352
vn -0.966095 0.108703 -0.234187
vn -0.719937 -0.061813 -0.691281
vn -0.979841 -0.114855 -0.163460
vn -0.789529 -0.556711 -0.258294
vn -0.988197 -0.152580 0.013638
vn -0.789740 -0.501926 0.352678
vn -0.813966 -0.244490 0.526958
vn 0.005993 0.999980 0.001805
vn 0.005880 0.974179 0.225702
vn 0.014277 0.860904 0.508567
vn 0.011771 0.733478 0.679612
vn 0.009077 0.565449 0.824733
vn 0.007383 0.297348 0.954741
vn -0.999975 0.007083 -0.000067
vn -0.999924 0.012342 0.000034
vn -0.970767 0.240016 -0.002049
vn -0.921269 0.388921 -0.001692
vn -0.999899 0.014191 -0.000063
vn -0.999561 0.029637 0.000000
vn -0.734796 0.678286 -0.001861
vn -0.557677 0.830049 -0.003899
vn -0.284986 0.958522 -0.004367
vn -0.005993 0.999980 -0.002024
vn 0.005993 -0.999981 0.001201
vn 0.225684 -0.974194 0.003449
vn 0.293476 -0.955962 0.002794
vn 0.505977 -0.862536 0.004330
vn 0.560305 -0.828283 0.002200
vn 0.674625 -0.738159 0.001573
vn 0.736943 -0.675954 0.001116
vn 0.909395 -0.415932 0.001136
vn 0.927703 -0.373317 0.001173
vn 0.999996 -0.002699 0.000165
vn 0.969767 -0.243742 0.011885
vn 0.999929 -0.011931 -0.000053
vn 0.999564 -0.029538 0.000000
vn 0.999930 -0.011798 0.000032
vn 0.968909 -0.247395 0.003453
vn 0.999896 -0.014399 0.000105
vn 0.862249 -0.004392 0.506466
vn 0.737896 -0.002651 0.674909
vn 0.729513 -0.255031 0.634642
vn 0.561671 -0.006301 0.827337
vn 0.297319 -0.007262 0.954750
vn 0.436016 -0.364881 0.822649
vn 0.673980 -0.680102 0.288465
vn 0.919673 -0.354503 0.168904
vn 0.999931 -0.000109 0.011709
vn 0.974065 -0.000781 0.226265
vn 0.933847 -0.127565 0.334151
vn 0.999970 -0.003469 0.006992
vn 0.921339 -0.253193 0.295003
vn 0.999987 -0.003930 0.003358
vn 0.999991 -0.003971 0.001312
vn 0.387898 -0.842784 0.373163
vn 0.425885 -0.654621 0.624574
vn 0.702348 -0.492273 0.514173
vn 0.225672 0.005784 0.974186
vn 0.506545 0.007223 0.862183
vn 0.674909 0.002651 0.737896
vn 0.827281 0.003830 0.561775
vn 0.954571 0.001379 0.297982
vn 0.999828 0.000043 0.018555
vn 0.932386 0.361462 0.001433
vn 0.738159 0.674625 0.001573
vn 0.729513 0.634642 0.255031
vn 0.562090 0.827067 0.003768
vn 0.298572 0.954377 0.004346
vn 0.436016 0.822649 0.364881
vn 0.673980 0.288465 0.680102
vn 0.919673 0.168904 0.354503
vn 0.999446 0.033130 0.003095
vn 0.965886 0.258858 0.007487
vn 0.933847 0.334151 0.127565
vn 0.991879 0.113932 0.056521
vn 0.921339 0.295003 0.253193
vn 0.999721 0.015344 0.017956
vn 0.999997 0.000763 0.002309
vn 0.387898 0.373163 0.842784
vn 0.425885 0.624574 0.654621
vn 0.702348 0.514173 0.492273
vn 0.903646 0.428279 -0.000999
vn 0.677731 0.735309 -0.001364
vn 0.511835 0.859077 -0.003295
vn 0.225705 0.974192 -0.002655
vn 0.004538 0.999975 -0.005463
vn 0.999120 0.041941 -0.000305
vn 0.970427 0.241390 -0.001388
vn 0.997914 0.064555 0.000176
vn 0.992927 0.118724 0.000000
vn 0.996033 0.088979 -0.000392
vn 0.986307 0.093640 -0.135759
vn 0.979242 0.183092 -0.086960
vn 0.978859 0.203878 0.016392
vn 0.979243 0.166849 0.115085
vn 0.986306 0.070756 0.148975
vn 0.976039 -0.017439 0.216897
vn 0.997415 -0.040800 0.059152
vn 0.981549 -0.172722 0.082034
vn 0.987753 -0.155522 -0.012504
vn 0.981549 -0.157398 -0.108566
vn 0.987057 -0.068803 -0.144863
vn 0.997331 0.005851 -0.072777
vn 0.986307 0.093640 -0.135759
vn 0.979242 0.183092 -0.086960
vn 0.978859 0.203878 0.016392
vn 0.979243 0.166849 0.115085
vn 0.986306 0.070756 0.148975
vn 0.976039 -0.017439 0.216897
vn 0.997415 -0.040800 0.059152
vn 0.981549 -0.172722 0.082034
vn 0.987753 -0.155522 -0.012504
vn 0.981549 -0.157398 -0.108566
vn 0.987057 -0.068803 -0.144863
vn 0.997331 0.005851 -0.072777
vn 0.988385 0.086287 -0.125098
vn 0.985149 0.155098 -0.073664
vn 0.991594 0.128973 0.010369
vn 0.964354 0.217826 0.150247
vn 0.997947 0.027476 0.057850
vn 0.999296 -0.003007 0.037404
vn 0.999951 -0.005635 0.008170
vn 0.998042 -0.056495 0.026832
vn 0.999676 -0.025377 -0.002040
vn 0.993081 -0.096664 -0.066675
vn 0.992416 -0.052736 -0.111034
vn 0.998426 0.004494 -0.055901
vn 0.999833 0.000000 0.018248
vn 0.999983 -0.000825 0.005737
vn 0.936360 -0.043472 0.348340
vn 0.999956 -0.002364 0.009104
vn 0.924506 -0.118878 0.362155
vn 0.999955 -0.004058 0.008523
vn 0.924479 -0.185301 0.333171
vn 0.999955 -0.005621 0.007631
vn 0.924436 -0.245094 0.292141
vn 0.999955 -0.006999 0.006462
vn 0.924439 -0.295997 0.240414
vn 0.999954 -0.008142 0.005048
vn 0.924562 -0.335857 0.179961
vn 0.999849 -0.016226 0.006197
vn 0.924573 -0.363806 0.113179
vn 0.999565 -0.029049 0.005115
vn 0.924548 -0.378716 0.042251
vn 0.999930 -0.011872 -0.000191
vn 0.924574 -0.379807 -0.030147
vn 0.999973 -0.007168 -0.001501
vn 0.924538 -0.367332 -0.101472
vn 0.999990 -0.004180 -0.001752
vn 0.924333 -0.341913 -0.169420
vn 0.999994 -0.002904 -0.001933
vn 0.924568 -0.303221 -0.230718
vn 0.999998 -0.001255 -0.001236
vn 0.924537 -0.254124 -0.283993
vn 0.999995 -0.001797 -0.002611
vn 0.924463 -0.195888 -0.327103
vn 0.999995 -0.001217 -0.002782
vn 0.924557 -0.130321 -0.358067
vn 0.999995 -0.000685 -0.003036
vn 0.924588 -0.060221 -0.376179
vn 1.000000 -0.000031 -0.000989
vn 0.924661 0.012025 -0.380602
vn 0.999992 0.000620 -0.003872
vn 0.924528 0.083923 -0.371760
vn 0.999994 0.001165 -0.003197
vn 0.924510 0.152791 -0.349194
vn 0.999988 0.002488 -0.004155
vn 0.924469 0.216142 -0.314071
vn 0.999978 0.004434 -0.004954
vn 0.924587 0.271514 -0.267242
vn 0.999976 0.005517 -0.004196
vn 0.924434 0.317450 -0.211300
vn 0.999956 0.008371 -0.004148
vn 0.924372 0.351873 -0.147382
vn 0.999956 0.009015 -0.002490
vn 0.924630 0.372797 -0.077982
vn 0.999956 0.009340 -0.000740
vn 0.924535 0.381049 -0.006103
vn 0.999956 0.009332 0.001042
vn 0.924571 0.375223 0.066150
vn 0.999956 0.008994 0.002800
vn 0.924563 0.355943 0.135968
vn 0.999955 0.008334 0.004467
vn 0.924491 0.323974 0.200890
vn 0.999955 0.007376 0.005993
vn 0.924406 0.280233 0.258735
vn 0.999975 0.004516 0.005384
vn 0.924468 0.226076 0.306998
vn 0.999956 0.004539 0.008163
vn 0.924501 0.163815 0.344185
vn 0.999956 0.002914 0.008880
vn 0.924554 0.095734 0.368830
vn 0.999956 0.001505 0.009216
vn 0.925919 0.025587 0.376854
vn 0.329864 0.153583 -0.931451
vn 0.311605 0.345040 -0.885353
vn 0.391168 0.482416 -0.783749
vn 0.338544 0.629350 -0.699505
vn 0.302878 0.768183 -0.564056
vn 0.371490 0.836691 -0.402421
vn 0.334675 0.912552 -0.235034
vn 0.327736 0.830307 0.450754
vn 0.382023 0.882525 0.274243
vn 0.357732 0.926891 0.113585
vn 0.350757 0.934845 -0.055086
vn 0.316143 0.721492 0.616038
vn 0.335880 0.455133 0.824645
vn 0.400085 0.580431 0.709247
vn 0.303354 0.279925 0.910834
vn 0.347516 -0.060981 0.935689
vn 0.376524 0.106111 0.920310
vn 0.303098 -0.251954 0.919049
vn 0.344847 -0.569760 0.745958
vn 0.362617 -0.409940 0.836934
vn 0.352681 -0.699069 0.622028
vn 0.353481 -0.799763 0.485212
vn 0.382002 -0.863241 0.329983
vn 0.331932 -0.929616 0.160111
vn 0.306439 -0.951249 -0.034943
vn 0.382603 -0.901956 -0.200225
vn 0.343293 -0.865509 -0.364752
vn 0.302469 -0.785160 -0.540405
vn 0.365925 -0.655718 -0.660403
vn 0.338415 -0.519842 -0.784372
vn 0.381885 -0.029446 -0.923741
vn 0.356220 -0.196394 -0.913530
vn 0.351254 -0.358468 -0.864940
vn 0.707895 0.004788 -0.706302
vn 0.708631 0.138112 -0.691930
vn 0.707705 0.266956 -0.654132
vn 0.707678 0.385993 -0.591778
vn 0.708117 0.490698 -0.507726
vn 0.707904 0.578040 -0.405885
vn 0.707732 0.644590 -0.289170
vn 0.707056 0.688351 -0.162002
vn 0.707269 0.706355 -0.028857
vn 0.707552 0.698783 0.105228
vn 0.706922 0.666791 0.235905
vn 0.707560 0.609615 0.357391
vn 0.708039 0.530635 0.465949
vn 0.707883 0.432862 0.558151
vn 0.707814 0.319370 0.630081
vn 0.707727 0.194408 0.679212
vn 0.707924 0.062413 0.703526
vn 0.708196 -0.071861 0.702349
vn 0.708086 -0.203430 0.676188
vn 0.707927 -0.327810 0.625604
vn 0.708134 -0.440190 0.552068
vn 0.707891 -0.536966 0.458866
vn 0.707267 -0.614637 0.349278
vn 0.707374 -0.669501 0.226695
vn 0.707325 -0.700352 0.095904
vn 0.706834 -0.706334 -0.038443
vn 0.707063 -0.686097 -0.171271
vn 0.707287 -0.641017 -0.298064
vn 0.708086 -0.572381 -0.413515
vn 0.707934 -0.483964 -0.514401
vn 0.707890 -0.377823 -0.596775
vn 0.708224 -0.257921 -0.657188
vn 0.707695 -0.128989 -0.694643
vn 0.988385 0.086287 -0.125098
vn 0.985149 0.155098 -0.073664
vn 0.994413 0.105216 0.008459
vn 0.985149 0.141338 0.097489
vn 0.988385 0.065200 0.137277
vn 0.998426 -0.004494 0.055901
vn 0.992417 -0.069792 0.101183
vn 0.993081 -0.106075 0.050380
vn 0.999082 -0.042694 -0.003433
vn 0.993081 -0.096664 -0.066675
vn 0.992416 -0.052736 -0.111034
vn 0.998426 0.004494 -0.055901
vn 0.986307 0.093640 -0.135759
vn 0.979242 0.183092 -0.086960
vn 0.992019 0.125685 0.010105
vn 0.996729 0.066531 0.045890
vn 0.998614 0.022582 0.047546
vn 0.999774 -0.001705 0.021211
vn 0.995068 -0.056321 0.081653
vn 0.991643 -0.116535 0.055348
vn 0.993446 -0.113939 -0.009161
vn 0.981549 -0.157398 -0.108566
vn 0.987057 -0.068803 -0.144863
vn 0.997331 0.005851 -0.072777
vn 0.988385 0.086287 -0.125098
vn 0.985149 0.155098 -0.073664
vn 0.994413 0.105216 0.008459
vn 0.985149 0.141338 0.097489
vn 0.988385 0.065200 0.137277
vn 0.998426 -0.004494 0.055901
vn 0.992417 -0.069792 0.101183
vn 0.993081 -0.106075 0.050380
vn 0.999082 -0.042694 -0.003433
vn 0.993081 -0.096664 -0.066675
vn 0.992416 -0.052736 -0.111034
vn 0.998426 0.004494 -0.055901
vn -0.349185 -0.934035 0.075152
vn -0.000805 -0.995380 0.096010
vn -0.329244 -0.931606 0.153979
vn -0.001639 -0.987092 0.160144
vn 0.000921 -0.973595 0.228281
vn -0.294411 -0.920669 0.256303
vn -0.006054 -0.958016 0.286652
vn -0.002281 -0.946337 0.323174
vn -0.361507 -0.872780 0.327977
vn -0.008215 -0.921234 0.388921
vn -0.367482 -0.843350 0.392068
vn -0.002431 -0.906840 0.421468
vn -0.999832 -0.017119 0.006597
vn -0.996932 -0.055876 0.054807
vn -0.932265 -0.318898 0.170841
vn -0.910841 -0.383226 0.153321
vn -0.924445 -0.364785 0.111060
vn -0.999976 -0.006666 0.001788
vn -0.924354 -0.374308 0.073919
vn -0.999993 -0.003741 0.000609
vn -0.915063 -0.401662 0.036443
vn -0.999933 -0.011556 0.000855
vn -0.654111 -0.753439 0.066839
vn -0.707907 -0.694657 0.127752
vn -0.706882 -0.679300 0.197152
vn -0.713695 -0.652782 0.253998
vn -0.729783 -0.613989 0.300724
vn 0.737441 -0.673569 0.049857
vn 0.365904 -0.927584 0.075516
vn 0.435606 -0.723932 0.534949
vn 0.325193 -0.764176 0.557033
vn 0.005155 -0.790167 0.612870
vn 0.003915 -0.795668 0.605721
vn 0.000188 -0.841428 0.540369
vn 0.304105 -0.813716 0.495365
vn 0.012201 -0.861670 0.507323
vn 0.002169 -0.883471 0.468481
vn 0.365399 -0.836758 0.407824
vn 0.003632 -0.915683 0.401885
vn 0.382675 -0.863426 0.328718
vn 0.000296 -0.942412 0.334455
vn 0.338938 -0.907616 0.247699
vn 0.001079 -0.962836 0.270085
vn 0.000051 -0.979500 0.201445
vn 0.302018 -0.940474 0.155862
vn 0.007074 -0.989602 0.143660
vn 0.005727 -0.994087 0.108434
vn 0.007254 -0.999060 0.042734
vn 0.999781 -0.020875 0.001636
vn 0.922933 -0.383963 0.027705
vn 0.924564 -0.377270 0.053370
vn 0.999955 -0.009309 0.001621
vn 0.924358 -0.370933 0.089281
vn 0.999899 -0.013680 0.003758
vn 0.924270 -0.360908 0.124381
vn 1.000000 -0.000801 0.000305
vn 0.924528 -0.346813 0.158014
vn 0.999972 -0.006741 0.003335
vn 0.924305 -0.330630 0.190639
vn 0.999953 -0.008235 0.005105
vn 0.924364 -0.313631 0.217228
vn 0.999951 -0.008013 0.005850
vn 0.924331 -0.304021 0.230616
vn 0.999899 -0.011473 0.008403
vn 0.707708 -0.698254 0.107663
vn 0.707338 -0.685152 0.173896
vn 0.707246 -0.665473 0.238639
vn 0.707006 -0.639878 0.301163
vn 0.707274 -0.607980 0.360728
vn 0.696323 -0.586366 0.413895
vn 0.704900 -0.568018 0.424820
vn -0.056366 -0.361886 0.930517
vn -0.057225 -0.184166 0.981228
vn -0.056740 -0.797450 0.600711
vn -0.057132 -0.673166 0.737282
vn -0.057119 -0.994209 0.091030
vn -0.057032 -0.960474 0.272464
vn -0.057501 -0.893265 -0.445837
vn -0.056943 -0.960064 -0.273923
vn -0.057940 -0.524866 -0.849211
vn -0.056931 -0.672064 -0.738301
vn -0.055053 0.675204 -0.735573
vn -0.058172 0.526258 -0.848333
vn -0.055234 0.961151 -0.270441
vn -0.057893 0.893954 -0.444404
vn -0.055498 0.959666 0.275612
vn -0.057691 0.994011 0.092814
vn -0.055782 0.671132 0.739236
vn -0.057521 0.796225 0.602260
vn -0.056081 0.181678 0.981758
vn -0.057388 0.359882 0.931231
vn -0.058562 0.517847 0.853466
vn -0.058696 0.889085 0.453963
vn -0.058841 0.994972 -0.081040
vn -0.059042 0.803753 -0.592027
vn -0.054872 0.187332 -0.980763
vn -0.059208 0.372316 -0.926216
vn -0.056948 -0.182573 -0.981542
vn -0.058408 0.000729 -0.998293
vn -0.058357 -0.358665 -0.931640
vn -0.058319 -0.794641 -0.604272
vn -0.058300 -0.993618 -0.096566
vn -0.058312 -0.896141 0.439922
vn -0.058423 -0.531408 0.845099
vn -0.058465 -0.007982 0.998258
vn -0.116582 -0.001464 0.993180
vn -0.116560 0.181048 0.976543
vn -0.116509 0.357423 0.926647
vn -0.116538 0.521570 0.845212
vn -0.116561 0.668037 0.734942
vn -0.116553 0.791724 0.599657
vn -0.116533 0.888392 0.444048
vn -0.116545 0.954876 0.273183
vn -0.120441 0.988702 0.089237
vn -0.115665 0.987903 -0.103289
vn -0.116544 0.955665 -0.270410
vn -0.116566 0.889710 -0.441394
vn -0.116533 0.793450 -0.597376
vn -0.116559 0.670236 -0.732938
vn -0.116538 0.524078 -0.843659
vn -0.116525 0.360063 -0.925622
vn -0.116575 0.183984 -0.975992
vn -0.116582 0.001464 -0.993180
vn -0.116560 -0.181048 -0.976543
vn -0.116509 -0.357423 -0.926647
vn -0.116538 -0.521570 -0.845212
vn -0.116561 -0.668037 -0.734942
vn -0.116553 -0.791724 -0.599657
vn -0.116533 -0.888392 -0.444048
vn -0.116545 -0.954876 -0.273183
vn -0.116576 -0.988809 -0.093101
vn -0.116546 -0.989084 0.090161
vn -0.116544 -0.955665 0.270410
vn -0.116566 -0.889710 0.441394
vn -0.116533 -0.793450 0.597376
vn -0.116559 -0.670236 0.732938
vn -0.116538 -0.524078 0.843659
vn -0.116525 -0.360063 0.925622
vn -0.116575 -0.183984 0.975992
vn -0.165703 0.954438 0.248174
vn -0.181116 0.973192 0.141757
vn -0.170919 0.985279 0.003557
vn -0.170991 0.973757 -0.150195
vn -0.174096 0.939705 -0.294356
vn -0.173688 0.869839 -0.461750
vn -0.173200 0.770594 -0.613340
vn -0.172511 0.645163 -0.744315
vn -0.171643 0.497698 -0.850197
vn -0.170544 0.333588 -0.927164
vn -0.169293 0.157965 -0.972824
vn -0.167951 -0.023038 -0.985526
vn -0.166300 -0.203547 -0.964838
vn -0.164543 -0.376933 -0.911508
vn -0.179227 -0.535728 -0.825151
vn -0.174245 -0.682486 -0.709825
vn -0.173914 -0.801089 -0.572722
vn -0.173479 -0.892546 -0.416252
vn -0.172824 -0.953842 -0.245595
vn -0.171929 -0.982864 -0.066471
vn -0.170953 -0.978569 0.114798
vn -0.169773 -0.941127 0.292331
vn -0.168414 -0.871750 0.460097
vn -0.166908 -0.772899 0.612183
vn -0.165202 -0.647752 0.743725
vn -0.179246 -0.499485 0.847576
vn -0.174290 -0.331156 0.927339
vn -0.174026 -0.155510 0.972384
vn -0.173659 0.025364 0.984479
vn -0.173005 0.205605 0.963222
vn -0.172204 0.378596 0.909401
vn -0.171320 0.539003 0.824697
vn -0.170177 0.681286 0.711961
vn -0.168820 0.800439 0.575150
vn -0.167356 0.892515 0.418819
vn -0.999973 0.007326 -0.001118
vn -0.998280 0.058603 -0.001829
vn -0.999947 0.009087 0.004921
vn -0.998944 -0.012213 0.044299
vn -1.000000 0.000000 0.000000
vn -1.000000 0.000000 0.000000
vn -1.000000 0.000000 0.000000
vn -1.000000 0.000000 0.000000
vn -1.000000 0.000000 0.000000
vn -0.999712 -0.003479 0.023753
vn -0.999988 0.000028 0.004829
vn -0.999930 0.005267 0.010629
vn -0.999786 0.006285 0.019710
vn -0.999689 0.003906 0.024611
vn -1.000000 0.000000 0.000000
vn -1.000000 0.000000 0.000000
vn -0.999934 0.007965 0.008335
vn -0.999882 0.008808 0.012568
vn -1.000000 0.000000 0.000000
vn -0.999890 0.014833 -0.000709
vn -0.999949 0.010070 -0.001055
vn -0.999801 0.015796 0.012174
vn -1.000000 0.000000 0.000000
vn -1.000000 0.000000 0.000000
vn -1.000000 0.000000 0.000000
vn -1.000000 0.000000 0.000000
vn -1.000000 0.000000 0.000000
vn -1.000000 0.000000 0.000000
vn -1.000000 0.000000 0.000000
vn -1.000000 0.000000 0.000000
vn -0.270318 -0.783812 0.559077
vn -0.017047 -0.855222 0.517982
vn -0.006388 -0.857386 0.514634
vn -0.899054 -0.158864 0.408001
vn -0.698890 -0.425691 0.574752
vn -0.713232 -0.457582 0.530960
vn -0.002461 -0.804215 0.594333
vn -0.003409 -0.836510 0.547941
vn -0.115526 -0.812990 0.570702
vn -0.352933 -0.692723 0.628946
vn -0.270063 -0.672831 0.688741
vn -0.001837 -0.776852 0.629681
vn -0.767467 -0.298016 0.567611
vn -0.690898 -0.363802 0.624746
vn -0.690289 -0.435593 0.577719
vn -0.546508 -0.527124 0.650745
vn -0.978287 -0.083805 0.189553
vn -0.864590 -0.368902 0.341169
vn -0.655221 -0.618218 0.434156
vn -0.345831 -0.807915 0.477151
vn -0.006133 -0.879601 0.475672
vn -0.573674 -0.601659 0.555792
vn -0.630377 -0.387259 0.672797
vn -0.583123 -0.443883 0.680394
vn -0.470403 -0.553301 0.687444
vn -0.438770 -0.550573 0.710177
vn -0.326601 -0.588973 0.739217
vn -0.287208 -0.643776 0.709270
vn -0.166893 -0.697002 0.697377
vn 0.677401 0.734905 -0.032298
vn 0.923297 0.383632 -0.018678
vn 0.999988 0.004623 -0.001294
vn 0.924290 0.364448 -0.113424
vn 0.924170 0.371267 -0.089836
vn 0.999987 0.005030 -0.001143
vn 0.924043 0.375035 -0.074111
vn 0.999986 0.005282 -0.000952
vn 0.924378 0.377473 -0.055133
vn 0.999983 0.005702 -0.000735
vn 0.924533 0.379388 -0.036108
vn 0.999983 0.005867 -0.000460
vn 0.999994 0.003339 -0.000120
vn 0.005838 0.999360 -0.035294
vn 0.418462 0.907417 -0.038531
vn 0.011550 0.997616 -0.068043
vn 0.438743 0.895682 -0.072512
vn 0.007955 0.994455 -0.104858
vn 0.382228 0.916473 -0.118231
vn 0.011102 0.990483 -0.137184
vn 0.403870 0.900041 -0.163754
vn 0.005581 0.984573 -0.174883
vn 0.015556 0.977189 -0.211799
vn 0.445546 0.872551 -0.200357
vn 0.007114 0.970828 -0.239673
vn 0.394842 0.884150 -0.249757
vn 0.003576 0.964850 -0.262776
vn 0.706808 0.704644 -0.062445
vn 0.707219 0.700220 -0.097635
vn 0.707555 0.694122 -0.132519
vn 0.715067 0.680397 -0.160435
vn 0.726403 0.658783 -0.195816
vn -0.710020 0.701630 0.059900
vn -0.771121 0.635868 0.032307
vn -0.564346 0.824682 -0.037594
vn -0.668400 0.739615 0.078805
vn -0.713060 0.683926 0.154241
vn -0.953494 0.283102 0.103448
vn -0.925787 0.373803 -0.056483
vn -0.734828 0.656289 0.171210
vn -0.858301 0.497949 0.123960
vn -0.883699 0.460129 0.085772
vn -0.907558 0.418077 0.039373
vn -0.406126 0.912974 -0.039260
vn -0.437921 0.896015 0.073366
vn -0.503596 0.863918 -0.006039
vn -0.536932 0.839039 0.087851
vn -0.189273 0.968671 -0.160784
vn -0.003125 0.965461 -0.260530
vn -0.132679 0.971508 -0.196386
vn -0.000512 0.967903 -0.251323
vn -0.133101 0.971610 -0.195597
vn -0.202828 0.977763 -0.053302
vn -0.354493 0.932333 -0.071347
vn -0.395320 0.917381 -0.046193
vn -0.004190 0.976952 -0.213416
vn -0.001861 0.975192 -0.221352
vn -0.253382 0.956974 -0.141412
vn -0.177204 0.970435 -0.163873
vn -0.380692 0.921052 -0.082078
vn -0.814303 0.579639 -0.030495
vn -0.620419 0.779883 -0.082840
vn -0.332515 0.931620 -0.146692
vn -0.002370 0.980062 -0.198677
vn -0.666262 0.735912 -0.120535
vn -0.391554 0.907077 -0.154585
vn -0.012529 0.984279 -0.176174
vn -0.001504 0.972520 -0.232813
vn -0.405868 0.903511 -0.137617
vn -0.000873 0.986755 -0.162213
vn -0.431662 0.897483 -0.090515
vn -0.002822 0.995679 -0.092819
vn -0.007139 0.993136 -0.116751
vn -0.447962 0.892904 -0.045302
vn -0.007569 0.999631 -0.026074
vn -0.014132 0.997916 -0.062962
vn -0.734525 0.677843 -0.031637
vn -0.922607 0.385333 -0.017772
vn -0.924228 0.380405 -0.033096
vn -0.702323 0.704736 -0.100447
vn -0.924353 0.378031 -0.051620
vn -0.707768 0.703354 -0.066011
vn 1.000000 0.000000 0.000000
vn 1.000000 0.000000 0.000000
vn 1.000000 0.000000 0.000000
vn 0.999948 -0.000300 -0.010166
vn 0.999949 -0.002012 -0.009921
vn 0.999949 -0.003669 -0.009446
vn 0.999949 -0.005219 -0.008689
vn 0.999900 -0.009251 -0.010731
vn 0.999950 -0.007716 -0.006355
vn 0.999950 -0.008712 -0.004971
vn 0.999949 -0.009457 -0.003431
vn 0.999949 -0.009926 -0.001781
vn 0.999949 -0.010104 -0.000072
vn 0.999949 -0.009985 0.001644
vn 0.999949 -0.009570 0.003317
vn 0.999949 -0.008884 0.004868
vn 1.000000 0.000000 0.000000
vn 1.000000 0.000000 0.000000
vn 1.000000 0.000000 0.000000
vn 1.000000 0.000000 0.000000
vn 1.000000 0.000000 0.000000
vn 1.000000 0.000000 0.000000
vn 0.999995 0.002730 -0.001780
vn 0.999996 0.002749 -0.001200
vn 0.999950 0.007314 -0.006789
vn 0.999950 0.006078 -0.007960
vn 0.999950 0.004655 -0.008904
vn 0.999949 0.003084 -0.009588
vn 0.999949 0.001416 -0.009995
vn 1.000000 0.000000 0.000000
vn 1.000000 0.000000 0.000000
vn -0.474067 -0.831336 0.290070
vn -0.483764 -0.863249 0.144129
vn -0.007742 -0.977343 0.211518
vn -0.473346 -0.040192 0.879959
vn -0.480850 -0.188577 0.856284
vn -0.010842 -0.155154 0.987831
vn -0.018306 0.985456 -0.168939
vn -0.009713 0.970736 -0.239954
vn -0.490304 0.843022 -0.221172
vn -0.473996 -0.182313 -0.861446
vn -0.482526 -0.033429 -0.875243
vn -0.008032 -0.090127 -0.995898
vn -0.472956 -0.867981 -0.151399
vn -0.478943 -0.826443 -0.295982
vn -0.008928 -0.961201 -0.275705
vn -0.469919 -0.686194 -0.555260
vn -0.009773 -0.823405 -0.567370
vn -0.504165 -0.757074 -0.415520
vn -0.006898 -0.876199 -0.481899
vn -0.004115 -0.910991 -0.412406
vn -0.485561 -0.455092 -0.746406
vn -0.007129 -0.550665 -0.834696
vn -0.473115 -0.579184 -0.663858
vn -0.005968 -0.644464 -0.764611
vn -0.003301 -0.742360 -0.669993
vn -0.002965 -0.142170 -0.989838
vn -0.011082 -0.288662 -0.957367
vn -0.487238 -0.326257 -0.810034
vn -0.006333 -0.340376 -0.940268
vn -0.005254 -0.442727 -0.896641
vn -0.472503 0.260178 -0.842050
vn -0.010203 0.219642 -0.975527
vn -0.497523 0.105961 -0.860955
vn -0.006743 0.138523 -0.990336
vn -0.004530 0.047902 -0.998842
vn -0.474575 0.509703 -0.717622
vn -0.006628 0.524741 -0.851236
vn -0.517581 0.374279 -0.769432
vn -0.009315 0.390201 -0.920682
vn -0.003164 0.352467 -0.935819
vn -0.473002 0.635403 -0.610354
vn -0.009278 0.668618 -0.743548
vn -0.004037 0.584851 -0.811131
vn -0.473449 0.731825 -0.490181
vn -0.011100 0.777953 -0.628224
vn -0.003067 0.757849 -0.652423
vn -0.485182 0.798309 -0.356793
vn -0.003866 0.956716 -0.290999
vn -0.007372 0.895900 -0.444195
vn -0.002905 0.869220 -0.494416
vn -0.005625 0.999540 -0.029818
vn -0.474324 0.877441 -0.071511
vn -0.011782 0.999339 0.034391
vn -0.482202 0.872580 0.078009
vn -0.009208 0.986410 0.164043
vn -0.009668 0.970031 0.242787
vn -0.500012 0.839341 0.213293
vn -0.010206 0.932388 0.361316
vn -0.471596 0.802753 0.364945
vn -0.009695 0.887634 0.460448
vn -0.010982 0.865142 0.501406
vn -0.517554 0.715757 0.468859
vn -0.008738 0.773376 0.633887
vn -0.456450 0.647623 0.610113
vn -0.006013 0.736607 0.676294
vn -0.481010 0.520428 0.705538
vn -0.010150 0.569751 0.821755
vn -0.004984 0.608483 0.793551
vn -0.484931 0.252401 0.837338
vn -0.011191 0.330268 0.943821
vn -0.474055 0.393195 0.787826
vn -0.005344 0.387674 0.921781
vn -0.017198 0.524164 0.851444
vn -0.010099 -0.105841 0.994332
vn -0.010041 0.002585 0.999946
vn -0.492615 0.113094 0.862868
vn -0.009893 0.116270 0.993168
vn -0.009169 0.210106 0.977636
vn -0.470362 -0.463821 0.750753
vn -0.012513 -0.468667 0.883286
vn -0.501855 -0.317062 0.804744
vn -0.011142 -0.369640 0.929108
vn -0.004784 -0.310189 0.950663
vn -0.486256 -0.682252 0.545973
vn -0.009252 -0.736467 0.676410
vn -0.473273 -0.584877 0.658734
vn -0.012320 -0.659507 0.751598
vn -0.005646 -0.581510 0.813519
vn -0.002913 -0.963417 0.267990
vn -0.011650 -0.911256 0.411676
vn -0.484754 -0.763715 0.426325
vn -0.006013 -0.891600 0.452784
vn -0.004299 -0.824852 0.565333
vn -0.003119 -0.973224 -0.229837
vn -0.010750 -0.995728 -0.091702
vn -0.495211 -0.868766 0.003402
vn -0.006534 -0.999832 -0.017115
vn -0.004906 -0.996813 0.079627
vn -0.834094 0.322831 0.447289
vn -0.834036 0.393836 0.386364
vn -0.833906 0.453629 0.314360
vn -0.834073 0.499979 0.233115
vn -0.834118 0.532125 0.145227
vn -0.833833 0.549453 0.053142
vn -0.833964 0.550344 -0.040328
vn -0.834104 0.535407 -0.132701
vn -0.834153 0.242518 0.495352
vn -0.834093 0.155388 0.529286
vn -0.833936 0.063771 0.548165
vn -0.834093 -0.029917 0.550812
vn -0.834019 -0.122541 0.537955
vn -0.834029 -0.211625 0.509520
vn -0.834113 -0.294704 0.466268
vn -0.834044 -0.369330 0.409837
vn -0.834008 -0.433304 0.341582
vn -0.833916 -0.484904 0.263537
vn -0.833823 -0.522597 0.177852
vn -0.833965 -0.544938 0.086863
vn -0.833967 -0.551777 -0.006434
vn -0.833949 -0.542780 -0.099594
vn -0.833942 -0.518143 -0.189917
vn -0.834028 -0.478464 -0.274719
vn -0.834027 -0.425182 -0.351595
vn -0.833993 -0.359722 -0.418397
vn -0.833928 -0.283848 -0.473280
vn -0.833993 -0.199713 -0.514364
vn -0.834070 -0.109959 -0.540589
vn -0.834129 -0.016986 -0.551307
vn -0.834097 0.076479 -0.546291
vn -0.834124 0.167704 -0.525465
vn -0.834132 0.254056 -0.489571
vn -0.833928 0.333323 -0.439840
vn -0.834051 0.402739 -0.377041
vn -0.834078 0.460614 -0.303561
vn -0.834011 0.505375 -0.221409
vn -0.995910 0.047721 0.076719
vn -0.995914 0.059985 0.067499
vn -0.995911 0.070545 0.056427
vn -0.995909 0.079102 0.043690
vn -0.995913 0.085294 0.029708
vn -0.995910 0.089122 0.014843
vn -0.995905 0.090410 -0.000430
vn -0.995912 0.088959 -0.015663
vn -0.995911 0.085037 -0.030506
vn -0.995909 0.034083 0.083684
vn -0.995908 0.019470 0.088251
vn -0.995918 0.004258 0.090165
vn -0.995912 -0.011081 0.089646
vn -0.995912 -0.026043 0.086495
vn -0.995910 -0.040286 0.080872
vn -0.995913 -0.053374 0.072858
vn -0.995912 -0.064922 0.062808
vn -0.995910 -0.074617 0.050941
vn -0.995910 -0.082145 0.037614
vn -0.995916 -0.087264 0.023152
vn -0.995912 -0.089968 0.008067
vn -0.995913 -0.090031 -0.007232
vn -0.995911 -0.087529 -0.022350
vn -0.995911 -0.082490 -0.036829
vn -0.995911 -0.075078 -0.050241
vn -0.995910 -0.065520 -0.062211
vn -0.995912 -0.054066 -0.072364
vn -0.995915 -0.041020 -0.080436
vn -0.995917 -0.026823 -0.086201
vn -0.995908 -0.011910 -0.089589
vn -0.995912 0.003412 -0.090263
vn -0.995911 0.018617 -0.088405
vn -0.995913 0.033299 -0.083954
vn -0.995908 0.047011 -0.077178
vn -0.995911 0.059374 -0.068083
vn -0.995914 0.069991 -0.057065
vn -0.995910 0.078674 -0.044428
vn -0.919359 -0.238885 -0.312590
vn -0.919333 -0.288324 -0.267761
vn -0.919409 -0.329223 -0.215173
vn -0.919408 -0.360887 -0.156366
vn -0.919383 -0.382176 -0.093143
vn -0.919436 -0.392297 -0.027227
vn -0.919464 -0.391188 0.039469
vn -0.919362 -0.379120 0.105082
vn -0.919379 -0.355866 0.167634
vn -0.919401 -0.322369 0.225345
vn -0.919368 -0.182581 -0.348464
vn -0.919452 -0.120968 -0.374131
vn -0.919422 -0.056074 -0.389255
vn -0.919319 0.010501 -0.393373
vn -0.919402 0.076886 -0.385730
vn -0.919493 0.140885 -0.366992
vn -0.919452 0.200862 -0.338028
vn -0.919428 0.255174 -0.299229
vn -0.919466 0.302000 -0.251749
vn -0.919500 0.340140 -0.197042
vn -0.919467 0.368600 -0.136801
vn -0.919426 0.386515 -0.072539
vn -0.919456 0.393145 -0.006140
vn -0.919469 0.388499 0.060367
vn -0.919503 0.372618 0.125178
vn -0.919477 0.346180 0.186337
vn -0.919494 0.309674 0.242142
vn -0.919463 0.264356 0.291040
vn -0.919410 0.211433 0.331636
vn -0.919385 0.152358 0.362653
vn -0.919416 0.088896 0.383108
vn -0.919430 0.022832 0.392590
vn -0.919451 -0.043876 0.390749
vn -0.919402 -0.109258 0.377840
vn -0.919373 -0.171554 0.354008
vn -0.919413 -0.228931 0.319798
vn -0.919321 -0.279797 0.276699
vn -0.613217 -0.463681 -0.639503
vn -0.613584 -0.566719 -0.549859
vn -0.615001 -0.651887 -0.443641
vn -0.616604 -0.717386 -0.324279
vn -0.618635 -0.760967 -0.195498
vn -0.621387 -0.781088 -0.061482
vn -0.624486 -0.777560 0.073599
vn -0.628067 -0.750522 0.205547
vn -0.632029 -0.701004 0.330351
vn -0.636507 -0.630743 0.443872
vn -0.640943 -0.542297 0.543236
vn -0.679968 -0.320468 -0.659503
vn -0.643018 -0.241040 -0.726931
vn -0.637846 -0.113128 -0.761810
vn -0.633580 0.019849 -0.773423
vn -0.629556 0.153421 -0.761657
vn -0.625451 0.283239 -0.727040
vn -0.622096 0.405486 -0.669759
vn -0.619417 0.516205 -0.591486
vn -0.617236 0.611649 -0.494879
vn -0.615393 0.688901 -0.383024
vn -0.614013 0.745540 -0.259149
vn -0.613463 0.779459 -0.126911
vn -0.629040 0.777351 0.005749
vn -0.653183 0.746517 0.126747
vn -0.639485 0.730094 0.240877
vn -0.634782 0.681190 0.364736
vn -0.630573 0.610969 0.478638
vn -0.626391 0.521838 0.579067
vn -0.623263 0.415549 0.662467
vn -0.620573 0.296177 0.726064
vn -0.618042 0.167386 0.768118
vn -0.615949 0.032666 0.787109
vn -0.614408 -0.103513 0.782169
vn -0.613611 -0.236691 0.753299
vn -0.613200 -0.362927 0.701620
vn -0.677656 -0.445879 0.584786
vn -0.824804 0.527728 0.202983
vn -0.259699 0.965608 0.012591
vn -0.004501 0.970923 -0.239349
vn -0.003812 0.994744 0.102318
vn -0.004419 0.977786 0.209559
vn -0.276212 0.947680 0.160028
vn -0.013008 0.918885 0.394310
vn -0.006530 0.885806 0.464009
vn -0.303757 0.854044 0.422303
vn -0.004458 -0.600132 0.799889
vn -0.005026 -0.719651 0.694318
vn -0.153460 -0.624659 0.765671
vn -0.779547 -0.244373 0.576705
vn -0.825776 -0.159929 0.540848
vn -0.457435 -0.481971 0.747300
vn -0.578941 -0.341717 0.740308
vn -0.306378 -0.507556 0.805307
vn -0.010315 -0.554466 0.832142
vn -0.008191 -0.456790 0.889537
vn -0.312222 -0.378771 0.871234
vn -0.008034 -0.345201 0.938495
vn -0.278073 -0.247009 0.928258
vn -0.009788 -0.326694 0.945079
vn -0.003479 0.257543 0.966261
vn -0.004533 0.151471 0.988451
vn -0.276739 0.185206 0.942929
vn -0.007725 0.080826 0.996698
vn -0.319759 0.043358 0.946506
vn -0.013109 -0.045295 0.998888
vn -0.303444 -0.094164 0.948185
vn -0.006688 -0.115421 0.993294
vn -0.004263 -0.199751 0.979837
vn -0.006836 0.359810 0.933001
vn -0.302633 0.334389 0.892523
vn -0.006916 0.461840 0.886936
vn -0.329781 0.453402 0.828053
vn -0.009743 0.565262 0.824854
vn -0.284165 0.573990 0.767975
vn -0.013813 0.568552 0.822532
vn -0.008499 0.666287 0.745647
vn -0.312049 0.681918 0.661523
vn -0.007961 0.754315 0.656465
vn -0.278601 0.781618 0.558081
vn -0.009636 0.768684 0.639556
vn -0.005401 0.847808 0.530275
vn -0.006856 0.999974 0.002201
vn -0.006519 0.994011 -0.109085
vn -0.532072 0.828799 0.173180
vn -0.574630 0.773079 0.268605
vn -0.961038 -0.076129 0.265725
vn -0.954394 -0.040204 0.295829
vn -0.954400 0.004868 0.298492
vn -0.954417 0.049847 0.294286
vn -0.954408 0.093625 0.283442
vn -0.954402 0.135316 0.266093
vn -0.954406 0.173844 0.242668
vn -0.954402 0.208466 0.213680
vn -0.954411 0.238308 0.179748
vn -0.939332 0.300656 0.165108
vn -0.577045 -0.221219 0.786181
vn -0.577094 -0.100212 0.810506
vn -0.577006 0.023128 0.816412
vn -0.576867 0.145888 0.803705
vn -0.577024 0.265548 0.772352
vn -0.576991 0.378931 0.723528
vn -0.576966 0.483627 0.658191
vn -0.576956 0.577383 0.577712
vn -0.577026 0.657901 0.483949
vn -0.577008 0.723334 0.379275
vn -0.007887 0.960158 0.279346
vn -0.318963 0.901395 0.292830
vn -0.820234 -0.071832 0.567500
vn -0.820313 0.014658 0.571727
vn -0.820196 0.100641 0.563160
vn -0.820176 0.184442 0.541565
vn -0.820170 0.264005 0.507565
vn -0.820183 0.337449 0.461983
vn -0.820211 0.403266 0.405746
vn -0.820169 0.459893 0.340325
vn -0.798415 0.528901 0.287745
vn 0.923807 -0.324959 0.202439
vn 0.923793 -0.354000 0.145915
vn 0.923924 -0.373316 0.083661
vn 0.924100 -0.381670 0.019153
vn 0.923883 -0.379905 -0.045955
vn 0.923984 -0.366382 -0.109629
vn 0.923969 -0.342502 -0.170219
vn 0.923915 -0.308741 -0.225962
vn 0.923872 -0.266060 -0.275087
vn 0.923819 -0.215590 -0.316354
vn 0.923914 -0.158756 -0.348108
vn 0.924132 -0.097278 -0.369482
vn 0.924065 -0.033139 -0.380795
vn 0.924121 0.031897 -0.380765
vn 0.924108 0.095983 -0.369882
vn 0.924042 0.157450 -0.348362
vn 0.923925 0.214423 -0.316837
vn 0.923929 0.265022 -0.275896
vn 0.923990 0.307870 -0.226845
vn 0.924057 0.341225 -0.172289
vn 0.002795 0.936053 -0.351847
vn 0.407574 0.827585 -0.385987
vn 0.000680 0.880395 -0.474240
vn 0.001408 0.825532 -0.564353
vn 0.418640 0.755073 -0.504585
vn 0.002763 0.770858 -0.637001
vn 0.409460 0.666108 -0.623412
vn 0.001109 0.734360 -0.678759
vn 0.003048 0.643811 -0.765179
vn 0.433031 0.533079 -0.726850
vn 0.000574 0.553976 -0.832533
vn 0.003289 0.507799 -0.861470
vn 0.438321 0.407318 -0.801228
vn 0.001165 0.373440 -0.927654
vn 0.406642 0.277983 -0.870269
vn 0.001327 0.325234 -0.945633
vn 0.002577 0.190744 -0.981636
vn 0.435940 0.114453 -0.892668
vn 0.000743 0.100971 -0.994889
vn 0.003462 0.017484 -0.999841
vn 0.445875 -0.036080 -0.894368
vn 0.001196 -0.119634 -0.992817
vn 0.366407 -0.199698 -0.908772
vn 0.001618 -0.159667 -0.987170
vn 0.424532 -0.483688 -0.765388
vn 0.003341 -0.474035 -0.880500
vn 0.443968 -0.338246 -0.829748
vn 0.001906 -0.373693 -0.927550
vn 0.001351 -0.307963 -0.951397
vn 0.409737 -0.706001 -0.577648
vn 0.001163 -0.725934 -0.687764
vn 0.429772 -0.597352 -0.677102
vn 0.003120 -0.609071 -0.793109
vn 0.000458 -0.579073 -0.815276
vn 0.436589 -0.788673 -0.432880
vn 0.002960 -0.842563 -0.538589
vn 0.001288 -0.765879 -0.642983
vn 0.001783 -0.998057 -0.062280
vn 0.001548 -0.978996 -0.203872
vn 0.377672 -0.913921 -0.148699
vn 0.001176 -0.967600 -0.252487
vn 0.443017 -0.846115 -0.296353
vn 0.003521 -0.921738 -0.387798
vn 0.000594 -0.893581 -0.448902
vn 0.001981 -0.999803 0.019768
vn 0.439703 -0.898089 0.009858
vn 0.003559 -0.993368 0.114926
vn 0.446578 -0.881335 0.154327
vn 0.001219 -0.969587 0.244746
vn 0.382704 -0.872810 0.302886
vn 0.001862 -0.927533 0.373736
vn 0.407116 -0.799033 0.442495
vn 0.001220 -0.875605 0.483026
vn 0.003542 -0.813694 0.581282
vn 0.705014 0.639719 -0.306129
vn 0.706143 0.579165 -0.407345
vn 0.706759 0.501202 -0.499288
vn 0.706647 0.409328 -0.577149
vn 0.706416 0.305597 -0.638425
vn 0.706294 0.192923 -0.681123
vn 0.707008 0.074463 -0.703274
vn 0.706316 -0.045861 -0.706409
vn 0.706180 -0.165108 -0.688512
vn 0.707109 -0.279152 -0.649670
vn 0.707417 -0.385110 -0.592665
vn 0.707522 -0.479997 -0.518667
vn 0.707209 -0.561245 -0.429953
vn 0.706686 -0.626487 -0.328798
vn 0.707186 -0.672733 -0.217527
vn 0.706950 -0.700118 -0.100288
vn 0.706727 -0.707209 0.019826
vn 0.707165 -0.693140 0.139552
vn 0.706020 -0.660533 0.255404
vn 0.707538 -0.607787 0.360534
# 1616 vertices, 0 vertices normals

f 1//1 2//2 3//3
f 3//3 2//2 4//4
f 3//3 4//4 5//5
f 6//6 7//7 8//8
f 8//8 7//7 9//9
f 8//8 9//9 10//10
f 11//11 12//12 13//13
f 13//13 12//12 14//14
f 13//13 14//14 15//15
f 16//16 17//17 18//18
f 18//18 17//17 19//19
f 18//18 19//19 20//20
f 21//21 22//22 23//23
f 23//23 22//22 24//24
f 23//23 24//24 25//25
f 26//26 27//27 28//28
f 28//28 27//27 29//29
f 28//28 29//29 30//30
f 31//31 32//32 33//33
f 33//33 32//32 34//34
f 33//33 34//34 35//35
f 36//36 37//37 38//38
f 38//38 37//37 39//39
f 38//38 39//39 40//40
f 41//41 42//42 43//43
f 43//43 42//42 44//44
f 43//43 44//44 45//45
f 46//46 47//47 48//48
f 48//48 47//47 49//49
f 48//48 49//49 50//50
f 51//51 52//52 53//53
f 53//53 52//52 54//54
f 53//53 54//54 55//55
f 56//56 57//57 58//58
f 58//58 57//57 59//59
f 58//58 59//59 60//60
f 61//61 62//62 63//63
f 63//63 62//62 19//19
f 63//63 19//19 17//17
f 64//64 65//65 66//66
f 66//66 65//65 14//14
f 66//66 14//14 12//12
f 67//67 68//68 69//69
f 69//69 68//68 49//49
f 69//69 49//49 47//47
f 70//70 71//71 72//72
f 72//72 71//71 44//44
f 72//72 44//44 42//42
f 73//73 74//74 75//75
f 75//75 74//74 9//9
f 75//75 9//9 7//7
f 76//76 77//77 78//78
f 78//78 77//77 4//4
f 78//78 4//4 2//2
f 79//79 80//80 81//81
f 81//81 80//80 59//59
f 81//81 59//59 57//57
f 82//82 83//83 84//84
f 84//84 83//83 54//54
f 84//84 54//54 52//52
f 85//85 86//86 27//27
f 27//27 86//86 87//87
f 27//27 87//87 29//29
f 88//88 89//89 90//90
f 90//90 89//89 24//24
f 90//90 24//24 22//22
f 91//91 92//92 93//93
f 93//93 92//92 39//39
f 93//93 39//39 37//37
f 94//94 95//95 32//32
f 32//32 95//95 96//96
f 32//32 96//96 34//34
f 97//97 98//98 99//99
f 99//99 98//98 100//100
f 101//101 97//97 102//102
f 102//102 97//97 99//99
f 102//102 99//99 103//103
f 103//103 99//99 104//104
f 105//105 106//106 107//107
f 107//107 106//106 108//108
f 107//107 108//108 109//109
f 109//109 108//108 110//110
f 111//111 8//8 10//10
f 111//111 10//10 112//112
f 112//112 10//10 113//113
f 112//112 113//113 114//114
f 114//114 113//113 115//115
f 114//114 115//115 116//116
f 116//116 115//115 117//117
f 116//116 117//117 118//118
f 118//118 117//117 1//1
f 118//118 1//1 3//3
f 6//6 8//8 119//119
f 6//6 119//119 120//120
f 120//120 119//119 121//121
f 120//120 121//121 122//122
f 122//122 121//121 123//123
f 122//122 123//123 124//124
f 124//124 123//123 125//125
f 124//124 125//125 5//5
f 5//5 125//125 126//126
f 5//5 126//126 3//3
f 127//127 18//18 20//20
f 127//127 20//20 128//128
f 128//128 20//20 129//129
f 128//128 129//129 130//130
f 130//130 129//129 131//131
f 130//130 131//131 132//132
f 132//132 131//131 133//133
f 132//132 133//133 134//134
f 134//134 133//133 11//11
f 134//134 11//11 13//13
f 16//16 18//18 135//135
f 16//16 135//135 136//136
f 136//136 135//135 137//137
f 136//136 137//137 138//138
f 138//138 137//137 139//139
f 138//138 139//139 140//140
f 140//140 139//139 141//141
f 140//140 141//141 15//15
f 15//15 141//141 142//142
f 15//15 142//142 13//13
f 143//143 28//28 30//30
f 143//143 30//30 144//144
f 144//144 30//30 145//145
f 144//144 145//145 146//146
f 146//146 145//145 147//147
f 146//146 147//147 148//148
f 148//148 147//147 149//149
f 148//148 149//149 150//150
f 150//150 149//149 21//21
f 150//150 21//21 23//23
f 26//26 28//28 151//151
f 26//26 151//151 152//152
f 152//152 151//151 153//153
f 152//152 153//153 154//154
f 154//154 153//153 155//155
f 154//154 155//155 156//156
f 156//156 155//155 157//157
f 156//156 157//157 25//25
f 25//25 157//157 158//158
f 25//25 158//158 23//23
f 31//31 33//33 159//159
f 31//31 159//159 160//160
f 160//160 159//159 161//161
f 160//160 161//161 162//162
f 162//162 161//161 163//163
f 162//162 163//163 164//164
f 164//164 163//163 165//165
f 164//164 165//165 40//40
f 40//40 165//165 166//166
f 40//40 166//166 38//38
f 36//36 38//38 167//167
f 36//36 167//167 168//168
f 168//168 167//167 169//169
f 168//168 169//169 170//170
f 170//170 169//169 171//171
f 170//170 171//171 172//172
f 172//172 171//171 173//173
f 172//172 173//173 35//35
f 35//35 173//173 174//174
f 35//35 174//174 33//33
f 41//41 43//43 175//175
f 41//41 175//175 176//176
f 176//176 175//175 177//177
f 176//176 177//177 178//178
f 178//178 177//177 179//179
f 178//178 179//179 180//180
f 180//180 179//179 181//181
f 180//180 181//181 50//50
f 50//50 181//181 182//182
f 50//50 182//182 48//48
f 46//46 48//48 183//183
f 46//46 183//183 184//184
f 184//184 183//183 185//185
f 184//184 185//185 186//186
f 186//186 185//185 187//187
f 186//186 187//187 188//188
f 188//188 187//187 189//189
f 188//188 189//189 45//45
f 45//45 189//189 190//190
f 45//45 190//190 43//43
f 191//191 58//58 60//60
f 191//191 60//60 192//192
f 192//192 60//60 193//193
f 192//192 193//193 194//194
f 194//194 193//193 195//195
f 194//194 195//195 196//196
f 196//196 195//195 197//197
f 196//196 197//197 198//198
f 198//198 197//197 51//51
f 198//198 51//51 53//53
f 56//56 58//58 199//199
f 56//56 199//199 200//200
f 200//200 199//199 201//201
f 200//200 201//201 202//202
f 202//202 201//201 203//203
f 202//202 203//203 204//204
f 204//204 203//203 205//205
f 204//204 205//205 55//55
f 55//55 205//205 206//206
f 55//55 206//206 53//53
f 207//207 208//208 209//209
f 209//209 208//208 210//210
f 17//17 16//16 136//136
f 12//12 11//11 133//133
f 211//211 14//14 212//212
f 212//212 14//14 65//65
f 212//212 65//65 213//213
f 213//213 65//65 64//64
f 213//213 64//64 214//214
f 214//214 64//64 66//66
f 214//214 66//66 215//215
f 216//216 19//19 217//217
f 217//217 19//19 62//62
f 217//217 62//62 218//218
f 218//218 62//62 61//61
f 218//218 61//61 219//219
f 219//219 61//61 63//63
f 219//219 63//63 220//220
f 20//20 19//19 129//129
f 129//129 19//19 216//216
f 129//129 216//216 131//131
f 131//131 216//216 221//221
f 131//131 221//221 133//133
f 133//133 221//221 215//215
f 133//133 215//215 12//12
f 12//12 215//215 66//66
f 15//15 14//14 140//140
f 140//140 14//14 211//211
f 140//140 211//211 138//138
f 138//138 211//211 222//222
f 138//138 222//222 136//136
f 136//136 222//222 220//220
f 136//136 220//220 17//17
f 17//17 220//220 63//63
f 47//47 46//46 184//184
f 42//42 41//41 176//176
f 223//223 44//44 224//224
f 224//224 44//44 71//71
f 224//224 71//71 225//225
f 225//225 71//71 70//70
f 225//225 70//70 226//226
f 226//226 70//70 72//72
f 226//226 72//72 227//227
f 228//228 49//49 229//229
f 229//229 49//49 68//68
f 229//229 68//68 230//230
f 230//230 68//68 67//67
f 230//230 67//67 231//231
f 231//231 67//67 69//69
f 231//231 69//69 232//232
f 50//50 49//49 180//180
f 180//180 49//49 228//228
f 180//180 228//228 178//178
f 178//178 228//228 233//233
f 178//178 233//233 176//176
f 176//176 233//233 227//227
f 176//176 227//227 42//42
f 42//42 227//227 72//72
f 45//45 44//44 188//188
f 188//188 44//44 223//223
f 188//188 223//223 186//186
f 186//186 223//223 234//234
f 186//186 234//234 184//184
f 184//184 234//234 232//232
f 184//184 232//232 47//47
f 47//47 232//232 69//69
f 7//7 6//6 120//120
f 2//2 1//1 117//117
f 235//235 4//4 236//236
f 236//236 4//4 77//77
f 236//236 77//77 237//237
f 237//237 77//77 76//76
f 237//237 76//76 238//238
f 238//238 76//76 78//78
f 238//238 78//78 239//239
f 240//240 9//9 241//241
f 241//241 9//9 74//74
f 241//241 74//74 242//242
f 242//242 74//74 73//73
f 242//242 73//73 243//243
f 243//243 73//73 75//75
f 243//243 75//75 244//244
f 10//10 9//9 113//113
f 113//113 9//9 240//240
f 113//113 240//240 115//115
f 115//115 240//240 245//245
f 115//115 245//245 117//117
f 117//117 245//245 239//239
f 117//117 239//239 2//2
f 2//2 239//239 78//78
f 5//5 4//4 124//124
f 124//124 4//4 235//235
f 124//124 235//235 122//122
f 122//122 235//235 246//246
f 122//122 246//246 120//120
f 120//120 246//246 244//244
f 120//120 244//244 7//7
f 7//7 244//244 75//75
f 57//57 56//56 200//200
f 52//52 51//51 197//197
f 247//247 54//54 248//248
f 248//248 54//54 83//83
f 248//248 83//83 249//249
f 249//249 83//83 82//82
f 249//249 82//82 250//250
f 250//250 82//82 84//84
f 250//250 84//84 251//251
f 252//252 59//59 253//253
f 253//253 59//59 80//80
f 253//253 80//80 254//254
f 254//254 80//80 79//79
f 254//254 79//79 255//255
f 255//255 79//79 81//81
f 255//255 81//81 256//256
f 60//60 59//59 193//193
f 193//193 59//59 252//252
f 193//193 252//252 195//195
f 195//195 252//252 257//257
f 195//195 257//257 197//197
f 197//197 257//257 251//251
f 197//197 251//251 52//52
f 52//52 251//251 84//84
f 55//55 54//54 204//204
f 204//204 54//54 247//247
f 204//204 247//247 202//202
f 202//202 247//247 258//258
f 202//202 258//258 200//200
f 200//200 258//258 256//256
f 200//200 256//256 57//57
f 57//57 256//256 81//81
f 27//27 26//26 152//152
f 22//22 21//21 149//149
f 259//259 24//24 260//260
f 260//260 24//24 89//89
f 260//260 89//89 261//261
f 261//261 89//89 88//88
f 261//261 88//88 262//262
f 262//262 88//88 90//90
f 262//262 90//90 263//263
f 264//264 29//29 265//265
f 265//265 29//29 87//87
f 265//265 87//87 266//266
f 266//266 87//87 86//86
f 266//266 86//86 267//267
f 267//267 86//86 85//85
f 267//267 85//85 268//268
f 30//30 29//29 145//145
f 145//145 29//29 264//264
f 145//145 264//264 147//147
f 147//147 264//264 269//269
f 147//147 269//269 149//149
f 149//149 269//269 263//263
f 149//149 263//263 22//22
f 22//22 263//263 90//90
f 25//25 24//24 156//156
f 156//156 24//24 259//259
f 156//156 259//259 154//154
f 154//154 259//259 270//270
f 154//154 270//270 152//152
f 152//152 270//270 268//268
f 152//152 268//268 27//27
f 27//27 268//268 85//85
f 37//37 36//36 168//168
f 32//32 31//31 160//160
f 271//271 34//34 272//272
f 272//272 34//34 96//96
f 272//272 96//96 273//273
f 273//273 96//96 95//95
f 273//273 95//95 274//274
f 274//274 95//95 94//94
f 274//274 94//94 275//275
f 276//276 39//39 277//277
f 277//277 39//39 92//92
f 277//277 92//92 278//278
f 278//278 92//92 91//91
f 278//278 91//91 279//279
f 279//279 91//91 93//93
f 279//279 93//93 280//280
f 40//40 39//39 164//164
f 164//164 39//39 276//276
f 164//164 276//276 162//162
f 162//162 276//276 281//281
f 162//162 281//281 160//160
f 160//160 281//281 275//275
f 160//160 275//275 32//32
f 32//32 275//275 94//94
f 35//35 34//34 172//172
f 172//172 34//34 271//271
f 172//172 271//271 170//170
f 170//170 271//271 282//282
f 170//170 282//282 168//168
f 168//168 282//282 280//280
f 168//168 280//280 37//37
f 37//37 280//280 93//93
f 208//208 207//207 283//283
f 283//283 207//207 284//284
f 283//283 284//284 285//285
f 285//285 284//284 286//286
f 285//285 286//286 287//287
f 287//287 286//286 288//288
f 287//287 288//288 289//289
f 289//289 288//288 290//290
f 289//289 290//290 291//291
f 291//291 290//290 292//292
f 291//291 292//292 293//293
f 293//293 292//292 294//294
f 295//295 296//296 297//297
f 297//297 296//296 298//298
f 297//297 298//298 299//299
f 299//299 298//298 300//300
f 299//299 300//300 301//301
f 301//301 300//300 302//302
f 301//301 302//302 303//303
f 303//303 302//302 304//304
f 303//303 304//304 305//305
f 305//305 304//304 306//306
f 305//305 306//306 307//307
f 307//307 306//306 308//308
f 307//307 308//308 309//309
f 309//309 308//308 310//310
f 309//309 310//310 311//311
f 311//311 310//310 312//312
f 311//311 312//312 313//313
f 313//313 312//312 314//314
f 313//313 314//314 315//315
f 315//315 314//314 316//316
f 315//315 316//316 317//317
f 317//317 316//316 318//318
f 317//317 318//318 319//319
f 319//319 318//318 320//320
f 319//319 320//320 321//321
f 321//321 320//320 322//322
f 321//321 322//322 323//323
f 323//323 322//322 324//324
f 323//323 324//324 325//325
f 326//326 327//327 328//328
f 328//328 327//327 329//329
f 328//328 329//329 330//330
f 330//330 329//329 331//331
f 330//330 331//331 332//332
f 332//332 331//331 295//295
f 332//332 295//295 333//333
f 333//333 295//295 297//297
f 334//334 335//335 336//336
f 334//334 336//336 337//337
f 337//337 336//336 338//338
f 337//337 338//338 339//339
f 339//339 338//338 340//340
f 339//339 340//340 341//341
f 341//341 340//340 342//342
f 341//341 342//342 326//326
f 326//326 342//342 343//343
f 326//326 343//343 327//327
f 344//344 345//345 346//346
f 346//346 345//345 347//347
f 346//346 347//347 348//348
f 335//335 334//334 349//349
f 349//349 334//334 350//350
f 349//349 350//350 351//351
f 351//351 350//350 352//352
f 351//351 352//352 344//344
f 344//344 352//352 353//353
f 344//344 353//353 345//345
f 354//354 355//355 356//356
f 356//356 355//355 357//357
f 348//348 347//347 358//358
f 358//358 347//347 359//359
f 358//358 359//359 360//360
f 360//360 359//359 361//361
f 360//360 361//361 357//357
f 357//357 361//361 362//362
f 357//357 362//362 356//356
f 324//324 363//363 325//325
f 325//325 363//363 364//364
f 325//325 364//364 365//365
f 365//365 364//364 366//366
f 365//365 366//366 367//367
f 367//367 366//366 368//368
f 367//367 368//368 369//369
f 369//369 368//368 370//370
f 369//369 370//370 371//371
f 371//371 370//370 372//372
f 371//371 372//372 373//373
f 373//373 372//372 374//374
f 373//373 374//374 375//375
f 375//375 374//374 376//376
f 375//375 376//376 377//377
f 377//377 376//376 378//378
f 377//377 378//378 379//379
f 379//379 378//378 380//380
f 379//379 380//380 381//381
f 381//381 380//380 382//382
f 381//381 382//382 383//383
f 383//383 382//382 384//384
f 383//383 384//384 385//385
f 385//385 384//384 386//386
f 385//385 386//386 387//387
f 387//387 386//386 388//388
f 387//387 388//388 389//389
f 389//389 388//388 390//390
f 389//389 390//390 391//391
f 391//391 390//390 392//392
f 391//391 392//392 393//393
f 393//393 392//392 394//394
f 393//393 394//394 395//395
f 395//395 394//394 396//396
f 395//395 396//396 397//397
f 397//397 396//396 398//398
f 397//397 398//398 399//399
f 399//399 398//398 400//400
f 399//399 400//400 401//401
f 401//401 400//400 402//402
f 401//401 402//402 354//354
f 354//354 402//402 403//403
f 354//354 403//403 355//355
f 404//404 294//294 405//405
f 405//405 294//294 406//406
f 405//405 406//406 407//407
f 407//407 406//406 408//408
f 407//407 408//408 409//409
f 409//409 408//408 410//410
f 409//409 410//410 411//411
f 411//411 410//410 412//412
f 413//413 414//414 415//415
f 415//415 414//414 411//411
f 415//415 411//411 416//416
f 416//416 411//411 412//412
f 416//416 412//412 417//417
f 417//417 412//412 418//418
f 417//417 418//418 419//419
f 420//420 421//421 422//422
f 423//423 424//424 425//425
f 412//412 410//410 426//426
f 408//408 406//406 427//427
f 286//286 284//284 428//428
f 428//428 284//284 207//207
f 428//428 207//207 429//429
f 286//286 428//428 288//288
f 288//288 428//428 430//430
f 288//288 430//430 290//290
f 290//290 430//430 427//427
f 290//290 427//427 292//292
f 292//292 427//427 406//406
f 292//292 406//406 294//294
f 431//431 419//419 418//418
f 418//418 432//432 431//431
f 431//431 432//432 433//433
f 431//431 433//433 434//434
f 434//434 433//433 425//425
f 434//434 425//425 435//435
f 435//435 425//425 424//424
f 435//435 424//424 436//436
f 418//418 412//412 432//432
f 432//432 412//412 426//426
f 432//432 426//426 433//433
f 433//433 426//426 437//437
f 433//433 437//437 425//425
f 425//425 437//437 422//422
f 425//425 422//422 423//423
f 423//423 422//422 421//421
f 410//410 408//408 426//426
f 426//426 408//408 427//427
f 426//426 427//427 437//437
f 437//437 427//427 430//430
f 437//437 430//430 422//422
f 422//422 430//430 428//428
f 422//422 428//428 420//420
f 420//420 428//428 429//429
f 438//438 439//439 440//440
f 440//440 439//439 441//441
f 440//440 441//441 442//442
f 436//436 424//424 443//443
f 443//443 424//424 423//423
f 443//443 423//423 444//444
f 207//207 209//209 429//429
f 429//429 209//209 445//445
f 429//429 445//445 420//420
f 420//420 445//445 446//446
f 420//420 446//446 421//421
f 421//421 446//446 447//447
f 421//421 447//447 423//423
f 423//423 447//447 439//439
f 423//423 439//439 444//444
f 444//444 439//439 438//438
f 448//448 449//449 450//450
f 451//451 452//452 453//453
f 439//439 447//447 454//454
f 446//446 445//445 455//455
f 456//456 457//457 458//458
f 458//458 457//457 459//459
f 458//458 459//459 460//460
f 456//456 458//458 461//461
f 461//461 458//458 462//462
f 461//461 462//462 463//463
f 463//463 462//462 455//455
f 463//463 455//455 464//464
f 464//464 455//455 445//445
f 464//464 445//445 209//209
f 465//465 442//442 441//441
f 441//441 466//466 465//465
f 465//465 466//466 467//467
f 465//465 467//467 468//468
f 468//468 467//467 453//453
f 468//468 453//453 469//469
f 469//469 453//453 452//452
f 469//469 452//452 470//470
f 441//441 439//439 466//466
f 466//466 439//439 454//454
f 466//466 454//454 467//467
f 467//467 454//454 471//471
f 467//467 471//471 453//453
f 453//453 471//471 450//450
f 453//453 450//450 451//451
f 451//451 450//450 449//449
f 447//447 446//446 454//454
f 454//454 446//446 455//455
f 454//454 455//455 471//471
f 471//471 455//455 462//462
f 471//471 462//462 450//450
f 450//450 462//462 458//458
f 450//450 458//458 448//448
f 448//448 458//458 460//460
f 103//103 472//472 102//102
f 102//102 472//472 473//473
f 104//104 474//474 103//103
f 103//103 474//474 472//472
f 99//99 475//475 104//104
f 104//104 475//475 474//474
f 475//475 99//99 476//476
f 476//476 99//99 100//100
f 476//476 100//100 477//477
f 98//98 478//478 100//100
f 100//100 478//478 477//477
f 478//478 98//98 479//479
f 479//479 98//98 97//97
f 479//479 97//97 480//480
f 101//101 481//481 97//97
f 97//97 481//481 480//480
f 102//102 473//473 101//101
f 101//101 473//473 481//481
f 110//110 482//482 109//109
f 109//109 482//482 483//483
f 482//482 110//110 484//484
f 484//484 110//110 108//108
f 484//484 108//108 485//485
f 106//106 486//486 108//108
f 108//108 486//486 485//485
f 105//105 487//487 106//106
f 106//106 487//487 486//486
f 107//107 488//488 105//105
f 105//105 488//488 487//487
f 488//488 107//107 489//489
f 489//489 107//107 109//109
f 489//489 109//109 483//483
f 114//114 490//490 112//112
f 112//112 490//490 491//491
f 112//112 491//491 111//111
f 111//111 491//491 492//492
f 111//111 492//492 8//8
f 8//8 492//492 493//493
f 8//8 493//493 119//119
f 119//119 493//493 494//494
f 119//119 494//494 121//121
f 121//121 494//494 495//495
f 121//121 495//495 123//123
f 123//123 495//495 496//496
f 123//123 496//496 125//125
f 125//125 496//496 497//497
f 125//125 497//497 126//126
f 126//126 497//497 498//498
f 126//126 498//498 3//3
f 3//3 498//498 499//499
f 3//3 499//499 118//118
f 118//118 499//499 500//500
f 118//118 500//500 116//116
f 116//116 500//500 501//501
f 116//116 501//501 114//114
f 114//114 501//501 490//490
f 130//130 502//502 128//128
f 128//128 502//502 503//503
f 128//128 503//503 127//127
f 127//127 503//503 504//504
f 127//127 504//504 18//18
f 18//18 504//504 505//505
f 18//18 505//505 135//135
f 135//135 505//505 506//506
f 135//135 506//506 137//137
f 137//137 506//506 507//507
f 137//137 507//507 139//139
f 139//139 507//507 508//508
f 139//139 508//508 141//141
f 141//141 508//508 509//509
f 141//141 509//509 142//142
f 142//142 509//509 510//510
f 142//142 510//510 13//13
f 13//13 510//510 511//511
f 13//13 511//511 134//134
f 134//134 511//511 512//512
f 134//134 512//512 132//132
f 132//132 512//512 513//513
f 132//132 513//513 130//130
f 130//130 513//513 502//502
f 146//146 514//514 144//144
f 144//144 514//514 515//515
f 144//144 515//515 143//143
f 143//143 515//515 516//516
f 143//143 516//516 28//28
f 28//28 516//516 517//517
f 28//28 517//517 151//151
f 151//151 517//517 518//518
f 151//151 518//518 153//153
f 153//153 518//518 519//519
f 153//153 519//519 155//155
f 155//155 519//519 520//520
f 155//155 520//520 157//157
f 157//157 520//520 521//521
f 157//157 521//521 158//158
f 158//158 521//521 522//522
f 158//158 522//522 23//23
f 23//23 522//522 523//523
f 23//23 523//523 150//150
f 150//150 523//523 524//524
f 150//150 524//524 148//148
f 148//148 524//524 525//525
f 148//148 525//525 146//146
f 146//146 525//525 514//514
f 163//163 526//526 165//165
f 165//165 526//526 527//527
f 165//165 527//527 166//166
f 166//166 527//527 528//528
f 166//166 528//528 38//38
f 38//38 528//528 529//529
f 38//38 529//529 167//167
f 167//167 529//529 530//530
f 167//167 530//530 169//169
f 169//169 530//530 531//531
f 169//169 531//531 171//171
f 171//171 531//531 532//532
f 171//171 532//532 173//173
f 173//173 532//532 533//533
f 173//173 533//533 174//174
f 174//174 533//533 534//534
f 174//174 534//534 33//33
f 33//33 534//534 535//535
f 33//33 535//535 159//159
f 159//159 535//535 536//536
f 159//159 536//536 161//161
f 161//161 536//536 537//537
f 161//161 537//537 163//163
f 163//163 537//537 526//526
f 179//179 538//538 181//181
f 181//181 538//538 539//539
f 181//181 539//539 182//182
f 182//182 539//539 540//540
f 182//182 540//540 48//48
f 48//48 540//540 541//541
f 48//48 541//541 183//183
f 183//183 541//541 542//542
f 183//183 542//542 185//185
f 185//185 542//542 543//543
f 185//185 543//543 187//187
f 187//187 543//543 544//544
f 187//187 544//544 189//189
f 189//189 544//544 545//545
f 189//189 545//545 190//190
f 190//190 545//545 546//546
f 190//190 546//546 43//43
f 43//43 546//546 547//547
f 43//43 547//547 175//175
f 175//175 547//547 548//548
f 175//175 548//548 177//177
f 177//177 548//548 549//549
f 177//177 549//549 179//179
f 179//179 549//549 538//538
f 194//194 550//550 192//192
f 192//192 550//550 551//551
f 192//192 551//551 191//191
f 191//191 551//551 552//552
f 191//191 552//552 58//58
f 58//58 552//552 553//553
f 58//58 553//553 199//199
f 199//199 553//553 554//554
f 199//199 554//554 201//201
f 201//201 554//554 555//555
f 201//201 555//555 203//203
f 203//203 555//555 556//556
f 203//203 556//556 205//205
f 205//205 556//556 557//557
f 205//205 557//557 206//206
f 206//206 557//557 558//558
f 206//206 558//558 53//53
f 53//53 558//558 559//559
f 53//53 559//559 198//198
f 198//198 559//559 560//560
f 198//198 560//560 196//196
f 196//196 560//560 561//561
f 196//196 561//561 194//194
f 194//194 561//561 550//550
f 562//562 459//459 563//563
f 563//563 459//459 457//457
f 563//563 457//457 564//564
f 564//564 457//457 456//456
f 564//564 456//456 565//565
f 565//565 456//456 461//461
f 565//565 461//461 566//566
f 566//566 461//461 463//463
f 566//566 463//463 567//567
f 567//567 463//463 464//464
f 567//567 464//464 210//210
f 210//210 464//464 209//209
f 568//568 569//569 570//570
f 570//570 569//569 571//571
f 470//470 452//452 572//572
f 572//572 452//452 451//451
f 572//572 451//451 573//573
f 569//569 573//573 571//571
f 571//571 573//573 451//451
f 571//571 451//451 574//574
f 574//574 451//451 449//449
f 574//574 449//449 575//575
f 575//575 449//449 448//448
f 575//575 448//448 576//576
f 576//576 448//448 460//460
f 576//576 460//460 577//577
f 577//577 460//460 459//459
f 293//293 578//578 579//579
f 579//579 578//578 580//580
f 579//579 580//580 581//581
f 581//581 580//580 582//582
f 581//581 582//582 583//583
f 583//583 582//582 584//584
f 583//583 584//584 585//585
f 585//585 584//584 586//586
f 587//587 588//588 589//589
f 589//589 588//588 585//585
f 589//589 585//585 590//590
f 590//590 585//585 586//586
f 590//590 586//586 591//591
f 591//591 586//586 592//592
f 591//591 592//592 593//593
f 594//594 595//595 596//596
f 597//597 598//598 599//599
f 581//581 583//583 600//600
f 585//585 588//588 601//601
f 602//602 603//603 604//604
f 602//602 604//604 605//605
f 605//605 604//604 606//606
f 605//605 606//606 607//607
f 607//607 606//606 601//601
f 607//607 601//601 608//608
f 608//608 601//601 588//588
f 608//608 588//588 587//587
f 293//293 579//579 291//291
f 291//291 579//579 609//609
f 291//291 609//609 289//289
f 289//289 609//609 287//287
f 287//287 609//609 610//610
f 287//287 610//610 285//285
f 285//285 610//610 599//599
f 285//285 599//599 283//283
f 283//283 599//599 598//598
f 283//283 598//598 208//208
f 579//579 581//581 609//609
f 609//609 581//581 600//600
f 609//609 600//600 610//610
f 610//610 600//600 611//611
f 610//610 611//611 599//599
f 599//599 611//611 596//596
f 599//599 596//596 597//597
f 597//597 596//596 595//595
f 583//583 585//585 600//600
f 600//600 585//585 601//601
f 600//600 601//601 611//611
f 611//611 601//601 606//606
f 611//611 606//606 596//596
f 596//596 606//606 604//604
f 596//596 604//604 594//594
f 594//594 604//604 603//603
f 210//210 208//208 612//612
f 612//612 208//208 598//598
f 612//612 598//598 613//613
f 613//613 598//598 597//597
f 613//613 597//597 614//614
f 614//614 597//597 595//595
f 614//614 595//595 615//615
f 615//615 595//595 594//594
f 615//615 594//594 616//616
f 616//616 594//594 603//603
f 616//616 603//603 617//617
f 617//617 603//603 602//602
f 618//618 619//619 620//620
f 621//621 622//622 623//623
f 613//613 614//614 624//624
f 615//615 616//616 625//625
f 626//626 627//627 628//628
f 626//626 628//628 629//629
f 629//629 628//628 630//630
f 629//629 630//630 631//631
f 631//631 630//630 625//625
f 631//631 625//625 632//632
f 632//632 625//625 616//616
f 632//632 616//616 617//617
f 210//210 612//612 567//567
f 567//567 612//612 633//633
f 567//567 633//633 566//566
f 566//566 633//633 565//565
f 565//565 633//633 634//634
f 565//565 634//634 564//564
f 564//564 634//634 623//623
f 564//564 623//623 563//563
f 563//563 623//623 622//622
f 563//563 622//622 562//562
f 612//612 613//613 633//633
f 633//633 613//613 624//624
f 633//633 624//624 634//634
f 634//634 624//624 635//635
f 634//634 635//635 623//623
f 623//623 635//635 620//620
f 623//623 620//620 621//621
f 621//621 620//620 619//619
f 614//614 615//615 624//624
f 624//624 615//615 625//625
f 624//624 625//625 635//635
f 635//635 625//625 630//630
f 635//635 630//630 620//620
f 620//620 630//630 628//628
f 620//620 628//628 618//618
f 618//618 628//628 627//627
f 618//618 636//636 619//619
f 619//619 636//636 637//637
f 619//619 637//637 621//621
f 621//621 637//637 638//638
f 621//621 638//638 622//622
f 622//622 638//638 639//639
f 622//622 639//639 562//562
f 562//562 639//639 640//640
f 641//641 642//642 643//643
f 643//643 642//642 636//636
f 643//643 636//636 644//644
f 644//644 636//636 618//618
f 644//644 618//618 645//645
f 645//645 618//618 627//627
f 645//645 627//627 626//626
f 220//220 646//646 219//219
f 219//219 646//646 647//647
f 219//219 647//647 218//218
f 218//218 647//647 648//648
f 218//218 648//648 217//217
f 217//217 648//648 649//649
f 217//217 649//649 216//216
f 216//216 649//649 650//650
f 216//216 650//650 221//221
f 221//221 650//650 651//651
f 221//221 651//651 215//215
f 215//215 651//651 652//652
f 215//215 652//652 214//214
f 214//214 652//652 653//653
f 214//214 653//653 213//213
f 213//213 653//653 654//654
f 213//213 654//654 212//212
f 212//212 654//654 655//655
f 212//212 655//655 211//211
f 211//211 655//655 656//656
f 211//211 656//656 222//222
f 222//222 656//656 657//657
f 222//222 657//657 220//220
f 220//220 657//657 646//646
f 232//232 658//658 231//231
f 231//231 658//658 659//659
f 231//231 659//659 230//230
f 230//230 659//659 660//660
f 230//230 660//660 229//229
f 229//229 660//660 661//661
f 229//229 661//661 228//228
f 228//228 661//661 662//662
f 228//228 662//662 233//233
f 233//233 662//662 663//663
f 233//233 663//663 227//227
f 227//227 663//663 664//664
f 227//227 664//664 226//226
f 226//226 664//664 665//665
f 226//226 665//665 225//225
f 225//225 665//665 666//666
f 225//225 666//666 224//224
f 224//224 666//666 667//667
f 224//224 667//667 223//223
f 223//223 667//667 668//668
f 223//223 668//668 234//234
f 234//234 668//668 669//669
f 234//234 669//669 232//232
f 232//232 669//669 658//658
f 244//244 670//670 243//243
f 243//243 670//670 671//671
f 243//243 671//671 242//242
f 242//242 671//671 672//672
f 242//242 672//672 241//241
f 241//241 672//672 673//673
f 241//241 673//673 240//240
f 240//240 673//673 674//674
f 240//240 674//674 245//245
f 245//245 674//674 675//675
f 245//245 675//675 239//239
f 239//239 675//675 676//676
f 239//239 676//676 238//238
f 238//238 676//676 677//677
f 238//238 677//677 237//237
f 237//237 677//677 678//678
f 237//237 678//678 236//236
f 236//236 678//678 679//679
f 236//236 679//679 235//235
f 235//235 679//679 680//680
f 235//235 680//680 246//246
f 246//246 680//680 681//681
f 246//246 681//681 244//244
f 244//244 681//681 670//670
f 682//682 683//683 684//684
f 684//684 683//683 685//685
f 684//684 685//685 686//686
f 686//686 685//685 687//687
f 686//686 687//687 688//688
f 688//688 687//687 689//689
f 688//688 689//689 690//690
f 690//690 689//689 691//691
f 690//690 691//691 692//692
f 692//692 691//691 693//693
f 692//692 693//693 694//694
f 694//694 693//693 695//695
f 694//694 695//695 696//696
f 696//696 695//695 697//697
f 696//696 697//697 698//698
f 698//698 697//697 699//699
f 698//698 699//699 700//700
f 700//700 699//699 701//701
f 700//700 701//701 702//702
f 702//702 701//701 703//703
f 702//702 703//703 704//704
f 704//704 703//703 705//705
f 704//704 705//705 706//706
f 706//706 705//705 707//707
f 706//706 707//707 708//708
f 708//708 707//707 709//709
f 708//708 709//709 710//710
f 710//710 709//709 711//711
f 710//710 711//711 712//712
f 712//712 711//711 713//713
f 712//712 713//713 714//714
f 714//714 713//713 715//715
f 714//714 715//715 716//716
f 716//716 715//715 717//717
f 716//716 717//717 718//718
f 718//718 717//717 719//719
f 718//718 719//719 720//720
f 720//720 719//719 721//721
f 720//720 721//721 722//722
f 722//722 721//721 723//723
f 722//722 723//723 724//724
f 724//724 723//723 725//725
f 724//724 725//725 726//726
f 726//726 725//725 727//727
f 726//726 727//727 728//728
f 728//728 727//727 729//729
f 728//728 729//729 730//730
f 730//730 729//729 731//731
f 730//730 731//731 732//732
f 732//732 731//731 733//733
f 732//732 733//733 734//734
f 734//734 733//733 735//735
f 734//734 735//735 736//736
f 736//736 735//735 737//737
f 736//736 737//737 738//738
f 738//738 737//737 739//739
f 738//738 739//739 740//740
f 740//740 739//739 741//741
f 740//740 741//741 742//742
f 742//742 741//741 743//743
f 742//742 743//743 744//744
f 744//744 743//743 745//745
f 744//744 745//745 746//746
f 746//746 745//745 747//747
f 746//746 747//747 748//748
f 748//748 747//747 682//682
f 748//748 682//682 684//684
f 749//749 750//750 391//391
f 391//391 750//750 389//389
f 389//389 750//750 387//387
f 387//387 750//750 751//751
f 387//387 751//751 385//385
f 385//385 751//751 752//752
f 385//385 752//752 383//383
f 383//383 752//752 381//381
f 381//381 752//752 753//753
f 381//381 753//753 379//379
f 379//379 753//753 377//377
f 377//377 753//753 754//754
f 377//377 754//754 375//375
f 375//375 754//754 755//755
f 375//375 755//755 373//373
f 756//756 325//325 757//757
f 757//757 325//325 365//365
f 757//757 365//365 758//758
f 758//758 365//365 367//367
f 758//758 367//367 759//759
f 759//759 367//367 369//369
f 759//759 369//369 755//755
f 755//755 369//369 371//371
f 755//755 371//371 373//373
f 760//760 321//321 756//756
f 756//756 321//321 323//323
f 756//756 323//323 325//325
f 761//761 315//315 762//762
f 762//762 315//315 317//317
f 762//762 317//317 760//760
f 760//760 317//317 319//319
f 760//760 319//319 321//321
f 763//763 311//311 761//761
f 761//761 311//311 313//313
f 761//761 313//313 315//315
f 764//764 305//305 765//765
f 765//765 305//305 307//307
f 765//765 307//307 763//763
f 763//763 307//307 309//309
f 763//763 309//309 311//311
f 766//766 301//301 764//764
f 764//764 301//301 303//303
f 764//764 303//303 305//305
f 330//330 332//332 767//767
f 767//767 332//332 333//333
f 767//767 333//333 768//768
f 768//768 333//333 297//297
f 768//768 297//297 766//766
f 766//766 297//297 299//299
f 766//766 299//299 301//301
f 330//330 767//767 328//328
f 328//328 767//767 769//769
f 328//328 769//769 326//326
f 326//326 769//769 770//770
f 326//326 770//770 341//341
f 341//341 770//770 771//771
f 341//341 771//771 339//339
f 339//339 771//771 772//772
f 339//339 772//772 337//337
f 337//337 772//772 334//334
f 334//334 772//772 773//773
f 334//334 773//773 350//350
f 350//350 773//773 352//352
f 352//352 773//773 774//774
f 352//352 774//774 353//353
f 353//353 774//774 775//775
f 353//353 775//775 345//345
f 345//345 775//775 347//347
f 347//347 775//775 776//776
f 347//347 776//776 359//359
f 359//359 776//776 361//361
f 361//361 776//776 777//777
f 361//361 777//777 362//362
f 362//362 777//777 778//778
f 362//362 778//778 356//356
f 391//391 393//393 749//749
f 749//749 393//393 395//395
f 749//749 395//395 779//779
f 779//779 395//395 397//397
f 779//779 397//397 780//780
f 780//780 397//397 399//399
f 780//780 399//399 781//781
f 781//781 399//399 401//401
f 781//781 401//401 778//778
f 778//778 401//401 354//354
f 778//778 354//354 356//356
f 779//779 782//782 749//749
f 749//749 782//782 783//783
f 749//749 783//783 750//750
f 750//750 783//783 784//784
f 750//750 784//784 751//751
f 751//751 784//784 785//785
f 751//751 785//785 752//752
f 752//752 785//785 786//786
f 752//752 786//786 753//753
f 753//753 786//786 787//787
f 753//753 787//787 754//754
f 754//754 787//787 788//788
f 754//754 788//788 755//755
f 755//755 788//788 789//789
f 755//755 789//789 759//759
f 759//759 789//789 790//790
f 759//759 790//790 758//758
f 758//758 790//790 791//791
f 758//758 791//791 757//757
f 757//757 791//791 792//792
f 757//757 792//792 756//756
f 756//756 792//792 793//793
f 756//756 793//793 760//760
f 760//760 793//793 794//794
f 760//760 794//794 762//762
f 762//762 794//794 795//795
f 762//762 795//795 761//761
f 761//761 795//795 796//796
f 761//761 796//796 763//763
f 763//763 796//796 797//797
f 763//763 797//797 765//765
f 765//765 797//797 798//798
f 765//765 798//798 764//764
f 764//764 798//798 799//799
f 764//764 799//799 766//766
f 766//766 799//799 800//800
f 766//766 800//800 768//768
f 768//768 800//800 801//801
f 768//768 801//801 767//767
f 767//767 801//801 802//802
f 767//767 802//802 769//769
f 769//769 802//802 803//803
f 769//769 803//803 770//770
f 770//770 803//803 804//804
f 770//770 804//804 771//771
f 771//771 804//804 805//805
f 771//771 805//805 772//772
f 772//772 805//805 806//806
f 772//772 806//806 773//773
f 773//773 806//806 807//807
f 773//773 807//807 774//774
f 774//774 807//807 808//808
f 774//774 808//808 775//775
f 775//775 808//808 809//809
f 775//775 809//809 776//776
f 776//776 809//809 810//810
f 776//776 810//810 777//777
f 777//777 810//810 811//811
f 777//777 811//811 778//778
f 778//778 811//811 812//812
f 778//778 812//812 781//781
f 781//781 812//812 813//813
f 781//781 813//813 780//780
f 780//780 813//813 814//814
f 780//780 814//814 779//779
f 779//779 814//814 782//782
f 782//782 716//716 783//783
f 783//783 716//716 718//718
f 783//783 718//718 784//784
f 784//784 718//718 720//720
f 784//784 720//720 785//785
f 785//785 720//720 722//722
f 785//785 722//722 786//786
f 786//786 722//722 724//724
f 786//786 724//724 787//787
f 787//787 724//724 726//726
f 787//787 726//726 788//788
f 788//788 726//726 728//728
f 788//788 728//728 789//789
f 789//789 728//728 730//730
f 789//789 730//730 790//790
f 790//790 730//730 732//732
f 790//790 732//732 791//791
f 791//791 732//732 734//734
f 791//791 734//734 792//792
f 792//792 734//734 736//736
f 792//792 736//736 793//793
f 793//793 736//736 738//738
f 793//793 738//738 794//794
f 794//794 738//738 740//740
f 794//794 740//740 795//795
f 795//795 740//740 742//742
f 795//795 742//742 796//796
f 796//796 742//742 744//744
f 796//796 744//744 797//797
f 797//797 744//744 746//746
f 797//797 746//746 798//798
f 798//798 746//746 748//748
f 798//798 748//748 799//799
f 799//799 748//748 684//684
f 799//799 684//684 800//800
f 800//800 684//684 686//686
f 800//800 686//686 801//801
f 801//801 686//686 688//688
f 801//801 688//688 802//802
f 802//802 688//688 690//690
f 802//802 690//690 803//803
f 803//803 690//690 692//692
f 803//803 692//692 804//804
f 804//804 692//692 694//694
f 804//804 694//694 805//805
f 805//805 694//694 696//696
f 805//805 696//696 806//806
f 806//806 696//696 698//698
f 806//806 698//698 807//807
f 807//807 698//698 700//700
f 807//807 700//700 808//808
f 808//808 700//700 702//702
f 808//808 702//702 809//809
f 809//809 702//702 704//704
f 809//809 704//704 810//810
f 810//810 704//704 706//706
f 810//810 706//706 811//811
f 811//811 706//706 708//708
f 811//811 708//708 812//812
f 812//812 708//708 710//710
f 812//812 710//710 813//813
f 813//813 710//710 712//712
f 813//813 712//712 814//814
f 814//814 712//712 714//714
f 814//814 714//714 782//782
f 782//782 714//714 716//716
f 256//256 815//815 255//255
f 255//255 815//815 816//816
f 255//255 816//816 254//254
f 254//254 816//816 817//817
f 254//254 817//817 253//253
f 253//253 817//817 818//818
f 253//253 818//818 252//252
f 252//252 818//818 819//819
f 252//252 819//819 257//257
f 257//257 819//819 820//820
f 257//257 820//820 251//251
f 251//251 820//820 821//821
f 251//251 821//821 250//250
f 250//250 821//821 822//822
f 250//250 822//822 249//249
f 249//249 822//822 823//823
f 249//249 823//823 248//248
f 248//248 823//823 824//824
f 248//248 824//824 247//247
f 247//247 824//824 825//825
f 247//247 825//825 258//258
f 258//258 825//825 826//826
f 258//258 826//826 256//256
f 256//256 826//826 815//815
f 268//268 827//827 267//267
f 267//267 827//827 828//828
f 267//267 828//828 266//266
f 266//266 828//828 829//829
f 266//266 829//829 265//265
f 265//265 829//829 830//830
f 265//265 830//830 264//264
f 264//264 830//830 831//831
f 264//264 831//831 269//269
f 269//269 831//831 832//832
f 269//269 832//832 263//263
f 263//263 832//832 833//833
f 263//263 833//833 262//262
f 262//262 833//833 834//834
f 262//262 834//834 261//261
f 261//261 834//834 835//835
f 261//261 835//835 260//260
f 260//260 835//835 836//836
f 260//260 836//836 259//259
f 259//259 836//836 837//837
f 259//259 837//837 270//270
f 270//270 837//837 838//838
f 270//270 838//838 268//268
f 268//268 838//838 827//827
f 280//280 839//839 279//279
f 279//279 839//839 840//840
f 279//279 840//840 278//278
f 278//278 840//840 841//841
f 278//278 841//841 277//277
f 277//277 841//841 842//842
f 277//277 842//842 276//276
f 276//276 842//842 843//843
f 276//276 843//843 281//281
f 281//281 843//843 844//844
f 281//281 844//844 275//275
f 275//275 844//844 845//845
f 275//275 845//845 274//274
f 274//274 845//845 846//846
f 274//274 846//846 273//273
f 273//273 846//846 847//847
f 273//273 847//847 272//272
f 272//272 847//847 848//848
f 272//272 848//848 271//271
f 271//271 848//848 849//849
f 271//271 849//849 282//282
f 282//282 849//849 850//850
f 282//282 850//850 280//280
f 280//280 850//850 839//839
f 404//404 851//851 852//852
f 852//852 851//851 853//853
f 852//852 853//853 854//854
f 854//854 853//853 855//855
f 855//855 853//853 856//856
f 855//855 856//856 857//857
f 857//857 856//856 858//858
f 858//858 856//856 859//859
f 858//858 859//859 860//860
f 860//860 859//859 861//861
f 860//860 861//861 862//862
f 863//863 864//864 865//865
f 865//865 866//866 863//863
f 863//863 866//866 867//867
f 863//863 867//867 868//868
f 868//868 867//867 869//869
f 868//868 869//869 870//870
f 870//870 869//869 871//871
f 870//870 871//871 872//872
f 413//413 872//872 414//414
f 414//414 872//872 871//871
f 414//414 871//871 411//411
f 411//411 871//871 409//409
f 405//405 407//407 873//873
f 404//404 405//405 851//851
f 851//851 405//405 873//873
f 851//851 873//873 853//853
f 853//853 873//873 874//874
f 853//853 874//874 856//856
f 856//856 874//874 875//875
f 856//856 875//875 859//859
f 859//859 875//875 876//876
f 859//859 876//876 861//861
f 861//861 876//876 877//877
f 407//407 409//409 873//873
f 873//873 409//409 871//871
f 873//873 871//871 874//874
f 874//874 871//871 869//869
f 874//874 869//869 875//875
f 875//875 869//869 867//867
f 875//875 867//867 876//876
f 876//876 867//867 866//866
f 876//876 866//866 877//877
f 877//877 866//866 865//865
f 404//404 578//578 294//294
f 294//294 578//578 293//293
f 586//586 584//584 878//878
f 582//582 580//580 879//879
f 880//880 881//881 882//882
f 882//882 881//881 883//883
f 883//883 881//881 884//884
f 884//884 881//881 885//885
f 884//884 885//885 886//886
f 886//886 885//885 887//887
f 887//887 885//885 888//888
f 887//887 888//888 889//889
f 889//889 888//888 890//890
f 889//889 890//890 891//891
f 891//891 890//890 892//892
f 891//891 892//892 893//893
f 893//893 892//892 894//894
f 894//894 892//892 895//895
f 894//894 895//895 896//896
f 896//896 895//895 897//897
f 897//897 895//895 879//879
f 897//897 879//879 898//898
f 898//898 879//879 580//580
f 898//898 580//580 578//578
f 899//899 593//593 592//592
f 592//592 900//900 899//899
f 899//899 900//900 901//901
f 899//899 901//901 902//902
f 902//902 901//901 903//903
f 902//902 903//903 904//904
f 904//904 903//903 905//905
f 904//904 905//905 906//906
f 906//906 905//905 907//907
f 906//906 907//907 908//908
f 908//908 907//907 909//909
f 908//908 909//909 910//910
f 910//910 909//909 911//911
f 910//910 911//911 912//912
f 912//912 911//911 913//913
f 912//912 913//913 914//914
f 592//592 586//586 900//900
f 900//900 586//586 878//878
f 900//900 878//878 901//901
f 901//901 878//878 915//915
f 901//901 915//915 903//903
f 903//903 915//915 916//916
f 903//903 916//916 905//905
f 905//905 916//916 917//917
f 905//905 917//917 907//907
f 907//907 917//917 918//918
f 907//907 918//918 909//909
f 909//909 918//918 919//919
f 909//909 919//919 911//911
f 911//911 919//919 920//920
f 911//911 920//920 913//913
f 913//913 920//920 921//921
f 584//584 582//582 878//878
f 878//878 582//582 879//879
f 878//878 879//879 915//915
f 915//915 879//879 895//895
f 915//915 895//895 916//916
f 916//916 895//895 892//892
f 916//916 892//892 917//917
f 917//917 892//892 890//890
f 917//917 890//890 918//918
f 918//918 890//890 888//888
f 918//918 888//888 919//919
f 919//919 888//888 885//885
f 919//919 885//885 920//920
f 920//920 885//885 881//881
f 920//920 881//881 921//921
f 921//921 881//881 880//880
f 922//922 923//923 300//300
f 924//924 925//925 329//329
f 926//926 927//927 338//338
f 928//928 929//929 344//344
f 930//930 931//931 357//357
f 932//932 933//933 386//386
f 934//934 935//935 376//376
f 936//936 937//937 366//366
f 938//938 939//939 320//320
f 940//940 941//941 310//310
f 320//320 318//318 938//938
f 938//938 318//318 316//316
f 938//938 316//316 942//942
f 942//942 316//316 314//314
f 942//942 314//314 941//941
f 941//941 314//314 312//312
f 941//941 312//312 310//310
f 366//366 364//364 936//936
f 936//936 364//364 363//363
f 936//936 363//363 943//943
f 943//943 363//363 324//324
f 943//943 324//324 939//939
f 939//939 324//324 322//322
f 939//939 322//322 320//320
f 376//376 374//374 934//934
f 934//934 374//374 372//372
f 934//934 372//372 944//944
f 944//944 372//372 370//370
f 944//944 370//370 937//937
f 937//937 370//370 368//368
f 937//937 368//368 366//366
f 386//386 384//384 932//932
f 932//932 384//384 382//382
f 932//932 382//382 945//945
f 945//945 382//382 380//380
f 945//945 380//380 935//935
f 935//935 380//380 378//378
f 935//935 378//378 376//376
f 946//946 392//392 947//947
f 947//947 392//392 390//390
f 947//947 390//390 933//933
f 933//933 390//390 388//388
f 933//933 388//388 386//386
f 948//948 398//398 949//949
f 949//949 398//398 396//396
f 949//949 396//396 946//946
f 946//946 396//396 394//394
f 946//946 394//394 392//392
f 357//357 355//355 930//930
f 930//930 355//355 403//403
f 930//930 403//403 950//950
f 950//950 403//403 402//402
f 950//950 402//402 948//948
f 948//948 402//402 400//400
f 948//948 400//400 398//398
f 344//344 346//346 928//928
f 928//928 346//346 348//348
f 928//928 348//348 951//951
f 951//951 348//348 358//358
f 951//951 358//358 931//931
f 931//931 358//358 360//360
f 931//931 360//360 357//357
f 338//338 336//336 926//926
f 926//926 336//336 335//335
f 926//926 335//335 952//952
f 952//952 335//335 349//349
f 952//952 349//349 929//929
f 929//929 349//349 351//351
f 929//929 351//351 344//344
f 329//329 327//327 924//924
f 924//924 327//327 343//343
f 924//924 343//343 953//953
f 953//953 343//343 342//342
f 953//953 342//342 927//927
f 927//927 342//342 340//340
f 927//927 340//340 338//338
f 300//300 298//298 922//922
f 922//922 298//298 296//296
f 922//922 296//296 954//954
f 954//954 296//296 295//295
f 954//954 295//295 925//925
f 925//925 295//295 331//331
f 925//925 331//331 329//329
f 310//310 308//308 940//940
f 940//940 308//308 306//306
f 940//940 306//306 955//955
f 955//955 306//306 304//304
f 955//955 304//304 923//923
f 923//923 304//304 302//302
f 923//923 302//302 300//300
f 955//955 956//956 940//940
f 940//940 956//956 957//957
f 940//940 957//957 941//941
f 941//941 957//957 958//958
f 941//941 958//958 942//942
f 942//942 958//958 959//959
f 942//942 959//959 938//938
f 938//938 959//959 960//960
f 938//938 960//960 939//939
f 939//939 960//960 961//961
f 939//939 961//961 943//943
f 943//943 961//961 962//962
f 943//943 962//962 936//936
f 936//936 962//962 963//963
f 936//936 963//963 937//937
f 937//937 963//963 964//964
f 937//937 964//964 944//944
f 944//944 964//964 965//965
f 944//944 965//965 934//934
f 934//934 965//965 966//966
f 934//934 966//966 935//935
f 935//935 966//966 967//967
f 935//935 967//967 945//945
f 945//945 967//967 968//968
f 945//945 968//968 932//932
f 932//932 968//968 969//969
f 932//932 969//969 933//933
f 933//933 969//969 970//970
f 933//933 970//970 947//947
f 947//947 970//970 971//971
f 947//947 971//971 946//946
f 946//946 971//971 972//972
f 946//946 972//972 949//949
f 949//949 972//972 973//973
f 949//949 973//973 948//948
f 948//948 973//973 974//974
f 948//948 974//974 950//950
f 950//950 974//974 975//975
f 950//950 975//975 930//930
f 930//930 975//975 976//976
f 930//930 976//976 931//931
f 931//931 976//976 977//977
f 931//931 977//977 951//951
f 951//951 977//977 978//978
f 951//951 978//978 928//928
f 928//928 978//978 979//979
f 928//928 979//979 929//929
f 929//929 979//979 980//980
f 929//929 980//980 952//952
f 952//952 980//980 981//981
f 952//952 981//981 926//926
f 926//926 981//981 982//982
f 926//926 982//982 927//927
f 927//927 982//982 983//983
f 927//927 983//983 953//953
f 953//953 983//983 984//984
f 953//953 984//984 924//924
f 924//924 984//984 985//985
f 924//924 985//985 925//925
f 925//925 985//985 986//986
f 925//925 986//986 954//954
f 954//954 986//986 987//987
f 954//954 987//987 922//922
f 922//922 987//987 988//988
f 922//922 988//988 923//923
f 923//923 988//988 989//989
f 923//923 989//989 955//955
f 955//955 989//989 956//956
f 990//990 991//991 964//964
f 964//964 991//991 992//992
f 964//964 992//992 965//965
f 965//965 992//992 993//993
f 965//965 993//993 966//966
f 966//966 993//993 994//994
f 966//966 994//994 967//967
f 967//967 994//994 995//995
f 967//967 995//995 968//968
f 968//968 995//995 996//996
f 968//968 996//996 969//969
f 969//969 996//996 997//997
f 969//969 997//997 970//970
f 970//970 997//997 998//998
f 970//970 998//998 971//971
f 971//971 998//998 999//999
f 971//971 999//999 972//972
f 972//972 999//999 1000//1000
f 972//972 1000//1000 973//973
f 973//973 1000//1000 1001//1001
f 973//973 1001//1001 974//974
f 974//974 1001//1001 1002//1002
f 974//974 1002//1002 975//975
f 975//975 1002//1002 1003//1003
f 975//975 1003//1003 976//976
f 976//976 1003//1003 1004//1004
f 976//976 1004//1004 977//977
f 977//977 1004//1004 1005//1005
f 977//977 1005//1005 978//978
f 978//978 1005//1005 1006//1006
f 978//978 1006//1006 979//979
f 979//979 1006//1006 1007//1007
f 979//979 1007//1007 980//980
f 980//980 1007//1007 1008//1008
f 980//980 1008//1008 981//981
f 981//981 1008//1008 1009//1009
f 981//981 1009//1009 982//982
f 982//982 1009//1009 1010//1010
f 982//982 1010//1010 983//983
f 983//983 1010//1010 1011//1011
f 983//983 1011//1011 984//984
f 984//984 1011//1011 1012//1012
f 984//984 1012//1012 985//985
f 985//985 1012//1012 1013//1013
f 985//985 1013//1013 986//986
f 986//986 1013//1013 1014//1014
f 986//986 1014//1014 987//987
f 987//987 1014//1014 1015//1015
f 987//987 1015//1015 988//988
f 988//988 1015//1015 1016//1016
f 988//988 1016//1016 989//989
f 989//989 1016//1016 1017//1017
f 989//989 1017//1017 956//956
f 956//956 1017//1017 1018//1018
f 956//956 1018//1018 957//957
f 957//957 1018//1018 1019//1019
f 957//957 1019//1019 958//958
f 958//958 1019//1019 1020//1020
f 958//958 1020//1020 959//959
f 959//959 1020//1020 1021//1021
f 959//959 1021//1021 960//960
f 960//960 1021//1021 1022//1022
f 960//960 1022//1022 961//961
f 961//961 1022//1022 1023//1023
f 961//961 1023//1023 962//962
f 962//962 1023//1023 1024//1024
f 962//962 1024//1024 963//963
f 963//963 1024//1024 990//990
f 963//963 990//990 964//964
f 1025//1025 1026//1026 1027//1027
f 1028//1028 864//864 863//863
f 470//470 572//572 1029//1029
f 1029//1029 442//442 465//465
f 465//465 468//468 1029//1029
f 1029//1029 468//468 469//469
f 1029//1029 469//469 470//470
f 434//434 435//435 431//431
f 431//431 435//435 1030//1030
f 431//431 1030//1030 419//419
f 530//530 529//529 417//417
f 417//417 529//529 416//416
f 419//419 1030//1030 417//417
f 417//417 1030//1030 531//531
f 417//417 531//531 530//530
f 529//529 528//528 416//416
f 416//416 528//528 1031//1031
f 416//416 1031//1031 555//555
f 555//555 554//554 416//416
f 416//416 554//554 553//553
f 416//416 553//553 415//415
f 415//415 553//553 552//552
f 415//415 552//552 1032//1032
f 1033//1033 413//413 492//492
f 1028//1028 863//863 1034//1034
f 1034//1034 863//863 868//868
f 1034//1034 868//868 1035//1035
f 1035//1035 868//868 870//870
f 1035//1035 870//870 1033//1033
f 1033//1033 870//870 872//872
f 1033//1033 872//872 413//413
f 1033//1033 480//480 481//481
f 1033//1033 481//481 1035//1035
f 1035//1035 481//481 473//473
f 1035//1035 473//473 472//472
f 474//474 1036//1036 1037//1037
f 474//474 1037//1037 472//472
f 472//472 1037//1037 1038//1038
f 472//472 1038//1038 1035//1035
f 480//480 1033//1033 479//479
f 479//479 1033//1033 1039//1039
f 479//479 1039//1039 478//478
f 478//478 1040//1040 477//477
f 477//477 1040//1040 489//489
f 477//477 489//489 476//476
f 476//476 489//489 483//483
f 476//476 483//483 482//482
f 485//485 1041//1041 484//484
f 484//484 1041//1041 1042//1042
f 484//484 1042//1042 482//482
f 482//482 1042//1042 1036//1036
f 482//482 1036//1036 476//476
f 476//476 1036//1036 474//474
f 476//476 474//474 475//475
f 488//488 489//489 487//487
f 487//487 489//489 1040//1040
f 487//487 1040//1040 486//486
f 486//486 1040//1040 1043//1043
f 486//486 1043//1043 485//485
f 1043//1043 1044//1044 1045//1045
f 1045//1045 1025//1025 1043//1043
f 1043//1043 1025//1025 1027//1027
f 1043//1043 1027//1027 485//485
f 485//485 1027//1027 1046//1046
f 485//485 1046//1046 1041//1041
f 524//524 523//523 568//568
f 568//568 523//523 569//569
f 1044//1044 1043//1043 568//568
f 568//568 1043//1043 525//525
f 568//568 525//525 524//524
f 1032//1032 1047//1047 497//497
f 501//501 1039//1039 490//490
f 490//490 1039//1039 1033//1033
f 490//490 1033//1033 491//491
f 491//491 1033//1033 492//492
f 501//501 500//500 1039//1039
f 1039//1039 500//500 499//499
f 1039//1039 499//499 1047//1047
f 1047//1047 499//499 498//498
f 1047//1047 498//498 497//497
f 497//497 496//496 1032//1032
f 1032//1032 496//496 495//495
f 1032//1032 495//495 415//415
f 415//415 495//495 494//494
f 415//415 494//494 413//413
f 413//413 494//494 493//493
f 413//413 493//493 492//492
f 507//507 1048//1048 508//508
f 508//508 1048//1048 1029//1029
f 507//507 506//506 1048//1048
f 1048//1048 506//506 505//505
f 1048//1048 505//505 1049//1049
f 1049//1049 505//505 504//504
f 1049//1049 504//504 503//503
f 503//503 502//502 1050//1050
f 1050//1050 502//502 513//513
f 1050//1050 513//513 573//573
f 513//513 512//512 573//573
f 573//573 512//512 511//511
f 573//573 511//511 572//572
f 572//572 511//511 510//510
f 572//572 510//510 1029//1029
f 1029//1029 510//510 509//509
f 1029//1029 509//509 508//508
f 520//520 519//519 1051//1051
f 522//522 521//521 1052//1052
f 1052//1052 521//521 520//520
f 519//519 518//518 1051//1051
f 1051//1051 518//518 517//517
f 1051//1051 517//517 1040//1040
f 517//517 516//516 1040//1040
f 1040//1040 516//516 515//515
f 1040//1040 515//515 1043//1043
f 1043//1043 515//515 514//514
f 1043//1043 514//514 525//525
f 537//537 1053//1053 526//526
f 526//526 1053//1053 1031//1031
f 526//526 1031//1031 527//527
f 527//527 1031//1031 528//528
f 537//537 536//536 1053//1053
f 1053//1053 536//536 535//535
f 1053//1053 535//535 1054//1054
f 535//535 534//534 1054//1054
f 1054//1054 534//534 533//533
f 1054//1054 533//533 1030//1030
f 1030//1030 533//533 532//532
f 1030//1030 532//532 531//531
f 520//520 1051//1051 1052//1052
f 1052//1052 1051//1051 539//539
f 1052//1052 539//539 538//538
f 543//543 542//542 1049//1049
f 1049//1049 542//542 541//541
f 1049//1049 541//541 1051//1051
f 1051//1051 541//541 540//540
f 1051//1051 540//540 539//539
f 503//503 1050//1050 1049//1049
f 1049//1049 1050//1050 544//544
f 1049//1049 544//544 543//543
f 538//538 549//549 1052//1052
f 1052//1052 549//549 569//569
f 1052//1052 569//569 522//522
f 522//522 569//569 523//523
f 549//549 548//548 569//569
f 569//569 548//548 547//547
f 569//569 547//547 573//573
f 573//573 547//547 546//546
f 573//573 546//546 1050//1050
f 1050//1050 546//546 545//545
f 1050//1050 545//545 544//544
f 552//552 551//551 1032//1032
f 1032//1032 551//551 550//550
f 1032//1032 550//550 1047//1047
f 1047//1047 550//550 561//561
f 561//561 560//560 1047//1047
f 1047//1047 560//560 559//559
f 1047//1047 559//559 1053//1053
f 559//559 558//558 1053//1053
f 1053//1053 558//558 557//557
f 1053//1053 557//557 1031//1031
f 1031//1031 557//557 556//556
f 1031//1031 556//556 555//555
f 478//478 1039//1039 1040//1040
f 1040//1040 1039//1039 1047//1047
f 1040//1040 1047//1047 1051//1051
f 1051//1051 1047//1047 1053//1053
f 1051//1051 1053//1053 1049//1049
f 1049//1049 1053//1053 1054//1054
f 1049//1049 1054//1054 1048//1048
f 435//435 436//436 1030//1030
f 1030//1030 436//436 443//443
f 1030//1030 443//443 1054//1054
f 1054//1054 443//443 444//444
f 1054//1054 444//444 1048//1048
f 1048//1048 444//444 438//438
f 1048//1048 438//438 1029//1029
f 1029//1029 438//438 440//440
f 1029//1029 440//440 442//442
f 1055//1055 1056//1056 1057//1057
f 1058//1058 1059//1059 1060//1060
f 1061//1061 1062//1062 1063//1063
f 1063//1063 1064//1064 1061//1061
f 1061//1061 1064//1064 1065//1065
f 1061//1061 1065//1065 1066//1066
f 1067//1067 1068//1068 1069//1069
f 1069//1069 1068//1068 1070//1070
f 1058//1058 1060//1060 1071//1071
f 864//864 1072//1072 865//865
f 865//865 1072//1072 1073//1073
f 865//865 1073//1073 877//877
f 877//877 1073//1073 1074//1074
f 877//877 1074//1074 861//861
f 861//861 1074//1074 1075//1075
f 861//861 1075//1075 862//862
f 1072//1072 1076//1076 1073//1073
f 1073//1073 1076//1076 1055//1055
f 1073//1073 1055//1055 1074//1074
f 1074//1074 1055//1055 1057//1057
f 1074//1074 1057//1057 1075//1075
f 1068//1068 1077//1077 1070//1070
f 1070//1070 1077//1077 1078//1078
f 1070//1070 1078//1078 1079//1079
f 1079//1079 1078//1078 1080//1080
f 1079//1079 1080//1080 1081//1081
f 1082//1082 1083//1083 1065//1065
f 1065//1065 1083//1083 1066//1066
f 1058//1058 1067//1067 1059//1059
f 1059//1059 1067//1067 1069//1069
f 1059//1059 1069//1069 1060//1060
f 1060//1060 1069//1069 1070//1070
f 1060//1060 1070//1070 1064//1064
f 1064//1064 1070//1070 1079//1079
f 1064//1064 1079//1079 1065//1065
f 1065//1065 1079//1079 1081//1081
f 1065//1065 1081//1081 1082//1082
f 864//864 1071//1071 1072//1072
f 1072//1072 1071//1071 1060//1060
f 1072//1072 1060//1060 1076//1076
f 1076//1076 1060//1060 1064//1064
f 1076//1076 1064//1064 1055//1055
f 1055//1055 1064//1064 1063//1063
f 1055//1055 1063//1063 1056//1056
f 1056//1056 1063//1063 1062//1062
f 638//638 637//637 1084//1084
f 636//636 642//642 1085//1085
f 1086//1086 1087//1087 1088//1088
f 1086//1086 1088//1088 1089//1089
f 1089//1089 1088//1088 1090//1090
f 1089//1089 1090//1090 1091//1091
f 1091//1091 1090//1090 1092//1092
f 1091//1091 1092//1092 1093//1093
f 1093//1093 1092//1092 1094//1094
f 1093//1093 1094//1094 1095//1095
f 1095//1095 1094//1094 1085//1085
f 1095//1095 1085//1085 1096//1096
f 1096//1096 1085//1085 642//642
f 1096//1096 642//642 641//641
f 640//640 639//639 1097//1097
f 1097//1097 639//639 1098//1098
f 1097//1097 1098//1098 1099//1099
f 1099//1099 1098//1098 1100//1100
f 1099//1099 1100//1100 1101//1101
f 1101//1101 1100//1100 1102//1102
f 1101//1101 1102//1102 1103//1103
f 1103//1103 1102//1102 1104//1104
f 1103//1103 1104//1104 1105//1105
f 1105//1105 1104//1104 1106//1106
f 1106//1106 1104//1104 1107//1107
f 1106//1106 1107//1107 1108//1108
f 1108//1108 1107//1107 1109//1109
f 1108//1108 1109//1109 1110//1110
f 639//639 638//638 1098//1098
f 1098//1098 638//638 1084//1084
f 1098//1098 1084//1084 1100//1100
f 1100//1100 1084//1084 1111//1111
f 1100//1100 1111//1111 1102//1102
f 1102//1102 1111//1111 1112//1112
f 1102//1102 1112//1112 1104//1104
f 1104//1104 1112//1112 1113//1113
f 1104//1104 1113//1113 1107//1107
f 1107//1107 1113//1113 1114//1114
f 1107//1107 1114//1114 1109//1109
f 1109//1109 1114//1114 1115//1115
f 637//637 636//636 1084//1084
f 1084//1084 636//636 1085//1085
f 1084//1084 1085//1085 1111//1111
f 1111//1111 1085//1085 1094//1094
f 1111//1111 1094//1094 1112//1112
f 1112//1112 1094//1094 1092//1092
f 1112//1112 1092//1092 1113//1113
f 1113//1113 1092//1092 1090//1090
f 1113//1113 1090//1090 1114//1114
f 1114//1114 1090//1090 1088//1088
f 1114//1114 1088//1088 1115//1115
f 1115//1115 1088//1088 1087//1087
f 1116//1116 1117//1117 1118//1118
f 1119//1119 1120//1120 1116//1116
f 1121//1121 1026//1026 1122//1122
f 1120//1120 1123//1123 1116//1116
f 1116//1116 1123//1123 1124//1124
f 1116//1116 1124//1124 1117//1117
f 1117//1117 1124//1124 1125//1125
f 1117//1117 1125//1125 1126//1126
f 1127//1127 1128//1128 1129//1129
f 1129//1129 1128//1128 1130//1130
f 1131//1131 1132//1132 1133//1133
f 1134//1134 1132//1132 1131//1131
f 1133//1133 1135//1135 1131//1131
f 1131//1131 1135//1135 1136//1136
f 1131//1131 1136//1136 1137//1137
f 1137//1137 1136//1136 1138//1138
f 1139//1139 1140//1140 1141//1141
f 1141//1141 1140//1140 1142//1142
f 1141//1141 1142//1142 1143//1143
f 1130//1130 1119//1119 1129//1129
f 1129//1129 1119//1119 1116//1116
f 1129//1129 1116//1116 1143//1143
f 1143//1143 1116//1116 1118//1118
f 1143//1143 1118//1118 1141//1141
f 1126//1126 1144//1144 1117//1117
f 1117//1117 1144//1144 1145//1145
f 1117//1117 1145//1145 1118//1118
f 1118//1118 1145//1145 1146//1146
f 1118//1118 1146//1146 1141//1141
f 1141//1141 1146//1146 1147//1147
f 1141//1141 1147//1147 1139//1139
f 1125//1125 1121//1121 1126//1126
f 1126//1126 1121//1121 1122//1122
f 1126//1126 1122//1122 1144//1144
f 1144//1144 1122//1122 1148//1148
f 1144//1144 1148//1148 1145//1145
f 1145//1145 1148//1148 1149//1149
f 1145//1145 1149//1149 1146//1146
f 1146//1146 1149//1149 1150//1150
f 1146//1146 1150//1150 1147//1147
f 1138//1138 1127//1127 1137//1137
f 1137//1137 1127//1127 1129//1129
f 1137//1137 1129//1129 1131//1131
f 1131//1131 1129//1129 1143//1143
f 1131//1131 1143//1143 1134//1134
f 1134//1134 1143//1143 1142//1142
f 1134//1134 1142//1142 1151//1151
f 1151//1151 1142//1142 1140//1140
f 1152//1152 1153//1153 1150//1150
f 1154//1154 1155//1155 1156//1156
f 1157//1157 1158//1158 1159//1159
f 577//577 1158//1158 576//576
f 576//576 1158//1158 1157//1157
f 576//576 1157//1157 575//575
f 575//575 1157//1157 1160//1160
f 575//575 1160//1160 574//574
f 574//574 1160//1160 571//571
f 571//571 1160//1160 1161//1161
f 571//571 1161//1161 570//570
f 1162//1162 1045//1045 1044//1044
f 1122//1122 1026//1026 1025//1025
f 1150//1150 1149//1149 1152//1152
f 1152//1152 1149//1149 1148//1148
f 1152//1152 1148//1148 1163//1163
f 1163//1163 1148//1148 1122//1122
f 1163//1163 1122//1122 1164//1164
f 1164//1164 1122//1122 1025//1025
f 1164//1164 1025//1025 1045//1045
f 1045//1045 1162//1162 1164//1164
f 1164//1164 1162//1162 1165//1165
f 1164//1164 1165//1165 1163//1163
f 1163//1163 1165//1165 1154//1154
f 1163//1163 1154//1154 1152//1152
f 1152//1152 1154//1154 1156//1156
f 1152//1152 1156//1156 1153//1153
f 568//568 570//570 1044//1044
f 1044//1044 570//570 1161//1161
f 1044//1044 1161//1161 1162//1162
f 1162//1162 1161//1161 1160//1160
f 1162//1162 1160//1160 1165//1165
f 1165//1165 1160//1160 1157//1157
f 1165//1165 1157//1157 1154//1154
f 1154//1154 1157//1157 1159//1159
f 1154//1154 1159//1159 1155//1155
f 459//459 562//562 577//577
f 577//577 562//562 640//640
f 646//646 657//657 1166//1166
f 626//626 629//629 631//631
f 587//587 589//589 1167//1167
f 711//711 709//709 1168//1168
f 1169//1169 747//747 1170//1170
f 1170//1170 747//747 745//745
f 1170//1170 745//745 1171//1171
f 1171//1171 745//745 743//743
f 1171//1171 743//743 1172//1172
f 1172//1172 743//743 741//741
f 1172//1172 741//741 1173//1173
f 1173//1173 741//741 1174//1174
f 1174//1174 741//741 739//739
f 1174//1174 739//739 1175//1175
f 1175//1175 739//739 737//737
f 1175//1175 737//737 1176//1176
f 1176//1176 737//737 735//735
f 1176//1176 735//735 1177//1177
f 1177//1177 735//735 733//733
f 1177//1177 733//733 1178//1178
f 1178//1178 733//733 731//731
f 1178//1178 731//731 1179//1179
f 1179//1179 731//731 729//729
f 1179//1179 729//729 1180//1180
f 1180//1180 729//729 727//727
f 1180//1180 727//727 1181//1181
f 1181//1181 727//727 725//725
f 1181//1181 725//725 914//914
f 914//914 725//725 912//912
f 912//912 725//725 723//723
f 912//912 723//723 910//910
f 910//910 723//723 721//721
f 910//910 721//721 908//908
f 908//908 721//721 719//719
f 908//908 719//719 906//906
f 719//719 717//717 906//906
f 906//906 717//717 715//715
f 906//906 715//715 1168//1168
f 1168//1168 715//715 713//713
f 1168//1168 713//713 711//711
f 681//681 680//680 1182//1182
f 680//680 679//679 1182//1182
f 1182//1182 679//679 678//678
f 1182//1182 678//678 1168//1168
f 675//675 906//906 676//676
f 676//676 906//906 1168//1168
f 676//676 1168//1168 677//677
f 677//677 1168//1168 678//678
f 593//593 899//899 674//674
f 674//674 899//899 902//902
f 674//674 902//902 675//675
f 675//675 902//902 904//904
f 675//675 904//904 906//906
f 674//674 673//673 593//593
f 593//593 673//673 672//672
f 593//593 672//672 591//591
f 591//591 672//672 671//671
f 591//591 671//671 670//670
f 826//826 825//825 1183//1183
f 825//825 824//824 1183//1183
f 1183//1183 824//824 823//823
f 1183//1183 823//823 1182//1182
f 1182//1182 823//823 822//822
f 1182//1182 822//822 821//821
f 591//591 820//820 819//819
f 670//670 681//681 591//591
f 591//591 681//681 1182//1182
f 591//591 1182//1182 820//820
f 820//820 1182//1182 821//821
f 819//819 818//818 591//591
f 591//591 818//818 817//817
f 591//591 817//817 590//590
f 590//590 817//817 816//816
f 590//590 816//816 815//815
f 849//849 1167//1167 850//850
f 850//850 1167//1167 589//589
f 850//850 589//589 839//839
f 590//590 844//844 843//843
f 849//849 848//848 1167//1167
f 1167//1167 848//848 847//847
f 1167//1167 847//847 1183//1183
f 1183//1183 847//847 846//846
f 1183//1183 846//846 845//845
f 815//815 826//826 590//590
f 590//590 826//826 1183//1183
f 590//590 1183//1183 844//844
f 844//844 1183//1183 845//845
f 843//843 842//842 590//590
f 590//590 842//842 841//841
f 590//590 841//841 589//589
f 589//589 841//841 840//840
f 589//589 840//840 839//839
f 605//605 607//607 1167//1167
f 1167//1167 607//607 608//608
f 1167//1167 608//608 587//587
f 644//644 645//645 1184//1184
f 1184//1184 645//645 626//626
f 1185//1185 1096//1096 641//641
f 837//837 1185//1185 838//838
f 838//838 1185//1185 1186//1186
f 838//838 1186//1186 827//827
f 837//837 836//836 1185//1185
f 1185//1185 836//836 835//835
f 1185//1185 835//835 1096//1096
f 1096//1096 835//835 834//834
f 1187//1187 1095//1095 1096//1096
f 831//831 1187//1187 832//832
f 832//832 1187//1187 1096//1096
f 832//832 1096//1096 833//833
f 833//833 1096//1096 834//834
f 831//831 830//830 1187//1187
f 1187//1187 830//830 829//829
f 1187//1187 829//829 1186//1186
f 1186//1186 829//829 828//828
f 1186//1186 828//828 827//827
f 1188//1188 1189//1189 1187//1187
f 1187//1187 1189//1189 1086//1086
f 1187//1187 1086//1086 1089//1089
f 1089//1089 1091//1091 1187//1187
f 1187//1187 1091//1091 1093//1093
f 1187//1187 1093//1093 1095//1095
f 695//695 693//693 1188//1188
f 707//707 705//705 1187//1187
f 1187//1187 705//705 703//703
f 1188//1188 693//693 1190//1190
f 1190//1190 693//693 691//691
f 1190//1190 691//691 1191//1191
f 1191//1191 691//691 689//689
f 1191//1191 689//689 1192//1192
f 1192//1192 689//689 687//687
f 1192//1192 687//687 1193//1193
f 1193//1193 687//687 685//685
f 1193//1193 685//685 1194//1194
f 1194//1194 685//685 683//683
f 1194//1194 683//683 1169//1169
f 1169//1169 683//683 682//682
f 1169//1169 682//682 747//747
f 703//703 701//701 1187//1187
f 1187//1187 701//701 699//699
f 1187//1187 699//699 1188//1188
f 1188//1188 699//699 697//697
f 1188//1188 697//697 695//695
f 667//667 666//666 1195//1195
f 1195//1195 666//666 1185//1185
f 1195//1195 1185//1185 643//643
f 643//643 1185//1185 641//641
f 666//666 665//665 1185//1185
f 1185//1185 665//665 664//664
f 1185//1185 664//664 1186//1186
f 1186//1186 664//664 663//663
f 1186//1186 663//663 662//662
f 662//662 661//661 1186//1186
f 1186//1186 661//661 660//660
f 1186//1186 660//660 1196//1196
f 1196//1196 660//660 659//659
f 659//659 658//658 1196//1196
f 1196//1196 658//658 669//669
f 1196//1196 669//669 1195//1195
f 1195//1195 669//669 668//668
f 1195//1195 668//668 667//667
f 1166//1166 657//657 1184//1184
f 1184//1184 657//657 656//656
f 1184//1184 656//656 655//655
f 643//643 644//644 1195//1195
f 1195//1195 644//644 1184//1184
f 1195//1195 1184//1184 654//654
f 654//654 1184//1184 655//655
f 650//650 649//649 1196//1196
f 1196//1196 649//649 648//648
f 1196//1196 648//648 1166//1166
f 1166//1166 648//648 647//647
f 1166//1166 647//647 646//646
f 654//654 653//653 1195//1195
f 1195//1195 653//653 652//652
f 1195//1195 652//652 1196//1196
f 1196//1196 652//652 651//651
f 1196//1196 651//651 650//650
f 1166//1166 1167//1167 1196//1196
f 1196//1196 1167//1167 1183//1183
f 1196//1196 1183//1183 1186//1186
f 1186//1186 1183//1183 1182//1182
f 1186//1186 1182//1182 1187//1187
f 1187//1187 1182//1182 1168//1168
f 1187//1187 1168//1168 707//707
f 707//707 1168//1168 709//709
f 626//626 631//631 1184//1184
f 1184//1184 631//631 632//632
f 1184//1184 632//632 1166//1166
f 1166//1166 632//632 617//617
f 1166//1166 617//617 1167//1167
f 1167//1167 617//617 602//602
f 1167//1167 602//602 605//605
f 1056//1056 1062//1062 884//884
f 884//884 1062//1062 1061//1061
f 884//884 1061//1061 883//883
f 883//883 1061//1061 1066//1066
f 883//883 1066//1066 882//882
f 1056//1056 884//884 1057//1057
f 1057//1057 884//884 886//886
f 1057//1057 886//886 1075//1075
f 1075//1075 886//886 887//887
f 1075//1075 887//887 862//862
f 862//862 887//887 889//889
f 862//862 889//889 860//860
f 860//860 889//889 891//891
f 860//860 891//891 858//858
f 858//858 891//891 857//857
f 857//857 891//891 893//893
f 857//857 893//893 855//855
f 855//855 893//893 894//894
f 855//855 894//894 854//854
f 854//854 894//894 896//896
f 854//854 896//896 852//852
f 578//578 404//404 898//898
f 898//898 404//404 852//852
f 898//898 852//852 897//897
f 897//897 852//852 896//896
f 1197//1197 1198//1198 1199//1199
f 1200//1200 1201//1201 1202//1202
f 1203//1203 1204//1204 1205//1205
f 1206//1206 1207//1207 1208//1208
f 1209//1209 1210//1210 1211//1211
f 1212//1212 1213//1213 1214//1214
f 1214//1214 1213//1213 1215//1215
f 1214//1214 1215//1215 1210//1210
f 1210//1210 1215//1215 1216//1216
f 1210//1210 1216//1216 1211//1211
f 1217//1217 1218//1218 1219//1219
f 1219//1219 1218//1218 1220//1220
f 1219//1219 1220//1220 1212//1212
f 1212//1212 1220//1220 1221//1221
f 1212//1212 1221//1221 1213//1213
f 1208//1208 1222//1222 1206//1206
f 1206//1206 1222//1222 1223//1223
f 1206//1206 1223//1223 1224//1224
f 1224//1224 1223//1223 1225//1225
f 1224//1224 1225//1225 1217//1217
f 1217//1217 1225//1225 1226//1226
f 1217//1217 1226//1226 1218//1218
f 1227//1227 1228//1228 1229//1229
f 1229//1229 1228//1228 1230//1230
f 1229//1229 1230//1230 1207//1207
f 1207//1207 1230//1230 1231//1231
f 1207//1207 1231//1231 1208//1208
f 1232//1232 1233//1233 1234//1234
f 1234//1234 1233//1233 1235//1235
f 1234//1234 1235//1235 1227//1227
f 1227//1227 1235//1235 1236//1236
f 1227//1227 1236//1236 1228//1228
f 1237//1237 1238//1238 1232//1232
f 1232//1232 1238//1238 1239//1239
f 1232//1232 1239//1239 1233//1233
f 1240//1240 1241//1241 1237//1237
f 1237//1237 1241//1241 1242//1242
f 1237//1237 1242//1242 1238//1238
f 1205//1205 1204//1204 1243//1243
f 1204//1204 1244//1244 1243//1243
f 1243//1243 1244//1244 1245//1245
f 1243//1243 1245//1245 1240//1240
f 1240//1240 1245//1245 1246//1246
f 1240//1240 1246//1246 1241//1241
f 1247//1247 1248//1248 1249//1249
f 1249//1249 1248//1248 1250//1250
f 1249//1249 1250//1250 1251//1251
f 1251//1251 1250//1250 1252//1252
f 1252//1252 1250//1250 1253//1253
f 1252//1252 1253//1253 1254//1254
f 1254//1254 1253//1253 1255//1255
f 1254//1254 1255//1255 1256//1256
f 1256//1256 1255//1255 1257//1257
f 1257//1257 1255//1255 1258//1258
f 1257//1257 1258//1258 1259//1259
f 1259//1259 1258//1258 1260//1260
f 1259//1259 1260//1260 1261//1261
f 1262//1262 1263//1263 1260//1260
f 1260//1260 1263//1263 1264//1264
f 1260//1260 1264//1264 1261//1261
f 1265//1265 1266//1266 1267//1267
f 1267//1267 1266//1266 1268//1268
f 1267//1267 1268//1268 1269//1269
f 1202//1202 1270//1270 1200//1200
f 1200//1200 1270//1270 1271//1271
f 1200//1200 1271//1271 1272//1272
f 1272//1272 1271//1271 1273//1273
f 1272//1272 1273//1273 1265//1265
f 1265//1265 1273//1273 1274//1274
f 1265//1265 1274//1274 1266//1266
f 1275//1275 1276//1276 1277//1277
f 1277//1277 1276//1276 1278//1278
f 1277//1277 1278//1278 1201//1201
f 1201//1201 1278//1278 1279//1279
f 1201//1201 1279//1279 1202//1202
f 1280//1280 1281//1281 1282//1282
f 1282//1282 1281//1281 1283//1283
f 1282//1282 1283//1283 1275//1275
f 1275//1275 1283//1283 1284//1284
f 1275//1275 1284//1284 1276//1276
f 1199//1199 1285//1285 1197//1197
f 1197//1197 1285//1285 1286//1286
f 1197//1197 1286//1286 1287//1287
f 1287//1287 1286//1286 1288//1288
f 1287//1287 1288//1288 1280//1280
f 1280//1280 1288//1288 1289//1289
f 1280//1280 1289//1289 1281//1281
f 1211//1211 1290//1290 1209//1209
f 1209//1209 1290//1290 1291//1291
f 1209//1209 1291//1291 1292//1292
f 1292//1292 1291//1291 1293//1293
f 1292//1292 1293//1293 1198//1198
f 1198//1198 1293//1293 1294//1294
f 1198//1198 1294//1294 1199//1199
f 1295//1295 1262//1262 1296//1296
f 1296//1296 1262//1262 1260//1260
f 1296//1296 1260//1260 1297//1297
f 1297//1297 1260//1260 1258//1258
f 1297//1297 1258//1258 1298//1298
f 1298//1298 1258//1258 1255//1255
f 1298//1298 1255//1255 1299//1299
f 1299//1299 1255//1255 1253//1253
f 1299//1299 1253//1253 1300//1300
f 1300//1300 1253//1253 1250//1250
f 1300//1300 1250//1250 1301//1301
f 1301//1301 1250//1250 1248//1248
f 1301//1301 1248//1248 1302//1302
f 1267//1267 1303//1303 1265//1265
f 1265//1265 1303//1303 1304//1304
f 1265//1265 1304//1304 1272//1272
f 1272//1272 1304//1304 1305//1305
f 1272//1272 1305//1305 1200//1200
f 1200//1200 1305//1305 1306//1306
f 1200//1200 1306//1306 1201//1201
f 1201//1201 1306//1306 1307//1307
f 1201//1201 1307//1307 1277//1277
f 1277//1277 1307//1307 1308//1308
f 1277//1277 1308//1308 1275//1275
f 1275//1275 1308//1308 1309//1309
f 1275//1275 1309//1309 1282//1282
f 1282//1282 1309//1309 1310//1310
f 1282//1282 1310//1310 1280//1280
f 1280//1280 1310//1310 1311//1311
f 1280//1280 1311//1311 1287//1287
f 1287//1287 1311//1311 1312//1312
f 1287//1287 1312//1312 1197//1197
f 1197//1197 1312//1312 1313//1313
f 1197//1197 1313//1313 1198//1198
f 1198//1198 1313//1313 1314//1314
f 1198//1198 1314//1314 1292//1292
f 1292//1292 1314//1314 1315//1315
f 1292//1292 1315//1315 1209//1209
f 1209//1209 1315//1315 1316//1316
f 1209//1209 1316//1316 1210//1210
f 1210//1210 1316//1316 1317//1317
f 1210//1210 1317//1317 1214//1214
f 1214//1214 1317//1317 1318//1318
f 1214//1214 1318//1318 1212//1212
f 1212//1212 1318//1318 1319//1319
f 1212//1212 1319//1319 1219//1219
f 1219//1219 1319//1319 1320//1320
f 1219//1219 1320//1320 1217//1217
f 1217//1217 1320//1320 1321//1321
f 1217//1217 1321//1321 1224//1224
f 1224//1224 1321//1321 1322//1322
f 1224//1224 1322//1322 1206//1206
f 1206//1206 1322//1322 1323//1323
f 1206//1206 1323//1323 1207//1207
f 1207//1207 1323//1323 1324//1324
f 1207//1207 1324//1324 1229//1229
f 1229//1229 1324//1324 1325//1325
f 1229//1229 1325//1325 1227//1227
f 1227//1227 1325//1325 1326//1326
f 1227//1227 1326//1326 1234//1234
f 1234//1234 1326//1326 1327//1327
f 1234//1234 1327//1327 1232//1232
f 1232//1232 1327//1327 1328//1328
f 1232//1232 1328//1328 1237//1237
f 1237//1237 1328//1328 1329//1329
f 1237//1237 1329//1329 1240//1240
f 1240//1240 1329//1329 1330//1330
f 1240//1240 1330//1330 1243//1243
f 1243//1243 1330//1330 1331//1331
f 1243//1243 1331//1331 1205//1205
f 1332//1332 1295//1295 1333//1333
f 1333//1333 1295//1295 1296//1296
f 1333//1333 1296//1296 1334//1334
f 1334//1334 1296//1296 1297//1297
f 1334//1334 1297//1297 1335//1335
f 1335//1335 1297//1297 1298//1298
f 1335//1335 1298//1298 1336//1336
f 1336//1336 1298//1298 1299//1299
f 1336//1336 1299//1299 1337//1337
f 1337//1337 1299//1299 1300//1300
f 1337//1337 1300//1300 1338//1338
f 1338//1338 1300//1300 1301//1301
f 1338//1338 1301//1301 1339//1339
f 1339//1339 1301//1301 1302//1302
f 1339//1339 1302//1302 1340//1340
f 1303//1303 1341//1341 1304//1304
f 1304//1304 1341//1341 1342//1342
f 1304//1304 1342//1342 1305//1305
f 1305//1305 1342//1342 1343//1343
f 1305//1305 1343//1343 1306//1306
f 1306//1306 1343//1343 1344//1344
f 1306//1306 1344//1344 1307//1307
f 1307//1307 1344//1344 1345//1345
f 1307//1307 1345//1345 1308//1308
f 1308//1308 1345//1345 1346//1346
f 1308//1308 1346//1346 1309//1309
f 1309//1309 1346//1346 1347//1347
f 1309//1309 1347//1347 1310//1310
f 1310//1310 1347//1347 1348//1348
f 1310//1310 1348//1348 1311//1311
f 1311//1311 1348//1348 1349//1349
f 1311//1311 1349//1349 1312//1312
f 1312//1312 1349//1349 1350//1350
f 1312//1312 1350//1350 1313//1313
f 1313//1313 1350//1350 1351//1351
f 1313//1313 1351//1351 1314//1314
f 1314//1314 1351//1351 1352//1352
f 1314//1314 1352//1352 1315//1315
f 1315//1315 1352//1352 1353//1353
f 1315//1315 1353//1353 1316//1316
f 1316//1316 1353//1353 1354//1354
f 1316//1316 1354//1354 1317//1317
f 1317//1317 1354//1354 1355//1355
f 1317//1317 1355//1355 1318//1318
f 1318//1318 1355//1355 1356//1356
f 1318//1318 1356//1356 1319//1319
f 1319//1319 1356//1356 1357//1357
f 1319//1319 1357//1357 1320//1320
f 1320//1320 1357//1357 1358//1358
f 1320//1320 1358//1358 1321//1321
f 1321//1321 1358//1358 1359//1359
f 1321//1321 1359//1359 1322//1322
f 1322//1322 1359//1359 1360//1360
f 1322//1322 1360//1360 1323//1323
f 1323//1323 1360//1360 1361//1361
f 1323//1323 1361//1361 1324//1324
f 1324//1324 1361//1361 1362//1362
f 1324//1324 1362//1362 1325//1325
f 1325//1325 1362//1362 1363//1363
f 1325//1325 1363//1363 1326//1326
f 1326//1326 1363//1363 1364//1364
f 1326//1326 1364//1364 1327//1327
f 1327//1327 1364//1364 1365//1365
f 1327//1327 1365//1365 1328//1328
f 1328//1328 1365//1365 1366//1366
f 1328//1328 1366//1366 1329//1329
f 1329//1329 1366//1366 1367//1367
f 1329//1329 1367//1367 1330//1330
f 1330//1330 1367//1367 1368//1368
f 1330//1330 1368//1368 1331//1331
f 1369//1369 1332//1332 1370//1370
f 1370//1370 1332//1332 1333//1333
f 1370//1370 1333//1333 1371//1371
f 1371//1371 1333//1333 1334//1334
f 1371//1371 1334//1334 1372//1372
f 1372//1372 1334//1334 1335//1335
f 1372//1372 1335//1335 1373//1373
f 1373//1373 1335//1335 1336//1336
f 1373//1373 1336//1336 1374//1374
f 1374//1374 1336//1336 1337//1337
f 1374//1374 1337//1337 1375//1375
f 1375//1375 1337//1337 1338//1338
f 1375//1375 1338//1338 1376//1376
f 1376//1376 1338//1338 1339//1339
f 1376//1376 1339//1339 1377//1377
f 1377//1377 1339//1339 1340//1340
f 1377//1377 1340//1340 1378//1378
f 1341//1341 1379//1379 1342//1342
f 1342//1342 1379//1379 1380//1380
f 1342//1342 1380//1380 1343//1343
f 1343//1343 1380//1380 1381//1381
f 1343//1343 1381//1381 1344//1344
f 1344//1344 1381//1381 1382//1382
f 1344//1344 1382//1382 1345//1345
f 1345//1345 1382//1382 1383//1383
f 1345//1345 1383//1383 1346//1346
f 1346//1346 1383//1383 1384//1384
f 1346//1346 1384//1384 1347//1347
f 1347//1347 1384//1384 1385//1385
f 1347//1347 1385//1385 1348//1348
f 1348//1348 1385//1385 1386//1386
f 1348//1348 1386//1386 1349//1349
f 1349//1349 1386//1386 1387//1387
f 1349//1349 1387//1387 1350//1350
f 1350//1350 1387//1387 1388//1388
f 1350//1350 1388//1388 1351//1351
f 1351//1351 1388//1388 1389//1389
f 1351//1351 1389//1389 1352//1352
f 1352//1352 1389//1389 1390//1390
f 1352//1352 1390//1390 1353//1353
f 1353//1353 1390//1390 1391//1391
f 1353//1353 1391//1391 1354//1354
f 1354//1354 1391//1391 1392//1392
f 1354//1354 1392//1392 1355//1355
f 1355//1355 1392//1392 1393//1393
f 1355//1355 1393//1393 1356//1356
f 1356//1356 1393//1393 1394//1394
f 1356//1356 1394//1394 1357//1357
f 1357//1357 1394//1394 1395//1395
f 1357//1357 1395//1395 1358//1358
f 1358//1358 1395//1395 1396//1396
f 1358//1358 1396//1396 1359//1359
f 1359//1359 1396//1396 1397//1397
f 1359//1359 1397//1397 1360//1360
f 1360//1360 1397//1397 1398//1398
f 1360//1360 1398//1398 1361//1361
f 1361//1361 1398//1398 1399//1399
f 1361//1361 1399//1399 1362//1362
f 1362//1362 1399//1399 1400//1400
f 1362//1362 1400//1400 1363//1363
f 1363//1363 1400//1400 1401//1401
f 1363//1363 1401//1401 1364//1364
f 1364//1364 1401//1401 1402//1402
f 1364//1364 1402//1402 1365//1365
f 1365//1365 1402//1402 1403//1403
f 1365//1365 1403//1403 1366//1366
f 1366//1366 1403//1403 1404//1404
f 1366//1366 1404//1404 1367//1367
f 1367//1367 1404//1404 1405//1405
f 1367//1367 1405//1405 1368//1368
f 1406//1406 1369//1369 1407//1407
f 1407//1407 1369//1369 1370//1370
f 1407//1407 1370//1370 1408//1408
f 1408//1408 1370//1370 1371//1371
f 1408//1408 1371//1371 1409//1409
f 1409//1409 1371//1371 1372//1372
f 1409//1409 1372//1372 1410//1410
f 1410//1410 1372//1372 1373//1373
f 1410//1410 1373//1373 1411//1411
f 1411//1411 1373//1373 1374//1374
f 1411//1411 1374//1374 1412//1412
f 1412//1412 1374//1374 1375//1375
f 1412//1412 1375//1375 1413//1413
f 1413//1413 1375//1375 1376//1376
f 1413//1413 1376//1376 1414//1414
f 1414//1414 1376//1376 1377//1377
f 1414//1414 1377//1377 1415//1415
f 1415//1415 1377//1377 1378//1378
f 1415//1415 1378//1378 1416//1416
f 1379//1379 1417//1417 1380//1380
f 1380//1380 1417//1417 1418//1418
f 1380//1380 1418//1418 1381//1381
f 1381//1381 1418//1418 1419//1419
f 1381//1381 1419//1419 1382//1382
f 1382//1382 1419//1419 1420//1420
f 1382//1382 1420//1420 1383//1383
f 1383//1383 1420//1420 1421//1421
f 1383//1383 1421//1421 1384//1384
f 1384//1384 1421//1421 1422//1422
f 1384//1384 1422//1422 1385//1385
f 1385//1385 1422//1422 1423//1423
f 1385//1385 1423//1423 1386//1386
f 1386//1386 1423//1423 1424//1424
f 1386//1386 1424//1424 1387//1387
f 1387//1387 1424//1424 1425//1425
f 1387//1387 1425//1425 1388//1388
f 1388//1388 1425//1425 1426//1426
f 1388//1388 1426//1426 1389//1389
f 1389//1389 1426//1426 1427//1427
f 1389//1389 1427//1427 1390//1390
f 1390//1390 1427//1427 1428//1428
f 1390//1390 1428//1428 1391//1391
f 1391//1391 1428//1428 1429//1429
f 1391//1391 1429//1429 1392//1392
f 1392//1392 1429//1429 1430//1430
f 1392//1392 1430//1430 1393//1393
f 1393//1393 1430//1430 1431//1431
f 1393//1393 1431//1431 1394//1394
f 1394//1394 1431//1431 1432//1432
f 1394//1394 1432//1432 1395//1395
f 1395//1395 1432//1432 1433//1433
f 1395//1395 1433//1433 1396//1396
f 1396//1396 1433//1433 1434//1434
f 1396//1396 1434//1434 1397//1397
f 1397//1397 1434//1434 1435//1435
f 1397//1397 1435//1435 1398//1398
f 1398//1398 1435//1435 1436//1436
f 1398//1398 1436//1436 1399//1399
f 1399//1399 1436//1436 1437//1437
f 1399//1399 1437//1437 1400//1400
f 1400//1400 1437//1437 1438//1438
f 1400//1400 1438//1438 1401//1401
f 1401//1401 1438//1438 1439//1439
f 1401//1401 1439//1439 1402//1402
f 1402//1402 1439//1439 1440//1440
f 1402//1402 1440//1440 1403//1403
f 1403//1403 1440//1440 1441//1441
f 1403//1403 1441//1441 1404//1404
f 1404//1404 1441//1441 1442//1442
f 1404//1404 1442//1442 1405//1405
f 1004//1004 1406//1406 1005//1005
f 1005//1005 1406//1406 1407//1407
f 1005//1005 1407//1407 1006//1006
f 1006//1006 1407//1407 1408//1408
f 1006//1006 1408//1408 1007//1007
f 1007//1007 1408//1408 1409//1409
f 1007//1007 1409//1409 1008//1008
f 1008//1008 1409//1409 1410//1410
f 1008//1008 1410//1410 1009//1009
f 1009//1009 1410//1410 1411//1411
f 1009//1009 1411//1411 1010//1010
f 1010//1010 1411//1411 1412//1412
f 1010//1010 1412//1412 1011//1011
f 1011//1011 1412//1412 1413//1413
f 1011//1011 1413//1413 1012//1012
f 1012//1012 1413//1413 1414//1414
f 1012//1012 1414//1414 1013//1013
f 1013//1013 1414//1414 1415//1415
f 1013//1013 1415//1415 1014//1014
f 1014//1014 1415//1415 1416//1416
f 1014//1014 1416//1416 1015//1015
f 1247//1247 1203//1203 1248//1248
f 1248//1248 1203//1203 1205//1205
f 1248//1248 1205//1205 1302//1302
f 1302//1302 1205//1205 1331//1331
f 1302//1302 1331//1331 1340//1340
f 1340//1340 1331//1331 1368//1368
f 1340//1340 1368//1368 1378//1378
f 1378//1378 1368//1368 1405//1405
f 1378//1378 1405//1405 1416//1416
f 1416//1416 1405//1405 1442//1442
f 1416//1416 1442//1442 1015//1015
f 1015//1015 1442//1442 1441//1441
f 1015//1015 1441//1441 1016//1016
f 1016//1016 1441//1441 1440//1440
f 1016//1016 1440//1440 1017//1017
f 1017//1017 1440//1440 1439//1439
f 1017//1017 1439//1439 1018//1018
f 1018//1018 1439//1439 1438//1438
f 1018//1018 1438//1438 1019//1019
f 1019//1019 1438//1438 1437//1437
f 1019//1019 1437//1437 1020//1020
f 1020//1020 1437//1437 1436//1436
f 1020//1020 1436//1436 1021//1021
f 1021//1021 1436//1436 1435//1435
f 1021//1021 1435//1435 1022//1022
f 1022//1022 1435//1435 1434//1434
f 1022//1022 1434//1434 1023//1023
f 1023//1023 1434//1434 1433//1433
f 1023//1023 1433//1433 1024//1024
f 1024//1024 1433//1433 1432//1432
f 1024//1024 1432//1432 990//990
f 990//990 1432//1432 1431//1431
f 990//990 1431//1431 991//991
f 991//991 1431//1431 1430//1430
f 991//991 1430//1430 992//992
f 992//992 1430//1430 1429//1429
f 992//992 1429//1429 993//993
f 993//993 1429//1429 1428//1428
f 993//993 1428//1428 994//994
f 994//994 1428//1428 1427//1427
f 994//994 1427//1427 995//995
f 995//995 1427//1427 1426//1426
f 995//995 1426//1426 996//996
f 996//996 1426//1426 1425//1425
f 996//996 1425//1425 997//997
f 997//997 1425//1425 1424//1424
f 997//997 1424//1424 998//998
f 998//998 1424//1424 1423//1423
f 998//998 1423//1423 999//999
f 999//999 1423//1423 1422//1422
f 999//999 1422//1422 1000//1000
f 1000//1000 1422//1422 1421//1421
f 1000//1000 1421//1421 1001//1001
f 1001//1001 1421//1421 1420//1420
f 1001//1001 1420//1420 1002//1002
f 1002//1002 1420//1420 1419//1419
f 1002//1002 1419//1419 1003//1003
f 1003//1003 1419//1419 1418//1418
f 1003//1003 1418//1418 1004//1004
f 1004//1004 1418//1418 1417//1417
f 1004//1004 1417//1417 1406//1406
f 1406//1406 1417//1417 1379//1379
f 1406//1406 1379//1379 1369//1369
f 1369//1369 1379//1379 1341//1341
f 1369//1369 1341//1341 1332//1332
f 1332//1332 1341//1341 1303//1303
f 1332//1332 1303//1303 1295//1295
f 1295//1295 1303//1303 1267//1267
f 1295//1295 1267//1267 1262//1262
f 1262//1262 1267//1267 1269//1269
f 1262//1262 1269//1269 1263//1263
f 1124//1124 1123//1123 1443//1443
f 1138//1138 1136//1136 1444//1444
f 1133//1133 1132//1132 1445//1445
f 1446//1446 1447//1447 1448//1448
f 1449//1449 1450//1450 1451//1451
f 1452//1452 1453//1453 1454//1454
f 1058//1058 1455//1455 1067//1067
f 1071//1071 864//864 1028//1028
f 1455//1455 1058//1058 1456//1456
f 1080//1080 1078//1078 1457//1457
f 1457//1457 1078//1078 1077//1077
f 1457//1457 1077//1077 1458//1458
f 1458//1458 1077//1077 1068//1068
f 1458//1458 1068//1068 1067//1067
f 1080//1080 1459//1459 1081//1081
f 1081//1081 1459//1459 1454//1454
f 1081//1081 1454//1454 1082//1082
f 1082//1082 1454//1454 1083//1083
f 1083//1083 1454//1454 1453//1453
f 1083//1083 1453//1453 1066//1066
f 1452//1452 1454//1454 1460//1460
f 1460//1460 1454//1454 1459//1459
f 1460//1460 1459//1459 1461//1461
f 1461//1461 1459//1459 1462//1462
f 1461//1461 1462//1462 1463//1463
f 1463//1463 1462//1462 1464//1464
f 1463//1463 1464//1464 1465//1465
f 1466//1466 1467//1467 1468//1468
f 1468//1468 1467//1467 1469//1469
f 1468//1468 1469//1469 1470//1470
f 1470//1470 1469//1469 1471//1471
f 1470//1470 1471//1471 1472//1472
f 1472//1472 1471//1471 1473//1473
f 1472//1472 1473//1473 1464//1464
f 1464//1464 1473//1473 1474//1474
f 1464//1464 1474//1474 1465//1465
f 1466//1466 1468//1468 1475//1475
f 1475//1475 1468//1468 1476//1476
f 1475//1475 1476//1476 1477//1477
f 1477//1477 1476//1476 1478//1478
f 1477//1477 1478//1478 1479//1479
f 1479//1479 1478//1478 1480//1480
f 1479//1479 1480//1480 1481//1481
f 1481//1481 1480//1480 1482//1482
f 1482//1482 1480//1480 1483//1483
f 1482//1482 1483//1483 1484//1484
f 1484//1484 1483//1483 1485//1485
f 1484//1484 1485//1485 1486//1486
f 1451//1451 1450//1450 1485//1485
f 1485//1485 1450//1450 1487//1487
f 1485//1485 1487//1487 1486//1486
f 1446//1446 1448//1448 1488//1488
f 1488//1488 1448//1448 1444//1444
f 1488//1488 1444//1444 1489//1489
f 1489//1489 1444//1444 1136//1136
f 1489//1489 1136//1136 1445//1445
f 1445//1445 1136//1136 1135//1135
f 1445//1445 1135//1135 1133//1133
f 1120//1120 1119//1119 1490//1490
f 1490//1490 1119//1119 1130//1130
f 1490//1490 1130//1130 1448//1448
f 1448//1448 1130//1130 1128//1128
f 1448//1448 1128//1128 1444//1444
f 1444//1444 1128//1128 1127//1127
f 1444//1444 1127//1127 1138//1138
f 1443//1443 1123//1123 1491//1491
f 1027//1027 1026//1026 1121//1121
f 1071//1071 1028//1028 1492//1492
f 1492//1492 1028//1028 1034//1034
f 1492//1492 1034//1034 1493//1493
f 1493//1493 1034//1034 1035//1035
f 1493//1493 1035//1035 1494//1494
f 1494//1494 1035//1035 1038//1038
f 1494//1494 1038//1038 1495//1495
f 1495//1495 1038//1038 1037//1037
f 1495//1495 1037//1037 1496//1496
f 1496//1496 1037//1037 1036//1036
f 1496//1496 1036//1036 1497//1497
f 1497//1497 1036//1036 1042//1042
f 1497//1497 1042//1042 1498//1498
f 1498//1498 1042//1042 1041//1041
f 1498//1498 1041//1041 1499//1499
f 1499//1499 1041//1041 1046//1046
f 1499//1499 1046//1046 1500//1500
f 1500//1500 1046//1046 1027//1027
f 1500//1500 1027//1027 1501//1501
f 1501//1501 1027//1027 1121//1121
f 1501//1501 1121//1121 1443//1443
f 1443//1443 1121//1121 1125//1125
f 1443//1443 1125//1125 1124//1124
f 1080//1080 1457//1457 1459//1459
f 1459//1459 1457//1457 1458//1458
f 1459//1459 1458//1458 1462//1462
f 1462//1462 1458//1458 1502//1502
f 1462//1462 1502//1502 1464//1464
f 1464//1464 1502//1502 1503//1503
f 1464//1464 1503//1503 1472//1472
f 1472//1472 1503//1503 1504//1504
f 1472//1472 1504//1504 1470//1470
f 1470//1470 1504//1504 1505//1505
f 1470//1470 1505//1505 1468//1468
f 1468//1468 1505//1505 1506//1506
f 1468//1468 1506//1506 1476//1476
f 1476//1476 1506//1506 1507//1507
f 1476//1476 1507//1507 1478//1478
f 1478//1478 1507//1507 1508//1508
f 1478//1478 1508//1508 1480//1480
f 1480//1480 1508//1508 1509//1509
f 1480//1480 1509//1509 1483//1483
f 1483//1483 1509//1509 1510//1510
f 1483//1483 1510//1510 1485//1485
f 1485//1485 1510//1510 1511//1511
f 1485//1485 1511//1511 1451//1451
f 1447//1447 1512//1512 1448//1448
f 1448//1448 1512//1512 1513//1513
f 1448//1448 1513//1513 1490//1490
f 1490//1490 1513//1513 1491//1491
f 1490//1490 1491//1491 1120//1120
f 1120//1120 1491//1491 1123//1123
f 1067//1067 1455//1455 1458//1458
f 1458//1458 1455//1455 1456//1456
f 1458//1458 1456//1456 1502//1502
f 1502//1502 1456//1456 1514//1514
f 1502//1502 1514//1514 1503//1503
f 1503//1503 1514//1514 1515//1515
f 1503//1503 1515//1515 1504//1504
f 1504//1504 1515//1515 1516//1516
f 1504//1504 1516//1516 1505//1505
f 1505//1505 1516//1516 1517//1517
f 1505//1505 1517//1517 1506//1506
f 1506//1506 1517//1517 1518//1518
f 1506//1506 1518//1518 1507//1507
f 1507//1507 1518//1518 1519//1519
f 1507//1507 1519//1519 1508//1508
f 1508//1508 1519//1519 1520//1520
f 1508//1508 1520//1520 1509//1509
f 1509//1509 1520//1520 1521//1521
f 1509//1509 1521//1521 1510//1510
f 1510//1510 1521//1521 1522//1522
f 1510//1510 1522//1522 1511//1511
f 1512//1512 1449//1449 1513//1513
f 1513//1513 1449//1449 1451//1451
f 1513//1513 1451//1451 1491//1491
f 1491//1491 1451//1451 1511//1511
f 1491//1491 1511//1511 1443//1443
f 1443//1443 1511//1511 1522//1522
f 1443//1443 1522//1522 1501//1501
f 1501//1501 1522//1522 1521//1521
f 1501//1501 1521//1521 1500//1500
f 1500//1500 1521//1521 1520//1520
f 1500//1500 1520//1520 1499//1499
f 1499//1499 1520//1520 1519//1519
f 1499//1499 1519//1519 1498//1498
f 1498//1498 1519//1519 1518//1518
f 1498//1498 1518//1518 1497//1497
f 1497//1497 1518//1518 1517//1517
f 1497//1497 1517//1517 1496//1496
f 1496//1496 1517//1517 1516//1516
f 1496//1496 1516//1516 1495//1495
f 1495//1495 1516//1516 1515//1515
f 1495//1495 1515//1515 1494//1494
f 1494//1494 1515//1515 1514//1514
f 1494//1494 1514//1514 1493//1493
f 1493//1493 1514//1514 1456//1456
f 1493//1493 1456//1456 1492//1492
f 1492//1492 1456//1456 1058//1058
f 1492//1492 1058//1058 1071//1071
f 1105//1105 1106//1106 1147//1147
f 1110//1110 1132//1132 1134//1134
f 1110//1110 1134//1134 1108//1108
f 1134//1134 1151//1151 1108//1108
f 1108//1108 1151//1151 1140//1140
f 1108//1108 1140//1140 1106//1106
f 1106//1106 1140//1140 1139//1139
f 1106//1106 1139//1139 1147//1147
f 1147//1147 1150//1150 1105//1105
f 1105//1105 1150//1150 1153//1153
f 1105//1105 1153//1153 1103//1103
f 1103//1103 1153//1153 1156//1156
f 1103//1103 1156//1156 1101//1101
f 1101//1101 1156//1156 1155//1155
f 1101//1101 1155//1155 1099//1099
f 1099//1099 1155//1155 1159//1159
f 1099//1099 1159//1159 1097//1097
f 1097//1097 1159//1159 1158//1158
f 1097//1097 1158//1158 640//640
f 640//640 1158//1158 577//577
f 914//914 913//913 1523//1523
f 914//914 1523//1523 1181//1181
f 1181//1181 1523//1523 1524//1524
f 1181//1181 1524//1524 1180//1180
f 1180//1180 1524//1524 1525//1525
f 1180//1180 1525//1525 1179//1179
f 1179//1179 1525//1525 1526//1526
f 1179//1179 1526//1526 1178//1178
f 1178//1178 1526//1526 1527//1527
f 1178//1178 1527//1527 1177//1177
f 1177//1177 1527//1527 1528//1528
f 1177//1177 1528//1528 1176//1176
f 1176//1176 1528//1528 1529//1529
f 1176//1176 1529//1529 1175//1175
f 1175//1175 1529//1529 1530//1530
f 1175//1175 1530//1530 1174//1174
f 1174//1174 1530//1530 1531//1531
f 1174//1174 1531//1531 1173//1173
f 1173//1173 1531//1531 1532//1532
f 1173//1173 1532//1532 1172//1172
f 1172//1172 1532//1532 1533//1533
f 1172//1172 1533//1533 1171//1171
f 1171//1171 1533//1533 1534//1534
f 1171//1171 1534//1534 1170//1170
f 1170//1170 1534//1534 1535//1535
f 1170//1170 1535//1535 1169//1169
f 1169//1169 1535//1535 1536//1536
f 1169//1169 1536//1536 1194//1194
f 1194//1194 1536//1536 1537//1537
f 1194//1194 1537//1537 1193//1193
f 1193//1193 1537//1537 1538//1538
f 1193//1193 1538//1538 1192//1192
f 1192//1192 1538//1538 1539//1539
f 1192//1192 1539//1539 1191//1191
f 1191//1191 1539//1539 1540//1540
f 1191//1191 1540//1540 1190//1190
f 1190//1190 1540//1540 1541//1541
f 1190//1190 1541//1541 1188//1188
f 1188//1188 1541//1541 1542//1542
f 1188//1188 1542//1542 1189//1189
f 1189//1189 1542//1542 1087//1087
f 1189//1189 1087//1087 1086//1086
f 1110//1110 1109//1109 1543//1543
f 1543//1543 1109//1109 1544//1544
f 1543//1543 1544//1544 1545//1545
f 1545//1545 1544//1544 1546//1546
f 1546//1546 1544//1544 1547//1547
f 1546//1546 1547//1547 1548//1548
f 1548//1548 1547//1547 1549//1549
f 1548//1548 1549//1549 1550//1550
f 1550//1550 1549//1549 1551//1551
f 1551//1551 1549//1549 1552//1552
f 1551//1551 1552//1552 1553//1553
f 1553//1553 1552//1552 1554//1554
f 1554//1554 1552//1552 1555//1555
f 1554//1554 1555//1555 1556//1556
f 1556//1556 1555//1555 1557//1557
f 1556//1556 1557//1557 1558//1558
f 1558//1558 1557//1557 1559//1559
f 1559//1559 1557//1557 1560//1560
f 1559//1559 1560//1560 1561//1561
f 1561//1561 1560//1560 1562//1562
f 1562//1562 1560//1560 1563//1563
f 1562//1562 1563//1563 1564//1564
f 1564//1564 1563//1563 1565//1565
f 1564//1564 1565//1565 1566//1566
f 1567//1567 1568//1568 1569//1569
f 1569//1569 1568//1568 1570//1570
f 1569//1569 1570//1570 1565//1565
f 1565//1565 1570//1570 1571//1571
f 1565//1565 1571//1571 1566//1566
f 1572//1572 1573//1573 1574//1574
f 1574//1574 1573//1573 1575//1575
f 1574//1574 1575//1575 1567//1567
f 1567//1567 1575//1575 1576//1576
f 1567//1567 1576//1576 1568//1568
f 1577//1577 1578//1578 1572//1572
f 1572//1572 1578//1578 1579//1579
f 1572//1572 1579//1579 1573//1573
f 1580//1580 1581//1581 1582//1582
f 1582//1582 1581//1581 1583//1583
f 1582//1582 1583//1583 1584//1584
f 1584//1584 1583//1583 1585//1585
f 1584//1584 1585//1585 1577//1577
f 1577//1577 1585//1585 1586//1586
f 1577//1577 1586//1586 1578//1578
f 1580//1580 1582//1582 1587//1587
f 1587//1587 1582//1582 1588//1588
f 1587//1587 1588//1588 1589//1589
f 1589//1589 1588//1588 1590//1590
f 1589//1589 1590//1590 1591//1591
f 1591//1591 1590//1590 1592//1592
f 1591//1591 1592//1592 1593//1593
f 1593//1593 1592//1592 1594//1594
f 1593//1593 1594//1594 1595//1595
f 1595//1595 1594//1594 1596//1596
f 1596//1596 1594//1594 880//880
f 1596//1596 880//880 882//882
f 1109//1109 1115//1115 1544//1544
f 1544//1544 1115//1115 1597//1597
f 1544//1544 1597//1597 1547//1547
f 1547//1547 1597//1597 1598//1598
f 1547//1547 1598//1598 1549//1549
f 1549//1549 1598//1598 1599//1599
f 1549//1549 1599//1599 1552//1552
f 1552//1552 1599//1599 1600//1600
f 1552//1552 1600//1600 1555//1555
f 1555//1555 1600//1600 1601//1601
f 1555//1555 1601//1601 1557//1557
f 1557//1557 1601//1601 1602//1602
f 1557//1557 1602//1602 1560//1560
f 1560//1560 1602//1602 1603//1603
f 1560//1560 1603//1603 1563//1563
f 1563//1563 1603//1603 1604//1604
f 1563//1563 1604//1604 1565//1565
f 1565//1565 1604//1604 1605//1605
f 1565//1565 1605//1605 1569//1569
f 1569//1569 1605//1605 1606//1606
f 1569//1569 1606//1606 1567//1567
f 1567//1567 1606//1606 1607//1607
f 1567//1567 1607//1607 1574//1574
f 1574//1574 1607//1607 1608//1608
f 1574//1574 1608//1608 1572//1572
f 1572//1572 1608//1608 1609//1609
f 1572//1572 1609//1609 1577//1577
f 1577//1577 1609//1609 1610//1610
f 1577//1577 1610//1610 1584//1584
f 1584//1584 1610//1610 1611//1611
f 1584//1584 1611//1611 1582//1582
f 1582//1582 1611//1611 1612//1612
f 1582//1582 1612//1612 1588//1588
f 1588//1588 1612//1612 1613//1613
f 1588//1588 1613//1613 1590//1590
f 1590//1590 1613//1613 1614//1614
f 1590//1590 1614//1614 1592//1592
f 1592//1592 1614//1614 1615//1615
f 1592//1592 1615//1615 1594//1594
f 1594//1594 1615//1615 1616//1616
f 1594//1594 1616//1616 880//880
f 880//880 1616//1616 921//921
f 1115//1115 1087//1087 1597//1597
f 1597//1597 1087//1087 1542//1542
f 1597//1597 1542//1542 1598//1598
f 1598//1598 1542//1542 1541//1541
f 1598//1598 1541//1541 1599//1599
f 1599//1599 1541//1541 1540//1540
f 1599//1599 1540//1540 1600//1600
f 1600//1600 1540//1540 1539//1539
f 1600//1600 1539//1539 1601//1601
f 1601//1601 1539//1539 1538//1538
f 1601//1601 1538//1538 1602//1602
f 1602//1602 1538//1538 1537//1537
f 1602//1602 1537//1537 1603//1603
f 1603//1603 1537//1537 1536//1536
f 1603//1603 1536//1536 1604//1604
f 1604//1604 1536//1536 1535//1535
f 1604//1604 1535//1535 1605//1605
f 1605//1605 1535//1535 1534//1534
f 1605//1605 1534//1534 1606//1606
f 1606//1606 1534//1534 1533//1533
f 1606//1606 1533//1533 1607//1607
f 1607//1607 1533//1533 1532//1532
f 1607//1607 1532//1532 1608//1608
f 1608//1608 1532//1532 1531//1531
f 1608//1608 1531//1531 1609//1609
f 1609//1609 1531//1531 1530//1530
f 1609//1609 1530//1530 1610//1610
f 1610//1610 1530//1530 1529//1529
f 1610//1610 1529//1529 1611//1611
f 1611//1611 1529//1529 1528//1528
f 1611//1611 1528//1528 1612//1612
f 1612//1612 1528//1528 1527//1527
f 1612//1612 1527//1527 1613//1613
f 1613//1613 1527//1527 1526//1526
f 1613//1613 1526//1526 1614//1614
f 1614//1614 1526//1526 1525//1525
f 1614//1614 1525//1525 1615//1615
f 1615//1615 1525//1525 1524//1524
f 1615//1615 1524//1524 1616//1616
f 1616//1616 1524//1524 1523//1523
f 1616//1616 1523//1523 921//921
f 921//921 1523//1523 913//913
f 1132//1132 1110//1110 1543//1543
f 1445//1445 1244//1244 1204//1204
f 1445//1445 1204//1204 1489//1489
f 1204//1204 1203//1203 1489//1489
f 1489//1489 1203//1203 1247//1247
f 1489//1489 1247//1247 1488//1488
f 1488//1488 1247//1247 1249//1249
f 1488//1488 1249//1249 1446//1446
f 1446//1446 1249//1249 1251//1251
f 1446//1446 1251//1251 1447//1447
f 1447//1447 1251//1251 1252//1252
f 1447//1447 1252//1252 1512//1512
f 1512//1512 1252//1252 1254//1254
f 1512//1512 1254//1254 1449//1449
f 1259//1259 1487//1487 1257//1257
f 1257//1257 1487//1487 1450//1450
f 1449//1449 1254//1254 1450//1450
f 1450//1450 1254//1254 1256//1256
f 1450//1450 1256//1256 1257//1257
f 1479//1479 1264//1264 1263//1263
f 1479//1479 1263//1263 1477//1477
f 1479//1479 1481//1481 1264//1264
f 1264//1264 1481//1481 1482//1482
f 1264//1264 1482//1482 1261//1261
f 1261//1261 1482//1482 1484//1484
f 1261//1261 1484//1484 1259//1259
f 1259//1259 1484//1484 1486//1486
f 1259//1259 1486//1486 1487//1487
f 1263//1263 1269//1269 1477//1477
f 1477//1477 1269//1269 1268//1268
f 1477//1477 1268//1268 1475//1475
f 1475//1475 1268//1268 1266//1266
f 1475//1475 1266//1266 1466//1466
f 1466//1466 1266//1266 1274//1274
f 1466//1466 1274//1274 1467//1467
f 1467//1467 1274//1274 1273//1273
f 1467//1467 1273//1273 1469//1469
f 1469//1469 1273//1273 1271//1271
f 1469//1469 1271//1271 1471//1471
f 1279//1279 1474//1474 1202//1202
f 1202//1202 1474//1474 1473//1473
f 1471//1471 1271//1271 1473//1473
f 1473//1473 1271//1271 1270//1270
f 1473//1473 1270//1270 1202//1202
f 1289//1289 1066//1066 1281//1281
f 1281//1281 1066//1066 1453//1453
f 1281//1281 1453//1453 1283//1283
f 1283//1283 1453//1453 1452//1452
f 1283//1283 1452//1452 1284//1284
f 1284//1284 1452//1452 1460//1460
f 1284//1284 1460//1460 1276//1276
f 1276//1276 1460//1460 1461//1461
f 1276//1276 1461//1461 1278//1278
f 1278//1278 1461//1461 1463//1463
f 1278//1278 1463//1463 1279//1279
f 1279//1279 1463//1463 1465//1465
f 1279//1279 1465//1465 1474//1474
f 1445//1445 1132//1132 1244//1244
f 1244//1244 1132//1132 1543//1543
f 1244//1244 1543//1543 1245//1245
f 1245//1245 1543//1543 1545//1545
f 1245//1245 1545//1545 1246//1246
f 1246//1246 1545//1545 1546//1546
f 1246//1246 1546//1546 1241//1241
f 1241//1241 1546//1546 1242//1242
f 1546//1546 1548//1548 1242//1242
f 1242//1242 1548//1548 1550//1550
f 1242//1242 1550//1550 1238//1238
f 1238//1238 1550//1550 1551//1551
f 1238//1238 1551//1551 1239//1239
f 1239//1239 1551//1551 1553//1553
f 1239//1239 1553//1553 1233//1233
f 1233//1233 1553//1553 1554//1554
f 1233//1233 1554//1554 1235//1235
f 1235//1235 1554//1554 1556//1556
f 1235//1235 1556//1556 1236//1236
f 1236//1236 1556//1556 1558//1558
f 1236//1236 1558//1558 1228//1228
f 1228//1228 1558//1558 1559//1559
f 1228//1228 1559//1559 1230//1230
f 1230//1230 1559//1559 1561//1561
f 1230//1230 1561//1561 1231//1231
f 1231//1231 1561//1561 1562//1562
f 1231//1231 1562//1562 1208//1208
f 1208//1208 1562//1562 1564//1564
f 1208//1208 1564//1564 1222//1222
f 1222//1222 1564//1564 1566//1566
f 1222//1222 1566//1566 1223//1223
f 1223//1223 1566//1566 1571//1571
f 1223//1223 1571//1571 1225//1225
f 1225//1225 1571//1571 1570//1570
f 1225//1225 1570//1570 1226//1226
f 1226//1226 1570//1570 1568//1568
f 1226//1226 1568//1568 1218//1218
f 1218//1218 1568//1568 1576//1576
f 1218//1218 1576//1576 1220//1220
f 1576//1576 1575//1575 1220//1220
f 1220//1220 1575//1575 1573//1573
f 1220//1220 1573//1573 1221//1221
f 1221//1221 1573//1573 1579//1579
f 1221//1221 1579//1579 1213//1213
f 1213//1213 1579//1579 1578//1578
f 1213//1213 1578//1578 1215//1215
f 1215//1215 1578//1578 1586//1586
f 1215//1215 1586//1586 1216//1216
f 1216//1216 1586//1586 1585//1585
f 1216//1216 1585//1585 1211//1211
f 1211//1211 1585//1585 1583//1583
f 1211//1211 1583//1583 1290//1290
f 1290//1290 1583//1583 1581//1581
f 1290//1290 1581//1581 1291//1291
f 1291//1291 1581//1581 1580//1580
f 1291//1291 1580//1580 1293//1293
f 1293//1293 1580//1580 1587//1587
f 1293//1293 1587//1587 1294//1294
f 1294//1294 1587//1587 1589//1589
f 1294//1294 1589//1589 1199//1199
f 1199//1199 1589//1589 1591//1591
f 1199//1199 1591//1591 1285//1285
f 1285//1285 1591//1591 1593//1593
f 1285//1285 1593//1593 1286//1286
f 1286//1286 1593//1593 1288//1288
f 1288//1288 1593//1593 1595//1595
f 1288//1288 1595//1595 1289//1289
f 1289//1289 1595//1595 1596//1596
f 1289//1289 1596//1596 1066//1066
f 1066//1066 1596//1596 882//882
# 3256 faces, 0 coords texture

# End of File
