####
#
# OBJ File Generated by Meshlab
#
####
# Object leader_finger_right_index.obj
#
# Vertices: 1669
# Faces: 3342
#
####
v 0.000000 0.004485 -0.019971
v 0.000000 0.004485 -0.023279
v 0.000000 0.001320 -0.019971
v 0.000000 0.001641 -0.023279
v 0.000000 0.000923 -0.023245
v 0.000000 0.000222 -0.023092
v -0.000000 -0.000218 -0.022856
v -0.000000 -0.000556 -0.022492
v -0.000000 -0.000822 -0.021595
v -0.000000 -0.000695 -0.020953
v -0.000000 -0.000307 -0.020428
v -0.000000 -0.000755 -0.022063
v 0.000000 0.000462 -0.020054
v 0.002800 0.008625 -0.014522
v 0.003000 0.008625 -0.014522
v 0.002800 0.008625 -0.012000
v 0.003000 0.008625 -0.009478
v 0.002800 0.008625 -0.009478
v 0.002800 0.005375 -0.009478
v 0.003000 0.005375 -0.009478
v 0.002800 0.005375 -0.012000
v 0.003000 0.005375 -0.014522
v 0.002800 0.005375 -0.014522
v 0.002800 -0.005375 -0.002522
v 0.003000 -0.005375 -0.002522
v 0.002800 -0.005375 0.000000
v 0.003000 -0.005375 0.002522
v 0.002800 -0.005375 0.002522
v 0.002800 -0.008625 0.002522
v 0.003000 -0.008625 0.002522
v 0.002800 -0.008625 -0.000000
v 0.003000 -0.008625 -0.002522
v 0.002800 -0.008625 -0.002522
v 0.002800 0.008625 0.009478
v 0.003000 0.008625 0.009478
v 0.002800 0.008625 0.012000
v 0.003000 0.008625 0.014522
v 0.002800 0.008625 0.014522
v 0.002800 0.005375 0.014522
v 0.003000 0.005375 0.014522
v 0.002800 0.005375 0.012000
v 0.003000 0.005375 0.009478
v 0.002800 0.005375 0.009478
v 0.002800 -0.005375 0.009478
v 0.003000 -0.005375 0.009478
v 0.002800 -0.005375 0.012000
v 0.003000 -0.005375 0.014522
v 0.002800 -0.005375 0.014522
v 0.002800 -0.008625 0.014522
v 0.003000 -0.008625 0.014522
v 0.002800 -0.008625 0.012000
v 0.003000 -0.008625 0.009478
v 0.002800 -0.008625 0.009478
v 0.002800 -0.005375 -0.014522
v 0.003000 -0.005375 -0.014522
v 0.002800 -0.005375 -0.012000
v 0.003000 -0.005375 -0.009478
v 0.002800 -0.005375 -0.009478
v 0.002800 -0.008625 -0.009478
v 0.003000 -0.008625 -0.009478
v 0.002800 -0.008625 -0.012000
v 0.003000 -0.008625 -0.014522
v 0.002800 -0.008625 -0.014522
v 0.002800 0.008625 -0.002522
v 0.003000 0.008625 -0.002522
v 0.002800 0.008625 0.000000
v 0.003000 0.008625 0.002522
v 0.002800 0.008625 0.002522
v 0.002800 0.005375 0.002522
v 0.003000 0.005375 0.002522
v 0.002800 0.005375 -0.000000
v 0.003000 0.005375 -0.002522
v 0.002800 0.005375 -0.002522
v 0.000400 0.004485 -0.023279
v 0.000400 0.004485 -0.019971
v 0.000400 0.001320 -0.019971
v 0.000400 -0.000307 -0.020428
v 0.000400 0.000462 -0.020054
v 0.000400 -0.000822 -0.021595
v 0.000400 -0.000695 -0.020953
v 0.000400 -0.000556 -0.022492
v 0.000400 -0.000755 -0.022063
v 0.000400 0.000222 -0.023092
v 0.000400 -0.000218 -0.022856
v 0.000400 0.001641 -0.023279
v 0.000400 0.000923 -0.023245
v 0.003000 0.004000 0.012000
v 0.003000 0.004402 0.010500
v 0.003000 0.004402 0.013500
v 0.003000 0.010000 0.012000
v 0.003000 0.009598 0.013500
v 0.003000 0.009598 0.010500
v 0.003000 0.004000 0.000000
v 0.003000 0.004402 -0.001500
v 0.003000 0.004402 0.001500
v 0.003000 0.010000 -0.000000
v 0.003000 0.009598 0.001500
v 0.003000 0.009598 -0.001500
v 0.003000 -0.010000 -0.012000
v 0.003000 -0.009598 -0.013500
v 0.003000 -0.009598 -0.010500
v 0.003000 -0.004000 -0.012000
v 0.003000 -0.004402 -0.010500
v 0.003000 -0.004402 -0.013500
v 0.003000 -0.010000 0.000000
v 0.003000 -0.009598 -0.001500
v 0.003000 -0.009598 0.001500
v 0.003000 -0.004000 -0.000000
v 0.003000 -0.004402 0.001500
v 0.003000 -0.004402 -0.001500
v 0.003000 0.004402 -0.010500
v 0.003000 0.004000 -0.012000
v 0.003000 0.004402 -0.013500
v 0.003000 0.010000 -0.012000
v 0.003000 0.009598 -0.010500
v 0.003000 0.009598 -0.013500
v 0.003000 -0.010000 0.012000
v 0.003000 -0.009598 0.010500
v 0.003000 -0.009598 0.013500
v 0.003000 -0.004402 0.010500
v 0.003000 -0.004000 0.012000
v 0.003000 -0.004402 0.013500
v 0.002800 0.005593 -0.012812
v 0.002800 0.006187 -0.013407
v 0.002800 0.005500 -0.014598
v 0.002800 0.007000 -0.013625
v 0.002800 0.007000 -0.015000
v 0.002800 0.007812 -0.013407
v 0.002800 0.008500 -0.014598
v 0.002800 0.008407 -0.012812
v 0.002800 0.005593 -0.011188
v 0.002800 0.005500 -0.009402
v 0.002800 0.006187 -0.010593
v 0.002800 0.007000 -0.009000
v 0.002800 0.007000 -0.010375
v 0.002800 0.008500 -0.009402
v 0.002800 0.007812 -0.010593
v 0.002800 0.008407 -0.011188
v 0.002800 -0.008407 -0.000813
v 0.002800 -0.007812 -0.001407
v 0.002800 -0.008500 -0.002598
v 0.002800 -0.007000 -0.001625
v 0.002800 -0.007000 -0.003000
v 0.002800 -0.006187 -0.001407
v 0.002800 -0.005500 -0.002598
v 0.002800 -0.005593 -0.000813
v 0.002800 -0.008407 0.000813
v 0.002800 -0.008500 0.002598
v 0.002800 -0.007812 0.001407
v 0.002800 -0.007000 0.003000
v 0.002800 -0.007000 0.001625
v 0.002800 -0.005500 0.002598
v 0.002800 -0.006187 0.001407
v 0.002800 -0.005593 0.000813
v 0.002800 0.005593 0.011188
v 0.002800 0.006187 0.010593
v 0.002800 0.005500 0.009402
v 0.002800 0.007000 0.010375
v 0.002800 0.007000 0.009000
v 0.002800 0.007812 0.010593
v 0.002800 0.008500 0.009402
v 0.002800 0.008407 0.011188
v 0.002800 0.005593 0.012812
v 0.002800 0.005500 0.014598
v 0.002800 0.006187 0.013407
v 0.002800 0.007000 0.015000
v 0.002800 0.007000 0.013625
v 0.002800 0.008500 0.014598
v 0.002800 0.007812 0.013407
v 0.002800 0.008407 0.012812
v 0.002800 -0.005593 0.011188
v 0.002800 -0.005500 0.009402
v 0.002800 -0.006187 0.010593
v 0.002800 -0.007000 0.009000
v 0.002800 -0.007000 0.010375
v 0.002800 -0.008500 0.009402
v 0.002800 -0.007812 0.010593
v 0.002800 -0.008407 0.011188
v 0.002800 -0.008407 0.012812
v 0.002800 -0.008500 0.014598
v 0.002800 -0.007812 0.013407
v 0.002800 -0.007000 0.015000
v 0.002800 -0.007000 0.013625
v 0.002800 -0.005500 0.014598
v 0.002800 -0.006187 0.013407
v 0.002800 -0.005593 0.012812
v 0.002800 -0.008407 -0.012812
v 0.002800 -0.007812 -0.013407
v 0.002800 -0.008500 -0.014598
v 0.002800 -0.007000 -0.013625
v 0.002800 -0.007000 -0.015000
v 0.002800 -0.006187 -0.013407
v 0.002800 -0.005500 -0.014598
v 0.002800 -0.005593 -0.012812
v 0.002800 -0.008407 -0.011188
v 0.002800 -0.008500 -0.009402
v 0.002800 -0.007812 -0.010593
v 0.002800 -0.007000 -0.009000
v 0.002800 -0.007000 -0.010375
v 0.002800 -0.005500 -0.009402
v 0.002800 -0.006187 -0.010593
v 0.002800 -0.005593 -0.011188
v 0.002800 0.008407 -0.000813
v 0.002800 0.008500 -0.002598
v 0.002800 0.007812 -0.001407
v 0.002800 0.007000 -0.003000
v 0.002800 0.007000 -0.001625
v 0.002800 0.005500 -0.002598
v 0.002800 0.006187 -0.001407
v 0.002800 0.005593 -0.000813
v 0.002800 0.005593 0.000813
v 0.002800 0.005500 0.002598
v 0.002800 0.006187 0.001407
v 0.002800 0.007000 0.003000
v 0.002800 0.007000 0.001625
v 0.002800 0.008500 0.002598
v 0.002800 0.007812 0.001407
v 0.002800 0.008407 0.000813
v 0.000400 -0.004485 -0.018866
v 0.000400 -0.004485 -0.028866
v 0.000400 -0.005808 -0.018866
v 0.000400 -0.005808 -0.028866
v 0.000400 0.000631 -0.024316
v 0.000400 0.005808 -0.028866
v 0.000400 0.004485 -0.028866
v 0.000400 0.004485 -0.024425
v 0.000400 0.002581 -0.024432
v 0.000400 0.002214 -0.024473
v 0.000400 0.000938 -0.025408
v 0.000400 0.000215 -0.024538
v 0.000400 0.001248 -0.025047
v 0.000400 0.001610 -0.024739
v 0.000400 0.001901 -0.024581
v 0.000400 -0.000658 -0.019136
v 0.000400 0.000345 -0.018913
v 0.000400 0.001374 -0.018866
v 0.000400 0.005808 -0.018866
v 0.000400 -0.002084 -0.020811
v 0.000400 -0.001770 -0.020087
v 0.000400 -0.001294 -0.019517
v 0.000400 -0.001340 -0.028866
v 0.000400 -0.003005 -0.028866
v 0.000400 -0.000017 -0.026786
v 0.000400 -0.001265 -0.026144
v 0.000400 0.000445 -0.026086
v 0.000400 -0.000758 -0.025445
v 0.000400 -0.000167 -0.024814
v 0.000400 0.002950 -0.024425
v 0.000400 -0.000515 -0.024033
v 0.000400 -0.001497 -0.023389
v 0.000400 -0.002020 -0.022561
v 0.000400 -0.002186 -0.021595
v 0.000500 -0.010000 0.021000
v 0.013500 -0.010000 0.021000
v 0.000500 0.010000 0.021000
v 0.013500 0.010000 0.021000
v 0.013500 0.008500 0.014598
v 0.013500 0.009598 0.013500
v 0.013500 0.010000 0.012000
v 0.013500 0.009598 0.010500
v 0.013500 0.008500 0.009402
v 0.013500 0.005500 0.009402
v 0.013500 0.004402 0.010500
v 0.013500 0.004000 0.012000
v 0.013500 0.004402 0.013500
v 0.013500 0.005500 0.014598
v 0.013500 0.007000 0.009000
v 0.013500 0.007000 0.015000
v 0.013500 0.008500 0.002598
v 0.013500 0.009598 0.001500
v 0.013500 0.010000 -0.000000
v 0.013500 0.009598 -0.001500
v 0.013500 0.008500 -0.002598
v 0.013500 0.005500 -0.002598
v 0.013500 0.004402 -0.001500
v 0.013500 0.004000 0.000000
v 0.013500 0.004402 0.001500
v 0.013500 0.005500 0.002598
v 0.013500 0.007000 -0.003000
v 0.013500 0.007000 0.003000
v 0.013500 -0.005500 -0.009402
v 0.013500 -0.004402 -0.010500
v 0.013500 -0.004000 -0.012000
v 0.013500 -0.004402 -0.013500
v 0.013500 -0.005500 -0.014598
v 0.013500 -0.008500 -0.014598
v 0.013500 -0.009598 -0.013500
v 0.013500 -0.010000 -0.012000
v 0.013500 -0.009598 -0.010500
v 0.013500 -0.008500 -0.009402
v 0.013500 -0.007000 -0.015000
v 0.013500 -0.007000 -0.009000
v 0.013500 -0.005500 0.002598
v 0.013500 -0.004402 0.001500
v 0.013500 -0.004000 -0.000000
v 0.013500 -0.004402 -0.001500
v 0.013500 -0.005500 -0.002598
v 0.013500 -0.008500 -0.002598
v 0.013500 -0.009598 -0.001500
v 0.013500 -0.010000 0.000000
v 0.013500 -0.009598 0.001500
v 0.013500 -0.008500 0.002598
v 0.013500 -0.007000 -0.003000
v 0.013500 -0.007000 0.003000
v 0.013500 0.008500 -0.009402
v 0.013500 0.009598 -0.010500
v 0.013500 0.010000 -0.012000
v 0.013500 0.009598 -0.013500
v 0.013500 0.008500 -0.014598
v 0.013500 0.005500 -0.014598
v 0.013500 0.004402 -0.013500
v 0.013500 0.004000 -0.012000
v 0.013500 0.004402 -0.010500
v 0.013500 0.005500 -0.009402
v 0.013500 0.007000 -0.015000
v 0.013500 0.007000 -0.009000
v 0.013500 -0.005500 0.014598
v 0.013500 -0.004402 0.013500
v 0.013500 -0.004000 0.012000
v 0.013500 -0.004402 0.010500
v 0.013500 -0.005500 0.009402
v 0.013500 -0.008500 0.009402
v 0.013500 -0.009598 0.010500
v 0.013500 -0.010000 0.012000
v 0.013500 -0.009598 0.013500
v 0.013500 -0.008500 0.014598
v 0.013500 -0.007000 0.009000
v 0.013500 -0.007000 0.015000
v 0.013500 -0.010692 0.020876
v 0.000500 -0.010692 0.020876
v 0.013500 -0.011000 0.020732
v 0.000500 -0.011000 0.020732
v 0.013500 -0.011414 0.020414
v 0.000500 -0.011414 0.020414
v 0.013500 -0.011732 0.020000
v 0.000500 -0.011732 0.020000
v 0.013500 -0.011876 0.019692
v 0.000500 -0.011876 0.019692
v 0.013500 -0.012000 0.019000
v 0.000500 -0.012000 0.019000
v 0.003902 -0.011093 -0.043552
v 0.013500 -0.010000 -0.043500
v 0.013500 -0.012244 -0.043721
v 0.003902 -0.013240 -0.043966
v 0.013500 -0.013240 -0.043966
v 0.003902 -0.015270 -0.044778
v 0.013500 -0.014401 -0.044375
v 0.003902 -0.016217 -0.045326
v 0.013500 -0.016217 -0.045326
v 0.003902 -0.017109 -0.045960
v 0.013500 -0.016389 -0.045438
v 0.013500 -0.018132 -0.046868
v 0.003902 -0.018691 -0.047469
v 0.013500 -0.018691 -0.047469
v 0.003902 -0.019959 -0.049250
v 0.013500 -0.019562 -0.048611
v 0.003902 -0.020461 -0.050223
v 0.013500 -0.020461 -0.050223
v 0.003902 -0.020868 -0.051239
v 0.013500 -0.020625 -0.050599
v 0.013500 -0.021279 -0.052756
v 0.003902 -0.021383 -0.053363
v 0.013500 -0.021383 -0.053363
v 0.003902 -0.021487 -0.055547
v 0.013500 -0.021500 -0.055000
v 0.003902 -0.021383 -0.056637
v 0.013500 -0.021383 -0.056637
v 0.003902 -0.021176 -0.057711
v 0.013500 -0.021279 -0.057244
v 0.013500 -0.020625 -0.059401
v 0.003902 -0.020461 -0.059777
v 0.013500 -0.020461 -0.059777
v 0.003902 -0.019368 -0.061671
v 0.013500 -0.019562 -0.061389
v 0.003902 -0.018691 -0.062531
v 0.013500 -0.018691 -0.062531
v 0.003902 -0.017936 -0.063323
v 0.013500 -0.018132 -0.063132
v 0.013500 -0.016389 -0.064562
v 0.003902 -0.016217 -0.064674
v 0.013500 -0.016217 -0.064674
v 0.003902 -0.014274 -0.065676
v 0.013500 -0.014401 -0.065625
v 0.003902 -0.013240 -0.066034
v 0.013500 -0.013240 -0.066034
v 0.003902 -0.012176 -0.066292
v 0.013500 -0.012244 -0.066279
v 0.003902 -0.010000 -0.066500
v 0.013500 -0.010000 -0.066500
v 0.003902 -0.007824 -0.066292
v 0.013500 -0.007756 -0.066279
v 0.003902 -0.006760 -0.066034
v 0.013500 -0.006760 -0.066034
v 0.003902 -0.005726 -0.065676
v 0.013500 -0.005599 -0.065625
v 0.003902 -0.003783 -0.064674
v 0.013500 -0.003783 -0.064674
v 0.013500 -0.003611 -0.064562
v 0.003902 -0.002064 -0.063323
v 0.013500 -0.001868 -0.063132
v 0.003902 -0.001309 -0.062531
v 0.013500 -0.001309 -0.062531
v 0.003902 -0.000632 -0.061671
v 0.013500 -0.000438 -0.061389
v 0.003902 0.000461 -0.059777
v 0.013500 0.000461 -0.059777
v 0.013500 0.000625 -0.059401
v 0.003902 0.001176 -0.057711
v 0.013500 0.001279 -0.057244
v 0.003902 0.001383 -0.056637
v 0.013500 0.001383 -0.056637
v 0.003902 0.001487 -0.055547
v 0.013500 0.001500 -0.055000
v 0.003902 0.001383 -0.053363
v 0.013500 0.001383 -0.053363
v 0.013500 0.001279 -0.052756
v 0.003902 0.000868 -0.051239
v 0.013500 0.000625 -0.050599
v 0.003902 0.000461 -0.050223
v 0.013500 0.000461 -0.050223
v 0.003902 -0.000041 -0.049250
v 0.013500 -0.000438 -0.048611
v 0.003902 -0.001309 -0.047469
v 0.013500 -0.001309 -0.047469
v 0.013500 -0.001868 -0.046868
v 0.003902 -0.002891 -0.045960
v 0.013500 -0.003611 -0.045438
v 0.003902 -0.003783 -0.045326
v 0.013500 -0.003783 -0.045326
v 0.003902 -0.004730 -0.044778
v 0.013500 -0.005599 -0.044375
v 0.003902 -0.006760 -0.043966
v 0.003902 -0.010000 -0.043500
v 0.003902 -0.008907 -0.043552
v 0.013500 -0.007756 -0.043721
v 0.013500 -0.006760 -0.043966
v 0.000067 -0.011750 0.019000
v 0.000067 -0.011750 -0.015000
v 0.000146 -0.011854 0.019000
v 0.000146 -0.011854 -0.015000
v 0.000250 -0.011933 0.019000
v 0.000250 -0.011933 -0.015000
v 0.000327 -0.011969 0.019000
v 0.000327 -0.011969 -0.015000
v 0.000500 -0.012000 -0.015000
v -0.000000 -0.011500 -0.015000
v 0.000031 -0.011673 -0.015000
v -0.000000 -0.011500 -0.006000
v -0.000000 -0.011500 0.006000
v -0.000000 -0.011500 0.017063
v 0.000031 -0.011673 0.019000
v -0.000000 -0.011500 0.019000
v 0.000250 -0.010000 0.020933
v 0.000146 -0.010000 0.020854
v 0.000146 -0.010642 0.020739
v 0.000067 -0.010000 0.020750
v 0.000031 -0.010000 0.020673
v 0.000031 -0.010579 0.020570
v 0.000146 -0.011739 0.019642
v 0.000327 -0.011847 0.019682
v 0.000327 -0.010682 0.020847
v 0.000327 -0.010000 0.020969
v 0.000327 -0.011392 0.020392
v -0.000000 -0.011407 0.019519
v 0.000031 -0.011570 0.019579
v 0.000031 -0.011183 0.020183
v -0.000000 -0.011061 0.020061
v -0.000000 -0.010519 0.020407
v -0.000000 -0.010000 0.020500
v 0.000146 -0.011311 0.020311
v 0.000000 0.010000 0.020500
v 0.000000 0.007217 0.020500
v 0.000031 0.010000 0.020673
v 0.000067 0.010000 0.020750
v -0.000000 -0.003745 0.020500
v -0.000000 -0.004930 0.020500
v -0.000000 -0.007217 0.020500
v 0.000327 0.010000 0.020969
v 0.000250 0.010000 0.020933
v 0.000146 0.010000 0.020854
v 0.000250 0.011933 0.019000
v 0.000146 0.011854 0.019000
v 0.000146 0.011739 0.019642
v 0.000067 0.011750 0.019000
v 0.000031 0.011673 0.019000
v 0.000031 0.011570 0.019579
v 0.000146 0.010642 0.020739
v 0.000327 0.010682 0.020847
v 0.000500 0.011732 0.020000
v 0.000500 0.011876 0.019692
v 0.000327 0.011847 0.019682
v 0.000500 0.012000 0.019000
v 0.000327 0.011969 0.019000
v 0.000500 0.011414 0.020414
v 0.000327 0.011392 0.020392
v 0.000500 0.011000 0.020732
v 0.000500 0.010692 0.020876
v 0.000000 0.010519 0.020407
v 0.000031 0.010579 0.020570
v 0.000031 0.011183 0.020183
v 0.000000 0.011061 0.020061
v 0.000000 0.011407 0.019519
v 0.000000 0.011500 0.019000
v 0.000146 0.011311 0.020311
v 0.000000 0.007000 -0.013625
v 0.000000 0.006187 -0.013407
v 0.000000 0.005593 -0.012812
v 0.000000 0.005375 -0.012000
v 0.000000 0.005593 -0.011188
v 0.000000 0.006187 -0.010593
v 0.000000 0.007000 -0.010375
v 0.000000 0.007812 -0.010593
v 0.000000 0.008407 -0.011188
v 0.000000 0.008625 -0.012000
v 0.000000 0.008407 -0.012812
v 0.000000 0.007812 -0.013407
v -0.000000 -0.007000 -0.001625
v -0.000000 -0.007812 -0.001407
v -0.000000 -0.008407 -0.000813
v -0.000000 -0.008625 -0.000000
v -0.000000 -0.008407 0.000813
v -0.000000 -0.007812 0.001407
v -0.000000 -0.007000 0.001625
v -0.000000 -0.006187 0.001407
v -0.000000 -0.005593 0.000813
v -0.000000 -0.005375 0.000000
v -0.000000 -0.005593 -0.000813
v -0.000000 -0.006187 -0.001407
v 0.000000 0.007000 0.010375
v 0.000000 0.006187 0.010593
v 0.000000 0.005593 0.011188
v 0.000000 0.005375 0.012000
v 0.000000 0.005593 0.012812
v 0.000000 0.006187 0.013407
v 0.000000 0.007000 0.013625
v 0.000000 0.007812 0.013407
v 0.000000 0.008407 0.012812
v 0.000000 0.008625 0.012000
v 0.000000 0.008407 0.011188
v 0.000000 0.007812 0.010593
v -0.000000 -0.007000 0.010375
v -0.000000 -0.007812 0.010593
v -0.000000 -0.008407 0.011188
v -0.000000 -0.008625 0.012000
v -0.000000 -0.008407 0.012812
v -0.000000 -0.007812 0.013407
v -0.000000 -0.007000 0.013625
v -0.000000 -0.006187 0.013407
v -0.000000 -0.005593 0.012812
v -0.000000 -0.005375 0.012000
v -0.000000 -0.005593 0.011188
v -0.000000 -0.006187 0.010593
v -0.000000 -0.007000 -0.013625
v -0.000000 -0.007812 -0.013407
v -0.000000 -0.008407 -0.012812
v -0.000000 -0.008625 -0.012000
v -0.000000 -0.008407 -0.011188
v -0.000000 -0.007812 -0.010593
v -0.000000 -0.007000 -0.010375
v -0.000000 -0.006187 -0.010593
v -0.000000 -0.005593 -0.011188
v -0.000000 -0.005375 -0.012000
v -0.000000 -0.005593 -0.012812
v -0.000000 -0.006187 -0.013407
v 0.000000 0.007000 -0.001625
v 0.000000 0.006187 -0.001407
v 0.000000 0.005593 -0.000813
v 0.000000 0.005375 -0.000000
v 0.000000 0.005593 0.000813
v 0.000000 0.006187 0.001407
v 0.000000 0.007000 0.001625
v 0.000000 0.007812 0.001407
v 0.000000 0.008407 0.000813
v 0.000000 0.008625 0.000000
v 0.000000 0.008407 -0.000813
v 0.000000 0.007812 -0.001407
v -0.000000 -0.005808 -0.028866
v -0.000000 -0.005808 -0.018866
v -0.000000 -0.004930 -0.028866
v -0.000000 -0.004485 -0.028866
v -0.000000 -0.004485 -0.018866
v -0.000000 -0.004930 -0.018866
v 0.000000 0.004485 -0.028866
v 0.000000 0.004485 -0.024425
v 0.000000 0.005808 -0.028866
v 0.000000 0.005808 -0.018866
v 0.000000 0.001374 -0.018866
v 0.000000 0.000345 -0.018913
v -0.000000 -0.000658 -0.019136
v -0.000000 -0.001294 -0.019517
v -0.000000 -0.001770 -0.020087
v -0.000000 -0.002084 -0.020811
v -0.000000 -0.002186 -0.021595
v -0.000000 -0.002020 -0.022561
v -0.000000 -0.001497 -0.023389
v -0.000000 -0.000515 -0.024033
v 0.000000 0.000631 -0.024316
v 0.000000 0.000215 -0.024538
v -0.000000 -0.000167 -0.024814
v -0.000000 -0.000758 -0.025445
v -0.000000 -0.001265 -0.026144
v -0.000000 -0.003005 -0.028866
v -0.000000 -0.001340 -0.028866
v 0.000000 -0.000017 -0.026786
v 0.000000 0.000445 -0.026086
v 0.000000 0.000938 -0.025408
v 0.000000 0.001248 -0.025047
v 0.000000 0.001610 -0.024739
v 0.000000 0.001901 -0.024581
v 0.000000 0.002214 -0.024473
v 0.000000 0.002581 -0.024432
v 0.000000 0.002950 -0.024425
v 0.013500 0.012000 0.019000
v 0.013500 0.011876 0.019692
v 0.013500 0.011732 0.020000
v 0.013500 0.011414 0.020414
v 0.013500 0.011000 0.020732
v 0.013500 0.010692 0.020876
v 0.000000 0.011500 -0.015000
v 0.000000 0.011500 -0.006000
v 0.000031 0.011673 -0.015000
v 0.000067 0.011750 -0.015000
v 0.000000 0.011500 0.017063
v 0.000000 0.011500 0.006000
v 0.000146 0.011854 -0.015000
v 0.000250 0.011933 -0.015000
v 0.000327 0.011969 -0.015000
v 0.000500 0.012000 -0.015000
v 0.013500 -0.012000 -0.015000
v 0.013673 -0.011969 0.019000
v 0.013673 -0.011969 -0.015000
v 0.013750 -0.011933 0.019000
v 0.013750 -0.011933 -0.015000
v 0.013854 -0.011854 0.019000
v 0.013854 -0.011854 -0.015000
v 0.013933 -0.011750 0.019000
v 0.013933 -0.011750 -0.015000
v 0.014000 -0.011500 0.019000
v 0.013969 -0.011673 0.019000
v 0.014000 -0.011500 0.018000
v 0.014000 -0.011500 0.006000
v 0.014000 -0.011500 -0.006000
v 0.013969 -0.011673 -0.015000
v 0.014000 -0.011500 -0.015000
v 0.013933 -0.010000 0.020750
v 0.013854 -0.010000 0.020854
v 0.013854 -0.010642 0.020739
v 0.013750 -0.010000 0.020933
v 0.013673 -0.010000 0.020969
v 0.013673 -0.010682 0.020847
v 0.013854 -0.011739 0.019642
v 0.013969 -0.011570 0.019579
v 0.014000 -0.010000 0.020500
v 0.013969 -0.010000 0.020673
v 0.013969 -0.010579 0.020570
v 0.014000 -0.010519 0.020407
v 0.013969 -0.011183 0.020183
v 0.014000 -0.011061 0.020061
v 0.014000 -0.011407 0.019519
v 0.013673 -0.011847 0.019682
v 0.013673 -0.011392 0.020392
v 0.013854 -0.011311 0.020311
v 0.013673 0.010000 0.020969
v 0.013750 0.010000 0.020933
v 0.013854 0.010000 0.020854
v 0.013933 0.010000 0.020750
v 0.013969 0.010000 0.020673
v 0.014000 0.010000 0.020500
v 0.013933 0.011750 0.019000
v 0.013854 0.011854 0.019000
v 0.013854 0.011739 0.019642
v 0.013750 0.011933 0.019000
v 0.013673 0.011969 0.019000
v 0.013673 0.011847 0.019682
v 0.013854 0.010642 0.020739
v 0.013969 0.010579 0.020570
v 0.014000 0.011500 0.019000
v 0.013969 0.011673 0.019000
v 0.013969 0.011570 0.019579
v 0.014000 0.011407 0.019519
v 0.013969 0.011183 0.020183
v 0.014000 0.011061 0.020061
v 0.014000 0.010519 0.020407
v 0.013673 0.010682 0.020847
v 0.013673 0.011392 0.020392
v 0.013854 0.011311 0.020311
v 0.014000 0.011500 -0.006000
v 0.014000 0.011500 -0.015000
v 0.013969 0.011673 -0.015000
v 0.014000 0.011500 0.018000
v 0.014000 0.011500 0.006000
v 0.013500 0.012000 -0.015000
v 0.013673 0.011969 -0.015000
v 0.013750 0.011933 -0.015000
v 0.013854 0.011854 -0.015000
v 0.013933 0.011750 -0.015000
v 0.014000 0.005250 0.015031
v 0.014000 0.003969 0.013750
v 0.014000 0.003500 0.012000
v 0.014000 0.003969 0.010250
v 0.014000 0.005250 0.008969
v 0.014000 0.007000 0.008500
v 0.014000 0.008750 0.008969
v 0.014000 0.010031 0.010250
v 0.014000 0.010500 0.012000
v 0.014000 0.010031 0.013750
v 0.014000 0.008750 0.015031
v 0.014000 0.007000 0.015500
v 0.014000 0.005250 0.003031
v 0.014000 0.003969 0.001750
v 0.014000 0.003500 0.000000
v 0.014000 0.003969 -0.001750
v 0.014000 0.005250 -0.003031
v 0.014000 0.007000 -0.003500
v 0.014000 0.008750 -0.003031
v 0.014000 0.010031 -0.001750
v 0.013500 0.010000 -0.000000
v 0.014000 0.010500 -0.000000
v 0.014000 0.010031 0.001750
v 0.014000 0.008750 0.003031
v 0.014000 0.007000 0.003500
v 0.014000 -0.008750 -0.008969
v 0.014000 -0.010031 -0.010250
v 0.014000 -0.010500 -0.012000
v 0.014000 -0.010031 -0.013750
v 0.014000 -0.008750 -0.015031
v 0.014000 -0.007000 -0.015500
v 0.014000 -0.005250 -0.015031
v 0.014000 -0.003969 -0.013750
v 0.014000 -0.003500 -0.012000
v 0.014000 -0.003969 -0.010250
v 0.014000 -0.005250 -0.008969
v 0.014000 -0.007000 -0.008500
v 0.013969 -0.010000 -0.066827
v 0.014000 -0.007659 -0.066769
v 0.013969 -0.007693 -0.066600
v 0.014000 -0.005408 -0.066087
v 0.013969 -0.005474 -0.065927
v 0.014000 -0.003333 -0.064978
v 0.013969 -0.003429 -0.064834
v 0.014000 -0.001515 -0.063485
v 0.013969 -0.001637 -0.063363
v 0.014000 -0.000022 -0.061667
v 0.013969 -0.000166 -0.061571
v 0.014000 0.001087 -0.059592
v 0.013969 0.000927 -0.059526
v 0.014000 0.001769 -0.057341
v 0.013969 0.001600 -0.057307
v 0.014000 0.002000 -0.055000
v 0.013969 0.001827 -0.055000
v 0.014000 0.001769 -0.052659
v 0.013969 0.001600 -0.052693
v 0.014000 0.001087 -0.050408
v 0.013969 0.000927 -0.050474
v 0.014000 -0.000022 -0.048333
v 0.013969 -0.000166 -0.048429
v 0.014000 -0.001515 -0.046515
v 0.013969 -0.001637 -0.046637
v 0.014000 -0.003333 -0.045022
v 0.013969 -0.003429 -0.045166
v 0.014000 -0.005408 -0.043913
v 0.013969 -0.005474 -0.044073
v 0.014000 -0.007659 -0.043231
v 0.013969 -0.007693 -0.043400
v 0.014000 -0.010000 -0.043000
v 0.013969 -0.010000 -0.043173
v 0.014000 -0.012341 -0.043231
v 0.013969 -0.012307 -0.043400
v 0.014000 -0.014592 -0.043913
v 0.013969 -0.014526 -0.044073
v 0.014000 -0.016667 -0.045022
v 0.013969 -0.016571 -0.045166
v 0.014000 -0.018485 -0.046515
v 0.013969 -0.018363 -0.046637
v 0.014000 -0.019978 -0.048333
v 0.013969 -0.019834 -0.048429
v 0.014000 -0.021087 -0.050408
v 0.013969 -0.020927 -0.050474
v 0.014000 -0.021769 -0.052659
v 0.013969 -0.021600 -0.052693
v 0.014000 -0.022000 -0.055000
v 0.013969 -0.021827 -0.055000
v 0.014000 -0.021769 -0.057341
v 0.013969 -0.021600 -0.057307
v 0.014000 -0.021087 -0.059592
v 0.013969 -0.020927 -0.059526
v 0.014000 -0.019978 -0.061667
v 0.013969 -0.019834 -0.061571
v 0.014000 -0.018485 -0.063485
v 0.013969 -0.018363 -0.063363
v 0.014000 -0.016667 -0.064978
v 0.013969 -0.016571 -0.064834
v 0.014000 -0.014592 -0.066087
v 0.013969 -0.014526 -0.065927
v 0.014000 -0.012341 -0.066769
v 0.013969 -0.012307 -0.066600
v 0.014000 -0.010000 -0.067000
v 0.013673 -0.012250 -0.043691
v 0.013673 -0.014413 -0.044347
v 0.013673 -0.018154 -0.046846
v 0.013673 -0.016406 -0.045412
v 0.013673 -0.019588 -0.048594
v 0.013673 -0.021309 -0.052750
v 0.013673 -0.020653 -0.050587
v 0.013673 -0.021531 -0.055000
v 0.013673 -0.020653 -0.059413
v 0.013673 -0.021309 -0.057250
v 0.013673 -0.019588 -0.061406
v 0.013673 -0.018154 -0.063154
v 0.013673 -0.016406 -0.064588
v 0.013673 -0.007750 -0.066309
v 0.013673 -0.010000 -0.066531
v 0.013673 -0.012250 -0.066309
v 0.013673 -0.014413 -0.065653
v 0.013673 -0.005587 -0.065653
v 0.013673 -0.001846 -0.063154
v 0.013673 -0.003594 -0.064588
v 0.013673 -0.000412 -0.061406
v 0.013673 0.001309 -0.057250
v 0.013673 0.000653 -0.059413
v 0.013673 0.001531 -0.055000
v 0.013673 0.000653 -0.050587
v 0.013673 0.001309 -0.052750
v 0.013673 -0.000412 -0.048594
v 0.013673 -0.001846 -0.046846
v 0.013673 -0.003594 -0.045412
v 0.013673 -0.010000 -0.043469
v 0.013673 -0.007750 -0.043691
v 0.013673 -0.005587 -0.044347
v 0.013854 -0.010000 -0.043354
v 0.013854 -0.012272 -0.043577
v 0.013854 -0.014457 -0.044240
v 0.013854 -0.016470 -0.045316
v 0.013854 -0.018235 -0.046765
v 0.013854 -0.019684 -0.048530
v 0.013854 -0.020760 -0.050543
v 0.013854 -0.021423 -0.052728
v 0.013854 -0.021646 -0.055000
v 0.013854 -0.021423 -0.057272
v 0.013854 -0.020760 -0.059457
v 0.013854 -0.019684 -0.061470
v 0.013854 -0.018235 -0.063235
v 0.013854 -0.016470 -0.064684
v 0.013854 -0.014457 -0.065760
v 0.013854 -0.012272 -0.066423
v 0.013854 -0.010000 -0.066646
v 0.013854 -0.007728 -0.066423
v 0.013854 -0.005543 -0.065760
v 0.013854 -0.003530 -0.064684
v 0.013854 -0.001765 -0.063235
v 0.013854 -0.000316 -0.061470
v 0.013854 0.000760 -0.059457
v 0.013854 0.001423 -0.057272
v 0.013854 0.001646 -0.055000
v 0.013854 0.001423 -0.052728
v 0.013854 0.000760 -0.050543
v 0.013854 -0.000316 -0.048530
v 0.013854 -0.001765 -0.046765
v 0.013854 -0.003530 -0.045316
v 0.013854 -0.005543 -0.044240
v 0.013854 -0.007728 -0.043577
v 0.014000 -0.008750 0.003031
v 0.014000 -0.010031 0.001750
v 0.014000 -0.010500 0.000000
v 0.014000 -0.010031 -0.001750
v 0.014000 -0.008750 -0.003031
v 0.014000 -0.007000 -0.003500
v 0.014000 -0.005250 -0.003031
v 0.014000 -0.003969 -0.001750
v 0.013500 -0.004000 -0.000000
v 0.014000 -0.003500 -0.000000
v 0.014000 -0.003969 0.001750
v 0.014000 -0.005250 0.003031
v 0.014000 -0.007000 0.003500
v 0.014000 0.005250 -0.008969
v 0.014000 0.003969 -0.010250
v 0.014000 0.003500 -0.012000
v 0.014000 0.003969 -0.013750
v 0.014000 0.005250 -0.015031
v 0.014000 0.007000 -0.015500
v 0.014000 0.008750 -0.015031
v 0.014000 0.010031 -0.013750
v 0.014000 0.010500 -0.012000
v 0.014000 0.010031 -0.010250
v 0.014000 0.008750 -0.008969
v 0.014000 0.007000 -0.008500
v 0.014000 -0.008750 0.015031
v 0.014000 -0.010031 0.013750
v 0.014000 -0.010500 0.012000
v 0.014000 -0.010031 0.010250
v 0.014000 -0.008750 0.008969
v 0.014000 -0.007000 0.008500
v 0.014000 -0.005250 0.008969
v 0.014000 -0.003969 0.010250
v 0.014000 -0.003500 0.012000
v 0.014000 -0.003969 0.013750
v 0.014000 -0.005250 0.015031
v 0.014000 -0.007000 0.015500
v 0.000327 -0.012108 -0.018741
v 0.000500 -0.012139 -0.018739
v 0.000327 -0.012697 -0.023550
v 0.000500 -0.012728 -0.023544
v 0.000500 -0.013069 -0.025339
v 0.000327 -0.013745 -0.028279
v 0.000500 -0.013775 -0.028271
v 0.000500 -0.014652 -0.031152
v 0.000327 -0.015240 -0.032887
v 0.000500 -0.015269 -0.032876
v 0.000327 -0.016694 -0.036337
v 0.000500 -0.016722 -0.036324
v -0.000000 -0.014801 -0.033053
v -0.000000 -0.016269 -0.036535
v 0.000031 -0.016426 -0.036462
v 0.000031 -0.014963 -0.032992
v 0.000031 -0.013459 -0.028357
v -0.000000 -0.013292 -0.028403
v 0.000031 -0.012406 -0.023600
v -0.000000 -0.012235 -0.023629
v 0.000031 -0.011813 -0.018763
v -0.000000 -0.011640 -0.018776
v 0.000146 -0.011993 -0.018750
v 0.000146 -0.012584 -0.023569
v 0.000146 -0.013633 -0.028310
v 0.000146 -0.015132 -0.032928
v 0.000146 -0.016589 -0.036386
v 0.013854 -0.011936 -0.017884
v 0.013673 -0.012051 -0.017877
v 0.013673 -0.022305 -0.045626
v 0.013673 -0.020627 -0.043288
v 0.013500 -0.022330 -0.045607
v 0.013500 -0.020653 -0.043270
v 0.013500 -0.019828 -0.042009
v 0.013673 -0.018266 -0.039430
v 0.013500 -0.018293 -0.039415
v 0.013500 -0.016916 -0.036735
v 0.013673 -0.016259 -0.035378
v 0.013500 -0.016288 -0.035365
v 0.013673 -0.014623 -0.031162
v 0.013500 -0.014652 -0.031152
v 0.013673 -0.013370 -0.026816
v 0.013500 -0.013400 -0.026809
v 0.013500 -0.013069 -0.025339
v 0.013673 -0.012510 -0.022376
v 0.013500 -0.012541 -0.022372
v 0.013500 -0.012190 -0.019379
v 0.013500 -0.012082 -0.017876
v 0.014000 -0.011583 -0.017904
v 0.013969 -0.011756 -0.017894
v 0.013969 -0.012217 -0.022420
v 0.014000 -0.012046 -0.022445
v 0.013969 -0.013082 -0.026886
v 0.014000 -0.012914 -0.026926
v 0.013969 -0.014342 -0.031256
v 0.014000 -0.014178 -0.031312
v 0.013969 -0.015988 -0.035497
v 0.014000 -0.015830 -0.035567
v 0.013969 -0.018007 -0.039574
v 0.014000 -0.017855 -0.039657
v 0.013969 -0.020382 -0.043453
v 0.014000 -0.020238 -0.043550
v 0.013969 -0.022070 -0.045805
v 0.014000 -0.021932 -0.045910
v 0.013854 -0.012396 -0.022393
v 0.013854 -0.013257 -0.026843
v 0.013854 -0.014513 -0.031199
v 0.013854 -0.016154 -0.035424
v 0.013854 -0.018165 -0.039486
v 0.013854 -0.020531 -0.043352
v 0.013854 -0.022213 -0.045696
v -0.001912 -0.012208 -0.066458
v -0.001912 -0.010000 -0.066669
v -0.001912 -0.007792 -0.066458
v -0.001912 -0.019505 -0.061769
v -0.001912 -0.018053 -0.063445
v -0.001912 -0.016309 -0.064817
v -0.001912 -0.014337 -0.065833
v -0.001912 -0.021340 -0.057751
v -0.001912 -0.020615 -0.059848
v -0.001912 -0.021027 -0.051183
v -0.001912 -0.021550 -0.053339
v -0.001912 -0.021656 -0.055555
v -0.001912 -0.017213 -0.045827
v -0.001912 -0.018819 -0.047358
v -0.001912 -0.020106 -0.049165
v -0.001912 -0.011109 -0.043384
v -0.001912 -0.013288 -0.043804
v -0.001912 -0.015347 -0.044628
v -0.001912 -0.002787 -0.045827
v -0.001912 -0.004653 -0.044628
v -0.001912 -0.006712 -0.043804
v -0.001912 -0.008891 -0.043384
v -0.001912 0.001027 -0.051183
v -0.001912 0.000106 -0.049165
v -0.001912 -0.001181 -0.047358
v -0.001912 0.001340 -0.057751
v -0.001912 0.001656 -0.055555
v -0.001912 0.001550 -0.053339
v -0.001912 -0.001947 -0.063445
v -0.001912 -0.000495 -0.061769
v -0.001912 0.000615 -0.059848
v -0.001912 -0.005663 -0.065833
v -0.001912 -0.003691 -0.064817
v -0.007706 -0.010000 -0.067176
v -0.007706 -0.012304 -0.066956
v -0.007706 -0.014525 -0.066304
v -0.007706 -0.016583 -0.065243
v -0.007706 -0.018402 -0.063812
v -0.007706 -0.019918 -0.062063
v -0.007706 -0.021076 -0.060058
v -0.007706 -0.021833 -0.057871
v -0.007706 -0.022162 -0.055579
v -0.007706 -0.022052 -0.053267
v -0.007706 -0.021506 -0.051018
v -0.007706 -0.020545 -0.048912
v -0.007706 -0.019202 -0.047026
v -0.007706 -0.017527 -0.045429
v -0.007706 -0.015579 -0.044177
v -0.007706 -0.013430 -0.043317
v -0.007706 -0.011157 -0.042879
v -0.007706 -0.008843 -0.042879
v -0.007706 -0.006570 -0.043317
v -0.007706 -0.004421 -0.044177
v -0.007706 -0.002473 -0.045429
v -0.007706 -0.000798 -0.047026
v -0.007706 0.000545 -0.048912
v -0.007706 0.001506 -0.051018
v -0.007706 0.002052 -0.053267
v -0.007706 0.002162 -0.055579
v -0.007706 0.001833 -0.057871
v -0.007706 0.001076 -0.060058
v -0.007706 -0.000082 -0.062063
v -0.007706 -0.001598 -0.063812
v -0.007706 -0.003417 -0.065243
v -0.007706 -0.005475 -0.066304
v -0.007706 -0.007696 -0.066956
v -0.013462 0.003004 -0.055619
v -0.013462 0.002652 -0.058069
v -0.013462 0.002349 -0.059121
v -0.013462 0.001842 -0.060408
v -0.013462 0.000605 -0.062552
v -0.013462 -0.001016 -0.064422
v -0.013462 -0.002961 -0.065952
v -0.013462 -0.005161 -0.067086
v -0.013462 -0.007536 -0.067784
v -0.013462 -0.010000 -0.068019
v -0.013462 -0.012464 -0.067784
v -0.013462 -0.014839 -0.067086
v -0.013462 -0.017039 -0.065952
v -0.013462 -0.018984 -0.064422
v -0.013462 -0.020605 -0.062552
v -0.013462 -0.021842 -0.060408
v -0.013462 -0.022652 -0.058069
v -0.013462 -0.023004 -0.055619
v -0.013462 -0.022886 -0.053147
v -0.013462 -0.022303 -0.050742
v -0.013462 -0.021275 -0.048491
v -0.013462 -0.019839 -0.046474
v -0.013462 -0.018048 -0.044766
v -0.013462 -0.015966 -0.043428
v -0.013462 -0.013668 -0.042508
v -0.013462 -0.011238 -0.042040
v -0.013462 -0.008762 -0.042040
v -0.013462 -0.006332 -0.042508
v -0.013462 -0.004034 -0.043428
v -0.013462 -0.001952 -0.044766
v -0.013462 -0.000161 -0.046474
v -0.013462 0.001275 -0.048491
v -0.013462 0.002303 -0.050742
v -0.013462 0.002886 -0.053147
v -0.000000 -0.004930 -0.016246
v -0.000000 -0.007217 0.017063
v -0.000000 -0.008625 -0.000000
v -0.000000 -0.009670 -0.035503
v -0.000000 -0.006634 -0.035793
v -0.000000 -0.012714 -0.035690
v -0.000000 -0.015692 -0.036349
v -0.000000 -0.007217 -0.016246
v -0.000000 -0.004916 -0.036175
v -0.000000 -0.003744 -0.036531
v -0.000000 -0.003745 -0.016246
v 0.000000 0.007217 -0.016246
v 0.000000 0.007491 -0.046378
v 0.000000 0.005932 -0.043757
v -0.000000 -0.003681 -0.036552
v 0.000000 0.003984 -0.041410
v 0.000000 0.001694 -0.039396
v -0.000000 -0.000882 -0.037763
v 0.000000 0.011393 -0.020498
v 0.000000 0.008957 -0.041689
v 0.000000 0.007814 -0.047068
v 0.000000 0.010937 -0.027600
v 0.000000 0.010125 -0.034669
v 0.000000 0.007217 -0.006000
v -0.000000 -0.003745 -0.006000
v -0.000000 -0.007217 -0.006000
v -0.000000 -0.004930 -0.006000
v -0.000000 -0.005375 0.000000
v -0.000000 -0.004930 0.006000
v -0.000000 -0.007217 0.006000
v -0.000000 -0.003745 0.017063
v -0.000000 -0.003745 0.006000
v 0.000000 0.007217 0.006000
v 0.000000 0.007217 0.017063
v -0.000000 -0.004930 0.017063
v 0.000000 0.005375 -0.000000
v 0.000000 0.008625 0.000000
v -0.001315 -0.019235 -0.041289
v -0.001351 -0.019200 -0.041299
v -0.001483 -0.019375 -0.041554
v -0.000397 -0.017691 -0.038988
v -0.000366 -0.017756 -0.038964
v -0.000309 -0.017505 -0.038685
v -0.000325 -0.017817 -0.038944
v -0.000108 -0.016963 -0.037775
v -0.000049 -0.017113 -0.037710
v -0.000220 -0.017922 -0.038921
v -0.001198 -0.019334 -0.041294
v 0.000210 -0.017328 -0.037648
v 0.000333 -0.017488 -0.037896
v -0.001615 -0.020040 -0.042342
v -0.001017 -0.019415 -0.041345
v -0.001109 -0.019383 -0.041313
v -0.000349 -0.018623 -0.040004
v -0.000090 -0.017998 -0.038922
v 0.000061 -0.017240 -0.037666
v -0.001279 -0.019272 -0.041287
v -0.001723 -0.019683 -0.041998
v -0.002565 -0.020777 -0.043497
v -0.002607 -0.020748 -0.043487
v -0.002719 -0.020878 -0.043664
v -0.004000 -0.022330 -0.045607
v -0.002522 -0.020803 -0.043510
v -0.003485 -0.021749 -0.044840
v -0.002968 -0.021163 -0.044053
v 0.013854 0.011769 -0.019890
v 0.013969 0.011589 -0.019884
v 0.014000 0.004228 -0.059750
v 0.013969 0.004392 -0.059804
v 0.013969 0.005859 -0.055145
v 0.014000 0.005693 -0.055096
v 0.013969 0.007716 -0.048227
v 0.014000 0.007548 -0.048187
v 0.013969 0.009222 -0.041224
v 0.014000 0.009052 -0.041192
v 0.013969 0.010371 -0.034154
v 0.014000 0.010199 -0.034130
v 0.013969 0.011160 -0.027034
v 0.014000 0.010988 -0.027019
v 0.014000 0.011416 -0.019878
v 0.013500 0.011916 -0.019895
v 0.013673 0.011885 -0.019894
v 0.013500 0.011787 -0.022764
v 0.013673 0.011455 -0.027059
v 0.013500 0.011486 -0.027062
v 0.013500 0.010882 -0.032774
v 0.013673 0.010664 -0.034194
v 0.013500 0.010695 -0.034198
v 0.013673 0.009513 -0.041279
v 0.013500 0.009543 -0.041285
v 0.013673 0.008004 -0.048297
v 0.013500 0.008034 -0.048304
v 0.013500 0.006959 -0.052476
v 0.013673 0.006143 -0.055229
v 0.013500 0.006172 -0.055238
v 0.013673 0.004673 -0.059898
v 0.013500 0.004702 -0.059908
v 0.013854 0.011340 -0.027049
v 0.013854 0.010550 -0.034178
v 0.013854 0.009399 -0.041257
v 0.013854 0.007892 -0.048270
v 0.013854 0.006032 -0.055197
v 0.013854 0.004564 -0.059862
v -0.000157 0.007239 -0.051439
v -0.000989 0.006583 -0.053823
v -0.001081 0.006583 -0.053785
v 0.000421 0.007964 -0.048595
v -0.000071 0.007451 -0.050538
v -0.001252 0.006527 -0.053700
v -0.001708 0.006219 -0.054693
v -0.000953 0.006729 -0.052546
v 0.000219 0.007866 -0.048862
v -0.000201 0.007396 -0.050493
v 0.000072 0.007786 -0.048823
v -0.000308 0.007306 -0.050444
v -0.000039 0.007664 -0.048779
v -0.000078 0.007591 -0.048756
v -0.000381 0.007187 -0.050396
v -0.000076 0.007556 -0.048497
v -0.000651 0.006956 -0.051509
v -0.000724 0.006926 -0.052090
v -0.000733 0.006892 -0.051805
v -0.000801 0.006841 -0.052042
v -0.001170 0.006564 -0.053744
v -0.002499 0.005669 -0.056865
v -0.004000 0.004702 -0.059908
v -0.002965 0.005406 -0.057671
v -0.001306 0.006365 -0.054579
v -0.002938 0.005424 -0.057610
v -0.002543 0.005663 -0.056841
v 0.000031 0.007982 -0.047107
v 0.000146 0.008158 -0.047148
v 0.000327 0.008271 -0.047174
v 0.000500 0.008301 -0.047181
v -0.002586 0.005653 -0.056816
v -0.001902 0.006093 -0.055186
v -0.001832 0.006138 -0.055010
v 0.000146 0.011746 -0.020512
v 0.000327 0.011862 -0.020516
v 0.000327 0.009418 -0.041777
v 0.000500 0.009448 -0.041783
v 0.000327 0.010589 -0.034734
v 0.000500 0.010620 -0.034739
v 0.000500 0.010882 -0.032774
v 0.000327 0.011404 -0.027641
v 0.000500 0.011435 -0.027644
v 0.000500 0.011787 -0.022764
v 0.000500 0.011893 -0.020517
v 0.000031 0.011566 -0.020505
v 0.000031 0.011110 -0.027615
v 0.000031 0.010296 -0.034693
v 0.000031 0.009127 -0.041722
v 0.000146 0.009304 -0.041756
v 0.000146 0.010475 -0.034718
v 0.000146 0.011289 -0.027631
v 0.014000 -0.000750 0.018000
v 0.014000 -0.000750 -0.029250
v 0.014000 -0.024312 -0.050511
v 0.014000 -0.024873 -0.053049
v 0.014000 -0.024986 -0.055646
v 0.014000 -0.024649 -0.058224
v 0.014000 -0.023873 -0.060705
v 0.014000 -0.022680 -0.063014
v 0.014000 -0.021106 -0.065083
v 0.014000 -0.023322 -0.048107
v 0.014000 -0.000750 -0.006000
v 0.014000 -0.000750 0.006000
v 0.014000 -0.003500 -0.000000
v 0.014000 -0.010500 0.000000
v 0.014000 0.011000 0.018000
v 0.014000 0.011000 -0.006000
v 0.014000 0.002750 -0.029250
v 0.014000 0.002750 -0.006000
v 0.014000 0.003195 -0.062135
v 0.014000 0.001765 -0.064306
v 0.014000 -0.000019 -0.066197
v 0.014000 -0.002102 -0.067752
v 0.014000 -0.004422 -0.068924
v 0.014000 -0.006910 -0.069678
v 0.014000 -0.009491 -0.069991
v 0.014000 -0.012086 -0.069854
v 0.014000 -0.014620 -0.069271
v 0.014000 -0.017014 -0.068259
v 0.014000 -0.019198 -0.066849
v 0.014000 0.011000 0.006000
v 0.014000 0.010500 -0.000000
v 0.014000 0.002750 0.006000
v 0.014000 0.003500 0.000000
v 0.014000 0.002750 0.018000
v -0.013838 0.002021 -0.064546
v -0.013838 0.003496 -0.062314
v -0.013244 0.003627 -0.062385
v -0.013244 -0.019111 -0.067540
v -0.013244 -0.019639 -0.067138
v -0.013838 -0.019546 -0.067021
v -0.013244 -0.024025 -0.061600
v -0.013244 -0.024417 -0.060692
v -0.013838 -0.024278 -0.060637
v -0.013838 -0.025040 -0.058072
v -0.013838 -0.018031 -0.041918
v -0.013838 -0.020180 -0.043511
v -0.013244 -0.020280 -0.043399
v -0.013838 -0.010414 -0.039655
v -0.013838 -0.013072 -0.039960
v -0.013244 -0.013102 -0.039814
v -0.013838 -0.002686 -0.041504
v -0.013838 -0.005141 -0.040439
v -0.013244 -0.005093 -0.040297
v -0.013838 0.005183 -0.057257
v -0.013838 0.005345 -0.054586
v -0.013244 0.005494 -0.054582
v -0.013838 0.004278 -0.049363
v -0.013244 0.004741 -0.050210
v -0.013838 0.005040 -0.051928
v -0.013244 0.005186 -0.051898
v -0.013244 0.005469 -0.054027
v -0.013838 0.001489 -0.044820
v -0.013244 0.003087 -0.046695
v -0.013838 0.003082 -0.046969
v -0.013244 0.003210 -0.046891
v -0.013244 0.004417 -0.049308
v -0.013838 -0.000454 -0.042979
v -0.013244 0.000610 -0.043701
v -0.013244 0.001601 -0.044720
v -0.013244 -0.002615 -0.041373
v -0.013244 -0.002533 -0.041417
v -0.013244 -0.000361 -0.042862
v -0.013244 -0.010418 -0.039506
v -0.013244 -0.010000 -0.039500
v -0.013838 -0.007743 -0.039817
v -0.013244 -0.007721 -0.039668
v -0.013244 -0.006145 -0.039987
v -0.013244 -0.018109 -0.041790
v -0.013244 -0.017467 -0.041417
v -0.013838 -0.015637 -0.040722
v -0.013244 -0.015692 -0.040583
v -0.013244 -0.013855 -0.039987
v -0.013244 -0.024703 -0.050093
v -0.013244 -0.023627 -0.047615
v -0.013838 -0.023496 -0.047686
v -0.013244 -0.023087 -0.046695
v -0.013838 -0.022021 -0.045454
v -0.013244 -0.022138 -0.045361
v -0.013244 -0.020610 -0.043701
v -0.013244 -0.025332 -0.052721
v -0.013244 -0.024741 -0.050210
v -0.013838 -0.025183 -0.052743
v -0.013838 -0.024561 -0.050141
v -0.013244 -0.025186 -0.058102
v -0.013244 -0.025225 -0.057904
v -0.013838 -0.025345 -0.055414
v -0.013244 -0.025494 -0.055418
v -0.013244 -0.025469 -0.054027
v -0.013244 -0.023210 -0.063109
v -0.013838 -0.023082 -0.063031
v -0.013244 -0.021943 -0.064880
v -0.013838 -0.021489 -0.065180
v -0.013244 -0.021601 -0.065280
v -0.013244 -0.017385 -0.068627
v -0.013838 -0.017314 -0.068496
v -0.013244 -0.015706 -0.069412
v -0.013838 -0.014859 -0.069561
v -0.013244 -0.014907 -0.069703
v -0.013244 -0.012279 -0.070332
v -0.013838 -0.012257 -0.070183
v -0.013244 -0.011943 -0.070378
v -0.013838 -0.009586 -0.070345
v -0.013244 -0.009582 -0.070494
v -0.013244 -0.008057 -0.070378
v -0.013838 -0.006928 -0.070040
v -0.013244 -0.006898 -0.070186
v -0.013244 -0.004308 -0.069417
v -0.013838 -0.004363 -0.069278
v -0.013244 -0.004294 -0.069412
v -0.013838 -0.001969 -0.068082
v -0.013244 -0.001891 -0.068210
v -0.013244 0.002138 -0.064639
v -0.013244 0.001943 -0.064880
v -0.013838 0.000180 -0.066489
v -0.013244 0.000280 -0.066601
v -0.013244 -0.000889 -0.067540
v -0.013244 0.005332 -0.057279
v -0.013244 0.005225 -0.057904
v -0.013838 0.004561 -0.059859
v -0.013244 0.004703 -0.059907
v -0.013244 0.004025 -0.061600
v -0.014289 -0.021179 -0.064906
v -0.014289 -0.022730 -0.062814
v -0.014289 -0.023893 -0.060485
v -0.014289 -0.024635 -0.057989
v -0.014289 -0.024931 -0.055403
v -0.014289 -0.024775 -0.052804
v -0.014289 -0.024169 -0.050272
v -0.014289 -0.023132 -0.047883
v -0.014289 -0.019289 -0.066697
v -0.014289 -0.017117 -0.068132
v -0.014289 -0.014728 -0.069169
v -0.014289 -0.012196 -0.069775
v -0.014289 -0.009597 -0.069931
v -0.014289 -0.007011 -0.069635
v -0.014289 -0.004515 -0.068893
v -0.014289 -0.002186 -0.067730
v -0.014289 -0.000094 -0.066179
v -0.014289 0.001697 -0.064289
v -0.014289 0.003132 -0.062117
v -0.014289 0.004169 -0.059728
v -0.014289 0.004775 -0.057196
v -0.014289 0.004931 -0.054597
v -0.014289 0.004635 -0.052011
v -0.014289 0.003893 -0.049515
v -0.014289 0.002730 -0.047186
v -0.014289 0.001179 -0.045094
v -0.014289 -0.000711 -0.043303
v -0.014289 -0.002883 -0.041868
v -0.014289 -0.005272 -0.040831
v -0.014289 -0.007804 -0.040225
v -0.014289 -0.010403 -0.040069
v -0.014289 -0.012989 -0.040365
v -0.014289 -0.015485 -0.041107
v -0.014289 -0.017814 -0.042270
v -0.014289 -0.019906 -0.043821
v -0.014289 -0.021697 -0.045711
v -0.014490 -0.020747 -0.064523
v -0.014490 -0.022237 -0.062512
v -0.014490 -0.023356 -0.060273
v -0.014490 -0.024068 -0.057874
v -0.014490 -0.024354 -0.055387
v -0.014490 -0.024203 -0.052889
v -0.014490 -0.023620 -0.050455
v -0.014490 -0.022624 -0.048158
v -0.014490 -0.021244 -0.046070
v -0.014490 -0.018930 -0.066244
v -0.014490 -0.016842 -0.067624
v -0.014490 -0.014545 -0.068620
v -0.014490 -0.012111 -0.069203
v -0.014490 -0.009613 -0.069354
v -0.014490 -0.007126 -0.069068
v -0.014490 -0.004727 -0.068356
v -0.014490 -0.002488 -0.067237
v -0.014490 -0.000477 -0.065747
v -0.014490 0.001244 -0.063930
v -0.014490 0.002624 -0.061842
v -0.014490 0.003620 -0.059545
v -0.014490 0.004203 -0.057111
v -0.014490 0.004354 -0.054613
v -0.014490 0.004068 -0.052126
v -0.014490 0.003356 -0.049727
v -0.014490 0.002237 -0.047488
v -0.014490 0.000747 -0.045477
v -0.014490 -0.001070 -0.043756
v -0.014490 -0.003158 -0.042376
v -0.014490 -0.005455 -0.041380
v -0.014490 -0.007889 -0.040797
v -0.014490 -0.010387 -0.040646
v -0.014490 -0.012874 -0.040932
v -0.014490 -0.015273 -0.041644
v -0.014490 -0.017512 -0.042763
v -0.014490 -0.019523 -0.044253
v -0.014392 -0.020295 -0.064122
v -0.014392 -0.021722 -0.062196
v -0.014392 -0.022794 -0.060051
v -0.014392 -0.023477 -0.057753
v -0.014392 -0.023750 -0.055371
v -0.014392 -0.023605 -0.052978
v -0.014392 -0.023048 -0.050646
v -0.014392 -0.022093 -0.048446
v -0.014392 -0.020771 -0.046446
v -0.014392 -0.019122 -0.044705
v -0.014392 -0.018554 -0.065771
v -0.014392 -0.016554 -0.067093
v -0.014392 -0.014354 -0.068048
v -0.014392 -0.012022 -0.068605
v -0.014392 -0.009629 -0.068750
v -0.014392 -0.007247 -0.068477
v -0.014392 -0.004949 -0.067794
v -0.014392 -0.002804 -0.066722
v -0.014392 -0.000878 -0.065295
v -0.014392 0.000771 -0.063554
v -0.014392 0.002093 -0.061554
v -0.014392 0.003048 -0.059354
v -0.014392 0.003605 -0.057022
v -0.014392 0.003750 -0.054629
v -0.014392 0.003477 -0.052247
v -0.014392 0.002794 -0.049949
v -0.014392 0.001722 -0.047804
v -0.014392 0.000295 -0.045878
v -0.014392 -0.001446 -0.044229
v -0.014392 -0.003446 -0.042907
v -0.014392 -0.005646 -0.041952
v -0.014392 -0.007978 -0.041395
v -0.014392 -0.010371 -0.041250
v -0.014392 -0.012753 -0.041523
v -0.014392 -0.015051 -0.042206
v -0.014392 -0.017196 -0.043278
v -0.014020 -0.019931 -0.063800
v -0.014020 -0.021309 -0.061942
v -0.014020 -0.022342 -0.059873
v -0.014020 -0.023001 -0.057656
v -0.014020 -0.023265 -0.055358
v -0.014020 -0.023125 -0.053049
v -0.014020 -0.022587 -0.050799
v -0.014020 -0.021666 -0.048678
v -0.014020 -0.020391 -0.046748
v -0.014020 -0.018800 -0.045069
v -0.014020 -0.016942 -0.043691
v -0.014020 -0.018252 -0.065391
v -0.014020 -0.016323 -0.066666
v -0.014020 -0.014201 -0.067587
v -0.014020 -0.011951 -0.068125
v -0.014020 -0.009642 -0.068265
v -0.014020 -0.007344 -0.068001
v -0.014020 -0.005127 -0.067342
v -0.014020 -0.003058 -0.066309
v -0.014020 -0.001200 -0.064931
v -0.014020 0.000391 -0.063252
v -0.014020 0.001666 -0.061322
v -0.014020 0.002587 -0.059201
v -0.014020 0.003125 -0.056951
v -0.014020 0.003265 -0.054642
v -0.014020 0.003001 -0.052344
v -0.014020 0.002342 -0.050127
v -0.014020 0.001309 -0.048058
v -0.014020 -0.000069 -0.046200
v -0.014020 -0.001748 -0.044609
v -0.014020 -0.003677 -0.043334
v -0.014020 -0.005799 -0.042413
v -0.014020 -0.008049 -0.041875
v -0.014020 -0.010358 -0.041735
v -0.014020 -0.012656 -0.041999
v -0.014020 -0.014873 -0.042658
v -0.004000 0.005469 -0.054027
v -0.004000 0.005338 -0.052763
v -0.002945 0.005478 -0.052742
v -0.004000 0.004741 -0.050210
v -0.004000 0.003903 -0.048147
v -0.002945 0.004030 -0.048084
v -0.004000 -0.020610 -0.043701
v -0.004000 -0.020744 -0.043828
v -0.002945 -0.020843 -0.043726
v -0.000727 -0.015021 -0.038549
v -0.000727 -0.017524 -0.039533
v -0.001700 -0.019287 -0.041693
v -0.001700 -0.017099 -0.040408
v -0.002945 -0.018952 -0.042173
v -0.004000 -0.018871 -0.042290
v -0.004000 -0.017467 -0.041417
v -0.002945 -0.016843 -0.040934
v -0.004000 -0.016781 -0.041062
v -0.002945 -0.014566 -0.040039
v -0.004000 -0.014524 -0.040175
v -0.002945 -0.007300 -0.039593
v -0.004000 -0.009738 -0.039502
v -0.002945 -0.009736 -0.039360
v -0.004000 -0.010000 -0.039500
v -0.002945 -0.012177 -0.039511
v -0.004000 -0.012158 -0.039651
v -0.004000 -0.013855 -0.039987
v -0.004000 -0.004977 -0.040336
v -0.004000 -0.006145 -0.039987
v -0.004000 -0.007325 -0.039733
v -0.004000 -0.002533 -0.041417
v -0.004000 -0.002752 -0.041299
v -0.002945 -0.002686 -0.041174
v -0.002945 -0.004931 -0.040202
v -0.004000 -0.000704 -0.042597
v -0.002945 -0.000619 -0.042483
v -0.004000 0.000610 -0.043701
v -0.002945 0.001218 -0.044099
v -0.004000 0.001116 -0.044198
v -0.002945 0.002780 -0.045981
v -0.004000 0.002664 -0.046063
v -0.004000 0.003087 -0.046695
v -0.004000 0.005281 -0.057596
v -0.004000 0.005499 -0.055181
v -0.002945 0.005641 -0.055183
v -0.004000 0.005225 -0.057904
v -0.001700 0.006057 -0.052658
v -0.000727 0.006425 -0.049894
v -0.001700 0.005496 -0.050183
v -0.000142 0.006544 -0.046845
v -0.000142 0.005070 -0.044365
v -0.000142 0.003228 -0.042146
v -0.000142 0.001061 -0.040240
v -0.000142 -0.001375 -0.038696
v -0.000142 -0.004023 -0.037551
v -0.000142 -0.006816 -0.036832
v -0.000142 -0.009688 -0.036558
v -0.000142 -0.012567 -0.036735
v -0.000142 -0.015384 -0.037359
v -0.001700 -0.014737 -0.039479
v -0.001700 -0.012259 -0.038931
v -0.001700 -0.009726 -0.038775
v -0.001700 -0.007199 -0.039016
v -0.001700 -0.004741 -0.039648
v -0.001700 -0.002412 -0.040656
v -0.001700 -0.000268 -0.042015
v -0.001700 0.001638 -0.043691
v -0.001700 0.003259 -0.045644
v -0.001700 0.004555 -0.047825
v -0.004000 0.004801 -0.050399
v -0.002945 0.004937 -0.050356
v -0.000727 -0.012394 -0.037967
v -0.000727 -0.009709 -0.037802
v -0.000727 -0.007031 -0.038058
v -0.000727 -0.004426 -0.038728
v -0.000727 -0.001957 -0.039796
v -0.000727 0.000315 -0.041236
v -0.000727 0.002335 -0.043013
v -0.000727 0.004053 -0.045083
v -0.000727 0.005428 -0.047395
v 0.013969 -0.023476 -0.048027
v 0.013969 -0.024478 -0.050459
v 0.013969 -0.025044 -0.053027
v 0.013969 -0.025159 -0.055654
v 0.013969 -0.024818 -0.058261
v 0.013969 -0.024033 -0.060770
v 0.013969 -0.022826 -0.063107
v 0.013969 -0.021234 -0.065199
v 0.013969 -0.019304 -0.066986
v 0.013969 -0.017095 -0.068412
v 0.013969 -0.014673 -0.069436
v 0.013969 -0.012110 -0.070026
v 0.013969 -0.009485 -0.070164
v 0.013969 -0.006874 -0.069848
v 0.013969 -0.004358 -0.069085
v 0.013969 -0.002011 -0.067899
v 0.013969 0.000096 -0.066326
v 0.013969 0.001900 -0.064413
v 0.013969 0.003347 -0.062217
v 0.013500 0.001943 -0.064880
v 0.013500 0.002157 -0.064616
v 0.013673 0.002132 -0.064597
v 0.013500 0.003634 -0.062373
v 0.013673 0.003607 -0.062358
v 0.013500 0.004025 -0.061600
v 0.013500 0.000314 -0.066570
v 0.013673 0.000293 -0.066547
v 0.013500 -0.000889 -0.067540
v 0.013673 -0.001855 -0.068151
v 0.013500 -0.001839 -0.068177
v 0.013673 -0.004248 -0.069360
v 0.013500 -0.004236 -0.069388
v 0.013500 -0.004294 -0.069412
v 0.013673 -0.006813 -0.070137
v 0.013500 -0.006807 -0.070168
v 0.013500 -0.008057 -0.070378
v 0.013673 -0.009475 -0.070460
v 0.013500 -0.009474 -0.070491
v 0.013500 -0.011943 -0.070378
v 0.013673 -0.012152 -0.070319
v 0.013500 -0.012156 -0.070349
v 0.013673 -0.014764 -0.069717
v 0.013500 -0.014774 -0.069747
v 0.013500 -0.015706 -0.069412
v 0.013673 -0.017234 -0.068674
v 0.013500 -0.017248 -0.068701
v 0.013500 -0.019111 -0.067540
v 0.013673 -0.019486 -0.067219
v 0.013500 -0.019505 -0.067244
v 0.013673 -0.021453 -0.065398
v 0.013500 -0.021476 -0.065419
v 0.013500 -0.021943 -0.064880
v 0.013673 -0.023076 -0.063265
v 0.013500 -0.023102 -0.063281
v 0.013500 -0.024025 -0.061600
v 0.013673 -0.024307 -0.060883
v 0.013500 -0.024335 -0.060895
v 0.013673 -0.025108 -0.058325
v 0.013500 -0.025138 -0.058331
v 0.013500 -0.024741 -0.050210
v 0.013500 -0.024789 -0.050361
v 0.013673 -0.024760 -0.050370
v 0.013500 -0.025368 -0.052984
v 0.013673 -0.025338 -0.052988
v 0.013500 -0.025469 -0.054027
v 0.013673 -0.025455 -0.055666
v 0.013500 -0.025486 -0.055668
v 0.013500 -0.025225 -0.057904
v 0.013500 -0.023766 -0.047877
v 0.013673 -0.023739 -0.047891
v 0.013500 -0.023087 -0.046695
v 0.013854 -0.023636 -0.047945
v 0.013854 -0.024650 -0.050405
v 0.013854 -0.025223 -0.053003
v 0.013854 -0.025339 -0.055661
v 0.013854 -0.024995 -0.058300
v 0.013854 -0.024200 -0.060839
v 0.013854 -0.022979 -0.063203
v 0.013854 -0.021367 -0.065321
v 0.013854 -0.019415 -0.067128
v 0.013854 -0.017180 -0.068572
v 0.013854 -0.014729 -0.069607
v 0.013854 -0.012136 -0.070204
v 0.013854 -0.009479 -0.070345
v 0.013854 -0.006837 -0.070024
v 0.013854 -0.004291 -0.069253
v 0.013854 -0.001916 -0.068053
v 0.013854 0.000217 -0.066461
v 0.013854 0.002042 -0.064525
v 0.013854 0.003506 -0.062303
vn -0.964729 0.121925 0.233308
vn -0.989663 0.131757 -0.056638
vn -0.998689 -0.001056 0.051184
vn -0.971928 -0.002246 -0.235267
vn -0.983846 -0.028348 -0.176757
vn -0.985773 -0.061793 -0.156312
vn -0.983096 -0.119685 -0.138556
vn -0.980426 -0.168658 -0.101581
vn -0.976792 -0.212979 0.022732
vn -0.231339 -0.858291 0.458060
vn -0.692817 -0.397620 0.601584
vn -0.974031 -0.219965 -0.053662
vn -0.883692 -0.099394 0.457395
vn 0.831989 -0.554151 0.026662
vn 0.267803 -0.721234 0.638830
vn 0.123170 -0.990027 -0.068374
vn 0.224421 -0.710294 -0.667171
vn 0.964436 -0.264009 -0.012703
vn 0.831989 0.554151 -0.026662
vn 0.457263 0.665733 -0.589670
vn 0.123170 0.990027 0.068374
vn 0.142348 0.721464 0.677663
vn 0.964373 0.264241 0.012714
vn 0.831948 -0.554213 0.026665
vn 0.267803 -0.721234 0.638830
vn 0.123055 -0.990046 -0.068310
vn 0.224421 -0.710294 -0.667171
vn 0.964344 -0.264346 -0.012719
vn 0.831948 0.554213 -0.026665
vn 0.267803 0.721234 -0.638830
vn 0.123055 0.990046 0.068310
vn 0.224421 0.710294 0.667171
vn 0.964408 0.264115 0.012708
vn 0.831989 -0.554151 0.026662
vn 0.267803 -0.721234 0.638830
vn 0.123170 -0.990027 -0.068374
vn 0.224421 -0.710294 -0.667171
vn 0.964436 -0.264009 -0.012703
vn 0.831989 0.554151 -0.026662
vn 0.267803 0.721234 -0.638830
vn 0.123170 0.990027 0.068374
vn 0.224421 0.710294 0.667171
vn 0.964373 0.264241 0.012714
vn 0.831989 -0.554151 0.026662
vn 0.457263 -0.665733 0.589670
vn 0.123170 -0.990027 -0.068374
vn 0.142348 -0.721464 -0.677663
vn 0.964373 -0.264241 -0.012714
vn 0.831989 0.554151 -0.026662
vn 0.267803 0.721234 -0.638830
vn 0.123170 0.990027 0.068374
vn 0.224421 0.710294 0.667171
vn 0.964436 0.264009 0.012703
vn 0.831989 -0.554151 0.026662
vn 0.267803 -0.721234 0.638830
vn 0.123170 -0.990027 -0.068374
vn 0.224421 -0.710294 -0.667171
vn 0.964373 -0.264241 -0.012714
vn 0.831989 0.554151 -0.026662
vn 0.267803 0.721234 -0.638830
vn 0.123170 0.990027 0.068374
vn 0.224421 0.710294 0.667171
vn 0.964436 0.264009 0.012703
vn 0.831948 -0.554213 0.026665
vn 0.267803 -0.721234 0.638830
vn 0.123055 -0.990046 -0.068310
vn 0.224421 -0.710294 -0.667171
vn 0.964408 -0.264115 -0.012708
vn 0.831948 0.554213 -0.026665
vn 0.267803 0.721234 -0.638830
vn 0.123055 0.990046 0.068310
vn 0.224421 0.710294 0.667171
vn 0.964344 0.264346 0.012719
vn -0.993157 0.058715 -0.100958
vn -0.974626 0.201924 0.096597
vn -0.867753 -0.010252 0.496889
vn -0.978390 -0.140133 0.152040
vn -0.955456 -0.096709 0.278838
vn -0.987296 -0.158887 -0.000705
vn -0.965809 -0.244324 0.086709
vn -0.989682 -0.114281 -0.086427
vn -0.975933 -0.205782 -0.072163
vn -0.849658 -0.148855 -0.505888
vn -0.727451 -0.388296 -0.565723
vn -0.983790 -0.001712 -0.179316
vn -0.961741 -0.028181 -0.272506
vn 0.025414 0.995712 -0.088950
vn 0.088991 0.911071 0.402529
vn 0.191449 0.810442 -0.553653
vn 0.025414 -0.995712 0.088950
vn 0.088991 -0.911071 -0.402529
vn 0.191449 -0.810442 0.553653
vn 0.025414 0.995712 -0.088950
vn 0.088991 0.911071 0.402529
vn 0.191449 0.810442 -0.553653
vn 0.025414 -0.995712 0.088950
vn 0.088991 -0.911071 -0.402529
vn 0.191449 -0.810442 0.553653
vn 0.025414 0.995712 -0.088950
vn 0.088991 0.911071 0.402529
vn 0.191449 0.810442 -0.553653
vn 0.025414 -0.995712 0.088950
vn 0.088991 -0.911071 -0.402529
vn 0.191449 -0.810442 0.553653
vn 0.025414 0.995712 -0.088950
vn 0.088991 0.911071 0.402529
vn 0.191449 0.810442 -0.553653
vn 0.025414 -0.995712 0.088950
vn 0.088991 -0.911071 -0.402529
vn 0.191449 -0.810442 0.553653
vn 0.021607 0.825523 -0.563955
vn 0.086628 0.992289 -0.088644
vn 0.170403 0.901322 0.398222
vn 0.025414 -0.995712 0.088950
vn 0.088991 -0.911071 -0.402529
vn 0.191449 -0.810442 0.553653
vn 0.025414 0.995712 -0.088950
vn 0.088991 0.911071 0.402529
vn 0.191449 0.810442 -0.553653
vn 0.021607 -0.825523 0.563955
vn 0.086628 -0.992289 0.088644
vn 0.170403 -0.901322 -0.398222
vn 0.240237 0.794382 0.557892
vn 0.338389 0.396359 0.853459
vn 0.183141 0.277816 0.943015
vn 0.531356 -0.075480 0.843779
vn 0.107806 0.088460 0.990229
vn 0.531277 -0.487368 0.692977
vn 0.097655 -0.269979 0.957901
vn 0.266996 -0.873970 0.406067
vn 0.266805 0.874168 -0.405765
vn 0.097593 0.269980 -0.957907
vn 0.531332 0.487511 -0.692834
vn 0.107826 -0.088460 -0.990226
vn 0.531237 0.075456 -0.843857
vn 0.183094 -0.277819 -0.943024
vn 0.338599 -0.396474 -0.853323
vn 0.240359 -0.793984 -0.558406
vn 0.240326 0.793859 0.558597
vn 0.338551 0.396165 0.853485
vn 0.183094 0.277819 0.943024
vn 0.531237 -0.075456 0.843857
vn 0.107826 0.088460 0.990226
vn 0.531450 -0.487005 0.693099
vn 0.097570 -0.269981 0.957909
vn 0.266607 -0.874287 0.405638
vn 0.266798 0.874089 -0.405940
vn 0.097632 0.269979 -0.957904
vn 0.531395 0.486862 -0.693242
vn 0.107806 -0.088460 -0.990229
vn 0.531356 0.075480 -0.843779
vn 0.183141 -0.277816 -0.943015
vn 0.338341 -0.396050 -0.853622
vn 0.240204 -0.794257 -0.558084
vn 0.240237 0.794382 0.557892
vn 0.338389 0.396359 0.853459
vn 0.183141 0.277816 0.943015
vn 0.531356 -0.075480 0.843779
vn 0.107806 0.088460 0.990229
vn 0.531277 -0.487368 0.692977
vn 0.097655 -0.269979 0.957901
vn 0.266996 -0.873970 0.406067
vn 0.266805 0.874168 -0.405765
vn 0.097593 0.269980 -0.957907
vn 0.531332 0.487511 -0.692834
vn 0.107826 -0.088460 -0.990226
vn 0.531237 0.075456 -0.843857
vn 0.183094 -0.277819 -0.943024
vn 0.338599 -0.396474 -0.853323
vn 0.240359 -0.793984 -0.558406
vn 0.266805 -0.874168 0.405765
vn 0.097593 -0.269980 0.957907
vn 0.531332 -0.487511 0.692834
vn 0.107826 0.088460 0.990226
vn 0.531237 -0.075456 0.843857
vn 0.183094 0.277819 0.943024
vn 0.338599 0.396474 0.853323
vn 0.240359 0.793984 0.558406
vn 0.266996 0.873970 -0.406067
vn 0.097655 0.269979 -0.957901
vn 0.531277 0.487368 -0.692977
vn 0.107806 -0.088460 -0.990229
vn 0.531356 0.075480 -0.843779
vn 0.183141 -0.277816 -0.943015
vn 0.338389 -0.396359 -0.853459
vn 0.240237 -0.794382 -0.557892
vn 0.240359 0.793984 0.558406
vn 0.338599 0.396474 0.853323
vn 0.183094 0.277819 0.943024
vn 0.531237 -0.075456 0.843857
vn 0.107826 0.088460 0.990226
vn 0.531332 -0.487511 0.692834
vn 0.097593 -0.269980 0.957907
vn 0.266805 -0.874168 0.405765
vn 0.266996 0.873970 -0.406067
vn 0.097655 0.269979 -0.957901
vn 0.531277 0.487368 -0.692977
vn 0.107806 -0.088460 -0.990229
vn 0.531356 0.075480 -0.843779
vn 0.183141 -0.277816 -0.943015
vn 0.338389 -0.396359 -0.853459
vn 0.240237 -0.794382 -0.557892
vn 0.266798 -0.874089 0.405940
vn 0.097632 -0.269979 0.957904
vn 0.531395 -0.486862 0.693242
vn 0.107806 0.088460 0.990229
vn 0.531356 -0.075480 0.843779
vn 0.183141 0.277816 0.943015
vn 0.338341 0.396050 0.853622
vn 0.240204 0.794257 0.558084
vn 0.266607 0.874287 -0.405638
vn 0.097570 0.269981 -0.957909
vn 0.531450 0.487005 -0.693099
vn 0.107826 -0.088460 -0.990226
vn 0.531237 0.075456 -0.843857
vn 0.183094 -0.277819 -0.943024
vn 0.338551 -0.396165 -0.853485
vn 0.240326 -0.793859 -0.558597
vn -0.954413 -0.288560 -0.076353
vn -0.956894 -0.289310 0.025575
vn -0.957031 0.289352 -0.019141
vn -0.955271 0.288820 0.063569
vn -0.988169 0.059395 0.141402
vn -0.932036 -0.361576 0.023918
vn -0.943286 0.285196 0.169923
vn -0.960293 0.274919 0.047512
vn -0.896117 -0.035695 0.442380
vn -0.909438 -0.104191 0.402574
vn -0.966546 -0.204723 0.154526
vn -0.936184 0.179310 -0.302336
vn -0.928775 -0.268261 0.255759
vn -0.986673 -0.098668 0.129390
vn -0.907449 -0.179884 0.379709
vn -0.946586 0.096325 -0.307727
vn -0.936721 0.036062 -0.348215
vn -0.974710 0.001923 -0.223465
vn -0.972926 -0.172918 -0.153344
vn -0.955137 0.281493 -0.092065
vn -0.956271 0.241953 -0.164331
vn -0.911779 0.248913 -0.326652
vn -0.822332 -0.395114 0.409456
vn -0.987737 0.134813 0.078748
vn -0.989726 -0.120314 0.077252
vn -0.902228 0.360458 -0.236758
vn -0.960398 -0.230203 0.156977
vn -0.955316 0.223965 -0.192900
vn -0.910099 0.272535 -0.312160
vn -0.821092 -0.002098 0.570791
vn -0.918672 0.178109 0.352590
vn -0.939920 0.256069 0.225786
vn -0.942225 0.319979 0.099124
vn -0.920437 0.390848 -0.005861
vn -0.002352 -0.011595 0.999930
vn 0.002353 -0.003047 0.999993
vn -0.002353 0.003047 0.999993
vn 0.002278 0.011525 0.999931
vn 0.044632 -0.429494 -0.901966
vn 0.047917 -0.829551 -0.556371
vn 0.047651 -0.995657 -0.079984
vn 0.047649 -0.902240 0.428593
vn 0.046276 -0.565388 0.823526
vn 0.044632 0.429494 0.901966
vn 0.047917 0.829551 0.556371
vn 0.047651 0.995657 0.079984
vn 0.047649 0.902240 -0.428593
vn 0.046276 0.565388 -0.823526
vn 0.046804 -0.080145 0.995684
vn 0.046804 0.080145 -0.995684
vn 0.044632 -0.429494 -0.901966
vn 0.047917 -0.829551 -0.556371
vn 0.000000 -0.996034 -0.088979
vn 0.047649 -0.902240 0.428593
vn 0.046276 -0.565388 0.823526
vn 0.044632 0.429494 0.901966
vn 0.047917 0.829551 0.556371
vn 0.047651 0.995657 0.079984
vn 0.047649 0.902240 -0.428593
vn 0.046276 0.565388 -0.823526
vn 0.046804 -0.080145 0.995684
vn 0.046804 0.080145 -0.995684
vn 0.044632 -0.429494 -0.901966
vn 0.047917 -0.829551 -0.556371
vn 0.047651 -0.995657 -0.079984
vn 0.047649 -0.902240 0.428593
vn 0.046276 -0.565388 0.823526
vn 0.044632 0.429494 0.901966
vn 0.047917 0.829551 0.556371
vn 0.047651 0.995657 0.079984
vn 0.047649 0.902240 -0.428593
vn 0.046276 0.565388 -0.823526
vn 0.046804 -0.080145 0.995684
vn 0.046804 0.080145 -0.995684
vn 0.044632 -0.429494 -0.901966
vn 0.047917 -0.829551 -0.556371
vn 0.000000 -0.996034 -0.088979
vn 0.047649 -0.902240 0.428593
vn 0.046276 -0.565388 0.823526
vn 0.044632 0.429494 0.901966
vn 0.047917 0.829551 0.556371
vn 0.047651 0.995657 0.079984
vn 0.047649 0.902240 -0.428593
vn 0.046276 0.565388 -0.823526
vn 0.046804 -0.080145 0.995684
vn 0.046804 0.080145 -0.995684
vn 0.044632 -0.429494 -0.901966
vn 0.047917 -0.829551 -0.556371
vn 0.047651 -0.995657 -0.079984
vn 0.047649 -0.902240 0.428593
vn 0.046276 -0.565388 0.823526
vn 0.044632 0.429494 0.901966
vn 0.047917 0.829551 0.556371
vn 0.047651 0.995657 0.079984
vn 0.047649 0.902240 -0.428593
vn 0.046276 0.565388 -0.823526
vn 0.046804 -0.080145 0.995684
vn 0.046804 0.080145 -0.995684
vn 0.044632 -0.429494 -0.901966
vn 0.047917 -0.829551 -0.556371
vn 0.047651 -0.995657 -0.079984
vn 0.047649 -0.902240 0.428593
vn 0.046276 -0.565388 0.823526
vn 0.044632 0.429494 0.901966
vn 0.047917 0.829551 0.556371
vn 0.047651 0.995657 0.079984
vn 0.047649 0.902240 -0.428593
vn 0.046276 0.565388 -0.823526
vn 0.046804 -0.080145 0.995684
vn 0.046804 0.080145 -0.995684
vn 0.002309 -0.225702 0.974194
vn -0.001759 -0.300022 0.953931
vn 0.005655 -0.507690 0.861521
vn -0.003537 -0.565813 0.824526
vn 0.004640 -0.677165 0.735817
vn -0.004640 -0.735817 0.677165
vn 0.003537 -0.824526 0.565813
vn -0.005655 -0.861521 0.507690
vn 0.002914 -0.954180 0.299218
vn -0.002309 -0.974194 0.225702
vn 0.002308 -0.999973 0.006964
vn -0.002353 -0.999996 0.001805
vn -0.011018 0.138238 -0.990338
vn -0.000640 0.000589 -1.000000
vn 0.001677 0.161018 -0.986950
vn -0.011074 0.290041 -0.956950
vn 0.002920 0.329739 -0.944067
vn -0.010572 0.424859 -0.905198
vn 0.002770 0.436995 -0.899460
vn -0.006574 0.512844 -0.858457
vn 0.003276 0.506807 -0.862053
vn -0.010694 0.652670 -0.757567
vn 0.001450 0.627285 -0.778788
vn 0.001625 0.673494 -0.739191
vn -0.011448 0.762792 -0.646543
vn 0.002949 0.793641 -0.608380
vn -0.010077 0.846302 -0.532608
vn 0.003283 0.853684 -0.520782
vn -0.006201 0.897695 -0.440574
vn 0.002381 0.897845 -0.440305
vn -0.010395 0.959219 -0.282473
vn 0.002181 0.951689 -0.307057
vn 0.001502 0.967686 -0.252153
vn -0.011839 0.991450 -0.129947
vn 0.002868 0.997280 -0.073648
vn -0.009733 0.999912 0.009048
vn 0.003392 0.999718 0.023507
vn -0.005992 0.992791 0.119711
vn 0.001615 0.991872 0.127226
vn -0.010190 0.959082 0.282946
vn 0.003050 0.964290 0.264830
vn 0.001436 0.948711 0.316140
vn -0.012400 0.903747 0.427887
vn 0.001255 0.874290 0.485401
vn -0.007566 0.849881 0.526920
vn 0.003077 0.828752 0.559608
vn -0.010784 0.764905 0.644053
vn 0.001087 0.757837 0.652443
vn -0.010021 0.651918 0.758224
vn 0.004066 0.661237 0.750166
vn 0.001405 0.622870 0.782324
vn -0.013111 0.527974 0.849159
vn 0.001351 0.465109 0.885253
vn -0.009532 0.406946 0.913402
vn 0.003512 0.394734 0.918789
vn -0.005738 0.294917 0.955506
vn 0.000543 0.272855 0.962055
vn -0.012803 0.147131 0.989034
vn 0.002987 0.123508 0.992339
vn -0.011068 0.008815 0.999900
vn 0.002975 -0.031228 0.999508
vn -0.007814 -0.129071 0.991605
vn 0.002110 -0.165572 0.986196
vn -0.011052 -0.274258 0.961593
vn 0.000209 -0.302017 0.953303
vn -0.012086 -0.410029 0.911992
vn 0.002277 -0.432606 0.901580
vn -0.010300 -0.536381 0.843913
vn 0.004395 -0.471523 0.881843
vn 0.002934 -0.622966 0.782243
vn -0.007690 -0.648621 0.761072
vn 0.001327 -0.678210 0.734867
vn -0.011306 -0.752296 0.658728
vn 0.000020 -0.777174 0.629285
vn -0.011549 -0.837679 0.546040
vn 0.002584 -0.851328 0.524628
vn -0.009671 -0.909110 0.416445
vn 0.002885 -0.881847 0.471526
vn 0.002877 -0.948779 0.315926
vn -0.007647 -0.958718 0.284257
vn 0.000472 -0.969747 0.244110
vn -0.011677 -0.989320 0.145289
vn -0.000108 -0.995280 0.097046
vn -0.011173 -0.999917 0.006409
vn 0.002720 -0.999819 -0.018847
vn -0.009153 -0.989421 -0.144786
vn 0.001747 -0.995184 -0.098014
vn 0.002877 -0.967604 -0.252455
vn -0.007648 -0.958718 -0.284257
vn -0.000309 -0.945356 -0.326039
vn -0.012158 -0.910068 -0.414281
vn -0.002174 -0.884078 -0.467334
vn -0.011006 -0.844454 -0.535515
vn 0.002519 -0.831322 -0.555785
vn -0.008860 -0.751607 -0.659552
vn 0.001103 -0.773107 -0.634275
vn 0.002972 -0.673200 -0.739455
vn -0.007703 -0.648621 -0.761072
vn -0.001003 -0.612852 -0.790197
vn -0.012747 -0.540817 -0.841044
vn -0.001987 -0.481057 -0.876687
vn -0.010925 -0.420354 -0.907294
vn 0.002764 -0.398695 -0.917079
vn -0.008685 -0.271854 -0.962299
vn -0.007526 0.000000 -0.999972
vn -0.009663 -0.109599 -0.993929
vn 0.002972 -0.160559 -0.987022
vn 0.000631 -0.290156 -0.956979
vn -0.931685 -0.363265 0.001447
vn -0.907875 -0.419240 0.000801
vn -0.738159 -0.674625 0.001573
vn -0.686626 -0.727006 0.002618
vn -0.562090 -0.827067 0.003768
vn -0.507424 -0.861694 0.002081
vn -0.298572 -0.954377 0.004346
vn -0.243428 -0.969913 0.003491
vn -0.002229 -0.999983 0.005458
vn -0.999998 -0.001944 0.000021
vn -0.969494 -0.245076 0.004427
vn -0.999936 -0.011344 0.000031
vn -0.999631 -0.027172 0.000000
vn -0.999922 -0.012503 -0.000055
vn -0.968550 -0.248692 0.008004
vn -0.999977 -0.006844 0.000259
vn -0.506545 -0.007223 0.862183
vn -0.674909 -0.002651 0.737896
vn -0.673980 -0.288465 0.680102
vn -0.903162 -0.002034 0.429294
vn -0.967964 -0.006181 0.251012
vn -0.919673 -0.168904 0.354503
vn -0.729513 -0.634642 0.255031
vn -0.436016 -0.822649 0.364881
vn -0.361139 -0.348316 0.865017
vn -0.226362 -0.003442 0.974037
vn -0.425885 -0.624574 0.654621
vn -0.999964 -0.007817 0.003236
vn -0.922135 -0.359395 0.143184
vn -0.921339 -0.295003 0.253193
vn -0.993024 -0.076600 0.089637
vn -0.999980 -0.001996 0.006039
vn -0.999965 -0.000237 0.008404
vn -0.702348 -0.514173 0.492273
vn -0.999972 0.000211 0.007482
vn -0.999901 -0.000059 0.014080
vn -0.967964 0.006181 0.251012
vn -0.934841 0.002148 0.355060
vn -0.999697 0.000000 0.024619
vn -0.999905 0.000000 0.013785
vn -0.999918 0.000145 0.012792
vn -0.297319 0.007262 0.954750
vn -0.561671 0.006301 0.827337
vn -0.737896 0.002651 0.674909
vn -0.505977 0.862536 0.004330
vn -0.674625 0.738159 0.001573
vn -0.673980 0.680102 0.288465
vn -0.908565 0.417743 0.001145
vn -0.968550 0.248692 0.008004
vn -0.919673 0.354503 0.168904
vn -0.729513 0.255031 0.634642
vn -0.436016 0.364881 0.822649
vn -0.003537 0.824526 0.565813
vn -0.001759 0.953931 0.300022
vn -0.361139 0.865017 0.348316
vn -0.002352 0.999973 0.007008
vn -0.226093 0.974103 0.002042
vn -0.004640 0.677165 0.735817
vn -0.425885 0.654621 0.624574
vn -0.005655 0.507690 0.861521
vn -0.002309 0.225702 0.974194
vn -0.998911 0.017849 0.043115
vn -0.922135 0.143184 0.359395
vn -0.921339 0.253193 0.295003
vn -0.993024 0.089637 0.076600
vn -0.998030 0.059569 0.019687
vn -0.999846 0.017509 0.000663
vn -0.702348 0.492273 0.514173
vn -0.916268 0.035675 0.398975
vn -0.986194 0.095292 0.135426
vn -0.918642 0.358367 0.166344
vn -0.907673 0.418007 -0.037408
vn -0.998094 0.050498 -0.035465
vn -0.904515 0.179620 -0.386768
vn -0.992967 -0.010549 -0.117923
vn -0.971715 -0.135853 -0.193166
vn -0.781076 -0.566296 -0.263114
vn -0.978521 -0.205325 0.018375
vn -0.666732 -0.609626 0.428748
vn -0.607496 -0.334699 0.720365
vn -0.931985 0.032298 0.361056
vn -0.971734 0.135680 0.193195
vn -0.780934 0.566502 0.263092
vn 0.000000 0.996029 -0.089026
vn -0.781059 0.510699 -0.359352
vn -0.809872 0.246978 -0.532081
vn -0.968780 -0.022081 -0.246937
vn -0.931166 -0.209611 -0.298316
vn -0.600399 -0.725425 -0.336571
vn 0.000000 -0.996029 0.089026
vn -0.600671 -0.654158 0.459643
vn -0.737497 -0.284235 0.612624
vn -0.968780 0.022081 0.246937
vn -0.994045 0.062707 0.089117
vn -0.930142 0.333069 0.154602
vn -0.998324 0.057649 -0.005159
vn -0.924313 0.312309 -0.219334
vn -0.887769 0.193878 -0.417467
vn -0.988932 -0.013219 -0.147777
vn -0.957908 -0.165147 -0.234818
vn -0.751662 -0.598140 -0.277910
vn -0.984846 -0.172743 0.015459
vn -0.780986 -0.510858 0.359285
vn -0.809932 -0.247140 0.531913
vn -0.931985 0.032298 0.361056
vn -0.971715 0.135853 0.193166
vn -0.781076 0.566296 0.263114
vn -0.984846 0.172743 -0.015459
vn -0.751565 0.539577 -0.379483
vn -0.765171 0.271285 -0.583882
vn -0.951705 -0.027343 -0.305794
vn -0.898577 -0.252523 -0.358876
vn -0.539116 -0.763945 -0.354603
vn -0.761975 -0.645028 0.057724
vn -0.600603 -0.654308 0.459519
vn -0.737496 -0.284463 0.612520
vn -0.843352 0.047878 0.535225
vn -0.925418 0.217998 0.309965
vn -0.666841 0.675816 0.314000
vn -0.563326 0.822946 -0.073646
vn -0.980776 0.159614 -0.112256
vn -0.809932 0.247140 -0.531913
vn -0.968780 -0.022081 -0.246937
vn -0.931117 -0.209883 -0.298278
vn -0.600602 -0.725228 -0.336632
vn -0.739179 -0.670828 0.060033
vn -0.477362 -0.719087 0.505013
vn -0.590630 -0.339890 0.731868
vn -0.968780 0.022081 0.246937
vn -0.994049 0.062628 0.089131
vn -0.930089 0.333216 0.154600
vn 0.000000 0.996029 -0.089026
vn -0.998545 0.044125 -0.031004
vn -0.904431 0.179552 -0.386996
vn -0.992967 -0.010549 -0.117923
vn -0.971734 -0.135680 -0.193195
vn -0.780934 -0.566502 -0.263092
vn 0.000000 -0.996029 0.089026
vn -0.781059 -0.510699 0.359352
vn -0.809872 -0.246978 0.532081
vn -0.988739 0.149504 0.006563
vn -0.970168 0.236766 -0.052112
vn -0.998348 0.000000 0.057460
vn -0.988202 -0.153005 0.006809
vn -0.824752 -0.565354 -0.012579
vn -0.998438 0.000000 -0.055864
vn -0.999749 0.022157 0.003300
vn -0.953309 0.248419 0.171729
vn -0.999657 -0.025317 0.006699
vn -0.988856 -0.145346 -0.032223
vn -0.957745 0.002474 -0.287607
vn -0.982688 0.029705 -0.182871
vn -0.988905 0.059023 -0.136323
vn -0.989314 0.100850 -0.105293
vn -0.986723 0.142483 -0.077949
vn -0.977973 0.203597 -0.046014
vn -0.998438 0.055676 0.004715
vn -0.982592 0.168631 0.077948
vn -0.992298 0.080274 0.094349
vn -0.990346 0.048053 0.130022
vn -0.761489 0.595047 0.257008
vn -0.805223 0.325228 -0.495826
vn -0.774869 0.443215 -0.450708
vn -0.764480 0.505589 -0.399936
vn -0.799307 0.502268 -0.329902
vn -0.999221 0.037449 -0.012485
vn -0.999572 -0.011934 0.026698
vn -0.986996 -0.135262 0.086850
vn -0.992599 -0.099284 0.069924
vn -0.993928 -0.086133 0.068476
vn -0.992847 -0.081997 0.086781
vn -0.993766 -0.061478 0.093005
vn -0.992766 -0.045342 0.111173
vn -0.991909 -0.022668 0.124913
vn -0.991411 -0.006501 0.130619
vn -0.995978 -0.000329 0.089594
vn 0.002353 0.999996 0.001805
vn 0.002309 0.974194 0.225702
vn 0.005655 0.861521 0.507690
vn 0.004640 0.735817 0.677165
vn 0.003537 0.565813 0.824526
vn 0.002914 0.299218 0.954180
vn -0.999980 0.006284 -0.000046
vn -0.999937 0.011192 0.000031
vn -0.970254 0.242084 -0.001408
vn -0.923514 0.383563 -0.001210
vn -0.999948 0.010161 -0.000045
vn -0.999631 0.027172 0.000000
vn -0.735544 0.677475 -0.001350
vn -0.558596 0.829435 -0.002928
vn -0.287821 0.957679 -0.003222
vn -0.002353 0.999996 -0.001455
vn 0.002353 -0.999997 0.001157
vn 0.225684 -0.974194 0.003449
vn 0.293283 -0.956022 0.002688
vn 0.505977 -0.862536 0.004330
vn 0.560240 -0.828328 0.002110
vn 0.674625 -0.738159 0.001573
vn 0.736899 -0.676002 0.001075
vn 0.909395 -0.415932 0.001136
vn 0.927570 -0.373648 0.001132
vn 0.999996 -0.002822 0.000173
vn 0.969767 -0.243742 0.011885
vn 0.999925 -0.012224 -0.000054
vn 0.999547 -0.030110 0.000000
vn 0.999927 -0.012050 0.000033
vn 0.968963 -0.247185 0.003337
vn 0.999897 -0.014364 0.000100
vn 0.862249 -0.004392 0.506466
vn 0.737896 -0.002651 0.674909
vn 0.729513 -0.255031 0.634642
vn 0.561671 -0.006301 0.827337
vn 0.297319 -0.007262 0.954750
vn 0.436016 -0.364881 0.822649
vn 0.673980 -0.680102 0.288465
vn 0.919673 -0.354503 0.168904
vn 0.999931 -0.000109 0.011719
vn 0.974065 -0.000781 0.226265
vn 0.933847 -0.127565 0.334151
vn 0.999968 -0.003575 0.007206
vn 0.921339 -0.253193 0.295003
vn 0.999986 -0.004084 0.003490
vn 0.999990 -0.004142 0.001369
vn 0.387898 -0.842784 0.373163
vn 0.425885 -0.654621 0.624574
vn 0.702348 -0.492273 0.514173
vn 0.225672 0.005784 0.974186
vn 0.506545 0.007223 0.862183
vn 0.674909 0.002651 0.737896
vn 0.827281 0.003830 0.561775
vn 0.954571 0.001379 0.297982
vn 0.999828 0.000043 0.018542
vn 0.862573 0.505927 0.002629
vn 0.738159 0.674625 0.001573
vn 0.729513 0.634642 0.255031
vn 0.562090 0.827067 0.003768
vn 0.298572 0.954377 0.004346
vn 0.436016 0.822649 0.364881
vn 0.673980 0.288465 0.680102
vn 0.919673 0.168904 0.354503
vn 0.999446 0.033130 0.003095
vn 0.970219 0.242230 0.000615
vn 0.933847 0.334151 0.127565
vn 0.991879 0.113932 0.056521
vn 0.921339 0.295003 0.253193
vn 0.999721 0.015344 0.017956
vn 0.999997 0.000722 0.002185
vn 0.387898 0.373163 0.842784
vn 0.425885 0.624574 0.654621
vn 0.702348 0.514173 0.492273
vn 0.999478 0.032318 0.000000
vn 0.999093 0.042575 -0.000258
vn 0.964104 0.265526 -0.000472
vn 0.998941 0.046014 0.000000
vn 0.997950 0.064005 0.000000
vn 0.001961 0.999989 -0.004276
vn 0.225704 0.974194 -0.002104
vn 0.510811 0.859689 -0.002685
vn 0.677140 0.735854 -0.001074
vn 0.829248 0.558879 -0.001576
vn 0.987748 0.088608 -0.128463
vn 0.983494 0.163444 -0.077628
vn 0.992035 0.125555 0.010095
vn 0.983494 0.148944 0.102735
vn 0.987747 0.066953 0.140969
vn 0.997547 -0.005609 0.069770
vn 0.987057 -0.091056 0.132011
vn 0.981549 -0.172722 0.082034
vn 0.987753 -0.155522 -0.012504
vn 0.981549 -0.157398 -0.108566
vn 0.987057 -0.068803 -0.144863
vn 0.997547 0.005609 -0.069770
vn 0.987748 0.088608 -0.128463
vn 0.983494 0.163444 -0.077628
vn 0.705967 0.705967 0.056760
vn 0.983494 0.148944 0.102735
vn 0.987747 0.066953 0.140969
vn 0.997547 -0.005609 0.069770
vn 0.987057 -0.091056 0.132011
vn 0.981549 -0.172722 0.082034
vn 0.705390 -0.705390 0.069648
vn 0.705967 -0.705967 -0.056760
vn 0.981549 -0.157398 -0.108566
vn 0.987057 -0.068803 -0.144863
vn 0.997547 0.005609 -0.069770
vn 0.988385 0.086287 -0.125098
vn 0.985149 0.155098 -0.073664
vn 0.991594 0.128973 0.010369
vn 0.964354 0.217826 0.150247
vn 0.998043 0.026830 0.056489
vn 0.999348 -0.002894 0.035997
vn 0.999950 -0.005673 0.008225
vn 0.997978 -0.057410 0.027267
vn 0.999584 -0.028735 -0.002310
vn 0.991989 -0.103988 -0.071726
vn 0.991725 -0.055079 -0.115968
vn 0.998316 0.004649 -0.057817
vn 0.924608 -0.012397 0.380719
vn 0.999956 -0.001528 0.009247
vn 0.924433 -0.086541 0.371395
vn 0.999956 -0.003314 0.008802
vn 0.924690 -0.157079 0.346807
vn 0.999955 -0.004991 0.008021
vn 0.924677 -0.221778 0.309495
vn 0.999955 -0.006492 0.006928
vn 0.924637 -0.277926 0.260392
vn 0.999954 -0.007764 0.005562
vn 0.924707 -0.323248 0.201067
vn 0.999954 -0.008763 0.003967
vn 0.924552 -0.356624 0.134253
vn 0.999840 -0.017401 0.004052
vn 0.924462 -0.376183 0.062104
vn 0.999990 -0.004379 0.000142
vn 0.924608 -0.380719 -0.012397
vn 0.999968 -0.007896 -0.001305
vn 0.924433 -0.371395 -0.086541
vn 0.999989 -0.004382 -0.001650
vn 0.924690 -0.346807 -0.157079
vn 0.999998 -0.001508 -0.000938
vn 0.924677 -0.309495 -0.221778
vn 0.999994 -0.002597 -0.002434
vn 0.924637 -0.260392 -0.277926
vn 0.999995 -0.001821 -0.002542
vn 0.924707 -0.201067 -0.323248
vn 0.999996 -0.001225 -0.002706
vn 0.924552 -0.134253 -0.356624
vn 0.999995 -0.000686 -0.002944
vn 0.924462 -0.062104 -0.376183
vn 1.000000 -0.000031 -0.000944
vn 0.924608 0.012397 -0.380719
vn 0.999993 0.000613 -0.003712
vn 0.924433 0.086541 -0.371395
vn 0.999995 0.001139 -0.003027
vn 0.924690 0.157079 -0.346807
vn 0.999989 0.002429 -0.003904
vn 0.924677 0.221778 -0.309495
vn 0.999980 0.004330 -0.004620
vn 0.924637 0.277926 -0.260392
vn 0.999960 0.007258 -0.005200
vn 0.924707 0.323248 -0.201067
vn 0.999975 0.006391 -0.002893
vn 0.924552 0.356624 -0.134253
vn 0.999956 0.009088 -0.002116
vn 0.924462 0.376183 -0.062104
vn 0.999956 0.009336 -0.000303
vn 0.924608 0.380719 0.012397
vn 0.999956 0.009237 0.001526
vn 0.924433 0.371395 0.086541
vn 0.999956 0.008789 0.003309
vn 0.924690 0.346807 0.157079
vn 0.999956 0.008005 0.004981
vn 0.924677 0.309495 0.221778
vn 0.999955 0.006912 0.006477
vn 0.924637 0.260392 0.277926
vn 0.999975 0.004084 0.005701
vn 0.924707 0.201067 0.323248
vn 0.999956 0.003847 0.008498
vn 0.924552 0.134253 0.356624
vn 0.999956 0.002117 0.009091
vn 0.924462 0.062104 0.376183
vn 0.999956 0.000304 0.009346
vn 0.330069 0.158567 -0.930543
vn 0.317058 0.355988 -0.879060
vn 0.333694 0.646948 -0.685644
vn 0.399134 0.493931 -0.772479
vn 0.307554 0.784883 -0.537931
vn 0.342348 0.915526 -0.211210
vn 0.382305 0.846425 -0.370684
vn 0.304566 0.952374 -0.014954
vn 0.334212 0.875931 0.347918
vn 0.370075 0.914686 0.162464
vn 0.353482 0.783548 0.510982
vn 0.359819 0.673606 0.645589
vn 0.343669 0.533019 0.773164
vn 0.330069 -0.158567 0.930543
vn 0.382038 0.030343 0.923648
vn 0.355892 0.202673 0.912285
vn 0.352152 0.369396 0.859962
vn 0.317058 -0.355988 0.879060
vn 0.333694 -0.646948 0.685644
vn 0.399134 -0.493931 0.772479
vn 0.307554 -0.784883 0.537931
vn 0.342348 -0.915526 0.211210
vn 0.382305 -0.846425 0.370684
vn 0.304566 -0.952374 0.014954
vn 0.334212 -0.875931 -0.347918
vn 0.370075 -0.914686 -0.162464
vn 0.353482 -0.783548 -0.510982
vn 0.359819 -0.673606 -0.645589
vn 0.343669 -0.533019 -0.773164
vn 0.382038 -0.030343 -0.923648
vn 0.355892 -0.202673 -0.912285
vn 0.352152 -0.369396 -0.859962
vn 0.707992 0.004927 -0.706203
vn 0.708467 0.142402 -0.691228
vn 0.707998 0.274755 -0.650576
vn 0.707622 0.396641 -0.584763
vn 0.707520 0.503183 -0.496207
vn 0.708212 0.589690 -0.388203
vn 0.708391 0.653946 -0.265588
vn 0.708063 0.693525 -0.132928
vn 0.707992 0.706203 0.004927
vn 0.708467 0.691228 0.142402
vn 0.707998 0.650576 0.274755
vn 0.707622 0.584763 0.396641
vn 0.707520 0.496207 0.503183
vn 0.708212 0.388203 0.589690
vn 0.708391 0.265588 0.653946
vn 0.708063 0.132928 0.693525
vn 0.707992 -0.004927 0.706203
vn 0.708467 -0.142402 0.691228
vn 0.707998 -0.274755 0.650576
vn 0.707622 -0.396641 0.584763
vn 0.707520 -0.503183 0.496207
vn 0.708212 -0.589690 0.388203
vn 0.708391 -0.653946 0.265588
vn 0.708063 -0.693525 0.132928
vn 0.707992 -0.706203 -0.004927
vn 0.708467 -0.691228 -0.142402
vn 0.707998 -0.650576 -0.274755
vn 0.707622 -0.584763 -0.396641
vn 0.707520 -0.496207 -0.503183
vn 0.708212 -0.388203 -0.589690
vn 0.708391 -0.265588 -0.653946
vn 0.708063 -0.132928 -0.693525
vn 0.988385 0.086287 -0.125098
vn 0.985149 0.155098 -0.073664
vn 0.705967 0.705967 0.056760
vn 0.985149 0.141338 0.097489
vn 0.988385 0.065200 0.137277
vn 0.998316 -0.004649 0.057817
vn 0.991725 -0.072893 0.105679
vn 0.991988 -0.114112 0.054198
vn 0.705390 -0.705390 0.069648
vn 0.705967 -0.705967 -0.056760
vn 0.991989 -0.103988 -0.071726
vn 0.991725 -0.055079 -0.115968
vn 0.998316 0.004649 -0.057817
vn 0.987748 0.088608 -0.128463
vn 0.983494 0.163444 -0.077628
vn 0.997204 0.074492 0.005989
vn 0.997179 0.061786 0.042617
vn 0.998743 0.021505 0.045278
vn 0.999929 -0.000952 0.011837
vn 0.998972 -0.025740 0.037318
vn 0.989796 -0.128711 0.061131
vn 0.992891 -0.118643 -0.009539
vn 0.981549 -0.157398 -0.108566
vn 0.987057 -0.068803 -0.144863
vn 0.997547 0.005609 -0.069770
vn 0.988385 0.086287 -0.125098
vn 0.985149 0.155098 -0.073664
vn 0.994413 0.105216 0.008459
vn 0.985149 0.141338 0.097489
vn 0.988385 0.065200 0.137277
vn 0.998316 -0.004649 0.057817
vn 0.991725 -0.072893 0.105679
vn 0.991988 -0.114112 0.054198
vn 0.998781 -0.049198 -0.003956
vn 0.991989 -0.103988 -0.071726
vn 0.991725 -0.055079 -0.115968
vn 0.998316 0.004649 -0.057817
vn -0.349024 -0.934369 0.071666
vn -0.000308 -0.995873 0.090754
vn -0.330861 -0.932232 0.146542
vn -0.000519 -0.988601 0.150558
vn 0.000377 -0.976161 0.217049
vn -0.292617 -0.924584 0.243968
vn -0.002328 -0.963188 0.268820
vn -0.000535 -0.951193 0.308596
vn -0.355911 -0.880202 0.313962
vn -0.003060 -0.930051 0.367419
vn -0.371724 -0.848605 0.376417
vn -0.000988 -0.906494 0.422218
vn -0.999812 -0.018206 0.006665
vn -0.996204 -0.065486 0.057354
vn -0.932783 -0.321480 0.162992
vn -0.910667 -0.386201 0.146746
vn -0.924370 -0.366448 0.106094
vn -0.999974 -0.006944 0.001772
vn -0.924491 -0.374638 0.070442
vn -0.999953 -0.009571 0.001485
vn -0.915351 -0.401156 0.034735
vn -0.999925 -0.012215 0.000863
vn -0.652462 -0.755124 0.063884
vn -0.706932 -0.696667 0.122078
vn -0.707693 -0.681051 0.187990
vn -0.714071 -0.656670 0.242665
vn -0.730618 -0.619464 0.287160
vn 0.737314 -0.673940 0.046611
vn 0.367576 -0.927313 0.070553
vn 0.442155 -0.745214 0.499155
vn 0.327863 -0.785272 0.525218
vn 0.002981 -0.815108 0.579301
vn 0.001863 -0.819831 0.572602
vn 0.000178 -0.860025 0.510252
vn 0.306241 -0.829991 0.466189
vn 0.003623 -0.880821 0.473435
vn 0.001955 -0.896188 0.443671
vn 0.367104 -0.847627 0.383097
vn 0.001586 -0.924799 0.380452
vn 0.382721 -0.870840 0.308484
vn -0.000037 -0.948835 0.315771
vn 0.340591 -0.911120 0.232074
vn 0.000430 -0.967387 0.253303
vn 0.000123 -0.981958 0.189100
vn 0.305829 -0.940861 0.145775
vn 0.002843 -0.990815 0.135196
vn 0.002343 -0.994826 0.101562
vn 0.002908 -0.999177 0.040458
vn 0.999782 -0.020844 0.001528
vn 0.922914 -0.384135 0.025898
vn 0.924439 -0.378037 0.050002
vn 0.999956 -0.009292 0.001513
vn 0.924236 -0.372529 0.083725
vn 0.999903 -0.013479 0.003454
vn 0.924280 -0.363456 0.116648
vn 1.000000 -0.000833 0.000295
vn 0.924515 -0.351034 0.148486
vn 0.999971 -0.006897 0.003163
vn 0.924562 -0.336261 0.179205
vn 0.999953 -0.008451 0.004833
vn 0.924428 -0.321685 0.204823
vn 0.999950 -0.008331 0.005582
vn 0.924159 -0.314365 0.217038
vn 0.999949 -0.008414 0.005573
vn 0.707244 -0.699740 0.100847
vn 0.707376 -0.687790 0.162983
vn 0.708102 -0.669761 0.223632
vn 0.707591 -0.647561 0.282807
vn 0.706975 -0.620244 0.339829
vn 0.694791 -0.603494 0.391230
vn 0.703320 -0.588043 0.399433
vn -0.056963 0.188117 0.980493
vn -0.058423 -0.000845 0.998292
vn -0.054829 -0.193310 0.979604
vn -0.054791 0.810731 0.582850
vn -0.059346 0.678990 0.731745
vn -0.058450 0.538936 0.840317
vn -0.058468 0.370134 0.927136
vn -0.056954 0.970049 0.236138
vn -0.058421 0.907707 0.415518
vn -0.056926 0.943753 -0.325715
vn -0.058382 0.988252 -0.141245
vn -0.058406 0.997124 0.048301
vn -0.056951 0.617795 -0.784274
vn -0.058418 0.755000 -0.653117
vn -0.058444 0.865033 -0.498299
vn -0.056960 0.095775 -0.993772
vn -0.058428 0.282013 -0.957630
vn -0.058403 0.458120 -0.886970
vn -0.054841 -0.613690 -0.787640
vn -0.059416 -0.445215 -0.893450
vn -0.058427 -0.280320 -0.958127
vn -0.058423 -0.094079 -0.993849
vn -0.054766 -0.942173 -0.330621
vn -0.059410 -0.857591 -0.510890
vn -0.058456 -0.753856 -0.654434
vn -0.054831 -0.971404 0.231013
vn -0.059375 -0.997663 0.033819
vn -0.058403 -0.987997 -0.143004
vn -0.054814 -0.692225 0.719597
vn -0.059352 -0.820910 0.567964
vn -0.058419 -0.908442 0.413909
vn -0.059392 -0.383567 0.921601
vn -0.058438 -0.540469 0.839332
vn -0.116638 -0.001611 0.993173
vn -0.116656 0.186306 0.975542
vn -0.116610 0.367598 0.922645
vn -0.116575 0.535633 0.836366
vn -0.116598 0.684216 0.719898
vn -0.116626 0.807961 0.577579
vn -0.116573 0.902761 0.414046
vn -0.116586 0.964804 0.235712
vn -0.116591 0.991980 0.048800
vn -0.116598 0.983295 -0.139770
vn -0.116607 0.939123 -0.323187
vn -0.116598 0.860977 -0.495100
vn -0.116603 0.751672 -0.649148
vn -0.116635 0.615217 -0.779682
vn -0.116651 0.456522 -0.882032
vn -0.116661 0.281327 -0.952494
vn -0.116649 0.096015 -0.988521
vn -0.116639 -0.092775 -0.988832
vn -0.116662 -0.278137 -0.953431
vn -0.116645 -0.453610 -0.883534
vn -0.116633 -0.612626 -0.781720
vn -0.116605 -0.749524 -0.651627
vn -0.116576 -0.859373 -0.497884
vn -0.116621 -0.938029 -0.326344
vn -0.116607 -0.982830 -0.142996
vn -0.116594 -0.992133 0.045579
vn -0.120187 -0.964434 0.235418
vn -0.115911 -0.898930 0.422479
vn -0.116598 -0.809959 0.574779
vn -0.116590 -0.686556 0.717668
vn -0.116601 -0.538357 0.834611
vn -0.116616 -0.370620 0.921434
vn -0.116642 -0.189611 0.974906
vn -0.164760 -0.983873 0.069632
vn -0.181482 -0.967827 0.174283
vn -0.170886 -0.932412 0.318443
vn -0.170977 -0.870923 0.460716
vn -0.173865 -0.786608 0.592468
vn -0.173360 -0.660680 0.730375
vn -0.172704 -0.510945 0.842086
vn -0.171838 -0.342820 0.923551
vn -0.170790 -0.162325 0.971844
vn -0.169575 0.024145 0.985221
vn -0.168068 0.209835 0.963184
vn -0.166459 0.388054 0.906480
vn -0.164692 0.552410 0.817141
vn -0.179205 0.694391 0.696927
vn -0.174178 0.817352 0.549179
vn -0.173836 0.906413 0.384963
vn -0.173372 0.962877 0.206906
vn -0.172755 0.984733 0.021382
vn -0.171870 0.971213 -0.164943
vn -0.170829 0.922830 -0.345257
vn -0.169444 0.841171 -0.513536
vn -0.168030 0.729303 -0.663237
vn -0.166389 0.591082 -0.789264
vn -0.164658 0.431497 -0.886960
vn -0.179180 0.256265 -0.949854
vn -0.174218 0.066869 -0.982434
vn -0.173897 -0.119718 -0.977460
vn -0.173372 -0.302141 -0.937365
vn -0.172665 -0.473833 -0.863521
vn -0.171751 -0.628459 -0.758644
vn -0.170639 -0.760586 -0.626411
vn -0.169529 -0.865355 -0.471614
vn -0.168101 -0.939048 -0.299886
vn -0.166479 -0.979056 -0.117193
vn -1.000000 0.000000 0.000000
vn -1.000000 0.000000 0.000000
vn -1.000000 0.000000 0.000000
vn -0.999963 -0.000071 0.008622
vn -0.999968 0.001255 0.007852
vn -0.999729 -0.003818 0.022958
vn -0.999024 -0.012550 0.042358
vn -1.000000 0.000000 0.000000
vn -0.999904 0.003434 0.013448
vn -0.999991 0.001221 0.003999
vn -1.000000 0.000000 0.000000
vn -1.000000 0.000000 0.000000
vn -0.999957 0.008290 0.004267
vn -0.999783 0.016712 0.012438
vn -0.999989 0.001886 0.004382
vn -0.999837 0.012609 0.012886
vn -0.999894 0.008427 0.011854
vn -0.999846 0.007808 0.015703
vn -0.999913 0.013162 -0.000588
vn -0.999982 0.005925 -0.001151
vn -0.997931 0.064289 -0.000335
vn -0.999956 0.009302 -0.000911
vn -0.999967 0.008068 -0.001203
vn -1.000000 0.000000 0.000000
vn -1.000000 0.000000 0.000000
vn -1.000000 0.000000 0.000000
vn -1.000000 0.000000 0.000000
vn -1.000000 0.000000 0.000000
vn -1.000000 0.000000 0.000000
vn -1.000000 0.000000 0.000000
vn -1.000000 0.000000 0.000000
vn -1.000000 0.000000 0.000000
vn -1.000000 0.000000 0.000000
vn -1.000000 0.000000 0.000000
vn -1.000000 0.000000 0.000000
vn -1.000000 0.000000 0.000000
vn -1.000000 0.000000 0.000000
vn -0.684902 -0.453167 0.570568
vn -0.755040 -0.322841 0.570691
vn -0.638284 -0.403619 0.655504
vn -0.873601 -0.181167 0.451663
vn -0.779114 -0.337814 0.528076
vn -0.919230 -0.158504 0.360406
vn -0.712816 -0.472006 0.518751
vn -0.977329 -0.091560 0.190904
vn -0.864753 -0.376610 0.332215
vn -0.576518 -0.614102 0.538986
vn -0.420470 -0.671022 0.610684
vn -0.394653 -0.798349 0.454849
vn -0.003611 -0.876786 0.480868
vn -0.000559 -0.827617 0.561293
vn -0.001322 -0.854875 0.518833
vn -0.096441 -0.827214 0.553549
vn -0.006717 -0.871797 0.489821
vn -0.271908 -0.798444 0.537172
vn -0.655972 -0.627691 0.419171
vn -0.541681 -0.551369 0.634487
vn -0.581630 -0.466455 0.666428
vn -0.465193 -0.580022 0.668707
vn -0.435786 -0.577671 0.690208
vn -0.332380 -0.614134 0.715795
vn -0.001254 -0.809908 0.586556
vn -0.265076 -0.705696 0.657060
vn -0.165761 -0.725872 0.667557
vn -0.285505 -0.671780 0.683519
vn 0.676500 0.735749 -0.031947
vn 0.923188 0.383908 -0.018424
vn 0.999991 0.004087 -0.001385
vn 0.924144 0.357697 -0.134203
vn 0.924380 0.365880 -0.107949
vn 0.999988 0.004652 -0.001303
vn 0.924355 0.370097 -0.092718
vn 0.999988 0.004836 -0.001125
vn 0.924164 0.374764 -0.073974
vn 0.999986 0.005283 -0.000950
vn 0.924373 0.377529 -0.054825
vn 0.999996 0.002966 -0.000380
vn 0.924276 0.380056 -0.035666
vn 0.999969 0.007870 -0.000605
vn 0.999948 0.010156 -0.000358
vn 0.002617 0.999494 -0.031710
vn 0.415351 0.908881 -0.037679
vn 0.004461 0.997895 -0.064699
vn 0.420870 0.904058 -0.074478
vn 0.001651 0.995399 -0.095807
vn 0.005349 0.993370 -0.114836
vn 0.432761 0.893835 -0.117373
vn 0.002357 0.987221 -0.159341
vn 0.382543 0.909339 -0.163596
vn 0.003047 0.981458 -0.191652
vn 0.394613 0.894504 -0.210100
vn 0.002828 0.973203 -0.229930
vn 0.007596 0.965757 -0.259336
vn 0.441948 0.863153 -0.244232
vn 0.001567 0.958597 -0.284763
vn 0.391126 0.870423 -0.298971
vn 0.000655 0.951160 -0.308699
vn 0.706775 0.704762 -0.061480
vn 0.707110 0.700416 -0.097021
vn 0.707091 0.694620 -0.132385
vn 0.707192 0.686942 -0.167304
vn 0.717056 0.669650 -0.193389
vn 0.722316 0.650753 -0.234051
vn -0.000543 0.966210 -0.257754
vn -0.000384 0.957823 -0.287359
vn -0.175187 0.963192 -0.203889
vn -0.002436 0.970364 -0.241636
vn -0.268279 0.947283 -0.175162
vn -0.501309 0.864319 -0.040520
vn -0.496200 0.866309 0.057392
vn -0.667361 0.742870 0.052667
vn -0.335778 0.924173 -0.182095
vn -0.558993 0.826128 -0.070992
vn -0.618812 0.777415 -0.112688
vn -0.769920 0.638065 0.009807
vn -0.812492 0.580600 -0.052535
vn -0.927727 0.372560 0.022844
vn -0.883116 0.463162 0.074752
vn -0.952329 0.288929 0.097925
vn -0.858071 0.502058 0.107943
vn -0.707228 0.706193 0.033456
vn -0.730798 0.665443 0.152055
vn -0.712867 0.688712 0.132278
vn -0.430851 0.897460 -0.094514
vn -0.160737 0.962591 -0.218135
vn -0.000769 0.945014 -0.327029
vn -0.110744 0.961643 -0.250956
vn 0.001123 0.955245 -0.295815
vn -0.175029 0.979941 -0.095297
vn -0.340805 0.932900 -0.116405
vn -0.923082 0.377823 -0.071901
vn -0.669631 0.727846 -0.147765
vn -0.394916 0.898911 -0.189737
vn -0.001093 0.977376 -0.211508
vn -0.395052 0.914843 -0.083645
vn -0.404058 0.911511 -0.076714
vn -0.414649 0.907382 -0.068739
vn -0.734733 0.677706 -0.029707
vn -0.440040 0.896971 -0.042515
vn -0.382556 0.906979 -0.176183
vn -0.002093 0.984564 -0.175010
vn -0.399824 0.906661 -0.134563
vn -0.001342 0.988137 -0.153572
vn -0.003786 0.993904 -0.110182
vn -0.421575 0.902834 -0.084649
vn -0.001575 0.996461 -0.084046
vn -0.005300 0.998260 -0.058724
vn -0.002744 0.999721 -0.023464
vn -0.922637 0.385308 -0.016700
vn -0.924174 0.380722 -0.030860
vn -0.924194 0.378640 -0.049971
vn -0.924191 0.375945 -0.067355
vn -0.700355 0.701921 -0.129653
vn -0.706805 0.700710 -0.097124
vn -0.706689 0.704825 -0.061753
vn 1.000000 0.000000 0.000000
vn 1.000000 0.000000 0.000000
vn 0.999949 -0.009760 0.002751
vn 0.999949 -0.010083 0.001025
vn 0.999949 -0.010096 -0.000733
vn 0.999949 -0.009803 -0.002458
vn 0.999949 -0.009211 -0.004105
vn 0.999949 -0.008337 -0.005617
vn 0.999950 -0.007218 -0.006948
vn 0.999900 -0.012738 0.006125
vn 1.000000 0.000000 0.000000
vn 1.000000 0.000000 0.000000
vn 1.000000 0.000000 0.000000
vn 1.000000 0.000000 0.000000
vn 1.000000 0.000000 0.000000
vn 1.000000 0.000000 0.000000
vn 1.000000 0.000000 0.000000
vn 1.000000 0.000000 0.000000
vn 0.999997 0.002357 -0.001187
vn 0.999950 0.007990 -0.005951
vn 0.999950 0.006871 -0.007271
vn 0.999950 0.005535 -0.008379
vn 0.999949 0.004018 -0.009237
vn 0.999949 0.002368 -0.009814
vn 0.999949 0.000638 -0.010097
vn 0.999949 -0.001114 -0.010067
vn 0.999949 -0.002839 -0.009733
vn 0.999949 -0.004479 -0.009098
vn 0.999899 -0.008369 -0.011458
vn 1.000000 0.000000 0.000000
vn 1.000000 0.000000 0.000000
vn 1.000000 0.000000 0.000000
vn 1.000000 0.000000 0.000000
vn 1.000000 0.000000 0.000000
vn -0.473863 0.691874 -0.544761
vn -0.484482 0.770970 -0.413380
vn -0.007585 0.857928 -0.513715
vn -0.003779 -0.541360 -0.840783
vn -0.008093 -0.663783 -0.747881
vn -0.482624 -0.541608 -0.688284
vn -0.004220 -0.887390 -0.461001
vn -0.004916 -0.948004 -0.318221
vn -0.485232 -0.811836 -0.324765
vn -0.473549 -0.862184 -0.179974
vn -0.473281 -0.463151 0.749331
vn -0.480359 -0.584695 0.653748
vn -0.017867 -0.615678 0.787796
vn -0.473727 -0.027237 0.880250
vn -0.483461 -0.179009 0.856867
vn -0.019717 -0.155066 0.987707
vn -0.473557 0.416199 0.776223
vn -0.485748 0.272942 0.830392
vn -0.014074 0.363922 0.931323
vn -0.473151 0.871840 -0.126586
vn -0.481158 0.876201 0.027545
vn -0.022222 0.999406 -0.026352
vn -0.471760 0.819397 0.325624
vn -0.032060 0.957815 0.285590
vn -0.498971 0.850057 0.168612
vn -0.017197 0.980092 0.197796
vn -0.015231 0.993743 0.110648
vn -0.473488 0.670722 0.570912
vn -0.027135 0.808773 0.587495
vn -0.517452 0.735761 0.436920
vn -0.021318 0.884758 0.465562
vn -0.010915 0.914931 0.403462
vn -0.471258 0.548829 0.690437
vn -0.021130 0.671763 0.740465
vn -0.009133 0.763668 0.645544
vn -0.015137 0.406545 0.913506
vn -0.029180 0.550966 0.834017
vn -0.010795 0.572257 0.820003
vn -0.011053 -0.088517 0.996013
vn -0.030262 0.055826 0.997982
vn -0.485647 0.128773 0.864618
vn -0.018238 0.117267 0.992933
vn -0.015372 0.226153 0.973970
vn -0.012590 -0.561221 0.827570
vn -0.032953 -0.446535 0.894159
vn -0.494362 -0.316307 0.809664
vn -0.015928 -0.375028 0.926876
vn -0.017740 -0.281848 0.959295
vn -0.005848 -0.920622 0.390411
vn -0.005918 -0.903061 0.429472
vn -0.470750 -0.776410 0.419026
vn -0.008100 -0.845363 0.534132
vn -0.501411 -0.673940 0.542578
vn -0.017282 -0.760810 0.648745
vn -0.018345 -0.723723 0.689847
vn -0.002764 -0.982746 0.184942
vn -0.010820 -0.971568 0.236514
vn -0.455213 -0.879472 0.138960
vn -0.517445 -0.807591 0.282927
vn -0.005304 -0.963300 -0.268374
vn -0.011160 -0.993418 -0.113999
vn -0.479079 -0.877401 -0.025504
vn -0.006935 -0.996713 -0.080716
vn -0.004638 -0.999128 0.041483
vn -0.007052 -0.833784 -0.552045
vn -0.488908 -0.744076 -0.455325
vn -0.009522 -0.794132 -0.607671
vn -0.474025 -0.656784 -0.586459
vn -0.003035 -0.690789 -0.723050
vn -0.007126 -0.464060 -0.885775
vn -0.496829 -0.417096 -0.761047
vn -0.009184 -0.382824 -0.923775
vn -0.472787 -0.276667 -0.836617
vn -0.003138 -0.244346 -0.969683
vn -0.009104 -0.216734 -0.976188
vn -0.517026 -0.138074 -0.844760
vn -0.006024 -0.053316 -0.998559
vn -0.474694 0.007691 -0.880117
vn -0.003935 0.020963 -0.999773
vn -0.008721 0.130058 -0.991468
vn -0.469605 0.177757 -0.864797
vn -0.005634 0.248303 -0.968666
vn -0.005637 0.286432 -0.958084
vn -0.517538 0.302126 -0.800546
vn -0.010618 0.445369 -0.895284
vn -0.452849 0.458710 -0.764534
vn -0.002780 0.482545 -0.875867
vn -0.002954 0.831823 -0.555033
vn -0.010270 0.731710 -0.681539
vn -0.483002 0.581364 -0.654771
vn -0.006694 0.697048 -0.716993
vn -0.004833 0.607113 -0.794601
vn -0.010133 0.996377 -0.084440
vn -0.029563 0.973290 -0.227667
vn -0.491615 0.825355 -0.277677
vn -0.018971 0.955911 -0.293042
vn -0.005973 0.919417 -0.393239
vn -0.833905 -0.408622 -0.370985
vn -0.833980 -0.466732 -0.294345
vn -0.833962 -0.510788 -0.208813
vn -0.834034 -0.539179 -0.116936
vn -0.833968 -0.551392 -0.021538
vn -0.833974 -0.546746 0.074545
vn -0.833966 -0.525501 0.168374
vn -0.833972 -0.488274 0.257059
vn -0.833965 -0.337946 -0.436229
vn -0.833972 -0.257059 -0.488274
vn -0.833966 -0.168374 -0.525501
vn -0.833974 -0.074545 -0.546746
vn -0.833968 0.021538 -0.551392
vn -0.834034 0.116936 -0.539179
vn -0.833962 0.208813 -0.510788
vn -0.833980 0.294345 -0.466732
vn -0.833905 0.370985 -0.408622
vn -0.833965 0.436229 -0.337946
vn -0.833972 0.488274 -0.257059
vn -0.833966 0.525501 -0.168374
vn -0.833974 0.546746 -0.074545
vn -0.833968 0.551392 0.021538
vn -0.834034 0.539179 0.116936
vn -0.833962 0.510788 0.208813
vn -0.833980 0.466732 0.294345
vn -0.833905 0.408622 0.370985
vn -0.833965 0.337946 0.436229
vn -0.833972 0.257059 0.488274
vn -0.833966 0.168374 0.525501
vn -0.833974 0.074545 0.546746
vn -0.833968 -0.021538 0.551392
vn -0.834034 -0.116936 0.539179
vn -0.833962 -0.208813 0.510788
vn -0.833980 -0.294345 0.466732
vn -0.833905 -0.370985 0.408622
vn -0.833965 -0.436229 0.337946
vn -0.995887 -0.062641 -0.065462
vn -0.995890 -0.073025 -0.053574
vn -0.995887 -0.081258 -0.040077
vn -0.995887 -0.086973 -0.025385
vn -0.995891 -0.090025 -0.009875
vn -0.995890 -0.090380 0.005903
vn -0.995891 -0.087972 0.021508
vn -0.995889 -0.082916 0.036465
vn -0.995892 -0.075302 0.050290
vn -0.995892 -0.050290 -0.075302
vn -0.995889 -0.036465 -0.082916
vn -0.995891 -0.021508 -0.087972
vn -0.995890 -0.005903 -0.090380
vn -0.995891 0.009875 -0.090025
vn -0.995887 0.025385 -0.086973
vn -0.995887 0.040077 -0.081258
vn -0.995890 0.053574 -0.073025
vn -0.995887 0.065462 -0.062641
vn -0.995892 0.075302 -0.050290
vn -0.995889 0.082916 -0.036465
vn -0.995891 0.087972 -0.021508
vn -0.995890 0.090380 -0.005903
vn -0.995891 0.090025 0.009875
vn -0.995887 0.086973 0.025385
vn -0.995887 0.081258 0.040077
vn -0.995890 0.073025 0.053574
vn -0.995887 0.062641 0.065462
vn -0.995892 0.050290 0.075302
vn -0.995889 0.036465 0.082916
vn -0.995891 0.021508 0.087972
vn -0.995890 0.005903 0.090380
vn -0.995891 -0.009875 0.090025
vn -0.995887 -0.025385 0.086973
vn -0.995887 -0.040077 0.081258
vn -0.995890 -0.053574 0.073025
vn -0.995887 -0.065462 0.062641
vn -0.919541 0.298243 0.255922
vn -0.919482 0.338307 0.200254
vn -0.919566 0.367722 0.138486
vn -0.919448 0.386467 0.072523
vn -0.919444 0.393198 0.004242
vn -0.919539 0.387756 -0.063974
vn -0.919481 0.370871 -0.130419
vn -0.919498 0.342550 -0.192831
vn -0.919528 0.303813 -0.249329
vn -0.919541 0.255922 -0.298243
vn -0.919528 0.249329 0.303813
vn -0.919463 0.192889 0.342609
vn -0.919457 0.130424 0.370928
vn -0.919539 0.063974 0.387756
vn -0.919444 -0.004242 0.393198
vn -0.919448 -0.072523 0.386467
vn -0.919566 -0.138486 0.367722
vn -0.919482 -0.200254 0.338307
vn -0.919541 -0.255922 0.298243
vn -0.919528 -0.303813 0.249329
vn -0.919498 -0.342550 0.192831
vn -0.919481 -0.370871 0.130419
vn -0.919539 -0.387756 0.063974
vn -0.919444 -0.393198 -0.004242
vn -0.919448 -0.386467 -0.072523
vn -0.919566 -0.367722 -0.138486
vn -0.919482 -0.338307 -0.200254
vn -0.919541 -0.298243 -0.255922
vn -0.919528 -0.249329 -0.303813
vn -0.919463 -0.192889 -0.342609
vn -0.919457 -0.130424 -0.370928
vn -0.919539 -0.063974 -0.387756
vn -0.919444 0.004242 -0.393198
vn -0.919448 0.072523 -0.386467
vn -0.919566 0.138486 -0.367722
vn -0.919482 0.200254 -0.338307
vn -0.613393 0.586008 0.529475
vn -0.614006 0.670124 0.417050
vn -0.615338 0.732352 0.291581
vn -0.617250 0.770913 0.157148
vn -0.619374 0.784888 0.018098
vn -0.621828 0.773792 -0.120730
vn -0.625084 0.737782 -0.254849
vn -0.628734 0.678453 -0.379992
vn -0.632722 0.598063 -0.491918
vn -0.637457 0.499136 -0.586952
vn -0.642361 0.385301 -0.662507
vn -0.679652 0.447578 0.581160
vn -0.642580 0.381090 0.664727
vn -0.637761 0.258689 0.725494
vn -0.632693 0.127090 0.763903
vn -0.628803 -0.010185 0.777498
vn -0.625267 -0.148218 0.766207
vn -0.621840 -0.282397 0.730457
vn -0.619105 -0.408273 0.670837
vn -0.617031 -0.521688 0.589164
vn -0.615057 -0.618822 0.488635
vn -0.614127 -0.696162 0.371762
vn -0.627500 -0.740085 0.241904
vn -0.659263 -0.743669 0.111029
vn -0.642746 -0.766076 -0.002397
vn -0.638073 -0.757377 -0.138722
vn -0.632956 -0.724878 -0.271881
vn -0.628765 -0.668250 -0.397613
vn -0.625096 -0.589557 -0.511545
vn -0.621450 -0.491690 -0.609951
vn -0.618893 -0.376967 -0.689106
vn -0.616760 -0.249515 -0.746558
vn -0.614923 -0.113769 -0.780337
vn -0.614084 0.026109 -0.788809
vn -0.613472 0.165479 -0.772184
vn -0.679509 0.279646 -0.678281
vn -0.017221 0.997860 0.063075
vn -0.008569 0.986391 0.164195
vn -0.283507 0.949047 0.137597
vn -0.015614 0.931835 0.362547
vn -0.012588 0.899451 0.436841
vn -0.302710 0.865077 0.400010
vn -0.008662 -0.640453 0.767948
vn -0.008241 -0.739375 0.673244
vn -0.148212 -0.653241 0.742502
vn -0.825848 -0.173597 0.536507
vn -0.762840 -0.272079 0.586556
vn -0.453114 -0.507829 0.732664
vn -0.578818 -0.362881 0.730265
vn -0.305117 -0.533533 0.788826
vn -0.013489 -0.592436 0.805505
vn -0.011650 -0.478385 0.878073
vn -0.314848 -0.402488 0.859578
vn -0.020960 -0.387063 0.921815
vn -0.277484 -0.268609 0.922416
vn -0.007634 -0.331949 0.943266
vn -0.276560 0.177843 0.944397
vn -0.013653 0.081740 0.996560
vn -0.324303 0.031693 0.945422
vn -0.018904 -0.055680 0.998270
vn -0.302737 -0.109632 0.946748
vn -0.012671 -0.124616 0.992124
vn -0.006510 -0.217937 0.975941
vn -0.026034 0.356155 0.934064
vn -0.006370 0.258565 0.965973
vn -0.009077 0.152230 0.988303
vn -0.007590 0.543268 0.839525
vn -0.008339 0.401539 0.915804
vn -0.279674 0.459710 0.842881
vn -0.330392 0.321268 0.887484
vn -0.016609 0.600092 0.799759
vn -0.304730 0.587347 0.749775
vn -0.015221 0.679075 0.733911
vn -0.316066 0.690382 0.650749
vn -0.020597 0.755550 0.654768
vn -0.277257 0.791988 0.543952
vn -0.008246 0.790767 0.612061
vn -0.008344 0.858559 0.512646
vn -0.010019 0.993662 -0.111959
vn -0.014004 0.998280 -0.056934
vn -0.276052 0.961114 -0.007430
vn -0.006660 0.969003 -0.246957
vn -0.532149 0.833898 0.146393
vn -0.823298 0.535153 0.189189
vn -0.574659 0.780257 0.246915
vn -0.939107 0.305316 0.157672
vn -0.954441 0.241297 0.175550
vn -0.954424 0.211011 0.211067
vn -0.954421 0.175537 0.241385
vn -0.954423 0.135727 0.265811
vn -0.961550 0.084153 0.261420
vn -0.944661 0.049717 0.324260
vn -0.954411 0.000733 0.298495
vn -0.954415 -0.045827 0.294944
vn -0.961229 -0.081228 0.263516
vn -0.577097 -0.239938 0.780634
vn -0.577311 -0.115165 0.808362
vn -0.577151 0.012084 0.816548
vn -0.577088 0.139327 0.804710
vn -0.577153 0.263108 0.773090
vn -0.577286 0.380493 0.722472
vn -0.577107 0.488421 0.654517
vn -0.576994 0.584591 0.570378
vn -0.577110 0.666318 0.472192
vn -0.577225 0.731739 0.362450
vn -0.013785 0.971428 0.236935
vn -0.325744 0.907456 0.265356
vn -0.820336 -0.082366 0.565919
vn -0.820392 0.006874 0.571760
vn -0.820349 0.095967 0.563754
vn -0.820284 0.182675 0.542000
vn -0.820343 0.264954 0.506790
vn -0.820376 0.340715 0.459235
vn -0.820350 0.408159 0.400539
vn -0.820306 0.465648 0.332069
vn -0.798517 0.535092 0.275767
vn 0.923840 -0.334710 0.185713
vn 0.924094 -0.361160 0.124955
vn 0.923892 -0.377797 0.060769
vn 0.923816 -0.382800 -0.005375
vn 0.924088 -0.375484 -0.071222
vn 0.923992 -0.357771 -0.135048
vn 0.923962 -0.329144 -0.194829
vn 0.923878 -0.290689 -0.248898
vn 0.923891 -0.243340 -0.295315
vn 0.924117 -0.188465 -0.332398
vn 0.923954 -0.128337 -0.360332
vn 0.923903 -0.064192 -0.377204
vn 0.924095 0.001836 -0.382157
vn 0.924042 0.067828 -0.376226
vn 0.924102 0.131738 -0.358721
vn 0.924077 0.191723 -0.330640
vn 0.924114 0.245835 -0.292539
vn 0.923912 0.293021 -0.246017
vn 0.923872 0.331195 -0.191757
vn 0.001066 0.723561 -0.690260
vn 0.000960 0.824523 -0.565827
vn 0.372385 0.735085 -0.566550
vn 0.001107 0.843419 -0.537255
vn 0.443673 0.795930 -0.411885
vn 0.002357 0.915955 -0.401274
vn 0.001863 0.669038 -0.743226
vn 0.438501 0.605252 -0.664369
vn 0.003031 0.585332 -0.810788
vn 0.444414 0.486126 -0.752448
vn 0.002055 0.483209 -0.875503
vn 0.384346 0.367891 -0.846720
vn 0.000601 0.448394 -0.893836
vn 0.002514 0.290566 -0.956852
vn 0.413635 0.208268 -0.886302
vn 0.000502 0.248478 -0.968637
vn 0.002779 0.104286 -0.994543
vn 0.420334 0.036537 -0.906633
vn 0.000788 -0.018491 -0.999829
vn 0.002584 -0.062065 -0.998069
vn 0.428152 -0.110170 -0.896966
vn 0.001123 -0.224873 -0.974387
vn 0.409726 -0.258704 -0.874755
vn 0.000694 -0.271652 -0.962395
vn 0.002415 -0.403309 -0.915061
vn 0.429410 -0.414140 -0.802555
vn 0.000771 -0.499496 -0.866316
vn 0.002843 -0.555051 -0.831811
vn 0.438651 -0.538634 -0.719346
vn 0.001110 -0.676862 -0.736109
vn 0.406582 -0.659745 -0.632003
vn 0.000590 -0.705014 -0.709194
vn 0.001986 -0.803751 -0.594962
vn 0.431378 -0.755694 -0.492788
vn 0.000763 -0.855577 -0.517675
vn 0.002902 -0.896729 -0.442571
vn 0.443327 -0.822735 -0.355765
vn 0.002447 -0.946673 -0.322185
vn 0.375568 -0.902535 -0.210664
vn 0.000583 -0.958546 -0.284937
vn 0.001877 -0.925917 0.377722
vn 0.000774 -0.974459 0.224563
vn 0.362858 -0.892586 0.267628
vn 0.002387 -0.983197 0.182530
vn 0.445220 -0.889841 0.099813
vn 0.002789 -0.997971 0.063607
vn 0.437149 -0.898124 -0.047685
vn 0.001799 -0.999119 -0.041924
vn 0.000818 -0.992555 -0.121798
vn 0.001025 -0.904021 0.427487
vn 0.443073 -0.801081 0.402436
vn 0.003349 -0.839382 0.543531
vn 0.706628 -0.626211 0.329450
vn 0.706721 -0.673617 0.216298
vn 0.706891 -0.700682 0.096696
vn 0.707275 -0.706472 -0.025685
vn 0.707670 -0.691054 -0.147132
vn 0.707079 -0.655799 -0.264514
vn 0.706417 -0.600822 -0.374150
vn 0.706318 -0.527276 -0.472328
vn 0.706544 -0.437729 -0.556047
vn 0.706820 -0.335040 -0.623020
vn 0.705844 -0.222585 -0.672488
vn 0.706824 -0.103166 -0.699826
vn 0.706726 0.019263 -0.707225
vn 0.706066 0.141215 -0.693923
vn 0.706954 0.258553 -0.658305
vn 0.707118 0.368265 -0.603627
vn 0.706751 0.467188 -0.531261
vn 0.706484 0.552086 -0.442812
vn 0.706711 0.620050 -0.340730
# 1669 vertices, 0 vertices normals

f 1//1 2//2 3//3
f 3//3 2//2 4//4
f 3//3 4//4 5//5
f 5//5 6//6 3//3
f 3//3 6//6 7//7
f 3//3 7//7 8//8
f 9//9 10//10 11//11
f 8//8 12//12 3//3
f 3//3 12//12 9//9
f 3//3 9//9 13//13
f 13//13 9//9 11//11
f 14//14 15//15 16//16
f 16//16 15//15 17//17
f 16//16 17//17 18//18
f 19//19 20//20 21//21
f 21//21 20//20 22//22
f 21//21 22//22 23//23
f 24//24 25//25 26//26
f 26//26 25//25 27//27
f 26//26 27//27 28//28
f 29//29 30//30 31//31
f 31//31 30//30 32//32
f 31//31 32//32 33//33
f 34//34 35//35 36//36
f 36//36 35//35 37//37
f 36//36 37//37 38//38
f 39//39 40//40 41//41
f 41//41 40//40 42//42
f 41//41 42//42 43//43
f 44//44 45//45 46//46
f 46//46 45//45 47//47
f 46//46 47//47 48//48
f 49//49 50//50 51//51
f 51//51 50//50 52//52
f 51//51 52//52 53//53
f 54//54 55//55 56//56
f 56//56 55//55 57//57
f 56//56 57//57 58//58
f 59//59 60//60 61//61
f 61//61 60//60 62//62
f 61//61 62//62 63//63
f 64//64 65//65 66//66
f 66//66 65//65 67//67
f 66//66 67//67 68//68
f 69//69 70//70 71//71
f 71//71 70//70 72//72
f 71//71 72//72 73//73
f 74//74 2//2 75//75
f 75//75 2//2 1//1
f 75//75 1//1 76//76
f 76//76 1//1 3//3
f 11//11 77//77 78//78
f 11//11 78//78 13//13
f 13//13 78//78 76//76
f 13//13 76//76 3//3
f 9//9 79//79 80//80
f 9//9 80//80 10//10
f 10//10 80//80 77//77
f 10//10 77//77 11//11
f 8//8 81//81 82//82
f 8//8 82//82 12//12
f 12//12 82//82 79//79
f 12//12 79//79 9//9
f 6//6 83//83 84//84
f 6//6 84//84 7//7
f 7//7 84//84 81//81
f 7//7 81//81 8//8
f 4//4 85//85 86//86
f 4//4 86//86 5//5
f 5//5 86//86 83//83
f 5//5 83//83 6//6
f 85//85 4//4 74//74
f 74//74 4//4 2//2
f 87//87 88//88 89//89
f 89//89 88//88 42//42
f 89//89 42//42 40//40
f 90//90 91//91 92//92
f 92//92 91//91 37//37
f 92//92 37//37 35//35
f 93//93 94//94 95//95
f 95//95 94//94 72//72
f 95//95 72//72 70//70
f 96//96 97//97 98//98
f 98//98 97//97 67//67
f 98//98 67//67 65//65
f 99//99 100//100 101//101
f 101//101 100//100 62//62
f 101//101 62//62 60//60
f 102//102 103//103 104//104
f 104//104 103//103 57//57
f 104//104 57//57 55//55
f 105//105 106//106 107//107
f 107//107 106//106 32//32
f 107//107 32//32 30//30
f 108//108 109//109 110//110
f 110//110 109//109 27//27
f 110//110 27//27 25//25
f 111//111 112//112 20//20
f 20//20 112//112 113//113
f 20//20 113//113 22//22
f 114//114 115//115 116//116
f 116//116 115//115 17//17
f 116//116 17//17 15//15
f 117//117 118//118 119//119
f 119//119 118//118 52//52
f 119//119 52//52 50//50
f 120//120 121//121 45//45
f 45//45 121//121 122//122
f 45//45 122//122 47//47
f 123//123 21//21 23//23
f 123//123 23//23 124//124
f 124//124 23//23 125//125
f 124//124 125//125 126//126
f 126//126 125//125 127//127
f 126//126 127//127 128//128
f 128//128 127//127 129//129
f 128//128 129//129 130//130
f 130//130 129//129 14//14
f 130//130 14//14 16//16
f 19//19 21//21 131//131
f 19//19 131//131 132//132
f 132//132 131//131 133//133
f 132//132 133//133 134//134
f 134//134 133//133 135//135
f 134//134 135//135 136//136
f 136//136 135//135 137//137
f 136//136 137//137 18//18
f 18//18 137//137 138//138
f 18//18 138//138 16//16
f 139//139 31//31 33//33
f 139//139 33//33 140//140
f 140//140 33//33 141//141
f 140//140 141//141 142//142
f 142//142 141//141 143//143
f 142//142 143//143 144//144
f 144//144 143//143 145//145
f 144//144 145//145 146//146
f 146//146 145//145 24//24
f 146//146 24//24 26//26
f 29//29 31//31 147//147
f 29//29 147//147 148//148
f 148//148 147//147 149//149
f 148//148 149//149 150//150
f 150//150 149//149 151//151
f 150//150 151//151 152//152
f 152//152 151//151 153//153
f 152//152 153//153 28//28
f 28//28 153//153 154//154
f 28//28 154//154 26//26
f 155//155 41//41 43//43
f 155//155 43//43 156//156
f 156//156 43//43 157//157
f 156//156 157//157 158//158
f 158//158 157//157 159//159
f 158//158 159//159 160//160
f 160//160 159//159 161//161
f 160//160 161//161 162//162
f 162//162 161//161 34//34
f 162//162 34//34 36//36
f 39//39 41//41 163//163
f 39//39 163//163 164//164
f 164//164 163//163 165//165
f 164//164 165//165 166//166
f 166//166 165//165 167//167
f 166//166 167//167 168//168
f 168//168 167//167 169//169
f 168//168 169//169 38//38
f 38//38 169//169 170//170
f 38//38 170//170 36//36
f 44//44 46//46 171//171
f 44//44 171//171 172//172
f 172//172 171//171 173//173
f 172//172 173//173 174//174
f 174//174 173//173 175//175
f 174//174 175//175 176//176
f 176//176 175//175 177//177
f 176//176 177//177 53//53
f 53//53 177//177 178//178
f 53//53 178//178 51//51
f 49//49 51//51 179//179
f 49//49 179//179 180//180
f 180//180 179//179 181//181
f 180//180 181//181 182//182
f 182//182 181//181 183//183
f 182//182 183//183 184//184
f 184//184 183//183 185//185
f 184//184 185//185 48//48
f 48//48 185//185 186//186
f 48//48 186//186 46//46
f 187//187 61//61 63//63
f 187//187 63//63 188//188
f 188//188 63//63 189//189
f 188//188 189//189 190//190
f 190//190 189//189 191//191
f 190//190 191//191 192//192
f 192//192 191//191 193//193
f 192//192 193//193 194//194
f 194//194 193//193 54//54
f 194//194 54//54 56//56
f 59//59 61//61 195//195
f 59//59 195//195 196//196
f 196//196 195//195 197//197
f 196//196 197//197 198//198
f 198//198 197//197 199//199
f 198//198 199//199 200//200
f 200//200 199//199 201//201
f 200//200 201//201 58//58
f 58//58 201//201 202//202
f 58//58 202//202 56//56
f 64//64 66//66 203//203
f 64//64 203//203 204//204
f 204//204 203//203 205//205
f 204//204 205//205 206//206
f 206//206 205//205 207//207
f 206//206 207//207 208//208
f 208//208 207//207 209//209
f 208//208 209//209 73//73
f 73//73 209//209 210//210
f 73//73 210//210 71//71
f 69//69 71//71 211//211
f 69//69 211//211 212//212
f 212//212 211//211 213//213
f 212//212 213//213 214//214
f 214//214 213//213 215//215
f 214//214 215//215 216//216
f 216//216 215//215 217//217
f 216//216 217//217 68//68
f 68//68 217//217 218//218
f 68//68 218//218 66//66
f 219//219 220//220 221//221
f 221//221 220//220 222//222
f 223//223 81//81 84//84
f 224//224 225//225 226//226
f 227//227 228//228 85//85
f 229//229 230//230 231//231
f 231//231 230//230 223//223
f 231//231 223//223 232//232
f 84//84 83//83 223//223
f 223//223 83//83 86//86
f 223//223 86//86 232//232
f 232//232 86//86 85//85
f 232//232 85//85 233//233
f 233//233 85//85 228//228
f 77//77 234//234 78//78
f 78//78 234//234 235//235
f 78//78 235//235 76//76
f 76//76 235//235 236//236
f 76//76 236//236 75//75
f 75//75 236//236 237//237
f 75//75 237//237 74//74
f 79//79 238//238 80//80
f 80//80 238//238 239//239
f 80//80 239//239 77//77
f 77//77 239//239 240//240
f 77//77 240//240 234//234
f 241//241 242//242 243//243
f 243//243 242//242 244//244
f 243//243 244//244 245//245
f 245//245 244//244 246//246
f 245//245 246//246 229//229
f 229//229 246//246 247//247
f 229//229 247//247 230//230
f 237//237 224//224 74//74
f 74//74 224//224 226//226
f 74//74 226//226 85//85
f 85//85 226//226 248//248
f 85//85 248//248 227//227
f 223//223 249//249 81//81
f 81//81 249//249 250//250
f 81//81 250//250 82//82
f 82//82 250//250 251//251
f 82//82 251//251 79//79
f 79//79 251//251 252//252
f 79//79 252//252 238//238
f 253//253 254//254 255//255
f 255//255 254//254 256//256
f 40//40 39//39 164//164
f 35//35 34//34 161//161
f 257//257 37//37 258//258
f 258//258 37//37 91//91
f 258//258 91//91 259//259
f 259//259 91//91 90//90
f 259//259 90//90 260//260
f 260//260 90//90 92//92
f 260//260 92//92 261//261
f 262//262 42//42 263//263
f 263//263 42//42 88//88
f 263//263 88//88 264//264
f 264//264 88//88 87//87
f 264//264 87//87 265//265
f 265//265 87//87 89//89
f 265//265 89//89 266//266
f 43//43 42//42 157//157
f 157//157 42//42 262//262
f 157//157 262//262 159//159
f 159//159 262//262 267//267
f 159//159 267//267 161//161
f 161//161 267//267 261//261
f 161//161 261//261 35//35
f 35//35 261//261 92//92
f 38//38 37//37 168//168
f 168//168 37//37 257//257
f 168//168 257//257 166//166
f 166//166 257//257 268//268
f 166//166 268//268 164//164
f 164//164 268//268 266//266
f 164//164 266//266 40//40
f 40//40 266//266 89//89
f 70//70 69//69 212//212
f 65//65 64//64 204//204
f 269//269 67//67 270//270
f 270//270 67//67 97//97
f 270//270 97//97 271//271
f 271//271 97//97 96//96
f 271//271 96//96 272//272
f 272//272 96//96 98//98
f 272//272 98//98 273//273
f 274//274 72//72 275//275
f 275//275 72//72 94//94
f 275//275 94//94 276//276
f 276//276 94//94 93//93
f 276//276 93//93 277//277
f 277//277 93//93 95//95
f 277//277 95//95 278//278
f 73//73 72//72 208//208
f 208//208 72//72 274//274
f 208//208 274//274 206//206
f 206//206 274//274 279//279
f 206//206 279//279 204//204
f 204//204 279//279 273//273
f 204//204 273//273 65//65
f 65//65 273//273 98//98
f 68//68 67//67 216//216
f 216//216 67//67 269//269
f 216//216 269//269 214//214
f 214//214 269//269 280//280
f 214//214 280//280 212//212
f 212//212 280//280 278//278
f 212//212 278//278 70//70
f 70//70 278//278 95//95
f 60//60 59//59 196//196
f 55//55 54//54 193//193
f 281//281 57//57 282//282
f 282//282 57//57 103//103
f 282//282 103//103 283//283
f 283//283 103//103 102//102
f 283//283 102//102 284//284
f 284//284 102//102 104//104
f 284//284 104//104 285//285
f 286//286 62//62 287//287
f 287//287 62//62 100//100
f 287//287 100//100 288//288
f 288//288 100//100 99//99
f 288//288 99//99 289//289
f 289//289 99//99 101//101
f 289//289 101//101 290//290
f 63//63 62//62 189//189
f 189//189 62//62 286//286
f 189//189 286//286 191//191
f 191//191 286//286 291//291
f 191//191 291//291 193//193
f 193//193 291//291 285//285
f 193//193 285//285 55//55
f 55//55 285//285 104//104
f 58//58 57//57 200//200
f 200//200 57//57 281//281
f 200//200 281//281 198//198
f 198//198 281//281 292//292
f 198//198 292//292 196//196
f 196//196 292//292 290//290
f 196//196 290//290 60//60
f 60//60 290//290 101//101
f 30//30 29//29 148//148
f 25//25 24//24 145//145
f 293//293 27//27 294//294
f 294//294 27//27 109//109
f 294//294 109//109 295//295
f 295//295 109//109 108//108
f 295//295 108//108 296//296
f 296//296 108//108 110//110
f 296//296 110//110 297//297
f 298//298 32//32 299//299
f 299//299 32//32 106//106
f 299//299 106//106 300//300
f 300//300 106//106 105//105
f 300//300 105//105 301//301
f 301//301 105//105 107//107
f 301//301 107//107 302//302
f 33//33 32//32 141//141
f 141//141 32//32 298//298
f 141//141 298//298 143//143
f 143//143 298//298 303//303
f 143//143 303//303 145//145
f 145//145 303//303 297//297
f 145//145 297//297 25//25
f 25//25 297//297 110//110
f 28//28 27//27 152//152
f 152//152 27//27 293//293
f 152//152 293//293 150//150
f 150//150 293//293 304//304
f 150//150 304//304 148//148
f 148//148 304//304 302//302
f 148//148 302//302 30//30
f 30//30 302//302 107//107
f 20//20 19//19 132//132
f 15//15 14//14 129//129
f 305//305 17//17 306//306
f 306//306 17//17 115//115
f 306//306 115//115 307//307
f 307//307 115//115 114//114
f 307//307 114//114 308//308
f 308//308 114//114 116//116
f 308//308 116//116 309//309
f 310//310 22//22 311//311
f 311//311 22//22 113//113
f 311//311 113//113 312//312
f 312//312 113//113 112//112
f 312//312 112//112 313//313
f 313//313 112//112 111//111
f 313//313 111//111 314//314
f 23//23 22//22 125//125
f 125//125 22//22 310//310
f 125//125 310//310 127//127
f 127//127 310//310 315//315
f 127//127 315//315 129//129
f 129//129 315//315 309//309
f 129//129 309//309 15//15
f 15//15 309//309 116//116
f 18//18 17//17 136//136
f 136//136 17//17 305//305
f 136//136 305//305 134//134
f 134//134 305//305 316//316
f 134//134 316//316 132//132
f 132//132 316//316 314//314
f 132//132 314//314 20//20
f 20//20 314//314 111//111
f 50//50 49//49 180//180
f 45//45 44//44 172//172
f 317//317 47//47 318//318
f 318//318 47//47 122//122
f 318//318 122//122 319//319
f 319//319 122//122 121//121
f 319//319 121//121 320//320
f 320//320 121//121 120//120
f 320//320 120//120 321//321
f 322//322 52//52 323//323
f 323//323 52//52 118//118
f 323//323 118//118 324//324
f 324//324 118//118 117//117
f 324//324 117//117 325//325
f 325//325 117//117 119//119
f 325//325 119//119 326//326
f 53//53 52//52 176//176
f 176//176 52//52 322//322
f 176//176 322//322 174//174
f 174//174 322//322 327//327
f 174//174 327//327 172//172
f 172//172 327//327 321//321
f 172//172 321//321 45//45
f 45//45 321//321 120//120
f 48//48 47//47 184//184
f 184//184 47//47 317//317
f 184//184 317//317 182//182
f 182//182 317//317 328//328
f 182//182 328//328 180//180
f 180//180 328//328 326//326
f 180//180 326//326 50//50
f 50//50 326//326 119//119
f 254//254 253//253 329//329
f 329//329 253//253 330//330
f 329//329 330//330 331//331
f 331//331 330//330 332//332
f 331//331 332//332 333//333
f 333//333 332//332 334//334
f 333//333 334//334 335//335
f 335//335 334//334 336//336
f 335//335 336//336 337//337
f 337//337 336//336 338//338
f 337//337 338//338 339//339
f 339//339 338//338 340//340
f 341//341 342//342 343//343
f 341//341 343//343 344//344
f 344//344 343//343 345//345
f 344//344 345//345 346//346
f 346//346 345//345 347//347
f 346//346 347//347 348//348
f 348//348 347//347 349//349
f 348//348 349//349 350//350
f 349//349 351//351 350//350
f 350//350 351//351 352//352
f 350//350 352//352 353//353
f 353//353 352//352 354//354
f 353//353 354//354 355//355
f 355//355 354//354 356//356
f 355//355 356//356 357//357
f 357//357 356//356 358//358
f 357//357 358//358 359//359
f 358//358 360//360 359//359
f 359//359 360//360 361//361
f 359//359 361//361 362//362
f 362//362 361//361 363//363
f 362//362 363//363 364//364
f 364//364 363//363 365//365
f 364//364 365//365 366//366
f 366//366 365//365 367//367
f 366//366 367//367 368//368
f 367//367 369//369 368//368
f 368//368 369//369 370//370
f 368//368 370//370 371//371
f 371//371 370//370 372//372
f 371//371 372//372 373//373
f 373//373 372//372 374//374
f 373//373 374//374 375//375
f 375//375 374//374 376//376
f 375//375 376//376 377//377
f 376//376 378//378 377//377
f 377//377 378//378 379//379
f 377//377 379//379 380//380
f 380//380 379//379 381//381
f 380//380 381//381 382//382
f 382//382 381//381 383//383
f 382//382 383//383 384//384
f 384//384 383//383 385//385
f 384//384 385//385 386//386
f 386//386 385//385 387//387
f 386//386 387//387 388//388
f 388//388 387//387 389//389
f 388//388 389//389 390//390
f 390//390 389//389 391//391
f 390//390 391//391 392//392
f 392//392 391//391 393//393
f 392//392 393//393 394//394
f 394//394 393//393 395//395
f 394//394 395//395 396//396
f 395//395 397//397 396//396
f 396//396 397//397 398//398
f 396//396 398//398 399//399
f 399//399 398//398 400//400
f 399//399 400//400 401//401
f 401//401 400//400 402//402
f 401//401 402//402 403//403
f 403//403 402//402 404//404
f 403//403 404//404 405//405
f 404//404 406//406 405//405
f 405//405 406//406 407//407
f 405//405 407//407 408//408
f 408//408 407//407 409//409
f 408//408 409//409 410//410
f 410//410 409//409 411//411
f 410//410 411//411 412//412
f 412//412 411//411 413//413
f 412//412 413//413 414//414
f 413//413 415//415 414//414
f 414//414 415//415 416//416
f 414//414 416//416 417//417
f 417//417 416//416 418//418
f 417//417 418//418 419//419
f 419//419 418//418 420//420
f 419//419 420//420 421//421
f 421//421 420//420 422//422
f 421//421 422//422 423//423
f 422//422 424//424 423//423
f 423//423 424//424 425//425
f 423//423 425//425 426//426
f 426//426 425//425 427//427
f 426//426 427//427 428//428
f 428//428 427//427 429//429
f 428//428 429//429 430//430
f 430//430 429//429 431//431
f 430//430 431//431 432//432
f 341//341 433//433 342//342
f 342//342 433//433 434//434
f 342//342 434//434 435//435
f 435//435 434//434 432//432
f 435//435 432//432 436//436
f 436//436 432//432 431//431
f 437//437 438//438 439//439
f 439//439 438//438 440//440
f 439//439 440//440 441//441
f 441//441 440//440 442//442
f 441//441 442//442 443//443
f 443//443 442//442 444//444
f 443//443 444//444 340//340
f 340//340 444//444 445//445
f 446//446 447//447 448//448
f 448//448 447//447 438//438
f 448//448 438//438 449//449
f 449//449 438//438 437//437
f 449//449 437//437 450//450
f 450//450 437//437 451//451
f 450//450 451//451 452//452
f 453//453 454//454 455//455
f 456//456 457//457 458//458
f 437//437 439//439 459//459
f 441//441 443//443 460//460
f 332//332 330//330 461//461
f 461//461 330//330 253//253
f 461//461 253//253 462//462
f 332//332 461//461 334//334
f 334//334 461//461 463//463
f 334//334 463//463 336//336
f 336//336 463//463 460//460
f 336//336 460//460 338//338
f 338//338 460//460 443//443
f 338//338 443//443 340//340
f 464//464 452//452 451//451
f 451//451 465//465 464//464
f 464//464 465//465 466//466
f 464//464 466//466 467//467
f 467//467 466//466 458//458
f 467//467 458//458 468//468
f 468//468 458//458 457//457
f 468//468 457//457 469//469
f 451//451 437//437 465//465
f 465//465 437//437 459//459
f 465//465 459//459 466//466
f 466//466 459//459 470//470
f 466//466 470//470 458//458
f 458//458 470//470 455//455
f 458//458 455//455 456//456
f 456//456 455//455 454//454
f 439//439 441//441 459//459
f 459//459 441//441 460//460
f 459//459 460//460 470//470
f 470//470 460//460 463//463
f 470//470 463//463 455//455
f 455//455 463//463 461//461
f 455//455 461//461 453//453
f 453//453 461//461 462//462
f 471//471 472//472 473//473
f 473//473 472//472 474//474
f 475//475 476//476 456//456
f 456//456 476//476 477//477
f 456//456 477//477 457//457
f 457//457 477//477 469//469
f 253//253 255//255 462//462
f 462//462 255//255 478//478
f 462//462 478//478 453//453
f 453//453 478//478 479//479
f 453//453 479//479 454//454
f 454//454 479//479 480//480
f 454//454 480//480 456//456
f 456//456 480//480 474//474
f 456//456 474//474 475//475
f 475//475 474//474 472//472
f 481//481 482//482 483//483
f 484//484 485//485 486//486
f 474//474 480//480 487//487
f 479//479 478//478 488//488
f 489//489 490//490 491//491
f 491//491 490//490 492//492
f 491//491 492//492 493//493
f 489//489 491//491 494//494
f 494//494 491//491 495//495
f 494//494 495//495 496//496
f 496//496 495//495 488//488
f 496//496 488//488 497//497
f 497//497 488//488 478//478
f 497//497 478//478 255//255
f 498//498 471//471 473//473
f 473//473 499//499 498//498
f 498//498 499//499 500//500
f 498//498 500//500 501//501
f 501//501 500//500 486//486
f 501//501 486//486 502//502
f 502//502 486//486 485//485
f 502//502 485//485 503//503
f 473//473 474//474 499//499
f 499//499 474//474 487//487
f 499//499 487//487 500//500
f 500//500 487//487 504//504
f 500//500 504//504 486//486
f 486//486 504//504 483//483
f 486//486 483//483 484//484
f 484//484 483//483 482//482
f 480//480 479//479 487//487
f 487//487 479//479 488//488
f 487//487 488//488 504//504
f 504//504 488//488 495//495
f 504//504 495//495 483//483
f 483//483 495//495 491//491
f 483//483 491//491 481//481
f 481//481 491//491 493//493
f 126//126 505//505 124//124
f 124//124 505//505 506//506
f 124//124 506//506 123//123
f 123//123 506//506 507//507
f 123//123 507//507 21//21
f 21//21 507//507 508//508
f 21//21 508//508 131//131
f 131//131 508//508 509//509
f 131//131 509//509 133//133
f 133//133 509//509 510//510
f 133//133 510//510 135//135
f 135//135 510//510 511//511
f 135//135 511//511 137//137
f 137//137 511//511 512//512
f 137//137 512//512 138//138
f 138//138 512//512 513//513
f 138//138 513//513 16//16
f 16//16 513//513 514//514
f 16//16 514//514 130//130
f 130//130 514//514 515//515
f 130//130 515//515 128//128
f 128//128 515//515 516//516
f 128//128 516//516 126//126
f 126//126 516//516 505//505
f 142//142 517//517 140//140
f 140//140 517//517 518//518
f 140//140 518//518 139//139
f 139//139 518//518 519//519
f 139//139 519//519 31//31
f 31//31 519//519 520//520
f 31//31 520//520 147//147
f 147//147 520//520 521//521
f 147//147 521//521 149//149
f 149//149 521//521 522//522
f 149//149 522//522 151//151
f 151//151 522//522 523//523
f 151//151 523//523 153//153
f 153//153 523//523 524//524
f 153//153 524//524 154//154
f 154//154 524//524 525//525
f 154//154 525//525 26//26
f 26//26 525//525 526//526
f 26//26 526//526 146//146
f 146//146 526//526 527//527
f 146//146 527//527 144//144
f 144//144 527//527 528//528
f 144//144 528//528 142//142
f 142//142 528//528 517//517
f 158//158 529//529 156//156
f 156//156 529//529 530//530
f 156//156 530//530 155//155
f 155//155 530//530 531//531
f 155//155 531//531 41//41
f 41//41 531//531 532//532
f 41//41 532//532 163//163
f 163//163 532//532 533//533
f 163//163 533//533 165//165
f 165//165 533//533 534//534
f 165//165 534//534 167//167
f 167//167 534//534 535//535
f 167//167 535//535 169//169
f 169//169 535//535 536//536
f 169//169 536//536 170//170
f 170//170 536//536 537//537
f 170//170 537//537 36//36
f 36//36 537//537 538//538
f 36//36 538//538 162//162
f 162//162 538//538 539//539
f 162//162 539//539 160//160
f 160//160 539//539 540//540
f 160//160 540//540 158//158
f 158//158 540//540 529//529
f 175//175 541//541 177//177
f 177//177 541//541 542//542
f 177//177 542//542 178//178
f 178//178 542//542 543//543
f 178//178 543//543 51//51
f 51//51 543//543 544//544
f 51//51 544//544 179//179
f 179//179 544//544 545//545
f 179//179 545//545 181//181
f 181//181 545//545 546//546
f 181//181 546//546 183//183
f 183//183 546//546 547//547
f 183//183 547//547 185//185
f 185//185 547//547 548//548
f 185//185 548//548 186//186
f 186//186 548//548 549//549
f 186//186 549//549 46//46
f 46//46 549//549 550//550
f 46//46 550//550 171//171
f 171//171 550//550 551//551
f 171//171 551//551 173//173
f 173//173 551//551 552//552
f 173//173 552//552 175//175
f 175//175 552//552 541//541
f 190//190 553//553 188//188
f 188//188 553//553 554//554
f 188//188 554//554 187//187
f 187//187 554//554 555//555
f 187//187 555//555 61//61
f 61//61 555//555 556//556
f 61//61 556//556 195//195
f 195//195 556//556 557//557
f 195//195 557//557 197//197
f 197//197 557//557 558//558
f 197//197 558//558 199//199
f 199//199 558//558 559//559
f 199//199 559//559 201//201
f 201//201 559//559 560//560
f 201//201 560//560 202//202
f 202//202 560//560 561//561
f 202//202 561//561 56//56
f 56//56 561//561 562//562
f 56//56 562//562 194//194
f 194//194 562//562 563//563
f 194//194 563//563 192//192
f 192//192 563//563 564//564
f 192//192 564//564 190//190
f 190//190 564//564 553//553
f 207//207 565//565 209//209
f 209//209 565//565 566//566
f 209//209 566//566 210//210
f 210//210 566//566 567//567
f 210//210 567//567 71//71
f 71//71 567//567 568//568
f 71//71 568//568 211//211
f 211//211 568//568 569//569
f 211//211 569//569 213//213
f 213//213 569//569 570//570
f 213//213 570//570 215//215
f 215//215 570//570 571//571
f 215//215 571//571 217//217
f 217//217 571//571 572//572
f 217//217 572//572 218//218
f 218//218 572//572 573//573
f 218//218 573//573 66//66
f 66//66 573//573 574//574
f 66//66 574//574 203//203
f 203//203 574//574 575//575
f 203//203 575//575 205//205
f 205//205 575//575 576//576
f 205//205 576//576 207//207
f 207//207 576//576 565//565
f 222//222 577//577 221//221
f 221//221 577//577 578//578
f 577//577 222//222 579//579
f 579//579 222//222 220//220
f 579//579 220//220 580//580
f 219//219 581//581 220//220
f 220//220 581//581 580//580
f 221//221 578//578 219//219
f 219//219 578//578 582//582
f 219//219 582//582 581//581
f 225//225 583//583 226//226
f 226//226 583//583 584//584
f 224//224 585//585 225//225
f 225//225 585//585 583//583
f 237//237 586//586 224//224
f 224//224 586//586 585//585
f 236//236 587//587 237//237
f 237//237 587//587 586//586
f 587//587 236//236 235//235
f 587//587 235//235 588//588
f 588//588 235//235 234//234
f 588//588 234//234 589//589
f 589//589 234//234 240//240
f 589//589 240//240 590//590
f 590//590 240//240 239//239
f 590//590 239//239 591//591
f 591//591 239//239 238//238
f 591//591 238//238 592//592
f 592//592 238//238 252//252
f 592//592 252//252 593//593
f 593//593 252//252 251//251
f 593//593 251//251 594//594
f 594//594 251//251 250//250
f 594//594 250//250 595//595
f 595//595 250//250 249//249
f 595//595 249//249 596//596
f 596//596 249//249 223//223
f 596//596 223//223 597//597
f 597//597 223//223 230//230
f 597//597 230//230 598//598
f 598//598 230//230 247//247
f 598//598 247//247 599//599
f 599//599 247//247 246//246
f 599//599 246//246 600//600
f 600//600 246//246 244//244
f 600//600 244//244 601//601
f 242//242 602//602 244//244
f 244//244 602//602 601//601
f 241//241 603//603 242//242
f 242//242 603//603 602//602
f 243//243 604//604 241//241
f 241//241 604//604 603//603
f 604//604 243//243 245//245
f 604//604 245//245 605//605
f 605//605 245//245 229//229
f 605//605 229//229 606//606
f 606//606 229//229 231//231
f 606//606 231//231 607//607
f 607//607 231//231 232//232
f 607//607 232//232 608//608
f 608//608 232//232 233//233
f 608//608 233//233 609//609
f 609//609 233//233 228//228
f 609//609 228//228 610//610
f 610//610 228//228 227//227
f 610//610 227//227 611//611
f 611//611 227//227 248//248
f 611//611 248//248 612//612
f 226//226 584//584 248//248
f 248//248 584//584 612//612
f 613//613 492//492 614//614
f 614//614 492//492 490//490
f 614//614 490//490 615//615
f 615//615 490//490 489//489
f 615//615 489//489 616//616
f 616//616 489//489 494//494
f 616//616 494//494 617//617
f 617//617 494//494 496//496
f 617//617 496//496 618//618
f 618//618 496//496 497//497
f 618//618 497//497 256//256
f 256//256 497//497 255//255
f 619//619 620//620 621//621
f 621//621 620//620 622//622
f 503//503 485//485 623//623
f 623//623 485//485 484//484
f 623//623 484//484 624//624
f 620//620 624//624 622//622
f 622//622 624//624 484//484
f 622//622 484//484 625//625
f 625//625 484//484 482//482
f 625//625 482//482 626//626
f 626//626 482//482 481//481
f 626//626 481//481 627//627
f 627//627 481//481 493//493
f 627//627 493//493 628//628
f 628//628 493//493 492//492
f 339//339 629//629 630//630
f 630//630 629//629 631//631
f 630//630 631//631 632//632
f 632//632 631//631 633//633
f 632//632 633//633 634//634
f 634//634 633//633 635//635
f 634//634 635//635 636//636
f 636//636 635//635 637//637
f 638//638 639//639 640//640
f 640//640 639//639 636//636
f 640//640 636//636 641//641
f 641//641 636//636 637//637
f 641//641 637//637 642//642
f 642//642 637//637 643//643
f 642//642 643//643 644//644
f 645//645 646//646 647//647
f 648//648 649//649 650//650
f 632//632 634//634 651//651
f 636//636 639//639 652//652
f 653//653 654//654 655//655
f 653//653 655//655 656//656
f 656//656 655//655 657//657
f 656//656 657//657 658//658
f 658//658 657//657 652//652
f 658//658 652//652 659//659
f 659//659 652//652 639//639
f 659//659 639//639 638//638
f 339//339 630//630 337//337
f 337//337 630//630 660//660
f 337//337 660//660 335//335
f 335//335 660//660 333//333
f 333//333 660//660 661//661
f 333//333 661//661 331//331
f 331//331 661//661 650//650
f 331//331 650//650 329//329
f 329//329 650//650 649//649
f 329//329 649//649 254//254
f 630//630 632//632 660//660
f 660//660 632//632 651//651
f 660//660 651//651 661//661
f 661//661 651//651 662//662
f 661//661 662//662 650//650
f 650//650 662//662 647//647
f 650//650 647//647 648//648
f 648//648 647//647 646//646
f 634//634 636//636 651//651
f 651//651 636//636 652//652
f 651//651 652//652 662//662
f 662//662 652//652 657//657
f 662//662 657//657 647//647
f 647//647 657//657 655//655
f 647//647 655//655 645//645
f 645//645 655//655 654//654
f 256//256 254//254 663//663
f 663//663 254//254 649//649
f 663//663 649//649 664//664
f 664//664 649//649 648//648
f 664//664 648//648 665//665
f 665//665 648//648 646//646
f 665//665 646//646 666//666
f 666//666 646//646 645//645
f 666//666 645//645 667//667
f 667//667 645//645 654//654
f 667//667 654//654 668//668
f 668//668 654//654 653//653
f 669//669 670//670 671//671
f 672//672 673//673 674//674
f 664//664 665//665 675//675
f 666//666 667//667 676//676
f 677//677 678//678 679//679
f 677//677 679//679 680//680
f 680//680 679//679 681//681
f 680//680 681//681 682//682
f 682//682 681//681 676//676
f 682//682 676//676 683//683
f 683//683 676//676 667//667
f 683//683 667//667 668//668
f 256//256 663//663 618//618
f 618//618 663//663 684//684
f 618//618 684//684 617//617
f 617//617 684//684 616//616
f 616//616 684//684 685//685
f 616//616 685//685 615//615
f 615//615 685//685 674//674
f 615//615 674//674 614//614
f 614//614 674//674 673//673
f 614//614 673//673 613//613
f 663//663 664//664 684//684
f 684//684 664//664 675//675
f 684//684 675//675 685//685
f 685//685 675//675 686//686
f 685//685 686//686 674//674
f 674//674 686//686 671//671
f 674//674 671//671 672//672
f 672//672 671//671 670//670
f 665//665 666//666 675//675
f 675//675 666//666 676//676
f 675//675 676//676 686//686
f 686//686 676//676 681//681
f 686//686 681//681 671//671
f 671//671 681//681 679//679
f 671//671 679//679 669//669
f 669//669 679//679 678//678
f 687//687 688//688 689//689
f 678//678 677//677 690//690
f 687//687 689//689 691//691
f 692//692 613//613 693//693
f 693//693 613//613 673//673
f 693//693 673//673 694//694
f 694//694 673//673 672//672
f 694//694 672//672 695//695
f 695//695 672//672 670//670
f 695//695 670//670 696//696
f 696//696 670//670 669//669
f 696//696 669//669 689//689
f 689//689 669//669 678//678
f 689//689 678//678 691//691
f 691//691 678//678 690//690
f 266//266 697//697 265//265
f 265//265 697//697 698//698
f 265//265 698//698 264//264
f 264//264 698//698 699//699
f 264//264 699//699 263//263
f 263//263 699//699 700//700
f 263//263 700//700 262//262
f 262//262 700//700 701//701
f 262//262 701//701 267//267
f 267//267 701//701 702//702
f 267//267 702//702 261//261
f 261//261 702//702 703//703
f 261//261 703//703 260//260
f 260//260 703//703 704//704
f 260//260 704//704 259//259
f 259//259 704//704 705//705
f 259//259 705//705 258//258
f 258//258 705//705 706//706
f 258//258 706//706 257//257
f 257//257 706//706 707//707
f 257//257 707//707 268//268
f 268//268 707//707 708//708
f 268//268 708//708 266//266
f 266//266 708//708 697//697
f 278//278 709//709 277//277
f 277//277 709//709 710//710
f 277//277 710//710 276//276
f 276//276 710//710 711//711
f 276//276 711//711 275//275
f 275//275 711//711 712//712
f 275//275 712//712 274//274
f 274//274 712//712 713//713
f 274//274 713//713 279//279
f 279//279 713//713 714//714
f 279//279 714//714 273//273
f 273//273 714//714 715//715
f 273//273 715//715 272//272
f 272//272 715//715 716//716
f 272//272 716//716 717//717
f 717//717 716//716 718//718
f 717//717 718//718 270//270
f 270//270 718//718 719//719
f 270//270 719//719 269//269
f 269//269 719//719 720//720
f 269//269 720//720 280//280
f 280//280 720//720 721//721
f 280//280 721//721 278//278
f 278//278 721//721 709//709
f 290//290 722//722 289//289
f 289//289 722//722 723//723
f 289//289 723//723 288//288
f 288//288 723//723 724//724
f 288//288 724//724 287//287
f 287//287 724//724 725//725
f 287//287 725//725 286//286
f 286//286 725//725 726//726
f 286//286 726//726 291//291
f 291//291 726//726 727//727
f 291//291 727//727 285//285
f 285//285 727//727 728//728
f 285//285 728//728 284//284
f 284//284 728//728 729//729
f 284//284 729//729 283//283
f 283//283 729//729 730//730
f 283//283 730//730 282//282
f 282//282 730//730 731//731
f 282//282 731//731 281//281
f 281//281 731//731 732//732
f 281//281 732//732 292//292
f 292//292 732//732 733//733
f 292//292 733//733 290//290
f 290//290 733//733 722//722
f 734//734 735//735 736//736
f 736//736 735//735 737//737
f 736//736 737//737 738//738
f 738//738 737//737 739//739
f 738//738 739//739 740//740
f 740//740 739//739 741//741
f 740//740 741//741 742//742
f 742//742 741//741 743//743
f 742//742 743//743 744//744
f 744//744 743//743 745//745
f 744//744 745//745 746//746
f 746//746 745//745 747//747
f 746//746 747//747 748//748
f 748//748 747//747 749//749
f 748//748 749//749 750//750
f 750//750 749//749 751//751
f 750//750 751//751 752//752
f 752//752 751//751 753//753
f 752//752 753//753 754//754
f 754//754 753//753 755//755
f 754//754 755//755 756//756
f 756//756 755//755 757//757
f 756//756 757//757 758//758
f 758//758 757//757 759//759
f 758//758 759//759 760//760
f 760//760 759//759 761//761
f 760//760 761//761 762//762
f 762//762 761//761 763//763
f 762//762 763//763 764//764
f 764//764 763//763 765//765
f 764//764 765//765 766//766
f 766//766 765//765 767//767
f 766//766 767//767 768//768
f 768//768 767//767 769//769
f 768//768 769//769 770//770
f 770//770 769//769 771//771
f 770//770 771//771 772//772
f 772//772 771//771 773//773
f 772//772 773//773 774//774
f 774//774 773//773 775//775
f 774//774 775//775 776//776
f 776//776 775//775 777//777
f 776//776 777//777 778//778
f 778//778 777//777 779//779
f 778//778 779//779 780//780
f 780//780 779//779 781//781
f 780//780 781//781 782//782
f 782//782 781//781 783//783
f 782//782 783//783 784//784
f 784//784 783//783 785//785
f 784//784 785//785 786//786
f 786//786 785//785 787//787
f 786//786 787//787 788//788
f 788//788 787//787 789//789
f 788//788 789//789 790//790
f 790//790 789//789 791//791
f 790//790 791//791 792//792
f 792//792 791//791 793//793
f 792//792 793//793 794//794
f 794//794 793//793 795//795
f 794//794 795//795 796//796
f 796//796 795//795 797//797
f 796//796 797//797 734//734
f 734//734 797//797 735//735
f 345//345 798//798 799//799
f 800//800 351//351 801//801
f 801//801 351//351 349//349
f 801//801 349//349 799//799
f 799//799 349//349 347//347
f 799//799 347//347 345//345
f 802//802 354//354 800//800
f 800//800 354//354 352//352
f 800//800 352//352 351//351
f 803//803 360//360 804//804
f 804//804 360//360 358//358
f 804//804 358//358 802//802
f 802//802 358//358 356//356
f 802//802 356//356 354//354
f 805//805 363//363 803//803
f 803//803 363//363 361//361
f 803//803 361//361 360//360
f 372//372 370//370 806//806
f 806//806 370//370 369//369
f 806//806 369//369 807//807
f 807//807 369//369 367//367
f 807//807 367//367 805//805
f 805//805 367//367 365//365
f 805//805 365//365 363//363
f 372//372 806//806 374//374
f 374//374 806//806 808//808
f 374//374 808//808 376//376
f 376//376 808//808 809//809
f 376//376 809//809 378//378
f 378//378 809//809 810//810
f 378//378 810//810 379//379
f 811//811 389//389 812//812
f 812//812 389//389 387//387
f 812//812 387//387 813//813
f 813//813 387//387 385//385
f 813//813 385//385 814//814
f 814//814 385//385 383//383
f 814//814 383//383 810//810
f 810//810 383//383 381//381
f 810//810 381//381 379//379
f 815//815 393//393 811//811
f 811//811 393//393 391//391
f 811//811 391//391 389//389
f 816//816 398//398 817//817
f 817//817 398//398 397//397
f 817//817 397//397 815//815
f 815//815 397//397 395//395
f 815//815 395//395 393//393
f 818//818 402//402 816//816
f 816//816 402//402 400//400
f 816//816 400//400 398//398
f 819//819 407//407 820//820
f 820//820 407//407 406//406
f 820//820 406//406 818//818
f 818//818 406//406 404//404
f 818//818 404//404 402//402
f 821//821 411//411 819//819
f 819//819 411//411 409//409
f 819//819 409//409 407//407
f 420//420 418//418 822//822
f 822//822 418//418 416//416
f 822//822 416//416 823//823
f 823//823 416//416 415//415
f 823//823 415//415 821//821
f 821//821 415//415 413//413
f 821//821 413//413 411//411
f 420//420 822//822 422//422
f 422//422 822//822 824//824
f 422//422 824//824 424//424
f 424//424 824//824 825//825
f 424//424 825//825 425//425
f 425//425 825//825 826//826
f 425//425 826//826 427//427
f 345//345 343//343 798//798
f 798//798 343//343 342//342
f 798//798 342//342 827//827
f 827//827 342//342 435//435
f 827//827 435//435 828//828
f 828//828 435//435 436//436
f 828//828 436//436 829//829
f 829//829 436//436 431//431
f 829//829 431//431 826//826
f 826//826 431//431 429//429
f 826//826 429//429 427//427
f 827//827 830//830 798//798
f 798//798 830//830 831//831
f 798//798 831//831 799//799
f 799//799 831//831 832//832
f 799//799 832//832 801//801
f 801//801 832//832 833//833
f 801//801 833//833 800//800
f 800//800 833//833 834//834
f 800//800 834//834 802//802
f 802//802 834//834 835//835
f 802//802 835//835 804//804
f 804//804 835//835 836//836
f 804//804 836//836 803//803
f 803//803 836//836 837//837
f 803//803 837//837 805//805
f 805//805 837//837 838//838
f 805//805 838//838 807//807
f 807//807 838//838 839//839
f 807//807 839//839 806//806
f 806//806 839//839 840//840
f 806//806 840//840 808//808
f 808//808 840//840 841//841
f 808//808 841//841 809//809
f 809//809 841//841 842//842
f 809//809 842//842 810//810
f 810//810 842//842 843//843
f 810//810 843//843 814//814
f 814//814 843//843 844//844
f 814//814 844//844 813//813
f 813//813 844//844 845//845
f 813//813 845//845 812//812
f 812//812 845//845 846//846
f 812//812 846//846 811//811
f 811//811 846//846 847//847
f 811//811 847//847 815//815
f 815//815 847//847 848//848
f 815//815 848//848 817//817
f 817//817 848//848 849//849
f 817//817 849//849 816//816
f 816//816 849//849 850//850
f 816//816 850//850 818//818
f 818//818 850//850 851//851
f 818//818 851//851 820//820
f 820//820 851//851 852//852
f 820//820 852//852 819//819
f 819//819 852//852 853//853
f 819//819 853//853 821//821
f 821//821 853//853 854//854
f 821//821 854//854 823//823
f 823//823 854//854 855//855
f 823//823 855//855 822//822
f 822//822 855//855 856//856
f 822//822 856//856 824//824
f 824//824 856//856 857//857
f 824//824 857//857 825//825
f 825//825 857//857 858//858
f 825//825 858//858 826//826
f 826//826 858//858 859//859
f 826//826 859//859 829//829
f 829//829 859//859 860//860
f 829//829 860//860 828//828
f 828//828 860//860 861//861
f 828//828 861//861 827//827
f 827//827 861//861 830//830
f 830//830 766//766 831//831
f 831//831 766//766 768//768
f 831//831 768//768 832//832
f 832//832 768//768 770//770
f 832//832 770//770 833//833
f 833//833 770//770 772//772
f 833//833 772//772 834//834
f 834//834 772//772 774//774
f 834//834 774//774 835//835
f 835//835 774//774 776//776
f 835//835 776//776 836//836
f 836//836 776//776 778//778
f 836//836 778//778 837//837
f 837//837 778//778 780//780
f 837//837 780//780 838//838
f 838//838 780//780 782//782
f 838//838 782//782 839//839
f 839//839 782//782 784//784
f 839//839 784//784 840//840
f 840//840 784//784 786//786
f 840//840 786//786 841//841
f 841//841 786//786 788//788
f 841//841 788//788 842//842
f 842//842 788//788 790//790
f 842//842 790//790 843//843
f 843//843 790//790 792//792
f 843//843 792//792 844//844
f 844//844 792//792 794//794
f 844//844 794//794 845//845
f 845//845 794//794 796//796
f 845//845 796//796 846//846
f 846//846 796//796 734//734
f 846//846 734//734 847//847
f 847//847 734//734 736//736
f 847//847 736//736 848//848
f 848//848 736//736 738//738
f 848//848 738//738 849//849
f 849//849 738//738 740//740
f 849//849 740//740 850//850
f 850//850 740//740 742//742
f 850//850 742//742 851//851
f 851//851 742//742 744//744
f 851//851 744//744 852//852
f 852//852 744//744 746//746
f 852//852 746//746 853//853
f 853//853 746//746 748//748
f 853//853 748//748 854//854
f 854//854 748//748 750//750
f 854//854 750//750 855//855
f 855//855 750//750 752//752
f 855//855 752//752 856//856
f 856//856 752//752 754//754
f 856//856 754//754 857//857
f 857//857 754//754 756//756
f 857//857 756//756 858//858
f 858//858 756//756 758//758
f 858//858 758//758 859//859
f 859//859 758//758 760//760
f 859//859 760//760 860//860
f 860//860 760//760 762//762
f 860//860 762//762 861//861
f 861//861 762//762 764//764
f 861//861 764//764 830//830
f 830//830 764//764 766//766
f 302//302 862//862 301//301
f 301//301 862//862 863//863
f 301//301 863//863 300//300
f 300//300 863//863 864//864
f 300//300 864//864 299//299
f 299//299 864//864 865//865
f 299//299 865//865 298//298
f 298//298 865//865 866//866
f 298//298 866//866 303//303
f 303//303 866//866 867//867
f 303//303 867//867 297//297
f 297//297 867//867 868//868
f 297//297 868//868 296//296
f 296//296 868//868 869//869
f 296//296 869//869 870//870
f 870//870 869//869 871//871
f 870//870 871//871 294//294
f 294//294 871//871 872//872
f 294//294 872//872 293//293
f 293//293 872//872 873//873
f 293//293 873//873 304//304
f 304//304 873//873 874//874
f 304//304 874//874 302//302
f 302//302 874//874 862//862
f 314//314 875//875 313//313
f 313//313 875//875 876//876
f 313//313 876//876 312//312
f 312//312 876//876 877//877
f 312//312 877//877 311//311
f 311//311 877//877 878//878
f 311//311 878//878 310//310
f 310//310 878//878 879//879
f 310//310 879//879 315//315
f 315//315 879//879 880//880
f 315//315 880//880 309//309
f 309//309 880//880 881//881
f 309//309 881//881 308//308
f 308//308 881//881 882//882
f 308//308 882//882 307//307
f 307//307 882//882 883//883
f 307//307 883//883 306//306
f 306//306 883//883 884//884
f 306//306 884//884 305//305
f 305//305 884//884 885//885
f 305//305 885//885 316//316
f 316//316 885//885 886//886
f 316//316 886//886 314//314
f 314//314 886//886 875//875
f 326//326 887//887 325//325
f 325//325 887//887 888//888
f 325//325 888//888 324//324
f 324//324 888//888 889//889
f 324//324 889//889 323//323
f 323//323 889//889 890//890
f 323//323 890//890 322//322
f 322//322 890//890 891//891
f 322//322 891//891 327//327
f 327//327 891//891 892//892
f 327//327 892//892 321//321
f 321//321 892//892 893//893
f 321//321 893//893 320//320
f 320//320 893//893 894//894
f 320//320 894//894 319//319
f 319//319 894//894 895//895
f 319//319 895//895 318//318
f 318//318 895//895 896//896
f 318//318 896//896 317//317
f 317//317 896//896 897//897
f 317//317 897//897 328//328
f 328//328 897//897 898//898
f 328//328 898//898 326//326
f 326//326 898//898 887//887
f 445//445 899//899 900//900
f 900//900 899//899 901//901
f 900//900 901//901 902//902
f 902//902 901//901 903//903
f 903//903 901//901 904//904
f 903//903 904//904 905//905
f 905//905 904//904 906//906
f 906//906 904//904 907//907
f 906//906 907//907 908//908
f 908//908 907//907 909//909
f 908//908 909//909 910//910
f 911//911 912//912 913//913
f 913//913 914//914 911//911
f 911//911 914//914 915//915
f 911//911 915//915 916//916
f 916//916 915//915 917//917
f 916//916 917//917 918//918
f 918//918 917//917 919//919
f 918//918 919//919 920//920
f 446//446 920//920 447//447
f 447//447 920//920 919//919
f 447//447 919//919 438//438
f 438//438 919//919 440//440
f 444//444 442//442 921//921
f 445//445 444//444 899//899
f 899//899 444//444 921//921
f 899//899 921//921 901//901
f 901//901 921//921 922//922
f 901//901 922//922 904//904
f 904//904 922//922 923//923
f 904//904 923//923 907//907
f 907//907 923//923 924//924
f 907//907 924//924 909//909
f 909//909 924//924 925//925
f 442//442 440//440 921//921
f 921//921 440//440 919//919
f 921//921 919//919 922//922
f 922//922 919//919 917//917
f 922//922 917//917 923//923
f 923//923 917//917 915//915
f 923//923 915//915 924//924
f 924//924 915//915 914//914
f 924//924 914//914 925//925
f 925//925 914//914 913//913
f 445//445 629//629 340//340
f 340//340 629//629 339//339
f 637//637 635//635 926//926
f 633//633 631//631 927//927
f 928//928 929//929 930//930
f 930//930 929//929 931//931
f 931//931 929//929 932//932
f 932//932 929//929 933//933
f 932//932 933//933 934//934
f 934//934 933//933 935//935
f 935//935 933//933 936//936
f 935//935 936//936 937//937
f 937//937 936//936 938//938
f 937//937 938//938 939//939
f 939//939 938//938 940//940
f 939//939 940//940 941//941
f 941//941 940//940 942//942
f 942//942 940//940 943//943
f 942//942 943//943 944//944
f 944//944 943//943 945//945
f 945//945 943//943 927//927
f 945//945 927//927 946//946
f 946//946 927//927 631//631
f 946//946 631//631 629//629
f 947//947 644//644 643//643
f 643//643 948//948 947//947
f 947//947 948//948 949//949
f 947//947 949//949 950//950
f 950//950 949//949 951//951
f 950//950 951//951 952//952
f 952//952 951//951 953//953
f 952//952 953//953 954//954
f 954//954 953//953 955//955
f 954//954 955//955 956//956
f 956//956 955//955 957//957
f 956//956 957//957 958//958
f 958//958 957//957 959//959
f 958//958 959//959 960//960
f 960//960 959//959 961//961
f 960//960 961//961 962//962
f 643//643 637//637 948//948
f 948//948 637//637 926//926
f 948//948 926//926 949//949
f 949//949 926//926 963//963
f 949//949 963//963 951//951
f 951//951 963//963 964//964
f 951//951 964//964 953//953
f 953//953 964//964 965//965
f 953//953 965//965 955//955
f 955//955 965//965 966//966
f 955//955 966//966 957//957
f 957//957 966//966 967//967
f 957//957 967//967 959//959
f 959//959 967//967 968//968
f 959//959 968//968 961//961
f 961//961 968//968 969//969
f 635//635 633//633 926//926
f 926//926 633//633 927//927
f 926//926 927//927 963//963
f 963//963 927//927 943//943
f 963//963 943//943 964//964
f 964//964 943//943 940//940
f 964//964 940//940 965//965
f 965//965 940//940 938//938
f 965//965 938//938 966//966
f 966//966 938//938 936//936
f 966//966 936//936 967//967
f 967//967 936//936 933//933
f 967//967 933//933 968//968
f 968//968 933//933 929//929
f 968//968 929//929 969//969
f 969//969 929//929 928//928
f 970//970 386//386 971//971
f 971//971 386//386 388//388
f 971//971 388//388 972//972
f 973//973 375//375 974//974
f 974//974 375//375 377//377
f 974//974 377//377 975//975
f 975//975 377//377 380//380
f 975//975 380//380 976//976
f 976//976 380//380 382//382
f 976//976 382//382 970//970
f 970//970 382//382 384//384
f 970//970 384//384 386//386
f 977//977 368//368 978//978
f 978//978 368//368 371//371
f 978//978 371//371 973//973
f 973//973 371//371 373//373
f 973//973 373//373 375//375
f 979//979 359//359 980//980
f 980//980 359//359 362//362
f 980//980 362//362 981//981
f 981//981 362//362 364//364
f 981//981 364//364 977//977
f 977//977 364//364 366//366
f 977//977 366//366 368//368
f 982//982 350//350 983//983
f 983//983 350//350 353//353
f 983//983 353//353 984//984
f 984//984 353//353 355//355
f 984//984 355//355 979//979
f 979//979 355//355 357//357
f 979//979 357//357 359//359
f 985//985 341//341 986//986
f 986//986 341//341 344//344
f 986//986 344//344 987//987
f 987//987 344//344 346//346
f 987//987 346//346 982//982
f 982//982 346//346 348//348
f 982//982 348//348 350//350
f 988//988 428//428 989//989
f 989//989 428//428 430//430
f 989//989 430//430 990//990
f 990//990 430//430 432//432
f 990//990 432//432 991//991
f 991//991 432//432 434//434
f 991//991 434//434 985//985
f 985//985 434//434 433//433
f 985//985 433//433 341//341
f 992//992 419//419 993//993
f 993//993 419//419 421//421
f 993//993 421//421 994//994
f 994//994 421//421 423//423
f 994//994 423//423 988//988
f 988//988 423//423 426//426
f 988//988 426//426 428//428
f 995//995 410//410 996//996
f 996//996 410//410 412//412
f 996//996 412//412 997//997
f 997//997 412//412 414//414
f 997//997 414//414 992//992
f 992//992 414//414 417//417
f 992//992 417//417 419//419
f 998//998 401//401 999//999
f 999//999 401//401 403//403
f 999//999 403//403 1000//1000
f 1000//1000 403//403 405//405
f 1000//1000 405//405 995//995
f 995//995 405//405 408//408
f 995//995 408//408 410//410
f 388//388 390//390 972//972
f 972//972 390//390 392//392
f 972//972 392//392 1001//1001
f 1001//1001 392//392 394//394
f 1001//1001 394//394 1002//1002
f 1002//1002 394//394 396//396
f 1002//1002 396//396 998//998
f 998//998 396//396 399//399
f 998//998 399//399 401//401
f 971//971 1003//1003 970//970
f 970//970 1003//1003 1004//1004
f 970//970 1004//1004 976//976
f 976//976 1004//1004 1005//1005
f 976//976 1005//1005 975//975
f 975//975 1005//1005 1006//1006
f 975//975 1006//1006 974//974
f 974//974 1006//1006 1007//1007
f 974//974 1007//1007 973//973
f 973//973 1007//1007 1008//1008
f 973//973 1008//1008 978//978
f 978//978 1008//1008 1009//1009
f 978//978 1009//1009 977//977
f 977//977 1009//1009 1010//1010
f 977//977 1010//1010 981//981
f 981//981 1010//1010 1011//1011
f 981//981 1011//1011 980//980
f 980//980 1011//1011 1012//1012
f 980//980 1012//1012 979//979
f 979//979 1012//1012 1013//1013
f 979//979 1013//1013 984//984
f 984//984 1013//1013 1014//1014
f 984//984 1014//1014 983//983
f 983//983 1014//1014 1015//1015
f 983//983 1015//1015 982//982
f 982//982 1015//1015 1016//1016
f 982//982 1016//1016 987//987
f 987//987 1016//1016 1017//1017
f 987//987 1017//1017 986//986
f 986//986 1017//1017 1018//1018
f 986//986 1018//1018 985//985
f 985//985 1018//1018 1019//1019
f 985//985 1019//1019 991//991
f 991//991 1019//1019 1020//1020
f 991//991 1020//1020 990//990
f 990//990 1020//1020 1021//1021
f 990//990 1021//1021 989//989
f 989//989 1021//1021 1022//1022
f 989//989 1022//1022 988//988
f 988//988 1022//1022 1023//1023
f 988//988 1023//1023 994//994
f 994//994 1023//1023 1024//1024
f 994//994 1024//1024 993//993
f 993//993 1024//1024 1025//1025
f 993//993 1025//1025 992//992
f 992//992 1025//1025 1026//1026
f 992//992 1026//1026 997//997
f 997//997 1026//1026 1027//1027
f 997//997 1027//1027 996//996
f 996//996 1027//1027 1028//1028
f 996//996 1028//1028 995//995
f 995//995 1028//1028 1029//1029
f 995//995 1029//1029 1000//1000
f 1000//1000 1029//1029 1030//1030
f 1000//1000 1030//1030 999//999
f 999//999 1030//1030 1031//1031
f 999//999 1031//1031 998//998
f 998//998 1031//1031 1032//1032
f 998//998 1032//1032 1002//1002
f 1002//1002 1032//1032 1033//1033
f 1002//1002 1033//1033 1001//1001
f 1001//1001 1033//1033 1034//1034
f 1001//1001 1034//1034 972//972
f 972//972 1034//1034 1035//1035
f 972//972 1035//1035 971//971
f 971//971 1035//1035 1003//1003
f 1036//1036 1037//1037 1029//1029
f 1029//1029 1037//1037 1038//1038
f 1029//1029 1038//1038 1030//1030
f 1030//1030 1038//1038 1039//1039
f 1030//1030 1039//1039 1031//1031
f 1031//1031 1039//1039 1040//1040
f 1031//1031 1040//1040 1032//1032
f 1032//1032 1040//1040 1041//1041
f 1032//1032 1041//1041 1033//1033
f 1033//1033 1041//1041 1042//1042
f 1033//1033 1042//1042 1034//1034
f 1034//1034 1042//1042 1043//1043
f 1034//1034 1043//1043 1035//1035
f 1035//1035 1043//1043 1044//1044
f 1035//1035 1044//1044 1003//1003
f 1003//1003 1044//1044 1045//1045
f 1003//1003 1045//1045 1004//1004
f 1004//1004 1045//1045 1046//1046
f 1004//1004 1046//1046 1005//1005
f 1005//1005 1046//1046 1047//1047
f 1005//1005 1047//1047 1006//1006
f 1006//1006 1047//1047 1048//1048
f 1006//1006 1048//1048 1007//1007
f 1007//1007 1048//1048 1049//1049
f 1007//1007 1049//1049 1008//1008
f 1008//1008 1049//1049 1050//1050
f 1008//1008 1050//1050 1009//1009
f 1009//1009 1050//1050 1051//1051
f 1009//1009 1051//1051 1010//1010
f 1010//1010 1051//1051 1052//1052
f 1010//1010 1052//1052 1011//1011
f 1011//1011 1052//1052 1053//1053
f 1011//1011 1053//1053 1012//1012
f 1012//1012 1053//1053 1054//1054
f 1012//1012 1054//1054 1013//1013
f 1013//1013 1054//1054 1055//1055
f 1013//1013 1055//1055 1014//1014
f 1014//1014 1055//1055 1056//1056
f 1014//1014 1056//1056 1015//1015
f 1015//1015 1056//1056 1057//1057
f 1015//1015 1057//1057 1016//1016
f 1016//1016 1057//1057 1058//1058
f 1016//1016 1058//1058 1017//1017
f 1017//1017 1058//1058 1059//1059
f 1017//1017 1059//1059 1018//1018
f 1018//1018 1059//1059 1060//1060
f 1018//1018 1060//1060 1019//1019
f 1019//1019 1060//1060 1061//1061
f 1019//1019 1061//1061 1020//1020
f 1020//1020 1061//1061 1062//1062
f 1020//1020 1062//1062 1021//1021
f 1021//1021 1062//1062 1063//1063
f 1021//1021 1063//1063 1022//1022
f 1022//1022 1063//1063 1064//1064
f 1022//1022 1064//1064 1023//1023
f 1023//1023 1064//1064 1065//1065
f 1023//1023 1065//1065 1024//1024
f 1024//1024 1065//1065 1066//1066
f 1024//1024 1066//1066 1025//1025
f 1025//1025 1066//1066 1067//1067
f 1025//1025 1067//1067 1026//1026
f 1026//1026 1067//1067 1068//1068
f 1026//1026 1068//1068 1027//1027
f 1027//1027 1068//1068 1069//1069
f 1027//1027 1069//1069 1028//1028
f 1028//1028 1069//1069 1036//1036
f 1028//1028 1036//1036 1029//1029
f 612//612 584//584 583//583
f 581//581 582//582 1070//1070
f 467//467 468//468 464//464
f 464//464 468//468 1071//1071
f 464//464 1071//1071 452//452
f 452//452 1071//1071 450//450
f 545//545 544//544 450//450
f 450//450 544//544 449//449
f 448//448 449//449 1072//1072
f 1072//1072 449//449 521//521
f 556//556 446//446 557//557
f 557//557 446//446 448//448
f 918//918 920//920 1073//1073
f 1073//1073 920//920 446//446
f 1073//1073 446//446 1074//1074
f 918//918 1073//1073 916//916
f 916//916 1073//1073 1075//1075
f 916//916 1075//1075 911//911
f 911//911 1075//1075 1076//1076
f 911//911 1076//1076 912//912
f 1070//1070 582//582 1077//1077
f 1077//1077 582//582 578//578
f 1077//1077 578//578 577//577
f 446//446 1077//1077 1074//1074
f 1074//1074 1077//1077 577//577
f 1074//1074 577//577 1078//1078
f 1078//1078 577//577 579//579
f 1078//1078 579//579 1079//1079
f 1079//1079 579//579 580//580
f 580//580 581//581 1080//1080
f 585//585 586//586 1081//1081
f 585//585 1082//1082 1083//1083
f 580//580 1080//1080 1079//1079
f 1079//1079 1080//1080 602//602
f 1079//1079 602//602 1084//1084
f 1084//1084 602//602 603//603
f 1084//1084 603//603 583//583
f 1083//1083 1085//1085 585//585
f 585//585 1085//1085 1086//1086
f 585//585 1086//1086 583//583
f 583//583 1086//1086 1087//1087
f 583//583 1087//1087 1084//1084
f 603//603 604//604 583//583
f 583//583 604//604 605//605
f 583//583 605//605 606//606
f 597//597 598//598 596//596
f 596//596 598//598 599//599
f 596//596 599//599 600//600
f 588//588 589//589 1080//1080
f 1080//1080 589//589 590//590
f 1080//1080 590//590 591//591
f 600//600 601//601 596//596
f 596//596 601//601 602//602
f 596//596 602//602 595//595
f 591//591 592//592 1080//1080
f 1080//1080 592//592 593//593
f 1080//1080 593//593 602//602
f 602//602 593//593 594//594
f 602//602 594//594 595//595
f 606//606 607//607 583//583
f 583//583 607//607 608//608
f 583//583 608//608 609//609
f 609//609 610//610 583//583
f 583//583 610//610 611//611
f 583//583 611//611 612//612
f 1081//1081 586//586 1080//1080
f 1080//1080 586//586 587//587
f 1080//1080 587//587 588//588
f 1081//1081 619//619 1088//1088
f 585//585 1081//1081 1082//1082
f 1082//1082 1081//1081 1089//1089
f 1082//1082 1089//1089 1090//1090
f 1088//1088 1091//1091 1081//1081
f 1081//1081 1091//1091 1092//1092
f 1081//1081 1092//1092 1089//1089
f 515//515 514//514 619//619
f 619//619 514//514 620//620
f 514//514 513//513 620//620
f 620//620 513//513 512//512
f 620//620 512//512 1093//1093
f 1093//1093 512//512 511//511
f 1093//1093 511//511 1094//1094
f 508//508 1080//1080 509//509
f 509//509 1080//1080 1094//1094
f 509//509 1094//1094 510//510
f 510//510 1094//1094 511//511
f 508//508 507//507 1080//1080
f 1080//1080 507//507 506//506
f 1080//1080 506//506 1081//1081
f 1081//1081 506//506 505//505
f 1081//1081 505//505 619//619
f 619//619 505//505 516//516
f 619//619 516//516 515//515
f 1072//1072 519//519 448//448
f 448//448 519//519 518//518
f 448//448 518//518 1095//1095
f 1095//1095 518//518 517//517
f 1095//1095 517//517 1096//1096
f 1096//1096 517//517 528//528
f 528//528 527//527 1096//1096
f 1096//1096 527//527 1097//1097
f 1096//1096 1097//1097 1098//1098
f 1097//1097 525//525 1098//1098
f 1098//1098 525//525 524//524
f 1098//1098 524//524 1099//1099
f 1099//1099 524//524 523//523
f 1099//1099 523//523 449//449
f 449//449 523//523 522//522
f 449//449 522//522 521//521
f 533//533 532//532 1100//1100
f 1100//1100 532//532 1101//1101
f 532//532 531//531 1101//1101
f 1101//1101 531//531 530//530
f 1101//1101 530//530 1102//1102
f 1102//1102 530//530 529//529
f 1102//1102 529//529 624//624
f 624//624 529//529 540//540
f 623//623 536//536 1103//1103
f 1103//1103 536//536 535//535
f 1103//1103 535//535 1100//1100
f 1100//1100 535//535 534//534
f 1100//1100 534//534 533//533
f 540//540 539//539 624//624
f 624//624 539//539 538//538
f 624//624 538//538 623//623
f 623//623 538//538 537//537
f 623//623 537//537 536//536
f 544//544 543//543 449//449
f 449//449 543//543 542//542
f 449//449 542//542 1099//1099
f 1099//1099 542//542 541//541
f 1099//1099 541//541 1098//1098
f 1098//1098 541//541 552//552
f 1104//1104 548//548 1071//1071
f 1071//1071 548//548 547//547
f 1071//1071 547//547 450//450
f 450//450 547//547 546//546
f 450//450 546//546 545//545
f 552//552 551//551 1098//1098
f 1098//1098 551//551 550//550
f 1098//1098 550//550 1104//1104
f 1104//1104 550//550 549//549
f 1104//1104 549//549 548//548
f 556//556 555//555 446//446
f 446//446 555//555 554//554
f 446//446 554//554 1077//1077
f 1077//1077 554//554 553//553
f 1077//1077 553//553 1070//1070
f 1070//1070 553//553 564//564
f 1096//1096 560//560 1095//1095
f 1095//1095 560//560 559//559
f 1095//1095 559//559 448//448
f 448//448 559//559 558//558
f 448//448 558//558 557//557
f 564//564 563//563 1070//1070
f 1070//1070 563//563 562//562
f 1070//1070 562//562 1096//1096
f 1096//1096 562//562 561//561
f 1096//1096 561//561 560//560
f 1105//1105 1094//1094 569//569
f 569//569 1094//1094 1101//1101
f 1105//1105 567//567 1094//1094
f 1094//1094 567//567 566//566
f 1094//1094 566//566 1093//1093
f 1093//1093 566//566 565//565
f 1093//1093 565//565 620//620
f 620//620 565//565 576//576
f 576//576 575//575 620//620
f 620//620 575//575 1106//1106
f 620//620 1106//1106 624//624
f 1106//1106 573//573 624//624
f 624//624 573//573 572//572
f 624//624 572//572 1102//1102
f 1102//1102 572//572 571//571
f 1102//1102 571//571 1101//1101
f 1101//1101 571//571 570//570
f 1101//1101 570//570 569//569
f 581//581 1070//1070 1080//1080
f 1080//1080 1070//1070 1096//1096
f 1080//1080 1096//1096 1094//1094
f 1094//1094 1096//1096 1098//1098
f 1094//1094 1098//1098 1101//1101
f 1101//1101 1098//1098 1104//1104
f 1101//1101 1104//1104 1100//1100
f 468//468 469//469 1071//1071
f 1071//1071 469//469 477//477
f 1071//1071 477//477 1104//1104
f 1104//1104 477//477 476//476
f 1104//1104 476//476 1100//1100
f 1100//1100 476//476 475//475
f 1100//1100 475//475 1103//1103
f 1103//1103 475//475 472//472
f 1103//1103 472//472 623//623
f 623//623 472//472 471//471
f 623//623 471//471 503//503
f 503//503 471//471 498//498
f 503//503 498//498 502//502
f 502//502 498//498 501//501
f 1107//1107 1108//1108 1109//1109
f 1110//1110 1111//1111 1112//1112
f 1112//1112 1111//1111 1113//1113
f 1112//1112 1113//1113 1114//1114
f 912//912 1114//1114 1115//1115
f 1115//1115 1114//1114 1113//1113
f 1115//1115 1113//1113 1116//1116
f 1116//1116 1113//1113 1117//1117
f 925//925 1118//1118 909//909
f 909//909 1118//1118 1119//1119
f 909//909 1119//1119 910//910
f 1120//1120 1121//1121 1122//1122
f 1122//1122 1121//1121 1123//1123
f 1122//1122 1123//1123 1124//1124
f 1123//1123 1119//1119 1124//1124
f 1124//1124 1119//1119 1118//1118
f 1124//1124 1118//1118 1125//1125
f 1125//1125 1118//1118 925//925
f 1125//1125 925//925 913//913
f 1107//1107 1109//1109 1126//1126
f 1126//1126 1109//1109 1127//1127
f 1126//1126 1127//1127 1128//1128
f 1128//1128 1127//1127 1129//1129
f 1128//1128 1129//1129 1130//1130
f 1131//1131 1132//1132 1133//1133
f 1133//1133 1132//1132 1134//1134
f 1110//1110 1108//1108 1111//1111
f 1111//1111 1108//1108 1107//1107
f 1111//1111 1107//1107 1113//1113
f 1113//1113 1107//1107 1126//1126
f 1113//1113 1126//1126 1117//1117
f 1117//1117 1126//1126 1128//1128
f 1117//1117 1128//1128 1132//1132
f 1132//1132 1128//1128 1130//1130
f 1132//1132 1130//1130 1134//1134
f 1131//1131 1120//1120 1132//1132
f 1132//1132 1120//1120 1122//1122
f 1132//1132 1122//1122 1117//1117
f 1117//1117 1122//1122 1124//1124
f 1117//1117 1124//1124 1116//1116
f 1116//1116 1124//1124 1125//1125
f 1116//1116 1125//1125 1115//1115
f 1115//1115 1125//1125 913//913
f 1115//1115 913//913 912//912
f 694//694 695//695 1135//1135
f 696//696 689//689 1136//1136
f 1137//1137 1138//1138 1139//1139
f 1137//1137 1139//1139 1140//1140
f 1140//1140 1139//1139 1141//1141
f 1140//1140 1141//1141 1142//1142
f 1142//1142 1141//1141 1143//1143
f 1142//1142 1143//1143 1144//1144
f 1144//1144 1143//1143 1145//1145
f 1144//1144 1145//1145 1146//1146
f 1146//1146 1145//1145 1147//1147
f 1146//1146 1147//1147 1148//1148
f 1148//1148 1147//1147 1136//1136
f 1148//1148 1136//1136 1149//1149
f 1149//1149 1136//1136 689//689
f 1149//1149 689//689 688//688
f 692//692 693//693 1150//1150
f 1150//1150 693//693 1151//1151
f 1150//1150 1151//1151 1152//1152
f 1152//1152 1151//1151 1153//1153
f 1152//1152 1153//1153 1154//1154
f 1154//1154 1153//1153 1155//1155
f 1155//1155 1153//1153 1156//1156
f 1155//1155 1156//1156 1157//1157
f 1157//1157 1156//1156 1158//1158
f 1157//1157 1158//1158 1159//1159
f 1159//1159 1158//1158 1160//1160
f 1159//1159 1160//1160 1161//1161
f 1161//1161 1160//1160 1162//1162
f 1162//1162 1160//1160 1163//1163
f 1162//1162 1163//1163 1164//1164
f 1164//1164 1163//1163 1165//1165
f 1164//1164 1165//1165 1166//1166
f 693//693 694//694 1151//1151
f 1151//1151 694//694 1135//1135
f 1151//1151 1135//1135 1153//1153
f 1153//1153 1135//1135 1167//1167
f 1153//1153 1167//1167 1156//1156
f 1156//1156 1167//1167 1168//1168
f 1156//1156 1168//1168 1158//1158
f 1158//1158 1168//1168 1169//1169
f 1158//1158 1169//1169 1160//1160
f 1160//1160 1169//1169 1170//1170
f 1160//1160 1170//1170 1163//1163
f 1163//1163 1170//1170 1171//1171
f 1163//1163 1171//1171 1165//1165
f 1165//1165 1171//1171 1172//1172
f 695//695 696//696 1135//1135
f 1135//1135 696//696 1136//1136
f 1135//1135 1136//1136 1167//1167
f 1167//1167 1136//1136 1147//1147
f 1167//1167 1147//1147 1168//1168
f 1168//1168 1147//1147 1145//1145
f 1168//1168 1145//1145 1169//1169
f 1169//1169 1145//1145 1143//1143
f 1169//1169 1143//1143 1170//1170
f 1170//1170 1143//1143 1141//1141
f 1170//1170 1141//1141 1171//1171
f 1171//1171 1141//1141 1139//1139
f 1171//1171 1139//1139 1172//1172
f 1172//1172 1139//1139 1138//1138
f 1173//1173 1174//1174 1175//1175
f 1176//1176 1173//1173 1177//1177
f 1178//1178 1179//1179 1180//1180
f 1176//1176 1177//1177 1181//1181
f 1181//1181 1177//1177 1182//1182
f 1181//1181 1182//1182 1183//1183
f 1183//1183 1182//1182 1184//1184
f 1183//1183 1184//1184 1185//1185
f 1185//1185 1184//1184 1186//1186
f 1186//1186 1184//1184 1187//1187
f 1186//1186 1187//1187 1188//1188
f 1189//1189 1190//1190 1191//1191
f 1191//1191 1190//1190 1192//1192
f 1173//1173 1175//1175 1177//1177
f 1177//1177 1175//1175 1193//1193
f 1177//1177 1193//1193 1182//1182
f 1182//1182 1193//1193 1190//1190
f 1182//1182 1190//1190 1184//1184
f 1184//1184 1190//1190 1189//1189
f 1184//1184 1189//1189 1187//1187
f 1194//1194 1195//1195 1196//1196
f 1197//1197 1195//1195 1194//1194
f 1196//1196 1198//1198 1194//1194
f 1194//1194 1198//1198 1199//1199
f 1194//1194 1199//1199 1178//1178
f 1188//1188 1090//1090 1186//1186
f 1186//1186 1090//1090 1200//1200
f 1186//1186 1200//1200 1185//1185
f 1185//1185 1200//1200 1201//1201
f 1185//1185 1201//1201 1183//1183
f 1183//1183 1201//1201 1202//1202
f 1183//1183 1202//1202 1181//1181
f 1181//1181 1202//1202 1203//1203
f 1181//1181 1203//1203 1176//1176
f 1198//1198 1204//1204 1199//1199
f 1199//1199 1204//1204 1205//1205
f 1199//1199 1205//1205 1178//1178
f 1178//1178 1205//1205 1206//1206
f 1178//1178 1206//1206 1179//1179
f 1174//1174 1197//1197 1175//1175
f 1175//1175 1197//1197 1194//1194
f 1175//1175 1194//1194 1193//1193
f 1193//1193 1194//1194 1178//1178
f 1193//1193 1178//1178 1190//1190
f 1190//1190 1178//1178 1180//1180
f 1190//1190 1180//1180 1192//1192
f 622//622 625//625 1207//1207
f 626//626 627//627 1208//1208
f 1203//1203 1202//1202 1209//1209
f 1203//1203 1209//1209 1210//1210
f 1210//1210 1209//1209 1211//1211
f 1210//1210 1211//1211 1212//1212
f 1212//1212 1211//1211 1213//1213
f 1213//1213 1211//1211 1214//1214
f 1213//1213 1214//1214 1215//1215
f 1215//1215 1214//1214 1216//1216
f 1216//1216 1214//1214 1208//1208
f 1216//1216 1208//1208 1217//1217
f 1217//1217 1208//1208 627//627
f 1217//1217 627//627 628//628
f 1088//1088 619//619 621//621
f 621//621 1218//1218 1088//1088
f 1088//1088 1218//1218 1219//1219
f 1088//1088 1219//1219 1091//1091
f 1091//1091 1219//1219 1220//1220
f 1091//1091 1220//1220 1092//1092
f 1092//1092 1220//1220 1221//1221
f 1092//1092 1221//1221 1089//1089
f 1089//1089 1221//1221 1200//1200
f 1089//1089 1200//1200 1090//1090
f 1202//1202 1201//1201 1209//1209
f 1209//1209 1201//1201 1222//1222
f 1209//1209 1222//1222 1211//1211
f 1211//1211 1222//1222 1223//1223
f 1211//1211 1223//1223 1214//1214
f 1214//1214 1223//1223 1224//1224
f 1214//1214 1224//1224 1208//1208
f 1208//1208 1224//1224 1207//1207
f 1208//1208 1207//1207 626//626
f 626//626 1207//1207 625//625
f 1201//1201 1200//1200 1222//1222
f 1222//1222 1200//1200 1221//1221
f 1222//1222 1221//1221 1223//1223
f 1223//1223 1221//1221 1220//1220
f 1223//1223 1220//1220 1224//1224
f 1224//1224 1220//1220 1219//1219
f 1224//1224 1219//1219 1207//1207
f 1207//1207 1219//1219 1218//1218
f 1207//1207 1218//1218 622//622
f 622//622 1218//1218 621//621
f 492//492 613//613 628//628
f 628//628 613//613 692//692
f 677//677 680//680 682//682
f 638//638 640//640 1225//1225
f 763//763 761//761 1226//1226
f 1226//1226 761//761 759//759
f 1226//1226 759//759 757//757
f 763//763 1226//1226 765//765
f 765//765 1226//1226 954//954
f 765//765 954//954 767//767
f 777//777 1227//1227 779//779
f 779//779 1227//1227 1228//1228
f 779//779 1228//1228 781//781
f 781//781 1228//1228 1229//1229
f 781//781 1229//1229 783//783
f 783//783 1229//1229 1230//1230
f 783//783 1230//1230 785//785
f 785//785 1230//1230 1231//1231
f 785//785 1231//1231 787//787
f 787//787 1231//1231 1232//1232
f 787//787 1232//1232 789//789
f 789//789 1232//1232 1233//1233
f 789//789 1233//1233 791//791
f 767//767 954//954 769//769
f 769//769 954//954 956//956
f 769//769 956//956 771//771
f 771//771 956//956 958//958
f 771//771 958//958 773//773
f 773//773 958//958 960//960
f 773//773 960//960 775//775
f 775//775 960//960 962//962
f 775//775 962//962 777//777
f 777//777 962//962 1234//1234
f 777//777 1234//1234 1227//1227
f 733//733 732//732 1235//1235
f 732//732 731//731 1235//1235
f 1235//1235 731//731 730//730
f 1235//1235 730//730 1226//1226
f 727//727 954//954 728//728
f 728//728 954//954 1226//1226
f 728//728 1226//1226 729//729
f 729//729 1226//1226 730//730
f 644//644 947//947 726//726
f 726//726 947//947 950//950
f 726//726 950//950 727//727
f 727//727 950//950 952//952
f 727//727 952//952 954//954
f 726//726 725//725 644//644
f 644//644 725//725 724//724
f 644//644 724//724 642//642
f 642//642 724//724 723//723
f 642//642 723//723 722//722
f 874//874 873//873 1236//1236
f 873//873 872//872 1236//1236
f 1236//1236 872//872 1237//1237
f 1236//1236 1237//1237 1235//1235
f 1235//1235 1237//1237 869//869
f 1235//1235 869//869 868//868
f 642//642 867//867 866//866
f 722//722 733//733 642//642
f 642//642 733//733 1235//1235
f 642//642 1235//1235 867//867
f 867//867 1235//1235 868//868
f 866//866 865//865 642//642
f 642//642 865//865 1238//1238
f 642//642 1238//1238 641//641
f 641//641 1238//1238 863//863
f 641//641 863//863 862//862
f 897//897 1225//1225 898//898
f 898//898 1225//1225 640//640
f 898//898 640//640 887//887
f 641//641 892//892 891//891
f 897//897 896//896 1225//1225
f 1225//1225 896//896 895//895
f 1225//1225 895//895 1236//1236
f 1236//1236 895//895 894//894
f 1236//1236 894//894 893//893
f 862//862 874//874 641//641
f 641//641 874//874 1236//1236
f 641//641 1236//1236 892//892
f 892//892 1236//1236 893//893
f 891//891 890//890 641//641
f 641//641 890//890 889//889
f 641//641 889//889 640//640
f 640//640 889//889 888//888
f 640//640 888//888 887//887
f 656//656 658//658 1225//1225
f 1225//1225 658//658 659//659
f 1225//1225 659//659 638//638
f 1239//1239 690//690 677//677
f 885//885 884//884 1240//1240
f 880//880 879//879 1241//1241
f 884//884 883//883 1240//1240
f 1240//1240 883//883 1149//1149
f 1240//1240 1149//1149 688//688
f 885//885 1240//1240 886//886
f 886//886 1240//1240 1242//1242
f 886//886 1242//1242 875//875
f 879//879 878//878 1241//1241
f 1241//1241 878//878 877//877
f 1241//1241 877//877 1242//1242
f 1242//1242 877//877 876//876
f 1242//1242 876//876 875//875
f 1243//1243 1137//1137 1241//1241
f 1241//1241 1137//1137 1140//1140
f 1241//1241 1140//1140 1142//1142
f 883//883 882//882 1149//1149
f 1149//1149 882//882 881//881
f 1149//1149 881//881 1148//1148
f 1148//1148 881//881 880//880
f 1148//1148 880//880 1146//1146
f 1146//1146 880//880 1241//1241
f 1146//1146 1241//1241 1144//1144
f 1144//1144 1241//1241 1142//1142
f 755//755 753//753 1241//1241
f 1243//1243 745//745 1244//1244
f 1244//1244 745//745 743//743
f 1244//1244 743//743 1245//1245
f 1245//1245 743//743 741//741
f 1245//1245 741//741 1246//1246
f 1246//1246 741//741 739//739
f 1246//1246 739//739 1247//1247
f 1247//1247 739//739 737//737
f 1247//1247 737//737 1248//1248
f 1248//1248 737//737 735//735
f 1248//1248 735//735 1249//1249
f 1249//1249 735//735 797//797
f 1249//1249 797//797 1250//1250
f 1250//1250 797//797 795//795
f 1250//1250 795//795 1251//1251
f 1251//1251 795//795 793//793
f 1251//1251 793//793 1252//1252
f 1252//1252 793//793 791//791
f 1252//1252 791//791 1253//1253
f 1253//1253 791//791 1233//1233
f 753//753 751//751 1241//1241
f 1241//1241 751//751 749//749
f 1241//1241 749//749 1243//1243
f 1243//1243 749//749 747//747
f 1243//1243 747//747 745//745
f 690//690 1239//1239 691//691
f 691//691 1239//1239 1254//1254
f 691//691 1254//1254 687//687
f 1254//1254 720//720 719//719
f 1240//1240 1255//1255 716//716
f 688//688 687//687 1240//1240
f 1240//1240 687//687 1254//1254
f 1240//1240 1254//1254 1255//1255
f 1255//1255 1254//1254 719//719
f 720//720 1254//1254 721//721
f 721//721 1254//1254 1256//1256
f 721//721 1256//1256 709//709
f 713//713 1242//1242 714//714
f 714//714 1242//1242 1240//1240
f 714//714 1240//1240 715//715
f 715//715 1240//1240 716//716
f 713//713 712//712 1242//1242
f 1242//1242 712//712 1257//1257
f 1242//1242 1257//1257 1256//1256
f 1256//1256 1257//1257 710//710
f 1256//1256 710//710 709//709
f 707//707 1239//1239 708//708
f 708//708 1239//1239 1258//1258
f 708//708 1258//1258 697//697
f 704//704 1254//1254 705//705
f 705//705 1254//1254 1239//1239
f 705//705 1239//1239 706//706
f 706//706 1239//1239 707//707
f 701//701 1256//1256 702//702
f 702//702 1256//1256 1254//1254
f 702//702 1254//1254 703//703
f 703//703 1254//1254 704//704
f 701//701 700//700 1256//1256
f 1256//1256 700//700 699//699
f 1256//1256 699//699 1258//1258
f 1258//1258 699//699 698//698
f 1258//1258 698//698 697//697
f 1258//1258 1225//1225 1256//1256
f 1256//1256 1225//1225 1236//1236
f 1256//1256 1236//1236 1242//1242
f 1242//1242 1236//1236 1235//1235
f 1242//1242 1235//1235 1241//1241
f 1241//1241 1235//1235 1226//1226
f 1241//1241 1226//1226 755//755
f 755//755 1226//1226 757//757
f 677//677 682//682 1239//1239
f 1239//1239 682//682 683//683
f 1239//1239 683//683 1258//1258
f 1258//1258 683//683 668//668
f 1258//1258 668//668 1225//1225
f 1225//1225 668//668 653//653
f 1225//1225 653//653 656//656
f 1123//1123 932//932 1119//1119
f 1119//1119 932//932 934//934
f 1119//1119 934//934 910//910
f 1123//1123 1121//1121 932//932
f 932//932 1121//1121 1120//1120
f 932//932 1120//1120 931//931
f 931//931 1120//1120 1131//1131
f 931//931 1131//1131 930//930
f 934//934 935//935 910//910
f 910//910 935//935 937//937
f 910//910 937//937 908//908
f 908//908 937//937 939//939
f 908//908 939//939 906//906
f 906//906 939//939 905//905
f 905//905 939//939 941//941
f 905//905 941//941 903//903
f 903//903 941//941 942//942
f 903//903 942//942 902//902
f 902//902 942//942 944//944
f 902//902 944//944 900//900
f 629//629 445//445 946//946
f 946//946 445//445 900//900
f 946//946 900//900 945//945
f 945//945 900//900 944//944
f 1259//1259 1260//1260 1261//1261
f 1262//1262 1263//1263 1264//1264
f 1265//1265 1266//1266 1267//1267
f 1267//1267 1266//1266 1268//1268
f 1269//1269 1270//1270 1271//1271
f 1272//1272 1273//1273 1274//1274
f 1275//1275 1276//1276 1277//1277
f 1278//1278 1279//1279 1280//1280
f 1281//1281 1282//1282 1283//1283
f 1283//1283 1282//1282 1284//1284
f 1283//1283 1284//1284 1279//1279
f 1279//1279 1284//1284 1285//1285
f 1279//1279 1285//1285 1280//1280
f 1286//1286 1287//1287 1288//1288
f 1288//1288 1287//1287 1289//1289
f 1288//1288 1289//1289 1281//1281
f 1281//1281 1289//1289 1290//1290
f 1281//1281 1290//1290 1282//1282
f 1291//1291 1292//1292 1286//1286
f 1286//1286 1292//1292 1293//1293
f 1286//1286 1293//1293 1287//1287
f 1277//1277 1294//1294 1275//1275
f 1275//1275 1294//1294 1295//1295
f 1275//1275 1295//1295 1291//1291
f 1291//1291 1295//1295 1296//1296
f 1291//1291 1296//1296 1292//1292
f 1274//1274 1297//1297 1272//1272
f 1272//1272 1297//1297 1298//1298
f 1272//1272 1298//1298 1299//1299
f 1299//1299 1298//1298 1300//1300
f 1299//1299 1300//1300 1276//1276
f 1276//1276 1300//1300 1301//1301
f 1276//1276 1301//1301 1277//1277
f 1271//1271 1302//1302 1269//1269
f 1269//1269 1302//1302 1303//1303
f 1269//1269 1303//1303 1304//1304
f 1304//1304 1303//1303 1305//1305
f 1304//1304 1305//1305 1273//1273
f 1273//1273 1305//1305 1306//1306
f 1273//1273 1306//1306 1274//1274
f 1307//1307 1308//1308 1309//1309
f 1309//1309 1308//1308 1310//1310
f 1309//1309 1310//1310 1311//1311
f 1311//1311 1310//1310 1312//1312
f 1311//1311 1312//1312 1270//1270
f 1270//1270 1312//1312 1313//1313
f 1270//1270 1313//1313 1271//1271
f 1314//1314 1315//1315 1316//1316
f 1316//1316 1315//1315 1317//1317
f 1266//1266 1318//1318 1268//1268
f 1268//1268 1318//1318 1319//1319
f 1268//1268 1319//1319 1320//1320
f 1320//1320 1319//1319 1321//1321
f 1320//1320 1321//1321 1316//1316
f 1316//1316 1321//1321 1322//1322
f 1316//1316 1322//1322 1314//1314
f 1265//1265 1267//1267 1323//1323
f 1323//1323 1267//1267 1324//1324
f 1323//1323 1324//1324 1325//1325
f 1325//1325 1324//1324 1326//1326
f 1325//1325 1326//1326 1327//1327
f 1262//1262 1264//1264 1328//1328
f 1328//1328 1264//1264 1329//1329
f 1328//1328 1329//1329 1330//1330
f 1330//1330 1329//1329 1331//1331
f 1330//1330 1331//1331 1332//1332
f 1332//1332 1331//1331 1333//1333
f 1333//1333 1331//1331 1334//1334
f 1333//1333 1334//1334 1335//1335
f 1335//1335 1334//1334 1336//1336
f 1335//1335 1336//1336 1337//1337
f 1337//1337 1336//1336 1338//1338
f 1338//1338 1336//1336 1339//1339
f 1338//1338 1339//1339 1340//1340
f 1340//1340 1339//1339 1341//1341
f 1341//1341 1339//1339 1342//1342
f 1341//1341 1342//1342 1343//1343
f 1343//1343 1342//1342 1344//1344
f 1343//1343 1344//1344 1345//1345
f 1261//1261 1346//1346 1259//1259
f 1259//1259 1346//1346 1347//1347
f 1259//1259 1347//1347 1348//1348
f 1348//1348 1347//1347 1349//1349
f 1348//1348 1349//1349 1344//1344
f 1344//1344 1349//1349 1350//1350
f 1344//1344 1350//1350 1345//1345
f 1280//1280 1351//1351 1278//1278
f 1278//1278 1351//1351 1352//1352
f 1278//1278 1352//1352 1353//1353
f 1353//1353 1352//1352 1354//1354
f 1353//1353 1354//1354 1260//1260
f 1260//1260 1354//1354 1355//1355
f 1260//1260 1355//1355 1261//1261
f 1356//1356 1326//1326 1357//1357
f 1357//1357 1326//1326 1324//1324
f 1357//1357 1324//1324 1358//1358
f 1358//1358 1324//1324 1267//1267
f 1358//1358 1267//1267 1359//1359
f 1359//1359 1267//1267 1268//1268
f 1359//1359 1268//1268 1360//1360
f 1360//1360 1268//1268 1320//1320
f 1360//1360 1320//1320 1361//1361
f 1361//1361 1320//1320 1316//1316
f 1361//1361 1316//1316 1362//1362
f 1362//1362 1316//1316 1317//1317
f 1362//1362 1317//1317 1363//1363
f 1264//1264 1364//1364 1329//1329
f 1329//1329 1364//1364 1365//1365
f 1329//1329 1365//1365 1331//1331
f 1331//1331 1365//1365 1366//1366
f 1331//1331 1366//1366 1334//1334
f 1334//1334 1366//1366 1367//1367
f 1334//1334 1367//1367 1336//1336
f 1336//1336 1367//1367 1368//1368
f 1336//1336 1368//1368 1339//1339
f 1339//1339 1368//1368 1369//1369
f 1339//1339 1369//1369 1342//1342
f 1342//1342 1369//1369 1370//1370
f 1342//1342 1370//1370 1344//1344
f 1344//1344 1370//1370 1371//1371
f 1344//1344 1371//1371 1348//1348
f 1348//1348 1371//1371 1372//1372
f 1348//1348 1372//1372 1259//1259
f 1259//1259 1372//1372 1373//1373
f 1259//1259 1373//1373 1260//1260
f 1260//1260 1373//1373 1374//1374
f 1260//1260 1374//1374 1353//1353
f 1353//1353 1374//1374 1375//1375
f 1353//1353 1375//1375 1278//1278
f 1278//1278 1375//1375 1376//1376
f 1278//1278 1376//1376 1279//1279
f 1279//1279 1376//1376 1377//1377
f 1279//1279 1377//1377 1283//1283
f 1283//1283 1377//1377 1378//1378
f 1283//1283 1378//1378 1281//1281
f 1281//1281 1378//1378 1379//1379
f 1281//1281 1379//1379 1288//1288
f 1288//1288 1379//1379 1380//1380
f 1288//1288 1380//1380 1286//1286
f 1286//1286 1380//1380 1381//1381
f 1286//1286 1381//1381 1291//1291
f 1291//1291 1381//1381 1382//1382
f 1291//1291 1382//1382 1275//1275
f 1275//1275 1382//1382 1383//1383
f 1275//1275 1383//1383 1276//1276
f 1276//1276 1383//1383 1384//1384
f 1276//1276 1384//1384 1299//1299
f 1299//1299 1384//1384 1385//1385
f 1299//1299 1385//1385 1272//1272
f 1272//1272 1385//1385 1386//1386
f 1272//1272 1386//1386 1273//1273
f 1273//1273 1386//1386 1387//1387
f 1273//1273 1387//1387 1304//1304
f 1304//1304 1387//1387 1388//1388
f 1304//1304 1388//1388 1269//1269
f 1269//1269 1388//1388 1389//1389
f 1269//1269 1389//1389 1270//1270
f 1270//1270 1389//1389 1390//1390
f 1270//1270 1390//1390 1311//1311
f 1311//1311 1390//1390 1391//1391
f 1311//1311 1391//1391 1309//1309
f 1392//1392 1356//1356 1393//1393
f 1393//1393 1356//1356 1357//1357
f 1393//1393 1357//1357 1394//1394
f 1394//1394 1357//1357 1358//1358
f 1394//1394 1358//1358 1395//1395
f 1395//1395 1358//1358 1359//1359
f 1395//1395 1359//1359 1396//1396
f 1396//1396 1359//1359 1360//1360
f 1396//1396 1360//1360 1397//1397
f 1397//1397 1360//1360 1361//1361
f 1397//1397 1361//1361 1398//1398
f 1398//1398 1361//1361 1362//1362
f 1398//1398 1362//1362 1399//1399
f 1399//1399 1362//1362 1363//1363
f 1399//1399 1363//1363 1400//1400
f 1364//1364 1401//1401 1365//1365
f 1365//1365 1401//1401 1402//1402
f 1365//1365 1402//1402 1366//1366
f 1366//1366 1402//1402 1403//1403
f 1366//1366 1403//1403 1367//1367
f 1367//1367 1403//1403 1404//1404
f 1367//1367 1404//1404 1368//1368
f 1368//1368 1404//1404 1405//1405
f 1368//1368 1405//1405 1369//1369
f 1369//1369 1405//1405 1406//1406
f 1369//1369 1406//1406 1370//1370
f 1370//1370 1406//1406 1407//1407
f 1370//1370 1407//1407 1371//1371
f 1371//1371 1407//1407 1408//1408
f 1371//1371 1408//1408 1372//1372
f 1372//1372 1408//1408 1409//1409
f 1372//1372 1409//1409 1373//1373
f 1373//1373 1409//1409 1410//1410
f 1373//1373 1410//1410 1374//1374
f 1374//1374 1410//1410 1411//1411
f 1374//1374 1411//1411 1375//1375
f 1375//1375 1411//1411 1412//1412
f 1375//1375 1412//1412 1376//1376
f 1376//1376 1412//1412 1413//1413
f 1376//1376 1413//1413 1377//1377
f 1377//1377 1413//1413 1414//1414
f 1377//1377 1414//1414 1378//1378
f 1378//1378 1414//1414 1415//1415
f 1378//1378 1415//1415 1379//1379
f 1379//1379 1415//1415 1416//1416
f 1379//1379 1416//1416 1380//1380
f 1380//1380 1416//1416 1417//1417
f 1380//1380 1417//1417 1381//1381
f 1381//1381 1417//1417 1418//1418
f 1381//1381 1418//1418 1382//1382
f 1382//1382 1418//1418 1419//1419
f 1382//1382 1419//1419 1383//1383
f 1383//1383 1419//1419 1420//1420
f 1383//1383 1420//1420 1384//1384
f 1384//1384 1420//1420 1421//1421
f 1384//1384 1421//1421 1385//1385
f 1385//1385 1421//1421 1422//1422
f 1385//1385 1422//1422 1386//1386
f 1386//1386 1422//1422 1423//1423
f 1386//1386 1423//1423 1387//1387
f 1387//1387 1423//1423 1424//1424
f 1387//1387 1424//1424 1388//1388
f 1388//1388 1424//1424 1425//1425
f 1388//1388 1425//1425 1389//1389
f 1389//1389 1425//1425 1426//1426
f 1389//1389 1426//1426 1390//1390
f 1390//1390 1426//1426 1427//1427
f 1390//1390 1427//1427 1391//1391
f 1428//1428 1392//1392 1429//1429
f 1429//1429 1392//1392 1393//1393
f 1429//1429 1393//1393 1430//1430
f 1430//1430 1393//1393 1394//1394
f 1430//1430 1394//1394 1431//1431
f 1431//1431 1394//1394 1395//1395
f 1431//1431 1395//1395 1432//1432
f 1432//1432 1395//1395 1396//1396
f 1432//1432 1396//1396 1433//1433
f 1433//1433 1396//1396 1397//1397
f 1433//1433 1397//1397 1434//1434
f 1434//1434 1397//1397 1398//1398
f 1434//1434 1398//1398 1435//1435
f 1435//1435 1398//1398 1399//1399
f 1435//1435 1399//1399 1436//1436
f 1436//1436 1399//1399 1400//1400
f 1436//1436 1400//1400 1437//1437
f 1401//1401 1438//1438 1402//1402
f 1402//1402 1438//1438 1439//1439
f 1402//1402 1439//1439 1403//1403
f 1403//1403 1439//1439 1440//1440
f 1403//1403 1440//1440 1404//1404
f 1404//1404 1440//1440 1441//1441
f 1404//1404 1441//1441 1405//1405
f 1405//1405 1441//1441 1442//1442
f 1405//1405 1442//1442 1406//1406
f 1406//1406 1442//1442 1443//1443
f 1406//1406 1443//1443 1407//1407
f 1407//1407 1443//1443 1444//1444
f 1407//1407 1444//1444 1408//1408
f 1408//1408 1444//1444 1445//1445
f 1408//1408 1445//1445 1409//1409
f 1409//1409 1445//1445 1446//1446
f 1409//1409 1446//1446 1410//1410
f 1410//1410 1446//1446 1447//1447
f 1410//1410 1447//1447 1411//1411
f 1411//1411 1447//1447 1448//1448
f 1411//1411 1448//1448 1412//1412
f 1412//1412 1448//1448 1449//1449
f 1412//1412 1449//1449 1413//1413
f 1413//1413 1449//1449 1450//1450
f 1413//1413 1450//1450 1414//1414
f 1414//1414 1450//1450 1451//1451
f 1414//1414 1451//1451 1415//1415
f 1415//1415 1451//1451 1452//1452
f 1415//1415 1452//1452 1416//1416
f 1416//1416 1452//1452 1453//1453
f 1416//1416 1453//1453 1417//1417
f 1417//1417 1453//1453 1454//1454
f 1417//1417 1454//1454 1418//1418
f 1418//1418 1454//1454 1455//1455
f 1418//1418 1455//1455 1419//1419
f 1419//1419 1455//1455 1456//1456
f 1419//1419 1456//1456 1420//1420
f 1420//1420 1456//1456 1457//1457
f 1420//1420 1457//1457 1421//1421
f 1421//1421 1457//1457 1458//1458
f 1421//1421 1458//1458 1422//1422
f 1422//1422 1458//1458 1459//1459
f 1422//1422 1459//1459 1423//1423
f 1423//1423 1459//1459 1460//1460
f 1423//1423 1460//1460 1424//1424
f 1424//1424 1460//1460 1461//1461
f 1424//1424 1461//1461 1425//1425
f 1425//1425 1461//1461 1462//1462
f 1425//1425 1462//1462 1426//1426
f 1426//1426 1462//1462 1463//1463
f 1426//1426 1463//1463 1427//1427
f 1464//1464 1428//1428 1465//1465
f 1465//1465 1428//1428 1429//1429
f 1465//1465 1429//1429 1466//1466
f 1466//1466 1429//1429 1430//1430
f 1466//1466 1430//1430 1467//1467
f 1467//1467 1430//1430 1431//1431
f 1467//1467 1431//1431 1468//1468
f 1468//1468 1431//1431 1432//1432
f 1468//1468 1432//1432 1469//1469
f 1469//1469 1432//1432 1433//1433
f 1469//1469 1433//1433 1470//1470
f 1470//1470 1433//1433 1434//1434
f 1470//1470 1434//1434 1471//1471
f 1471//1471 1434//1434 1435//1435
f 1471//1471 1435//1435 1472//1472
f 1472//1472 1435//1435 1436//1436
f 1472//1472 1436//1436 1473//1473
f 1473//1473 1436//1436 1437//1437
f 1473//1473 1437//1437 1474//1474
f 1438//1438 1475//1475 1439//1439
f 1439//1439 1475//1475 1476//1476
f 1439//1439 1476//1476 1440//1440
f 1440//1440 1476//1476 1477//1477
f 1440//1440 1477//1477 1441//1441
f 1441//1441 1477//1477 1478//1478
f 1441//1441 1478//1478 1442//1442
f 1442//1442 1478//1478 1479//1479
f 1442//1442 1479//1479 1443//1443
f 1443//1443 1479//1479 1480//1480
f 1443//1443 1480//1480 1444//1444
f 1444//1444 1480//1480 1481//1481
f 1444//1444 1481//1481 1445//1445
f 1445//1445 1481//1481 1482//1482
f 1445//1445 1482//1482 1446//1446
f 1446//1446 1482//1482 1483//1483
f 1446//1446 1483//1483 1447//1447
f 1447//1447 1483//1483 1484//1484
f 1447//1447 1484//1484 1448//1448
f 1448//1448 1484//1484 1485//1485
f 1448//1448 1485//1485 1449//1449
f 1449//1449 1485//1485 1486//1486
f 1449//1449 1486//1486 1450//1450
f 1450//1450 1486//1486 1487//1487
f 1450//1450 1487//1487 1451//1451
f 1451//1451 1487//1487 1488//1488
f 1451//1451 1488//1488 1452//1452
f 1452//1452 1488//1488 1489//1489
f 1452//1452 1489//1489 1453//1453
f 1453//1453 1489//1489 1490//1490
f 1453//1453 1490//1490 1454//1454
f 1454//1454 1490//1490 1491//1491
f 1454//1454 1491//1491 1455//1455
f 1455//1455 1491//1491 1492//1492
f 1455//1455 1492//1492 1456//1456
f 1456//1456 1492//1492 1493//1493
f 1456//1456 1493//1493 1457//1457
f 1457//1457 1493//1493 1494//1494
f 1457//1457 1494//1494 1458//1458
f 1458//1458 1494//1494 1495//1495
f 1458//1458 1495//1495 1459//1459
f 1459//1459 1495//1495 1496//1496
f 1459//1459 1496//1496 1460//1460
f 1460//1460 1496//1496 1497//1497
f 1460//1460 1497//1497 1461//1461
f 1461//1461 1497//1497 1498//1498
f 1461//1461 1498//1498 1462//1462
f 1462//1462 1498//1498 1499//1499
f 1462//1462 1499//1499 1463//1463
f 1049//1049 1464//1464 1050//1050
f 1050//1050 1464//1464 1465//1465
f 1050//1050 1465//1465 1051//1051
f 1051//1051 1465//1465 1466//1466
f 1051//1051 1466//1466 1052//1052
f 1052//1052 1466//1466 1467//1467
f 1052//1052 1467//1467 1053//1053
f 1053//1053 1467//1467 1468//1468
f 1053//1053 1468//1468 1054//1054
f 1054//1054 1468//1468 1469//1469
f 1054//1054 1469//1469 1055//1055
f 1055//1055 1469//1469 1470//1470
f 1055//1055 1470//1470 1056//1056
f 1056//1056 1470//1470 1471//1471
f 1056//1056 1471//1471 1057//1057
f 1057//1057 1471//1471 1472//1472
f 1057//1057 1472//1472 1058//1058
f 1058//1058 1472//1472 1473//1473
f 1058//1058 1473//1473 1059//1059
f 1059//1059 1473//1473 1474//1474
f 1059//1059 1474//1474 1060//1060
f 1315//1315 1307//1307 1317//1317
f 1317//1317 1307//1307 1309//1309
f 1317//1317 1309//1309 1363//1363
f 1363//1363 1309//1309 1391//1391
f 1363//1363 1391//1391 1400//1400
f 1400//1400 1391//1391 1427//1427
f 1400//1400 1427//1427 1437//1437
f 1437//1437 1427//1427 1463//1463
f 1437//1437 1463//1463 1474//1474
f 1474//1474 1463//1463 1499//1499
f 1474//1474 1499//1499 1060//1060
f 1060//1060 1499//1499 1498//1498
f 1060//1060 1498//1498 1061//1061
f 1061//1061 1498//1498 1497//1497
f 1061//1061 1497//1497 1062//1062
f 1062//1062 1497//1497 1496//1496
f 1062//1062 1496//1496 1063//1063
f 1063//1063 1496//1496 1495//1495
f 1063//1063 1495//1495 1064//1064
f 1064//1064 1495//1495 1494//1494
f 1064//1064 1494//1494 1065//1065
f 1065//1065 1494//1494 1493//1493
f 1065//1065 1493//1493 1066//1066
f 1066//1066 1493//1493 1492//1492
f 1066//1066 1492//1492 1067//1067
f 1067//1067 1492//1492 1491//1491
f 1067//1067 1491//1491 1068//1068
f 1068//1068 1491//1491 1490//1490
f 1068//1068 1490//1490 1069//1069
f 1069//1069 1490//1490 1489//1489
f 1069//1069 1489//1489 1036//1036
f 1036//1036 1489//1489 1488//1488
f 1036//1036 1488//1488 1037//1037
f 1037//1037 1488//1488 1487//1487
f 1037//1037 1487//1487 1038//1038
f 1038//1038 1487//1487 1486//1486
f 1038//1038 1486//1486 1039//1039
f 1039//1039 1486//1486 1485//1485
f 1039//1039 1485//1485 1040//1040
f 1040//1040 1485//1485 1484//1484
f 1040//1040 1484//1484 1041//1041
f 1041//1041 1484//1484 1483//1483
f 1041//1041 1483//1483 1042//1042
f 1042//1042 1483//1483 1482//1482
f 1042//1042 1482//1482 1043//1043
f 1043//1043 1482//1482 1481//1481
f 1043//1043 1481//1481 1044//1044
f 1044//1044 1481//1481 1480//1480
f 1044//1044 1480//1480 1045//1045
f 1045//1045 1480//1480 1479//1479
f 1045//1045 1479//1479 1046//1046
f 1046//1046 1479//1479 1478//1478
f 1046//1046 1478//1478 1047//1047
f 1047//1047 1478//1478 1477//1477
f 1047//1047 1477//1477 1048//1048
f 1048//1048 1477//1477 1476//1476
f 1048//1048 1476//1476 1049//1049
f 1049//1049 1476//1476 1475//1475
f 1049//1049 1475//1475 1464//1464
f 1464//1464 1475//1475 1438//1438
f 1464//1464 1438//1438 1428//1428
f 1428//1428 1438//1438 1401//1401
f 1428//1428 1401//1401 1392//1392
f 1392//1392 1401//1401 1364//1364
f 1392//1392 1364//1364 1356//1356
f 1356//1356 1364//1364 1264//1264
f 1356//1356 1264//1264 1326//1326
f 1326//1326 1264//1264 1263//1263
f 1326//1326 1263//1263 1327//1327
f 1500//1500 1501//1501 1502//1502
f 1503//1503 1504//1504 1505//1505
f 1506//1506 1507//1507 1508//1508
f 1112//1112 1509//1509 1110//1110
f 1110//1110 1509//1509 1510//1510
f 1110//1110 1510//1510 1108//1108
f 1129//1129 1127//1127 1511//1511
f 1511//1511 1127//1127 1109//1109
f 1511//1511 1109//1109 1512//1512
f 1512//1512 1109//1109 1108//1108
f 1129//1129 1513//1513 1130//1130
f 1130//1130 1513//1513 1508//1508
f 1130//1130 1508//1508 1134//1134
f 1134//1134 1508//1508 1133//1133
f 1133//1133 1508//1508 1507//1507
f 1133//1133 1507//1507 1131//1131
f 1506//1506 1508//1508 1514//1514
f 1514//1514 1508//1508 1513//1513
f 1514//1514 1513//1513 1515//1515
f 1515//1515 1513//1513 1516//1516
f 1515//1515 1516//1516 1517//1517
f 1517//1517 1516//1516 1518//1518
f 1517//1517 1518//1518 1519//1519
f 1520//1520 1521//1521 1522//1522
f 1522//1522 1521//1521 1523//1523
f 1522//1522 1523//1523 1524//1524
f 1524//1524 1523//1523 1525//1525
f 1524//1524 1525//1525 1518//1518
f 1518//1518 1525//1525 1526//1526
f 1518//1518 1526//1526 1519//1519
f 1527//1527 1528//1528 1520//1520
f 1520//1520 1528//1528 1529//1529
f 1520//1520 1529//1529 1521//1521
f 1530//1530 1531//1531 1532//1532
f 1532//1532 1531//1531 1527//1527
f 1532//1532 1527//1527 1533//1533
f 1533//1533 1527//1527 1520//1520
f 1530//1530 1532//1532 1534//1534
f 1534//1534 1532//1532 1535//1535
f 1534//1534 1535//1535 1536//1536
f 1536//1536 1535//1535 1537//1537
f 1536//1536 1537//1537 1538//1538
f 1538//1538 1537//1537 1539//1539
f 1538//1538 1539//1539 1540//1540
f 1505//1505 1504//1504 1539//1539
f 1539//1539 1504//1504 1541//1541
f 1539//1539 1541//1541 1540//1540
f 1542//1542 1543//1543 1198//1198
f 1198//1198 1543//1543 1544//1544
f 1198//1198 1544//1544 1204//1204
f 1542//1542 1198//1198 1545//1545
f 1545//1545 1198//1198 1196//1196
f 1545//1545 1196//1196 1195//1195
f 1179//1179 1206//1206 1544//1544
f 1544//1544 1206//1206 1205//1205
f 1544//1544 1205//1205 1204//1204
f 1192//1192 1180//1180 1546//1546
f 1546//1546 1180//1180 1179//1179
f 1546//1546 1179//1179 1502//1502
f 1502//1502 1179//1179 1544//1544
f 1502//1502 1544//1544 1500//1500
f 1500//1500 1544//1544 1543//1543
f 1187//1187 1189//1189 1547//1547
f 1547//1547 1189//1189 1191//1191
f 1547//1547 1191//1191 1548//1548
f 1082//1082 1090//1090 1188//1188
f 1187//1187 1547//1547 1188//1188
f 1188//1188 1547//1547 1549//1549
f 1188//1188 1549//1549 1082//1082
f 1082//1082 1549//1549 1550//1550
f 1082//1082 1550//1550 1083//1083
f 1083//1083 1550//1550 1551//1551
f 1083//1083 1551//1551 1085//1085
f 1085//1085 1551//1551 1552//1552
f 1085//1085 1552//1552 1086//1086
f 1086//1086 1552//1552 1553//1553
f 1086//1086 1553//1553 1087//1087
f 1087//1087 1553//1553 1554//1554
f 1087//1087 1554//1554 1084//1084
f 1074//1074 1078//1078 1554//1554
f 1554//1554 1078//1078 1079//1079
f 1554//1554 1079//1079 1084//1084
f 1554//1554 1555//1555 1074//1074
f 1074//1074 1555//1555 1556//1556
f 1074//1074 1556//1556 1073//1073
f 1073//1073 1556//1556 1557//1557
f 1073//1073 1557//1557 1075//1075
f 1075//1075 1557//1557 1558//1558
f 1075//1075 1558//1558 1076//1076
f 1076//1076 1558//1558 1114//1114
f 1076//1076 1114//1114 912//912
f 1129//1129 1511//1511 1513//1513
f 1513//1513 1511//1511 1512//1512
f 1513//1513 1512//1512 1516//1516
f 1516//1516 1512//1512 1559//1559
f 1516//1516 1559//1559 1518//1518
f 1518//1518 1559//1559 1560//1560
f 1518//1518 1560//1560 1524//1524
f 1524//1524 1560//1560 1561//1561
f 1524//1524 1561//1561 1522//1522
f 1522//1522 1561//1561 1562//1562
f 1522//1522 1562//1562 1520//1520
f 1520//1520 1562//1562 1563//1563
f 1520//1520 1563//1563 1533//1533
f 1533//1533 1563//1563 1564//1564
f 1533//1533 1564//1564 1532//1532
f 1532//1532 1564//1564 1565//1565
f 1532//1532 1565//1565 1535//1535
f 1535//1535 1565//1565 1566//1566
f 1535//1535 1566//1566 1537//1537
f 1537//1537 1566//1566 1567//1567
f 1537//1537 1567//1567 1539//1539
f 1539//1539 1567//1567 1568//1568
f 1539//1539 1568//1568 1505//1505
f 1501//1501 1569//1569 1502//1502
f 1502//1502 1569//1569 1570//1570
f 1502//1502 1570//1570 1546//1546
f 1546//1546 1570//1570 1548//1548
f 1546//1546 1548//1548 1192//1192
f 1192//1192 1548//1548 1191//1191
f 1108//1108 1510//1510 1512//1512
f 1512//1512 1510//1510 1509//1509
f 1512//1512 1509//1509 1559//1559
f 1559//1559 1509//1509 1571//1571
f 1559//1559 1571//1571 1560//1560
f 1560//1560 1571//1571 1572//1572
f 1560//1560 1572//1572 1561//1561
f 1561//1561 1572//1572 1573//1573
f 1561//1561 1573//1573 1562//1562
f 1562//1562 1573//1573 1574//1574
f 1562//1562 1574//1574 1563//1563
f 1563//1563 1574//1574 1575//1575
f 1563//1563 1575//1575 1564//1564
f 1564//1564 1575//1575 1576//1576
f 1564//1564 1576//1576 1565//1565
f 1565//1565 1576//1576 1577//1577
f 1565//1565 1577//1577 1566//1566
f 1566//1566 1577//1577 1578//1578
f 1566//1566 1578//1578 1567//1567
f 1567//1567 1578//1578 1579//1579
f 1567//1567 1579//1579 1568//1568
f 1569//1569 1503//1503 1570//1570
f 1570//1570 1503//1503 1505//1505
f 1570//1570 1505//1505 1548//1548
f 1548//1548 1505//1505 1568//1568
f 1548//1548 1568//1568 1547//1547
f 1547//1547 1568//1568 1579//1579
f 1547//1547 1579//1579 1549//1549
f 1549//1549 1579//1579 1578//1578
f 1549//1549 1578//1578 1550//1550
f 1550//1550 1578//1578 1577//1577
f 1550//1550 1577//1577 1551//1551
f 1551//1551 1577//1577 1576//1576
f 1551//1551 1576//1576 1552//1552
f 1552//1552 1576//1576 1575//1575
f 1552//1552 1575//1575 1553//1553
f 1553//1553 1575//1575 1574//1574
f 1553//1553 1574//1574 1554//1554
f 1554//1554 1574//1574 1573//1573
f 1554//1554 1573//1573 1555//1555
f 1555//1555 1573//1573 1572//1572
f 1555//1555 1572//1572 1556//1556
f 1556//1556 1572//1572 1571//1571
f 1556//1556 1571//1571 1557//1557
f 1557//1557 1571//1571 1509//1509
f 1557//1557 1509//1509 1558//1558
f 1558//1558 1509//1509 1112//1112
f 1558//1558 1112//1112 1114//1114
f 1195//1195 1197//1197 1166//1166
f 1166//1166 1197//1197 1174//1174
f 1166//1166 1174//1174 1164//1164
f 1164//1164 1174//1174 1173//1173
f 1164//1164 1173//1173 1162//1162
f 1162//1162 1173//1173 1161//1161
f 1173//1173 1176//1176 1161//1161
f 1161//1161 1176//1176 1203//1203
f 1161//1161 1203//1203 1159//1159
f 1159//1159 1203//1203 1210//1210
f 1159//1159 1210//1210 1157//1157
f 1157//1157 1210//1210 1212//1212
f 1157//1157 1212//1212 1155//1155
f 1155//1155 1212//1212 1213//1213
f 1155//1155 1213//1213 1154//1154
f 1154//1154 1213//1213 1215//1215
f 1154//1154 1215//1215 1152//1152
f 1152//1152 1215//1215 1216//1216
f 1152//1152 1216//1216 1150//1150
f 1150//1150 1216//1216 1217//1217
f 1150//1150 1217//1217 692//692
f 692//692 1217//1217 628//628
f 962//962 961//961 1580//1580
f 962//962 1580//1580 1234//1234
f 1234//1234 1580//1580 1581//1581
f 1234//1234 1581//1581 1227//1227
f 1227//1227 1581//1581 1582//1582
f 1227//1227 1582//1582 1228//1228
f 1228//1228 1582//1582 1583//1583
f 1228//1228 1583//1583 1229//1229
f 1229//1229 1583//1583 1584//1584
f 1229//1229 1584//1584 1230//1230
f 1230//1230 1584//1584 1585//1585
f 1230//1230 1585//1585 1231//1231
f 1231//1231 1585//1585 1586//1586
f 1231//1231 1586//1586 1232//1232
f 1232//1232 1586//1586 1587//1587
f 1232//1232 1587//1587 1233//1233
f 1233//1233 1587//1587 1588//1588
f 1233//1233 1588//1588 1253//1253
f 1253//1253 1588//1588 1589//1589
f 1253//1253 1589//1589 1252//1252
f 1252//1252 1589//1589 1590//1590
f 1252//1252 1590//1590 1251//1251
f 1251//1251 1590//1590 1591//1591
f 1251//1251 1591//1591 1250//1250
f 1250//1250 1591//1591 1592//1592
f 1250//1250 1592//1592 1249//1249
f 1249//1249 1592//1592 1593//1593
f 1249//1249 1593//1593 1248//1248
f 1248//1248 1593//1593 1594//1594
f 1248//1248 1594//1594 1247//1247
f 1247//1247 1594//1594 1595//1595
f 1247//1247 1595//1595 1246//1246
f 1246//1246 1595//1595 1596//1596
f 1246//1246 1596//1596 1245//1245
f 1245//1245 1596//1596 1597//1597
f 1245//1245 1597//1597 1244//1244
f 1244//1244 1597//1597 1598//1598
f 1244//1244 1598//1598 1243//1243
f 1243//1243 1598//1598 1138//1138
f 1243//1243 1138//1138 1137//1137
f 1599//1599 1600//1600 1601//1601
f 1601//1601 1600//1600 1602//1602
f 1601//1601 1602//1602 1603//1603
f 1603//1603 1602//1602 1604//1604
f 1603//1603 1604//1604 1165//1165
f 1165//1165 1604//1604 1166//1166
f 1599//1599 1601//1601 1605//1605
f 1605//1605 1601//1601 1606//1606
f 1605//1605 1606//1606 1607//1607
f 1607//1607 1606//1606 1608//1608
f 1607//1607 1608//1608 1609//1609
f 1609//1609 1608//1608 1610//1610
f 1609//1609 1610//1610 1611//1611
f 1611//1611 1610//1610 1612//1612
f 1612//1612 1610//1610 1613//1613
f 1612//1612 1613//1613 1614//1614
f 1614//1614 1613//1613 1615//1615
f 1615//1615 1613//1613 1616//1616
f 1615//1615 1616//1616 1617//1617
f 1617//1617 1616//1616 1618//1618
f 1618//1618 1616//1616 1619//1619
f 1618//1618 1619//1619 1620//1620
f 1620//1620 1619//1619 1621//1621
f 1620//1620 1621//1621 1622//1622
f 1622//1622 1621//1621 1623//1623
f 1623//1623 1621//1621 1624//1624
f 1623//1623 1624//1624 1625//1625
f 1625//1625 1624//1624 1626//1626
f 1626//1626 1624//1624 1627//1627
f 1626//1626 1627//1627 1628//1628
f 1628//1628 1627//1627 1629//1629
f 1628//1628 1629//1629 1630//1630
f 1630//1630 1629//1629 1631//1631
f 1631//1631 1629//1629 1632//1632
f 1631//1631 1632//1632 1633//1633
f 1633//1633 1632//1632 1634//1634
f 1634//1634 1632//1632 1635//1635
f 1634//1634 1635//1635 1636//1636
f 1636//1636 1635//1635 1637//1637
f 1636//1636 1637//1637 1638//1638
f 1639//1639 1640//1640 1641//1641
f 1641//1641 1640//1640 1642//1642
f 1641//1641 1642//1642 1643//1643
f 1643//1643 1642//1642 1644//1644
f 1643//1643 1644//1644 1645//1645
f 1645//1645 1644//1644 1646//1646
f 1645//1645 1646//1646 1637//1637
f 1637//1637 1646//1646 1647//1647
f 1637//1637 1647//1647 1638//1638
f 1639//1639 1641//1641 1648//1648
f 1648//1648 1641//1641 1649//1649
f 1648//1648 1649//1649 1650//1650
f 1650//1650 1649//1649 928//928
f 1650//1650 928//928 930//930
f 969//969 928//928 1651//1651
f 1651//1651 928//928 1649//1649
f 1651//1651 1649//1649 1652//1652
f 1652//1652 1649//1649 1641//1641
f 1652//1652 1641//1641 1653//1653
f 1653//1653 1641//1641 1643//1643
f 1653//1653 1643//1643 1654//1654
f 1654//1654 1643//1643 1645//1645
f 1654//1654 1645//1645 1655//1655
f 1655//1655 1645//1645 1637//1637
f 1655//1655 1637//1637 1656//1656
f 1656//1656 1637//1637 1635//1635
f 1656//1656 1635//1635 1657//1657
f 1657//1657 1635//1635 1632//1632
f 1657//1657 1632//1632 1658//1658
f 1658//1658 1632//1632 1629//1629
f 1658//1658 1629//1629 1659//1659
f 1659//1659 1629//1629 1627//1627
f 1659//1659 1627//1627 1660//1660
f 1660//1660 1627//1627 1624//1624
f 1660//1660 1624//1624 1661//1661
f 1661//1661 1624//1624 1621//1621
f 1661//1661 1621//1621 1662//1662
f 1662//1662 1621//1621 1619//1619
f 1662//1662 1619//1619 1663//1663
f 1663//1663 1619//1619 1616//1616
f 1663//1663 1616//1616 1664//1664
f 1664//1664 1616//1616 1613//1613
f 1664//1664 1613//1613 1665//1665
f 1665//1665 1613//1613 1610//1610
f 1665//1665 1610//1610 1666//1666
f 1666//1666 1610//1610 1608//1608
f 1666//1666 1608//1608 1667//1667
f 1667//1667 1608//1608 1606//1606
f 1667//1667 1606//1606 1668//1668
f 1668//1668 1606//1606 1601//1601
f 1668//1668 1601//1601 1669//1669
f 1669//1669 1601//1601 1603//1603
f 1669//1669 1603//1603 1172//1172
f 1172//1172 1603//1603 1165//1165
f 961//961 969//969 1580//1580
f 1580//1580 969//969 1651//1651
f 1580//1580 1651//1651 1581//1581
f 1581//1581 1651//1651 1652//1652
f 1581//1581 1652//1652 1582//1582
f 1582//1582 1652//1652 1653//1653
f 1582//1582 1653//1653 1583//1583
f 1583//1583 1653//1653 1654//1654
f 1583//1583 1654//1654 1584//1584
f 1584//1584 1654//1654 1655//1655
f 1584//1584 1655//1655 1585//1585
f 1585//1585 1655//1655 1656//1656
f 1585//1585 1656//1656 1586//1586
f 1586//1586 1656//1656 1657//1657
f 1586//1586 1657//1657 1587//1587
f 1587//1587 1657//1657 1658//1658
f 1587//1587 1658//1658 1588//1588
f 1588//1588 1658//1658 1659//1659
f 1588//1588 1659//1659 1589//1589
f 1589//1589 1659//1659 1660//1660
f 1589//1589 1660//1660 1590//1590
f 1590//1590 1660//1660 1661//1661
f 1590//1590 1661//1661 1591//1591
f 1591//1591 1661//1661 1662//1662
f 1591//1591 1662//1662 1592//1592
f 1592//1592 1662//1662 1663//1663
f 1592//1592 1663//1663 1593//1593
f 1593//1593 1663//1663 1664//1664
f 1593//1593 1664//1664 1594//1594
f 1594//1594 1664//1664 1665//1665
f 1594//1594 1665//1665 1595//1595
f 1595//1595 1665//1665 1666//1666
f 1595//1595 1666//1666 1596//1596
f 1596//1596 1666//1666 1667//1667
f 1596//1596 1667//1667 1597//1597
f 1597//1597 1667//1667 1668//1668
f 1597//1597 1668//1668 1598//1598
f 1598//1598 1668//1668 1669//1669
f 1598//1598 1669//1669 1138//1138
f 1138//1138 1669//1669 1172//1172
f 1293//1293 1292//1292 1536//1536
f 1195//1195 1166//1166 1604//1604
f 1536//1536 1292//1292 1534//1534
f 1534//1534 1292//1292 1296//1296
f 1534//1534 1296//1296 1530//1530
f 1296//1296 1295//1295 1530//1530
f 1530//1530 1295//1295 1294//1294
f 1530//1530 1294//1294 1531//1531
f 1531//1531 1294//1294 1277//1277
f 1515//1515 1517//1517 1305//1305
f 1305//1305 1517//1517 1519//1519
f 1305//1305 1519//1519 1306//1306
f 1306//1306 1519//1519 1526//1526
f 1306//1306 1526//1526 1274//1274
f 1274//1274 1526//1526 1525//1525
f 1274//1274 1525//1525 1297//1297
f 1297//1297 1525//1525 1523//1523
f 1297//1297 1523//1523 1298//1298
f 1298//1298 1523//1523 1521//1521
f 1298//1298 1521//1521 1300//1300
f 1300//1300 1521//1521 1529//1529
f 1300//1300 1529//1529 1301//1301
f 1301//1301 1529//1529 1528//1528
f 1301//1301 1528//1528 1277//1277
f 1277//1277 1528//1528 1527//1527
f 1277//1277 1527//1527 1531//1531
f 1650//1650 930//930 1131//1131
f 1536//1536 1538//1538 1293//1293
f 1293//1293 1538//1538 1540//1540
f 1293//1293 1540//1540 1287//1287
f 1287//1287 1540//1540 1541//1541
f 1287//1287 1541//1541 1289//1289
f 1289//1289 1541//1541 1504//1504
f 1289//1289 1504//1504 1290//1290
f 1290//1290 1504//1504 1503//1503
f 1290//1290 1503//1503 1282//1282
f 1282//1282 1503//1503 1569//1569
f 1282//1282 1569//1569 1284//1284
f 1284//1284 1569//1569 1501//1501
f 1284//1284 1501//1501 1285//1285
f 1285//1285 1501//1501 1500//1500
f 1285//1285 1500//1500 1280//1280
f 1280//1280 1500//1500 1543//1543
f 1280//1280 1543//1543 1351//1351
f 1351//1351 1543//1543 1542//1542
f 1351//1351 1542//1542 1352//1352
f 1352//1352 1542//1542 1545//1545
f 1352//1352 1545//1545 1354//1354
f 1354//1354 1545//1545 1195//1195
f 1354//1354 1195//1195 1355//1355
f 1355//1355 1195//1195 1604//1604
f 1355//1355 1604//1604 1261//1261
f 1261//1261 1604//1604 1602//1602
f 1261//1261 1602//1602 1346//1346
f 1346//1346 1602//1602 1600//1600
f 1346//1346 1600//1600 1347//1347
f 1347//1347 1600//1600 1599//1599
f 1347//1347 1599//1599 1349//1349
f 1349//1349 1599//1599 1605//1605
f 1349//1349 1605//1605 1350//1350
f 1350//1350 1605//1605 1607//1607
f 1350//1350 1607//1607 1345//1345
f 1607//1607 1609//1609 1345//1345
f 1345//1345 1609//1609 1611//1611
f 1345//1345 1611//1611 1343//1343
f 1343//1343 1611//1611 1612//1612
f 1343//1343 1612//1612 1341//1341
f 1341//1341 1612//1612 1614//1614
f 1341//1341 1614//1614 1340//1340
f 1266//1266 1638//1638 1318//1318
f 1318//1318 1638//1638 1647//1647
f 1318//1318 1647//1647 1319//1319
f 1340//1340 1614//1614 1338//1338
f 1338//1338 1614//1614 1615//1615
f 1338//1338 1615//1615 1337//1337
f 1337//1337 1615//1615 1617//1617
f 1337//1337 1617//1617 1335//1335
f 1335//1335 1617//1617 1618//1618
f 1335//1335 1618//1618 1333//1333
f 1333//1333 1618//1618 1620//1620
f 1333//1333 1620//1620 1332//1332
f 1332//1332 1620//1620 1622//1622
f 1332//1332 1622//1622 1330//1330
f 1330//1330 1622//1622 1623//1623
f 1330//1330 1623//1623 1328//1328
f 1328//1328 1623//1623 1625//1625
f 1328//1328 1625//1625 1262//1262
f 1262//1262 1625//1625 1626//1626
f 1262//1262 1626//1626 1263//1263
f 1263//1263 1626//1626 1628//1628
f 1263//1263 1628//1628 1327//1327
f 1327//1327 1628//1628 1630//1630
f 1327//1327 1630//1630 1325//1325
f 1325//1325 1630//1630 1631//1631
f 1325//1325 1631//1631 1323//1323
f 1323//1323 1631//1631 1633//1633
f 1323//1323 1633//1633 1265//1265
f 1265//1265 1633//1633 1634//1634
f 1265//1265 1634//1634 1266//1266
f 1266//1266 1634//1634 1636//1636
f 1266//1266 1636//1636 1638//1638
f 1319//1319 1647//1647 1321//1321
f 1321//1321 1647//1647 1646//1646
f 1321//1321 1646//1646 1322//1322
f 1322//1322 1646//1646 1644//1644
f 1322//1322 1644//1644 1314//1314
f 1305//1305 1303//1303 1515//1515
f 1515//1515 1303//1303 1302//1302
f 1515//1515 1302//1302 1514//1514
f 1514//1514 1302//1302 1271//1271
f 1514//1514 1271//1271 1506//1506
f 1506//1506 1271//1271 1313//1313
f 1506//1506 1313//1313 1507//1507
f 1507//1507 1313//1313 1312//1312
f 1507//1507 1312//1312 1131//1131
f 1131//1131 1312//1312 1310//1310
f 1131//1131 1310//1310 1650//1650
f 1650//1650 1310//1310 1648//1648
f 1644//1644 1642//1642 1314//1314
f 1314//1314 1642//1642 1640//1640
f 1314//1314 1640//1640 1315//1315
f 1315//1315 1640//1640 1639//1639
f 1315//1315 1639//1639 1307//1307
f 1307//1307 1639//1639 1648//1648
f 1307//1307 1648//1648 1308//1308
f 1308//1308 1648//1648 1310//1310
# 3342 faces, 0 coords texture

# End of File
