####
#
# OBJ File Generated by Meshlab
#
####
# Object link_5.obj
#
# Vertices: 1267
# Faces: 2498
#
####
v -0.022050 0.022052 -0.040500
v -0.022050 0.021937 -0.040500
v -0.022050 0.022064 -0.040608
v -0.022050 0.022170 -0.041662
v -0.022050 0.022457 -0.042958
v -0.022050 0.022342 -0.042835
v -0.022050 0.022599 -0.045335
v -0.022050 0.022498 -0.045205
v -0.022050 0.022491 -0.047715
v -0.022050 0.022404 -0.047578
v -0.022050 0.022133 -0.050070
v -0.022050 0.022060 -0.049927
v -0.022050 0.021529 -0.052374
v -0.022050 0.021471 -0.052228
v -0.022050 0.020686 -0.054602
v -0.022050 0.020642 -0.054453
v -0.022050 0.019613 -0.056729
v -0.022050 0.019583 -0.056579
v -0.022050 0.018322 -0.058731
v -0.022050 0.018306 -0.058581
v -0.022050 0.016828 -0.060586
v -0.022050 0.016826 -0.060438
v -0.022050 0.015147 -0.062273
v -0.022050 0.015158 -0.062128
v -0.022050 0.013297 -0.063774
v -0.022050 0.013321 -0.063633
v -0.022050 0.011300 -0.065072
v -0.022050 0.009223 -0.066023
v -0.022050 0.000000 -0.071596
v -0.022050 0.004717 -0.067500
v -0.022050 0.000000 -0.068000
v -0.022050 -0.004717 -0.067500
v -0.022050 -0.009223 -0.066023
v -0.022050 -0.011300 -0.065072
v -0.022050 -0.011335 -0.064936
v -0.022050 -0.013297 -0.063774
v -0.022050 -0.013321 -0.063633
v -0.022050 -0.015147 -0.062273
v -0.022050 -0.015158 -0.062128
v -0.022050 -0.016828 -0.060586
v -0.022050 -0.016826 -0.060438
v -0.022050 -0.018322 -0.058731
v -0.022050 -0.018306 -0.058581
v -0.022050 -0.019613 -0.056729
v -0.022050 -0.019583 -0.056579
v -0.022050 -0.020686 -0.054602
v -0.022050 -0.020642 -0.054453
v -0.022050 -0.021529 -0.052374
v -0.022050 -0.021471 -0.052228
v -0.022050 -0.022133 -0.050070
v -0.022050 -0.022060 -0.049927
v -0.022050 -0.022491 -0.047715
v -0.022050 -0.022404 -0.047578
v -0.022050 -0.022599 -0.045335
v -0.022050 -0.022498 -0.045205
v -0.022050 -0.022457 -0.042958
v -0.022050 -0.022342 -0.042835
v -0.022050 -0.022064 -0.040608
v -0.022050 -0.021937 -0.040500
v -0.022050 -0.022052 -0.040500
v -0.033000 0.000000 -0.068692
v -0.033000 0.000000 -0.040500
v -0.032969 0.001424 -0.068658
v -0.032758 0.003990 -0.040500
v -0.032773 0.003866 -0.068435
v -0.032419 0.006166 -0.068014
v -0.032312 0.006703 -0.040500
v -0.031935 0.008316 -0.067408
v -0.031642 0.009369 -0.040500
v -0.031639 0.009379 -0.067019
v -0.029650 0.014488 -0.040500
v -0.029649 0.014489 -0.063905
v -0.030753 0.011970 -0.040500
v -0.029779 0.014219 -0.064130
v -0.029869 0.014029 -0.064289
v -0.029875 0.014020 -0.064299
v -0.030619 0.012308 -0.065537
v -0.031317 0.010404 -0.066575
v -0.026836 0.019205 -0.040500
v -0.027978 0.017500 -0.061215
v -0.028341 0.016905 -0.040500
v -0.028467 0.016691 -0.061991
v -0.028899 0.015933 -0.062672
v -0.023278 0.023391 -0.040500
v -0.020279 0.026034 -0.040500
v -0.020279 0.026034 -0.053519
v -0.021705 0.024856 -0.055868
v -0.023253 0.023415 -0.058052
v -0.025144 0.021372 -0.040500
v -0.024842 0.021723 -0.060078
v -0.026413 0.019783 -0.061947
v -0.027268 0.018586 -0.063095
v -0.027978 0.017500 -0.064386
v 0.015155 0.008750 -0.000000
v 0.012374 0.012374 -0.000000
v 0.008750 0.015155 -0.000000
v -0.004529 -0.016904 -0.000000
v -0.008750 -0.015155 -0.000000
v 0.004529 0.016904 -0.000000
v -0.000000 0.017500 -0.000000
v 0.000000 -0.017500 -0.000000
v 0.004529 -0.016904 -0.000000
v 0.008750 -0.015155 -0.000000
v 0.012374 -0.012374 -0.000000
v 0.015155 -0.008750 -0.000000
v 0.016904 -0.004529 -0.000000
v -0.004529 0.016904 -0.000000
v -0.008750 0.015155 -0.000000
v -0.012374 0.012374 -0.000000
v 0.017500 0.000000 -0.000000
v 0.016904 0.004529 -0.000000
v -0.015155 -0.008750 -0.000000
v -0.016904 0.004529 -0.000000
v -0.016904 -0.004529 -0.000000
v -0.017500 0.000000 -0.000000
v -0.015155 0.008750 -0.000000
v -0.012374 -0.012374 -0.000000
v -0.017500 0.000000 -0.005000
v -0.016904 -0.004529 -0.005000
v -0.015155 -0.008750 -0.005000
v -0.012374 -0.012374 -0.005000
v -0.008750 -0.015155 -0.005000
v -0.004529 -0.016904 -0.005000
v 0.000000 -0.017500 -0.005000
v 0.004529 -0.016904 -0.005000
v 0.008750 -0.015155 -0.005000
v 0.012374 -0.012374 -0.005000
v 0.015155 -0.008750 -0.005000
v 0.016904 -0.004529 -0.005000
v 0.017500 0.000000 -0.005000
v -0.008233 0.016567 -0.010000
v -0.008233 0.016567 -0.005000
v -0.003806 0.018104 -0.005000
v -0.003806 0.018104 -0.010000
v 0.000866 0.018480 -0.005000
v 0.000866 0.018480 -0.010000
v 0.005481 0.017669 -0.005000
v 0.005481 0.017669 -0.010000
v 0.009745 0.015725 -0.005000
v 0.009745 0.015725 -0.010000
v 0.013384 0.012772 -0.005000
v 0.013384 0.012772 -0.010000
v 0.016164 0.008999 -0.005000
v 0.016164 0.008999 -0.010000
v 0.017906 0.004649 -0.005000
v 0.017906 0.004649 -0.010000
v 0.018500 0.000000 -0.005000
v 0.018500 0.000000 -0.010000
v -0.014908 0.015000 -0.010000
v -0.014908 0.015000 -0.005000
v -0.011480 0.015397 -0.010000
v -0.011480 0.015397 -0.005000
v -0.008233 -0.016567 -0.010000
v -0.008233 -0.016567 -0.005000
v -0.011480 -0.015397 -0.010000
v -0.011480 -0.015397 -0.005000
v -0.014908 -0.015000 -0.010000
v -0.014908 -0.015000 -0.005000
v -0.003806 -0.018104 -0.010000
v -0.017050 -0.015000 -0.010000
v -0.017050 0.015000 -0.010000
v 0.017906 -0.004649 -0.010000
v 0.013384 -0.012772 -0.010000
v 0.009745 -0.015725 -0.010000
v 0.005481 -0.017669 -0.010000
v 0.016164 -0.008999 -0.010000
v 0.000866 -0.018480 -0.010000
v -0.022050 -0.016931 -0.029047
v -0.022050 -0.015487 -0.023840
v -0.022050 0.016931 -0.029047
v -0.022050 -0.019286 -0.033911
v -0.022050 0.014977 -0.040500
v -0.022050 0.021287 -0.038211
v -0.022050 0.019286 -0.033911
v -0.022050 0.007488 -0.040500
v -0.022050 -0.000000 -0.040500
v -0.022050 -0.014977 -0.040500
v -0.022050 -0.021287 -0.038211
v -0.022050 -0.015000 -0.005000
v -0.022050 0.015000 -0.005000
v -0.022050 -0.015000 -0.018458
v -0.022050 0.015000 -0.018458
v -0.022050 0.015487 -0.023840
v -0.022050 -0.007488 -0.040500
v -0.017050 -0.019286 -0.033911
v -0.017050 -0.016931 -0.029047
v -0.017050 -0.015000 -0.018458
v -0.017050 -0.015140 -0.021354
v -0.017050 -0.015487 -0.023840
v -0.016904 0.004529 -0.005000
v -0.015155 0.008750 -0.005000
v -0.012374 0.012374 -0.005000
v -0.003806 -0.018104 -0.005000
v 0.000000 -0.017500 -0.005000
v 0.000866 -0.018480 -0.005000
v 0.005481 -0.017669 -0.005000
v 0.009745 -0.015725 -0.005000
v 0.013384 -0.012772 -0.005000
v 0.016164 -0.008999 -0.005000
v 0.017906 -0.004649 -0.005000
v 0.016904 0.004529 -0.005000
v 0.015155 0.008750 -0.005000
v 0.012374 0.012374 -0.005000
v 0.008750 0.015155 -0.005000
v 0.004529 0.016904 -0.005000
v -0.000000 0.017500 -0.005000
v -0.004529 0.016904 -0.005000
v -0.008750 0.015155 -0.005000
v -0.017050 0.015000 -0.018458
v -0.017050 0.019286 -0.033911
v -0.017050 0.016931 -0.029047
v -0.017050 0.015487 -0.023840
v -0.017050 0.015140 -0.021354
v -0.017050 0.021287 -0.038211
v -0.017050 0.022342 -0.042835
v -0.017050 0.022404 -0.047578
v -0.017050 0.021471 -0.052228
v -0.017050 0.019583 -0.056579
v -0.017050 0.016826 -0.060438
v -0.017050 0.013321 -0.063633
v -0.017050 0.009223 -0.066023
v -0.017050 0.004717 -0.067500
v -0.017050 0.000000 -0.068000
v 0.028950 0.012374 -0.057874
v 0.028950 0.015155 -0.054250
v 0.028950 -0.015155 -0.036750
v 0.028950 -0.015155 -0.054250
v 0.028950 -0.012374 -0.057874
v 0.028950 -0.008750 -0.060655
v 0.028950 0.016904 -0.050029
v 0.028950 0.017500 -0.045500
v 0.028950 0.016904 -0.040971
v 0.028950 0.000000 -0.028000
v 0.028950 -0.004529 -0.028596
v 0.028950 -0.008750 -0.030345
v 0.028950 -0.016904 -0.040971
v 0.028950 -0.017500 -0.045500
v 0.028950 -0.016904 -0.050029
v 0.028950 -0.004529 -0.062404
v 0.028950 0.000000 -0.063000
v 0.028950 0.015155 -0.036750
v 0.028950 0.012374 -0.033126
v 0.028950 0.008750 -0.030345
v 0.028950 0.004529 -0.028596
v 0.028950 -0.012374 -0.033126
v 0.028950 0.004529 -0.062404
v 0.028950 0.008750 -0.060655
v 0.027950 0.000000 -0.028000
v 0.027950 -0.004529 -0.028596
v 0.027950 -0.008750 -0.030345
v 0.027950 -0.012374 -0.033126
v 0.027950 -0.015155 -0.036750
v 0.027950 -0.016904 -0.040971
v 0.027950 -0.017500 -0.045500
v 0.027950 -0.016904 -0.050029
v 0.027950 -0.015155 -0.054250
v 0.027950 -0.012374 -0.057874
v 0.027950 -0.008750 -0.060655
v 0.027950 -0.004529 -0.062404
v 0.027950 0.000000 -0.063000
v 0.027950 0.000000 -0.017000
v -0.017050 0.000000 -0.017000
v -0.017050 -0.005560 -0.017548
v 0.027950 -0.005560 -0.017548
v -0.017050 -0.010906 -0.019169
v 0.027950 -0.010906 -0.019169
v 0.027950 -0.015834 -0.021803
v -0.017050 -0.015834 -0.021803
v -0.017050 -0.020153 -0.025347
v 0.027950 -0.020153 -0.025347
v -0.017050 -0.023697 -0.029666
v 0.027950 -0.023697 -0.029666
v -0.017050 -0.026331 -0.034594
v 0.027950 -0.026331 -0.034594
v -0.017050 -0.027952 -0.039940
v 0.027950 -0.027952 -0.039940
v -0.017050 -0.028500 -0.045500
v 0.027950 -0.028500 -0.045500
v -0.017050 -0.027952 -0.051060
v 0.027950 -0.027952 -0.051060
v -0.017050 -0.026331 -0.056406
v 0.027950 -0.026331 -0.056406
v -0.017050 -0.023697 -0.061334
v 0.027950 -0.023697 -0.061334
v -0.017050 -0.020153 -0.065653
v 0.027950 -0.020153 -0.065653
v -0.017050 -0.015975 -0.069102
v 0.027950 -0.015834 -0.069197
v -0.017050 -0.015834 -0.069197
v -0.017050 -0.010906 -0.071831
v 0.027950 -0.010906 -0.071831
v -0.017050 -0.005560 -0.073452
v 0.027950 -0.005560 -0.073452
v -0.017050 0.000000 -0.074000
v 0.027950 0.000000 -0.074000
v -0.017050 0.022552 -0.040500
v -0.017050 0.023099 -0.045332
v -0.017050 0.022989 -0.047764
v -0.017050 0.015834 -0.021803
v -0.017050 -0.024456 -0.040500
v -0.017050 0.020153 -0.065653
v -0.017050 0.015975 -0.069102
v -0.017050 0.016390 -0.067909
v -0.017050 0.024456 -0.040500
v -0.017050 0.026331 -0.034594
v -0.017050 0.023697 -0.029666
v -0.017050 -0.022552 -0.040500
v -0.017050 -0.021287 -0.038211
v -0.017050 -0.022342 -0.042835
v -0.017050 0.017472 -0.065854
v -0.017050 0.018929 -0.064046
v -0.017050 0.023697 -0.061334
v -0.017050 0.027952 -0.039940
v -0.017050 0.028500 -0.045500
v -0.017050 0.024456 -0.053519
v -0.017050 0.027952 -0.051060
v -0.017050 0.024367 -0.054795
v -0.017050 0.026331 -0.056406
v -0.017050 0.024110 -0.056048
v -0.017050 -0.019583 -0.056579
v -0.017050 -0.021144 -0.054803
v -0.017050 -0.021471 -0.052228
v -0.017050 -0.022345 -0.051357
v -0.017050 -0.022404 -0.047578
v -0.017050 -0.022989 -0.047764
v -0.017050 -0.023058 -0.044115
v -0.017050 -0.004717 -0.067500
v -0.017050 0.000000 -0.072174
v -0.017050 -0.009223 -0.066023
v -0.017050 -0.011550 -0.065505
v -0.017050 -0.013321 -0.063633
v -0.017050 -0.014557 -0.063436
v -0.017050 -0.016826 -0.060438
v -0.017050 -0.017200 -0.060919
v -0.017050 -0.019414 -0.058018
v -0.017050 -0.024367 -0.054795
v -0.017050 -0.024456 -0.053519
v -0.017050 -0.021222 -0.061370
v -0.017050 -0.018929 -0.064046
v -0.017050 0.021222 -0.061370
v -0.017050 0.023140 -0.058414
v -0.017050 0.023697 -0.057260
v -0.017050 0.020153 -0.025347
v -0.017050 0.020047 -0.056977
v -0.017050 0.022953 -0.042901
v -0.017050 -0.017472 -0.065854
v -0.017050 -0.016390 -0.067909
v -0.017050 0.013591 -0.064178
v -0.017050 0.011550 -0.065505
v -0.017050 0.022623 -0.050171
v -0.017050 0.022006 -0.052526
v -0.017050 0.021144 -0.054803
v -0.017050 -0.024110 -0.056048
v -0.017050 -0.023697 -0.057260
v -0.017050 -0.023140 -0.058414
v -0.017050 0.018728 -0.059023
v -0.017050 0.017200 -0.060919
v -0.017050 0.015482 -0.062644
v 0.027950 0.004529 -0.062404
v 0.027950 0.010906 -0.071831
v 0.027950 0.008750 -0.060655
v 0.027950 0.015834 -0.069197
v 0.027950 0.012374 -0.057874
v 0.027950 0.020153 -0.065653
v 0.027950 0.015155 -0.054250
v 0.027950 0.005560 -0.073452
v 0.027950 0.008750 -0.030345
v 0.027950 0.010906 -0.019169
v 0.027950 0.004529 -0.028596
v 0.027950 0.005560 -0.017548
v 0.027950 0.016904 -0.040971
v 0.027950 0.026331 -0.034594
v 0.027950 0.015155 -0.036750
v 0.027950 0.023697 -0.029666
v 0.027950 0.012374 -0.033126
v 0.027950 0.020153 -0.025347
v 0.027950 0.015834 -0.021803
v 0.027950 0.023697 -0.061334
v 0.027950 0.026331 -0.056406
v 0.027950 0.016904 -0.050029
v 0.027950 0.027952 -0.051060
v 0.027950 0.017500 -0.045500
v 0.027950 0.028500 -0.045500
v 0.027950 0.027952 -0.039940
v -0.017166 -0.022337 -0.040262
v -0.017251 -0.022410 -0.040125
v -0.017127 -0.022410 -0.040274
v -0.017088 -0.022552 -0.040309
v -0.017086 -0.022552 -0.040314
v -0.017550 -0.022552 -0.040000
v -0.017359 -0.022552 -0.040038
v -0.017374 -0.022501 -0.040035
v -0.017196 -0.022552 -0.040146
v -0.017188 -0.022552 -0.040155
v -0.017502 -0.022372 -0.040036
v -0.017410 -0.022251 -0.040126
v -0.017550 -0.022336 -0.040049
v -0.017550 -0.022162 -0.040187
v -0.017550 -0.022087 -0.040318
v -0.017450 -0.022111 -0.040287
v -0.017336 -0.022168 -0.040263
v -0.017259 -0.022227 -0.040256
v -0.017550 0.022162 -0.040187
v -0.017550 0.022087 -0.040318
v -0.017450 0.022111 -0.040287
v -0.017550 0.022552 -0.040000
v -0.017550 0.022336 -0.040049
v -0.017502 0.022372 -0.040036
v -0.017410 0.022251 -0.040126
v -0.017336 0.022168 -0.040263
v -0.017359 0.022552 -0.040038
v -0.017374 0.022501 -0.040035
v -0.017196 0.022552 -0.040146
v -0.017251 0.022410 -0.040125
v -0.017188 0.022552 -0.040155
v -0.017259 0.022227 -0.040256
v -0.017166 0.022337 -0.040262
v -0.017127 0.022410 -0.040274
v -0.017088 0.022552 -0.040309
v -0.017086 0.022552 -0.040314
v -0.017196 0.000000 -0.071765
v -0.017196 0.011373 -0.065199
v -0.017300 0.011333 -0.065130
v -0.017359 -0.000000 -0.071640
v -0.017550 0.011300 -0.065072
v -0.017550 0.000000 -0.071596
v -0.017550 -0.024456 -0.040000
v -0.017300 -0.024456 -0.040067
v -0.017196 -0.024456 -0.040146
v -0.019972 0.025639 -0.040000
v -0.020125 0.025837 -0.040067
v -0.023102 0.023214 -0.040067
v -0.020238 0.025981 -0.040250
v -0.023231 0.023344 -0.040250
v -0.025093 0.021329 -0.040250
v -0.026781 0.019166 -0.040250
v -0.028283 0.016871 -0.040250
v -0.029590 0.014458 -0.040250
v -0.030690 0.011945 -0.040250
v -0.031578 0.009350 -0.040250
v -0.032247 0.006689 -0.040250
v -0.032691 0.003982 -0.040250
v -0.032933 0.000000 -0.040250
v -0.024954 0.021210 -0.040067
v -0.026632 0.019060 -0.040067
v -0.028126 0.016777 -0.040067
v -0.029425 0.014378 -0.040067
v -0.030520 0.011879 -0.040067
v -0.031402 0.009298 -0.040067
v -0.032067 0.006652 -0.040067
v -0.032510 0.003960 -0.040067
v -0.032750 0.000000 -0.040067
v -0.022925 0.023037 -0.040000
v -0.024763 0.021049 -0.040000
v -0.026429 0.018914 -0.040000
v -0.027912 0.016649 -0.040000
v -0.029200 0.014268 -0.040000
v -0.030287 0.011788 -0.040000
v -0.031163 0.009227 -0.040000
v -0.031823 0.006601 -0.040000
v -0.032262 0.003929 -0.040000
v -0.032500 0.000000 -0.040000
v -0.017550 0.024456 -0.040000
v -0.017300 0.024456 -0.040067
v -0.017196 0.024456 -0.040146
v -0.022160 0.022162 -0.040187
v -0.022178 0.022180 -0.040166
v -0.022196 0.022199 -0.040146
v -0.022359 0.022361 -0.040038
v -0.022550 0.022552 -0.040000
v -0.022196 -0.022199 -0.040146
v -0.022196 -0.014977 -0.040146
v -0.022359 -0.022361 -0.040038
v -0.022196 -0.007488 -0.040146
v -0.022196 -0.000000 -0.040146
v -0.022196 0.007488 -0.040146
v -0.022196 0.014977 -0.040146
v -0.022550 -0.022552 -0.040000
v -0.022160 -0.022162 -0.040187
v -0.022178 -0.022180 -0.040166
v -0.017550 -0.011300 -0.065072
v -0.017300 -0.011333 -0.065130
v -0.017359 0.000000 -0.071640
v -0.017196 -0.011373 -0.065199
v -0.019050 0.017500 -0.088179
v -0.019050 0.017500 -0.072444
v -0.018285 0.017348 -0.072444
v -0.018167 0.017294 -0.088179
v -0.017636 0.016914 -0.072444
v -0.017636 0.016914 -0.088179
v -0.040256 0.008813 -0.076352
v -0.040256 -0.008813 -0.076352
v -0.040213 0.008815 -0.075518
v -0.040173 -0.008817 -0.075342
v -0.039832 -0.008831 -0.074533
v -0.039521 0.008845 -0.074110
v -0.040043 0.008822 -0.074952
v -0.039460 -0.008848 -0.074043
v -0.038813 -0.008879 -0.073519
v -0.038813 0.008879 -0.073519
v -0.018285 -0.017348 -0.072444
v -0.019050 -0.017500 -0.072444
v -0.018167 -0.017294 -0.088179
v -0.019050 -0.017500 -0.088179
v -0.018050 -0.017232 -0.072444
v -0.017636 -0.016914 -0.088179
v -0.017636 -0.016914 -0.072444
v -0.029261 -0.015754 -0.072444
v -0.029261 -0.015754 -0.083200
v -0.028477 -0.016491 -0.072444
v -0.028444 -0.016515 -0.083668
v -0.027554 -0.017042 -0.072444
v -0.027554 -0.017043 -0.084202
v -0.025465 -0.017500 -0.072444
v -0.025329 -0.017606 -0.071000
v -0.019050 -0.017687 -0.070519
v -0.024956 -0.017912 -0.069603
v -0.019050 -0.018242 -0.068665
v -0.024579 -0.018242 -0.068665
v -0.027554 0.017042 -0.072444
v -0.027554 0.017043 -0.084202
v -0.028380 0.016562 -0.083705
v -0.028477 0.016491 -0.072444
v -0.029261 0.015754 -0.083200
v -0.029261 0.015754 -0.072444
v -0.024579 0.018242 -0.068665
v -0.019050 0.018242 -0.068665
v -0.024956 0.017912 -0.069603
v -0.019050 0.017687 -0.070519
v -0.025329 0.017606 -0.071000
v -0.025465 0.017500 -0.072444
v -0.017550 -0.022064 -0.040608
v -0.017550 -0.022559 -0.044145
v -0.017550 -0.022599 -0.045335
v -0.017550 -0.022491 -0.047715
v -0.017550 -0.022133 -0.050070
v -0.017550 -0.021862 -0.051230
v -0.017550 -0.020686 -0.054602
v -0.029690 0.015275 -0.082755
v -0.038414 0.010810 -0.075635
v -0.038180 0.010842 -0.076329
v -0.038491 0.010801 -0.075881
v -0.038506 0.010799 -0.076178
v -0.038220 0.010837 -0.076832
v -0.038332 0.010821 -0.076693
v -0.038464 0.010804 -0.076409
v -0.037946 0.010878 -0.077024
v -0.037311 0.010996 -0.074681
v -0.035386 0.011538 -0.078322
v -0.038376 0.010815 -0.075560
v -0.038084 0.010857 -0.075233
v -0.036278 0.011252 -0.073865
v -0.034602 0.011845 -0.072330
v -0.034892 0.011725 -0.078615
v -0.033122 0.012575 -0.070707
v -0.028883 0.016214 -0.068182
v -0.029160 0.015872 -0.070277
v -0.029841 0.015119 -0.065752
v -0.028471 0.016763 -0.066210
v -0.028706 0.016445 -0.063260
v -0.031785 0.013433 -0.068963
v -0.031015 0.014027 -0.081492
v -0.032070 0.013232 -0.069362
v -0.032164 0.013167 -0.080522
v -0.033062 0.012609 -0.079837
v -0.021587 0.017500 -0.090106
v -0.022245 0.017500 -0.089783
v -0.022742 0.017500 -0.089245
v -0.025465 0.017500 -0.085567
v -0.024034 0.017500 -0.087355
v -0.020153 0.017500 -0.089967
v -0.020857 0.017500 -0.090170
v -0.019569 0.017500 -0.089524
v -0.019184 0.017500 -0.088900
v -0.019050 0.024887 -0.059389
v -0.019050 0.022824 -0.062568
v -0.019731 0.024095 -0.060722
v -0.020279 0.023417 -0.061745
v -0.021528 0.021714 -0.063959
v -0.019050 0.020357 -0.065446
v -0.022411 0.020357 -0.065446
v -0.026415 0.017505 -0.070852
v -0.026534 0.017384 -0.072444
v -0.027447 0.017170 -0.070677
v -0.028377 0.016616 -0.070482
v -0.028104 0.016980 -0.068591
v -0.027704 0.017558 -0.066824
v -0.026230 0.018885 -0.065965
v -0.027235 0.018324 -0.065206
v -0.027155 0.017537 -0.068978
v -0.026729 0.018119 -0.067399
v -0.025034 0.019139 -0.066602
v -0.026087 0.017854 -0.069321
v -0.025605 0.018407 -0.067897
v -0.023739 0.019066 -0.067072
v -0.024402 0.018404 -0.068288
v -0.019985 0.026120 -0.055041
v -0.019743 0.025999 -0.056246
v -0.020213 0.025598 -0.057073
v -0.023644 0.020668 -0.064846
v -0.022196 0.022600 -0.062602
v -0.020742 0.024272 -0.060191
v -0.019368 0.025526 -0.058007
v -0.019412 0.025598 -0.057807
v -0.019647 0.025910 -0.056710
v -0.021014 0.025317 -0.056484
v -0.020152 0.026105 -0.054188
v -0.025725 0.020368 -0.063024
v -0.024140 0.022273 -0.060998
v -0.024778 0.020672 -0.064017
v -0.023239 0.022573 -0.061859
v -0.022551 0.023922 -0.058819
v -0.021700 0.024213 -0.059545
v -0.025725 0.020368 -0.063024
v -0.026549 0.019294 -0.064050
v -0.024778 0.020672 -0.064017
v -0.025570 0.019732 -0.064931
v -0.024403 0.019864 -0.065671
v -0.023137 0.019680 -0.066212
v -0.027235 0.018324 -0.065206
v -0.026230 0.018885 -0.065965
v -0.025034 0.019139 -0.066602
v -0.025605 -0.018407 -0.067897
v -0.025034 -0.019139 -0.066602
v -0.026230 -0.018885 -0.065965
v -0.023739 -0.019066 -0.067072
v -0.024402 -0.018404 -0.068288
v -0.026087 -0.017854 -0.069321
v -0.026415 -0.017505 -0.070852
v -0.027235 -0.018324 -0.065206
v -0.027978 -0.017500 -0.064386
v -0.027704 -0.017558 -0.066824
v -0.028471 -0.016763 -0.066210
v -0.028104 -0.016980 -0.068591
v -0.028883 -0.016214 -0.068182
v -0.028377 -0.016616 -0.070482
v -0.029160 -0.015872 -0.070278
v -0.026729 -0.018119 -0.067399
v -0.027155 -0.017537 -0.068978
v -0.027447 -0.017170 -0.070677
v -0.026534 -0.017384 -0.072444
v -0.023137 -0.019680 -0.066212
v -0.022411 -0.020357 -0.065446
v -0.023643 -0.020666 -0.064845
v -0.024402 -0.019862 -0.065670
v -0.024778 -0.020672 -0.064017
v -0.025570 -0.019732 -0.064931
v -0.025726 -0.020369 -0.063025
v -0.026551 -0.019296 -0.064051
v -0.026413 -0.019783 -0.061947
v -0.027268 -0.018586 -0.063095
v -0.019761 -0.026014 -0.056158
v -0.019985 -0.026120 -0.055041
v -0.021015 -0.025317 -0.056483
v -0.019050 -0.024887 -0.059389
v -0.019211 -0.025237 -0.058701
v -0.020742 -0.024272 -0.060190
v -0.019368 -0.025526 -0.058007
v -0.019413 -0.025600 -0.057802
v -0.019929 -0.023853 -0.061098
v -0.022194 -0.022601 -0.062602
v -0.021178 -0.022213 -0.063357
v -0.019746 -0.026002 -0.056230
v -0.020279 -0.026034 -0.053519
v -0.021706 -0.024856 -0.055867
v -0.022551 -0.023922 -0.058818
v -0.023253 -0.023415 -0.058052
v -0.024139 -0.022274 -0.060999
v -0.024841 -0.021724 -0.060078
v -0.020214 -0.025598 -0.057072
v -0.021700 -0.024214 -0.059544
v -0.023238 -0.022574 -0.061859
v -0.019476 -0.025695 -0.057515
v -0.019050 -0.020357 -0.065446
v -0.019050 -0.022824 -0.062568
v -0.019569 -0.017500 -0.089524
v -0.019184 -0.017500 -0.088900
v -0.022245 -0.017500 -0.089783
v -0.021587 -0.017500 -0.090106
v -0.022742 -0.017500 -0.089245
v -0.020857 -0.017500 -0.090170
v -0.025465 -0.017500 -0.085567
v -0.024034 -0.017500 -0.087355
v -0.020153 -0.017500 -0.089967
v -0.033062 -0.012609 -0.079837
v -0.032508 -0.012942 -0.080253
v -0.033124 -0.012573 -0.070704
v -0.029764 -0.015196 -0.082679
v -0.030430 -0.014542 -0.066843
v -0.028705 -0.016445 -0.063262
v -0.028558 -0.016643 -0.062883
v -0.027978 -0.017500 -0.061215
v -0.031815 -0.013410 -0.080806
v -0.031015 -0.014027 -0.081492
v -0.030604 -0.014384 -0.067141
v -0.032688 -0.012830 -0.070170
v -0.034556 -0.011864 -0.078823
v -0.035196 -0.011606 -0.072902
v -0.036280 -0.011250 -0.073865
v -0.038332 -0.010821 -0.076693
v -0.038208 -0.010838 -0.075963
v -0.038462 -0.010804 -0.076413
v -0.038506 -0.010799 -0.076178
v -0.038311 -0.010824 -0.075456
v -0.038414 -0.010810 -0.075635
v -0.038500 -0.010799 -0.075937
v -0.038084 -0.010857 -0.075233
v -0.037450 -0.010968 -0.077247
v -0.035386 -0.011538 -0.078322
v -0.038272 -0.010829 -0.076774
v -0.037946 -0.010878 -0.077024
v -0.020279 -0.026034 -0.040500
v -0.019607 -0.026377 -0.053519
v -0.019607 -0.026377 -0.040500
v -0.019257 -0.026445 -0.053519
v -0.018635 -0.026413 -0.040500
v -0.018635 -0.026413 -0.053519
v -0.018172 -0.026253 -0.053519
v -0.017761 -0.025986 -0.040500
v -0.017761 -0.025986 -0.053519
v -0.017192 -0.025197 -0.053519
v -0.017192 -0.025197 -0.040500
v -0.038787 -0.009869 -0.073814
v -0.038690 -0.010226 -0.074066
v -0.036866 -0.010588 -0.072807
v -0.029882 -0.014792 -0.064702
v -0.028949 -0.015888 -0.062817
v -0.029163 -0.015444 -0.063098
v -0.028888 -0.015953 -0.062656
v -0.029820 -0.014130 -0.064208
v -0.029874 -0.014021 -0.064302
v -0.030970 -0.013739 -0.066509
v -0.030931 -0.012894 -0.066026
v -0.032256 -0.012306 -0.067935
v -0.038823 -0.009603 -0.073686
v -0.037637 -0.009124 -0.072765
v -0.036965 -0.009999 -0.072443
v -0.035243 -0.010606 -0.071054
v -0.035170 -0.011153 -0.071400
v -0.033670 -0.011386 -0.069544
v -0.033616 -0.011889 -0.069867
v -0.032214 -0.012762 -0.068232
v -0.030834 -0.014098 -0.066815
v -0.038518 -0.010556 -0.074435
v -0.036627 -0.011021 -0.073302
v -0.034956 -0.011576 -0.071847
v -0.033427 -0.012296 -0.070266
v -0.032052 -0.013147 -0.068584
v -0.032175 -0.011812 -0.067714
v -0.032321 -0.011699 -0.067895
v -0.033587 -0.010832 -0.069326
v -0.034908 -0.010113 -0.070613
v -0.036913 -0.009327 -0.072252
v -0.038233 -0.010597 -0.077891
v -0.038181 -0.010694 -0.077713
v -0.038566 -0.010645 -0.077470
v -0.038359 -0.009038 -0.078879
v -0.038395 -0.009635 -0.078718
v -0.039054 -0.009587 -0.078328
v -0.038787 -0.009869 -0.073814
v -0.039408 -0.009564 -0.074184
v -0.039169 -0.010183 -0.074488
v -0.039523 -0.010155 -0.075026
v -0.039841 -0.009538 -0.074823
v -0.039725 -0.010141 -0.075644
v -0.040088 -0.009525 -0.075559
v -0.039756 -0.010139 -0.076295
v -0.040126 -0.009523 -0.076335
v -0.039616 -0.010148 -0.076931
v -0.039955 -0.009532 -0.077092
v -0.039317 -0.010171 -0.077504
v -0.039589 -0.009553 -0.077773
v -0.038879 -0.010208 -0.077973
v -0.038384 -0.009925 -0.078568
v -0.038338 -0.010261 -0.078307
v -0.038518 -0.010556 -0.074435
v -0.038772 -0.010622 -0.074915
v -0.039024 -0.010596 -0.075310
v -0.039168 -0.010583 -0.075763
v -0.039191 -0.010581 -0.076241
v -0.039091 -0.010590 -0.076707
v -0.038877 -0.010611 -0.077127
v -0.040065 -0.008821 -0.077170
v -0.039781 -0.008834 -0.077728
v -0.039231 -0.008859 -0.078356
v -0.038342 -0.008904 -0.078891
v -0.036952 -0.009216 -0.079467
v -0.031189 -0.013772 -0.081984
v -0.033370 -0.011963 -0.080894
v -0.033279 -0.012362 -0.080394
v -0.035753 -0.010895 -0.079495
v -0.035625 -0.011318 -0.078947
v -0.035220 -0.009815 -0.080311
v -0.035751 -0.010317 -0.079897
v -0.034598 -0.010091 -0.080650
v -0.033325 -0.011449 -0.081282
v -0.031167 -0.012969 -0.082806
v -0.031242 -0.013409 -0.082435
v -0.029383 -0.015511 -0.083634
v -0.029400 -0.015234 -0.084000
v -0.029379 -0.015093 -0.084153
v -0.029303 -0.014838 -0.084389
v -0.037048 -0.009916 -0.079278
v -0.038384 -0.009925 -0.078568
v -0.038233 -0.010597 -0.077891
v -0.033149 -0.010873 -0.081520
v -0.032417 -0.011351 -0.082006
v -0.030972 -0.012487 -0.083066
v -0.029866 -0.013570 -0.083979
v -0.029107 -0.014452 -0.084662
v -0.028740 -0.015442 -0.084894
v -0.028613 -0.014937 -0.085134
v -0.028074 -0.015261 -0.085676
v -0.026978 -0.015500 -0.086874
v -0.026885 -0.016192 -0.086794
v -0.027491 -0.016134 -0.086106
v -0.026505 -0.017391 -0.084867
v -0.026914 -0.017182 -0.085388
v -0.027780 -0.016837 -0.084743
v -0.027281 -0.016740 -0.085803
v -0.028024 -0.016411 -0.085154
v -0.025989 -0.017376 -0.086020
v -0.026535 -0.016914 -0.086492
v -0.028124 -0.015867 -0.085475
v -0.028743 -0.015905 -0.084557
v -0.028619 -0.016289 -0.084149
v -0.023490 -0.017294 -0.089716
v -0.024591 -0.017376 -0.087767
v -0.025171 -0.016914 -0.088197
v -0.023939 -0.016914 -0.089999
v -0.026874 -0.015500 -0.086996
v -0.025642 -0.015500 -0.088545
v -0.025543 -0.016192 -0.088471
v -0.024435 -0.015500 -0.090311
v -0.024397 -0.015922 -0.090287
v -0.024330 -0.016192 -0.090245
v -0.024082 -0.016722 -0.090089
v -0.017571 -0.015500 -0.090153
v -0.017319 -0.015500 -0.089620
v -0.017361 -0.015922 -0.089604
v -0.017707 -0.016722 -0.089470
v -0.018397 -0.016722 -0.090588
v -0.023413 -0.015922 -0.091351
v -0.023191 -0.016722 -0.091053
v -0.022772 -0.017294 -0.090492
v -0.021824 -0.017294 -0.090957
v -0.020771 -0.017294 -0.091049
v -0.018360 -0.017294 -0.089218
v -0.018915 -0.017294 -0.090117
v -0.019756 -0.017294 -0.090756
v -0.017467 -0.016722 -0.088179
v -0.022012 -0.016722 -0.091631
v -0.020704 -0.016722 -0.091746
v -0.020668 -0.015922 -0.092116
v -0.019275 -0.015922 -0.091714
v -0.023439 -0.015500 -0.091387
v -0.022942 -0.015500 -0.091703
v -0.022111 -0.015922 -0.091989
v -0.022124 -0.015500 -0.092033
v -0.020958 -0.015500 -0.092178
v -0.020663 -0.015500 -0.092161
v -0.019255 -0.015500 -0.091754
v -0.018997 -0.015500 -0.091612
v -0.019442 -0.016722 -0.091382
v -0.018121 -0.015922 -0.090838
v -0.018088 -0.015500 -0.090868
v -0.017202 -0.016265 -0.088179
v -0.017095 -0.015922 -0.088179
v -0.017050 -0.015500 -0.088179
v -0.018050 -0.017424 -0.070467
v -0.019050 -0.019143 -0.066952
v -0.018050 -0.020166 -0.065258
v -0.018050 -0.018919 -0.066805
v -0.017636 -0.019939 -0.065036
v -0.017318 -0.018307 -0.066403
v -0.018050 -0.017994 -0.068563
v -0.017318 -0.017316 -0.068287
v -0.017318 -0.016706 -0.070326
v -0.017318 -0.016500 -0.072444
v -0.017318 -0.019643 -0.064746
v -0.017050 -0.015725 -0.070133
v -0.017050 -0.015500 -0.072444
v -0.018358 -0.022725 -0.062494
v -0.018358 -0.024779 -0.059329
v -0.018285 -0.024754 -0.059315
v -0.017636 -0.022355 -0.062217
v -0.017636 -0.024375 -0.059103
v -0.017174 -0.023745 -0.058752
v -0.017174 -0.021776 -0.061785
v -0.017234 -0.024474 -0.057579
v -0.017117 -0.024872 -0.054867
v -0.019504 -0.026298 -0.055067
v -0.019218 -0.026036 -0.056574
v -0.018994 -0.026350 -0.055076
v -0.018746 -0.026021 -0.056572
v -0.018487 -0.026270 -0.055065
v -0.018291 -0.025899 -0.056540
v -0.018018 -0.026066 -0.055037
v -0.017879 -0.025678 -0.056480
v -0.017616 -0.025749 -0.054992
v -0.017532 -0.025369 -0.056395
v -0.017309 -0.025343 -0.054934
v -0.017269 -0.024991 -0.056291
v -0.018109 -0.025333 -0.057930
v -0.018510 -0.025482 -0.057990
v -0.018936 -0.025547 -0.058016
v -0.017753 -0.025108 -0.057838
v -0.024435 0.015500 -0.090311
v -0.023439 0.015500 -0.091387
v -0.022942 0.015500 -0.091703
v -0.022124 0.015500 -0.092033
v -0.020958 0.015500 -0.092178
v -0.020663 0.015500 -0.092161
v -0.019255 0.015500 -0.091754
v -0.018997 0.015500 -0.091612
v -0.018088 0.015500 -0.090868
v -0.017571 0.015500 -0.090153
v -0.017319 0.015500 -0.089620
v -0.017050 0.015500 -0.088179
v -0.030972 0.012487 -0.083066
v -0.030420 0.013001 -0.083510
v -0.034459 0.010157 -0.080729
v -0.036952 0.009216 -0.079467
v -0.038342 0.008904 -0.078891
v -0.037381 0.009105 -0.079280
v -0.033149 0.010873 -0.081520
v -0.031686 0.011891 -0.082524
v -0.029107 0.014452 -0.084662
v -0.028074 0.015261 -0.085676
v -0.027524 0.015443 -0.086261
v -0.028613 0.014937 -0.085134
v -0.026978 0.015500 -0.086874
v -0.026874 0.015500 -0.086996
v -0.025642 0.015500 -0.088545
v -0.032124 0.011851 -0.067649
v -0.030946 0.012879 -0.066041
v -0.032220 -0.007132 -0.067768
v -0.032643 -0.004840 -0.068283
v -0.032908 -0.002462 -0.068590
v -0.035857 0.009700 -0.071436
v -0.033585 0.010835 -0.069328
v -0.033281 0.011026 -0.069002
v -0.030256 -0.013175 -0.064956
v -0.030973 -0.011387 -0.066078
v -0.031638 -0.009383 -0.067015
v -0.036910 0.009329 -0.072253
v -0.019607 0.026377 -0.040500
v -0.017192 0.025197 -0.053519
v -0.018635 0.026413 -0.040500
v -0.019257 0.026445 -0.053519
v -0.019607 0.026377 -0.053519
v -0.017192 0.025197 -0.040500
v -0.017761 0.025986 -0.053519
v -0.017761 0.025986 -0.040500
v -0.018172 0.026253 -0.053519
v -0.018635 0.026413 -0.053519
v -0.036962 0.010001 -0.072443
v -0.038823 0.009603 -0.073686
v -0.033425 0.012298 -0.070269
v -0.034951 0.011580 -0.071849
v -0.035166 0.011157 -0.071402
v -0.029883 0.014790 -0.064697
v -0.028949 0.015888 -0.062815
v -0.036625 0.011022 -0.073303
v -0.038147 0.010843 -0.075125
v -0.036864 0.010589 -0.072808
v -0.033668 0.011389 -0.069547
v -0.032053 0.013146 -0.068583
v -0.030835 0.014095 -0.066810
v -0.030971 0.013737 -0.066503
v -0.033614 0.011891 -0.069870
v -0.035239 0.010610 -0.071056
v -0.038431 0.010662 -0.074607
v -0.038558 0.010496 -0.074353
v -0.038690 0.010226 -0.074066
v -0.038797 0.009810 -0.073782
v -0.032256 0.012305 -0.067934
v -0.032214 0.012761 -0.068231
v -0.038267 0.010517 -0.078012
v -0.038338 0.010261 -0.078307
v -0.038879 0.010208 -0.077973
v -0.038797 0.009810 -0.073782
v -0.039169 0.010183 -0.074488
v -0.038390 0.009832 -0.078622
v -0.038395 0.009635 -0.078718
v -0.039054 0.009587 -0.078328
v -0.038001 0.010862 -0.077174
v -0.038181 0.010694 -0.077713
v -0.038566 0.010645 -0.077470
v -0.039317 0.010171 -0.077504
v -0.039589 0.009553 -0.077773
v -0.039616 0.010148 -0.076931
v -0.039955 0.009532 -0.077092
v -0.039756 0.010139 -0.076295
v -0.040126 0.009523 -0.076335
v -0.039725 0.010141 -0.075644
v -0.040088 0.009525 -0.075559
v -0.039523 0.010155 -0.075026
v -0.039841 0.009538 -0.074823
v -0.039408 0.009564 -0.074184
v -0.039024 0.010596 -0.075310
v -0.038772 0.010622 -0.074915
v -0.038558 0.010496 -0.074353
v -0.038877 0.010611 -0.077127
v -0.039091 0.010590 -0.076707
v -0.039191 0.010581 -0.076241
v -0.039168 0.010583 -0.075763
v -0.039068 0.008867 -0.078488
v -0.039520 0.008845 -0.078070
v -0.039999 0.008824 -0.077329
v -0.037048 0.009916 -0.079278
v -0.033279 0.012362 -0.080394
v -0.031189 0.013772 -0.081984
v -0.029383 0.015511 -0.083634
v -0.033325 0.011449 -0.081282
v -0.035751 0.010317 -0.079897
v -0.035753 0.010895 -0.079495
v -0.035625 0.011318 -0.078947
v -0.038267 0.010517 -0.078012
v -0.029302 0.014838 -0.084389
v -0.031167 0.012969 -0.082806
v -0.029397 0.015199 -0.084039
v -0.031242 0.013409 -0.082435
v -0.033370 0.011963 -0.080894
v -0.026914 0.017182 -0.085388
v -0.025989 0.017376 -0.086020
v -0.026535 0.016914 -0.086492
v -0.027281 0.016740 -0.085803
v -0.026885 0.016192 -0.086794
v -0.027491 0.016134 -0.086106
v -0.028124 0.015867 -0.085475
v -0.028740 0.015442 -0.084894
v -0.028024 0.016411 -0.085154
v -0.028743 0.015905 -0.084557
v -0.027780 0.016837 -0.084743
v -0.028619 0.016289 -0.084149
v -0.026437 0.017405 -0.084911
v -0.027420 0.017102 -0.084285
v -0.025543 0.016192 -0.088471
v -0.024330 0.016192 -0.090245
v -0.024397 0.015922 -0.090287
v -0.024082 0.016722 -0.090089
v -0.025171 0.016914 -0.088197
v -0.023939 0.016914 -0.089999
v -0.024591 0.017376 -0.087767
v -0.023490 0.017294 -0.089716
v -0.023413 0.015922 -0.091351
v -0.023191 0.016722 -0.091053
v -0.022012 0.016722 -0.091631
v -0.017202 0.016265 -0.088179
v -0.017095 0.015922 -0.088179
v -0.017361 0.015922 -0.089604
v -0.017467 0.016722 -0.088179
v -0.017707 0.016722 -0.089470
v -0.018360 0.017294 -0.089218
v -0.018915 0.017294 -0.090117
v -0.019756 0.017294 -0.090756
v -0.022772 0.017294 -0.090492
v -0.021824 0.017294 -0.090957
v -0.020771 0.017294 -0.091049
v -0.018397 0.016722 -0.090588
v -0.019442 0.016722 -0.091382
v -0.019275 0.015922 -0.091714
v -0.020668 0.015922 -0.092116
v -0.018121 0.015922 -0.090838
v -0.020704 0.016722 -0.091746
v -0.022111 0.015922 -0.091989
v -0.018285 0.017538 -0.070489
v -0.017636 0.017112 -0.070406
v -0.017202 0.016265 -0.072444
v -0.017202 0.016476 -0.070281
v -0.017050 0.015500 -0.072444
v -0.019050 0.019143 -0.066952
v -0.018285 0.018101 -0.068607
v -0.018285 0.019016 -0.066869
v -0.017636 0.017699 -0.068443
v -0.017636 0.018653 -0.066631
v -0.017202 0.017099 -0.068198
v -0.017202 0.018111 -0.066274
v -0.018285 0.020248 -0.065339
v -0.017636 0.019939 -0.065036
v -0.017202 0.019475 -0.064582
v -0.017050 0.015725 -0.070133
v -0.017174 0.021776 -0.061785
v -0.017174 0.023745 -0.058752
v -0.017636 0.024375 -0.059103
v -0.017636 0.022355 -0.062217
v -0.018285 0.024754 -0.059315
v -0.018358 0.022725 -0.062494
v -0.018358 0.024779 -0.059329
v -0.017234 0.024474 -0.057579
v -0.017117 0.024872 -0.054867
v -0.019218 0.026036 -0.056574
v -0.018746 0.026021 -0.056572
v -0.018510 0.025482 -0.057990
v -0.017532 0.025369 -0.056395
v -0.017269 0.024991 -0.056291
v -0.018109 0.025333 -0.057930
v -0.018291 0.025899 -0.056540
v -0.017753 0.025108 -0.057838
v -0.017879 0.025678 -0.056480
v -0.018936 0.025547 -0.058016
v -0.019504 0.026298 -0.055067
v -0.018994 0.026350 -0.055076
v -0.018487 0.026270 -0.055065
v -0.018018 0.026066 -0.055037
v -0.017616 0.025749 -0.054992
v -0.017309 0.025343 -0.054934
v -0.017657 0.025012 -0.040000
v -0.018084 0.025603 -0.040000
v -0.018739 0.025923 -0.040000
v -0.019468 0.025897 -0.040000
v -0.031823 -0.006601 -0.040000
v -0.031163 -0.009227 -0.040000
v -0.030287 -0.011788 -0.040000
v -0.018739 -0.025923 -0.040000
v -0.018084 -0.025603 -0.040000
v -0.019468 -0.025897 -0.040000
v -0.017657 -0.025012 -0.040000
v -0.019972 -0.025639 -0.040000
v -0.022925 -0.023037 -0.040000
v -0.024763 -0.021049 -0.040000
v -0.026429 -0.018914 -0.040000
v -0.029200 -0.014268 -0.040000
v -0.027912 -0.016649 -0.040000
v -0.032262 -0.003929 -0.040000
v -0.017550 0.013297 -0.063774
v -0.017550 0.015147 -0.062273
v -0.017550 0.016828 -0.060586
v -0.017550 0.018322 -0.058731
v -0.017550 0.019613 -0.056729
v -0.017550 0.020686 -0.054602
v -0.017550 0.021529 -0.052374
v -0.017550 0.022133 -0.050070
v -0.017550 0.022491 -0.047715
v -0.017550 0.022599 -0.045335
v -0.017550 0.022457 -0.042958
v -0.017550 0.022064 -0.040608
v -0.017050 0.010906 -0.071831
v -0.017050 0.015834 -0.069197
v -0.017050 0.005560 -0.073452
v -0.017550 -0.015147 -0.062273
v -0.017550 -0.016828 -0.060586
v -0.017300 -0.016878 -0.060630
v -0.017300 -0.022626 -0.044141
v -0.017117 -0.022809 -0.044130
v -0.017117 -0.022740 -0.047740
v -0.017117 -0.014399 -0.063242
v -0.017117 -0.022103 -0.051293
v -0.017117 -0.022308 -0.040554
v -0.017117 -0.020915 -0.054703
v -0.017117 -0.019204 -0.057882
v -0.017300 -0.022558 -0.047722
v -0.017300 -0.021926 -0.051247
v -0.017300 -0.020747 -0.054629
v -0.017300 -0.019050 -0.057783
v -0.017366 -0.022099 -0.040601
v -0.017300 -0.022130 -0.040594
v -0.017212 -0.022192 -0.040580
v -0.017550 -0.018322 -0.058731
v -0.017550 -0.018994 -0.057747
v -0.017117 -0.017014 -0.060753
v -0.017550 -0.014242 -0.063048
v -0.017300 -0.014284 -0.063100
v -0.017117 -0.011425 -0.065289
v -0.017117 0.024456 -0.040250
v -0.017255 0.025172 -0.040250
v -0.017805 0.025934 -0.040250
v -0.018649 0.026347 -0.040250
v -0.019588 0.026313 -0.040250
v -0.017425 0.025104 -0.040067
v -0.017922 0.025794 -0.040067
v -0.018687 0.026168 -0.040067
v -0.019537 0.026137 -0.040067
v -0.020125 -0.025837 -0.040067
v -0.019537 -0.026137 -0.040067
v -0.020238 -0.025981 -0.040250
v -0.019588 -0.026313 -0.040250
v -0.018649 -0.026347 -0.040250
v -0.017805 -0.025934 -0.040250
v -0.017255 -0.025172 -0.040250
v -0.017117 -0.024456 -0.040250
v -0.018687 -0.026168 -0.040067
v -0.017922 -0.025794 -0.040067
v -0.017425 -0.025104 -0.040067
v -0.017300 0.013337 -0.063828
v -0.017117 0.022705 -0.042930
v -0.017117 0.022849 -0.045334
v -0.017117 0.022740 -0.047740
v -0.017117 0.022378 -0.050121
v -0.017117 0.021767 -0.052450
v -0.017117 0.020915 -0.054703
v -0.017117 0.019830 -0.056853
v -0.017117 0.018525 -0.058877
v -0.017117 0.017014 -0.060753
v -0.017117 0.015314 -0.062459
v -0.017117 0.013444 -0.063976
v -0.017117 0.011425 -0.065289
v -0.017300 0.015192 -0.062323
v -0.017300 0.016878 -0.060630
v -0.017300 0.018377 -0.058770
v -0.017300 0.019671 -0.056762
v -0.017300 0.020747 -0.054629
v -0.017300 0.021593 -0.052395
v -0.017300 0.022199 -0.050084
v -0.017300 0.022558 -0.047722
v -0.017300 0.022666 -0.045335
v -0.017300 0.022523 -0.042950
v -0.017117 0.022308 -0.040554
v -0.017212 0.022192 -0.040580
v -0.017300 0.022130 -0.040594
v -0.017366 0.022099 -0.040601
v -0.017050 0.010906 -0.019169
v -0.017050 0.005560 -0.017548
v -0.017088 0.000000 -0.071953
v -0.017550 -0.022052 -0.040498
v -0.017550 -0.022065 -0.040386
v -0.022063 -0.022066 -0.040385
v -0.022078 -0.022081 -0.040334
v -0.022078 0.022081 -0.040334
v -0.022088 -0.014977 -0.040309
v -0.022088 -0.007488 -0.040309
v -0.022088 -0.000000 -0.040309
v -0.022088 0.007488 -0.040309
v -0.022088 0.014977 -0.040309
v -0.022063 0.022066 -0.040385
v -0.017550 0.022065 -0.040386
v -0.017550 0.022052 -0.040498
v -0.017050 0.022552 -0.040492
v -0.032750 -0.000000 -0.040067
v -0.032510 -0.003960 -0.040067
v -0.032933 -0.000000 -0.040250
v -0.032691 -0.003982 -0.040250
v -0.032758 -0.003990 -0.040500
v -0.032312 -0.006703 -0.040500
v -0.032247 -0.006689 -0.040250
v -0.031642 -0.009369 -0.040500
v -0.031578 -0.009350 -0.040250
v -0.030753 -0.011970 -0.040500
v -0.030690 -0.011945 -0.040250
v -0.029650 -0.014488 -0.040500
v -0.029590 -0.014458 -0.040250
v -0.028341 -0.016905 -0.040500
v -0.028283 -0.016871 -0.040250
v -0.026836 -0.019205 -0.040500
v -0.026781 -0.019166 -0.040250
v -0.025144 -0.021372 -0.040500
v -0.025093 -0.021329 -0.040250
v -0.023278 -0.023391 -0.040500
v -0.023231 -0.023344 -0.040250
v -0.032067 -0.006652 -0.040067
v -0.031402 -0.009298 -0.040067
v -0.030520 -0.011879 -0.040067
v -0.029425 -0.014378 -0.040067
v -0.028126 -0.016777 -0.040067
v -0.026632 -0.019060 -0.040067
v -0.024954 -0.021210 -0.040067
v -0.023102 -0.023214 -0.040067
v -0.017050 -0.022552 -0.040492
v -0.017088 0.000000 -0.071953
v -0.017398 0.022079 -0.040446
v -0.017093 0.022361 -0.040434
v -0.017217 0.022189 -0.040416
v -0.017217 -0.022189 -0.040416
v -0.017093 -0.022361 -0.040434
v -0.017398 -0.022079 -0.040446
v -0.000000 0.017500 -0.005000
vn 0.016906 -0.998808 0.045780
vn -0.325861 0.918835 0.222614
vn 0.013373 -0.986618 -0.162497
vn 0.040031 0.984499 0.170759
vn 0.016650 -0.995352 -0.094855
vn 0.033073 0.995197 0.092132
vn 0.022704 -0.999688 0.010365
vn 0.027097 0.999547 0.013066
vn 0.022649 -0.993059 0.115413
vn 0.029253 0.995299 -0.092321
vn 0.022698 -0.975379 0.219366
vn 0.027120 0.980098 -0.196652
vn 0.022608 -0.946889 0.320766
vn 0.029217 0.953855 -0.298844
vn 0.022633 -0.907870 0.418640
vn 0.027216 0.917018 -0.397916
vn 0.022715 -0.858727 0.511930
vn 0.029500 0.869933 -0.492287
vn 0.022757 -0.800129 0.599396
vn 0.027225 0.813375 -0.581102
vn 0.022686 -0.732570 0.680314
vn 0.029431 0.747597 -0.663500
vn 0.022635 -0.656797 0.753727
vn 0.027234 0.673419 -0.738759
vn 0.022570 -0.573899 0.818615
vn 0.026009 0.530692 -0.847165
vn 0.059262 -0.506140 0.860413
vn 0.212061 0.368887 -0.904960
vn 0.373306 -0.175319 0.910992
vn 0.372918 0.162330 -0.913554
vn 0.432121 -0.031844 -0.901253
vn 0.372952 -0.226378 -0.899811
vn 0.379203 -0.334281 -0.862821
vn 0.021194 0.510856 0.859405
vn 0.027756 -0.503598 -0.863492
vn 0.020621 0.600948 0.799022
vn 0.030486 -0.591701 -0.805581
vn 0.021786 0.682940 0.730150
vn 0.027810 -0.673409 -0.738747
vn 0.021800 0.756092 0.654103
vn 0.030635 -0.747570 -0.663476
vn 0.029022 0.813459 0.580898
vn 0.027834 -0.813361 -0.581093
vn 0.014747 0.873302 0.486955
vn 0.030670 -0.869902 -0.492270
vn 0.012742 0.928352 0.371485
vn 0.027796 -0.917004 -0.397909
vn 0.020527 0.957142 0.288891
vn 0.030520 -0.953818 -0.298832
vn 0.021701 0.982517 0.184905
vn 0.027797 -0.980080 -0.196648
vn 0.021677 0.996527 0.080394
vn 0.030572 -0.995260 -0.092318
vn 0.028731 0.999510 -0.012437
vn 0.027814 -0.999528 0.013066
vn 0.014515 0.992218 -0.123667
vn 0.030717 -0.992498 0.118340
vn 0.041575 0.986218 -0.160145
vn -0.262193 -0.939218 0.221639
vn 0.016906 0.998808 0.045780
vn -0.996059 -0.014103 0.087566
vn -0.999981 -0.004875 0.003718
vn -0.996839 0.055693 0.056668
vn -0.994223 0.107300 0.002816
vn -0.979109 0.094130 0.180234
vn -0.984498 0.162389 0.066279
vn -0.978190 0.207691 0.003044
vn -0.972188 0.233317 0.020333
vn -0.949367 0.314160 0.002354
vn -0.962447 0.268261 0.041612
vn -0.893615 0.448822 0.003427
vn -0.905644 0.424038 0.000532
vn -0.930423 0.366487 0.000360
vn -0.941213 0.337793 0.003607
vn -0.909134 0.415626 0.027026
vn -0.926783 0.371188 0.057378
vn -0.933644 0.357419 0.023677
vn -0.951070 0.303923 0.055650
vn -0.808305 0.588758 0.002561
vn -0.834387 0.551178 0.000995
vn -0.858564 0.512686 0.004608
vn -0.873150 0.487446 0.002214
vn -0.881920 0.471389 0.003092
vn -0.683556 0.729877 0.005454
vn -0.630533 0.776140 0.005795
vn -0.618890 0.785476 0.001797
vn -0.658130 0.752898 -0.003085
vn -0.712263 0.701889 -0.005792
vn -0.753032 0.657974 0.003519
vn -0.762106 0.647419 -0.006551
vn -0.797435 0.603344 -0.008536
vn -0.797307 0.601893 -0.045016
vn -0.797450 0.603000 -0.021555
vn 0.804923 0.513104 0.298031
vn 0.673316 0.735106 0.079153
vn 0.028239 0.054265 0.998127
vn -0.046099 -0.208142 0.977012
vn -0.029617 -0.056913 0.997940
vn 0.046099 0.208142 0.977012
vn -0.009819 0.223835 0.974578
vn 0.009819 -0.223835 0.974578
vn 0.073361 -0.232428 0.969843
vn 0.147807 -0.231870 0.961452
vn 0.237875 -0.217880 0.946543
vn 0.349721 -0.181991 0.919007
vn 0.489041 -0.108312 0.865510
vn -0.073361 0.232428 0.969843
vn -0.147807 0.231870 0.961452
vn -0.237875 0.217880 0.946543
vn 0.650526 0.028536 0.758947
vn 0.787590 0.248585 0.563833
vn -0.696397 -0.443924 0.563882
vn -0.363848 0.080584 0.927966
vn -0.910263 -0.287304 0.298125
vn -0.995906 -0.043686 0.079141
vn -0.349721 0.181991 0.919007
vn -0.439839 -0.480203 0.758912
vn -0.328066 0.014391 0.944545
vn -0.682414 -0.151139 0.715170
vn -0.564653 -0.293838 0.771250
vn -0.478978 -0.438717 0.760334
vn -0.520563 -0.816624 0.249278
vn -0.294584 -0.933328 0.205228
vn -0.043823 -0.999039 0.000000
vn 0.211702 -0.955864 0.203730
vn 0.452022 -0.868626 0.202890
vn 0.661501 -0.722207 0.202075
vn 0.826017 -0.526551 0.201095
vn 0.934388 -0.294918 0.199856
vn 0.979116 -0.042949 0.198714
vn -0.108232 0.306825 -0.945592
vn -0.304480 0.863162 0.402794
vn -0.241921 0.948471 0.204638
vn -0.038352 0.230730 -0.972262
vn 0.004138 0.979136 0.203162
vn 0.013765 0.153576 -0.988041
vn 0.250245 0.946944 0.201680
vn 0.045438 0.127088 -0.990850
vn 0.480165 0.853994 0.200339
vn 0.115126 0.169272 -0.978822
vn 0.679516 0.706124 0.199113
vn 0.163291 0.143072 -0.976149
vn 0.835400 0.512785 0.197883
vn 0.212703 0.106820 -0.971260
vn 0.937709 0.286462 0.196573
vn 0.264341 0.056750 -0.962758
vn 0.979833 0.041731 0.195413
vn 0.318670 -0.013572 -0.947768
vn -0.007090 0.227017 -0.973865
vn -0.039752 0.700810 0.712240
vn -0.046344 0.238398 -0.970061
vn -0.249810 0.905595 0.342772
vn -0.028922 -0.081991 -0.996213
vn -0.328344 -0.930813 0.160555
vn -0.018881 -0.068446 -0.997476
vn -0.174897 -0.899688 0.399965
vn -0.016842 -0.190856 -0.981474
vn -0.028441 -0.910688 0.412114
vn -0.014960 -0.058653 -0.998166
vn 0.953719 -0.243521 -0.176403
vn 0.892031 0.308854 -0.329985
vn 0.374570 -0.114428 -0.920111
vn 0.388664 -0.403883 -0.828142
vn 0.488577 -0.868954 -0.078809
vn 0.243964 -0.923179 -0.297022
vn 0.425701 -0.261304 -0.866314
vn 0.003493 -0.826347 -0.563150
vn -0.973082 -0.213078 0.087799
vn -0.990307 -0.136105 0.027709
vn -0.997506 0.066757 0.022909
vn -0.993868 -0.099864 0.047469
vn -0.999992 -0.000011 0.003875
vn -0.801790 0.554415 0.223062
vn -0.557785 0.749609 0.356318
vn -0.999987 0.000000 0.005105
vn -0.999987 0.000000 0.005104
vn -0.999998 0.000000 0.002144
vn -0.626942 -0.716425 0.306071
vn -0.798720 -0.287428 0.528613
vn -0.946502 0.133287 0.293885
vn -0.993755 -0.111539 0.003217
vn -0.979337 0.202190 0.004199
vn -0.980062 0.195742 0.034103
vn -0.999987 0.000000 0.005104
vn -0.676856 -0.664830 0.316019
vn -0.706394 -0.669493 0.229752
vn 0.351518 -0.936166 0.005282
vn 0.021376 -0.544109 0.838742
vn -0.649293 -0.740730 0.172449
vn -0.666562 0.210385 0.715145
vn -0.470455 0.299895 0.829900
vn -0.586124 0.639912 0.496962
vn -0.161004 -0.968625 0.189322
vn 0.000000 0.000000 1.000000
vn 0.087642 -0.977853 0.190057
vn 0.330477 -0.924337 0.190753
vn 0.551956 -0.811551 0.191650
vn 0.738059 -0.646671 0.192576
vn 0.876755 -0.440310 0.193464
vn 0.959085 -0.205900 0.194323
vn 0.957117 0.211980 0.197462
vn 0.869827 0.452647 0.196245
vn 0.723268 0.662473 0.194969
vn 0.527377 0.827313 0.193463
vn 0.295402 0.935922 0.191802
vn 0.000000 0.000000 1.000000
vn -0.212358 0.958826 0.188567
vn -0.453493 0.871451 0.186861
vn 0.634307 0.773023 0.009532
vn -0.757757 0.589345 0.280138
vn -0.746559 0.615144 0.253471
vn -0.094582 0.965617 0.242153
vn 0.021376 0.544109 0.838742
vn -0.699117 0.671039 0.246865
vn -0.046777 0.991878 0.118275
vn -0.132899 0.986895 -0.091523
vn -0.113018 0.948129 -0.297118
vn -0.113008 0.864765 -0.489295
vn -0.112884 0.743088 -0.659604
vn -0.144803 0.594213 -0.791166
vn -0.373878 0.409848 -0.832010
vn -0.430724 0.220189 -0.875211
vn -0.486064 0.030859 -0.873378
vn 0.999049 0.032153 -0.029450
vn 0.999081 0.038021 -0.019786
vn 0.999971 -0.006776 0.003526
vn 0.842052 -0.454843 -0.289943
vn 0.368995 -0.627770 -0.685381
vn 0.998624 -0.024207 -0.046516
vn 0.999049 0.042567 -0.009428
vn 0.998945 0.045886 0.002013
vn 0.998739 0.047871 0.015109
vn 0.990966 -0.005877 0.133986
vn 0.369317 -0.279712 0.886209
vn 0.842148 -0.289862 0.454715
vn 0.993368 -0.112257 0.024862
vn 0.985595 -0.168959 -0.007411
vn 0.959667 -0.268102 -0.084620
vn 0.997685 -0.014704 -0.066389
vn 0.998368 0.002503 -0.057050
vn 0.998368 0.048155 0.030696
vn 0.997685 0.045930 0.050146
vn 0.996340 0.039461 0.075830
vn 0.993368 0.024862 0.112257
vn 0.959666 -0.207320 0.189893
vn 0.998739 0.015109 -0.047868
vn 0.998945 0.024688 -0.038729
vn 0.996479 0.003674 0.083766
vn 0.998153 -0.013135 0.059307
vn 0.996509 -0.038539 0.074059
vn 0.996479 -0.056627 0.061824
vn 0.998154 -0.051216 0.032648
vn 0.996508 -0.079626 0.025132
vn 0.996479 -0.083766 0.003674
vn 0.998153 -0.059307 -0.013135
vn 0.996509 -0.074059 -0.038539
vn 0.996479 -0.061824 -0.056627
vn 0.998154 -0.032648 -0.051216
vn 0.996508 -0.025132 -0.079626
vn 0.996479 -0.003674 -0.083766
vn 0.224443 -0.031998 0.973962
vn 0.375513 0.030433 0.926317
vn 0.135613 -0.161301 0.977543
vn 0.161285 -0.224135 0.961119
vn 0.141609 -0.338264 0.930336
vn 0.235158 -0.394340 0.888367
vn 0.214339 -0.567186 0.795210
vn -0.040179 -0.622535 0.781560
vn -0.078552 -0.681394 0.727689
vn 0.224467 -0.711318 0.666065
vn -0.120805 -0.806873 0.578241
vn 0.161294 -0.838151 0.521043
vn -0.137747 -0.902157 0.408825
vn 0.223784 -0.912227 0.343166
vn -0.052317 -0.972536 0.226797
vn 0.223922 -0.961604 0.158671
vn -0.059772 -0.997674 0.032777
vn 0.224443 -0.973962 -0.031998
vn -0.113044 -0.980334 -0.161762
vn 0.161285 -0.961119 -0.224135
vn -0.044960 -0.935018 -0.351739
vn 0.223766 -0.887744 -0.402293
vn -0.040985 -0.848558 -0.527513
vn 0.223946 -0.792181 -0.567712
vn -0.041551 -0.730882 -0.681238
vn 0.226741 -0.666867 -0.709843
vn 0.002414 -0.635359 -0.772213
vn 0.159824 -0.521480 -0.838162
vn 0.017164 -0.473968 -0.880375
vn 0.235767 -0.401124 -0.885163
vn 0.223784 -0.343166 -0.912227
vn 0.235748 -0.220707 -0.946420
vn 0.223922 -0.158671 -0.961604
vn 0.633083 -0.025418 -0.773667
vn 0.224443 0.031998 -0.973962
vn -0.999952 -0.009655 -0.001646
vn -0.958766 -0.284182 0.002854
vn -0.994294 -0.105962 0.012299
vn -0.062340 0.627096 0.776444
vn -0.999884 -0.015111 0.001778
vn -0.049405 0.708337 -0.704143
vn -0.005736 0.634934 -0.772545
vn -0.912367 0.375846 -0.162254
vn -0.998982 0.045019 0.003007
vn -0.107691 0.930521 0.350047
vn -0.158186 0.838579 0.521309
vn -0.999515 0.029059 0.011238
vn -0.707639 -0.670881 0.221732
vn -0.135018 -0.983873 0.117321
vn -0.976314 0.177031 -0.124384
vn -0.996100 0.067012 -0.057394
vn -0.046824 0.811934 -0.581868
vn -0.052315 0.985307 0.162582
vn -0.119618 0.992285 -0.032600
vn -0.999503 0.031510 -0.000196
vn -0.047145 0.972787 -0.226856
vn -0.999797 0.020125 -0.000767
vn -0.042337 0.910023 -0.412390
vn -0.853712 0.495263 -0.160905
vn -0.135101 -0.862361 -0.487935
vn -0.987835 0.143933 0.058868
vn -0.104814 -0.948986 -0.297387
vn -0.988273 0.148672 0.034838
vn -0.098996 -0.990836 -0.091888
vn -0.989404 0.144815 0.010435
vn -0.935295 0.352551 -0.030507
vn -0.430686 -0.157892 -0.888583
vn -0.999763 -0.005626 0.021047
vn -0.305151 -0.370612 -0.877228
vn -0.968273 0.128978 0.214037
vn -0.104867 -0.588738 -0.801492
vn -0.988276 0.099286 0.115986
vn -0.099049 -0.744191 -0.660583
vn -0.989385 0.110714 0.094125
vn -0.935007 0.302964 0.184321
vn -0.999181 -0.040098 -0.005486
vn -0.995537 -0.094376 0.000082
vn -0.993719 -0.084838 -0.072977
vn -0.858094 -0.395472 -0.327531
vn -0.979514 0.163948 -0.116930
vn -0.999383 0.030095 -0.018123
vn -0.962903 0.251666 -0.097378
vn -0.072284 0.728035 0.681719
vn -0.994300 -0.091590 0.054581
vn -0.989870 -0.141330 -0.013496
vn -0.864416 -0.428415 -0.263147
vn -0.983869 -0.162463 -0.074879
vn -0.994293 -0.061259 0.087339
vn -0.990553 -0.069538 0.118195
vn -0.958865 -0.276952 0.062257
vn -0.994288 -0.101091 0.034226
vn -0.959211 -0.256710 0.118380
vn -0.853712 -0.495263 -0.160905
vn -0.998722 -0.047135 -0.018238
vn -0.962397 -0.230650 -0.143498
vn -0.959255 -0.226137 0.169389
vn -0.994295 -0.078164 0.072574
vn -0.959446 -0.185230 0.212494
vn 0.998153 0.013135 -0.059307
vn 0.223766 0.402293 -0.887744
vn 0.996509 0.038539 -0.074059
vn 0.326010 0.525179 -0.786069
vn 0.996479 0.056627 -0.061824
vn 0.170411 0.696764 -0.696764
vn 0.998154 0.051216 -0.032648
vn 0.161285 0.224135 -0.961119
vn 0.998154 0.032648 0.051216
vn 0.176412 0.370289 0.912011
vn 0.996508 0.025132 0.079626
vn 0.223922 0.158671 0.961604
vn 0.998153 0.059307 0.013135
vn 0.223766 0.887744 0.402293
vn 0.996509 0.074059 0.038539
vn 0.223946 0.792181 0.567712
vn 0.996479 0.061824 0.056627
vn 0.224467 0.666065 0.711318
vn 0.223255 0.540681 0.811062
vn 0.161294 0.838151 -0.521043
vn 0.223784 0.912227 -0.343166
vn 0.996508 0.079626 -0.025132
vn 0.223922 0.961604 -0.158671
vn 0.996479 0.083766 -0.003674
vn 0.224443 0.973962 0.031998
vn 0.161285 0.961119 0.224135
vn 0.756182 0.503585 0.417841
vn 0.611390 0.318673 0.724327
vn 0.899509 0.195333 0.390804
vn 0.837004 0.023445 0.546694
vn 0.979089 0.007170 0.203308
vn 0.017860 0.021639 0.999606
vn 0.439774 -0.000529 0.898108
vn 0.360084 0.235398 0.902733
vn 0.564091 0.008834 0.825666
vn 0.819653 0.012864 0.572715
vn 0.203346 0.296089 0.933264
vn 0.321402 0.561837 0.762260
vn 0.001094 0.428970 0.903318
vn 0.003137 0.781756 0.623577
vn 0.001090 0.912338 0.409436
vn 0.227302 0.861239 0.454533
vn 0.425936 0.809638 0.403813
vn 0.581849 0.587638 0.562258
vn 0.004041 -0.779607 0.626255
vn 0.001090 -0.912338 0.409436
vn 0.227302 -0.861239 0.454533
vn 0.005232 -0.028705 0.999574
vn 0.001273 -0.480653 0.876910
vn 0.216492 -0.386055 0.896712
vn 0.317269 -0.592982 0.740076
vn 0.425936 -0.809638 0.403813
vn 0.333350 0.000423 0.942803
vn 0.358495 -0.186150 0.914784
vn 0.579139 -0.008027 0.815189
vn 0.579316 -0.326686 0.746773
vn 0.819653 -0.012864 0.572715
vn 0.581849 -0.587638 0.562258
vn 0.756182 -0.503585 0.417841
vn 0.857751 -0.208625 0.469829
vn 0.918564 -0.006972 0.395211
vn 0.978006 -0.024967 0.207076
vn 0.756438 -0.012474 0.653947
vn 0.760638 -0.327274 0.560643
vn 0.455824 -0.450919 0.767396
vn 0.332817 -0.471338 0.816746
vn 0.011579 -0.507015 0.861859
vn 0.011473 0.190481 0.981624
vn 0.006785 -0.000295 0.999977
vn 0.324373 -0.018211 0.945754
vn 0.663678 -0.041382 0.746873
vn -0.026140 0.030674 0.999188
vn -0.356881 0.427100 0.830796
vn -0.338974 0.348150 0.874007
vn -0.569158 0.692461 0.443347
vn -0.595334 0.618050 0.513412
vn -0.661303 0.559466 0.499677
vn -0.705365 0.502384 0.500070
vn -0.744720 0.442108 0.499933
vn -0.778643 0.378367 0.500553
vn -0.807779 0.312333 0.499941
vn -0.831232 0.244181 0.499429
vn -0.848106 0.173941 0.500460
vn -0.869933 0.086985 0.485439
vn -0.817700 0.049654 0.573499
vn -0.383580 0.321676 0.865674
vn -0.409010 0.288655 0.865673
vn -0.431748 0.253784 0.865556
vn -0.451054 0.216756 0.865776
vn -0.467606 0.178519 0.865723
vn -0.480716 0.138902 0.865805
vn -0.491103 0.098541 0.865510
vn -0.513141 0.048794 0.856916
vn -0.421339 0.025533 0.906544
vn -0.003499 0.003525 0.999988
vn -0.002564 0.002118 0.999994
vn -0.002991 0.002078 0.999993
vn -0.003482 0.002011 0.999992
vn -0.004048 0.001909 0.999990
vn -0.004709 0.001758 0.999987
vn -0.005494 0.001544 0.999984
vn -0.002436 0.000470 0.999997
vn -0.088454 0.007680 0.996051
vn -0.161963 -0.003289 0.986791
vn 0.012531 0.000841 0.999921
vn 0.430034 0.014801 0.902691
vn 0.706852 0.060697 0.704752
vn 0.651258 -0.417504 0.633683
vn 0.196024 -0.545840 0.814637
vn 0.378937 -0.250978 0.890739
vn 0.372528 -0.039360 0.927186
vn 0.090766 -0.005052 0.995859
vn 0.378937 0.250978 0.890739
vn 0.709928 0.000242 0.704275
vn 0.336670 0.022091 0.941364
vn 0.735205 0.000000 0.677845
vn 0.639373 0.000000 0.768897
vn 0.735202 0.000000 0.677848
vn 0.757773 -0.000102 0.652518
vn 0.003189 0.000791 0.999995
vn 0.608252 0.362864 0.705946
vn 0.529240 0.344350 0.775453
vn 0.014043 0.514569 0.857334
vn 0.323676 0.487933 0.810651
vn 0.442897 0.448088 0.776569
vn 0.660231 0.386723 0.643848
vn 0.063656 0.997972 -0.000561
vn 0.012048 0.999885 -0.009190
vn 0.325472 0.945501 -0.009809
vn 0.437265 0.899324 -0.003848
vn 0.678154 0.734888 -0.006881
vn 0.632665 0.774228 -0.017475
vn -0.988795 0.007412 -0.149096
vn -0.999594 -0.007418 -0.027512
vn -0.992140 0.006358 0.124969
vn -0.946573 -0.005671 0.322440
vn -0.878358 -0.007510 0.477945
vn -0.781177 0.004838 0.624291
vn -0.896369 0.007247 0.443250
vn -0.708353 -0.011472 0.705765
vn -0.577602 -0.004437 0.816307
vn -0.580463 0.011612 0.814204
vn 0.258855 -0.965876 -0.008799
vn 0.026198 -0.999618 -0.008858
vn 0.335403 -0.942068 -0.003510
vn 0.033715 -0.999431 -0.000630
vn 0.578776 -0.815446 -0.008065
vn 0.624879 -0.780628 -0.012099
vn 0.715100 -0.699015 -0.003183
vn -0.716648 -0.697433 -0.001592
vn -0.700761 -0.713379 -0.004979
vn -0.630330 -0.776323 -0.002431
vn -0.578202 -0.815868 -0.006543
vn -0.448243 -0.893899 -0.004884
vn -0.387538 -0.921818 -0.008146
vn -0.024918 -0.999669 -0.006342
vn -0.016098 -0.992475 -0.121386
vn 0.037769 -0.978897 -0.200836
vn -0.023766 -0.963111 -0.268053
vn 0.039924 -0.926600 -0.373923
vn -0.016697 -0.938750 -0.344194
vn -0.435856 0.900000 -0.005425
vn -0.415800 0.909437 -0.005838
vn -0.574982 0.818155 -0.004249
vn -0.621233 0.783618 -0.003442
vn -0.697380 0.716677 -0.005949
vn -0.719726 0.694257 -0.001314
vn -0.034773 0.939513 -0.340743
vn 0.021572 0.930861 -0.364736
vn -0.019038 0.964367 -0.263884
vn 0.020685 0.981133 -0.192222
vn -0.016098 0.992475 -0.121386
vn -0.040480 0.999169 -0.004736
vn 0.005155 0.988986 -0.147918
vn 0.004983 0.995417 -0.095496
vn 0.008945 0.999542 0.028906
vn 0.009622 0.993340 0.114813
vn 0.011542 0.978622 0.205342
vn 0.011886 0.947186 0.320465
vn 0.010751 0.909517 0.415527
vn -0.686379 0.727238 -0.002821
vn -0.261990 0.963620 0.052887
vn -0.159855 0.987140 -0.001088
vn -0.264570 0.964208 0.017506
vn -0.270602 0.962433 -0.022297
vn -0.240217 0.967602 -0.077730
vn -0.252535 0.962709 -0.097043
vn -0.264412 0.962260 -0.064360
vn -0.231726 0.972705 0.012152
vn -0.232791 0.972488 0.008663
vn -0.297342 0.954508 -0.022420
vn -0.211944 0.975442 0.059939
vn -0.212620 0.976340 0.039399
vn -0.310614 0.950246 0.023495
vn -0.397711 0.917291 0.020073
vn -0.435154 0.900258 -0.013312
vn -0.485221 0.874351 0.008443
vn -0.744653 0.667000 -0.024539
vn -0.726132 0.687432 -0.013017
vn -0.715545 0.698441 0.013258
vn -0.762392 0.645633 -0.043787
vn -0.835808 0.545456 0.062468
vn -0.665778 0.746137 0.004412
vn -0.650199 0.759679 -0.011360
vn -0.572488 0.819882 0.007163
vn -0.562868 0.826505 -0.008313
vn -0.473663 0.880629 -0.011687
vn -0.009900 0.998678 -0.050449
vn -0.112065 0.977677 -0.177732
vn -0.006950 0.999961 -0.005438
vn -0.046926 0.998872 -0.007312
vn -0.006912 0.999962 -0.005334
vn 0.108618 0.977659 -0.179959
vn 0.029850 0.985126 -0.169221
vn 0.101120 0.991781 -0.078386
vn 0.101800 0.994340 -0.030403
vn 0.106286 0.852150 -0.512390
vn 0.072095 0.785535 -0.614603
vn -0.038168 0.863098 -0.503592
vn -0.068462 0.825849 -0.559720
vn -0.026367 0.772627 -0.634312
vn 0.039390 0.759960 -0.648775
vn -0.067719 0.765373 -0.640014
vn -0.233988 0.964749 -0.120454
vn -0.218945 0.975621 -0.015086
vn -0.459947 0.885003 -0.072245
vn -0.626306 0.778824 -0.034255
vn -0.626584 0.775785 -0.074499
vn -0.646314 0.752074 -0.129085
vn -0.515161 0.818821 -0.253260
vn -0.707924 0.697012 -0.114096
vn -0.447928 0.880700 -0.154038
vn -0.431385 0.865468 -0.254702
vn -0.283718 0.882119 -0.375992
vn -0.231467 0.942676 -0.240383
vn -0.206724 0.910673 -0.357688
vn -0.043477 0.863758 -0.502027
vn -0.018338 0.890426 -0.454758
vn -0.435042 0.890668 -0.132096
vn -0.327292 0.924818 -0.193887
vn -0.362745 0.891604 -0.271032
vn -0.249795 0.802082 -0.542464
vn -0.234332 0.829245 -0.507386
vn -0.218271 0.881844 -0.417983
vn -0.066290 0.893173 -0.444800
vn -0.250423 0.910031 -0.330351
vn -0.259151 0.920800 -0.291493
vn -0.537668 0.833078 -0.129976
vn -0.553977 0.830886 -0.052319
vn -0.614904 0.755389 -0.226451
vn -0.639173 0.750760 -0.166786
vn -0.422538 0.807174 -0.412227
vn -0.467408 0.819573 -0.331405
vn -0.576428 0.801550 -0.158894
vn -0.389661 0.867974 -0.307873
vn -0.700605 0.691511 -0.175971
vn -0.685016 0.703335 -0.189930
vn -0.515791 0.773955 -0.367359
vn -0.490008 0.791559 -0.365139
vn -0.255690 0.819124 -0.513477
vn -0.035327 0.794831 -0.605802
vn -0.664585 0.720712 -0.197235
vn -0.459450 0.813058 -0.357551
vn -0.217911 0.843478 -0.490978
vn -0.241354 -0.910462 -0.335869
vn -0.277694 -0.858332 -0.431453
vn -0.492742 -0.815472 -0.303664
vn -0.051039 -0.860072 -0.507613
vn -0.018338 -0.890426 -0.454758
vn -0.247502 -0.945743 -0.210505
vn -0.193570 -0.972493 -0.129567
vn -0.692485 -0.704702 -0.154468
vn -0.806494 -0.590450 -0.030592
vn -0.686484 -0.719090 -0.107932
vn -0.755428 -0.654947 -0.019299
vn -0.639697 -0.763901 -0.085106
vn -0.727700 -0.685378 -0.026655
vn -0.604360 -0.795506 -0.043802
vn -0.715858 -0.698159 -0.011056
vn -0.503607 -0.836451 -0.216172
vn -0.439309 -0.883916 -0.160312
vn -0.391812 -0.916024 -0.085923
vn -0.243041 -0.969979 -0.008474
vn -0.047701 -0.793241 -0.607037
vn -0.027303 -0.764924 -0.643542
vn -0.230693 -0.803001 -0.549518
vn -0.256799 -0.820297 -0.511046
vn -0.469026 -0.797500 -0.379485
vn -0.489134 -0.793583 -0.361903
vn -0.656823 -0.728881 -0.193176
vn -0.684573 -0.705186 -0.184585
vn -0.787407 -0.616405 -0.006005
vn -0.820509 -0.571563 -0.008948
vn -0.367435 -0.912337 -0.180649
vn -0.470670 -0.877133 -0.095427
vn -0.531894 -0.838413 -0.118967
vn 0.041654 -0.857187 -0.513318
vn -0.038110 -0.903642 -0.426589
vn -0.223901 -0.875378 -0.428463
vn -0.076395 -0.905051 -0.418386
vn -0.281414 -0.898909 -0.335810
vn -0.051451 -0.839626 -0.540723
vn -0.210391 -0.834160 -0.509816
vn -0.038284 -0.779633 -0.625065
vn -0.285811 -0.923219 -0.256864
vn -0.581530 -0.813480 -0.008587
vn -0.658744 -0.752361 -0.003016
vn -0.555544 -0.817096 -0.154032
vn -0.700541 -0.713541 -0.010069
vn -0.595768 -0.777134 -0.202786
vn -0.744648 -0.667415 -0.007560
vn -0.403260 -0.881600 -0.245283
vn -0.403800 -0.865959 -0.295061
vn -0.400599 -0.830638 -0.386732
vn -0.167107 -0.946126 -0.277347
vn 0.067389 -0.758042 -0.648715
vn 0.072604 -0.797798 -0.598537
vn 0.037337 -0.998517 -0.039613
vn 0.189545 -0.977672 -0.090718
vn -0.138252 -0.977683 -0.158184
vn -0.058847 -0.985142 -0.161347
vn -0.026899 -0.999442 -0.019820
vn 0.001802 -0.995440 -0.095371
vn -0.015181 -0.999880 -0.003200
vn -0.006703 -0.999964 -0.005122
vn 0.079346 -0.977667 -0.194606
vn -0.470036 -0.882477 -0.017320
vn -0.570728 -0.821124 -0.005034
vn -0.463797 -0.885906 0.007884
vn -0.707339 -0.706862 -0.004256
vn -0.745645 -0.666174 0.015010
vn -0.796681 -0.603219 0.037764
vn -0.848140 -0.528904 0.030327
vn -0.844378 -0.535747 0.001392
vn -0.593159 -0.804975 -0.013328
vn -0.659299 -0.751864 -0.005016
vn -0.629371 -0.777095 0.003779
vn -0.591892 -0.805967 0.008971
vn -0.409061 -0.912495 -0.004656
vn -0.407146 -0.913101 0.021869
vn -0.299043 -0.953986 0.022015
vn -0.252995 -0.964780 -0.072065
vn -0.157282 -0.987553 -0.000953
vn -0.261052 -0.964422 -0.041728
vn -0.272766 -0.962079 -0.001463
vn -0.223278 -0.963633 0.146831
vn -0.261358 -0.962392 0.074118
vn -0.269669 -0.962126 0.039905
vn -0.256118 -0.964194 0.068794
vn -0.244116 -0.969682 -0.011174
vn -0.306160 -0.951211 -0.038263
vn -0.224455 -0.969773 -0.095707
vn -0.214792 -0.971701 -0.098294
vn -0.620252 -0.784365 0.007676
vn -0.402813 -0.915268 -0.005036
vn -0.220458 -0.975365 0.007866
vn -0.038891 -0.999238 -0.003400
vn 0.193885 -0.980995 0.007559
vn 0.173404 -0.984808 -0.009131
vn 0.437890 -0.899024 -0.002779
vn 0.682438 -0.730922 0.005641
vn 0.729224 -0.684258 -0.004871
vn 0.877105 -0.480297 -0.001065
vn 0.935103 -0.354333 0.005470
vn -0.546442 -0.511515 0.663139
vn -0.505544 -0.694056 0.512554
vn -0.564497 -0.620186 0.544714
vn -0.885325 -0.377658 0.271245
vn -0.873565 -0.456221 0.169546
vn -0.895069 -0.445699 0.014284
vn -0.873896 -0.486109 0.001942
vn -0.899187 -0.437337 0.014113
vn -0.918642 -0.394320 0.024658
vn -0.864251 -0.305291 0.399836
vn -0.845146 -0.097699 0.525531
vn -0.819671 -0.264740 0.507989
vn -0.582860 -0.214183 0.783836
vn -0.556792 -0.012845 0.830552
vn -0.621440 -0.297363 0.724836
vn -0.697166 -0.321453 0.640803
vn -0.658830 -0.589063 0.467919
vn -0.763559 -0.284970 0.579457
vn -0.735259 -0.537060 0.413475
vn -0.789349 -0.512865 0.337488
vn -0.777393 -0.600414 0.187516
vn -0.410394 -0.848400 0.334356
vn -0.443956 -0.851978 0.277556
vn -0.556614 -0.791432 0.252619
vn -0.637658 -0.738767 0.218210
vn -0.712175 -0.680017 0.174310
vn -0.803003 -0.008753 0.595911
vn -0.759920 -0.027913 0.649417
vn -0.732710 -0.039851 0.679373
vn -0.674236 -0.005493 0.738495
vn -0.620522 -0.005943 0.784167
vn -0.450911 -0.773795 -0.444883
vn -0.313580 -0.932874 -0.177239
vn -0.375845 -0.868396 -0.323463
vn -0.466611 -0.170221 -0.867928
vn -0.431717 -0.251411 -0.866264
vn -0.614355 -0.300074 -0.729742
vn -0.600602 -0.514449 0.612061
vn -0.701380 -0.350325 0.620756
vn -0.584690 -0.673881 0.451688
vn -0.683872 -0.654395 0.322624
vn -0.839107 -0.351812 0.414882
vn -0.743674 -0.652918 0.143690
vn -0.920865 -0.337891 0.194517
vn -0.756662 -0.652158 -0.046383
vn -0.940677 -0.334107 -0.059160
vn -0.721366 -0.653020 -0.230643
vn -0.884143 -0.346611 -0.313291
vn -0.640571 -0.655564 -0.399880
vn -0.767498 -0.355517 -0.533436
vn -0.534091 -0.631792 -0.561769
vn -0.494778 -0.517980 -0.697776
vn -0.434697 -0.697904 -0.569182
vn -0.323342 -0.910271 0.258567
vn -0.387305 -0.878023 0.281195
vn -0.444659 -0.876439 0.184752
vn -0.480064 -0.872732 0.088759
vn -0.489531 -0.871797 -0.018163
vn -0.469114 -0.874632 -0.122275
vn -0.441893 -0.868587 -0.224249
vn -0.953964 -0.006380 -0.299854
vn -0.825041 -0.007158 -0.565028
vn -0.628707 -0.004965 -0.777627
vn -0.487455 -0.000426 -0.873148
vn -0.423387 -0.006262 -0.905927
vn -0.727064 -0.651851 -0.215563
vn -0.649267 -0.546839 -0.528601
vn -0.610713 -0.732784 -0.300095
vn -0.521854 -0.608256 -0.598075
vn -0.453942 -0.845772 -0.280368
vn -0.451328 -0.007780 -0.892324
vn -0.533955 -0.273282 -0.800130
vn -0.507211 -0.009397 -0.861771
vn -0.624617 -0.292348 -0.724145
vn -0.708798 -0.219167 -0.670501
vn -0.739138 -0.474465 -0.478077
vn -0.762531 -0.620103 -0.184441
vn -0.792880 -0.485194 -0.368684
vn -0.781913 -0.324109 -0.532508
vn -0.726732 -0.141582 -0.672173
vn -0.450293 -0.330771 -0.829353
vn -0.440281 -0.470563 -0.764672
vn -0.410104 -0.775932 -0.479316
vn -0.525490 -0.003094 -0.850794
vn -0.582882 -0.008251 -0.812515
vn -0.603451 -0.002374 -0.797397
vn -0.651515 -0.002188 -0.758632
vn -0.669526 -0.001412 -0.742787
vn -0.764919 -0.252059 -0.592760
vn -0.702077 -0.004311 -0.712088
vn -0.729820 -0.008458 -0.683587
vn -0.740780 -0.009419 -0.671682
vn -0.719607 -0.375541 -0.584067
vn -0.719522 -0.338076 -0.606624
vn -0.182970 -0.983100 -0.006069
vn -0.435016 -0.867999 -0.239455
vn -0.602589 -0.754217 -0.260851
vn -0.629406 -0.632256 -0.451776
vn -0.695977 -0.573202 -0.432500
vn -0.328913 -0.910402 -0.250967
vn -0.580528 -0.666809 -0.467283
vn -0.734184 -0.358113 -0.576827
vn -0.750376 -0.514704 -0.414748
vn -0.696183 -0.685134 -0.214291
vn -0.298854 -0.928622 -0.219879
vn -0.275811 -0.938789 -0.206406
vn -0.561841 -0.721588 -0.404531
vn -0.490305 -0.771732 -0.405006
vn -0.747208 -0.002109 -0.664587
vn -0.798291 -0.002653 -0.602266
vn -0.748952 -0.357761 -0.557744
vn -0.803754 -0.002694 -0.594956
vn -0.783542 -0.175731 -0.595970
vn -0.703441 -0.456072 -0.545132
vn -0.675536 -0.537725 -0.504483
vn 0.836607 -0.002182 -0.547799
vn 0.955978 -0.001877 -0.293433
vn 0.863214 -0.331639 -0.380627
vn 0.724640 -0.627783 -0.284228
vn 0.599087 -0.606471 -0.522769
vn -0.590084 -0.298897 -0.749974
vn -0.480154 -0.565993 -0.670152
vn -0.272021 -0.877833 -0.394226
vn -0.094157 -0.887409 -0.451265
vn 0.074665 -0.887429 -0.454858
vn 0.417713 -0.897146 -0.143685
vn 0.361058 -0.887374 -0.286713
vn 0.233518 -0.887449 -0.397372
vn 0.817061 -0.576506 -0.007262
vn -0.198729 -0.606189 -0.770092
vn 0.091994 -0.606328 -0.789876
vn 0.034950 -0.330382 -0.943200
vn 0.375052 -0.325146 -0.868111
vn -0.703933 -0.000821 -0.710266
vn -0.468380 -0.003458 -0.883521
vn -0.294820 -0.345637 -0.890851
vn -0.274500 -0.002393 -0.961584
vn -0.103243 -0.001548 -0.994655
vn 0.216419 -0.002200 -0.976298
vn 0.297084 -0.000772 -0.954851
vn 0.585487 -0.003426 -0.810674
vn 0.370292 -0.606481 -0.703609
vn 0.663334 -0.335008 -0.669147
vn 0.687639 -0.002466 -0.726048
vn 0.906461 -0.421418 -0.027107
vn 0.973712 -0.227651 -0.007740
vn 0.999774 -0.000977 -0.021234
vn 0.504082 -0.848876 -0.159092
vn 0.036285 -0.833768 -0.550921
vn 0.359183 -0.715728 -0.598933
vn 0.470849 -0.738916 -0.481979
vn 0.661673 -0.572654 -0.484001
vn 0.864749 -0.417695 -0.278818
vn 0.503826 -0.800879 -0.323654
vn 0.882675 -0.437709 -0.171161
vn 0.858234 -0.506644 -0.082131
vn 0.921366 -0.388689 -0.002264
vn 0.922761 -0.293262 -0.250019
vn 0.997470 -0.070545 -0.008799
vn 0.998678 -0.051399 0.000072
vn 0.381724 -0.727314 -0.570352
vn 0.171533 -0.846011 -0.504818
vn 0.526786 -0.724525 -0.444477
vn 0.718658 -0.563408 -0.407557
vn 0.720779 -0.598403 -0.349844
vn 0.911557 -0.350762 -0.214543
vn 0.938134 -0.277480 -0.207147
vn 0.905244 -0.392852 -0.161867
vn 0.971634 -0.233154 -0.039585
vn -0.211542 -0.968856 -0.128720
vn -0.108461 -0.960328 -0.256916
vn 0.032959 -0.991139 -0.128674
vn 0.153364 -0.954207 -0.256844
vn 0.286581 -0.949511 -0.127670
vn 0.381767 -0.892536 -0.240072
vn 0.516158 -0.848794 -0.114584
vn 0.589274 -0.780151 -0.210048
vn 0.739696 -0.668885 -0.073770
vn 0.775978 -0.605268 -0.177504
vn 0.863537 -0.499674 -0.068050
vn 0.936019 -0.338325 -0.096978
vn 0.495603 -0.798594 -0.341505
vn 0.271456 -0.893010 -0.358951
vn 0.002082 -0.928647 -0.370958
vn 0.719568 -0.642909 -0.262467
vn -0.774753 0.001016 -0.632263
vn -0.652261 0.001861 -0.757992
vn -0.416292 0.002163 -0.909228
vn -0.194995 0.002488 -0.980801
vn -0.063624 0.003458 -0.997968
vn 0.257947 0.000783 -0.966159
vn 0.337156 0.002199 -0.941446
vn 0.617457 0.001544 -0.786603
vn 0.744480 0.002360 -0.667640
vn 0.867250 0.003447 -0.497862
vn 0.974216 0.000833 -0.225616
vn 0.999934 0.001121 -0.011472
vn -0.616267 0.003323 -0.787531
vn -0.651259 0.000831 -0.758855
vn -0.477367 0.003509 -0.878697
vn -0.446165 0.006602 -0.894926
vn -0.407893 0.005974 -0.913010
vn -0.385359 0.013720 -0.922665
vn -0.560575 0.004114 -0.828094
vn -0.582411 0.007241 -0.812863
vn -0.700562 0.001390 -0.713590
vn -0.720375 0.006346 -0.693556
vn -0.738272 0.006358 -0.674473
vn -0.703168 0.007028 -0.710989
vn -0.749402 0.007556 -0.662072
vn -0.781805 0.001947 -0.623520
vn -0.812255 0.004308 -0.583287
vn -0.783942 0.008640 0.620773
vn -0.841458 0.079307 0.534470
vn -0.974465 -0.201252 0.099576
vn -0.988095 -0.139964 0.063859
vn -0.980015 -0.054075 0.191434
vn -0.683654 0.005623 0.729784
vn -0.704553 0.019670 0.709379
vn -0.760439 0.022312 0.649026
vn -0.927423 -0.373479 0.019987
vn -0.946480 -0.318744 0.050770
vn -0.957691 -0.286476 0.027573
vn -0.590005 0.004327 0.807388
vn -0.281909 0.959421 0.006171
vn 0.935578 0.353118 -0.000932
vn 0.196713 0.980432 0.007593
vn -0.031431 0.999498 -0.003945
vn -0.357800 0.933738 -0.010597
vn 0.876656 0.481096 0.004622
vn 0.764568 0.644538 -0.002393
vn 0.626474 0.779403 0.007851
vn 0.444384 0.895830 -0.003235
vn 0.185083 0.982663 -0.010887
vn -0.608194 0.358571 0.708186
vn -0.599807 0.219136 0.769552
vn -0.643348 0.731318 0.226444
vn -0.556773 0.790121 0.256344
vn -0.662508 0.577112 0.477520
vn -0.883966 0.403381 0.236406
vn -0.906749 0.342810 0.245534
vn -0.425929 0.868759 0.252671
vn -0.293982 0.945798 0.137991
vn -0.559409 0.659594 0.501993
vn -0.761148 0.270505 0.589475
vn -0.728781 0.650909 0.212593
vn -0.773379 0.607609 0.180820
vn -0.856356 0.374873 0.355139
vn -0.739072 0.523650 0.423749
vn -0.699526 0.317402 0.640249
vn -0.341224 0.911861 0.228203
vn -0.452601 0.778288 0.435225
vn -0.530631 0.596285 0.602390
vn -0.538260 0.519627 0.663524
vn -0.820292 0.225628 0.525560
vn -0.798949 0.457714 0.390099
vn -0.409327 0.790015 -0.456429
vn -0.437122 0.631692 -0.640227
vn -0.508047 0.674257 -0.535971
vn -0.598351 0.515022 0.613782
vn -0.615770 0.630296 0.472815
vn -0.444156 0.524506 -0.726374
vn -0.434691 0.211424 -0.875410
vn -0.588615 0.350852 -0.728310
vn -0.299032 0.942674 -0.148138
vn -0.334449 0.911614 -0.238962
vn -0.357871 0.892795 -0.273580
vn -0.624392 0.655912 -0.424163
vn -0.758603 0.351910 -0.548343
vn -0.711916 0.653302 -0.257628
vn -0.875149 0.338035 -0.346190
vn -0.754065 0.652548 -0.074613
vn -0.937006 0.334509 -0.100617
vn -0.748733 0.652813 0.115039
vn -0.924019 0.346612 0.161396
vn -0.696189 0.653776 0.296477
vn -0.845704 0.353842 0.399475
vn -0.743852 0.310530 0.591824
vn -0.441988 0.883092 0.157464
vn -0.436060 0.861789 0.259173
vn -0.472727 0.786956 0.396520
vn -0.413553 0.877892 -0.241411
vn -0.463573 0.872856 -0.152388
vn -0.483476 0.874019 -0.048403
vn -0.484935 0.872614 0.058154
vn -0.575262 0.007340 -0.817936
vn -0.703216 0.004923 -0.710959
vn -0.913706 0.008632 -0.406283
vn -0.466432 0.338498 -0.817227
vn -0.595773 0.754102 -0.276379
vn -0.726266 0.646488 -0.233650
vn -0.768368 0.608739 -0.197606
vn -0.632797 0.310520 -0.709328
vn -0.553228 0.300868 -0.776799
vn -0.540208 0.588430 -0.601602
vn -0.440943 0.833033 -0.334103
vn -0.403752 0.786801 -0.466828
vn -0.755022 0.210897 -0.620858
vn -0.716135 0.211425 -0.665169
vn -0.794371 0.411352 -0.446950
vn -0.735145 0.479834 -0.478875
vn -0.649267 0.546839 -0.528601
vn -0.458234 0.850803 -0.257210
vn -0.265511 0.942966 -0.200796
vn -0.515932 0.749470 -0.414860
vn -0.642368 0.600747 -0.475884
vn -0.713927 0.392767 -0.579692
vn -0.730017 0.315399 -0.606300
vn -0.737036 0.324063 -0.593094
vn -0.762730 0.280873 -0.582541
vn -0.682999 0.590685 -0.429655
vn -0.752494 0.527612 -0.394181
vn -0.601853 0.757841 -0.251891
vn -0.684338 0.703926 -0.190185
vn -0.200938 0.979602 -0.002037
vn -0.224166 0.974532 -0.006027
vn -0.747743 0.391841 -0.536041
vn -0.699508 0.418645 -0.579158
vn -0.786869 0.166146 -0.594333
vn -0.683230 0.538201 -0.493494
vn -0.592323 0.675135 -0.439711
vn -0.479786 0.795628 -0.369840
vn -0.354285 0.897207 -0.263631
vn -0.268110 0.942258 -0.200668
vn -0.524923 0.331185 -0.784074
vn -0.466490 0.623987 -0.626919
vn -0.228115 0.606203 -0.761893
vn 0.906453 0.421414 -0.027438
vn 0.980804 0.194879 -0.006773
vn 0.899509 0.299980 -0.317641
vn 0.831251 0.555875 -0.005059
vn 0.760182 0.568965 -0.313692
vn 0.440330 0.877804 -0.188597
vn 0.320189 0.887419 -0.331611
vn 0.179195 0.887442 -0.424659
vn -0.276770 0.897184 -0.344180
vn -0.152632 0.887418 -0.434964
vn 0.014225 0.887420 -0.460742
vn 0.578326 0.606516 -0.545598
vn 0.342959 0.606402 -0.717395
vn 0.472931 0.330025 -0.816958
vn 0.145041 0.325246 -0.934440
vn 0.724312 0.345578 -0.596613
vn 0.061424 0.606423 -0.792766
vn -0.204509 0.335204 -0.919682
vn 0.384675 0.905456 -0.179375
vn 0.709313 0.691031 -0.139107
vn 0.915560 0.402165 -0.003584
vn 0.937442 0.340147 -0.074182
vn 0.999354 0.035927 -0.000347
vn 0.021370 0.847122 -0.530969
vn 0.384790 0.853939 -0.350320
vn 0.384695 0.770516 -0.508247
vn 0.709250 0.651371 -0.269594
vn 0.709267 0.587223 -0.390012
vn 0.908543 0.382726 -0.167540
vn 0.925393 0.313837 -0.212495
vn 0.398874 0.701346 -0.590774
vn 0.756098 0.502108 -0.419766
vn 0.935649 0.271159 -0.225908
vn 0.999584 0.028556 -0.004059
vn 0.912050 0.327622 -0.246635
vn 0.946639 0.276512 -0.165575
vn 0.751892 0.566131 -0.337867
vn 0.661179 0.600813 -0.449295
vn 0.502955 0.739841 -0.446846
vn 0.345500 0.758953 -0.551925
vn 0.161576 0.852901 -0.496440
vn 0.905244 0.392852 -0.161867
vn 0.968737 0.243808 -0.045895
vn -0.038201 0.961734 -0.271307
vn 0.139052 0.956487 -0.256509
vn 0.218305 0.908161 -0.357193
vn 0.749679 0.636707 -0.180514
vn 0.921511 0.375381 -0.099530
vn 0.462502 0.817422 -0.343385
vn 0.368862 0.898242 -0.238960
vn 0.690890 0.672420 -0.265559
vn 0.548287 0.810968 -0.204237
vn 0.066542 0.914588 -0.398875
vn -0.176624 0.973039 -0.148321
vn 0.039568 0.989849 -0.136503
vn 0.267720 0.955606 -0.123061
vn 0.513245 0.851044 -0.110921
vn 0.710070 0.698577 -0.088268
vn 0.852406 0.520946 -0.044934
vn 0.034181 0.019184 0.999232
vn 0.104299 0.149914 0.983182
vn 0.011664 0.099075 0.995012
vn -0.018746 0.058452 0.998114
vn -0.032167 -0.007143 0.999457
vn -0.022702 -0.007067 0.999717
vn -0.016620 -0.006741 0.999839
vn 0.054232 -0.174467 0.983168
vn 0.071024 -0.070048 0.995012
vn -0.008859 -0.058582 0.998243
vn 0.036384 -0.013358 0.999249
vn -0.016019 -0.020505 0.999661
vn -0.028036 -0.030194 0.999151
vn -0.004816 -0.004210 0.999980
vn -0.007483 -0.005514 0.999957
vn -0.012520 -0.006336 0.999902
vn -0.009614 -0.005918 0.999936
vn -0.046232 -0.005572 0.998915
vn 0.014161 -0.602381 0.798083
vn 0.014124 -0.683039 0.730246
vn 0.014086 -0.756194 0.654196
vn 0.014154 -0.820816 0.571018
vn 0.014056 -0.876355 0.481461
vn 0.014100 -0.922182 0.386499
vn 0.014199 -0.957722 0.287344
vn 0.014208 -0.982649 0.184927
vn 0.014167 -0.996662 0.080401
vn 0.014078 -0.999597 -0.024667
vn 0.011895 -0.991450 -0.129941
vn 0.007616 -0.986689 -0.162443
vn 0.235786 0.342168 -0.909575
vn 0.005979 0.528261 -0.849061
vn 0.235740 0.158217 -0.958850
vn 0.011447 0.667666 0.744373
vn 0.009513 0.733153 0.679997
vn 0.423732 0.668040 0.611697
vn 0.457827 0.887289 -0.055787
vn 0.866335 0.498109 -0.036761
vn 0.866543 0.497251 0.042954
vn 0.861395 0.320833 0.393781
vn 0.866460 0.484418 0.120771
vn 0.937157 0.345673 -0.047408
vn 0.866584 0.459157 0.195466
vn 0.866497 0.422754 0.265445
vn 0.424228 0.900206 0.098285
vn 0.493337 0.838949 0.229746
vn 0.500381 0.793834 0.345610
vn 0.456700 0.748716 0.480468
vn 0.259973 0.956181 -0.134656
vn 0.631827 0.768004 -0.104708
vn 0.708269 0.699748 -0.093319
vn 0.008796 0.788984 0.614350
vn 0.005014 0.859259 0.511516
vn 0.866368 0.375853 0.328848
vn 0.011925 0.574314 0.818548
vn 0.455166 0.556262 0.695267
vn 0.901797 0.219934 0.372010
vn 0.912787 0.056052 0.404572
vn 0.792709 0.401105 0.459050
vn 0.547611 0.674038 0.495777
vn 0.165100 0.853041 0.495039
vn -0.207176 0.838640 0.503747
vn 0.474058 0.232783 0.849165
vn 0.309922 0.405364 0.860017
vn 0.081987 0.503015 0.860380
vn -0.132891 0.482435 0.865793
vn -0.277975 -0.347685 0.895458
vn -0.096133 -0.511258 0.854034
vn -0.524178 -0.648438 0.552056
vn -0.183079 -0.855092 0.485077
vn 0.195743 -0.845972 0.496000
vn 0.571570 -0.653770 0.495875
vn 0.788820 -0.342142 0.510590
vn 0.925718 -0.029983 0.377023
vn 0.129648 -0.493163 0.860222
vn 0.346871 -0.373806 0.860203
vn 0.427276 -0.198017 0.882170
vn 0.499977 -0.507613 0.701678
vn 0.859428 -0.507960 -0.057960
vn 0.866360 -0.499420 0.000341
vn 0.866410 -0.496525 0.052873
vn 0.866319 -0.488336 0.104967
vn 0.866626 -0.474080 0.155591
vn 0.866749 -0.454891 0.204499
vn 0.866394 -0.431365 0.251567
vn 0.866367 -0.402519 0.295611
vn 0.866274 -0.369314 0.336416
vn 0.866115 -0.331977 0.373679
vn 0.866393 -0.289535 0.406856
vn 0.946811 -0.163305 0.277273
vn 0.500722 -0.578446 0.643954
vn 0.500368 -0.643177 0.579616
vn 0.500403 -0.700601 0.508681
vn 0.500878 -0.750023 0.431958
vn 0.500319 -0.791587 0.350814
vn 0.500006 -0.824259 0.265689
vn 0.500798 -0.847216 0.177277
vn 0.500922 -0.861110 0.086982
vn 0.500661 -0.865634 -0.004049
vn 0.462231 -0.881278 -0.098442
vn 0.912610 -0.404241 -0.061094
vn 0.706065 -0.698594 -0.115921
vn 0.525302 -0.842473 -0.119568
vn 0.257946 -0.953096 -0.158339
vn 0.215231 0.360562 0.907563
vn 0.135618 0.225010 0.964872
vn 0.943185 0.165964 0.287850
vn 0.003909 0.999465 -0.032475
vn 0.005216 0.986194 0.165513
vn 0.723875 0.638395 0.261645
vn 0.556685 0.593405 0.581354
vn 0.690378 -0.402217 0.601331
vn 0.917607 0.000307 0.397488
vn 0.924463 0.000000 0.381271
vn 0.924462 0.000000 0.381275
vn 0.924460 0.000000 0.381279
vn 0.940149 -0.000129 0.340764
vn 0.893922 -0.374162 0.246790
vn 0.005216 -0.986194 0.165513
vn 0.007430 -0.999410 -0.033524
vn 0.981681 -0.014163 0.190003
vn -0.575399 -0.034913 0.817128
vn -0.483512 -0.053500 0.873701
vn -0.905495 -0.054990 0.420780
vn -0.853400 -0.089812 0.513461
vn -0.994569 -0.104009 0.003758
vn -0.980514 -0.196426 0.002903
vn -0.847863 -0.177800 0.499515
vn -0.961849 -0.273566 0.002802
vn -0.829416 -0.247616 0.500755
vn -0.933737 -0.357950 0.002539
vn -0.806298 -0.315834 0.500133
vn -0.896805 -0.442409 0.003806
vn -0.777256 -0.381962 0.499978
vn -0.860118 -0.510078 0.004239
vn -0.742586 -0.445239 0.500328
vn -0.817084 -0.576506 0.003835
vn -0.703225 -0.505587 0.499856
vn -0.767416 -0.641138 0.003786
vn -0.659132 -0.562585 0.499042
vn -0.700558 -0.713580 0.004664
vn -0.603443 -0.633018 0.484917
vn -0.489251 -0.104880 0.865814
vn -0.479444 -0.145352 0.865451
vn -0.465611 -0.184691 0.865503
vn -0.447784 -0.222521 0.866010
vn -0.428420 -0.259354 0.865559
vn -0.405349 -0.294070 0.865572
vn -0.379344 -0.326631 0.865685
vn -0.353202 -0.374244 0.857432
vn 0.983456 0.031469 0.178392
vn 0.897753 -0.220028 0.381611
vn 0.360673 -0.922897 0.134822
vn 0.916660 -0.361499 0.170452
vn 0.669059 -0.722841 0.172805
vn 0.661603 0.728927 0.175917
vn 0.891022 0.430223 0.144869
vn 0.343315 0.932915 0.108651
vn 0.043823 0.999039 0.000000
# 1267 vertices, 0 vertices normals

f 1//1 2//2 3//3
f 3//3 2//2 4//4
f 3//3 4//4 5//5
f 5//5 4//4 6//6
f 5//5 6//6 7//7
f 7//7 6//6 8//8
f 7//7 8//8 9//9
f 9//9 8//8 10//10
f 9//9 10//10 11//11
f 11//11 10//10 12//12
f 11//11 12//12 13//13
f 13//13 12//12 14//14
f 13//13 14//14 15//15
f 15//15 14//14 16//16
f 15//15 16//16 17//17
f 17//17 16//16 18//18
f 17//17 18//18 19//19
f 19//19 18//18 20//20
f 19//19 20//20 21//21
f 21//21 20//20 22//22
f 21//21 22//22 23//23
f 23//23 22//22 24//24
f 23//23 24//24 25//25
f 25//25 24//24 26//26
f 25//25 26//26 27//27
f 27//27 26//26 28//28
f 27//27 28//28 29//29
f 29//29 28//28 30//30
f 29//29 30//30 31//31
f 31//31 32//32 29//29
f 29//29 32//32 33//33
f 29//29 33//33 34//34
f 34//34 33//33 35//35
f 34//34 35//35 36//36
f 36//36 35//35 37//37
f 36//36 37//37 38//38
f 38//38 37//37 39//39
f 38//38 39//39 40//40
f 40//40 39//39 41//41
f 40//40 41//41 42//42
f 42//42 41//41 43//43
f 42//42 43//43 44//44
f 44//44 43//43 45//45
f 44//44 45//45 46//46
f 46//46 45//45 47//47
f 46//46 47//47 48//48
f 48//48 47//47 49//49
f 48//48 49//49 50//50
f 50//50 49//49 51//51
f 50//50 51//51 52//52
f 52//52 51//51 53//53
f 52//52 53//53 54//54
f 54//54 53//53 55//55
f 54//54 55//55 56//56
f 56//56 55//55 57//57
f 56//56 57//57 58//58
f 58//58 57//57 59//59
f 58//58 59//59 60//60
f 61//61 62//62 63//63
f 63//63 62//62 64//64
f 63//63 64//64 65//65
f 65//65 64//64 66//66
f 66//66 64//64 67//67
f 66//66 67//67 68//68
f 68//68 67//67 69//69
f 68//68 69//69 70//70
f 71//71 72//72 73//73
f 73//73 72//72 74//74
f 73//73 74//74 69//69
f 69//69 74//74 75//75
f 69//69 75//75 76//76
f 76//76 77//77 69//69
f 69//69 77//77 78//78
f 69//69 78//78 70//70
f 79//79 80//80 81//81
f 81//81 80//80 82//82
f 81//81 82//82 71//71
f 71//71 82//82 83//83
f 71//71 83//83 72//72
f 84//84 85//85 86//86
f 86//86 87//87 84//84
f 84//84 87//87 88//88
f 84//84 88//88 89//89
f 89//89 88//88 90//90
f 89//89 90//90 79//79
f 79//79 90//90 91//91
f 79//79 91//91 80//80
f 80//80 91//91 92//92
f 80//80 92//92 93//93
f 94//94 95//95 96//96
f 97//97 96//96 98//98
f 98//98 96//96 99//99
f 98//98 99//99 100//100
f 97//97 101//101 96//96
f 96//96 101//101 102//102
f 96//96 102//102 103//103
f 103//103 104//104 96//96
f 96//96 104//104 105//105
f 96//96 105//105 106//106
f 100//100 107//107 98//98
f 98//98 107//107 108//108
f 98//98 108//108 109//109
f 106//106 110//110 96//96
f 96//96 110//110 111//111
f 96//96 111//111 94//94
f 112//112 113//113 114//114
f 114//114 113//113 115//115
f 109//109 116//116 98//98
f 98//98 116//116 113//113
f 98//98 113//113 117//117
f 117//117 113//113 112//112
f 115//115 118//118 119//119
f 115//115 119//119 114//114
f 114//114 119//119 120//120
f 114//114 120//120 112//112
f 112//112 120//120 121//121
f 112//112 121//121 117//117
f 117//117 121//121 122//122
f 117//117 122//122 98//98
f 98//98 122//122 123//123
f 98//98 123//123 97//97
f 97//97 123//123 124//124
f 97//97 124//124 101//101
f 101//101 124//124 125//125
f 101//101 125//125 102//102
f 102//102 125//125 126//126
f 102//102 126//126 103//103
f 103//103 126//126 127//127
f 103//103 127//127 104//104
f 104//104 127//127 128//128
f 104//104 128//128 105//105
f 105//105 128//128 129//129
f 105//105 129//129 106//106
f 106//106 129//129 130//130
f 106//106 130//130 110//110
f 131//131 132//132 133//133
f 131//131 133//133 134//134
f 134//134 133//133 135//135
f 134//134 135//135 136//136
f 136//136 135//135 137//137
f 136//136 137//137 138//138
f 138//138 137//137 139//139
f 138//138 139//139 140//140
f 140//140 139//139 141//141
f 140//140 141//141 142//142
f 142//142 141//141 143//143
f 142//142 143//143 144//144
f 144//144 143//143 145//145
f 144//144 145//145 146//146
f 146//146 145//145 147//147
f 146//146 147//147 148//148
f 149//149 150//150 151//151
f 151//151 150//150 152//152
f 151//151 152//152 131//131
f 131//131 152//152 132//132
f 153//153 154//154 155//155
f 155//155 154//154 156//156
f 155//155 156//156 157//157
f 157//157 156//156 158//158
f 142//142 144//144 159//159
f 160//160 161//161 157//157
f 157//157 161//161 149//149
f 157//157 149//149 155//155
f 155//155 149//149 151//151
f 155//155 151//151 131//131
f 131//131 134//134 155//155
f 155//155 134//134 136//136
f 155//155 136//136 153//153
f 153//153 136//136 138//138
f 153//153 138//138 159//159
f 159//159 138//138 140//140
f 159//159 140//140 142//142
f 144//144 146//146 159//159
f 159//159 146//146 148//148
f 159//159 148//148 162//162
f 163//163 164//164 165//165
f 162//162 166//166 159//159
f 159//159 166//166 163//163
f 159//159 163//163 167//167
f 167//167 163//163 165//165
f 168//168 169//169 170//170
f 168//168 170//170 171//171
f 2//2 172//172 173//173
f 173//173 172//172 174//174
f 174//174 172//172 170//170
f 170//170 172//172 175//175
f 170//170 175//175 176//176
f 177//177 59//59 178//178
f 179//179 180//180 181//181
f 181//181 180//180 182//182
f 181//181 182//182 169//169
f 169//169 182//182 183//183
f 169//169 183//183 170//170
f 178//178 171//171 177//177
f 177//177 171//171 170//170
f 177//177 170//170 184//184
f 184//184 170//170 176//176
f 171//171 185//185 168//168
f 168//168 185//185 186//186
f 168//168 186//186 169//169
f 187//187 181//181 188//188
f 188//188 181//181 169//169
f 188//188 169//169 189//189
f 189//189 169//169 186//186
f 157//157 158//158 160//160
f 160//160 158//158 179//179
f 160//160 179//179 187//187
f 187//187 179//179 181//181
f 121//121 120//120 179//179
f 120//120 119//119 179//179
f 179//179 119//119 118//118
f 179//179 118//118 180//180
f 118//118 190//190 180//180
f 180//180 190//190 191//191
f 180//180 191//191 150//150
f 150//150 191//191 192//192
f 179//179 158//158 121//121
f 121//121 158//158 156//156
f 121//121 156//156 122//122
f 122//122 156//156 154//154
f 122//122 154//154 123//123
f 123//123 154//154 193//193
f 123//123 193//193 194//194
f 194//194 193//193 195//195
f 194//194 195//195 125//125
f 125//125 195//195 196//196
f 125//125 196//196 126//126
f 126//126 196//196 197//197
f 126//126 197//197 127//127
f 127//127 197//197 198//198
f 127//127 198//198 128//128
f 128//128 198//198 199//199
f 128//128 199//199 129//129
f 129//129 199//199 200//200
f 129//129 200//200 130//130
f 130//130 200//200 147//147
f 130//130 147//147 201//201
f 201//201 147//147 145//145
f 201//201 145//145 202//202
f 202//202 145//145 143//143
f 202//202 143//143 203//203
f 203//203 143//143 141//141
f 203//203 141//141 204//204
f 204//204 141//141 139//139
f 204//204 139//139 205//205
f 205//205 139//139 137//137
f 205//205 137//137 206//206
f 206//206 137//137 135//135
f 206//206 135//135 207//207
f 207//207 135//135 133//133
f 207//207 133//133 208//208
f 208//208 133//133 132//132
f 208//208 132//132 192//192
f 192//192 132//132 152//152
f 192//192 152//152 150//150
f 209//209 182//182 161//161
f 161//161 182//182 180//180
f 161//161 180//180 149//149
f 149//149 180//180 150//150
f 210//210 174//174 211//211
f 211//211 174//174 170//170
f 211//211 170//170 212//212
f 212//212 170//170 183//183
f 212//212 183//183 213//213
f 213//213 183//183 182//182
f 213//213 182//182 209//209
f 174//174 210//210 214//214
f 6//6 4//4 215//215
f 215//215 4//4 2//2
f 215//215 2//2 214//214
f 214//214 2//2 173//173
f 214//214 173//173 174//174
f 6//6 215//215 8//8
f 8//8 215//215 216//216
f 8//8 216//216 10//10
f 10//10 216//216 12//12
f 12//12 216//216 217//217
f 12//12 217//217 14//14
f 14//14 217//217 16//16
f 16//16 217//217 218//218
f 16//16 218//218 18//18
f 18//18 218//218 20//20
f 20//20 218//218 219//219
f 20//20 219//219 22//22
f 22//22 219//219 24//24
f 24//24 219//219 220//220
f 24//24 220//220 26//26
f 26//26 220//220 221//221
f 26//26 221//221 28//28
f 28//28 221//221 222//222
f 28//28 222//222 30//30
f 30//30 222//222 223//223
f 30//30 223//223 31//31
f 224//224 225//225 226//226
f 227//227 228//228 229//229
f 225//225 230//230 226//226
f 226//226 230//230 231//231
f 226//226 231//231 232//232
f 233//233 234//234 235//235
f 236//236 237//237 229//229
f 229//229 237//237 238//238
f 229//229 238//238 227//227
f 236//236 229//229 226//226
f 226//226 229//229 239//239
f 226//226 239//239 240//240
f 232//232 241//241 226//226
f 226//226 241//241 242//242
f 226//226 242//242 243//243
f 243//243 244//244 226//226
f 226//226 244//244 233//233
f 226//226 233//233 245//245
f 245//245 233//233 235//235
f 240//240 246//246 226//226
f 226//226 246//246 247//247
f 226//226 247//247 224//224
f 233//233 248//248 249//249
f 233//233 249//249 234//234
f 234//234 249//249 250//250
f 234//234 250//250 235//235
f 235//235 250//250 251//251
f 235//235 251//251 245//245
f 245//245 251//251 252//252
f 245//245 252//252 226//226
f 226//226 252//252 253//253
f 226//226 253//253 236//236
f 236//236 253//253 254//254
f 236//236 254//254 237//237
f 237//237 254//254 255//255
f 237//237 255//255 238//238
f 238//238 255//255 256//256
f 238//238 256//256 227//227
f 227//227 256//256 257//257
f 227//227 257//257 228//228
f 228//228 257//257 258//258
f 228//228 258//258 229//229
f 229//229 258//258 259//259
f 229//229 259//259 239//239
f 239//239 259//259 260//260
f 239//239 260//260 240//240
f 261//261 262//262 263//263
f 261//261 263//263 264//264
f 264//264 263//263 265//265
f 264//264 265//265 266//266
f 266//266 265//265 188//188
f 266//266 188//188 267//267
f 188//188 268//268 267//267
f 267//267 268//268 269//269
f 267//267 269//269 270//270
f 270//270 269//269 271//271
f 270//270 271//271 272//272
f 272//272 271//271 273//273
f 272//272 273//273 274//274
f 274//274 273//273 275//275
f 274//274 275//275 276//276
f 276//276 275//275 277//277
f 276//276 277//277 278//278
f 278//278 277//277 279//279
f 278//278 279//279 280//280
f 280//280 279//279 281//281
f 280//280 281//281 282//282
f 282//282 281//281 283//283
f 282//282 283//283 284//284
f 284//284 283//283 285//285
f 284//284 285//285 286//286
f 286//286 285//285 287//287
f 286//286 287//287 288//288
f 287//287 289//289 288//288
f 288//288 289//289 290//290
f 288//288 290//290 291//291
f 291//291 290//290 292//292
f 291//291 292//292 293//293
f 293//293 292//292 294//294
f 293//293 294//294 295//295
f 215//215 214//214 296//296
f 297//297 298//298 216//216
f 212//212 213//213 299//299
f 275//275 273//273 300//300
f 301//301 302//302 303//303
f 304//304 296//296 305//305
f 305//305 296//296 214//214
f 305//305 214//214 306//306
f 306//306 214//214 210//210
f 306//306 210//210 211//211
f 307//307 308//308 309//309
f 303//303 310//310 301//301
f 301//301 310//310 311//311
f 301//301 311//311 312//312
f 305//305 313//313 304//304
f 304//304 313//313 314//314
f 304//304 314//314 315//315
f 315//315 314//314 316//316
f 315//315 316//316 317//317
f 317//317 316//316 318//318
f 317//317 318//318 319//319
f 320//320 321//321 322//322
f 322//322 321//321 323//323
f 322//322 323//323 324//324
f 324//324 323//323 325//325
f 324//324 325//325 309//309
f 309//309 325//325 326//326
f 309//309 326//326 307//307
f 327//327 328//328 329//329
f 329//329 328//328 330//330
f 329//329 330//330 331//331
f 331//331 330//330 332//332
f 331//331 332//332 333//333
f 333//333 332//332 334//334
f 333//333 334//334 320//320
f 320//320 334//334 335//335
f 320//320 335//335 321//321
f 216//216 298//298 217//217
f 336//336 281//281 337//337
f 337//337 281//281 279//279
f 337//337 279//279 300//300
f 300//300 279//279 277//277
f 300//300 277//277 275//275
f 283//283 338//338 285//285
f 285//285 338//338 339//339
f 311//311 340//340 312//312
f 312//312 340//340 341//341
f 312//312 341//341 318//318
f 318//318 341//341 342//342
f 318//318 342//342 319//319
f 212//212 299//299 211//211
f 211//211 299//299 343//343
f 211//211 343//343 306//306
f 219//219 218//218 344//344
f 215//215 296//296 216//216
f 216//216 296//296 345//345
f 216//216 345//345 297//297
f 307//307 300//300 308//308
f 308//308 300//300 273//273
f 308//308 273//273 185//185
f 185//185 273//273 271//271
f 185//185 271//271 186//186
f 186//186 271//271 269//269
f 186//186 269//269 189//189
f 189//189 269//269 268//268
f 189//189 268//268 188//188
f 339//339 346//346 285//285
f 285//285 346//346 347//347
f 285//285 347//347 287//287
f 327//327 223//223 328//328
f 328//328 223//223 222//222
f 328//328 222//222 221//221
f 220//220 348//348 221//221
f 221//221 348//348 349//349
f 221//221 349//349 328//328
f 298//298 350//350 217//217
f 217//217 350//350 351//351
f 217//217 351//351 218//218
f 218//218 351//351 352//352
f 218//218 352//352 344//344
f 336//336 353//353 281//281
f 281//281 353//353 354//354
f 281//281 354//354 283//283
f 283//283 354//354 355//355
f 283//283 355//355 338//338
f 344//344 356//356 219//219
f 219//219 356//356 357//357
f 219//219 357//357 220//220
f 220//220 357//357 358//358
f 220//220 358//358 348//348
f 249//249 266//266 250//250
f 250//250 266//266 267//267
f 250//250 267//267 251//251
f 251//251 267//267 270//270
f 251//251 270//270 252//252
f 359//359 360//360 361//361
f 361//361 360//360 362//362
f 361//361 362//362 363//363
f 363//363 362//362 364//364
f 363//363 364//364 365//365
f 258//258 291//291 259//259
f 259//259 291//291 293//293
f 259//259 293//293 260//260
f 260//260 293//293 295//295
f 260//260 295//295 359//359
f 359//359 295//295 366//366
f 359//359 366//366 360//360
f 367//367 368//368 369//369
f 369//369 368//368 370//370
f 369//369 370//370 248//248
f 248//248 370//370 261//261
f 248//248 261//261 249//249
f 249//249 261//261 264//264
f 249//249 264//264 266//266
f 371//371 372//372 373//373
f 373//373 372//372 374//374
f 373//373 374//374 375//375
f 375//375 374//374 376//376
f 375//375 376//376 367//367
f 367//367 376//376 377//377
f 367//367 377//377 368//368
f 364//364 378//378 365//365
f 365//365 378//378 379//379
f 365//365 379//379 380//380
f 380//380 379//379 381//381
f 380//380 381//381 382//382
f 382//382 381//381 383//383
f 382//382 383//383 371//371
f 371//371 383//383 384//384
f 371//371 384//384 372//372
f 255//255 282//282 256//256
f 256//256 282//282 284//284
f 256//256 284//284 257//257
f 257//257 284//284 286//286
f 257//257 286//286 258//258
f 258//258 286//286 288//288
f 258//258 288//288 291//291
f 270//270 272//272 252//252
f 252//252 272//272 274//274
f 252//252 274//274 253//253
f 253//253 274//274 276//276
f 253//253 276//276 254//254
f 254//254 276//276 278//278
f 254//254 278//278 255//255
f 255//255 278//278 280//280
f 255//255 280//280 282//282
f 385//385 386//386 387//387
f 387//387 386//386 388//388
f 387//387 388//388 389//389
f 390//390 391//391 392//392
f 392//392 391//391 393//393
f 392//392 393//393 386//386
f 386//386 393//393 394//394
f 386//386 394//394 388//388
f 395//395 396//396 397//397
f 397//397 396//396 398//398
f 399//399 398//398 400//400
f 400//400 398//398 396//396
f 400//400 396//396 401//401
f 401//401 396//396 402//402
f 385//385 402//402 386//386
f 386//386 402//402 396//396
f 386//386 396//396 392//392
f 392//392 396//396 395//395
f 392//392 395//395 390//390
f 390//390 395//395 397//397
f 403//403 404//404 405//405
f 406//406 407//407 408//408
f 408//408 407//407 403//403
f 408//408 403//403 409//409
f 409//409 403//403 405//405
f 409//409 405//405 410//410
f 411//411 412//412 413//413
f 413//413 412//412 414//414
f 413//413 414//414 415//415
f 416//416 417//417 414//414
f 414//414 417//417 418//418
f 415//415 414//414 419//419
f 419//419 414//414 418//418
f 419//419 418//418 420//420
f 410//410 416//416 409//409
f 409//409 416//416 414//414
f 409//409 414//414 408//408
f 408//408 414//414 412//412
f 408//408 412//412 406//406
f 406//406 412//412 411//411
f 421//421 422//422 423//423
f 421//421 423//423 424//424
f 424//424 423//423 425//425
f 424//424 425//425 426//426
f 390//390 427//427 428//428
f 390//390 428//428 391//391
f 391//391 428//428 429//429
f 391//391 429//429 393//393
f 430//430 431//431 432//432
f 431//431 433//433 434//434
f 433//433 85//85 84//84
f 433//433 84//84 434//434
f 434//434 84//84 89//89
f 434//434 89//89 435//435
f 435//435 89//89 79//79
f 435//435 79//79 436//436
f 436//436 79//79 81//81
f 436//436 81//81 437//437
f 437//437 81//81 71//71
f 437//437 71//71 438//438
f 438//438 71//71 73//73
f 438//438 73//73 439//439
f 439//439 73//73 69//69
f 439//439 69//69 440//440
f 440//440 69//69 67//67
f 440//440 67//67 441//441
f 441//441 67//67 64//64
f 441//441 64//64 442//442
f 442//442 64//64 62//62
f 442//442 62//62 443//443
f 431//431 434//434 432//432
f 432//432 434//434 435//435
f 432//432 435//435 444//444
f 444//444 435//435 436//436
f 444//444 436//436 445//445
f 445//445 436//436 437//437
f 445//445 437//437 446//446
f 446//446 437//437 438//438
f 446//446 438//438 447//447
f 447//447 438//438 439//439
f 447//447 439//439 448//448
f 448//448 439//439 440//440
f 448//448 440//440 449//449
f 449//449 440//440 441//441
f 449//449 441//441 450//450
f 450//450 441//441 442//442
f 450//450 442//442 451//451
f 451//451 442//442 443//443
f 451//451 443//443 452//452
f 430//430 432//432 453//453
f 453//453 432//432 444//444
f 453//453 444//444 454//454
f 454//454 444//444 445//445
f 454//454 445//445 455//455
f 455//455 445//445 446//446
f 455//455 446//446 456//456
f 456//456 446//446 447//447
f 456//456 447//447 457//457
f 457//457 447//447 448//448
f 457//457 448//448 458//458
f 458//458 448//448 449//449
f 458//458 449//449 459//459
f 459//459 449//449 450//450
f 459//459 450//450 460//460
f 460//460 450//450 451//451
f 460//460 451//451 461//461
f 461//461 451//451 452//452
f 461//461 452//452 462//462
f 463//463 406//406 411//411
f 463//463 411//411 464//464
f 464//464 411//411 413//413
f 464//464 413//413 465//465
f 466//466 403//403 467//467
f 467//467 403//403 407//407
f 467//467 407//407 468//468
f 468//468 407//407 469//469
f 469//469 407//407 406//406
f 469//469 406//406 470//470
f 471//471 472//472 473//473
f 473//473 472//472 474//474
f 473//473 474//474 475//475
f 475//475 476//476 469//469
f 469//469 476//476 477//477
f 469//469 477//477 468//468
f 475//475 469//469 473//473
f 473//473 469//469 470//470
f 473//473 470//470 478//478
f 471//471 473//473 397//397
f 397//397 473//473 478//478
f 397//397 478//478 390//390
f 398//398 479//479 397//397
f 397//397 479//479 480//480
f 397//397 480//480 471//471
f 426//426 481//481 482//482
f 426//426 482//482 483//483
f 483//483 482//482 484//484
f 483//483 484//484 421//421
f 485//485 486//486 487//487
f 485//485 487//487 488//488
f 488//488 487//487 489//489
f 488//488 489//489 490//490
f 491//491 492//492 493//493
f 493//493 492//492 494//494
f 495//495 496//496 494//494
f 494//494 496//496 497//497
f 494//494 497//497 493//493
f 495//495 498//498 496//496
f 496//496 498//498 499//499
f 496//496 499//499 500//500
f 501//501 502//502 503//503
f 503//503 502//502 504//504
f 501//501 503//503 505//505
f 505//505 503//503 506//506
f 505//505 506//506 507//507
f 508//508 509//509 510//510
f 510//510 509//509 511//511
f 510//510 511//511 512//512
f 512//512 511//511 513//513
f 514//514 502//502 515//515
f 515//515 502//502 516//516
f 515//515 516//516 517//517
f 517//517 516//516 518//518
f 517//517 518//518 519//519
f 520//520 521//521 522//522
f 520//520 522//522 523//523
f 523//523 522//522 524//524
f 523//523 524//524 525//525
f 526//526 527//527 528//528
f 528//528 527//527 529//529
f 528//528 529//529 530//530
f 530//530 529//529 486//486
f 530//530 486//486 531//531
f 58//58 532//532 56//56
f 56//56 532//532 533//533
f 56//56 533//533 54//54
f 54//54 533//533 534//534
f 54//54 534//534 52//52
f 52//52 534//534 535//535
f 52//52 535//535 50//50
f 50//50 535//535 536//536
f 50//50 536//536 48//48
f 48//48 536//536 537//537
f 48//48 537//537 46//46
f 46//46 537//537 538//538
f 525//525 524//524 539//539
f 540//540 541//541 542//542
f 542//542 541//541 543//543
f 544//544 545//545 541//541
f 541//541 545//545 546//546
f 541//541 546//546 543//543
f 544//544 541//541 547//547
f 547//547 541//541 548//548
f 547//547 548//548 549//549
f 540//540 550//550 541//541
f 541//541 550//550 551//551
f 541//541 551//551 548//548
f 548//548 552//552 549//549
f 549//549 552//552 553//553
f 549//549 553//553 554//554
f 554//554 553//553 555//555
f 556//556 557//557 558//558
f 556//556 558//558 559//559
f 559//559 558//558 93//93
f 93//93 558//558 560//560
f 93//93 560//560 80//80
f 557//557 525//525 558//558
f 558//558 525//525 539//539
f 558//558 539//539 561//561
f 561//561 539//539 562//562
f 561//561 562//562 563//563
f 563//563 562//562 564//564
f 563//563 564//564 555//555
f 555//555 564//564 565//565
f 555//555 565//565 554//554
f 566//566 567//567 568//568
f 569//569 531//531 570//570
f 570//570 531//531 486//486
f 570//570 486//486 568//568
f 568//568 486//486 485//485
f 568//568 485//485 566//566
f 571//571 572//572 573//573
f 573//573 572//572 566//566
f 573//573 566//566 574//574
f 574//574 566//566 485//485
f 575//575 576//576 577//577
f 577//577 576//576 578//578
f 578//578 576//576 579//579
f 579//579 576//576 580//580
f 579//579 580//580 581//581
f 582//582 583//583 520//520
f 584//584 520//520 523//523
f 523//523 525//525 585//585
f 585//585 525//525 557//557
f 585//585 557//557 586//586
f 586//586 557//557 556//556
f 586//586 556//556 587//587
f 587//587 556//556 559//559
f 588//588 587//587 589//589
f 589//589 587//587 559//559
f 589//589 559//559 93//93
f 523//523 585//585 584//584
f 584//584 585//585 586//586
f 584//584 586//586 590//590
f 590//590 586//586 587//587
f 590//590 587//587 591//591
f 591//591 587//587 588//588
f 591//591 588//588 592//592
f 520//520 584//584 582//582
f 582//582 584//584 590//590
f 582//582 590//590 593//593
f 593//593 590//590 591//591
f 593//593 591//591 594//594
f 594//594 591//591 592//592
f 594//594 592//592 595//595
f 531//531 583//583 530//530
f 530//530 583//583 582//582
f 530//530 582//582 528//528
f 528//528 582//582 593//593
f 528//528 593//593 526//526
f 526//526 593//593 594//594
f 526//526 594//594 596//596
f 596//596 594//594 595//595
f 597//597 598//598 599//599
f 600//600 601//601 581//581
f 581//581 601//601 579//579
f 602//602 577//577 578//578
f 575//575 577//577 603//603
f 603//603 577//577 602//602
f 603//603 602//602 604//604
f 604//604 602//602 599//599
f 604//604 599//599 605//605
f 605//605 599//599 598//598
f 606//606 87//87 607//607
f 607//607 87//87 86//86
f 608//608 91//91 609//609
f 609//609 91//91 90//90
f 610//610 608//608 611//611
f 611//611 608//608 609//609
f 611//611 609//609 612//612
f 612//612 609//609 90//90
f 612//612 90//90 88//88
f 607//607 597//597 606//606
f 606//606 597//597 599//599
f 606//606 599//599 613//613
f 613//613 599//599 602//602
f 613//613 602//602 601//601
f 601//601 602//602 578//578
f 601//601 578//578 579//579
f 600//600 610//610 601//601
f 601//601 610//610 611//611
f 601//601 611//611 613//613
f 613//613 611//611 612//612
f 613//613 612//612 606//606
f 606//606 612//612 88//88
f 606//606 88//88 87//87
f 92//92 91//91 614//614
f 93//93 92//92 615//615
f 92//92 614//614 615//615
f 615//615 614//614 616//616
f 615//615 616//616 617//617
f 617//617 616//616 600//600
f 617//617 600//600 618//618
f 618//618 600//600 581//581
f 618//618 581//581 619//619
f 93//93 615//615 620//620
f 620//620 615//615 617//617
f 620//620 617//617 621//621
f 621//621 617//617 618//618
f 621//621 618//618 622//622
f 622//622 618//618 619//619
f 622//622 619//619 595//595
f 623//623 624//624 625//625
f 624//624 623//623 626//626
f 517//517 519//519 623//623
f 623//623 519//519 627//627
f 623//623 627//627 626//626
f 623//623 628//628 517//517
f 517//517 628//628 629//629
f 517//517 629//629 515//515
f 630//630 631//631 632//632
f 632//632 631//631 633//633
f 632//632 633//633 634//634
f 634//634 633//633 635//635
f 634//634 635//635 636//636
f 636//636 635//635 637//637
f 512//512 636//636 510//510
f 510//510 636//636 637//637
f 510//510 637//637 508//508
f 630//630 632//632 638//638
f 638//638 632//632 634//634
f 638//638 634//634 639//639
f 639//639 634//634 636//636
f 639//639 636//636 640//640
f 640//640 636//636 512//512
f 640//640 512//512 641//641
f 514//514 515//515 641//641
f 641//641 515//515 629//629
f 641//641 629//629 640//640
f 640//640 629//629 628//628
f 640//640 628//628 639//639
f 639//639 628//628 623//623
f 639//639 623//623 638//638
f 638//638 623//623 625//625
f 638//638 625//625 630//630
f 642//642 643//643 644//644
f 626//626 642//642 645//645
f 642//642 644//644 645//645
f 645//645 644//644 646//646
f 645//645 646//646 647//647
f 647//647 646//646 648//648
f 647//647 648//648 649//649
f 649//649 648//648 650//650
f 649//649 650//650 651//651
f 626//626 645//645 624//624
f 624//624 645//645 647//647
f 624//624 647//647 625//625
f 625//625 647//647 649//649
f 625//625 649//649 630//630
f 630//630 649//649 651//651
f 630//630 651//651 631//631
f 652//652 653//653 654//654
f 655//655 656//656 657//657
f 657//657 656//656 658//658
f 657//657 658//658 659//659
f 655//655 657//657 660//660
f 660//660 657//657 661//661
f 660//660 661//661 662//662
f 652//652 654//654 663//663
f 653//653 664//664 654//654
f 654//654 664//664 665//665
f 654//654 665//665 666//666
f 666//666 665//665 667//667
f 666//666 667//667 668//668
f 668//668 667//667 669//669
f 646//646 668//668 648//648
f 648//648 668//668 669//669
f 648//648 669//669 650//650
f 663//663 654//654 670//670
f 670//670 654//654 666//666
f 670//670 666//666 671//671
f 671//671 666//666 668//668
f 671//671 668//668 672//672
f 672//672 668//668 646//646
f 672//672 646//646 644//644
f 643//643 662//662 644//644
f 644//644 662//662 661//661
f 644//644 661//661 672//672
f 672//672 661//661 657//657
f 672//672 657//657 671//671
f 671//671 657//657 659//659
f 671//671 659//659 670//670
f 670//670 659//659 673//673
f 670//670 673//673 663//663
f 643//643 674//674 662//662
f 662//662 674//674 675//675
f 662//662 675//675 660//660
f 660//660 675//675 655//655
f 676//676 677//677 504//504
f 678//678 679//679 680//680
f 680//680 679//679 681//681
f 514//514 682//682 502//502
f 502//502 682//682 683//683
f 502//502 683//683 504//504
f 504//504 683//683 680//680
f 504//504 680//680 676//676
f 676//676 680//680 681//681
f 676//676 681//681 684//684
f 685//685 686//686 687//687
f 688//688 509//509 508//508
f 637//637 635//635 689//689
f 689//689 635//635 633//633
f 689//689 633//633 690//690
f 690//690 633//633 631//631
f 690//690 631//631 691//691
f 691//691 631//631 692//692
f 693//693 694//694 695//695
f 695//695 694//694 688//688
f 695//695 688//688 689//689
f 689//689 688//688 508//508
f 689//689 508//508 637//637
f 693//693 695//695 686//686
f 686//686 695//695 696//696
f 686//686 696//696 687//687
f 685//685 687//687 697//697
f 697//697 687//687 698//698
f 697//697 698//698 699//699
f 700//700 701//701 702//702
f 702//702 701//701 703//703
f 704//704 705//705 701//701
f 701//701 705//705 706//706
f 701//701 706//706 703//703
f 704//704 701//701 707//707
f 707//707 701//701 708//708
f 707//707 708//708 699//699
f 699//699 708//708 709//709
f 699//699 709//709 697//697
f 700//700 710//710 701//701
f 701//701 710//710 711//711
f 701//701 711//711 708//708
f 712//712 664//664 713//713
f 712//712 713//713 714//714
f 714//714 713//713 715//715
f 714//714 715//715 716//716
f 715//715 717//717 716//716
f 716//716 717//717 718//718
f 716//716 718//718 719//719
f 718//718 720//720 719//719
f 719//719 720//720 721//721
f 719//719 721//721 722//722
f 722//722 721//721 337//337
f 722//722 337//337 300//300
f 723//723 724//724 725//725
f 726//726 727//727 728//728
f 728//728 727//727 729//729
f 729//729 727//727 691//691
f 729//729 691//691 692//692
f 728//728 730//730 726//726
f 726//726 730//730 731//731
f 726//726 731//731 732//732
f 732//732 731//731 733//733
f 732//732 733//733 734//734
f 499//499 735//735 736//736
f 736//736 735//735 737//737
f 735//735 723//723 737//737
f 737//737 723//723 725//725
f 737//737 725//725 738//738
f 738//738 725//725 739//739
f 738//738 739//739 740//740
f 740//740 739//739 741//741
f 740//740 741//741 734//734
f 734//734 741//741 742//742
f 734//734 742//742 732//732
f 732//732 742//742 743//743
f 732//732 743//743 726//726
f 726//726 743//743 689//689
f 726//726 689//689 727//727
f 727//727 689//689 690//690
f 727//727 690//690 691//691
f 744//744 707//707 745//745
f 745//745 707//707 699//699
f 745//745 699//699 746//746
f 746//746 699//699 698//698
f 746//746 698//698 747//747
f 747//747 698//698 687//687
f 747//747 687//687 748//748
f 748//748 687//687 696//696
f 748//748 696//696 695//695
f 733//733 749//749 734//734
f 734//734 749//749 750//750
f 734//734 750//750 740//740
f 740//740 750//750 751//751
f 740//740 751//751 738//738
f 738//738 751//751 752//752
f 738//738 752//752 737//737
f 737//737 752//752 753//753
f 737//737 753//753 736//736
f 724//724 744//744 725//725
f 725//725 744//744 745//745
f 725//725 745//745 739//739
f 739//739 745//745 746//746
f 739//739 746//746 741//741
f 741//741 746//746 747//747
f 741//741 747//747 742//742
f 742//742 747//747 748//748
f 742//742 748//748 743//743
f 743//743 748//748 695//695
f 743//743 695//695 689//689
f 754//754 755//755 756//756
f 757//757 758//758 759//759
f 760//760 735//735 761//761
f 724//724 760//760 762//762
f 762//762 760//760 761//761
f 762//762 761//761 763//763
f 763//763 761//761 764//764
f 763//763 764//764 765//765
f 765//765 764//764 766//766
f 765//765 766//766 767//767
f 767//767 766//766 768//768
f 767//767 768//768 769//769
f 769//769 768//768 770//770
f 769//769 770//770 771//771
f 771//771 770//770 772//772
f 771//771 772//772 773//773
f 773//773 772//772 759//759
f 773//773 759//759 774//774
f 774//774 759//759 758//758
f 754//754 756//756 775//775
f 707//707 776//776 704//704
f 704//704 776//776 777//777
f 704//704 777//777 705//705
f 705//705 777//777 778//778
f 705//705 778//778 706//706
f 706//706 778//778 779//779
f 706//706 779//779 703//703
f 703//703 779//779 780//780
f 703//703 780//780 702//702
f 702//702 780//780 781//781
f 702//702 781//781 700//700
f 700//700 781//781 782//782
f 700//700 782//782 710//710
f 710//710 782//782 756//756
f 710//710 756//756 711//711
f 711//711 756//756 755//755
f 735//735 499//499 761//761
f 761//761 499//499 498//498
f 761//761 498//498 764//764
f 764//764 498//498 495//495
f 764//764 495//495 766//766
f 766//766 495//495 494//494
f 766//766 494//494 768//768
f 768//768 494//494 492//492
f 768//768 492//492 770//770
f 770//770 492//492 783//783
f 770//770 783//783 772//772
f 772//772 783//783 784//784
f 772//772 784//784 759//759
f 759//759 784//784 785//785
f 759//759 785//785 757//757
f 757//757 785//785 786//786
f 776//776 724//724 777//777
f 777//777 724//724 762//762
f 777//777 762//762 778//778
f 778//778 762//762 763//763
f 778//778 763//763 779//779
f 779//779 763//763 765//765
f 779//779 765//765 780//780
f 780//780 765//765 767//767
f 780//780 767//767 781//781
f 781//781 767//767 769//769
f 781//781 769//769 782//782
f 782//782 769//769 771//771
f 782//782 771//771 756//756
f 756//756 771//771 773//773
f 756//756 773//773 775//775
f 775//775 773//773 774//774
f 757//757 786//786 787//787
f 688//688 694//694 788//788
f 708//708 711//711 755//755
f 789//789 790//790 791//791
f 791//791 790//790 792//792
f 787//787 793//793 794//794
f 794//794 793//793 795//795
f 794//794 795//795 796//796
f 796//796 797//797 798//798
f 693//693 686//686 790//790
f 790//790 686//686 685//685
f 790//790 685//685 792//792
f 792//792 685//685 697//697
f 792//792 697//697 709//709
f 509//509 688//688 799//799
f 799//799 688//688 788//788
f 799//799 788//788 800//800
f 800//800 788//788 798//798
f 800//800 798//798 801//801
f 801//801 798//798 797//797
f 801//801 797//797 802//802
f 758//758 803//803 804//804
f 804//804 803//803 791//791
f 804//804 791//791 775//775
f 775//775 791//791 805//805
f 805//805 791//791 792//792
f 805//805 792//792 755//755
f 755//755 792//792 709//709
f 755//755 709//709 708//708
f 795//795 806//806 796//796
f 796//796 806//806 807//807
f 796//796 807//807 797//797
f 797//797 807//807 808//808
f 797//797 808//808 802//802
f 802//802 808//808 809//809
f 802//802 809//809 810//810
f 694//694 693//693 788//788
f 788//788 693//693 790//790
f 788//788 790//790 798//798
f 798//798 790//790 789//789
f 798//798 789//789 796//796
f 796//796 789//789 791//791
f 796//796 791//791 794//794
f 794//794 791//791 803//803
f 794//794 803//803 787//787
f 787//787 803//803 758//758
f 787//787 758//758 757//757
f 811//811 812//812 813//813
f 814//814 815//815 816//816
f 817//817 513//513 818//818
f 818//818 513//513 819//819
f 818//818 819//819 820//820
f 820//820 819//819 821//821
f 810//810 812//812 802//802
f 802//802 812//812 811//811
f 802//802 811//811 801//801
f 801//801 811//811 800//800
f 682//682 817//817 822//822
f 822//822 817//817 818//818
f 822//822 818//818 823//823
f 823//823 818//818 820//820
f 815//815 823//823 816//816
f 816//816 823//823 820//820
f 816//816 820//820 824//824
f 824//824 820//820 821//821
f 824//824 821//821 825//825
f 825//825 821//821 819//819
f 825//825 819//819 826//826
f 826//826 819//819 513//513
f 826//826 513//513 511//511
f 814//814 816//816 813//813
f 813//813 816//816 824//824
f 813//813 824//824 811//811
f 811//811 824//824 825//825
f 811//811 825//825 800//800
f 800//800 825//825 826//826
f 800//800 826//826 799//799
f 799//799 826//826 511//511
f 799//799 511//511 509//509
f 827//827 680//680 683//683
f 683//683 828//828 827//827
f 827//827 828//828 829//829
f 827//827 829//829 830//830
f 831//831 832//832 833//833
f 833//833 832//832 834//834
f 834//834 835//835 833//833
f 833//833 835//835 836//836
f 833//833 836//836 829//829
f 829//829 836//836 837//837
f 829//829 837//837 830//830
f 683//683 682//682 828//828
f 828//828 682//682 822//822
f 828//828 822//822 829//829
f 829//829 822//822 823//823
f 829//829 823//823 833//833
f 833//833 823//823 815//815
f 833//833 815//815 831//831
f 831//831 815//815 814//814
f 838//838 839//839 840//840
f 840//840 841//841 842//842
f 836//836 835//835 843//843
f 830//830 837//837 844//844
f 680//680 827//827 678//678
f 678//678 827//827 845//845
f 678//678 845//845 679//679
f 681//681 679//679 846//846
f 684//684 681//681 847//847
f 503//503 504//504 848//848
f 848//848 504//504 677//677
f 848//848 677//677 849//849
f 849//849 677//677 676//676
f 849//849 676//676 850//850
f 850//850 676//676 684//684
f 841//841 851//851 506//506
f 850//850 842//842 849//849
f 849//849 842//842 841//841
f 849//849 841//841 848//848
f 848//848 841//841 506//506
f 848//848 506//506 503//503
f 679//679 845//845 846//846
f 846//846 845//845 852//852
f 846//846 852//852 853//853
f 853//853 852//852 854//854
f 853//853 854//854 855//855
f 835//835 834//834 843//843
f 843//843 834//834 856//856
f 843//843 856//856 857//857
f 837//837 836//836 844//844
f 844//844 836//836 843//843
f 844//844 843//843 858//858
f 858//858 843//843 857//857
f 858//858 857//857 859//859
f 827//827 830//830 845//845
f 845//845 830//830 844//844
f 845//845 844//844 852//852
f 852//852 844//844 858//858
f 852//852 858//858 854//854
f 854//854 858//858 859//859
f 859//859 860//860 854//854
f 854//854 860//860 861//861
f 854//854 861//861 855//855
f 855//855 861//861 862//862
f 855//855 862//862 863//863
f 681//681 846//846 847//847
f 847//847 846//846 853//853
f 847//847 853//853 864//864
f 864//864 853//853 855//855
f 864//864 855//855 865//865
f 865//865 855//855 863//863
f 865//865 863//863 866//866
f 684//684 847//847 850//850
f 850//850 847//847 864//864
f 850//850 864//864 842//842
f 842//842 864//864 865//865
f 842//842 865//865 840//840
f 840//840 865//865 866//866
f 840//840 866//866 838//838
f 851//851 841//841 867//867
f 867//867 841//841 840//840
f 867//867 840//840 868//868
f 868//868 840//840 839//839
f 868//868 839//839 869//869
f 870//870 516//516 502//502
f 674//674 871//871 872//872
f 872//872 871//871 873//873
f 872//872 873//873 874//874
f 874//874 873//873 875//875
f 518//518 516//516 876//876
f 876//876 516//516 870//870
f 876//876 870//870 877//877
f 877//877 870//870 878//878
f 502//502 501//501 870//870
f 870//870 501//501 505//505
f 870//870 505//505 878//878
f 878//878 505//505 507//507
f 878//878 507//507 879//879
f 346//346 339//339 875//875
f 875//875 339//339 880//880
f 875//875 880//880 874//874
f 871//871 518//518 873//873
f 873//873 518//518 876//876
f 873//873 876//876 875//875
f 875//875 876//876 877//877
f 875//875 877//877 346//346
f 346//346 877//877 347//347
f 347//347 877//877 287//287
f 287//287 877//877 878//878
f 287//287 878//878 881//881
f 881//881 878//878 879//879
f 881//881 879//879 882//882
f 883//883 675//675 674//674
f 655//655 675//675 884//884
f 884//884 675//675 883//883
f 884//884 883//883 885//885
f 885//885 883//883 886//886
f 885//885 886//886 887//887
f 887//887 886//886 888//888
f 888//888 886//886 889//889
f 888//888 889//889 355//355
f 880//880 339//339 338//338
f 674//674 872//872 883//883
f 883//883 872//872 874//874
f 883//883 874//874 886//886
f 886//886 874//874 880//880
f 886//886 880//880 889//889
f 889//889 880//880 338//338
f 889//889 338//338 355//355
f 890//890 354//354 353//353
f 337//337 721//721 891//891
f 653//653 652//652 892//892
f 892//892 652//652 893//893
f 892//892 893//893 894//894
f 894//894 893//893 895//895
f 894//894 895//895 896//896
f 896//896 895//895 897//897
f 896//896 897//897 898//898
f 898//898 897//897 899//899
f 898//898 899//899 900//900
f 900//900 899//899 901//901
f 900//900 901//901 902//902
f 902//902 901//901 903//903
f 887//887 904//904 885//885
f 885//885 904//904 905//905
f 885//885 905//905 884//884
f 884//884 905//905 906//906
f 355//355 354//354 888//888
f 888//888 354//354 890//890
f 888//888 890//890 887//887
f 887//887 890//890 907//907
f 887//887 907//907 904//904
f 664//664 653//653 713//713
f 713//713 653//653 892//892
f 713//713 892//892 715//715
f 715//715 892//892 894//894
f 715//715 894//894 717//717
f 717//717 894//894 896//896
f 717//717 896//896 718//718
f 718//718 896//896 898//898
f 718//718 898//898 720//720
f 720//720 898//898 900//900
f 720//720 900//900 721//721
f 721//721 900//900 902//902
f 721//721 902//902 891//891
f 891//891 902//902 903//903
f 663//663 673//673 906//906
f 673//673 659//659 906//906
f 906//906 659//659 658//658
f 906//906 658//658 884//884
f 884//884 658//658 656//656
f 884//884 656//656 655//655
f 652//652 663//663 893//893
f 893//893 663//663 906//906
f 893//893 906//906 895//895
f 895//895 906//906 905//905
f 895//895 905//905 897//897
f 897//897 905//905 904//904
f 897//897 904//904 899//899
f 899//899 904//904 907//907
f 899//899 907//907 901//901
f 901//901 907//907 890//890
f 901//901 890//890 903//903
f 903//903 890//890 353//353
f 903//903 353//353 891//891
f 891//891 353//353 336//336
f 891//891 336//336 337//337
f 834//834 908//908 856//856
f 856//856 908//908 909//909
f 856//856 909//909 857//857
f 857//857 909//909 910//910
f 857//857 910//910 859//859
f 859//859 910//910 911//911
f 859//859 911//911 860//860
f 860//860 911//911 912//912
f 860//860 912//912 861//861
f 861//861 912//912 913//913
f 861//861 913//913 862//862
f 862//862 913//913 914//914
f 862//862 914//914 863//863
f 863//863 914//914 915//915
f 863//863 915//915 866//866
f 866//866 915//915 916//916
f 866//866 916//916 838//838
f 838//838 916//916 917//917
f 838//838 917//917 839//839
f 839//839 917//917 918//918
f 839//839 918//918 869//869
f 869//869 918//918 919//919
f 920//920 921//921 808//808
f 795//795 793//793 922//922
f 922//922 793//793 787//787
f 922//922 787//787 923//923
f 786//786 924//924 787//787
f 787//787 924//924 925//925
f 787//787 925//925 923//923
f 795//795 922//922 806//806
f 806//806 922//922 926//926
f 806//806 926//926 807//807
f 807//807 926//926 808//808
f 808//808 926//926 927//927
f 808//808 927//927 920//920
f 928//928 814//814 813//813
f 813//813 812//812 928//928
f 928//928 812//812 810//810
f 928//928 810//810 921//921
f 921//921 810//810 809//809
f 921//921 809//809 808//808
f 929//929 930//930 831//831
f 814//814 928//928 831//831
f 831//831 928//928 931//931
f 831//831 931//931 929//929
f 930//930 932//932 831//831
f 831//831 932//932 933//933
f 831//831 933//933 832//832
f 832//832 933//933 934//934
f 832//832 934//934 834//834
f 834//834 934//934 908//908
f 935//935 66//66 68//68
f 68//68 70//70 935//935
f 935//935 70//70 78//78
f 935//935 78//78 936//936
f 936//936 78//78 77//77
f 936//936 77//77 76//76
f 749//749 937//937 750//750
f 750//750 937//937 751//751
f 751//751 937//937 752//752
f 752//752 937//937 938//938
f 752//752 938//938 939//939
f 939//939 61//61 940//940
f 61//61 63//63 940//940
f 940//940 63//63 65//65
f 940//940 65//65 941//941
f 941//941 65//65 66//66
f 941//941 66//66 942//942
f 942//942 66//66 935//935
f 731//731 943//943 733//733
f 733//733 943//943 944//944
f 733//733 944//944 749//749
f 749//749 944//944 945//945
f 749//749 945//945 937//937
f 939//939 940//940 752//752
f 752//752 940//940 946//946
f 752//752 946//946 753//753
f 500//500 499//499 946//946
f 946//946 499//499 736//736
f 946//946 736//736 753//753
f 86//86 85//85 947//947
f 304//304 315//315 948//948
f 949//949 950//950 947//947
f 947//947 950//950 951//951
f 947//947 951//951 86//86
f 304//304 948//948 952//952
f 952//952 948//948 953//953
f 952//952 953//953 954//954
f 954//954 953//953 955//955
f 954//954 955//955 949//949
f 949//949 955//955 956//956
f 949//949 956//956 950//950
f 957//957 958//958 500//500
f 959//959 960//960 961//961
f 82//82 80//80 560//560
f 82//82 560//560 83//83
f 962//962 74//74 963//963
f 963//963 74//74 72//72
f 553//553 960//960 555//555
f 555//555 960//960 959//959
f 555//555 959//959 563//563
f 964//964 552//552 965//965
f 965//965 552//552 548//548
f 965//965 548//548 551//551
f 957//957 961//961 966//966
f 966//966 961//961 960//960
f 966//966 960//960 964//964
f 964//964 960//960 553//553
f 964//964 553//553 552//552
f 940//940 941//941 967//967
f 561//561 968//968 969//969
f 72//72 83//83 963//963
f 963//963 83//83 560//560
f 963//963 560//560 962//962
f 962//962 560//560 558//558
f 962//962 558//558 970//970
f 561//561 563//563 968//968
f 968//968 563//563 959//959
f 968//968 959//959 971//971
f 971//971 959//959 961//961
f 971//971 961//961 972//972
f 972//972 961//961 957//957
f 972//972 957//957 946//946
f 946//946 957//957 500//500
f 965//965 973//973 964//964
f 964//964 973//973 974//974
f 964//964 974//974 966//966
f 966//966 974//974 975//975
f 966//966 975//975 957//957
f 957//957 975//975 976//976
f 957//957 976//976 958//958
f 941//941 942//942 967//967
f 967//967 942//942 977//977
f 967//967 977//977 978//978
f 978//978 977//977 970//970
f 942//942 935//935 977//977
f 977//977 935//935 936//936
f 977//977 936//936 970//970
f 970//970 936//936 76//76
f 970//970 76//76 962//962
f 962//962 76//76 75//75
f 962//962 75//75 74//74
f 946//946 940//940 972//972
f 972//972 940//940 967//967
f 972//972 967//967 971//971
f 971//971 967//967 978//978
f 971//971 978//978 968//968
f 968//968 978//978 970//970
f 968//968 970//970 969//969
f 969//969 970//970 558//558
f 969//969 558//558 561//561
f 979//979 980//980 981//981
f 982//982 975//975 983//983
f 984//984 985//985 986//986
f 987//987 988//988 989//989
f 980//980 984//984 981//981
f 981//981 984//984 986//986
f 981//981 986//986 990//990
f 990//990 986//986 991//991
f 990//990 991//991 992//992
f 992//992 991//991 993//993
f 992//992 993//993 994//994
f 994//994 993//993 995//995
f 994//994 995//995 996//996
f 996//996 995//995 997//997
f 996//996 997//997 998//998
f 998//998 997//997 999//999
f 998//998 999//999 983//983
f 983//983 999//999 1000//1000
f 983//983 1000//1000 982//982
f 982//982 1000//1000 958//958
f 1001//1001 1002//1002 551//551
f 1003//1003 973//973 1002//1002
f 1002//1002 973//973 965//965
f 1002//1002 965//965 551//551
f 547//547 987//987 544//544
f 544//544 987//987 989//989
f 544//544 989//989 545//545
f 545//545 989//989 1004//1004
f 545//545 1004//1004 546//546
f 546//546 1004//1004 1005//1005
f 546//546 1005//1005 543//543
f 543//543 1005//1005 1006//1006
f 543//543 1006//1006 542//542
f 542//542 1006//1006 1007//1007
f 542//542 1007//1007 540//540
f 540//540 1007//1007 1001//1001
f 540//540 1001//1001 550//550
f 550//550 1001//1001 551//551
f 985//985 924//924 986//986
f 986//986 924//924 1008//1008
f 986//986 1008//1008 991//991
f 991//991 1008//1008 1009//1009
f 991//991 1009//1009 993//993
f 993//993 1009//1009 1010//1010
f 993//993 1010//1010 995//995
f 995//995 1010//1010 491//491
f 995//995 491//491 997//997
f 997//997 491//491 493//493
f 997//997 493//493 999//999
f 999//999 493//493 497//497
f 999//999 497//497 1000//1000
f 1000//1000 497//497 496//496
f 1000//1000 496//496 958//958
f 958//958 496//496 500//500
f 988//988 979//979 989//989
f 989//989 979//979 981//981
f 989//989 981//981 1004//1004
f 1004//1004 981//981 990//990
f 1004//1004 990//990 1005//1005
f 1005//1005 990//990 992//992
f 1005//1005 992//992 1006//1006
f 1006//1006 992//992 994//994
f 1006//1006 994//994 1007//1007
f 1007//1007 994//994 996//996
f 1007//1007 996//996 1001//1001
f 1001//1001 996//996 998//998
f 1001//1001 998//998 1002//1002
f 1002//1002 998//998 983//983
f 1002//1002 983//983 1003//1003
f 1003//1003 983//983 975//975
f 1011//1011 984//984 980//980
f 554//554 565//565 1012//1012
f 1012//1012 565//565 564//564
f 1012//1012 564//564 1013//1013
f 1013//1013 564//564 562//562
f 1013//1013 562//562 1014//1014
f 1014//1014 562//562 539//539
f 1014//1014 539//539 524//524
f 984//984 1011//1011 985//985
f 985//985 1011//1011 925//925
f 985//985 925//925 924//924
f 1015//1015 1016//1016 1017//1017
f 1018//1018 988//988 549//549
f 549//549 988//988 987//987
f 549//549 987//987 547//547
f 1016//1016 1011//1011 1017//1017
f 1017//1017 1011//1011 980//980
f 1017//1017 980//980 1018//1018
f 1018//1018 980//980 1019//1019
f 1018//1018 1019//1019 988//988
f 1020//1020 928//928 1021//1021
f 1021//1021 928//928 921//921
f 1014//1014 1022//1022 1013//1013
f 1013//1013 1022//1022 1023//1023
f 1013//1013 1023//1023 1012//1012
f 1012//1012 1023//1023 1024//1024
f 921//921 920//920 1021//1021
f 1021//1021 920//920 927//927
f 1021//1021 927//927 1015//1015
f 1015//1015 927//927 926//926
f 1015//1015 926//926 1016//1016
f 1016//1016 926//926 922//922
f 1016//1016 922//922 1011//1011
f 1011//1011 922//922 923//923
f 1011//1011 923//923 925//925
f 549//549 554//554 1018//1018
f 1018//1018 554//554 1012//1012
f 1018//1018 1012//1012 1017//1017
f 1017//1017 1012//1012 1024//1024
f 1017//1017 1024//1024 1015//1015
f 1015//1015 1024//1024 1023//1023
f 1015//1015 1023//1023 1021//1021
f 1021//1021 1023//1023 1022//1022
f 1021//1021 1022//1022 1020//1020
f 1025//1025 1026//1026 1027//1027
f 1028//1028 1027//1027 1029//1029
f 1029//1029 932//932 1030//1030
f 1030//1030 932//932 930//930
f 1030//1030 930//930 1031//1031
f 1031//1031 930//930 929//929
f 1031//1031 929//929 1032//1032
f 1032//1032 929//929 931//931
f 1022//1022 1032//1032 1020//1020
f 1020//1020 1032//1032 931//931
f 1020//1020 931//931 928//928
f 1029//1029 1030//1030 1028//1028
f 1028//1028 1030//1030 1031//1031
f 1028//1028 1031//1031 1033//1033
f 1033//1033 1031//1031 1032//1032
f 1033//1033 1032//1032 1034//1034
f 1034//1034 1032//1032 1022//1022
f 1034//1034 1022//1022 1014//1014
f 1027//1027 1028//1028 1025//1025
f 1025//1025 1028//1028 1033//1033
f 1025//1025 1033//1033 1035//1035
f 1035//1035 1033//1033 1034//1034
f 1035//1035 1034//1034 1036//1036
f 1036//1036 1034//1034 1014//1014
f 1036//1036 1014//1014 524//524
f 569//569 1026//1026 1037//1037
f 1037//1037 1026//1026 1025//1025
f 1037//1037 1025//1025 1038//1038
f 1038//1038 1025//1025 1035//1035
f 1038//1038 1035//1035 521//521
f 521//521 1035//1035 1036//1036
f 521//521 1036//1036 522//522
f 522//522 1036//1036 524//524
f 933//933 932//932 1029//1029
f 933//933 1029//1029 934//934
f 1039//1039 1040//1040 1041//1041
f 1040//1040 1039//1039 1042//1042
f 1042//1042 1039//1039 1043//1043
f 1042//1042 1043//1043 1044//1044
f 1044//1044 1043//1043 1045//1045
f 1044//1044 1045//1045 1046//1046
f 1046//1046 1045//1045 570//570
f 1046//1046 570//570 568//568
f 569//569 570//570 1026//1026
f 1026//1026 570//570 1045//1045
f 1026//1026 1045//1045 1027//1027
f 1027//1027 1045//1045 1043//1043
f 1027//1027 1043//1043 1029//1029
f 1029//1029 1043//1043 1039//1039
f 1029//1029 1039//1039 934//934
f 934//934 1039//1039 1041//1041
f 934//934 1041//1041 908//908
f 910//910 909//909 1047//1047
f 1047//1047 1048//1048 1049//1049
f 1050//1050 1051//1051 1052//1052
f 490//490 1053//1053 1054//1054
f 485//485 488//488 574//574
f 574//574 488//488 1055//1055
f 574//574 1055//1055 573//573
f 571//571 573//573 1056//1056
f 572//572 571//571 1057//1057
f 1046//1046 568//568 1058//1058
f 1058//1058 568//568 567//567
f 1058//1058 567//567 1059//1059
f 1059//1059 567//567 566//566
f 1059//1059 566//566 1060//1060
f 1060//1060 566//566 572//572
f 1048//1048 1042//1042 1044//1044
f 1060//1060 1049//1049 1059//1059
f 1059//1059 1049//1049 1048//1048
f 1059//1059 1048//1048 1058//1058
f 1058//1058 1048//1048 1044//1044
f 1058//1058 1044//1044 1046//1046
f 573//573 1055//1055 1056//1056
f 1056//1056 1055//1055 1061//1061
f 1056//1056 1061//1061 1062//1062
f 1062//1062 1061//1061 1063//1063
f 1062//1062 1063//1063 1064//1064
f 1051//1051 919//919 1052//1052
f 1052//1052 919//919 918//918
f 1052//1052 918//918 917//917
f 1053//1053 1050//1050 1054//1054
f 1054//1054 1050//1050 1052//1052
f 1054//1054 1052//1052 1065//1065
f 1065//1065 1052//1052 917//917
f 1065//1065 917//917 916//916
f 488//488 490//490 1055//1055
f 1055//1055 490//490 1054//1054
f 1055//1055 1054//1054 1061//1061
f 1061//1061 1054//1054 1065//1065
f 1061//1061 1065//1065 1063//1063
f 1063//1063 1065//1065 916//916
f 916//916 915//915 1063//1063
f 1063//1063 915//915 914//914
f 1063//1063 914//914 1064//1064
f 1064//1064 914//914 913//913
f 1064//1064 913//913 912//912
f 571//571 1056//1056 1057//1057
f 1057//1057 1056//1056 1062//1062
f 1057//1057 1062//1062 1066//1066
f 1066//1066 1062//1062 1064//1064
f 1066//1066 1064//1064 1067//1067
f 1067//1067 1064//1064 912//912
f 1067//1067 912//912 911//911
f 572//572 1057//1057 1060//1060
f 1060//1060 1057//1057 1066//1066
f 1060//1060 1066//1066 1049//1049
f 1049//1049 1066//1066 1067//1067
f 1049//1049 1067//1067 1047//1047
f 1047//1047 1067//1067 911//911
f 1047//1047 911//911 910//910
f 1042//1042 1048//1048 1040//1040
f 1040//1040 1048//1048 1047//1047
f 1040//1040 1047//1047 1041//1041
f 1041//1041 1047//1047 909//909
f 1041//1041 909//909 908//908
f 486//486 529//529 487//487
f 487//487 529//529 1068//1068
f 487//487 1068//1068 489//489
f 489//489 1068//1068 1069//1069
f 489//489 1069//1069 1070//1070
f 1070//1070 1069//1069 1071//1071
f 1070//1070 1071//1071 1072//1072
f 527//527 1073//1073 1074//1074
f 1074//1074 1073//1073 1075//1075
f 1074//1074 1075//1075 1076//1076
f 1076//1076 1075//1075 1077//1077
f 1076//1076 1077//1077 1078//1078
f 1078//1078 1077//1077 1079//1079
f 1073//1073 580//580 1075//1075
f 1075//1075 580//580 1080//1080
f 1075//1075 1080//1080 1077//1077
f 1077//1077 1080//1080 1081//1081
f 1077//1077 1081//1081 1079//1079
f 1079//1079 1081//1081 1082//1082
f 303//303 302//302 1071//1071
f 1071//1071 302//302 1083//1083
f 1071//1071 1083//1083 1072//1072
f 529//529 527//527 1068//1068
f 1068//1068 527//527 1074//1074
f 1068//1068 1074//1074 1069//1069
f 1069//1069 1074//1074 1076//1076
f 1069//1069 1076//1076 1071//1071
f 1071//1071 1076//1076 1078//1078
f 1071//1071 1078//1078 303//303
f 303//303 1078//1078 1079//1079
f 303//303 1079//1079 310//310
f 310//310 1079//1079 1082//1082
f 310//310 1082//1082 311//311
f 1084//1084 340//340 311//311
f 341//341 340//340 1085//1085
f 1085//1085 340//340 1084//1084
f 1085//1085 1084//1084 1086//1086
f 1086//1086 1084//1084 1087//1087
f 1086//1086 1087//1087 1088//1088
f 1088//1088 1087//1087 1089//1089
f 1088//1088 1089//1089 1090//1090
f 1090//1090 1089//1089 575//575
f 1080//1080 580//580 576//576
f 311//311 1082//1082 1084//1084
f 1084//1084 1082//1082 1081//1081
f 1084//1084 1081//1081 1087//1087
f 1087//1087 1081//1081 1080//1080
f 1087//1087 1080//1080 1089//1089
f 1089//1089 1080//1080 576//576
f 1089//1089 576//576 575//575
f 1091//1091 1085//1085 1086//1086
f 1092//1092 317//317 319//319
f 607//607 86//86 951//951
f 1093//1093 1094//1094 1095//1095
f 1096//1096 1097//1097 1091//1091
f 1095//1095 1094//1094 1098//1098
f 1098//1098 1094//1094 1099//1099
f 1098//1098 1099//1099 1100//1100
f 1100//1100 1099//1099 1101//1101
f 1100//1100 1101//1101 1096//1096
f 1102//1102 603//603 604//604
f 607//607 951//951 597//597
f 341//341 1085//1085 342//342
f 342//342 1085//1085 1091//1091
f 342//342 1091//1091 319//319
f 319//319 1091//1091 1097//1097
f 319//319 1097//1097 1092//1092
f 598//598 597//597 1103//1103
f 1103//1103 597//597 951//951
f 1103//1103 951//951 1104//1104
f 1104//1104 951//951 950//950
f 1104//1104 950//950 1105//1105
f 1105//1105 950//950 956//956
f 1105//1105 956//956 1106//1106
f 1106//1106 956//956 955//955
f 1106//1106 955//955 1107//1107
f 1107//1107 955//955 953//953
f 1107//1107 953//953 1108//1108
f 1108//1108 953//953 948//948
f 575//575 603//603 1090//1090
f 1090//1090 603//603 1102//1102
f 1090//1090 1102//1102 1088//1088
f 1096//1096 1091//1091 1100//1100
f 1100//1100 1091//1091 1086//1086
f 1100//1100 1086//1086 1098//1098
f 1098//1098 1086//1086 1088//1088
f 1098//1098 1088//1088 1095//1095
f 1095//1095 1088//1088 1102//1102
f 1095//1095 1102//1102 1093//1093
f 1093//1093 1102//1102 604//604
f 1093//1093 604//604 605//605
f 605//605 598//598 1093//1093
f 1093//1093 598//598 1103//1103
f 1093//1093 1103//1103 1094//1094
f 1094//1094 1103//1103 1104//1104
f 1094//1094 1104//1104 1099//1099
f 1099//1099 1104//1104 1105//1105
f 1099//1099 1105//1105 1101//1101
f 1101//1101 1105//1105 1106//1106
f 1101//1101 1106//1106 1096//1096
f 1096//1096 1106//1106 1107//1107
f 1096//1096 1107//1107 1097//1097
f 1097//1097 1107//1107 1108//1108
f 1097//1097 1108//1108 1092//1092
f 1092//1092 1108//1108 948//948
f 1092//1092 948//948 317//317
f 317//317 948//948 315//315
f 427//427 390//390 478//478
f 455//455 456//456 478//478
f 478//478 456//456 457//457
f 470//470 453//453 478//478
f 478//478 453//453 454//454
f 478//478 454//454 455//455
f 457//457 458//458 478//478
f 478//478 458//458 459//459
f 478//478 459//459 460//460
f 1109//1109 1110//1110 1111//1111
f 470//470 406//406 453//453
f 453//453 406//406 463//463
f 453//453 463//463 430//430
f 430//430 463//463 1109//1109
f 430//430 1109//1109 1112//1112
f 1112//1112 1109//1109 1111//1111
f 1113//1113 1114//1114 460//460
f 460//460 1114//1114 1115//1115
f 1116//1116 1117//1117 1118//1118
f 1118//1118 1117//1117 1119//1119
f 1118//1118 1119//1119 1120//1120
f 1120//1120 1119//1119 427//427
f 1120//1120 427//427 1121//1121
f 1121//1121 427//427 478//478
f 1121//1121 478//478 1122//1122
f 1122//1122 478//478 460//460
f 1122//1122 460//460 1123//1123
f 1115//1115 1124//1124 460//460
f 460//460 1124//1124 1125//1125
f 460//460 1125//1125 1123//1123
f 1113//1113 460//460 1126//1126
f 1126//1126 460//460 461//461
f 1126//1126 461//461 462//462
f 27//27 425//425 25//25
f 25//25 425//425 1127//1127
f 25//25 1127//1127 23//23
f 23//23 1127//1127 1128//1128
f 23//23 1128//1128 21//21
f 21//21 1128//1128 1129//1129
f 21//21 1129//1129 19//19
f 19//19 1129//1129 1130//1130
f 19//19 1130//1130 17//17
f 17//17 1130//1130 1131//1131
f 17//17 1131//1131 15//15
f 15//15 1131//1131 1132//1132
f 15//15 1132//1132 13//13
f 13//13 1132//1132 1133//1133
f 13//13 1133//1133 11//11
f 11//11 1133//1133 1134//1134
f 11//11 1134//1134 9//9
f 9//9 1134//1134 1135//1135
f 9//9 1135//1135 7//7
f 7//7 1135//1135 1136//1136
f 7//7 1136//1136 5//5
f 5//5 1136//1136 1137//1137
f 5//5 1137//1137 3//3
f 3//3 1137//1137 1138//1138
f 27//27 29//29 425//425
f 425//425 29//29 426//426
f 29//29 34//34 426//426
f 426//426 34//34 481//481
f 289//289 287//287 881//881
f 919//919 1072//1072 1139//1139
f 1139//1139 1072//1072 1083//1083
f 1139//1139 1083//1083 1140//1140
f 1140//1140 1083//1083 302//302
f 289//289 881//881 290//290
f 290//290 881//881 882//882
f 290//290 882//882 869//869
f 1139//1139 1141//1141 919//919
f 919//919 1141//1141 294//294
f 919//919 294//294 869//869
f 869//869 294//294 292//292
f 869//869 292//292 290//290
f 1142//1142 1143//1143 1144//1144
f 1145//1145 1146//1146 1147//1147
f 1148//1148 332//332 330//330
f 1149//1149 323//323 321//321
f 323//323 1147//1147 325//325
f 325//325 1147//1147 1146//1146
f 325//325 1146//1146 326//326
f 326//326 1146//1146 1150//1150
f 326//326 1150//1150 307//307
f 1149//1149 321//321 1151//1151
f 1151//1151 321//321 335//335
f 1151//1151 335//335 1152//1152
f 1153//1153 1149//1149 1154//1154
f 1154//1154 1149//1149 1151//1151
f 1154//1154 1151//1151 1155//1155
f 1155//1155 1151//1151 1152//1152
f 1155//1155 1152//1152 1156//1156
f 1145//1145 533//533 532//532
f 532//532 1157//1157 1145//1145
f 1145//1145 1157//1157 1158//1158
f 1145//1145 1158//1158 1146//1146
f 1146//1146 1158//1158 1159//1159
f 1146//1146 1159//1159 1150//1150
f 323//323 1149//1149 1147//1147
f 1147//1147 1149//1149 1153//1153
f 1147//1147 1153//1153 1145//1145
f 1145//1145 1153//1153 534//534
f 1145//1145 534//534 533//533
f 1160//1160 1161//1161 1156//1156
f 1156//1156 1161//1161 538//538
f 1156//1156 538//538 1155//1155
f 1155//1155 538//538 537//537
f 1155//1155 537//537 1154//1154
f 1154//1154 537//537 536//536
f 1154//1154 536//536 1153//1153
f 1153//1153 536//536 535//535
f 1153//1153 535//535 534//534
f 335//335 334//334 1152//1152
f 1152//1152 334//334 1162//1162
f 1152//1152 1162//1162 1156//1156
f 1156//1156 1162//1162 1144//1144
f 1156//1156 1144//1144 1160//1160
f 1160//1160 1144//1144 1143//1143
f 1163//1163 1142//1142 1164//1164
f 1164//1164 1142//1142 1144//1144
f 1164//1164 1144//1144 1148//1148
f 1148//1148 1144//1144 1162//1162
f 1148//1148 1162//1162 332//332
f 332//332 1162//1162 334//334
f 330//330 1165//1165 1148//1148
f 1148//1148 1165//1165 484//484
f 1148//1148 484//484 1164//1164
f 1164//1164 484//484 482//482
f 1164//1164 482//482 1163//1163
f 1163//1163 482//482 481//481
f 465//465 1166//1166 1167//1167
f 1166//1166 304//304 952//952
f 1166//1166 952//952 1167//1167
f 1167//1167 952//952 954//954
f 1167//1167 954//954 1168//1168
f 1168//1168 954//954 949//949
f 1168//1168 949//949 1169//1169
f 1169//1169 949//949 947//947
f 1169//1169 947//947 1170//1170
f 1170//1170 947//947 85//85
f 1170//1170 85//85 433//433
f 463//463 464//464 1171//1171
f 1171//1171 464//464 465//465
f 465//465 1167//1167 1171//1171
f 1171//1171 1167//1167 1168//1168
f 1171//1171 1168//1168 1172//1172
f 1172//1172 1168//1168 1169//1169
f 1172//1172 1169//1169 1173//1173
f 1173//1173 1169//1169 1170//1170
f 1173//1173 1170//1170 1174//1174
f 1174//1174 1170//1170 433//433
f 1174//1174 433//433 431//431
f 463//463 1171//1171 1109//1109
f 1109//1109 1171//1171 1172//1172
f 1109//1109 1172//1172 1110//1110
f 1110//1110 1172//1172 1173//1173
f 1110//1110 1173//1173 1111//1111
f 1111//1111 1173//1173 1174//1174
f 1111//1111 1174//1174 1112//1112
f 1112//1112 1174//1174 431//431
f 1112//1112 431//431 430//430
f 1120//1120 1175//1175 1176//1176
f 1175//1175 1177//1177 1178//1178
f 1177//1177 712//712 714//714
f 1177//1177 714//714 1178//1178
f 1178//1178 714//714 716//716
f 1178//1178 716//716 1179//1179
f 1179//1179 716//716 719//719
f 1179//1179 719//719 1180//1180
f 1180//1180 719//719 722//722
f 1180//1180 722//722 1181//1181
f 722//722 300//300 1181//1181
f 1181//1181 300//300 1182//1182
f 1181//1181 1182//1182 429//429
f 1175//1175 1178//1178 1176//1176
f 1176//1176 1178//1178 1179//1179
f 1176//1176 1179//1179 1183//1183
f 1183//1183 1179//1179 1180//1180
f 1183//1183 1180//1180 1184//1184
f 1184//1184 1180//1180 1181//1181
f 1184//1184 1181//1181 1185//1185
f 1185//1185 1181//1181 429//429
f 1185//1185 429//429 428//428
f 1120//1120 1176//1176 1118//1118
f 1118//1118 1176//1176 1183//1183
f 1118//1118 1183//1183 1116//1116
f 1116//1116 1183//1183 1184//1184
f 1116//1116 1184//1184 1117//1117
f 1117//1117 1184//1184 1185//1185
f 1117//1117 1185//1185 1119//1119
f 1119//1119 1185//1185 428//428
f 1119//1119 428//428 427//427
f 425//425 423//423 1186//1186
f 296//296 1187//1187 345//345
f 345//345 1187//1187 1188//1188
f 345//345 1188//1188 297//297
f 297//297 1188//1188 1189//1189
f 297//297 1189//1189 298//298
f 298//298 1189//1189 1190//1190
f 298//298 1190//1190 350//350
f 350//350 1190//1190 1191//1191
f 350//350 1191//1191 351//351
f 351//351 1191//1191 1192//1192
f 351//351 1192//1192 352//352
f 352//352 1192//1192 1193//1193
f 352//352 1193//1193 344//344
f 344//344 1193//1193 1194//1194
f 344//344 1194//1194 356//356
f 356//356 1194//1194 1195//1195
f 356//356 1195//1195 357//357
f 357//357 1195//1195 1196//1196
f 357//357 1196//1196 358//358
f 358//358 1196//1196 1197//1197
f 358//358 1197//1197 348//348
f 349//349 348//348 1198//1198
f 1198//1198 348//348 1197//1197
f 1198//1198 1197//1197 422//422
f 422//422 1197//1197 423//423
f 423//423 1197//1197 1186//1186
f 1186//1186 1197//1197 1196//1196
f 1186//1186 1196//1196 1199//1199
f 1199//1199 1196//1196 1195//1195
f 1199//1199 1195//1195 1200//1200
f 1200//1200 1195//1195 1194//1194
f 1200//1200 1194//1194 1201//1201
f 1201//1201 1194//1194 1193//1193
f 1201//1201 1193//1193 1202//1202
f 1202//1202 1193//1193 1192//1192
f 1202//1202 1192//1192 1203//1203
f 1203//1203 1192//1192 1191//1191
f 1203//1203 1191//1191 1204//1204
f 1204//1204 1191//1191 1190//1190
f 1204//1204 1190//1190 1205//1205
f 1205//1205 1190//1190 1189//1189
f 1205//1205 1189//1189 1206//1206
f 1206//1206 1189//1189 1188//1188
f 1206//1206 1188//1188 1207//1207
f 1207//1207 1188//1188 1187//1187
f 1207//1207 1187//1187 1208//1208
f 296//296 1209//1209 1187//1187
f 1187//1187 1209//1209 1210//1210
f 1187//1187 1210//1210 1208//1208
f 1208//1208 1210//1210 1211//1211
f 1208//1208 1211//1211 1212//1212
f 425//425 1186//1186 1127//1127
f 1127//1127 1186//1186 1199//1199
f 1127//1127 1199//1199 1128//1128
f 1128//1128 1199//1199 1200//1200
f 1128//1128 1200//1200 1129//1129
f 1129//1129 1200//1200 1201//1201
f 1129//1129 1201//1201 1130//1130
f 1130//1130 1201//1201 1202//1202
f 1130//1130 1202//1202 1131//1131
f 1131//1131 1202//1202 1203//1203
f 1131//1131 1203//1203 1132//1132
f 1132//1132 1203//1203 1204//1204
f 1132//1132 1204//1204 1133//1133
f 1133//1133 1204//1204 1205//1205
f 1133//1133 1205//1205 1134//1134
f 1134//1134 1205//1205 1206//1206
f 1134//1134 1206//1206 1135//1135
f 1135//1135 1206//1206 1207//1207
f 1135//1135 1207//1207 1136//1136
f 1136//1136 1207//1207 1208//1208
f 1136//1136 1208//1208 1137//1137
f 1137//1137 1208//1208 1212//1212
f 1137//1137 1212//1212 1138//1138
f 161//161 1213//1213 209//209
f 209//209 1213//1213 213//213
f 188//188 265//265 187//187
f 187//187 265//265 160//160
f 265//265 263//263 160//160
f 160//160 263//263 262//262
f 160//160 262//262 161//161
f 161//161 262//262 1214//1214
f 161//161 1214//1214 1213//1213
f 46//46 538//538 44//44
f 44//44 538//538 1161//1161
f 44//44 1161//1161 42//42
f 42//42 1161//1161 1160//1160
f 42//42 1160//1160 40//40
f 40//40 1160//1160 1143//1143
f 40//40 1143//1143 38//38
f 38//38 1143//1143 1142//1142
f 38//38 1142//1142 36//36
f 36//36 1142//1142 1163//1163
f 36//36 1163//1163 34//34
f 34//34 1163//1163 481//481
f 581//581 580//580 619//619
f 619//619 580//580 1073//1073
f 619//619 1073//1073 595//595
f 595//595 1073//1073 596//596
f 596//596 1073//1073 527//527
f 596//596 527//527 526//526
f 569//569 1037//1037 531//531
f 531//531 1037//1037 1038//1038
f 531//531 1038//1038 583//583
f 583//583 1038//1038 521//521
f 583//583 521//521 520//520
f 519//519 518//518 627//627
f 627//627 518//518 871//871
f 627//627 871//871 626//626
f 674//674 643//643 871//871
f 871//871 643//643 642//642
f 871//871 642//642 626//626
f 512//512 513//513 641//641
f 641//641 513//513 817//817
f 641//641 817//817 514//514
f 514//514 817//817 682//682
f 507//507 506//506 851//851
f 507//507 851//851 879//879
f 869//869 882//882 868//868
f 868//868 882//882 879//879
f 868//868 879//879 867//867
f 867//867 879//879 851//851
f 1008//1008 924//924 786//786
f 1008//1008 786//786 1009//1009
f 492//492 491//491 783//783
f 783//783 491//491 1010//1010
f 783//783 1010//1010 784//784
f 784//784 1010//1010 1009//1009
f 784//784 1009//1009 785//785
f 785//785 1009//1009 786//786
f 490//490 489//489 1053//1053
f 1053//1053 489//489 1070//1070
f 1053//1053 1070//1070 1050//1050
f 1050//1050 1070//1070 1051//1051
f 1051//1051 1070//1070 1072//1072
f 1051//1051 1072//1072 919//919
f 421//421 484//484 1165//1165
f 421//421 1165//1165 1215//1215
f 1215//1215 1165//1165 330//330
f 1215//1215 330//330 328//328
f 532//532 58//58 1216//1216
f 1216//1216 58//58 60//60
f 1216//1216 60//60 1217//1217
f 1217//1217 60//60 1218//1218
f 1217//1217 1218//1218 399//399
f 399//399 1218//1218 1219//1219
f 399//399 1219//1219 398//398
f 398//398 1219//1219 479//479
f 1220//1220 466//466 477//477
f 477//477 466//466 467//467
f 477//477 467//467 468//468
f 479//479 1219//1219 1221//1221
f 1221//1221 1219//1219 1218//1218
f 1218//1218 60//60 59//59
f 472//472 471//471 480//480
f 480//480 479//479 472//472
f 472//472 479//479 1221//1221
f 472//472 1221//1221 474//474
f 474//474 1221//1221 1222//1222
f 474//474 1222//1222 475//475
f 475//475 1222//1222 1223//1223
f 475//475 1223//1223 476//476
f 476//476 1223//1223 1224//1224
f 476//476 1224//1224 477//477
f 477//477 1224//1224 1225//1225
f 477//477 1225//1225 1220//1220
f 1220//1220 1225//1225 1226//1226
f 1218//1218 59//59 1221//1221
f 1221//1221 59//59 177//177
f 1221//1221 177//177 1222//1222
f 1222//1222 177//177 184//184
f 1222//1222 184//184 1223//1223
f 1223//1223 184//184 176//176
f 1223//1223 176//176 1224//1224
f 1224//1224 176//176 175//175
f 1224//1224 175//175 1225//1225
f 1225//1225 175//175 172//172
f 1225//1225 172//172 1226//1226
f 1226//1226 172//172 2//2
f 1226//1226 2//2 1//1
f 403//403 466//466 1220//1220
f 403//403 1220//1220 404//404
f 404//404 1220//1220 1226//1226
f 404//404 1226//1226 1227//1227
f 1227//1227 1226//1226 1//1
f 1227//1227 1//1 1228//1228
f 1228//1228 1//1 3//3
f 1228//1228 3//3 1138//1138
f 465//465 413//413 415//415
f 1229//1229 296//296 304//304
f 465//465 415//415 1166//1166
f 1166//1166 415//415 419//419
f 1166//1166 419//419 304//304
f 304//304 419//419 420//420
f 304//304 420//420 1229//1229
f 462//462 1230//1230 1231//1231
f 1230//1230 1232//1232 1233//1233
f 1232//1232 62//62 1234//1234
f 1232//1232 1234//1234 1233//1233
f 1233//1233 1234//1234 1235//1235
f 1233//1233 1235//1235 1236//1236
f 1236//1236 1235//1235 1237//1237
f 1236//1236 1237//1237 1238//1238
f 1238//1238 1237//1237 1239//1239
f 1238//1238 1239//1239 1240//1240
f 1240//1240 1239//1239 1241//1241
f 1240//1240 1241//1241 1242//1242
f 1242//1242 1241//1241 1243//1243
f 1242//1242 1243//1243 1244//1244
f 1244//1244 1243//1243 1245//1245
f 1244//1244 1245//1245 1246//1246
f 1246//1246 1245//1245 1247//1247
f 1246//1246 1247//1247 1248//1248
f 1248//1248 1247//1247 1249//1249
f 1248//1248 1249//1249 1250//1250
f 1250//1250 1249//1249 712//712
f 1250//1250 712//712 1177//1177
f 1230//1230 1233//1233 1231//1231
f 1231//1231 1233//1233 1236//1236
f 1231//1231 1236//1236 1251//1251
f 1251//1251 1236//1236 1238//1238
f 1251//1251 1238//1238 1252//1252
f 1252//1252 1238//1238 1240//1240
f 1252//1252 1240//1240 1253//1253
f 1253//1253 1240//1240 1242//1242
f 1253//1253 1242//1242 1254//1254
f 1254//1254 1242//1242 1244//1244
f 1254//1254 1244//1244 1255//1255
f 1255//1255 1244//1244 1246//1246
f 1255//1255 1246//1246 1256//1256
f 1256//1256 1246//1246 1248//1248
f 1256//1256 1248//1248 1257//1257
f 1257//1257 1248//1248 1250//1250
f 1257//1257 1250//1250 1258//1258
f 1258//1258 1250//1250 1177//1177
f 1258//1258 1177//1177 1175//1175
f 462//462 1231//1231 1126//1126
f 1126//1126 1231//1231 1251//1251
f 1126//1126 1251//1251 1113//1113
f 1113//1113 1251//1251 1252//1252
f 1113//1113 1252//1252 1114//1114
f 1114//1114 1252//1252 1253//1253
f 1114//1114 1253//1253 1115//1115
f 1115//1115 1253//1253 1254//1254
f 1115//1115 1254//1254 1124//1124
f 1124//1124 1254//1254 1255//1255
f 1124//1124 1255//1255 1125//1125
f 1125//1125 1255//1255 1256//1256
f 1125//1125 1256//1256 1123//1123
f 1123//1123 1256//1256 1257//1257
f 1123//1123 1257//1257 1122//1122
f 1122//1122 1257//1257 1258//1258
f 1122//1122 1258//1258 1121//1121
f 1121//1121 1258//1258 1175//1175
f 1121//1121 1175//1175 1120//1120
f 393//393 429//429 394//394
f 394//394 429//429 1182//1182
f 394//394 1182//1182 388//388
f 388//388 1182//1182 389//389
f 300//300 307//307 1182//1182
f 1182//1182 307//307 1259//1259
f 1182//1182 1259//1259 389//389
f 328//328 349//349 1198//1198
f 328//328 1198//1198 1260//1260
f 1260//1260 1198//1198 422//422
f 1260//1260 422//422 421//421
f 1227//1227 1228//1228 1261//1261
f 1262//1262 1209//1209 296//296
f 1210//1210 1263//1263 1211//1211
f 1211//1211 1263//1263 1261//1261
f 1211//1211 1261//1261 1212//1212
f 1212//1212 1261//1261 1228//1228
f 1212//1212 1228//1228 1138//1138
f 296//296 1229//1229 1262//1262
f 1262//1262 1229//1229 420//420
f 1262//1262 420//420 418//418
f 418//418 417//417 1262//1262
f 1262//1262 417//417 1263//1263
f 1262//1262 1263//1263 1209//1209
f 1209//1209 1263//1263 1210//1210
f 404//404 1227//1227 405//405
f 405//405 1227//1227 1261//1261
f 405//405 1261//1261 410//410
f 410//410 1261//1261 1263//1263
f 410//410 1263//1263 416//416
f 416//416 1263//1263 417//417
f 1159//1159 1264//1264 1265//1265
f 1158//1158 1157//1157 1266//1266
f 1266//1266 1157//1157 532//532
f 1159//1159 1265//1265 1150//1150
f 1150//1150 1265//1265 1259//1259
f 1150//1150 1259//1259 307//307
f 399//399 400//400 1217//1217
f 1217//1217 400//400 1266//1266
f 1217//1217 1266//1266 1216//1216
f 1216//1216 1266//1266 532//532
f 400//400 401//401 1266//1266
f 1266//1266 401//401 1264//1264
f 1266//1266 1264//1264 1158//1158
f 1158//1158 1264//1264 1159//1159
f 389//389 1259//1259 387//387
f 387//387 1259//1259 1265//1265
f 387//387 1265//1265 385//385
f 385//385 1265//1265 1264//1264
f 385//385 1264//1264 402//402
f 402//402 1264//1264 401//401
f 1140//1140 360//360 1139//1139
f 1139//1139 360//360 366//366
f 1139//1139 366//366 1141//1141
f 1141//1141 366//366 295//295
f 1141//1141 295//295 294//294
f 302//302 364//364 1140//1140
f 1140//1140 364//364 362//362
f 1140//1140 362//362 360//360
f 302//302 301//301 364//364
f 364//364 301//301 312//312
f 364//364 312//312 378//378
f 378//378 312//312 318//318
f 378//378 318//318 379//379
f 379//379 318//318 316//316
f 379//379 316//316 381//381
f 381//381 316//316 314//314
f 381//381 314//314 383//383
f 383//383 314//314 313//313
f 383//383 313//313 384//384
f 384//384 313//313 305//305
f 384//384 305//305 372//372
f 372//372 305//305 306//306
f 372//372 306//306 374//374
f 374//374 306//306 343//343
f 374//374 343//343 376//376
f 376//376 343//343 299//299
f 376//376 299//299 377//377
f 377//377 299//299 213//213
f 377//377 213//213 368//368
f 213//213 1213//1213 368//368
f 368//368 1213//1213 1214//1214
f 368//368 1214//1214 370//370
f 370//370 1214//1214 262//262
f 370//370 262//262 261//261
f 240//240 260//260 359//359
f 240//240 359//359 246//246
f 246//246 359//359 361//361
f 246//246 361//361 247//247
f 247//247 361//361 363//363
f 247//247 363//363 224//224
f 224//224 363//363 365//365
f 224//224 365//365 225//225
f 225//225 365//365 380//380
f 225//225 380//380 230//230
f 230//230 380//380 382//382
f 230//230 382//382 231//231
f 231//231 382//382 371//371
f 231//231 371//371 232//232
f 232//232 371//371 373//373
f 232//232 373//373 241//241
f 241//241 373//373 375//375
f 241//241 375//375 242//242
f 242//242 375//375 367//367
f 242//242 367//367 243//243
f 243//243 367//367 369//369
f 243//243 369//369 244//244
f 244//244 369//369 248//248
f 244//244 248//248 233//233
f 31//31 223//223 327//327
f 31//31 327//327 32//32
f 32//32 327//327 329//329
f 32//32 329//329 33//33
f 33//33 329//329 35//35
f 35//35 329//329 331//331
f 35//35 331//331 37//37
f 37//37 331//331 39//39
f 39//39 331//331 333//333
f 39//39 333//333 41//41
f 41//41 333//333 43//43
f 43//43 333//333 320//320
f 43//43 320//320 45//45
f 45//45 320//320 47//47
f 47//47 320//320 322//322
f 47//47 322//322 49//49
f 49//49 322//322 51//51
f 51//51 322//322 324//324
f 51//51 324//324 53//53
f 53//53 324//324 55//55
f 55//55 324//324 309//309
f 55//55 309//309 57//57
f 57//57 309//309 59//59
f 59//59 309//309 308//308
f 59//59 308//308 178//178
f 178//178 308//308 185//185
f 178//178 185//185 171//171
f 148//148 147//147 200//200
f 148//148 200//200 162//162
f 162//162 200//200 199//199
f 162//162 199//199 166//166
f 166//166 199//199 198//198
f 166//166 198//198 163//163
f 163//163 198//198 197//197
f 163//163 197//197 164//164
f 164//164 197//197 196//196
f 164//164 196//196 165//165
f 165//165 196//196 195//195
f 165//165 195//195 167//167
f 167//167 195//195 193//193
f 167//167 193//193 159//159
f 159//159 193//193 154//154
f 159//159 154//154 153//153
f 110//110 130//130 201//201
f 110//110 201//201 111//111
f 111//111 201//201 202//202
f 111//111 202//202 94//94
f 94//94 202//202 203//203
f 94//94 203//203 95//95
f 95//95 203//203 204//204
f 95//95 204//204 96//96
f 96//96 204//204 205//205
f 96//96 205//205 99//99
f 99//99 205//205 1267//1267
f 99//99 1267//1267 100//100
f 100//100 1267//1267 207//207
f 100//100 207//207 107//107
f 107//107 207//207 208//208
f 107//107 208//208 108//108
f 108//108 208//208 192//192
f 108//108 192//192 109//109
f 109//109 192//192 191//191
f 109//109 191//191 116//116
f 116//116 191//191 190//190
f 116//116 190//190 113//113
f 113//113 190//190 118//118
f 113//113 118//118 115//115
f 664//664 712//712 665//665
f 665//665 712//712 1249//1249
f 665//665 1249//1249 667//667
f 692//692 1245//1245 1243//1243
f 692//692 1243//1243 729//729
f 729//729 1243//1243 1241//1241
f 729//729 1241//1241 728//728
f 667//667 1249//1249 669//669
f 669//669 1249//1249 1247//1247
f 669//669 1247//1247 650//650
f 650//650 1247//1247 1245//1245
f 650//650 1245//1245 651//651
f 651//651 1245//1245 692//692
f 651//651 692//692 631//631
f 944//944 943//943 1239//1239
f 1239//1239 943//943 731//731
f 1239//1239 731//731 1241//1241
f 1241//1241 731//731 730//730
f 1241//1241 730//730 728//728
f 944//944 1239//1239 945//945
f 945//945 1239//1239 1237//1237
f 945//945 1237//1237 937//937
f 937//937 1237//1237 1235//1235
f 937//937 1235//1235 938//938
f 938//938 1235//1235 1234//1234
f 938//938 1234//1234 939//939
f 939//939 1234//1234 62//62
f 939//939 62//62 61//61
# 2498 faces, 0 coords texture

# End of File
