####
#
# OBJ File Generated by Meshlab
#
####
# Object d405.obj
#
# Vertices: 1948
# Faces: 3892
#
####
v -8.750000 0.000000 -23.000000
v -8.786323 -0.299145 -23.000000
v -8.750000 0.000000 -17.500000
v -8.786323 -0.299145 -17.500000
v -8.893180 -0.580904 -17.500000
v -8.893180 -0.580904 -23.000000
v -9.064362 -0.828903 -23.000000
v -9.064362 -0.828903 -17.500000
v -9.289919 -1.028730 -23.000000
v -9.289919 -1.028730 -17.500000
v -9.556744 -1.168770 -23.000000
v -9.556744 -1.168770 -17.500000
v -9.849329 -1.240886 -23.000000
v -9.849329 -1.240886 -17.500000
v -10.150671 -1.240886 -23.000000
v -10.150671 -1.240886 -17.500000
v -10.443256 -1.168770 -23.000000
v -10.443256 -1.168770 -17.500000
v -10.710081 -1.028730 -23.000000
v -10.710081 -1.028730 -17.500000
v -10.935638 -0.828903 -23.000000
v -10.935638 -0.828903 -17.500000
v -11.106820 -0.580904 -17.500000
v -11.106820 -0.580904 -23.000000
v -11.213677 -0.299145 -23.000000
v -11.213677 -0.299145 -17.500000
v -11.250000 0.000000 -23.000000
v -11.250000 0.000000 -17.500000
v 11.250000 0.000000 -23.000000
v 11.213677 -0.299145 -23.000000
v 11.250000 0.000000 -17.500000
v 11.213677 -0.299145 -17.500000
v 11.106820 -0.580904 -17.500000
v 11.106820 -0.580904 -23.000000
v 10.935638 -0.828903 -23.000000
v 10.935638 -0.828903 -17.500000
v 10.710081 -1.028730 -23.000000
v 10.710081 -1.028730 -17.500000
v 10.443256 -1.168770 -23.000000
v 10.443256 -1.168770 -17.500000
v 10.150671 -1.240886 -23.000000
v 10.150671 -1.240886 -17.500000
v 9.849329 -1.240886 -23.000000
v 9.849329 -1.240886 -17.500000
v 9.556744 -1.168770 -23.000000
v 9.556744 -1.168770 -17.500000
v 9.289919 -1.028730 -23.000000
v 9.289919 -1.028730 -17.500000
v 9.064362 -0.828903 -23.000000
v 9.064362 -0.828903 -17.500000
v 8.893180 -0.580904 -17.500000
v 8.893180 -0.580904 -23.000000
v 8.786323 -0.299145 -23.000000
v 8.786323 -0.299145 -17.500000
v 8.750000 0.000000 -23.000000
v 8.750000 0.000000 -17.500000
v 21.000000 9.000000 -15.165000
v 21.000000 8.755898 -15.194639
v 20.780001 9.000000 -15.385000
v 20.780001 8.808547 -15.408247
v 21.000000 8.525982 -15.281835
v 20.780001 8.628222 -15.476635
v 21.000000 8.323615 -15.421519
v 20.780001 8.469501 -15.586191
v 21.000000 8.160557 -15.605574
v 20.780001 8.341613 -15.730548
v 21.000000 8.046284 -15.823303
v 20.780001 8.251987 -15.901316
v 21.000000 7.987437 -16.062052
v 20.780001 8.205832 -16.088572
v 21.000000 7.987437 -16.307947
v 20.780001 8.205832 -16.281429
v 20.780001 8.251987 -16.468683
v 21.000000 8.046284 -16.546698
v 21.000000 8.160557 -16.764425
v 20.780001 8.341613 -16.639452
v 21.000000 8.323615 -16.948481
v 20.780001 8.469501 -16.783808
v 21.000000 8.525982 -17.088165
v 20.780001 8.628222 -16.893364
v 21.000000 8.755898 -17.175360
v 20.780001 8.808547 -16.961754
v 21.000000 9.000000 -17.205000
v 20.780001 9.000000 -16.985001
v 21.000000 -9.000000 -15.165000
v 21.000000 -9.244102 -15.194639
v 20.780001 -9.000000 -15.385000
v 20.780001 -9.191453 -15.408247
v 21.000000 -9.474018 -15.281835
v 20.780001 -9.371778 -15.476635
v 21.000000 -9.676385 -15.421519
v 20.780001 -9.530499 -15.586191
v 21.000000 -9.839443 -15.605574
v 20.780001 -9.658387 -15.730548
v 21.000000 -9.953716 -15.823303
v 20.780001 -9.748013 -15.901316
v 21.000000 -10.012563 -16.062052
v 20.780001 -9.794168 -16.088572
v 21.000000 -10.012563 -16.307947
v 20.780001 -9.794168 -16.281429
v 20.780001 -9.748013 -16.468683
v 21.000000 -9.953716 -16.546698
v 21.000000 -9.839443 -16.764425
v 20.780001 -9.658387 -16.639452
v 21.000000 -9.676385 -16.948481
v 20.780001 -9.530499 -16.783808
v 21.000000 -9.474018 -17.088165
v 20.780001 -9.371778 -16.893364
v 21.000000 -9.244102 -17.175360
v 20.780001 -9.191453 -16.961754
v 21.000000 -9.000000 -17.205000
v 20.780001 -9.000000 -16.985001
v 0.000000 -21.000000 -10.975000
v -0.879485 -21.000000 -11.081789
v 0.000000 -20.500000 -11.475000
v -0.759827 -20.500000 -11.567260
v -1.707858 -21.000000 -11.395949
v -1.475496 -20.500000 -11.838677
v -2.436976 -21.000000 -11.899223
v -2.105414 -20.500000 -12.273479
v -3.024466 -21.000000 -12.562362
v -2.612974 -20.500000 -12.846395
v -3.436185 -21.000000 -13.346828
v -2.968677 -20.500000 -13.524130
v -3.648205 -21.000000 -14.207027
v -3.151851 -20.500000 -14.267296
v -3.648205 -21.000000 -15.092973
v -3.151851 -20.500000 -15.032704
v -3.436185 -21.000000 -15.953173
v -2.968677 -20.500000 -15.775870
v -3.024466 -21.000000 -16.737638
v -2.612974 -20.500000 -16.453606
v -2.105414 -20.500000 -17.026522
v -2.436976 -21.000000 -17.400778
v -1.707858 -21.000000 -17.904051
v -1.475496 -20.500000 -17.461323
v -0.879485 -21.000000 -18.218212
v -0.759827 -20.500000 -17.732740
v 0.000000 -21.000000 -18.325001
v 0.000000 -20.500000 -17.825001
v 18.000000 9.000000 -15.385000
v 18.000000 8.808547 -15.408247
v 18.000000 8.628222 -15.476635
v 18.000000 8.469501 -15.586191
v 18.000000 8.341613 -15.730548
v 18.000000 8.251987 -15.901316
v 18.000000 8.205832 -16.088572
v 18.000000 8.205832 -16.281429
v 18.000000 8.251987 -16.468683
v 18.000000 8.341613 -16.639452
v 18.000000 8.469501 -16.783808
v 18.000000 8.628222 -16.893364
v 18.000000 8.808547 -16.961754
v 18.000000 9.000000 -16.985001
v 18.000000 -9.000000 -15.385000
v 18.000000 -9.191453 -15.408247
v 18.000000 -9.371778 -15.476635
v 18.000000 -9.530499 -15.586191
v 18.000000 -9.658387 -15.730548
v 18.000000 -9.748013 -15.901316
v 18.000000 -9.794168 -16.088572
v 18.000000 -9.794168 -16.281429
v 18.000000 -9.748013 -16.468683
v 18.000000 -9.658387 -16.639452
v 18.000000 -9.530499 -16.783808
v 18.000000 -9.371778 -16.893364
v 18.000000 -9.191453 -16.961754
v 18.000000 -9.000000 -16.985001
v 0.000000 -16.000000 -11.475000
v -0.759827 -16.000000 -11.567260
v -1.475496 -16.000000 -11.838677
v -2.105414 -16.000000 -12.273479
v -2.612974 -16.000000 -12.846395
v -2.968677 -16.000000 -13.524130
v -3.151851 -16.000000 -14.267296
v -3.151851 -16.000000 -15.032704
v -2.968677 -16.000000 -15.775870
v -2.612974 -16.000000 -16.453606
v -2.105414 -16.000000 -17.026522
v -1.475496 -16.000000 -17.461323
v -0.759827 -16.000000 -17.732740
v 0.000000 -16.000000 -17.825001
v 0.000000 -16.000000 -12.097300
v -0.610901 -16.000000 -12.171476
v 0.000000 -15.000000 -12.097300
v -0.610901 -15.000000 -12.171476
v -1.186299 -16.000000 -12.389696
v -1.186299 -15.000000 -12.389696
v -1.692753 -16.000000 -12.739277
v -1.692753 -15.000000 -12.739277
v -2.100831 -16.000000 -13.199902
v -2.100831 -15.000000 -13.199902
v -2.386816 -16.000000 -13.744801
v -2.386816 -15.000000 -13.744801
v -2.534088 -16.000000 -14.342306
v -2.534088 -15.000000 -14.342306
v -2.534088 -16.000000 -14.957694
v -2.534088 -15.000000 -14.957694
v -2.386816 -16.000000 -15.555200
v -2.386816 -15.000000 -15.555200
v -2.100831 -16.000000 -16.100100
v -2.100831 -15.000000 -16.100100
v -1.692753 -16.000000 -16.560724
v -1.692753 -15.000000 -16.560724
v -1.186299 -16.000000 -16.910303
v -1.186299 -15.000000 -16.910303
v -0.610901 -16.000000 -17.128523
v -0.610901 -15.000000 -17.128523
v 0.000000 -15.000000 -17.202700
v 0.000000 -16.000000 -17.202700
v -16.852587 -16.794363 -23.000000
v -15.313798 -17.756027 -23.000000
v -16.128973 -17.375334 -23.000000
v -17.418673 -16.057518 -23.000000
v -17.789263 -15.208184 -23.000000
v -14.642769 -17.916813 -23.000000
v -17.975412 -14.113999 -23.000000
v -13.000000 -18.000000 -23.000000
v -18.000000 -13.000000 -23.000000
v -18.000000 13.000000 -23.000000
v -11.213677 0.299145 -23.000000
v -11.106820 0.580904 -23.000000
v -10.935638 0.828903 -23.000000
v -10.710081 1.028730 -23.000000
v -10.443256 1.168770 -23.000000
v -10.150671 1.240886 -23.000000
v -9.849329 1.240886 -23.000000
v 15.208184 -17.789263 -23.000000
v 16.794363 -16.852587 -23.000000
v 16.057518 -17.418673 -23.000000
v -17.375334 16.128973 -23.000000
v -16.794363 16.852587 -23.000000
v -17.756027 15.313798 -23.000000
v 17.756027 -15.313798 -23.000000
v 17.375334 -16.128973 -23.000000
v -15.208184 17.789263 -23.000000
v -17.916813 14.642769 -23.000000
v -16.057518 17.418673 -23.000000
v 14.113999 -17.975412 -23.000000
v 17.916813 -14.642769 -23.000000
v -14.113999 17.975412 -23.000000
v -13.000000 18.000000 -23.000000
v -9.556744 1.168770 -23.000000
v -9.289919 1.028730 -23.000000
v 13.000000 -18.000000 -23.000000
v 18.000000 -13.000000 -23.000000
v 8.786323 0.299145 -23.000000
v -8.786323 0.299145 -23.000000
v 8.893180 0.580904 -23.000000
v -8.893180 0.580904 -23.000000
v 9.064362 0.828903 -23.000000
v -9.064362 0.828903 -23.000000
v 9.289919 1.028730 -23.000000
v 18.000000 13.000000 -23.000000
v 9.849329 1.240886 -23.000000
v 10.150671 1.240886 -23.000000
v 10.443256 1.168770 -23.000000
v 10.710081 1.028730 -23.000000
v 10.935638 0.828903 -23.000000
v 11.106820 0.580904 -23.000000
v 11.213677 0.299145 -23.000000
v 13.000000 18.000000 -23.000000
v 9.556744 1.168770 -23.000000
v 17.975412 14.113999 -23.000000
v 14.642769 17.916813 -23.000000
v 17.789263 15.208184 -23.000000
v 15.313798 17.756027 -23.000000
v 16.128973 17.375334 -23.000000
v 16.852587 16.794363 -23.000000
v 17.418673 16.057518 -23.000000
v -21.000000 -9.987464 -17.461260
v -21.000000 -10.000000 -17.350000
v -21.090000 -10.000000 -17.350000
v -21.090000 -9.987464 -17.461260
v -21.000000 -9.950484 -17.566942
v -21.090000 -9.950484 -17.566942
v -21.000000 -9.890916 -17.661745
v -21.090000 -9.890916 -17.661745
v -21.000000 -9.811745 -17.740915
v -21.090000 -9.811745 -17.740915
v -21.000000 -9.716942 -17.800484
v -21.090000 -9.716942 -17.800484
v -21.000000 -9.611260 -17.837463
v -21.090000 -9.611260 -17.837463
v -21.000000 -9.500000 -17.850000
v -21.090000 -9.500000 -17.850000
v -21.000000 -10.000000 -11.950000
v -21.090000 -10.000000 -11.950000
v -21.000000 -9.611260 -11.462536
v -21.000000 -9.500000 -11.450000
v -21.090000 -9.500000 -11.450000
v -21.090000 -9.611260 -11.462536
v -21.000000 -9.716942 -11.499516
v -21.090000 -9.716942 -11.499516
v -21.000000 -9.811745 -11.559084
v -21.090000 -9.811745 -11.559084
v -21.000000 -9.890916 -11.638255
v -21.090000 -9.890916 -11.638255
v -21.000000 -9.950484 -11.733058
v -21.090000 -9.950484 -11.733058
v -21.000000 -9.987464 -11.838739
v -21.090000 -9.987464 -11.838739
v -21.090000 9.500000 -11.450000
v -21.000000 9.500000 -11.450000
v -21.000000 9.987464 -11.838739
v -21.000000 10.000000 -11.950000
v -21.090000 10.000000 -11.950000
v -21.090000 9.987464 -11.838739
v -21.000000 9.950484 -11.733058
v -21.090000 9.950484 -11.733058
v -21.000000 9.890916 -11.638255
v -21.090000 9.890916 -11.638255
v -21.000000 9.811745 -11.559084
v -21.090000 9.811745 -11.559084
v -21.000000 9.716942 -11.499516
v -21.090000 9.716942 -11.499516
v -21.000000 9.611260 -11.462536
v -21.090000 9.611260 -11.462536
v -21.090000 10.000000 -17.350000
v -21.000000 10.000000 -17.350000
v -21.000000 9.611260 -17.837463
v -21.000000 9.500000 -17.850000
v -21.090000 9.500000 -17.850000
v -21.090000 9.611260 -17.837463
v -21.000000 9.716942 -17.800484
v -21.090000 9.716942 -17.800484
v -21.000000 9.811745 -17.740915
v -21.090000 9.811745 -17.740915
v -21.000000 9.890916 -17.661745
v -21.090000 9.890916 -17.661745
v -21.000000 9.950484 -17.566942
v -21.090000 9.950484 -17.566942
v -21.000000 9.987464 -17.461260
v -21.090000 9.987464 -17.461260
v 18.337612 -18.033497 -0.870000
v 17.472582 -18.882839 -0.870000
v 18.391747 -18.078070 -0.870000
v 17.423000 -18.832161 -0.870000
v 19.184139 -16.999960 -0.870000
v 19.126263 -16.960148 -0.870000
v 16.522133 -19.428352 -0.870000
v 16.476154 -19.372246 -0.870000
v 19.691530 -15.827124 -0.870000
v 19.627218 -15.798091 -0.870000
v 15.480781 -19.786842 -0.870000
v 15.440379 -19.724592 -0.870000
v 19.901333 -14.896226 -0.870000
v 19.833532 -14.876307 -0.870000
v 14.249439 -19.970697 -0.870000
v 14.228551 -19.901949 -0.870000
v 20.000000 -13.000000 -0.870000
v 13.000000 -20.000000 -0.870000
v 13.000000 -19.930000 -0.870000
v 19.930000 -13.000000 -0.870000
v -13.000000 -19.930000 -0.870000
v -13.000000 -20.000000 -0.870000
v 19.930000 13.000000 -0.870000
v 20.000000 13.000000 -0.870000
v 19.970697 14.249439 -0.870000
v 19.901949 14.228551 -0.870000
v -14.876307 -19.833532 -0.870000
v -14.896226 -19.901333 -0.870000
v 19.786842 15.480781 -0.870000
v 19.724592 15.440379 -0.870000
v -15.798091 -19.627218 -0.870000
v -15.827124 -19.691530 -0.870000
v 19.428352 16.522133 -0.870000
v 19.372246 16.476154 -0.870000
v -16.960148 -19.126263 -0.870000
v -16.999960 -19.184139 -0.870000
v 18.882839 17.472582 -0.870000
v 18.832161 17.423000 -0.870000
v -18.033497 -18.337612 -0.870000
v -18.078070 -18.391747 -0.870000
v 18.033497 18.337612 -0.870000
v 18.078070 18.391747 -0.870000
v -18.882839 -17.472582 -0.870000
v -18.832161 -17.423000 -0.870000
v 16.999960 19.184139 -0.870000
v 16.960148 19.126263 -0.870000
v -19.372246 -16.476154 -0.870000
v -19.428352 -16.522133 -0.870000
v 15.827124 19.691530 -0.870000
v 15.798091 19.627218 -0.870000
v -19.786842 -15.480781 -0.870000
v -19.724592 -15.440379 -0.870000
v 14.896226 19.901333 -0.870000
v 14.876307 19.833532 -0.870000
v -19.901949 -14.228551 -0.870000
v -19.970697 -14.249439 -0.870000
v -19.930000 -13.000000 -0.870000
v -20.000000 -13.000000 -0.870000
v 13.000000 20.000000 -0.870000
v 13.000000 19.930000 -0.870000
v -19.930000 13.000000 -0.870000
v -20.000000 13.000000 -0.870000
v -13.000000 20.000000 -0.870000
v -13.000000 19.930000 -0.870000
v -14.228551 19.901949 -0.870000
v -14.249439 19.970697 -0.870000
v -19.833532 14.876307 -0.870000
v -19.901333 14.896226 -0.870000
v -15.440379 19.724592 -0.870000
v -15.480781 19.786842 -0.870000
v -19.627218 15.798091 -0.870000
v -19.691530 15.827124 -0.870000
v -16.476154 19.372246 -0.870000
v -16.522133 19.428352 -0.870000
v -19.126263 16.960148 -0.870000
v -19.184139 16.999960 -0.870000
v -17.423000 18.832161 -0.870000
v -17.472582 18.882839 -0.870000
v -18.337612 18.033497 -0.870000
v -18.391747 18.078070 -0.870000
v -19.879999 13.000000 -9.000000
v -19.879999 13.000000 -9.300000
v -19.879999 -13.000000 -9.300000
v -19.879999 -13.000000 -9.000000
v -19.852818 -14.213890 -9.300000
v -19.786253 -14.853106 -9.000000
v -19.680172 -15.411067 -9.300000
v -19.585926 -15.762026 -9.000000
v -19.331913 -16.444050 -9.300000
v -19.090818 -16.921301 -9.000000
v -18.796217 -17.387190 -9.300000
v -18.305136 -17.994877 -9.000000
v -18.001757 -18.298851 -9.300000
v -17.293852 -18.860512 -9.000000
v -16.934410 -19.083380 -9.300000
v -16.118715 -19.465446 -9.000000
v -15.780135 -19.580423 -9.300000
v -14.823220 -19.790726 -9.000000
v -14.864344 -19.784760 -9.300000
v -13.914443 -19.868063 -9.000000
v -13.000000 -19.879999 -9.300000
v -13.000000 -19.879999 -9.000000
v 13.000000 -19.879999 -9.300000
v 13.000000 -19.879999 -9.000000
v 14.213890 -19.852818 -9.300000
v 14.853106 -19.786253 -9.000000
v 15.411067 -19.680172 -9.300000
v 15.762026 -19.585926 -9.000000
v 16.444050 -19.331913 -9.300000
v 16.921301 -19.090818 -9.000000
v 17.387190 -18.796217 -9.300000
v 17.994877 -18.305136 -9.000000
v 18.298851 -18.001757 -9.300000
v 18.860512 -17.293852 -9.000000
v 19.083380 -16.934410 -9.300000
v 19.465446 -16.118715 -9.000000
v 19.580423 -15.780135 -9.300000
v 19.790726 -14.823220 -9.000000
v 19.784760 -14.864344 -9.300000
v 19.868063 -13.914443 -9.000000
v 19.879999 -13.000000 -9.300000
v 19.879999 -13.000000 -9.000000
v 19.879999 13.000000 -9.300000
v 19.879999 13.000000 -9.000000
v 19.852818 14.213890 -9.300000
v 19.786253 14.853106 -9.000000
v 19.680172 15.411067 -9.300000
v 19.585926 15.762026 -9.000000
v 19.331913 16.444050 -9.300000
v 19.090818 16.921301 -9.000000
v 18.796217 17.387190 -9.300000
v 18.305136 17.994877 -9.000000
v 18.001757 18.298851 -9.300000
v 17.293852 18.860512 -9.000000
v 16.934410 19.083380 -9.300000
v 16.118715 19.465446 -9.000000
v 15.780135 19.580423 -9.300000
v 14.823220 19.790726 -9.000000
v 14.864344 19.784760 -9.300000
v 13.914443 19.868063 -9.000000
v 13.000000 19.879999 -9.300000
v 13.000000 19.879999 -9.000000
v -14.213890 19.852818 -9.300000
v -13.000000 19.879999 -9.000000
v -13.000000 19.879999 -9.300000
v -14.853106 19.786253 -9.000000
v -15.411067 19.680172 -9.300000
v -15.762026 19.585926 -9.000000
v -16.444050 19.331913 -9.300000
v -16.921301 19.090818 -9.000000
v -17.387190 18.796217 -9.300000
v -17.994877 18.305136 -9.000000
v -18.298851 18.001757 -9.300000
v -18.860512 17.293852 -9.000000
v -19.083380 16.934410 -9.300000
v -19.465446 16.118715 -9.000000
v -19.580423 15.780135 -9.300000
v -19.790726 14.823220 -9.000000
v -19.784760 14.864344 -9.300000
v -19.868063 13.914443 -9.000000
v -19.201370 -18.523184 -9.000000
v -18.146797 -19.505531 -9.000000
v -17.033876 -20.182575 -9.000000
v -20.025627 -17.339033 -9.000000
v -15.683340 -20.663885 -9.000000
v -20.535027 -16.145294 -9.000000
v -20.809155 -14.904090 -9.000000
v -14.348775 -20.865812 -9.000000
v -13.000000 -20.900000 -9.000000
v -20.900000 -13.000000 -9.000000
v -20.900000 13.000000 -9.000000
v 13.000000 -20.900000 -9.000000
v -20.865812 14.348775 -9.000000
v 14.904090 -20.809155 -9.000000
v -20.663885 15.683340 -9.000000
v 16.145294 -20.535027 -9.000000
v -20.182575 17.033876 -9.000000
v 17.339033 -20.025627 -9.000000
v -19.505531 18.146797 -9.000000
v 18.523184 -19.201370 -9.000000
v -18.523184 19.201370 -9.000000
v 19.505531 -18.146797 -9.000000
v -17.339033 20.025627 -9.000000
v 20.182575 -17.033876 -9.000000
v -16.145294 20.535027 -9.000000
v 20.663885 -15.683340 -9.000000
v -14.904090 20.809155 -9.000000
v 20.865812 -14.348775 -9.000000
v -13.000000 20.900000 -9.000000
v 20.900000 -13.000000 -9.000000
v 20.900000 13.000000 -9.000000
v 13.000000 20.900000 -9.000000
v 14.348775 20.865812 -9.000000
v 20.809155 14.904090 -9.000000
v 15.683340 20.663885 -9.000000
v 20.535027 16.145294 -9.000000
v 17.033876 20.182575 -9.000000
v 20.025627 17.339033 -9.000000
v 18.146797 19.505531 -9.000000
v 19.201370 18.523184 -9.000000
v -13.000000 20.997494 -8.922252
v 13.000000 21.000000 -8.900000
v 13.000000 20.997494 -8.922252
v -13.000000 21.000000 -8.900000
v -13.000000 20.990097 -8.943388
v 13.000000 20.990097 -8.943388
v -13.000000 20.978184 -8.962349
v 13.000000 20.978184 -8.962349
v -13.000000 20.962349 -8.978183
v 13.000000 20.962349 -8.978183
v -13.000000 20.943388 -8.990097
v 13.000000 20.943388 -8.990097
v 13.000000 20.922253 -8.997493
v -13.000000 20.922253 -8.997493
v 17.667042 19.917049 -8.970711
v 17.418024 20.096323 -8.900000
v 18.600941 19.266470 -8.900000
v 20.965498 13.680858 -8.970711
v 20.978184 13.000000 -8.962349
v 20.962349 13.000000 -8.978183
v 20.943388 13.000000 -8.990097
v 20.922253 13.000000 -8.997493
v 20.973820 13.681025 -8.961267
v 20.965069 14.362845 -8.900000
v 20.980438 13.681157 -8.951611
v 21.000000 13.000000 -8.900000
v 20.997494 13.000000 -8.922252
v 20.990097 13.000000 -8.943388
v 20.911854 14.637557 -8.970711
v 20.815660 15.310787 -8.970711
v 20.759592 15.712523 -8.900000
v 20.670897 15.936644 -8.970711
v 20.439514 16.623838 -8.970711
v 20.271597 17.079340 -8.900000
v 20.168358 17.220875 -8.970711
v 19.805292 17.842892 -8.970711
v 19.507254 18.308863 -8.900000
v 19.371252 18.431757 -8.970711
v 18.928951 18.919525 -8.970711
v 18.388546 19.406775 -8.970711
v 17.235216 20.161015 -8.970711
v 16.638046 20.433958 -8.970711
v 16.208637 20.619766 -8.900000
v 15.951574 20.666729 -8.970711
v 15.317492 20.814627 -8.970711
v 14.936649 20.905735 -8.900000
v 14.643529 20.911245 -8.970711
v 13.676391 20.946501 -8.985653
v 13.676581 20.956156 -8.979033
v 13.676768 20.965599 -8.970711
v 21.000000 -13.000000 -8.900000
v 20.997494 -13.000000 -8.922252
v 20.990097 -13.000000 -8.943388
v 20.978184 -13.000000 -8.962349
v 20.962349 -13.000000 -8.978183
v 20.943388 -13.000000 -8.990097
v 20.922253 -13.000000 -8.997493
v 19.917049 -17.667042 -8.970711
v 20.096323 -17.418024 -8.900000
v 19.266470 -18.600941 -8.900000
v 13.680858 -20.965498 -8.970711
v 13.000000 -20.978184 -8.962349
v 13.000000 -20.962349 -8.978183
v 13.000000 -20.943388 -8.990097
v 13.000000 -20.922253 -8.997493
v 13.681025 -20.973820 -8.961267
v 14.362845 -20.965069 -8.900000
v 13.681157 -20.980438 -8.951611
v 13.000000 -21.000000 -8.900000
v 13.000000 -20.997494 -8.922252
v 13.000000 -20.990097 -8.943388
v 14.637557 -20.911854 -8.970711
v 15.310787 -20.815660 -8.970711
v 15.712523 -20.759592 -8.900000
v 15.936644 -20.670897 -8.970711
v 16.623838 -20.439514 -8.970711
v 17.079340 -20.271597 -8.900000
v 17.220875 -20.168358 -8.970711
v 17.842892 -19.805292 -8.970711
v 18.308863 -19.507254 -8.900000
v 18.431757 -19.371252 -8.970711
v 18.919525 -18.928951 -8.970711
v 19.406775 -18.388546 -8.970711
v 20.161015 -17.235216 -8.970711
v 20.433958 -16.638046 -8.970711
v 20.619766 -16.208637 -8.900000
v 20.666729 -15.951574 -8.970711
v 20.814627 -15.317492 -8.970711
v 20.905735 -14.936649 -8.900000
v 20.911245 -14.643529 -8.970711
v 20.946501 -13.676391 -8.985653
v 20.956156 -13.676581 -8.979033
v 20.965599 -13.676768 -8.970711
v -13.000000 -21.000000 -8.900000
v -13.000000 -20.997494 -8.922252
v -13.000000 -20.990097 -8.943388
v -13.000000 -20.978184 -8.962349
v -13.000000 -20.962349 -8.978183
v -13.000000 -20.943388 -8.990097
v -13.000000 -20.922253 -8.997493
v -17.667042 -19.917049 -8.970711
v -17.418024 -20.096323 -8.900000
v -18.600941 -19.266470 -8.900000
v -20.965498 -13.680858 -8.970711
v -20.978184 -13.000000 -8.962349
v -20.962349 -13.000000 -8.978183
v -20.943388 -13.000000 -8.990097
v -20.922253 -13.000000 -8.997493
v -20.973820 -13.681025 -8.961267
v -20.965069 -14.362845 -8.900000
v -20.980438 -13.681157 -8.951611
v -21.000000 -13.000000 -8.900000
v -20.997494 -13.000000 -8.922252
v -20.990097 -13.000000 -8.943388
v -20.911854 -14.637557 -8.970711
v -20.815660 -15.310787 -8.970711
v -20.759592 -15.712523 -8.900000
v -20.670897 -15.936644 -8.970711
v -20.439514 -16.623838 -8.970711
v -20.271597 -17.079340 -8.900000
v -20.168358 -17.220875 -8.970711
v -19.805292 -17.842892 -8.970711
v -19.507254 -18.308863 -8.900000
v -19.371252 -18.431757 -8.970711
v -18.928951 -18.919525 -8.970711
v -18.388546 -19.406775 -8.970711
v -17.235216 -20.161015 -8.970711
v -16.638046 -20.433958 -8.970711
v -16.208637 -20.619766 -8.900000
v -15.951574 -20.666729 -8.970711
v -15.317492 -20.814627 -8.970711
v -14.936649 -20.905735 -8.900000
v -14.643529 -20.911245 -8.970711
v -13.676391 -20.946501 -8.985653
v -13.676581 -20.956156 -8.979033
v -13.676768 -20.965599 -8.970711
v -21.000000 13.000000 -8.900000
v -20.997494 13.000000 -8.922252
v -20.990097 13.000000 -8.943388
v -20.978184 13.000000 -8.962349
v -20.962349 13.000000 -8.978183
v -20.943388 13.000000 -8.990097
v -20.922253 13.000000 -8.997493
v -19.917049 17.667042 -8.970711
v -20.101295 17.409033 -8.900000
v -19.273113 18.593317 -8.900000
v -13.683394 20.965446 -8.970711
v -13.683562 20.973768 -8.961267
v -14.367912 20.964703 -8.900000
v -13.683696 20.980387 -8.951611
v -14.640076 20.911596 -8.970711
v -15.315777 20.814730 -8.970711
v -15.722478 20.757166 -8.900000
v -15.941580 20.669518 -8.970711
v -16.628679 20.437592 -8.970711
v -17.088678 20.267084 -8.900000
v -17.225460 20.165998 -8.970711
v -17.847193 19.802462 -8.970711
v -18.317085 19.500832 -8.900000
v -18.435766 19.367950 -8.970711
v -18.923096 18.925386 -8.970711
v -19.409943 18.384630 -8.970711
v -20.163357 17.230686 -8.970711
v -20.433958 16.638046 -8.970711
v -20.619766 16.208637 -8.900000
v -20.666729 15.951574 -8.970711
v -20.814627 15.317492 -8.970711
v -20.905735 14.936649 -8.900000
v -20.911245 14.643529 -8.970711
v -20.946501 13.676391 -8.985653
v -20.956156 13.676581 -8.979033
v -20.965599 13.676768 -8.970711
v -13.000000 20.000000 -0.000000
v -14.249439 19.970697 -0.000000
v -15.480781 19.786842 -0.000000
v -16.522133 19.428352 -0.000000
v -17.472582 18.882839 -0.000000
v -18.391747 18.078070 -0.000000
v -19.184139 16.999960 -0.000000
v -19.691530 15.827124 -0.000000
v -19.901333 14.896226 -0.000000
v -20.000000 13.000000 0.000000
v -20.000000 -13.000000 0.000000
v -19.970697 -14.249439 0.000000
v -19.786842 -15.480781 0.000000
v -19.428352 -16.522133 0.000000
v -18.882839 -17.472582 0.000000
v -18.078070 -18.391747 0.000000
v -16.999960 -19.184139 0.000000
v -15.827124 -19.691530 0.000000
v -14.896226 -19.901333 0.000000
v -13.000000 -20.000000 0.000000
v 13.000000 -20.000000 -0.000000
v 14.249439 -19.970697 -0.000000
v 15.480781 -19.786842 -0.000000
v 16.522133 -19.428352 -0.000000
v 17.472582 -18.882839 -0.000000
v 18.391747 -18.078070 -0.000000
v 19.184139 -16.999960 -0.000000
v 19.691530 -15.827124 -0.000000
v 19.901333 -14.896226 -0.000000
v 20.000000 -13.000000 0.000000
v 20.000000 13.000000 -0.000000
v 19.970697 14.249439 -0.000000
v 19.786842 15.480781 -0.000000
v 19.428352 16.522133 -0.000000
v 18.882839 17.472582 -0.000000
v 18.078070 18.391747 -0.000000
v 16.999960 19.184139 -0.000000
v 15.827124 19.691530 -0.000000
v 14.896226 19.901333 -0.000000
v 13.000000 20.000000 0.000000
v 13.000000 21.000000 -0.100000
v -13.000000 21.000000 -0.100000
v 21.000000 13.000000 -0.100000
v 20.962152 14.403650 -0.100000
v 20.734602 15.812685 -0.100000
v 20.237066 17.149864 -0.100000
v 19.459763 18.369070 -0.100000
v 18.433296 19.407883 -0.100000
v 17.340981 20.138309 -0.100000
v 16.106489 20.651823 -0.100000
v 14.863929 20.915367 -0.100000
v 21.000000 -13.000000 -0.100000
v 13.000000 -21.000000 -0.100000
v 14.403650 -20.962152 -0.100000
v 15.812685 -20.734602 -0.100000
v 17.149864 -20.237066 -0.100000
v 18.369070 -19.459763 -0.100000
v 19.407883 -18.433296 -0.100000
v 20.138309 -17.340981 -0.100000
v 20.651823 -16.106489 -0.100000
v 20.915367 -14.863929 -0.100000
v -13.000000 -21.000000 -0.100000
v -21.000000 -13.000000 -0.100000
v -20.962152 -14.403650 -0.100000
v -20.734602 -15.812685 -0.100000
v -20.237066 -17.149864 -0.100000
v -19.459763 -18.369070 -0.100000
v -18.433296 -19.407883 -0.100000
v -17.340981 -20.138309 -0.100000
v -16.106489 -20.651823 -0.100000
v -14.863929 -20.915367 -0.100000
v -21.000000 13.000000 -0.100000
v -14.403650 20.962152 -0.100000
v -15.812685 20.734602 -0.100000
v -17.149864 20.237066 -0.100000
v -18.369070 19.459763 -0.100000
v -19.407883 18.433296 -0.100000
v -20.138309 17.340981 -0.100000
v -20.651823 16.106489 -0.100000
v -20.915367 14.863929 -0.100000
v -19.177977 -18.550137 0.000000
v -18.113567 -19.530258 0.000000
v -20.006605 -17.373573 0.000000
v -16.999674 -20.198942 0.000000
v -20.538853 -16.133177 0.000000
v -15.655285 -20.670374 0.000000
v -20.827791 -14.755659 0.000000
v -14.346739 -20.865879 0.000000
v -20.900000 -13.000000 -0.000000
v -13.000000 -20.900000 -0.000000
v 13.000000 -20.900000 -0.000000
v -20.900000 13.000000 -0.000000
v -20.865879 14.346739 0.000000
v 14.755659 -20.827791 0.000000
v -20.670374 15.655285 0.000000
v 16.133177 -20.538853 0.000000
v -20.198942 16.999674 0.000000
v 17.373573 -20.006605 0.000000
v -19.530258 18.113567 0.000000
v 18.550137 -19.177977 0.000000
v -18.550137 19.177977 0.000000
v 19.530258 -18.113567 0.000000
v -17.373573 20.006605 0.000000
v 20.198942 -16.999674 0.000000
v -16.133177 20.538853 0.000000
v 20.670374 -15.655285 0.000000
v -14.755659 20.827791 0.000000
v 20.865879 -14.346739 0.000000
v -13.000000 20.900000 -0.000000
v 20.900000 -13.000000 -0.000000
v 20.900000 13.000000 -0.000000
v 13.000000 20.900000 -0.000000
v 14.346739 20.865879 0.000000
v 20.827791 14.755659 0.000000
v 15.655285 20.670374 0.000000
v 20.538853 16.133177 0.000000
v 16.999674 20.198942 0.000000
v 20.006605 17.373573 0.000000
v 18.113567 19.530258 0.000000
v 19.177977 18.550137 0.000000
v -13.000000 20.922253 -0.002507
v 13.000000 20.922253 -0.002507
v -13.000000 20.943388 -0.009903
v 13.000000 20.943388 -0.009903
v -13.000000 20.962349 -0.021817
v 13.000000 20.962349 -0.021817
v -13.000000 20.978184 -0.037651
v 13.000000 20.978184 -0.037651
v -13.000000 20.990097 -0.056612
v 13.000000 20.990097 -0.056612
v -13.000000 20.997494 -0.077748
v 13.000000 20.997494 -0.077748
v 17.667042 19.917049 -0.029289
v 20.980009 13.701601 -0.048390
v 20.978184 13.000000 -0.037651
v 20.990097 13.000000 -0.056612
v 20.997494 13.000000 -0.077748
v 20.973391 13.701461 -0.038732
v 20.965069 13.701285 -0.029289
v 20.922253 13.000000 -0.002507
v 20.943388 13.000000 -0.009903
v 20.962349 13.000000 -0.021817
v 20.917276 14.582776 -0.029288
v 20.820107 15.286685 -0.029288
v 20.658575 15.980271 -0.029289
v 20.427273 16.654472 -0.029289
v 20.141199 17.273125 -0.029290
v 19.773375 17.891006 -0.029290
v 19.335432 18.474974 -0.029330
v 18.838261 19.008808 -0.029330
v 18.286558 19.487738 -0.029288
v 17.179340 20.189598 -0.029289
v 16.570860 20.460379 -0.029289
v 15.886074 20.684826 -0.029288
v 15.267086 20.823875 -0.029288
v 14.606215 20.914997 -0.029288
v 13.675746 20.965618 -0.029288
v 13.675560 20.956175 -0.020966
v 13.675369 20.946518 -0.014346
v 20.922253 -13.000000 -0.002507
v 20.943388 -13.000000 -0.009903
v 20.962349 -13.000000 -0.021817
v 20.978184 -13.000000 -0.037651
v 20.990097 -13.000000 -0.056612
v 20.997494 -13.000000 -0.077748
v 19.917049 -17.667042 -0.029289
v 13.701601 -20.980009 -0.048390
v 13.000000 -20.978184 -0.037651
v 13.000000 -20.990097 -0.056612
v 13.000000 -20.997494 -0.077748
v 13.701461 -20.973391 -0.038732
v 13.701285 -20.965069 -0.029289
v 13.000000 -20.922253 -0.002507
v 13.000000 -20.943388 -0.009903
v 13.000000 -20.962349 -0.021817
v 14.582776 -20.917276 -0.029288
v 15.286685 -20.820107 -0.029288
v 15.980271 -20.658575 -0.029289
v 16.654472 -20.427273 -0.029289
v 17.273125 -20.141199 -0.029290
v 17.891006 -19.773375 -0.029290
v 18.474974 -19.335432 -0.029330
v 19.008808 -18.838261 -0.029330
v 19.487738 -18.286558 -0.029288
v 20.189598 -17.179340 -0.029289
v 20.460379 -16.570860 -0.029289
v 20.684826 -15.886074 -0.029288
v 20.823875 -15.267086 -0.029288
v 20.914997 -14.606215 -0.029288
v 20.965618 -13.675746 -0.029288
v 20.956175 -13.675560 -0.020966
v 20.946518 -13.675369 -0.014346
v -13.000000 -20.922253 -0.002507
v -13.000000 -20.943388 -0.009903
v -13.000000 -20.962349 -0.021817
v -13.000000 -20.978184 -0.037651
v -13.000000 -20.990097 -0.056612
v -13.000000 -20.997494 -0.077748
v -17.667042 -19.917049 -0.029289
v -20.980009 -13.701601 -0.048390
v -20.978184 -13.000000 -0.037651
v -20.990097 -13.000000 -0.056612
v -20.997494 -13.000000 -0.077748
v -20.973391 -13.701461 -0.038732
v -20.965069 -13.701285 -0.029289
v -20.922253 -13.000000 -0.002507
v -20.943388 -13.000000 -0.009903
v -20.962349 -13.000000 -0.021817
v -20.917276 -14.582776 -0.029288
v -20.820107 -15.286685 -0.029288
v -20.658575 -15.980271 -0.029289
v -20.427273 -16.654472 -0.029289
v -20.141199 -17.273125 -0.029290
v -19.773375 -17.891006 -0.029290
v -19.335432 -18.474974 -0.029330
v -18.838261 -19.008808 -0.029330
v -18.286558 -19.487738 -0.029288
v -17.179340 -20.189598 -0.029289
v -16.570860 -20.460379 -0.029289
v -15.886074 -20.684826 -0.029288
v -15.267086 -20.823875 -0.029288
v -14.606215 -20.914997 -0.029288
v -13.675746 -20.965618 -0.029288
v -13.675560 -20.956175 -0.020966
v -13.675369 -20.946518 -0.014346
v -20.922253 13.000000 -0.002507
v -20.943388 13.000000 -0.009903
v -20.962349 13.000000 -0.021817
v -20.978184 13.000000 -0.037651
v -20.990097 13.000000 -0.056612
v -20.997494 13.000000 -0.077748
v -19.917049 17.667042 -0.029289
v -13.701601 20.980009 -0.048390
v -13.701461 20.973391 -0.038732
v -13.701285 20.965069 -0.029289
v -14.582776 20.917276 -0.029288
v -15.286685 20.820107 -0.029288
v -15.980271 20.658575 -0.029289
v -16.654472 20.427273 -0.029289
v -17.273125 20.141199 -0.029290
v -17.891006 19.773375 -0.029290
v -18.474974 19.335432 -0.029330
v -19.008808 18.838261 -0.029330
v -19.487738 18.286558 -0.029288
v -20.189598 17.179340 -0.029289
v -20.460379 16.570860 -0.029289
v -20.684826 15.886074 -0.029288
v -20.823875 15.267086 -0.029288
v -20.914997 14.606215 -0.029288
v -20.965618 13.675746 -0.029288
v -20.956175 13.675560 -0.020966
v -20.946518 13.675369 -0.014346
v 0.610901 -15.000000 -17.128523
v 1.186299 -15.000000 -16.910303
v 1.692753 -15.000000 -16.560724
v 2.534088 -15.000000 -14.957694
v 2.100831 -15.000000 -16.100100
v 2.386816 -15.000000 -15.555200
v 2.534088 -15.000000 -14.342306
v 2.386816 -15.000000 -13.744801
v 1.186299 -15.000000 -12.389696
v 0.610901 -15.000000 -12.171476
v 2.100831 -15.000000 -13.199902
v 1.692753 -15.000000 -12.739277
v 0.610901 -16.000000 -17.128523
v 1.186299 -16.000000 -16.910303
v 1.692753 -16.000000 -16.560724
v 2.100831 -16.000000 -16.100100
v 2.386816 -16.000000 -15.555200
v 2.534088 -16.000000 -14.957694
v 2.534088 -16.000000 -14.342306
v 2.386816 -16.000000 -13.744801
v 2.100831 -16.000000 -13.199902
v 1.692753 -16.000000 -12.739277
v 1.186299 -16.000000 -12.389696
v 0.610901 -16.000000 -12.171476
v 0.759827 -16.000000 -17.732740
v 1.475496 -16.000000 -17.461323
v 2.105414 -16.000000 -17.026522
v 2.612974 -16.000000 -16.453606
v 2.968677 -16.000000 -15.775870
v 3.151851 -16.000000 -15.032704
v 3.151851 -16.000000 -14.267296
v 0.759827 -16.000000 -11.567260
v 2.968677 -16.000000 -13.524130
v 1.475496 -16.000000 -11.838677
v 2.612974 -16.000000 -12.846395
v 2.105414 -16.000000 -12.273479
v 0.759827 -20.500000 -17.732740
v 1.475496 -20.500000 -17.461323
v 2.105414 -20.500000 -17.026522
v 2.612974 -20.500000 -16.453606
v 2.968677 -20.500000 -15.775870
v 3.151851 -20.500000 -15.032704
v 3.151851 -20.500000 -14.267296
v 2.968677 -20.500000 -13.524130
v 2.612974 -20.500000 -12.846395
v 2.105414 -20.500000 -12.273479
v 1.475496 -20.500000 -11.838677
v 0.759827 -20.500000 -11.567260
v 19.700001 -5.525000 -14.370000
v 20.799999 -5.525000 -14.370000
v 19.700001 -5.836529 -14.405101
v 20.799999 -5.836529 -14.405101
v 20.799999 -6.132437 -14.508643
v 19.700001 -6.132437 -14.508643
v 20.799999 -6.397886 -14.675436
v 19.700001 -6.397886 -14.675436
v 20.799999 -6.619564 -14.897115
v 19.700001 -6.619564 -14.897115
v 20.799999 -6.786356 -15.162562
v 19.700001 -6.786356 -15.162562
v 20.799999 -6.889899 -15.458470
v 19.700001 -6.889899 -15.458470
v 20.799999 -6.925000 -15.770000
v 19.700001 -6.925000 -15.770000
v 19.700001 -6.925000 -16.600000
v 20.799999 -6.925000 -16.600000
v 19.700001 -6.889899 -16.911530
v 20.799999 -6.889899 -16.911530
v 20.799999 -6.786356 -17.207438
v 19.700001 -6.786356 -17.207438
v 20.799999 -6.619564 -17.472885
v 19.700001 -6.619564 -17.472885
v 20.799999 -6.397886 -17.694565
v 19.700001 -6.397886 -17.694565
v 20.799999 -6.132437 -17.861357
v 19.700001 -6.132437 -17.861357
v 20.799999 -5.836529 -17.964899
v 19.700001 -5.836529 -17.964899
v 20.799999 -5.525000 -18.000000
v 19.700001 -5.525000 -18.000000
v 20.799999 5.525000 -18.000000
v 19.700001 5.525000 -18.000000
v 19.700001 5.836529 -17.964899
v 20.799999 5.836529 -17.964899
v 20.799999 6.132437 -17.861357
v 19.700001 6.132437 -17.861357
v 20.799999 6.397886 -17.694565
v 19.700001 6.397886 -17.694565
v 20.799999 6.619564 -17.472885
v 19.700001 6.619564 -17.472885
v 20.799999 6.786356 -17.207438
v 19.700001 6.786356 -17.207438
v 20.799999 6.889899 -16.911530
v 19.700001 6.889899 -16.911530
v 20.799999 6.925000 -16.600000
v 19.700001 6.925000 -16.600000
v 20.799999 6.925000 -16.335686
v 19.700001 6.925000 -16.335686
v 20.799999 6.661396 -15.699289
v 19.700001 6.773323 -15.835672
v 20.799999 6.773323 -15.835672
v 19.700001 6.661396 -15.699289
v 19.700001 6.856492 -15.991270
v 20.799999 6.856492 -15.991270
v 20.799999 6.907707 -16.160105
v 19.700001 6.907707 -16.160105
v 19.700001 5.595711 -14.633604
v 20.799999 5.595711 -14.633604
v 20.799999 4.959314 -14.370000
v 19.700001 5.134896 -14.387293
v 20.799999 5.134896 -14.387293
v 19.700001 4.959314 -14.370000
v 19.700001 5.303730 -14.438508
v 20.799999 5.303730 -14.438508
v 19.700001 5.459328 -14.521677
v 20.799999 5.459328 -14.521677
v 20.780001 -8.808547 -16.961754
v 18.000000 -8.808547 -16.961754
v 20.780001 -8.628222 -16.893364
v 18.000000 -8.628222 -16.893364
v 20.780001 -8.469501 -16.783808
v 18.000000 -8.469501 -16.783808
v 20.780001 -8.341613 -16.639452
v 18.000000 -8.341613 -16.639452
v 20.780001 -8.251987 -16.468683
v 18.000000 -8.251987 -16.468683
v 18.000000 -8.205832 -16.281429
v 20.780001 -8.205832 -16.281429
v 20.780001 -8.205832 -16.088572
v 18.000000 -8.205832 -16.088572
v 20.780001 -8.251987 -15.901316
v 18.000000 -8.251987 -15.901316
v 18.000000 -8.341613 -15.730548
v 20.780001 -8.341613 -15.730548
v 20.780001 -8.469501 -15.586191
v 18.000000 -8.469501 -15.586191
v 20.780001 -8.628222 -15.476635
v 18.000000 -8.628222 -15.476635
v 18.000000 -8.808547 -15.408247
v 20.780001 -8.808547 -15.408247
v 20.780001 9.191453 -16.961754
v 18.000000 9.191453 -16.961754
v 20.780001 9.371778 -16.893364
v 18.000000 9.371778 -16.893364
v 20.780001 9.530499 -16.783808
v 18.000000 9.530499 -16.783808
v 20.780001 9.658387 -16.639452
v 18.000000 9.658387 -16.639452
v 20.780001 9.748013 -16.468683
v 18.000000 9.748013 -16.468683
v 18.000000 9.794168 -16.281429
v 20.780001 9.794168 -16.281429
v 20.780001 9.794168 -16.088572
v 18.000000 9.794168 -16.088572
v 20.780001 9.748013 -15.901316
v 18.000000 9.748013 -15.901316
v 18.000000 9.658387 -15.730548
v 20.780001 9.658387 -15.730548
v 20.780001 9.530499 -15.586191
v 18.000000 9.530499 -15.586191
v 20.780001 9.371778 -15.476635
v 18.000000 9.371778 -15.476635
v 18.000000 9.191453 -15.408247
v 20.780001 9.191453 -15.408247
v 0.879485 -21.000000 -18.218212
v 1.707858 -21.000000 -17.904051
v 2.436976 -21.000000 -17.400778
v 3.024466 -21.000000 -16.737638
v 3.436185 -21.000000 -15.953173
v 3.648205 -21.000000 -15.092973
v 3.648205 -21.000000 -14.207027
v 3.436185 -21.000000 -13.346828
v 3.024466 -21.000000 -12.562362
v 2.436976 -21.000000 -11.899223
v 1.707858 -21.000000 -11.395949
v 0.879485 -21.000000 -11.081789
v 21.000000 -5.525000 -14.170000
v 21.000000 -5.881033 -14.210115
v 21.000000 -6.219214 -14.328450
v 21.000000 -6.522583 -14.519070
v 21.000000 -6.775930 -14.772416
v 21.000000 -6.966550 -15.075786
v 21.000000 -7.084885 -15.413966
v 21.000000 -7.125000 -15.770000
v 21.000000 -7.125000 -16.600000
v 21.000000 -7.084885 -16.956034
v 21.000000 -6.966550 -17.294214
v 21.000000 -6.775930 -17.597584
v 21.000000 -6.522583 -17.850931
v 21.000000 -6.219214 -18.041550
v 21.000000 -5.881033 -18.159885
v 21.000000 -5.525000 -18.200001
v 21.000000 5.525000 -18.200001
v 21.000000 5.881033 -18.159885
v 21.000000 6.219214 -18.041550
v 21.000000 6.522583 -17.850931
v 21.000000 6.775930 -17.597584
v 21.000000 6.966550 -17.294214
v 21.000000 7.084885 -16.956034
v 21.000000 7.125000 -16.600000
v 21.000000 7.125000 -16.335686
v 21.000000 7.103864 -16.121086
v 21.000000 7.041267 -15.914734
v 21.000000 6.939617 -15.724558
v 21.000000 6.802817 -15.557868
v 21.000000 5.737132 -14.492183
v 21.000000 5.570442 -14.355384
v 21.000000 5.380266 -14.253733
v 21.000000 5.173914 -14.191136
v 21.000000 4.959314 -14.170000
v 21.000000 -8.755898 -17.175360
v 21.000000 -8.525982 -17.088165
v 21.000000 -8.323615 -16.948481
v 21.000000 -8.160557 -16.764425
v 21.000000 -8.046284 -16.546698
v 21.000000 -7.987437 -16.307947
v 21.000000 -7.987437 -16.062052
v 21.000000 -8.046284 -15.823303
v 21.000000 -8.160557 -15.605574
v 21.000000 -8.323615 -15.421519
v 21.000000 -8.525982 -15.281835
v 21.000000 -8.755898 -15.194639
v 21.000000 9.244102 -17.175360
v 21.000000 9.474018 -17.088165
v 21.000000 9.676385 -16.948481
v 21.000000 9.839443 -16.764425
v 21.000000 9.953716 -16.546698
v 21.000000 10.012563 -16.307947
v 21.000000 10.012563 -16.062052
v 21.000000 9.953716 -15.823303
v 21.000000 9.839443 -15.605574
v 21.000000 9.676385 -15.421519
v 21.000000 9.474018 -15.281835
v 21.000000 9.244102 -15.194639
v -19.407883 -18.433296 -9.300000
v -18.369070 -19.459763 -9.300000
v -20.138309 -17.340981 -9.300000
v -17.149864 -20.237066 -9.300000
v -20.651823 -16.106489 -9.300000
v -15.812685 -20.734602 -9.300000
v -20.915367 -14.863929 -9.300000
v -14.403650 -20.962152 -9.300000
v -21.000000 -13.000000 -9.300000
v -13.000000 -21.000000 -9.300000
v 13.000000 -21.000000 -9.300000
v -21.000000 13.000000 -9.300000
v -20.962152 14.403650 -9.300000
v 14.863929 -20.915367 -9.300000
v -20.734602 15.812685 -9.300000
v 16.106489 -20.651823 -9.300000
v -20.237066 17.149864 -9.300000
v 17.340981 -20.138309 -9.300000
v -19.459763 18.369070 -9.300000
v 18.433296 -19.407883 -9.300000
v -18.433296 19.407883 -9.300000
v 19.459763 -18.369070 -9.300000
v -17.340981 20.138309 -9.300000
v 20.237066 -17.149864 -9.300000
v -16.106489 20.651823 -9.300000
v 20.734602 -15.812685 -9.300000
v -14.863929 20.915367 -9.300000
v 20.962152 -14.403650 -9.300000
v -13.000000 21.000000 -9.300000
v 21.000000 -13.000000 -9.300000
v 13.000000 21.000000 -9.300000
v 21.000000 13.000000 -9.300000
v 14.403650 20.962152 -9.300000
v 20.915367 14.863929 -9.300000
v 15.812685 20.734602 -9.300000
v 20.651823 16.106489 -9.300000
v 17.149864 20.237066 -9.300000
v 20.138309 17.340981 -9.300000
v 18.369070 19.459763 -9.300000
v 19.407883 18.433296 -9.300000
v -14.863929 20.915367 -20.000000
v -13.000000 21.000000 -20.000000
v -16.106489 20.651823 -20.000000
v -17.340981 20.138309 -20.000000
v -18.433296 19.407883 -20.000000
v -19.459763 18.369070 -20.000000
v -20.237066 17.149864 -20.000000
v -20.734602 15.812685 -20.000000
v -20.962152 14.403650 -20.000000
v -21.000000 13.000000 -20.000000
v -21.000000 -13.000000 -20.000000
v -20.915367 -14.863929 -20.000000
v -20.651823 -16.106489 -20.000000
v -20.138309 -17.340981 -20.000000
v -19.407883 -18.433296 -20.000000
v -18.369070 -19.459763 -20.000000
v -17.149864 -20.237066 -20.000000
v -15.812685 -20.734602 -20.000000
v -14.403650 -20.962152 -20.000000
v -13.000000 -21.000000 -20.000000
v 13.000000 -21.000000 -20.000000
v 14.863929 -20.915367 -20.000000
v 16.106489 -20.651823 -20.000000
v 17.340981 -20.138309 -20.000000
v 18.433296 -19.407883 -20.000000
v 19.459763 -18.369070 -20.000000
v 20.237066 -17.149864 -20.000000
v 20.734602 -15.812685 -20.000000
v 20.962152 -14.403650 -20.000000
v 21.000000 -13.000000 -20.000000
v 21.000000 13.000000 -20.000000
v 20.915367 14.863929 -20.000000
v 20.651823 16.106489 -20.000000
v 20.138309 17.340981 -20.000000
v 19.407883 18.433296 -20.000000
v 18.369070 19.459763 -20.000000
v 17.149864 20.237066 -20.000000
v 15.812685 20.734602 -20.000000
v 14.403650 20.962152 -20.000000
v 13.000000 21.000000 -20.000000
v -13.639705 -20.926235 -20.646151
v -13.000000 -20.924784 -20.667562
v -13.413243 -20.801912 -21.070442
v -13.000000 -20.702906 -21.301651
v -13.000000 -20.345495 -21.870470
v -13.638186 -20.841108 -20.953438
v -14.271442 -20.904242 -20.631027
v -14.203907 -20.819830 -20.953438
v -13.572431 -19.464502 -22.616776
v -13.000000 -19.870470 -22.345495
v -13.000000 -19.301651 -22.702906
v -14.428847 -20.156670 -22.040434
v -13.566269 -19.067810 -22.802523
v -13.000000 -18.667562 -22.924784
v -13.869514 -19.243244 -22.725517
v -13.858618 -18.943258 -22.844456
v -13.847464 -18.636156 -22.929585
v -16.373785 -19.624548 -22.121323
v -15.785807 -19.830591 -22.121323
v -16.282654 -20.189928 -21.467127
v -15.356254 -19.268829 -22.616776
v -15.280502 -19.956297 -22.121307
v -17.006681 -19.319639 -22.121321
v -17.553411 -19.570766 -21.467125
v -16.391321 -18.901508 -22.616781
v -17.541794 -18.982664 -22.121321
v -18.102699 -18.533703 -22.121321
v -18.671507 -18.676441 -21.467125
v -17.423761 -18.252981 -22.616781
v -18.552040 -18.082319 -22.121321
v -19.546257 -17.591955 -21.467125
v -19.000298 -17.516764 -22.121321
v -19.305506 -17.031887 -22.121321
v -20.154070 -16.380590 -21.467125
v -18.287827 -17.379841 -22.616781
v -19.621109 -16.382151 -22.121321
v -19.816519 -15.832856 -22.121321
v -20.397985 -15.577678 -21.467125
v -18.915335 -16.362083 -22.616781
v -20.921618 -13.830326 -20.646151
v -20.924784 -13.000000 -20.667562
v -19.957708 -15.273555 -22.121321
v -20.800783 -13.531689 -21.070442
v -20.702906 -13.000000 -21.301651
v -20.836519 -13.827830 -20.953438
v -20.717621 -13.824343 -21.253603
v -20.615025 -13.529354 -21.467125
v -20.345495 -13.000000 -21.870470
v -19.870470 -13.000000 -22.345495
v -19.998611 -14.413456 -22.199226
v -18.950686 -13.573185 -22.844448
v -18.667562 -13.000000 -22.924784
v -18.926506 -14.179789 -22.844461
v -18.604889 -14.157538 -22.932878
v -19.069820 -13.379334 -22.802517
v -19.301651 -13.000000 -22.702906
v -14.884434 -20.732229 -21.020622
v -15.442375 -20.735901 -20.698429
v -15.251999 -20.661945 -21.054136
v -15.204618 -20.604385 -21.213375
v -14.752155 -20.481407 -21.571344
v -14.641475 -20.385529 -21.734615
v -16.085945 -20.563177 -20.732157
v -16.450428 -20.494967 -20.484070
v -15.240661 -20.427893 -21.536821
v -16.749332 -20.321613 -20.732157
v -17.045048 -20.104956 -20.980742
v -17.413635 -19.994848 -20.732157
v -17.752420 -19.851784 -20.484070
v -18.018242 -19.610769 -20.732157
v -18.273773 -19.324924 -20.980742
v -18.602943 -19.143553 -20.732157
v -18.896601 -18.937622 -20.484070
v -14.968917 -18.602066 -22.909281
v -19.113722 -18.636103 -20.732157
v -15.363338 -18.506733 -22.909286
v -15.686648 -18.665291 -22.835161
v -15.102801 -18.318743 -22.960686
v -19.789986 -17.847889 -20.484070
v -19.297146 -18.308258 -20.980742
v -19.573866 -18.069593 -20.732157
v -15.812517 -18.353128 -22.909286
v -19.929815 -17.526623 -20.732157
v -15.947477 -18.023987 -22.960690
v -16.298126 -18.124025 -22.909286
v -16.660469 -18.199686 -22.835163
v -20.419109 -16.648052 -20.484070
v -20.256714 -16.897087 -20.732157
v -20.049740 -17.155096 -20.980742
v -16.745016 -17.844711 -22.909286
v -20.499756 -16.282116 -20.732157
v -20.627892 -15.861373 -20.732157
v -20.762362 -15.525657 -20.484070
v -20.497454 -16.047171 -20.980742
v -16.811562 -17.483807 -22.960690
v -17.175617 -17.499121 -22.909286
v -17.540693 -17.493385 -22.835163
v -20.766233 -15.240398 -20.732157
v -17.547457 -17.121424 -22.909286
v -20.820452 -14.729899 -20.805975
v -17.532433 -16.749905 -22.960690
v -17.887810 -16.683155 -22.909286
v -18.232492 -16.607372 -22.835163
v -18.153965 -16.242449 -22.909286
v -19.366997 -15.241547 -22.576464
v -18.057400 -15.874625 -22.960690
v -18.381865 -15.738957 -22.909286
v -19.042051 -15.212452 -22.743670
v -19.498423 -14.681451 -22.555553
v -18.619591 -15.227492 -22.889708
v -20.492622 -14.895243 -21.522287
v -20.514160 -14.575274 -21.549667
v -20.592646 -14.315400 -21.452412
v -18.667562 13.000000 -22.924784
v -19.301651 13.000000 -22.702906
v -19.870470 13.000000 -22.345495
v -20.345495 13.000000 -21.870470
v -20.702906 13.000000 -21.301651
v -20.924784 13.000000 -20.667562
v 13.000000 -18.667562 -22.924784
v 13.000000 -19.301651 -22.702906
v 13.000000 -19.870470 -22.345495
v 13.000000 -20.345495 -21.870470
v 13.000000 -20.702906 -21.301651
v 13.000000 -20.924784 -20.667562
v -20.926235 13.639705 -20.646151
v -20.801912 13.413243 -21.070442
v -20.841108 13.638186 -20.953438
v -20.904242 14.271442 -20.631027
v -20.819830 14.203907 -20.953438
v -19.464502 13.572431 -22.616776
v -20.156670 14.428847 -22.040434
v -19.067810 13.566269 -22.802523
v -19.243244 13.869514 -22.725517
v -18.943258 13.858618 -22.844456
v -18.636156 13.847464 -22.929585
v -19.624548 16.373785 -22.121323
v -19.830591 15.785807 -22.121323
v -20.189928 16.282654 -21.467127
v -19.268829 15.356254 -22.616776
v -19.956297 15.280502 -22.121307
v -19.319639 17.006681 -22.121321
v -19.570766 17.553411 -21.467125
v -18.901508 16.391321 -22.616781
v -18.982664 17.541794 -22.121321
v -18.533703 18.102699 -22.121321
v -18.676441 18.671507 -21.467125
v -18.252981 17.423761 -22.616781
v -18.082319 18.552040 -22.121321
v -17.591955 19.546257 -21.467125
v -17.516764 19.000298 -22.121321
v -17.031887 19.305506 -22.121321
v -16.380590 20.154070 -21.467125
v -17.379841 18.287827 -22.616781
v -16.382151 19.621109 -22.121321
v -15.832856 19.816519 -22.121321
v -15.577678 20.397985 -21.467125
v -16.362083 18.915335 -22.616781
v -13.830326 20.921618 -20.646151
v -13.000000 20.924784 -20.667562
v -15.273555 19.957708 -22.121321
v -13.531689 20.800783 -21.070442
v -13.000000 20.702906 -21.301651
v -13.827830 20.836519 -20.953438
v -13.824343 20.717621 -21.253603
v -13.529354 20.615025 -21.467125
v -13.000000 20.345495 -21.870470
v -13.000000 19.870470 -22.345495
v -14.413456 19.998611 -22.199226
v -13.573185 18.950686 -22.844448
v -13.000000 18.667562 -22.924784
v -14.179789 18.926506 -22.844461
v -14.157538 18.604889 -22.932878
v -13.379334 19.069820 -22.802517
v -13.000000 19.301651 -22.702906
v -20.732229 14.884434 -21.020622
v -20.735901 15.442375 -20.698429
v -20.661945 15.251999 -21.054136
v -20.604385 15.204618 -21.213375
v -20.481407 14.752155 -21.571344
v -20.385529 14.641475 -21.734615
v -20.563177 16.085945 -20.732157
v -20.494967 16.450428 -20.484070
v -20.427893 15.240661 -21.536821
v -20.321613 16.749332 -20.732157
v -20.104956 17.045048 -20.980742
v -19.994848 17.413635 -20.732157
v -19.851784 17.752420 -20.484070
v -19.610769 18.018242 -20.732157
v -19.324924 18.273773 -20.980742
v -19.143553 18.602943 -20.732157
v -18.937622 18.896601 -20.484070
v -18.602066 14.968917 -22.909281
v -18.636103 19.113722 -20.732157
v -18.506733 15.363338 -22.909286
v -18.665291 15.686648 -22.835161
v -18.318743 15.102801 -22.960686
v -17.847889 19.789986 -20.484070
v -18.308258 19.297146 -20.980742
v -18.069593 19.573866 -20.732157
v -18.353128 15.812517 -22.909286
v -17.526623 19.929815 -20.732157
v -18.023987 15.947477 -22.960690
v -18.124025 16.298126 -22.909286
v -18.199686 16.660469 -22.835163
v -16.648052 20.419109 -20.484070
v -16.897087 20.256714 -20.732157
v -17.155096 20.049740 -20.980742
v -17.844711 16.745016 -22.909286
v -16.282116 20.499756 -20.732157
v -15.861373 20.627892 -20.732157
v -15.525657 20.762362 -20.484070
v -16.047171 20.497454 -20.980742
v -17.483807 16.811562 -22.960690
v -17.499121 17.175617 -22.909286
v -17.493385 17.540693 -22.835163
v -15.240398 20.766233 -20.732157
v -17.121424 17.547457 -22.909286
v -14.729899 20.820452 -20.805975
v -16.749905 17.532433 -22.960690
v -16.683155 17.887810 -22.909286
v -16.607372 18.232492 -22.835163
v -16.242449 18.153965 -22.909286
v -15.241547 19.366997 -22.576464
v -15.874625 18.057400 -22.960690
v -15.738957 18.381865 -22.909286
v -15.212452 19.042051 -22.743670
v -14.681451 19.498423 -22.555553
v -15.227492 18.619591 -22.889708
v -14.895243 20.492622 -21.522287
v -14.575274 20.514160 -21.549667
v -14.315400 20.592646 -21.452412
v 20.926235 -13.639705 -20.646151
v 20.924784 -13.000000 -20.667562
v 20.801912 -13.413243 -21.070442
v 20.702906 -13.000000 -21.301651
v 20.345495 -13.000000 -21.870470
v 20.841108 -13.638186 -20.953438
v 20.904242 -14.271442 -20.631027
v 20.819830 -14.203907 -20.953438
v 19.464502 -13.572431 -22.616776
v 19.870470 -13.000000 -22.345495
v 19.301651 -13.000000 -22.702906
v 20.156670 -14.428847 -22.040434
v 19.067810 -13.566269 -22.802523
v 18.667562 -13.000000 -22.924784
v 19.243244 -13.869514 -22.725517
v 18.943258 -13.858618 -22.844456
v 18.636156 -13.847464 -22.929585
v 19.624548 -16.373785 -22.121323
v 19.830591 -15.785807 -22.121323
v 20.189928 -16.282654 -21.467127
v 19.268829 -15.356254 -22.616776
v 19.956297 -15.280502 -22.121307
v 19.319639 -17.006681 -22.121321
v 19.570766 -17.553411 -21.467125
v 18.901508 -16.391321 -22.616781
v 18.982664 -17.541794 -22.121321
v 18.533703 -18.102699 -22.121321
v 18.676441 -18.671507 -21.467125
v 18.252981 -17.423761 -22.616781
v 18.082319 -18.552040 -22.121321
v 17.591955 -19.546257 -21.467125
v 17.516764 -19.000298 -22.121321
v 17.031887 -19.305506 -22.121321
v 16.380590 -20.154070 -21.467125
v 17.379841 -18.287827 -22.616781
v 16.382151 -19.621109 -22.121321
v 15.832856 -19.816519 -22.121321
v 15.577678 -20.397985 -21.467125
v 16.362083 -18.915335 -22.616781
v 13.830326 -20.921618 -20.646151
v 15.273555 -19.957708 -22.121321
v 13.531689 -20.800783 -21.070442
v 13.824343 -20.717621 -21.253603
v 13.827830 -20.836519 -20.953438
v 13.529354 -20.615025 -21.467125
v 14.413456 -19.998611 -22.199226
v 13.573185 -18.950686 -22.844448
v 14.179789 -18.926506 -22.844461
v 14.157538 -18.604889 -22.932878
v 13.379334 -19.069820 -22.802517
v 20.732229 -14.884434 -21.020622
v 20.735901 -15.442375 -20.698429
v 20.661945 -15.251999 -21.054136
v 20.604385 -15.204618 -21.213375
v 20.481407 -14.752155 -21.571344
v 20.385529 -14.641475 -21.734615
v 20.563177 -16.085945 -20.732157
v 20.494967 -16.450428 -20.484070
v 20.427893 -15.240661 -21.536821
v 20.321613 -16.749332 -20.732157
v 20.104956 -17.045048 -20.980742
v 19.994848 -17.413635 -20.732157
v 19.851784 -17.752420 -20.484070
v 19.610769 -18.018242 -20.732157
v 19.324924 -18.273773 -20.980742
v 19.143553 -18.602943 -20.732157
v 18.937622 -18.896601 -20.484070
v 18.602066 -14.968917 -22.909281
v 18.636103 -19.113722 -20.732157
v 18.506733 -15.363338 -22.909286
v 18.665291 -15.686648 -22.835161
v 18.318743 -15.102801 -22.960686
v 17.847889 -19.789986 -20.484070
v 18.308258 -19.297146 -20.980742
v 18.069593 -19.573866 -20.732157
v 18.353128 -15.812517 -22.909286
v 17.526623 -19.929815 -20.732157
v 18.023987 -15.947477 -22.960690
v 18.124025 -16.298126 -22.909286
v 18.199686 -16.660469 -22.835163
v 16.648052 -20.419109 -20.484070
v 16.897087 -20.256714 -20.732157
v 17.155096 -20.049740 -20.980742
v 17.844711 -16.745016 -22.909286
v 16.282116 -20.499756 -20.732157
v 15.861373 -20.627892 -20.732157
v 15.525657 -20.762362 -20.484070
v 16.047171 -20.497454 -20.980742
v 17.483807 -16.811562 -22.960690
v 17.499121 -17.175617 -22.909286
v 17.493385 -17.540693 -22.835163
v 15.240398 -20.766233 -20.732157
v 17.121424 -17.547457 -22.909286
v 14.729899 -20.820452 -20.805975
v 16.749905 -17.532433 -22.960690
v 16.683155 -17.887810 -22.909286
v 16.607372 -18.232492 -22.835163
v 16.242449 -18.153965 -22.909286
v 15.241547 -19.366997 -22.576464
v 15.874625 -18.057400 -22.960690
v 15.738957 -18.381865 -22.909286
v 15.212452 -19.042051 -22.743670
v 14.681451 -19.498423 -22.555553
v 15.227492 -18.619591 -22.889708
v 14.895243 -20.492622 -21.522287
v 14.575274 -20.514160 -21.549667
v 14.315400 -20.592646 -21.452412
v 13.000000 18.667562 -22.924784
v 13.000000 19.301651 -22.702906
v 13.000000 19.870470 -22.345495
v 13.000000 20.345495 -21.870470
v 13.000000 20.702906 -21.301651
v 13.000000 20.924784 -20.667562
v 18.667562 13.000000 -22.924784
v 19.301651 13.000000 -22.702906
v 19.870470 13.000000 -22.345495
v 20.345495 13.000000 -21.870470
v 20.702906 13.000000 -21.301651
v 20.924784 13.000000 -20.667562
v 13.639705 20.926235 -20.646151
v 13.413243 20.801912 -21.070442
v 13.638186 20.841108 -20.953438
v 14.271442 20.904242 -20.631027
v 14.203907 20.819830 -20.953438
v 13.572431 19.464502 -22.616776
v 14.428847 20.156670 -22.040434
v 13.566269 19.067810 -22.802523
v 13.869514 19.243244 -22.725517
v 13.858618 18.943258 -22.844456
v 13.847464 18.636156 -22.929585
v 16.373785 19.624548 -22.121323
v 15.785807 19.830591 -22.121323
v 16.282654 20.189928 -21.467127
v 15.356254 19.268829 -22.616776
v 15.280502 19.956297 -22.121307
v 17.006681 19.319639 -22.121321
v 17.553411 19.570766 -21.467125
v 16.391321 18.901508 -22.616781
v 17.541794 18.982664 -22.121321
v 18.102699 18.533703 -22.121321
v 18.671507 18.676441 -21.467125
v 17.423761 18.252981 -22.616781
v 18.552040 18.082319 -22.121321
v 19.546257 17.591955 -21.467125
v 19.000298 17.516764 -22.121321
v 19.305506 17.031887 -22.121321
v 20.154070 16.380590 -21.467125
v 18.287827 17.379841 -22.616781
v 19.621109 16.382151 -22.121321
v 19.816519 15.832856 -22.121321
v 20.397985 15.577678 -21.467125
v 18.915335 16.362083 -22.616781
v 20.921618 13.830326 -20.646151
v 19.957708 15.273555 -22.121321
v 20.800783 13.531689 -21.070442
v 20.836519 13.827830 -20.953438
v 20.717621 13.824343 -21.253603
v 20.615025 13.529354 -21.467125
v 19.998611 14.413456 -22.199226
v 18.950686 13.573185 -22.844448
v 18.926506 14.179789 -22.844461
v 18.604889 14.157538 -22.932878
v 19.069820 13.379334 -22.802517
v 14.884434 20.732229 -21.020622
v 15.442375 20.735901 -20.698429
v 15.251999 20.661945 -21.054136
v 15.204618 20.604385 -21.213375
v 14.752155 20.481407 -21.571344
v 14.641475 20.385529 -21.734615
v 16.085945 20.563177 -20.732157
v 16.450428 20.494967 -20.484070
v 15.240661 20.427893 -21.536821
v 16.749332 20.321613 -20.732157
v 17.045048 20.104956 -20.980742
v 17.413635 19.994848 -20.732157
v 17.752420 19.851784 -20.484070
v 18.018242 19.610769 -20.732157
v 18.273773 19.324924 -20.980742
v 18.602943 19.143553 -20.732157
v 18.896601 18.937622 -20.484070
v 14.968917 18.602066 -22.909281
v 19.113722 18.636103 -20.732157
v 15.363338 18.506733 -22.909286
v 15.686648 18.665291 -22.835161
v 15.102801 18.318743 -22.960686
v 19.789986 17.847889 -20.484070
v 19.297146 18.308258 -20.980742
v 19.573866 18.069593 -20.732157
v 15.812517 18.353128 -22.909286
v 19.929815 17.526623 -20.732157
v 15.947477 18.023987 -22.960690
v 16.298126 18.124025 -22.909286
v 16.660469 18.199686 -22.835163
v 20.419109 16.648052 -20.484070
v 20.256714 16.897087 -20.732157
v 20.049740 17.155096 -20.980742
v 16.745016 17.844711 -22.909286
v 20.499756 16.282116 -20.732157
v 20.627892 15.861373 -20.732157
v 20.762362 15.525657 -20.484070
v 20.497454 16.047171 -20.980742
v 16.811562 17.483807 -22.960690
v 17.175617 17.499121 -22.909286
v 17.540693 17.493385 -22.835163
v 20.766233 15.240398 -20.732157
v 17.547457 17.121424 -22.909286
v 20.820452 14.729899 -20.805975
v 17.532433 16.749905 -22.960690
v 17.887810 16.683155 -22.909286
v 18.232492 16.607372 -22.835163
v 18.153965 16.242449 -22.909286
v 19.366997 15.241547 -22.576464
v 18.057400 15.874625 -22.960690
v 18.381865 15.738957 -22.909286
v 19.042051 15.212452 -22.743670
v 19.498423 14.681451 -22.555553
v 18.619591 15.227492 -22.889708
v 20.492622 14.895243 -21.522287
v 20.514160 14.575274 -21.549667
v 20.592646 14.315400 -21.452412
v 19.700001 -6.059549 -15.412953
v 19.700001 -6.012047 -15.365451
v 19.700001 -6.095291 -15.469835
v 19.700001 -5.955165 -15.329709
v 19.700001 -6.117478 -15.533244
v 19.700001 -5.891756 -15.307522
v 19.700001 -6.125000 -15.600000
v 19.700001 -5.825000 -15.300000
v 19.700001 -6.125000 -16.850000
v 19.700001 -6.117478 -16.916756
v 19.700001 -6.095291 -16.980165
v 19.700001 -6.059549 -17.037046
v 19.700001 -6.012047 -17.084549
v 19.700001 -5.955165 -17.120291
v 19.700001 -5.891756 -17.142479
v 19.700001 -5.825000 -17.150000
v 19.700001 -2.145000 -15.300000
v 19.700001 -1.746824 -16.370571
v 19.700001 -1.833718 -16.190134
v 19.700001 -1.800436 -16.285248
v 19.700001 -1.590248 -16.495436
v 19.700001 -1.675570 -16.441824
v 19.700001 -1.845000 -16.090000
v 19.700001 -1.395000 -16.540001
v 19.700001 -1.495134 -16.528717
v 19.700001 -1.369761 -16.540001
v 19.700001 -0.114053 -15.396177
v 19.700001 -1.852522 -15.533244
v 19.700001 -1.845000 -15.600000
v 19.700001 -1.874709 -15.469835
v 19.700001 -1.910451 -15.412953
v 19.700001 -1.957953 -15.365451
v 19.700001 -0.067718 -15.355468
v 19.700001 -2.014835 -15.329709
v 19.700001 -0.014036 -15.325094
v 19.700001 -2.078244 -15.307522
v 19.700001 -1.189594 -16.502359
v 19.700001 -1.277732 -16.530489
v 19.700001 -1.109071 -16.456799
v 19.700001 0.044723 -15.306340
v 19.700001 -1.039568 -16.395733
v 19.700001 0.106075 -15.300000
v 19.700001 5.250736 -15.300000
v 19.700001 5.309263 -15.305764
v 19.700001 5.365541 -15.322836
v 19.700001 5.417407 -15.350559
v 19.700001 5.462868 -15.387868
v 19.700001 6.037132 -15.962132
v 19.700001 6.102164 -16.059460
v 19.700001 6.119236 -16.115738
v 19.700001 6.074441 -16.007593
v 19.700001 6.125000 -16.174265
v 19.700001 6.125000 -16.850000
v 19.700001 5.825000 -17.150000
v 19.700001 6.117478 -16.916756
v 19.700001 5.891756 -17.142479
v 19.700001 5.955165 -17.120291
v 19.700001 6.095291 -16.980165
v 19.700001 6.012047 -17.084549
v 19.700001 6.059549 -17.037046
v 15.780000 5.462868 -15.387868
v 15.780000 5.417407 -15.350559
v 15.780000 5.365541 -15.322836
v 15.780000 5.309263 -15.305764
v 15.780000 5.250736 -15.300000
v 15.780000 6.037132 -15.962132
v 15.780000 6.125000 -16.174265
v 15.780000 6.119236 -16.115738
v 15.780000 6.102164 -16.059460
v 15.780000 6.074441 -16.007593
v 15.780000 6.125000 -16.850000
v 15.780000 5.825000 -17.150000
v 15.780000 5.891756 -17.142479
v 15.780000 5.955165 -17.120291
v 15.780000 6.012047 -17.084549
v 15.780000 6.059549 -17.037046
v 15.780000 6.095291 -16.980165
v 15.780000 6.117478 -16.916756
v 15.780000 -5.825000 -17.150000
v 15.780000 -6.125000 -16.850000
v 15.780000 -6.117478 -16.916756
v 15.780000 -6.095291 -16.980165
v 15.780000 -6.059549 -17.037046
v 15.780000 -6.012047 -17.084549
v 15.780000 -5.955165 -17.120291
v 15.780000 -5.891756 -17.142479
v 15.780000 -6.125000 -15.600000
v 15.780000 -5.825000 -15.300000
v 15.780000 -5.891756 -15.307522
v 15.780000 -5.955165 -15.329709
v 15.780000 -6.012047 -15.365451
v 15.780000 -6.059549 -15.412953
v 15.780000 -6.095291 -15.469835
v 15.780000 -6.117478 -15.533244
v 15.780000 -2.145000 -15.300000
v 15.780000 -1.845000 -15.600000
v 15.780000 -1.852522 -15.533244
v 15.780000 -1.874709 -15.469835
v 15.780000 -1.910451 -15.412953
v 15.780000 -1.957953 -15.365451
v 15.780000 -2.014835 -15.329709
v 15.780000 -2.078244 -15.307522
v 15.780000 -1.845000 -16.090000
v 15.780000 -1.833718 -16.190134
v 15.780000 -1.800436 -16.285248
v 15.780000 -1.746824 -16.370571
v 15.780000 -1.675570 -16.441824
v 15.780000 -1.590248 -16.495436
v 15.780000 -1.495134 -16.528717
v 15.780000 -1.395000 -16.540001
v 15.780000 -1.369761 -16.540001
v 15.780000 -1.277732 -16.530489
v 15.780000 -1.189594 -16.502359
v 15.780000 -1.109071 -16.456799
v 15.780000 -1.039568 -16.395733
v 15.780000 -0.114053 -15.396177
v 15.780000 0.106075 -15.300000
v 15.780000 0.044723 -15.306340
v 15.780000 -0.014036 -15.325094
v 15.780000 -0.067718 -15.355468
v 14.228551 -19.901949 -0.170000
v 13.000000 -19.930000 -0.170000
v 15.440379 -19.724592 -0.170000
v 16.476154 -19.372246 -0.170000
v 17.423000 -18.832161 -0.170000
v 18.337612 -18.033497 -0.170000
v 19.126263 -16.960148 -0.170000
v 19.627218 -15.798091 -0.170000
v 19.833532 -14.876307 -0.170000
v 19.930000 -13.000000 -0.170000
v -13.000000 -19.930000 -0.170000
v -19.901949 -14.228551 -0.170000
v -19.930000 -13.000000 -0.170000
v -19.724592 -15.440379 -0.170000
v -19.372246 -16.476154 -0.170000
v -18.832161 -17.423000 -0.170000
v -18.033497 -18.337612 -0.170000
v -16.960148 -19.126263 -0.170000
v -15.798091 -19.627218 -0.170000
v -14.876307 -19.833532 -0.170000
v -19.930000 13.000000 -0.170000
v -13.000000 19.930000 -0.170000
v -14.228551 19.901949 -0.170000
v -15.440379 19.724592 -0.170000
v -16.476154 19.372246 -0.170000
v -17.423000 18.832161 -0.170000
v -18.337612 18.033497 -0.170000
v -19.126263 16.960148 -0.170000
v -19.627218 15.798091 -0.170000
v -19.833532 14.876307 -0.170000
v 13.000000 19.930000 -0.170000
v 19.901949 14.228551 -0.170000
v 19.930000 13.000000 -0.170000
v 19.724592 15.440379 -0.170000
v 19.372246 16.476154 -0.170000
v 18.832161 17.423000 -0.170000
v 18.033497 18.337612 -0.170000
v 16.960148 19.126263 -0.170000
v 15.798091 19.627218 -0.170000
v 14.876307 19.833532 -0.170000
v 17.969912 -18.260090 -0.070000
v 15.758933 -19.534616 -0.070000
v 16.905853 -19.042065 -0.070000
v 18.757460 -17.355564 -0.070000
v 19.633152 -15.392879 -0.070000
v 19.288708 -16.418268 -0.070000
v 14.851027 -19.736031 -0.070000
v 19.803307 -14.204547 -0.070000
v 19.830000 -13.000000 -0.070000
v 13.000000 -19.830000 -0.070000
v 19.830000 13.000000 -0.070000
v -15.392879 -19.633152 -0.070000
v -17.355564 -18.757460 -0.070000
v -16.418268 -19.288708 -0.070000
v 19.042065 16.905853 -0.070000
v 18.260090 17.969912 -0.070000
v 19.534616 15.758933 -0.070000
v -18.260090 -17.969912 -0.070000
v -19.534616 -15.758933 -0.070000
v -19.042065 -16.905853 -0.070000
v 15.392879 19.633152 -0.070000
v 19.736031 14.851027 -0.070000
v 17.355564 18.757460 -0.070000
v 16.418268 19.288708 -0.070000
v -14.204547 -19.803307 -0.070000
v -19.736031 -14.851027 -0.070000
v 14.204547 19.803307 -0.070000
v 13.000000 19.830000 -0.070000
v -13.000000 -19.830000 -0.070000
v -19.830000 -13.000000 -0.070000
v -13.000000 19.830000 -0.070000
v -19.830000 13.000000 -0.070000
v -19.803307 14.204547 -0.070000
v -14.851027 19.736031 -0.070000
v -19.633152 15.392879 -0.070000
v -15.758933 19.534616 -0.070000
v -18.757460 17.355564 -0.070000
v -19.288708 16.418268 -0.070000
v -17.969912 18.260090 -0.070000
v -16.905853 19.042065 -0.070000
v 8.786323 0.299145 -17.500000
v 8.893180 0.580904 -17.500000
v 9.064362 0.828903 -17.500000
v 9.289919 1.028730 -17.500000
v 9.556744 1.168770 -17.500000
v 9.849329 1.240886 -17.500000
v 10.150671 1.240886 -17.500000
v 10.443256 1.168770 -17.500000
v 10.710081 1.028730 -17.500000
v 10.935638 0.828903 -17.500000
v 11.106820 0.580904 -17.500000
v 11.213677 0.299145 -17.500000
v -11.213677 0.299145 -17.500000
v -11.106820 0.580904 -17.500000
v -10.935638 0.828903 -17.500000
v -10.710081 1.028730 -17.500000
v -10.443256 1.168770 -17.500000
v -10.150671 1.240886 -17.500000
v -9.849329 1.240886 -17.500000
v -9.556744 1.168770 -17.500000
v -9.289919 1.028730 -17.500000
v -9.064362 0.828903 -17.500000
v -8.893180 0.580904 -17.500000
v -8.786323 0.299145 -17.500000
vn -0.228967 -0.009267 -0.973390
vn -0.526112 0.129675 -0.840471
vn -0.965914 0.039095 -0.255895
vn -0.892455 0.219971 -0.393874
vn -0.864049 0.453489 -0.218556
vn -0.197596 0.103707 -0.974782
vn -0.225427 0.183989 -0.956729
vn -0.690140 0.663120 -0.289790
vn -0.009187 0.012222 -0.999883
vn -0.512011 0.809995 -0.285926
vn -0.193870 0.454809 -0.869231
vn -0.304346 0.912160 -0.274478
vn -0.007353 0.045196 -0.998951
vn -0.077619 0.963583 -0.255895
vn 0.043961 0.545739 -0.836801
vn 0.152435 0.936932 -0.314520
vn 0.163006 0.488548 -0.857176
vn 0.392123 0.919902 -0.004399
vn 0.271530 0.429557 -0.861250
vn 0.560520 0.745644 -0.360322
vn 0.475801 0.421523 -0.771966
vn 0.747291 0.662042 -0.057063
vn 0.885381 0.464685 -0.013015
vn 0.372128 0.195308 -0.907400
vn 0.625224 0.181217 -0.759115
vn 0.979816 0.199852 -0.004399
vn 0.027338 0.001106 -0.999626
vn 0.977562 -0.039566 -0.206900
vn -0.027338 -0.001106 -0.999626
vn -0.730588 0.180074 -0.658646
vn -0.965914 0.039095 -0.255895
vn -0.892455 0.219971 -0.393874
vn -0.864049 0.453489 -0.218556
vn -0.372128 0.195308 -0.907400
vn -0.407315 0.332444 -0.850633
vn -0.690140 0.663120 -0.289790
vn -0.305357 0.406208 -0.861250
vn -0.512011 0.809995 -0.285926
vn -0.201955 0.473777 -0.857176
vn -0.304346 0.912160 -0.274478
vn -0.087921 0.540401 -0.836802
vn -0.077619 0.963583 -0.255895
vn 0.003677 0.045642 -0.998951
vn 0.152435 0.936932 -0.314520
vn 0.156480 0.468989 -0.869231
vn 0.392123 0.919902 -0.004399
vn 0.003437 0.005437 -0.999979
vn 0.560520 0.745644 -0.360322
vn 0.471353 0.417582 -0.776821
vn 0.747291 0.662042 -0.057063
vn 0.885381 0.464685 -0.013015
vn 0.203724 0.106923 -0.973172
vn 0.225478 0.065353 -0.972054
vn 0.979816 0.199852 -0.004399
vn 0.426356 0.017256 -0.904391
vn 0.977562 -0.039566 -0.206900
vn 0.999991 0.000000 -0.004244
vn 0.991915 0.026140 -0.124182
vn 0.106483 -0.035908 -0.993666
vn 0.079227 0.206027 -0.975334
vn 0.998662 0.022450 -0.046578
vn 0.079227 0.433451 -0.897688
vn 0.969522 0.156103 -0.188834
vn 0.079226 0.635686 -0.767871
vn 0.985830 0.134717 -0.099956
vn 0.060738 0.823093 -0.564649
vn 0.984389 0.162341 -0.068003
vn 0.113970 0.930820 -0.347253
vn 0.982422 0.184433 -0.028823
vn 0.079226 0.985011 -0.153222
vn 0.983616 0.178964 0.021730
vn 0.050014 0.995359 0.082210
vn 0.106483 0.941826 0.318787
vn 0.993144 0.109304 0.041454
vn 0.973337 0.193120 0.123774
vn 0.060738 0.819831 0.569375
vn 0.990118 0.096529 0.101729
vn 0.113971 0.654758 0.747197
vn 0.991079 0.065933 0.115822
vn 0.060738 0.461323 0.885151
vn 0.989906 0.038601 0.136366
vn 0.113970 0.232527 0.965889
vn 0.999902 0.000478 0.013986
vn 0.079226 0.033373 0.996298
vn 0.999984 0.000000 -0.005652
vn 0.999023 0.009102 -0.043240
vn 0.106483 -0.035908 -0.993666
vn 0.079227 0.206027 -0.975334
vn 0.999106 0.018358 -0.038088
vn 0.079227 0.433451 -0.897688
vn 0.999068 0.027505 -0.033272
vn 0.079226 0.635686 -0.767871
vn 0.998887 0.037883 -0.028108
vn 0.060738 0.823093 -0.564649
vn 0.998433 0.051614 -0.021620
vn 0.113970 0.930820 -0.347253
vn 0.999990 0.004353 -0.000680
vn 0.079226 0.985011 -0.153222
vn 0.994716 0.101920 0.012375
vn 0.050014 0.995359 0.082210
vn 0.106483 0.941826 0.318787
vn 0.998689 0.047854 0.018149
vn 0.997921 0.054258 0.034775
vn 0.060738 0.819831 0.569375
vn 0.997963 0.043908 0.046273
vn 0.113971 0.654758 0.747197
vn 0.997713 0.033441 0.058745
vn 0.060738 0.461323 0.885151
vn 0.997000 0.021080 0.074469
vn 0.113970 0.232527 0.965889
vn 0.999902 0.000478 0.013986
vn 0.079226 0.033373 0.996298
vn 0.000000 -0.999846 -0.017534
vn 0.027043 -0.991141 -0.130034
vn -0.034550 -0.136421 -0.990048
vn 0.207421 -0.104079 -0.972699
vn 0.039417 -0.995829 -0.082289
vn 0.466385 -0.080374 -0.880923
vn 0.046959 -0.997264 -0.057086
vn 0.660763 -0.147599 -0.735939
vn 0.053167 -0.997798 -0.039648
vn 0.822348 -0.080374 -0.563279
vn 0.059386 -0.997921 -0.025045
vn 0.927084 -0.147599 -0.344571
vn 0.010486 -0.999944 -0.001665
vn 0.989922 -0.080374 -0.116594
vn 0.067255 -0.997720 0.005677
vn 0.981022 -0.147599 0.125736
vn 0.061059 -0.997921 0.020633
vn 0.940606 -0.104079 0.323154
vn 0.069510 -0.996427 0.047979
vn 0.821846 -0.052559 0.567280
vn 0.630662 -0.136421 0.763973
vn 0.035036 -0.998603 0.039548
vn 0.045331 -0.995829 0.079185
vn 0.425829 -0.104045 0.898802
vn 0.036484 -0.991141 0.127707
vn 0.230311 -0.147599 0.961858
vn 0.000913 -0.999689 0.024915
vn 0.031389 -0.104079 0.994074
vn 0.317796 0.038345 -0.947384
vn 0.339904 0.261810 -0.903283
vn 0.353425 0.467871 -0.810054
vn 0.357974 0.646937 -0.673296
vn 0.493349 0.715859 -0.494119
vn 0.261825 0.902398 -0.342236
vn 0.317797 0.945097 -0.076131
vn 0.386866 0.910168 0.148084
vn 0.005570 0.919896 0.392122
vn 0.579498 0.670711 0.462956
vn 0.078388 0.661080 0.746209
vn 0.008361 0.464709 0.885424
vn 0.016479 0.239288 0.970809
vn 0.048152 -0.040395 0.998023
vn 0.317796 0.038345 -0.947384
vn 0.339904 0.261810 -0.903283
vn 0.353425 0.467871 -0.810054
vn 0.357974 0.646937 -0.673296
vn 0.493349 0.715859 -0.494119
vn 0.261825 0.902398 -0.342236
vn 0.317797 0.945097 -0.076131
vn 0.386866 0.910168 0.148084
vn 0.005570 0.919896 0.392122
vn 0.579498 0.670711 0.462956
vn 0.078388 0.661080 0.746209
vn 0.008361 0.464709 0.885424
vn 0.016479 0.239288 0.970809
vn 0.048152 -0.040395 0.998023
vn 0.039894 -0.163931 -0.985665
vn 0.276092 -0.128084 -0.952558
vn 0.456228 -0.190337 -0.869269
vn 0.660029 -0.096488 -0.745018
vn 0.815225 -0.136985 -0.562710
vn 0.927826 -0.123777 -0.351878
vn 0.983351 -0.136985 -0.119400
vn 0.985075 -0.123777 0.119610
vn 0.916033 -0.091729 0.390474
vn 0.807939 -0.190337 0.557680
vn 0.683477 -0.163931 0.711326
vn 0.496032 -0.128085 0.858805
vn 0.238746 -0.068980 0.968629
vn -0.039894 -0.163931 0.985665
vn -0.037358 -0.382931 -0.923021
vn 0.165854 -0.557942 -0.813138
vn 0.039695 -0.191179 -0.980752
vn 0.255964 -0.393191 -0.883110
vn 0.355633 -0.557942 -0.749817
vn 0.204656 -0.912451 -0.354330
vn 0.524742 -0.557943 -0.642920
vn 0.692007 -0.049350 -0.720202
vn 0.585301 -0.681055 -0.439985
vn 0.083497 -0.995109 -0.052780
vn 0.849792 -0.382931 -0.362239
vn 0.947436 -0.049350 -0.316117
vn 0.722729 -0.681056 -0.117585
vn 0.978386 -0.191179 -0.078811
vn 0.920794 -0.382931 0.074172
vn 0.907524 -0.393191 0.147650
vn 0.694589 -0.681055 0.231753
vn 0.083013 -0.995920 0.035386
vn 0.701484 -0.557942 0.443419
vn 0.798363 -0.049351 0.600150
vn 0.640039 -0.382931 0.666119
vn 0.106147 -0.985809 0.130053
vn 0.415065 -0.557943 0.718624
vn 0.428012 -0.049350 0.902425
vn 0.196226 -0.572445 0.796117
vn 0.030311 -0.991947 0.122975
vn 0.000000 -0.037063 0.999313
vn 0.000000 -0.528350 0.849027
vn -0.036352 -0.035669 -0.998702
vn -0.012072 -0.034141 -0.999344
vn -0.050009 -0.080008 -0.995539
vn -0.080327 -0.047942 -0.995615
vn -0.031031 -0.005456 -0.999504
vn -0.001555 -0.021041 -0.999777
vn -0.023387 -0.001040 -0.999726
vn -0.000006 -0.002385 -0.999997
vn -0.012062 -0.000106 -0.999927
vn -0.006450 0.000015 -0.999979
vn 0.637824 -0.130097 -0.759115
vn 0.515796 -0.244638 -0.821040
vn 0.475801 -0.421523 -0.771966
vn 0.207800 -0.301051 -0.930692
vn 0.221598 -0.584306 -0.780693
vn 0.043961 -0.545739 -0.836801
vn -0.003679 -0.030297 -0.999534
vn 0.005456 -0.031031 -0.999504
vn 0.035669 -0.036352 -0.998702
vn 0.047942 -0.080327 -0.995615
vn -0.080008 0.050009 -0.995539
vn -0.035669 0.036352 -0.998702
vn -0.034141 0.012072 -0.999344
vn 0.034141 -0.012072 -0.999344
vn 0.080008 -0.050009 -0.995539
vn -0.005456 0.031031 -0.999504
vn -0.021041 0.001555 -0.999777
vn -0.047942 0.080327 -0.995615
vn 0.001040 -0.023387 -0.999726
vn 0.021041 -0.001555 -0.999777
vn -0.001040 0.023387 -0.999726
vn -0.000061 0.006983 -0.999976
vn -0.156480 -0.468989 -0.869231
vn -0.003453 -0.005463 -0.999979
vn 0.000061 -0.006983 -0.999976
vn 0.006450 -0.000015 -0.999979
vn 0.298526 -0.060890 -0.952457
vn -0.296520 -0.085944 -0.951152
vn 0.293662 -0.139282 -0.945708
vn -0.203724 -0.106923 -0.973172
vn 0.348065 -0.308359 -0.885305
vn -0.363858 -0.322350 -0.873898
vn 0.005722 -0.008290 -0.999949
vn 0.012062 0.000106 -0.999927
vn 0.003677 -0.045642 -0.998951
vn -0.048159 -0.396623 -0.916718
vn -0.163006 -0.488548 -0.857176
vn -0.271530 -0.429557 -0.861250
vn -0.475801 -0.421523 -0.771966
vn -0.372128 -0.195308 -0.907400
vn -0.625224 -0.181217 -0.759115
vn 0.000006 0.002385 -0.999997
vn 0.214164 -0.564704 -0.797022
vn 0.023387 0.001040 -0.999726
vn 0.001555 0.021041 -0.999777
vn 0.031031 0.005456 -0.999504
vn 0.012072 0.034141 -0.999344
vn 0.050009 0.080008 -0.995539
vn 0.036352 0.035669 -0.998702
vn 0.080327 0.047942 -0.995615
vn -0.999257 -0.037878 -0.007161
vn -0.998248 -0.059171 -0.000068
vn -0.983907 -0.178677 -0.000797
vn -0.092398 -0.961757 -0.257849
vn -0.999370 -0.032539 -0.014191
vn -0.973668 -0.201538 -0.106551
vn -0.999397 -0.027938 -0.020613
vn -0.092401 -0.754636 -0.649604
vn -0.999353 -0.023462 -0.027256
vn -0.857569 -0.305385 -0.413903
vn -0.999214 -0.018523 -0.035036
vn -0.344131 -0.375344 -0.860634
vn -0.998888 -0.012208 -0.045536
vn -0.092391 -0.184984 -0.978389
vn -0.999841 -0.000023 -0.017826
vn -0.999639 -0.000009 -0.026864
vn -0.999946 -0.010397 0.000046
vn -0.986944 -0.161066 0.000185
vn -0.998888 -0.008758 0.046323
vn -0.999376 -0.000012 0.035327
vn -0.999975 -0.000009 0.007018
vn -0.344131 -0.243140 0.906894
vn -0.999214 -0.015843 0.036326
vn -0.092395 -0.465390 0.880270
vn -0.999353 -0.021351 0.028939
vn -0.976638 -0.140195 0.162864
vn -0.999397 -0.026314 0.022651
vn -0.344133 -0.755534 0.557442
vn -0.999370 -0.031383 0.016592
vn -0.092393 -0.912697 0.398055
vn -0.999257 -0.037234 0.009982
vn -0.669069 -0.730263 0.138068
vn -0.999639 0.000009 0.026866
vn -0.999117 0.000055 0.042022
vn -0.999257 0.037878 0.007161
vn -0.999796 0.020174 0.000023
vn -0.984195 0.177087 0.000790
vn -0.092400 0.961757 0.257849
vn -0.999370 0.032539 0.014191
vn -0.344134 0.830053 0.438843
vn -0.999397 0.027938 0.020613
vn -0.972534 0.176406 0.151852
vn -0.999353 0.023462 0.027256
vn -0.669070 0.441241 0.598040
vn -0.999214 0.018523 0.035036
vn -0.092394 0.398053 0.912698
vn -0.998888 0.012208 0.045536
vn -0.344132 0.174428 0.922577
vn -0.986910 0.161270 -0.000185
vn -0.999534 0.030530 -0.000136
vn -0.998888 0.008758 -0.046323
vn -0.996541 0.000027 -0.083100
vn -0.999975 0.000009 -0.007019
vn -0.092391 0.257846 -0.961758
vn -0.999214 0.015843 -0.036326
vn -0.973668 0.106552 -0.201539
vn -0.999353 0.021352 -0.028939
vn -0.628231 0.507578 -0.589653
vn -0.999397 0.026313 -0.022651
vn -0.344140 0.755530 -0.557442
vn -0.999370 0.031383 -0.016592
vn -0.092394 0.912698 -0.398053
vn -0.999257 0.037234 -0.009982
vn -0.869459 0.485405 -0.091774
vn 0.756818 -0.640303 0.131298
vn -0.609509 0.788745 0.079875
vn -0.762514 0.644817 0.052753
vn 0.607186 -0.788612 0.097040
vn -0.881427 0.465243 0.081459
vn 0.880201 -0.463891 0.100254
vn -0.440530 0.894195 0.079675
vn 0.437049 -0.893757 0.100932
vn -0.952680 0.291018 0.087800
vn 0.951946 -0.289351 0.100376
vn -0.261479 0.961946 0.079305
vn 0.258025 -0.960482 0.104394
vn -0.994285 0.085704 0.063659
vn 0.991425 -0.084680 0.099528
vn -0.106011 0.991217 0.079064
vn 0.103706 -0.989523 0.100449
vn -0.987316 0.003492 0.158732
vn -0.001072 0.996782 0.080150
vn 0.001029 -0.998752 0.049938
vn 0.995031 -0.003443 0.099503
vn -0.003398 -0.981825 0.189757
vn 0.006602 0.996768 0.080061
vn 0.995256 0.001025 0.097280
vn -0.999118 -0.001074 0.041986
vn -0.989358 -0.085009 0.118086
vn 0.989523 0.103706 0.100449
vn -0.084680 -0.991425 0.099528
vn 0.107859 0.988527 0.105741
vn -0.976351 -0.202345 0.076129
vn 0.960482 0.258025 0.104394
vn -0.289351 -0.951946 0.100376
vn 0.291018 0.952680 0.087800
vn -0.908970 -0.412547 0.059819
vn 0.893757 0.437049 0.100932
vn -0.463891 -0.880201 0.100254
vn 0.465243 0.881427 0.081459
vn -0.788745 -0.609509 0.079875
vn 0.802982 0.577500 0.147357
vn -0.640303 -0.756818 0.131298
vn 0.644817 0.762514 0.052753
vn 0.669580 0.735918 0.100438
vn -0.644817 -0.762514 0.052753
vn 0.809163 0.584398 0.061114
vn -0.788612 -0.607186 0.097040
vn -0.465243 -0.881427 0.081459
vn 0.463891 0.880201 0.100254
vn -0.893757 -0.437049 0.100932
vn 0.920294 0.383055 0.079543
vn -0.291018 -0.952680 0.087800
vn 0.289351 0.951946 0.100376
vn 0.976351 0.202345 0.076129
vn -0.960482 -0.258025 0.104394
vn -0.085704 -0.994285 0.063659
vn 0.106117 0.980659 0.164463
vn -0.989523 -0.103706 0.100449
vn 0.994778 0.064660 0.078963
vn -0.995256 -0.001025 0.097280
vn 0.999076 0.000550 0.042970
vn -0.003524 -0.996335 0.085466
vn 0.006381 0.983977 0.178180
vn -0.995619 0.006456 0.093283
vn 0.987316 -0.003492 0.158732
vn 0.000548 -0.996631 0.082018
vn -0.000526 0.998694 0.051087
vn -0.063182 0.992945 0.100337
vn 0.064660 -0.994778 0.078963
vn -0.983116 0.134548 0.124019
vn 0.994285 -0.085704 0.063659
vn -0.199232 0.974780 0.100556
vn 0.202345 -0.976351 0.076129
vn -0.933281 0.347396 0.091123
vn 0.952680 -0.291018 0.087800
vn -0.379307 0.919763 0.100809
vn 0.412547 -0.908970 0.059819
vn -0.842691 0.529301 0.098555
vn 0.864393 -0.499134 0.060754
vn -0.553238 0.826928 0.100587
vn 0.609509 -0.788745 0.079875
vn -0.707557 0.693568 0.135377
vn 0.737583 -0.670471 0.080246
vn -0.282166 0.000064 -0.959366
vn -0.138143 0.000514 0.990412
vn -0.463977 -0.000237 0.885847
vn -0.276574 -0.001151 -0.960992
vn -0.256875 -0.017685 0.966283
vn -0.279662 -0.032967 -0.959532
vn -0.229902 -0.052822 0.971779
vn -0.254290 -0.085581 -0.963334
vn -0.231391 -0.101774 0.967523
vn -0.226840 -0.129739 -0.965252
vn -0.209621 -0.151457 0.965981
vn -0.198710 -0.180626 -0.963270
vn -0.166658 -0.186908 0.968138
vn -0.160763 -0.231957 -0.959349
vn -0.121626 -0.218994 0.968116
vn -0.098902 -0.251189 -0.962872
vn -0.073283 -0.240234 0.967945
vn -0.048258 -0.248070 -0.967539
vn -0.023389 -0.228908 0.973167
vn -0.015899 -0.317746 -0.948043
vn -0.000949 -0.254706 0.967018
vn -0.000113 -0.500579 -0.865691
vn 0.000132 -0.258736 0.965948
vn 0.000631 -0.151695 -0.988427
vn 0.017685 -0.256875 0.966283
vn 0.032967 -0.279662 -0.959532
vn 0.052822 -0.229902 0.971779
vn 0.085581 -0.254290 -0.963334
vn 0.101774 -0.231391 0.967523
vn 0.129739 -0.226840 -0.965252
vn 0.151457 -0.209621 0.965981
vn 0.180626 -0.198710 -0.963270
vn 0.186908 -0.166658 0.968138
vn 0.231957 -0.160763 -0.959349
vn 0.218994 -0.121626 0.968116
vn 0.251189 -0.098902 -0.962872
vn 0.240234 -0.073283 0.967945
vn 0.248070 -0.048258 -0.967539
vn 0.228908 -0.023389 0.973167
vn 0.317746 -0.015899 -0.948043
vn 0.138143 -0.000514 0.990412
vn 0.282166 -0.000064 -0.959366
vn 0.463977 0.000237 0.885847
vn 0.276574 0.001151 -0.960992
vn 0.256875 0.017685 0.966283
vn 0.279662 0.032967 -0.959532
vn 0.229902 0.052822 0.971779
vn 0.254290 0.085581 -0.963334
vn 0.231391 0.101774 0.967523
vn 0.226840 0.129739 -0.965252
vn 0.209621 0.151457 0.965981
vn 0.198710 0.180626 -0.963270
vn 0.166658 0.186908 0.968138
vn 0.160763 0.231957 -0.959349
vn 0.121626 0.218994 0.968116
vn 0.098902 0.251189 -0.962872
vn 0.073283 0.240234 0.967945
vn 0.048258 0.248070 -0.967539
vn 0.023389 0.228908 0.973167
vn 0.015899 0.317746 -0.948043
vn 0.000949 0.254706 0.967018
vn 0.000064 0.282166 -0.959366
vn -0.017685 0.256875 0.966283
vn -0.001151 0.276574 -0.960992
vn -0.000132 0.258736 0.965948
vn -0.032967 0.279662 -0.959532
vn -0.052822 0.229902 0.971779
vn -0.085581 0.254290 -0.963334
vn -0.101774 0.231391 0.967523
vn -0.129739 0.226840 -0.965252
vn -0.151457 0.209621 0.965981
vn -0.180626 0.198710 -0.963270
vn -0.186908 0.166658 0.968138
vn -0.231957 0.160763 -0.959349
vn -0.218994 0.121626 0.968116
vn -0.251189 0.098902 -0.962872
vn -0.240234 0.073283 0.967945
vn -0.248070 0.048258 -0.967539
vn -0.228908 0.023389 0.973167
vn -0.317746 0.015899 -0.948043
vn -0.020317 -0.017260 -0.999645
vn -0.017196 -0.022196 -0.999606
vn -0.010986 -0.022904 -0.999677
vn -0.023649 -0.012938 -0.999637
vn -0.006860 -0.025827 -0.999643
vn -0.028132 -0.008704 -0.999566
vn -0.025148 -0.002711 -0.999680
vn -0.002954 -0.029234 -0.999568
vn -0.000012 -0.002675 -0.999996
vn -0.002200 -0.000056 -0.999998
vn -0.005035 0.000023 -0.999987
vn 0.000108 -0.004194 -0.999991
vn -0.029234 0.002954 -0.999568
vn 0.002711 -0.025148 -0.999680
vn -0.025827 0.006860 -0.999643
vn 0.008704 -0.028132 -0.999566
vn -0.022903 0.010986 -0.999677
vn 0.012938 -0.023649 -0.999637
vn -0.022173 0.017174 -0.999607
vn 0.017260 -0.020317 -0.999645
vn -0.017264 0.020312 -0.999645
vn 0.022196 -0.017196 -0.999606
vn -0.012943 0.023644 -0.999637
vn 0.022904 -0.010986 -0.999677
vn -0.008711 0.028129 -0.999566
vn 0.025827 -0.006860 -0.999643
vn -0.002716 0.025160 -0.999680
vn 0.029234 -0.002954 -0.999568
vn -0.000056 0.002200 -0.999998
vn 0.005035 -0.000023 -0.999987
vn 0.002200 0.000056 -0.999998
vn 0.000023 0.005035 -0.999987
vn 0.002954 0.029234 -0.999568
vn 0.025148 0.002711 -0.999680
vn 0.006860 0.025827 -0.999643
vn 0.028132 0.008704 -0.999566
vn 0.010986 0.022904 -0.999677
vn 0.023649 0.012938 -0.999637
vn 0.017196 0.022196 -0.999606
vn 0.020317 0.017260 -0.999645
vn -0.000255 0.982476 -0.186391
vn 0.006001 0.999982 -0.000556
vn 0.000512 0.966051 -0.258352
vn -0.000665 1.000000 -0.000148
vn -0.000130 0.916351 -0.400375
vn 0.000257 0.884353 -0.466819
vn -0.000143 0.804153 -0.594423
vn 0.000117 0.758291 -0.651916
vn -0.000098 0.651888 -0.758315
vn 0.000107 0.594418 -0.804156
vn -0.000150 0.433898 -0.900962
vn 0.000099 0.433898 -0.900962
vn 0.000155 0.258343 -0.966053
vn -0.000415 0.186403 -0.982473
vn 0.408498 0.614536 -0.674889
vn 0.512964 0.858409 -0.001708
vn 0.671603 0.740910 -0.001308
vn 0.455321 0.022952 -0.890032
vn 0.758573 0.000142 -0.651588
vn 0.594217 0.000098 -0.804305
vn 0.400371 0.000198 -0.916353
vn 0.186400 0.000415 -0.982474
vn 0.786886 0.035757 -0.616061
vn 0.997706 0.067668 -0.001842
vn 0.977944 0.022334 -0.207669
vn 1.000000 0.000657 -0.000286
vn 0.966052 0.000254 -0.258348
vn 0.884355 0.000129 -0.466816
vn 0.684322 0.062909 -0.726461
vn 0.707472 0.126124 -0.695397
vn 0.975906 0.218191 -0.001028
vn 0.691069 0.197969 -0.695149
vn 0.690948 0.264864 -0.672635
vn 0.913539 0.406750 -0.000881
vn 0.632491 0.329058 -0.701197
vn 0.592332 0.385351 -0.707565
vn 0.811872 0.583834 -0.001027
vn 0.543123 0.442082 -0.713849
vn 0.480044 0.478206 -0.735443
vn 0.451649 0.571354 -0.685250
vn 0.324850 0.646669 -0.690139
vn 0.253290 0.631313 -0.732999
vn 0.335105 0.942180 -0.001483
vn 0.192840 0.668968 -0.717840
vn 0.134368 0.690172 -0.711061
vn 0.142846 0.989744 -0.001533
vn 0.066889 0.726936 -0.683440
vn 0.008406 0.291836 -0.956431
vn 0.031316 0.615514 -0.787504
vn 0.043382 0.935497 -0.350662
vn 0.999982 -0.006014 -0.000310
vn 0.982477 -0.000512 -0.186385
vn 0.916354 -0.000257 -0.400369
vn 0.804309 -0.000117 -0.594212
vn 0.651571 -0.000107 -0.758588
vn 0.466837 -0.000067 -0.884343
vn 0.258343 -0.000155 -0.966053
vn 0.614536 -0.408498 -0.674889
vn 0.858409 -0.512964 -0.001708
vn 0.740910 -0.671603 -0.001308
vn 0.022952 -0.455321 -0.890032
vn 0.000142 -0.804155 -0.594420
vn 0.000098 -0.651890 -0.758314
vn 0.000149 -0.433898 -0.900962
vn 0.000415 -0.186400 -0.982474
vn 0.035757 -0.786886 -0.616061
vn 0.067668 -0.997706 -0.001842
vn 0.022334 -0.977944 -0.207669
vn 0.000658 -1.000000 -0.000148
vn 0.000254 -0.982476 -0.186389
vn 0.000129 -0.916352 -0.400373
vn 0.062909 -0.684322 -0.726461
vn 0.126124 -0.707472 -0.695397
vn 0.218191 -0.975906 -0.001028
vn 0.197969 -0.691069 -0.695149
vn 0.264864 -0.690948 -0.672635
vn 0.406750 -0.913539 -0.000881
vn 0.329058 -0.632491 -0.701197
vn 0.385351 -0.592332 -0.707565
vn 0.583834 -0.811872 -0.001027
vn 0.442082 -0.543123 -0.713849
vn 0.478206 -0.480044 -0.735443
vn 0.571354 -0.451649 -0.685250
vn 0.646669 -0.324850 -0.690139
vn 0.631313 -0.253290 -0.732999
vn 0.942180 -0.335105 -0.001483
vn 0.668968 -0.192840 -0.717840
vn 0.690172 -0.134368 -0.711061
vn 0.989744 -0.142846 -0.001533
vn 0.726936 -0.066889 -0.683440
vn 0.291836 -0.008406 -0.956431
vn 0.615514 -0.031316 -0.787504
vn 0.935497 -0.043382 -0.350662
vn -0.006001 -0.999982 -0.000556
vn -0.000512 -0.966051 -0.258352
vn -0.000257 -0.884353 -0.466819
vn -0.000117 -0.758291 -0.651916
vn -0.000107 -0.594418 -0.804156
vn -0.000099 -0.433898 -0.900962
vn -0.000155 -0.258343 -0.966053
vn -0.408498 -0.614536 -0.674889
vn -0.512964 -0.858409 -0.001708
vn -0.671603 -0.740910 -0.001308
vn -0.455321 -0.022952 -0.890032
vn -0.758573 -0.000142 -0.651588
vn -0.594217 -0.000098 -0.804305
vn -0.400371 -0.000198 -0.916353
vn -0.186400 -0.000415 -0.982474
vn -0.786886 -0.035757 -0.616061
vn -0.997706 -0.067668 -0.001842
vn -0.977944 -0.022334 -0.207669
vn -1.000000 -0.000657 -0.000286
vn -0.966052 -0.000254 -0.258348
vn -0.884355 -0.000129 -0.466816
vn -0.684322 -0.062909 -0.726461
vn -0.707472 -0.126124 -0.695397
vn -0.975906 -0.218191 -0.001028
vn -0.691069 -0.197969 -0.695149
vn -0.690948 -0.264864 -0.672635
vn -0.913539 -0.406750 -0.000881
vn -0.632491 -0.329058 -0.701197
vn -0.592332 -0.385351 -0.707565
vn -0.811872 -0.583834 -0.001027
vn -0.543123 -0.442082 -0.713849
vn -0.480044 -0.478206 -0.735443
vn -0.451649 -0.571354 -0.685250
vn -0.324850 -0.646669 -0.690139
vn -0.253290 -0.631313 -0.732999
vn -0.335105 -0.942180 -0.001483
vn -0.192840 -0.668968 -0.717840
vn -0.134368 -0.690172 -0.711061
vn -0.142846 -0.989744 -0.001533
vn -0.066889 -0.726936 -0.683440
vn -0.008406 -0.291836 -0.956431
vn -0.031316 -0.615514 -0.787504
vn -0.043382 -0.935497 -0.350662
vn -0.999982 0.006014 -0.000310
vn -0.982477 0.000512 -0.186385
vn -0.916354 0.000257 -0.400369
vn -0.804309 0.000117 -0.594212
vn -0.651571 0.000107 -0.758588
vn -0.466837 0.000067 -0.884343
vn -0.258343 0.000155 -0.966053
vn -0.614969 0.407974 -0.674812
vn -0.858636 0.512584 -0.001676
vn -0.741570 0.670874 -0.001260
vn -0.023002 0.455414 -0.889983
vn -0.035836 0.786861 -0.616089
vn -0.068091 0.997677 -0.001820
vn -0.022456 0.978222 -0.206342
vn -0.063218 0.684700 -0.726078
vn -0.126725 0.708524 -0.694215
vn -0.218911 0.975744 -0.000997
vn -0.198404 0.690687 -0.695404
vn -0.265537 0.690791 -0.672531
vn -0.407675 0.913127 -0.000838
vn -0.329461 0.632079 -0.701378
vn -0.385898 0.591981 -0.707560
vn -0.584629 0.811300 -0.000990
vn -0.442595 0.542928 -0.713680
vn -0.478563 0.479554 -0.735530
vn -0.570661 0.450760 -0.686412
vn -0.645356 0.324190 -0.691677
vn -0.629369 0.252138 -0.735065
vn -0.942322 0.334705 -0.001463
vn -0.668968 0.192840 -0.717840
vn -0.690172 0.134368 -0.711061
vn -0.989744 0.142846 -0.001533
vn -0.726936 0.066889 -0.683440
vn -0.291836 0.008406 -0.956431
vn -0.615514 0.031316 -0.787504
vn -0.935497 0.043382 -0.350662
vn 0.000945 -0.459503 0.888176
vn 0.068945 -0.644649 0.761363
vn 0.173443 -0.638071 0.750189
vn 0.211172 -0.465277 0.859607
vn 0.366520 -0.545212 0.753928
vn 0.571554 -0.519548 0.635135
vn 0.462866 -0.267277 0.845173
vn 0.635009 -0.237328 0.735146
vn 0.649133 -0.089523 0.755389
vn 0.698078 -0.002469 0.716018
vn 0.710960 0.001462 0.703231
vn 0.644649 0.068945 0.761363
vn 0.638071 0.173443 0.750189
vn 0.596872 0.294052 0.746510
vn 0.412669 0.298040 0.860742
vn 0.467573 0.477691 0.743765
vn 0.367825 0.585281 0.722601
vn 0.237328 0.635009 0.735146
vn 0.085989 0.788086 0.609530
vn 0.001595 0.871484 0.490421
vn -0.000477 0.443391 0.896328
vn -0.042083 0.647442 0.760952
vn -0.137270 0.662350 0.736511
vn -0.255923 0.614858 0.745958
vn -0.366520 0.545212 0.753928
vn -0.477691 0.467573 0.743765
vn -0.585281 0.367825 0.722601
vn -0.635009 0.237328 0.735146
vn -0.649133 0.089523 0.755389
vn -0.698078 0.002469 0.716018
vn -0.695022 -0.000747 0.718988
vn -0.747813 -0.064255 0.660793
vn -0.638071 -0.173443 0.750189
vn -0.465277 -0.211172 0.859607
vn -0.545212 -0.366520 0.753928
vn -0.467573 -0.477691 0.743765
vn -0.367825 -0.585281 0.722601
vn -0.237328 -0.635009 0.735146
vn -0.089523 -0.649133 0.755389
vn -0.003107 -0.878569 0.477605
vn 0.001583 0.999999 0.000155
vn -0.002539 0.999997 0.000534
vn 0.999997 0.002527 0.000535
vn 0.993673 0.112297 0.001801
vn 0.959200 0.282725 0.001007
vn 0.880499 0.474047 0.000788
vn 0.764753 0.644322 0.001317
vn 0.618644 0.785670 0.001166
vn 0.447192 0.894437 0.001307
vn 0.272922 0.962035 0.001473
vn 0.087517 0.996162 0.001044
vn 0.999999 -0.001583 0.000155
vn 0.002532 -0.999997 0.000280
vn 0.112297 -0.993673 0.001801
vn 0.282725 -0.959200 0.001007
vn 0.474047 -0.880499 0.000788
vn 0.644322 -0.764753 0.001317
vn 0.785670 -0.618644 0.001166
vn 0.894437 -0.447192 0.001307
vn 0.962035 -0.272922 0.001473
vn 0.996162 -0.087517 0.001044
vn -0.001581 -0.999999 0.000292
vn -0.999997 -0.002527 0.000535
vn -0.993673 -0.112297 0.001801
vn -0.959200 -0.282725 0.001007
vn -0.880499 -0.474047 0.000788
vn -0.764753 -0.644322 0.001317
vn -0.618644 -0.785670 0.001166
vn -0.447192 -0.894437 0.001307
vn -0.272922 -0.962035 0.001473
vn -0.087517 -0.996162 0.001044
vn -0.999999 0.001583 0.000155
vn -0.112649 0.993633 0.001772
vn -0.283208 0.959058 0.000975
vn -0.474495 0.880258 0.000752
vn -0.644671 0.764459 0.001281
vn -0.785985 0.618244 0.001135
vn -0.894485 0.447096 0.001316
vn -0.962035 0.272922 0.001473
vn -0.996162 0.087517 0.001044
vn -0.023747 -0.020513 0.999508
vn -0.018597 -0.024358 0.999530
vn -0.028007 -0.015445 0.999488
vn -0.012560 -0.026518 0.999569
vn -0.030725 -0.009359 0.999484
vn -0.008283 -0.031803 0.999460
vn -0.031836 -0.003415 0.999487
vn -0.002525 -0.025502 0.999672
vn -0.002357 -0.000052 0.999997
vn -0.000014 -0.001770 0.999998
vn 0.000095 -0.006698 0.999978
vn -0.005851 0.000027 0.999983
vn -0.025502 0.002525 0.999672
vn 0.003415 -0.031836 0.999487
vn -0.031803 0.008283 0.999460
vn 0.009359 -0.030725 0.999484
vn -0.026518 0.012560 0.999569
vn 0.015445 -0.028007 0.999488
vn -0.024358 0.018597 0.999530
vn 0.020513 -0.023747 0.999508
vn -0.020513 0.023747 0.999508
vn 0.024358 -0.018597 0.999530
vn -0.015445 0.028007 0.999488
vn 0.026518 -0.012560 0.999569
vn -0.009359 0.030725 0.999484
vn 0.031803 -0.008283 0.999460
vn -0.003415 0.031836 0.999487
vn 0.025502 -0.002525 0.999672
vn -0.000097 0.004412 0.999990
vn 0.005851 -0.000027 0.999983
vn 0.002357 0.000052 0.999997
vn 0.000014 0.003072 0.999995
vn 0.002525 0.025502 0.999672
vn 0.031836 0.003415 0.999487
vn 0.008283 0.031803 0.999460
vn 0.030725 0.009359 0.999484
vn 0.012560 0.026518 0.999569
vn 0.028007 0.015445 0.999488
vn 0.018597 0.024358 0.999530
vn 0.023747 0.020513 0.999508
vn -0.000417 0.186419 0.982470
vn 0.000155 0.258343 0.966053
vn -0.000203 0.400388 0.916346
vn 0.000067 0.466838 0.884343
vn -0.000104 0.594232 0.804294
vn 0.000106 0.651572 0.758587
vn -0.000155 0.758593 0.651564
vn 0.000116 0.804309 0.594211
vn -0.000139 0.884363 0.466799
vn 0.000257 0.916354 0.400368
vn -0.000265 0.966057 0.258330
vn 0.000511 0.982477 0.186384
vn 0.382617 0.596802 0.705288
vn 0.980086 0.023283 0.197204
vn 0.758593 0.000155 0.651564
vn 0.884363 0.000139 0.466799
vn 0.966057 0.000265 0.258330
vn 0.786865 0.036352 0.616054
vn 0.473790 0.022436 0.880352
vn 0.186419 0.000417 0.982470
vn 0.400388 0.000203 0.916346
vn 0.594232 0.000104 0.804294
vn 0.698033 0.063825 0.713216
vn 0.693210 0.124956 0.709821
vn 0.680745 0.195513 0.705947
vn 0.672176 0.264841 0.691404
vn 0.627748 0.331963 0.704083
vn 0.589304 0.391024 0.706981
vn 0.542501 0.453862 0.706896
vn 0.494642 0.507292 0.705680
vn 0.434994 0.560913 0.704384
vn 0.318375 0.642330 0.697173
vn 0.248864 0.639370 0.727512
vn 0.186788 0.669964 0.718512
vn 0.128343 0.688525 0.713765
vn 0.064265 0.721499 0.689427
vn 0.040863 0.925762 0.375892
vn 0.031330 0.615473 0.787535
vn 0.008406 0.291865 0.956423
vn 0.258343 -0.000155 0.966053
vn 0.466838 -0.000067 0.884343
vn 0.651572 -0.000106 0.758587
vn 0.804309 -0.000116 0.594211
vn 0.916354 -0.000257 0.400368
vn 0.982477 -0.000511 0.186384
vn 0.596802 -0.382617 0.705288
vn 0.023283 -0.980086 0.197204
vn 0.000155 -0.804139 0.594441
vn 0.000139 -0.916345 0.400390
vn 0.000265 -0.982472 0.186408
vn 0.036352 -0.786865 0.616054
vn 0.022436 -0.473790 0.880352
vn 0.000417 -0.258320 0.966059
vn 0.000203 -0.466817 0.884354
vn 0.000104 -0.651876 0.758326
vn 0.063825 -0.698033 0.713216
vn 0.124956 -0.693210 0.709821
vn 0.195513 -0.680745 0.705947
vn 0.264841 -0.672176 0.691404
vn 0.331963 -0.627748 0.704083
vn 0.391024 -0.589304 0.706981
vn 0.453862 -0.542501 0.706896
vn 0.507292 -0.494642 0.705680
vn 0.560913 -0.434994 0.704384
vn 0.642330 -0.318375 0.697173
vn 0.639370 -0.248864 0.727512
vn 0.669964 -0.186788 0.718512
vn 0.688525 -0.128343 0.713765
vn 0.721499 -0.064265 0.689427
vn 0.925762 -0.040863 0.375892
vn 0.615473 -0.031330 0.787535
vn 0.291865 -0.008406 0.956423
vn -0.000155 -0.186395 0.982475
vn -0.000067 -0.400366 0.916355
vn -0.000106 -0.594417 0.804157
vn -0.000116 -0.758291 0.651917
vn -0.000257 -0.884352 0.466820
vn -0.000511 -0.966050 0.258353
vn -0.382617 -0.596802 0.705288
vn -0.980086 -0.023283 0.197204
vn -0.758593 -0.000155 0.651564
vn -0.884363 -0.000139 0.466799
vn -0.966057 -0.000265 0.258330
vn -0.786865 -0.036352 0.616054
vn -0.473790 -0.022436 0.880352
vn -0.186419 -0.000417 0.982470
vn -0.400388 -0.000203 0.916346
vn -0.594232 -0.000104 0.804294
vn -0.698033 -0.063825 0.713216
vn -0.693210 -0.124956 0.709821
vn -0.680745 -0.195513 0.705947
vn -0.672176 -0.264841 0.691404
vn -0.627748 -0.331963 0.704083
vn -0.589304 -0.391024 0.706981
vn -0.542501 -0.453862 0.706896
vn -0.494642 -0.507292 0.705680
vn -0.434994 -0.560913 0.704384
vn -0.318375 -0.642330 0.697173
vn -0.248864 -0.639370 0.727512
vn -0.186788 -0.669964 0.718512
vn -0.128343 -0.688525 0.713765
vn -0.064265 -0.721499 0.689427
vn -0.040863 -0.925762 0.375892
vn -0.031330 -0.615473 0.787535
vn -0.008406 -0.291865 0.956423
vn -0.258343 0.000155 0.966053
vn -0.466838 0.000067 0.884343
vn -0.651572 0.000106 0.758587
vn -0.804309 0.000116 0.594211
vn -0.916354 0.000257 0.400368
vn -0.982477 0.000511 0.186384
vn -0.596802 0.382617 0.705288
vn -0.023283 0.980086 0.197204
vn -0.036352 0.786865 0.616054
vn -0.022436 0.473790 0.880352
vn -0.063825 0.698033 0.713216
vn -0.124956 0.693210 0.709821
vn -0.195513 0.680745 0.705947
vn -0.264841 0.672176 0.691404
vn -0.331963 0.627748 0.704083
vn -0.391024 0.589304 0.706981
vn -0.453862 0.542501 0.706896
vn -0.507292 0.494642 0.705680
vn -0.560913 0.434994 0.704384
vn -0.642330 0.318375 0.697173
vn -0.639370 0.248864 0.727512
vn -0.669964 0.186788 0.718512
vn -0.688525 0.128343 0.713765
vn -0.721499 0.064265 0.689427
vn -0.925762 0.040863 0.375892
vn -0.615473 0.031330 0.787535
vn -0.291865 0.008406 0.956423
vn -0.273251 -0.191179 0.942754
vn -0.147682 -0.955412 0.255690
vn -0.637045 -0.393192 0.663003
vn -0.730185 -0.680713 0.058818
vn -0.829693 -0.191179 0.524462
vn -0.947436 -0.049350 0.316116
vn -0.095544 -0.995304 -0.015545
vn -0.063079 -0.997722 -0.023923
vn -0.313923 -0.680713 -0.661877
vn -0.199610 -0.049351 -0.978632
vn -0.822418 -0.037063 -0.567674
vn -0.146403 -0.972826 -0.179375
vn -0.165855 -0.557943 0.813137
vn -0.313786 -0.681055 0.661590
vn -0.524740 -0.557943 0.642921
vn -0.738410 -0.382931 0.555081
vn -0.673588 -0.681055 0.287128
vn -0.819109 -0.557943 0.133265
vn -0.827200 -0.557943 -0.066633
vn -0.892797 -0.297101 -0.338593
vn -0.479187 -0.813006 -0.330759
vn -0.640040 -0.382931 -0.666118
vn -0.366228 -0.681055 -0.634067
vn -0.231027 -0.557942 -0.797074
vn -0.276093 -0.128085 0.952558
vn -0.460342 -0.136985 0.877109
vn -0.660028 -0.096488 0.745018
vn -0.798510 -0.242054 0.551172
vn -0.916033 -0.091729 0.390474
vn -0.988077 -0.096488 0.119974
vn -0.978892 -0.128085 -0.159261
vn -0.198208 -0.128084 -0.971755
vn -0.907466 -0.163931 -0.386823
vn -0.426728 -0.091729 -0.899716
vn -0.815225 -0.136985 -0.562710
vn -0.658023 -0.123777 -0.742755
vn -0.207421 -0.104079 0.972699
vn -0.466384 -0.080374 0.880923
vn -0.660763 -0.147599 0.735940
vn -0.821846 -0.052559 0.567280
vn -0.937963 -0.136421 0.318771
vn -0.982606 -0.147599 0.112692
vn -0.990609 -0.104079 -0.088662
vn -0.940606 -0.104079 -0.323154
vn -0.818283 -0.080374 -0.569168
vn -0.650928 -0.147599 -0.744653
vn -0.489763 -0.104079 -0.865621
vn -0.275055 -0.068754 -0.958967
vn 0.794660 0.001974 -0.607051
vn 0.085531 0.003538 -0.996329
vn 0.369580 0.206765 -0.905902
vn 0.216922 0.225878 -0.949697
vn 0.157942 0.406075 -0.900087
vn 0.486816 0.408270 -0.772222
vn 0.157942 0.596184 -0.787159
vn 0.500686 0.564732 -0.656042
vn 0.157943 0.756395 -0.634760
vn 0.454065 0.716945 -0.528975
vn 0.157943 0.878677 -0.450533
vn 0.485897 0.801139 -0.349401
vn 0.157943 0.956900 -0.243713
vn 0.459128 0.872906 -0.165036
vn 0.083007 0.996078 -0.030628
vn 0.585468 0.810312 -0.024916
vn 0.659790 0.751331 0.013377
vn 0.193948 0.980136 0.041436
vn 0.354694 0.911541 0.208054
vn 0.269964 0.938729 0.214259
vn 0.157943 0.900087 0.406077
vn 0.435876 0.795650 0.420657
vn 0.157943 0.787160 0.596183
vn 0.462631 0.671901 0.578379
vn 0.157942 0.634762 0.756393
vn 0.433956 0.534891 0.724964
vn 0.157942 0.450531 0.878679
vn 0.484210 0.349772 0.801997
vn 0.107423 0.253558 0.961337
vn 0.434714 0.167302 0.884892
vn 0.152303 0.003086 0.988329
vn 0.842542 0.001664 0.538629
vn 0.152534 -0.006005 0.988280
vn 0.364402 -0.001459 0.931241
vn 0.340624 -0.209213 0.916627
vn 0.216922 -0.225878 0.949697
vn 0.157942 -0.406074 0.900088
vn 0.484210 -0.408945 0.773502
vn 0.157942 -0.596183 0.787159
vn 0.433956 -0.587765 0.682799
vn 0.157943 -0.756396 0.634759
vn 0.462632 -0.713390 0.526352
vn 0.157943 -0.878677 0.450533
vn 0.435876 -0.824962 0.359791
vn 0.157943 -0.956900 0.243713
vn 0.451104 -0.876936 0.165798
vn 0.104645 -0.991560 0.076544
vn 0.731549 -0.681194 0.028460
vn 0.125944 -0.991343 -0.037113
vn 0.584811 -0.810543 -0.031864
vn 0.145430 -0.706247 -0.692867
vn 0.390112 -0.748392 -0.536398
vn 0.207513 -0.827150 -0.522266
vn 0.674285 -0.527517 -0.516784
vn 0.461772 -0.807901 -0.366146
vn 0.161153 -0.923963 -0.346875
vn 0.220955 -0.958121 -0.182164
vn 0.330515 -0.925666 -0.184125
vn 0.317593 -0.663572 -0.677353
vn 0.152049 -0.691666 -0.706030
vn 0.255108 -0.002731 -0.966909
vn 0.467290 -0.143933 -0.872309
vn 0.161154 -0.224907 -0.960961
vn 0.534085 -0.000691 -0.845430
vn 0.443192 -0.315687 -0.839001
vn 0.161153 -0.408061 -0.898619
vn 0.419553 -0.479272 -0.770891
vn 0.161153 -0.575533 -0.801742
vn 0.079226 -0.206031 0.975333
vn 0.243797 -0.269991 0.931487
vn 0.079227 -0.433457 0.897685
vn 0.005570 -0.500144 0.865925
vn 0.079226 -0.635685 0.767872
vn 0.921372 -0.269298 0.280271
vn 0.079226 -0.800980 0.593425
vn 0.005570 -0.845272 0.534307
vn 0.060738 -0.934304 0.351266
vn 0.080470 -0.931983 0.353457
vn 0.004181 -0.992700 0.120539
vn 0.113971 -0.986875 0.114404
vn 0.079227 -0.993056 -0.086963
vn 0.169437 -0.972750 -0.158265
vn 0.060738 -0.932268 -0.356634
vn 0.008362 -0.934983 -0.354593
vn 0.162611 -0.812031 -0.560502
vn 0.113971 -0.814550 -0.568787
vn 0.079226 -0.685648 -0.723609
vn 0.210005 -0.618208 -0.757441
vn 0.060738 -0.461319 -0.885153
vn 0.363195 -0.432987 -0.824992
vn 0.220088 -0.233448 -0.947134
vn 0.073137 -0.238675 -0.968342
vn 0.079226 -0.206031 0.975333
vn 0.243797 -0.269991 0.931487
vn 0.079227 -0.433457 0.897685
vn 0.005570 -0.500144 0.865925
vn 0.079226 -0.635685 0.767872
vn 0.921372 -0.269298 0.280271
vn 0.079226 -0.800980 0.593425
vn 0.005570 -0.845272 0.534307
vn 0.060738 -0.934304 0.351266
vn 0.080470 -0.931983 0.353457
vn 0.004181 -0.992700 0.120539
vn 0.113971 -0.986875 0.114404
vn 0.079227 -0.993056 -0.086963
vn 0.169437 -0.972750 -0.158265
vn 0.060738 -0.932268 -0.356634
vn 0.008362 -0.934983 -0.354593
vn 0.162611 -0.812031 -0.560502
vn 0.113971 -0.814550 -0.568787
vn 0.079226 -0.685648 -0.723609
vn 0.210005 -0.618208 -0.757441
vn 0.060738 -0.461319 -0.885153
vn 0.363195 -0.432987 -0.824992
vn 0.220088 -0.233448 -0.947134
vn 0.073137 -0.238675 -0.968342
vn -0.027043 -0.991141 0.130034
vn -0.039417 -0.995829 0.082289
vn -0.046959 -0.997264 0.057086
vn -0.069510 -0.996427 0.047979
vn -0.042935 -0.998945 0.016283
vn -0.010486 -0.999944 0.001665
vn -0.067255 -0.997720 -0.005677
vn -0.061059 -0.997921 -0.020633
vn -0.055925 -0.997798 -0.035652
vn -0.051010 -0.997264 -0.053498
vn -0.045331 -0.995829 -0.079185
vn -0.039544 -0.986254 -0.160438
vn 0.997247 0.000139 -0.074153
vn 0.999068 0.008157 -0.042385
vn 0.999314 0.014920 -0.033908
vn 0.999951 0.005883 -0.007919
vn 0.987866 0.118038 -0.100940
vn 0.988103 0.136195 -0.071438
vn 0.989950 0.136711 -0.036175
vn 0.972434 0.233057 -0.007531
vn 0.982115 0.188044 0.009445
vn 0.994653 0.100684 0.022980
vn 0.988103 0.140769 0.061941
vn 0.987866 0.124675 0.092617
vn 0.999860 0.010888 0.012732
vn 0.998345 0.026712 0.050927
vn 0.995045 0.022124 0.096930
vn 0.999468 0.000115 0.032613
vn 0.984632 -0.000312 0.174639
vn 0.996935 -0.014785 0.076828
vn 0.998345 -0.023161 0.052637
vn 0.999860 -0.009990 0.013448
vn 0.987865 -0.118038 0.100940
vn 0.988103 -0.136195 0.071438
vn 0.989950 -0.136711 0.036175
vn 0.973285 -0.229146 0.014409
vn 0.972208 -0.233714 -0.013723
vn 0.985782 -0.163797 -0.037478
vn 0.986961 -0.146888 -0.065823
vn 0.993654 -0.093526 -0.062492
vn 0.992919 -0.085684 -0.082282
vn 0.981919 -0.132337 -0.135359
vn 0.999989 -0.002495 -0.003975
vn 0.999343 -0.012906 -0.033865
vn 0.999090 -0.007120 -0.042043
vn 0.999930 -0.000023 -0.011819
vn 0.989906 -0.029193 0.138685
vn 0.991079 -0.057865 0.120055
vn 0.990118 -0.089352 0.108087
vn 0.973337 -0.184211 0.136679
vn 0.987940 -0.142815 0.059823
vn 0.993448 -0.112916 0.017646
vn 0.968787 -0.246966 -0.021451
vn 0.987940 -0.146569 -0.049926
vn 0.973337 -0.193120 -0.123773
vn 0.990118 -0.096529 -0.101729
vn 0.991079 -0.065933 -0.115821
vn 0.984815 -0.041547 -0.168564
vn 0.997000 -0.015942 0.075736
vn 0.997713 -0.029349 0.060893
vn 0.997963 -0.040643 0.049165
vn 0.997921 -0.051755 0.038400
vn 0.997560 -0.064388 0.026971
vn 0.996618 -0.081183 0.012687
vn 0.999990 -0.004389 -0.000381
vn 0.998433 -0.052970 -0.018043
vn 0.998887 -0.039715 -0.025454
vn 0.999068 -0.029714 -0.031315
vn 0.999106 -0.020917 -0.036744
vn 0.998438 -0.013371 -0.054249
vn -0.742433 -0.662838 0.097154
vn -0.593003 -0.798894 0.100582
vn -0.861881 -0.497692 0.097281
vn -0.412250 -0.905633 0.099394
vn -0.940086 -0.326885 0.096878
vn -0.222532 -0.970651 0.091197
vn -0.985105 -0.138561 0.101833
vn -0.071253 -0.990703 0.115890
vn -0.904243 -0.012542 0.426833
vn -0.001933 -0.958375 0.285506
vn 0.007668 -0.990449 0.137668
vn -0.978763 0.002705 0.204977
vn -0.990703 0.071253 0.115890
vn 0.138561 -0.985105 0.101833
vn -0.964591 0.254682 0.068564
vn 0.326885 -0.940086 0.096878
vn -0.885049 0.441363 0.147944
vn 0.497692 -0.861881 0.097281
vn -0.798894 0.593003 0.100582
vn 0.662838 -0.742433 0.097154
vn -0.662838 0.742433 0.097154
vn 0.798894 -0.593003 0.100582
vn -0.497692 0.861881 0.097281
vn 0.905633 -0.412250 0.099394
vn -0.326885 0.940086 0.096878
vn 0.970651 -0.222532 0.091197
vn -0.138561 0.985105 0.101833
vn 0.990703 -0.071253 0.115890
vn -0.003033 0.998512 0.054448
vn 0.993008 -0.001557 0.118040
vn 0.001353 0.979822 0.199868
vn 0.967343 0.007445 0.253363
vn 0.071253 0.990703 0.115890
vn 0.985105 0.138561 0.101833
vn 0.222532 0.970651 0.091197
vn 0.940086 0.326885 0.096878
vn 0.412250 0.905633 0.099394
vn 0.861881 0.497692 0.097281
vn 0.593003 0.798894 0.100582
vn 0.742433 0.662838 0.097154
vn -0.087722 0.996132 -0.005071
vn -0.003038 0.999974 -0.006600
vn -0.270792 0.962632 -0.003418
vn -0.443917 0.896060 -0.003863
vn -0.615558 0.788083 -0.003708
vn -0.759996 0.649919 -0.003398
vn -0.894928 0.446202 -0.002630
vn -0.967061 0.254478 -0.005853
vn -0.993362 0.114877 -0.006003
vn -0.999814 0.003905 -0.018885
vn -0.999875 -0.006604 -0.014345
vn -0.996132 -0.087722 -0.005071
vn -0.962632 -0.270792 -0.003418
vn -0.896060 -0.443917 -0.003863
vn -0.788083 -0.615558 -0.003708
vn -0.649919 -0.759996 -0.003398
vn -0.475778 -0.879559 -0.003450
vn -0.284653 -0.958622 -0.004002
vn -0.114877 -0.993362 -0.006003
vn -0.003210 -0.999874 -0.015524
vn 0.004288 -0.999947 -0.009313
vn 0.087722 -0.996132 -0.005071
vn 0.270792 -0.962632 -0.003418
vn 0.443917 -0.896060 -0.003863
vn 0.615558 -0.788083 -0.003708
vn 0.759996 -0.649919 -0.003398
vn 0.879559 -0.475778 -0.003450
vn 0.958622 -0.284653 -0.004002
vn 0.993362 -0.114877 -0.006003
vn 0.999689 -0.005049 -0.024418
vn 0.999894 0.006093 -0.013234
vn 0.996132 0.087722 -0.005071
vn 0.962632 0.270792 -0.003418
vn 0.896060 0.443917 -0.003863
vn 0.788083 0.615558 -0.003708
vn 0.649919 0.759996 -0.003398
vn 0.475778 0.879559 -0.003450
vn 0.284653 0.958622 -0.004002
vn 0.114877 0.993362 -0.006003
vn 0.001341 0.999978 -0.006488
vn -0.022146 -0.988585 -0.149028
vn 0.000166 -0.966064 -0.258301
vn -0.046665 -0.884167 -0.464834
vn -0.000421 -0.900969 -0.433883
vn -0.002124 -0.780788 -0.624792
vn -0.011217 -0.877884 -0.478743
vn -0.099712 -0.980254 -0.170763
vn -0.047284 -0.918910 -0.391622
vn -0.032125 -0.600734 -0.798803
vn -0.001036 -0.594142 -0.804359
vn 0.000312 -0.400378 -0.916350
vn -0.040639 -0.704291 -0.708748
vn 0.005691 -0.343560 -0.939114
vn 0.000191 -0.186739 -0.982410
vn -0.058714 -0.489809 -0.869851
vn -0.033246 -0.317362 -0.947722
vn -0.009355 -0.152310 -0.988289
vn -0.251524 -0.626486 -0.737734
vn -0.208770 -0.705056 -0.677725
vn -0.305969 -0.809186 -0.501599
vn -0.102697 -0.510675 -0.853619
vn -0.125075 -0.687225 -0.715596
vn -0.340680 -0.624830 -0.702513
vn -0.466395 -0.720640 -0.512985
vn -0.221870 -0.454841 -0.862493
vn -0.412634 -0.575435 -0.706122
vn -0.485578 -0.567320 -0.665103
vn -0.608284 -0.611911 -0.505525
vn -0.325829 -0.406359 -0.853644
vn -0.533642 -0.469245 -0.703587
vn -0.716688 -0.472217 -0.513196
vn -0.575442 -0.412760 -0.706042
vn -0.623515 -0.340926 -0.703561
vn -0.788763 -0.330966 -0.517990
vn -0.406678 -0.313327 -0.858160
vn -0.651298 -0.277576 -0.706231
vn -0.666054 -0.209897 -0.715763
vn -0.840301 -0.200105 -0.503837
vn -0.462952 -0.210235 -0.861090
vn -0.989780 -0.044643 -0.135438
vn -0.982429 0.000058 -0.186638
vn -0.704970 -0.132724 -0.696707
vn -0.939760 0.001251 -0.341834
vn -0.900986 0.000224 -0.433849
vn -0.938237 -0.064571 -0.339914
vn -0.909069 -0.039266 -0.414792
vn -0.795145 -0.024345 -0.605930
vn -0.781831 -0.001536 -0.623488
vn -0.652255 -0.002603 -0.757995
vn -0.657879 -0.031752 -0.752454
vn -0.278653 -0.016037 -0.960258
vn -0.258369 -0.000346 -0.966046
vn -0.421576 -0.007406 -0.906763
vn -0.161039 -0.005229 -0.986934
vn -0.477024 -0.044101 -0.877783
vn -0.467072 -0.000275 -0.884219
vn -0.106614 -0.936701 -0.333504
vn -0.169092 -0.974323 -0.148667
vn -0.233771 -0.902257 -0.362330
vn -0.182636 -0.882797 -0.432797
vn -0.076830 -0.885443 -0.458353
vn -0.044518 -0.823092 -0.566161
vn -0.273669 -0.919739 -0.281400
vn -0.345283 -0.934599 -0.085461
vn -0.191377 -0.802087 -0.565713
vn -0.379232 -0.890837 -0.250186
vn -0.402374 -0.823125 -0.400699
vn -0.474691 -0.843765 -0.250458
vn -0.535224 -0.840506 -0.084175
vn -0.562052 -0.788232 -0.250574
vn -0.572077 -0.715463 -0.401050
vn -0.644927 -0.722124 -0.250213
vn -0.701034 -0.708198 -0.083709
vn -0.042979 -0.279148 -0.959286
vn -0.717099 -0.650499 -0.250240
vn -0.066891 -0.242889 -0.967745
vn -0.125702 -0.358164 -0.925158
vn -0.028360 -0.117996 -0.992609
vn -0.829483 -0.551054 -0.091089
vn -0.712921 -0.576424 -0.399349
vn -0.781324 -0.571704 -0.250373
vn -0.100070 -0.233148 -0.967279
vn -0.835506 -0.489200 -0.250227
vn -0.050901 -0.108578 -0.992784
vn -0.117296 -0.224318 -0.967431
vn -0.203048 -0.323735 -0.924104
vn -0.921776 -0.377069 -0.090270
vn -0.879487 -0.398077 -0.260842
vn -0.817972 -0.415323 -0.398030
vn -0.150455 -0.203691 -0.967405
vn -0.931112 -0.310336 -0.191629
vn -0.945723 -0.264018 -0.189481
vn -0.972996 -0.209834 -0.096174
vn -0.887592 -0.271891 -0.371827
vn -0.074998 -0.093424 -0.992798
vn -0.166315 -0.191058 -0.967386
vn -0.271839 -0.268594 -0.924100
vn -0.939867 -0.162443 -0.300436
vn -0.193704 -0.163416 -0.967354
vn -0.956110 -0.101792 -0.274758
vn -0.094857 -0.073169 -0.992798
vn -0.206051 -0.147578 -0.967349
vn -0.325429 -0.199404 -0.924302
vn -0.226576 -0.113895 -0.967311
vn -0.545417 -0.154884 -0.823730
vn -0.109529 -0.048455 -0.992802
vn -0.270336 -0.098267 -0.957738
vn -0.382293 -0.097512 -0.918881
vn -0.532256 -0.036576 -0.845793
vn -0.185300 -0.039626 -0.981883
vn -0.844319 -0.130799 -0.519631
vn -0.849826 -0.083892 -0.520343
vn -0.861844 -0.056518 -0.504015
vn -0.186739 -0.000191 -0.982410
vn -0.400378 -0.000312 -0.916350
vn -0.594142 0.001036 -0.804359
vn -0.780788 0.002124 -0.624792
vn -0.900969 0.000421 -0.433883
vn -0.966064 -0.000166 -0.258301
vn 0.000346 -0.258369 -0.966046
vn 0.000275 -0.467072 -0.884219
vn 0.002603 -0.652255 -0.757995
vn 0.001536 -0.781831 -0.623488
vn -0.000224 -0.900986 -0.433849
vn -0.000058 -0.982429 -0.186638
vn -0.988585 0.022146 -0.149028
vn -0.884167 0.046665 -0.464834
vn -0.877884 0.011217 -0.478743
vn -0.980254 0.099712 -0.170763
vn -0.918910 0.047284 -0.391622
vn -0.600734 0.032125 -0.798803
vn -0.704291 0.040639 -0.708748
vn -0.343560 -0.005691 -0.939114
vn -0.489809 0.058714 -0.869851
vn -0.317362 0.033246 -0.947722
vn -0.152310 0.009355 -0.988289
vn -0.626486 0.251524 -0.737734
vn -0.705056 0.208770 -0.677725
vn -0.809186 0.305969 -0.501599
vn -0.510675 0.102697 -0.853619
vn -0.687225 0.125075 -0.715596
vn -0.624830 0.340680 -0.702513
vn -0.720640 0.466395 -0.512985
vn -0.454841 0.221870 -0.862493
vn -0.575435 0.412634 -0.706122
vn -0.567320 0.485578 -0.665103
vn -0.611911 0.608284 -0.505525
vn -0.406359 0.325829 -0.853644
vn -0.469245 0.533642 -0.703587
vn -0.472217 0.716688 -0.513196
vn -0.412760 0.575442 -0.706042
vn -0.340926 0.623515 -0.703561
vn -0.330966 0.788763 -0.517990
vn -0.313327 0.406678 -0.858160
vn -0.277576 0.651298 -0.706231
vn -0.209897 0.666054 -0.715763
vn -0.200105 0.840301 -0.503837
vn -0.210235 0.462952 -0.861090
vn -0.044643 0.989780 -0.135438
vn 0.000058 0.982429 -0.186638
vn -0.132724 0.704970 -0.696707
vn 0.001251 0.939760 -0.341834
vn 0.000224 0.900986 -0.433849
vn -0.064571 0.938237 -0.339914
vn -0.039266 0.909069 -0.414792
vn -0.024345 0.795145 -0.605930
vn -0.001536 0.781831 -0.623488
vn -0.002603 0.652255 -0.757995
vn -0.031752 0.657879 -0.752454
vn -0.016037 0.278653 -0.960258
vn -0.000346 0.258369 -0.966046
vn -0.007406 0.421576 -0.906763
vn -0.005229 0.161039 -0.986934
vn -0.044101 0.477024 -0.877783
vn -0.000275 0.467072 -0.884219
vn -0.936701 0.106614 -0.333504
vn -0.974323 0.169092 -0.148667
vn -0.902257 0.233771 -0.362330
vn -0.882797 0.182636 -0.432797
vn -0.885443 0.076830 -0.458353
vn -0.823092 0.044518 -0.566161
vn -0.919739 0.273669 -0.281400
vn -0.934599 0.345283 -0.085461
vn -0.802087 0.191377 -0.565713
vn -0.890837 0.379232 -0.250186
vn -0.823125 0.402374 -0.400699
vn -0.843765 0.474691 -0.250458
vn -0.840506 0.535224 -0.084175
vn -0.788232 0.562052 -0.250574
vn -0.715463 0.572077 -0.401050
vn -0.722124 0.644927 -0.250213
vn -0.708198 0.701034 -0.083709
vn -0.279148 0.042979 -0.959286
vn -0.650499 0.717099 -0.250240
vn -0.242889 0.066891 -0.967745
vn -0.358164 0.125702 -0.925158
vn -0.117996 0.028360 -0.992609
vn -0.551054 0.829483 -0.091089
vn -0.576424 0.712921 -0.399349
vn -0.571704 0.781324 -0.250373
vn -0.233148 0.100070 -0.967279
vn -0.489200 0.835506 -0.250227
vn -0.108578 0.050901 -0.992784
vn -0.224318 0.117296 -0.967431
vn -0.323735 0.203048 -0.924104
vn -0.377069 0.921776 -0.090270
vn -0.398077 0.879487 -0.260842
vn -0.415323 0.817972 -0.398030
vn -0.203691 0.150455 -0.967405
vn -0.310336 0.931112 -0.191629
vn -0.264018 0.945723 -0.189481
vn -0.209834 0.972996 -0.096174
vn -0.271891 0.887592 -0.371827
vn -0.093424 0.074998 -0.992798
vn -0.191058 0.166315 -0.967386
vn -0.268594 0.271839 -0.924100
vn -0.162443 0.939867 -0.300436
vn -0.163416 0.193704 -0.967354
vn -0.101792 0.956110 -0.274758
vn -0.073169 0.094857 -0.992798
vn -0.147578 0.206051 -0.967349
vn -0.199404 0.325429 -0.924302
vn -0.113895 0.226576 -0.967311
vn -0.154884 0.545417 -0.823730
vn -0.048455 0.109529 -0.992802
vn -0.098267 0.270336 -0.957738
vn -0.097512 0.382293 -0.918881
vn -0.036576 0.532256 -0.845793
vn -0.039626 0.185300 -0.981883
vn -0.130799 0.844319 -0.519631
vn -0.083892 0.849826 -0.520343
vn -0.056518 0.861844 -0.504015
vn 0.988585 -0.022146 -0.149028
vn 0.966064 0.000166 -0.258301
vn 0.884167 -0.046665 -0.464834
vn 0.900969 -0.000421 -0.433883
vn 0.780788 -0.002124 -0.624792
vn 0.877884 -0.011217 -0.478743
vn 0.980254 -0.099712 -0.170763
vn 0.918910 -0.047284 -0.391622
vn 0.600734 -0.032125 -0.798803
vn 0.594142 -0.001036 -0.804359
vn 0.400378 0.000312 -0.916350
vn 0.704291 -0.040639 -0.708748
vn 0.343560 0.005691 -0.939114
vn 0.186739 0.000191 -0.982410
vn 0.489809 -0.058714 -0.869851
vn 0.317362 -0.033246 -0.947722
vn 0.152310 -0.009355 -0.988289
vn 0.626486 -0.251524 -0.737734
vn 0.705056 -0.208770 -0.677725
vn 0.809186 -0.305969 -0.501599
vn 0.510675 -0.102697 -0.853619
vn 0.687225 -0.125075 -0.715596
vn 0.624830 -0.340680 -0.702513
vn 0.720640 -0.466395 -0.512985
vn 0.454841 -0.221870 -0.862493
vn 0.575435 -0.412634 -0.706122
vn 0.567320 -0.485578 -0.665103
vn 0.611911 -0.608284 -0.505525
vn 0.406359 -0.325829 -0.853644
vn 0.469245 -0.533642 -0.703587
vn 0.472217 -0.716688 -0.513196
vn 0.412760 -0.575442 -0.706042
vn 0.340926 -0.623515 -0.703561
vn 0.330966 -0.788763 -0.517990
vn 0.313327 -0.406678 -0.858160
vn 0.277576 -0.651298 -0.706231
vn 0.209897 -0.666054 -0.715763
vn 0.200105 -0.840301 -0.503837
vn 0.210235 -0.462952 -0.861090
vn 0.044643 -0.989780 -0.135438
vn 0.132724 -0.704970 -0.696707
vn -0.001251 -0.939760 -0.341834
vn 0.039266 -0.909069 -0.414792
vn 0.064571 -0.938237 -0.339914
vn 0.024345 -0.795145 -0.605930
vn 0.031752 -0.657879 -0.752454
vn 0.016037 -0.278653 -0.960258
vn 0.007406 -0.421576 -0.906763
vn 0.005229 -0.161039 -0.986934
vn 0.044101 -0.477024 -0.877783
vn 0.936701 -0.106614 -0.333504
vn 0.974323 -0.169092 -0.148667
vn 0.902257 -0.233771 -0.362330
vn 0.882797 -0.182636 -0.432797
vn 0.885443 -0.076830 -0.458353
vn 0.823092 -0.044518 -0.566161
vn 0.919739 -0.273669 -0.281400
vn 0.934599 -0.345283 -0.085461
vn 0.802087 -0.191377 -0.565713
vn 0.890837 -0.379232 -0.250186
vn 0.823125 -0.402374 -0.400699
vn 0.843765 -0.474691 -0.250458
vn 0.840506 -0.535224 -0.084175
vn 0.788232 -0.562052 -0.250574
vn 0.715463 -0.572077 -0.401050
vn 0.722124 -0.644927 -0.250213
vn 0.708198 -0.701034 -0.083709
vn 0.279148 -0.042979 -0.959286
vn 0.650499 -0.717099 -0.250240
vn 0.242889 -0.066891 -0.967745
vn 0.358164 -0.125702 -0.925158
vn 0.117996 -0.028360 -0.992609
vn 0.551054 -0.829483 -0.091089
vn 0.576424 -0.712921 -0.399349
vn 0.571704 -0.781324 -0.250373
vn 0.233148 -0.100070 -0.967279
vn 0.489200 -0.835506 -0.250227
vn 0.108578 -0.050901 -0.992784
vn 0.224318 -0.117296 -0.967431
vn 0.323735 -0.203048 -0.924104
vn 0.377069 -0.921776 -0.090270
vn 0.398077 -0.879487 -0.260842
vn 0.415323 -0.817972 -0.398030
vn 0.203691 -0.150455 -0.967405
vn 0.310336 -0.931112 -0.191629
vn 0.264018 -0.945723 -0.189481
vn 0.209834 -0.972996 -0.096174
vn 0.271891 -0.887592 -0.371827
vn 0.093424 -0.074998 -0.992798
vn 0.191058 -0.166315 -0.967386
vn 0.268594 -0.271839 -0.924100
vn 0.162443 -0.939867 -0.300436
vn 0.163416 -0.193704 -0.967354
vn 0.101792 -0.956110 -0.274758
vn 0.073169 -0.094857 -0.992798
vn 0.147578 -0.206051 -0.967349
vn 0.199404 -0.325429 -0.924302
vn 0.113895 -0.226576 -0.967311
vn 0.154884 -0.545417 -0.823730
vn 0.048455 -0.109529 -0.992802
vn 0.098267 -0.270336 -0.957738
vn 0.097512 -0.382293 -0.918881
vn 0.036576 -0.532256 -0.845793
vn 0.039626 -0.185300 -0.981883
vn 0.130799 -0.844319 -0.519631
vn 0.083892 -0.849826 -0.520343
vn 0.056518 -0.861844 -0.504015
vn -0.000191 0.186739 -0.982410
vn -0.000312 0.400378 -0.916350
vn 0.001036 0.594142 -0.804359
vn 0.002124 0.780788 -0.624792
vn 0.000421 0.900969 -0.433883
vn -0.000166 0.966064 -0.258301
vn 0.258369 0.000346 -0.966046
vn 0.467072 0.000275 -0.884219
vn 0.652255 0.002603 -0.757995
vn 0.781831 0.001536 -0.623488
vn 0.900986 -0.000224 -0.433849
vn 0.982429 -0.000058 -0.186638
vn 0.022146 0.988585 -0.149028
vn 0.046665 0.884167 -0.464834
vn 0.011217 0.877884 -0.478743
vn 0.099712 0.980254 -0.170763
vn 0.047284 0.918910 -0.391622
vn 0.032125 0.600734 -0.798803
vn 0.040639 0.704291 -0.708748
vn -0.005691 0.343560 -0.939114
vn 0.058714 0.489809 -0.869851
vn 0.033246 0.317362 -0.947722
vn 0.009355 0.152310 -0.988289
vn 0.251524 0.626486 -0.737734
vn 0.208770 0.705056 -0.677725
vn 0.305969 0.809186 -0.501599
vn 0.102697 0.510675 -0.853619
vn 0.125075 0.687225 -0.715596
vn 0.340680 0.624830 -0.702513
vn 0.466395 0.720640 -0.512985
vn 0.221870 0.454841 -0.862493
vn 0.412634 0.575435 -0.706122
vn 0.485578 0.567320 -0.665103
vn 0.608284 0.611911 -0.505525
vn 0.325829 0.406359 -0.853644
vn 0.533642 0.469245 -0.703587
vn 0.716688 0.472217 -0.513196
vn 0.575442 0.412760 -0.706042
vn 0.623515 0.340926 -0.703561
vn 0.788763 0.330966 -0.517990
vn 0.406678 0.313327 -0.858160
vn 0.651298 0.277576 -0.706231
vn 0.666054 0.209897 -0.715763
vn 0.840301 0.200105 -0.503837
vn 0.462952 0.210235 -0.861090
vn 0.989780 0.044643 -0.135438
vn 0.704970 0.132724 -0.696707
vn 0.939760 -0.001251 -0.341834
vn 0.938237 0.064571 -0.339914
vn 0.909069 0.039266 -0.414792
vn 0.795145 0.024345 -0.605930
vn 0.657879 0.031752 -0.752454
vn 0.278653 0.016037 -0.960258
vn 0.421576 0.007406 -0.906763
vn 0.161039 0.005229 -0.986934
vn 0.477024 0.044101 -0.877783
vn 0.106614 0.936701 -0.333504
vn 0.169092 0.974323 -0.148667
vn 0.233771 0.902257 -0.362330
vn 0.182636 0.882797 -0.432797
vn 0.076830 0.885443 -0.458353
vn 0.044518 0.823092 -0.566161
vn 0.273669 0.919739 -0.281400
vn 0.345283 0.934599 -0.085461
vn 0.191377 0.802087 -0.565713
vn 0.379232 0.890837 -0.250186
vn 0.402374 0.823125 -0.400699
vn 0.474691 0.843765 -0.250458
vn 0.535224 0.840506 -0.084175
vn 0.562052 0.788232 -0.250574
vn 0.572077 0.715463 -0.401050
vn 0.644927 0.722124 -0.250213
vn 0.701034 0.708198 -0.083709
vn 0.042979 0.279148 -0.959286
vn 0.717099 0.650499 -0.250240
vn 0.066891 0.242889 -0.967745
vn 0.125702 0.358164 -0.925158
vn 0.028360 0.117996 -0.992609
vn 0.829483 0.551054 -0.091089
vn 0.712921 0.576424 -0.399349
vn 0.781324 0.571704 -0.250373
vn 0.100070 0.233148 -0.967279
vn 0.835506 0.489200 -0.250227
vn 0.050901 0.108578 -0.992784
vn 0.117296 0.224318 -0.967431
vn 0.203048 0.323735 -0.924104
vn 0.921776 0.377069 -0.090270
vn 0.879487 0.398077 -0.260842
vn 0.817972 0.415323 -0.398030
vn 0.150455 0.203691 -0.967405
vn 0.931112 0.310336 -0.191629
vn 0.945723 0.264018 -0.189481
vn 0.972996 0.209834 -0.096174
vn 0.887592 0.271891 -0.371827
vn 0.074998 0.093424 -0.992798
vn 0.166315 0.191058 -0.967386
vn 0.271839 0.268594 -0.924100
vn 0.939867 0.162443 -0.300436
vn 0.193704 0.163416 -0.967354
vn 0.956110 0.101792 -0.274758
vn 0.094857 0.073169 -0.992798
vn 0.206051 0.147578 -0.967349
vn 0.325429 0.199404 -0.924302
vn 0.226576 0.113895 -0.967311
vn 0.545417 0.154884 -0.823730
vn 0.109529 0.048455 -0.992802
vn 0.270336 0.098267 -0.957738
vn 0.382293 0.097512 -0.918881
vn 0.532256 0.036576 -0.845793
vn 0.185300 0.039626 -0.981883
vn 0.844319 0.130799 -0.519631
vn 0.849826 0.083892 -0.520343
vn 0.861844 0.056518 -0.504015
vn 0.540345 0.657865 -0.524634
vn 0.311096 0.592554 -0.743034
vn 0.127425 0.876842 -0.463585
vn 0.131670 0.396280 -0.908639
vn 0.396271 0.886817 -0.237750
vn 0.415301 0.168996 -0.893849
vn 0.339772 0.940452 -0.010226
vn 0.264163 0.001936 -0.964476
vn 0.127359 0.991852 0.002907
vn 0.385691 0.906567 0.171401
vn 0.374848 0.849785 0.370614
vn 0.090139 0.778647 0.620954
vn 0.517537 0.533502 0.668978
vn 0.382969 0.431765 0.816648
vn 0.127170 0.256852 0.958048
vn 0.220634 0.001245 0.975356
vn 0.185532 -0.001973 -0.982636
vn 0.013960 -0.781753 -0.623432
vn 0.034430 -0.982010 -0.185662
vn 0.001917 -0.916616 -0.399764
vn 0.093498 -0.465345 -0.880177
vn 0.002878 -0.623487 -0.781829
vn 0.294081 -0.955606 -0.018269
vn 0.091270 -0.099164 -0.990877
vn 0.001917 -0.258954 -0.965888
vn 0.257269 0.078126 -0.963177
vn 0.330334 0.687069 -0.647160
vn 0.281379 -0.942893 -0.178269
vn 0.447490 -0.894266 -0.006426
vn 0.265174 -0.883805 -0.385449
vn 0.177607 -0.769400 -0.613580
vn 0.403416 -0.570506 -0.715387
vn 0.273335 0.529923 -0.802789
vn 0.215458 -0.456417 -0.863285
vn 0.196856 0.361377 -0.911402
vn 0.126864 -0.256857 -0.958087
vn 0.006397 0.431668 -0.902010
vn 0.001616 0.238089 -0.971242
vn 0.014140 0.606971 -0.794598
vn 0.096598 0.169885 -0.980718
vn 0.192297 0.717811 -0.669156
vn 0.379492 0.000567 -0.925195
vn 0.253265 -0.002119 -0.967395
vn 0.120667 -0.225508 -0.966740
vn 0.122283 -0.409696 -0.903989
vn 0.117349 -0.578530 -0.807175
vn 0.220895 -0.687273 -0.691998
vn 0.148663 -0.707871 -0.690520
vn 0.083192 -0.920677 -0.381356
vn 0.429058 -0.891227 -0.147054
vn 0.165864 -0.819955 -0.547872
vn 0.189451 -0.981882 -0.004014
vn 0.253813 -0.967086 0.017978
vn 0.211705 -0.000315 0.977334
vn 0.385691 -0.891158 0.238914
vn 0.127170 -0.184261 0.974616
vn 0.382969 -0.369290 0.846734
vn 0.374848 -0.819587 0.433319
vn 0.289472 -0.596803 0.748353
vn 0.178120 -0.769327 0.613522
vn 0.301500 -0.665786 -0.682515
vn 0.003882 -0.527985 -0.849245
vn 0.000980 -0.352165 -0.935937
vn 0.009573 -0.162793 -0.986614
vn 0.236277 -0.000541 -0.971686
vn 0.143611 -0.702170 -0.697376
vn 0.114645 -0.993301 -0.014444
vn 0.000980 -0.973855 -0.227168
vn 0.005825 -0.923864 -0.382676
vn 0.006449 -0.831454 -0.555556
vn 0.044553 -0.998993 0.005298
vn 0.515132 -0.001094 0.857110
vn 0.001278 -0.258954 0.965889
vn 0.051415 -0.466780 0.882877
vn 0.034453 -0.623127 0.781362
vn 0.003789 -0.781824 0.623488
vn 0.001278 -0.916618 0.399762
vn 0.012400 -0.982517 0.185760
vn 0.218455 0.000314 0.975847
vn 0.074674 0.997149 0.010843
vn 0.001278 0.965890 0.258949
vn 0.051415 0.882877 0.466781
vn 0.028802 0.781505 0.623234
vn 0.008348 0.623475 0.781799
vn 0.005049 0.399763 0.916604
vn 0.001278 0.185770 0.982593
vn 0.096860 0.995294 -0.002917
vn 0.243689 0.001947 -0.969852
vn 0.051415 0.258607 -0.964613
vn 0.001278 0.467394 -0.884048
vn 0.054282 0.622573 -0.780677
vn 0.008348 0.781802 -0.623471
vn 0.005049 0.916608 -0.399755
vn 0.001278 0.982592 -0.185774
vn 0.594995 -0.001614 -0.803728
vn 0.072670 -0.997066 -0.024057
vn 0.001278 -0.965890 -0.258949
vn 0.051415 -0.882879 -0.466777
vn 0.034454 -0.781365 -0.623122
vn 0.003790 -0.623488 -0.781824
vn 0.001278 -0.399760 -0.916619
vn 0.012400 -0.185760 -0.982517
vn 0.036308 -0.999158 -0.019102
vn 0.964191 -0.256161 -0.068677
vn 0.562309 -0.731045 -0.386500
vn 0.683882 -0.570417 -0.454895
vn 0.371880 -0.578773 -0.725759
vn 0.381319 -0.369556 -0.847363
vn 0.257679 -0.179508 -0.949409
vn 0.208892 -0.073063 -0.975205
vn 0.997981 0.005135 -0.063309
vn 0.330320 0.161112 -0.930017
vn 0.500557 0.319083 -0.804754
vn 0.614439 0.434642 -0.658446
vn 0.829075 0.405570 -0.384900
vn 0.012620 0.732154 -0.681022
vn 0.657971 0.001813 -0.753041
vn 0.001078 0.238089 -0.971243
vn 0.010505 0.431661 -0.901975
vn 0.001078 0.607024 -0.794683
vn 0.063627 -0.986319 0.152073
vn 0.000899 -0.976991 0.213280
vn 0.202168 -0.974139 0.100901
vn 0.381283 -0.915914 0.125401
vn 0.555684 -0.821694 0.126628
vn 0.713787 -0.692001 0.107901
vn 0.845293 -0.525417 0.097038
vn 0.933110 -0.343516 0.106316
vn 0.984540 -0.132361 0.114722
vn 0.997705 -0.003506 0.067615
vn -0.003506 -0.997705 0.067615
vn -0.986319 -0.063627 0.152073
vn -0.992277 -0.001022 0.124035
vn -0.974139 -0.202168 0.100901
vn -0.915914 -0.381283 0.125401
vn -0.821694 -0.555684 0.126628
vn -0.692001 -0.713787 0.107901
vn -0.525417 -0.845293 0.097038
vn -0.343516 -0.933110 0.106316
vn -0.132361 -0.984540 0.114722
vn -0.992165 0.001833 0.124922
vn -0.001845 0.992845 0.119392
vn -0.098117 0.983463 0.152227
vn -0.254025 0.961558 0.104294
vn -0.431377 0.893394 0.125540
vn -0.602529 0.788600 0.122754
vn -0.756939 0.644992 0.105019
vn -0.878348 0.467762 0.098510
vn -0.949181 0.292702 0.115680
vn -0.991602 0.088273 0.094512
vn 0.001833 0.992165 0.124922
vn 0.986319 0.063627 0.152073
vn 0.976991 0.000899 0.213280
vn 0.974139 0.202168 0.100901
vn 0.915914 0.381283 0.125401
vn 0.807796 0.581428 0.096990
vn 0.664511 0.732143 0.149638
vn 0.525417 0.845293 0.097038
vn 0.343516 0.933110 0.106316
vn 0.108178 0.990881 0.080324
vn 0.043000 -0.047863 0.997928
vn 0.013180 -0.038930 0.999155
vn 0.206140 -0.358729 0.910395
vn 0.208763 -0.150920 0.966251
vn 0.023253 -0.005346 0.999715
vn 0.468051 -0.206206 0.859306
vn 0.002605 -0.021878 0.999757
vn 0.018435 -0.001267 0.999829
vn 0.027853 -0.000014 0.999612
vn 0.000005 -0.001149 0.999999
vn 0.006197 0.000026 0.999981
vn -0.005346 -0.023253 0.999715
vn -0.150920 -0.208763 0.966251
vn -0.206206 -0.468051 0.859306
vn 0.358729 0.206140 0.910395
vn 0.047863 0.043000 0.997928
vn 0.038930 0.013180 0.999155
vn -0.047863 -0.043000 0.997928
vn -0.038930 -0.013180 0.999155
vn -0.358729 -0.206140 0.910395
vn 0.005346 0.023253 0.999715
vn 0.021878 0.002605 0.999757
vn 0.150920 0.208763 0.966251
vn 0.206206 0.468051 0.859306
vn -0.001267 -0.018435 0.999829
vn -0.021878 -0.002605 0.999757
vn 0.001267 0.018435 0.999829
vn 0.000002 0.002072 0.999998
vn -0.000002 -0.003564 0.999994
vn -0.027397 -0.000061 0.999625
vn -0.000005 0.002337 0.999997
vn -0.005924 0.000006 0.999982
vn -0.018435 0.001267 0.999829
vn -0.002605 0.021878 0.999757
vn -0.023253 0.005346 0.999715
vn -0.013180 0.038930 0.999155
vn -0.208763 0.150920 0.966251
vn -0.468051 0.206206 0.859306
vn -0.043000 0.047863 0.997928
vn -0.206140 0.358729 0.910395
vn 0.960325 -0.278344 -0.017338
vn 0.865929 -0.500148 -0.004399
vn 0.250133 -0.221598 -0.942511
vn 0.568062 -0.822979 -0.003302
vn 0.354484 -0.934700 -0.026024
vn 0.160468 -0.986307 -0.038046
vn -0.117814 -0.970284 -0.211351
vn -0.392068 -0.919773 -0.017338
vn -0.600877 -0.799329 -0.004399
vn -0.746994 -0.661779 -0.063631
vn -0.854613 -0.448536 -0.261632
vn -0.953332 -0.194450 -0.230972
vn 0.960325 -0.278344 -0.017338
vn 0.865929 -0.500148 -0.004399
vn 0.250133 -0.221598 -0.942511
vn 0.568062 -0.822979 -0.003302
vn 0.354484 -0.934700 -0.026024
vn 0.160468 -0.986307 -0.038046
vn -0.117814 -0.970284 -0.211351
vn -0.392068 -0.919773 -0.017338
vn -0.600877 -0.799329 -0.004399
vn -0.746994 -0.661779 -0.063631
vn -0.854613 -0.448536 -0.261632
vn -0.953332 -0.194450 -0.230972
f 1//1 2//2 3//3
f 3//3 2//2 4//4
f 4//4 2//2 5//5
f 2//2 6//6 5//5
f 5//5 7//7 8//8
f 6//6 7//7 5//5
f 8//8 9//9 10//10
f 7//7 9//9 8//8
f 10//10 11//11 12//12
f 9//9 11//11 10//10
f 12//12 13//13 14//14
f 11//11 13//13 12//12
f 14//14 15//15 16//16
f 13//13 15//15 14//14
f 16//16 17//17 18//18
f 15//15 17//17 16//16
f 18//18 19//19 20//20
f 17//17 19//19 18//18
f 20//20 21//21 22//22
f 22//22 21//21 23//23
f 19//19 21//21 20//20
f 21//21 24//24 23//23
f 23//23 25//25 26//26
f 24//24 25//25 23//23
f 26//26 27//27 28//28
f 25//25 27//27 26//26
f 29//29 30//30 31//31
f 31//31 30//30 32//32
f 32//32 30//30 33//33
f 30//30 34//34 33//33
f 33//33 35//35 36//36
f 34//34 35//35 33//33
f 36//36 37//37 38//38
f 35//35 37//37 36//36
f 38//38 39//39 40//40
f 37//37 39//39 38//38
f 40//40 41//41 42//42
f 39//39 41//41 40//40
f 42//42 43//43 44//44
f 41//41 43//43 42//42
f 44//44 45//45 46//46
f 43//43 45//45 44//44
f 46//46 47//47 48//48
f 45//45 47//47 46//46
f 48//48 49//49 50//50
f 50//50 49//49 51//51
f 47//47 49//49 48//48
f 49//49 52//52 51//51
f 51//51 53//53 54//54
f 52//52 53//53 51//51
f 54//54 55//55 56//56
f 53//53 55//55 54//54
f 57//57 58//58 59//59
f 59//59 58//58 60//60
f 60//60 61//61 62//62
f 58//58 61//61 60//60
f 62//62 63//63 64//64
f 61//61 63//63 62//62
f 64//64 65//65 66//66
f 63//63 65//65 64//64
f 66//66 67//67 68//68
f 65//65 67//67 66//66
f 68//68 69//69 70//70
f 67//67 69//69 68//68
f 70//70 71//71 72//72
f 72//72 71//71 73//73
f 69//69 71//71 70//70
f 71//71 74//74 73//73
f 73//73 75//75 76//76
f 74//74 75//75 73//73
f 76//76 77//77 78//78
f 75//75 77//77 76//76
f 78//78 79//79 80//80
f 77//77 79//79 78//78
f 80//80 81//81 82//82
f 79//79 81//81 80//80
f 82//82 83//83 84//84
f 81//81 83//83 82//82
f 85//85 86//86 87//87
f 87//87 86//86 88//88
f 88//88 89//89 90//90
f 86//86 89//89 88//88
f 90//90 91//91 92//92
f 89//89 91//91 90//90
f 92//92 93//93 94//94
f 91//91 93//93 92//92
f 94//94 95//95 96//96
f 93//93 95//95 94//94
f 96//96 97//97 98//98
f 95//95 97//97 96//96
f 98//98 99//99 100//100
f 100//100 99//99 101//101
f 97//97 99//99 98//98
f 99//99 102//102 101//101
f 101//101 103//103 104//104
f 102//102 103//103 101//101
f 104//104 105//105 106//106
f 103//103 105//105 104//104
f 106//106 107//107 108//108
f 105//105 107//107 106//106
f 108//108 109//109 110//110
f 107//107 109//109 108//108
f 110//110 111//111 112//112
f 109//109 111//111 110//110
f 113//113 114//114 115//115
f 115//115 114//114 116//116
f 116//116 117//117 118//118
f 114//114 117//117 116//116
f 118//118 119//119 120//120
f 117//117 119//119 118//118
f 120//120 121//121 122//122
f 119//119 121//121 120//120
f 122//122 123//123 124//124
f 121//121 123//123 122//122
f 124//124 125//125 126//126
f 123//123 125//125 124//124
f 126//126 127//127 128//128
f 125//125 127//127 126//126
f 128//128 129//129 130//130
f 127//127 129//129 128//128
f 130//130 131//131 132//132
f 129//129 131//131 130//130
f 131//131 133//133 132//132
f 131//131 134//134 133//133
f 133//133 135//135 136//136
f 134//134 135//135 133//133
f 136//136 137//137 138//138
f 135//135 137//137 136//136
f 138//138 139//139 140//140
f 137//137 139//139 138//138
f 59//59 60//60 141//141
f 141//141 60//60 142//142
f 142//142 62//62 143//143
f 60//60 62//62 142//142
f 143//143 64//64 144//144
f 62//62 64//64 143//143
f 144//144 66//66 145//145
f 145//145 66//66 146//146
f 64//64 66//66 144//144
f 66//66 68//68 146//146
f 146//146 70//70 147//147
f 68//68 70//70 146//146
f 147//147 72//72 148//148
f 70//70 72//72 147//147
f 148//148 73//73 149//149
f 72//72 73//73 148//148
f 149//149 76//76 150//150
f 150//150 76//76 151//151
f 73//73 76//76 149//149
f 76//76 78//78 151//151
f 151//151 80//80 152//152
f 152//152 80//80 153//153
f 78//78 80//80 151//151
f 80//80 82//82 153//153
f 153//153 84//84 154//154
f 82//82 84//84 153//153
f 87//87 88//88 155//155
f 155//155 88//88 156//156
f 156//156 90//90 157//157
f 88//88 90//90 156//156
f 157//157 92//92 158//158
f 90//90 92//92 157//157
f 158//158 94//94 159//159
f 159//159 94//94 160//160
f 92//92 94//94 158//158
f 94//94 96//96 160//160
f 160//160 98//98 161//161
f 96//96 98//98 160//160
f 161//161 100//100 162//162
f 98//98 100//100 161//161
f 162//162 101//101 163//163
f 100//100 101//101 162//162
f 163//163 104//104 164//164
f 164//164 104//104 165//165
f 101//101 104//104 163//163
f 104//104 106//106 165//165
f 165//165 108//108 166//166
f 166//166 108//108 167//167
f 106//106 108//108 165//165
f 108//108 110//110 167//167
f 167//167 112//112 168//168
f 110//110 112//112 167//167
f 115//115 116//116 169//169
f 169//169 116//116 170//170
f 170//170 118//118 171//171
f 171//171 118//118 172//172
f 116//116 118//118 170//170
f 118//118 120//120 172//172
f 172//172 122//122 173//173
f 173//173 122//122 174//174
f 120//120 122//122 172//172
f 122//122 124//124 174//174
f 174//174 126//126 175//175
f 175//175 126//126 176//176
f 124//124 126//126 174//174
f 126//126 128//128 176//176
f 176//176 130//130 177//177
f 128//128 130//130 176//176
f 177//177 132//132 178//178
f 178//178 132//132 179//179
f 130//130 132//132 177//177
f 179//179 133//133 180//180
f 132//132 133//133 179//179
f 180//180 136//136 181//181
f 133//133 136//136 180//180
f 136//136 138//138 181//181
f 181//181 140//140 182//182
f 138//138 140//140 181//181
f 183//183 184//184 185//185
f 185//185 184//184 186//186
f 186//186 187//187 188//188
f 184//184 187//187 186//186
f 188//188 189//189 190//190
f 187//187 189//189 188//188
f 190//190 191//191 192//192
f 189//189 191//191 190//190
f 192//192 193//193 194//194
f 191//191 193//193 192//192
f 194//194 195//195 196//196
f 193//193 195//195 194//194
f 196//196 197//197 198//198
f 195//195 197//197 196//196
f 198//198 199//199 200//200
f 197//197 199//199 198//198
f 200//200 201//201 202//202
f 199//199 201//201 200//200
f 202//202 203//203 204//204
f 201//201 203//203 202//202
f 204//204 205//205 206//206
f 203//203 205//205 204//204
f 206//206 207//207 208//208
f 208//208 207//207 209//209
f 205//205 207//207 206//206
f 207//207 210//210 209//209
f 211//211 212//212 213//213
f 214//214 215//215 211//211
f 211//211 215//215 212//212
f 215//215 216//216 212//212
f 215//215 217//217 216//216
f 217//217 218//218 216//216
f 217//217 219//219 218//218
f 21//21 19//19 219//219
f 219//219 24//24 21//21
f 19//19 17//17 219//219
f 219//219 25//25 24//24
f 17//17 15//15 219//219
f 219//219 27//27 25//25
f 15//15 13//13 219//219
f 219//219 13//13 218//218
f 13//13 11//11 218//218
f 11//11 9//9 218//218
f 219//219 220//220 27//27
f 27//27 220//220 221//221
f 221//221 220//220 222//222
f 222//222 220//220 223//223
f 223//223 220//220 224//224
f 224//224 220//220 225//225
f 225//225 220//220 226//226
f 226//226 220//220 227//227
f 228//228 229//229 230//230
f 231//231 232//232 233//233
f 229//229 234//234 235//235
f 228//228 234//234 229//229
f 233//233 236//236 237//237
f 238//238 236//236 232//232
f 232//232 236//236 233//233
f 239//239 240//240 228//228
f 228//228 240//240 234//234
f 237//237 241//241 220//220
f 236//236 241//241 237//237
f 220//220 242//242 227//227
f 227//227 242//242 243//243
f 243//243 242//242 244//244
f 241//241 242//242 220//220
f 245//245 246//246 239//239
f 239//239 246//246 240//240
f 9//9 47//47 218//218
f 218//218 47//47 245//245
f 7//7 47//47 9//9
f 49//49 47//47 7//7
f 6//6 52//52 7//7
f 7//7 52//52 49//49
f 47//47 45//45 245//245
f 6//6 53//53 52//52
f 1//1 53//53 2//2
f 2//2 53//53 6//6
f 45//45 43//43 245//245
f 245//245 43//43 246//246
f 1//1 55//55 53//53
f 43//43 41//41 246//246
f 1//1 247//247 55//55
f 248//248 247//247 1//1
f 41//41 39//39 246//246
f 248//248 249//249 247//247
f 250//250 249//249 248//248
f 39//39 37//37 246//246
f 250//250 251//251 249//249
f 252//252 251//251 250//250
f 37//37 35//35 246//246
f 252//252 253//253 251//251
f 244//244 253//253 252//252
f 35//35 34//34 246//246
f 34//34 30//30 246//246
f 30//30 29//29 246//246
f 29//29 254//254 246//246
f 255//255 254//254 256//256
f 256//256 254//254 257//257
f 257//257 254//254 258//258
f 258//258 254//254 259//259
f 259//259 254//254 260//260
f 260//260 254//254 261//261
f 261//261 254//254 29//29
f 244//244 262//262 253//253
f 255//255 262//262 254//254
f 242//242 262//262 244//244
f 253//253 262//262 263//263
f 263//263 262//262 255//255
f 262//262 264//264 254//254
f 262//262 265//265 264//264
f 265//265 266//266 264//264
f 265//265 267//267 266//266
f 268//268 269//269 267//267
f 266//266 269//269 270//270
f 267//267 269//269 266//266
f 271//271 272//272 273//273
f 271//271 273//273 274//274
f 275//275 274//274 276//276
f 275//275 271//271 274//274
f 277//277 276//276 278//278
f 277//277 275//275 276//276
f 279//279 278//278 280//280
f 279//279 277//277 278//278
f 281//281 280//280 282//282
f 281//281 279//279 280//280
f 283//283 282//282 284//284
f 283//283 281//281 282//282
f 285//285 284//284 286//286
f 285//285 283//283 284//284
f 272//272 287//287 288//288
f 272//272 288//288 273//273
f 289//289 290//290 291//291
f 289//289 291//291 292//292
f 293//293 292//292 294//294
f 293//293 289//289 292//292
f 295//295 294//294 296//296
f 295//295 293//293 294//294
f 297//297 296//296 298//298
f 297//297 295//295 296//296
f 299//299 298//298 300//300
f 299//299 297//297 298//298
f 301//301 300//300 302//302
f 301//301 299//299 300//300
f 287//287 302//302 288//288
f 287//287 301//301 302//302
f 303//303 291//291 290//290
f 304//304 303//303 290//290
f 305//305 306//306 307//307
f 305//305 307//307 308//308
f 309//309 308//308 310//310
f 309//309 305//305 308//308
f 311//311 310//310 312//312
f 311//311 309//309 310//310
f 313//313 312//312 314//314
f 313//313 311//311 312//312
f 315//315 314//314 316//316
f 315//315 313//313 314//314
f 317//317 316//316 318//318
f 317//317 315//315 316//316
f 304//304 318//318 303//303
f 304//304 317//317 318//318
f 306//306 319//319 307//307
f 306//306 320//320 319//319
f 321//321 322//322 323//323
f 321//321 323//323 324//324
f 325//325 324//324 326//326
f 325//325 321//321 324//324
f 327//327 326//326 328//328
f 327//327 325//325 326//326
f 329//329 328//328 330//330
f 329//329 327//327 328//328
f 331//331 330//330 332//332
f 331//331 329//329 330//330
f 333//333 332//332 334//334
f 333//333 331//331 332//332
f 320//320 334//334 319//319
f 320//320 333//333 334//334
f 322//322 285//285 286//286
f 323//323 322//322 286//286
f 294//294 292//292 296//296
f 296//296 302//302 298//298
f 298//298 302//302 300//300
f 292//292 291//291 296//296
f 296//296 288//288 302//302
f 291//291 288//288 296//296
f 273//273 276//276 274//274
f 276//276 280//280 278//278
f 288//288 286//286 273//273
f 280//280 286//286 282//282
f 282//282 286//286 284//284
f 291//291 286//286 288//288
f 273//273 286//286 276//276
f 276//276 286//286 280//280
f 316//316 314//314 318//318
f 318//318 314//314 303//303
f 314//314 312//312 303//303
f 308//308 307//307 310//310
f 310//310 307//307 312//312
f 312//312 307//307 303//303
f 303//303 323//323 291//291
f 291//291 323//323 286//286
f 303//303 319//319 323//323
f 307//307 319//319 303//303
f 323//323 326//326 324//324
f 334//334 326//326 319//319
f 319//319 326//326 323//323
f 332//332 330//330 334//334
f 334//334 328//328 326//326
f 330//330 328//328 334//334
f 335//335 336//336 337//337
f 335//335 338//338 336//336
f 337//337 339//339 335//335
f 339//339 340//340 335//335
f 338//338 341//341 336//336
f 338//338 342//342 341//341
f 339//339 343//343 340//340
f 343//343 344//344 340//340
f 342//342 345//345 341//341
f 342//342 346//346 345//345
f 343//343 347//347 344//344
f 347//347 348//348 344//344
f 346//346 349//349 345//345
f 346//346 350//350 349//349
f 347//347 351//351 348//348
f 350//350 352//352 349//349
f 350//350 353//353 352//352
f 351//351 354//354 348//348
f 353//353 355//355 352//352
f 352//352 355//355 356//356
f 351//351 357//357 354//354
f 358//358 357//357 351//351
f 359//359 360//360 358//358
f 358//358 360//360 357//357
f 355//355 361//361 356//356
f 356//356 361//361 362//362
f 363//363 364//364 359//359
f 359//359 364//364 360//360
f 361//361 365//365 362//362
f 362//362 365//365 366//366
f 367//367 368//368 363//363
f 363//363 368//368 364//364
f 366//366 369//369 370//370
f 365//365 369//369 366//366
f 371//371 372//372 367//367
f 367//367 372//372 368//368
f 370//370 373//373 374//374
f 369//369 373//373 370//370
f 371//371 375//375 372//372
f 371//371 376//376 375//375
f 373//373 377//377 374//374
f 378//378 377//377 373//373
f 375//375 379//379 380//380
f 376//376 379//379 375//375
f 381//381 382//382 378//378
f 378//378 382//382 377//377
f 380//380 383//383 384//384
f 379//379 383//383 380//380
f 381//381 385//385 382//382
f 386//386 385//385 381//381
f 384//384 387//387 388//388
f 383//383 387//387 384//384
f 389//389 390//390 386//386
f 386//386 390//390 385//385
f 391//391 392//392 389//389
f 389//389 392//392 390//390
f 388//388 393//393 394//394
f 387//387 393//393 388//388
f 395//395 396//396 391//391
f 391//391 396//396 392//392
f 393//393 397//397 394//394
f 394//394 397//397 398//398
f 397//397 399//399 398//398
f 397//397 400//400 399//399
f 395//395 401//401 396//396
f 401//401 402//402 396//396
f 400//400 403//403 399//399
f 400//400 404//404 403//403
f 401//401 405//405 402//402
f 405//405 406//406 402//402
f 404//404 407//407 403//403
f 404//404 408//408 407//407
f 405//405 409//409 406//406
f 409//409 410//410 406//406
f 408//408 411//411 407//407
f 408//408 412//412 411//411
f 409//409 413//413 410//410
f 412//412 413//413 411//411
f 413//413 414//414 410//410
f 412//412 414//414 413//413
f 415//415 416//416 417//417
f 415//415 417//417 418//418
f 419//419 418//418 417//417
f 420//420 418//418 419//419
f 421//421 420//420 419//419
f 422//422 420//420 421//421
f 423//423 422//422 421//421
f 424//424 422//422 423//423
f 425//425 424//424 423//423
f 426//426 424//424 425//425
f 427//427 426//426 425//425
f 428//428 426//426 427//427
f 429//429 428//428 427//427
f 430//430 428//428 429//429
f 431//431 430//430 429//429
f 432//432 431//431 433//433
f 432//432 430//430 431//431
f 434//434 432//432 433//433
f 435//435 434//434 433//433
f 436//436 434//434 435//435
f 437//437 438//438 436//436
f 437//437 436//436 435//435
f 439//439 438//438 437//437
f 440//440 438//438 439//439
f 441//441 440//440 439//439
f 442//442 440//440 441//441
f 443//443 442//442 441//441
f 444//444 442//442 443//443
f 445//445 444//444 443//443
f 446//446 444//444 445//445
f 447//447 446//446 445//445
f 448//448 446//446 447//447
f 449//449 448//448 447//447
f 450//450 448//448 449//449
f 451//451 450//450 449//449
f 452//452 451//451 453//453
f 452//452 450//450 451//451
f 454//454 452//452 453//453
f 455//455 454//454 453//453
f 456//456 454//454 455//455
f 457//457 458//458 456//456
f 457//457 456//456 455//455
f 459//459 458//458 457//457
f 460//460 458//458 459//459
f 461//461 460//460 459//459
f 462//462 460//460 461//461
f 463//463 462//462 461//461
f 464//464 462//462 463//463
f 465//465 464//464 463//463
f 466//466 464//464 465//465
f 467//467 466//466 465//465
f 468//468 466//466 467//467
f 469//469 468//468 467//467
f 470//470 468//468 469//469
f 471//471 470//470 469//469
f 472//472 471//471 473//473
f 472//472 470//470 471//471
f 474//474 472//472 473//473
f 475//475 474//474 473//473
f 476//476 474//474 475//475
f 477//477 478//478 479//479
f 480//480 478//478 477//477
f 481//481 480//480 477//477
f 482//482 480//480 481//481
f 483//483 482//482 481//481
f 484//484 482//482 483//483
f 485//485 484//484 483//483
f 486//486 484//484 485//485
f 487//487 486//486 485//485
f 488//488 486//486 487//487
f 489//489 488//488 487//487
f 490//490 488//488 489//489
f 491//491 490//490 489//489
f 492//492 491//491 493//493
f 492//492 490//490 491//491
f 494//494 492//492 493//493
f 416//416 494//494 493//493
f 415//415 494//494 416//416
f 476//476 475//475 479//479
f 476//476 479//479 478//478
f 495//495 426//426 496//496
f 496//496 428//428 497//497
f 426//426 428//428 496//496
f 498//498 424//424 495//495
f 495//495 424//424 426//426
f 497//497 430//430 499//499
f 428//428 430//430 497//497
f 498//498 422//422 424//424
f 500//500 422//422 498//498
f 500//500 420//420 422//422
f 501//501 420//420 500//500
f 499//499 432//432 502//502
f 430//430 432//432 499//499
f 502//502 434//434 503//503
f 432//432 434//434 502//502
f 434//434 436//436 503//503
f 501//501 418//418 420//420
f 504//504 418//418 501//501
f 505//505 415//415 504//504
f 504//504 415//415 418//418
f 436//436 438//438 503//503
f 503//503 438//438 506//506
f 507//507 494//494 505//505
f 505//505 494//494 415//415
f 438//438 508//508 506//506
f 509//509 492//492 507//507
f 507//507 492//492 494//494
f 438//438 440//440 508//508
f 440//440 510//510 508//508
f 440//440 442//442 510//510
f 509//509 490//490 492//492
f 509//509 511//511 490//490
f 442//442 512//512 510//510
f 442//442 444//444 512//512
f 511//511 488//488 490//490
f 511//511 513//513 488//488
f 444//444 514//514 512//512
f 444//444 446//446 514//514
f 513//513 486//486 488//488
f 513//513 515//515 486//486
f 446//446 516//516 514//514
f 446//446 448//448 516//516
f 515//515 484//484 486//486
f 515//515 517//517 484//484
f 448//448 518//518 516//516
f 448//448 450//450 518//518
f 517//517 482//482 484//484
f 517//517 519//519 482//482
f 519//519 480//480 482//482
f 452//452 520//520 450//450
f 450//450 520//520 518//518
f 519//519 521//521 480//480
f 454//454 522//522 452//452
f 452//452 522//522 520//520
f 521//521 478//478 480//480
f 521//521 523//523 478//478
f 456//456 524//524 454//454
f 454//454 524//524 522//522
f 523//523 476//476 478//478
f 456//456 525//525 524//524
f 458//458 525//525 456//456
f 476//476 526//526 474//474
f 523//523 526//526 476//476
f 526//526 527//527 474//474
f 474//474 527//527 472//472
f 458//458 528//528 525//525
f 460//460 528//528 458//458
f 527//527 529//529 472//472
f 472//472 529//529 470//470
f 460//460 530//530 528//528
f 462//462 530//530 460//460
f 529//529 531//531 470//470
f 470//470 531//531 468//468
f 462//462 532//532 530//530
f 464//464 532//532 462//462
f 531//531 533//533 468//468
f 468//468 533//533 466//466
f 464//464 534//534 532//532
f 533//533 534//534 466//466
f 466//466 534//534 464//464
f 535//535 536//536 537//537
f 535//535 538//538 536//536
f 539//539 537//537 540//540
f 539//539 535//535 537//537
f 541//541 540//540 542//542
f 541//541 539//539 540//540
f 543//543 542//542 544//544
f 543//543 541//541 542//542
f 545//545 544//544 546//546
f 545//545 546//546 547//547
f 545//545 543//543 544//544
f 548//548 547//547 526//526
f 548//548 545//545 547//547
f 523//523 548//548 526//526
f 549//549 533//533 531//531
f 549//549 550//550 551//551
f 552//552 553//553 554//554
f 552//552 554//554 555//555
f 552//552 555//555 556//556
f 552//552 556//556 525//525
f 552//552 525//525 528//528
f 557//557 553//553 552//552
f 557//557 552//552 558//558
f 559//559 560//560 561//561
f 559//559 561//561 562//562
f 559//559 562//562 553//553
f 559//559 558//558 560//560
f 559//559 557//557 558//558
f 559//559 553//553 557//557
f 563//563 552//552 528//528
f 563//563 558//558 552//552
f 564//564 528//528 530//530
f 564//564 565//565 558//558
f 564//564 563//563 528//528
f 564//564 558//558 563//563
f 566//566 564//564 530//530
f 566//566 565//565 564//564
f 567//567 530//530 532//532
f 567//567 568//568 565//565
f 567//567 566//566 530//530
f 567//567 565//565 566//566
f 569//569 567//567 532//532
f 569//569 568//568 567//567
f 570//570 532//532 534//534
f 570//570 571//571 568//568
f 570//570 569//569 532//532
f 570//570 568//568 569//569
f 572//572 571//571 570//570
f 572//572 570//570 534//534
f 573//573 534//534 533//533
f 573//573 551//551 571//571
f 573//573 572//572 534//534
f 573//573 571//571 572//572
f 574//574 549//549 551//551
f 574//574 533//533 549//549
f 574//574 551//551 573//573
f 574//574 573//573 533//533
f 575//575 550//550 549//549
f 575//575 549//549 531//531
f 576//576 550//550 575//575
f 576//576 575//575 531//531
f 576//576 531//531 529//529
f 576//576 577//577 550//550
f 578//578 576//576 529//529
f 578//578 577//577 576//576
f 579//579 578//578 529//529
f 579//579 577//577 578//578
f 579//579 529//529 527//527
f 579//579 580//580 577//577
f 581//581 579//579 527//527
f 581//581 580//580 579//579
f 582//582 527//527 526//526
f 582//582 546//546 544//544
f 582//582 547//547 546//546
f 582//582 526//526 547//547
f 583//583 582//582 544//544
f 583//583 527//527 582//582
f 584//584 581//581 527//527
f 584//584 580//580 581//581
f 584//584 537//537 536//536
f 584//584 540//540 537//537
f 584//584 542//542 540//540
f 584//584 544//544 542//542
f 584//584 536//536 580//580
f 584//584 527//527 583//583
f 584//584 583//583 544//544
f 560//560 585//585 586//586
f 561//561 586//586 587//587
f 561//561 560//560 586//586
f 562//562 587//587 588//588
f 562//562 561//561 587//587
f 553//553 588//588 589//589
f 553//553 562//562 588//588
f 554//554 589//589 590//590
f 554//554 553//553 589//589
f 555//555 590//590 591//591
f 555//555 554//554 590//590
f 556//556 591//591 524//524
f 556//556 555//555 591//591
f 525//525 556//556 524//524
f 592//592 593//593 594//594
f 592//592 516//516 518//518
f 595//595 596//596 597//597
f 595//595 597//597 598//598
f 595//595 598//598 599//599
f 595//595 599//599 506//506
f 595//595 506//506 508//508
f 600//600 596//596 595//595
f 600//600 595//595 601//601
f 602//602 601//601 603//603
f 602//602 603//603 604//604
f 602//602 604//604 605//605
f 602//602 605//605 596//596
f 602//602 596//596 600//600
f 602//602 600//600 601//601
f 606//606 595//595 508//508
f 606//606 601//601 595//595
f 607//607 608//608 601//601
f 607//607 508//508 510//510
f 607//607 606//606 508//508
f 607//607 601//601 606//606
f 609//609 608//608 607//607
f 609//609 607//607 510//510
f 610//610 611//611 608//608
f 610//610 510//510 512//512
f 610//610 609//609 510//510
f 610//610 608//608 609//609
f 612//612 611//611 610//610
f 612//612 610//610 512//512
f 613//613 614//614 611//611
f 613//613 512//512 514//514
f 613//613 611//611 612//612
f 613//613 612//612 512//512
f 615//615 613//613 514//514
f 615//615 614//614 613//613
f 616//616 594//594 614//614
f 616//616 514//514 516//516
f 616//616 615//615 514//514
f 616//616 614//614 615//615
f 617//617 616//616 516//516
f 617//617 594//594 616//616
f 617//617 516//516 592//592
f 617//617 592//592 594//594
f 618//618 592//592 518//518
f 618//618 593//593 592//592
f 619//619 593//593 618//618
f 619//619 618//618 518//518
f 619//619 620//620 593//593
f 619//619 518//518 520//520
f 621//621 620//620 619//619
f 621//621 619//619 520//520
f 622//622 621//621 520//520
f 622//622 623//623 620//620
f 622//622 520//520 522//522
f 622//622 620//620 621//621
f 624//624 623//623 622//622
f 624//624 622//622 522//522
f 625//625 590//590 589//589
f 625//625 591//591 590//590
f 625//625 524//524 591//591
f 625//625 522//522 524//524
f 626//626 522//522 625//625
f 626//626 625//625 589//589
f 627//627 586//586 585//585
f 627//627 587//587 586//586
f 627//627 588//588 587//587
f 627//627 589//589 588//588
f 627//627 585//585 623//623
f 627//627 623//623 624//624
f 627//627 624//624 522//522
f 627//627 522//522 626//626
f 627//627 626//626 589//589
f 604//604 603//603 628//628
f 604//604 628//628 629//629
f 605//605 629//629 630//630
f 605//605 604//604 629//629
f 596//596 630//630 631//631
f 596//596 605//605 630//630
f 597//597 631//631 632//632
f 597//597 596//596 631//631
f 598//598 632//632 633//633
f 598//598 633//633 634//634
f 598//598 597//597 632//632
f 599//599 634//634 503//503
f 599//599 598//598 634//634
f 506//506 599//599 503//503
f 635//635 496//496 497//497
f 635//635 636//636 637//637
f 638//638 639//639 640//640
f 638//638 640//640 641//641
f 638//638 641//641 642//642
f 638//638 642//642 504//504
f 638//638 504//504 501//501
f 643//643 639//639 638//638
f 643//643 638//638 644//644
f 645//645 646//646 647//647
f 645//645 647//647 648//648
f 645//645 648//648 639//639
f 645//645 644//644 646//646
f 645//645 643//643 644//644
f 645//645 639//639 643//643
f 649//649 638//638 501//501
f 649//649 644//644 638//638
f 650//650 501//501 500//500
f 650//650 651//651 644//644
f 650//650 649//649 501//501
f 650//650 644//644 649//649
f 652//652 650//650 500//500
f 652//652 651//651 650//650
f 653//653 500//500 498//498
f 653//653 654//654 651//651
f 653//653 652//652 500//500
f 653//653 651//651 652//652
f 655//655 653//653 498//498
f 655//655 654//654 653//653
f 656//656 498//498 495//495
f 656//656 657//657 654//654
f 656//656 655//655 498//498
f 656//656 654//654 655//655
f 658//658 657//657 656//656
f 658//658 656//656 495//495
f 659//659 495//495 496//496
f 659//659 637//637 657//657
f 659//659 657//657 658//658
f 659//659 658//658 495//495
f 660//660 635//635 637//637
f 660//660 496//496 635//635
f 660//660 659//659 496//496
f 660//660 637//637 659//659
f 661//661 636//636 635//635
f 661//661 635//635 497//497
f 662//662 636//636 661//661
f 662//662 661//661 497//497
f 662//662 497//497 499//499
f 662//662 663//663 636//636
f 664//664 662//662 499//499
f 664//664 663//663 662//662
f 665//665 664//664 499//499
f 665//665 663//663 664//664
f 665//665 499//499 502//502
f 665//665 666//666 663//663
f 667//667 665//665 502//502
f 667//667 666//666 665//665
f 668//668 502//502 503//503
f 668//668 633//633 632//632
f 668//668 634//634 633//633
f 668//668 503//503 634//634
f 669//669 668//668 632//632
f 669//669 502//502 668//668
f 670//670 667//667 502//502
f 670//670 666//666 667//667
f 670//670 669//669 632//632
f 670//670 629//629 628//628
f 670//670 630//630 629//629
f 670//670 631//631 630//630
f 670//670 632//632 631//631
f 670//670 628//628 666//666
f 670//670 502//502 669//669
f 646//646 671//671 672//672
f 647//647 672//672 673//673
f 647//647 646//646 672//672
f 648//648 673//673 674//674
f 648//648 647//647 673//673
f 639//639 674//674 675//675
f 639//639 648//648 674//674
f 640//640 675//675 676//676
f 640//640 639//639 675//675
f 641//641 676//676 677//677
f 641//641 640//640 676//676
f 642//642 677//677 505//505
f 642//642 641//641 677//677
f 504//504 642//642 505//505
f 678//678 513//513 511//511
f 678//678 679//679 680//680
f 681//681 548//548 523//523
f 681//681 545//545 548//548
f 681//681 543//543 545//545
f 681//681 541//541 543//543
f 681//681 523//523 521//521
f 682//682 541//541 681//681
f 682//682 681//681 683//683
f 684//684 539//539 541//541
f 684//684 535//535 539//539
f 684//684 538//538 535//535
f 684//684 683//683 538//538
f 684//684 682//682 683//683
f 684//684 541//541 682//682
f 685//685 681//681 521//521
f 685//685 683//683 681//681
f 686//686 521//521 519//519
f 686//686 687//687 683//683
f 686//686 685//685 521//521
f 686//686 683//683 685//685
f 688//688 686//686 519//519
f 688//688 687//687 686//686
f 689//689 519//519 517//517
f 689//689 690//690 687//687
f 689//689 688//688 519//519
f 689//689 687//687 688//688
f 691//691 690//690 689//689
f 691//691 689//689 517//517
f 692//692 517//517 515//515
f 692//692 693//693 690//690
f 692//692 690//690 691//691
f 692//692 691//691 517//517
f 694//694 692//692 515//515
f 694//694 693//693 692//692
f 695//695 515//515 513//513
f 695//695 680//680 693//693
f 695//695 693//693 694//694
f 695//695 694//694 515//515
f 696//696 513//513 678//678
f 696//696 680//680 695//695
f 696//696 678//678 680//680
f 696//696 695//695 513//513
f 697//697 678//678 511//511
f 697//697 679//679 678//678
f 698//698 679//679 697//697
f 698//698 697//697 511//511
f 698//698 511//511 509//509
f 698//698 699//699 679//679
f 700//700 698//698 509//509
f 700//700 699//699 698//698
f 701//701 700//700 509//509
f 701//701 699//699 700//700
f 701//701 509//509 507//507
f 701//701 702//702 699//699
f 703//703 701//701 507//507
f 703//703 702//702 701//701
f 704//704 507//507 505//505
f 704//704 676//676 675//675
f 704//704 677//677 676//676
f 704//704 505//505 677//677
f 705//705 704//704 675//675
f 705//705 507//507 704//704
f 706//706 703//703 507//507
f 706//706 702//702 703//703
f 706//706 672//672 671//671
f 706//706 673//673 672//672
f 706//706 674//674 673//673
f 706//706 675//675 674//674
f 706//706 671//671 702//702
f 706//706 507//507 705//705
f 706//706 705//705 675//675
f 707//707 400//400 397//397
f 707//707 708//708 400//400
f 708//708 404//404 400//400
f 708//708 709//709 404//404
f 709//709 408//408 404//404
f 709//709 710//710 408//408
f 408//408 711//711 412//412
f 710//710 711//711 408//408
f 412//412 712//712 414//414
f 711//711 712//712 412//412
f 712//712 410//410 414//414
f 712//712 713//713 410//410
f 410//410 714//714 406//406
f 713//713 714//714 410//410
f 406//406 715//715 402//402
f 714//714 715//715 406//406
f 402//402 716//716 396//396
f 715//715 716//716 402//402
f 396//396 716//716 392//392
f 392//392 716//716 717//717
f 717//717 390//390 392//392
f 717//717 718//718 390//390
f 718//718 385//385 390//390
f 718//718 719//719 385//385
f 719//719 382//382 385//385
f 719//719 720//720 382//382
f 720//720 377//377 382//382
f 720//720 721//721 377//377
f 377//377 722//722 374//374
f 721//721 722//722 377//377
f 374//374 723//723 370//370
f 722//722 723//723 374//374
f 370//370 724//724 366//366
f 723//723 724//724 370//370
f 366//366 725//725 362//362
f 724//724 725//725 366//366
f 725//725 356//356 362//362
f 725//725 726//726 356//356
f 727//727 352//352 726//726
f 726//726 352//352 356//356
f 727//727 728//728 352//352
f 352//352 728//728 349//349
f 349//349 729//729 345//345
f 728//728 729//729 349//349
f 345//345 730//730 341//341
f 729//729 730//730 345//345
f 341//341 731//731 336//336
f 730//730 731//731 341//341
f 336//336 732//732 337//337
f 731//731 732//732 336//336
f 337//337 733//733 339//339
f 732//732 733//733 337//337
f 339//339 734//734 343//343
f 733//733 734//734 339//339
f 343//343 735//735 347//347
f 734//734 735//735 343//343
f 347//347 736//736 351//351
f 735//735 736//736 347//347
f 737//737 358//358 736//736
f 736//736 358//358 351//351
f 737//737 738//738 358//358
f 358//358 738//738 359//359
f 738//738 363//363 359//359
f 738//738 739//739 363//363
f 739//739 367//367 363//363
f 739//739 740//740 367//367
f 367//367 741//741 371//371
f 740//740 741//741 367//367
f 371//371 742//742 376//376
f 741//741 742//742 371//371
f 376//376 743//743 379//379
f 742//742 743//743 376//376
f 379//379 744//744 383//383
f 743//743 744//744 379//379
f 383//383 745//745 387//387
f 744//744 745//745 383//383
f 387//387 746//746 393//393
f 745//745 746//746 387//387
f 393//393 746//746 397//397
f 397//397 746//746 707//707
f 747//747 538//538 748//748
f 747//747 536//536 538//538
f 749//749 560//560 558//558
f 750//750 558//558 565//565
f 750//750 749//749 558//558
f 751//751 565//565 568//568
f 751//751 750//750 565//565
f 752//752 568//568 571//571
f 752//752 751//751 568//568
f 753//753 571//571 551//551
f 753//753 752//752 571//571
f 754//754 551//551 550//550
f 754//754 753//753 551//551
f 755//755 550//550 577//577
f 755//755 754//754 550//550
f 756//756 577//577 580//580
f 756//756 755//755 577//577
f 757//757 580//580 536//536
f 757//757 756//756 580//580
f 747//747 757//757 536//536
f 560//560 749//749 758//758
f 560//560 758//758 585//585
f 759//759 603//603 601//601
f 760//760 601//601 608//608
f 760//760 759//759 601//601
f 761//761 608//608 611//611
f 761//761 760//760 608//608
f 762//762 611//611 614//614
f 762//762 761//761 611//611
f 763//763 614//614 594//594
f 763//763 762//762 614//614
f 764//764 594//594 593//593
f 764//764 763//763 594//594
f 765//765 593//593 620//620
f 765//765 764//764 593//593
f 766//766 620//620 623//623
f 766//766 765//765 620//620
f 767//767 623//623 585//585
f 767//767 766//766 623//623
f 758//758 767//767 585//585
f 603//603 759//759 768//768
f 603//603 768//768 628//628
f 769//769 646//646 644//644
f 770//770 644//644 651//651
f 770//770 769//769 644//644
f 771//771 651//651 654//654
f 771//771 770//770 651//651
f 772//772 654//654 657//657
f 772//772 771//771 654//654
f 773//773 657//657 637//637
f 773//773 772//772 657//657
f 774//774 637//637 636//636
f 774//774 773//773 637//637
f 775//775 636//636 663//663
f 775//775 774//774 636//636
f 776//776 663//663 666//666
f 776//776 775//775 663//663
f 777//777 666//666 628//628
f 777//777 776//776 666//666
f 768//768 777//777 628//628
f 778//778 646//646 769//769
f 778//778 671//671 646//646
f 748//748 538//538 683//683
f 779//779 683//683 687//687
f 779//779 748//748 683//683
f 780//780 687//687 690//690
f 780//780 779//779 687//687
f 781//781 690//690 693//693
f 781//781 780//780 690//690
f 782//782 693//693 680//680
f 782//782 781//781 693//693
f 783//783 680//680 679//679
f 783//783 782//782 680//680
f 784//784 679//679 699//699
f 784//784 783//783 679//679
f 785//785 699//699 702//702
f 785//785 784//784 699//699
f 786//786 702//702 671//671
f 786//786 785//785 702//702
f 778//778 786//786 671//671
f 722//722 787//787 788//788
f 721//721 789//789 787//787
f 721//721 787//787 722//722
f 723//723 788//788 790//790
f 723//723 722//722 788//788
f 720//720 791//791 789//789
f 720//720 789//789 721//721
f 724//724 723//723 790//790
f 724//724 790//790 792//792
f 719//719 793//793 791//791
f 719//719 791//791 720//720
f 725//725 792//792 794//794
f 725//725 724//724 792//792
f 718//718 793//793 719//719
f 795//795 793//793 718//718
f 717//717 795//795 718//718
f 726//726 794//794 796//796
f 726//726 725//725 794//794
f 727//727 796//796 797//797
f 727//727 726//726 796//796
f 716//716 798//798 795//795
f 716//716 795//795 717//717
f 799//799 798//798 716//716
f 728//728 797//797 800//800
f 728//728 727//727 797//797
f 715//715 799//799 716//716
f 715//715 801//801 799//799
f 729//729 800//800 802//802
f 729//729 728//728 800//800
f 714//714 801//801 715//715
f 803//803 801//801 714//714
f 730//730 729//729 802//802
f 804//804 730//730 802//802
f 713//713 803//803 714//714
f 805//805 803//803 713//713
f 731//731 730//730 804//804
f 806//806 731//731 804//804
f 712//712 805//805 713//713
f 732//732 731//731 806//806
f 807//807 805//805 712//712
f 711//711 807//807 712//712
f 808//808 732//732 806//806
f 733//733 732//732 808//808
f 809//809 807//807 711//711
f 710//710 809//809 711//711
f 810//810 733//733 808//808
f 734//734 733//733 810//810
f 811//811 710//710 709//709
f 811//811 809//809 710//710
f 812//812 734//734 810//810
f 812//812 735//735 734//734
f 813//813 709//709 708//708
f 813//813 811//811 709//709
f 814//814 735//735 812//812
f 736//736 735//735 814//814
f 815//815 708//708 707//707
f 815//815 813//813 708//708
f 816//816 736//736 814//814
f 817//817 737//737 736//736
f 817//817 736//736 816//816
f 818//818 707//707 746//746
f 818//818 815//815 707//707
f 738//738 737//737 817//817
f 819//819 818//818 746//746
f 819//819 746//746 745//745
f 820//820 738//738 817//817
f 820//820 739//739 738//738
f 821//821 819//819 745//745
f 821//821 745//745 744//744
f 822//822 739//739 820//820
f 822//822 740//740 739//739
f 823//823 821//821 744//744
f 823//823 744//744 743//743
f 824//824 740//740 822//822
f 824//824 741//741 740//740
f 825//825 823//823 743//743
f 825//825 743//743 742//742
f 826//826 741//741 824//824
f 826//826 825//825 742//742
f 826//826 742//742 741//741
f 827//827 818//818 828//828
f 827//827 815//815 818//818
f 829//829 828//828 830//830
f 829//829 827//827 828//828
f 831//831 830//830 832//832
f 831//831 829//829 830//830
f 833//833 832//832 834//834
f 833//833 831//831 832//832
f 835//835 834//834 836//836
f 835//835 833//833 834//834
f 837//837 836//836 838//838
f 837//837 835//835 836//836
f 748//748 838//838 747//747
f 748//748 837//837 838//838
f 839//839 754//754 755//755
f 839//839 823//823 825//825
f 840//840 841//841 842//842
f 840//840 842//842 843//843
f 840//840 843//843 749//749
f 840//840 749//749 750//750
f 844//844 840//840 750//750
f 844//844 841//841 840//840
f 845//845 817//817 846//846
f 845//845 846//846 847//847
f 845//845 847//847 848//848
f 845//845 848//848 841//841
f 845//845 820//820 817//817
f 845//845 844//844 750//750
f 845//845 841//841 844//844
f 849//849 845//845 750//750
f 849//849 820//820 845//845
f 850//850 750//750 751//751
f 850//850 822//822 820//820
f 850//850 849//849 750//750
f 850//850 820//820 849//849
f 851//851 850//850 751//751
f 851//851 822//822 850//850
f 852//852 751//751 752//752
f 852//852 824//824 822//822
f 852//852 851//851 751//751
f 852//852 822//822 851//851
f 853//853 824//824 852//852
f 853//853 852//852 752//752
f 854//854 752//752 753//753
f 854//854 826//826 824//824
f 854//854 853//853 752//752
f 854//854 824//824 853//853
f 855//855 826//826 854//854
f 855//855 854//854 753//753
f 856//856 753//753 754//754
f 856//856 825//825 826//826
f 856//856 855//855 753//753
f 856//856 826//826 855//855
f 857//857 839//839 825//825
f 857//857 754//754 839//839
f 857//857 856//856 754//754
f 857//857 825//825 856//856
f 858//858 823//823 839//839
f 858//858 839//839 755//755
f 859//859 823//823 858//858
f 859//859 755//755 756//756
f 859//859 821//821 823//823
f 859//859 858//858 755//755
f 860//860 859//859 756//756
f 860//860 821//821 859//859
f 861//861 860//860 756//756
f 861//861 821//821 860//860
f 861//861 756//756 757//757
f 861//861 819//819 821//821
f 862//862 861//861 757//757
f 862//862 819//819 861//861
f 863//863 757//757 747//747
f 863//863 819//819 862//862
f 863//863 834//834 832//832
f 863//863 836//836 834//834
f 863//863 838//838 836//836
f 863//863 747//747 838//838
f 863//863 862//862 757//757
f 864//864 819//819 863//863
f 864//864 863//863 832//832
f 865//865 828//828 818//818
f 865//865 864//864 832//832
f 865//865 830//830 828//828
f 865//865 832//832 830//830
f 865//865 819//819 864//864
f 865//865 818//818 819//819
f 846//846 816//816 866//866
f 846//846 817//817 816//816
f 847//847 866//866 867//867
f 847//847 846//846 866//866
f 848//848 867//867 868//868
f 848//848 847//847 867//867
f 841//841 868//868 869//869
f 841//841 848//848 868//868
f 842//842 869//869 870//870
f 842//842 841//841 869//869
f 843//843 870//870 871//871
f 843//843 842//842 870//870
f 749//749 871//871 758//758
f 749//749 843//843 871//871
f 872//872 810//810 808//808
f 872//872 764//764 765//765
f 873//873 874//874 875//875
f 873//873 875//875 876//876
f 873//873 876//876 759//759
f 873//873 759//759 760//760
f 877//877 874//874 873//873
f 877//877 873//873 760//760
f 878//878 800//800 797//797
f 878//878 797//797 879//879
f 878//878 879//879 880//880
f 878//878 880//880 881//881
f 878//878 881//881 874//874
f 878//878 874//874 877//877
f 878//878 877//877 760//760
f 882//882 878//878 760//760
f 882//882 800//800 878//878
f 883//883 802//802 800//800
f 883//883 760//760 761//761
f 883//883 882//882 760//760
f 883//883 800//800 882//882
f 884//884 802//802 883//883
f 884//884 883//883 761//761
f 885//885 804//804 802//802
f 885//885 761//761 762//762
f 885//885 884//884 761//761
f 885//885 802//802 884//884
f 886//886 804//804 885//885
f 886//886 885//885 762//762
f 887//887 806//806 804//804
f 887//887 762//762 763//763
f 887//887 886//886 762//762
f 887//887 804//804 886//886
f 888//888 887//887 763//763
f 888//888 806//806 887//887
f 889//889 808//808 806//806
f 889//889 763//763 764//764
f 889//889 888//888 763//763
f 889//889 806//806 888//888
f 890//890 889//889 764//764
f 890//890 808//808 889//889
f 890//890 764//764 872//872
f 890//890 872//872 808//808
f 891//891 872//872 765//765
f 891//891 810//810 872//872
f 892//892 810//810 891//891
f 892//892 812//812 810//810
f 892//892 765//765 766//766
f 892//892 891//891 765//765
f 893//893 812//812 892//892
f 893//893 892//892 766//766
f 894//894 893//893 766//766
f 894//894 814//814 812//812
f 894//894 766//766 767//767
f 894//894 812//812 893//893
f 895//895 814//814 894//894
f 895//895 894//894 767//767
f 896//896 869//869 868//868
f 896//896 870//870 869//869
f 896//896 871//871 870//870
f 896//896 758//758 871//871
f 896//896 895//895 767//767
f 896//896 767//767 758//758
f 896//896 814//814 895//895
f 897//897 814//814 896//896
f 897//897 896//896 868//868
f 898//898 866//866 816//816
f 898//898 867//867 866//866
f 898//898 868//868 867//867
f 898//898 816//816 814//814
f 898//898 897//897 868//868
f 898//898 814//814 897//897
f 797//797 796//796 899//899
f 879//879 899//899 900//900
f 879//879 797//797 899//899
f 880//880 900//900 901//901
f 880//880 879//879 900//900
f 881//881 901//901 902//902
f 881//881 880//880 901//901
f 874//874 902//902 903//903
f 874//874 881//881 902//902
f 875//875 903//903 904//904
f 875//875 874//874 903//903
f 876//876 904//904 768//768
f 876//876 875//875 904//904
f 759//759 876//876 768//768
f 905//905 790//790 788//788
f 905//905 774//774 775//775
f 906//906 907//907 908//908
f 906//906 908//908 909//909
f 906//906 909//909 769//769
f 906//906 769//769 770//770
f 910//910 907//907 906//906
f 910//910 906//906 770//770
f 911//911 793//793 795//795
f 911//911 795//795 912//912
f 911//911 912//912 913//913
f 911//911 913//913 914//914
f 911//911 914//914 907//907
f 911//911 907//907 910//910
f 911//911 910//910 770//770
f 915//915 911//911 770//770
f 915//915 793//793 911//911
f 916//916 791//791 793//793
f 916//916 770//770 771//771
f 916//916 915//915 770//770
f 916//916 793//793 915//915
f 917//917 791//791 916//916
f 917//917 916//916 771//771
f 918//918 789//789 791//791
f 918//918 771//771 772//772
f 918//918 917//917 771//771
f 918//918 791//791 917//917
f 919//919 789//789 918//918
f 919//919 918//918 772//772
f 920//920 787//787 789//789
f 920//920 772//772 773//773
f 920//920 919//919 772//772
f 920//920 789//789 919//919
f 921//921 920//920 773//773
f 921//921 787//787 920//920
f 922//922 788//788 787//787
f 922//922 773//773 774//774
f 922//922 787//787 921//921
f 922//922 921//921 773//773
f 923//923 788//788 922//922
f 923//923 922//922 774//774
f 923//923 774//774 905//905
f 923//923 905//905 788//788
f 924//924 905//905 775//775
f 924//924 790//790 905//905
f 925//925 790//790 924//924
f 925//925 792//792 790//790
f 925//925 775//775 776//776
f 925//925 924//924 775//775
f 926//926 792//792 925//925
f 926//926 925//925 776//776
f 927//927 926//926 776//776
f 927//927 794//794 792//792
f 927//927 776//776 777//777
f 927//927 792//792 926//926
f 928//928 794//794 927//927
f 928//928 927//927 777//777
f 929//929 902//902 901//901
f 929//929 903//903 902//902
f 929//929 904//904 903//903
f 929//929 768//768 904//904
f 929//929 928//928 777//777
f 929//929 777//777 768//768
f 929//929 794//794 928//928
f 930//930 794//794 929//929
f 930//930 929//929 901//901
f 931//931 899//899 796//796
f 931//931 900//900 899//899
f 931//931 901//901 900//900
f 931//931 796//796 794//794
f 931//931 930//930 901//901
f 931//931 794//794 930//930
f 912//912 795//795 798//798
f 912//912 798//798 932//932
f 913//913 932//932 933//933
f 913//913 912//912 932//932
f 914//914 933//933 934//934
f 914//914 913//913 933//933
f 907//907 934//934 935//935
f 907//907 914//914 934//934
f 908//908 935//935 936//936
f 908//908 907//907 935//935
f 909//909 936//936 937//937
f 909//909 908//908 936//936
f 769//769 937//937 778//778
f 769//769 909//909 937//937
f 938//938 803//803 805//805
f 938//938 783//783 784//784
f 939//939 837//837 748//748
f 939//939 835//835 837//837
f 939//939 833//833 835//835
f 939//939 748//748 779//779
f 940//940 833//833 939//939
f 940//940 939//939 779//779
f 941//941 813//813 815//815
f 941//941 831//831 833//833
f 941//941 829//829 831//831
f 941//941 827//827 829//829
f 941//941 815//815 827//827
f 941//941 833//833 940//940
f 941//941 940//940 779//779
f 942//942 941//941 779//779
f 942//942 813//813 941//941
f 943//943 811//811 813//813
f 943//943 779//779 780//780
f 943//943 942//942 779//779
f 943//943 813//813 942//942
f 944//944 811//811 943//943
f 944//944 943//943 780//780
f 945//945 809//809 811//811
f 945//945 780//780 781//781
f 945//945 811//811 944//944
f 945//945 944//944 780//780
f 946//946 809//809 945//945
f 946//946 945//945 781//781
f 947//947 807//807 809//809
f 947//947 781//781 782//782
f 947//947 809//809 946//946
f 947//947 946//946 781//781
f 948//948 807//807 947//947
f 948//948 947//947 782//782
f 949//949 805//805 807//807
f 949//949 782//782 783//783
f 949//949 948//948 782//782
f 949//949 807//807 948//948
f 950//950 805//805 949//949
f 950//950 949//949 783//783
f 950//950 783//783 938//938
f 950//950 938//938 805//805
f 951//951 938//938 784//784
f 951//951 803//803 938//938
f 952//952 803//803 951//951
f 952//952 801//801 803//803
f 952//952 784//784 785//785
f 952//952 951//951 784//784
f 953//953 801//801 952//952
f 953//953 952//952 785//785
f 954//954 953//953 785//785
f 954//954 799//799 801//801
f 954//954 785//785 786//786
f 954//954 801//801 953//953
f 955//955 799//799 954//954
f 955//955 954//954 786//786
f 956//956 935//935 934//934
f 956//956 936//936 935//935
f 956//956 937//937 936//936
f 956//956 778//778 937//937
f 956//956 955//955 786//786
f 956//956 786//786 778//778
f 956//956 799//799 955//955
f 957//957 799//799 956//956
f 957//957 956//956 934//934
f 958//958 932//932 798//798
f 958//958 933//933 932//932
f 958//958 934//934 933//933
f 958//958 798//798 799//799
f 958//958 957//957 934//934
f 958//958 799//799 957//957
f 204//204 200//200 202//202
f 206//206 208//208 204//204
f 209//209 959//959 208//208
f 959//959 960//960 208//208
f 196//196 192//192 194//194
f 198//198 192//192 196//196
f 200//200 192//192 198//198
f 192//192 188//188 190//190
f 961//961 962//962 960//960
f 963//963 962//962 961//961
f 964//964 962//962 963//963
f 204//204 965//965 200//200
f 208//208 965//965 204//204
f 960//960 965//965 208//208
f 962//962 965//965 960//960
f 200//200 966//966 192//192
f 965//965 966//966 200//200
f 186//186 967//967 185//185
f 188//188 967//967 186//186
f 185//185 967//967 968//968
f 969//969 970//970 966//966
f 192//192 970//970 188//188
f 188//188 970//970 967//967
f 966//966 970//970 192//192
f 210//210 971//971 209//209
f 209//209 971//971 959//959
f 959//959 972//972 960//960
f 971//971 972//972 959//959
f 960//960 973//973 961//961
f 972//972 973//973 960//960
f 961//961 974//974 963//963
f 973//973 974//974 961//961
f 963//963 975//975 964//964
f 974//974 975//975 963//963
f 964//964 976//976 962//962
f 975//975 976//976 964//964
f 962//962 977//977 965//965
f 976//976 977//977 962//962
f 965//965 978//978 966//966
f 966//966 978//978 969//969
f 977//977 978//978 965//965
f 978//978 979//979 969//969
f 969//969 980//980 970//970
f 979//979 980//980 969//969
f 970//970 981//981 967//967
f 980//980 981//981 970//970
f 967//967 982//982 968//968
f 981//981 982//982 967//967
f 968//968 183//183 185//185
f 982//982 183//183 968//968
f 179//179 201//201 178//178
f 203//203 201//201 179//179
f 180//180 205//205 179//179
f 179//179 205//205 203//203
f 177//177 199//199 176//176
f 178//178 199//199 177//177
f 201//201 199//199 178//178
f 181//181 207//207 180//180
f 182//182 207//207 181//181
f 180//180 207//207 205//205
f 199//199 197//197 176//176
f 182//182 210//210 207//207
f 176//176 195//195 175//175
f 197//197 195//195 176//176
f 983//983 971//971 182//182
f 182//182 971//971 210//210
f 195//195 174//174 175//175
f 195//195 193//193 174//174
f 984//984 972//972 983//983
f 983//983 972//972 971//971
f 174//174 191//191 173//173
f 193//193 191//191 174//174
f 984//984 985//985 972//972
f 985//985 973//973 972//972
f 189//189 172//172 191//191
f 191//191 172//172 173//173
f 985//985 986//986 973//973
f 973//973 986//986 974//974
f 189//189 171//171 172//172
f 187//187 171//171 189//189
f 986//986 975//975 974//974
f 986//986 987//987 975//975
f 187//187 170//170 171//171
f 184//184 170//170 187//187
f 987//987 988//988 975//975
f 975//975 988//988 976//976
f 183//183 169//169 184//184
f 982//982 169//169 183//183
f 184//184 169//169 170//170
f 988//988 989//989 976//976
f 976//976 989//989 977//977
f 982//982 990//990 169//169
f 981//981 990//990 982//982
f 989//989 991//991 977//977
f 977//977 991//991 978//978
f 978//978 991//991 979//979
f 981//981 992//992 990//990
f 991//991 993//993 979//979
f 979//979 994//994 980//980
f 980//980 994//994 981//981
f 993//993 994//994 979//979
f 981//981 994//994 992//992
f 140//140 995//995 182//182
f 182//182 995//995 983//983
f 983//983 996//996 984//984
f 984//984 996//996 985//985
f 995//995 996//996 983//983
f 996//996 997//997 985//985
f 985//985 998//998 986//986
f 986//986 998//998 987//987
f 997//997 998//998 985//985
f 987//987 999//999 988//988
f 998//998 999//999 987//987
f 999//999 1000//1000 988//988
f 988//988 1001//1001 989//989
f 1000//1000 1001//1001 988//988
f 989//989 1002//1002 991//991
f 1001//1001 1002//1002 989//989
f 991//991 1003//1003 993//993
f 993//993 1003//1003 994//994
f 1002//1002 1003//1003 991//991
f 1003//1003 1004//1004 994//994
f 994//994 1005//1005 992//992
f 1004//1004 1005//1005 994//994
f 992//992 1006//1006 990//990
f 1005//1005 1006//1006 992//992
f 990//990 115//115 169//169
f 1006//1006 115//115 990//990
f 1007//1007 1008//1008 1009//1009
f 1008//1008 1010//1010 1009//1009
f 1009//1009 1011//1011 1012//1012
f 1010//1010 1011//1011 1009//1009
f 1012//1012 1013//1013 1014//1014
f 1011//1011 1013//1013 1012//1012
f 1014//1014 1015//1015 1016//1016
f 1013//1013 1015//1015 1014//1014
f 1016//1016 1017//1017 1018//1018
f 1015//1015 1017//1017 1016//1016
f 1018//1018 1019//1019 1020//1020
f 1017//1017 1019//1019 1018//1018
f 1020//1020 1021//1021 1022//1022
f 1019//1019 1021//1021 1020//1020
f 1022//1022 1021//1021 1023//1023
f 1021//1021 1024//1024 1023//1023
f 1023//1023 1024//1024 1025//1025
f 1024//1024 1026//1026 1025//1025
f 1025//1025 1027//1027 1028//1028
f 1026//1026 1027//1027 1025//1025
f 1028//1028 1029//1029 1030//1030
f 1027//1027 1029//1029 1028//1028
f 1030//1030 1031//1031 1032//1032
f 1029//1029 1031//1031 1030//1030
f 1032//1032 1033//1033 1034//1034
f 1031//1031 1033//1033 1032//1032
f 1034//1034 1035//1035 1036//1036
f 1033//1033 1035//1035 1034//1034
f 1036//1036 1037//1037 1038//1038
f 1035//1035 1037//1037 1036//1036
f 1039//1039 1040//1040 1037//1037
f 1037//1037 1040//1040 1038//1038
f 1040//1040 1039//1039 1041//1041
f 1039//1039 1042//1042 1041//1041
f 1041//1041 1043//1043 1044//1044
f 1042//1042 1043//1043 1041//1041
f 1044//1044 1045//1045 1046//1046
f 1043//1043 1045//1045 1044//1044
f 1046//1046 1047//1047 1048//1048
f 1045//1045 1047//1047 1046//1046
f 1048//1048 1049//1049 1050//1050
f 1047//1047 1049//1049 1048//1048
f 1050//1050 1051//1051 1052//1052
f 1049//1049 1051//1051 1050//1050
f 1052//1052 1053//1053 1054//1054
f 1051//1051 1053//1053 1052//1052
f 1053//1053 1055//1055 1054//1054
f 1054//1054 1055//1055 1056//1056
f 1057//1057 1058//1058 1059//1059
f 1060//1060 1058//1058 1057//1057
f 1059//1059 1061//1061 1062//1062
f 1058//1058 1061//1061 1059//1059
f 1063//1063 1064//1064 1055//1055
f 1062//1062 1064//1064 1063//1063
f 1061//1061 1064//1064 1062//1062
f 1064//1064 1056//1056 1055//1055
f 1057//1057 1065//1065 1060//1060
f 1057//1057 1066//1066 1065//1065
f 1067//1067 1068//1068 1069//1069
f 1070//1070 1068//1068 1067//1067
f 1069//1069 1071//1071 1072//1072
f 1068//1068 1071//1071 1069//1069
f 1072//1072 1073//1073 1074//1074
f 1071//1071 1073//1073 1072//1072
f 1074//1074 1065//1065 1066//1066
f 1073//1073 1065//1065 1074//1074
f 1067//1067 1008//1008 1070//1070
f 1070//1070 1008//1008 1007//1007
f 112//112 1075//1075 168//168
f 168//168 1075//1075 1076//1076
f 1076//1076 1077//1077 1078//1078
f 1075//1075 1077//1077 1076//1076
f 1078//1078 1079//1079 1080//1080
f 1077//1077 1079//1079 1078//1078
f 1080//1080 1081//1081 1082//1082
f 1079//1079 1081//1081 1080//1080
f 1082//1082 1083//1083 1084//1084
f 1084//1084 1083//1083 1085//1085
f 1081//1081 1083//1083 1082//1082
f 1083//1083 1086//1086 1085//1085
f 1085//1085 1087//1087 1088//1088
f 1086//1086 1087//1087 1085//1085
f 1088//1088 1089//1089 1090//1090
f 1090//1090 1089//1089 1091//1091
f 1087//1087 1089//1089 1088//1088
f 1089//1089 1092//1092 1091//1091
f 1091//1091 1093//1093 1094//1094
f 1092//1092 1093//1093 1091//1091
f 1094//1094 1095//1095 1096//1096
f 1096//1096 1095//1095 1097//1097
f 1093//1093 1095//1095 1094//1094
f 1095//1095 1098//1098 1097//1097
f 1097//1097 87//87 155//155
f 1098//1098 87//87 1097//1097
f 84//84 1099//1099 154//154
f 154//154 1099//1099 1100//1100
f 1100//1100 1101//1101 1102//1102
f 1099//1099 1101//1101 1100//1100
f 1102//1102 1103//1103 1104//1104
f 1101//1101 1103//1103 1102//1102
f 1104//1104 1105//1105 1106//1106
f 1103//1103 1105//1105 1104//1104
f 1106//1106 1107//1107 1108//1108
f 1108//1108 1107//1107 1109//1109
f 1105//1105 1107//1107 1106//1106
f 1107//1107 1110//1110 1109//1109
f 1109//1109 1111//1111 1112//1112
f 1110//1110 1111//1111 1109//1109
f 1112//1112 1113//1113 1114//1114
f 1114//1114 1113//1113 1115//1115
f 1111//1111 1113//1113 1112//1112
f 1113//1113 1116//1116 1115//1115
f 1115//1115 1117//1117 1118//1118
f 1116//1116 1117//1117 1115//1115
f 1118//1118 1119//1119 1120//1120
f 1120//1120 1119//1119 1121//1121
f 1117//1117 1119//1119 1118//1118
f 1119//1119 1122//1122 1121//1121
f 1121//1121 59//59 141//141
f 1122//1122 59//59 1121//1121
f 139//139 1123//1123 140//140
f 140//140 1123//1123 995//995
f 995//995 1124//1124 996//996
f 1123//1123 1124//1124 995//995
f 996//996 1125//1125 997//997
f 1124//1124 1125//1125 996//996
f 997//997 1126//1126 998//998
f 1125//1125 1126//1126 997//997
f 1126//1126 999//999 998//998
f 1126//1126 1127//1127 999//999
f 999//999 1128//1128 1000//1000
f 1127//1127 1128//1128 999//999
f 1000//1000 1129//1129 1001//1001
f 1128//1128 1129//1129 1000//1000
f 1001//1001 1130//1130 1002//1002
f 1129//1129 1130//1130 1001//1001
f 1002//1002 1131//1131 1003//1003
f 1130//1130 1131//1131 1002//1002
f 1003//1003 1132//1132 1004//1004
f 1131//1131 1132//1132 1003//1003
f 1004//1004 1133//1133 1005//1005
f 1132//1132 1133//1133 1004//1004
f 1005//1005 1134//1134 1006//1006
f 1133//1133 1134//1134 1005//1005
f 1134//1134 115//115 1006//1006
f 1134//1134 113//113 115//115
f 1135//1135 1136//1136 1008//1008
f 1008//1008 1136//1136 1010//1010
f 1010//1010 1137//1137 1011//1011
f 1136//1136 1137//1137 1010//1010
f 1011//1011 1138//1138 1013//1013
f 1137//1137 1138//1138 1011//1011
f 1013//1013 1139//1139 1015//1015
f 1138//1138 1139//1139 1013//1013
f 1015//1015 1140//1140 1017//1017
f 1139//1139 1140//1140 1015//1015
f 1017//1017 1141//1141 1019//1019
f 1140//1140 1141//1141 1017//1017
f 1019//1019 1142//1142 1021//1021
f 1141//1141 1142//1142 1019//1019
f 1024//1024 1142//1142 1143//1143
f 1021//1021 1142//1142 1024//1024
f 1143//1143 1026//1026 1024//1024
f 1143//1143 1144//1144 1026//1026
f 1026//1026 1145//1145 1027//1027
f 1144//1144 1145//1145 1026//1026
f 1027//1027 1146//1146 1029//1029
f 1145//1145 1146//1146 1027//1027
f 1029//1029 1147//1147 1031//1031
f 1146//1146 1147//1147 1029//1029
f 1031//1031 1148//1148 1033//1033
f 1147//1147 1148//1148 1031//1031
f 1033//1033 1149//1149 1035//1035
f 1148//1148 1149//1149 1033//1033
f 1149//1149 1037//1037 1035//1035
f 1149//1149 1150//1150 1037//1037
f 1150//1150 1151//1151 1037//1037
f 1151//1151 1039//1039 1037//1037
f 1151//1151 1152//1152 1039//1039
f 1039//1039 1152//1152 1042//1042
f 1042//1042 1153//1153 1043//1043
f 1152//1152 1153//1153 1042//1042
f 1043//1043 1154//1154 1045//1045
f 1153//1153 1154//1154 1043//1043
f 1045//1045 1155//1155 1047//1047
f 1154//1154 1155//1155 1045//1045
f 1047//1047 1156//1156 1049//1049
f 1155//1155 1156//1156 1047//1047
f 1049//1049 1157//1157 1051//1051
f 1156//1156 1157//1157 1049//1049
f 1051//1051 1158//1158 1053//1053
f 1157//1157 1158//1158 1051//1051
f 1158//1158 1055//1055 1053//1053
f 1159//1159 1055//1055 1158//1158
f 1055//1055 1159//1159 1063//1063
f 1063//1063 1160//1160 1062//1062
f 1159//1159 1160//1160 1063//1063
f 1062//1062 1161//1161 1059//1059
f 1160//1160 1161//1161 1062//1062
f 1161//1161 1162//1162 1059//1059
f 1059//1059 1163//1163 1057//1057
f 1162//1162 1163//1163 1059//1059
f 1163//1163 1164//1164 1057//1057
f 1164//1164 1066//1066 1057//1057
f 1066//1066 1164//1164 1074//1074
f 1074//1074 1165//1165 1072//1072
f 1164//1164 1165//1165 1074//1074
f 1072//1072 1166//1166 1069//1069
f 1165//1165 1166//1166 1072//1072
f 1069//1069 1167//1167 1067//1067
f 1166//1166 1167//1167 1069//1069
f 1167//1167 1168//1168 1067//1067
f 1008//1008 1067//1067 1135//1135
f 1067//1067 1168//1168 1135//1135
f 111//111 1169//1169 112//112
f 112//112 1169//1169 1075//1075
f 1075//1075 1170//1170 1077//1077
f 1169//1169 1170//1170 1075//1075
f 1077//1077 1171//1171 1079//1079
f 1170//1170 1171//1171 1077//1077
f 1079//1079 1172//1172 1081//1081
f 1171//1171 1172//1172 1079//1079
f 1081//1081 1173//1173 1083//1083
f 1172//1172 1173//1173 1081//1081
f 1083//1083 1174//1174 1086//1086
f 1173//1173 1174//1174 1083//1083
f 1086//1086 1175//1175 1087//1087
f 1174//1174 1175//1175 1086//1086
f 1087//1087 1176//1176 1089//1089
f 1175//1175 1176//1176 1087//1087
f 1089//1089 1177//1177 1092//1092
f 1176//1176 1177//1177 1089//1089
f 1092//1092 1178//1178 1093//1093
f 1177//1177 1178//1178 1092//1092
f 1093//1093 1179//1179 1095//1095
f 1178//1178 1179//1179 1093//1093
f 1095//1095 1180//1180 1098//1098
f 1098//1098 1180//1180 87//87
f 1179//1179 1180//1180 1095//1095
f 1180//1180 85//85 87//87
f 83//83 1181//1181 84//84
f 84//84 1181//1181 1099//1099
f 1099//1099 1182//1182 1101//1101
f 1181//1181 1182//1182 1099//1099
f 1101//1101 1183//1183 1103//1103
f 1182//1182 1183//1183 1101//1101
f 1103//1103 1184//1184 1105//1105
f 1183//1183 1184//1184 1103//1103
f 1105//1105 1185//1185 1107//1107
f 1184//1184 1185//1185 1105//1105
f 1107//1107 1186//1186 1110//1110
f 1185//1185 1186//1186 1107//1107
f 1110//1110 1187//1187 1111//1111
f 1186//1186 1187//1187 1110//1110
f 1111//1111 1188//1188 1113//1113
f 1187//1187 1188//1188 1111//1111
f 1113//1113 1189//1189 1116//1116
f 1188//1188 1189//1189 1113//1113
f 1116//1116 1190//1190 1117//1117
f 1189//1189 1190//1190 1116//1116
f 1117//1117 1191//1191 1119//1119
f 1190//1190 1191//1191 1117//1117
f 1119//1119 1192//1192 1122//1122
f 1122//1122 1192//1192 59//59
f 1191//1191 1192//1192 1119//1119
f 1192//1192 57//57 59//59
f 427//427 1193//1193 1194//1194
f 425//425 1195//1195 1193//1193
f 425//425 1193//1193 427//427
f 429//429 1194//1194 1196//1196
f 429//429 427//427 1194//1194
f 423//423 1197//1197 1195//1195
f 423//423 1195//1195 425//425
f 431//431 429//429 1196//1196
f 431//431 1196//1196 1198//1198
f 421//421 1197//1197 423//423
f 421//421 1199//1199 1197//1197
f 433//433 431//431 1198//1198
f 433//433 1198//1198 1200//1200
f 419//419 1199//1199 421//421
f 1201//1201 1199//1199 419//419
f 417//417 1201//1201 419//419
f 435//435 433//433 1200//1200
f 435//435 1200//1200 1202//1202
f 437//437 1202//1202 1203//1203
f 437//437 435//435 1202//1202
f 416//416 1201//1201 417//417
f 416//416 1204//1204 1201//1201
f 1205//1205 1204//1204 416//416
f 439//439 1203//1203 1206//1206
f 439//439 437//437 1203//1203
f 493//493 1205//1205 416//416
f 493//493 1207//1207 1205//1205
f 441//441 1206//1206 1208//1208
f 441//441 439//439 1206//1206
f 491//491 1207//1207 493//493
f 1209//1209 1207//1207 491//491
f 443//443 441//441 1208//1208
f 1210//1210 443//443 1208//1208
f 489//489 1209//1209 491//491
f 445//445 443//443 1210//1210
f 1211//1211 1209//1209 489//489
f 1212//1212 445//445 1210//1210
f 487//487 1211//1211 489//489
f 447//447 445//445 1212//1212
f 1213//1213 1211//1211 487//487
f 1214//1214 447//447 1212//1212
f 485//485 1213//1213 487//487
f 449//449 447//447 1214//1214
f 1215//1215 1213//1213 485//485
f 483//483 1215//1215 485//485
f 1216//1216 449//449 1214//1214
f 451//451 449//449 1216//1216
f 1217//1217 1215//1215 483//483
f 1217//1217 483//483 481//481
f 1218//1218 453//453 451//451
f 1218//1218 451//451 1216//1216
f 1219//1219 481//481 477//477
f 1219//1219 1217//1217 481//481
f 1220//1220 453//453 1218//1218
f 455//455 453//453 1220//1220
f 1221//1221 477//477 479//479
f 1221//1221 1219//1219 477//477
f 1222//1222 455//455 1220//1220
f 1223//1223 479//479 475//475
f 1223//1223 1221//1221 479//479
f 1224//1224 455//455 1222//1222
f 1224//1224 457//457 455//455
f 459//459 457//457 1224//1224
f 1225//1225 475//475 473//473
f 1225//1225 1223//1223 475//475
f 1226//1226 459//459 1224//1224
f 1226//1226 461//461 459//459
f 1227//1227 1225//1225 473//473
f 1227//1227 473//473 471//471
f 1228//1228 461//461 1226//1226
f 1228//1228 463//463 461//461
f 1229//1229 1227//1227 471//471
f 1229//1229 471//471 469//469
f 1230//1230 463//463 1228//1228
f 1230//1230 465//465 463//463
f 1231//1231 1229//1229 469//469
f 1231//1231 469//469 467//467
f 1232//1232 465//465 1230//1230
f 1232//1232 1231//1231 467//467
f 1232//1232 467//467 465//465
f 1221//1221 1233//1233 1219//1219
f 1234//1234 1233//1233 1221//1221
f 1219//1219 1235//1235 1217//1217
f 1233//1233 1235//1235 1219//1219
f 1217//1217 1236//1236 1215//1215
f 1235//1235 1236//1236 1217//1217
f 1215//1215 1237//1237 1213//1213
f 1236//1236 1237//1237 1215//1215
f 1213//1213 1238//1238 1211//1211
f 1237//1237 1238//1238 1213//1213
f 1211//1211 1239//1239 1209//1209
f 1209//1209 1239//1239 1207//1207
f 1238//1238 1239//1239 1211//1211
f 1239//1239 1240//1240 1207//1207
f 1207//1207 1241//1241 1205//1205
f 1240//1240 1241//1241 1207//1207
f 1205//1205 1242//1242 1204//1204
f 1241//1241 1242//1242 1205//1205
f 1201//1201 295//295 297//297
f 1201//1201 293//293 295//295
f 297//297 299//299 1201//1201
f 299//299 301//301 1201//1201
f 1201//1201 289//289 293//293
f 1201//1201 290//290 289//289
f 301//301 287//287 1201//1201
f 287//287 1243//1243 1201//1201
f 287//287 272//272 1243//1243
f 272//272 271//271 1243//1243
f 271//271 275//275 1243//1243
f 275//275 277//277 1243//1243
f 277//277 279//279 1243//1243
f 279//279 281//281 1243//1243
f 281//281 283//283 1243//1243
f 283//283 285//285 1243//1243
f 290//290 1204//1204 304//304
f 305//305 1204//1204 306//306
f 309//309 1204//1204 305//305
f 311//311 1204//1204 309//309
f 313//313 1204//1204 311//311
f 315//315 1204//1204 313//313
f 317//317 1204//1204 315//315
f 304//304 1204//1204 317//317
f 1201//1201 1204//1204 290//290
f 306//306 1242//1242 320//320
f 321//321 1242//1242 322//322
f 325//325 1242//1242 321//321
f 327//327 1242//1242 325//325
f 329//329 1242//1242 327//327
f 331//331 1242//1242 329//329
f 333//333 1242//1242 331//331
f 320//320 1242//1242 333//333
f 322//322 1242//1242 285//285
f 285//285 1242//1242 1243//1243
f 1204//1204 1242//1242 306//306
f 1201//1201 1244//1244 1199//1199
f 1243//1243 1244//1244 1201//1201
f 1199//1199 1245//1245 1197//1197
f 1244//1244 1245//1245 1199//1199
f 1197//1197 1246//1246 1195//1195
f 1245//1245 1246//1246 1197//1197
f 1195//1195 1247//1247 1193//1193
f 1246//1246 1247//1247 1195//1195
f 1193//1193 1248//1248 1194//1194
f 1247//1247 1248//1248 1193//1193
f 1194//1194 1249//1249 1196//1196
f 1248//1248 1249//1249 1194//1194
f 1196//1196 1250//1250 1198//1198
f 1249//1249 1250//1250 1196//1196
f 1198//1198 1251//1251 1200//1200
f 1250//1250 1251//1251 1198//1198
f 1200//1200 1252//1252 1202//1202
f 1251//1251 1252//1252 1200//1200
f 134//134 131//131 1252//1252
f 1252//1252 135//135 134//134
f 131//131 129//129 1252//1252
f 1252//1252 137//137 135//135
f 129//129 127//127 1252//1252
f 1252//1252 125//125 1202//1202
f 127//127 125//125 1252//1252
f 125//125 123//123 1202//1202
f 123//123 121//121 1202//1202
f 121//121 119//119 1202//1202
f 119//119 117//117 1202//1202
f 117//117 114//114 1202//1202
f 139//139 1253//1253 1123//1123
f 1123//1123 1253//1253 1124//1124
f 1124//1124 1253//1253 1125//1125
f 1125//1125 1253//1253 1126//1126
f 1126//1126 1253//1253 1127//1127
f 1127//1127 1253//1253 1128//1128
f 1128//1128 1203//1203 1129//1129
f 1129//1129 1203//1203 1130//1130
f 1130//1130 1203//1203 1131//1131
f 1131//1131 1203//1203 1132//1132
f 1132//1132 1203//1203 1133//1133
f 1133//1133 1203//1203 1134//1134
f 1134//1134 1203//1203 113//113
f 1253//1253 1203//1203 1128//1128
f 1203//1203 1202//1202 113//113
f 113//113 1202//1202 114//114
f 1252//1252 1253//1253 139//139
f 1252//1252 139//139 137//137
f 1203//1203 1254//1254 1206//1206
f 1253//1253 1254//1254 1203//1203
f 1206//1206 1255//1255 1208//1208
f 1254//1254 1255//1255 1206//1206
f 1208//1208 1256//1256 1210//1210
f 1255//1255 1256//1256 1208//1208
f 1210//1210 1257//1257 1212//1212
f 1256//1256 1257//1257 1210//1210
f 1212//1212 1258//1258 1214//1214
f 1257//1257 1258//1258 1212//1212
f 1214//1214 1259//1259 1216//1216
f 1258//1258 1259//1259 1214//1214
f 1216//1216 1260//1260 1218//1218
f 1259//1259 1260//1260 1216//1216
f 1218//1218 1261//1261 1220//1220
f 1260//1260 1261//1261 1218//1218
f 1220//1220 1262//1262 1222//1222
f 1261//1261 1262//1262 1220//1220
f 105//105 103//103 1262//1262
f 1262//1262 107//107 105//105
f 103//103 102//102 1262//1262
f 1262//1262 109//109 107//107
f 102//102 99//99 1262//1262
f 1262//1262 111//111 109//109
f 99//99 97//97 1262//1262
f 1169//1169 1146//1146 1170//1170
f 1262//1262 1147//1147 111//111
f 1169//1169 1147//1147 1146//1146
f 111//111 1147//1147 1169//1169
f 1146//1146 1145//1145 1170//1170
f 1170//1170 1145//1145 1171//1171
f 1262//1262 1148//1148 1147//1147
f 1262//1262 1149//1149 1148//1148
f 1145//1145 1144//1144 1171//1171
f 1171//1171 1144//1144 1172//1172
f 1172//1172 1144//1144 1173//1173
f 1262//1262 1150//1150 1149//1149
f 1144//1144 1143//1143 1173//1173
f 1173//1173 1143//1143 1174//1174
f 1143//1143 1142//1142 1174//1174
f 1174//1174 1142//1142 1175//1175
f 1175//1175 1142//1142 1176//1176
f 1142//1142 1141//1141 1176//1176
f 1176//1176 1141//1141 1177//1177
f 1177//1177 1141//1141 1178//1178
f 97//97 1222//1222 1262//1262
f 85//85 1222//1222 86//86
f 86//86 1222//1222 89//89
f 89//89 1222//1222 91//91
f 91//91 1222//1222 93//93
f 93//93 1222//1222 95//95
f 95//95 1222//1222 97//97
f 1178//1178 1140//1140 1179//1179
f 1141//1141 1140//1140 1178//1178
f 1179//1179 1139//1139 1180//1180
f 1140//1140 1139//1139 1179//1179
f 85//85 1138//1138 1222//1222
f 1180//1180 1138//1138 85//85
f 1139//1139 1138//1138 1180//1180
f 1138//1138 1137//1137 1222//1222
f 1137//1137 1136//1136 1222//1222
f 1136//1136 1135//1135 1222//1222
f 1135//1135 1168//1168 1222//1222
f 1156//1156 77//77 1157//1157
f 77//77 75//75 1157//1157
f 1156//1156 79//79 77//77
f 1155//1155 79//79 1156//1156
f 75//75 74//74 1157//1157
f 1157//1157 74//74 1158//1158
f 1155//1155 81//81 79//79
f 1154//1154 81//81 1155//1155
f 1158//1158 71//71 1159//1159
f 1159//1159 71//71 1160//1160
f 74//74 71//71 1158//1158
f 1154//1154 83//83 81//81
f 1160//1160 69//69 1161//1161
f 71//71 69//69 1160//1160
f 1161//1161 67//67 1162//1162
f 69//69 67//67 1161//1161
f 67//67 65//65 1162//1162
f 1162//1162 65//65 1163//1163
f 65//65 63//63 1163//1163
f 83//83 1263//1263 1181//1181
f 1181//1181 1263//1263 1182//1182
f 1182//1182 1263//1263 1183//1183
f 1151//1151 1263//1263 1152//1152
f 1152//1152 1263//1263 1153//1153
f 1153//1153 1263//1263 1154//1154
f 1154//1154 1263//1263 83//83
f 1263//1263 1184//1184 1183//1183
f 63//63 61//61 1163//1163
f 1163//1163 61//61 1164//1164
f 1263//1263 1185//1185 1184//1184
f 61//61 58//58 1164//1164
f 1164//1164 58//58 1165//1165
f 1263//1263 1186//1186 1185//1185
f 58//58 57//57 1165//1165
f 1263//1263 1187//1187 1186//1186
f 1187//1187 1224//1224 1188//1188
f 1188//1188 1224//1224 1189//1189
f 1189//1189 1224//1224 1190//1190
f 1190//1190 1224//1224 1191//1191
f 1191//1191 1224//1224 1192//1192
f 1192//1192 1224//1224 57//57
f 57//57 1224//1224 1165//1165
f 1263//1263 1224//1224 1187//1187
f 1165//1165 1224//1224 1166//1166
f 1166//1166 1224//1224 1167//1167
f 1167//1167 1224//1224 1168//1168
f 1168//1168 1224//1224 1222//1222
f 1262//1262 1263//1263 1150//1150
f 1150//1150 1263//1263 1151//1151
f 1224//1224 1264//1264 1226//1226
f 1263//1263 1264//1264 1224//1224
f 1226//1226 1265//1265 1228//1228
f 1264//1264 1265//1265 1226//1226
f 1228//1228 1266//1266 1230//1230
f 1265//1265 1266//1266 1228//1228
f 1230//1230 1267//1267 1232//1232
f 1266//1266 1267//1267 1230//1230
f 1232//1232 1268//1268 1231//1231
f 1267//1267 1268//1268 1232//1232
f 1231//1231 1269//1269 1229//1229
f 1268//1268 1269//1269 1231//1231
f 1229//1229 1270//1270 1227//1227
f 1269//1269 1270//1270 1229//1229
f 1227//1227 1271//1271 1225//1225
f 1270//1270 1271//1271 1227//1227
f 1225//1225 1272//1272 1223//1223
f 1271//1271 1272//1272 1225//1225
f 1223//1223 1272//1272 1221//1221
f 1221//1221 1272//1272 1234//1234
f 150//150 148//148 149//149
f 153//153 151//151 152//152
f 1112//1112 1114//1114 1115//1115
f 154//154 151//151 153//153
f 1100//1100 150//150 151//151
f 1100//1100 151//151 154//154
f 1108//1108 1109//1109 1112//1112
f 1104//1104 1100//1100 1102//1102
f 1104//1104 1106//1106 1108//1108
f 1104//1104 1115//1115 1118//1118
f 1104//1104 1118//1118 1120//1120
f 1104//1104 1120//1120 1121//1121
f 1104//1104 1121//1121 141//141
f 1104//1104 141//141 142//142
f 1104//1104 142//142 143//143
f 1104//1104 143//143 144//144
f 1104//1104 144//144 145//145
f 1104//1104 145//145 146//146
f 1104//1104 146//146 147//147
f 1104//1104 147//147 148//148
f 1104//1104 148//148 150//150
f 1104//1104 150//150 1100//1100
f 1104//1104 1112//1112 1115//1115
f 1104//1104 1108//1108 1112//1112
f 164//164 162//162 163//163
f 167//167 165//165 166//166
f 1088//1088 1090//1090 1091//1091
f 168//168 165//165 167//167
f 1076//1076 164//164 165//165
f 1076//1076 165//165 168//168
f 1084//1084 1085//1085 1088//1088
f 1080//1080 1076//1076 1078//1078
f 1080//1080 1082//1082 1084//1084
f 1080//1080 1091//1091 1094//1094
f 1080//1080 1094//1094 1096//1096
f 1080//1080 1096//1096 1097//1097
f 1080//1080 1097//1097 155//155
f 1080//1080 155//155 156//156
f 1080//1080 156//156 157//157
f 1080//1080 157//157 158//158
f 1080//1080 158//158 159//159
f 1080//1080 159//159 160//160
f 1080//1080 160//160 161//161
f 1080//1080 161//161 162//162
f 1080//1080 162//162 164//164
f 1080//1080 164//164 1076//1076
f 1080//1080 1088//1088 1091//1091
f 1080//1080 1084//1084 1088//1088
f 1273//1273 1274//1274 1252//1252
f 1273//1273 1252//1252 1251//1251
f 1275//1275 1276//1276 1274//1274
f 1275//1275 1277//1277 1276//1276
f 1275//1275 1274//1274 1273//1273
f 1278//1278 1275//1275 1273//1273
f 1279//1279 1273//1273 1251//1251
f 1280//1280 1278//1278 1273//1273
f 1280//1280 1273//1273 1279//1279
f 1281//1281 1282//1282 1277//1277
f 1281//1281 1283//1283 1282//1282
f 1284//1284 1281//1281 1277//1277
f 1284//1284 1277//1277 1275//1275
f 1284//1284 1275//1275 1278//1278
f 1285//1285 1286//1286 1283//1283
f 1285//1285 1283//1283 1281//1281
f 1287//1287 1285//1285 1281//1281
f 1287//1287 1281//1281 1284//1284
f 1288//1288 1285//1285 1287//1287
f 1289//1289 218//218 1286//1286
f 1289//1289 216//216 218//218
f 1289//1289 1285//1285 1288//1288
f 1289//1289 1286//1286 1285//1285
f 1290//1290 1291//1291 1292//1292
f 1293//1293 1287//1287 1284//1284
f 1293//1293 1284//1284 1294//1294
f 1293//1293 1291//1291 1290//1290
f 1293//1293 1294//1294 1291//1291
f 1295//1295 1292//1292 1296//1296
f 1295//1295 1290//1290 1292//1292
f 1297//1297 1290//1290 1295//1295
f 1297//1297 1293//1293 1290//1290
f 1298//1298 1295//1295 1296//1296
f 1299//1299 1298//1298 1296//1296
f 1299//1299 1296//1296 1300//1300
f 1301//1301 1295//1295 1298//1298
f 1301//1301 1298//1298 1299//1299
f 1301//1301 1297//1297 1295//1295
f 1302//1302 1299//1299 1300//1300
f 1302//1302 1301//1301 1299//1299
f 1303//1303 1302//1302 1300//1300
f 1304//1304 1302//1302 1303//1303
f 1305//1305 1304//1304 1303//1303
f 1305//1305 1303//1303 1306//1306
f 1307//1307 1304//1304 1305//1305
f 1307//1307 1302//1302 1304//1304
f 1307//1307 1301//1301 1302//1302
f 1308//1308 1305//1305 1306//1306
f 1309//1309 1308//1308 1306//1306
f 1309//1309 1306//1306 1310//1310
f 1311//1311 1307//1307 1305//1305
f 1311//1311 1305//1305 1308//1308
f 1311//1311 1308//1308 1309//1309
f 1312//1312 1244//1244 1243//1243
f 1312//1312 1243//1243 1313//1313
f 1314//1314 1309//1309 1310//1310
f 1315//1315 1313//1313 1316//1316
f 1315//1315 1312//1312 1313//1313
f 1315//1315 1317//1317 1312//1312
f 1315//1315 1318//1318 1317//1317
f 1319//1319 1320//1320 1321//1321
f 1319//1319 1316//1316 1320//1320
f 1319//1319 1315//1315 1316//1316
f 1319//1319 1321//1321 1322//1322
f 1319//1319 1318//1318 1315//1315
f 1323//1323 1324//1324 219//219
f 1323//1323 219//219 217//217
f 1323//1323 1325//1325 1322//1322
f 1323//1323 217//217 1326//1326
f 1323//1323 1326//1326 1325//1325
f 1327//1327 1328//1328 1324//1324
f 1327//1327 1321//1321 1328//1328
f 1327//1327 1324//1324 1323//1323
f 1327//1327 1322//1322 1321//1321
f 1327//1327 1323//1323 1322//1322
f 1329//1329 1280//1280 1279//1279
f 1330//1330 1251//1251 1250//1250
f 1330//1330 1279//1279 1251//1251
f 1330//1330 1329//1329 1279//1279
f 1331//1331 1329//1329 1330//1330
f 1332//1332 1329//1329 1331//1331
f 1332//1332 1331//1331 1292//1292
f 1333//1333 1280//1280 1329//1329
f 1333//1333 1329//1329 1332//1332
f 1334//1334 1280//1280 1333//1333
f 1334//1334 1278//1278 1280//1280
f 1334//1334 1294//1294 1284//1284
f 1334//1334 1284//1284 1278//1278
f 1335//1335 1330//1330 1250//1250
f 1335//1335 1292//1292 1331//1331
f 1335//1335 1331//1331 1330//1330
f 1336//1336 1335//1335 1250//1250
f 1336//1336 1250//1250 1249//1249
f 1337//1337 1292//1292 1291//1291
f 1337//1337 1294//1294 1334//1334
f 1337//1337 1334//1334 1333//1333
f 1337//1337 1333//1333 1332//1332
f 1337//1337 1291//1291 1294//1294
f 1337//1337 1332//1332 1292//1292
f 1338//1338 1335//1335 1336//1336
f 1338//1338 1292//1292 1335//1335
f 1338//1338 1336//1336 1249//1249
f 1339//1339 1296//1296 1292//1292
f 1339//1339 1292//1292 1338//1338
f 1340//1340 1296//1296 1339//1339
f 1340//1340 1338//1338 1249//1249
f 1340//1340 1339//1339 1338//1338
f 1341//1341 1249//1249 1248//1248
f 1341//1341 1340//1340 1249//1249
f 1342//1342 1341//1341 1248//1248
f 1342//1342 1340//1340 1341//1341
f 1342//1342 1296//1296 1340//1340
f 1343//1343 1296//1296 1342//1342
f 1343//1343 1300//1300 1296//1296
f 1344//1344 1342//1342 1248//1248
f 1344//1344 1343//1343 1342//1342
f 1344//1344 1300//1300 1343//1343
f 1345//1345 1248//1248 1247//1247
f 1345//1345 1344//1344 1248//1248
f 1346//1346 216//216 1289//1289
f 1346//1346 1288//1288 1287//1287
f 1346//1346 1287//1287 1293//1293
f 1346//1346 1289//1289 1288//1288
f 1347//1347 1345//1345 1247//1247
f 1347//1347 1300//1300 1344//1344
f 1347//1347 1344//1344 1345//1345
f 1348//1348 1346//1346 1293//1293
f 1349//1349 1348//1348 1293//1293
f 1349//1349 1293//1293 1297//1297
f 1350//1350 212//212 216//216
f 1350//1350 1348//1348 212//212
f 1350//1350 1346//1346 1348//1348
f 1350//1350 216//216 1346//1346
f 1351//1351 1247//1247 1246//1246
f 1352//1352 1303//1303 1300//1300
f 1352//1352 1300//1300 1347//1347
f 1353//1353 1303//1303 1352//1352
f 1353//1353 1247//1247 1351//1351
f 1353//1353 1347//1347 1247//1247
f 1353//1353 1352//1352 1347//1347
f 1354//1354 1349//1349 1297//1297
f 1354//1354 212//212 1348//1348
f 1354//1354 1348//1348 1349//1349
f 1355//1355 1351//1351 1246//1246
f 1355//1355 1303//1303 1353//1353
f 1355//1355 1353//1353 1351//1351
f 1356//1356 213//213 212//212
f 1356//1356 212//212 1354//1354
f 1357//1357 213//213 1356//1356
f 1357//1357 1354//1354 1297//1297
f 1357//1357 1356//1356 1354//1354
f 1358//1358 1357//1357 1297//1297
f 1358//1358 1297//1297 1301//1301
f 1359//1359 1246//1246 1245//1245
f 1360//1360 1355//1355 1246//1246
f 1360//1360 1246//1246 1359//1359
f 1361//1361 1303//1303 1355//1355
f 1361//1361 1355//1355 1360//1360
f 1361//1361 1360//1360 1306//1306
f 1361//1361 1306//1306 1303//1303
f 1362//1362 213//213 1357//1357
f 1362//1362 1358//1358 1301//1301
f 1362//1362 1357//1357 1358//1358
f 1363//1363 1360//1360 1359//1359
f 1363//1363 1359//1359 1245//1245
f 1364//1364 1363//1363 1245//1245
f 1365//1365 1245//1245 1244//1244
f 1365//1365 1364//1364 1245//1245
f 1366//1366 1310//1310 1306//1306
f 1366//1366 1306//1306 1360//1360
f 1366//1366 1360//1360 1363//1363
f 1366//1366 1363//1363 1364//1364
f 1367//1367 211//211 213//213
f 1367//1367 213//213 1362//1362
f 1368//1368 211//211 1367//1367
f 1368//1368 1362//1362 1301//1301
f 1368//1368 1367//1367 1362//1362
f 1369//1369 1368//1368 1301//1301
f 1369//1369 1301//1301 1307//1307
f 1370//1370 1364//1364 1365//1365
f 1370//1370 1365//1365 1244//1244
f 1370//1370 1310//1310 1366//1366
f 1370//1370 1366//1366 1364//1364
f 1371//1371 211//211 1368//1368
f 1371//1371 1369//1369 1307//1307
f 1371//1371 1368//1368 1369//1369
f 1372//1372 1370//1370 1244//1244
f 1372//1372 1312//1312 1317//1317
f 1372//1372 1244//1244 1312//1312
f 1373//1373 211//211 1371//1371
f 1373//1373 214//214 211//211
f 1374//1374 1371//1371 1307//1307
f 1374//1374 1373//1373 1371//1371
f 1374//1374 214//214 1373//1373
f 1375//1375 1374//1374 1307//1307
f 1375//1375 1307//1307 1311//1311
f 1376//1376 214//214 1374//1374
f 1376//1376 1374//1374 1375//1375
f 1376//1376 1375//1375 1311//1311
f 1377//1377 1311//1311 1309//1309
f 1377//1377 1309//1309 1314//1314
f 1378//1378 214//214 1376//1376
f 1378//1378 215//215 214//214
f 1379//1379 1376//1376 1311//1311
f 1379//1379 1378//1378 1376//1376
f 1379//1379 215//215 1378//1378
f 1380//1380 1379//1379 1311//1311
f 1380//1380 1311//1311 1377//1377
f 1381//1381 1325//1325 1380//1380
f 1381//1381 1380//1380 1377//1377
f 1381//1381 1314//1314 1322//1322
f 1381//1381 1377//1377 1314//1314
f 1381//1381 1322//1322 1325//1325
f 1382//1382 217//217 215//215
f 1382//1382 1379//1379 1380//1380
f 1382//1382 215//215 1379//1379
f 1382//1382 1380//1380 1325//1325
f 1382//1382 1326//1326 217//217
f 1382//1382 1325//1325 1326//1326
f 1383//1383 1310//1310 1370//1370
f 1383//1383 1370//1370 1372//1372
f 1383//1383 1314//1314 1310//1310
f 1383//1383 1322//1322 1314//1314
f 1384//1384 1322//1322 1383//1383
f 1384//1384 1383//1383 1372//1372
f 1385//1385 1372//1372 1317//1317
f 1385//1385 1384//1384 1372//1372
f 1385//1385 1322//1322 1384//1384
f 1385//1385 1317//1317 1318//1318
f 1385//1385 1319//1319 1322//1322
f 1385//1385 1318//1318 1319//1319
f 1386//1386 219//219 1324//1324
f 1386//1386 220//220 219//219
f 1387//1387 1324//1324 1328//1328
f 1387//1387 1386//1386 1324//1324
f 1388//1388 1328//1328 1321//1321
f 1388//1388 1387//1387 1328//1328
f 1389//1389 1321//1321 1320//1320
f 1389//1389 1320//1320 1316//1316
f 1389//1389 1388//1388 1321//1321
f 1390//1390 1389//1389 1316//1316
f 1391//1391 1316//1316 1313//1313
f 1391//1391 1390//1390 1316//1316
f 1242//1242 1313//1313 1243//1243
f 1242//1242 1391//1391 1313//1313
f 1286//1286 218//218 245//245
f 1286//1286 245//245 1392//1392
f 1283//1283 1392//1392 1393//1393
f 1283//1283 1286//1286 1392//1392
f 1282//1282 1393//1393 1394//1394
f 1282//1282 1283//1283 1393//1393
f 1277//1277 1395//1395 1396//1396
f 1277//1277 1394//1394 1395//1395
f 1277//1277 1282//1282 1394//1394
f 1276//1276 1277//1277 1396//1396
f 1274//1274 1396//1396 1397//1397
f 1274//1274 1276//1276 1396//1396
f 1252//1252 1397//1397 1253//1253
f 1252//1252 1274//1274 1397//1397
f 1398//1398 1391//1391 1242//1242
f 1398//1398 1242//1242 1241//1241
f 1399//1399 1389//1389 1390//1390
f 1399//1399 1390//1390 1391//1391
f 1399//1399 1391//1391 1398//1398
f 1400//1400 1399//1399 1398//1398
f 1401//1401 1398//1398 1241//1241
f 1402//1402 1400//1400 1398//1398
f 1402//1402 1398//1398 1401//1401
f 1403//1403 1387//1387 1388//1388
f 1403//1403 1388//1388 1389//1389
f 1404//1404 1389//1389 1399//1399
f 1404//1404 1399//1399 1400//1400
f 1404//1404 1403//1403 1389//1389
f 1405//1405 1386//1386 1387//1387
f 1405//1405 1387//1387 1403//1403
f 1406//1406 1405//1405 1403//1403
f 1406//1406 1403//1403 1404//1404
f 1407//1407 1405//1405 1406//1406
f 1408//1408 220//220 1386//1386
f 1408//1408 237//237 220//220
f 1408//1408 1405//1405 1407//1407
f 1408//1408 1386//1386 1405//1405
f 1409//1409 1410//1410 1411//1411
f 1412//1412 1406//1406 1404//1404
f 1412//1412 1404//1404 1413//1413
f 1412//1412 1410//1410 1409//1409
f 1412//1412 1413//1413 1410//1410
f 1414//1414 1411//1411 1415//1415
f 1414//1414 1409//1409 1411//1411
f 1416//1416 1409//1409 1414//1414
f 1416//1416 1412//1412 1409//1409
f 1417//1417 1414//1414 1415//1415
f 1418//1418 1417//1417 1415//1415
f 1418//1418 1415//1415 1419//1419
f 1420//1420 1416//1416 1414//1414
f 1420//1420 1414//1414 1417//1417
f 1420//1420 1417//1417 1418//1418
f 1421//1421 1418//1418 1419//1419
f 1421//1421 1420//1420 1418//1418
f 1422//1422 1421//1421 1419//1419
f 1423//1423 1421//1421 1422//1422
f 1424//1424 1423//1423 1422//1422
f 1424//1424 1422//1422 1425//1425
f 1426//1426 1423//1423 1424//1424
f 1426//1426 1421//1421 1423//1423
f 1426//1426 1420//1420 1421//1421
f 1427//1427 1424//1424 1425//1425
f 1428//1428 1427//1427 1425//1425
f 1428//1428 1425//1425 1429//1429
f 1430//1430 1426//1426 1424//1424
f 1430//1430 1424//1424 1427//1427
f 1430//1430 1427//1427 1428//1428
f 1431//1431 1233//1233 1234//1234
f 1431//1431 1234//1234 1432//1432
f 1433//1433 1428//1428 1429//1429
f 1434//1434 1432//1432 1435//1435
f 1434//1434 1431//1431 1432//1432
f 1434//1434 1436//1436 1431//1431
f 1434//1434 1437//1437 1436//1436
f 1438//1438 1439//1439 1440//1440
f 1438//1438 1435//1435 1439//1439
f 1438//1438 1440//1440 1441//1441
f 1438//1438 1437//1437 1434//1434
f 1438//1438 1434//1434 1435//1435
f 1442//1442 1443//1443 242//242
f 1442//1442 242//242 241//241
f 1442//1442 1444//1444 1441//1441
f 1442//1442 241//241 1445//1445
f 1442//1442 1445//1445 1444//1444
f 1446//1446 1447//1447 1443//1443
f 1446//1446 1440//1440 1447//1447
f 1446//1446 1443//1443 1442//1442
f 1446//1446 1441//1441 1440//1440
f 1446//1446 1442//1442 1441//1441
f 1448//1448 1402//1402 1401//1401
f 1449//1449 1241//1241 1240//1240
f 1449//1449 1401//1401 1241//1241
f 1449//1449 1448//1448 1401//1401
f 1450//1450 1448//1448 1449//1449
f 1451//1451 1450//1450 1411//1411
f 1451//1451 1448//1448 1450//1450
f 1452//1452 1448//1448 1451//1451
f 1452//1452 1402//1402 1448//1448
f 1453//1453 1402//1402 1452//1452
f 1453//1453 1413//1413 1404//1404
f 1453//1453 1400//1400 1402//1402
f 1453//1453 1404//1404 1400//1400
f 1454//1454 1449//1449 1240//1240
f 1454//1454 1411//1411 1450//1450
f 1454//1454 1450//1450 1449//1449
f 1455//1455 1454//1454 1240//1240
f 1455//1455 1240//1240 1239//1239
f 1456//1456 1411//1411 1410//1410
f 1456//1456 1453//1453 1452//1452
f 1456//1456 1413//1413 1453//1453
f 1456//1456 1452//1452 1451//1451
f 1456//1456 1410//1410 1413//1413
f 1456//1456 1451//1451 1411//1411
f 1457//1457 1454//1454 1455//1455
f 1457//1457 1411//1411 1454//1454
f 1457//1457 1455//1455 1239//1239
f 1458//1458 1415//1415 1411//1411
f 1458//1458 1411//1411 1457//1457
f 1459//1459 1415//1415 1458//1458
f 1459//1459 1457//1457 1239//1239
f 1459//1459 1458//1458 1457//1457
f 1460//1460 1239//1239 1238//1238
f 1460//1460 1459//1459 1239//1239
f 1461//1461 1460//1460 1238//1238
f 1461//1461 1459//1459 1460//1460
f 1461//1461 1415//1415 1459//1459
f 1462//1462 1415//1415 1461//1461
f 1462//1462 1419//1419 1415//1415
f 1463//1463 1419//1419 1462//1462
f 1463//1463 1462//1462 1461//1461
f 1463//1463 1461//1461 1238//1238
f 1464//1464 1238//1238 1237//1237
f 1464//1464 1463//1463 1238//1238
f 1465//1465 237//237 1408//1408
f 1465//1465 1407//1407 1406//1406
f 1465//1465 1406//1406 1412//1412
f 1465//1465 1408//1408 1407//1407
f 1466//1466 1464//1464 1237//1237
f 1466//1466 1419//1419 1463//1463
f 1466//1466 1463//1463 1464//1464
f 1467//1467 1465//1465 1412//1412
f 1468//1468 1412//1412 1416//1416
f 1468//1468 1467//1467 1412//1412
f 1469//1469 233//233 237//237
f 1469//1469 1467//1467 233//233
f 1469//1469 1465//1465 1467//1467
f 1469//1469 237//237 1465//1465
f 1470//1470 1237//1237 1236//1236
f 1471//1471 1422//1422 1419//1419
f 1471//1471 1419//1419 1466//1466
f 1472//1472 1237//1237 1470//1470
f 1472//1472 1466//1466 1237//1237
f 1472//1472 1422//1422 1471//1471
f 1472//1472 1471//1471 1466//1466
f 1473//1473 233//233 1467//1467
f 1473//1473 1468//1468 1416//1416
f 1473//1473 1467//1467 1468//1468
f 1474//1474 1472//1472 1470//1470
f 1474//1474 1422//1422 1472//1472
f 1474//1474 1470//1470 1236//1236
f 1475//1475 231//231 233//233
f 1475//1475 233//233 1473//1473
f 1476//1476 231//231 1475//1475
f 1476//1476 1473//1473 1416//1416
f 1476//1476 1475//1475 1473//1473
f 1477//1477 1416//1416 1420//1420
f 1477//1477 1476//1476 1416//1416
f 1478//1478 1236//1236 1235//1235
f 1479//1479 1236//1236 1478//1478
f 1479//1479 1474//1474 1236//1236
f 1480//1480 1425//1425 1422//1422
f 1480//1480 1422//1422 1474//1474
f 1480//1480 1479//1479 1425//1425
f 1480//1480 1474//1474 1479//1479
f 1481//1481 231//231 1476//1476
f 1481//1481 1477//1477 1420//1420
f 1481//1481 1476//1476 1477//1477
f 1482//1482 1479//1479 1478//1478
f 1482//1482 1478//1478 1235//1235
f 1483//1483 1482//1482 1235//1235
f 1484//1484 1235//1235 1233//1233
f 1484//1484 1483//1483 1235//1235
f 1485//1485 1429//1429 1425//1425
f 1485//1485 1425//1425 1479//1479
f 1485//1485 1479//1479 1482//1482
f 1485//1485 1482//1482 1483//1483
f 1486//1486 232//232 231//231
f 1486//1486 231//231 1481//1481
f 1487//1487 1481//1481 1420//1420
f 1487//1487 232//232 1486//1486
f 1487//1487 1486//1486 1481//1481
f 1488//1488 1487//1487 1420//1420
f 1488//1488 1420//1420 1426//1426
f 1489//1489 1483//1483 1484//1484
f 1489//1489 1429//1429 1485//1485
f 1489//1489 1485//1485 1483//1483
f 1489//1489 1484//1484 1233//1233
f 1490//1490 232//232 1487//1487
f 1490//1490 1488//1488 1426//1426
f 1490//1490 1487//1487 1488//1488
f 1491//1491 1489//1489 1233//1233
f 1491//1491 1431//1431 1436//1436
f 1491//1491 1233//1233 1431//1431
f 1492//1492 232//232 1490//1490
f 1492//1492 238//238 232//232
f 1493//1493 1490//1490 1426//1426
f 1493//1493 1492//1492 1490//1490
f 1493//1493 238//238 1492//1492
f 1494//1494 1493//1493 1426//1426
f 1494//1494 1426//1426 1430//1430
f 1495//1495 238//238 1493//1493
f 1495//1495 1493//1493 1494//1494
f 1495//1495 1494//1494 1430//1430
f 1496//1496 1430//1430 1428//1428
f 1496//1496 1428//1428 1433//1433
f 1497//1497 238//238 1495//1495
f 1497//1497 236//236 238//238
f 1498//1498 1495//1495 1430//1430
f 1498//1498 1497//1497 1495//1495
f 1498//1498 236//236 1497//1497
f 1499//1499 1498//1498 1430//1430
f 1499//1499 1430//1430 1496//1496
f 1500//1500 1496//1496 1433//1433
f 1500//1500 1444//1444 1499//1499
f 1500//1500 1499//1499 1496//1496
f 1500//1500 1433//1433 1441//1441
f 1500//1500 1441//1441 1444//1444
f 1501//1501 241//241 236//236
f 1501//1501 1498//1498 1499//1499
f 1501//1501 236//236 1498//1498
f 1501//1501 1499//1499 1444//1444
f 1501//1501 1445//1445 241//241
f 1501//1501 1444//1444 1445//1445
f 1502//1502 1429//1429 1489//1489
f 1502//1502 1489//1489 1491//1491
f 1502//1502 1433//1433 1429//1429
f 1502//1502 1441//1441 1433//1433
f 1503//1503 1441//1441 1502//1502
f 1503//1503 1502//1502 1491//1491
f 1504//1504 1491//1491 1436//1436
f 1504//1504 1503//1503 1491//1491
f 1504//1504 1441//1441 1503//1503
f 1504//1504 1436//1436 1437//1437
f 1504//1504 1438//1438 1441//1441
f 1504//1504 1437//1437 1438//1438
f 1505//1505 1506//1506 1262//1262
f 1505//1505 1262//1262 1261//1261
f 1507//1507 1508//1508 1506//1506
f 1507//1507 1509//1509 1508//1508
f 1507//1507 1506//1506 1505//1505
f 1510//1510 1507//1507 1505//1505
f 1511//1511 1505//1505 1261//1261
f 1512//1512 1505//1505 1511//1511
f 1512//1512 1510//1510 1505//1505
f 1513//1513 1514//1514 1509//1509
f 1513//1513 1515//1515 1514//1514
f 1516//1516 1507//1507 1510//1510
f 1516//1516 1513//1513 1509//1509
f 1516//1516 1509//1509 1507//1507
f 1517//1517 1518//1518 1515//1515
f 1517//1517 1515//1515 1513//1513
f 1519//1519 1517//1517 1513//1513
f 1519//1519 1513//1513 1516//1516
f 1520//1520 1517//1517 1519//1519
f 1521//1521 240//240 246//246
f 1521//1521 246//246 1518//1518
f 1521//1521 1518//1518 1517//1517
f 1521//1521 1517//1517 1520//1520
f 1522//1522 1523//1523 1524//1524
f 1525//1525 1519//1519 1516//1516
f 1525//1525 1516//1516 1526//1526
f 1525//1525 1523//1523 1522//1522
f 1525//1525 1526//1526 1523//1523
f 1527//1527 1524//1524 1528//1528
f 1527//1527 1522//1522 1524//1524
f 1529//1529 1522//1522 1527//1527
f 1529//1529 1525//1525 1522//1522
f 1530//1530 1527//1527 1528//1528
f 1531//1531 1528//1528 1532//1532
f 1531//1531 1530//1530 1528//1528
f 1533//1533 1529//1529 1527//1527
f 1533//1533 1527//1527 1530//1530
f 1533//1533 1530//1530 1531//1531
f 1534//1534 1531//1531 1532//1532
f 1534//1534 1533//1533 1531//1531
f 1535//1535 1534//1534 1532//1532
f 1536//1536 1534//1534 1535//1535
f 1537//1537 1536//1536 1535//1535
f 1537//1537 1535//1535 1538//1538
f 1539//1539 1534//1534 1536//1536
f 1539//1539 1536//1536 1537//1537
f 1539//1539 1533//1533 1534//1534
f 1540//1540 1537//1537 1538//1538
f 1541//1541 1540//1540 1538//1538
f 1541//1541 1538//1538 1542//1542
f 1543//1543 1539//1539 1537//1537
f 1543//1543 1537//1537 1540//1540
f 1543//1543 1540//1540 1541//1541
f 1544//1544 1253//1253 1397//1397
f 1544//1544 1254//1254 1253//1253
f 1545//1545 1541//1541 1542//1542
f 1546//1546 1397//1397 1396//1396
f 1546//1546 1544//1544 1397//1397
f 1546//1546 1547//1547 1548//1548
f 1546//1546 1548//1548 1544//1544
f 1549//1549 1396//1396 1395//1395
f 1549//1549 1395//1395 1394//1394
f 1549//1549 1546//1546 1396//1396
f 1549//1549 1394//1394 1550//1550
f 1549//1549 1547//1547 1546//1546
f 1551//1551 1392//1392 245//245
f 1551//1551 245//245 239//239
f 1551//1551 1552//1552 1550//1550
f 1551//1551 239//239 1553//1553
f 1551//1551 1553//1553 1552//1552
f 1554//1554 1394//1394 1393//1393
f 1554//1554 1393//1393 1392//1392
f 1554//1554 1550//1550 1394//1394
f 1554//1554 1551//1551 1550//1550
f 1554//1554 1392//1392 1551//1551
f 1555//1555 1512//1512 1511//1511
f 1556//1556 1261//1261 1260//1260
f 1556//1556 1511//1511 1261//1261
f 1556//1556 1555//1555 1511//1511
f 1557//1557 1555//1555 1556//1556
f 1558//1558 1557//1557 1524//1524
f 1558//1558 1555//1555 1557//1557
f 1559//1559 1555//1555 1558//1558
f 1559//1559 1512//1512 1555//1555
f 1560//1560 1512//1512 1559//1559
f 1560//1560 1516//1516 1510//1510
f 1560//1560 1510//1510 1512//1512
f 1560//1560 1526//1526 1516//1516
f 1561//1561 1524//1524 1557//1557
f 1561//1561 1556//1556 1260//1260
f 1561//1561 1557//1557 1556//1556
f 1562//1562 1561//1561 1260//1260
f 1562//1562 1260//1260 1259//1259
f 1563//1563 1524//1524 1523//1523
f 1563//1563 1560//1560 1559//1559
f 1563//1563 1526//1526 1560//1560
f 1563//1563 1559//1559 1558//1558
f 1563//1563 1558//1558 1524//1524
f 1563//1563 1523//1523 1526//1526
f 1564//1564 1561//1561 1562//1562
f 1564//1564 1524//1524 1561//1561
f 1564//1564 1562//1562 1259//1259
f 1565//1565 1524//1524 1564//1564
f 1565//1565 1528//1528 1524//1524
f 1566//1566 1528//1528 1565//1565
f 1566//1566 1564//1564 1259//1259
f 1566//1566 1565//1565 1564//1564
f 1567//1567 1566//1566 1259//1259
f 1567//1567 1259//1259 1258//1258
f 1568//1568 1567//1567 1258//1258
f 1568//1568 1566//1566 1567//1567
f 1568//1568 1528//1528 1566//1566
f 1569//1569 1532//1532 1528//1528
f 1569//1569 1528//1528 1568//1568
f 1570//1570 1568//1568 1258//1258
f 1570//1570 1532//1532 1569//1569
f 1570//1570 1569//1569 1568//1568
f 1571//1571 1258//1258 1257//1257
f 1571//1571 1570//1570 1258//1258
f 1572//1572 1520//1520 1519//1519
f 1572//1572 1519//1519 1525//1525
f 1572//1572 240//240 1521//1521
f 1572//1572 1521//1521 1520//1520
f 1573//1573 1532//1532 1570//1570
f 1573//1573 1571//1571 1257//1257
f 1573//1573 1570//1570 1571//1571
f 1574//1574 1572//1572 1525//1525
f 1575//1575 1574//1574 1525//1525
f 1575//1575 1525//1525 1529//1529
f 1576//1576 234//234 240//240
f 1576//1576 1574//1574 234//234
f 1576//1576 240//240 1572//1572
f 1576//1576 1572//1572 1574//1574
f 1577//1577 1257//1257 1256//1256
f 1578//1578 1532//1532 1573//1573
f 1578//1578 1535//1535 1532//1532
f 1579//1579 1257//1257 1577//1577
f 1579//1579 1573//1573 1257//1257
f 1579//1579 1578//1578 1573//1573
f 1579//1579 1535//1535 1578//1578
f 1580//1580 234//234 1574//1574
f 1580//1580 1575//1575 1529//1529
f 1580//1580 1574//1574 1575//1575
f 1581//1581 1577//1577 1256//1256
f 1581//1581 1579//1579 1577//1577
f 1581//1581 1535//1535 1579//1579
f 1582//1582 235//235 234//234
f 1582//1582 234//234 1580//1580
f 1583//1583 1580//1580 1529//1529
f 1583//1583 235//235 1582//1582
f 1583//1583 1582//1582 1580//1580
f 1584//1584 1529//1529 1533//1533
f 1584//1584 1583//1583 1529//1529
f 1585//1585 1256//1256 1255//1255
f 1586//1586 1256//1256 1585//1585
f 1586//1586 1581//1581 1256//1256
f 1587//1587 1538//1538 1535//1535
f 1587//1587 1535//1535 1581//1581
f 1587//1587 1586//1586 1538//1538
f 1587//1587 1581//1581 1586//1586
f 1588//1588 235//235 1583//1583
f 1588//1588 1584//1584 1533//1533
f 1588//1588 1583//1583 1584//1584
f 1589//1589 1586//1586 1585//1585
f 1589//1589 1585//1585 1255//1255
f 1590//1590 1589//1589 1255//1255
f 1591//1591 1255//1255 1254//1254
f 1591//1591 1590//1590 1255//1255
f 1592//1592 1542//1542 1538//1538
f 1592//1592 1538//1538 1586//1586
f 1592//1592 1586//1586 1589//1589
f 1592//1592 1589//1589 1590//1590
f 1593//1593 229//229 235//235
f 1593//1593 235//235 1588//1588
f 1594//1594 1593//1593 1588//1588
f 1594//1594 229//229 1593//1593
f 1594//1594 1588//1588 1533//1533
f 1595//1595 1594//1594 1533//1533
f 1595//1595 1533//1533 1539//1539
f 1596//1596 1592//1592 1590//1590
f 1596//1596 1542//1542 1592//1592
f 1596//1596 1591//1591 1254//1254
f 1596//1596 1590//1590 1591//1591
f 1597//1597 1594//1594 1595//1595
f 1597//1597 229//229 1594//1594
f 1597//1597 1595//1595 1539//1539
f 1598//1598 1254//1254 1544//1544
f 1598//1598 1544//1544 1548//1548
f 1598//1598 1596//1596 1254//1254
f 1599//1599 230//230 229//229
f 1599//1599 229//229 1597//1597
f 1600//1600 1597//1597 1539//1539
f 1600//1600 230//230 1599//1599
f 1600//1600 1599//1599 1597//1597
f 1601//1601 1600//1600 1539//1539
f 1601//1601 1539//1539 1543//1543
f 1602//1602 230//230 1600//1600
f 1602//1602 1600//1600 1601//1601
f 1602//1602 1601//1601 1543//1543
f 1603//1603 1543//1543 1541//1541
f 1603//1603 1541//1541 1545//1545
f 1604//1604 228//228 230//230
f 1604//1604 230//230 1602//1602
f 1605//1605 1602//1602 1543//1543
f 1605//1605 1604//1604 1602//1602
f 1605//1605 228//228 1604//1604
f 1606//1606 1605//1605 1543//1543
f 1606//1606 1543//1543 1603//1603
f 1607//1607 1603//1603 1545//1545
f 1607//1607 1552//1552 1606//1606
f 1607//1607 1545//1545 1550//1550
f 1607//1607 1606//1606 1603//1603
f 1607//1607 1550//1550 1552//1552
f 1608//1608 239//239 228//228
f 1608//1608 1605//1605 1606//1606
f 1608//1608 1606//1606 1552//1552
f 1608//1608 228//228 1605//1605
f 1608//1608 1553//1553 239//239
f 1608//1608 1552//1552 1553//1553
f 1609//1609 1596//1596 1598//1598
f 1609//1609 1542//1542 1596//1596
f 1609//1609 1545//1545 1542//1542
f 1609//1609 1550//1550 1545//1545
f 1610//1610 1550//1550 1609//1609
f 1610//1610 1609//1609 1598//1598
f 1611//1611 1598//1598 1548//1548
f 1611//1611 1610//1610 1598//1598
f 1611//1611 1550//1550 1610//1610
f 1611//1611 1548//1548 1547//1547
f 1611//1611 1549//1549 1550//1550
f 1611//1611 1547//1547 1549//1549
f 1612//1612 242//242 1443//1443
f 1612//1612 262//262 242//242
f 1613//1613 1443//1443 1447//1447
f 1613//1613 1612//1612 1443//1443
f 1614//1614 1447//1447 1440//1440
f 1614//1614 1613//1613 1447//1447
f 1615//1615 1440//1440 1439//1439
f 1615//1615 1439//1439 1435//1435
f 1615//1615 1614//1614 1440//1440
f 1616//1616 1615//1615 1435//1435
f 1617//1617 1435//1435 1432//1432
f 1617//1617 1616//1616 1435//1435
f 1272//1272 1432//1432 1234//1234
f 1272//1272 1617//1617 1432//1432
f 1518//1518 246//246 254//254
f 1518//1518 254//254 1618//1618
f 1515//1515 1618//1618 1619//1619
f 1515//1515 1518//1518 1618//1618
f 1514//1514 1619//1619 1620//1620
f 1514//1514 1515//1515 1619//1619
f 1509//1509 1621//1621 1622//1622
f 1509//1509 1620//1620 1621//1621
f 1509//1509 1514//1514 1620//1620
f 1508//1508 1509//1509 1622//1622
f 1506//1506 1622//1622 1623//1623
f 1506//1506 1508//1508 1622//1622
f 1262//1262 1623//1623 1263//1263
f 1262//1262 1506//1506 1623//1623
f 1624//1624 1617//1617 1272//1272
f 1624//1624 1272//1272 1271//1271
f 1625//1625 1615//1615 1616//1616
f 1625//1625 1616//1616 1617//1617
f 1625//1625 1617//1617 1624//1624
f 1626//1626 1625//1625 1624//1624
f 1627//1627 1624//1624 1271//1271
f 1628//1628 1626//1626 1624//1624
f 1628//1628 1624//1624 1627//1627
f 1629//1629 1613//1613 1614//1614
f 1629//1629 1614//1614 1615//1615
f 1630//1630 1615//1615 1625//1625
f 1630//1630 1625//1625 1626//1626
f 1630//1630 1629//1629 1615//1615
f 1631//1631 1612//1612 1613//1613
f 1631//1631 1613//1613 1629//1629
f 1632//1632 1631//1631 1629//1629
f 1632//1632 1629//1629 1630//1630
f 1633//1633 1631//1631 1632//1632
f 1634//1634 262//262 1612//1612
f 1634//1634 265//265 262//262
f 1634//1634 1631//1631 1633//1633
f 1634//1634 1612//1612 1631//1631
f 1635//1635 1636//1636 1637//1637
f 1638//1638 1632//1632 1630//1630
f 1638//1638 1630//1630 1639//1639
f 1638//1638 1636//1636 1635//1635
f 1638//1638 1639//1639 1636//1636
f 1640//1640 1637//1637 1641//1641
f 1640//1640 1635//1635 1637//1637
f 1642//1642 1635//1635 1640//1640
f 1642//1642 1638//1638 1635//1635
f 1643//1643 1640//1640 1641//1641
f 1644//1644 1643//1643 1641//1641
f 1644//1644 1641//1641 1645//1645
f 1646//1646 1642//1642 1640//1640
f 1646//1646 1640//1640 1643//1643
f 1646//1646 1643//1643 1644//1644
f 1647//1647 1644//1644 1645//1645
f 1647//1647 1646//1646 1644//1644
f 1648//1648 1647//1647 1645//1645
f 1649//1649 1647//1647 1648//1648
f 1650//1650 1649//1649 1648//1648
f 1650//1650 1648//1648 1651//1651
f 1652//1652 1649//1649 1650//1650
f 1652//1652 1647//1647 1649//1649
f 1652//1652 1646//1646 1647//1647
f 1653//1653 1650//1650 1651//1651
f 1654//1654 1651//1651 1655//1655
f 1654//1654 1653//1653 1651//1651
f 1656//1656 1652//1652 1650//1650
f 1656//1656 1650//1650 1653//1653
f 1656//1656 1653//1653 1654//1654
f 1657//1657 1264//1264 1263//1263
f 1657//1657 1263//1263 1623//1623
f 1658//1658 1654//1654 1655//1655
f 1659//1659 1623//1623 1622//1622
f 1659//1659 1660//1660 1657//1657
f 1659//1659 1661//1661 1660//1660
f 1659//1659 1657//1657 1623//1623
f 1662//1662 1622//1622 1621//1621
f 1662//1662 1621//1621 1620//1620
f 1662//1662 1659//1659 1622//1622
f 1662//1662 1620//1620 1663//1663
f 1662//1662 1661//1661 1659//1659
f 1664//1664 1618//1618 254//254
f 1664//1664 254//254 264//264
f 1664//1664 1665//1665 1663//1663
f 1664//1664 264//264 1666//1666
f 1664//1664 1666//1666 1665//1665
f 1667//1667 1620//1620 1619//1619
f 1667//1667 1619//1619 1618//1618
f 1667//1667 1663//1663 1620//1620
f 1667//1667 1664//1664 1663//1663
f 1667//1667 1618//1618 1664//1664
f 1668//1668 1628//1628 1627//1627
f 1669//1669 1271//1271 1270//1270
f 1669//1669 1627//1627 1271//1271
f 1669//1669 1668//1668 1627//1627
f 1670//1670 1668//1668 1669//1669
f 1671//1671 1670//1670 1637//1637
f 1671//1671 1668//1668 1670//1670
f 1672//1672 1668//1668 1671//1671
f 1672//1672 1628//1628 1668//1668
f 1673//1673 1628//1628 1672//1672
f 1673//1673 1639//1639 1630//1630
f 1673//1673 1626//1626 1628//1628
f 1673//1673 1630//1630 1626//1626
f 1674//1674 1669//1669 1270//1270
f 1674//1674 1637//1637 1670//1670
f 1674//1674 1670//1670 1669//1669
f 1675//1675 1674//1674 1270//1270
f 1675//1675 1270//1270 1269//1269
f 1676//1676 1637//1637 1636//1636
f 1676//1676 1673//1673 1672//1672
f 1676//1676 1672//1672 1671//1671
f 1676//1676 1639//1639 1673//1673
f 1676//1676 1636//1636 1639//1639
f 1676//1676 1671//1671 1637//1637
f 1677//1677 1674//1674 1675//1675
f 1677//1677 1637//1637 1674//1674
f 1677//1677 1675//1675 1269//1269
f 1678//1678 1641//1641 1637//1637
f 1678//1678 1637//1637 1677//1677
f 1679//1679 1641//1641 1678//1678
f 1679//1679 1677//1677 1269//1269
f 1679//1679 1678//1678 1677//1677
f 1680//1680 1269//1269 1268//1268
f 1680//1680 1679//1679 1269//1269
f 1681//1681 1680//1680 1268//1268
f 1681//1681 1679//1679 1680//1680
f 1681//1681 1641//1641 1679//1679
f 1682//1682 1641//1641 1681//1681
f 1682//1682 1645//1645 1641//1641
f 1683//1683 1645//1645 1682//1682
f 1683//1683 1682//1682 1681//1681
f 1683//1683 1681//1681 1268//1268
f 1684//1684 1268//1268 1267//1267
f 1684//1684 1683//1683 1268//1268
f 1685//1685 265//265 1634//1634
f 1685//1685 1633//1633 1632//1632
f 1685//1685 1632//1632 1638//1638
f 1685//1685 1634//1634 1633//1633
f 1686//1686 1684//1684 1267//1267
f 1686//1686 1645//1645 1683//1683
f 1686//1686 1683//1683 1684//1684
f 1687//1687 1685//1685 1638//1638
f 1688//1688 1638//1638 1642//1642
f 1688//1688 1687//1687 1638//1638
f 1689//1689 267//267 265//265
f 1689//1689 1687//1687 267//267
f 1689//1689 1685//1685 1687//1687
f 1689//1689 265//265 1685//1685
f 1690//1690 1267//1267 1266//1266
f 1691//1691 1648//1648 1645//1645
f 1691//1691 1645//1645 1686//1686
f 1692//1692 1267//1267 1690//1690
f 1692//1692 1686//1686 1267//1267
f 1692//1692 1648//1648 1691//1691
f 1692//1692 1691//1691 1686//1686
f 1693//1693 267//267 1687//1687
f 1693//1693 1688//1688 1642//1642
f 1693//1693 1687//1687 1688//1688
f 1694//1694 1692//1692 1690//1690
f 1694//1694 1648//1648 1692//1692
f 1694//1694 1690//1690 1266//1266
f 1695//1695 268//268 267//267
f 1695//1695 267//267 1693//1693
f 1696//1696 268//268 1695//1695
f 1696//1696 1693//1693 1642//1642
f 1696//1696 1695//1695 1693//1693
f 1697//1697 1642//1642 1646//1646
f 1697//1697 1696//1696 1642//1642
f 1698//1698 1266//1266 1265//1265
f 1699//1699 1266//1266 1698//1698
f 1699//1699 1694//1694 1266//1266
f 1700//1700 1651//1651 1648//1648
f 1700//1700 1648//1648 1694//1694
f 1700//1700 1699//1699 1651//1651
f 1700//1700 1694//1694 1699//1699
f 1701//1701 268//268 1696//1696
f 1701//1701 1697//1697 1646//1646
f 1701//1701 1696//1696 1697//1697
f 1702//1702 1699//1699 1698//1698
f 1702//1702 1698//1698 1265//1265
f 1703//1703 1702//1702 1265//1265
f 1704//1704 1265//1265 1264//1264
f 1704//1704 1703//1703 1265//1265
f 1705//1705 1655//1655 1651//1651
f 1705//1705 1651//1651 1699//1699
f 1705//1705 1699//1699 1702//1702
f 1705//1705 1702//1702 1703//1703
f 1706//1706 269//269 268//268
f 1706//1706 268//268 1701//1701
f 1707//1707 1701//1701 1646//1646
f 1707//1707 269//269 1706//1706
f 1707//1707 1706//1706 1701//1701
f 1708//1708 1707//1707 1646//1646
f 1708//1708 1646//1646 1652//1652
f 1709//1709 1703//1703 1704//1704
f 1709//1709 1655//1655 1705//1705
f 1709//1709 1705//1705 1703//1703
f 1709//1709 1704//1704 1264//1264
f 1710//1710 269//269 1707//1707
f 1710//1710 1708//1708 1652//1652
f 1710//1710 1707//1707 1708//1708
f 1711//1711 1264//1264 1657//1657
f 1711//1711 1657//1657 1660//1660
f 1711//1711 1709//1709 1264//1264
f 1712//1712 269//269 1710//1710
f 1712//1712 270//270 269//269
f 1713//1713 1710//1710 1652//1652
f 1713//1713 1712//1712 1710//1710
f 1713//1713 270//270 1712//1712
f 1714//1714 1713//1713 1652//1652
f 1714//1714 1652//1652 1656//1656
f 1715//1715 270//270 1713//1713
f 1715//1715 1713//1713 1714//1714
f 1715//1715 1714//1714 1656//1656
f 1716//1716 1656//1656 1654//1654
f 1716//1716 1654//1654 1658//1658
f 1717//1717 270//270 1715//1715
f 1717//1717 266//266 270//270
f 1718//1718 1715//1715 1656//1656
f 1718//1718 1717//1717 1715//1715
f 1718//1718 266//266 1717//1717
f 1719//1719 1718//1718 1656//1656
f 1719//1719 1656//1656 1716//1716
f 1720//1720 1716//1716 1658//1658
f 1720//1720 1665//1665 1719//1719
f 1720//1720 1719//1719 1716//1716
f 1720//1720 1658//1658 1663//1663
f 1720//1720 1663//1663 1665//1665
f 1721//1721 264//264 266//266
f 1721//1721 1718//1718 1719//1719
f 1721//1721 266//266 1718//1718
f 1721//1721 1719//1719 1665//1665
f 1721//1721 1666//1666 264//264
f 1721//1721 1665//1665 1666//1666
f 1722//1722 1655//1655 1709//1709
f 1722//1722 1658//1658 1655//1655
f 1722//1722 1709//1709 1711//1711
f 1722//1722 1663//1663 1658//1658
f 1723//1723 1663//1663 1722//1722
f 1723//1723 1722//1722 1711//1711
f 1724//1724 1711//1711 1660//1660
f 1724//1724 1723//1723 1711//1711
f 1724//1724 1663//1663 1723//1723
f 1724//1724 1660//1660 1661//1661
f 1724//1724 1662//1662 1663//1663
f 1724//1724 1661//1661 1662//1662
f 1725//1725 1016//1016 1018//1018
f 1726//1726 1016//1016 1725//1725
f 1726//1726 1014//1014 1016//1016
f 1727//1727 1725//1725 1018//1018
f 1728//1728 1014//1014 1726//1726
f 1729//1729 1018//1018 1020//1020
f 1729//1729 1727//1727 1018//1018
f 1730//1730 1012//1012 1014//1014
f 1730//1730 1014//1014 1728//1728
f 1731//1731 1729//1729 1020//1020
f 1731//1731 1020//1020 1022//1022
f 1732//1732 1007//1007 1009//1009
f 1732//1732 1009//1009 1012//1012
f 1732//1732 1012//1012 1730//1730
f 1023//1023 1731//1731 1022//1022
f 1733//1733 1023//1023 1025//1025
f 1733//1733 1731//1731 1023//1023
f 1734//1734 1025//1025 1028//1028
f 1734//1734 1733//1733 1025//1025
f 1735//1735 1028//1028 1030//1030
f 1735//1735 1734//1734 1028//1028
f 1736//1736 1735//1735 1030//1030
f 1737//1737 1736//1736 1030//1030
f 1032//1032 1737//1737 1030//1030
f 1032//1032 1738//1738 1737//1737
f 1034//1034 1738//1738 1032//1032
f 1034//1034 1739//1739 1738//1738
f 1034//1034 1740//1740 1739//1739
f 1036//1036 1740//1740 1034//1034
f 1038//1038 1740//1740 1036//1036
f 1741//1741 1007//1007 1732//1732
f 1742//1742 1743//1743 1744//1744
f 1745//1745 1742//1742 1746//1746
f 1745//1745 1747//1747 1743//1743
f 1745//1745 1743//1743 1742//1742
f 1748//1748 1745//1745 1749//1749
f 1748//1748 1747//1747 1745//1745
f 1750//1750 1747//1747 1748//1748
f 1751//1751 1752//1752 1753//1753
f 1751//1751 1754//1754 1752//1752
f 1751//1751 1755//1755 1754//1754
f 1751//1751 1756//1756 1755//1755
f 1757//1757 1756//1756 1751//1751
f 1757//1757 1758//1758 1756//1756
f 1759//1759 1758//1758 1757//1757
f 1759//1759 1760//1760 1758//1758
f 1761//1761 1750//1750 1762//1762
f 1763//1763 1750//1750 1761//1761
f 1764//1764 1760//1760 1759//1759
f 1764//1764 1741//1741 1760//1760
f 1765//1765 1751//1751 1753//1753
f 1765//1765 1753//1753 1747//1747
f 1765//1765 1750//1750 1763//1763
f 1765//1765 1747//1747 1750//1750
f 1766//1766 1741//1741 1764//1764
f 1766//1766 1007//1007 1741//1741
f 1767//1767 1065//1065 1073//1073
f 1767//1767 1073//1073 1071//1071
f 1767//1767 1071//1071 1068//1068
f 1767//1767 1068//1068 1070//1070
f 1767//1767 1070//1070 1766//1766
f 1768//1768 1065//1065 1767//1767
f 1769//1769 1065//1065 1768//1768
f 1770//1770 1065//1065 1769//1769
f 1771//1771 1065//1065 1770//1770
f 1060//1060 1065//1065 1771//1771
f 1060//1060 1771//1771 1772//1772
f 1060//1060 1773//1773 1774//1774
f 1060//1060 1775//1775 1773//1773
f 1060//1060 1772//1772 1775//1775
f 1058//1058 1060//1060 1774//1774
f 1061//1061 1774//1774 1776//1776
f 1061//1061 1058//1058 1774//1774
f 1064//1064 1061//1061 1776//1776
f 1056//1056 1064//1064 1776//1776
f 1054//1054 1776//1776 1777//1777
f 1054//1054 1056//1056 1776//1776
f 1041//1041 1778//1778 1040//1040
f 1052//1052 1777//1777 1779//1779
f 1052//1052 1054//1054 1777//1777
f 1044//1044 1778//1778 1041//1041
f 1044//1044 1780//1780 1778//1778
f 1044//1044 1781//1781 1780//1780
f 1050//1050 1779//1779 1782//1782
f 1050//1050 1052//1052 1779//1779
f 1046//1046 1783//1783 1781//1781
f 1046//1046 1781//1781 1044//1044
f 1048//1048 1784//1784 1783//1783
f 1048//1048 1782//1782 1784//1784
f 1048//1048 1050//1050 1782//1782
f 1048//1048 1783//1783 1046//1046
f 1070//1070 1007//1007 1766//1766
f 1778//1778 1740//1740 1038//1038
f 1778//1778 1038//1038 1040//1040
f 1771//1771 1770//1770 1785//1785
f 1785//1785 1770//1770 1786//1786
f 1786//1786 1769//1769 1787//1787
f 1770//1770 1769//1769 1786//1786
f 1787//1787 1768//1768 1788//1788
f 1769//1769 1768//1768 1787//1787
f 1788//1788 1767//1767 1789//1789
f 1768//1768 1767//1767 1788//1788
f 1772//1772 1771//1771 1790//1790
f 1790//1790 1771//1771 1785//1785
f 1776//1776 1774//1774 1791//1791
f 1791//1791 1774//1774 1792//1792
f 1792//1792 1773//1773 1793//1793
f 1793//1793 1773//1773 1794//1794
f 1774//1774 1773//1773 1792//1792
f 1773//1773 1775//1775 1794//1794
f 1794//1794 1772//1772 1790//1790
f 1775//1775 1772//1772 1794//1794
f 1777//1777 1776//1776 1795//1795
f 1795//1795 1776//1776 1791//1791
f 1778//1778 1780//1780 1796//1796
f 1796//1796 1780//1780 1797//1797
f 1797//1797 1781//1781 1798//1798
f 1780//1780 1781//1781 1797//1797
f 1798//1798 1783//1783 1799//1799
f 1799//1799 1783//1783 1800//1800
f 1781//1781 1783//1783 1798//1798
f 1783//1783 1784//1784 1800//1800
f 1800//1800 1782//1782 1801//1801
f 1784//1784 1782//1782 1800//1800
f 1801//1801 1779//1779 1802//1802
f 1782//1782 1779//1779 1801//1801
f 1802//1802 1777//1777 1795//1795
f 1779//1779 1777//1777 1802//1802
f 1740//1740 1778//1778 1803//1803
f 1803//1803 1778//1778 1796//1796
f 1733//1733 1734//1734 1804//1804
f 1804//1804 1734//1734 1805//1805
f 1805//1805 1735//1735 1806//1806
f 1734//1734 1735//1735 1805//1805
f 1806//1806 1736//1736 1807//1807
f 1807//1807 1736//1736 1808//1808
f 1735//1735 1736//1736 1806//1806
f 1736//1736 1737//1737 1808//1808
f 1808//1808 1738//1738 1809//1809
f 1737//1737 1738//1738 1808//1808
f 1809//1809 1739//1739 1810//1810
f 1738//1738 1739//1739 1809//1809
f 1810//1810 1740//1740 1803//1803
f 1739//1739 1740//1740 1810//1810
f 1731//1731 1733//1733 1811//1811
f 1811//1811 1733//1733 1804//1804
f 1732//1732 1730//1730 1812//1812
f 1812//1812 1730//1730 1813//1813
f 1813//1813 1728//1728 1814//1814
f 1730//1730 1728//1728 1813//1813
f 1814//1814 1726//1726 1815//1815
f 1815//1815 1726//1726 1816//1816
f 1728//1728 1726//1726 1814//1814
f 1726//1726 1725//1725 1816//1816
f 1816//1816 1727//1727 1817//1817
f 1725//1725 1727//1727 1816//1816
f 1817//1817 1729//1729 1818//1818
f 1727//1727 1729//1729 1817//1817
f 1818//1818 1731//1731 1811//1811
f 1729//1729 1731//1731 1818//1818
f 1819//1819 1741//1741 1812//1812
f 1741//1741 1732//1732 1812//1812
f 1753//1753 1752//1752 1820//1820
f 1820//1820 1752//1752 1821//1821
f 1821//1821 1754//1754 1822//1822
f 1752//1752 1754//1754 1821//1821
f 1822//1822 1755//1755 1823//1823
f 1823//1823 1755//1755 1824//1824
f 1754//1754 1755//1755 1822//1822
f 1755//1755 1756//1756 1824//1824
f 1824//1824 1758//1758 1825//1825
f 1756//1756 1758//1758 1824//1824
f 1825//1825 1760//1760 1826//1826
f 1758//1758 1760//1760 1825//1825
f 1826//1826 1741//1741 1819//1819
f 1760//1760 1741//1741 1826//1826
f 1747//1747 1753//1753 1827//1827
f 1827//1827 1753//1753 1820//1820
f 1743//1743 1747//1747 1827//1827
f 1743//1743 1827//1827 1828//1828
f 1744//1744 1828//1828 1829//1829
f 1744//1744 1743//1743 1828//1828
f 1742//1742 1830//1830 1831//1831
f 1742//1742 1829//1829 1830//1830
f 1742//1742 1744//1744 1829//1829
f 1746//1746 1742//1742 1831//1831
f 1745//1745 1831//1831 1832//1832
f 1745//1745 1746//1746 1831//1831
f 1749//1749 1832//1832 1833//1833
f 1749//1749 1745//1745 1832//1832
f 1748//1748 1833//1833 1834//1834
f 1748//1748 1749//1749 1833//1833
f 1835//1835 1750//1750 1834//1834
f 1834//1834 1750//1750 1748//1748
f 1750//1750 1835//1835 1836//1836
f 1762//1762 1836//1836 1837//1837
f 1762//1762 1750//1750 1836//1836
f 1761//1761 1837//1837 1838//1838
f 1761//1761 1762//1762 1837//1837
f 1763//1763 1838//1838 1839//1839
f 1763//1763 1761//1761 1838//1838
f 1765//1765 1763//1763 1839//1839
f 1751//1751 1765//1765 1840//1840
f 1840//1840 1765//1765 1839//1839
f 1766//1766 1764//1764 1841//1841
f 1841//1841 1764//1764 1842//1842
f 1842//1842 1759//1759 1843//1843
f 1764//1764 1759//1759 1842//1842
f 1843//1843 1757//1757 1844//1844
f 1759//1759 1757//1757 1843//1843
f 1844//1844 1751//1751 1840//1840
f 1757//1757 1751//1751 1844//1844
f 1767//1767 1766//1766 1789//1789
f 1789//1789 1766//1766 1841//1841
f 1813//1813 1814//1814 1815//1815
f 1811//1811 1812//1812 1813//1813
f 1811//1811 1815//1815 1816//1816
f 1811//1811 1816//1816 1817//1817
f 1811//1811 1817//1817 1818//1818
f 1811//1811 1813//1813 1815//1815
f 1806//1806 1804//1804 1805//1805
f 1803//1803 1811//1811 1804//1804
f 1803//1803 1806//1806 1807//1807
f 1803//1803 1807//1807 1808//1808
f 1803//1803 1808//1808 1809//1809
f 1803//1803 1809//1809 1810//1810
f 1803//1803 1812//1812 1811//1811
f 1803//1803 1804//1804 1806//1806
f 1819//1819 1812//1812 1803//1803
f 1824//1824 1825//1825 1826//1826
f 1823//1823 1824//1824 1826//1826
f 1823//1823 1826//1826 1819//1819
f 1822//1822 1823//1823 1819//1819
f 1820//1820 1822//1822 1819//1819
f 1820//1820 1821//1821 1822//1822
f 1827//1827 1820//1820 1819//1819
f 1828//1828 1827//1827 1819//1819
f 1828//1828 1819//1819 1803//1803
f 1829//1829 1828//1828 1803//1803
f 1830//1830 1829//1829 1803//1803
f 1831//1831 1830//1830 1803//1803
f 1832//1832 1831//1831 1803//1803
f 1833//1833 1832//1832 1803//1803
f 1843//1843 1844//1844 1840//1840
f 1841//1841 1842//1842 1843//1843
f 1841//1841 1840//1840 1839//1839
f 1841//1841 1843//1843 1840//1840
f 1786//1786 1787//1787 1788//1788
f 1785//1785 1788//1788 1789//1789
f 1785//1785 1786//1786 1788//1788
f 1791//1791 1792//1792 1793//1793
f 1791//1791 1793//1793 1794//1794
f 1791//1791 1794//1794 1790//1790
f 1796//1796 1789//1789 1841//1841
f 1796//1796 1839//1839 1838//1838
f 1796//1796 1838//1838 1837//1837
f 1796//1796 1837//1837 1836//1836
f 1796//1796 1841//1841 1839//1839
f 1796//1796 1785//1785 1789//1789
f 1796//1796 1795//1795 1791//1791
f 1796//1796 1790//1790 1785//1785
f 1796//1796 1791//1791 1790//1790
f 1798//1798 1796//1796 1797//1797
f 1798//1798 1795//1795 1796//1796
f 1799//1799 1802//1802 1795//1795
f 1799//1799 1795//1795 1798//1798
f 1800//1800 1801//1801 1802//1802
f 1800//1800 1802//1802 1799//1799
f 1803//1803 1796//1796 1835//1835
f 1835//1835 1796//1796 1836//1836
f 1803//1803 1835//1835 1834//1834
f 1803//1803 1834//1834 1833//1833
f 1845//1845 1846//1846 353//353
f 1845//1845 353//353 350//350
f 1847//1847 350//350 346//346
f 1847//1847 1845//1845 350//350
f 1848//1848 346//346 342//342
f 1848//1848 1847//1847 346//346
f 1849//1849 342//342 338//338
f 1849//1849 1848//1848 342//342
f 1850//1850 338//338 335//335
f 1850//1850 1849//1849 338//338
f 1851//1851 335//335 340//340
f 1851//1851 1850//1850 335//335
f 1852//1852 340//340 344//344
f 1852//1852 1851//1851 340//340
f 1853//1853 344//344 348//348
f 1853//1853 1852//1852 344//344
f 1854//1854 348//348 354//354
f 1854//1854 1853//1853 348//348
f 353//353 1846//1846 1855//1855
f 353//353 1855//1855 355//355
f 1856//1856 1857//1857 391//391
f 1856//1856 391//391 389//389
f 1858//1858 389//389 386//386
f 1858//1858 1856//1856 389//389
f 1859//1859 386//386 381//381
f 1859//1859 1858//1858 386//386
f 1860//1860 381//381 378//378
f 1860//1860 1859//1859 381//381
f 1861//1861 378//378 373//373
f 1861//1861 1860//1860 378//378
f 1862//1862 373//373 369//369
f 1862//1862 1861//1861 373//373
f 1863//1863 369//369 365//365
f 1863//1863 1862//1862 369//369
f 1864//1864 365//365 361//361
f 1864//1864 1863//1863 365//365
f 1855//1855 361//361 355//355
f 1855//1855 1864//1864 361//361
f 1865//1865 391//391 1857//1857
f 1865//1865 395//395 391//391
f 399//399 1866//1866 398//398
f 1867//1867 1866//1866 399//399
f 403//403 1867//1867 399//399
f 1868//1868 1867//1867 403//403
f 407//407 1868//1868 403//403
f 1869//1869 1868//1868 407//407
f 411//411 1869//1869 407//407
f 1870//1870 1869//1869 411//411
f 413//413 1870//1870 411//411
f 1871//1871 1870//1870 413//413
f 409//409 1871//1871 413//413
f 1872//1872 1871//1871 409//409
f 405//405 1872//1872 409//409
f 1873//1873 1872//1872 405//405
f 401//401 1873//1873 405//405
f 1874//1874 1873//1873 401//401
f 395//395 1874//1874 401//401
f 1865//1865 1874//1874 395//395
f 1875//1875 398//398 1866//1866
f 1875//1875 394//394 398//398
f 1876//1876 1877//1877 357//357
f 1876//1876 357//357 360//360
f 1878//1878 360//360 364//364
f 1878//1878 1876//1876 360//360
f 1879//1879 364//364 368//368
f 1879//1879 1878//1878 364//364
f 1880//1880 368//368 372//372
f 1880//1880 1879//1879 368//368
f 375//375 1880//1880 372//372
f 1881//1881 1880//1880 375//375
f 1882//1882 375//375 380//380
f 1882//1882 1881//1881 375//375
f 1883//1883 380//380 384//384
f 1883//1883 1882//1882 380//380
f 1884//1884 384//384 388//388
f 1884//1884 1883//1883 384//384
f 394//394 1884//1884 388//388
f 1875//1875 1884//1884 394//394
f 357//357 1877//1877 1854//1854
f 357//357 1854//1854 354//354
f 1885//1885 1886//1886 1887//1887
f 1888//1888 1889//1889 1885//1885
f 1890//1890 1889//1889 1888//1888
f 1885//1885 1889//1889 1886//1886
f 1889//1889 1891//1891 1886//1886
f 1889//1889 1892//1892 1891//1891
f 1893//1893 1894//1894 1892//1892
f 1892//1892 1894//1894 1891//1891
f 1893//1893 1895//1895 1894//1894
f 1896//1896 1897//1897 1898//1898
f 1899//1899 1900//1900 1901//1901
f 1896//1896 1902//1902 1897//1897
f 1902//1902 1903//1903 1904//1904
f 1896//1896 1903//1903 1902//1902
f 1901//1901 1905//1905 1906//1906
f 1907//1907 1905//1905 1900//1900
f 1908//1908 1905//1905 1907//1907
f 1900//1900 1905//1905 1901//1901
f 1909//1909 1910//1910 1896//1896
f 1896//1896 1910//1910 1903//1903
f 1906//1906 1911//1911 1895//1895
f 1905//1905 1911//1911 1906//1906
f 1895//1895 1912//1912 1894//1894
f 1911//1911 1912//1912 1895//1895
f 1913//1913 1914//1914 1909//1909
f 1909//1909 1914//1914 1910//1910
f 1894//1894 1915//1915 1913//1913
f 1912//1912 1915//1915 1894//1894
f 1915//1915 1916//1916 1913//1913
f 1913//1913 1916//1916 1914//1914
f 1915//1915 1917//1917 1916//1916
f 1915//1915 1918//1918 1917//1917
f 1918//1918 1919//1919 1917//1917
f 1918//1918 1920//1920 1919//1919
f 1919//1919 1921//1921 1922//1922
f 1920//1920 1923//1923 1919//1919
f 1919//1919 1923//1923 1921//1921
f 1924//1924 1923//1923 1920//1920
f 1856//1856 1914//1914 1857//1857
f 1910//1910 1914//1914 1856//1856
f 1858//1858 1910//1910 1856//1856
f 1903//1903 1910//1910 1858//1858
f 1859//1859 1903//1903 1858//1858
f 1904//1904 1903//1903 1859//1859
f 1860//1860 1904//1904 1859//1859
f 1902//1902 1904//1904 1860//1860
f 1861//1861 1902//1902 1860//1860
f 1897//1897 1902//1902 1861//1861
f 1862//1862 1897//1897 1861//1861
f 1898//1898 1897//1897 1862//1862
f 1863//1863 1898//1898 1862//1862
f 1896//1896 1898//1898 1863//1863
f 1864//1864 1896//1896 1863//1863
f 1909//1909 1896//1896 1864//1864
f 1855//1855 1913//1913 1909//1909
f 1855//1855 1909//1909 1864//1864
f 1913//1913 1846//1846 1894//1894
f 1855//1855 1846//1846 1913//1913
f 1865//1865 1857//1857 1914//1914
f 1865//1865 1914//1914 1916//1916
f 1845//1845 1894//1894 1846//1846
f 1891//1891 1894//1894 1845//1845
f 1847//1847 1891//1891 1845//1845
f 1886//1886 1891//1891 1847//1847
f 1848//1848 1886//1886 1847//1847
f 1887//1887 1886//1886 1848//1848
f 1849//1849 1887//1887 1848//1848
f 1885//1885 1887//1887 1849//1849
f 1850//1850 1885//1885 1849//1849
f 1888//1888 1885//1885 1850//1850
f 1851//1851 1888//1888 1850//1850
f 1890//1890 1888//1888 1851//1851
f 1852//1852 1890//1890 1851//1851
f 1889//1889 1890//1890 1852//1852
f 1853//1853 1889//1889 1852//1852
f 1892//1892 1889//1889 1853//1853
f 1854//1854 1893//1893 1892//1892
f 1854//1854 1892//1892 1853//1853
f 1867//1867 1915//1915 1866//1866
f 1918//1918 1915//1915 1867//1867
f 1868//1868 1918//1918 1867//1867
f 1920//1920 1918//1918 1868//1868
f 1869//1869 1920//1920 1868//1868
f 1924//1924 1920//1920 1869//1869
f 1870//1870 1924//1924 1869//1869
f 1923//1923 1924//1924 1870//1870
f 1871//1871 1923//1923 1870//1870
f 1921//1921 1923//1923 1871//1871
f 1872//1872 1921//1921 1871//1871
f 1922//1922 1921//1921 1872//1872
f 1873//1873 1922//1922 1872//1872
f 1919//1919 1922//1922 1873//1873
f 1874//1874 1919//1919 1873//1873
f 1917//1917 1919//1919 1874//1874
f 1865//1865 1916//1916 1917//1917
f 1865//1865 1917//1917 1874//1874
f 1893//1893 1877//1877 1895//1895
f 1854//1854 1877//1877 1893//1893
f 1875//1875 1866//1866 1915//1915
f 1875//1875 1915//1915 1912//1912
f 1876//1876 1895//1895 1877//1877
f 1906//1906 1895//1895 1876//1876
f 1878//1878 1906//1906 1876//1876
f 1901//1901 1906//1906 1878//1878
f 1879//1879 1901//1901 1878//1878
f 1899//1899 1901//1901 1879//1879
f 1880//1880 1899//1899 1879//1879
f 1900//1900 1899//1899 1880//1880
f 1881//1881 1900//1900 1880//1880
f 1907//1907 1900//1900 1881//1881
f 1882//1882 1907//1907 1881//1881
f 1908//1908 1907//1907 1882//1882
f 1883//1883 1908//1908 1882//1882
f 1905//1905 1908//1908 1883//1883
f 1884//1884 1905//1905 1883//1883
f 1911//1911 1905//1905 1884//1884
f 1875//1875 1912//1912 1911//1911
f 1875//1875 1911//1911 1884//1884
f 55//55 247//247 56//56
f 56//56 247//247 1925//1925
f 1925//1925 249//249 1926//1926
f 247//247 249//249 1925//1925
f 1926//1926 251//251 1927//1927
f 1927//1927 251//251 1928//1928
f 249//249 251//251 1926//1926
f 251//251 253//253 1928//1928
f 1928//1928 263//263 1929//1929
f 1929//1929 263//263 1930//1930
f 253//253 263//263 1928//1928
f 1930//1930 255//255 1931//1931
f 263//263 255//255 1930//1930
f 255//255 256//256 1931//1931
f 1931//1931 257//257 1932//1932
f 256//256 257//257 1931//1931
f 1932//1932 258//258 1933//1933
f 257//257 258//258 1932//1932
f 1933//1933 259//259 1934//1934
f 1934//1934 259//259 1935//1935
f 258//258 259//259 1933//1933
f 259//259 260//260 1935//1935
f 1935//1935 261//261 1936//1936
f 260//260 261//261 1935//1935
f 1936//1936 29//29 31//31
f 261//261 29//29 1936//1936
f 48//48 44//44 46//46
f 1932//1932 1933//1933 1934//1934
f 1931//1931 1934//1934 1935//1935
f 1931//1931 1932//1932 1934//1934
f 56//56 48//48 50//50
f 56//56 50//50 51//51
f 56//56 51//51 54//54
f 1927//1927 56//56 1925//1925
f 1927//1927 1925//1925 1926//1926
f 1927//1927 1928//1928 1929//1929
f 1927//1927 1929//1929 1930//1930
f 1927//1927 1930//1930 1931//1931
f 1927//1927 1935//1935 1936//1936
f 1927//1927 1936//1936 31//31
f 1927//1927 31//31 32//32
f 1927//1927 32//32 33//33
f 1927//1927 33//33 36//36
f 1927//1927 36//36 38//38
f 1927//1927 38//38 40//40
f 1927//1927 40//40 42//42
f 1927//1927 42//42 44//44
f 1927//1927 48//48 56//56
f 1927//1927 44//44 48//48
f 1927//1927 1931//1931 1935//1935
f 27//27 221//221 28//28
f 28//28 221//221 1937//1937
f 1937//1937 222//222 1938//1938
f 221//221 222//222 1937//1937
f 1938//1938 223//223 1939//1939
f 1939//1939 223//223 1940//1940
f 222//222 223//223 1938//1938
f 223//223 224//224 1940//1940
f 1940//1940 225//225 1941//1941
f 1941//1941 225//225 1942//1942
f 224//224 225//225 1940//1940
f 1942//1942 226//226 1943//1943
f 225//225 226//226 1942//1942
f 226//226 227//227 1943//1943
f 1943//1943 243//243 1944//1944
f 227//227 243//243 1943//1943
f 1944//1944 244//244 1945//1945
f 243//243 244//244 1944//1944
f 1945//1945 252//252 1946//1946
f 1946//1946 252//252 1947//1947
f 244//244 252//252 1945//1945
f 252//252 250//250 1947//1947
f 1947//1947 248//248 1948//1948
f 250//250 248//248 1947//1947
f 1948//1948 1//1 3//3
f 248//248 1//1 1948//1948
f 20//20 16//16 18//18
f 1944//1944 1945//1945 1946//1946
f 1943//1943 1946//1946 1947//1947
f 1943//1943 1944//1944 1946//1946
f 28//28 20//20 22//22
f 28//28 22//22 23//23
f 28//28 23//23 26//26
f 1939//1939 28//28 1937//1937
f 1939//1939 1937//1937 1938//1938
f 1939//1939 1940//1940 1941//1941
f 1939//1939 1941//1941 1942//1942
f 1939//1939 1942//1942 1943//1943
f 1939//1939 1947//1947 1948//1948
f 1939//1939 1948//1948 3//3
f 1939//1939 3//3 4//4
f 1939//1939 4//4 5//5
f 1939//1939 5//5 8//8
f 1939//1939 8//8 10//10
f 1939//1939 10//10 12//12
f 1939//1939 12//12 14//14
f 1939//1939 14//14 16//16
f 1939//1939 20//20 28//28
f 1939//1939 16//16 20//20
f 1939//1939 1943//1943 1947//1947
